doc_id,year,member,pages,doc_kind,orientation,entry_style,density,legibility,notes,inv_year,inv_member,cluster
8217571,2020,Gus M. Bilirakis,1,ptr_form,rotated90,typed,sparse,high,"Formulaire officiel tourne 90, tape (FORD, REGIONS FINANCIAL CORP), 2 lignes.",2020,Gus M. Bilirakis,B_tape_tourne
8217762,2020,Gus M. Bilirakis,1,ptr_form,rotated90,typed,sparse,high,"Formulaire officiel tourne 90, tape (GENERAL ELECTRIC). Legere diagonale de scan mais lisible.",2020,Gus M. Bilirakis,B_tape_tourne
8217474,2020,Wm. Lacy Clay,1,ptr_form,rotated90,handwritten,sparse,medium,"Formulaire officiel tourne 90, manuscrit cursif (Landed/Lonard Phillips, Philip Morris Intl).",2020,Wm. Lacy Clay,C_manuscrit
8216957,2020,James Comer,1,ptr_form,rotated90,handwritten,sparse,medium,"Formulaire officiel tourne 90, manuscrit (Bank of America, Stock Tickers). Telephone caviarde (barre noire).",2020,James Comer,C_manuscrit
8217113,2020,James Comer,2,ptr_form,rotated90,handwritten,medium,medium,"Formulaire officiel tourne 90, manuscrit (Community Trust, Westlake Chemical, Apple, Bank of America, Republic Bancorp) sur 2 pages.",2020,James Comer,C_manuscrit
8216969,2020,"Charles J. ""Chuck"" Fleischmann",2,ptr_form,rotated90,typed,medium,high,"Formulaire officiel tourne 90, tape, noms ETF iShares/SPDR/SELECT SECTOR.",2020,"Charles J. ""Chuck"" Fleischmann",B_tape_tourne
8217280,2020,"Charles J. ""Chuck"" Fleischmann",6,ptr_form,rotated90,typed,medium,high,"Formulaire officiel House sur 6 pages, tourne 90deg, dactylographie net (SPDR/iShares ETF). Tres lisible.",2020,"Charles J. ""Chuck"" Fleischmann",B_tape_tourne
8217559,2020,"Charles J. ""Chuck"" Fleischmann",3,ptr_form,rotated90,typed,medium,high,"Formulaire officiel House tourne 90deg, dactylographie net (iShares, SPDR ETF). Tres lisible.",2020,"Charles J. ""Chuck"" Fleischmann",B_tape_tourne
8217737,2020,"Charles J. ""Chuck"" Fleischmann",3,ptr_form,rotated90,typed,medium,high,"Formulaire officiel tourne 90, tape, ETF iShares/SPDR. 3 pages, ~7-8 lignes par page (medium par page).",2020,"Charles J. ""Chuck"" Fleischmann",B_tape_tourne
8217763,2020,"Charles J. ""Chuck"" Fleischmann",2,ptr_form,rotated90,typed,sparse,high,"Formulaire officiel tourne 90, tape (T Rowe Price Real Estate, DFA Real Estate Securities). Page 2 vide.",2020,"Charles J. ""Chuck"" Fleischmann",B_tape_tourne
8217738,2020,James Hagedorn,1,ptr_form,rotated90,handwritten,sparse,medium,"Formulaire officiel tourne 90, manuscrit (Great Society Corp), 1 ligne.",2020,James Hagedorn,C_manuscrit
8217083,2020,George Holding,2,ptr_form,rotated90,handwritten,medium,medium,"Formulaire officiel tourne 90, manuscrit (British American Tobacco, Chevron, Coca-Cola, Johnson & Johnson, Microsoft, Pfizer, Procter & Gamble).",2020,George Holding,C_manuscrit
8217594,2020,George Holding,2,ptr_form,rotated90,handwritten,medium,medium,"Formulaire officiel tourne 90, manuscrit; quelques noms d'actifs un peu denses/serres. Page 2 quasi vide.",2020,George Holding,C_manuscrit
8217671,2020,George Holding,2,ptr_form,rotated90,handwritten,medium,medium,"Formulaire officiel tourne 90, manuscrit (Bristol-Myers Squibb, Chevron, INTL Business Machines).",2020,George Holding,C_manuscrit
8217739,2020,George Holding,2,ptr_form,rotated90,handwritten,medium,medium,"Formulaire officiel tourne 90, manuscrit (AT&T, Bristol-Myers Squibb, Chevron, Philip Morris International).",2020,George Holding,C_manuscrit
8217232,2020,Trey Hollingsworth,2,ptr_form,rotated90,typed,sparse,high,"Formulaire officiel House tourne 90, tape; 1 transaction; page 2 = continuation vierge.",2020,Trey Hollingsworth,B_tape_tourne
8217322,2020,Trey Hollingsworth,2,ptr_form,rotated90,typed,medium,high,"Formulaire officiel tourne 90, tape; entrees options Call/Put Vanguard.",2020,Trey Hollingsworth,B_tape_tourne
8217352,2020,Trey Hollingsworth,2,ptr_form,rotated90,typed,medium,high,"Formulaire officiel tourne 90, tape; entrees Put/Call Vanguard ETF.",2020,Trey Hollingsworth,B_tape_tourne
8217447,2020,Trey Hollingsworth,3,ptr_form,rotated90,typed,medium,high,"Formulaire officiel tourne 90, tape; nombreuses entrees Enterprise Product / Vanguard options.",2020,Trey Hollingsworth,B_tape_tourne
8217634,2020,Trey Hollingsworth,3,ptr_form,rotated90,typed,medium,high,"Formulaire officiel tourne 90, tape; entrees Enterprise Product / Vanguard.",2020,Trey Hollingsworth,B_tape_tourne
8217678,2020,Trey Hollingsworth,1,ptr_form,rotated90,typed,sparse,high,"Formulaire officiel tourne 90, tape; quelques transactions.",2020,Trey Hollingsworth,B_tape_tourne
8217764,2020,Trey Hollingsworth,1,ptr_form,rotated90,typed,sparse,high,"Formulaire officiel tourne 90, tape; quelques transactions.",2020,Trey Hollingsworth,B_tape_tourne
8217005,2020,Mike Kelly,1,ptr_form,rotated90,handwritten,sparse,medium,Formulaire officiel tourne 90 mais nom d'actif et dates MANUSCRITS (Chicago O'Hare International); lisible mais ecriture penchee.,2020,Mike Kelly,C_manuscrit
8217163,2020,Mike Kelly,1,ptr_form,rotated90,handwritten,sparse,medium,"Formulaire officiel tourne 90, asset/dates manuscrits (New York City...); ecriture penchee mais lisible.",2020,Mike Kelly,C_manuscrit
8217198,2020,Mike Kelly,1,ptr_form,rotated90,handwritten,sparse,medium,"Formulaire officiel tourne 90, asset/dates manuscrits (New York City...); 1 transaction.",2020,Mike Kelly,C_manuscrit
8217253,2020,Mike Kelly,1,ptr_form,rotated90,handwritten,sparse,medium,"Formulaire officiel tourne 90, asset/dates manuscrits (Cleveland Cliffs Inc); 1 transaction.",2020,Mike Kelly,C_manuscrit
8217402,2020,Mike Kelly,1,ptr_form,rotated90,handwritten,sparse,medium,"Formulaire officiel tourne 90, asset/dates manuscrits (California State GO bond); 1 transaction.",2020,Mike Kelly,C_manuscrit
8216878,2020,Joseph P. Kennedy,2,ptr_form,mixed,typed,sparse,high,Formulaire officiel; page 1 (donnees) tournee 90 tapee (United Technologies Corp); page 2 = continuation vierge orientee differemment (mixed).,2020,Joseph P. Kennedy,B_tape_tourne
8217403,2020,Joseph P. Kennedy,2,ptr_form,rotated90,typed,sparse,high,"Formulaire officiel House PTR tourne 90, tape, une seule transaction (Medtronic PLC). Tout lisible.",2020,Joseph P. Kennedy,B_tape_tourne
8217660,2020,Joseph P. Kennedy,2,ptr_form,rotated90,typed,sparse,high,"Formulaire officiel House PTR tourne 90, tape, une seule transaction (Marriott International). Tout lisible.",2020,Joseph P. Kennedy,B_tape_tourne
8216879,2020,Rohit Khanna,6,ptr_form,rotated90,typed,dense,medium,"Formulaire officiel House: couverture 'Please see the attached' + feuilles de continuation du MEME formulaire, tourne 90, tape, dense. Barre noire de scan sur la page finale.",2020,Rohit Khanna,B_tape_tourne
8216965,2020,Rohit Khanna,11,ptr_form,rotated90,typed,dense,medium,"Formulaire officiel House tourne 90, tape, pages de continuation tres chargees (>20 lignes). Barre noire de scan sur la derniere page.",2020,Rohit Khanna,B_tape_tourne
8217060,2020,Rohit Khanna,13,ptr_form,rotated90,typed,dense,medium,"Formulaire officiel House tourne 90, tape, pages de continuation denses. Barre noire de scan sur la derniere page.",2020,Rohit Khanna,B_tape_tourne
8217164,2020,Rohit Khanna,18,ptr_form,rotated90,typed,dense,medium,"Formulaire officiel House tourne 90, tape, le plus volumineux du lot: pages de continuation tres chargees, texte petit et un peu pale.",2020,Rohit Khanna,B_tape_tourne
8217213,2020,Rohit Khanna,9,ptr_form,rotated90,typed,dense,medium,"Formulaire officiel House tourne 90, tape, pages de continuation denses (>20 lignes). Barre noire de scan sur la derniere page.",2020,Rohit Khanna,B_tape_tourne
8217329,2020,Rohit Khanna,12,ptr_form,rotated90,typed,dense,medium,"Formulaire officiel House tourne 90, tape, pages de continuation tres chargees (>20 lignes, texte petit).",2020,Rohit Khanna,B_tape_tourne
8217394,2020,Rohit Khanna,7,ptr_form,rotated90,typed,dense,medium,"Formulaire officiel House tourne 90, tape, page de continuation extremement chargee, texte petit et pale par endroits.",2020,Rohit Khanna,B_tape_tourne
8217557,2020,Rohit Khanna,8,ptr_form,rotated90,typed,dense,medium,"Formulaire officiel House tourne 90, tape, pages de continuation tres chargees (>20 lignes, texte petit).",2020,Rohit Khanna,B_tape_tourne
8217653,2020,Rohit Khanna,6,ptr_form,rotated90,typed,dense,medium,"Formulaire officiel House tourne 90, tape, pages de continuation denses (>20 lignes).",2020,Rohit Khanna,B_tape_tourne
8217686,2020,Rohit Khanna,11,ptr_form,rotated90,typed,dense,medium,"Formulaire officiel House tourne 90, tape, pages de continuation tres chargees (>20 lignes).",2020,Rohit Khanna,B_tape_tourne
8217740,2020,Rohit Khanna,5,ptr_form,rotated90,typed,medium,medium,"Formulaire officiel House tourne 90, tape, plus petit dossier Khanna: page de continuation ~12 lignes, lisible.",2020,Rohit Khanna,B_tape_tourne
8217777,2020,Rohit Khanna,8,ptr_form,mixed,typed,dense,medium,Couverture droite 'Please see the attached' puis schedules tapes du MEME formulaire tournes 90 deg; barre noire de scan sur p8 masquant qq cases montant; noms d'actifs tapes lisibles,2020,Rohit Khanna,B_tape_tourne
8217045,2020,David Kustoff,2,ptr_form,mixed,handwritten,sparse,high,"Manuscrit (Home Depot, Schwab, Amazon, Microsoft), ~5 lignes; p1 droite, p2 = formulaire de continuation vierge tourne 90 deg",2020,David Kustoff,C_manuscrit
8217640,2020,Doug Lamborn,3,ptr_form,mixed,handwritten,medium,medium,"Manuscrit (Net App Inc Stock, marques SP/IRA); p1 droite, p2-3 tournees 90 deg",2020,Doug Lamborn,C_manuscrit
8217726,2020,Doug Lamborn,2,ptr_form,mixed,handwritten,sparse,medium,"Manuscrit (Net App Inc Stock, IRA/SP); p1 droite, p2 tournee 90 deg",2020,Doug Lamborn,C_manuscrit
8217760,2020,Doug Lamborn,3,ptr_form,mixed,handwritten,medium,medium,"Manuscrit (Net App Inc Stock, IRA/SP); p1 droite, p2-3 tournees 90 deg",2020,Doug Lamborn,C_manuscrit
8217785,2020,Doug Lamborn,2,ptr_form,mixed,handwritten,medium,high,"Manuscrit tres lisible (Net App Inc Stock repete, IRA/SP); p1 droite, p2 tournee 90 deg ~10 lignes",2020,Doug Lamborn,C_manuscrit
8217165,2020,Billy Long,3,ptr_form,rotated90,handwritten,medium,medium,"Formulaire officiel House sur les 3 pages, tourne 90deg, entierement manuscrit (Southern Company repete, dates manuscrites). Lisible mais petit et penche.",2020,Billy Long,C_manuscrit
8217353,2020,Billy Long,1,ptr_form,upright,handwritten,sparse,high,"Page unique droite, manuscrit lisible (Walt Disney, Southern Company), ~3 lignes",2020,Billy Long,C_manuscrit
8217343,2020,Kenny Marchant,2,ptr_form,upright,handwritten,sparse,medium,"Manuscrit legerement penche (Targa Pipeline, C M L O-E Caps Tho, Acc Liquid Air Loans); p2 = continuation quasi vide avec note manuscrite",2020,Kenny Marchant,C_manuscrit
8217769,2020,Kenny Marchant,8,ptr_form,rotated90,handwritten,medium,medium,"Formulaire officiel tourne 90 degres, ecriture manuscrite (Alibaba, Alphabet, Amazon, Apple, Nike, Microsoft, Beyond Meat...). ~6 lignes par page, lisible avec un peu d'effort.",2020,Kenny Marchant,C_manuscrit
8217786,2020,Kenny Marchant,20,ptr_form,rotated90,handwritten,sparse,medium,"Formulaire officiel tourne 90 degres, manuscrit (Adobe, Alexion, Alibaba, Amazon, Alphabet, Apple, Chevron, Tyson, Johnson & Johnson). 4-6 lignes par page, ecriture par endroits griffonnee.",2020,Kenny Marchant,C_manuscrit
8216973,2020,Michael T. McCaul,8,ptr_form,mixed,typed,dense,high,"Couverture droite 'SEE SCHEDULES ATTACHED' puis schedules tapes du MEME formulaire tournes 90 deg, >20 lignes, noms d'actifs tapes lisibles",2020,Michael T. McCaul,B_tape_tourne
8217166,2020,Michael T. McCaul,7,ptr_form,mixed,typed,dense,high,"Couverture droite 'SEE SCHEDULES ATTACHED' puis schedules tapes tournes 90 deg; crop confirme texte tape net (Vanguard Energy, Tapestry, Lilly Eli, Medtronic)",2020,Michael T. McCaul,B_tape_tourne
8217208,2020,Michael T. McCaul,7,ptr_form,mixed,typed,dense,high,"Meme schema McCaul: couverture droite + schedules tapes tournes 90 deg, >20 lignes lisibles",2020,Michael T. McCaul,B_tape_tourne
8217209,2020,Michael T. McCaul,21,ptr_form,mixed,typed,dense,medium,"Couverture droite 'SEE SCHEDULES ATTACHED' puis pages du formulaire OFFICIEL tournees (p11 a 90 deg, p21 a 270 deg) -> orientation mixed. Page p11 tres dense (>30 lignes tapees, petites). Tape, pas un releve externe.",2020,Michael T. McCaul,B_tape_tourne
8217233,2020,Michael T. McCaul,8,ptr_form,mixed,typed,dense,high,"Meme schema McCaul: couverture droite + schedules tapes tournes 90 deg, >20 lignes lisibles",2020,Michael T. McCaul,B_tape_tourne
8217323,2020,Michael T. McCaul,4,ptr_form,mixed,typed,dense,high,"Meme schema McCaul: couverture droite + schedules tapes tournes 90 deg, dense lisible",2020,Michael T. McCaul,B_tape_tourne
8217405,2020,Michael T. McCaul,5,ptr_form,mixed,typed,dense,medium,"Formulaire House officiel (style recent, colonnes A-K). Couverture upright 'SEE SCHEDULES ATTACHED', pages annexes tapees, certaines tournees 90deg parmi des pages droites.",2020,Michael T. McCaul,B_tape_tourne
8217570,2020,Michael T. McCaul,4,ptr_form,mixed,typed,dense,medium,"Formulaire officiel tape, tres dense. p3 droite, p4 tournee 90deg. Lisible mais petit.",2020,Michael T. McCaul,B_tape_tourne
8217659,2020,Michael T. McCaul,6,ptr_form,mixed,typed,dense,medium,"Formulaire officiel tape dense. Couverture droite, page annexe droite, derniere page tournee 90deg tres nette (legibility haute sur cette page).",2020,Michael T. McCaul,B_tape_tourne
8217680,2020,Michael T. McCaul,4,ptr_form,mixed,typed,dense,medium,"Formulaire officiel tape dense. p3 droite, p4 tournee 90deg et bien lisible.",2020,Michael T. McCaul,B_tape_tourne
8217747,2020,Michael T. McCaul,7,ptr_form,upright,typed,dense,medium,Formulaire officiel tape tres dense. Couverture et pages annexes echantillonnees toutes upright. Texte petit mais lisible.,2020,Michael T. McCaul,A_tape_droit
8216972,2020,David P. Roe,27,ptr_form,rotated90,typed,medium,high,"Gros dossier (27 pages) mais FORMULAIRE OFFICIEL TAPE et tourne 90 degres, pas un releve externe. Noms propres et nets (Coca Cola, Danaher Corp, Accenture, Exxon Mobil, Procter & Gamble). Tres lisible.",2020,David P. Roe,B_tape_tourne
8217084,2020,David P. Roe,19,ptr_form,mixed,typed,sparse,high,"Formulaire House officiel ancien style (grille de cases montant A-J). Couverture upright, annexes tournees 90deg, tapees, peu de lignes par page (grandes cases). Derniere page tres nette.",2020,David P. Roe,B_tape_tourne
8217121,2020,David P. Roe,53,ptr_form,mixed,typed,medium,medium,"Formulaire officiel ancien style a cases. Tres long (53 p). Couverture droite, annexes tournees 90deg, tapees. Noms d'actifs lisibles (ex COLORADO SPRINGS COLO, MISSOURI ST BRD).",2020,David P. Roe,B_tape_tourne
8217226,2020,David P. Roe,30,ptr_form,mixed,typed,medium,medium,"Formulaire officiel ancien style a cases. Couverture droite, annexes tournees 90deg, tapees, lisibles.",2020,David P. Roe,B_tape_tourne
8217291,2020,David P. Roe,19,ptr_form,mixed,typed,medium,medium,"Formulaire officiel a cases. Couverture droite, annexes tournees 90deg, tapees et lisibles (WESTERN UNION, HOME DEPOT, APPLE, MICROSOFT).",2020,David P. Roe,B_tape_tourne
8217378,2020,David P. Roe,13,ptr_form,mixed,typed,medium,medium,"Formulaire officiel a cases. Couverture droite, annexes tournees 90deg, tapees, lisibles (MCDONALDS, ROKU, CISCO, FACEBOOK, LOCKHEED MARTIN).",2020,David P. Roe,B_tape_tourne
8217489,2020,David P. Roe,24,ptr_form,mixed,typed,medium,medium,"Formulaire officiel a cases. Couverture droite, annexes tournees 90deg, tapees, lisibles (MODERNA, AT&T, AMAZON, TEXAS INSTRUMENTS, COSTCO, ADOBE).",2020,David P. Roe,B_tape_tourne
8217646,2020,David P. Roe,13,ptr_form,mixed,typed,medium,medium,"Formulaire officiel a cases. Couverture droite, annexes tournees 90deg, tapees, lisibles (ANALOG DEVICES, INTEL, APPLE, COMCAST, PROLOGIS).",2020,David P. Roe,B_tape_tourne
8217677,2020,David P. Roe,11,ptr_form,mixed,typed,medium,medium,"Formulaire officiel a cases. Couverture droite, annexes tournees 90deg, tapees, lisibles (INTUITIVE SURGICAL, TWITTER, LOWES, HOME DEPOT, MONDELEZ, MICROSOFT, ADOBE).",2020,David P. Roe,B_tape_tourne
8217728,2020,David P. Roe,16,ptr_form,rotated90,typed,dense,medium,"Formulaire officiel House tourne 90, toutes pages, tape. Noms d'actifs lisibles mais petits/penches.",2020,David P. Roe,B_tape_tourne
8217770,2020,David P. Roe,24,ptr_form,mixed,typed,dense,high,"Formulaire officiel tape. Pages 1 et 13 tournees 90, page 24 droite -> orientation mixte. Tres lisible sur les pages droites.",2020,David P. Roe,B_tape_tourne
8216974,2020,Harold Dallas Rogers,1,ptr_form,upright,typed,sparse,high,"NOTHING TO REPORT. Formulaire officiel droit, tape.",2020,Harold Dallas Rogers,A_tape_droit
8217103,2020,Harold Dallas Rogers,1,ptr_form,rotated90,typed,sparse,high,"Formulaire officiel tourne 90, tape, une ligne (exemple Mega Corp + 1 vente).",2020,Harold Dallas Rogers,B_tape_tourne
8217212,2020,Harold Dallas Rogers,1,ptr_form,upright,typed,sparse,medium,"Formulaire officiel droit, tape, 2 transactions (Self Bridge Builder Core Bond). Texte un peu petit.",2020,Harold Dallas Rogers,A_tape_droit
8217324,2020,Harold Dallas Rogers,2,ptr_form,mixed,typed,medium,medium,"Formulaire officiel tape. Page 1 legerement penchee, page 2 tournee 90 -> orientation mixte. ~6 transactions (Bank of America, Citizens, PPG, Truist, Total SA, Wells Fargo).",2020,Harold Dallas Rogers,B_tape_tourne
8217326,2020,Harold Dallas Rogers,1,ptr_form,rotated180,typed,sparse,high,"NOTHING TO REPORT FOR APRIL 2020. Formulaire officiel tourne 180, tape.",2020,Harold Dallas Rogers,B_tape_tourne
8217365,2020,Harold Dallas Rogers,2,ptr_form,mixed,typed,medium,medium,"Formulaire officiel tape. Page 1 tournee 90, page 2 droite -> orientation mixte. ~5 fonds (Bridge Builder, Artisan, Blackrock, Vanguard).",2020,Harold Dallas Rogers,B_tape_tourne
8217631,2020,Harold Dallas Rogers,1,ptr_form,rotated90,typed,sparse,medium,"Nothing to report for July 2020. Formulaire officiel tourne 90, tape, texte petit.",2020,Harold Dallas Rogers,B_tape_tourne
8217632,2020,Harold Dallas Rogers,1,ptr_form,rotated90,typed,sparse,medium,"Formulaire officiel tourne 90, tape, 1 transaction (Redeemed NY NY GO Ser). Texte petit/penche.",2020,Harold Dallas Rogers,B_tape_tourne
8217682,2020,Harold Dallas Rogers,1,ptr_form,upright,typed,sparse,medium,"Formulaire officiel droit, tape, 1 transaction (Franklin KY Tax-Free Income A).",2020,Harold Dallas Rogers,A_tape_droit
8217743,2020,Harold Dallas Rogers,1,ptr_form,rotated180,typed,sparse,medium,"Formulaire officiel tourne 180, tape, 2 transactions (iShares MSCI EAFE Small Cap, Gly INTL Stalwarts I).",2020,Harold Dallas Rogers,B_tape_tourne
8217772,2020,Harold Dallas Rogers,1,ptr_form,rotated180,typed,sparse,medium,"Nothing to report for November 2020. Formulaire officiel tourne 180, tape.",2020,Harold Dallas Rogers,B_tape_tourne
8216915,2020,Francis Rooney,2,ptr_form,mixed,typed,dense,medium,"Couverture upright 'See attached schedules' puis annexe = MEME formulaire officiel tournee 90, tapee, dense.",2020,Francis Rooney,B_tape_tourne
8217006,2020,Francis Rooney,2,ptr_form,mixed,typed,sparse,medium,"Cover upright + annexe officielle tournee 90; seulement ~2-3 lignes remplies (Brown Advisory, Rooney Capital).",2020,Francis Rooney,B_tape_tourne
8217114,2020,Francis Rooney,2,ptr_form,mixed,typed,dense,medium,"Cover upright + annexe officielle tapee tournee 90, nombreuses lignes Brown Advisory.",2020,Francis Rooney,B_tape_tourne
8217188,2020,Francis Rooney,2,ptr_form,mixed,typed,dense,medium,"Cover upright + annexe officielle tapee tournee 90, dense. Stamp 'POSTMARK ILLEGIBLE' mais donnees lisibles.",2020,Francis Rooney,B_tape_tourne
8217281,2020,Francis Rooney,2,ptr_form,mixed,typed,dense,medium,"Cover upright + annexe officielle tapee tournee 90, dense (~20+ lignes Brown Advisory).",2020,Francis Rooney,B_tape_tourne
8217345,2020,Francis Rooney,2,ptr_form,mixed,typed,dense,medium,"Cover upright + annexe officielle tapee tournee 90, dense. Stamp postmark illisible mais texte OK.",2020,Francis Rooney,B_tape_tourne
8217419,2020,Francis Rooney,2,ptr_form,mixed,typed,medium,high,"Cover upright + annexe officielle tapee tournee 90; ~6 lignes (Brown Advisory, Rooney Capital), bien lisible.",2020,Francis Rooney,B_tape_tourne
8217604,2020,Francis Rooney,3,ptr_form,mixed,typed,dense,medium,"Cover upright + 2 pages annexe officielle tapee tournee 90, dense (McDonald's, Medtronic, Microsoft, etc.).",2020,Francis Rooney,B_tape_tourne
8217674,2020,Francis Rooney,2,ptr_form,mixed,typed,dense,medium,"Cover upright + annexe officielle tapee tournee 90, dense. Stamp 'POSTMARK ILLEGIBLE'.",2020,Francis Rooney,B_tape_tourne
8217692,2020,Francis Rooney,1,ptr_form,rotated90,typed,medium,medium,"Page unique = annexe officielle (sans page de couverture), tapee, tournee 90; ~6 lignes Brown Advisory, dates 9/29-10/5/2020.",2020,Francis Rooney,B_tape_tourne
8217744,2020,Francis Rooney,2,ptr_form,mixed,typed,dense,medium,"Cover upright + annexe officielle tapee tournee 90, dense.",2020,Francis Rooney,B_tape_tourne
8217791,2020,Francis Rooney,1,ptr_form,rotated90,typed,medium,medium,Page unique = annexe officielle tapee tournee 90. Stamp 'POSTMARK ILLEGIBLE' mais lignes d'actifs lisibles.,2020,Francis Rooney,B_tape_tourne
8216880,2020,Adam B. Schiff,1,ptr_form,upright,mixed,sparse,high,"Formulaire officiel House droit, une seule transaction (Apple Inc, Sale, manuscrit), reste du formulaire dactylographie. Tres lisible.",2020,Adam B. Schiff,C_manuscrit
8217364,2020,Adam B. Schiff,1,ptr_form,upright,typed,sparse,high,"Formulaire officiel upright, 1 page, tape, tres clairsemenne: une seule ligne 'Apple Inc', 7/8/2020. Lisible.",2020,Adam B. Schiff,A_tape_droit
8216960,2020,Kurt Schrader,2,ptr_form,rotated90,handwritten,medium,medium,"Formulaire officiel House manuscrit, tourne 90. Noms d'actifs en cursive lisibles avec effort (Exxon, Blackrock, iShares Russell 3000...).",2020,Kurt Schrader,C_manuscrit
8217051,2020,Kurt Schrader,2,ptr_form,rotated90,handwritten,medium,medium,"Formulaire officiel House manuscrit tourne 90. Quelques cases/lignes legerement penchees, scan un peu pale.",2020,Kurt Schrader,C_manuscrit
8217141,2020,Kurt Schrader,5,ptr_form,rotated90,handwritten,dense,medium,"Formulaire officiel House manuscrit, 5 pages, tourne 90. Pages bien remplies; noms manuscrits (McDonald, Bank of America, Visa, Blackrock...) lisibles avec effort.",2020,Kurt Schrader,C_manuscrit
8217225,2020,Kurt Schrader,2,ptr_form,rotated90,handwritten,sparse,medium,"Formulaire officiel House manuscrit tourne 90, peu de lignes.",2020,Kurt Schrader,C_manuscrit
8217339,2020,Kurt Schrader,2,ptr_form,rotated90,handwritten,sparse,medium,"Formulaire officiel House manuscrit tourne 90, peu de lignes (Blackrock, Exxon Mobil, fonds Photo Sciences...).",2020,Kurt Schrader,C_manuscrit
8217406,2020,Kurt Schrader,4,ptr_form,mixed,handwritten,medium,medium,"Formulaire officiel House manuscrit, 4 pages. La plupart tournees 90; la derniere page (p4) parait tournee 180 par rapport aux autres -> orientation mixte.",2020,Kurt Schrader,C_manuscrit
8217654,2020,Kurt Schrader,1,ptr_form,rotated90,handwritten,sparse,medium,"Formulaire officiel House manuscrit 1 page tourne 90 (Visa, Citigroup, Zoetis, Schwab US AGG).",2020,Kurt Schrader,C_manuscrit
8217689,2020,Kurt Schrader,2,ptr_form,rotated90,handwritten,sparse,medium,"Formulaire officiel House manuscrit tourne 90, peu de lignes (Aon PLC, CMS Energy, DowDuPont, Eli Lilly).",2020,Kurt Schrader,C_manuscrit
8217745,2020,Kurt Schrader,2,ptr_form,rotated90,handwritten,sparse,medium,"Formulaire officiel House manuscrit tourne 90 (American International, JP Morgan Emerging Markets, Eli Lilly, Intel, Citrix). Ecriture cursive penchee.",2020,Kurt Schrader,C_manuscrit
8217789,2020,Kurt Schrader,3,ptr_form,rotated90,handwritten,medium,medium,"Formulaire officiel House manuscrit, 3 pages, tourne 90 (Air Products, Schwab US Large Cap, American Tower, Healthcare Select, Citigroup, Western Asset, iShares S&P500...).",2020,Kurt Schrader,C_manuscrit
9115545,2020,Austin Scott,1,ptr_form,rotated90,handwritten,sparse,medium,"Formulaire officiel House tourne 90deg, entrees manuscrites (Ballard Power, Plug Power), peu de lignes. Manuscrit lisible mais penche.",2020,Austin Scott,C_manuscrit
8216975,2020,Fred Upton,3,ptr_form,rotated90,handwritten,medium,medium,"Formulaire officiel House manuscrit, 3 pages, tourne 90. Bloc de note manuscrit griffonne en haut ('These JP Morgan Trust...'); noms d'actifs (Amazon, Lyft, Fiserv, Honeywell, Microsoft, Visa, EOG...) lisibles avec effort.",2020,Fred Upton,C_manuscrit
8217123,2020,Fred Upton,5,ptr_form,rotated90,handwritten,sparse,medium,"Formulaire officiel House tourne 90 degres. Noms d'actifs manuscrits (Beyer Inc, Debert, Wells Fargo, Paypal, Fiserv, Honeywell, United Health, Alphabet, Microsoft) avec annotation 'These are all really transactions ... cost is ZERO'. Peu de lignes par page.",2020,Fred Upton,C_manuscrit
8217182,2020,Fred Upton,2,ptr_form,rotated90,handwritten,medium,medium,"Formulaire officiel House manuscrit tourne 90. Note manuscrite multi-lignes en haut + montants ecrits a la main ($25,000/$22,000). Ecriture petite et penchee.",2020,Fred Upton,C_manuscrit
8217211,2020,Fred Upton,3,ptr_form,rotated90,handwritten,dense,medium,"Formulaire officiel House manuscrit, 3 pages, tourne 90. Pages 2-3 denses + bloc de note manuscrit ('These JP Morgan Trust...'). Noms manuscrits (Amazon, Chevron, Home Depot, Eaton Vance, EOG...) lisibles avec effort.",2020,Fred Upton,C_manuscrit
8217325,2020,Fred Upton,2,ptr_form,rotated90,handwritten,sparse,medium,"Formulaire officiel House tourne 90, entrees manuscrites, peu de lignes",2020,Fred Upton,C_manuscrit
8217346,2020,Fred Upton,2,ptr_form,rotated90,handwritten,sparse,medium,"Formulaire officiel tourne 90, manuscrit, notes filer manuscrites en p2",2020,Fred Upton,C_manuscrit
8217384,2020,Fred Upton,2,ptr_form,rotated90,handwritten,sparse,medium,"Formulaire officiel tourne 90, manuscrit (Key Corp/Berkley/Pepsi/Whirlpool)",2020,Fred Upton,C_manuscrit
8217423,2020,Fred Upton,2,ptr_form,rotated90,handwritten,sparse,medium,"Formulaire officiel tourne 90, manuscrit (Facebook/Wells Fargo/Capital One/Visa)",2020,Fred Upton,C_manuscrit
8217635,2020,Fred Upton,1,ptr_form,rotated90,handwritten,sparse,medium,"Formulaire officiel tourne 90, manuscrit (Boeing)",2020,Fred Upton,C_manuscrit
8217681,2020,Fred Upton,1,ptr_form,rotated90,handwritten,sparse,medium,"Formulaire officiel tourne 90, manuscrit (Apple)",2020,Fred Upton,C_manuscrit
8216961,2020,Ann Wagner,2,ptr_form,mixed,typed,medium,medium,Page 1 = formulaire officiel House droit (dactylo). Page 2 = VRAI releve externe courtier MONETA 'Buys & Sells Report' tourne 90deg. Le formulaire officiel reste le doc principal.,2020,Ann Wagner,B_tape_tourne
8217065,2020,Ann Wagner,3,ptr_form,rotated90,mixed,sparse,medium,Page 1 = formulaire officiel House tourne 90deg (dactylo). Page 2 = formulaire continuation vide. Page 3 = releve externe MONETA tourne 90deg avec grosse barre noire de scan sur le bord. Doc principal = formulaire officiel.,2020,Ann Wagner,C_manuscrit
8217771,2020,Ann Wagner,1,ptr_form,upright,typed,sparse,high,"Formulaire officiel droit, tape, une ligne (North TX Ed Fin Corp)",2020,Ann Wagner,A_tape_droit
8217425,2020,Ted S. Yoho,2,external_statement,upright,mixed,dense,medium,p1 = couverture PTR officielle manuscrite (See attached) ; p2 = VRAI releve Morgan Stanley tape et dense,2020,Ted S. Yoho,C_manuscrit
8217626,2020,Ted S. Yoho,5,external_statement,mixed,mixed,dense,medium,"p1 = couverture PTR manuscrite tournee 90 (see attachment) ; p3-5 = VRAIS releves Morgan Stanley tapes, denses, tournes 90",2020,Ted S. Yoho,C_manuscrit
8218417,2021,Gus M. Bilirakis,1,ptr_form,rotated90,typed,sparse,high,"Formulaire officiel tourne 90, tape (Merck & Company), une ligne",2021,Gus M. Bilirakis,B_tape_tourne
8218196,2021,Steve Chabot,2,ptr_form,mixed,typed,sparse,high,"Formulaire officiel tape ; p1 tournee 90, p2 droite (orientation variable entre pages)",2021,Steve Chabot,B_tape_tourne
8217884,2021,"Charles J. ""Chuck"" Fleischmann",4,ptr_form,rotated90,typed,medium,high,"Formulaire officiel House, tourne 90 degres, entierement dactylographie (ETF SPDR/iShares/Select Sector). ~6-10 lignes par page, tres propre. Tampon 'HAND DELIVERED'.",2021,"Charles J. ""Chuck"" Fleischmann",B_tape_tourne
8218027,2021,"Charles J. ""Chuck"" Fleischmann",2,ptr_form,rotated90,typed,medium,high,"Formulaire officiel tourne 90, tape, plusieurs lignes ETF (iShares/SPDR), bien lisible",2021,"Charles J. ""Chuck"" Fleischmann",B_tape_tourne
8218297,2021,"Charles J. ""Chuck"" Fleischmann",2,ptr_form,rotated90,typed,medium,high,"Formulaire officiel tourne 90, tape, lignes ETF (iShares/SPDR/William Blair/First Eagle), bien lisible",2021,"Charles J. ""Chuck"" Fleischmann",B_tape_tourne
8218379,2021,"Charles J. ""Chuck"" Fleischmann",2,ptr_form,rotated90,typed,sparse,high,"Formulaire officiel House standard, tourne 90deg, ~3 transactions; page 2 = grille vierge.",2021,"Charles J. ""Chuck"" Fleischmann",B_tape_tourne
8218380,2021,"Charles J. ""Chuck"" Fleischmann",2,ptr_form,rotated90,typed,sparse,high,"Formulaire officiel tourne 90deg, ~2 transactions; page 2 vierge.",2021,"Charles J. ""Chuck"" Fleischmann",B_tape_tourne
8218397,2021,"Charles J. ""Chuck"" Fleischmann",2,ptr_form,rotated90,typed,sparse,high,"Formulaire officiel tourne 90deg, ~2 transactions PIMCO; page 2 vierge.",2021,"Charles J. ""Chuck"" Fleischmann",B_tape_tourne
8218436,2021,"Charles J. ""Chuck"" Fleischmann",2,ptr_form,rotated90,typed,sparse,high,"Formulaire officiel tourne 90deg, ~2 transactions iShares/SPDR; page 2 vierge.",2021,"Charles J. ""Chuck"" Fleischmann",B_tape_tourne
8218505,2021,"Charles J. ""Chuck"" Fleischmann",2,ptr_form,rotated90,typed,sparse,high,"Formulaire officiel tourne 90deg, ~2 transactions DraftKings/Parnassus; page 2 vierge.",2021,"Charles J. ""Chuck"" Fleischmann",B_tape_tourne
8218040,2021,Scott Franklin,1,ptr_form,rotated90,typed,sparse,high,"Variante officielle avec ligne Partial Sale et cases a cocher; tourne 90deg, 1 page, ~1 transaction BRP Group.",2021,Scott Franklin,B_tape_tourne
8218078,2021,Scott Franklin,2,ptr_form,rotated90,typed,sparse,high,"Variante officielle (cases a cocher), tourne 90deg, transactions Viatris/AT&T; lisible malgre scan legerement penche.",2021,Scott Franklin,B_tape_tourne
8218110,2021,Scott Franklin,2,ptr_form,rotated90,typed,sparse,high,"Variante officielle (cases a cocher), tourne 90deg, transactions Viatris/AT&T.",2021,Scott Franklin,B_tape_tourne
8218111,2021,Scott Franklin,2,ptr_form,rotated90,typed,sparse,high,"Variante officielle (cases a cocher), tourne 90deg, transactions Organon & Co.",2021,Scott Franklin,B_tape_tourne
8218405,2021,Scott Franklin,2,ptr_form,rotated90,typed,sparse,high,"Variante officielle (cases a cocher), tourne 90deg, transactions fonds Fidelity.",2021,Scott Franklin,B_tape_tourne
8218296,2021,Diana Harshbarger,48,ptr_form,mixed,typed,dense,medium,"Formulaire officiel House. Page de couverture droite (tableau vide, 'Please see attached'), puis pages de transactions du MEME formulaire tournees 90 et tres denses (>20 lignes). Tape, lisible mais petit/penche.",2021,Diana Harshbarger,B_tape_tourne
8218321,2021,Diana Harshbarger,59,ptr_form,rotated90,typed,dense,medium,"Formulaire officiel tape, tourne 90, dense (noms de trusts/actions lisibles avec effort). Pages de fin quasi vides (fragments de grille). Tres gros dossier.",2021,Diana Harshbarger,B_tape_tourne
8218358,2021,Diana Harshbarger,11,ptr_form,mixed,mixed,dense,medium,Formulaire officiel multi-pages: couverture droite (nom/district MANUSCRITS) puis pages continuation tournees 90deg avec lignes TAPEES (noms d'actifs et trusts). Petit mais lisible.,2021,Diana Harshbarger,C_manuscrit
8218410,2021,Diana Harshbarger,10,ptr_form,mixed,mixed,dense,medium,"Formulaire officiel multi-pages: couverture droite (nom/district manuscrits), continuations tournees 90deg tapees et denses; derniere page = grille vierge.",2021,Diana Harshbarger,C_manuscrit
8218478,2021,Diana Harshbarger,6,ptr_form,mixed,typed,dense,medium,"Page 1 = couverture officielle House droite ('Please see attached'). Pages suivantes = grille dactylographiee dense tournee 90 degres (style export de comptes/trusts: ROBERT/DIANA HARSHBARGER TRUST, RAYTHEON, AMAZON, COPART, ELECTRONIC ARTS...). ~25 lignes/page. Layout grille a colonne unique 'x' plutot que le tableau A-K standard -> ressemble a un releve d'export annexe derriere la couverture officielle. Texte petit mais tape et lisible.",2021,Diana Harshbarger,B_tape_tourne
8218512,2021,Diana Harshbarger,7,ptr_form,mixed,mixed,dense,medium,"Formulaire officiel multi-pages: couverture droite (nom/district manuscrits), continuations tournees 90deg tapees et denses (Align, Amazon, Facebook, Tesla...).",2021,Diana Harshbarger,C_manuscrit
8217840,2021,Trey Hollingsworth,1,ptr_form,rotated90,typed,sparse,high,"Official House PTR form rotated 90 deg, 1 typed entry (Enterprise Product Partners).",2021,Trey Hollingsworth,B_tape_tourne
8217902,2021,Trey Hollingsworth,2,ptr_form,rotated90,typed,medium,high,"Official PTR form rotated 90 deg, ~6 typed Magellan Midstream entries.",2021,Trey Hollingsworth,B_tape_tourne
8217934,2021,Trey Hollingsworth,2,ptr_form,upright,typed,sparse,high,"Official PTR form, upright, 3 typed Magellan Midstream entries, HAND DELIVERED stamp.",2021,Trey Hollingsworth,A_tape_droit
8218030,2021,Trey Hollingsworth,2,ptr_form,upright,typed,sparse,high,"Official PTR form, upright, 3 typed Magellan Midstream entries.",2021,Trey Hollingsworth,A_tape_droit
8218112,2021,Trey Hollingsworth,2,ptr_form,mixed,typed,medium,medium,"Official PTR form; p1 and p2 rotated 90 deg in opposite directions (mixed angle). Typed, legible but tilted/skewed.",2021,Trey Hollingsworth,B_tape_tourne
8218182,2021,Trey Hollingsworth,2,ptr_form,rotated90,typed,medium,medium,"Official PTR form rotated 90 deg, ~9 typed Magellan Midstream entries, slightly faint scan.",2021,Trey Hollingsworth,B_tape_tourne
8218381,2021,Trey Hollingsworth,1,ptr_form,rotated90,typed,sparse,medium,"Official PTR form rotated 90 deg, ~3 typed entries, faint/skewed scan.",2021,Trey Hollingsworth,B_tape_tourne
8218433,2021,Trey Hollingsworth,1,ptr_form,rotated90,typed,sparse,high,"Official PTR form rotated 90 deg, ~2 typed entries (Magellan/Enterprise).",2021,Trey Hollingsworth,B_tape_tourne
8218441,2021,Trey Hollingsworth,1,ptr_form,rotated90,typed,sparse,high,"Official PTR form rotated 90 deg, 1 typed Enterprise Products entry.",2021,Trey Hollingsworth,B_tape_tourne
8218489,2021,Trey Hollingsworth,2,ptr_form,rotated90,typed,medium,medium,"Official PTR form rotated 90 deg, ~6 typed Magellan/Enterprise entries, somewhat faint.",2021,Trey Hollingsworth,B_tape_tourne
8217905,2021,Bill Huizenga,1,ptr_form,rotated90,handwritten,sparse,medium,"Formulaire officiel d'une page, tourne 90 degres. En-tete et une ligne d'actif manuscrits. Une seule entree.",2021,Bill Huizenga,C_manuscrit
8217820,2021,Mike Kelly,1,ptr_form,rotated90,handwritten,sparse,medium,"Official PTR form rotated 90 deg, 1 handwritten asset name (California St ...). Boxes hand-marked X.",2021,Mike Kelly,C_manuscrit
8217868,2021,Mike Kelly,1,ptr_form,rotated90,handwritten,sparse,medium,"Official PTR form rotated 90 deg, 1 handwritten entry (Cleveland-Cliffs Inc), hand-marked checkboxes.",2021,Mike Kelly,C_manuscrit
8217939,2021,Mike Kelly,1,ptr_form,rotated90,handwritten,medium,low,"Official PTR form rotated 90 deg, ~4-5 handwritten asset names that are scrawled and hard to decipher; hand-marked checkboxes.",2021,Mike Kelly,C_manuscrit
8218359,2021,Mike Kelly,1,ptr_form,rotated90,handwritten,sparse,high,"Formulaire officiel House une page, tourne 90 deg, 2 actifs ecrits a la main (Florida St Hsg, Beauty Health Co), lisibles.",2021,Mike Kelly,C_manuscrit
8218500,2021,Mike Kelly,1,ptr_form,rotated90,handwritten,sparse,high,"Formulaire officiel une page tourne 90 deg, une seule ligne manuscrite (The Beauty Health Co).",2021,Mike Kelly,C_manuscrit
8218506,2021,Mike Kelly,1,ptr_form,rotated90,handwritten,sparse,medium,"Formulaire officiel une page tourne 90 deg, une ligne manuscrite (Berkley?/Tao Rec gen), ecriture penchee mais lisible.",2021,Mike Kelly,C_manuscrit
8217856,2021,Rohit Khanna,6,ptr_form,mixed,typed,dense,medium,"Couverture p1 droite 'Please see the attached'; pages corps tournees 90 deg, formulaire officiel tape; p4 dense (~24 lignes), petit mais lisible. Pas un releve externe.",2021,Rohit Khanna,B_tape_tourne
8217894,2021,Rohit Khanna,6,ptr_form,mixed,typed,dense,medium,"Couverture droite p1; corps tourne 90 deg formulaire officiel tape; p4 tres dense (>40 lignes), petit et un peu flou -> medium.",2021,Rohit Khanna,B_tape_tourne
8217938,2021,Rohit Khanna,4,ptr_form,mixed,typed,dense,medium,"Couverture droite p1; corps tourne 90 deg tape; p3 lisible (medium), p4 tres dense et petit -> medium.",2021,Rohit Khanna,B_tape_tourne
8218031,2021,Rohit Khanna,4,ptr_form,mixed,typed,dense,medium,"Couverture droite p1; corps tourne 90 deg, formulaire officiel tape tres dense (>40 lignes), texte petit -> medium.",2021,Rohit Khanna,B_tape_tourne
8218109,2021,Rohit Khanna,3,ptr_form,mixed,typed,dense,medium,"Couverture droite p1; p2 formulaire officiel tourne 90 deg tape lisible (~18 lignes), p3 dense et petit -> medium.",2021,Rohit Khanna,B_tape_tourne
8218147,2021,Rohit Khanna,3,ptr_form,mixed,typed,dense,medium,"Couverture droite p1; corps tourne 90 deg tape; p2 medium lisible, p3 tres dense, texte petit/flou -> medium.",2021,Rohit Khanna,B_tape_tourne
8218261,2021,Rohit Khanna,5,ptr_form,mixed,typed,dense,medium,"Couverture droite p1; corps tourne 90 deg formulaire officiel tape; p3 sparse, p5 tres dense (>40 lignes), petit -> medium.",2021,Rohit Khanna,B_tape_tourne
8218338,2021,Rohit Khanna,23,ptr_form,mixed,typed,dense,medium,"Couverture droite signee/tamponnee a la main, puis formulaire officiel tourne 90 extremement dense. Barre noire de scan visible sur certaines pages (ex. p23). Tape, PAS un releve externe.",2021,Rohit Khanna,B_tape_tourne
8218398,2021,Rohit Khanna,9,ptr_form,mixed,typed,dense,medium,"Couverture droite p1; corps tourne 90 deg tape; p5 tres dense (>40 lignes), p9 sparse (Morgan Stanley CMA). Tape lisible mais petit -> medium.",2021,Rohit Khanna,B_tape_tourne
8218426,2021,Rohit Khanna,8,ptr_form,mixed,typed,dense,medium,"Couverture droite p1; corps tourne 90 deg formulaire officiel tape; p5 et p8 tres denses (>40 lignes), petit -> medium.",2021,Rohit Khanna,B_tape_tourne
8218490,2021,Rohit Khanna,11,ptr_form,mixed,typed,dense,medium,"Couverture droite p1; corps tourne 90 deg tape; p6 et p11 tres denses (>40 lignes), texte petit -> medium. Pas un releve externe.",2021,Rohit Khanna,B_tape_tourne
8217876,2021,David Kustoff,1,ptr_form,upright,handwritten,sparse,medium,"Formulaire officiel House droit, noms d'actifs manuscrits (~2 lignes), petite ecriture mais lisible.",2021,David Kustoff,C_manuscrit
8218126,2021,David Kustoff,2,ptr_form,upright,handwritten,sparse,medium,"Page 1 du formulaire officiel remplie a la main (~2 lignes, 'Exxon mobil'); page 2 = grille de continuation du MEME formulaire, vierge.",2021,David Kustoff,C_manuscrit
8218311,2021,David Kustoff,1,ptr_form,upright,typed,sparse,high,"Formulaire officiel droit, 1 ligne tapee 'Microsoft Corporation (MSFT)', tres lisible.",2021,David Kustoff,A_tape_droit
8218411,2021,David Kustoff,2,ptr_form,upright,handwritten,sparse,medium,"Page 1 manuscrite (~1 ligne, 'Roku'); page 2 = grille de continuation du meme formulaire, vierge.",2021,David Kustoff,C_manuscrit
8218477,2021,David Kustoff,2,ptr_form,upright,handwritten,sparse,medium,"Page 1 manuscrite (~3 lignes: Starbucks, Advanced Micro Devices, Roku); page 2 = grille de continuation vierge du meme formulaire.",2021,David Kustoff,C_manuscrit
8217846,2021,Doug Lamborn,2,ptr_form,mixed,handwritten,medium,medium,"Page 1 droite manuscrite; page 2 tournee 90deg, manuscrite (~6 lignes 'NetApp Inc stock'/'IRA'). Orientation variable entre pages.",2021,Doug Lamborn,C_manuscrit
8217906,2021,Doug Lamborn,2,ptr_form,mixed,handwritten,medium,medium,"Page 1 droite manuscrite; page 2 tournee 90deg, manuscrite dense (~6 lignes). Meme formulaire officiel, orientation mixte.",2021,Doug Lamborn,C_manuscrit
8218028,2021,Doug Lamborn,3,ptr_form,rotated90,handwritten,medium,medium,"Formulaire officiel House, tourne 90 degres, manuscrit serre (majoritairement 'SP/IRA Net App Inc Stock'). ~12-15 lignes par page. Lisible mais petit et repetitif. Tampon 'HAND DELIVERED'.",2021,Doug Lamborn,C_manuscrit
8218132,2021,Doug Lamborn,3,ptr_form,mixed,handwritten,medium,medium,"Page 1 droite manuscrite; pages 2-3 tournees 90deg, manuscrites (~6-7 lignes chacune, 'NetApp Inc stock'/'IRA'). Orientation mixte, lisible mais penche.",2021,Doug Lamborn,C_manuscrit
8218183,2021,Doug Lamborn,1,ptr_form,upright,handwritten,sparse,medium,"Formulaire officiel droit, manuscrit (~2 lignes 'NetApp Inc Stock'/'IRA').",2021,Doug Lamborn,C_manuscrit
8218370,2021,Doug Lamborn,2,ptr_form,mixed,handwritten,sparse,medium,"Page 1 droite manuscrite (~1 ligne); page 2 tournee 90deg manuscrite, peu de lignes. Orientation variable.",2021,Doug Lamborn,C_manuscrit
8218413,2021,Doug Lamborn,2,ptr_form,rotated90,handwritten,medium,medium,"Formulaire officiel tourne 90deg sur les deux pages, manuscrit ('NetApp Inc stock'/'IRA'), ~6 lignes en page 2.",2021,Doug Lamborn,C_manuscrit
8218442,2021,Doug Lamborn,2,ptr_form,rotated90,handwritten,sparse,medium,"Formulaire officiel tourne 90deg, manuscrit, sparse (~2 lignes 'NetApp Inc stock'/'IRA').",2021,Doug Lamborn,C_manuscrit
8218114,2021,Billy Long,1,ptr_form,upright,handwritten,sparse,high,"Formulaire officiel House (colonnes FULL ASSET NAME/TYPE/DATE/AMOUNT A-K). 2 actifs manuscrits (Walt Disney Co, Southern Co), tres lisibles. Tampon 'HAND DELIVERED'. Page quasi droite, tres legere inclinaison.",2021,Billy Long,C_manuscrit
8218371,2021,Roger W. Marshall,2,ptr_form,upright,typed,medium,high,"Formulaire officiel droit, entierement TAPE (Microsoft Corp (MSFT), Chevron Corp (CVX), Roku Inc (ROKU), Gilead (GILD), Walt Disney (DIS)), cases cochees propres, ~6 lignes, tres lisible.",2021,Roger W. Marshall,A_tape_droit
8217852,2021,Doris O. Matsui,2,ptr_form,rotated90,typed,medium,high,"Formulaire officiel House tourne 90, tape, lisible (US Treasury Notes, Zoom, Tencent).",2021,Doris O. Matsui,B_tape_tourne
8217869,2021,Michael T. McCaul,5,ptr_form,mixed,typed,dense,medium,"Page 1 = couverture officielle House droite ('SEE SCHEDULES ATTACHED'). Pages annexes = schedules dactylographies tres denses tournes 90 degres (LLM FAMILY PARTNERS, HONEYWELL, PACCAR, SAFEGUARD SCIENTIFIC, GRAYSCALE BITCOIN TRUST...), colonnes standard FULL ASSET NAME/Type/Date/Amount A-K. >25 lignes par page. Tape + dense mais lisible, PAS un releve externe.",2021,Michael T. McCaul,B_tape_tourne
8217912,2021,Michael T. McCaul,4,ptr_form,mixed,typed,dense,medium,"Couverture 'SEE SCHEDULES ATTACHED' tournee 90 + pages-schedules du meme formulaire officiel, tapees et tres denses.",2021,Michael T. McCaul,B_tape_tourne
8217977,2021,Michael T. McCaul,6,ptr_form,mixed,typed,dense,medium,"Couverture + schedules officiels tapes, tres denses, tournes 90.",2021,Michael T. McCaul,B_tape_tourne
8218059,2021,Michael T. McCaul,5,ptr_form,mixed,typed,dense,medium,Formulaire officiel; couverture + schedules tapes denses tournes 90.,2021,Michael T. McCaul,B_tape_tourne
8218113,2021,Michael T. McCaul,6,ptr_form,mixed,typed,dense,medium,"Page de couverture droite, pages-schedules tournees 90, tapees, denses.",2021,Michael T. McCaul,B_tape_tourne
8218157,2021,Michael T. McCaul,6,ptr_form,mixed,typed,dense,medium,"Couverture droite + schedules officiels tournes 90, tapes, denses.",2021,Michael T. McCaul,B_tape_tourne
8218312,2021,Michael T. McCaul,5,ptr_form,mixed,typed,dense,high,"Couverture droite, schedules officiels tournes 90, tapes, denses, bien lisibles.",2021,Michael T. McCaul,B_tape_tourne
8218376,2021,Michael T. McCaul,7,ptr_form,mixed,typed,dense,medium,"Couverture droite + schedules officiels tournes 90, tapes, tres denses.",2021,Michael T. McCaul,B_tape_tourne
8218408,2021,Michael T. McCaul,5,ptr_form,mixed,typed,dense,high,"Couverture droite, schedules officiels tournes 90, tapes, denses, lisibles.",2021,Michael T. McCaul,B_tape_tourne
8218460,2021,Michael T. McCaul,3,ptr_form,mixed,typed,dense,high,"Couverture droite, schedule officiel tourne 90, tape, dense, bien lisible (Murphy Oil, IBM, Fortinet).",2021,Michael T. McCaul,B_tape_tourne
8217844,2021,Harold Dallas Rogers,1,ptr_form,upright,typed,sparse,high,"Formulaire officiel droit; mention tapee 'Nothing to report for January 2021', quasi-nul (a peine une ligne).",2021,Harold Dallas Rogers,A_tape_droit
8217925,2021,Harold Dallas Rogers,2,ptr_form,upright,typed,medium,high,"Formulaire officiel droit, tape, lisible (fonds Vanguard/iShares/Bridge Builder).",2021,Harold Dallas Rogers,A_tape_droit
8217926,2021,Harold Dallas Rogers,1,ptr_form,upright,typed,sparse,high,"Formulaire officiel droit; mention 'Nothing to report February 2021' (declaration nulle, aucune transaction).",2021,Harold Dallas Rogers,A_tape_droit
8218108,2021,Harold Dallas Rogers,1,ptr_form,rotated90,typed,sparse,high,"Formulaire officiel House tourne 90, une seule transaction (Bridge Builder), typo lisible.",2021,Harold Dallas Rogers,B_tape_tourne
8218139,2021,Harold Dallas Rogers,1,ptr_form,rotated90,typed,sparse,high,"Formulaire officiel tourne 90, 'Nothing to report for May 2021'.",2021,Harold Dallas Rogers,B_tape_tourne
8218262,2021,Harold Dallas Rogers,1,ptr_form,rotated90,typed,sparse,medium,"Formulaire officiel tourne 90, 'Nothing to report for June 2021', tampon penche mais lisible.",2021,Harold Dallas Rogers,B_tape_tourne
8218372,2021,Harold Dallas Rogers,1,ptr_form,rotated90,typed,sparse,high,"Formulaire officiel tourne 90, 'Nothing to report for June 2021'.",2021,Harold Dallas Rogers,B_tape_tourne
8218373,2021,Harold Dallas Rogers,1,ptr_form,rotated90,typed,sparse,high,"Formulaire officiel tourne 90, 'Nothing to report for August 2021'.",2021,Harold Dallas Rogers,B_tape_tourne
8218374,2021,Harold Dallas Rogers,1,ptr_form,rotated90,typed,sparse,high,"Formulaire officiel tourne 90, 'Nothing to report for July 2021'.",2021,Harold Dallas Rogers,B_tape_tourne
8218414,2021,Harold Dallas Rogers,1,ptr_form,rotated90,typed,sparse,high,"Formulaire officiel tourne 90, 'Nothing to report for September 2021'.",2021,Harold Dallas Rogers,B_tape_tourne
8218481,2021,Harold Dallas Rogers,1,ptr_form,rotated90,typed,sparse,high,"Formulaire officiel tourne 90, 'Nothing to report for October 2021'.",2021,Harold Dallas Rogers,B_tape_tourne
8218507,2021,Harold Dallas Rogers,1,ptr_form,rotated90,typed,sparse,high,"Formulaire officiel tourne 90, une transaction Franklin KY Tax-Free Income A Merger.",2021,Harold Dallas Rogers,B_tape_tourne
8218062,2021,Harley E. Rouda,2,ptr_form,rotated90,typed,medium,high,"Formulaire officiel tourne 90, actifs tapes (AMAZON, TESLA), p2 = page notes vierge.",2021,Harley E. Rouda,B_tape_tourne
8217870,2021,Kurt Schrader,3,ptr_form,rotated90,handwritten,medium,medium,"Formulaire officiel House, tourne 90 degres, manuscrit (Catalent, Aptiv PLC, S&P500 Dep Rcts, Schwab, Air Products, ASML, Alibaba, Chubb, Union Pacific). ~8 lignes/page, dates manuscrites un peu floues. Tampon 'HAND DELIVERED'.",2021,Kurt Schrader,C_manuscrit
8217887,2021,Kurt Schrader,3,ptr_form,rotated90,handwritten,dense,medium,"Formulaire officiel tourne 90 mais noms d'actifs MANUSCRITS (French Holdings, MSCI Inc, Microsoft Corp, BlackRock Inc, Home Depot...). Lisible avec effort sur 3 pages.",2021,Kurt Schrader,C_manuscrit
8217927,2021,Kurt Schrader,3,ptr_form,rotated90,typed,dense,high,"Formulaire officiel tourne 90, tape, dense sur 3 pages (Pepsico, Microsoft, Chevron, AT&T, Lockheed Martin...).",2021,Kurt Schrader,B_tape_tourne
8217928,2021,Kurt Schrader,9,ptr_form,rotated90,typed,medium,high,"Formulaire officiel House, tourne 90 degres, dactylographie et propre (Delaware Corp Bond, Blackrock, JP Morgan, iShares/Nuveen ESG, SPDR Bloomberg Barclays, Procter & Gamble, Air Products, Broadcom). ~7-8 lignes par page. Tampon 'HAND DELIVERED'.",2021,Kurt Schrader,B_tape_tourne
8218029,2021,Kurt Schrader,2,ptr_form,rotated90,typed,medium,high,"Formulaire officiel tourne 90, tape (Vulcan Materials, Eaton Corp, Fortive, IQVIA, Sea Ltd ADR).",2021,Kurt Schrader,B_tape_tourne
8218082,2021,Kurt Schrader,3,ptr_form,rotated90,typed,medium,high,"Formulaire officiel House tape, tourne 90 deg; ~6-7 lignes/page, noms d'actifs tapes lisibles (Eaton Corp, JPMorgan, Adobe, etc.)",2021,Kurt Schrader,B_tape_tourne
8218140,2021,Kurt Schrader,3,ptr_form,rotated90,typed,medium,high,"Formulaire officiel tape, tourne 90 deg; NRG/Exxon/AT&T/JPMorgan, lisible",2021,Kurt Schrader,B_tape_tourne
8218220,2021,Kurt Schrader,1,ptr_form,rotated90,typed,sparse,high,"Page unique, 1 ligne (iShares US LRG / Calvert US LRG), tourne 90 deg, tape lisible",2021,Kurt Schrader,B_tape_tourne
8218328,2021,Kurt Schrader,3,ptr_form,rotated90,typed,medium,high,"Formulaire officiel tape, tourne 90 deg; Microsoft/CVX/Apple/Visa etc., lisible",2021,Kurt Schrader,B_tape_tourne
8218386,2021,Kurt Schrader,4,ptr_form,rotated90,typed,medium,high,"4 pages, formulaire officiel tape, tourne 90 deg; Home Depot/Paypal/iShares/Eaton/JP Morgan etc.",2021,Kurt Schrader,B_tape_tourne
8218424,2021,Kurt Schrader,2,ptr_form,rotated90,typed,sparse,high,"Formulaire officiel tape, tourne 90 deg; Adobe/Paypal/Blackrock/Baxter + AT&T/Blackstone, page 2 ~2 lignes",2021,Kurt Schrader,B_tape_tourne
8218491,2021,Kurt Schrader,2,ptr_form,rotated90,typed,sparse,high,"Formulaire officiel tape, tourne 90 deg; Vulcan/Northrop/Visa/Union Pacific p1, Blackstone seul p2 (sparse)",2021,Kurt Schrader,B_tape_tourne
8218054,2021,Fred Upton,1,ptr_form,rotated90,handwritten,sparse,medium,"Formulaire officiel House mais REMPLI A LA MAIN (nom Fred Upton, actif 'C3 AI Inc', dates, coches manuscrites); tourne 90 deg, 1 ligne, ecriture petite mais lisible",2021,Fred Upton,C_manuscrit
8218167,2021,Fred Upton,1,ptr_form,rotated90,handwritten,sparse,medium,"Formulaire officiel rempli a la main (First Trust ... manuscrit); tourne 90 deg, 1 ligne, ecriture penchee",2021,Fred Upton,C_manuscrit
8218329,2021,Fred Upton,1,ptr_form,rotated90,handwritten,sparse,medium,"Formulaire officiel rempli a la main (Costco x2 manuscrit, dates 9/20/21); tourne 90 deg, 2 lignes",2021,Fred Upton,C_manuscrit
8218375,2021,Fred Upton,1,ptr_form,rotated90,handwritten,sparse,medium,"Formulaire officiel rempli a la main (GXO Logistics + note 'Tps line to spinoff from XPO'); tourne 90 deg, note marginale manuscrite peu lisible",2021,Fred Upton,C_manuscrit
8217886,2021,Ann Wagner,2,ptr_form,rotated90,typed,sparse,high,"Formulaire officiel tourne 90 degres. Une seule transaction tapee sur p1, p2 est une page de continuation vide. Tres lisible.",2021,Ann Wagner,B_tape_tourne
8217937,2021,Ann Wagner,2,ptr_form,rotated90,typed,sparse,high,"Formulaire officiel tape, tourne 90 deg; p1 actifs tapes (King Cnty WA / Astrazeneca Cmn Stk), p2 page de continuation vierge",2021,Ann Wagner,B_tape_tourne
8218083,2021,Ann Wagner,2,ptr_form,rotated90,typed,sparse,high,"Formulaire officiel tape, tourne 90 deg; p1 1 ligne tapee (Trempealeau County WI Justice Center Series A), p2 continuation vierge",2021,Ann Wagner,B_tape_tourne
8218144,2021,Ann Wagner,2,ptr_form,rotated90,typed,sparse,high,"Formulaire officiel House tourne 90, tape, 1 ligne de transaction p1, p2 vide.",2021,Ann Wagner,B_tape_tourne
8218330,2021,Ann Wagner,1,ptr_form,rotated90,handwritten,sparse,high,"Formulaire officiel tourne 90, noms d'actifs manuscrits (munis), ~5 lignes, lisible.",2021,Ann Wagner,C_manuscrit
8218534,2022,Tom Cole,2,ptr_form,rotated90,handwritten,sparse,medium,"Formulaire officiel tourne 90, en-tete manuscrit (Wells Fargo Common), grille de transactions quasi vide, p2 vide.",2022,Tom Cole,C_manuscrit
8218659,2022,Tom Cole,1,ptr_form,rotated90,handwritten,sparse,medium,"Formulaire officiel tourne 90, manuscrit (Enbridge Common Stock), ~1 ligne, barre noire HAND DELIVERED sur le bord.",2022,Tom Cole,C_manuscrit
8218938,2022,Tom Cole,1,ptr_form,rotated90,handwritten,sparse,medium,"Formulaire officiel tourne 90, manuscrit (Alliant Energy Corp), 1 ligne vente.",2022,Tom Cole,C_manuscrit
8218624,2022,James M. Costa,1,ptr_form,rotated90,mixed,sparse,high,"Formulaire officiel tourne 90, nom tape, actif tape (West American Bank WABC Stock), 1 ligne.",2022,James M. Costa,C_manuscrit
8219054,2022,Sharice Davids,2,ptr_form,rotated90,handwritten,medium,medium,"Formulaire officiel tourne 90, noms d'actifs et filer notes manuscrits, ~5-8 lignes, ecriture penchee mais lisible.",2022,Sharice Davids,C_manuscrit
8218535,2022,"Charles J. ""Chuck"" Fleischmann",2,ptr_form,mixed,typed,medium,high,"Formulaire officiel tape, fonds communs (T Rowe Price, Vanguard, etc.). Page 1 droite (legerement penchee), page 2 continuation tournee 90. Coches a la main (X) mais texte tape.",2022,"Charles J. ""Chuck"" Fleischmann",B_tape_tourne
8218565,2022,"Charles J. ""Chuck"" Fleischmann",2,ptr_form,rotated90,typed,medium,high,"Formulaire officiel tourne 90, tape (Draftkings, Invesco, iShares ETFs), ~5 lignes/page.",2022,"Charles J. ""Chuck"" Fleischmann",B_tape_tourne
8218753,2022,"Charles J. ""Chuck"" Fleischmann",4,ptr_form,mixed,typed,medium,high,"Formulaire officiel tape, ETF/index (SPDR, WisdomTree, etc.). Page 1 droite, pages 3-4 continuations tournees 90 (p4 seulement 2 lignes). Coches manuscrites mais asset names tapes.",2022,"Charles J. ""Chuck"" Fleischmann",B_tape_tourne
8219165,2022,"Charles J. ""Chuck"" Fleischmann",2,ptr_form,rotated90,typed,medium,high,"Formulaire officiel tourne 90, tape (Invesco, iShares, SPDR ETFs), ~5-6 lignes/page.",2022,"Charles J. ""Chuck"" Fleischmann",B_tape_tourne
8219277,2022,"Charles J. ""Chuck"" Fleischmann",3,ptr_form,mixed,typed,medium,high,"Formulaire officiel, p1 tournee 90 mais p2/p3 droites (orientation variable), tape (SPDR/iShares ETFs), ~5 lignes/page.",2022,"Charles J. ""Chuck"" Fleischmann",B_tape_tourne
8219298,2022,"Charles J. ""Chuck"" Fleischmann",1,ptr_form,rotated90,typed,sparse,high,"Formulaire officiel tourne 90, tape (Parnassus Mid-Cap Fund, Twilio Inc), ~2 lignes.",2022,"Charles J. ""Chuck"" Fleischmann",B_tape_tourne
8218641,2022,Scott Franklin,5,ptr_form,upright,typed,medium,high,"Formulaire officiel entierement DROIT (toutes pages upright). Actifs tapes et tres lisibles (Starbucks, Microsoft, Cisco, JPMorgan, Verizon). Champs nom/notes manuscrits (IRA Account) mais les entrees d'actifs sont tapees.",2022,Scott Franklin,A_tape_droit
8219043,2022,Vicente Gonzalez,1,ptr_form,rotated90,handwritten,sparse,medium,"Formulaire officiel tourne 90, manuscrit (Berkshire Hathaway, Tesla TSLA, Penn), ~2-3 lignes, lisible.",2022,Vicente Gonzalez,C_manuscrit
8218540,2022,Diana Harshbarger,7,ptr_form,mixed,typed,dense,high,"Formulaire officiel, couverture droite + pages tableau tournees 90, denses, tapees et lisibles (Electronic Arts, Analog Devices, Oshkosh Corp). Nombreux trusts familiaux.",2022,Diana Harshbarger,B_tape_tourne
8218580,2022,Diana Harshbarger,11,ptr_form,mixed,typed,dense,medium,"Formulaire officiel, couverture droite + pages tableau tournees 90, denses, tapees (Jabil, Booking Holdings, Wells Fargo, American Financial, Carlyle, Electronic Arts). Multiples trusts ; caracteres petits mais lisibles.",2022,Diana Harshbarger,B_tape_tourne
8218621,2022,Diana Harshbarger,8,ptr_form,rotated90,typed,dense,medium,"Gros dossier officiel tourne 90 (8 pages), p1 couverture grille vide, pages 5/8 TAPEES tres denses >20 lignes (Harshbarger Family Trust, Citrix, Disney, Salesforce...). Pattern Khanna/McCaul, lisible mais petit.",2022,Diana Harshbarger,B_tape_tourne
8218662,2022,Diana Harshbarger,7,ptr_form,rotated90,typed,dense,medium,"Formulaire officiel House PTR tourne 90 degres, tape, tables tres chargees (HARSHBARGER FAMILY TRUST, etc.). Lisible mais petit/tourne.",2022,Diana Harshbarger,B_tape_tourne
8218894,2022,Diana Harshbarger,10,ptr_form,rotated90,typed,dense,medium,"Formulaire officiel House PTR tourne 90 degres, tape, pages internes denses. Lisible mais petit/tourne.",2022,Diana Harshbarger,B_tape_tourne
8219056,2022,Diana Harshbarger,4,ptr_form,mixed,typed,medium,high,"Formulaire officiel House. Page 1 couverture droite ; pages tableau (3-4) tournees 90, tapees et lisibles (Procter & Gamble, etc.). Page 4 peu remplie.",2022,Diana Harshbarger,B_tape_tourne
8219131,2022,Diana Harshbarger,10,ptr_form,rotated90,typed,dense,medium,"Formulaire officiel House PTR tourne 90 degres, tape, dense. Lisible mais petit/tourne.",2022,Diana Harshbarger,B_tape_tourne
8219202,2022,Diana Harshbarger,9,ptr_form,rotated90,typed,dense,medium,"Formulaire officiel House PTR tourne 90 degres, tape, dense. Page 1 colonnes FULL ASSET NAME/TYPE/AMOUNT confirmees.",2022,Diana Harshbarger,B_tape_tourne
8219228,2022,Diana Harshbarger,5,ptr_form,rotated90,typed,dense,medium,"Formulaire officiel House PTR tourne 90 degres, tape, dense. Lisible mais petit/tourne.",2022,Diana Harshbarger,B_tape_tourne
8219266,2022,Diana Harshbarger,6,ptr_form,rotated90,typed,dense,medium,"Formulaire officiel House PTR tourne 90 degres, tape, dense. Lisible mais petit/tourne.",2022,Diana Harshbarger,B_tape_tourne
8219281,2022,Diana Harshbarger,9,ptr_form,rotated90,typed,dense,medium,"Formulaire officiel House PTR tourne 90 degres, tape, dense. Page 1 lisible nettement, pages internes denses.",2022,Diana Harshbarger,B_tape_tourne
8218661,2022,Trey Hollingsworth,2,ptr_form,upright,typed,sparse,medium,"Formulaire officiel House PTR droit, tape, tres peu de lignes (Enterprise Products Partners). Page 2 quasi vide.",2022,Trey Hollingsworth,A_tape_droit
8218937,2022,Trey Hollingsworth,2,ptr_form,upright,typed,sparse,medium,"Formulaire officiel House PTR droit, tape, qq lignes Owl Rock Capital Corp. Page 2 quasi vide.",2022,Trey Hollingsworth,A_tape_droit
8219044,2022,Trey Hollingsworth,2,ptr_form,upright,typed,sparse,medium,"Formulaire officiel House PTR droit, tape, qq lignes Owl Rock Capital Corp. Page 2 quasi vide.",2022,Trey Hollingsworth,A_tape_droit
8219209,2022,Trey Hollingsworth,2,ptr_form,upright,typed,sparse,medium,"Formulaire officiel House PTR droit, tape, 1-2 lignes (National Bank of Canada). Page 2 vide.",2022,Trey Hollingsworth,A_tape_droit
8219258,2022,Trey Hollingsworth,2,ptr_form,upright,typed,sparse,medium,"Formulaire officiel House PTR droit, tape, 1 ligne (JPMorgan Chase). Page 2 vide.",2022,Trey Hollingsworth,A_tape_droit
8219272,2022,Trey Hollingsworth,2,ptr_form,upright,typed,sparse,medium,"Formulaire officiel House PTR droit, tape, 1 ligne (Coats Structured Fund). Page 2 vide.",2022,Trey Hollingsworth,A_tape_droit
8218604,2022,Mike Kelly,1,ptr_form,rotated90,handwritten,sparse,medium,"Formulaire officiel House 1 page, tourne 90, entrees manuscrites (FAIRFIELD COUNTY VA, etc.).",2022,Mike Kelly,C_manuscrit
8218856,2022,Mike Kelly,1,ptr_form,rotated90,handwritten,sparse,medium,"Formulaire officiel House 1 page, tourne 90, manuscrit (OHIO STATE, ROCKWOOD).",2022,Mike Kelly,C_manuscrit
8218936,2022,Mike Kelly,1,ptr_form,rotated90,handwritten,sparse,medium,"Formulaire officiel House 1 page, tourne 90, manuscrit, mention HAND DELIVERED.",2022,Mike Kelly,C_manuscrit
8219082,2022,Mike Kelly,1,ptr_form,rotated90,handwritten,sparse,medium,"Formulaire officiel House 1 page, tourne 90, une seule ligne manuscrite.",2022,Mike Kelly,C_manuscrit
8219156,2022,Mike Kelly,1,ptr_form,rotated90,handwritten,sparse,medium,"Formulaire officiel House 1 page, tourne 90, une ligne manuscrite (REGENCY).",2022,Mike Kelly,C_manuscrit
8218518,2022,Rohit Khanna,10,ptr_form,rotated90,typed,dense,medium,"Couverture officielle 'Please see the attached' + pages de continuation du MEME formulaire House, tourne 90, tape. p6 tres serree/petite, p10 lisible.",2022,Rohit Khanna,B_tape_tourne
8218560,2022,Rohit Khanna,13,ptr_form,rotated90,typed,dense,medium,"Couverture officielle 'see attached' + continuation meme formulaire House, tourne 90, tape. p7 tres dense/petite, p13 lisible (MASTERCARD, DANAHER...).",2022,Rohit Khanna,B_tape_tourne
8218597,2022,Rohit Khanna,12,ptr_form,rotated90,typed,dense,medium,"Couverture officielle + continuation meme formulaire House, tourne 90, tape. Pages de transactions tres serrees rendues en petit; tabulaire officiel.",2022,Rohit Khanna,B_tape_tourne
8218637,2022,Rohit Khanna,10,ptr_form,rotated90,typed,dense,medium,"Couverture officielle + continuation meme formulaire House, tourne 90, tape. p6 extremement dense/petite (limite basse), p10 lisible.",2022,Rohit Khanna,B_tape_tourne
8218730,2022,Rohit Khanna,18,ptr_form,rotated90,typed,dense,medium,"Couverture officielle 'see attached' + continuation meme formulaire House, tourne 90, tape. p10 tres serree, p18 bien lisible (VERIZON, JPMORGAN CHASE...).",2022,Rohit Khanna,B_tape_tourne
8218940,2022,Rohit Khanna,67,ptr_form,rotated90,typed,dense,high,"Gros dossier 67 p: couverture officielle + continuation meme formulaire House, tourne 90, tape, lisible. Formulaire officiel, PAS un releve externe.",2022,Rohit Khanna,B_tape_tourne
8219068,2022,Rohit Khanna,34,ptr_form,rotated90,typed,dense,high,"34 p: couverture officielle 'Please see the attached' + continuation meme formulaire House, tourne 90, tape, lisible.",2022,Rohit Khanna,B_tape_tourne
8219155,2022,Rohit Khanna,16,ptr_form,rotated90,typed,dense,high,"16 p: couverture officielle + continuation meme formulaire House, tourne 90, tape, derniere page bien lisible (MORGAN STANLEY, JPMORGAN CHASE & CO).",2022,Rohit Khanna,B_tape_tourne
8219207,2022,Rohit Khanna,24,ptr_form,rotated90,typed,dense,medium,Formulaire officiel House. Couverture 'Please see the attached' suivie du meme formulaire taourne 90. Barres noires de scan sur p13 masquant quelques cellules; p24 tres lisible.,2022,Rohit Khanna,B_tape_tourne
8219242,2022,Rohit Khanna,32,ptr_form,rotated90,typed,dense,medium,"Formulaire officiel tape, tourne 90. Barres noires de scan sur p17; noms d'actifs globalement lisibles.",2022,Rohit Khanna,B_tape_tourne
8219275,2022,Rohit Khanna,21,ptr_form,rotated90,typed,dense,medium,"Formulaire officiel tape, tourne 90. Barres noires de scan presentes; noms d'actifs lisibles (META PLATFORMS, DEERE & COMPANY, etc.).",2022,Rohit Khanna,B_tape_tourne
8219288,2022,Rohit Khanna,28,ptr_form,rotated90,typed,dense,high,"Formulaire officiel tape. Scan propre, noms d'actifs nets (COMCAST, FIDELITY, SVB FINANCIAL...). Pages de donnees tournees 90.",2022,Rohit Khanna,B_tape_tourne
8218527,2022,David Kustoff,1,ptr_form,upright,handwritten,sparse,medium,"Formulaire officiel rempli a la main, droit, peu d'entrees; ecriture manuscrite penchee mais lisible.",2022,David Kustoff,C_manuscrit
8218561,2022,David Kustoff,2,ptr_form,upright,handwritten,sparse,medium,"Formulaire officiel manuscrit (Proctor & Gamble, Microsoft Corp...). p2 = formulaire de continuation vierge. Manuscrit lisible.",2022,David Kustoff,C_manuscrit
8219259,2022,David Kustoff,1,ptr_form,upright,handwritten,sparse,medium,"Formulaire officiel manuscrit, droit, peu d'entrees, lisible.",2022,David Kustoff,C_manuscrit
8218548,2022,Doug Lamborn,2,ptr_form,mixed,handwritten,sparse,medium,"Formulaire officiel manuscrit (NetApp Inc stock, IRA). p1 droite, p2 tournee 90 -> orientation mixte.",2022,Doug Lamborn,C_manuscrit
8218598,2022,Doug Lamborn,2,ptr_form,mixed,handwritten,medium,medium,"Formulaire officiel manuscrit (NetApp Inc stock, IRA). p1 droite, p2 tournee 90 -> mixte. Plusieurs lignes.",2022,Doug Lamborn,C_manuscrit
8219025,2022,Doug Lamborn,2,ptr_form,mixed,handwritten,sparse,medium,"Formulaire officiel manuscrit (NetApp Inc stock, IRA). p1 droite, p2 tournee 90 -> mixte.",2022,Doug Lamborn,C_manuscrit
8219130,2022,Doug Lamborn,2,ptr_form,mixed,handwritten,medium,medium,"Formulaire officiel manuscrit (NetApp Inc stock, IRA). p1 droite, p2 tournee 90 -> mixte. ~8-9 lignes.",2022,Doug Lamborn,C_manuscrit
8219289,2022,Doug Lamborn,2,ptr_form,mixed,handwritten,medium,medium,"Formulaire officiel manuscrit, plusieurs lignes NetApp. p1 droite, p2 tournee 90 -> mixte.",2022,Doug Lamborn,C_manuscrit
8219290,2022,Doug Lamborn,2,ptr_form,mixed,handwritten,medium,medium,"Formulaire officiel manuscrit (NetApp Inc stock, IRA). p1 droite, p2 tournee 90 -> mixte.",2022,Doug Lamborn,C_manuscrit
8218599,2022,Billy Long,1,ptr_form,upright,typed,sparse,high,"Formulaire officiel droit, une seule transaction tapee (Apple, achat, 02/02/22). Tampons manuscrits dans la marge (signature/date).",2022,Billy Long,A_tape_droit
8218545,2022,Michael T. McCaul,16,ptr_form,rotated90,typed,dense,medium,"Formulaire officiel House (FULL ASSET NAME / TYPE / DATE / AMOUNT A-K). Page 1 de couverture upright (case 'SEE SCHEDULES ATTACHED'), puis les pages de schedule (p9, p16) sont du MEME formulaire officiel mais TOURNEES 90 degres et tres denses (>20 lignes/page). Dactylographie, lisible avec effort. PAS un releve externe.",2022,Michael T. McCaul,B_tape_tourne
8218579,2022,Michael T. McCaul,11,ptr_form,mixed,typed,dense,medium,"Couverture p1 droite 'SEE SCHEDULES ATTACHED', schedules officiels p6/p11 tournes 90 degres, tapes, tres charges.",2022,Michael T. McCaul,B_tape_tourne
8218615,2022,Michael T. McCaul,8,ptr_form,mixed,typed,dense,medium,"Cas 'tourne + tres dense' du pre-examen : formulaire officiel tape, couverture droite, pages tableau tournees 90 et tres denses (>30 lignes : muni bonds, Murphy Oil, Chevron). Petits caracteres mais lisibles ; NE PAS confondre avec un releve externe.",2022,Michael T. McCaul,B_tape_tourne
8218645,2022,Michael T. McCaul,6,ptr_form,mixed,typed,dense,medium,"Couverture p1 droite, schedules tournes 90 degres tapes; p4 dense, derniere page sparse.",2022,Michael T. McCaul,B_tape_tourne
8218855,2022,Michael T. McCaul,5,ptr_form,mixed,typed,dense,medium,"Couverture p1 droite, schedules officiels tournes 90 degres tapes; p3 dense.",2022,Michael T. McCaul,B_tape_tourne
8219010,2022,Michael T. McCaul,9,ptr_form,mixed,typed,dense,medium,"Couverture p1 droite, schedules tournes 90 degres tapes; p5 dense, derniere page courte.",2022,Michael T. McCaul,B_tape_tourne
8219090,2022,Michael T. McCaul,6,ptr_form,mixed,typed,dense,medium,"Couverture p1 droite, schedules tournes 90 degres tapes; p4 dense, derniere page sparse.",2022,Michael T. McCaul,B_tape_tourne
8219185,2022,Michael T. McCaul,4,ptr_form,rotated90,typed,dense,medium,"Formulaire officiel entierement tourne 90 degres (y compris la couverture p1), tape, dense.",2022,Michael T. McCaul,B_tape_tourne
8219222,2022,Michael T. McCaul,7,ptr_form,mixed,typed,dense,medium,"Couverture p1 droite, schedules tournes 90 degres tapes; p4 dense.",2022,Michael T. McCaul,B_tape_tourne
8219244,2022,Michael T. McCaul,7,ptr_form,mixed,typed,dense,medium,"Couverture p1 droite ('POSTMARK ILLEGIBLE'), schedules tournes 90 degres tapes; p4 dense.",2022,Michael T. McCaul,B_tape_tourne
8219273,2022,Michael T. McCaul,4,ptr_form,mixed,typed,dense,medium,"Couverture p1 droite, schedules tournes 90 degres tapes; p3 dense.",2022,Michael T. McCaul,B_tape_tourne
8219309,2022,Michael T. McCaul,6,ptr_form,mixed,typed,dense,medium,"Couverture p1 droite, schedules tournes 90 degres tapes; p4 dense, derniere page sparse.",2022,Michael T. McCaul,B_tape_tourne
8218652,2022,Richard B. Reisdorf,1,other,upright,mixed,sparse,high,"PAS un PTR: 'CAMPAIGN NOTICE Regarding Financial Disclosure Requirement'. Formulaire tape, nom/etat/date remplis a la main (RICHARD B REISDORF, MINNESOTA, 08 APR 2022).",2022,Richard B. Reisdorf,C_manuscrit
8218543,2022,Harold Dallas Rogers,1,ptr_form,rotated90,typed,sparse,medium,"Formulaire officiel tourne 90 degres, tape, peu de lignes (~3-4).",2022,Harold Dallas Rogers,B_tape_tourne
8218569,2022,Harold Dallas Rogers,2,ptr_form,mixed,typed,medium,medium,"p1 formulaire officiel tourne 90 degres tape (~6 lignes); p2 page de notes/continuation du meme formulaire, droite et vide.",2022,Harold Dallas Rogers,B_tape_tourne
8218620,2022,Harold Dallas Rogers,1,ptr_form,rotated90,typed,sparse,medium,"Formulaire officiel tape, tourne 90 degres, une seule ligne d'exemple/redemption, lisible mais penche.",2022,Harold Dallas Rogers,B_tape_tourne
8218642,2022,Harold Dallas Rogers,1,ptr_form,upright,typed,sparse,high,"Seul doc Rogers a l'endroit; Nothing to Report for March, parfaitement lisible.",2022,Harold Dallas Rogers,A_tape_droit
8218698,2022,Harold Dallas Rogers,2,ptr_form,mixed,typed,sparse,medium,"Page 1 tournee 90; page 2 (notes de bas de page) tournee 180. Tape, peu dense.",2022,Harold Dallas Rogers,B_tape_tourne
8218757,2022,Harold Dallas Rogers,1,ptr_form,rotated90,typed,sparse,medium,"Formulaire officiel, tourne 90, quelques lignes ETF Bridge Builder/iShares, lisible.",2022,Harold Dallas Rogers,B_tape_tourne
8218933,2022,Harold Dallas Rogers,1,ptr_form,rotated90,typed,sparse,high,"Tape, tourne 90, Nothing to report for May.",2022,Harold Dallas Rogers,B_tape_tourne
8219057,2022,Harold Dallas Rogers,1,ptr_form,rotated90,typed,sparse,medium,"Tape, tourne 90, une ligne Beechwood KY Indp Bds; lisible mais penche.",2022,Harold Dallas Rogers,B_tape_tourne
8219135,2022,Harold Dallas Rogers,1,ptr_form,rotated90,typed,sparse,high,"Tape, tourne 90, Nothing to report for July 2022.",2022,Harold Dallas Rogers,B_tape_tourne
8219218,2022,Harold Dallas Rogers,1,ptr_form,rotated90,typed,sparse,high,"Tape, tourne 90, Nothing to report for August 2022.",2022,Harold Dallas Rogers,B_tape_tourne
8219256,2022,Harold Dallas Rogers,1,ptr_form,rotated90,typed,sparse,high,"Tape, tourne 90, Nothing to report for September 2022.",2022,Harold Dallas Rogers,B_tape_tourne
8219276,2022,Harold Dallas Rogers,1,ptr_form,rotated90,typed,sparse,high,"Tape, tourne 90, Nothing to report for October 2022.",2022,Harold Dallas Rogers,B_tape_tourne
8219297,2022,Harold Dallas Rogers,2,ptr_form,rotated90,typed,sparse,high,"Tape, tourne 90 sur les 2 pages; lignes Bridge Builder INTL Equity et Vanguard FTSE Dev Mkts ETF bien lisibles.",2022,Harold Dallas Rogers,B_tape_tourne
8219092,2022,Michael Fq San Nicolas,1,ptr_form,rotated90,handwritten,medium,medium,"VRAI manuscrit: nom, dates et actifs (Shopify) ecrits a la main; formulaire officiel tourne 90. Dates manuscrites difficiles, noms d'actifs lisibles.",2022,Michael Fq San Nicolas,C_manuscrit
8218557,2022,Kurt Schrader,4,ptr_form,mixed,typed,medium,high,"Formulaire officiel. Couverture droite (avec table), pages tableau tournees 90 mais bien lisibles (Apple, Nike, Home Depot, Aon, Nuveen, iShares). Tapes.",2022,Kurt Schrader,B_tape_tourne
8218558,2022,Kurt Schrader,1,ptr_form,rotated90,mixed,sparse,medium,"Formulaire officiel tourne 90; actifs tapes (AON PLC, CHARTER COMMUNICATIONS) mais coches/cases marquees a la main; scan pale.",2022,Kurt Schrader,C_manuscrit
8218564,2022,Kurt Schrader,1,ptr_form,rotated90,typed,sparse,medium,"Formulaire officiel House tourne 90, tape, 1 actif (AON PLC / Charter Communications), tampon HAND DELIVERED.",2022,Kurt Schrader,B_tape_tourne
8218587,2022,Kurt Schrader,4,ptr_form,rotated90,typed,medium,medium,"Formulaire officiel tourne 90, tape, ~12 actifs sur 4 pages (S&P500 DEP, NVIDIA, COSTCO, VERIZON, DEERE, WALMART, EXXON, etc.).",2022,Kurt Schrader,B_tape_tourne
8218628,2022,Kurt Schrader,2,ptr_form,rotated90,typed,medium,medium,"Formulaire officiel tourne 90, tape, ~5 actifs (AMER EXPRESS, S&P500 DEP, AIR PRODUCTS, UNION PACIFIC, NUTRIEN, EXXON, GEN DYNAMICS).",2022,Kurt Schrader,B_tape_tourne
8218631,2022,Kurt Schrader,2,ptr_form,rotated90,typed,medium,medium,"Formulaire officiel tourne 90, tape; quasi-doublon de 8218628 (amendment 4/1/2022, memes actifs).",2022,Kurt Schrader,B_tape_tourne
8218777,2022,Kurt Schrader,2,ptr_form,rotated90,typed,medium,medium,"Formulaire officiel tourne 90, tape, ~8 actifs (JPMORGAN, BRKFLD, AON, CONSUMER STAPLES, HEALTH CARE SELECT, DOLLAR GENERAL, APTIV, CITIGROUP, APPLE).",2022,Kurt Schrader,B_tape_tourne
8218930,2022,Kurt Schrader,2,ptr_form,rotated90,typed,sparse,medium,"Formulaire officiel tourne 90, tape; page 1 = 3 actifs (NRG ENERGY, ALPHABET, WALMART), page 2 vierge (formulaire vide).",2022,Kurt Schrader,B_tape_tourne
8219067,2022,Kurt Schrader,1,ptr_form,rotated90,typed,sparse,medium,"Formulaire officiel tourne 90, tape, 3 actifs (DOLLAR GENERAL, HILTON WORLDWIDE, OW MUNICIPAL BOND FUND).",2022,Kurt Schrader,B_tape_tourne
8219166,2022,Kurt Schrader,2,ptr_form,rotated90,typed,medium,medium,"Formulaire officiel tourne 90, tape, ~5 actifs (CINTAS, COPART, HOWMET AEROSPACE, TAKE-2, NIKE, SAFRAN).",2022,Kurt Schrader,B_tape_tourne
8219205,2022,Kurt Schrader,2,ptr_form,rotated90,typed,medium,medium,"Formulaire officiel tourne 90, tape, ~6 actifs (ANTA SPORTS, TAKE-2, MOTOROLA SOLUTIONS, CHARTER, CINTAS, ISHARES CHINA ETF).",2022,Kurt Schrader,B_tape_tourne
8219241,2022,Kurt Schrader,2,ptr_form,rotated90,typed,sparse,medium,"Formulaire officiel tourne 90, tape; page 1 = 2 actifs (COPART, UNION PACIFIC), page 2 vierge (formulaire vide).",2022,Kurt Schrader,B_tape_tourne
8219265,2022,Kurt Schrader,2,ptr_form,rotated90,typed,medium,medium,"Formulaire officiel tourne 90, tape, ~7 actifs (CANADIAN PACIFIC, COPART, PROLOGIS, AMEREN, UNION PACIFIC, SCHLUMBERGER, CONOCOPHILLIPS).",2022,Kurt Schrader,B_tape_tourne
8219294,2022,Kurt Schrader,11,ptr_form,mixed,typed,medium,high,"Formulaire officiel, couverture droite + pages tableau tournees 90, tapees et lisibles (Magna Intl, JPMorgan, Microsoft, Crown Castle, Pepsico, Bristol Myers Squibb). Pages peu a moyennement remplies malgre les 11 pages.",2022,Kurt Schrader,B_tape_tourne
8219219,2022,Thomas Suozzi,1,ptr_form,upright,typed,sparse,high,"Formulaire officiel House DROIT (non tourne), tape, 3 actifs (VISA, HP SINCLAIR/APA, APA CORP), tampon HAND DELIVERED. Lisible sans effort.",2022,Thomas Suozzi,A_tape_droit
8219250,2022,Thomas Suozzi,2,ptr_form,upright,typed,medium,high,"Formulaire officiel House DROIT (non tourne), tape, ~8 actifs sur 2 pages (Genesee Holdings, Advanced Drainage, International Paper, Valero, NVIDIA, Boeing, AMD, Jazz Pharma, Domino's). Lisible.",2022,Thomas Suozzi,A_tape_droit
8219286,2022,Thomas Suozzi,2,ptr_form,rotated90,typed,sparse,high,"Official House PTR, sideways. ~5 typed asset lines p1 (AMD, Eaton, Generac, Goldman Sachs), 1 line p2 (Royal Pines Holdings). Faint stamp in margin but body crisp.",2022,Thomas Suozzi,B_tape_tourne
8219269,2022,Fred Upton,1,ptr_form,rotated90,handwritten,sparse,low,"Official PTR rotated 90, but reduced/shrunk scan, very faint. Name and single asset row (Baird fund trust?) handwritten and hard to decipher.",2022,Fred Upton,C_manuscrit
8219291,2022,Fred Upton,1,ptr_form,rotated90,handwritten,sparse,medium,"Official PTR rotated 90, reduced scan. Handwritten name (Fred Upton) and ~1-2 asset rows (US Treasury S-T). Small and faint but mostly readable.",2022,Fred Upton,C_manuscrit
8218568,2022,Ann Wagner,2,ptr_form,upright,typed,sparse,high,"Formulaire officiel droit, 1 transaction tapee (Canyon TX Indep Sch Dist, 01/28/22). Page 2 = continuation officielle tournee 90 mais VIDE (aucune ligne).",2022,Ann Wagner,A_tape_droit
8218640,2022,Ann Wagner,2,ptr_form,rotated90,typed,sparse,high,"Official PTR sideways, 1 typed asset line (Maricopa Cnty AZ Sch Dist No 83). 'HAND DELIVERED' stamp on p1; p2 is the blank continuation form.",2022,Ann Wagner,B_tape_tourne
8219196,2022,Ann Wagner,2,ptr_form,rotated90,typed,sparse,high,"Official PTR sideways, 1 typed asset line (Putnam Cnty TN). 'HAND DELIVERED' stamp; p2 blank continuation form.",2022,Ann Wagner,B_tape_tourne
8219232,2022,Ann Wagner,2,ptr_form,rotated90,typed,sparse,high,"Official PTR sideways, 2 typed asset lines (TX Bd Univ Sys Fin Rev; Carmel IN 2002 Sch Bldg Corp). 'HAND DELIVERED' stamp; p2 blank continuation form.",2022,Ann Wagner,B_tape_tourne
8219292,2022,Ann Wagner,2,ptr_form,rotated90,typed,sparse,high,"Official PTR sideways, 1 typed asset line (Atherton MI Cmnty Sch Dist). 'HAND DELIVERED' stamp; p2 blank continuation form.",2022,Ann Wagner,B_tape_tourne
8219414,2023,Eric Burlison,2,ptr_form,rotated90,handwritten,medium,medium,"Official PTR sideways, filled by hand. ~4-5 asset rows p1 (Fed Mutual, GrafTech Intl, Amazon, Carnival), 1 row p2 (Academy Sports Outdoor). 'HAND DELIVERED' stamp. Block handwriting, mostly readable.",2023,Eric Burlison,C_manuscrit
8219430,2023,Tom Cole,1,ptr_form,rotated90,handwritten,sparse,medium,"Official PTR sideways, single page. Handwritten name (Thomas Jeffrey Cole) and 1 asset line (partial sale); asset name in cursive, somewhat hard to read.",2023,Tom Cole,C_manuscrit
8219893,2023,Tom Cole,1,ptr_form,rotated90,typed,sparse,high,"Official PTR sideways, single page, fully typed. 1 asset line (Cole Wynne Westgate and Nicholas Inc Common Stock). 'HAND DELIVERED' stamp.",2023,Tom Cole,B_tape_tourne
8219359,2023,"Charles J. ""Chuck"" Fleischmann",3,ptr_form,mixed,typed,medium,high,"Formulaire officiel 3 pages, dactylographie. Page 1 upright (~5 lignes). Pages 2 et 3 du MEME formulaire mais TOURNEES 90 degres, ~7-8 lignes chacune (ETFs SPDR/iShares). Orientation mixte mais texte net et lisible.",2023,"Charles J. ""Chuck"" Fleischmann",B_tape_tourne
8219527,2023,"Charles J. ""Chuck"" Fleischmann",3,ptr_form,mixed,typed,sparse,high,"Formulaire officiel 3 pages, dactylographie. Page 1 upright (~6 lignes), tampon 'HAND DELIVERED'. Pages 2 (~4 lignes) et 3 (~3 lignes: Tencent ADR, 3M CO, Upwork) TOURNEES 90 degres. Orientation mixte, peu de lignes, tres lisible.",2023,"Charles J. ""Chuck"" Fleischmann",B_tape_tourne
8219919,2023,"Charles J. ""Chuck"" Fleischmann",1,ptr_form,upright,typed,sparse,high,"Formulaire officiel 1 page, upright, dactylographie (~5 ETFs: Invesco, Franklin, iShares, SPDR). Tampon 'HAND DELIVERED'.",2023,"Charles J. ""Chuck"" Fleischmann",A_tape_droit
8220049,2023,"Charles J. ""Chuck"" Fleischmann",3,ptr_form,rotated90,typed,medium,high,"Official 3-page PTR, sideways, fully typed ETF/fund names (SPDR, Vanguard, iShares, Invesco, Franklin Templeton, Global X). ~6 lines p1, ~7 p2, ~2 p3. 'HAND DELIVERED' stamp, 'this page will be publicly disclosed' footer.",2023,"Charles J. ""Chuck"" Fleischmann",B_tape_tourne
8219412,2023,Diana Harshbarger,7,ptr_form,rotated90,typed,dense,high,"Formulaire officiel House. Page 1 = grille vierge du formulaire tournee 90 (cases a cocher, tampon manuscrit 'M.C.' et 'HAND DELIVERED' en pied). Pages 4 et 7 = schedules dactylographies tournes 90, tres denses (>20 lignes, fiducies Harshbarger Family Trust), bien lisibles. Pas de releve externe.",2023,Diana Harshbarger,B_tape_tourne
8219483,2023,Ada Norah Henriquez,1,ptr_form,upright,handwritten,sparse,high,"Formulaire officiel 1 page, upright. Nom et entrees d'actifs MANUSCRITS (Goldman Sachs, Microsoft Corp, Datto Laboratories, Oberweis Micro-Cap Fund), ~5 lignes. Tampon 'HAND DELIVERED'. Manuscrit lisible.",2023,Ada Norah Henriquez,C_manuscrit
8219383,2023,Mike Kelly,2,ptr_form,rotated90,handwritten,medium,medium,"Official PTR sideways, filled entirely by hand. ~6-7 asset rows per page (municipal bonds with 'Due MM/DD/YY', Plains All American, materials corp). Cursive handwriting, several entries genuinely hard to read.",2023,Mike Kelly,C_manuscrit
8219420,2023,Mike Kelly,1,ptr_form,rotated90,handwritten,sparse,medium,"Official PTR sideways, single page, handwritten. Name (George Joseph Kelly) and ~1-2 asset lines (Insured CD; Sail Cap). Cursive, small but mostly readable.",2023,Mike Kelly,C_manuscrit
8219455,2023,Mike Kelly,1,ptr_form,rotated90,handwritten,sparse,medium,"Formulaire officiel House sur une page, tourne 90 degres, entrees manuscrites (3 lignes). Lisible mais ecriture penchee.",2023,Mike Kelly,C_manuscrit
8219843,2023,Mike Kelly,1,ptr_form,rotated90,handwritten,sparse,medium,"Formulaire officiel House une page, tourne 90, manuscrit, tres peu de lignes. Scan un peu sombre mais lisible.",2023,Mike Kelly,C_manuscrit
8219353,2023,Rohit Khanna,17,ptr_form,mixed,typed,dense,medium,"Formulaire officiel House, page 1 = couverture upright 'Please see the attached'. Pages 9 et 17 = schedules dactylographies tournes 90, denses. Page 9 faible/petite (medium). Page 17 plus claire MAIS barre noire de scan verticale en plein milieu masquant des cellules. Pas un releve externe — c'est le formulaire House (colonnes Full Asset Name / Type / Date / Amount A-K).",2023,Rohit Khanna,B_tape_tourne
8219417,2023,Rohit Khanna,15,ptr_form,mixed,typed,dense,medium,Formulaire officiel House. Page 1 = couverture upright 'Please see the attached' (tampon 'HAND DELIVERED' tourne). Pages 8 et 15 = schedules dactylographies tournes 90. Page 8 dense mais petite/faible (medium). Page 15 plus sparse/lisible. Pas de releve externe.,2023,Rohit Khanna,B_tape_tourne
8219444,2023,Rohit Khanna,23,ptr_form,mixed,typed,dense,high,"Couverture 'Please see the attached' (droite) puis pages du MEME formulaire House tapees et tournees 90. Tableau dense, bien lisible.",2023,Rohit Khanna,B_tape_tourne
8219521,2023,Rohit Khanna,20,ptr_form,mixed,typed,dense,medium,"Formulaire officiel, couverture droite + pages tapees tournees 90, dense. Barre noire de scan sur la derniere page masquant une colonne; reste lisible.",2023,Rohit Khanna,B_tape_tourne
8219783,2023,Rohit Khanna,28,ptr_form,mixed,typed,dense,medium,"Formulaire officiel House, couverture droite + pages tapees tournees 90. Barre noire verticale de scan sur la derniere page; noms d'actifs restent lisibles.",2023,Rohit Khanna,B_tape_tourne
8219826,2023,Rohit Khanna,33,ptr_form,mixed,typed,dense,medium,"Formulaire officiel, couverture droite + pages tapees tournees 90, dense. Barre noire de scan sur le bord de la derniere page; reste lisible.",2023,Rohit Khanna,B_tape_tourne
8219876,2023,Rohit Khanna,13,ptr_form,mixed,typed,dense,medium,"Formulaire officiel House, couverture droite + pages tapees tournees 90, dense (inclut obligations avec taux/CUSIP, petit mais lisible).",2023,Rohit Khanna,B_tape_tourne
8219953,2023,Rohit Khanna,22,ptr_form,mixed,typed,dense,medium,"Formulaire officiel, couverture droite + pages tapees tournees 90, dense. Barre noire de scan sur le bord gauche des pages tournees; reste lisible.",2023,Rohit Khanna,B_tape_tourne
8219992,2023,Rohit Khanna,15,ptr_form,mixed,typed,dense,medium,"Formulaire officiel House, couverture droite + pages tapees tournees 90, dense. Barre noire de scan sur la derniere page.",2023,Rohit Khanna,B_tape_tourne
8220039,2023,Rohit Khanna,40,ptr_form,mixed,typed,dense,medium,"Plus gros dossier (40 pages). Formulaire officiel, couverture droite + pages tapees tournees 90, tres dense. Barre noire de scan en bas de la derniere page.",2023,Rohit Khanna,B_tape_tourne
8220067,2023,Rohit Khanna,14,ptr_form,mixed,typed,dense,medium,"Formulaire officiel House, couverture droite + pages tapees tournees 90, dense. Barre noire de scan sur le bord de la derniere page; reste lisible.",2023,Rohit Khanna,B_tape_tourne
8219339,2023,David Kustoff,1,ptr_form,rotated90,handwritten,sparse,medium,"Formulaire officiel House une page, tourne 90, manuscrit (1 ligne: 'Clear Secure'). Lisible mais ecriture cursive.",2023,David Kustoff,C_manuscrit
8219415,2023,David Kustoff,1,ptr_form,rotated90,handwritten,sparse,medium,"Formulaire officiel House une page, tourne 90, manuscrit (2 lignes, 'Clear Secure'). Scan petit/penche mais lisible.",2023,David Kustoff,C_manuscrit
8220037,2023,David Kustoff,1,ptr_form,rotated90,handwritten,sparse,high,"Formulaire officiel House tourne 90, 1 actif manuscrit (Clear Secure).",2023,David Kustoff,C_manuscrit
8220060,2023,David Kustoff,1,ptr_form,rotated90,handwritten,sparse,medium,"Formulaire officiel tourne 90, 1 actif manuscrit (Nvidia Corp), bande de scan/double-impression HAND DELIVERED en bas.",2023,David Kustoff,C_manuscrit
8219485,2023,Doug Lamborn,1,ptr_form,upright,handwritten,sparse,medium,"Formulaire officiel droit, 2 actifs manuscrits (NetApp Inc stock IRA); image basse resolution mais lisible.",2023,Doug Lamborn,C_manuscrit
8219808,2023,Doug Lamborn,1,ptr_form,rotated90,handwritten,sparse,high,"Formulaire officiel tourne 90, 3 actifs manuscrits (NetApp Inc stock IRA), lisibles.",2023,Doug Lamborn,C_manuscrit
8219834,2023,Doug Lamborn,1,ptr_form,rotated90,handwritten,sparse,medium,"Formulaire officiel tourne 90, 2 actifs manuscrits (NetApp Inc stock IRA); rendu petit mais lisible.",2023,Doug Lamborn,C_manuscrit
8219944,2023,Doug Lamborn,2,ptr_form,rotated90,handwritten,sparse,medium,"Formulaire officiel 2 pages tourne 90, actifs manuscrits (IRA SP NetApp Inc stock); p1 petite, p2 plus nette et lisible.",2023,Doug Lamborn,C_manuscrit
8220068,2023,Doug Lamborn,2,ptr_form,rotated90,handwritten,sparse,medium,"Formulaire officiel 2 pages tourne 90, 2 actifs manuscrits (NetApp Inc stock IRA); p1 petite, p2 nette.",2023,Doug Lamborn,C_manuscrit
8219742,2023,Laurel Mrs Lee,2,ptr_form,rotated90,typed,sparse,medium,"Formulaire officiel tourne 90, 1 actif tape (Golden Touch Fund, LLC) en p1; p2 grille continuation vide. Bande de scan/double-impression en bas a droite.",2023,Laurel Mrs Lee,B_tape_tourne
8219352,2023,Nicole Malliotakis,1,ptr_form,rotated90,typed,sparse,medium,"Formulaire officiel tourne 90, 2 actifs tapes (US Treasury Bill, Verizon stock); scan reduit/contrast faible mais lisible avec effort.",2023,Nicole Malliotakis,B_tape_tourne
8219436,2023,Nicole Malliotakis,1,ptr_form,rotated90,typed,sparse,medium,"Formulaire officiel tourne 90, 1 actif tape (New York Community Bancorp Inc stock); scan reduit mais lisible.",2023,Nicole Malliotakis,B_tape_tourne
8219904,2023,Nicole Malliotakis,1,ptr_form,rotated90,handwritten,sparse,medium,"Formulaire officiel tourne 90, 1 actif manuscrit (Goodyear Bond); rendu petit/contrast faible mais lisible.",2023,Nicole Malliotakis,C_manuscrit
8219905,2023,Nicole Malliotakis,1,ptr_form,rotated90,handwritten,sparse,high,"Formulaire officiel tourne 90, 2 actifs manuscrits (AT+T, General Electric), bien lisibles.",2023,Nicole Malliotakis,C_manuscrit
8219384,2023,Michael T. McCaul,5,ptr_form,mixed,typed,dense,high,"Formulaire officiel House, 'SEE SCHEDULES ATTACHED'. Page 1 (couverture) droite/upright; pages 3 et 5 = schedules dactylographies tournes 90, tres denses (noms d'actifs et dates parfaitement lisibles). Orientation mixed (couverture droite + tableaux tournes).",2023,Michael T. McCaul,B_tape_tourne
8219432,2023,Michael T. McCaul,6,ptr_form,mixed,typed,dense,high,"Formulaire officiel House, 'SEE SCHEDULES ATTACHED'. Page 1 = couverture upright avec tampon 'MAR 14 2023'. Pages 4 et 6 = schedules dactylographies tournes 90, tres denses. Orientation mixed.",2023,Michael T. McCaul,B_tape_tourne
8219469,2023,Michael T. McCaul,5,ptr_form,rotated90,typed,dense,medium,"Gros dossier McCaul: p1 = couverture officielle 'SEE SCHEDULES ATTACHED'; p3 et p5 = grille continuation OFFICIELLE House (colonnes FULL ASSET NAME/TYPE/DATE/AMOUNT A-K) TAPEE, tournee 90, 40+ lignes (AON PLC, Monster Beverage, Wells Fargo, etc.). PAS un releve externe. Texte petit mais tape et dechiffrable.",2023,Michael T. McCaul,B_tape_tourne
8219522,2023,Michael T. McCaul,5,ptr_form,rotated90,typed,dense,high,Official typed PTR form rotated 90 degrees; readable despite rotation.,2023,Michael T. McCaul,B_tape_tourne
8219799,2023,Michael T. McCaul,10,ptr_form,mixed,typed,dense,high,"Non re-inspecte image par image dans ce lot mais identique aux autres McCaul 2023 (10 pages, schedules officiels dactylographies tournes 90, denses). Classer comme ptr_form, mixed, dense, typed, high — coherent avec le pre-examen (McCaul = formulaires officiels tournes, pas releves externes). A confirmer si besoin.",2023,Michael T. McCaul,B_tape_tourne
8219845,2023,Michael T. McCaul,5,ptr_form,rotated90,typed,dense,high,Official typed PTR form rotated 90 degrees.,2023,Michael T. McCaul,B_tape_tourne
8219921,2023,Michael T. McCaul,5,ptr_form,rotated90,typed,dense,high,Official typed PTR form rotated 90 degrees.,2023,Michael T. McCaul,B_tape_tourne
8219971,2023,Michael T. McCaul,6,ptr_form,rotated90,typed,dense,high,Official typed PTR form rotated 90 degrees.,2023,Michael T. McCaul,B_tape_tourne
8220010,2023,Michael T. McCaul,9,ptr_form,rotated90,typed,dense,high,Official typed PTR form rotated 90; cover bears a POSTMARK ILLEGIBLE stamp but schedule pages are fully legible.,2023,Michael T. McCaul,B_tape_tourne
8220046,2023,Michael T. McCaul,11,ptr_form,mixed,typed,dense,high,"Cover page upright, schedule pages rotated 90; typed official PTR form throughout.",2023,Michael T. McCaul,B_tape_tourne
8220078,2023,Michael T. McCaul,9,ptr_form,rotated90,typed,dense,high,Official typed PTR form rotated 90 degrees.,2023,Michael T. McCaul,B_tape_tourne
8219356,2023,Max Miller,2,ptr_form,rotated90,typed,dense,high,"Official typed PTR form rotated 90; entries on page 1, page 2 is a blank continuation template.",2023,Max Miller,B_tape_tourne
8219442,2023,Max Miller,2,ptr_form,rotated90,typed,dense,high,"Official typed PTR form rotated 90; entries on page 1, page 2 is a blank continuation template.",2023,Max Miller,B_tape_tourne
8219743,2023,Max Miller,3,ptr_form,mixed,typed,medium,medium,"Formulaire officiel 3 pages, dactylographie. Page 1 upright (~6 lignes), tampon 'HAND DELIVERED'. Pages 2 et 3 TOURNEES 90 degres, ~8-9 lignes (fonds/bonds). Scan un peu pale et petit sur les pages tournees mais noms d'actifs encore lisibles.",2023,Max Miller,B_tape_tourne
8219362,2023,Harold Dallas Rogers,1,ptr_form,upright,typed,sparse,high,"Upright typed official PTR form; nil report (Nothing to report for January 2023), no asset rows.",2023,Harold Dallas Rogers,A_tape_droit
8219422,2023,Harold Dallas Rogers,1,ptr_form,upright,typed,sparse,high,Upright typed official PTR form; nil report (Nothing to report for February 2023).,2023,Harold Dallas Rogers,A_tape_droit
8219447,2023,Harold Dallas Rogers,1,ptr_form,upright,typed,sparse,high,Upright typed official PTR form; nil report (Nothing to report for March 2023).,2023,Harold Dallas Rogers,A_tape_droit
8219525,2023,Harold Dallas Rogers,1,ptr_form,upright,typed,sparse,high,Upright typed official PTR form; nil report (Nothing to report for April 2023).,2023,Harold Dallas Rogers,A_tape_droit
8219748,2023,Harold Dallas Rogers,1,ptr_form,rotated90,typed,sparse,medium,"Formulaire officiel House tourne 90, 'Nothing to report May 2023', faible/penche.",2023,Harold Dallas Rogers,B_tape_tourne
8219854,2023,Harold Dallas Rogers,1,ptr_form,rotated90,typed,sparse,medium,"Formulaire officiel tourne 90, 2 lignes d'actifs tapees, scan faible.",2023,Harold Dallas Rogers,B_tape_tourne
8219922,2023,Harold Dallas Rogers,1,ptr_form,rotated90,typed,sparse,low,"Formulaire officiel tourne 90, 'Nothing to report July 2023', impression tres pale, noms presque indechiffrables.",2023,Harold Dallas Rogers,B_tape_tourne
8219972,2023,Harold Dallas Rogers,1,ptr_form,rotated90,typed,sparse,medium,"Formulaire officiel tourne 90, 'Nothing to report August 2023', faible.",2023,Harold Dallas Rogers,B_tape_tourne
8220023,2023,Harold Dallas Rogers,1,ptr_form,rotated90,typed,sparse,medium,"Formulaire officiel tourne 90, 'Nothing to report September 2023'.",2023,Harold Dallas Rogers,B_tape_tourne
8220051,2023,Harold Dallas Rogers,1,ptr_form,rotated90,typed,sparse,medium,"Formulaire officiel tourne 90, 'Nothing to report October 2023', une ligne d'actif tapee.",2023,Harold Dallas Rogers,B_tape_tourne
8220079,2023,Harold Dallas Rogers,1,ptr_form,rotated90,typed,sparse,medium,"Formulaire officiel tourne 90, ~4 lignes d'actifs tapees, scan faible/penche.",2023,Harold Dallas Rogers,B_tape_tourne
8219524,2023,John P. Sarbanes,1,ptr_form,upright,mixed,sparse,medium,Formulaire officiel droit; nom membre et noms d'actifs (US Treasury Bonds) + dates ecrits a la main sur formulaire imprime.,2023,John P. Sarbanes,C_manuscrit
8219425,2023,Ann Wagner,2,ptr_form,upright,typed,sparse,high,"Formulaire officiel, upright, dactylographie. Page 1 ~4 lignes (New York NY 1.216%, DORI FINL CREDIT, Connecticut St, UNIV WA 2.211%). Page 2 = continuation vide du formulaire. Tampon 'HAND DELIVERED'.",2023,Ann Wagner,A_tape_droit
8219470,2023,Ann Wagner,2,ptr_form,rotated90,typed,sparse,medium,"Formulaire officiel tape tourne 90, 1 ligne (Synchrony Bank); p2 = page de continuation vierge.",2023,Ann Wagner,B_tape_tourne
8219814,2023,Ann Wagner,1,ptr_form,rotated90,typed,sparse,medium,"Formulaire officiel tape tourne 90, ~3 lignes (CD bancaires + muni fund).",2023,Ann Wagner,B_tape_tourne
8219959,2023,Ann Wagner,2,ptr_form,rotated90,typed,sparse,medium,"Formulaire officiel tape tourne 90, ~2 lignes muni; p2 = page de continuation vierge.",2023,Ann Wagner,B_tape_tourne
8220074,2023,Ann Wagner,2,ptr_form,rotated90,typed,medium,medium,"Formulaire officiel tape tourne 90, ~9 lignes d'actifs; p2 = page de continuation vierge.",2023,Ann Wagner,B_tape_tourne
8220682,2024,Byron Donalds,25,ptr_form,mixed,typed,medium,high,"Formulaire officiel. Page 1 = couverture droite avec tampon HAND DELIVERED ; pages de donnees tournees 90. Tape, lisible, tickers entre parentheses. Densite ~8 lignes par page.",2024,Byron Donalds,B_tape_tourne
8220147,2024,"Charles J. ""Chuck"" Fleischmann",3,ptr_form,mixed,typed,medium,medium,"Formulaire officiel tape. Orientation MIXTE: p1/p2 tournees 90, p3 tournee 180. Numerisation penchee mais noms lisibles apres rotation.",2024,"Charles J. ""Chuck"" Fleischmann",B_tape_tourne
8220317,2024,"Charles J. ""Chuck"" Fleischmann",2,ptr_form,upright,typed,medium,high,"Formulaire officiel House standard, droit et tape. 10 lignes ETF (CALF, SPDW, MDYG, etc.), cases X nettes, dates lisibles.",2024,"Charles J. ""Chuck"" Fleischmann",A_tape_droit
8220617,2024,"Charles J. ""Chuck"" Fleischmann",3,ptr_form,rotated90,typed,medium,high,"Formulaire officiel tape, tourne 90 sur les 3 pages. Noms d'ETF/actions nets (CALF, SPYV, SOLV, SNOW). Tampon HAND DELIVERED.",2024,"Charles J. ""Chuck"" Fleischmann",B_tape_tourne
8220683,2024,"Charles J. ""Chuck"" Fleischmann",2,ptr_form,mixed,typed,medium,medium,"Formulaire officiel tape; p1 tourne 90 et pale, p2 droite et nette (~6 actifs PIMCO/SPIDER/gold). Orientation variable entre pages.",2024,"Charles J. ""Chuck"" Fleischmann",B_tape_tourne
8220127,2024,Rohit Khanna,22,ptr_form,mixed,typed,dense,medium,"Formulaire officiel (Khanna geant reel). Page 1 = couverture droite HAND DELIVERED ; pages de donnees tournees 90, tres denses (~22 lignes), texte petit mais lisible avec attention. Bien ptr_form, PAS un releve externe.",2024,Rohit Khanna,B_tape_tourne
8220173,2024,Rohit Khanna,18,ptr_form,mixed,typed,dense,medium,"Formulaire officiel House. Couverture p1 upright 'Please see the attached', corps (p10) tourne 90, derniere page (p18) tournee 180 avec barres noires de scan.",2024,Rohit Khanna,B_tape_tourne
8220192,2024,Rohit Khanna,18,ptr_form,mixed,typed,dense,high,Formulaire officiel tape. Couverture upright; corps (p10) tourne 90; p18 tournee dans l'autre sens (180 rel.). Tres lisible.,2024,Rohit Khanna,B_tape_tourne
8220252,2024,Rohit Khanna,25,ptr_form,mixed,typed,dense,high,"Formulaire officiel tape, corps tourne 90 (p13 dense et nette). p25 avec barres noires de scan.",2024,Rohit Khanna,B_tape_tourne
8220451,2024,Rohit Khanna,27,ptr_form,mixed,typed,dense,medium,"Formulaire officiel tape, corps tourne 90. Barres noires de scan a gauche sur p14 et p27.",2024,Rohit Khanna,B_tape_tourne
8220534,2024,Rohit Khanna,14,ptr_form,mixed,typed,dense,medium,"Formulaire officiel tape, couverture upright, corps tourne 90. p14 avec barres noires de scan.",2024,Rohit Khanna,B_tape_tourne
8220570,2024,Rohit Khanna,23,ptr_form,mixed,typed,dense,medium,Formulaire officiel tape. Couverture p1 et continuation p23 upright/nettes; p12 tournee 90. p23 avec barres noires entre sections.,2024,Rohit Khanna,B_tape_tourne
8220626,2024,Rohit Khanna,39,ptr_form,mixed,typed,dense,medium,"Gros dossier (39 p). Formulaire officiel tape, couverture upright, corps (p39) tourne 90. Dense mais lisible.",2024,Rohit Khanna,B_tape_tourne
8220660,2024,Rohit Khanna,21,ptr_form,mixed,typed,dense,medium,"Formulaire officiel tape, couverture upright, corps (p11) tourne 90, dense et lisible.",2024,Rohit Khanna,B_tape_tourne
8220674,2024,Rohit Khanna,24,ptr_form,mixed,typed,dense,medium,"Formulaire officiel tape, couverture upright, corps (p13) tourne 90 avec une barre noire de scan.",2024,Rohit Khanna,B_tape_tourne
8220691,2024,Rohit Khanna,28,ptr_form,mixed,typed,dense,medium,"Formulaire officiel tape, couverture upright, corps (p15) tourne 90, dense et lisible.",2024,Rohit Khanna,B_tape_tourne
8220177,2024,Doug Lamborn,1,ptr_form,rotated90,handwritten,medium,low,"Formulaire officiel mais ENTIEREMENT MANUSCRIT (noms d'actifs, dates, X a la main) et tourne 90. Noms d'actifs difficiles a dechiffrer -> OCR manuscrit/rotation necessaire.",2024,Doug Lamborn,C_manuscrit
8220205,2024,Doug Lamborn,2,ptr_form,rotated90,handwritten,sparse,medium,"Formulaire officiel House tourne 90, entrees MANUSCRITES (Nat App Inc stock, dates a la main). ~4 lignes p1, 2 lignes p2.",2024,Doug Lamborn,C_manuscrit
8220312,2024,Doug Lamborn,1,ptr_form,rotated90,handwritten,sparse,medium,"Formulaire officiel House tourne 90, MANUSCRIT (Nat App Inc stock/calls). ~4 lignes.",2024,Doug Lamborn,C_manuscrit
8220431,2024,Doug Lamborn,1,ptr_form,upright,handwritten,sparse,medium,"Formulaire officiel House upright, MANUSCRIT (Nat App Inc stock, marges IRA/DRA). 3 lignes, lisible.",2024,Doug Lamborn,C_manuscrit
8220589,2024,Doug Lamborn,2,ptr_form,rotated90,handwritten,medium,medium,"Formulaire officiel House tourne 90, noms d'actifs manuscrits (NetApp Inc stock/calls), case Sale + montant A/B, lisible mais penche.",2024,Doug Lamborn,C_manuscrit
8220665,2024,Doug Lamborn,1,ptr_form,rotated90,handwritten,sparse,medium,"Une seule ligne manuscrite (MTLP calls), formulaire officiel tourne ~90, scan penche.",2024,Doug Lamborn,C_manuscrit
8220692,2024,Doug Lamborn,1,ptr_form,upright,handwritten,sparse,medium,"Formulaire officiel droit mais petit/penche, ~3 lignes manuscrites (NetApp calls), lisible avec effort.",2024,Doug Lamborn,C_manuscrit
8220119,2024,Nicole Malliotakis,1,ptr_form,rotated90,handwritten,sparse,medium,"Formulaire officiel tourne 90, 1 ligne manuscrite (US Treasury), montant D.",2024,Nicole Malliotakis,C_manuscrit
8220508,2024,Nicole Malliotakis,1,ptr_form,rotated90,handwritten,medium,medium,"Formulaire officiel tourne 90, ~5 lignes manuscrites (Dollar General, Chipotle, Ford Motor Credit), lisible mais penche.",2024,Nicole Malliotakis,C_manuscrit
8220162,2024,Michael T. McCaul,7,ptr_form,mixed,typed,dense,medium,"7 pages: p1 = couverture DROITE 'SEE SCHEDULES ATTACHED' (formulaire officiel), puis schedules denses tapes annexes -- orientation mixte (p4 tournee, p7 droite). Tout reste le MEME formulaire officiel, pas un releve externe.",2024,Michael T. McCaul,B_tape_tourne
8220188,2024,Michael T. McCaul,6,ptr_form,mixed,typed,dense,low,"Formulaire officiel + schedules. p1 = couverture tournee 90 et NUMERISATION DEGRADEE/FLOUE (texte estompe, difficile). Pages schedule tres denses et tournees, tapees. Legibilite faible sur la couverture -> pretraitement (deflou/rotation) recommande.",2024,Michael T. McCaul,B_tape_tourne
8220214,2024,Michael T. McCaul,8,ptr_form,rotated90,typed,dense,high,"Formulaire officiel House tourne 90 sur toutes les pages de donnees. Tape, dense (>30 lignes sur certaines pages), bien lisible. Tampon de scan/date en page 1.",2024,Michael T. McCaul,B_tape_tourne
8220320,2024,Michael T. McCaul,8,ptr_form,upright,typed,dense,high,"Couverture 'SEE SCHEDULES ATTACHED' suivie de pages d'annexes au MEME format officiel, tapees, droites, denses, tres lisibles.",2024,Michael T. McCaul,A_tape_droit
8220516,2024,Michael T. McCaul,11,ptr_form,rotated90,typed,dense,high,"Formulaire officiel tourne 90. Tape, tres dense (~40 lignes en page 6), lisible.",2024,Michael T. McCaul,B_tape_tourne
8220551,2024,Michael T. McCaul,6,ptr_form,upright,typed,dense,high,"Couverture 'SEE SCHEDULES ATTACHED' + annexes format officiel tapees, droites, denses, lisibles.",2024,Michael T. McCaul,A_tape_droit
8220615,2024,Michael T. McCaul,4,ptr_form,rotated90,typed,dense,medium,"Gros dossier McCaul: formulaire officiel TAPE mais tourne 90 et tres dense (30+ lignes/page, schedules SP/DC). Penche mais lisible -- ne pas confondre avec releve externe.",2024,Michael T. McCaul,B_tape_tourne
8220643,2024,Michael T. McCaul,12,ptr_form,upright,typed,dense,high,"12 pages d'annexes format officiel tapees, droites, denses, lisibles (Vanguard/munis/equities).",2024,Michael T. McCaul,A_tape_droit
8220661,2024,Michael T. McCaul,3,ptr_form,rotated90,typed,dense,medium,"Annexes format officiel TAPEES mais tournees 90 (texte vertical), tres denses; lisible mais petit/tourne.",2024,Michael T. McCaul,B_tape_tourne
8220685,2024,Michael T. McCaul,5,ptr_form,rotated90,typed,dense,medium,"Annexes format officiel tapees, tournees 90, denses; lisible mais tourne. Pages globalement tournees de facon coherente.",2024,Michael T. McCaul,B_tape_tourne
8220706,2024,Michael T. McCaul,11,ptr_form,rotated90,typed,dense,medium,"11 pages d'annexes format officiel tapees, tournees 90, tres denses; lisible mais tourne.",2024,Michael T. McCaul,B_tape_tourne
8220118,2024,Anna Paulina Luna,1,ptr_form,rotated90,typed,sparse,medium,"Formulaire officiel House sur une seule page, tourne 90 et legerement de travers (skew). Tres peu de lignes (1-2 actifs, ex. 'Lineage Cell Therapeutics Inc'), donc sparse. Dactylographie, lisible mais petit/penche (medium). Tampon 'HAND DELIVERED' vertical. Pas de releve externe.",2024,Anna Paulina Luna,B_tape_tourne
8220155,2024,Harold Dallas Rogers,1,ptr_form,upright,handwritten,sparse,high,"Formulaire officiel droit, aucune transaction: note manuscrite 'Nothing to Report for December 2023' (rapport nil).",2024,Harold Dallas Rogers,C_manuscrit
8220176,2024,Harold Dallas Rogers,1,ptr_form,upright,handwritten,sparse,high,"Formulaire officiel droit, aucune transaction: note manuscrite 'Nothing to report for February 2024' (rapport nil).",2024,Harold Dallas Rogers,C_manuscrit
8220203,2024,Harold Dallas Rogers,1,ptr_form,rotated90,typed,sparse,medium,"Formulaire officiel House tourne 90, tape. 'Nothing to report for March 2024'.",2024,Harold Dallas Rogers,B_tape_tourne
8220271,2024,Harold Dallas Rogers,2,ptr_form,rotated90,typed,sparse,medium,"Formulaire officiel tourne 90, tape. Quelques lignes obligations/ETF (Bridge Builder, Vng FTSE, iShares). Page 2 = suite + notes.",2024,Harold Dallas Rogers,B_tape_tourne
8220529,2024,Harold Dallas Rogers,1,ptr_form,rotated90,typed,sparse,high,"Formulaire officiel tourne 90, tape, lisible. 'Nothing to report for May 2024'.",2024,Harold Dallas Rogers,B_tape_tourne
8220536,2024,Harold Dallas Rogers,1,ptr_form,rotated90,typed,sparse,medium,"Formulaire officiel tourne 90, tape. Une ligne Buy Franklin Cnty KY Sch Dist Fin.",2024,Harold Dallas Rogers,B_tape_tourne
8220567,2024,Harold Dallas Rogers,1,ptr_form,upright,typed,sparse,high,"Formulaire officiel droit, tape, tres lisible. 'NOTHING TO REPORT'.",2024,Harold Dallas Rogers,A_tape_droit
8220628,2024,Harold Dallas Rogers,1,ptr_form,rotated90,typed,sparse,medium,"Formulaire officiel tourne 90, tape. 'Nothing to report for August 2024'.",2024,Harold Dallas Rogers,B_tape_tourne
8220672,2024,Harold Dallas Rogers,1,ptr_form,upright,handwritten,sparse,high,Formulaire officiel droit. Nom 'Hal Rogers' et 'Nothing to report for September 2024' manuscrits mais lisibles.,2024,Harold Dallas Rogers,C_manuscrit
8220695,2024,Harold Dallas Rogers,1,ptr_form,rotated90,handwritten,sparse,medium,"Formulaire officiel tourne 90. Nom 'Rep. Hal Rogers' et 'Nothing to report for October 2024' manuscrits, lisibles.",2024,Harold Dallas Rogers,C_manuscrit
8220698,2024,Tony Wied,1,ptr_form,upright,typed,sparse,high,"Formulaire officiel droit, tape, net. 2 ventes (Fortinet, Paycom).",2024,Tony Wied,A_tape_droit
8220747,2025,Gus M. Bilirakis,2,ptr_form,rotated90,typed,sparse,medium,"Formulaire officiel tourne 90, tape. Vente GE Vernova LLC (GEV). Page 2 = note tapee 'My dependent child sold shares...'.",2025,Gus M. Bilirakis,B_tape_tourne
8220753,2025,"Charles J. ""Chuck"" Fleischmann",4,ptr_form,rotated90,typed,medium,high,"Formulaire officiel House (colonnes FULL ASSET NAME / TYPE / DATE / AMOUNT A-K), tourne 90 degres, dactylographie, ~9-11 lignes/page, ETF/SPDR lisibles sans effort.",2025,"Charles J. ""Chuck"" Fleischmann",B_tape_tourne
8220902,2025,"Charles J. ""Chuck"" Fleischmann",5,ptr_form,rotated90,typed,medium,high,"Formulaire officiel House tourne 90 degres, dactylographie, ETF SPDR. Tres lisible.",2025,"Charles J. ""Chuck"" Fleischmann",B_tape_tourne
9115670,2025,"Charles J. ""Chuck"" Fleischmann",3,ptr_form,rotated90,typed,medium,medium,"Formulaire officiel 3 pages tourne 90, tape. Plusieurs ETF (iShares, SPDR). p1/p2 ~8-9 lignes, p3 1 ligne.",2025,"Charles J. ""Chuck"" Fleischmann",B_tape_tourne
8221237,2025,"Charles J. ""Chuck"" Fleischmann",2,ptr_form,upright,typed,medium,high,"Formulaire officiel 2 pages droit, tape, tres net. ~10 lignes ETF (Avantis, iShares, SPDR, ProShares).",2025,"Charles J. ""Chuck"" Fleischmann",A_tape_droit
8220796,2025,Vicente Gonzalez,1,ptr_form,rotated90,handwritten,sparse,low,"Formulaire officiel tourne 90, ENTIEREMENT MANUSCRIT et griffonne. Nom et noms d'actifs (Tesla, GSE/Hasel? PLC) difficiles a dechiffrer. Vrai manuscrit -> OCR risque.",2025,Vicente Gonzalez,C_manuscrit
8220809,2025,Vicente Gonzalez,1,ptr_form,rotated90,handwritten,sparse,medium,"Formulaire officiel House tourne 90 degres, rempli a la main (1 ligne). Cases cochees et dates manuscrites lisibles.",2025,Vicente Gonzalez,C_manuscrit
8220845,2025,Vicente Gonzalez,1,ptr_form,rotated90,handwritten,sparse,medium,"Formulaire officiel tourne 90 degres, manuscrit, 3 lignes (Apple Inc). Lisible mais penche.",2025,Vicente Gonzalez,C_manuscrit
8220750,2025,Rohit Khanna,34,ptr_form,rotated90,typed,dense,medium,Couverture officielle p.1 'Please see the attached' + tampon DELIVERED; pages de transactions = formulaire officiel House TAPE mais tourne 90 et tres dense; quelques barres noires de scan sur les lignes d'en-tete MURA Holdings. Pas un releve externe.,2025,Rohit Khanna,B_tape_tourne
8220783,2025,Rohit Khanna,28,ptr_form,upright,typed,dense,high,"Couverture officielle p.1 'Please see the attached'; pages de transactions formulaire officiel droit, tape, tres lisible; quelques barres noires de scan sur les lignes d'en-tete MURA Holdings page finale.",2025,Rohit Khanna,A_tape_droit
8220827,2025,Rohit Khanna,28,ptr_form,rotated90,typed,dense,medium,"Couverture 'Please see the attached' suivie de pages du MEME formulaire officiel, tapees, tournees 90 degres. Barres noires de scan sur certaines lignes (p28). Noms d'actifs lisibles malgre rotation.",2025,Rohit Khanna,B_tape_tourne
8220906,2025,Rohit Khanna,51,ptr_form,rotated90,typed,dense,medium,"Gros dossier 51 pages, formulaire officiel tape tourne 90 degres apres couverture 'Please see the attached'. Dense mais lisible.",2025,Rohit Khanna,B_tape_tourne
8221124,2025,Rohit Khanna,26,ptr_form,rotated90,typed,dense,medium,Formulaire officiel tape tourne 90 degres. Barres noires de scan sur le bord de certaines pages. Lisible.,2025,Rohit Khanna,B_tape_tourne
8221176,2025,Rohit Khanna,20,ptr_form,rotated90,typed,dense,medium,Formulaire officiel tape tourne 90 degres. Barre noire de scan en bas de p20. Lisible.,2025,Rohit Khanna,B_tape_tourne
9115671,2025,Rohit Khanna,21,ptr_form,rotated90,typed,dense,medium,Formulaire officiel tape tourne 90 degres. Barres noires de scan sur le bord droit de plusieurs pages. Noms d'actifs lisibles.,2025,Rohit Khanna,B_tape_tourne
9115676,2025,Rohit Khanna,15,ptr_form,rotated90,typed,dense,medium,"Formulaire officiel tape tourne 90 degres apres couverture 'Please see the attached'. Dense, lisible.",2025,Rohit Khanna,B_tape_tourne
9115679,2025,Rohit Khanna,20,ptr_form,rotated90,typed,dense,medium,Formulaire officiel tape tourne 90 degres. Barres noires de scan sur certaines lignes (p20). Lisible.,2025,Rohit Khanna,B_tape_tourne
8221231,2025,Rohit Khanna,23,ptr_form,upright,typed,dense,high,"Formulaire officiel DROIT (non tourne), tape, tres lisible. Sections par sous-entite (FBO Khanna Children, etc). Leger ombrage de scan en haut de p23 mais noms d'actifs nets.",2025,Rohit Khanna,A_tape_droit
8221264,2025,Rohit Khanna,24,ptr_form,upright,typed,medium,high,"Formulaire officiel DROIT, tape, tres lisible. Barres noires de scan SUR les lignes d'en-tete de section (ex 'M & R Trust Partnership', 'Ritu Ahuja Declaration of Trust') mais elles ne masquent aucun nom d'actif. Sections de quelques lignes chacune.",2025,Rohit Khanna,A_tape_droit
8221276,2025,Nicole Malliotakis,1,ptr_form,upright,handwritten,sparse,high,"Formulaire officiel droit, rempli a la main (Treasury Bills, Chipotle, Flagstar, Ichan Bonds), 4 lignes. Manuscrit propre et lisible.",2025,Nicole Malliotakis,C_manuscrit
8220754,2025,Michael T. McCaul,4,ptr_form,mixed,typed,dense,medium,"Formulaire officiel House TAPE et DENSE (>20 lignes/page), pas un releve externe. Pages 1 et 3 tournees 90 degres, page 4 orientee 180 degres par rapport a elles (orientation mixte selon les pages). Petit mais lisible.",2025,Michael T. McCaul,B_tape_tourne
8220834,2025,Michael T. McCaul,3,ptr_form,upright,typed,dense,high,"Formulaire officiel droit, tape, 3 pages tres denses (>20 lignes/page). Tres lisible. En-tete tamponne legerement decale mais sans impact sur les donnees.",2025,Michael T. McCaul,A_tape_droit
8220904,2025,Michael T. McCaul,5,ptr_form,rotated90,typed,dense,medium,"Formulaire officiel House TAPE et tres DENSE (>20 lignes/page sur p1 et p3), tourne 90 degres. p1/p3 tres petits/serres mais dechiffrables, p5 plus grand et clair. Pas un releve externe.",2025,Michael T. McCaul,B_tape_tourne
8221120,2025,Michael T. McCaul,2,ptr_form,rotated90,typed,dense,medium,"Formulaire officiel House (colonnes FULL ASSET NAME/TYPE/DATE/AMOUNT), tourne 90, tape, p1 tres charge p2 moins. Lisible mais petit/tourne.",2025,Michael T. McCaul,B_tape_tourne
8221173,2025,Michael T. McCaul,8,ptr_form,rotated90,typed,dense,medium,"Formulaire officiel House TAPE et tres DENSE (>20 lignes sur p1/p5), tourne 90 degres, 8 pages. Petit mais lisible; page 8 (derniere) eparse et tres claire. Pas un releve externe.",2025,Michael T. McCaul,B_tape_tourne
9115664,2025,Michael T. McCaul,4,ptr_form,rotated90,typed,dense,medium,"Formulaire officiel tourne 90, tape, dense. Tampon HAND DELIVERED + paraphe sur p1 mais tableau de donnees entierement tape et lisible.",2025,Michael T. McCaul,B_tape_tourne
9115677,2025,Michael T. McCaul,8,ptr_form,rotated90,typed,dense,medium,"Formulaire officiel tourne 90, tape, tres dense. Lisible mais police petite et page tournee.",2025,Michael T. McCaul,B_tape_tourne
9115662,2025,Michael T. McCaul,4,ptr_form,rotated90,typed,dense,medium,"Formulaire officiel tourne 90, tape, dense (libelles fonds longs). Tampon HAND DELIVERED p1. Lisible.",2025,Michael T. McCaul,B_tape_tourne
9115684,2025,Michael T. McCaul,5,ptr_form,rotated90,typed,dense,medium,"Formulaire officiel tourne 90, tape, dense. Tampon HAND DELIVERED p1. Lisible mais tourne.",2025,Michael T. McCaul,B_tape_tourne
8221228,2025,Michael T. McCaul,9,ptr_form,mixed,typed,dense,medium,"Formulaire officiel tape dense. Orientation mixte: p1 tournee 90, p5 et p9 droites. Tampon HAND DELIVERED p1.",2025,Michael T. McCaul,B_tape_tourne
8221263,2025,Michael T. McCaul,2,ptr_form,upright,typed,dense,high,"Formulaire officiel droit, tape, dense, tres lisible. Tampon HAND DELIVERED en haut p1 recouvre partiellement l'entete Amount mais donnees claires.",2025,Michael T. McCaul,A_tape_droit
8221212,2025,Lisa McClain,14,ptr_form,mixed,typed,dense,high,"Formulaire officiel House, dactylographie. Orientation mixte: p1 = tableau boite classique tourne 90 degres; p8 = export 'Print Preview' droit (colonnes Owner/Asset/Transaction Type/Date/Amount); p14 = page de certification/signature droite (signature manuscrite uniquement, pas d'entree de transaction manuscrite). Palantir/Tesla/Rigetti lisibles. Pas un releve externe.",2025,Lisa McClain,B_tape_tourne
8220828,2025,Jamie Raskin,1,ptr_form,rotated90,handwritten,sparse,medium,"Formulaire officiel House (ancien layout transaction unique), tourne 90. Nom 'Jamie Raskin' et actif 'AT&T' ecrits a la main, 1 ligne. Tampon HAND DELIVERED.",2025,Jamie Raskin,C_manuscrit
8220755,2025,Harold Dallas Rogers,1,ptr_form,rotated90,typed,sparse,medium,"Formulaire officiel House tourne 90, tape, 'Nothing to report for January 2025'. Sparse. Tampon HAND DELIVERED.",2025,Harold Dallas Rogers,B_tape_tourne
8220782,2025,Harold Dallas Rogers,1,ptr_form,upright,typed,sparse,high,"Formulaire officiel House droit, tape, 'Nothing to report for February 2025'. Sparse, tres lisible. Tampon HAND DELIVERED.",2025,Harold Dallas Rogers,A_tape_droit
8220844,2025,Harold Dallas Rogers,1,ptr_form,rotated90,typed,sparse,medium,"Formulaire officiel House tourne 90, tape, 2 transactions (Sell Vng FTSE Dev Mkt, Buy Van Core S&P 500). Sparse. Tampon HAND DELIVERED.",2025,Harold Dallas Rogers,B_tape_tourne
8220958,2025,Harold Dallas Rogers,1,ptr_form,rotated90,typed,sparse,medium,"Formulaire officiel House tourne 90, tape, 'Nothing to report for April 2025'. Sparse. Tampon HAND DELIVERED.",2025,Harold Dallas Rogers,B_tape_tourne
8221123,2025,Harold Dallas Rogers,1,ptr_form,rotated90,typed,sparse,medium,"Formulaire officiel House tourne 90, tape, 2 redemptions (MD St Dept Trans Cons Rev, San Antonio TX Wtr Rev). Sparse. Tampon HAND DELIVERED.",2025,Harold Dallas Rogers,B_tape_tourne
9115546,2025,Harold Dallas Rogers,1,ptr_form,rotated90,typed,sparse,medium,"Formulaire officiel House tourne 90 deg, seul l'exemple imprime + 'Nothing to report for June 2025'; tirets/artefacts de scan mais lisible.",2025,Harold Dallas Rogers,B_tape_tourne
9115623,2025,Harold Dallas Rogers,2,ptr_form,rotated180,mixed,sparse,medium,Formulaire officiel a l'envers (180 deg); en-tete tape + 'Nothing to Report for July 2025' manuscrit; tache noire/tampon sur le bord droit.,2025,Harold Dallas Rogers,C_manuscrit
9115635,2025,Harold Dallas Rogers,2,ptr_form,rotated90,typed,sparse,high,"Formulaire officiel tourne 90 deg, entree tapee Yum China Holdings Inc, vente; lisible.",2025,Harold Dallas Rogers,B_tape_tourne
9115689,2025,Harold Dallas Rogers,4,ptr_form,rotated90,typed,medium,high,"Formulaire officiel House tourne 90 degres, dactylographie. Noms d'actifs (Schwab Strategic Trust, iShares...) clairs.",2025,Harold Dallas Rogers,B_tape_tourne
8221223,2025,Harold Dallas Rogers,1,ptr_form,upright,typed,sparse,high,"Formulaire officiel droit, tape, 'Nothing to report for October 2025'.",2025,Harold Dallas Rogers,A_tape_droit
8221270,2025,Harold Dallas Rogers,1,ptr_form,upright,typed,sparse,high,"Formulaire officiel droit, tape, une vente 'Sell AT&T Inc @ 25.51'.",2025,Harold Dallas Rogers,A_tape_droit
8220731,2025,Keith Alan Self,2,ptr_form,rotated90,mixed,medium,medium,"Formulaire officiel tourne 90 deg; en-tete tape mais noms d'actifs manuscrits (ATT INC, Genuine Parts Co, Merck & Co Inc, NVIDIA Corp); petit, plusieurs lignes.",2025,Keith Alan Self,C_manuscrit
9115686,2025,Keith Alan Self,1,ptr_form,rotated90,handwritten,sparse,medium,"Formulaire officiel tourne 90 deg, une entree manuscrite (Leidos Holdings Inc); petit/penche mais lisible.",2025,Keith Alan Self,C_manuscrit
8220768,2025,Brad Sherman,2,ptr_form,upright,handwritten,sparse,high,"Formulaire officiel droit. Entrees manuscrites (USA Treasury Bonds) + note de filer manuscrite en page 2. Peu de lignes, lisible. Tampon HAND DELIVERED.",2025,Brad Sherman,C_manuscrit
8220770,2025,Brad Sherman,1,cover_only,upright,typed,sparse,high,"Lettre a en-tete du membre adressee au Clerk (amendement, PTR depose en erreur); PAS le formulaire officiel; mini-tableau 1 ligne (USA Treasury Bonds); dit 'Please see my attached copy of the PTR'.",2025,Brad Sherman,A_tape_droit
8220780,2025,Brad Sherman,2,ptr_form,upright,handwritten,sparse,medium,"Formulaire officiel droit; en-tete et entree manuscrits (US Treasury Bonds, achat); note manuscrite page 3 sur USA Treasury I Bonds.",2025,Brad Sherman,C_manuscrit
8220764,2025,Adrian Smith,2,ptr_form,upright,handwritten,sparse,high,"Formulaire officiel droit. Nom et entree d'actif manuscrits (une ligne remplie a la main), tres peu de lignes. Tampon HAND DELIVERED. Page 2 = formulaire vierge tourne 90.",2025,Adrian Smith,C_manuscrit
9115549,2025,Adrian Smith,2,ptr_form,rotated90,handwritten,sparse,medium,"Formulaire officiel tourne 90 deg; en-tete et entree manuscrits (Cantor Baldwin, vente 07/14/25); page 2 vide.",2025,Adrian Smith,C_manuscrit
8221238,2025,Adrian Smith,1,ptr_form,upright,handwritten,sparse,medium,"Formulaire officiel droit; en-tete et entree manuscrits (Bitcoin, achat 10/17/25); mouchetures de scan.",2025,Adrian Smith,C_manuscrit
8220765,2025,Ann Wagner,2,ptr_form,mixed,handwritten,sparse,high,"Formulaire officiel droit en page 1, entrees manuscrites (quelques lignes d'actifs municipaux), lisible. Tampon HAND DELIVERED. Page 2 = formulaire vierge tourne 90.",2025,Ann Wagner,C_manuscrit
8220836,2025,Ann Wagner,2,ptr_form,upright,typed,sparse,high,"Formulaire officiel droit, tape (Washington Subn San Dist MD 4.00% 12/1/2032, achat); page 2 grille vide.",2025,Ann Wagner,A_tape_droit
8220757,2025,Tony Wied,1,ptr_form,rotated90,typed,sparse,medium,"Formulaire officiel tourne 90 deg, tape (US Treasury Bills, ventes); petit mais lisible.",2025,Tony Wied,B_tape_tourne
8220799,2025,Tony Wied,2,ptr_form,rotated90,typed,medium,medium,"Official House PTR form, both pages rotated 90 (vertical text), typed asset names, fully readable when rotated.",2025,Tony Wied,B_tape_tourne
8220824,2025,Tony Wied,1,ptr_form,rotated90,typed,sparse,medium,"Official PTR form rotated 90, single asset row, typed.",2025,Tony Wied,B_tape_tourne
8220903,2025,Tony Wied,2,ptr_form,rotated90,typed,medium,medium,"Official PTR form, both pages rotated 90, typed.",2025,Tony Wied,B_tape_tourne
8221177,2025,Tony Wied,1,ptr_form,rotated90,typed,sparse,medium,"Official PTR form rotated 90, single asset (AMZN), typed.",2025,Tony Wied,B_tape_tourne
9115665,2025,Tony Wied,1,ptr_form,rotated90,typed,sparse,medium,"Official PTR form rotated 90, single asset row (American Express), typed.",2025,Tony Wied,B_tape_tourne
8221233,2025,Tony Wied,2,ptr_form,upright,typed,medium,high,"Official PTR form, upright, large clean typed asset names, very legible.",2025,Tony Wied,A_tape_droit
8221321,2026,"Charles J. ""Chuck"" Fleischmann",2,ptr_form,upright,typed,sparse,high,"Formulaire officiel House droit, noms d'actifs tapes (X de transaction manuscrits). Peu de lignes (~5 et 4).",2026,"Charles J. ""Chuck"" Fleischmann",A_tape_droit
9115704,2026,"Charles J. ""Chuck"" Fleischmann",2,ptr_form,upright,typed,medium,high,"Official PTR form, upright, typed asset names with tickers, X marks in checkboxes; clean.",2026,"Charles J. ""Chuck"" Fleischmann",A_tape_droit
9115821,2026,"Charles J. ""Chuck"" Fleischmann",2,ptr_form,upright,typed,medium,high,"Official PTR form, upright, typed ETF names; clean and legible.",2026,"Charles J. ""Chuck"" Fleischmann",A_tape_droit
9115809,2026,Diana Harshbarger,2,ptr_form,upright,mixed,sparse,high,"Formulaire officiel House p.1, une seule ligne (Metro WA Airports Auth); nom d'actif tape mais telephone/dates/X manuscrits. p.2 = feuille separatrice de scanner 'Patch T type separator sheet' avec grosses barres noires, pas de contenu.",2026,Diana Harshbarger,C_manuscrit
9115811,2026,Diana Harshbarger,1,ptr_form,upright,typed,sparse,high,"Official PTR form, upright, single municipal bond row typed; handwritten phone/page numbers only in header (entries typed).",2026,Diana Harshbarger,A_tape_droit
9115812,2026,Diana Harshbarger,2,ptr_form,upright,typed,medium,high,"Official PTR form, upright, typed municipal bond entries; legible. Header phone/page handwritten only.",2026,Diana Harshbarger,A_tape_droit
9115813,2026,Diana Harshbarger,2,ptr_form,upright,typed,medium,high,"Official PTR form, upright, typed municipal bond entries; legible.",2026,Diana Harshbarger,A_tape_droit
9115814,2026,Diana Harshbarger,2,ptr_form,upright,typed,medium,high,"Official PTR form, upright, typed municipal bond entries; legible.",2026,Diana Harshbarger,A_tape_droit
9115815,2026,Diana Harshbarger,2,ptr_form,upright,typed,medium,high,"Official PTR form (3-of-3), upright, typed municipal bond entries; legible. Rendered at lower DPI due to landscape size but layout/entries clearly the standard form.",2026,Diana Harshbarger,A_tape_droit
9115901,2026,Diana Harshbarger,2,ptr_form,upright,typed,sparse,high,"Official House PTR form, 3 typed asset lines on p1, p2 blank ('blank' handwritten).",2026,Diana Harshbarger,A_tape_droit
8221322,2026,Rohit Khanna,56,ptr_form,upright,typed,dense,high,"Gros dossier Khanna: page 1 = couverture officielle House 'Please see the attached', suivie de pages d'annexe = tableau PTR tape style tableur (colonnes FULL ASSET NAME/TYPE/DATE/AMOUNT A-K, regroupe par trusts Ritu Ahuja). UPRIGHT (pas tourne 90). Barre noire de scan sur les lignes d'en-tete/separateurs de section, mais noms d'actifs et dates parfaitement lisibles. PAS un releve externe.",2026,Rohit Khanna,A_tape_droit
8221358,2026,Rohit Khanna,41,ptr_form,upright,typed,dense,high,"Meme structure que 8221322: couverture officielle 'Please see the attached' page 1 + annexe tableau PTR tape, droit, dense. Barre noire de scan sur les en-tetes/separateurs de trust (Ritu Ahuja Declaration of Trust, MURA Holdings, etc.). Noms d'actifs lisibles. PAS un releve externe.",2026,Rohit Khanna,A_tape_droit
9115726,2026,Rohit Khanna,43,ptr_form,upright,typed,dense,medium,"Meme format Khanna (couverture 'Please see the attached' + annexe tableau PTR tape, droit, barre noire sur separateurs). MAIS scan/photocopie nettement plus degrade: gridlines casses et en-tetes partiellement brouilles (p.22, p.43). Noms d'actifs encore lisibles mais effort accru -> legibility 'medium'. PAS un releve externe.",2026,Rohit Khanna,A_tape_droit
9115822,2026,Rohit Khanna,30,ptr_form,upright,typed,dense,high,"Official PTR table format throughout (cover p1 'Please see the attached'); typed, dense; black scan bars across trust-header rows.",2026,Rohit Khanna,A_tape_droit
9116142,2026,Rohit Khanna,41,ptr_form,upright,typed,dense,high,"Official PTR table format throughout (cover p1 'Please see the attached'); typed, dense; black scan bars across trust-header rows.",2026,Rohit Khanna,A_tape_droit
8221326,2026,Michael T. McCaul,3,ptr_form,upright,typed,dense,high,"Formulaire officiel House droit, tape, tres dense (>20 lignes p.1-2). Tampon DELIVERED chevauche l'en-tete p.1 mais contenu net. Pas un releve externe.",2026,Michael T. McCaul,A_tape_droit
8221359,2026,Michael T. McCaul,5,ptr_form,upright,typed,dense,high,"Formulaire officiel House tape, droit. Page 1 porte un tampon 'HAND DELIVERED' + une legere surimpression manuscrite rotee 'Legislative Resource Center', mais le tableau lui-meme est droit et net. Pages 3 et 5 propres et lisibles.",2026,Michael T. McCaul,A_tape_droit
9115728,2026,Michael T. McCaul,5,ptr_form,upright,typed,dense,high,"Deuxieme depot McCaul, meme format que 8221359: formulaire officiel House tape, droit, dense, tres lisible. (Pages 1/3/5 conformes au modele McCaul observe.)",2026,Michael T. McCaul,A_tape_droit
9115820,2026,Michael T. McCaul,4,ptr_form,upright,typed,dense,high,"Formulaire officiel House droit, tape, tres dense (>20 lignes p.1 et 3). Tampon DELIVERED en haut p.1, contenu lisible. Pas un releve externe.",2026,Michael T. McCaul,A_tape_droit
9116141,2026,Michael T. McCaul,6,ptr_form,upright,typed,dense,high,"Official PTR table, typed, dense pages; last page sparser. Legible.",2026,Michael T. McCaul,A_tape_droit
8221332,2026,Harold Dallas Rogers,1,ptr_form,upright,typed,sparse,high,"Formulaire officiel House, une page, 'Nothing to report for January 2026'. Tape, tres lisible.",2026,Harold Dallas Rogers,A_tape_droit
9115711,2026,Harold Dallas Rogers,1,ptr_form,upright,typed,sparse,high,"Official PTR form, single typed line 'Nothing to report for February 2026'.",2026,Harold Dallas Rogers,A_tape_droit
9115762,2026,Harold Dallas Rogers,1,ptr_form,upright,typed,sparse,high,"Official PTR form, single typed line 'Nothing to report for March 2026'.",2026,Harold Dallas Rogers,A_tape_droit
9115808,2026,Harold Dallas Rogers,1,ptr_form,upright,handwritten,sparse,medium,"Official PTR form but filled by hand: name 'Rep. Hal Rogers', asset scribbled 'Buy St Str Spdr ETF @ 74.93', date 3-31-26. Handwriting readable but asset is an abbreviated scrawl.",2026,Harold Dallas Rogers,C_manuscrit
9116146,2026,Harold Dallas Rogers,1,ptr_form,upright,typed,sparse,high,"Official PTR form, single typed line 'Nothing to report for May 2026'.",2026,Harold Dallas Rogers,A_tape_droit
8221360,2026,Tony Wied,5,ptr_form,upright,typed,sparse,high,"Formulaire officiel House tape, droit, tres aere (~3-4 actifs par page) avec colonnes montant a cocher (checkbox). Noms d'actifs en gros caracteres. Tampon 'HAND DELIVERED' page 1. Tres lisible.",2026,Tony Wied,A_tape_droit
9115816,2026,Tony Wied,1,ptr_form,upright,typed,sparse,high,"Official PTR form, 2 typed asset lines (Federated Hermes High Yield Bond Fund; US Treasury Bill) with hand-marked checkboxes.",2026,Tony Wied,A_tape_droit
9105778,2014,Diane Black,1,,,TAPE,,,,,,B_tape_tourne
8213778,2014,Diane Black,1,,,TAPE,,,,,,B_tape_tourne
8213944,2014,Gus M. Bilirakis,1,,,TAPE,,,,,,B_tape_tourne
9105569,2014,Gus M. Bilirakis,2,,,TAPE,,,,,,B_tape_tourne
8214211,2014,"Garland ""Andy"" Barr",1,,,MANUSCRIT,,,,,,C_manuscrit
9105722,2014,Diane Black,1,,,TAPE,,,,,,B_tape_tourne
9105721,2014,Diane Black,2,,,TAPE,,,,,,B_tape_tourne
8214020,2014,Diane Black,2,,,TAPE,,,,,,B_tape_tourne
8213900,2014,Diane Black,1,,,TAPE,,,,,,B_tape_tourne
8214152,2014,Diane Black,3,,,TAPE,,,,,,B_tape_tourne
8214213,2014,Diane Black,1,,,TAPE,,,,,,B_tape_tourne
9105101,2014,Diane Black,1,,,TAPE,,,,,,B_tape_tourne
8214530,2014,Diane Black,2,,,TAPE,,,,,,B_tape_tourne
8215964,2014,Diane Black,2,,,TAPE,,,,,,B_tape_tourne
8216477,2014,Diane Black,1,,,TAPE,,,,,,B_tape_tourne
8213806,2014,Diane Black,2,,,TAPE,,,,,,B_tape_tourne
8216478,2014,Diane Black,2,,,TAPE,,,,,,B_tape_tourne
9105442,2014,Diane Black,2,,,TAPE,,,,,,B_tape_tourne
8216515,2014,Diane Black,1,,,TAPE,,,,,,B_tape_tourne
9105543,2014,Diane Black,2,,,TAPE,,,,,,B_tape_tourne
8214362,2014,Diane Black,2,,,TAPE,,,,,,B_tape_tourne
8214214,2014,Vern Buchanan,2,,,TAPE,,,,,,B_tape_tourne
9105658,2014,Diane Black,2,,,TAPE,,,,,,B_tape_tourne
8214023,2014,Dave Camp,7,,,TAPE,,,,,,B_tape_tourne
8214582,2014,Vern Buchanan,2,,,TAPE,,,,,,B_tape_tourne
8214151,2014,Earl Blumenauer,2,,,TAPE,,,,,,B_tape_tourne
9105131,2014,Dave Camp,8,,,TAPE,,,,,,B_tape_tourne
8214531,2014,Dave Camp,13,,,TAPE,,,,,,B_tape_tourne
8216364,2014,Dave Camp,4,,,TAPE,,,,,,B_tape_tourne
9105443,2014,Dave Camp,4,,,TAPE,,,,,,B_tape_tourne
9105642,2014,Dave Camp,9,,,TAPE,,,,,,B_tape_tourne
9105521,2014,Dave Camp,18,,,TAPE,,,,,,B_tape_tourne
8216015,2014,Dave Camp,20,,,TAPE,,,,,,B_tape_tourne
8215761,2014,Dave Camp,12,,,TAPE,,,,,,B_tape_tourne
8214104,2014,Dave Camp,13,,,TAPE,,,,,,B_tape_tourne
8216259,2014,Shelley Moore Capito,1,,,TAPE,,,,,,B_tape_tourne
9105657,2014,Shelley Moore Capito,1,,,TAPE,,,,,,B_tape_tourne
8213946,2014,Shelley Moore Capito,1,,,TAPE,,,,,,B_tape_tourne
8214216,2014,Kathy Castor,1,,,MANUSCRIT,,,,,,C_manuscrit
8213779,2014,Matt Cartwright,1,,,TAPE,,,,,,B_tape_tourne
8214215,2014,Shelley Moore Capito,1,,,TAPE,,,,,,B_tape_tourne
8214217,2014,Kathy Castor,1,,,TAPE,,,,,,B_tape_tourne
8213947,2014,Shelley Moore Capito,1,,,TAPE,,,,,,B_tape_tourne
8214327,2014,Kathy Castor,1,,,TAPE,,,,,,B_tape_tourne
8216365,2014,Curtis J. Clawson,2,,,TAPE,,,,,,B_tape_tourne
8216519,2014,Curtis J. Clawson,5,,,TAPE,,,,,,B_tape_tourne
8215696,2014,Howard Coble,2,,,TAPE,,,,,,B_tape_tourne
8215815,2014,Howard Coble,1,,,TAPE,,,,,,B_tape_tourne
8215965,2014,Howard Coble,1,,,MANUSCRIT,,,,,,C_manuscrit
8216123,2014,Howard Coble,1,,,TAPE,,,,,,B_tape_tourne
8216098,2014,Curtis J. Clawson,5,,,TAPE,,,,,,B_tape_tourne
8216480,2014,Howard Coble,1,,,TAPE,,,,,,B_tape_tourne
9105544,2014,Howard Coble,1,,,TAPE,,,,,,B_tape_tourne
8213807,2014,Steve Cohen,2,,,TAPE,,,,,,B_tape_tourne
9105491,2014,Chris Collins,1,,,TAPE,,,,,,B_tape_tourne
8214395,2014,Chris Collins,1,,,TAPE,,,,,,B_tape_tourne
9105776,2014,Steve Cohen,1,,,TAPE,,,,,,B_tape_tourne
9105624,2014,Chris Collins,1,,,TAPE,,,,,,B_tape_tourne
8213782,2014,K. Michael Conaway,1,,,TAPE,,,,,,B_tape_tourne
8213809,2014,Gerald E. Connolly,1,,,TAPE,,,,,,B_tape_tourne
9105683,2014,John K. Delaney,1,,,TAPE,,,,,,B_tape_tourne
8213811,2014,John K. Delaney,1,,,TAPE,,,,,,B_tape_tourne
8213810,2014,John K. Delaney,1,,,TAPE,,,,,,B_tape_tourne
8213917,2014,John K. Delaney,2,,,TAPE,,,,,,B_tape_tourne
9105037,2014,John K. Delaney,2,,,TAPE,,,,,,B_tape_tourne
8214024,2014,John K. Delaney,1,,,TAPE,,,,,,B_tape_tourne
8215898,2014,Howard Coble,1,,,TAPE,,,,,,B_tape_tourne
8214713,2014,John K. Delaney,1,,,TAPE,,,,,,B_tape_tourne
9105105,2014,John K. Delaney,2,,,TAPE,,,,,,B_tape_tourne
8215242,2014,John K. Delaney,1,,,TAPE,,,,,,B_tape_tourne
8214461,2014,John K. Delaney,1,,,TAPE,,,,,,B_tape_tourne
8216428,2014,John K. Delaney,1,,,TAPE,,,,,,B_tape_tourne
8215707,2014,John K. Delaney,1,,,TAPE,,,,,,B_tape_tourne
8216520,2014,John K. Delaney,1,,,TAPE,,,,,,B_tape_tourne
8214583,2014,John K. Delaney,3,,,TAPE,,,,,,B_tape_tourne
8216099,2014,John K. Delaney,1,,,TAPE,,,,,,B_tape_tourne
9105522,2014,John K. Delaney,1,,,TAPE,,,,,,B_tape_tourne
8214328,2014,John K. Delaney,1,,,TAPE,,,,,,B_tape_tourne
9105623,2014,John K. Delaney,1,,,TAPE,,,,,,B_tape_tourne
8214103,2014,Suzan K. DelBene,1,,,TAPE,,,,,,B_tape_tourne
8213783,2014,Suzan K. DelBene,1,,,TAPE,,,,,,B_tape_tourne
9105133,2014,Suzan K. DelBene,2,,,TAPE,,,,,,B_tape_tourne
8214811,2014,Suzan K. DelBene,1,,,TAPE,,,,,,B_tape_tourne
8214462,2014,Suzan K. DelBene,1,,,TAPE,,,,,,B_tape_tourne
8213812,2014,John D. Dingell,1,,,TAPE,,,,,,B_tape_tourne
8213883,2014,John D. Dingell,1,,,TAPE,,,,,,B_tape_tourne
8213949,2014,John D. Dingell,1,,,TAPE,,,,,,B_tape_tourne
8214329,2014,John D. Dingell,1,,,TAPE,,,,,,B_tape_tourne
8214463,2014,John D. Dingell,1,,,TAPE,,,,,,B_tape_tourne
8215695,2014,John D. Dingell,1,,,TAPE,,,,,,B_tape_tourne
8215900,2014,John D. Dingell,1,,,TAPE,,,,,,B_tape_tourne
8216102,2014,John D. Dingell,1,,,TAPE,,,,,,B_tape_tourne
8214219,2014,John D. Dingell,1,,,TAPE,,,,,,B_tape_tourne
8213813,2014,John J. Duncan,1,,,TAPE,,,,,,B_tape_tourne
8214330,2014,John J. Duncan,1,,,MANUSCRIT,,,,,,C_manuscrit
8215712,2014,John J. Duncan,1,,,MANUSCRIT,,,,,,C_manuscrit
9105065,2014,Lloyd Doggett,1,,,TAPE,,,,,,B_tape_tourne
8216260,2014,"Charles J. ""Chuck"" Fleischmann",2,,,TAPE,,,,,,B_tape_tourne
9105641,2014,"Charles J. ""Chuck"" Fleischmann",3,,,TAPE,,,,,,B_tape_tourne
8216522,2014,"Charles J. ""Chuck"" Fleischmann",2,,,TAPE,,,,,,B_tape_tourne
9105493,2014,"Charles J. ""Chuck"" Fleischmann",1,,,TAPE,,,,,,B_tape_tourne
8213784,2014,Lloyd Doggett,1,,,TAPE,,,,,,B_tape_tourne
8214028,2014,Virginia Foxx,1,,,TAPE,,,,,,B_tape_tourne
8213785,2014,Virginia Foxx,2,,,TAPE,,,,,,B_tape_tourne
8214535,2014,Lois Frankel,4,,,TAPE,,,,,,B_tape_tourne
8214101,2014,Lois Frankel,3,,,TAPE,,,,,,B_tape_tourne
9105687,2014,Rodney P. Frelinghuysen,1,,,TAPE,,,,,,B_tape_tourne
8213908,2014,Lois Frankel,2,,,TAPE,,,,,,B_tape_tourne
9105135,2014,Lois Frankel,2,,,TAPE,,,,,,B_tape_tourne
8213786,2014,Rodney P. Frelinghuysen,1,,,TAPE,,,,,,B_tape_tourne
8214536,2014,Rodney P. Frelinghuysen,1,,,TAPE,,,,,,B_tape_tourne
8214087,2014,Rodney P. Frelinghuysen,1,,,TAPE,,,,,,B_tape_tourne
8215241,2014,Chris Collins,1,,,MANUSCRIT,,,,,,C_manuscrit
8216367,2014,Rodney P. Frelinghuysen,2,,,TAPE,,,,,,B_tape_tourne
8215902,2014,Rodney P. Frelinghuysen,1,,,TAPE,,,,,,B_tape_tourne
8214715,2014,Rodney P. Frelinghuysen,1,,,TAPE,,,,,,B_tape_tourne
8215966,2014,Rodney P. Frelinghuysen,1,,,TAPE,,,,,,B_tape_tourne
8216178,2014,Rodney P. Frelinghuysen,1,,,TAPE,,,,,,B_tape_tourne
8216368,2014,Rodney P. Frelinghuysen,1,,,TAPE,,,,,,B_tape_tourne
8216481,2014,Rodney P. Frelinghuysen,1,,,TAPE,,,,,,B_tape_tourne
9105618,2014,John Garamendi,1,,,TAPE,,,,,,B_tape_tourne
8213952,2014,John Garamendi,1,,,MANUSCRIT,,,,,,C_manuscrit
9105524,2014,Rodney P. Frelinghuysen,1,,,TAPE,,,,,,B_tape_tourne
9105444,2014,Bob Goodlatte,1,,,MANUSCRIT,,,,,,C_manuscrit
8215445,2014,Bob Goodlatte,1,,,TAPE,,,,,,B_tape_tourne
9105788,2014,Alan Grayson,3,,,MANUSCRIT,,,,,,C_manuscrit
8214089,2014,Alan Grayson,2,,,TAPE,,,,,,B_tape_tourne
9105136,2014,Alan Grayson,2,,,TAPE,,,,,,B_tape_tourne
8216525,2014,Rodney P. Frelinghuysen,1,,,TAPE,,,,,,B_tape_tourne
8214584,2014,Alan Grayson,2,,,TAPE,,,,,,B_tape_tourne
8216124,2014,Alan Grayson,3,,,MANUSCRIT,,,,,,C_manuscrit
8214717,2014,Raúl M. Grijalva,1,,,TAPE,,,,,,B_tape_tourne
8213814,2014,Alan Grayson,2,,,TAPE,,,,,,B_tape_tourne
9105401,2014,Alan Grayson,3,,,MANUSCRIT,,,,,,C_manuscrit
9105571,2014,Alan Grayson,1,,,TAPE,,,,,,B_tape_tourne
8213919,2014,Luis V. Gutierrez,1,,,TAPE,,,,,,B_tape_tourne
8213918,2014,Luis V. Gutierrez,1,,,TAPE,,,,,,B_tape_tourne
8213955,2014,Luis V. Gutierrez,1,,,TAPE,,,,,,B_tape_tourne
8214100,2014,Luis V. Gutierrez,1,,,TAPE,,,,,,B_tape_tourne
8213957,2014,George Holding,1,,,MANUSCRIT,,,,,,C_manuscrit
9105138,2014,Luis V. Gutierrez,1,,,TAPE,,,,,,B_tape_tourne
8214102,2014,Denny Heck,1,,,MANUSCRIT,,,,,,C_manuscrit
8215704,2014,George Holding,1,,,MANUSCRIT,,,,,,C_manuscrit
8216527,2014,Andy Harris,1,,,MANUSCRIT,,,,,,C_manuscrit
8213886,2014,Denny Heck,1,,,MANUSCRIT,,,,,,C_manuscrit
8214224,2014,Luis V. Gutierrez,1,,,TAPE,,,,,,B_tape_tourne
8213815,2014,Robert Hurt,1,,,MANUSCRIT,,,,,,C_manuscrit
8214538,2014,William R. Keating,2,,,TAPE,,,,,,B_tape_tourne
8213817,2014,Mike Kelly,3,,,TAPE,,,,,,B_tape_tourne
9105615,2014,David P. Joyce,6,,,MANUSCRIT,,,,,,C_manuscrit
9105525,2014,George Holding,2,,,MANUSCRIT,,,,,,C_manuscrit
9105729,2014,Mike Kelly,1,,,TAPE,,,,,,B_tape_tourne
9105691,2014,David P. Joyce,3,,,TAPE,,,,,,B_tape_tourne
8213818,2014,Mike Kelly,3,,,TAPE,,,,,,B_tape_tourne
8214467,2014,Mike Kelly,5,,,TAPE,,,,,,B_tape_tourne
9105107,2014,Mike Kelly,2,,,TAPE,,,,,,B_tape_tourne
8215814,2014,Mike Kelly,3,,,TAPE,,,,,,B_tape_tourne
8214718,2014,Mike Kelly,2,,,TAPE,,,,,,B_tape_tourne
8214090,2014,Mike Kelly,2,,,TAPE,,,,,,B_tape_tourne
8216017,2014,Mike Kelly,3,,,TAPE,,,,,,B_tape_tourne
8216380,2014,Mike Kelly,3,,,TAPE,,,,,,B_tape_tourne
8216532,2014,Mike Kelly,3,,,TAPE,,,,,,B_tape_tourne
9105756,2014,Doug Lamborn,2,,,MANUSCRIT,,,,,,C_manuscrit
9105656,2014,Mike Kelly,2,,,TAPE,,,,,,B_tape_tourne
8214469,2014,Doug Lamborn,1,,,MANUSCRIT,,,,,,C_manuscrit
8214098,2014,Doug Lamborn,2,,,MANUSCRIT,,,,,,C_manuscrit
8216533,2014,Doug Lamborn,2,,,MANUSCRIT,,,,,,C_manuscrit
9105526,2014,Mike Kelly,4,,,TAPE,,,,,,B_tape_tourne
8216125,2014,Doug Lamborn,1,,,MANUSCRIT,,,,,,C_manuscrit
9105447,2014,Doug Lamborn,2,,,MANUSCRIT,,,,,,C_manuscrit
8213819,2014,James R. Langevin,1,,,TAPE,,,,,,B_tape_tourne
9105680,2014,John B. Larson,1,,,TAPE,,,,,,B_tape_tourne
8214085,2014,John B. Larson,1,,,TAPE,,,,,,B_tape_tourne
9105655,2014,Doug Lamborn,1,,,MANUSCRIT,,,,,,C_manuscrit
8214334,2014,John B. Larson,1,,,TAPE,,,,,,B_tape_tourne
8214397,2014,John B. Larson,1,,,TAPE,,,,,,B_tape_tourne
8215595,2014,John B. Larson,1,,,TAPE,,,,,,B_tape_tourne
8215906,2014,John B. Larson,2,,,TAPE,,,,,,B_tape_tourne
8215812,2014,John B. Larson,1,,,TAPE,,,,,,B_tape_tourne
9105497,2014,John B. Larson,1,,,TAPE,,,,,,B_tape_tourne
9105596,2014,John B. Larson,1,,,TAPE,,,,,,B_tape_tourne
9105498,2014,John B. Larson,1,,,TAPE,,,,,,B_tape_tourne
8213820,2014,David Loebsack,1,,,TAPE,,,,,,B_tape_tourne
9105597,2014,John B. Larson,1,,,TAPE,,,,,,B_tape_tourne
8215698,2014,Billy Long,2,,,MANUSCRIT,,,,,,C_manuscrit
9105456,2014,Billy Long,1,,,MANUSCRIT,,,,,,C_manuscrit
9105732,2014,Billy Long,1,,,MANUSCRIT,,,,,,C_manuscrit
8213821,2014,Zoe Lofgren,2,,,MANUSCRIT,,,,,,C_manuscrit
9105549,2014,Billy Long,1,,,MANUSCRIT,,,,,,C_manuscrit
9105614,2014,Billy Long,2,,,MANUSCRIT,,,,,,C_manuscrit
9105731,2014,Kenny Marchant,4,,,MANUSCRIT,,,,,,C_manuscrit
8214228,2014,Kenny Marchant,12,,,MANUSCRIT,,,,,,C_manuscrit
8214720,2014,Kenny Marchant,24,,,MANUSCRIT,,,,,,C_manuscrit
8214032,2014,Kenny Marchant,15,,,MANUSCRIT,,,,,,C_manuscrit
8215646,2014,Kenny Marchant,6,,,MANUSCRIT,,,,,,C_manuscrit
8216180,2014,Kenny Marchant,4,,,MANUSCRIT,,,,,,C_manuscrit
8215907,2014,Kenny Marchant,5,,,MANUSCRIT,,,,,,C_manuscrit
8216575,2014,Kenny Marchant,4,,,MANUSCRIT,,,,,,C_manuscrit
9105500,2014,Kenny Marchant,5,,,MANUSCRIT,,,,,,C_manuscrit
9105605,2014,Kenny Marchant,5,,,MANUSCRIT,,,,,,C_manuscrit
8215970,2014,Carolyn McCarthy,1,,,TAPE,,,,,,B_tape_tourne
9105774,2014,Michael T. McCaul,6,,,TAPE,,,,,,B_tape_tourne
8214470,2014,Kenny Marchant,28,,,MANUSCRIT,,,,,,C_manuscrit
8213892,2014,Michael T. McCaul,12,,,TAPE,,,,,,B_tape_tourne
9105109,2014,Michael T. McCaul,10,,,TAPE,,,,,,B_tape_tourne
8214814,2014,Michael T. McCaul,7,,,TAPE,,,,,,B_tape_tourne
8214225,2014,John B. Larson,2,,,TAPE,,,,,,B_tape_tourne
8215703,2014,Michael T. McCaul,9,,,TAPE,,,,,,B_tape_tourne
8215971,2014,Michael T. McCaul,11,,,TAPE,,,,,,B_tape_tourne
8216577,2014,Michael T. McCaul,8,,,TAPE,,,,,,B_tape_tourne
8216381,2014,Michael T. McCaul,8,,,TAPE,,,,,,B_tape_tourne
8214091,2014,Michael T. McCaul,10,,,TAPE,,,,,,B_tape_tourne
9105528,2014,Michael T. McCaul,9,,,TAPE,,,,,,B_tape_tourne
9105643,2014,Michael T. McCaul,9,,,TAPE,,,,,,B_tape_tourne
8213959,2014,Carolyn McCarthy,1,,,TAPE,,,,,,B_tape_tourne
8214471,2014,Michael T. McCaul,14,,,TAPE,,,,,,B_tape_tourne
8213744,2014,David B. McKinley,1,,,TAPE,,,,,,B_tape_tourne
8214337,2014,Mark Meadows,2,,,TAPE,,,,,,B_tape_tourne
8214336,2014,Mark Meadows,2,,,TAPE,,,,,,B_tape_tourne
8214338,2014,Mark Meadows,1,,,TAPE,,,,,,B_tape_tourne
8214083,2014,George Miller,2,,,TAPE,,,,,,B_tape_tourne
9105735,2014,William L. Owens,1,,,MANUSCRIT,,,,,,C_manuscrit
9105111,2014,Eleanor Holmes Norton,1,,,TAPE,,,,,,B_tape_tourne
8214241,2014,Gary G. Miller,1,,,TAPE,,,,,,B_tape_tourne
8213903,2014,William L. Owens,2,,,MANUSCRIT,,,,,,C_manuscrit
8215910,2014,Erik Paulsen,2,,,MANUSCRIT,,,,,,C_manuscrit
9105736,2014,Erik Paulsen,1,,,MANUSCRIT,,,,,,C_manuscrit
9105695,2014,Erik Paulsen,1,,,MANUSCRIT,,,,,,C_manuscrit
8216584,2014,Erik Paulsen,1,,,MANUSCRIT,,,,,,C_manuscrit
8216105,2014,Erik Paulsen,4,,,MANUSCRIT,,,,,,C_manuscrit
9105451,2014,Erik Paulsen,2,,,MANUSCRIT,,,,,,C_manuscrit
9105551,2014,Erik Paulsen,1,,,MANUSCRIT,,,,,,C_manuscrit
8213895,2014,Gary C. Peters,2,,,TAPE,,,,,,B_tape_tourne
8214034,2014,Gary C. Peters,1,,,TAPE,,,,,,B_tape_tourne
9105035,2014,Scott H. Peters,1,,,TAPE,,,,,,B_tape_tourne
8214613,2014,Scott H. Peters,2,,,TAPE,,,,,,B_tape_tourne
8214372,2014,Gary C. Peters,1,,,TAPE,,,,,,B_tape_tourne
8214150,2014,Scott H. Peters,1,,,TAPE,,,,,,B_tape_tourne
9105144,2014,Scott H. Peters,1,,,TAPE,,,,,,B_tape_tourne
8215250,2014,Scott H. Peters,4,,,TAPE,,,,,,B_tape_tourne
9105750,2014,Thomas E. Petri,1,,,MANUSCRIT,,,,,,C_manuscrit
8215710,2014,Scott H. Peters,3,,,TAPE,,,,,,B_tape_tourne
8213746,2014,Thomas E. Petri,1,,,MANUSCRIT,,,,,,C_manuscrit
8214473,2014,Chellie Pingree,2,,,MANUSCRIT,,,,,,C_manuscrit
8213825,2014,Chellie Pingree,2,,,TAPE,,,,,,B_tape_tourne
8216020,2014,Scott H. Peters,2,,,TAPE,,,,,,B_tape_tourne
9105676,2014,Jared Polis,1,,,MANUSCRIT,,,,,,C_manuscrit
8214094,2014,Jared Polis,2,,,MANUSCRIT,,,,,,C_manuscrit
8214149,2014,Jared Polis,3,,,MANUSCRIT,,,,,,C_manuscrit
8215251,2014,Jared Polis,3,,,MANUSCRIT,,,,,,C_manuscrit
8213826,2014,Jared Polis,5,,,MANUSCRIT,,,,,,C_manuscrit
9105145,2014,Jared Polis,2,,,MANUSCRIT,,,,,,C_manuscrit
8215973,2014,Jared Polis,3,,,MANUSCRIT,,,,,,C_manuscrit
8215715,2014,Jared Polis,4,,,MANUSCRIT,,,,,,C_manuscrit
8215598,2014,Jared Polis,1,,,MANUSCRIT,,,,,,C_manuscrit
8214492,2014,Jared Polis,4,,,MANUSCRIT,,,,,,C_manuscrit
9105502,2014,Jared Polis,3,,,MANUSCRIT,,,,,,C_manuscrit
8216585,2014,Jared Polis,3,,,MANUSCRIT,,,,,,C_manuscrit
9105749,2014,Jared Polis,3,,,MANUSCRIT,,,,,,C_manuscrit
8216195,2014,Jared Polis,5,,,MANUSCRIT,,,,,,C_manuscrit
8214148,2014,Trey Radel,3,,,TAPE,,,,,,B_tape_tourne
9105652,2014,Jared Polis,3,,,MANUSCRIT,,,,,,C_manuscrit
8213791,2014,Trey Radel,1,,,TAPE,,,,,,B_tape_tourne
8213827,2014,Nick J. Rahall,1,,,TAPE,,,,,,B_tape_tourne
9105675,2014,James B. Renacci,12,,,TAPE,,,,,,B_tape_tourne
9105651,2014,Tom Price,7,,,TAPE,,,,,,B_tape_tourne
9105033,2014,James B. Renacci,9,,,TAPE,,,,,,B_tape_tourne
9105146,2014,James B. Renacci,22,,,TAPE,,,,,,B_tape_tourne
8214147,2014,James B. Renacci,20,,,TAPE,,,,,,B_tape_tourne
8214615,2014,James B. Renacci,18,,,TAPE,,,,,,B_tape_tourne
9105737,2014,James B. Renacci,22,,,TAPE,,,,,,B_tape_tourne
8215453,2014,James B. Renacci,17,,,TAPE,,,,,,B_tape_tourne
8215649,2014,James B. Renacci,5,,,TAPE,,,,,,B_tape_tourne
9105779,2014,James B. Renacci,12,,,TAPE,,,,,,B_tape_tourne
8215912,2014,James B. Renacci,9,,,TAPE,,,,,,B_tape_tourne
8214035,2014,James B. Renacci,21,,,TAPE,,,,,,B_tape_tourne
8214474,2014,James B. Renacci,21,,,TAPE,,,,,,B_tape_tourne
8216181,2014,James B. Renacci,14,,,TAPE,,,,,,B_tape_tourne
8216059,2014,James B. Renacci,13,,,TAPE,,,,,,B_tape_tourne
8216586,2014,James B. Renacci,5,,,TAPE,,,,,,B_tape_tourne
9105626,2014,James B. Renacci,16,,,TAPE,,,,,,B_tape_tourne
9105471,2014,James B. Renacci,11,,,TAPE,,,,,,B_tape_tourne
9105738,2014,David P. Roe,2,,,TAPE,,,,,,B_tape_tourne
9105409,2014,James B. Renacci,12,,,TAPE,,,,,,B_tape_tourne
9105557,2014,James B. Renacci,15,,,TAPE,,,,,,B_tape_tourne
8213828,2014,David P. Roe,4,,,TAPE,,,,,,B_tape_tourne
8216437,2014,James B. Renacci,13,,,TAPE,,,,,,B_tape_tourne
8214036,2014,David P. Roe,5,,,TAPE,,,,,,B_tape_tourne
8216376,2014,David P. Roe,2,,,TAPE,,,,,,B_tape_tourne
9105147,2014,David P. Roe,4,,,TAPE,,,,,,B_tape_tourne
8215009,2014,David P. Roe,14,,,TAPE,,,,,,B_tape_tourne
9105739,2014,Harold Dallas Rogers,3,,,TAPE,,,,,,B_tape_tourne
8214493,2014,David P. Roe,1,,,TAPE,,,,,,B_tape_tourne
8215750,2014,David P. Roe,15,,,TAPE,,,,,,B_tape_tourne
9105554,2014,David P. Roe,2,,,TAPE,,,,,,B_tape_tourne
8216587,2014,David P. Roe,2,,,TAPE,,,,,,B_tape_tourne
8213829,2014,Harold Dallas Rogers,2,,,TAPE,,,,,,B_tape_tourne
8214095,2014,Harold Dallas Rogers,2,,,TAPE,,,,,,B_tape_tourne
9105148,2014,Harold Dallas Rogers,2,,,TAPE,,,,,,B_tape_tourne
8216218,2014,Harold Dallas Rogers,1,,,TAPE,,,,,,B_tape_tourne
8215811,2014,Harold Dallas Rogers,3,,,MANUSCRIT,,,,,,C_manuscrit
8216588,2014,Harold Dallas Rogers,3,,,TAPE,,,,,,B_tape_tourne
8214816,2014,Harold Dallas Rogers,3,,,TAPE,,,,,,B_tape_tourne
9105503,2014,Harold Dallas Rogers,2,,,TAPE,,,,,,B_tape_tourne
8214475,2014,Harold Dallas Rogers,3,,,TAPE,,,,,,B_tape_tourne
9105650,2014,Harold Dallas Rogers,3,,,TAPE,,,,,,B_tape_tourne
9105149,2014,Todd Rokita,1,,,TAPE,,,,,,B_tape_tourne
8213967,2014,Keith J. Rothfus,1,,,TAPE,,,,,,B_tape_tourne
8215252,2014,Janice D. Schakowsky,1,,,MANUSCRIT,,,,,,C_manuscrit
9105698,2014,Adam B. Schiff,1,,,TAPE,,,,,,B_tape_tourne
8213924,2014,Todd Rokita,1,,,TAPE,,,,,,B_tape_tourne
8215767,2014,Adam B. Schiff,1,,,TAPE,,,,,,B_tape_tourne
8214616,2014,Adam B. Schiff,1,,,TAPE,,,,,,B_tape_tourne
8215915,2014,Adam B. Schiff,1,,,TAPE,,,,,,B_tape_tourne
8215768,2014,Adam B. Schiff,1,,,TAPE,,,,,,B_tape_tourne
9105741,2014,Adam B. Schiff,1,,,TAPE,,,,,,B_tape_tourne
9105612,2014,Adam B. Schiff,1,,,TAPE,,,,,,B_tape_tourne
8215974,2014,Harold Dallas Rogers,3,,,TAPE,,,,,,B_tape_tourne
8216589,2014,Adam B. Schiff,2,,,TAPE,,,,,,B_tape_tourne
8213830,2014,Bradley S. Schneider,1,,,TAPE,,,,,,B_tape_tourne
8214096,2014,Bradley S. Schneider,15,,,TAPE,,,,,,B_tape_tourne
9105113,2014,Bradley S. Schneider,2,,,TAPE,,,,,,B_tape_tourne
8214477,2014,Bradley S. Schneider,2,,,TAPE,,,,,,B_tape_tourne
8215010,2014,Bradley S. Schneider,2,,,TAPE,,,,,,B_tape_tourne
8215701,2014,Bradley S. Schneider,2,,,TAPE,,,,,,B_tape_tourne
8216378,2014,Bradley S. Schneider,5,,,TAPE,,,,,,B_tape_tourne
8216379,2014,Bradley S. Schneider,1,,,TAPE,,,,,,B_tape_tourne
8215916,2014,Bradley S. Schneider,1,,,TAPE,,,,,,B_tape_tourne
9105645,2014,Bradley S. Schneider,4,,,TAPE,,,,,,B_tape_tourne
8214099,2014,Kurt Schrader,3,,,MANUSCRIT,,,,,,C_manuscrit
9105742,2014,Kurt Schrader,7,,,MANUSCRIT,,,,,,C_manuscrit
8213831,2014,Kurt Schrader,4,,,MANUSCRIT,,,,,,C_manuscrit
8214478,2014,Kurt Schrader,5,,,MANUSCRIT,,,,,,C_manuscrit
9105529,2014,Bradley S. Schneider,2,,,TAPE,,,,,,B_tape_tourne
8214235,2014,Kurt Schrader,2,,,MANUSCRIT,,,,,,C_manuscrit
8216590,2014,Bradley S. Schneider,6,,,TAPE,,,,,,B_tape_tourne
8216377,2014,Kurt Schrader,4,,,MANUSCRIT,,,,,,C_manuscrit
8215700,2014,Kurt Schrader,7,,,MANUSCRIT,,,,,,C_manuscrit
9105530,2014,Kurt Schrader,4,,,MANUSCRIT,,,,,,C_manuscrit
8215914,2014,Kurt Schrader,4,,,MANUSCRIT,,,,,,C_manuscrit
8214725,2014,Kurt Schrader,1,,,MANUSCRIT,,,,,,C_manuscrit
9105611,2014,Kurt Schrader,6,,,MANUSCRIT,,,,,,C_manuscrit
8213832,2014,Austin Scott,3,,,MANUSCRIT,,,,,,C_manuscrit
9105114,2014,Austin Scott,8,,,MANUSCRIT,,,,,,C_manuscrit
8215917,2014,Austin Scott,12,,,MANUSCRIT,,,,,,C_manuscrit
9105531,2014,Austin Scott,7,,,MANUSCRIT,,,,,,C_manuscrit
8215253,2014,F. James Sensenbrenner,2,,,TAPE,,,,,,B_tape_tourne
8215599,2014,F. James Sensenbrenner,1,,,TAPE,,,,,,B_tape_tourne
8214146,2014,John F. Tierney,1,,,TAPE,,,,,,B_tape_tourne
8213795,2014,Ann Wagner,1,,,TAPE,,,,,,B_tape_tourne
8214399,2014,Niki Tsongas,2,,,TAPE,,,,,,B_tape_tourne
9105587,2014,Marlin A. Stutzman,2,,,TAPE,,,,,,B_tape_tourne
8214238,2014,Ann Wagner,1,,,TAPE,,,,,,B_tape_tourne
8214727,2014,Ann Wagner,1,,,TAPE,,,,,,B_tape_tourne
8216591,2014,Kurt Schrader,4,,,MANUSCRIT,,,,,,C_manuscrit
9105504,2014,Ann Wagner,1,,,TAPE,,,,,,B_tape_tourne
8215919,2014,Ann Wagner,1,,,TAPE,,,,,,B_tape_tourne
8213927,2014,Melvin L. Watt,1,,,TAPE,,,,,,B_tape_tourne
8215752,2014,Ann Wagner,1,,,MANUSCRIT,,,,,,C_manuscrit
8216594,2014,Ann Wagner,1,,,TAPE,,,,,,B_tape_tourne
8213928,2014,Melvin L. Watt,1,,,TAPE,,,,,,B_tape_tourne
9105704,2014,Peter Welch,1,,,TAPE,,,,,,B_tape_tourne
8213969,2014,Ann Wagner,1,,,TAPE,,,,,,B_tape_tourne
8213971,2014,Peter Welch,1,,,TAPE,,,,,,B_tape_tourne
8214400,2014,Peter Welch,1,,,TAPE,,,,,,B_tape_tourne
8216182,2014,Peter Welch,1,,,TAPE,,,,,,B_tape_tourne
8213797,2014,Peter Welch,1,,,MANUSCRIT,,,,,,C_manuscrit
9105603,2014,Peter Welch,1,,,TAPE,,,,,,B_tape_tourne
8214620,2014,Peter Welch,1,,,TAPE,,,,,,B_tape_tourne
8214240,2014,Peter Welch,1,,,TAPE,,,,,,B_tape_tourne
9105455,2014,Peter Welch,1,,,TAPE,,,,,,B_tape_tourne
8215651,2014,Peter Welch,1,,,TAPE,,,,,,B_tape_tourne
8213835,2014,Ed Whitfield,2,,,TAPE,,,,,,B_tape_tourne
8214480,2014,Ed Whitfield,1,,,TAPE,,,,,,B_tape_tourne
9105064,2014,Ed Whitfield,1,,,TAPE,,,,,,B_tape_tourne
8214038,2014,Ed Whitfield,2,,,TAPE,,,,,,B_tape_tourne
9105673,2014,John A. Yarmuth,2,,,MANUSCRIT,,,,,,C_manuscrit
9105412,2014,John A. Yarmuth,9,,,MANUSCRIT,,,,,,C_manuscrit
8216596,2014,Peter Welch,1,,,TAPE,,,,,,B_tape_tourne
9105413,2014,Kevin Yoder,4,,,TAPE,,,,,,B_tape_tourne
8215809,2014,Ted S. Yoho,1,,,MANUSCRIT,,,,,,C_manuscrit
9106294,2015,Brian Babin,2,,,MANUSCRIT,,,,,,C_manuscrit
9107279,2015,"Garland ""Andy"" Barr",1,,,TAPE,,,,,,B_tape_tourne
9106404,2015,Dan Benishek,8,,,MANUSCRIT,,,,,,C_manuscrit
9107923,2015,"Garland ""Andy"" Barr",1,,,TAPE,,,,,,B_tape_tourne
9106320,2015,Gus M. Bilirakis,1,,,MANUSCRIT,,,,,,C_manuscrit
9108029,2015,Gus M. Bilirakis,1,,,TAPE,,,,,,B_tape_tourne
9107245,2015,Gus M. Bilirakis,1,,,TAPE,,,,,,B_tape_tourne
9105971,2015,Diane Black,2,,,MANUSCRIT,,,,,,C_manuscrit
9107544,2015,Gus M. Bilirakis,2,,,TAPE,,,,,,B_tape_tourne
9106102,2015,Diane Black,3,,,TAPE,,,,,,B_tape_tourne
9106101,2015,Diane Black,2,,,TAPE,,,,,,B_tape_tourne
9106213,2015,Diane Black,2,,,TAPE,,,,,,B_tape_tourne
9106265,2015,Diane Black,2,,,TAPE,,,,,,B_tape_tourne
9106293,2015,Diane Black,2,,,TAPE,,,,,,B_tape_tourne
9106250,2015,Diane Black,2,,,TAPE,,,,,,B_tape_tourne
9106372,2015,Diane Black,2,,,TAPE,,,,,,B_tape_tourne
9107123,2015,Diane Black,3,,,TAPE,,,,,,B_tape_tourne
9107243,2015,Diane Black,2,,,TAPE,,,,,,B_tape_tourne
8214818,2014,Ted S. Yoho,1,,,MANUSCRIT,,,,,,C_manuscrit
9106899,2015,Diane Black,3,,,TAPE,,,,,,B_tape_tourne
9107348,2015,Diane Black,5,,,TAPE,,,,,,B_tape_tourne
9107331,2015,Diane Black,1,,,TAPE,,,,,,B_tape_tourne
9107495,2015,Diane Black,1,,,TAPE,,,,,,B_tape_tourne
9107496,2015,Diane Black,8,,,TAPE,,,,,,B_tape_tourne
9107572,2015,Diane Black,2,,,TAPE,,,,,,B_tape_tourne
9106131,2015,Rodney Leland Blum,1,,,TAPE,,,,,,B_tape_tourne
9108065,2015,Diane Black,1,,,TAPE,,,,,,B_tape_tourne
9107696,2015,Diane Black,9,,,TAPE,,,,,,B_tape_tourne
9107551,2015,Diane Black,2,,,TAPE,,,,,,B_tape_tourne
9107664,2015,Diane Black,2,,,TAPE,,,,,,B_tape_tourne
9107434,2015,Judy Chu,2,,,TAPE,,,,,,B_tape_tourne
9107988,2015,Diane Black,2,,,TAPE,,,,,,B_tape_tourne
9107680,2015,Judy Chu,2,,,TAPE,,,,,,B_tape_tourne
9108078,2015,Judy Chu,1,,,TAPE,,,,,,B_tape_tourne
9106099,2015,Curtis J. Clawson,2,,,TAPE,,,,,,B_tape_tourne
9106554,2015,Steve Cohen,3,,,MANUSCRIT,,,,,,C_manuscrit
9108028,2015,Curtis J. Clawson,2,,,TAPE,,,,,,B_tape_tourne
9106319,2015,Curtis J. Clawson,2,,,TAPE,,,,,,B_tape_tourne
9106568,2015,Steve Cohen,1,,,TAPE,,,,,,B_tape_tourne
9105900,2015,Curtis J. Clawson,2,,,TAPE,,,,,,B_tape_tourne
9105969,2015,Chris Collins,1,,,TAPE,,,,,,B_tape_tourne
9106214,2015,Chris Collins,1,,,TAPE,,,,,,B_tape_tourne
9106291,2015,Chris Collins,1,,,TAPE,,,,,,B_tape_tourne
9107638,2015,Curtis J. Clawson,1,,,TAPE,,,,,,B_tape_tourne
9107347,2015,Chris Collins,2,,,TAPE,,,,,,B_tape_tourne
9107387,2015,Chris Collins,2,,,TAPE,,,,,,B_tape_tourne
9107574,2015,Chris Collins,1,,,MANUSCRIT,,,,,,C_manuscrit
9107857,2015,Chris Collins,1,,,TAPE,,,,,,B_tape_tourne
9106477,2015,Jim Cooper,1,,,MANUSCRIT,,,,,,C_manuscrit
9108077,2015,Chris Collins,1,,,MANUSCRIT,,,,,,C_manuscrit
9107215,2015,Carlos Curbelo,1,,,TAPE,,,,,,B_tape_tourne
9105899,2015,John K. Delaney,1,,,TAPE,,,,,,B_tape_tourne
9107278,2015,Ander Crenshaw,1,,,TAPE,,,,,,B_tape_tourne
9106290,2015,Peter A. DeFazio,1,,,TAPE,,,,,,B_tape_tourne
9105987,2015,John K. Delaney,1,,,TAPE,,,,,,B_tape_tourne
9106212,2015,John K. Delaney,1,,,TAPE,,,,,,B_tape_tourne
9106129,2015,John K. Delaney,1,,,TAPE,,,,,,B_tape_tourne
9106071,2015,John K. Delaney,1,,,TAPE,,,,,,B_tape_tourne
9106289,2015,John K. Delaney,1,,,TAPE,,,,,,B_tape_tourne
9106478,2015,John K. Delaney,3,,,TAPE,,,,,,B_tape_tourne
9107084,2015,John K. Delaney,1,,,TAPE,,,,,,B_tape_tourne
9106370,2015,John K. Delaney,2,,,TAPE,,,,,,B_tape_tourne
9107083,2015,John K. Delaney,3,,,TAPE,,,,,,B_tape_tourne
9107202,2015,John K. Delaney,1,,,TAPE,,,,,,B_tape_tourne
9107276,2015,John K. Delaney,2,,,TAPE,,,,,,B_tape_tourne
9107366,2015,John K. Delaney,2,,,TAPE,,,,,,B_tape_tourne
9107122,2015,John K. Delaney,1,,,TAPE,,,,,,B_tape_tourne
9107432,2015,John K. Delaney,3,,,TAPE,,,,,,B_tape_tourne
9107552,2015,John K. Delaney,1,,,TAPE,,,,,,B_tape_tourne
9107575,2015,John K. Delaney,3,,,TAPE,,,,,,B_tape_tourne
9107663,2015,John K. Delaney,2,,,TAPE,,,,,,B_tape_tourne
9107825,2015,John K. Delaney,1,,,TAPE,,,,,,B_tape_tourne
9107433,2015,John K. Delaney,5,,,TAPE,,,,,,B_tape_tourne
9107856,2015,John K. Delaney,2,,,TAPE,,,,,,B_tape_tourne
9107761,2015,John K. Delaney,1,,,TAPE,,,,,,B_tape_tourne
9107986,2015,John K. Delaney,2,,,TAPE,,,,,,B_tape_tourne
9108027,2015,John K. Delaney,1,,,TAPE,,,,,,B_tape_tourne
9106479,2015,Charles W. Dent,1,,,TAPE,,,,,,B_tape_tourne
9106266,2015,Charles W. Dent,1,,,TAPE,,,,,,B_tape_tourne
9106175,2015,Debbie Dingell,1,,,TAPE,,,,,,B_tape_tourne
9106174,2015,Debbie Dingell,2,,,TAPE,,,,,,B_tape_tourne
9106097,2015,Debbie Dingell,1,,,TAPE,,,,,,B_tape_tourne
9107330,2015,Charles W. Dent,1,,,TAPE,,,,,,B_tape_tourne
9107855,2015,Debbie Dingell,1,,,TAPE,,,,,,B_tape_tourne
9107759,2015,Sam Farr,1,,,MANUSCRIT,,,,,,C_manuscrit
9106288,2015,Debbie Dingell,1,,,TAPE,,,,,,B_tape_tourne
9107576,2015,Thomas Earl Emmer,1,,,MANUSCRIT,,,,,,C_manuscrit
9106064,2015,"Charles J. ""Chuck"" Fleischmann",3,,,TAPE,,,,,,B_tape_tourne
9106173,2015,"Charles J. ""Chuck"" Fleischmann",1,,,TAPE,,,,,,B_tape_tourne
9106480,2015,"Charles J. ""Chuck"" Fleischmann",2,,,TAPE,,,,,,B_tape_tourne
9106287,2015,"Charles J. ""Chuck"" Fleischmann",2,,,TAPE,,,,,,B_tape_tourne
9107824,2015,"Charles J. ""Chuck"" Fleischmann",2,,,TAPE,,,,,,B_tape_tourne
9107637,2015,"Charles J. ""Chuck"" Fleischmann",1,,,TAPE,,,,,,B_tape_tourne
9107513,2015,"Charles J. ""Chuck"" Fleischmann",2,,,TAPE,,,,,,B_tape_tourne
9105968,2015,Rodney P. Frelinghuysen,1,,,TAPE,,,,,,B_tape_tourne
9106286,2015,Rodney P. Frelinghuysen,1,,,TAPE,,,,,,B_tape_tourne
9106567,2015,Rodney P. Frelinghuysen,1,,,TAPE,,,,,,B_tape_tourne
9107201,2015,Rodney P. Frelinghuysen,1,,,TAPE,,,,,,B_tape_tourne
9107430,2015,Rodney P. Frelinghuysen,1,,,TAPE,,,,,,B_tape_tourne
9107578,2015,Rodney P. Frelinghuysen,1,,,TAPE,,,,,,B_tape_tourne
9107921,2015,"Charles J. ""Chuck"" Fleischmann",3,,,TAPE,,,,,,B_tape_tourne
9107580,2015,Rodney P. Frelinghuysen,2,,,TAPE,,,,,,B_tape_tourne
9107579,2015,Rodney P. Frelinghuysen,2,,,TAPE,,,,,,B_tape_tourne
9107694,2015,Rodney P. Frelinghuysen,1,,,TAPE,,,,,,B_tape_tourne
9107636,2015,Rodney P. Frelinghuysen,1,,,TAPE,,,,,,B_tape_tourne
9107795,2015,Rodney P. Frelinghuysen,1,,,TAPE,,,,,,B_tape_tourne
9107796,2015,Rodney P. Frelinghuysen,1,,,TAPE,,,,,,B_tape_tourne
9107853,2015,Rodney P. Frelinghuysen,2,,,TAPE,,,,,,B_tape_tourne
9107797,2015,Rodney P. Frelinghuysen,2,,,TAPE,,,,,,B_tape_tourne
9107985,2015,Rodney P. Frelinghuysen,1,,,TAPE,,,,,,B_tape_tourne
9108059,2015,Rodney P. Frelinghuysen,1,,,TAPE,,,,,,B_tape_tourne
9106081,2015,George Holding,1,,,MANUSCRIT,,,,,,C_manuscrit
9106096,2015,Brett Guthrie,2,,,MANUSCRIT,,,,,,C_manuscrit
9107177,2015,Alan Grayson,5,,,MANUSCRIT,,,,,,C_manuscrit
9106401,2015,George Holding,1,,,MANUSCRIT,,,,,,C_manuscrit
9107635,2015,George Holding,2,,,MANUSCRIT,,,,,,C_manuscrit
9107274,2015,Robert Hurt,1,,,MANUSCRIT,,,,,,C_manuscrit
9107679,2015,Alan Grayson,2,,,MANUSCRIT,,,,,,C_manuscrit
9106563,2015,David W. Jolly,1,,,MANUSCRIT,,,,,,C_manuscrit
9105979,2015,David P. Joyce,2,,,TAPE,,,,,,B_tape_tourne
9106123,2015,David P. Joyce,2,,,TAPE,,,,,,B_tape_tourne
9106321,2015,Mike Kelly,3,,,TAPE,,,,,,B_tape_tourne
9106160,2015,Mike Kelly,3,,,TAPE,,,,,,B_tape_tourne
9106360,2015,Mike Kelly,1,,,TAPE,,,,,,B_tape_tourne
9106092,2015,Mike Kelly,2,,,TAPE,,,,,,B_tape_tourne
9107142,2015,Mike Kelly,3,,,MANUSCRIT,,,,,,C_manuscrit
9107428,2015,Mike Kelly,3,,,TAPE,,,,,,B_tape_tourne
9107272,2015,Mike Kelly,2,,,MANUSCRIT,,,,,,C_manuscrit
9106484,2015,Mike Kelly,2,,,MANUSCRIT,,,,,,C_manuscrit
9107660,2015,Mike Kelly,5,,,MANUSCRIT,,,,,,C_manuscrit
9107512,2015,Mike Kelly,3,,,MANUSCRIT,,,,,,C_manuscrit
9107916,2015,Mike Kelly,2,,,MANUSCRIT,,,,,,C_manuscrit
9108024,2015,Mike Kelly,3,,,MANUSCRIT,,,,,,C_manuscrit
9107364,2015,Joseph P. Kennedy,2,,,TAPE,,,,,,B_tape_tourne
9107820,2015,Joseph P. Kennedy,2,,,TAPE,,,,,,B_tape_tourne
9107271,2015,Joseph P. Kennedy,2,,,TAPE,,,,,,B_tape_tourne
9107952,2015,Mike Kelly,3,,,MANUSCRIT,,,,,,C_manuscrit
9107659,2015,Joseph P. Kennedy,2,,,TAPE,,,,,,B_tape_tourne
9107821,2015,Joseph P. Kennedy,2,,,TAPE,,,,,,B_tape_tourne
9106278,2015,David P. Joyce,3,,,TAPE,,,,,,B_tape_tourne
9107851,2015,Doug Lamborn,2,,,MANUSCRIT,,,,,,C_manuscrit
9108075,2015,Leonard Lance,1,,,MANUSCRIT,,,,,,C_manuscrit
9105967,2015,John B. Larson,1,,,TAPE,,,,,,B_tape_tourne
9107427,2015,James R. Langevin,1,,,TAPE,,,,,,B_tape_tourne
9106070,2015,John B. Larson,1,,,TAPE,,,,,,B_tape_tourne
9106069,2015,John B. Larson,1,,,TAPE,,,,,,B_tape_tourne
9106171,2015,John B. Larson,1,,,TAPE,,,,,,B_tape_tourne
9106170,2015,John B. Larson,1,,,TAPE,,,,,,B_tape_tourne
9106400,2015,John B. Larson,1,,,MANUSCRIT,,,,,,C_manuscrit
9106562,2015,John B. Larson,1,,,TAPE,,,,,,B_tape_tourne
9106208,2015,John B. Larson,1,,,TAPE,,,,,,B_tape_tourne
9107543,2015,John B. Larson,1,,,TAPE,,,,,,B_tape_tourne
9107080,2015,John B. Larson,1,,,TAPE,,,,,,B_tape_tourne
9106898,2015,John B. Larson,1,,,TAPE,,,,,,B_tape_tourne
9108022,2015,John B. Larson,1,,,TAPE,,,,,,B_tape_tourne
9108097,2015,John B. Larson,1,,,TAPE,,,,,,B_tape_tourne
9107852,2015,Billy Long,1,,,MANUSCRIT,,,,,,C_manuscrit
9107167,2015,Billy Long,1,,,MANUSCRIT,,,,,,C_manuscrit
9106120,2015,Kenny Marchant,6,,,MANUSCRIT,,,,,,C_manuscrit
9107690,2015,Brenda Lulenar Lawrence,1,,,MANUSCRIT,,,,,,C_manuscrit
9107270,2015,Doug Lamborn,1,,,MANUSCRIT,,,,,,C_manuscrit
9106399,2015,Kenny Marchant,13,,,MANUSCRIT,,,,,,C_manuscrit
9107077,2015,Kenny Marchant,7,,,MANUSCRIT,,,,,,C_manuscrit
9106243,2015,Kenny Marchant,3,,,MANUSCRIT,,,,,,C_manuscrit
9105974,2015,Kenny Marchant,9,,,MANUSCRIT,,,,,,C_manuscrit
9107241,2015,Kenny Marchant,9,,,MANUSCRIT,,,,,,C_manuscrit
9107477,2015,Kenny Marchant,13,,,MANUSCRIT,,,,,,C_manuscrit
9107689,2015,Kenny Marchant,1,,,MANUSCRIT,,,,,,C_manuscrit
9107634,2015,Kenny Marchant,6,,,MANUSCRIT,,,,,,C_manuscrit
9107905,2015,Kenny Marchant,27,,,MANUSCRIT,,,,,,C_manuscrit
9108054,2015,Kenny Marchant,2,,,MANUSCRIT,,,,,,C_manuscrit
9106121,2015,Billy Long,1,,,MANUSCRIT,,,,,,C_manuscrit
9105973,2015,Michael T. McCaul,11,,,TAPE,,,,,,B_tape_tourne
9106277,2015,Michael T. McCaul,10,,,TAPE,,,,,,B_tape_tourne
9106161,2015,Michael T. McCaul,7,,,TAPE,,,,,,B_tape_tourne
9107166,2015,Michael T. McCaul,8,,,MANUSCRIT,,,,,,C_manuscrit
9106473,2015,Michael T. McCaul,15,,,MANUSCRIT,,,,,,C_manuscrit
9107305,2015,Michael T. McCaul,11,,,MANUSCRIT,,,,,,C_manuscrit
9107269,2015,Michael T. McCaul,2,,,TAPE,,,,,,B_tape_tourne
9107657,2015,Michael T. McCaul,12,,,MANUSCRIT,,,,,,C_manuscrit
9107533,2015,Michael T. McCaul,9,,,MANUSCRIT,,,,,,C_manuscrit
9108071,2015,Michael T. McCaul,8,,,MANUSCRIT,,,,,,C_manuscrit
9107756,2015,Michael T. McCaul,12,,,TAPE,,,,,,B_tape_tourne
9107585,2015,Mark R Meadows,2,,,MANUSCRIT,,,,,,C_manuscrit
9107994,2015,Gary Palmer,2,,,MANUSCRIT,,,,,,C_manuscrit
9105895,2015,Erik Paulsen,1,,,MANUSCRIT,,,,,,C_manuscrit
9107703,2015,Erik Paulsen,2,,,MANUSCRIT,,,,,,C_manuscrit
9105978,2015,Jared Polis,2,,,MANUSCRIT,,,,,,C_manuscrit
9106166,2015,Jared Polis,1,,,MANUSCRIT,,,,,,C_manuscrit
9106054,2015,Jared Polis,1,,,MANUSCRIT,,,,,,C_manuscrit
9106242,2015,Jared Polis,2,,,MANUSCRIT,,,,,,C_manuscrit
9107265,2015,Jared Polis,5,,,MANUSCRIT,,,,,,C_manuscrit
9107180,2015,Jared Polis,3,,,MANUSCRIT,,,,,,C_manuscrit
9107906,2015,Michael T. McCaul,7,,,MANUSCRIT,,,,,,C_manuscrit
9107266,2015,Jared Polis,5,,,MANUSCRIT,,,,,,C_manuscrit
9107633,2015,Jared Polis,2,,,MANUSCRIT,,,,,,C_manuscrit
9106468,2015,Jared Polis,2,,,MANUSCRIT,,,,,,C_manuscrit
9107677,2015,Jared Polis,3,,,MANUSCRIT,,,,,,C_manuscrit
9107793,2015,Jared Polis,4,,,MANUSCRIT,,,,,,C_manuscrit
9107912,2015,Jared Polis,3,,,MANUSCRIT,,,,,,C_manuscrit
9108063,2015,Jared Polis,3,,,MANUSCRIT,,,,,,C_manuscrit
9105977,2015,Tom Price,13,,,TAPE,,,,,,B_tape_tourne
9106475,2015,David E. Price,2,,,TAPE,,,,,,B_tape_tourne
9107076,2015,Tom Price,2,,,TAPE,,,,,,B_tape_tourne
9108050,2015,Tom Price,1,,,TAPE,,,,,,B_tape_tourne
9107264,2015,Tom Price,2,,,TAPE,,,,,,B_tape_tourne
9105892,2015,James B. Renacci,15,,,TAPE,,,,,,B_tape_tourne
9107460,2015,Tom Price,3,,,TAPE,,,,,,B_tape_tourne
9105976,2015,James B. Renacci,20,,,TAPE,,,,,,B_tape_tourne
9106067,2015,James B. Renacci,17,,,TAPE,,,,,,B_tape_tourne
9106080,2015,James B. Renacci,19,,,TAPE,,,,,,B_tape_tourne
9106322,2015,James B. Renacci,6,,,TAPE,,,,,,B_tape_tourne
9106159,2015,James B. Renacci,18,,,TAPE,,,,,,B_tape_tourne
9106236,2015,James B. Renacci,23,,,TAPE,,,,,,B_tape_tourne
9107492,2015,Jared Polis,2,,,MANUSCRIT,,,,,,C_manuscrit
9106896,2015,James B. Renacci,12,,,TAPE,,,,,,B_tape_tourne
9107071,2015,James B. Renacci,5,,,TAPE,,,,,,B_tape_tourne
9107140,2015,James B. Renacci,7,,,TAPE,,,,,,B_tape_tourne
9106391,2015,James B. Renacci,13,,,TAPE,,,,,,B_tape_tourne
9107529,2015,James B. Renacci,8,,,TAPE,,,,,,B_tape_tourne
9107236,2015,James B. Renacci,9,,,TAPE,,,,,,B_tape_tourne
9107324,2015,James B. Renacci,15,,,TAPE,,,,,,B_tape_tourne
9107424,2015,James B. Renacci,18,,,TAPE,,,,,,B_tape_tourne
9107656,2015,James B. Renacci,5,,,TAPE,,,,,,B_tape_tourne
9107702,2015,James B. Renacci,12,,,TAPE,,,,,,B_tape_tourne
9107904,2015,James B. Renacci,17,,,TAPE,,,,,,B_tape_tourne
9107755,2015,James B. Renacci,7,,,TAPE,,,,,,B_tape_tourne
9107588,2015,James B. Renacci,9,,,TAPE,,,,,,B_tape_tourne
9108070,2015,James B. Renacci,24,,,TAPE,,,,,,B_tape_tourne
9108020,2015,James B. Renacci,7,,,TAPE,,,,,,B_tape_tourne
9107956,2015,James B. Renacci,7,,,TAPE,,,,,,B_tape_tourne
9105894,2015,Cedric L. Richmond,1,,,MANUSCRIT,,,,,,C_manuscrit
9106066,2015,David P. Roe,13,,,TAPE,,,,,,B_tape_tourne
9106241,2015,David P. Roe,2,,,TAPE,,,,,,B_tape_tourne
9106165,2015,David P. Roe,2,,,TAPE,,,,,,B_tape_tourne
9107139,2015,David P. Roe,5,,,TAPE,,,,,,B_tape_tourne
9107722,2015,David P. Roe,2,,,TAPE,,,,,,B_tape_tourne
9107609,2015,David P. Roe,4,,,TAPE,,,,,,B_tape_tourne
9107263,2015,David P. Roe,3,,,TAPE,,,,,,B_tape_tourne
9107423,2015,David P. Roe,2,,,TAPE,,,,,,B_tape_tourne
9106553,2015,David P. Roe,2,,,TAPE,,,,,,B_tape_tourne
9107911,2015,David P. Roe,3,,,TAPE,,,,,,B_tape_tourne
9108049,2015,David P. Roe,3,,,TAPE,,,,,,B_tape_tourne
9105961,2015,Harold Dallas Rogers,2,,,TAPE,,,,,,B_tape_tourne
9106117,2015,Harold Dallas Rogers,2,,,TAPE,,,,,,B_tape_tourne
9107422,2015,Harold Dallas Rogers,1,,,TAPE,,,,,,B_tape_tourne
9107120,2015,Harold Dallas Rogers,3,,,TAPE,,,,,,B_tape_tourne
9107262,2015,Harold Dallas Rogers,2,,,TAPE,,,,,,B_tape_tourne
9106269,2015,Harold Dallas Rogers,2,,,TAPE,,,,,,B_tape_tourne
9106490,2015,Harold Dallas Rogers,13,,,TAPE,,,,,,B_tape_tourne
9107701,2015,Harold Dallas Rogers,2,,,TAPE,,,,,,B_tape_tourne
9107847,2015,Harold Dallas Rogers,1,,,TAPE,,,,,,B_tape_tourne
9107590,2015,Harold Dallas Rogers,1,,,TAPE,,,,,,B_tape_tourne
9108019,2015,Harold Dallas Rogers,1,,,TAPE,,,,,,B_tape_tourne
9106557,2015,Bradley S. Schneider,2,,,TAPE,,,,,,B_tape_tourne
9106087,2015,Adam B. Schiff,1,,,TAPE,,,,,,B_tape_tourne
9106164,2015,Kurt Schrader,5,,,MANUSCRIT,,,,,,C_manuscrit
9106276,2015,Kurt Schrader,4,,,MANUSCRIT,,,,,,C_manuscrit
9105975,2015,Kurt Schrader,8,,,MANUSCRIT,,,,,,C_manuscrit
9106485,2015,Kurt Schrader,4,,,MANUSCRIT,,,,,,C_manuscrit
9107260,2015,Kurt Schrader,10,,,MANUSCRIT,,,,,,C_manuscrit
9107178,2015,Kurt Schrader,3,,,MANUSCRIT,,,,,,C_manuscrit
9107910,2015,Adam B. Schiff,1,,,TAPE,,,,,,B_tape_tourne
9107700,2015,Kurt Schrader,3,,,MANUSCRIT,,,,,,C_manuscrit
9108048,2015,Kurt Schrader,2,,,MANUSCRIT,,,,,,C_manuscrit
9107589,2015,Kurt Schrader,5,,,MANUSCRIT,,,,,,C_manuscrit
9107420,2015,Kurt Schrader,5,,,MANUSCRIT,,,,,,C_manuscrit
9106374,2015,Austin Scott,6,,,MANUSCRIT,,,,,,C_manuscrit
9107240,2015,Austin Scott,4,,,MANUSCRIT,,,,,,C_manuscrit
9106275,2015,F. James Sensenbrenner,1,,,MANUSCRIT,,,,,,C_manuscrit
9107549,2015,Jackie Speier,1,,,TAPE,,,,,,B_tape_tourne
9106201,2015,Jackie Speier,1,,,TAPE,,,,,,B_tape_tourne
9107699,2015,Steve Stivers,2,,,TAPE,,,,,,B_tape_tourne
9106086,2015,Eric Swalwell,2,,,MANUSCRIT,,,,,,C_manuscrit
9107323,2015,F. James Sensenbrenner,1,,,MANUSCRIT,,,,,,C_manuscrit
9106279,2015,Eric Swalwell,1,,,MANUSCRIT,,,,,,C_manuscrit
9107846,2015,Kurt Schrader,5,,,MANUSCRIT,,,,,,C_manuscrit
9106240,2015,Eric Swalwell,1,,,MANUSCRIT,,,,,,C_manuscrit
9107792,2015,Dina Titus,2,,,MANUSCRIT,,,,,,C_manuscrit
9108046,2015,Dina Titus,1,,,MANUSCRIT,,,,,,C_manuscrit
9107362,2015,Fred Upton,3,,,MANUSCRIT,,,,,,C_manuscrit
9106200,2015,Niki Tsongas,1,,,TAPE,,,,,,B_tape_tourne
9108047,2015,Eric Swalwell,1,,,TAPE,,,,,,B_tape_tourne
9107655,2015,Fred Upton,2,,,MANUSCRIT,,,,,,C_manuscrit
9107909,2015,Fred Upton,2,,,MANUSCRIT,,,,,,C_manuscrit
9107955,2015,Chris Van Hollen,1,,,MANUSCRIT,,,,,,C_manuscrit
9107548,2015,Marc A. Veasey,2,,,TAPE,,,,,,B_tape_tourne
9106394,2015,Ann Wagner,1,,,TAPE,,,,,,B_tape_tourne
9107238,2015,Ann Wagner,1,,,TAPE,,,,,,B_tape_tourne
9107119,2015,Ann Wagner,1,,,TAPE,,,,,,B_tape_tourne
9105958,2015,Peter Welch,1,,,TAPE,,,,,,B_tape_tourne
9106393,2015,Peter Welch,1,,,MANUSCRIT,,,,,,C_manuscrit
9106116,2015,Peter Welch,1,,,TAPE,,,,,,B_tape_tourne
9107382,2015,Ann Wagner,1,,,TAPE,,,,,,B_tape_tourne
9107381,2015,Peter Welch,1,,,TAPE,,,,,,B_tape_tourne
9107237,2015,Peter Welch,2,,,MANUSCRIT,,,,,,C_manuscrit
9107591,2015,Peter Welch,1,,,MANUSCRIT,,,,,,C_manuscrit
9107697,2015,Peter Welch,1,,,TAPE,,,,,,B_tape_tourne
9108018,2015,Peter Welch,1,,,TAPE,,,,,,B_tape_tourne
9107844,2015,Peter Welch,2,,,TAPE,,,,,,B_tape_tourne
9109787,2016,Brian Babin,2,,,MANUSCRIT,,,,,,C_manuscrit
9108317,2016,Gus M. Bilirakis,2,,,TAPE,,,,,,B_tape_tourne
9109663,2016,Dan Benishek,5,,,MANUSCRIT,,,,,,C_manuscrit
9109045,2016,Gus M. Bilirakis,1,,,TAPE,,,,,,B_tape_tourne
9107072,2015,Peter Welch,2,,,TAPE,,,,,,B_tape_tourne
9108425,2016,Diane Black,2,,,TAPE,,,,,,B_tape_tourne
9108341,2016,Diane Black,2,,,TAPE,,,,,,B_tape_tourne
9108765,2016,Diane Black,2,,,TAPE,,,,,,B_tape_tourne
9109671,2016,Diane Black,2,,,TAPE,,,,,,B_tape_tourne
9109963,2016,Diane Black,1,,,TAPE,,,,,,B_tape_tourne
9108217,2016,Diane Black,2,,,TAPE,,,,,,B_tape_tourne
9110164,2016,Diane Black,1,,,TAPE,,,,,,B_tape_tourne
9108369,2016,Judy Chu,2,,,TAPE,,,,,,B_tape_tourne
9110290,2016,Diane Black,2,,,TAPE,,,,,,B_tape_tourne
9108648,2016,Diane Black,1,,,TAPE,,,,,,B_tape_tourne
9108453,2016,Judy Chu,7,,,TAPE,,,,,,B_tape_tourne
9108556,2016,Judy Chu,3,,,TAPE,,,,,,B_tape_tourne
9108387,2016,Curtis J. Clawson,2,,,TAPE,,,,,,B_tape_tourne
9108694,2016,Curtis J. Clawson,2,,,TAPE,,,,,,B_tape_tourne
9108512,2016,Curtis J. Clawson,1,,,TAPE,,,,,,B_tape_tourne
9109959,2016,Curtis J. Clawson,2,,,TAPE,,,,,,B_tape_tourne
9109425,2016,Curtis J. Clawson,2,,,TAPE,,,,,,B_tape_tourne
9110012,2016,Curtis J. Clawson,2,,,TAPE,,,,,,B_tape_tourne
9109960,2016,Curtis J. Clawson,2,,,TAPE,,,,,,B_tape_tourne
9110142,2016,Curtis J. Clawson,2,,,TAPE,,,,,,B_tape_tourne
9108587,2016,Chris Collins,2,,,TAPE,,,,,,B_tape_tourne
9108406,2016,Chris Collins,1,,,MANUSCRIT,,,,,,C_manuscrit
9108259,2016,Curtis J. Clawson,2,,,TAPE,,,,,,B_tape_tourne
9108611,2016,Chris Collins,2,,,TAPE,,,,,,B_tape_tourne
9110289,2016,Curtis J. Clawson,2,,,TAPE,,,,,,B_tape_tourne
9109044,2016,Chris Collins,1,,,MANUSCRIT,,,,,,C_manuscrit
9109979,2016,Chris Collins,1,,,MANUSCRIT,,,,,,C_manuscrit
9110216,2016,Chris Collins,1,,,MANUSCRIT,,,,,,C_manuscrit
9110300,2016,Chris Collins,1,,,MANUSCRIT,,,,,,C_manuscrit
9110288,2016,Chris Collins,1,,,MANUSCRIT,,,,,,C_manuscrit
9108258,2016,John K. Delaney,2,,,TAPE,,,,,,B_tape_tourne
9108482,2016,Ander Crenshaw,1,,,TAPE,,,,,,B_tape_tourne
9108215,2016,John K. Delaney,4,,,TAPE,,,,,,B_tape_tourne
9108452,2016,John K. Delaney,1,,,TAPE,,,,,,B_tape_tourne
9108555,2016,John K. Delaney,2,,,TAPE,,,,,,B_tape_tourne
9108481,2016,John K. Delaney,2,,,TAPE,,,,,,B_tape_tourne
9108368,2016,John K. Delaney,2,,,TAPE,,,,,,B_tape_tourne
9109043,2016,John K. Delaney,1,,,TAPE,,,,,,B_tape_tourne
9108586,2016,John K. Delaney,1,,,TAPE,,,,,,B_tape_tourne
9108892,2016,John K. Delaney,1,,,TAPE,,,,,,B_tape_tourne
9109766,2016,John K. Delaney,2,,,TAPE,,,,,,B_tape_tourne
9109565,2016,John K. Delaney,2,,,TAPE,,,,,,B_tape_tourne
9109544,2016,John K. Delaney,1,,,TAPE,,,,,,B_tape_tourne
9108649,2016,Diane Black,1,,,TAPE,,,,,,B_tape_tourne
9109958,2016,John K. Delaney,1,,,TAPE,,,,,,B_tape_tourne
9109849,2016,John K. Delaney,1,,,TAPE,,,,,,B_tape_tourne
9109511,2016,John K. Delaney,1,,,TAPE,,,,,,B_tape_tourne
9109850,2016,John K. Delaney,1,,,TAPE,,,,,,B_tape_tourne
9110183,2016,John K. Delaney,2,,,TAPE,,,,,,B_tape_tourne
9110129,2016,John K. Delaney,1,,,TAPE,,,,,,B_tape_tourne
9110069,2016,John K. Delaney,2,,,TAPE,,,,,,B_tape_tourne
9110030,2016,John K. Delaney,1,,,TAPE,,,,,,B_tape_tourne
9110196,2016,John K. Delaney,1,,,TAPE,,,,,,B_tape_tourne
9110287,2016,John K. Delaney,2,,,TAPE,,,,,,B_tape_tourne
9109848,2016,Charles W. Dent,2,,,TAPE,,,,,,B_tape_tourne
9109740,2016,Charles W. Dent,1,,,TAPE,,,,,,B_tape_tourne
9110315,2016,John J. Duncan,1,,,MANUSCRIT,,,,,,C_manuscrit
9108891,2016,Robert James Dold,2,,,TAPE,,,,,,B_tape_tourne
9109510,2016,John J. Duncan,1,,,MANUSCRIT,,,,,,C_manuscrit
9108386,2016,"Charles J. ""Chuck"" Fleischmann",1,,,TAPE,,,,,,B_tape_tourne
9109739,2016,Robert James Dold,2,,,TAPE,,,,,,B_tape_tourne
9109042,2016,"Charles J. ""Chuck"" Fleischmann",1,,,TAPE,,,,,,B_tape_tourne
9109478,2016,"Charles J. ""Chuck"" Fleischmann",1,,,TAPE,,,,,,B_tape_tourne
9108650,2016,"Charles J. ""Chuck"" Fleischmann",1,,,TAPE,,,,,,B_tape_tourne
9108451,2016,"Charles J. ""Chuck"" Fleischmann",1,,,TAPE,,,,,,B_tape_tourne
9109618,2016,"Charles J. ""Chuck"" Fleischmann",1,,,TAPE,,,,,,B_tape_tourne
9109942,2016,"Charles J. ""Chuck"" Fleischmann",1,,,TAPE,,,,,,B_tape_tourne
9110029,2016,"Charles J. ""Chuck"" Fleischmann",2,,,TAPE,,,,,,B_tape_tourne
9108256,2016,Rodney P. Frelinghuysen,1,,,TAPE,,,,,,B_tape_tourne
9110239,2016,"Charles J. ""Chuck"" Fleischmann",2,,,TAPE,,,,,,B_tape_tourne
9108367,2016,Rodney P. Frelinghuysen,1,,,TAPE,,,,,,B_tape_tourne
9108257,2016,Rodney P. Frelinghuysen,1,,,TAPE,,,,,,B_tape_tourne
9110254,2016,John K. Delaney,3,,,TAPE,,,,,,B_tape_tourne
9108450,2016,Rodney P. Frelinghuysen,1,,,TAPE,,,,,,B_tape_tourne
9109764,2016,Rodney P. Frelinghuysen,1,,,TAPE,,,,,,B_tape_tourne
9109686,2016,Rodney P. Frelinghuysen,1,,,TAPE,,,,,,B_tape_tourne
9108553,2016,Rodney P. Frelinghuysen,1,,,TAPE,,,,,,B_tape_tourne
9108554,2016,Rodney P. Frelinghuysen,1,,,TAPE,,,,,,B_tape_tourne
9109904,2016,Rodney P. Frelinghuysen,1,,,TAPE,,,,,,B_tape_tourne
9109617,2016,Rodney P. Frelinghuysen,1,,,TAPE,,,,,,B_tape_tourne
9110215,2016,Rodney P. Frelinghuysen,1,,,TAPE,,,,,,B_tape_tourne
9109905,2016,Rodney P. Frelinghuysen,1,,,TAPE,,,,,,B_tape_tourne
9109662,2016,Bob Goodlatte,1,,,MANUSCRIT,,,,,,C_manuscrit
9110270,2016,Rodney P. Frelinghuysen,1,,,TAPE,,,,,,B_tape_tourne
9108449,2016,John Thomas Graves,2,,,MANUSCRIT,,,,,,C_manuscrit
9110010,2016,Alan Grayson,1,,,MANUSCRIT,,,,,,C_manuscrit
9108366,2016,Alan Grayson,1,,,MANUSCRIT,,,,,,C_manuscrit
9109041,2016,Rodney P. Frelinghuysen,1,,,TAPE,,,,,,B_tape_tourne
9109423,2016,George Holding,1,,,TAPE,,,,,,B_tape_tourne
9109978,2016,George Holding,1,,,MANUSCRIT,,,,,,C_manuscrit
9109920,2016,David W. Jolly,1,,,MANUSCRIT,,,,,,C_manuscrit
9108420,2016,David P. Joyce,1,,,TAPE,,,,,,B_tape_tourne
9109554,2016,David P. Joyce,1,,,MANUSCRIT,,,,,,C_manuscrit
9110231,2016,George Holding,1,,,MANUSCRIT,,,,,,C_manuscrit
9108456,2016,Mike Kelly,3,,,MANUSCRIT,,,,,,C_manuscrit
9108312,2016,Mike Kelly,2,,,MANUSCRIT,,,,,,C_manuscrit
9108569,2016,Mike Kelly,2,,,MANUSCRIT,,,,,,C_manuscrit
9108888,2016,Mike Kelly,1,,,MANUSCRIT,,,,,,C_manuscrit
9109477,2016,Mike Kelly,5,,,MANUSCRIT,,,,,,C_manuscrit
9110008,2016,Mike Kelly,4,,,MANUSCRIT,,,,,,C_manuscrit
9108651,2016,Joseph P. Kennedy,2,,,TAPE,,,,,,B_tape_tourne
9108254,2016,Joseph P. Kennedy,2,,,TAPE,,,,,,B_tape_tourne
9109670,2016,Mike Kelly,3,,,MANUSCRIT,,,,,,C_manuscrit
9110302,2016,Mike Kelly,4,,,MANUSCRIT,,,,,,C_manuscrit
9110170,2016,Mike Kelly,4,,,MANUSCRIT,,,,,,C_manuscrit
9109476,2016,Joseph P. Kennedy,2,,,TAPE,,,,,,B_tape_tourne
9109763,2016,Joseph P. Kennedy,2,,,TAPE,,,,,,B_tape_tourne
9109475,2016,Joseph P. Kennedy,2,,,TAPE,,,,,,B_tape_tourne
9108407,2016,Doug Lamborn,2,,,MANUSCRIT,,,,,,C_manuscrit
9110268,2016,Joseph P. Kennedy,2,,,TAPE,,,,,,B_tape_tourne
9108477,2016,Doug Lamborn,2,,,MANUSCRIT,,,,,,C_manuscrit
9109040,2016,Doug Lamborn,1,,,MANUSCRIT,,,,,,C_manuscrit
9109612,2016,Doug Lamborn,2,,,MANUSCRIT,,,,,,C_manuscrit
9109738,2016,Doug Lamborn,2,,,MANUSCRIT,,,,,,C_manuscrit
9108278,2016,John B. Larson,1,,,TAPE,,,,,,B_tape_tourne
9109977,2016,Doug Lamborn,2,,,MANUSCRIT,,,,,,C_manuscrit
9110267,2016,Doug Lamborn,2,,,MANUSCRIT,,,,,,C_manuscrit
9109613,2016,Doug Lamborn,1,,,MANUSCRIT,,,,,,C_manuscrit
9108342,2016,John B. Larson,1,,,TAPE,,,,,,B_tape_tourne
9108887,2016,John B. Larson,2,,,TAPE,,,,,,B_tape_tourne
9108581,2016,John B. Larson,2,,,TAPE,,,,,,B_tape_tourne
9110026,2016,John B. Larson,1,,,TAPE,,,,,,B_tape_tourne
9109039,2016,John B. Larson,1,,,TAPE,,,,,,B_tape_tourne
9110140,2016,John B. Larson,1,,,TAPE,,,,,,B_tape_tourne
9109810,2016,John B. Larson,1,,,TAPE,,,,,,B_tape_tourne
9109886,2016,John B. Larson,1,,,TAPE,,,,,,B_tape_tourne
9110250,2016,John B. Larson,1,,,TAPE,,,,,,B_tape_tourne
9110169,2016,John B. Larson,1,,,TAPE,,,,,,B_tape_tourne
9108249,2016,Billy Long,10,,,MANUSCRIT,,,,,,C_manuscrit
9109611,2016,Leonard Lance,1,,,MANUSCRIT,,,,,,C_manuscrit
9108405,2016,Billy Long,4,,,TAPE,,,,,,B_tape_tourne
9108196,2016,Kenny Marchant,6,,,MANUSCRIT,,,,,,C_manuscrit
9110066,2016,Billy Long,1,,,TAPE,,,,,,B_tape_tourne
9108568,2016,Billy Long,2,,,TAPE,,,,,,B_tape_tourne
9109506,2016,Billy Long,1,,,TAPE,,,,,,B_tape_tourne
9110065,2016,Billy Long,1,,,TAPE,,,,,,B_tape_tourne
9108309,2016,Kenny Marchant,2,,,MANUSCRIT,,,,,,C_manuscrit
9108580,2016,Kenny Marchant,2,,,MANUSCRIT,,,,,,C_manuscrit
9109568,2016,Kenny Marchant,3,,,MANUSCRIT,,,,,,C_manuscrit
9108688,2016,Kenny Marchant,11,,,MANUSCRIT,,,,,,C_manuscrit
9109458,2016,Kenny Marchant,3,,,MANUSCRIT,,,,,,C_manuscrit
9110068,2016,John B. Larson,1,,,TAPE,,,,,,B_tape_tourne
9108476,2016,Kenny Marchant,2,,,MANUSCRIT,,,,,,C_manuscrit
9110127,2016,Kenny Marchant,3,,,MANUSCRIT,,,,,,C_manuscrit
9108384,2016,Michael T. McCaul,7,,,MANUSCRIT,,,,,,C_manuscrit
9109975,2016,Kenny Marchant,1,,,MANUSCRIT,,,,,,C_manuscrit
9110305,2016,Kenny Marchant,5,,,MANUSCRIT,,,,,,C_manuscrit
9108468,2016,Michael T. McCaul,20,,,MANUSCRIT,,,,,,C_manuscrit
9108579,2016,Michael T. McCaul,8,,,MANUSCRIT,,,,,,C_manuscrit
9110214,2016,Kenny Marchant,2,,,MANUSCRIT,,,,,,C_manuscrit
9109038,2016,Michael T. McCaul,6,,,MANUSCRIT,,,,,,C_manuscrit
9110046,2016,Michael T. McCaul,11,,,MANUSCRIT,,,,,,C_manuscrit
9109669,2016,Michael T. McCaul,10,,,MANUSCRIT,,,,,,C_manuscrit
9109903,2016,Michael T. McCaul,9,,,MANUSCRIT,,,,,,C_manuscrit
9110230,2016,Michael T. McCaul,12,,,TAPE,,,,,,B_tape_tourne
9110126,2016,Michael T. McCaul,9,,,MANUSCRIT,,,,,,C_manuscrit
9109515,2016,Michael T. McCaul,15,,,MANUSCRIT,,,,,,C_manuscrit
9110306,2016,Michael T. McCaul,12,,,MANUSCRIT,,,,,,C_manuscrit
9110286,2016,Jim McDermott,1,,,MANUSCRIT,,,,,,C_manuscrit
9108788,2016,Mark R Meadows,1,,,MANUSCRIT,,,,,,C_manuscrit
9108459,2016,Jared Polis,2,,,MANUSCRIT,,,,,,C_manuscrit
9108590,2016,Jared Polis,2,,,MANUSCRIT,,,,,,C_manuscrit
9108302,2016,Jared Polis,3,,,MANUSCRIT,,,,,,C_manuscrit
9109680,2016,Jared Polis,2,,,MANUSCRIT,,,,,,C_manuscrit
9108797,2016,Jared Polis,2,,,MANUSCRIT,,,,,,C_manuscrit
9109456,2016,Jared Polis,3,,,MANUSCRIT,,,,,,C_manuscrit
9110213,2016,Mark R Meadows,1,,,MANUSCRIT,,,,,,C_manuscrit
9109762,2016,Kenny Marchant,1,,,MANUSCRIT,,,,,,C_manuscrit
9110125,2016,Jared Polis,2,,,MANUSCRIT,,,,,,C_manuscrit
9109844,2016,Jared Polis,2,,,MANUSCRIT,,,,,,C_manuscrit
9109985,2016,Jared Polis,2,,,MANUSCRIT,,,,,,C_manuscrit
9110189,2016,Jared Polis,2,,,MANUSCRIT,,,,,,C_manuscrit
9108321,2016,Tom Price,1,,,TAPE,,,,,,B_tape_tourne
9110285,2016,Jared Polis,2,,,MANUSCRIT,,,,,,C_manuscrit
9110228,2016,Jared Polis,1,,,MANUSCRIT,,,,,,C_manuscrit
9108588,2016,Tom Price,12,,,TAPE,,,,,,B_tape_tourne
9108796,2016,Tom Price,1,,,TAPE,,,,,,B_tape_tourne
9108214,2016,James B. Renacci,18,,,TAPE,,,,,,B_tape_tourne
9108564,2016,James B. Renacci,9,,,TAPE,,,,,,B_tape_tourne
9110002,2016,Tom Price,2,,,TAPE,,,,,,B_tape_tourne
9108473,2016,James B. Renacci,6,,,TAPE,,,,,,B_tape_tourne
9108364,2016,James B. Renacci,16,,,TAPE,,,,,,B_tape_tourne
9108265,2016,James B. Renacci,15,,,TAPE,,,,,,B_tape_tourne
9108417,2016,James B. Renacci,7,,,TAPE,,,,,,B_tape_tourne
9109037,2016,James B. Renacci,5,,,TAPE,,,,,,B_tape_tourne
9109455,2016,James B. Renacci,7,,,TAPE,,,,,,B_tape_tourne
9109514,2016,James B. Renacci,4,,,TAPE,,,,,,B_tape_tourne
9108687,2016,James B. Renacci,7,,,TAPE,,,,,,B_tape_tourne
9109571,2016,James B. Renacci,7,,,TAPE,,,,,,B_tape_tourne
9109677,2016,James B. Renacci,4,,,TAPE,,,,,,B_tape_tourne
9109974,2016,James B. Renacci,5,,,TAPE,,,,,,B_tape_tourne
9110043,2016,James B. Renacci,3,,,TAPE,,,,,,B_tape_tourne
9109789,2016,James B. Renacci,6,,,TAPE,,,,,,B_tape_tourne
9109952,2016,James B. Renacci,6,,,TAPE,,,,,,B_tape_tourne
9108474,2016,Tom Price,3,,,TAPE,,,,,,B_tape_tourne
9110089,2016,James B. Renacci,5,,,TAPE,,,,,,B_tape_tourne
9110188,2016,James B. Renacci,5,,,TAPE,,,,,,B_tape_tourne
9110139,2016,James B. Renacci,5,,,TAPE,,,,,,B_tape_tourne
9110263,2016,James B. Renacci,5,,,TAPE,,,,,,B_tape_tourne
9110226,2016,James B. Renacci,5,,,TAPE,,,,,,B_tape_tourne
9108458,2016,David P. Roe,3,,,TAPE,,,,,,B_tape_tourne
9108559,2016,David P. Roe,4,,,TAPE,,,,,,B_tape_tourne
9110307,2016,James B. Renacci,7,,,TAPE,,,,,,B_tape_tourne
9109472,2016,David P. Roe,1,,,TAPE,,,,,,B_tape_tourne
9109921,2016,David P. Roe,3,,,TAPE,,,,,,B_tape_tourne
9108795,2016,David P. Roe,2,,,TAPE,,,,,,B_tape_tourne
9110023,2016,David P. Roe,2,,,TAPE,,,,,,B_tape_tourne
9110297,2016,David P. Roe,2,,,TAPE,,,,,,B_tape_tourne
9110187,2016,David P. Roe,2,,,TAPE,,,,,,B_tape_tourne
9108428,2016,Harold Dallas Rogers,2,,,TAPE,,,,,,B_tape_tourne
9108560,2016,Harold Dallas Rogers,1,,,TAPE,,,,,,B_tape_tourne
9110124,2016,David P. Roe,4,,,TAPE,,,,,,B_tape_tourne
9109454,2016,Harold Dallas Rogers,3,,,TAPE,,,,,,B_tape_tourne
9109808,2016,Harold Dallas Rogers,1,,,TAPE,,,,,,B_tape_tourne
9109607,2016,Harold Dallas Rogers,1,,,TAPE,,,,,,B_tape_tourne
9109984,2016,Harold Dallas Rogers,1,,,TAPE,,,,,,B_tape_tourne
9108305,2016,Harold Dallas Rogers,2,,,TAPE,,,,,,B_tape_tourne
9110123,2016,Harold Dallas Rogers,1,,,TAPE,,,,,,B_tape_tourne
9110262,2016,Harold Dallas Rogers,1,,,TAPE,,,,,,B_tape_tourne
9110186,2016,Harold Dallas Rogers,1,,,TAPE,,,,,,B_tape_tourne
9108652,2016,Adam B. Schiff,2,,,TAPE,,,,,,B_tape_tourne
9108592,2016,James B. Renacci,7,,,TAPE,,,,,,B_tape_tourne
9108252,2016,David P. Roe,2,,,TAPE,,,,,,B_tape_tourne
9108653,2016,Adam B. Schiff,1,,,TAPE,,,,,,B_tape_tourne
9108457,2016,Adam B. Schiff,1,,,MANUSCRIT,,,,,,C_manuscrit
9109453,2016,Adam B. Schiff,1,,,TAPE,,,,,,B_tape_tourne
9108792,2016,Adam B. Schiff,1,,,TAPE,,,,,,B_tape_tourne
9109973,2016,Adam B. Schiff,1,,,TAPE,,,,,,B_tape_tourne
9108794,2016,Harold Dallas Rogers,1,,,TAPE,,,,,,B_tape_tourne
9109543,2016,Adam B. Schiff,1,,,TAPE,,,,,,B_tape_tourne
9110296,2016,Adam B. Schiff,2,,,TAPE,,,,,,B_tape_tourne
9108793,2016,Kurt Schrader,1,,,MANUSCRIT,,,,,,C_manuscrit
9109668,2016,Kurt Schrader,6,,,MANUSCRIT,,,,,,C_manuscrit
9109451,2016,Kurt Schrader,7,,,MANUSCRIT,,,,,,C_manuscrit
9108472,2016,Kurt Schrader,6,,,MANUSCRIT,,,,,,C_manuscrit
9108304,2016,Kurt Schrader,3,,,MANUSCRIT,,,,,,C_manuscrit
9110168,2016,Adam B. Schiff,1,,,TAPE,,,,,,B_tape_tourne
9108561,2016,Kurt Schrader,4,,,MANUSCRIT,,,,,,C_manuscrit
9109983,2016,Kurt Schrader,5,,,MANUSCRIT,,,,,,C_manuscrit
9109941,2016,Kurt Schrader,4,,,MANUSCRIT,,,,,,C_manuscrit
9108591,2016,Austin Scott,10,,,MANUSCRIT,,,,,,C_manuscrit
9109606,2016,Austin Scott,1,,,MANUSCRIT,,,,,,C_manuscrit
9110212,2016,Kurt Schrader,4,,,MANUSCRIT,,,,,,C_manuscrit
9110277,2016,Kurt Schrader,6,,,MANUSCRIT,,,,,,C_manuscrit
9109605,2016,Austin Scott,2,,,MANUSCRIT,,,,,,C_manuscrit
9110122,2016,Kurt Schrader,4,,,MANUSCRIT,,,,,,C_manuscrit
9110041,2016,Austin Scott,2,,,MANUSCRIT,,,,,,C_manuscrit
9110022,2016,F. James Sensenbrenner,2,,,MANUSCRIT,,,,,,C_manuscrit
9110248,2016,Austin Scott,2,,,MANUSCRIT,,,,,,C_manuscrit
9108426,2016,Pete Sessions,1,,,MANUSCRIT,,,,,,C_manuscrit
9108654,2016,Pete Sessions,1,,,MANUSCRIT,,,,,,C_manuscrit
9108320,2016,Pete Sessions,2,,,MANUSCRIT,,,,,,C_manuscrit
9108525,2016,Pete Sessions,1,,,MANUSCRIT,,,,,,C_manuscrit
9108686,2016,Steve Stivers,2,,,TAPE,,,,,,B_tape_tourne
9109706,2016,Steve Stivers,2,,,TAPE,,,,,,B_tape_tourne
9108798,2016,Scott R. Tipton,1,,,MANUSCRIT,,,,,,C_manuscrit
9108562,2016,Dina Titus,1,,,MANUSCRIT,,,,,,C_manuscrit
9108251,2016,Kyle Mark Takai,2,,,TAPE,,,,,,B_tape_tourne
9109840,2016,Dina Titus,1,,,MANUSCRIT,,,,,,C_manuscrit
9110021,2016,Dina Titus,1,,,MANUSCRIT,,,,,,C_manuscrit
9108381,2016,Fred Upton,2,,,MANUSCRIT,,,,,,C_manuscrit
9108593,2016,Fred Upton,1,,,MANUSCRIT,,,,,,C_manuscrit
9110247,2016,Dina Titus,1,,,MANUSCRIT,,,,,,C_manuscrit
9109660,2016,Fred Upton,1,,,MANUSCRIT,,,,,,C_manuscrit
9110143,2016,Steve Stivers,4,,,TAPE,,,,,,B_tape_tourne
9109788,2016,Fred Upton,1,,,MANUSCRIT,,,,,,C_manuscrit
9110295,2016,Fred Upton,2,,,MANUSCRIT,,,,,,C_manuscrit
9110000,2016,Fred Upton,1,,,MANUSCRIT,,,,,,C_manuscrit
9110211,2016,Fred Upton,1,,,MANUSCRIT,,,,,,C_manuscrit
9109046,2016,Fred Upton,1,,,MANUSCRIT,,,,,,C_manuscrit
9109572,2016,Ann Wagner,1,,,TAPE,,,,,,B_tape_tourne
9109807,2016,Ann Wagner,1,,,TAPE,,,,,,B_tape_tourne
9110001,2016,Chris Van Hollen,1,,,MANUSCRIT,,,,,,C_manuscrit
9110301,2016,Chris Van Hollen,1,,,MANUSCRIT,,,,,,C_manuscrit
9109972,2016,Ann Wagner,1,,,TAPE,,,,,,B_tape_tourne
9110177,2016,Ann Wagner,1,,,MANUSCRIT,,,,,,C_manuscrit
9108614,2016,Fred Upton,1,,,MANUSCRIT,,,,,,C_manuscrit
9110185,2016,Ann Wagner,1,,,MANUSCRIT,,,,,,C_manuscrit
9109452,2016,Peter Welch,2,,,MANUSCRIT,,,,,,C_manuscrit
9108402,2016,Peter Welch,1,,,TAPE,,,,,,B_tape_tourne
9108524,2016,Peter Welch,2,,,MANUSCRIT,,,,,,C_manuscrit
9108685,2016,Peter Welch,1,,,MANUSCRIT,,,,,,C_manuscrit
9109573,2016,Peter Welch,2,,,TAPE,,,,,,B_tape_tourne
9109901,2016,Peter Welch,2,,,TAPE,,,,,,B_tape_tourne
9109971,2016,Peter Welch,2,,,MANUSCRIT,,,,,,C_manuscrit
9110088,2016,Peter Welch,2,,,MANUSCRIT,,,,,,C_manuscrit
9110176,2016,Peter Welch,2,,,TAPE,,,,,,B_tape_tourne
9110261,2016,Peter Welch,3,,,TAPE,,,,,,B_tape_tourne
9110837,2017,Diane Black,1,,,TAPE,,,,,,B_tape_tourne
9110430,2017,Diane Black,1,,,TAPE,,,,,,B_tape_tourne
9110713,2017,Diane Black,1,,,TAPE,,,,,,B_tape_tourne
9110596,2017,Diane Black,1,,,TAPE,,,,,,B_tape_tourne
9111877,2017,Diane Black,1,,,TAPE,,,,,,B_tape_tourne
9111826,2017,Gus M. Bilirakis,1,,,TAPE,,,,,,B_tape_tourne
9111848,2017,Diane Black,1,,,TAPE,,,,,,B_tape_tourne
9111448,2017,Diane Black,1,,,TAPE,,,,,,B_tape_tourne
9112023,2017,Diane Black,1,,,TAPE,,,,,,B_tape_tourne
9111719,2017,Chris Collins,1,,,MANUSCRIT,,,,,,C_manuscrit
9110617,2017,Chris Collins,1,,,MANUSCRIT,,,,,,C_manuscrit
9111847,2017,Chris Collins,1,,,MANUSCRIT,,,,,,C_manuscrit
9111988,2017,James Comer,2,,,MANUSCRIT,,,,,,C_manuscrit
9111742,2017,James Comer,1,,,MANUSCRIT,,,,,,C_manuscrit
9112119,2017,Chris Collins,1,,,MANUSCRIT,,,,,,C_manuscrit
9111846,2017,James Comer,2,,,MANUSCRIT,,,,,,C_manuscrit
9112142,2017,James Comer,1,,,MANUSCRIT,,,,,,C_manuscrit
9112040,2017,Chris Collins,1,,,MANUSCRIT,,,,,,C_manuscrit
9110616,2017,John Abney Culberson,1,,,MANUSCRIT,,,,,,C_manuscrit
9111345,2017,John Abney Culberson,1,,,MANUSCRIT,,,,,,C_manuscrit
9110429,2017,John K. Delaney,2,,,TAPE,,,,,,B_tape_tourne
9110642,2017,John K. Delaney,2,,,TAPE,,,,,,B_tape_tourne
9110550,2017,John K. Delaney,1,,,TAPE,,,,,,B_tape_tourne
9110688,2017,John K. Delaney,1,,,TAPE,,,,,,B_tape_tourne
9110732,2017,John K. Delaney,2,,,TAPE,,,,,,B_tape_tourne
9110390,2017,John K. Delaney,2,,,TAPE,,,,,,B_tape_tourne
9110497,2017,John K. Delaney,2,,,TAPE,,,,,,B_tape_tourne
9110836,2017,John K. Delaney,3,,,TAPE,,,,,,B_tape_tourne
9111440,2017,John K. Delaney,2,,,TAPE,,,,,,B_tape_tourne
9111323,2017,John K. Delaney,3,,,TAPE,,,,,,B_tape_tourne
9111574,2017,John K. Delaney,4,,,TAPE,,,,,,B_tape_tourne
9111285,2017,John K. Delaney,1,,,TAPE,,,,,,B_tape_tourne
9111398,2017,John K. Delaney,2,,,TAPE,,,,,,B_tape_tourne
9111934,2017,John K. Delaney,2,,,TAPE,,,,,,B_tape_tourne
9111763,2017,John K. Delaney,2,,,TAPE,,,,,,B_tape_tourne
9111613,2017,John K. Delaney,1,,,TAPE,,,,,,B_tape_tourne
9111714,2017,John K. Delaney,2,,,TAPE,,,,,,B_tape_tourne
9111897,2017,John K. Delaney,2,,,TAPE,,,,,,B_tape_tourne
9112174,2017,John K. Delaney,2,,,TAPE,,,,,,B_tape_tourne
9112022,2017,John K. Delaney,2,,,TAPE,,,,,,B_tape_tourne
9110745,2017,Neal P. Dunn,1,,,MANUSCRIT,,,,,,C_manuscrit
9112141,2017,John K. Delaney,2,,,TAPE,,,,,,B_tape_tourne
9110458,2017,"Charles J. ""Chuck"" Fleischmann",4,,,TAPE,,,,,,B_tape_tourne
9110704,2017,John J. Duncan,1,,,MANUSCRIT,,,,,,C_manuscrit
9110569,2017,John K. Delaney,3,,,TAPE,,,,,,B_tape_tourne
9111825,2017,John K. Delaney,2,,,TAPE,,,,,,B_tape_tourne
9110791,2017,"Charles J. ""Chuck"" Fleischmann",4,,,TAPE,,,,,,B_tape_tourne
9111987,2017,"Charles J. ""Chuck"" Fleischmann",1,,,TAPE,,,,,,B_tape_tourne
9112118,2017,"Charles J. ""Chuck"" Fleischmann",2,,,TAPE,,,,,,B_tape_tourne
9111467,2017,"Charles J. ""Chuck"" Fleischmann",1,,,TAPE,,,,,,B_tape_tourne
9111766,2017,"Charles J. ""Chuck"" Fleischmann",4,,,TAPE,,,,,,B_tape_tourne
9110643,2017,"Charles J. ""Chuck"" Fleischmann",2,,,TAPE,,,,,,B_tape_tourne
9110473,2017,Rodney P. Frelinghuysen,1,,,TAPE,,,,,,B_tape_tourne
9112222,2017,"Charles J. ""Chuck"" Fleischmann",1,,,TAPE,,,,,,B_tape_tourne
9110682,2017,Rodney P. Frelinghuysen,1,,,TAPE,,,,,,B_tape_tourne
9111385,2017,"Charles J. ""Chuck"" Fleischmann",2,,,TAPE,,,,,,B_tape_tourne
9110373,2017,Rodney P. Frelinghuysen,1,,,TAPE,,,,,,B_tape_tourne
9111523,2017,Rodney P. Frelinghuysen,1,,,TAPE,,,,,,B_tape_tourne
9112140,2017,Rodney P. Frelinghuysen,1,,,TAPE,,,,,,B_tape_tourne
9111419,2017,Rodney P. Frelinghuysen,1,,,TAPE,,,,,,B_tape_tourne
9110681,2017,Bob Goodlatte,1,,,MANUSCRIT,,,,,,C_manuscrit
9111986,2017,Rodney P. Frelinghuysen,1,,,TAPE,,,,,,B_tape_tourne
9110428,2017,Rodney P. Frelinghuysen,1,,,TAPE,,,,,,B_tape_tourne
9110523,2017,Alan Mark Grayson,1,,,MANUSCRIT,,,,,,C_manuscrit
9111258,2017,Josh Gottheimer,2,,,TAPE,,,,,,B_tape_tourne
9111984,2017,Josh Gottheimer,2,,,TAPE,,,,,,B_tape_tourne
9111844,2017,Josh Gottheimer,1,,,TAPE,,,,,,B_tape_tourne
9110522,2017,Josh Gottheimer,1,,,TAPE,,,,,,B_tape_tourne
9110585,2017,George Holding,1,,,MANUSCRIT,,,,,,C_manuscrit
9111447,2017,George Holding,1,,,MANUSCRIT,,,,,,C_manuscrit
9110710,2017,George Holding,2,,,MANUSCRIT,,,,,,C_manuscrit
9111860,2017,George Holding,2,,,TAPE,,,,,,B_tape_tourne
9110703,2017,Rodney P. Frelinghuysen,1,,,TAPE,,,,,,B_tape_tourne
9110462,2017,Mike Kelly,2,,,MANUSCRIT,,,,,,C_manuscrit
9111691,2017,George Holding,2,,,TAPE,,,,,,B_tape_tourne
9110568,2017,Mike Kelly,2,,,MANUSCRIT,,,,,,C_manuscrit
9110708,2017,Mike Kelly,3,,,MANUSCRIT,,,,,,C_manuscrit
9110844,2017,Mike Kelly,3,,,MANUSCRIT,,,,,,C_manuscrit
9111625,2017,Mike Kelly,1,,,MANUSCRIT,,,,,,C_manuscrit
9111510,2017,Mike Kelly,4,,,MANUSCRIT,,,,,,C_manuscrit
9111266,2017,Mike Kelly,2,,,MANUSCRIT,,,,,,C_manuscrit
9111823,2017,Mike Kelly,3,,,TAPE,,,,,,B_tape_tourne
9112206,2017,Mike Kelly,5,,,TAPE,,,,,,B_tape_tourne
9112065,2017,Mike Kelly,3,,,TAPE,,,,,,B_tape_tourne
9110333,2017,Joseph P. Kennedy,2,,,TAPE,,,,,,B_tape_tourne
9111952,2017,Mike Kelly,1,,,TAPE,,,,,,B_tape_tourne
9111344,2017,Joseph P. Kennedy,2,,,TAPE,,,,,,B_tape_tourne
9111845,2017,"Charles J. ""Chuck"" Fleischmann",2,,,TAPE,,,,,,B_tape_tourne
9110456,2017,Rohit Khanna,5,,,TAPE,,,,,,B_tape_tourne
9110547,2017,Rohit Khanna,8,,,TAPE,,,,,,B_tape_tourne
9110730,2017,Rohit Khanna,5,,,TAPE,,,,,,B_tape_tourne
9111257,2017,Rohit Khanna,9,,,TAPE,,,,,,B_tape_tourne
9111583,2017,Rohit Khanna,8,,,TAPE,,,,,,B_tape_tourne
9111812,2017,Rohit Khanna,3,,,TAPE,,,,,,B_tape_tourne
9111740,2017,Rohit Khanna,8,,,TAPE,,,,,,B_tape_tourne
9111397,2017,Rohit Khanna,5,,,TAPE,,,,,,B_tape_tourne
9112020,2017,Rohit Khanna,7,,,TAPE,,,,,,B_tape_tourne
9112175,2017,Rohit Khanna,11,,,TAPE,,,,,,B_tape_tourne
9110565,2017,David Kustoff,2,,,MANUSCRIT,,,,,,C_manuscrit
9110426,2017,David Kustoff,2,,,MANUSCRIT,,,,,,C_manuscrit
9110787,2017,David Kustoff,2,,,MANUSCRIT,,,,,,C_manuscrit
9111322,2017,David Kustoff,1,,,MANUSCRIT,,,,,,C_manuscrit
9111818,2017,David Kustoff,2,,,MANUSCRIT,,,,,,C_manuscrit
9110463,2017,Doug Lamborn,2,,,MANUSCRIT,,,,,,C_manuscrit
9112205,2017,Doug Lamborn,1,,,MANUSCRIT,,,,,,C_manuscrit
9110563,2017,Doug Lamborn,1,,,MANUSCRIT,,,,,,C_manuscrit
9111720,2017,Leonard Lance,1,,,MANUSCRIT,,,,,,C_manuscrit
9112158,2017,Doug Lamborn,1,,,MANUSCRIT,,,,,,C_manuscrit
9110404,2017,John B. Larson,1,,,TAPE,,,,,,B_tape_tourne
9110526,2017,John B. Larson,1,,,TAPE,,,,,,B_tape_tourne
9110495,2017,John B. Larson,1,,,TAPE,,,,,,B_tape_tourne
9110546,2017,John B. Larson,1,,,TAPE,,,,,,B_tape_tourne
9111682,2017,Doug Lamborn,1,,,MANUSCRIT,,,,,,C_manuscrit
9110644,2017,Rohit Khanna,3,,,TAPE,,,,,,B_tape_tourne
9110425,2017,John B. Larson,1,,,TAPE,,,,,,B_tape_tourne
9110845,2017,John B. Larson,1,,,TAPE,,,,,,B_tape_tourne
9111582,2017,John B. Larson,1,,,TAPE,,,,,,B_tape_tourne
9111822,2017,John B. Larson,1,,,TAPE,,,,,,B_tape_tourne
9111256,2017,John B. Larson,1,,,TAPE,,,,,,B_tape_tourne
9112039,2017,John B. Larson,1,,,TAPE,,,,,,B_tape_tourne
9111983,2017,John B. Larson,2,,,MANUSCRIT,,,,,,C_manuscrit
9111843,2017,John B. Larson,1,,,TAPE,,,,,,B_tape_tourne
9111895,2017,John B. Larson,3,,,TAPE,,,,,,B_tape_tourne
9110442,2017,Billy Long,2,,,TAPE,,,,,,B_tape_tourne
9112062,2017,John B. Larson,1,,,TAPE,,,,,,B_tape_tourne
9112138,2017,John B. Larson,1,,,TAPE,,,,,,B_tape_tourne
9110615,2017,Billy Long,1,,,TAPE,,,,,,B_tape_tourne
9110562,2017,Billy Long,1,,,TAPE,,,,,,B_tape_tourne
9110649,2017,Kenny Marchant,2,,,MANUSCRIT,,,,,,C_manuscrit
9111131,2017,Kenny Marchant,2,,,MANUSCRIT,,,,,,C_manuscrit
9110454,2017,Kenny Marchant,2,,,MANUSCRIT,,,,,,C_manuscrit
9111522,2017,Kenny Marchant,2,,,MANUSCRIT,,,,,,C_manuscrit
9111874,2017,Rohit Khanna,6,,,TAPE,,,,,,B_tape_tourne
9111384,2017,Kenny Marchant,2,,,MANUSCRIT,,,,,,C_manuscrit
9111722,2017,Kenny Marchant,2,,,MANUSCRIT,,,,,,C_manuscrit
9111842,2017,Kenny Marchant,1,,,MANUSCRIT,,,,,,C_manuscrit
9112157,2017,Kenny Marchant,2,,,MANUSCRIT,,,,,,C_manuscrit
9110545,2017,Roger W. Marshall,2,,,TAPE,,,,,,B_tape_tourne
9110684,2017,Michael T. McCaul,11,,,TAPE,,,,,,B_tape_tourne
9111297,2017,Michael T. McCaul,11,,,TAPE,,,,,,B_tape_tourne
9110560,2017,Michael T. McCaul,14,,,TAPE,,,,,,B_tape_tourne
9110846,2017,Michael T. McCaul,7,,,TAPE,,,,,,B_tape_tourne
9110470,2017,Michael T. McCaul,9,,,TAPE,,,,,,B_tape_tourne
9111981,2017,Kenny Marchant,2,,,MANUSCRIT,,,,,,C_manuscrit
9111484,2017,Michael T. McCaul,9,,,TAPE,,,,,,B_tape_tourne
9111738,2017,Michael T. McCaul,9,,,TAPE,,,,,,B_tape_tourne
9111820,2017,Michael T. McCaul,7,,,TAPE,,,,,,B_tape_tourne
9112202,2017,Michael T. McCaul,9,,,TAPE,,,,,,B_tape_tourne
9112064,2017,Michael T. McCaul,6,,,TAPE,,,,,,B_tape_tourne
9111930,2017,Michael T. McCaul,7,,,TAPE,,,,,,B_tape_tourne
9110424,2017,Paul Mitchell,1,,,MANUSCRIT,,,,,,C_manuscrit
9110461,2017,Jared Polis,3,,,MANUSCRIT,,,,,,C_manuscrit
9110790,2017,Jared Polis,2,,,MANUSCRIT,,,,,,C_manuscrit
9110544,2017,Jared Polis,2,,,MANUSCRIT,,,,,,C_manuscrit
9111778,2017,Jared Polis,2,,,MANUSCRIT,,,,,,C_manuscrit
9111578,2017,Jared Polis,2,,,MANUSCRIT,,,,,,C_manuscrit
9111416,2017,Jared Polis,2,,,MANUSCRIT,,,,,,C_manuscrit
9111254,2017,Jared Polis,2,,,MANUSCRIT,,,,,,C_manuscrit
9111811,2017,Jared Polis,1,,,MANUSCRIT,,,,,,C_manuscrit
9110646,2017,Jared Polis,2,,,MANUSCRIT,,,,,,C_manuscrit
9111908,2017,Jared Polis,1,,,MANUSCRIT,,,,,,C_manuscrit
9112199,2017,Jared Polis,1,,,MANUSCRIT,,,,,,C_manuscrit
9112116,2017,Jared Polis,2,,,MANUSCRIT,,,,,,C_manuscrit
9111909,2017,Jared Polis,2,,,MANUSCRIT,,,,,,C_manuscrit
9110468,2017,James B. Renacci,7,,,TAPE,,,,,,B_tape_tourne
9110423,2017,James B. Renacci,10,,,TAPE,,,,,,B_tape_tourne
9110384,2017,James B. Renacci,7,,,TAPE,,,,,,B_tape_tourne
9110566,2017,James B. Renacci,4,,,TAPE,,,,,,B_tape_tourne
9110493,2017,James B. Renacci,4,,,TAPE,,,,,,B_tape_tourne
9110679,2017,James B. Renacci,2,,,TAPE,,,,,,B_tape_tourne
9110611,2017,James B. Renacci,4,,,TAPE,,,,,,B_tape_tourne
9111194,2017,James B. Renacci,5,,,TAPE,,,,,,B_tape_tourne
9110789,2017,James B. Renacci,4,,,TAPE,,,,,,B_tape_tourne
9110727,2017,James B. Renacci,5,,,TAPE,,,,,,B_tape_tourne
9111321,2017,James B. Renacci,4,,,TAPE,,,,,,B_tape_tourne
9111444,2017,James B. Renacci,4,,,TAPE,,,,,,B_tape_tourne
9111612,2017,James B. Renacci,7,,,TAPE,,,,,,B_tape_tourne
9111382,2017,James B. Renacci,5,,,TAPE,,,,,,B_tape_tourne
9111807,2017,James B. Renacci,7,,,TAPE,,,,,,B_tape_tourne
9111660,2017,James B. Renacci,3,,,TAPE,,,,,,B_tape_tourne
9111841,2017,James B. Renacci,2,,,TAPE,,,,,,B_tape_tourne
9111907,2017,James B. Renacci,5,,,TAPE,,,,,,B_tape_tourne
9111723,2017,James B. Renacci,4,,,TAPE,,,,,,B_tape_tourne
9111977,2017,James B. Renacci,5,,,TAPE,,,,,,B_tape_tourne
9112115,2017,James B. Renacci,4,,,TAPE,,,,,,B_tape_tourne
9112197,2017,James B. Renacci,8,,,TAPE,,,,,,B_tape_tourne
9112155,2017,James B. Renacci,5,,,TAPE,,,,,,B_tape_tourne
9110466,2017,David P. Roe,2,,,TAPE,,,,,,B_tape_tourne
9110543,2017,David P. Roe,1,,,TAPE,,,,,,B_tape_tourne
9110610,2017,David P. Roe,1,,,TAPE,,,,,,B_tape_tourne
9110707,2017,David P. Roe,1,,,TAPE,,,,,,B_tape_tourne
9111284,2017,David P. Roe,13,,,TAPE,,,,,,B_tape_tourne
9111381,2017,David P. Roe,5,,,TAPE,,,,,,B_tape_tourne
9110726,2017,David P. Roe,3,,,TAPE,,,,,,B_tape_tourne
9111577,2017,David P. Roe,13,,,TAPE,,,,,,B_tape_tourne
9111735,2017,David P. Roe,7,,,TAPE,,,,,,B_tape_tourne
9111894,2017,David P. Roe,4,,,TAPE,,,,,,B_tape_tourne
9112195,2017,David P. Roe,9,,,TAPE,,,,,,B_tape_tourne
9110525,2017,Harold Dallas Rogers,1,,,TAPE,,,,,,B_tape_tourne
9112019,2017,David P. Roe,5,,,TAPE,,,,,,B_tape_tourne
9110439,2017,Harold Dallas Rogers,1,,,TAPE,,,,,,B_tape_tourne
9110609,2017,Harold Dallas Rogers,2,,,TAPE,,,,,,B_tape_tourne
9110706,2017,Harold Dallas Rogers,1,,,MANUSCRIT,,,,,,C_manuscrit
9111396,2017,Harold Dallas Rogers,1,,,TAPE,,,,,,B_tape_tourne
9111193,2017,Harold Dallas Rogers,2,,,TAPE,,,,,,B_tape_tourne
9111537,2017,Harold Dallas Rogers,1,,,TAPE,,,,,,B_tape_tourne
9111976,2017,Harold Dallas Rogers,1,,,TAPE,,,,,,B_tape_tourne
9110465,2017,Francis Rooney,7,,,TAPE,,,,,,B_tape_tourne
9112137,2017,Harold Dallas Rogers,1,,,TAPE,,,,,,B_tape_tourne
9111724,2017,Harold Dallas Rogers,1,,,TAPE,,,,,,B_tape_tourne
9111840,2017,Harold Dallas Rogers,1,,,TAPE,,,,,,B_tape_tourne
9110542,2017,Francis Rooney,2,,,TAPE,,,,,,B_tape_tourne
9110788,2017,Francis Rooney,2,,,TAPE,,,,,,B_tape_tourne
9111443,2017,Francis Rooney,2,,,TAPE,,,,,,B_tape_tourne
9111792,2017,Francis Rooney,4,,,TAPE,,,,,,B_tape_tourne
9111611,2017,Francis Rooney,1,,,TAPE,,,,,,B_tape_tourne
9111951,2017,Francis Rooney,3,,,TAPE,,,,,,B_tape_tourne
9111295,2017,Francis Rooney,2,,,TAPE,,,,,,B_tape_tourne
9112063,2017,Francis Rooney,2,,,TAPE,,,,,,B_tape_tourne
9110678,2017,Francis Rooney,2,,,TAPE,,,,,,B_tape_tourne
9112171,2017,Francis Rooney,3,,,TAPE,,,,,,B_tape_tourne
9110593,2017,Kurt Schrader,6,,,MANUSCRIT,,,,,,C_manuscrit
9110677,2017,Kurt Schrader,5,,,MANUSCRIT,,,,,,C_manuscrit
9110422,2017,Kurt Schrader,8,,,MANUSCRIT,,,,,,C_manuscrit
9110452,2017,Adam B. Schiff,1,,,TAPE,,,,,,B_tape_tourne
9111395,2017,Kurt Schrader,2,,,MANUSCRIT,,,,,,C_manuscrit
9111576,2017,Kurt Schrader,1,,,MANUSCRIT,,,,,,C_manuscrit
9110835,2017,Kurt Schrader,3,,,MANUSCRIT,,,,,,C_manuscrit
9112018,2017,Kurt Schrader,1,,,MANUSCRIT,,,,,,C_manuscrit
9111892,2017,Kurt Schrader,2,,,MANUSCRIT,,,,,,C_manuscrit
9111725,2017,Kurt Schrader,3,,,MANUSCRIT,,,,,,C_manuscrit
9111253,2017,Kurt Schrader,2,,,MANUSCRIT,,,,,,C_manuscrit
9112154,2017,Kurt Schrader,1,,,MANUSCRIT,,,,,,C_manuscrit
9111125,2017,Austin Scott,2,,,MANUSCRIT,,,,,,C_manuscrit
9110524,2017,Austin Scott,2,,,MANUSCRIT,,,,,,C_manuscrit
9110383,2017,Steve Stivers,2,,,TAPE,,,,,,B_tape_tourne
9110683,2017,Scott R. Tipton,1,,,MANUSCRIT,,,,,,C_manuscrit
9111680,2017,Austin Scott,2,,,MANUSCRIT,,,,,,C_manuscrit
9111734,2017,Steve Stivers,5,,,TAPE,,,,,,B_tape_tourne
9110725,2017,Steve Stivers,2,,,TAPE,,,,,,B_tape_tourne
9110421,2017,Fred Upton,1,,,MANUSCRIT,,,,,,C_manuscrit
9111819,2017,Dina Titus,1,,,MANUSCRIT,,,,,,C_manuscrit
9111520,2017,Fred Upton,1,,,MANUSCRIT,,,,,,C_manuscrit
9111124,2017,Fred Upton,2,,,MANUSCRIT,,,,,,C_manuscrit
9110559,2017,Fred Upton,1,,,MANUSCRIT,,,,,,C_manuscrit
9110369,2017,Dina Titus,1,,,TAPE,,,,,,B_tape_tourne
9111354,2017,Fred Upton,2,,,MANUSCRIT,,,,,,C_manuscrit
9111808,2017,Fred Upton,1,,,MANUSCRIT,,,,,,C_manuscrit
9111809,2017,Fred Upton,1,,,MANUSCRIT,,,,,,C_manuscrit
9111839,2017,Fred Upton,1,,,MANUSCRIT,,,,,,C_manuscrit
9112017,2017,Fred Upton,2,,,MANUSCRIT,,,,,,C_manuscrit
9111767,2017,Ann Wagner,1,,,TAPE,,,,,,B_tape_tourne
9111891,2017,Ann Wagner,1,,,TAPE,,,,,,B_tape_tourne
9110724,2017,Ann Wagner,1,,,TAPE,,,,,,B_tape_tourne
9111192,2017,Ann Wagner,1,,,TAPE,,,,,,B_tape_tourne
9112153,2017,Fred Upton,2,,,MANUSCRIT,,,,,,C_manuscrit
9111507,2017,Greg Walden,1,,,MANUSCRIT,,,,,,C_manuscrit
9112152,2017,Ann Wagner,1,,,TAPE,,,,,,B_tape_tourne
9110420,2017,Peter Welch,2,,,TAPE,,,,,,B_tape_tourne
9110608,2017,Peter Welch,2,,,MANUSCRIT,,,,,,C_manuscrit
9111123,2017,Peter Welch,2,,,TAPE,,,,,,B_tape_tourne
9110705,2017,Peter Welch,1,,,TAPE,,,,,,B_tape_tourne
9111355,2017,Peter Welch,2,,,TAPE,,,,,,B_tape_tourne
9111469,2017,Peter Welch,2,,,TAPE,,,,,,B_tape_tourne
9111535,2017,Peter Welch,1,,,TAPE,,,,,,B_tape_tourne
9111726,2017,Peter Welch,2,,,TAPE,,,,,,B_tape_tourne
9111864,2017,Peter Welch,1,,,TAPE,,,,,,B_tape_tourne
9110512,2017,Peter Welch,2,,,TAPE,,,,,,B_tape_tourne
9113472,2018,Gus M. Bilirakis,1,,,TAPE,,,,,,B_tape_tourne
9112135,2017,Ted S. Yoho,1,,,MANUSCRIT,,,,,,C_manuscrit
9111975,2017,Peter Welch,1,,,TAPE,,,,,,B_tape_tourne
9113416,2018,"Garland ""Andy"" Barr",1,,,MANUSCRIT,,,,,,C_manuscrit
9112405,2018,Diane Black,1,,,TAPE,,,,,,B_tape_tourne
9112736,2018,Diane Black,2,,,TAPE,,,,,,B_tape_tourne
9112640,2018,Diane Black,2,,,TAPE,,,,,,B_tape_tourne
9112886,2018,Diane Black,2,,,TAPE,,,,,,B_tape_tourne
9112587,2018,Diane Black,1,,,TAPE,,,,,,B_tape_tourne
9113456,2018,Diane Black,2,,,TAPE,,,,,,B_tape_tourne
9113554,2018,Diane Black,2,,,TAPE,,,,,,B_tape_tourne
9113332,2018,Diane Black,2,,,TAPE,,,,,,B_tape_tourne
9113729,2018,Diane Black,1,,,TAPE,,,,,,B_tape_tourne
9112497,2018,Diane Black,2,,,TAPE,,,,,,B_tape_tourne
9112151,2017,Peter Welch,1,,,TAPE,,,,,,B_tape_tourne
9113891,2018,Diane Black,1,,,TAPE,,,,,,B_tape_tourne
9113630,2018,Diane Black,4,,,TAPE,,,,,,B_tape_tourne
9114137,2018,Diane Black,3,,,TAPE,,,,,,B_tape_tourne
9112648,2018,Diane Black,2,,,TAPE,,,,,,B_tape_tourne
9114074,2018,Diane Black,2,,,TAPE,,,,,,B_tape_tourne
9114199,2018,Diane Black,1,,,TAPE,,,,,,B_tape_tourne
9114243,2018,Diane Black,2,,,TAPE,,,,,,B_tape_tourne
9114009,2018,Tom Cole,1,,,MANUSCRIT,,,,,,C_manuscrit
9112820,2018,Tom Cole,2,,,TAPE,,,,,,B_tape_tourne
9113297,2018,Chris Collins,1,,,MANUSCRIT,,,,,,C_manuscrit
9113455,2018,Chris Collins,1,,,MANUSCRIT,,,,,,C_manuscrit
9112567,2018,Chris Collins,1,,,MANUSCRIT,,,,,,C_manuscrit
9112403,2018,James Comer,2,,,MANUSCRIT,,,,,,C_manuscrit
9112530,2018,James Comer,1,,,MANUSCRIT,,,,,,C_manuscrit
9114169,2018,Chris Collins,1,,,TAPE,,,,,,B_tape_tourne
9112655,2018,James Comer,1,,,MANUSCRIT,,,,,,C_manuscrit
9112341,2018,John K. Delaney,2,,,TAPE,,,,,,B_tape_tourne
9112402,2018,John K. Delaney,3,,,TAPE,,,,,,B_tape_tourne
9112480,2018,John K. Delaney,2,,,TAPE,,,,,,B_tape_tourne
9112566,2018,John K. Delaney,1,,,TAPE,,,,,,B_tape_tourne
9113744,2018,John Abney Culberson,1,,,MANUSCRIT,,,,,,C_manuscrit
9112654,2018,John K. Delaney,2,,,TAPE,,,,,,B_tape_tourne
9112586,2018,John K. Delaney,2,,,TAPE,,,,,,B_tape_tourne
9112678,2018,John K. Delaney,1,,,TAPE,,,,,,B_tape_tourne
9112819,2018,John K. Delaney,1,,,TAPE,,,,,,B_tape_tourne
9113333,2018,John K. Delaney,1,,,TAPE,,,,,,B_tape_tourne
9113471,2018,John K. Delaney,2,,,TAPE,,,,,,B_tape_tourne
9113121,2018,John K. Delaney,2,,,TAPE,,,,,,B_tape_tourne
9113537,2018,John K. Delaney,2,,,TAPE,,,,,,B_tape_tourne
9113619,2018,John K. Delaney,1,,,TAPE,,,,,,B_tape_tourne
9113688,2018,John K. Delaney,3,,,TAPE,,,,,,B_tape_tourne
9113705,2018,John K. Delaney,1,,,TAPE,,,,,,B_tape_tourne
9113869,2018,John K. Delaney,1,,,TAPE,,,,,,B_tape_tourne
9113868,2018,John K. Delaney,2,,,TAPE,,,,,,B_tape_tourne
9113706,2018,John K. Delaney,2,,,TAPE,,,,,,B_tape_tourne
9114013,2018,John K. Delaney,1,,,TAPE,,,,,,B_tape_tourne
9114095,2018,John K. Delaney,2,,,TAPE,,,,,,B_tape_tourne
9114143,2018,John K. Delaney,3,,,TAPE,,,,,,B_tape_tourne
9114158,2018,John K. Delaney,5,,,TAPE,,,,,,B_tape_tourne
9112399,2018,Jeff Duncan,1,,,MANUSCRIT,,,,,,C_manuscrit
9112301,2018,Jeff Duncan,1,,,MANUSCRIT,,,,,,C_manuscrit
9112278,2018,Jeff Duncan,1,,,MANUSCRIT,,,,,,C_manuscrit
9114200,2018,John K. Delaney,2,,,TAPE,,,,,,B_tape_tourne
9112638,2018,Neal P. Dunn,1,,,TAPE,,,,,,B_tape_tourne
9112563,2018,"Charles J. ""Chuck"" Fleischmann",1,,,TAPE,,,,,,B_tape_tourne
9113568,2018,"Charles J. ""Chuck"" Fleischmann",1,,,TAPE,,,,,,B_tape_tourne
9112677,2018,"Charles J. ""Chuck"" Fleischmann",1,,,TAPE,,,,,,B_tape_tourne
9112564,2018,"Charles J. ""Chuck"" Fleischmann",4,,,TAPE,,,,,,B_tape_tourne
9112818,2018,"Charles J. ""Chuck"" Fleischmann",3,,,TAPE,,,,,,B_tape_tourne
9113454,2018,"Charles J. ""Chuck"" Fleischmann",1,,,TAPE,,,,,,B_tape_tourne
9113687,2018,"Charles J. ""Chuck"" Fleischmann",1,,,TAPE,,,,,,B_tape_tourne
9114121,2018,"Charles J. ""Chuck"" Fleischmann",2,,,TAPE,,,,,,B_tape_tourne
9113894,2018,"Charles J. ""Chuck"" Fleischmann",1,,,TAPE,,,,,,B_tape_tourne
9114248,2018,"Charles J. ""Chuck"" Fleischmann",3,,,TAPE,,,,,,B_tape_tourne
9114190,2018,"Charles J. ""Chuck"" Fleischmann",4,,,TAPE,,,,,,B_tape_tourne
9112479,2018,Rodney P. Frelinghuysen,1,,,TAPE,,,,,,B_tape_tourne
9112542,2018,Rodney P. Frelinghuysen,1,,,TAPE,,,,,,B_tape_tourne
9112309,2018,Rodney P. Frelinghuysen,1,,,TAPE,,,,,,B_tape_tourne
9112608,2018,Rodney P. Frelinghuysen,1,,,TAPE,,,,,,B_tape_tourne
9112817,2018,Rodney P. Frelinghuysen,1,,,TAPE,,,,,,B_tape_tourne
9113431,2018,Rodney P. Frelinghuysen,1,,,TAPE,,,,,,B_tape_tourne
9113453,2018,Rodney P. Frelinghuysen,1,,,TAPE,,,,,,B_tape_tourne
9113403,2018,Rodney P. Frelinghuysen,1,,,TAPE,,,,,,B_tape_tourne
9113567,2018,Rodney P. Frelinghuysen,1,,,TAPE,,,,,,B_tape_tourne
9113513,2018,Rodney P. Frelinghuysen,1,,,TAPE,,,,,,B_tape_tourne
9113736,2018,Rodney P. Frelinghuysen,1,,,TAPE,,,,,,B_tape_tourne
9113708,2018,Rodney P. Frelinghuysen,1,,,TAPE,,,,,,B_tape_tourne
9112457,2018,Josh Gottheimer,2,,,TAPE,,,,,,B_tape_tourne
9114234,2018,Rodney P. Frelinghuysen,1,,,TAPE,,,,,,B_tape_tourne
9112308,2018,Josh Gottheimer,2,,,TAPE,,,,,,B_tape_tourne
9114008,2018,Rodney P. Frelinghuysen,1,,,TAPE,,,,,,B_tape_tourne
9112650,2018,Josh Gottheimer,2,,,TAPE,,,,,,B_tape_tourne
9114247,2018,Rodney P. Frelinghuysen,1,,,TAPE,,,,,,B_tape_tourne
9112651,2018,Josh Gottheimer,1,,,MANUSCRIT,,,,,,C_manuscrit
9113462,2018,Josh Gottheimer,1,,,TAPE,,,,,,B_tape_tourne
9113463,2018,Josh Gottheimer,2,,,TAPE,,,,,,B_tape_tourne
9112681,2018,Brian Higgins,1,,,TAPE,,,,,,B_tape_tourne
9114012,2018,Denny Heck,2,,,TAPE,,,,,,B_tape_tourne
9113606,2018,George Holding,2,,,MANUSCRIT,,,,,,C_manuscrit
9114011,2018,Denny Heck,2,,,TAPE,,,,,,B_tape_tourne
9112562,2018,Mike Kelly,3,,,MANUSCRIT,,,,,,C_manuscrit
9112397,2018,Mike Kelly,2,,,TAPE,,,,,,B_tape_tourne
9112675,2018,Mike Kelly,2,,,MANUSCRIT,,,,,,C_manuscrit
9112884,2018,Mike Kelly,3,,,MANUSCRIT,,,,,,C_manuscrit
9113402,2018,Mike Kelly,4,,,MANUSCRIT,,,,,,C_manuscrit
9113679,2018,Mike Kelly,4,,,MANUSCRIT,,,,,,C_manuscrit
9113780,2018,Mike Kelly,3,,,MANUSCRIT,,,,,,C_manuscrit
9113535,2018,Mike Kelly,3,,,MANUSCRIT,,,,,,C_manuscrit
9114120,2018,Mike Kelly,2,,,MANUSCRIT,,,,,,C_manuscrit
9112454,2018,Trey Hollingsworth,1,,,TAPE,,,,,,B_tape_tourne
9114176,2018,Mike Kelly,4,,,MANUSCRIT,,,,,,C_manuscrit
9114246,2018,Mike Kelly,3,,,MANUSCRIT,,,,,,C_manuscrit
9113890,2018,Joseph P. Kennedy,2,,,TAPE,,,,,,B_tape_tourne
9112245,2018,Joseph P. Kennedy,2,,,TAPE,,,,,,B_tape_tourne
9113534,2018,Joseph P. Kennedy,2,,,TAPE,,,,,,B_tape_tourne
9112444,2018,Rohit Khanna,5,,,TAPE,,,,,,B_tape_tourne
9112649,2018,Rohit Khanna,6,,,TAPE,,,,,,B_tape_tourne
9112538,2018,Rohit Khanna,9,,,TAPE,,,,,,B_tape_tourne
9112814,2018,Rohit Khanna,10,,,TAPE,,,,,,B_tape_tourne
9113299,2018,Rohit Khanna,11,,,TAPE,,,,,,B_tape_tourne
9113779,2018,Rohit Khanna,7,,,TAPE,,,,,,B_tape_tourne
9113509,2018,Rohit Khanna,6,,,TAPE,,,,,,B_tape_tourne
9113657,2018,Rohit Khanna,10,,,TAPE,,,,,,B_tape_tourne
9114153,2018,Rohit Khanna,14,,,TAPE,,,,,,B_tape_tourne
9114060,2018,Rohit Khanna,7,,,TAPE,,,,,,B_tape_tourne
9114222,2018,Rohit Khanna,11,,,TAPE,,,,,,B_tape_tourne
9113300,2018,David Kustoff,2,,,MANUSCRIT,,,,,,C_manuscrit
9112478,2018,David Kustoff,2,,,MANUSCRIT,,,,,,C_manuscrit
9112337,2018,Doug Lamborn,1,,,MANUSCRIT,,,,,,C_manuscrit
9112396,2018,Doug Lamborn,1,,,MANUSCRIT,,,,,,C_manuscrit
9112831,2018,Doug Lamborn,2,,,MANUSCRIT,,,,,,C_manuscrit
9114209,2018,David Kustoff,1,,,MANUSCRIT,,,,,,C_manuscrit
9112658,2018,Doug Lamborn,2,,,MANUSCRIT,,,,,,C_manuscrit
9113533,2018,Doug Lamborn,2,,,MANUSCRIT,,,,,,C_manuscrit
9113440,2018,Doug Lamborn,2,,,MANUSCRIT,,,,,,C_manuscrit
9114017,2018,Doug Lamborn,2,,,MANUSCRIT,,,,,,C_manuscrit
9113746,2018,Doug Lamborn,2,,,MANUSCRIT,,,,,,C_manuscrit
9112338,2018,John B. Larson,1,,,TAPE,,,,,,B_tape_tourne
9112456,2018,John B. Larson,1,,,TAPE,,,,,,B_tape_tourne
9112583,2018,John B. Larson,1,,,TAPE,,,,,,B_tape_tourne
9112527,2018,John B. Larson,1,,,TAPE,,,,,,B_tape_tourne
9112811,2018,John B. Larson,1,,,TAPE,,,,,,B_tape_tourne
9112561,2018,John B. Larson,1,,,TAPE,,,,,,B_tape_tourne
9114018,2018,Doug Lamborn,2,,,MANUSCRIT,,,,,,C_manuscrit
9112882,2018,John B. Larson,1,,,TAPE,,,,,,B_tape_tourne
9113532,2018,Doug Lamborn,2,,,MANUSCRIT,,,,,,C_manuscrit
9112883,2018,John B. Larson,1,,,TAPE,,,,,,B_tape_tourne
9113808,2018,John B. Larson,1,,,TAPE,,,,,,B_tape_tourne
9113697,2018,John B. Larson,4,,,TAPE,,,,,,B_tape_tourne
9113120,2018,John B. Larson,1,,,TAPE,,,,,,B_tape_tourne
9113566,2018,John B. Larson,1,,,TAPE,,,,,,B_tape_tourne
9114144,2018,John B. Larson,1,,,TAPE,,,,,,B_tape_tourne
9113734,2018,John B. Larson,1,,,TAPE,,,,,,B_tape_tourne
9114108,2018,John B. Larson,2,,,TAPE,,,,,,B_tape_tourne
9114175,2018,John B. Larson,1,,,TAPE,,,,,,B_tape_tourne
9114245,2018,John B. Larson,1,,,TAPE,,,,,,B_tape_tourne
9112560,2018,Kenny Marchant,2,,,MANUSCRIT,,,,,,C_manuscrit
9112443,2018,Billy Long,1,,,TAPE,,,,,,B_tape_tourne
9112455,2018,Kenny Marchant,2,,,MANUSCRIT,,,,,,C_manuscrit
9113807,2018,Billy Long,1,,,TAPE,,,,,,B_tape_tourne
9112834,2018,Kenny Marchant,1,,,MANUSCRIT,,,,,,C_manuscrit
9112876,2018,Billy Long,1,,,TAPE,,,,,,B_tape_tourne
9112674,2018,Kenny Marchant,1,,,MANUSCRIT,,,,,,C_manuscrit
9113508,2018,Kenny Marchant,2,,,MANUSCRIT,,,,,,C_manuscrit
9113301,2018,Kenny Marchant,2,,,MANUSCRIT,,,,,,C_manuscrit
9113747,2018,Kenny Marchant,1,,,MANUSCRIT,,,,,,C_manuscrit
9112336,2018,Thomas Massie,1,,,MANUSCRIT,,,,,,C_manuscrit
9114187,2018,Kenny Marchant,2,,,MANUSCRIT,,,,,,C_manuscrit
9112493,2018,Michael T. McCaul,10,,,TAPE,,,,,,B_tape_tourne
9112880,2018,Michael T. McCaul,7,,,TAPE,,,,,,B_tape_tourne
9114042,2018,Kenny Marchant,2,,,MANUSCRIT,,,,,,C_manuscrit
9112582,2018,Michael T. McCaul,8,,,TAPE,,,,,,B_tape_tourne
9113406,2018,Michael T. McCaul,10,,,TAPE,,,,,,B_tape_tourne
9113580,2018,Michael T. McCaul,12,,,TAPE,,,,,,B_tape_tourne
9113676,2018,Michael T. McCaul,10,,,TAPE,,,,,,B_tape_tourne
9113772,2018,Michael T. McCaul,9,,,TAPE,,,,,,B_tape_tourne
9113627,2018,Kenny Marchant,2,,,MANUSCRIT,,,,,,C_manuscrit
9114130,2018,Michael T. McCaul,12,,,TAPE,,,,,,B_tape_tourne
9114252,2018,Michael T. McCaul,8,,,TAPE,,,,,,B_tape_tourne
9112450,2018,Jared Polis,3,,,MANUSCRIT,,,,,,C_manuscrit
9114173,2018,Michael T. McCaul,11,,,TAPE,,,,,,B_tape_tourne
9112535,2018,Jared Polis,2,,,MANUSCRIT,,,,,,C_manuscrit
9113450,2018,Jared Polis,1,,,MANUSCRIT,,,,,,C_manuscrit
9113698,2018,Jared Polis,3,,,MANUSCRIT,,,,,,C_manuscrit
9112672,2018,Jared Polis,1,,,MANUSCRIT,,,,,,C_manuscrit
9113893,2018,Jared Polis,2,,,MANUSCRIT,,,,,,C_manuscrit
9113516,2018,Jared Polis,3,,,MANUSCRIT,,,,,,C_manuscrit
9114171,2018,Jared Polis,2,,,MANUSCRIT,,,,,,C_manuscrit
9114094,2018,Jared Polis,1,,,MANUSCRIT,,,,,,C_manuscrit
9114244,2018,Jared Polis,2,,,MANUSCRIT,,,,,,C_manuscrit
9112306,2018,James B. Renacci,3,,,TAPE,,,,,,B_tape_tourne
9112393,2018,James B. Renacci,4,,,TAPE,,,,,,B_tape_tourne
9112449,2018,James B. Renacci,4,,,TAPE,,,,,,B_tape_tourne
9112524,2018,James B. Renacci,3,,,TAPE,,,,,,B_tape_tourne
9112559,2018,James B. Renacci,2,,,TAPE,,,,,,B_tape_tourne
9112601,2018,James B. Renacci,4,,,TAPE,,,,,,B_tape_tourne
9112682,2018,James B. Renacci,3,,,TAPE,,,,,,B_tape_tourne
9112832,2018,James B. Renacci,2,,,TAPE,,,,,,B_tape_tourne
9112812,2018,James B. Renacci,2,,,TAPE,,,,,,B_tape_tourne
9113303,2018,James B. Renacci,2,,,TAPE,,,,,,B_tape_tourne
9113052,2018,James B. Renacci,6,,,TAPE,,,,,,B_tape_tourne
9113426,2018,James B. Renacci,4,,,TAPE,,,,,,B_tape_tourne
9113491,2018,James B. Renacci,6,,,TAPE,,,,,,B_tape_tourne
9113530,2018,James B. Renacci,1,,,TAPE,,,,,,B_tape_tourne
9112673,2018,Michael T. McCaul,13,,,TAPE,,,,,,B_tape_tourne
9113656,2018,James B. Renacci,2,,,TAPE,,,,,,B_tape_tourne
9113703,2018,James B. Renacci,2,,,TAPE,,,,,,B_tape_tourne
9113959,2018,James B. Renacci,2,,,TAPE,,,,,,B_tape_tourne
9114059,2018,James B. Renacci,3,,,TAPE,,,,,,B_tape_tourne
9113751,2018,James B. Renacci,5,,,TAPE,,,,,,B_tape_tourne
9114119,2018,James B. Renacci,3,,,TAPE,,,,,,B_tape_tourne
9114168,2018,James B. Renacci,4,,,TAPE,,,,,,B_tape_tourne
9114225,2018,James B. Renacci,2,,,TAPE,,,,,,B_tape_tourne
9114186,2018,James B. Renacci,5,,,TAPE,,,,,,B_tape_tourne
9112441,2018,David P. Roe,7,,,TAPE,,,,,,B_tape_tourne
9113401,2018,David P. Roe,8,,,TAPE,,,,,,B_tape_tourne
9112532,2018,David P. Roe,7,,,TAPE,,,,,,B_tape_tourne
9112657,2018,David P. Roe,4,,,TAPE,,,,,,B_tape_tourne
9113518,2018,David P. Roe,6,,,TAPE,,,,,,B_tape_tourne
9113626,2018,David P. Roe,7,,,TAPE,,,,,,B_tape_tourne
9114221,2018,David P. Roe,12,,,TAPE,,,,,,B_tape_tourne
9114071,2018,David P. Roe,6,,,TAPE,,,,,,B_tape_tourne
9112830,2018,David P. Roe,20,,,TAPE,,,,,,B_tape_tourne
9112392,2018,Harold Dallas Rogers,1,,,TAPE,,,,,,B_tape_tourne
9114166,2018,David P. Roe,27,,,TAPE,,,,,,B_tape_tourne
9112491,2018,Harold Dallas Rogers,1,,,TAPE,,,,,,B_tape_tourne
9112635,2018,Harold Dallas Rogers,2,,,TAPE,,,,,,B_tape_tourne
9113866,2018,David P. Roe,3,,,TAPE,,,,,,B_tape_tourne
9112726,2018,Harold Dallas Rogers,1,,,TAPE,,,,,,B_tape_tourne
9113596,2018,Harold Dallas Rogers,1,,,TAPE,,,,,,B_tape_tourne
9113475,2018,Harold Dallas Rogers,1,,,TAPE,,,,,,B_tape_tourne
9113749,2018,Harold Dallas Rogers,1,,,TAPE,,,,,,B_tape_tourne
9114039,2018,Harold Dallas Rogers,1,,,TAPE,,,,,,B_tape_tourne
9114129,2018,Harold Dallas Rogers,1,,,TAPE,,,,,,B_tape_tourne
9114207,2018,Harold Dallas Rogers,1,,,TAPE,,,,,,B_tape_tourne
9112440,2018,Francis Rooney,11,,,TAPE,,,,,,B_tape_tourne
9113439,2018,Francis Rooney,2,,,TAPE,,,,,,B_tape_tourne
9113275,2018,Harold Dallas Rogers,1,,,TAPE,,,,,,B_tape_tourne
9112558,2018,Francis Rooney,3,,,TAPE,,,,,,B_tape_tourne
9112875,2018,Francis Rooney,2,,,TAPE,,,,,,B_tape_tourne
9113515,2018,Francis Rooney,2,,,TAPE,,,,,,B_tape_tourne
9114224,2018,Francis Rooney,2,,,TAPE,,,,,,B_tape_tourne
9114058,2018,Francis Rooney,2,,,TAPE,,,,,,B_tape_tourne
9114170,2018,Francis Rooney,2,,,TAPE,,,,,,B_tape_tourne
9112652,2018,Francis Rooney,2,,,TAPE,,,,,,B_tape_tourne
9113769,2018,Francis Rooney,2,,,TAPE,,,,,,B_tape_tourne
9112305,2018,Adam B. Schiff,1,,,TAPE,,,,,,B_tape_tourne
9112523,2018,Adam B. Schiff,1,,,TAPE,,,,,,B_tape_tourne
9113750,2018,Adam B. Schiff,1,,,TAPE,,,,,,B_tape_tourne
9112391,2018,Kurt Schrader,3,,,MANUSCRIT,,,,,,C_manuscrit
9112522,2018,Kurt Schrader,2,,,MANUSCRIT,,,,,,C_manuscrit
9112810,2018,Kurt Schrader,3,,,MANUSCRIT,,,,,,C_manuscrit
9113304,2018,Kurt Schrader,2,,,MANUSCRIT,,,,,,C_manuscrit
9113506,2018,Kurt Schrader,2,,,MANUSCRIT,,,,,,C_manuscrit
9113724,2018,Kurt Schrader,2,,,MANUSCRIT,,,,,,C_manuscrit
9113742,2018,Kurt Schrader,2,,,MANUSCRIT,,,,,,C_manuscrit
9112634,2018,Kurt Schrader,2,,,MANUSCRIT,,,,,,C_manuscrit
9114167,2018,Kurt Schrader,2,,,MANUSCRIT,,,,,,C_manuscrit
9114104,2018,Kurt Schrader,3,,,MANUSCRIT,,,,,,C_manuscrit
9112600,2018,David Cheston Rouzer,2,,,TAPE,,,,,,B_tape_tourne
9113710,2018,Francis Rooney,2,,,TAPE,,,,,,B_tape_tourne
9114220,2018,Steve Stivers,2,,,MANUSCRIT,,,,,,C_manuscrit
9112521,2018,Fred Upton,1,,,MANUSCRIT,,,,,,C_manuscrit
9113438,2018,F. James Sensenbrenner,1,,,MANUSCRIT,,,,,,C_manuscrit
9112725,2018,Fred Upton,1,,,MANUSCRIT,,,,,,C_manuscrit
9113529,2018,Fred Upton,2,,,MANUSCRIT,,,,,,C_manuscrit
9113579,2018,Fred Upton,13,,,MANUSCRIT,,,,,,C_manuscrit
9112298,2018,Fred Upton,2,,,MANUSCRIT,,,,,,C_manuscrit
9113305,2018,Fred Upton,1,,,MANUSCRIT,,,,,,C_manuscrit
9113709,2018,Fred Upton,1,,,MANUSCRIT,,,,,,C_manuscrit
9114206,2018,Fred Upton,4,,,MANUSCRIT,,,,,,C_manuscrit
9112244,2018,Ann Wagner,1,,,TAPE,,,,,,B_tape_tourne
9112390,2018,Ann Wagner,1,,,TAPE,,,,,,B_tape_tourne
9114109,2018,Fred Upton,5,,,MANUSCRIT,,,,,,C_manuscrit
9113399,2018,Ann Wagner,1,,,TAPE,,,,,,B_tape_tourne
9113528,2018,Ann Wagner,1,,,TAPE,,,,,,B_tape_tourne
9113400,2018,Austin Scott,1,,,MANUSCRIT,,,,,,C_manuscrit
9112389,2018,Peter Welch,1,,,TAPE,,,,,,B_tape_tourne
9113675,2018,Ann Wagner,1,,,TAPE,,,,,,B_tape_tourne
9114223,2018,Kurt Schrader,3,,,MANUSCRIT,,,,,,C_manuscrit
9112534,2018,Peter Welch,1,,,TAPE,,,,,,B_tape_tourne
9114103,2018,Ann Wagner,1,,,TAPE,,,,,,B_tape_tourne
9112599,2018,Peter Welch,1,,,TAPE,,,,,,B_tape_tourne
9112448,2018,Ted S. Yoho,1,,,MANUSCRIT,,,,,,C_manuscrit
9115214,2019,Ralph Lee Abraham,1,,,MANUSCRIT,,,,,,C_manuscrit
9114564,2019,Tom Cole,1,,,MANUSCRIT,,,,,,C_manuscrit
9114448,2019,Earl Blumenauer,1,,,TAPE,,,,,,B_tape_tourne
9114410,2019,Joyce Beatty,2,,,TAPE,,,,,,B_tape_tourne
9115041,2019,Joyce Beatty,1,,,MANUSCRIT,,,,,,C_manuscrit
9114799,2019,Tom Cole,2,,,MANUSCRIT,,,,,,C_manuscrit
9115439,2019,Angela Dawn Craig,2,,,TAPE,,,,,,B_tape_tourne
9115136,2019,Angela Dawn Craig,6,,,TAPE,,,,,,B_tape_tourne
9115049,2019,"Charles J. ""Chuck"" Fleischmann",1,,,TAPE,,,,,,B_tape_tourne
9114801,2019,"Charles J. ""Chuck"" Fleischmann",4,,,TAPE,,,,,,B_tape_tourne
9115195,2019,"Charles J. ""Chuck"" Fleischmann",2,,,TAPE,,,,,,B_tape_tourne
9114472,2019,"Charles J. ""Chuck"" Fleischmann",3,,,TAPE,,,,,,B_tape_tourne
9115489,2019,"Charles J. ""Chuck"" Fleischmann",2,,,TAPE,,,,,,B_tape_tourne
8216800,2019,"Charles J. ""Chuck"" Fleischmann",2,,,TAPE,,,,,,B_tape_tourne
9115481,2019,Gus M. Bilirakis,1,,,MANUSCRIT,,,,,,C_manuscrit
9115277,2019,"Charles J. ""Chuck"" Fleischmann",2,,,TAPE,,,,,,B_tape_tourne
8216748,2019,"Charles J. ""Chuck"" Fleischmann",2,,,TAPE,,,,,,B_tape_tourne
9115167,2019,Michael Patrick Guest,2,,,TAPE,,,,,,B_tape_tourne
9114374,2019,George Holding,1,,,MANUSCRIT,,,,,,C_manuscrit
8216636,2019,Michael Patrick Guest,1,,,TAPE,,,,,,B_tape_tourne
9114798,2019,George Holding,1,,,MANUSCRIT,,,,,,C_manuscrit
9115521,2019,George Holding,2,,,MANUSCRIT,,,,,,C_manuscrit
9114435,2019,Mike Kelly,4,,,MANUSCRIT,,,,,,C_manuscrit
9114471,2019,Mike Kelly,4,,,MANUSCRIT,,,,,,C_manuscrit
8216838,2019,George Holding,2,,,MANUSCRIT,,,,,,C_manuscrit
9114648,2019,Mike Kelly,3,,,MANUSCRIT,,,,,,C_manuscrit
9114566,2019,Mike Kelly,3,,,MANUSCRIT,,,,,,C_manuscrit
9115042,2019,Mike Kelly,2,,,MANUSCRIT,,,,,,C_manuscrit
9115181,2019,Mike Kelly,12,,,MANUSCRIT,,,,,,C_manuscrit
9114360,2019,Joseph P. Kennedy,2,,,TAPE,,,,,,B_tape_tourne
9114373,2019,Joseph P. Kennedy,2,,,TAPE,,,,,,B_tape_tourne
9114456,2019,Joseph P. Kennedy,2,,,TAPE,,,,,,B_tape_tourne
9114525,2019,Joseph P. Kennedy,2,,,TAPE,,,,,,B_tape_tourne
9115038,2019,Joseph P. Kennedy,2,,,TAPE,,,,,,B_tape_tourne
9114372,2019,Rohit Khanna,12,,,TAPE,,,,,,B_tape_tourne
9114457,2019,Rohit Khanna,6,,,TAPE,,,,,,B_tape_tourne
9114526,2019,Rohit Khanna,9,,,TAPE,,,,,,B_tape_tourne
9114396,2019,Rohit Khanna,2,,,TAPE,,,,,,B_tape_tourne
9115196,2019,Joseph P. Kennedy,2,,,TAPE,,,,,,B_tape_tourne
9114649,2019,Rohit Khanna,10,,,TAPE,,,,,,B_tape_tourne
9115123,2019,Rohit Khanna,11,,,TAPE,,,,,,B_tape_tourne
9115039,2019,Rohit Khanna,8,,,TAPE,,,,,,B_tape_tourne
9115384,2019,Rohit Khanna,10,,,TAPE,,,,,,B_tape_tourne
9115484,2019,Rohit Khanna,8,,,TAPE,,,,,,B_tape_tourne
8216805,2019,Rohit Khanna,5,,,TAPE,,,,,,B_tape_tourne
9114536,2019,David Kustoff,2,,,MANUSCRIT,,,,,,C_manuscrit
8216662,2019,Rohit Khanna,8,,,TAPE,,,,,,B_tape_tourne
9115234,2019,Rohit Khanna,7,,,TAPE,,,,,,B_tape_tourne
8216804,2019,David Kustoff,2,,,MANUSCRIT,,,,,,C_manuscrit
9114413,2019,Doug Lamborn,3,,,MANUSCRIT,,,,,,C_manuscrit
9114539,2019,David Kustoff,2,,,MANUSCRIT,,,,,,C_manuscrit
9114505,2019,Doug Lamborn,2,,,MANUSCRIT,,,,,,C_manuscrit
9114469,2019,Doug Lamborn,1,,,MANUSCRIT,,,,,,C_manuscrit
9114304,2019,Doug Lamborn,2,,,MANUSCRIT,,,,,,C_manuscrit
9115278,2019,Doug Lamborn,2,,,MANUSCRIT,,,,,,C_manuscrit
9114645,2019,Doug Lamborn,2,,,MANUSCRIT,,,,,,C_manuscrit
8216803,2019,Mike Kelly,1,,,MANUSCRIT,,,,,,C_manuscrit
9114443,2019,John B. Larson,1,,,TAPE,,,,,,B_tape_tourne
8216681,2019,Doug Lamborn,3,,,MANUSCRIT,,,,,,C_manuscrit
9114359,2019,John B. Larson,1,,,TAPE,,,,,,B_tape_tourne
9115182,2019,John B. Larson,1,,,MANUSCRIT,,,,,,C_manuscrit
9114549,2019,John B. Larson,1,,,MANUSCRIT,,,,,,C_manuscrit
9115407,2019,John B. Larson,1,,,MANUSCRIT,,,,,,C_manuscrit
9115324,2019,John B. Larson,1,,,MANUSCRIT,,,,,,C_manuscrit
9115441,2019,John B. Larson,4,,,MANUSCRIT,,,,,,C_manuscrit
8216717,2019,John B. Larson,1,,,MANUSCRIT,,,,,,C_manuscrit
9114358,2019,Billy Long,1,,,TAPE,,,,,,B_tape_tourne
9114535,2019,Kenny Marchant,2,,,MANUSCRIT,,,,,,C_manuscrit
8216749,2019,John B. Larson,1,,,MANUSCRIT,,,,,,C_manuscrit
9115152,2019,Billy Long,1,,,MANUSCRIT,,,,,,C_manuscrit
9114292,2019,Billy Long,1,,,TAPE,,,,,,B_tape_tourne
9115391,2019,Kenny Marchant,2,,,MANUSCRIT,,,,,,C_manuscrit
9115168,2019,Kenny Marchant,2,,,MANUSCRIT,,,,,,C_manuscrit
9114458,2019,Kenny Marchant,2,,,MANUSCRIT,,,,,,C_manuscrit
8216718,2019,Kenny Marchant,2,,,MANUSCRIT,,,,,,C_manuscrit
9114418,2019,Michael T. McCaul,10,,,TAPE,,,,,,B_tape_tourne
9114492,2019,Michael T. McCaul,8,,,TAPE,,,,,,B_tape_tourne
9114757,2019,Michael T. McCaul,8,,,TAPE,,,,,,B_tape_tourne
9115083,2019,Michael T. McCaul,9,,,TAPE,,,,,,B_tape_tourne
9115315,2019,Michael T. McCaul,11,,,TAPE,,,,,,B_tape_tourne
9114567,2019,Michael T. McCaul,11,,,TAPE,,,,,,B_tape_tourne
9115183,2019,Michael T. McCaul,8,,,TAPE,,,,,,B_tape_tourne
9115485,2019,Michael T. McCaul,11,,,TAPE,,,,,,B_tape_tourne
8216839,2019,Michael T. McCaul,10,,,TAPE,,,,,,B_tape_tourne
9114520,2019,David P. Roe,7,,,TAPE,,,,,,B_tape_tourne
9114459,2019,David P. Roe,6,,,TAPE,,,,,,B_tape_tourne
8216661,2019,Michael T. McCaul,9,,,TAPE,,,,,,B_tape_tourne
9114617,2019,David P. Roe,7,,,TAPE,,,,,,B_tape_tourne
9115040,2019,David P. Roe,7,,,TAPE,,,,,,B_tape_tourne
9115134,2019,David P. Roe,13,,,TAPE,,,,,,B_tape_tourne
9115349,2019,David P. Roe,7,,,TAPE,,,,,,B_tape_tourne
9115486,2019,David P. Roe,19,,,TAPE,,,,,,B_tape_tourne
8216806,2019,David P. Roe,6,,,TAPE,,,,,,B_tape_tourne
8216663,2019,David P. Roe,6,,,TAPE,,,,,,B_tape_tourne
9114336,2019,Harold Dallas Rogers,1,,,TAPE,,,,,,B_tape_tourne
9115266,2019,David P. Roe,15,,,TAPE,,,,,,B_tape_tourne
9114434,2019,Harold Dallas Rogers,1,,,TAPE,,,,,,B_tape_tourne
9114598,2019,Harold Dallas Rogers,1,,,TAPE,,,,,,B_tape_tourne
9114501,2019,Harold Dallas Rogers,1,,,TAPE,,,,,,B_tape_tourne
9115198,2019,Harold Dallas Rogers,1,,,TAPE,,,,,,B_tape_tourne
9115442,2019,Harold Dallas Rogers,1,,,TAPE,,,,,,B_tape_tourne
9115335,2019,Harold Dallas Rogers,1,,,TAPE,,,,,,B_tape_tourne
9115093,2019,Harold Dallas Rogers,1,,,TAPE,,,,,,B_tape_tourne
8216783,2019,Harold Dallas Rogers,1,,,TAPE,,,,,,B_tape_tourne
9115499,2019,Harold Dallas Rogers,1,,,TAPE,,,,,,B_tape_tourne
9114303,2019,Francis Rooney,2,,,TAPE,,,,,,B_tape_tourne
9114371,2019,Francis Rooney,2,,,TAPE,,,,,,B_tape_tourne
9114999,2019,Harold Dallas Rogers,1,,,TAPE,,,,,,B_tape_tourne
9114500,2019,Francis Rooney,2,,,TAPE,,,,,,B_tape_tourne
9114416,2019,David P. Roe,20,,,TAPE,,,,,,B_tape_tourne
9114754,2019,Francis Rooney,3,,,TAPE,,,,,,B_tape_tourne
9114460,2019,Francis Rooney,2,,,TAPE,,,,,,B_tape_tourne
9115135,2019,Francis Rooney,2,,,TAPE,,,,,,B_tape_tourne
9115388,2019,Francis Rooney,2,,,TAPE,,,,,,B_tape_tourne
9115487,2019,Francis Rooney,2,,,TAPE,,,,,,B_tape_tourne
9115043,2019,Francis Rooney,2,,,TAPE,,,,,,B_tape_tourne
9114626,2019,Adam B. Schiff,1,,,TAPE,,,,,,B_tape_tourne
8216824,2019,Francis Rooney,2,,,TAPE,,,,,,B_tape_tourne
9115279,2019,Francis Rooney,1,,,TAPE,,,,,,B_tape_tourne
8216664,2019,Francis Rooney,2,,,TAPE,,,,,,B_tape_tourne
9114355,2019,Kurt Schrader,2,,,MANUSCRIT,,,,,,C_manuscrit
9114499,2019,Kurt Schrader,3,,,MANUSCRIT,,,,,,C_manuscrit
9114440,2019,Kurt Schrader,3,,,MANUSCRIT,,,,,,C_manuscrit
9115060,2019,Kurt Schrader,2,,,MANUSCRIT,,,,,,C_manuscrit
9115240,2019,Kurt Schrader,7,,,MANUSCRIT,,,,,,C_manuscrit
9115500,2019,Kurt Schrader,4,,,MANUSCRIT,,,,,,C_manuscrit
9114563,2019,F. James Sensenbrenner,1,,,MANUSCRIT,,,,,,C_manuscrit
8216784,2019,Kurt Schrader,4,,,MANUSCRIT,,,,,,C_manuscrit
9115392,2019,Kurt Schrader,3,,,MANUSCRIT,,,,,,C_manuscrit
9114795,2019,F. James Sensenbrenner,1,,,MANUSCRIT,,,,,,C_manuscrit
9114325,2019,Fred Upton,3,,,MANUSCRIT,,,,,,C_manuscrit
9114800,2019,Fred Upton,3,,,MANUSCRIT,,,,,,C_manuscrit
9114919,2019,Albio Sires,1,,,MANUSCRIT,,,,,,C_manuscrit
9114498,2019,Fred Upton,3,,,MANUSCRIT,,,,,,C_manuscrit
9115199,2019,Fred Upton,2,,,MANUSCRIT,,,,,,C_manuscrit
9115393,2019,Fred Upton,2,,,MANUSCRIT,,,,,,C_manuscrit
8216828,2019,Fred Upton,2,,,MANUSCRIT,,,,,,C_manuscrit
9114647,2019,Ann Wagner,1,,,TAPE,,,,,,B_tape_tourne
9115061,2019,Fred Upton,4,,,MANUSCRIT,,,,,,C_manuscrit
9114491,2019,Ann Wagner,1,,,TAPE,,,,,,B_tape_tourne
9115156,2019,Ann Wagner,1,,,TAPE,,,,,,B_tape_tourne
8216631,2019,Fred Upton,1,,,MANUSCRIT,,,,,,C_manuscrit
9115052,2019,Ann Wagner,2,,,MANUSCRIT,,,,,,C_manuscrit
9115076,2019,Fred Upton,1,,,MANUSCRIT,,,,,,C_manuscrit
9115350,2019,Ann Wagner,1,,,TAPE,,,,,,B_tape_tourne
8216665,2019,Ann Wagner,1,,,TAPE,,,,,,B_tape_tourne
8216807,2019,Ann Wagner,1,,,TAPE,,,,,,B_tape_tourne
9115501,2019,Ted S. Yoho,3,,,MANUSCRIT,,,,,,C_manuscrit
9115514,2019,Ann Wagner,1,,,TAPE,,,,,,B_tape_tourne
9115290,2019,Ann Wagner,1,,,TAPE,,,,,,B_tape_tourne
