doc_id,chamber,first_seen_at,disclosure_date,kind,declarant_name,run_id,source
20000077,house,2026-08-25,2014-01-13,ptr,Robert E. Andrews,20260825T1602Z,backfill
20000998,house,2026-08-25,2014-05-22,ptr,Lou Barletta,20260825T1602Z,backfill
20001787,house,2026-08-25,2014-10-03,ptr,Lou Barletta,20260825T1602Z,backfill
20001934,house,2026-08-25,2014-10-22,ptr,Lou Barletta,20260825T1602Z,backfill
8214211,house,2026-08-25,2014-03-05,ptr,"Garland ""Andy"" Barr",20260825T1602Z,backfill
8213944,house,2026-08-25,2014-01-31,ptr,Gus M. Bilirakis,20260825T1602Z,backfill
9105569,house,2026-08-25,2014-10-27,ptr,Gus M. Bilirakis,20260825T1602Z,backfill
9105721,house,2026-08-25,2014-12-08,ptr,Diane Black,20260825T1602Z,backfill
9105722,house,2026-08-25,2014-12-10,ptr,Diane Black,20260825T1602Z,backfill
9105778,house,2026-08-25,2014-12-22,ptr,Diane Black,20260825T1602Z,backfill
9105798,house,2026-08-25,2015-01-05,ptr,Diane Black,20260825T1602Z,backfill
8213778,house,2026-08-25,2014-01-08,ptr,Diane Black,20260825T1602Z,backfill
8213806,house,2026-08-25,2014-01-13,ptr,Diane Black,20260825T1602Z,backfill
8213900,house,2026-08-25,2014-01-22,ptr,Diane Black,20260825T1602Z,backfill
8214020,house,2026-08-25,2014-02-07,ptr,Diane Black,20260825T1602Z,backfill
8214152,house,2026-08-25,2014-02-20,ptr,Diane Black,20260825T1602Z,backfill
8214213,house,2026-08-25,2014-03-05,ptr,Diane Black,20260825T1602Z,backfill
9105101,house,2026-08-25,2014-03-12,ptr,Diane Black,20260825T1602Z,backfill
8214362,house,2026-08-25,2014-03-28,ptr,Diane Black,20260825T1602Z,backfill
8214530,house,2026-08-25,2014-04-17,ptr,Diane Black,20260825T1602Z,backfill
8215964,house,2026-08-25,2014-07-14,ptr,Diane Black,20260825T1602Z,backfill
8216477,house,2026-08-25,2014-09-04,ptr,Diane Black,20260825T1602Z,backfill
8216478,house,2026-08-25,2014-09-04,ptr,Diane Black,20260825T1602Z,backfill
8216515,house,2026-08-25,2014-09-15,ptr,Diane Black,20260825T1602Z,backfill
9105442,house,2026-08-25,2014-09-29,ptr,Diane Black,20260825T1602Z,backfill
9105543,house,2026-08-25,2014-10-22,ptr,Diane Black,20260825T1602Z,backfill
9105658,house,2026-08-25,2014-11-13,ptr,Diane Black,20260825T1602Z,backfill
8214151,house,2026-08-25,2014-02-26,ptr,Earl Blumenauer,20260825T1602Z,backfill
20000710,house,2026-08-25,2014-04-14,ptr,Earl Blumenauer,20260825T1602Z,backfill
20000800,house,2026-08-25,2014-05-06,ptr,Earl Blumenauer,20260825T1602Z,backfill
20000987,house,2026-08-25,2014-05-20,ptr,Earl Blumenauer,20260825T1602Z,backfill
20001572,house,2026-08-25,2014-08-21,ptr,Earl Blumenauer,20260825T1602Z,backfill
20002073,house,2026-08-25,2014-11-19,ptr,Earl Blumenauer,20260825T1602Z,backfill
20000284,house,2026-08-25,2014-02-07,ptr,John A. Boehner,20260825T1602Z,backfill
20000404,house,2026-08-25,2014-03-04,ptr,John A. Boehner,20260825T1602Z,backfill
20001087,house,2026-08-25,2014-06-10,ptr,John A. Boehner,20260825T1602Z,backfill
20001259,house,2026-08-25,2014-07-09,ptr,John A. Boehner,20260825T1602Z,backfill
20001575,house,2026-08-25,2014-08-28,ptr,John A. Boehner,20260825T1602Z,backfill
20001747,house,2026-08-25,2014-09-24,ptr,John A. Boehner,20260825T1602Z,backfill
20001843,house,2026-08-25,2014-10-10,ptr,John A. Boehner,20260825T1602Z,backfill
20002095,house,2026-08-25,2014-11-21,ptr,John A. Boehner,20260825T1602Z,backfill
20000606,house,2026-08-25,2014-07-09,ptr,Mo Brooks,20260825T1602Z,backfill
20001609,house,2026-08-25,2014-09-02,ptr,Mo Brooks,20260825T1602Z,backfill
20001769,house,2026-08-25,2014-09-26,ptr,Mo Brooks,20260825T1602Z,backfill
20001977,house,2026-08-25,2014-10-30,ptr,Mo Brooks,20260825T1602Z,backfill
20002031,house,2026-08-25,2014-11-11,ptr,Mo Brooks,20260825T1602Z,backfill
20000780,house,2026-08-25,2014-04-28,ptr,Susan W. Brooks,20260825T1602Z,backfill
20001428,house,2026-08-25,2014-08-04,ptr,Susan W. Brooks,20260825T1602Z,backfill
20002180,house,2026-08-25,2014-12-10,ptr,Vern Buchanan,20260825T1602Z,backfill
8214214,house,2026-08-25,2014-02-28,ptr,Vern Buchanan,20260825T1602Z,backfill
8214582,house,2026-08-25,2014-04-25,ptr,Vern Buchanan,20260825T1602Z,backfill
20000933,house,2026-08-25,2014-05-13,ptr,Vern Buchanan,20260825T1602Z,backfill
20001090,house,2026-08-25,2014-06-12,ptr,Vern Buchanan,20260825T1602Z,backfill
20001312,house,2026-08-25,2014-07-14,ptr,Vern Buchanan,20260825T1602Z,backfill
20001674,house,2026-08-25,2014-09-15,ptr,Vern Buchanan,20260825T1602Z,backfill
20001885,house,2026-08-25,2014-10-15,ptr,Vern Buchanan,20260825T1602Z,backfill
20002042,house,2026-08-25,2014-11-13,ptr,Vern Buchanan,20260825T1602Z,backfill
20000708,house,2026-08-25,2014-04-14,ptr,Michael C. Burgess,20260825T1602Z,backfill
20000868,house,2026-08-25,2014-08-01,ptr,Michael C. Burgess,20260825T1602Z,backfill
9106006,house,2026-08-25,2015-02-06,ptr,Dave Camp,20260825T1602Z,backfill
8214023,house,2026-08-25,2014-02-11,ptr,Dave Camp,20260825T1602Z,backfill
8214104,house,2026-08-25,2014-02-14,ptr,Dave Camp,20260825T1602Z,backfill
9105131,house,2026-08-25,2014-03-20,ptr,Dave Camp,20260825T1602Z,backfill
8214531,house,2026-08-25,2014-04-21,ptr,Dave Camp,20260825T1602Z,backfill
8215761,house,2026-08-25,2014-06-19,ptr,Dave Camp,20260825T1602Z,backfill
8216015,house,2026-08-25,2014-07-16,ptr,Dave Camp,20260825T1602Z,backfill
8216364,house,2026-08-25,2014-08-19,ptr,Dave Camp,20260825T1602Z,backfill
9105443,house,2026-08-25,2014-10-01,ptr,Dave Camp,20260825T1602Z,backfill
9105521,house,2026-08-25,2014-10-15,ptr,Dave Camp,20260825T1602Z,backfill
9105642,house,2026-08-25,2014-11-18,ptr,Dave Camp,20260825T1602Z,backfill
20000165,house,2026-08-25,2014-01-24,ptr,Eric Cantor,20260825T1602Z,backfill
20000228,house,2026-08-25,2014-02-03,ptr,Eric Cantor,20260825T1602Z,backfill
8216259,house,2026-08-25,2014-08-12,ptr,Shelley Moore Capito,20260825T1602Z,backfill
9105657,house,2026-08-25,2014-11-14,ptr,Shelley Moore Capito,20260825T1602Z,backfill
9105891,house,2026-08-25,2015-01-29,ptr,Shelley Moore Capito,20260825T1602Z,backfill
8213946,house,2026-08-25,2014-02-04,ptr,Shelley Moore Capito,20260825T1602Z,backfill
8213947,house,2026-08-25,2014-02-04,ptr,Shelley Moore Capito,20260825T1602Z,backfill
8214215,house,2026-08-25,2014-03-05,ptr,Shelley Moore Capito,20260825T1602Z,backfill
8213779,house,2026-08-25,2014-01-08,ptr,Matt Cartwright,20260825T1602Z,backfill
20002184,house,2026-08-25,2014-12-11,ptr,William M. Cassidy,20260825T1602Z,backfill
8214216,house,2026-08-25,2014-02-28,ptr,Kathy Castor,20260825T1602Z,backfill
8214217,house,2026-08-25,2014-03-04,ptr,Kathy Castor,20260825T1602Z,backfill
8214327,house,2026-08-25,2014-03-25,ptr,Kathy Castor,20260825T1602Z,backfill
20001015,house,2026-08-25,2014-05-23,ptr,Kathy Castor,20260825T1602Z,backfill
20001540,house,2026-08-25,2014-08-18,ptr,Kathy Castor,20260825T1602Z,backfill
20001777,house,2026-08-25,2014-09-29,ptr,Kathy Castor,20260825T1602Z,backfill
20002231,house,2026-08-25,2014-12-19,ptr,Katherine M. Clark,20260825T1602Z,backfill
20002247,house,2026-08-25,2014-12-19,ptr,Katherine M. Clark,20260825T1602Z,backfill
8216098,house,2026-08-25,2014-07-24,ptr,Curtis J. Clawson,20260825T1602Z,backfill
8216365,house,2026-08-25,2014-08-13,ptr,Curtis J. Clawson,20260825T1602Z,backfill
8216519,house,2026-08-25,2014-09-11,ptr,Curtis J. Clawson,20260825T1602Z,backfill
9105822,house,2026-08-25,2015-01-07,ptr,Curtis J. Clawson,20260825T1602Z,backfill
8215696,house,2026-08-25,2014-06-11,ptr,Howard Coble,20260825T1602Z,backfill
8215815,house,2026-08-25,2014-06-23,ptr,Howard Coble,20260825T1602Z,backfill
8215898,house,2026-08-25,2014-07-07,ptr,Howard Coble,20260825T1602Z,backfill
8215965,house,2026-08-25,2014-07-11,ptr,Howard Coble,20260825T1602Z,backfill
8216123,house,2026-08-25,2014-07-30,ptr,Howard Coble,20260825T1602Z,backfill
8216480,house,2026-08-25,2014-09-02,ptr,Howard Coble,20260825T1602Z,backfill
9105544,house,2026-08-25,2014-10-17,ptr,Howard Coble,20260825T1602Z,backfill
9105776,house,2026-08-25,2014-12-22,ptr,Steve Cohen,20260825T1602Z,backfill
9105804,house,2026-08-25,2015-01-06,ptr,Steve Cohen,20260825T1602Z,backfill
8213807,house,2026-08-25,2014-01-13,ptr,Steve Cohen,20260825T1602Z,backfill
9105797,house,2026-08-25,2015-01-06,ptr,Chris Collins,20260825T1602Z,backfill
8214395,house,2026-08-25,2014-04-07,ptr,Chris Collins,20260825T1602Z,backfill
8215241,house,2026-08-25,2014-05-19,ptr,Chris Collins,20260825T1602Z,backfill
9105491,house,2026-08-25,2014-10-08,ptr,Chris Collins,20260825T1602Z,backfill
9105624,house,2026-08-25,2014-11-12,ptr,Chris Collins,20260825T1602Z,backfill
20002132,house,2026-08-25,2014-12-02,ptr,K. Michael Conaway,20260825T1602Z,backfill
8213782,house,2026-08-25,2014-01-08,ptr,K. Michael Conaway,20260825T1602Z,backfill
20000317,house,2026-08-25,2014-02-12,ptr,K. Michael Conaway,20260825T1602Z,backfill
20000621,house,2026-08-25,2014-04-09,ptr,K. Michael Conaway,20260825T1602Z,backfill
20001081,house,2026-08-25,2014-06-04,ptr,K. Michael Conaway,20260825T1602Z,backfill
20001407,house,2026-08-25,2014-07-26,ptr,K. Michael Conaway,20260825T1602Z,backfill
20001539,house,2026-08-25,2014-08-18,ptr,K. Michael Conaway,20260825T1602Z,backfill
20001614,house,2026-08-25,2014-09-02,ptr,K. Michael Conaway,20260825T1602Z,backfill
20001785,house,2026-08-25,2014-10-02,ptr,K. Michael Conaway,20260825T1602Z,backfill
20001994,house,2026-08-25,2014-11-06,ptr,K. Michael Conaway,20260825T1602Z,backfill
8213809,house,2026-08-25,2014-01-14,ptr,Gerald E. Connolly,20260825T1602Z,backfill
20000790,house,2026-08-25,2014-04-29,ptr,Gerald E. Connolly,20260825T1602Z,backfill
20001352,house,2026-08-25,2014-07-18,ptr,Gerald E. Connolly,20260825T1602Z,backfill
20001925,house,2026-08-25,2014-10-20,ptr,Gerald E. Connolly,20260825T1602Z,backfill
20001402,house,2026-08-25,2014-07-24,ptr,Susan A. Davis,20260825T1602Z,backfill
9105683,house,2026-08-25,2014-11-20,ptr,John K. Delaney,20260825T1602Z,backfill
9105796,house,2026-08-25,2015-01-05,ptr,John K. Delaney,20260825T1602Z,backfill
9105823,house,2026-08-25,2015-01-08,ptr,John K. Delaney,20260825T1602Z,backfill
8213810,house,2026-08-25,2014-01-09,ptr,John K. Delaney,20260825T1602Z,backfill
8213811,house,2026-08-25,2014-01-09,ptr,John K. Delaney,20260825T1602Z,backfill
9105037,house,2026-08-25,2014-01-22,ptr,John K. Delaney,20260825T1602Z,backfill
8213917,house,2026-08-25,2014-01-29,ptr,John K. Delaney,20260825T1602Z,backfill
8214024,house,2026-08-25,2014-02-10,ptr,John K. Delaney,20260825T1602Z,backfill
9105105,house,2026-08-25,2014-03-11,ptr,John K. Delaney,20260825T1602Z,backfill
8214328,house,2026-08-25,2014-03-25,ptr,John K. Delaney,20260825T1602Z,backfill
8214461,house,2026-08-25,2014-04-09,ptr,John K. Delaney,20260825T1602Z,backfill
8214583,house,2026-08-25,2014-04-29,ptr,John K. Delaney,20260825T1602Z,backfill
8214713,house,2026-08-25,2014-05-07,ptr,John K. Delaney,20260825T1602Z,backfill
8215242,house,2026-08-25,2014-05-21,ptr,John K. Delaney,20260825T1602Z,backfill
8215707,house,2026-08-25,2014-06-10,ptr,John K. Delaney,20260825T1602Z,backfill
8216099,house,2026-08-25,2014-07-23,ptr,John K. Delaney,20260825T1602Z,backfill
8216428,house,2026-08-25,2014-08-20,ptr,John K. Delaney,20260825T1602Z,backfill
8216520,house,2026-08-25,2014-09-09,ptr,John K. Delaney,20260825T1602Z,backfill
9105522,house,2026-08-25,2014-10-16,ptr,John K. Delaney,20260825T1602Z,backfill
9105623,house,2026-08-25,2014-11-12,ptr,John K. Delaney,20260825T1602Z,backfill
20002136,house,2026-08-25,2014-12-11,ptr,Suzan K. DelBene,20260825T1602Z,backfill
8213783,house,2026-08-25,2014-01-08,ptr,Suzan K. DelBene,20260825T1602Z,backfill
8214103,house,2026-08-25,2014-02-14,ptr,Suzan K. DelBene,20260825T1602Z,backfill
9105133,house,2026-08-25,2014-03-14,ptr,Suzan K. DelBene,20260825T1602Z,backfill
8214462,house,2026-08-25,2014-04-10,ptr,Suzan K. DelBene,20260825T1602Z,backfill
8214811,house,2026-08-25,2014-05-12,ptr,Suzan K. DelBene,20260825T1602Z,backfill
20001077,house,2026-08-25,2014-06-12,ptr,Suzan K. DelBene,20260825T1602Z,backfill
20001223,house,2026-08-25,2014-07-09,ptr,Suzan K. DelBene,20260825T1602Z,backfill
20001466,house,2026-08-25,2014-08-17,ptr,Suzan K. DelBene,20260825T1602Z,backfill
20001619,house,2026-08-25,2014-09-21,ptr,Suzan K. DelBene,20260825T1602Z,backfill
20001809,house,2026-08-25,2014-10-20,ptr,Suzan K. DelBene,20260825T1602Z,backfill
20001988,house,2026-08-25,2014-11-20,ptr,Suzan K. DelBene,20260825T1602Z,backfill
20002239,house,2026-08-25,2014-12-18,ptr,John D. Dingell,20260825T1602Z,backfill
8213812,house,2026-08-25,2014-01-09,ptr,John D. Dingell,20260825T1602Z,backfill
8213883,house,2026-08-25,2014-01-16,ptr,John D. Dingell,20260825T1602Z,backfill
8213949,house,2026-08-25,2014-02-06,ptr,John D. Dingell,20260825T1602Z,backfill
8214219,house,2026-08-25,2014-03-05,ptr,John D. Dingell,20260825T1602Z,backfill
8214329,house,2026-08-25,2014-03-26,ptr,John D. Dingell,20260825T1602Z,backfill
8214463,house,2026-08-25,2014-04-10,ptr,John D. Dingell,20260825T1602Z,backfill
8215695,house,2026-08-25,2014-06-11,ptr,John D. Dingell,20260825T1602Z,backfill
8215900,house,2026-08-25,2014-07-10,ptr,John D. Dingell,20260825T1602Z,backfill
8216102,house,2026-08-25,2014-07-24,ptr,John D. Dingell,20260825T1602Z,backfill
20001781,house,2026-08-25,2014-10-01,ptr,John D. Dingell,20260825T1602Z,backfill
20002126,house,2026-08-25,2014-12-01,ptr,Lloyd Doggett,20260825T1602Z,backfill
8213784,house,2026-08-25,2014-01-06,ptr,Lloyd Doggett,20260825T1602Z,backfill
9105065,house,2026-08-25,2014-03-07,ptr,Lloyd Doggett,20260825T1602Z,backfill
20000629,house,2026-08-25,2014-04-10,ptr,Lloyd Doggett,20260825T1602Z,backfill
20001114,house,2026-08-25,2014-06-11,ptr,Lloyd Doggett,20260825T1602Z,backfill
20001612,house,2026-08-25,2014-09-02,ptr,Lloyd Doggett,20260825T1602Z,backfill
20001837,house,2026-08-25,2014-10-08,ptr,Lloyd Doggett,20260825T1602Z,backfill
20000923,house,2026-08-25,2014-07-08,ptr,Tammy Duckworth,20260825T1602Z,backfill
20001671,house,2026-08-25,2014-09-23,ptr,Tammy Duckworth,20260825T1602Z,backfill
8213813,house,2026-08-25,2014-01-09,ptr,John J. Duncan,20260825T1602Z,backfill
8214330,house,2026-08-25,2014-03-27,ptr,John J. Duncan,20260825T1602Z,backfill
8215712,house,2026-08-25,2014-06-12,ptr,John J. Duncan,20260825T1602Z,backfill
9105835,house,2026-08-25,2015-01-15,ptr,Sam Farr,20260825T1602Z,backfill
20001219,house,2026-08-25,2014-07-09,ptr,Sam Farr,20260825T1602Z,backfill
20000082,house,2026-08-25,2014-01-14,ptr,Michael G. Fitzpatrick,20260825T1602Z,backfill
20000318,house,2026-08-25,2014-02-13,ptr,Michael G. Fitzpatrick,20260825T1602Z,backfill
20000420,house,2026-08-25,2014-04-05,ptr,Michael G. Fitzpatrick,20260825T1602Z,backfill
20000599,house,2026-08-25,2014-04-08,ptr,Michael G. Fitzpatrick,20260825T1602Z,backfill
20001271,house,2026-08-25,2014-07-09,ptr,Michael G. Fitzpatrick,20260825T1602Z,backfill
20001644,house,2026-08-25,2014-09-08,ptr,Michael G. Fitzpatrick,20260825T1602Z,backfill
20001844,house,2026-08-25,2014-10-10,ptr,Michael G. Fitzpatrick,20260825T1602Z,backfill
20002034,house,2026-08-25,2014-11-11,ptr,Michael G. Fitzpatrick,20260825T1602Z,backfill
9105890,house,2026-08-25,2015-01-27,ptr,"Charles J. ""Chuck"" Fleischmann",20260825T1602Z,backfill
8216260,house,2026-08-25,2014-08-13,ptr,"Charles J. ""Chuck"" Fleischmann",20260825T1602Z,backfill
8216522,house,2026-08-25,2014-09-08,ptr,"Charles J. ""Chuck"" Fleischmann",20260825T1602Z,backfill
9105493,house,2026-08-25,2014-10-09,ptr,"Charles J. ""Chuck"" Fleischmann",20260825T1602Z,backfill
9105641,house,2026-08-25,2014-11-13,ptr,"Charles J. ""Chuck"" Fleischmann",20260825T1602Z,backfill
20002146,house,2026-08-25,2014-12-04,ptr,Bill Flores,20260825T1602Z,backfill
20000036,house,2026-08-25,2014-01-07,ptr,Bill Flores,20260825T1602Z,backfill
20000313,house,2026-08-25,2014-02-12,ptr,Bill Flores,20260825T1602Z,backfill
20000471,house,2026-08-25,2014-03-12,ptr,Bill Flores,20260825T1602Z,backfill
20000628,house,2026-08-25,2014-04-10,ptr,Bill Flores,20260825T1602Z,backfill
20000909,house,2026-08-25,2014-05-09,ptr,Bill Flores,20260825T1602Z,backfill
20000910,house,2026-08-25,2014-06-12,ptr,Bill Flores,20260825T1602Z,backfill
20001276,house,2026-08-25,2014-07-10,ptr,Bill Flores,20260825T1602Z,backfill
20001516,house,2026-08-25,2014-08-12,ptr,Bill Flores,20260825T1602Z,backfill
20001653,house,2026-08-25,2014-09-10,ptr,Bill Flores,20260825T1602Z,backfill
20001820,house,2026-08-25,2014-10-05,ptr,Bill Flores,20260825T1602Z,backfill
20002029,house,2026-08-25,2014-11-10,ptr,Bill Flores,20260825T1602Z,backfill
8213785,house,2026-08-25,2014-01-07,ptr,Virginia Foxx,20260825T1602Z,backfill
8214028,house,2026-08-25,2014-02-06,ptr,Virginia Foxx,20260825T1602Z,backfill
20000864,house,2026-08-25,2014-05-07,ptr,Virginia Foxx,20260825T1602Z,backfill
20001099,house,2026-08-25,2014-06-10,ptr,Virginia Foxx,20260825T1602Z,backfill
20001225,house,2026-08-25,2014-07-08,ptr,Virginia Foxx,20260825T1602Z,backfill
20001468,house,2026-08-25,2014-08-07,ptr,Virginia Foxx,20260825T1602Z,backfill
20001812,house,2026-08-25,2014-10-08,ptr,Virginia Foxx,20260825T1602Z,backfill
20001995,house,2026-08-25,2014-11-06,ptr,Virginia Foxx,20260825T1602Z,backfill
20002242,house,2026-08-25,2014-12-26,ptr,Lois Frankel,20260825T1602Z,backfill
8213908,house,2026-08-25,2014-01-27,ptr,Lois Frankel,20260825T1602Z,backfill
8214101,house,2026-08-25,2014-02-14,ptr,Lois Frankel,20260825T1602Z,backfill
9105135,house,2026-08-25,2014-03-18,ptr,Lois Frankel,20260825T1602Z,backfill
8214535,house,2026-08-25,2014-04-18,ptr,Lois Frankel,20260825T1602Z,backfill
20000927,house,2026-08-25,2014-05-15,ptr,Lois Frankel,20260825T1602Z,backfill
20000991,house,2026-08-25,2014-05-21,ptr,Lois Frankel,20260825T1602Z,backfill
20001158,house,2026-08-25,2014-06-18,ptr,Lois Frankel,20260825T1602Z,backfill
20001350,house,2026-08-25,2014-07-18,ptr,Lois Frankel,20260825T1602Z,backfill
20001544,house,2026-08-25,2014-08-25,ptr,Lois Frankel,20260825T1602Z,backfill
20001689,house,2026-08-25,2014-09-23,ptr,Lois Frankel,20260825T1602Z,backfill
20001930,house,2026-08-25,2014-10-21,ptr,Lois Frankel,20260825T1602Z,backfill
20002106,house,2026-08-25,2014-11-24,ptr,Lois Frankel,20260825T1602Z,backfill
9105687,house,2026-08-25,2014-12-02,ptr,Rodney P. Frelinghuysen,20260825T1602Z,backfill
8213786,house,2026-08-25,2014-01-08,ptr,Rodney P. Frelinghuysen,20260825T1602Z,backfill
8214087,house,2026-08-25,2014-02-12,ptr,Rodney P. Frelinghuysen,20260825T1602Z,backfill
8214536,house,2026-08-25,2014-04-17,ptr,Rodney P. Frelinghuysen,20260825T1602Z,backfill
8214715,house,2026-08-25,2014-05-05,ptr,Rodney P. Frelinghuysen,20260825T1602Z,backfill
8215902,house,2026-08-25,2014-07-08,ptr,Rodney P. Frelinghuysen,20260825T1602Z,backfill
8215966,house,2026-08-25,2014-07-15,ptr,Rodney P. Frelinghuysen,20260825T1602Z,backfill
8216178,house,2026-08-25,2014-08-05,ptr,Rodney P. Frelinghuysen,20260825T1602Z,backfill
8216367,house,2026-08-25,2014-08-19,ptr,Rodney P. Frelinghuysen,20260825T1602Z,backfill
8216368,house,2026-08-25,2014-08-19,ptr,Rodney P. Frelinghuysen,20260825T1602Z,backfill
8216481,house,2026-08-25,2014-09-03,ptr,Rodney P. Frelinghuysen,20260825T1602Z,backfill
8216525,house,2026-08-25,2014-09-16,ptr,Rodney P. Frelinghuysen,20260825T1602Z,backfill
9105524,house,2026-08-25,2014-10-10,ptr,Rodney P. Frelinghuysen,20260825T1602Z,backfill
8213952,house,2026-08-25,2014-01-28,ptr,John Garamendi,20260825T1602Z,backfill
9105618,house,2026-08-25,2014-11-13,ptr,John Garamendi,20260825T1602Z,backfill
20002288,house,2026-08-25,2014-12-30,ptr,Bob Gibbs,20260825T1602Z,backfill
20000022,house,2026-08-25,2014-01-03,ptr,Bob Gibbs,20260825T1602Z,backfill
20000032,house,2026-08-25,2014-01-07,ptr,Bob Gibbs,20260825T1602Z,backfill
20000034,house,2026-08-25,2014-01-07,ptr,Bob Gibbs,20260825T1602Z,backfill
20000134,house,2026-08-25,2014-01-22,ptr,Bob Gibbs,20260825T1602Z,backfill
20000753,house,2026-08-25,2014-04-22,ptr,Bob Gibbs,20260825T1602Z,backfill
20000754,house,2026-08-25,2014-05-15,ptr,Bob Gibbs,20260825T1602Z,backfill
20000967,house,2026-08-25,2014-05-15,ptr,Bob Gibbs,20260825T1602Z,backfill
20001065,house,2026-08-25,2014-06-03,ptr,Bob Gibbs,20260825T1602Z,backfill
20001237,house,2026-08-25,2014-07-03,ptr,Bob Gibbs,20260825T1602Z,backfill
20001261,house,2026-08-25,2014-07-08,ptr,Bob Gibbs,20260825T1602Z,backfill
20001928,house,2026-08-25,2014-10-21,ptr,Bob Gibbs,20260825T1602Z,backfill
20001932,house,2026-08-25,2014-10-22,ptr,Bob Gibbs,20260825T1602Z,backfill
20001965,house,2026-08-25,2014-10-28,ptr,Bob Gibbs,20260825T1602Z,backfill
20001983,house,2026-08-25,2014-11-03,ptr,Bob Gibbs,20260825T1602Z,backfill
8215445,house,2026-08-25,2014-05-23,ptr,Bob Goodlatte,20260825T1602Z,backfill
9105444,house,2026-08-25,2014-09-30,ptr,Bob Goodlatte,20260825T1602Z,backfill
9105788,house,2026-08-25,2014-12-31,ptr,Alan Grayson,20260825T1602Z,backfill
9105865,house,2026-08-25,2015-01-22,ptr,Alan Grayson,20260825T1602Z,backfill
8213814,house,2026-08-25,2014-01-10,ptr,Alan Grayson,20260825T1602Z,backfill
8214089,house,2026-08-25,2014-02-11,ptr,Alan Grayson,20260825T1602Z,backfill
9105136,house,2026-08-25,2014-03-14,ptr,Alan Grayson,20260825T1602Z,backfill
8214584,house,2026-08-25,2014-04-25,ptr,Alan Grayson,20260825T1602Z,backfill
8216124,house,2026-08-25,2014-07-30,ptr,Alan Grayson,20260825T1602Z,backfill
9105401,house,2026-08-25,2014-09-19,ptr,Alan Grayson,20260825T1602Z,backfill
9105571,house,2026-08-25,2014-10-27,ptr,Alan Grayson,20260825T1602Z,backfill
20000236,house,2026-08-25,2014-02-05,ptr,Raúl M. Grijalva,20260825T1602Z,backfill
20000400,house,2026-08-25,2014-03-03,ptr,Raúl M. Grijalva,20260825T1602Z,backfill
8214717,house,2026-08-25,2014-05-08,ptr,Raúl M. Grijalva,20260825T1602Z,backfill
20001110,house,2026-08-25,2014-06-11,ptr,Raúl M. Grijalva,20260825T1602Z,backfill
20001226,house,2026-08-25,2014-07-01,ptr,Raúl M. Grijalva,20260825T1602Z,backfill
20001267,house,2026-08-25,2014-07-09,ptr,Raúl M. Grijalva,20260825T1602Z,backfill
20001268,house,2026-08-25,2014-07-09,ptr,Raúl M. Grijalva,20260825T1602Z,backfill
20001483,house,2026-08-25,2014-08-07,ptr,Raúl M. Grijalva,20260825T1602Z,backfill
20001484,house,2026-08-25,2014-08-07,ptr,Raúl M. Grijalva,20260825T1602Z,backfill
20001621,house,2026-08-25,2014-09-03,ptr,Raúl M. Grijalva,20260825T1602Z,backfill
20001827,house,2026-08-25,2014-10-06,ptr,Raúl M. Grijalva,20260825T1602Z,backfill
20002038,house,2026-08-25,2014-11-12,ptr,Raúl M. Grijalva,20260825T1602Z,backfill
9107462,house,2026-08-25,2015-08-12,ptr,Luis V. Gutierrez,20260825T1602Z,backfill
8213918,house,2026-08-25,2014-01-30,ptr,Luis V. Gutierrez,20260825T1602Z,backfill
8213919,house,2026-08-25,2014-01-31,ptr,Luis V. Gutierrez,20260825T1602Z,backfill
8213955,house,2026-08-25,2014-02-05,ptr,Luis V. Gutierrez,20260825T1602Z,backfill
8214100,house,2026-08-25,2014-02-14,ptr,Luis V. Gutierrez,20260825T1602Z,backfill
8214224,house,2026-08-25,2014-03-06,ptr,Luis V. Gutierrez,20260825T1602Z,backfill
9105138,house,2026-08-25,2014-03-18,ptr,Luis V. Gutierrez,20260825T1602Z,backfill
20000612,house,2026-08-25,2014-04-10,ptr,Luis V. Gutierrez,20260825T1602Z,backfill
20002218,house,2026-08-25,2014-12-12,ptr,Richard L. Hanna,20260825T1602Z,backfill
20000070,house,2026-08-25,2014-01-15,ptr,Richard L. Hanna,20260825T1602Z,backfill
20000320,house,2026-08-25,2014-02-14,ptr,Richard L. Hanna,20260825T1602Z,backfill
20000422,house,2026-08-25,2014-03-28,ptr,Richard L. Hanna,20260825T1602Z,backfill
20000617,house,2026-08-25,2014-04-09,ptr,Richard L. Hanna,20260825T1602Z,backfill
20000882,house,2026-08-25,2014-05-19,ptr,Richard L. Hanna,20260825T1602Z,backfill
20001107,house,2026-08-25,2014-06-11,ptr,Richard L. Hanna,20260825T1602Z,backfill
20001247,house,2026-08-25,2014-07-15,ptr,Richard L. Hanna,20260825T1602Z,backfill
20001510,house,2026-08-25,2014-08-13,ptr,Richard L. Hanna,20260825T1602Z,backfill
20001665,house,2026-08-25,2014-09-16,ptr,Richard L. Hanna,20260825T1602Z,backfill
20001882,house,2026-08-25,2014-10-15,ptr,Richard L. Hanna,20260825T1602Z,backfill
20002032,house,2026-08-25,2014-11-11,ptr,Richard L. Hanna,20260825T1602Z,backfill
8216527,house,2026-08-25,2014-09-17,ptr,Andy Harris,20260825T1602Z,backfill
8213886,house,2026-08-25,2014-01-16,ptr,Denny Heck,20260825T1602Z,backfill
8214102,house,2026-08-25,2014-02-14,ptr,Denny Heck,20260825T1602Z,backfill
9105825,house,2026-08-25,2015-01-08,ptr,James A. Himes,20260825T1602Z,backfill
20000037,house,2026-08-25,2014-01-07,ptr,Rubén Hinojosa,20260825T1602Z,backfill
20000229,house,2026-08-25,2014-02-04,ptr,Rubén Hinojosa,20260825T1602Z,backfill
20000399,house,2026-08-25,2014-03-03,ptr,Rubén Hinojosa,20260825T1602Z,backfill
20000611,house,2026-08-25,2014-04-07,ptr,Rubén Hinojosa,20260825T1602Z,backfill
20000758,house,2026-08-25,2014-04-23,ptr,Rubén Hinojosa,20260825T1602Z,backfill
20000981,house,2026-08-25,2014-06-13,ptr,Rubén Hinojosa,20260825T1602Z,backfill
20001308,house,2026-08-25,2014-07-12,ptr,Rubén Hinojosa,20260825T1602Z,backfill
9105834,house,2026-08-25,2015-01-12,ptr,George Holding,20260825T1602Z,backfill
8213957,house,2026-08-25,2014-02-05,ptr,George Holding,20260825T1602Z,backfill
8215704,house,2026-08-25,2014-06-10,ptr,George Holding,20260825T1602Z,backfill
9105525,house,2026-08-25,2014-10-16,ptr,George Holding,20260825T1602Z,backfill
8213815,house,2026-08-25,2014-01-14,ptr,Robert Hurt,20260825T1602Z,backfill
9105691,house,2026-08-25,2014-12-02,ptr,David P. Joyce,20260825T1602Z,backfill
9106005,house,2026-08-25,2015-02-11,ptr,David P. Joyce,20260825T1602Z,backfill
9105615,house,2026-08-25,2014-11-13,ptr,David P. Joyce,20260825T1602Z,backfill
8214538,house,2026-08-25,2014-04-23,ptr,William R. Keating,20260825T1602Z,backfill
9105729,house,2026-08-25,2014-12-11,ptr,Mike Kelly,20260825T1602Z,backfill
9105826,house,2026-08-25,2015-01-09,ptr,Mike Kelly,20260825T1602Z,backfill
8213817,house,2026-08-25,2014-01-15,ptr,Mike Kelly,20260825T1602Z,backfill
8213818,house,2026-08-25,2014-01-15,ptr,Mike Kelly,20260825T1602Z,backfill
8214090,house,2026-08-25,2014-02-12,ptr,Mike Kelly,20260825T1602Z,backfill
9105107,house,2026-08-25,2014-03-12,ptr,Mike Kelly,20260825T1602Z,backfill
8214467,house,2026-08-25,2014-04-10,ptr,Mike Kelly,20260825T1602Z,backfill
8214718,house,2026-08-25,2014-05-08,ptr,Mike Kelly,20260825T1602Z,backfill
8215814,house,2026-08-25,2014-06-23,ptr,Mike Kelly,20260825T1602Z,backfill
8216017,house,2026-08-25,2014-07-16,ptr,Mike Kelly,20260825T1602Z,backfill
8216380,house,2026-08-25,2014-08-19,ptr,Mike Kelly,20260825T1602Z,backfill
8216532,house,2026-08-25,2014-09-17,ptr,Mike Kelly,20260825T1602Z,backfill
9105526,house,2026-08-25,2014-10-15,ptr,Mike Kelly,20260825T1602Z,backfill
9105656,house,2026-08-25,2014-11-14,ptr,Mike Kelly,20260825T1602Z,backfill
9105756,house,2026-08-25,2014-12-12,ptr,Doug Lamborn,20260825T1602Z,backfill
9105827,house,2026-08-25,2015-01-08,ptr,Doug Lamborn,20260825T1602Z,backfill
8214098,house,2026-08-25,2014-02-14,ptr,Doug Lamborn,20260825T1602Z,backfill
8214469,house,2026-08-25,2014-04-08,ptr,Doug Lamborn,20260825T1602Z,backfill
8216125,house,2026-08-25,2014-07-30,ptr,Doug Lamborn,20260825T1602Z,backfill
8216533,house,2026-08-25,2014-09-10,ptr,Doug Lamborn,20260825T1602Z,backfill
9105447,house,2026-08-25,2014-10-01,ptr,Doug Lamborn,20260825T1602Z,backfill
9105655,house,2026-08-25,2014-11-14,ptr,Doug Lamborn,20260825T1602Z,backfill
20002214,house,2026-08-25,2014-12-12,ptr,James R. Langevin,20260825T1602Z,backfill
8213819,house,2026-08-25,2014-01-14,ptr,James R. Langevin,20260825T1602Z,backfill
20001270,house,2026-08-25,2014-07-09,ptr,James R. Langevin,20260825T1602Z,backfill
9105680,house,2026-08-25,2014-11-24,ptr,John B. Larson,20260825T1602Z,backfill
8214085,house,2026-08-25,2014-02-12,ptr,John B. Larson,20260825T1602Z,backfill
8214225,house,2026-08-25,2014-02-28,ptr,John B. Larson,20260825T1602Z,backfill
8214334,house,2026-08-25,2014-03-25,ptr,John B. Larson,20260825T1602Z,backfill
8214397,house,2026-08-25,2014-04-03,ptr,John B. Larson,20260825T1602Z,backfill
8215595,house,2026-08-25,2014-05-30,ptr,John B. Larson,20260825T1602Z,backfill
8215812,house,2026-08-25,2014-06-20,ptr,John B. Larson,20260825T1602Z,backfill
8215906,house,2026-08-25,2014-07-07,ptr,John B. Larson,20260825T1602Z,backfill
9105497,house,2026-08-25,2014-10-08,ptr,John B. Larson,20260825T1602Z,backfill
9105498,house,2026-08-25,2014-10-09,ptr,John B. Larson,20260825T1602Z,backfill
9105597,house,2026-08-25,2014-11-03,ptr,John B. Larson,20260825T1602Z,backfill
9105596,house,2026-08-25,2014-11-05,ptr,John B. Larson,20260825T1602Z,backfill
8213820,house,2026-08-25,2014-01-09,ptr,David Loebsack,20260825T1602Z,backfill
8213821,house,2026-08-25,2014-01-09,ptr,Zoe Lofgren,20260825T1602Z,backfill
9105732,house,2026-08-25,2014-12-09,ptr,Billy Long,20260825T1602Z,backfill
9105886,house,2026-08-25,2015-01-27,ptr,Billy Long,20260825T1602Z,backfill
8215698,house,2026-08-25,2014-06-11,ptr,Billy Long,20260825T1602Z,backfill
9105456,house,2026-08-25,2014-10-01,ptr,Billy Long,20260825T1602Z,backfill
9105549,house,2026-08-25,2014-10-22,ptr,Billy Long,20260825T1602Z,backfill
9105614,house,2026-08-25,2014-11-13,ptr,Billy Long,20260825T1602Z,backfill
20002133,house,2026-08-25,2014-12-01,ptr,Alan S. Lowenthal,20260825T1602Z,backfill
20002217,house,2026-08-25,2014-12-12,ptr,Alan S. Lowenthal,20260825T1602Z,backfill
20002281,house,2026-08-25,2014-12-26,ptr,Alan S. Lowenthal,20260825T1602Z,backfill
20000085,house,2026-08-25,2014-01-14,ptr,Alan S. Lowenthal,20260825T1602Z,backfill
20000168,house,2026-08-25,2014-01-26,ptr,Alan S. Lowenthal,20260825T1602Z,backfill
20000325,house,2026-08-25,2014-02-16,ptr,Alan S. Lowenthal,20260825T1602Z,backfill
20000453,house,2026-08-25,2014-03-08,ptr,Alan S. Lowenthal,20260825T1602Z,backfill
20000501,house,2026-08-25,2014-03-21,ptr,Alan S. Lowenthal,20260825T1602Z,backfill
20000598,house,2026-08-25,2014-04-15,ptr,Alan S. Lowenthal,20260825T1602Z,backfill
20000717,house,2026-08-25,2014-04-15,ptr,Alan S. Lowenthal,20260825T1602Z,backfill
20000741,house,2026-08-25,2014-04-19,ptr,Alan S. Lowenthal,20260825T1602Z,backfill
20000742,house,2026-08-25,2014-04-26,ptr,Alan S. Lowenthal,20260825T1602Z,backfill
20000922,house,2026-08-25,2014-05-12,ptr,Alan S. Lowenthal,20260825T1602Z,backfill
20000945,house,2026-08-25,2014-05-15,ptr,Alan S. Lowenthal,20260825T1602Z,backfill
20001056,house,2026-08-25,2014-05-31,ptr,Alan S. Lowenthal,20260825T1602Z,backfill
20001146,house,2026-08-25,2014-06-14,ptr,Alan S. Lowenthal,20260825T1602Z,backfill
20001217,house,2026-08-25,2014-06-27,ptr,Alan S. Lowenthal,20260825T1602Z,backfill
20001406,house,2026-08-25,2014-07-26,ptr,Alan S. Lowenthal,20260825T1602Z,backfill
20001525,house,2026-08-25,2014-08-13,ptr,Alan S. Lowenthal,20260825T1602Z,backfill
20001832,house,2026-08-25,2014-10-07,ptr,Alan S. Lowenthal,20260825T1602Z,backfill
20001919,house,2026-08-25,2014-10-19,ptr,Alan S. Lowenthal,20260825T1602Z,backfill
20001963,house,2026-08-25,2014-10-27,ptr,Alan S. Lowenthal,20260825T1602Z,backfill
20002020,house,2026-08-25,2014-11-10,ptr,Alan S. Lowenthal,20260825T1602Z,backfill
20000162,house,2026-08-25,2014-01-23,ptr,Nita M. Lowey,20260825T1602Z,backfill
20000709,house,2026-08-25,2014-04-16,ptr,Nita M. Lowey,20260825T1602Z,backfill
20001673,house,2026-08-25,2014-09-15,ptr,Nita M. Lowey,20260825T1602Z,backfill
9105731,house,2026-08-25,2014-12-08,ptr,Kenny Marchant,20260825T1602Z,backfill
9105840,house,2026-08-25,2015-01-13,ptr,Kenny Marchant,20260825T1602Z,backfill
9107514,house,2026-08-25,2015-08-19,ptr,Kenny Marchant,20260825T1602Z,backfill
9107515,house,2026-08-25,2015-08-19,ptr,Kenny Marchant,20260825T1602Z,backfill
9107516,house,2026-08-25,2015-08-19,ptr,Kenny Marchant,20260825T1602Z,backfill
9107517,house,2026-08-25,2015-08-19,ptr,Kenny Marchant,20260825T1602Z,backfill
9107518,house,2026-08-25,2015-08-19,ptr,Kenny Marchant,20260825T1602Z,backfill
9107519,house,2026-08-25,2015-08-19,ptr,Kenny Marchant,20260825T1602Z,backfill
9107520,house,2026-08-25,2015-08-19,ptr,Kenny Marchant,20260825T1602Z,backfill
9107521,house,2026-08-25,2015-08-19,ptr,Kenny Marchant,20260825T1602Z,backfill
9107522,house,2026-08-25,2015-08-19,ptr,Kenny Marchant,20260825T1602Z,backfill
9107523,house,2026-08-25,2015-08-19,ptr,Kenny Marchant,20260825T1602Z,backfill
9107524,house,2026-08-25,2015-08-19,ptr,Kenny Marchant,20260825T1602Z,backfill
8214032,house,2026-08-25,2014-02-10,ptr,Kenny Marchant,20260825T1602Z,backfill
8214228,house,2026-08-25,2014-03-05,ptr,Kenny Marchant,20260825T1602Z,backfill
8214470,house,2026-08-25,2014-04-08,ptr,Kenny Marchant,20260825T1602Z,backfill
8214720,house,2026-08-25,2014-05-06,ptr,Kenny Marchant,20260825T1602Z,backfill
8215646,house,2026-08-25,2014-06-04,ptr,Kenny Marchant,20260825T1602Z,backfill
8215907,house,2026-08-25,2014-07-03,ptr,Kenny Marchant,20260825T1602Z,backfill
8216180,house,2026-08-25,2014-08-05,ptr,Kenny Marchant,20260825T1602Z,backfill
8216575,house,2026-08-25,2014-09-05,ptr,Kenny Marchant,20260825T1602Z,backfill
9105500,house,2026-08-25,2014-10-07,ptr,Kenny Marchant,20260825T1602Z,backfill
9105605,house,2026-08-25,2014-11-06,ptr,Kenny Marchant,20260825T1602Z,backfill
8213959,house,2026-08-25,2014-02-03,ptr,Carolyn McCarthy,20260825T1602Z,backfill
8215970,house,2026-08-25,2014-07-10,ptr,Carolyn McCarthy,20260825T1602Z,backfill
9105774,house,2026-08-25,2014-12-22,ptr,Michael T. McCaul,20260825T1602Z,backfill
9105859,house,2026-08-25,2015-01-21,ptr,Michael T. McCaul,20260825T1602Z,backfill
8213892,house,2026-08-25,2014-01-16,ptr,Michael T. McCaul,20260825T1602Z,backfill
8214091,house,2026-08-25,2014-02-12,ptr,Michael T. McCaul,20260825T1602Z,backfill
9105109,house,2026-08-25,2014-03-13,ptr,Michael T. McCaul,20260825T1602Z,backfill
8214471,house,2026-08-25,2014-04-10,ptr,Michael T. McCaul,20260825T1602Z,backfill
8214814,house,2026-08-25,2014-05-09,ptr,Michael T. McCaul,20260825T1602Z,backfill
8215703,house,2026-08-25,2014-06-10,ptr,Michael T. McCaul,20260825T1602Z,backfill
8215971,house,2026-08-25,2014-07-15,ptr,Michael T. McCaul,20260825T1602Z,backfill
8216381,house,2026-08-25,2014-08-19,ptr,Michael T. McCaul,20260825T1602Z,backfill
8216577,house,2026-08-25,2014-09-17,ptr,Michael T. McCaul,20260825T1602Z,backfill
9105528,house,2026-08-25,2014-10-16,ptr,Michael T. McCaul,20260825T1602Z,backfill
9105643,house,2026-08-25,2014-11-14,ptr,Michael T. McCaul,20260825T1602Z,backfill
20002188,house,2026-08-25,2014-12-11,ptr,Jim McDermott,20260825T1602Z,backfill
20000087,house,2026-08-25,2014-01-15,ptr,Jim McDermott,20260825T1602Z,backfill
20000394,house,2026-08-25,2014-02-28,ptr,Jim McDermott,20260825T1602Z,backfill
20000626,house,2026-08-25,2014-04-10,ptr,Jim McDermott,20260825T1602Z,backfill
20000858,house,2026-08-25,2014-05-06,ptr,Jim McDermott,20260825T1602Z,backfill
20001112,house,2026-08-25,2014-06-12,ptr,Jim McDermott,20260825T1602Z,backfill
20001347,house,2026-08-25,2014-07-17,ptr,Jim McDermott,20260825T1602Z,backfill
20001883,house,2026-08-25,2014-10-14,ptr,Jim McDermott,20260825T1602Z,backfill
8213744,house,2026-08-25,2014-01-02,ptr,David B. McKinley,20260825T1602Z,backfill
20001601,house,2026-08-25,2014-09-02,ptr,David B. McKinley,20260825T1602Z,backfill
8214336,house,2026-08-25,2014-03-26,ptr,Mark Meadows,20260825T1602Z,backfill
8214337,house,2026-08-25,2014-03-26,ptr,Mark Meadows,20260825T1602Z,backfill
8214338,house,2026-08-25,2014-03-26,ptr,Mark Meadows,20260825T1602Z,backfill
20000083,house,2026-08-25,2014-01-14,ptr,Grace Meng,20260825T1602Z,backfill
20000959,house,2026-08-25,2014-05-14,ptr,Grace Meng,20260825T1602Z,backfill
8214241,house,2026-08-25,2014-02-27,ptr,Gary G. Miller,20260825T1602Z,backfill
9106488,house,2026-08-25,2015-05-13,ptr,George Miller,20260825T1602Z,backfill
8214083,house,2026-08-25,2014-02-14,ptr,George Miller,20260825T1602Z,backfill
20000813,house,2026-08-25,2014-05-01,ptr,George Miller,20260825T1602Z,backfill
20000567,house,2026-08-25,2014-04-02,ptr,Mick Mulvaney,20260825T1602Z,backfill
20001345,house,2026-08-25,2014-07-17,ptr,Mick Mulvaney,20260825T1602Z,backfill
20002233,house,2026-08-25,2014-12-16,ptr,Randy Neugebauer,20260825T1602Z,backfill
20002237,house,2026-08-25,2014-12-16,ptr,Randy Neugebauer,20260825T1602Z,backfill
20002287,house,2026-08-25,2014-12-30,ptr,Randy Neugebauer,20260825T1602Z,backfill
20000757,house,2026-08-25,2014-05-14,ptr,Randy Neugebauer,20260825T1602Z,backfill
20001019,house,2026-08-25,2014-05-29,ptr,Randy Neugebauer,20260825T1602Z,backfill
20001101,house,2026-08-25,2014-06-09,ptr,Randy Neugebauer,20260825T1602Z,backfill
20001179,house,2026-08-25,2014-06-20,ptr,Randy Neugebauer,20260825T1602Z,backfill
20001537,house,2026-08-25,2014-08-20,ptr,Randy Neugebauer,20260825T1602Z,backfill
20001568,house,2026-08-25,2014-09-10,ptr,Randy Neugebauer,20260825T1602Z,backfill
20001811,house,2026-08-25,2014-10-07,ptr,Randy Neugebauer,20260825T1602Z,backfill
9105111,house,2026-08-25,2014-03-11,ptr,Eleanor Holmes Norton,20260825T1602Z,backfill
20001409,house,2026-08-25,2014-07-27,ptr,Alan Nunnelee,20260825T1602Z,backfill
20000495,house,2026-08-25,2014-03-24,ptr,Beto O'Rourke,20260825T1602Z,backfill
20001024,house,2026-08-25,2014-06-01,ptr,Beto O'Rourke,20260825T1602Z,backfill
20001503,house,2026-08-25,2014-08-19,ptr,Beto O'Rourke,20260825T1602Z,backfill
20002063,house,2026-08-25,2014-11-14,ptr,Beto O'Rourke,20260825T1602Z,backfill
9105735,house,2026-08-25,2014-12-09,ptr,William L. Owens,20260825T1602Z,backfill
8213903,house,2026-08-25,2014-01-22,ptr,William L. Owens,20260825T1602Z,backfill
20000990,house,2026-08-25,2014-05-20,ptr,William L. Owens,20260825T1602Z,backfill
20001274,house,2026-08-25,2014-07-15,ptr,William L. Owens,20260825T1602Z,backfill
20001378,house,2026-08-25,2014-07-22,ptr,William L. Owens,20260825T1602Z,backfill
20001386,house,2026-08-25,2014-07-24,ptr,William L. Owens,20260825T1602Z,backfill
20001650,house,2026-08-25,2014-09-10,ptr,William L. Owens,20260825T1602Z,backfill
20002022,house,2026-08-25,2014-11-13,ptr,William L. Owens,20260825T1602Z,backfill
9105695,house,2026-08-25,2014-12-02,ptr,Erik Paulsen,20260825T1602Z,backfill
9105736,house,2026-08-25,2014-12-11,ptr,Erik Paulsen,20260825T1602Z,backfill
8215910,house,2026-08-25,2014-07-09,ptr,Erik Paulsen,20260825T1602Z,backfill
8216105,house,2026-08-25,2014-07-29,ptr,Erik Paulsen,20260825T1602Z,backfill
8216584,house,2026-08-25,2014-09-09,ptr,Erik Paulsen,20260825T1602Z,backfill
9105451,house,2026-08-25,2014-09-30,ptr,Erik Paulsen,20260825T1602Z,backfill
9105551,house,2026-08-25,2014-10-20,ptr,Erik Paulsen,20260825T1602Z,backfill
20002236,house,2026-08-25,2014-12-17,ptr,Nancy Pelosi,20260825T1602Z,backfill
20001991,house,2026-08-25,2014-11-05,ptr,Nancy Pelosi,20260825T1602Z,backfill
20002238,house,2026-08-25,2014-12-18,ptr,Gary C. Peters,20260825T1602Z,backfill
8213895,house,2026-08-25,2014-01-16,ptr,Gary C. Peters,20260825T1602Z,backfill
8214034,house,2026-08-25,2014-02-07,ptr,Gary C. Peters,20260825T1602Z,backfill
8214372,house,2026-08-25,2014-04-01,ptr,Gary C. Peters,20260825T1602Z,backfill
20000869,house,2026-08-25,2014-05-06,ptr,Gary C. Peters,20260825T1602Z,backfill
20001017,house,2026-08-25,2014-05-23,ptr,Gary C. Peters,20260825T1602Z,backfill
20001082,house,2026-08-25,2014-06-11,ptr,Gary C. Peters,20260825T1602Z,backfill
20001244,house,2026-08-25,2014-07-09,ptr,Gary C. Peters,20260825T1602Z,backfill
20001655,house,2026-08-25,2014-09-18,ptr,Gary C. Peters,20260825T1602Z,backfill
20001899,house,2026-08-25,2014-10-22,ptr,Gary C. Peters,20260825T1602Z,backfill
20002072,house,2026-08-25,2014-11-21,ptr,Gary C. Peters,20260825T1602Z,backfill
20002212,house,2026-08-25,2014-12-18,ptr,Scott H. Peters,20260825T1602Z,backfill
9105035,house,2026-08-25,2014-01-28,ptr,Scott H. Peters,20260825T1602Z,backfill
8214150,house,2026-08-25,2014-02-26,ptr,Scott H. Peters,20260825T1602Z,backfill
9105144,house,2026-08-25,2014-03-14,ptr,Scott H. Peters,20260825T1602Z,backfill
8214613,house,2026-08-25,2014-04-29,ptr,Scott H. Peters,20260825T1602Z,backfill
8215250,house,2026-08-25,2014-05-14,ptr,Scott H. Peters,20260825T1602Z,backfill
8215710,house,2026-08-25,2014-06-12,ptr,Scott H. Peters,20260825T1602Z,backfill
8216020,house,2026-08-25,2014-07-16,ptr,Scott H. Peters,20260825T1602Z,backfill
20001511,house,2026-08-25,2014-08-12,ptr,Scott H. Peters,20260825T1602Z,backfill
20001523,house,2026-08-25,2014-08-14,ptr,Scott H. Peters,20260825T1602Z,backfill
20001643,house,2026-08-25,2014-09-14,ptr,Scott H. Peters,20260825T1602Z,backfill
9105750,house,2026-08-25,2014-12-18,ptr,Thomas E. Petri,20260825T1602Z,backfill
8213746,house,2026-08-25,2014-01-02,ptr,Thomas E. Petri,20260825T1602Z,backfill
8213825,house,2026-08-25,2014-01-13,ptr,Chellie Pingree,20260825T1602Z,backfill
8214473,house,2026-08-25,2014-04-09,ptr,Chellie Pingree,20260825T1602Z,backfill
9105676,house,2026-08-25,2014-11-24,ptr,Jared Polis,20260825T1602Z,backfill
9105749,house,2026-08-25,2014-12-15,ptr,Jared Polis,20260825T1602Z,backfill
9105862,house,2026-08-25,2015-01-21,ptr,Jared Polis,20260825T1602Z,backfill
8213826,house,2026-08-25,2014-01-09,ptr,Jared Polis,20260825T1602Z,backfill
8214094,house,2026-08-25,2014-02-12,ptr,Jared Polis,20260825T1602Z,backfill
8214149,house,2026-08-25,2014-02-24,ptr,Jared Polis,20260825T1602Z,backfill
9105145,house,2026-08-25,2014-03-20,ptr,Jared Polis,20260825T1602Z,backfill
8214492,house,2026-08-25,2014-04-16,ptr,Jared Polis,20260825T1602Z,backfill
8215251,house,2026-08-25,2014-05-21,ptr,Jared Polis,20260825T1602Z,backfill
8215598,house,2026-08-25,2014-05-29,ptr,Jared Polis,20260825T1602Z,backfill
8215715,house,2026-08-25,2014-06-11,ptr,Jared Polis,20260825T1602Z,backfill
8215973,house,2026-08-25,2014-07-11,ptr,Jared Polis,20260825T1602Z,backfill
8216195,house,2026-08-25,2014-08-07,ptr,Jared Polis,20260825T1602Z,backfill
8216585,house,2026-08-25,2014-09-16,ptr,Jared Polis,20260825T1602Z,backfill
9105502,house,2026-08-25,2014-10-09,ptr,Jared Polis,20260825T1602Z,backfill
9105652,house,2026-08-25,2014-11-14,ptr,Jared Polis,20260825T1602Z,backfill
20001269,house,2026-08-25,2014-10-10,ptr,David E. Price,20260825T1602Z,backfill
20001851,house,2026-08-25,2014-10-10,ptr,David E. Price,20260825T1602Z,backfill
20001876,house,2026-08-25,2014-10-14,ptr,David E. Price,20260825T1602Z,backfill
9105651,house,2026-08-25,2014-11-14,ptr,Tom Price,20260825T1602Z,backfill
8213791,house,2026-08-25,2014-01-09,ptr,Trey Radel,20260825T1602Z,backfill
8214148,house,2026-08-25,2014-02-12,ptr,Trey Radel,20260825T1602Z,backfill
20002178,house,2026-08-25,2014-12-11,ptr,Nick J. Rahall,20260825T1602Z,backfill
8213827,house,2026-08-25,2014-01-10,ptr,Nick J. Rahall,20260825T1602Z,backfill
20000287,house,2026-08-25,2014-02-14,ptr,Nick J. Rahall,20260825T1602Z,backfill
20000456,house,2026-08-25,2014-03-12,ptr,Nick J. Rahall,20260825T1602Z,backfill
20000605,house,2026-08-25,2014-04-11,ptr,Nick J. Rahall,20260825T1602Z,backfill
20000889,house,2026-08-25,2014-05-12,ptr,Nick J. Rahall,20260825T1602Z,backfill
20001109,house,2026-08-25,2014-06-13,ptr,Nick J. Rahall,20260825T1602Z,backfill
20001507,house,2026-08-25,2014-08-14,ptr,Nick J. Rahall,20260825T1602Z,backfill
20001849,house,2026-08-25,2014-10-13,ptr,Nick J. Rahall,20260825T1602Z,backfill
20002021,house,2026-08-25,2014-11-12,ptr,Nick J. Rahall,20260825T1602Z,backfill
9105675,house,2026-08-25,2014-11-20,ptr,James B. Renacci,20260825T1602Z,backfill
9105737,house,2026-08-25,2014-12-08,ptr,James B. Renacci,20260825T1602Z,backfill
9105779,house,2026-08-25,2014-12-22,ptr,James B. Renacci,20260825T1602Z,backfill
9105801,house,2026-08-25,2015-01-05,ptr,James B. Renacci,20260825T1602Z,backfill
9105033,house,2026-08-25,2014-01-27,ptr,James B. Renacci,20260825T1602Z,backfill
8214035,house,2026-08-25,2014-02-06,ptr,James B. Renacci,20260825T1602Z,backfill
8214147,house,2026-08-25,2014-02-21,ptr,James B. Renacci,20260825T1602Z,backfill
9105146,house,2026-08-25,2014-03-18,ptr,James B. Renacci,20260825T1602Z,backfill
8214474,house,2026-08-25,2014-04-08,ptr,James B. Renacci,20260825T1602Z,backfill
8214615,house,2026-08-25,2014-05-02,ptr,James B. Renacci,20260825T1602Z,backfill
8215453,house,2026-08-25,2014-05-23,ptr,James B. Renacci,20260825T1602Z,backfill
8215649,house,2026-08-25,2014-06-04,ptr,James B. Renacci,20260825T1602Z,backfill
8215912,house,2026-08-25,2014-07-03,ptr,James B. Renacci,20260825T1602Z,backfill
8216059,house,2026-08-25,2014-07-21,ptr,James B. Renacci,20260825T1602Z,backfill
8216181,house,2026-08-25,2014-08-06,ptr,James B. Renacci,20260825T1602Z,backfill
8216437,house,2026-08-25,2014-08-22,ptr,James B. Renacci,20260825T1602Z,backfill
8216586,house,2026-08-25,2014-09-05,ptr,James B. Renacci,20260825T1602Z,backfill
9105409,house,2026-08-25,2014-09-22,ptr,James B. Renacci,20260825T1602Z,backfill
9105471,house,2026-08-25,2014-10-03,ptr,James B. Renacci,20260825T1602Z,backfill
9105557,house,2026-08-25,2014-10-21,ptr,James B. Renacci,20260825T1602Z,backfill
9105626,house,2026-08-25,2014-11-10,ptr,James B. Renacci,20260825T1602Z,backfill
9105738,house,2026-08-25,2014-12-05,ptr,David P. Roe,20260825T1602Z,backfill
9105841,house,2026-08-25,2015-01-14,ptr,David P. Roe,20260825T1602Z,backfill
8213828,house,2026-08-25,2014-01-14,ptr,David P. Roe,20260825T1602Z,backfill
8214036,house,2026-08-25,2014-02-07,ptr,David P. Roe,20260825T1602Z,backfill
9105147,house,2026-08-25,2014-03-14,ptr,David P. Roe,20260825T1602Z,backfill
8214493,house,2026-08-25,2014-04-11,ptr,David P. Roe,20260825T1602Z,backfill
8215009,house,2026-08-25,2014-05-14,ptr,David P. Roe,20260825T1602Z,backfill
8215750,house,2026-08-25,2014-06-13,ptr,David P. Roe,20260825T1602Z,backfill
8216376,house,2026-08-25,2014-08-14,ptr,David P. Roe,20260825T1602Z,backfill
8216587,house,2026-08-25,2014-09-15,ptr,David P. Roe,20260825T1602Z,backfill
9105554,house,2026-08-25,2014-10-16,ptr,David P. Roe,20260825T1602Z,backfill
9105739,house,2026-08-25,2014-12-08,ptr,Harold Dallas Rogers,20260825T1602Z,backfill
9105802,house,2026-08-25,2015-01-06,ptr,Harold Dallas Rogers,20260825T1602Z,backfill
8213829,house,2026-08-25,2014-01-13,ptr,Harold Dallas Rogers,20260825T1602Z,backfill
8214095,house,2026-08-25,2014-02-11,ptr,Harold Dallas Rogers,20260825T1602Z,backfill
9105148,house,2026-08-25,2014-03-14,ptr,Harold Dallas Rogers,20260825T1602Z,backfill
8214475,house,2026-08-25,2014-04-09,ptr,Harold Dallas Rogers,20260825T1602Z,backfill
8214816,house,2026-08-25,2014-05-09,ptr,Harold Dallas Rogers,20260825T1602Z,backfill
8215811,house,2026-08-25,2014-06-19,ptr,Harold Dallas Rogers,20260825T1602Z,backfill
8215974,house,2026-08-25,2014-07-11,ptr,Harold Dallas Rogers,20260825T1602Z,backfill
8216218,house,2026-08-25,2014-08-08,ptr,Harold Dallas Rogers,20260825T1602Z,backfill
8216588,house,2026-08-25,2014-09-12,ptr,Harold Dallas Rogers,20260825T1602Z,backfill
9105503,house,2026-08-25,2014-10-06,ptr,Harold Dallas Rogers,20260825T1602Z,backfill
9105650,house,2026-08-25,2014-11-13,ptr,Harold Dallas Rogers,20260825T1602Z,backfill
8213924,house,2026-08-25,2014-01-30,ptr,Todd Rokita,20260825T1602Z,backfill
9105149,house,2026-08-25,2014-03-20,ptr,Todd Rokita,20260825T1602Z,backfill
20000684,house,2026-08-25,2014-04-24,ptr,Peter J. Roskam,20260825T1602Z,backfill
8213967,house,2026-08-25,2014-02-03,ptr,Keith J. Rothfus,20260825T1602Z,backfill
20001992,house,2026-08-25,2014-11-06,ptr,Paul Ryan,20260825T1602Z,backfill
8215252,house,2026-08-25,2014-05-20,ptr,Janice D. Schakowsky,20260825T1602Z,backfill
9105698,house,2026-08-25,2014-12-04,ptr,Adam B. Schiff,20260825T1602Z,backfill
9105741,house,2026-08-25,2014-12-09,ptr,Adam B. Schiff,20260825T1602Z,backfill
9105839,house,2026-08-25,2015-01-09,ptr,Adam B. Schiff,20260825T1602Z,backfill
8214616,house,2026-08-25,2014-04-30,ptr,Adam B. Schiff,20260825T1602Z,backfill
8215767,house,2026-08-25,2014-06-19,ptr,Adam B. Schiff,20260825T1602Z,backfill
8215768,house,2026-08-25,2014-06-19,ptr,Adam B. Schiff,20260825T1602Z,backfill
8215915,house,2026-08-25,2014-07-09,ptr,Adam B. Schiff,20260825T1602Z,backfill
8216589,house,2026-08-25,2014-09-08,ptr,Adam B. Schiff,20260825T1602Z,backfill
9105612,house,2026-08-25,2014-11-12,ptr,Adam B. Schiff,20260825T1602Z,backfill
20002222,house,2026-08-25,2014-12-15,ptr,Bradley S. Schneider,20260825T1602Z,backfill
9106434,house,2026-08-25,2015-05-01,ptr,Bradley S. Schneider,20260825T1602Z,backfill
8213830,house,2026-08-25,2014-01-14,ptr,Bradley S. Schneider,20260825T1602Z,backfill
8214096,house,2026-08-25,2014-02-12,ptr,Bradley S. Schneider,20260825T1602Z,backfill
9105113,house,2026-08-25,2014-03-12,ptr,Bradley S. Schneider,20260825T1602Z,backfill
8214477,house,2026-08-25,2014-04-10,ptr,Bradley S. Schneider,20260825T1602Z,backfill
8215010,house,2026-08-25,2014-05-13,ptr,Bradley S. Schneider,20260825T1602Z,backfill
8215701,house,2026-08-25,2014-06-10,ptr,Bradley S. Schneider,20260825T1602Z,backfill
8215916,house,2026-08-25,2014-07-08,ptr,Bradley S. Schneider,20260825T1602Z,backfill
8216378,house,2026-08-25,2014-08-14,ptr,Bradley S. Schneider,20260825T1602Z,backfill
8216379,house,2026-08-25,2014-08-14,ptr,Bradley S. Schneider,20260825T1602Z,backfill
8216590,house,2026-08-25,2014-09-15,ptr,Bradley S. Schneider,20260825T1602Z,backfill
9105529,house,2026-08-25,2014-10-14,ptr,Bradley S. Schneider,20260825T1602Z,backfill
9105645,house,2026-08-25,2014-11-14,ptr,Bradley S. Schneider,20260825T1602Z,backfill
9105742,house,2026-08-25,2014-12-08,ptr,Kurt Schrader,20260825T1602Z,backfill
9105861,house,2026-08-25,2015-01-20,ptr,Kurt Schrader,20260825T1602Z,backfill
8213831,house,2026-08-25,2014-01-10,ptr,Kurt Schrader,20260825T1602Z,backfill
8214099,house,2026-08-25,2014-02-14,ptr,Kurt Schrader,20260825T1602Z,backfill
8214235,house,2026-08-25,2014-03-06,ptr,Kurt Schrader,20260825T1602Z,backfill
8214478,house,2026-08-25,2014-04-08,ptr,Kurt Schrader,20260825T1602Z,backfill
8214725,house,2026-08-25,2014-05-07,ptr,Kurt Schrader,20260825T1602Z,backfill
8215700,house,2026-08-25,2014-06-10,ptr,Kurt Schrader,20260825T1602Z,backfill
8215914,house,2026-08-25,2014-07-10,ptr,Kurt Schrader,20260825T1602Z,backfill
8216377,house,2026-08-25,2014-08-19,ptr,Kurt Schrader,20260825T1602Z,backfill
8216591,house,2026-08-25,2014-09-09,ptr,Kurt Schrader,20260825T1602Z,backfill
9105530,house,2026-08-25,2014-10-16,ptr,Kurt Schrader,20260825T1602Z,backfill
9105611,house,2026-08-25,2014-11-13,ptr,Kurt Schrader,20260825T1602Z,backfill
8213832,house,2026-08-25,2014-01-13,ptr,Austin Scott,20260825T1602Z,backfill
9105114,house,2026-08-25,2014-03-11,ptr,Austin Scott,20260825T1602Z,backfill
8215917,house,2026-08-25,2014-07-10,ptr,Austin Scott,20260825T1602Z,backfill
20001602,house,2026-08-25,2014-08-29,ptr,Austin Scott,20260825T1602Z,backfill
9105531,house,2026-08-25,2014-10-16,ptr,Austin Scott,20260825T1602Z,backfill
8215253,house,2026-08-25,2014-05-20,ptr,F. James Sensenbrenner,20260825T1602Z,backfill
8215599,house,2026-08-25,2014-05-30,ptr,F. James Sensenbrenner,20260825T1602Z,backfill
20002230,house,2026-08-25,2014-12-15,ptr,Michael K. Simpson,20260825T1602Z,backfill
20000473,house,2026-08-25,2014-03-13,ptr,Michael K. Simpson,20260825T1602Z,backfill
20000715,house,2026-08-25,2014-04-15,ptr,Michael K. Simpson,20260825T1602Z,backfill
20000826,house,2026-08-25,2014-05-03,ptr,Michael K. Simpson,20260825T1602Z,backfill
20001273,house,2026-08-25,2014-07-10,ptr,Michael K. Simpson,20260825T1602Z,backfill
20001526,house,2026-08-25,2014-08-13,ptr,Michael K. Simpson,20260825T1602Z,backfill
20001668,house,2026-08-25,2014-09-14,ptr,Michael K. Simpson,20260825T1602Z,backfill
20002033,house,2026-08-25,2014-11-11,ptr,Michael K. Simpson,20260825T1602Z,backfill
20001831,house,2026-08-25,2014-12-01,ptr,Louise McIntosh Slaughter,20260825T1602Z,backfill
20000409,house,2026-08-25,2014-03-06,ptr,Louise McIntosh Slaughter,20260825T1602Z,backfill
20001104,house,2026-08-25,2014-06-09,ptr,Louise McIntosh Slaughter,20260825T1602Z,backfill
20001654,house,2026-08-25,2014-09-10,ptr,Louise McIntosh Slaughter,20260825T1602Z,backfill
20002138,house,2026-08-25,2014-12-08,ptr,Lamar Smith,20260825T1602Z,backfill
20000029,house,2026-08-25,2014-01-16,ptr,Lamar Smith,20260825T1602Z,backfill
20000237,house,2026-08-25,2014-02-06,ptr,Lamar Smith,20260825T1602Z,backfill
20000406,house,2026-08-25,2014-03-12,ptr,Lamar Smith,20260825T1602Z,backfill
20000587,house,2026-08-25,2014-04-07,ptr,Lamar Smith,20260825T1602Z,backfill
20000863,house,2026-08-25,2014-05-06,ptr,Lamar Smith,20260825T1602Z,backfill
20001067,house,2026-08-25,2014-06-09,ptr,Lamar Smith,20260825T1602Z,backfill
20001111,house,2026-08-25,2014-07-10,ptr,Lamar Smith,20260825T1602Z,backfill
20001429,house,2026-08-25,2014-07-30,ptr,Lamar Smith,20260825T1602Z,backfill
20001469,house,2026-08-25,2014-08-09,ptr,Lamar Smith,20260825T1602Z,backfill
20001622,house,2026-08-25,2014-09-10,ptr,Lamar Smith,20260825T1602Z,backfill
20001826,house,2026-08-25,2014-10-13,ptr,Lamar Smith,20260825T1602Z,backfill
20001990,house,2026-08-25,2014-11-12,ptr,Lamar Smith,20260825T1602Z,backfill
9105587,house,2026-08-25,2014-11-06,ptr,Marlin A. Stutzman,20260825T1602Z,backfill
8214146,house,2026-08-25,2014-02-26,ptr,John F. Tierney,20260825T1602Z,backfill
8214399,house,2026-08-25,2014-04-03,ptr,Niki Tsongas,20260825T1602Z,backfill
20000815,house,2026-08-25,2014-05-02,ptr,Niki Tsongas,20260825T1602Z,backfill
8213795,house,2026-08-25,2014-01-07,ptr,Ann Wagner,20260825T1602Z,backfill
8213969,house,2026-08-25,2014-02-06,ptr,Ann Wagner,20260825T1602Z,backfill
8214238,house,2026-08-25,2014-03-06,ptr,Ann Wagner,20260825T1602Z,backfill
8214727,house,2026-08-25,2014-05-07,ptr,Ann Wagner,20260825T1602Z,backfill
8215752,house,2026-08-25,2014-06-13,ptr,Ann Wagner,20260825T1602Z,backfill
8215919,house,2026-08-25,2014-07-03,ptr,Ann Wagner,20260825T1602Z,backfill
8216594,house,2026-08-25,2014-09-12,ptr,Ann Wagner,20260825T1602Z,backfill
9105504,house,2026-08-25,2014-10-08,ptr,Ann Wagner,20260825T1602Z,backfill
8213927,house,2026-08-25,2014-01-29,ptr,Melvin L. Watt,20260825T1602Z,backfill
8213928,house,2026-08-25,2014-01-29,ptr,Melvin L. Watt,20260825T1602Z,backfill
9105704,house,2026-08-25,2014-12-03,ptr,Peter Welch,20260825T1602Z,backfill
9105803,house,2026-08-25,2015-01-06,ptr,Peter Welch,20260825T1602Z,backfill
8213797,house,2026-08-25,2014-01-07,ptr,Peter Welch,20260825T1602Z,backfill
8213971,house,2026-08-25,2014-02-04,ptr,Peter Welch,20260825T1602Z,backfill
8214240,house,2026-08-25,2014-03-05,ptr,Peter Welch,20260825T1602Z,backfill
8214400,house,2026-08-25,2014-04-02,ptr,Peter Welch,20260825T1602Z,backfill
8214620,house,2026-08-25,2014-05-01,ptr,Peter Welch,20260825T1602Z,backfill
8215651,house,2026-08-25,2014-06-03,ptr,Peter Welch,20260825T1602Z,backfill
8216182,house,2026-08-25,2014-08-04,ptr,Peter Welch,20260825T1602Z,backfill
8216596,house,2026-08-25,2014-09-04,ptr,Peter Welch,20260825T1602Z,backfill
9105455,house,2026-08-25,2014-10-02,ptr,Peter Welch,20260825T1602Z,backfill
9105603,house,2026-08-25,2014-11-03,ptr,Peter Welch,20260825T1602Z,backfill
20001663,house,2026-08-25,2014-09-16,ptr,Brad R. Wenstrup,20260825T1602Z,backfill
20002141,house,2026-08-25,2014-12-02,ptr,Ed Whitfield,20260825T1602Z,backfill
20002179,house,2026-08-25,2014-12-09,ptr,Ed Whitfield,20260825T1602Z,backfill
8213835,house,2026-08-25,2014-01-13,ptr,Ed Whitfield,20260825T1602Z,backfill
8214038,house,2026-08-25,2014-02-06,ptr,Ed Whitfield,20260825T1602Z,backfill
9105064,house,2026-08-25,2014-03-11,ptr,Ed Whitfield,20260825T1602Z,backfill
8214480,house,2026-08-25,2014-04-04,ptr,Ed Whitfield,20260825T1602Z,backfill
20000881,house,2026-08-25,2014-05-14,ptr,Ed Whitfield,20260825T1602Z,backfill
20001059,house,2026-08-25,2014-06-09,ptr,Ed Whitfield,20260825T1602Z,backfill
20001250,house,2026-08-25,2014-07-09,ptr,Ed Whitfield,20260825T1602Z,backfill
20001482,house,2026-08-25,2014-08-14,ptr,Ed Whitfield,20260825T1602Z,backfill
20001669,house,2026-08-25,2014-09-15,ptr,Ed Whitfield,20260825T1602Z,backfill
20001791,house,2026-08-25,2014-10-08,ptr,Ed Whitfield,20260825T1602Z,backfill
20002039,house,2026-08-25,2014-11-13,ptr,Ed Whitfield,20260825T1602Z,backfill
9105673,house,2026-08-25,2014-11-20,ptr,John A. Yarmuth,20260825T1602Z,backfill
20002262,house,2026-08-25,2014-12-22,ptr,John A. Yarmuth,20260825T1602Z,backfill
9107720,house,2026-08-25,2015-10-09,ptr,John A. Yarmuth,20260825T1602Z,backfill
20001597,house,2026-08-25,2014-08-28,ptr,John A. Yarmuth,20260825T1602Z,backfill
9105412,house,2026-08-25,2014-09-19,ptr,John A. Yarmuth,20260825T1602Z,backfill
20002235,house,2026-08-25,2014-12-16,ptr,Kevin Yoder,20260825T1602Z,backfill
9105413,house,2026-08-25,2014-09-22,ptr,Kevin Yoder,20260825T1602Z,backfill
20001915,house,2026-08-25,2014-10-18,ptr,Kevin Yoder,20260825T1602Z,backfill
8214818,house,2026-08-25,2014-05-08,ptr,Ted S. Yoho,20260825T1602Z,backfill
8215809,house,2026-08-25,2014-06-23,ptr,Ted S. Yoho,20260825T1602Z,backfill
20002776,house,2026-08-25,2015-03-24,ptr,Brad Ashford,20260825T1602Z,backfill
20002949,house,2026-08-25,2015-04-30,ptr,Brad Ashford,20260825T1602Z,backfill
20002963,house,2026-08-25,2015-04-30,ptr,Brad Ashford,20260825T1602Z,backfill
20002964,house,2026-08-25,2015-04-30,ptr,Brad Ashford,20260825T1602Z,backfill
20003185,house,2026-08-25,2015-05-29,ptr,Brad Ashford,20260825T1602Z,backfill
20003367,house,2026-08-25,2015-07-08,ptr,Brad Ashford,20260825T1602Z,backfill
20003528,house,2026-08-25,2015-08-03,ptr,Brad Ashford,20260825T1602Z,backfill
20003534,house,2026-08-25,2015-08-04,ptr,Brad Ashford,20260825T1602Z,backfill
20003708,house,2026-08-25,2015-09-02,ptr,Brad Ashford,20260825T1602Z,backfill
20003994,house,2026-08-25,2015-10-27,ptr,Brad Ashford,20260825T1602Z,backfill
9106294,house,2026-08-25,2015-04-16,ptr,Brian Babin,20260825T1602Z,backfill
20002550,house,2026-08-25,2015-02-19,ptr,Lou Barletta,20260825T1602Z,backfill
20002827,house,2026-08-25,2015-11-06,ptr,Lou Barletta,20260825T1602Z,backfill
20004311,house,2026-08-25,2015-12-28,ptr,Lou Barletta,20260825T1602Z,backfill
9107279,house,2026-08-25,2015-07-15,ptr,"Garland ""Andy"" Barr",20260825T1602Z,backfill
9107923,house,2026-08-25,2015-11-18,ptr,"Garland ""Andy"" Barr",20260825T1602Z,backfill
9106404,house,2026-08-25,2015-05-06,ptr,Dan Benishek,20260825T1602Z,backfill
9106320,house,2026-08-25,2015-04-16,ptr,Gus M. Bilirakis,20260825T1602Z,backfill
9107245,house,2026-08-25,2015-07-08,ptr,Gus M. Bilirakis,20260825T1602Z,backfill
9107544,house,2026-08-25,2015-08-27,ptr,Gus M. Bilirakis,20260825T1602Z,backfill
9108029,house,2026-08-25,2015-12-10,ptr,Gus M. Bilirakis,20260825T1602Z,backfill
9105971,house,2026-08-25,2015-02-05,ptr,Diane Black,20260825T1602Z,backfill
9106102,house,2026-08-25,2015-02-25,ptr,Diane Black,20260825T1602Z,backfill
9106101,house,2026-08-25,2015-03-02,ptr,Diane Black,20260825T1602Z,backfill
9106213,house,2026-08-25,2015-03-27,ptr,Diane Black,20260825T1602Z,backfill
9106250,house,2026-08-25,2015-04-07,ptr,Diane Black,20260825T1602Z,backfill
9106265,house,2026-08-25,2015-04-13,ptr,Diane Black,20260825T1602Z,backfill
9106293,house,2026-08-25,2015-04-14,ptr,Diane Black,20260825T1602Z,backfill
9106372,house,2026-08-25,2015-04-28,ptr,Diane Black,20260825T1602Z,backfill
9106899,house,2026-08-25,2015-05-28,ptr,Diane Black,20260825T1602Z,backfill
9107123,house,2026-08-25,2015-06-10,ptr,Diane Black,20260825T1602Z,backfill
9107243,house,2026-08-25,2015-07-08,ptr,Diane Black,20260825T1602Z,backfill
9107331,house,2026-08-25,2015-07-21,ptr,Diane Black,20260825T1602Z,backfill
9107348,house,2026-08-25,2015-07-28,ptr,Diane Black,20260825T1602Z,backfill
9107495,house,2026-08-25,2015-08-18,ptr,Diane Black,20260825T1602Z,backfill
9107496,house,2026-08-25,2015-08-18,ptr,Diane Black,20260825T1602Z,backfill
9107551,house,2026-08-25,2015-08-31,ptr,Diane Black,20260825T1602Z,backfill
9107572,house,2026-08-25,2015-09-09,ptr,Diane Black,20260825T1602Z,backfill
9107664,house,2026-08-25,2015-09-25,ptr,Diane Black,20260825T1602Z,backfill
9107696,house,2026-08-25,2015-10-09,ptr,Diane Black,20260825T1602Z,backfill
9107988,house,2026-08-25,2015-11-25,ptr,Diane Black,20260825T1602Z,backfill
9108065,house,2026-08-25,2015-12-15,ptr,Diane Black,20260825T1602Z,backfill
9108105,house,2026-08-25,2016-01-05,ptr,Diane Black,20260825T1602Z,backfill
9110279,house,2026-08-25,2016-12-09,ptr,Diane Black,20260825T1602Z,backfill
9110280,house,2026-08-25,2016-12-09,ptr,Diane Black,20260825T1602Z,backfill
9110281,house,2026-08-25,2016-12-09,ptr,Diane Black,20260825T1602Z,backfill
9110282,house,2026-08-25,2016-12-09,ptr,Diane Black,20260825T1602Z,backfill
9110283,house,2026-08-25,2016-12-09,ptr,Diane Black,20260825T1602Z,backfill
9110284,house,2026-08-25,2016-12-09,ptr,Diane Black,20260825T1602Z,backfill
9106131,house,2026-08-25,2015-03-11,ptr,Rodney Leland Blum,20260825T1602Z,backfill
20002585,house,2026-08-25,2015-02-17,ptr,Earl Blumenauer,20260825T1602Z,backfill
20002777,house,2026-08-25,2015-03-24,ptr,Earl Blumenauer,20260825T1602Z,backfill
20002778,house,2026-08-25,2015-03-24,ptr,Earl Blumenauer,20260825T1602Z,backfill
20003142,house,2026-08-25,2015-05-19,ptr,Earl Blumenauer,20260825T1602Z,backfill
20003355,house,2026-08-25,2015-07-07,ptr,Earl Blumenauer,20260825T1602Z,backfill
20003664,house,2026-08-25,2015-08-25,ptr,Earl Blumenauer,20260825T1602Z,backfill
20004121,house,2026-08-25,2015-11-19,ptr,Earl Blumenauer,20260825T1602Z,backfill
20004164,house,2026-08-25,2015-11-25,ptr,Earl Blumenauer,20260825T1602Z,backfill
20002347,house,2026-08-25,2015-01-09,ptr,John A. Boehner,20260825T1602Z,backfill
20002620,house,2026-08-25,2015-02-25,ptr,John A. Boehner,20260825T1602Z,backfill
20002785,house,2026-08-25,2015-03-26,ptr,John A. Boehner,20260825T1602Z,backfill
20002923,house,2026-08-25,2015-04-23,ptr,John A. Boehner,20260825T1602Z,backfill
20003022,house,2026-08-25,2015-06-10,ptr,John A. Boehner,20260825T1602Z,backfill
20003400,house,2026-08-25,2015-07-14,ptr,John A. Boehner,20260825T1602Z,backfill
20003745,house,2026-08-25,2015-09-10,ptr,John A. Boehner,20260825T1602Z,backfill
20002327,house,2026-08-25,2015-01-07,ptr,Mo Brooks,20260825T1602Z,backfill
20002454,house,2026-08-25,2015-01-26,ptr,Mo Brooks,20260825T1602Z,backfill
20002713,house,2026-08-25,2015-03-13,ptr,Mo Brooks,20260825T1602Z,backfill
20002831,house,2026-08-25,2015-04-04,ptr,Mo Brooks,20260825T1602Z,backfill
20003345,house,2026-08-25,2015-07-06,ptr,Mo Brooks,20260825T1602Z,backfill
20003908,house,2026-08-25,2015-10-07,ptr,Mo Brooks,20260825T1602Z,backfill
20004046,house,2026-08-25,2015-11-04,ptr,Mo Brooks,20260825T1602Z,backfill
20002969,house,2026-08-25,2015-05-11,ptr,Susan W. Brooks,20260825T1602Z,backfill
20003084,house,2026-08-25,2015-05-14,ptr,Susan W. Brooks,20260825T1602Z,backfill
20002422,house,2026-08-25,2015-01-19,ptr,Vern Buchanan,20260825T1602Z,backfill
20002783,house,2026-08-25,2015-03-26,ptr,Vern Buchanan,20260825T1602Z,backfill
20002966,house,2026-08-25,2015-04-30,ptr,Vern Buchanan,20260825T1602Z,backfill
20003174,house,2026-08-25,2015-05-26,ptr,Vern Buchanan,20260825T1602Z,backfill
20003325,house,2026-08-25,2015-07-01,ptr,Vern Buchanan,20260825T1602Z,backfill
20003332,house,2026-08-25,2015-07-02,ptr,Vern Buchanan,20260825T1602Z,backfill
20003619,house,2026-08-25,2015-08-17,ptr,Vern Buchanan,20260825T1602Z,backfill
20003799,house,2026-08-25,2015-09-17,ptr,Vern Buchanan,20260825T1602Z,backfill
20003914,house,2026-08-25,2015-10-08,ptr,Vern Buchanan,20260825T1602Z,backfill
20004113,house,2026-08-25,2015-11-17,ptr,Vern Buchanan,20260825T1602Z,backfill
20004243,house,2026-08-25,2015-12-11,ptr,Vern Buchanan,20260825T1602Z,backfill
20003873,house,2026-08-25,2015-10-01,ptr,Cheri Bustos,20260825T1602Z,backfill
20003169,house,2026-08-25,2015-05-22,ptr,Earl Leroy Carter,20260825T1602Z,backfill
20003749,house,2026-08-25,2015-09-10,ptr,Earl Leroy Carter,20260825T1602Z,backfill
20003626,house,2026-08-25,2015-08-20,ptr,William M. Cassidy,20260825T1602Z,backfill
20002315,house,2026-08-25,2015-01-05,ptr,Kathy Castor,20260825T1602Z,backfill
20002533,house,2026-08-25,2015-02-09,ptr,Kathy Castor,20260825T1602Z,backfill
20003116,house,2026-08-25,2015-05-14,ptr,Kathy Castor,20260825T1602Z,backfill
20003295,house,2026-08-25,2015-06-25,ptr,Steve Chabot,20260825T1602Z,backfill
20003870,house,2026-08-25,2015-10-07,ptr,Jason Chaffetz,20260825T1602Z,backfill
9107434,house,2026-08-25,2015-08-10,ptr,Judy Chu,20260825T1602Z,backfill
9107680,house,2026-08-25,2015-10-01,ptr,Judy Chu,20260825T1602Z,backfill
9108078,house,2026-08-25,2015-12-18,ptr,Judy Chu,20260825T1602Z,backfill
9108199,house,2026-08-25,2016-01-19,ptr,Judy Chu,20260825T1602Z,backfill
9108378,house,2026-08-25,2016-02-25,ptr,Judy Chu,20260825T1602Z,backfill
20002346,house,2026-08-25,2015-01-08,ptr,Katherine M. Clark,20260825T1602Z,backfill
20002484,house,2026-08-25,2015-01-30,ptr,Katherine M. Clark,20260825T1602Z,backfill
20002598,house,2026-08-25,2015-02-23,ptr,Katherine M. Clark,20260825T1602Z,backfill
20002600,house,2026-08-25,2015-02-25,ptr,Katherine M. Clark,20260825T1602Z,backfill
20002651,house,2026-08-25,2015-03-04,ptr,Katherine M. Clark,20260825T1602Z,backfill
20002731,house,2026-08-25,2015-03-16,ptr,Katherine M. Clark,20260825T1602Z,backfill
20002828,house,2026-08-25,2015-04-03,ptr,Katherine M. Clark,20260825T1602Z,backfill
20002922,house,2026-08-25,2015-04-21,ptr,Katherine M. Clark,20260825T1602Z,backfill
20003057,house,2026-08-25,2015-05-11,ptr,Katherine M. Clark,20260825T1602Z,backfill
20003176,house,2026-08-25,2015-05-27,ptr,Katherine M. Clark,20260825T1602Z,backfill
20003526,house,2026-08-25,2015-08-03,ptr,Katherine M. Clark,20260825T1602Z,backfill
20003716,house,2026-08-25,2015-09-04,ptr,Katherine M. Clark,20260825T1602Z,backfill
20003890,house,2026-08-25,2015-10-05,ptr,Katherine M. Clark,20260825T1602Z,backfill
20004209,house,2026-08-25,2015-12-08,ptr,Katherine M. Clark,20260825T1602Z,backfill
9105900,house,2026-08-25,2015-01-28,ptr,Curtis J. Clawson,20260825T1602Z,backfill
9106099,house,2026-08-25,2015-02-25,ptr,Curtis J. Clawson,20260825T1602Z,backfill
9106319,house,2026-08-25,2015-04-23,ptr,Curtis J. Clawson,20260825T1602Z,backfill
9107638,house,2026-08-25,2015-09-18,ptr,Curtis J. Clawson,20260825T1602Z,backfill
9108028,house,2026-08-25,2015-12-07,ptr,Curtis J. Clawson,20260825T1602Z,backfill
9106554,house,2026-08-25,2015-05-15,ptr,Steve Cohen,20260825T1602Z,backfill
9106568,house,2026-08-25,2015-05-15,ptr,Steve Cohen,20260825T1602Z,backfill
20003034,house,2026-08-25,2015-06-10,ptr,Steve Cohen,20260825T1602Z,backfill
20003368,house,2026-08-25,2015-07-09,ptr,Steve Cohen,20260825T1602Z,backfill
20003474,house,2026-08-25,2015-07-27,ptr,Steve Cohen,20260825T1602Z,backfill
20003709,house,2026-08-25,2015-09-02,ptr,Steve Cohen,20260825T1602Z,backfill
20004150,house,2026-08-25,2015-11-23,ptr,Steve Cohen,20260825T1602Z,backfill
20004212,house,2026-08-25,2015-12-08,ptr,Steve Cohen,20260825T1602Z,backfill
20004278,house,2026-08-25,2015-12-18,ptr,Steve Cohen,20260825T1602Z,backfill
9108296,house,2026-08-25,2016-02-09,ptr,Tom Cole,20260825T1602Z,backfill
9105969,house,2026-08-25,2015-02-02,ptr,Chris Collins,20260825T1602Z,backfill
9106214,house,2026-08-25,2015-03-24,ptr,Chris Collins,20260825T1602Z,backfill
9106291,house,2026-08-25,2015-04-14,ptr,Chris Collins,20260825T1602Z,backfill
9107347,house,2026-08-25,2015-07-27,ptr,Chris Collins,20260825T1602Z,backfill
9107387,house,2026-08-25,2015-08-03,ptr,Chris Collins,20260825T1602Z,backfill
9107574,house,2026-08-25,2015-09-08,ptr,Chris Collins,20260825T1602Z,backfill
9107857,house,2026-08-25,2015-11-02,ptr,Chris Collins,20260825T1602Z,backfill
9108077,house,2026-08-25,2015-12-18,ptr,Chris Collins,20260825T1602Z,backfill
20003280,house,2026-08-25,2015-06-19,ptr,Barbara J. Comstock,20260825T1602Z,backfill
20002307,house,2026-08-25,2015-01-03,ptr,K. Michael Conaway,20260825T1602Z,backfill
20002531,house,2026-08-25,2015-02-08,ptr,K. Michael Conaway,20260825T1602Z,backfill
20002581,house,2026-08-25,2015-02-17,ptr,K. Michael Conaway,20260825T1602Z,backfill
20002628,house,2026-08-25,2015-02-26,ptr,K. Michael Conaway,20260825T1602Z,backfill
20002642,house,2026-08-25,2015-03-03,ptr,K. Michael Conaway,20260825T1602Z,backfill
20002832,house,2026-08-25,2015-04-05,ptr,K. Michael Conaway,20260825T1602Z,backfill
20002945,house,2026-08-25,2015-04-25,ptr,K. Michael Conaway,20260825T1602Z,backfill
20003001,house,2026-08-25,2015-05-05,ptr,K. Michael Conaway,20260825T1602Z,backfill
20003203,house,2026-08-25,2015-06-03,ptr,K. Michael Conaway,20260825T1602Z,backfill
20003352,house,2026-08-25,2015-07-07,ptr,K. Michael Conaway,20260825T1602Z,backfill
20003476,house,2026-08-25,2015-08-01,ptr,K. Michael Conaway,20260825T1602Z,backfill
20003518,house,2026-08-25,2015-08-03,ptr,K. Michael Conaway,20260825T1602Z,backfill
20003710,house,2026-08-25,2015-09-02,ptr,K. Michael Conaway,20260825T1602Z,backfill
20003907,house,2026-08-25,2015-10-06,ptr,K. Michael Conaway,20260825T1602Z,backfill
20004045,house,2026-08-25,2015-11-04,ptr,K. Michael Conaway,20260825T1602Z,backfill
20004198,house,2026-08-25,2015-12-04,ptr,K. Michael Conaway,20260825T1602Z,backfill
20002942,house,2026-08-25,2015-04-24,ptr,Gerald E. Connolly,20260825T1602Z,backfill
20003117,house,2026-08-25,2015-05-15,ptr,Gerald E. Connolly,20260825T1602Z,backfill
20003316,house,2026-08-25,2015-06-29,ptr,Gerald E. Connolly,20260825T1602Z,backfill
20003864,house,2026-08-25,2015-09-30,ptr,Gerald E. Connolly,20260825T1602Z,backfill
9106477,house,2026-08-25,2015-05-08,ptr,Jim Cooper,20260825T1602Z,backfill
20001253,house,2026-08-25,2015-09-17,ptr,Jim Cooper,20260825T1602Z,backfill
9107278,house,2026-08-25,2015-07-10,ptr,Ander Crenshaw,20260825T1602Z,backfill
9107215,house,2026-08-25,2015-06-30,ptr,Carlos Curbelo,20260825T1602Z,backfill
20003554,house,2026-08-25,2015-08-24,ptr,Carlos Curbelo,20260825T1602Z,backfill
20003731,house,2026-08-25,2015-09-09,ptr,Carlos Curbelo,20260825T1602Z,backfill
20003783,house,2026-08-25,2015-09-15,ptr,Carlos Curbelo,20260825T1602Z,backfill
20003812,house,2026-08-25,2015-09-21,ptr,Carlos Curbelo,20260825T1602Z,backfill
20004089,house,2026-08-25,2015-11-12,ptr,Carlos Curbelo,20260825T1602Z,backfill
20002396,house,2026-08-25,2015-01-14,ptr,Susan A. Davis,20260825T1602Z,backfill
20003043,house,2026-08-25,2015-05-07,ptr,Susan A. Davis,20260825T1602Z,backfill
20003567,house,2026-08-25,2015-08-18,ptr,Susan A. Davis,20260825T1602Z,backfill
20004118,house,2026-08-25,2015-11-30,ptr,Susan A. Davis,20260825T1602Z,backfill
9106290,house,2026-08-25,2015-04-07,ptr,Peter A. DeFazio,20260825T1602Z,backfill
9105899,house,2026-08-25,2015-01-22,ptr,John K. Delaney,20260825T1602Z,backfill
9105987,house,2026-08-25,2015-02-10,ptr,John K. Delaney,20260825T1602Z,backfill
9106071,house,2026-08-25,2015-02-24,ptr,John K. Delaney,20260825T1602Z,backfill
9106129,house,2026-08-25,2015-03-11,ptr,John K. Delaney,20260825T1602Z,backfill
9106212,house,2026-08-25,2015-03-24,ptr,John K. Delaney,20260825T1602Z,backfill
9106289,house,2026-08-25,2015-04-14,ptr,John K. Delaney,20260825T1602Z,backfill
9106370,house,2026-08-25,2015-04-23,ptr,John K. Delaney,20260825T1602Z,backfill
9106478,house,2026-08-25,2015-05-12,ptr,John K. Delaney,20260825T1602Z,backfill
9107083,house,2026-08-25,2015-05-29,ptr,John K. Delaney,20260825T1602Z,backfill
9107084,house,2026-08-25,2015-05-29,ptr,John K. Delaney,20260825T1602Z,backfill
9107122,house,2026-08-25,2015-06-10,ptr,John K. Delaney,20260825T1602Z,backfill
9107202,house,2026-08-25,2015-06-24,ptr,John K. Delaney,20260825T1602Z,backfill
9107276,house,2026-08-25,2015-07-14,ptr,John K. Delaney,20260825T1602Z,backfill
9107366,house,2026-08-25,2015-07-29,ptr,John K. Delaney,20260825T1602Z,backfill
9107432,house,2026-08-25,2015-08-11,ptr,John K. Delaney,20260825T1602Z,backfill
9107433,house,2026-08-25,2015-08-11,ptr,John K. Delaney,20260825T1602Z,backfill
9107552,house,2026-08-25,2015-09-03,ptr,John K. Delaney,20260825T1602Z,backfill
9107575,house,2026-08-25,2015-09-10,ptr,John K. Delaney,20260825T1602Z,backfill
9107663,house,2026-08-25,2015-09-25,ptr,John K. Delaney,20260825T1602Z,backfill
9107761,house,2026-08-25,2015-10-20,ptr,John K. Delaney,20260825T1602Z,backfill
9107825,house,2026-08-25,2015-10-27,ptr,John K. Delaney,20260825T1602Z,backfill
9107856,house,2026-08-25,2015-11-04,ptr,John K. Delaney,20260825T1602Z,backfill
9107986,house,2026-08-25,2015-12-01,ptr,John K. Delaney,20260825T1602Z,backfill
9108027,house,2026-08-25,2015-12-08,ptr,John K. Delaney,20260825T1602Z,backfill
9108134,house,2026-08-25,2016-01-04,ptr,John K. Delaney,20260825T1602Z,backfill
9108163,house,2026-08-25,2016-01-13,ptr,John K. Delaney,20260825T1602Z,backfill
20002313,house,2026-08-25,2015-01-19,ptr,Suzan K. DelBene,20260825T1602Z,backfill
20002494,house,2026-08-25,2015-02-13,ptr,Suzan K. DelBene,20260825T1602Z,backfill
20002643,house,2026-08-25,2015-03-10,ptr,Suzan K. DelBene,20260825T1602Z,backfill
20002834,house,2026-08-25,2015-04-16,ptr,Suzan K. DelBene,20260825T1602Z,backfill
20002995,house,2026-08-25,2015-05-10,ptr,Suzan K. DelBene,20260825T1602Z,backfill
20003326,house,2026-08-25,2015-07-12,ptr,Suzan K. DelBene,20260825T1602Z,backfill
20003525,house,2026-08-25,2015-08-10,ptr,Suzan K. DelBene,20260825T1602Z,backfill
20003699,house,2026-08-25,2015-09-14,ptr,Suzan K. DelBene,20260825T1602Z,backfill
20003887,house,2026-08-25,2015-10-15,ptr,Suzan K. DelBene,20260825T1602Z,backfill
20004038,house,2026-08-25,2015-11-11,ptr,Suzan K. DelBene,20260825T1602Z,backfill
20004186,house,2026-08-25,2015-12-11,ptr,Suzan K. DelBene,20260825T1602Z,backfill
9106266,house,2026-08-25,2015-04-13,ptr,Charles W. Dent,20260825T1602Z,backfill
9106479,house,2026-08-25,2015-05-12,ptr,Charles W. Dent,20260825T1602Z,backfill
9107330,house,2026-08-25,2015-07-22,ptr,Charles W. Dent,20260825T1602Z,backfill
9106097,house,2026-08-25,2015-02-26,ptr,Debbie Dingell,20260825T1602Z,backfill
9106174,house,2026-08-25,2015-03-17,ptr,Debbie Dingell,20260825T1602Z,backfill
9106175,house,2026-08-25,2015-03-17,ptr,Debbie Dingell,20260825T1602Z,backfill
9106288,house,2026-08-25,2015-04-16,ptr,Debbie Dingell,20260825T1602Z,backfill
20002625,house,2026-08-25,2015-05-14,ptr,Debbie Dingell,20260825T1602Z,backfill
20003165,house,2026-08-25,2015-06-04,ptr,Debbie Dingell,20260825T1602Z,backfill
20003371,house,2026-08-25,2015-07-21,ptr,Debbie Dingell,20260825T1602Z,backfill
20003788,house,2026-08-25,2015-09-24,ptr,Debbie Dingell,20260825T1602Z,backfill
20003845,house,2026-08-25,2015-09-30,ptr,Debbie Dingell,20260825T1602Z,backfill
9107855,house,2026-08-25,2015-11-03,ptr,Debbie Dingell,20260825T1602Z,backfill
20003995,house,2026-08-25,2015-11-03,ptr,Debbie Dingell,20260825T1602Z,backfill
20004117,house,2026-08-25,2015-11-18,ptr,Debbie Dingell,20260825T1602Z,backfill
20002366,house,2026-08-25,2015-01-09,ptr,Lloyd Doggett,20260825T1602Z,backfill
20002685,house,2026-08-25,2015-03-06,ptr,Lloyd Doggett,20260825T1602Z,backfill
20002841,house,2026-08-25,2015-04-09,ptr,Lloyd Doggett,20260825T1602Z,backfill
20003229,house,2026-08-25,2015-06-09,ptr,Lloyd Doggett,20260825T1602Z,backfill
20003383,house,2026-08-25,2015-07-09,ptr,Lloyd Doggett,20260825T1602Z,backfill
20003730,house,2026-08-25,2015-09-04,ptr,Lloyd Doggett,20260825T1602Z,backfill
20003900,house,2026-08-25,2015-10-06,ptr,Lloyd Doggett,20260825T1602Z,backfill
20004206,house,2026-08-25,2015-12-07,ptr,Lloyd Doggett,20260825T1602Z,backfill
20003000,house,2026-08-25,2015-05-15,ptr,Tammy Duckworth,20260825T1602Z,backfill
20003840,house,2026-08-25,2015-10-08,ptr,Tammy Duckworth,20260825T1602Z,backfill
20004004,house,2026-08-25,2015-11-17,ptr,Tammy Duckworth,20260825T1602Z,backfill
9107576,house,2026-08-25,2015-09-10,ptr,Thomas Earl Emmer,20260825T1602Z,backfill
20003905,house,2026-08-25,2015-10-06,ptr,Eliot L. Engel,20260825T1602Z,backfill
9107759,house,2026-08-25,2015-10-21,ptr,Sam Farr,20260825T1602Z,backfill
20002547,house,2026-08-25,2015-02-19,ptr,Michael G. Fitzpatrick,20260825T1602Z,backfill
20003044,house,2026-08-25,2015-05-08,ptr,Michael G. Fitzpatrick,20260825T1602Z,backfill
9106064,house,2026-08-25,2015-02-12,ptr,"Charles J. ""Chuck"" Fleischmann",20260825T1602Z,backfill
9106173,house,2026-08-25,2015-03-18,ptr,"Charles J. ""Chuck"" Fleischmann",20260825T1602Z,backfill
9106287,house,2026-08-25,2015-04-16,ptr,"Charles J. ""Chuck"" Fleischmann",20260825T1602Z,backfill
9106480,house,2026-08-25,2015-05-13,ptr,"Charles J. ""Chuck"" Fleischmann",20260825T1602Z,backfill
9107513,house,2026-08-25,2015-08-20,ptr,"Charles J. ""Chuck"" Fleischmann",20260825T1602Z,backfill
9107637,house,2026-08-25,2015-09-17,ptr,"Charles J. ""Chuck"" Fleischmann",20260825T1602Z,backfill
9107824,house,2026-08-25,2015-10-27,ptr,"Charles J. ""Chuck"" Fleischmann",20260825T1602Z,backfill
9107921,house,2026-08-25,2015-11-17,ptr,"Charles J. ""Chuck"" Fleischmann",20260825T1602Z,backfill
20002378,house,2026-08-25,2015-01-12,ptr,Bill Flores,20260825T1602Z,backfill
20002543,house,2026-08-25,2015-02-10,ptr,Bill Flores,20260825T1602Z,backfill
20002702,house,2026-08-25,2015-03-11,ptr,Bill Flores,20260825T1602Z,backfill
20002703,house,2026-08-25,2015-03-11,ptr,Bill Flores,20260825T1602Z,backfill
20002873,house,2026-08-25,2015-04-14,ptr,Bill Flores,20260825T1602Z,backfill
20003248,house,2026-08-25,2015-06-12,ptr,Bill Flores,20260825T1602Z,backfill
20003359,house,2026-08-25,2015-07-08,ptr,Bill Flores,20260825T1602Z,backfill
20003520,house,2026-08-25,2015-08-01,ptr,Bill Flores,20260825T1602Z,backfill
20003530,house,2026-08-25,2015-08-04,ptr,Bill Flores,20260825T1602Z,backfill
20004110,house,2026-08-25,2015-11-16,ptr,Bill Flores,20260825T1602Z,backfill
20004111,house,2026-08-25,2015-11-16,ptr,Bill Flores,20260825T1602Z,backfill
20004112,house,2026-08-25,2015-11-16,ptr,Bill Flores,20260825T1602Z,backfill
20004223,house,2026-08-25,2015-12-10,ptr,Bill Flores,20260825T1602Z,backfill
20002345,house,2026-08-25,2015-01-08,ptr,Virginia Foxx,20260825T1602Z,backfill
20002527,house,2026-08-25,2015-02-09,ptr,Virginia Foxx,20260825T1602Z,backfill
20002654,house,2026-08-25,2015-03-09,ptr,Virginia Foxx,20260825T1602Z,backfill
20002821,house,2026-08-25,2015-04-03,ptr,Virginia Foxx,20260825T1602Z,backfill
20002991,house,2026-08-25,2015-05-07,ptr,Virginia Foxx,20260825T1602Z,backfill
20003542,house,2026-08-25,2015-08-12,ptr,Virginia Foxx,20260825T1602Z,backfill
20003697,house,2026-08-25,2015-09-08,ptr,Virginia Foxx,20260825T1602Z,backfill
20003889,house,2026-08-25,2015-10-06,ptr,Virginia Foxx,20260825T1602Z,backfill
20004181,house,2026-08-25,2015-12-03,ptr,Virginia Foxx,20260825T1602Z,backfill
20002421,house,2026-08-25,2015-01-20,ptr,Lois Frankel,20260825T1602Z,backfill
20002588,house,2026-08-25,2015-02-18,ptr,Lois Frankel,20260825T1602Z,backfill
20002718,house,2026-08-25,2015-03-24,ptr,Lois Frankel,20260825T1602Z,backfill
20002925,house,2026-08-25,2015-04-22,ptr,Lois Frankel,20260825T1602Z,backfill
20003137,house,2026-08-25,2015-05-27,ptr,Lois Frankel,20260825T1602Z,backfill
20003272,house,2026-08-25,2015-06-19,ptr,Lois Frankel,20260825T1602Z,backfill
20003442,house,2026-08-25,2015-07-20,ptr,Lois Frankel,20260825T1602Z,backfill
20003621,house,2026-08-25,2015-08-18,ptr,Lois Frankel,20260825T1602Z,backfill
20003813,house,2026-08-25,2015-09-25,ptr,Lois Frankel,20260825T1602Z,backfill
20003964,house,2026-08-25,2015-10-19,ptr,Lois Frankel,20260825T1602Z,backfill
20004123,house,2026-08-25,2015-11-30,ptr,Lois Frankel,20260825T1602Z,backfill
9105968,house,2026-08-25,2015-02-03,ptr,Rodney P. Frelinghuysen,20260825T1602Z,backfill
9106286,house,2026-08-25,2015-04-14,ptr,Rodney P. Frelinghuysen,20260825T1602Z,backfill
9106567,house,2026-08-25,2015-05-18,ptr,Rodney P. Frelinghuysen,20260825T1602Z,backfill
9107201,house,2026-08-25,2015-06-23,ptr,Rodney P. Frelinghuysen,20260825T1602Z,backfill
9107430,house,2026-08-25,2015-08-10,ptr,Rodney P. Frelinghuysen,20260825T1602Z,backfill
9107578,house,2026-08-25,2015-09-09,ptr,Rodney P. Frelinghuysen,20260825T1602Z,backfill
9107579,house,2026-08-25,2015-09-09,ptr,Rodney P. Frelinghuysen,20260825T1602Z,backfill
9107580,house,2026-08-25,2015-09-09,ptr,Rodney P. Frelinghuysen,20260825T1602Z,backfill
9107636,house,2026-08-25,2015-09-18,ptr,Rodney P. Frelinghuysen,20260825T1602Z,backfill
9107694,house,2026-08-25,2015-10-09,ptr,Rodney P. Frelinghuysen,20260825T1602Z,backfill
9107795,house,2026-08-25,2015-10-22,ptr,Rodney P. Frelinghuysen,20260825T1602Z,backfill
9107796,house,2026-08-25,2015-10-22,ptr,Rodney P. Frelinghuysen,20260825T1602Z,backfill
9107797,house,2026-08-25,2015-10-22,ptr,Rodney P. Frelinghuysen,20260825T1602Z,backfill
9107853,house,2026-08-25,2015-11-02,ptr,Rodney P. Frelinghuysen,20260825T1602Z,backfill
9107985,house,2026-08-25,2015-12-01,ptr,Rodney P. Frelinghuysen,20260825T1602Z,backfill
9108059,house,2026-08-25,2015-12-15,ptr,Rodney P. Frelinghuysen,20260825T1602Z,backfill
9108101,house,2026-08-25,2016-01-05,ptr,Rodney P. Frelinghuysen,20260825T1602Z,backfill
9108161,house,2026-08-25,2016-01-12,ptr,Rodney P. Frelinghuysen,20260825T1602Z,backfill
9108190,house,2026-08-25,2016-01-13,ptr,Rodney P. Frelinghuysen,20260825T1602Z,backfill
9108394,house,2026-08-25,2016-02-29,ptr,Rodney P. Frelinghuysen,20260825T1602Z,backfill
20002838,house,2026-08-25,2015-04-08,ptr,Bob Gibbs,20260825T1602Z,backfill
20002919,house,2026-08-25,2015-04-21,ptr,Bob Gibbs,20260825T1602Z,backfill
20003050,house,2026-08-25,2015-05-10,ptr,Bob Gibbs,20260825T1602Z,backfill
20003051,house,2026-08-25,2015-05-10,ptr,Bob Gibbs,20260825T1602Z,backfill
20003282,house,2026-08-25,2015-06-20,ptr,Bob Gibbs,20260825T1602Z,backfill
20004146,house,2026-08-25,2015-11-22,ptr,Bob Gibbs,20260825T1602Z,backfill
20004168,house,2026-08-25,2015-11-30,ptr,Bob Gibbs,20260825T1602Z,backfill
20004283,house,2026-08-25,2015-12-21,ptr,Bob Gibbs,20260825T1602Z,backfill
20004285,house,2026-08-25,2015-12-22,ptr,Bob Gibbs,20260825T1602Z,backfill
9107177,house,2026-08-25,2015-06-18,ptr,Alan Grayson,20260825T1602Z,backfill
9107679,house,2026-08-25,2015-09-30,ptr,Alan Grayson,20260825T1602Z,backfill
20002320,house,2026-08-25,2015-01-05,ptr,Raúl M. Grijalva,20260825T1602Z,backfill
20002489,house,2026-08-25,2015-02-02,ptr,Raúl M. Grijalva,20260825T1602Z,backfill
20002639,house,2026-08-25,2015-03-02,ptr,Raúl M. Grijalva,20260825T1602Z,backfill
20003085,house,2026-08-25,2015-05-14,ptr,Raúl M. Grijalva,20260825T1602Z,backfill
20003086,house,2026-08-25,2015-05-14,ptr,Raúl M. Grijalva,20260825T1602Z,backfill
20003237,house,2026-08-25,2015-06-10,ptr,Raúl M. Grijalva,20260825T1602Z,backfill
20003293,house,2026-08-25,2015-06-25,ptr,Raúl M. Grijalva,20260825T1602Z,backfill
20003346,house,2026-08-25,2015-07-06,ptr,Raúl M. Grijalva,20260825T1602Z,backfill
20003592,house,2026-08-25,2015-08-13,ptr,Raúl M. Grijalva,20260825T1602Z,backfill
20003713,house,2026-08-25,2015-09-03,ptr,Raúl M. Grijalva,20260825T1602Z,backfill
20003896,house,2026-08-25,2015-10-05,ptr,Raúl M. Grijalva,20260825T1602Z,backfill
20004026,house,2026-08-25,2015-11-02,ptr,Raúl M. Grijalva,20260825T1602Z,backfill
9106096,house,2026-08-25,2015-02-27,ptr,Brett Guthrie,20260825T1602Z,backfill
20002427,house,2026-08-25,2015-01-21,ptr,Luis V. Gutierrez,20260825T1602Z,backfill
20002535,house,2026-08-25,2015-02-09,ptr,Luis V. Gutierrez,20260825T1602Z,backfill
20002394,house,2026-08-25,2015-01-15,ptr,Richard L. Hanna,20260825T1602Z,backfill
20002548,house,2026-08-25,2015-02-13,ptr,Richard L. Hanna,20260825T1602Z,backfill
20002697,house,2026-08-25,2015-03-11,ptr,Richard L. Hanna,20260825T1602Z,backfill
20002863,house,2026-08-25,2015-04-13,ptr,Richard L. Hanna,20260825T1602Z,backfill
20003056,house,2026-08-25,2015-05-12,ptr,Richard L. Hanna,20260825T1602Z,backfill
20003254,house,2026-08-25,2015-06-15,ptr,Richard L. Hanna,20260825T1602Z,backfill
20003384,house,2026-08-25,2015-07-20,ptr,Richard L. Hanna,20260825T1602Z,backfill
20003563,house,2026-08-25,2015-08-13,ptr,Richard L. Hanna,20260825T1602Z,backfill
20003787,house,2026-08-25,2015-09-16,ptr,Richard L. Hanna,20260825T1602Z,backfill
20003940,house,2026-08-25,2015-10-13,ptr,Richard L. Hanna,20260825T1602Z,backfill
20004073,house,2026-08-25,2015-11-09,ptr,Richard L. Hanna,20260825T1602Z,backfill
20004246,house,2026-08-25,2015-12-14,ptr,Richard L. Hanna,20260825T1602Z,backfill
20002524,house,2026-08-25,2015-02-06,ptr,Rubén Hinojosa,20260825T1602Z,backfill
20002867,house,2026-08-25,2015-04-15,ptr,Rubén Hinojosa,20260825T1602Z,backfill
20003290,house,2026-08-25,2015-06-24,ptr,Rubén Hinojosa,20260825T1602Z,backfill
20003470,house,2026-08-25,2015-07-27,ptr,Rubén Hinojosa,20260825T1602Z,backfill
20003471,house,2026-08-25,2015-07-27,ptr,Rubén Hinojosa,20260825T1602Z,backfill
20003694,house,2026-08-25,2015-08-31,ptr,Rubén Hinojosa,20260825T1602Z,backfill
20004170,house,2026-08-25,2015-11-30,ptr,Rubén Hinojosa,20260825T1602Z,backfill
9106081,house,2026-08-25,2015-03-04,ptr,George Holding,20260825T1602Z,backfill
9106401,house,2026-08-25,2015-05-01,ptr,George Holding,20260825T1602Z,backfill
9107635,house,2026-08-25,2015-09-22,ptr,George Holding,20260825T1602Z,backfill
20003874,house,2026-08-25,2015-10-05,ptr,George Holding,20260825T1602Z,backfill
9108159,house,2026-08-25,2016-01-07,ptr,George Holding,20260825T1602Z,backfill
9107274,house,2026-08-25,2015-07-09,ptr,Robert Hurt,20260825T1602Z,backfill
9106563,house,2026-08-25,2015-05-18,ptr,David W. Jolly,20260825T1602Z,backfill
9105979,house,2026-08-25,2015-02-11,ptr,David P. Joyce,20260825T1602Z,backfill
9106123,house,2026-08-25,2015-03-06,ptr,David P. Joyce,20260825T1602Z,backfill
9106278,house,2026-08-25,2015-04-14,ptr,David P. Joyce,20260825T1602Z,backfill
9108261,house,2026-08-25,2016-02-01,ptr,David P. Joyce,20260825T1602Z,backfill
9108295,house,2026-08-25,2016-02-05,ptr,David P. Joyce,20260825T1602Z,backfill
9106092,house,2026-08-25,2015-02-26,ptr,Mike Kelly,20260825T1602Z,backfill
9106160,house,2026-08-25,2015-03-18,ptr,Mike Kelly,20260825T1602Z,backfill
9106321,house,2026-08-25,2015-04-23,ptr,Mike Kelly,20260825T1602Z,backfill
9106360,house,2026-08-25,2015-04-23,ptr,Mike Kelly,20260825T1602Z,backfill
9106484,house,2026-08-25,2015-05-12,ptr,Mike Kelly,20260825T1602Z,backfill
9107142,house,2026-08-25,2015-06-16,ptr,Mike Kelly,20260825T1602Z,backfill
9107272,house,2026-08-25,2015-07-10,ptr,Mike Kelly,20260825T1602Z,backfill
9107428,house,2026-08-25,2015-08-12,ptr,Mike Kelly,20260825T1602Z,backfill
9107512,house,2026-08-25,2015-08-20,ptr,Mike Kelly,20260825T1602Z,backfill
9107660,house,2026-08-25,2015-09-24,ptr,Mike Kelly,20260825T1602Z,backfill
9107916,house,2026-08-25,2015-11-12,ptr,Mike Kelly,20260825T1602Z,backfill
9107952,house,2026-08-25,2015-11-20,ptr,Mike Kelly,20260825T1602Z,backfill
9108024,house,2026-08-25,2015-12-09,ptr,Mike Kelly,20260825T1602Z,backfill
9108156,house,2026-08-25,2016-01-13,ptr,Mike Kelly,20260825T1602Z,backfill
9108306,house,2026-08-25,2016-02-11,ptr,Mike Kelly,20260825T1602Z,backfill
9107271,house,2026-08-25,2015-07-14,ptr,Joseph P. Kennedy,20260825T1602Z,backfill
9107364,house,2026-08-25,2015-07-29,ptr,Joseph P. Kennedy,20260825T1602Z,backfill
9107659,house,2026-08-25,2015-09-24,ptr,Joseph P. Kennedy,20260825T1602Z,backfill
9107820,house,2026-08-25,2015-10-27,ptr,Joseph P. Kennedy,20260825T1602Z,backfill
9107821,house,2026-08-25,2015-10-27,ptr,Joseph P. Kennedy,20260825T1602Z,backfill
9108098,house,2026-08-25,2016-01-04,ptr,Joseph P. Kennedy,20260825T1602Z,backfill
9108096,house,2026-08-25,2016-01-05,ptr,Derek Kilmer,20260825T1602Z,backfill
9107270,house,2026-08-25,2015-07-09,ptr,Doug Lamborn,20260825T1602Z,backfill
9107851,house,2026-08-25,2015-11-03,ptr,Doug Lamborn,20260825T1602Z,backfill
9108155,house,2026-08-25,2016-01-06,ptr,Doug Lamborn,20260825T1602Z,backfill
9108154,house,2026-08-25,2016-01-12,ptr,Doug Lamborn,20260825T1602Z,backfill
9108075,house,2026-08-25,2015-12-17,ptr,Leonard Lance,20260825T1602Z,backfill
9107427,house,2026-08-25,2015-08-10,ptr,James R. Langevin,20260825T1602Z,backfill
20004013,house,2026-08-25,2015-10-30,ptr,James R. Langevin,20260825T1602Z,backfill
9105967,house,2026-08-25,2015-01-30,ptr,John B. Larson,20260825T1602Z,backfill
9106069,house,2026-08-25,2015-02-13,ptr,John B. Larson,20260825T1602Z,backfill
9106070,house,2026-08-25,2015-02-19,ptr,John B. Larson,20260825T1602Z,backfill
9106171,house,2026-08-25,2015-03-13,ptr,John B. Larson,20260825T1602Z,backfill
9106170,house,2026-08-25,2015-03-18,ptr,John B. Larson,20260825T1602Z,backfill
9106208,house,2026-08-25,2015-03-30,ptr,John B. Larson,20260825T1602Z,backfill
9106400,house,2026-08-25,2015-05-01,ptr,John B. Larson,20260825T1602Z,backfill
9106562,house,2026-08-25,2015-05-18,ptr,John B. Larson,20260825T1602Z,backfill
9106898,house,2026-08-25,2015-05-22,ptr,John B. Larson,20260825T1602Z,backfill
9107080,house,2026-08-25,2015-06-04,ptr,John B. Larson,20260825T1602Z,backfill
9107543,house,2026-08-25,2015-08-27,ptr,John B. Larson,20260825T1602Z,backfill
9108022,house,2026-08-25,2015-12-09,ptr,John B. Larson,20260825T1602Z,backfill
9108097,house,2026-08-25,2015-12-23,ptr,John B. Larson,20260825T1602Z,backfill
9107690,house,2026-08-25,2015-10-09,ptr,Brenda Lulenar Lawrence,20260825T1602Z,backfill
20003622,house,2026-08-25,2015-08-19,ptr,Zoe Lofgren,20260825T1602Z,backfill
9106121,house,2026-08-25,2015-03-06,ptr,Billy Long,20260825T1602Z,backfill
9107167,house,2026-08-25,2015-06-17,ptr,Billy Long,20260825T1602Z,backfill
9107852,house,2026-08-25,2015-11-03,ptr,Billy Long,20260825T1602Z,backfill
20002395,house,2026-08-25,2015-01-14,ptr,Alan S. Lowenthal,20260825T1602Z,backfill
20002447,house,2026-08-25,2015-01-25,ptr,Alan S. Lowenthal,20260825T1602Z,backfill
20002538,house,2026-08-25,2015-02-10,ptr,Alan S. Lowenthal,20260825T1602Z,backfill
20002593,house,2026-08-25,2015-02-22,ptr,Alan S. Lowenthal,20260825T1602Z,backfill
20002636,house,2026-08-25,2015-03-01,ptr,Alan S. Lowenthal,20260825T1602Z,backfill
20002742,house,2026-08-25,2015-03-16,ptr,Alan S. Lowenthal,20260825T1602Z,backfill
20002752,house,2026-08-25,2015-03-22,ptr,Alan S. Lowenthal,20260825T1602Z,backfill
20002861,house,2026-08-25,2015-04-12,ptr,Alan S. Lowenthal,20260825T1602Z,backfill
20002982,house,2026-08-25,2015-05-01,ptr,Alan S. Lowenthal,20260825T1602Z,backfill
20002986,house,2026-08-25,2015-05-02,ptr,Alan S. Lowenthal,20260825T1602Z,backfill
20003003,house,2026-08-25,2015-05-05,ptr,Alan S. Lowenthal,20260825T1602Z,backfill
20003052,house,2026-08-25,2015-05-10,ptr,Alan S. Lowenthal,20260825T1602Z,backfill
20003171,house,2026-08-25,2015-05-23,ptr,Alan S. Lowenthal,20260825T1602Z,backfill
20003252,house,2026-08-25,2015-06-13,ptr,Alan S. Lowenthal,20260825T1602Z,backfill
20003281,house,2026-08-25,2015-06-19,ptr,Alan S. Lowenthal,20260825T1602Z,backfill
20003469,house,2026-08-25,2015-07-25,ptr,Alan S. Lowenthal,20260825T1602Z,backfill
20003535,house,2026-08-25,2015-08-05,ptr,Alan S. Lowenthal,20260825T1602Z,backfill
20003623,house,2026-08-25,2015-08-18,ptr,Alan S. Lowenthal,20260825T1602Z,backfill
20003691,house,2026-08-25,2015-08-29,ptr,Alan S. Lowenthal,20260825T1602Z,backfill
20003803,house,2026-08-25,2015-09-18,ptr,Alan S. Lowenthal,20260825T1602Z,backfill
20003912,house,2026-08-25,2015-10-08,ptr,Alan S. Lowenthal,20260825T1602Z,backfill
20004016,house,2026-08-25,2015-10-31,ptr,Alan S. Lowenthal,20260825T1602Z,backfill
20004035,house,2026-08-25,2015-11-02,ptr,Alan S. Lowenthal,20260825T1602Z,backfill
20004120,house,2026-08-25,2015-11-19,ptr,Alan S. Lowenthal,20260825T1602Z,backfill
20004202,house,2026-08-25,2015-12-05,ptr,Alan S. Lowenthal,20260825T1602Z,backfill
20004218,house,2026-08-25,2015-12-10,ptr,Alan S. Lowenthal,20260825T1602Z,backfill
20004219,house,2026-08-25,2015-12-10,ptr,Alan S. Lowenthal,20260825T1602Z,backfill
20004303,house,2026-08-25,2015-12-23,ptr,Alan S. Lowenthal,20260825T1602Z,backfill
20002754,house,2026-08-25,2015-03-23,ptr,Nita M. Lowey,20260825T1602Z,backfill
20002595,house,2026-08-25,2015-03-05,ptr,Thomas MacArthur,20260825T1602Z,backfill
20002684,house,2026-08-25,2015-03-11,ptr,Thomas MacArthur,20260825T1602Z,backfill
20002797,house,2026-08-25,2015-04-11,ptr,Thomas MacArthur,20260825T1602Z,backfill
20003077,house,2026-08-25,2015-05-13,ptr,Thomas MacArthur,20260825T1602Z,backfill
20003193,house,2026-08-25,2015-06-07,ptr,Thomas MacArthur,20260825T1602Z,backfill
20003329,house,2026-08-25,2015-07-11,ptr,Thomas MacArthur,20260825T1602Z,backfill
20003531,house,2026-08-25,2015-08-06,ptr,Thomas MacArthur,20260825T1602Z,backfill
20003739,house,2026-08-25,2015-09-08,ptr,Thomas MacArthur,20260825T1602Z,backfill
20003902,house,2026-08-25,2015-10-08,ptr,Thomas MacArthur,20260825T1602Z,backfill
20004036,house,2026-08-25,2015-11-03,ptr,Thomas MacArthur,20260825T1602Z,backfill
20004178,house,2026-08-25,2015-12-06,ptr,Thomas MacArthur,20260825T1602Z,backfill
9105974,house,2026-08-25,2015-02-11,ptr,Kenny Marchant,20260825T1602Z,backfill
9106120,house,2026-08-25,2015-03-09,ptr,Kenny Marchant,20260825T1602Z,backfill
9106243,house,2026-08-25,2015-04-02,ptr,Kenny Marchant,20260825T1602Z,backfill
9106399,house,2026-08-25,2015-05-05,ptr,Kenny Marchant,20260825T1602Z,backfill
9107077,house,2026-08-25,2015-06-02,ptr,Kenny Marchant,20260825T1602Z,backfill
9107241,house,2026-08-25,2015-07-08,ptr,Kenny Marchant,20260825T1602Z,backfill
9107477,house,2026-08-25,2015-08-13,ptr,Kenny Marchant,20260825T1602Z,backfill
9107634,house,2026-08-25,2015-09-17,ptr,Kenny Marchant,20260825T1602Z,backfill
9107689,house,2026-08-25,2015-10-06,ptr,Kenny Marchant,20260825T1602Z,backfill
9107905,house,2026-08-25,2015-11-13,ptr,Kenny Marchant,20260825T1602Z,backfill
9108054,house,2026-08-25,2015-12-15,ptr,Kenny Marchant,20260825T1602Z,backfill
9111643,house,2026-08-25,2017-08-17,ptr,Kenny Marchant,20260825T1602Z,backfill
9111644,house,2026-08-25,2017-08-17,ptr,Kenny Marchant,20260825T1602Z,backfill
9111645,house,2026-08-25,2017-08-17,ptr,Kenny Marchant,20260825T1602Z,backfill
9105973,house,2026-08-25,2015-02-12,ptr,Michael T. McCaul,20260825T1602Z,backfill
9106161,house,2026-08-25,2015-03-18,ptr,Michael T. McCaul,20260825T1602Z,backfill
9106277,house,2026-08-25,2015-04-16,ptr,Michael T. McCaul,20260825T1602Z,backfill
9106473,house,2026-08-25,2015-05-14,ptr,Michael T. McCaul,20260825T1602Z,backfill
9107166,house,2026-08-25,2015-06-16,ptr,Michael T. McCaul,20260825T1602Z,backfill
9107269,house,2026-08-25,2015-07-10,ptr,Michael T. McCaul,20260825T1602Z,backfill
9107305,house,2026-08-25,2015-07-16,ptr,Michael T. McCaul,20260825T1602Z,backfill
9107533,house,2026-08-25,2015-08-24,ptr,Michael T. McCaul,20260825T1602Z,backfill
9107657,house,2026-08-25,2015-09-25,ptr,Michael T. McCaul,20260825T1602Z,backfill
9107756,house,2026-08-25,2015-10-21,ptr,Michael T. McCaul,20260825T1602Z,backfill
9107906,house,2026-08-25,2015-11-19,ptr,Michael T. McCaul,20260825T1602Z,backfill
9108071,house,2026-08-25,2015-12-16,ptr,Michael T. McCaul,20260825T1602Z,backfill
9108260,house,2026-08-25,2016-02-03,ptr,Michael T. McCaul,20260825T1602Z,backfill
20002387,house,2026-08-25,2015-01-14,ptr,Jim McDermott,20260825T1602Z,backfill
20003009,house,2026-08-25,2015-05-05,ptr,Jim McDermott,20260825T1602Z,backfill
20003271,house,2026-08-25,2015-06-18,ptr,Jim McDermott,20260825T1602Z,backfill
20003432,house,2026-08-25,2015-07-16,ptr,Jim McDermott,20260825T1602Z,backfill
20003913,house,2026-08-25,2015-10-08,ptr,Jim McDermott,20260825T1602Z,backfill
20004216,house,2026-08-25,2015-12-09,ptr,Jim McDermott,20260825T1602Z,backfill
20002960,house,2026-08-25,2015-04-30,ptr,David B. McKinley,20260825T1602Z,backfill
20003192,house,2026-08-25,2015-06-01,ptr,David B. McKinley,20260825T1602Z,backfill
20003833,house,2026-08-25,2015-10-05,ptr,David B. McKinley,20260825T1602Z,backfill
20004012,house,2026-08-25,2015-11-02,ptr,David B. McKinley,20260825T1602Z,backfill
9107585,house,2026-08-25,2015-09-08,ptr,Mark R Meadows,20260825T1602Z,backfill
20003123,house,2026-08-25,2015-05-15,ptr,Grace Meng,20260825T1602Z,backfill
20002498,house,2026-08-25,2015-02-04,ptr,Mick Mulvaney,20260825T1602Z,backfill
20003255,house,2026-08-25,2015-06-15,ptr,Mick Mulvaney,20260825T1602Z,backfill
20002481,house,2026-08-25,2015-01-30,ptr,Randy Neugebauer,20260825T1602Z,backfill
20002483,house,2026-08-25,2015-02-02,ptr,Randy Neugebauer,20260825T1602Z,backfill
20002698,house,2026-08-25,2015-03-10,ptr,Randy Neugebauer,20260825T1602Z,backfill
20002860,house,2026-08-25,2015-04-11,ptr,Randy Neugebauer,20260825T1602Z,backfill
20002926,house,2026-08-25,2015-04-22,ptr,Randy Neugebauer,20260825T1602Z,backfill
20003063,house,2026-08-25,2015-05-11,ptr,Randy Neugebauer,20260825T1602Z,backfill
20003126,house,2026-08-25,2015-05-15,ptr,Randy Neugebauer,20260825T1602Z,backfill
20003144,house,2026-08-25,2015-05-20,ptr,Randy Neugebauer,20260825T1602Z,backfill
20003251,house,2026-08-25,2015-06-13,ptr,Randy Neugebauer,20260825T1602Z,backfill
20003341,house,2026-08-25,2015-07-08,ptr,Randy Neugebauer,20260825T1602Z,backfill
20003429,house,2026-08-25,2015-07-16,ptr,Randy Neugebauer,20260825T1602Z,backfill
20003441,house,2026-08-25,2015-07-21,ptr,Randy Neugebauer,20260825T1602Z,backfill
20003468,house,2026-08-25,2015-07-25,ptr,Randy Neugebauer,20260825T1602Z,backfill
20003516,house,2026-08-25,2015-08-01,ptr,Randy Neugebauer,20260825T1602Z,backfill
20003551,house,2026-08-25,2015-08-07,ptr,Randy Neugebauer,20260825T1602Z,backfill
20004108,house,2026-08-25,2015-11-30,ptr,Randy Neugebauer,20260825T1602Z,backfill
20004277,house,2026-08-25,2015-12-18,ptr,Randy Neugebauer,20260825T1602Z,backfill
20002403,house,2026-08-25,2015-01-16,ptr,Eleanor Holmes Norton,20260825T1602Z,backfill
20002500,house,2026-08-25,2015-02-05,ptr,Eleanor Holmes Norton,20260825T1602Z,backfill
20002796,house,2026-08-25,2015-03-31,ptr,Eleanor Holmes Norton,20260825T1602Z,backfill
20003859,house,2026-08-25,2015-09-30,ptr,Eleanor Holmes Norton,20260825T1602Z,backfill
20004199,house,2026-08-25,2015-12-04,ptr,Eleanor Holmes Norton,20260825T1602Z,backfill
20002425,house,2026-08-25,2015-01-19,ptr,Beto O'Rourke,20260825T1602Z,backfill
9107994,house,2026-08-25,2015-12-01,ptr,Gary Palmer,20260825T1602Z,backfill
9105895,house,2026-08-25,2015-01-22,ptr,Erik Paulsen,20260825T1602Z,backfill
9107703,house,2026-08-25,2015-10-08,ptr,Erik Paulsen,20260825T1602Z,backfill
20002351,house,2026-08-25,2015-01-12,ptr,Nancy Pelosi,20260825T1602Z,backfill
20003320,house,2026-08-25,2015-07-07,ptr,Nancy Pelosi,20260825T1602Z,backfill
20003475,house,2026-08-25,2015-07-28,ptr,Nancy Pelosi,20260825T1602Z,backfill
20002353,house,2026-08-25,2015-01-12,ptr,Scott H. Peters,20260825T1602Z,backfill
20002520,house,2026-08-25,2015-02-12,ptr,Scott H. Peters,20260825T1602Z,backfill
20002836,house,2026-08-25,2015-04-14,ptr,Scott H. Peters,20260825T1602Z,backfill
20003064,house,2026-08-25,2015-05-12,ptr,Scott H. Peters,20260825T1602Z,backfill
20003204,house,2026-08-25,2015-06-11,ptr,Scott H. Peters,20260825T1602Z,backfill
20003431,house,2026-08-25,2015-07-28,ptr,Scott H. Peters,20260825T1602Z,backfill
20003617,house,2026-08-25,2015-08-16,ptr,Scott H. Peters,20260825T1602Z,backfill
20003741,house,2026-08-25,2015-09-12,ptr,Scott H. Peters,20260825T1602Z,backfill
20003941,house,2026-08-25,2015-10-14,ptr,Scott H. Peters,20260825T1602Z,backfill
9105978,house,2026-08-25,2015-02-12,ptr,Jared Polis,20260825T1602Z,backfill
9106054,house,2026-08-25,2015-02-20,ptr,Jared Polis,20260825T1602Z,backfill
9106166,house,2026-08-25,2015-03-18,ptr,Jared Polis,20260825T1602Z,backfill
9106242,house,2026-08-25,2015-04-10,ptr,Jared Polis,20260825T1602Z,backfill
9106468,house,2026-08-25,2015-05-14,ptr,Jared Polis,20260825T1602Z,backfill
9107180,house,2026-08-25,2015-06-19,ptr,Jared Polis,20260825T1602Z,backfill
9107265,house,2026-08-25,2015-07-15,ptr,Jared Polis,20260825T1602Z,backfill
9107266,house,2026-08-25,2015-07-15,ptr,Jared Polis,20260825T1602Z,backfill
9107492,house,2026-08-25,2015-08-17,ptr,Jared Polis,20260825T1602Z,backfill
9107633,house,2026-08-25,2015-09-21,ptr,Jared Polis,20260825T1602Z,backfill
9107677,house,2026-08-25,2015-09-30,ptr,Jared Polis,20260825T1602Z,backfill
9107793,house,2026-08-25,2015-10-22,ptr,Jared Polis,20260825T1602Z,backfill
9107912,house,2026-08-25,2015-11-18,ptr,Jared Polis,20260825T1602Z,backfill
9108063,house,2026-08-25,2015-12-14,ptr,Jared Polis,20260825T1602Z,backfill
9108223,house,2026-08-25,2016-01-27,ptr,Jared Polis,20260825T1602Z,backfill
20002497,house,2026-08-25,2015-02-04,ptr,David E. Price,20260825T1602Z,backfill
20002645,house,2026-08-25,2015-03-03,ptr,David E. Price,20260825T1602Z,backfill
9106475,house,2026-08-25,2015-05-14,ptr,David E. Price,20260825T1602Z,backfill
20003611,house,2026-08-25,2015-08-14,ptr,David E. Price,20260825T1602Z,backfill
20003800,house,2026-08-25,2015-09-17,ptr,David E. Price,20260825T1602Z,backfill
20003862,house,2026-08-25,2015-09-30,ptr,David E. Price,20260825T1602Z,backfill
20004040,house,2026-08-25,2015-11-03,ptr,David E. Price,20260825T1602Z,backfill
9105977,house,2026-08-25,2015-02-10,ptr,Tom Price,20260825T1602Z,backfill
9107076,house,2026-08-25,2015-06-04,ptr,Tom Price,20260825T1602Z,backfill
9107264,house,2026-08-25,2015-07-10,ptr,Tom Price,20260825T1602Z,backfill
9107460,house,2026-08-25,2015-08-13,ptr,Tom Price,20260825T1602Z,backfill
9108050,house,2026-08-25,2015-12-11,ptr,Tom Price,20260825T1602Z,backfill
9108195,house,2026-08-25,2016-01-19,ptr,Tom Price,20260825T1602Z,backfill
20002391,house,2026-08-25,2015-01-14,ptr,Nick J. Rahall,20260825T1602Z,backfill
9105892,house,2026-08-25,2015-01-26,ptr,James B. Renacci,20260825T1602Z,backfill
9105976,house,2026-08-25,2015-02-10,ptr,James B. Renacci,20260825T1602Z,backfill
9106067,house,2026-08-25,2015-02-18,ptr,James B. Renacci,20260825T1602Z,backfill
9106080,house,2026-08-25,2015-03-04,ptr,James B. Renacci,20260825T1602Z,backfill
9106159,house,2026-08-25,2015-03-18,ptr,James B. Renacci,20260825T1602Z,backfill
9106236,house,2026-08-25,2015-04-07,ptr,James B. Renacci,20260825T1602Z,backfill
9106322,house,2026-08-25,2015-04-22,ptr,James B. Renacci,20260825T1602Z,backfill
9106391,house,2026-08-25,2015-05-05,ptr,James B. Renacci,20260825T1602Z,backfill
9106896,house,2026-08-25,2015-05-22,ptr,James B. Renacci,20260825T1602Z,backfill
9107071,house,2026-08-25,2015-06-03,ptr,James B. Renacci,20260825T1602Z,backfill
9107140,house,2026-08-25,2015-06-15,ptr,James B. Renacci,20260825T1602Z,backfill
9107236,house,2026-08-25,2015-07-07,ptr,James B. Renacci,20260825T1602Z,backfill
9107324,house,2026-08-25,2015-07-22,ptr,James B. Renacci,20260825T1602Z,backfill
9107424,house,2026-08-25,2015-08-11,ptr,James B. Renacci,20260825T1602Z,backfill
9107529,house,2026-08-25,2015-08-25,ptr,James B. Renacci,20260825T1602Z,backfill
9107588,house,2026-08-25,2015-09-08,ptr,James B. Renacci,20260825T1602Z,backfill
9107656,house,2026-08-25,2015-09-24,ptr,James B. Renacci,20260825T1602Z,backfill
9107702,house,2026-08-25,2015-10-05,ptr,James B. Renacci,20260825T1602Z,backfill
9107755,house,2026-08-25,2015-10-20,ptr,James B. Renacci,20260825T1602Z,backfill
9107904,house,2026-08-25,2015-11-13,ptr,James B. Renacci,20260825T1602Z,backfill
9107956,house,2026-08-25,2015-11-23,ptr,James B. Renacci,20260825T1602Z,backfill
9108020,house,2026-08-25,2015-12-07,ptr,James B. Renacci,20260825T1602Z,backfill
9108070,house,2026-08-25,2015-12-21,ptr,James B. Renacci,20260825T1602Z,backfill
9108094,house,2026-08-25,2016-01-06,ptr,James B. Renacci,20260825T1602Z,backfill
9105894,house,2026-08-25,2015-01-28,ptr,Cedric L. Richmond,20260825T1602Z,backfill
20002866,house,2026-08-25,2015-04-13,ptr,E. Scott Rigell,20260825T1602Z,backfill
20003114,house,2026-08-25,2015-05-15,ptr,E. Scott Rigell,20260825T1602Z,backfill
20003265,house,2026-08-25,2015-06-16,ptr,E. Scott Rigell,20260825T1602Z,backfill
20003447,house,2026-08-25,2015-07-20,ptr,E. Scott Rigell,20260825T1602Z,backfill
20003625,house,2026-08-25,2015-08-18,ptr,E. Scott Rigell,20260825T1602Z,backfill
20003861,house,2026-08-25,2015-09-30,ptr,E. Scott Rigell,20260825T1602Z,backfill
20003986,house,2026-08-25,2015-10-23,ptr,E. Scott Rigell,20260825T1602Z,backfill
20004154,house,2026-08-25,2015-11-25,ptr,E. Scott Rigell,20260825T1602Z,backfill
9106066,house,2026-08-25,2015-02-18,ptr,David P. Roe,20260825T1602Z,backfill
9106165,house,2026-08-25,2015-03-13,ptr,David P. Roe,20260825T1602Z,backfill
9106241,house,2026-08-25,2015-04-10,ptr,David P. Roe,20260825T1602Z,backfill
9106553,house,2026-08-25,2015-05-08,ptr,David P. Roe,20260825T1602Z,backfill
9107139,house,2026-08-25,2015-06-15,ptr,David P. Roe,20260825T1602Z,backfill
9107263,house,2026-08-25,2015-07-10,ptr,David P. Roe,20260825T1602Z,backfill
9107423,house,2026-08-25,2015-08-06,ptr,David P. Roe,20260825T1602Z,backfill
9107609,house,2026-08-25,2015-09-11,ptr,David P. Roe,20260825T1602Z,backfill
9107722,house,2026-08-25,2015-10-13,ptr,David P. Roe,20260825T1602Z,backfill
9107911,house,2026-08-25,2015-11-12,ptr,David P. Roe,20260825T1602Z,backfill
9108049,house,2026-08-25,2015-12-14,ptr,David P. Roe,20260825T1602Z,backfill
9108197,house,2026-08-25,2016-01-15,ptr,David P. Roe,20260825T1602Z,backfill
9105961,house,2026-08-25,2015-02-04,ptr,Harold Dallas Rogers,20260825T1602Z,backfill
9106117,house,2026-08-25,2015-03-09,ptr,Harold Dallas Rogers,20260825T1602Z,backfill
9106269,house,2026-08-25,2015-04-14,ptr,Harold Dallas Rogers,20260825T1602Z,backfill
9106490,house,2026-08-25,2015-05-13,ptr,Harold Dallas Rogers,20260825T1602Z,backfill
9107120,house,2026-08-25,2015-06-09,ptr,Harold Dallas Rogers,20260825T1602Z,backfill
9107262,house,2026-08-25,2015-07-09,ptr,Harold Dallas Rogers,20260825T1602Z,backfill
9107422,house,2026-08-25,2015-08-07,ptr,Harold Dallas Rogers,20260825T1602Z,backfill
9107590,house,2026-08-25,2015-09-09,ptr,Harold Dallas Rogers,20260825T1602Z,backfill
9107701,house,2026-08-25,2015-10-07,ptr,Harold Dallas Rogers,20260825T1602Z,backfill
9107847,house,2026-08-25,2015-11-05,ptr,Harold Dallas Rogers,20260825T1602Z,backfill
9108019,house,2026-08-25,2015-12-09,ptr,Harold Dallas Rogers,20260825T1602Z,backfill
9108151,house,2026-08-25,2016-01-08,ptr,Harold Dallas Rogers,20260825T1602Z,backfill
20002432,house,2026-08-25,2015-01-23,ptr,Raul Ruiz,20260825T1602Z,backfill
20003115,house,2026-08-25,2015-05-17,ptr,Linda T. Sanchez,20260825T1602Z,backfill
20004003,house,2026-08-25,2015-10-29,ptr,Mark Sanford,20260825T1602Z,backfill
9106087,house,2026-08-25,2015-02-26,ptr,Adam B. Schiff,20260825T1602Z,backfill
9107910,house,2026-08-25,2015-11-20,ptr,Adam B. Schiff,20260825T1602Z,backfill
9108148,house,2026-08-25,2016-01-07,ptr,Adam B. Schiff,20260825T1602Z,backfill
20002402,house,2026-08-25,2015-01-16,ptr,Bradley S. Schneider,20260825T1602Z,backfill
9106557,house,2026-08-25,2015-05-18,ptr,Bradley S. Schneider,20260825T1602Z,backfill
9105975,house,2026-08-25,2015-02-06,ptr,Kurt Schrader,20260825T1602Z,backfill
9106164,house,2026-08-25,2015-03-17,ptr,Kurt Schrader,20260825T1602Z,backfill
9106276,house,2026-08-25,2015-04-15,ptr,Kurt Schrader,20260825T1602Z,backfill
9106485,house,2026-08-25,2015-05-13,ptr,Kurt Schrader,20260825T1602Z,backfill
9107178,house,2026-08-25,2015-06-17,ptr,Kurt Schrader,20260825T1602Z,backfill
9107260,house,2026-08-25,2015-07-14,ptr,Kurt Schrader,20260825T1602Z,backfill
9107420,house,2026-08-25,2015-08-10,ptr,Kurt Schrader,20260825T1602Z,backfill
9107589,house,2026-08-25,2015-09-09,ptr,Kurt Schrader,20260825T1602Z,backfill
9107700,house,2026-08-25,2015-10-07,ptr,Kurt Schrader,20260825T1602Z,backfill
9107846,house,2026-08-25,2015-11-04,ptr,Kurt Schrader,20260825T1602Z,backfill
9108048,house,2026-08-25,2015-12-16,ptr,Kurt Schrader,20260825T1602Z,backfill
9108149,house,2026-08-25,2016-01-07,ptr,Kurt Schrader,20260825T1602Z,backfill
9106374,house,2026-08-25,2015-04-23,ptr,Austin Scott,20260825T1602Z,backfill
9107240,house,2026-08-25,2015-07-07,ptr,Austin Scott,20260825T1602Z,backfill
20001382,house,2026-08-25,2015-10-15,ptr,"Robert C. ""Bobby"" Scott",20260825T1602Z,backfill
9106275,house,2026-08-25,2015-04-14,ptr,F. James Sensenbrenner,20260825T1602Z,backfill
9107323,house,2026-08-25,2015-07-21,ptr,F. James Sensenbrenner,20260825T1602Z,backfill
20003069,house,2026-08-25,2015-05-14,ptr,Pete Sessions,20260825T1602Z,backfill
20002370,house,2026-08-25,2015-01-10,ptr,Michael K. Simpson,20260825T1602Z,backfill
20002572,house,2026-08-25,2015-02-13,ptr,Michael K. Simpson,20260825T1602Z,backfill
20002862,house,2026-08-25,2015-04-12,ptr,Michael K. Simpson,20260825T1602Z,backfill
20003013,house,2026-08-25,2015-05-06,ptr,Michael K. Simpson,20260825T1602Z,backfill
20003060,house,2026-08-25,2015-05-11,ptr,Michael K. Simpson,20260825T1602Z,backfill
20003231,house,2026-08-25,2015-06-09,ptr,Michael K. Simpson,20260825T1602Z,backfill
20003616,house,2026-08-25,2015-08-15,ptr,Michael K. Simpson,20260825T1602Z,backfill
20003773,house,2026-08-25,2015-09-11,ptr,Michael K. Simpson,20260825T1602Z,backfill
20003779,house,2026-08-25,2015-09-14,ptr,Michael K. Simpson,20260825T1602Z,backfill
20003891,house,2026-08-25,2015-10-05,ptr,Michael K. Simpson,20260825T1602Z,backfill
20003892,house,2026-08-25,2015-10-05,ptr,Michael K. Simpson,20260825T1602Z,backfill
20003938,house,2026-08-25,2015-10-11,ptr,Michael K. Simpson,20260825T1602Z,backfill
20003198,house,2026-08-25,2015-06-03,ptr,Louise McIntosh Slaughter,20260825T1602Z,backfill
20003743,house,2026-08-25,2015-09-09,ptr,Louise McIntosh Slaughter,20260825T1602Z,backfill
20004182,house,2026-08-25,2015-12-03,ptr,Louise McIntosh Slaughter,20260825T1602Z,backfill
20002324,house,2026-08-25,2015-01-19,ptr,Lamar Smith,20260825T1602Z,backfill
20002501,house,2026-08-25,2015-02-13,ptr,Lamar Smith,20260825T1602Z,backfill
20002696,house,2026-08-25,2015-03-16,ptr,Lamar Smith,20260825T1602Z,backfill
20002840,house,2026-08-25,2015-04-13,ptr,Lamar Smith,20260825T1602Z,backfill
20003021,house,2026-08-25,2015-05-08,ptr,Lamar Smith,20260825T1602Z,backfill
20003233,house,2026-08-25,2015-06-11,ptr,Lamar Smith,20260825T1602Z,backfill
20003353,house,2026-08-25,2015-07-13,ptr,Lamar Smith,20260825T1602Z,backfill
20003532,house,2026-08-25,2015-08-11,ptr,Lamar Smith,20260825T1602Z,backfill
20003712,house,2026-08-25,2015-09-16,ptr,Lamar Smith,20260825T1602Z,backfill
20003903,house,2026-08-25,2015-10-12,ptr,Lamar Smith,20260825T1602Z,backfill
20004044,house,2026-08-25,2015-11-12,ptr,Lamar Smith,20260825T1602Z,backfill
20004207,house,2026-08-25,2015-12-09,ptr,Lamar Smith,20260825T1602Z,backfill
9106201,house,2026-08-25,2015-03-26,ptr,Jackie Speier,20260825T1602Z,backfill
9107549,house,2026-08-25,2015-08-31,ptr,Jackie Speier,20260825T1602Z,backfill
9107699,house,2026-08-25,2015-10-05,ptr,Steve Stivers,20260825T1602Z,backfill
9106086,house,2026-08-25,2015-02-27,ptr,Eric Swalwell,20260825T1602Z,backfill
9106240,house,2026-08-25,2015-04-07,ptr,Eric Swalwell,20260825T1602Z,backfill
9106279,house,2026-08-25,2015-04-14,ptr,Eric Swalwell,20260825T1602Z,backfill
9108047,house,2026-08-25,2015-12-11,ptr,Eric Swalwell,20260825T1602Z,backfill
9107792,house,2026-08-25,2015-10-22,ptr,Dina Titus,20260825T1602Z,backfill
9108046,house,2026-08-25,2015-12-10,ptr,Dina Titus,20260825T1602Z,backfill
20002445,house,2026-08-25,2015-02-02,ptr,David A. Trott,20260825T1602Z,backfill
20002631,house,2026-08-25,2015-03-03,ptr,David A. Trott,20260825T1602Z,backfill
20002788,house,2026-08-25,2015-04-01,ptr,David A. Trott,20260825T1602Z,backfill
20002881,house,2026-08-25,2015-05-01,ptr,David A. Trott,20260825T1602Z,backfill
20003179,house,2026-08-25,2015-06-02,ptr,David A. Trott,20260825T1602Z,backfill
20003323,house,2026-08-25,2015-07-02,ptr,David A. Trott,20260825T1602Z,backfill
20003538,house,2026-08-25,2015-08-05,ptr,David A. Trott,20260825T1602Z,backfill
20003711,house,2026-08-25,2015-09-03,ptr,David A. Trott,20260825T1602Z,backfill
20003875,house,2026-08-25,2015-10-06,ptr,David A. Trott,20260825T1602Z,backfill
20004033,house,2026-08-25,2015-11-03,ptr,David A. Trott,20260825T1602Z,backfill
20004177,house,2026-08-25,2015-12-02,ptr,David A. Trott,20260825T1602Z,backfill
9106200,house,2026-08-25,2015-03-25,ptr,Niki Tsongas,20260825T1602Z,backfill
9107362,house,2026-08-25,2015-07-30,ptr,Fred Upton,20260825T1602Z,backfill
9107655,house,2026-08-25,2015-09-28,ptr,Fred Upton,20260825T1602Z,backfill
9107909,house,2026-08-25,2015-11-18,ptr,Fred Upton,20260825T1602Z,backfill
9108194,house,2026-08-25,2016-01-13,ptr,Fred Upton,20260825T1602Z,backfill
9107955,house,2026-08-25,2015-11-23,ptr,Chris Van Hollen,20260825T1602Z,backfill
9107548,house,2026-08-25,2015-09-01,ptr,Marc A. Veasey,20260825T1602Z,backfill
9106394,house,2026-08-25,2015-05-05,ptr,Ann Wagner,20260825T1602Z,backfill
9107119,house,2026-08-25,2015-06-09,ptr,Ann Wagner,20260825T1602Z,backfill
9107238,house,2026-08-25,2015-07-08,ptr,Ann Wagner,20260825T1602Z,backfill
9107382,house,2026-08-25,2015-08-05,ptr,Ann Wagner,20260825T1602Z,backfill
20000883,house,2026-08-25,2015-06-12,ptr,Debbie Wasserman Schultz,20260825T1602Z,backfill
20003402,house,2026-08-25,2015-07-15,ptr,Debbie Wasserman Schultz,20260825T1602Z,backfill
20003667,house,2026-08-25,2015-09-01,ptr,Debbie Wasserman Schultz,20260825T1602Z,backfill
20003704,house,2026-08-25,2015-09-09,ptr,Debbie Wasserman Schultz,20260825T1602Z,backfill
9105958,house,2026-08-25,2015-02-04,ptr,Peter Welch,20260825T1602Z,backfill
9106116,house,2026-08-25,2015-03-04,ptr,Peter Welch,20260825T1602Z,backfill
9106393,house,2026-08-25,2015-05-04,ptr,Peter Welch,20260825T1602Z,backfill
9107072,house,2026-08-25,2015-06-04,ptr,Peter Welch,20260825T1602Z,backfill
9107237,house,2026-08-25,2015-07-02,ptr,Peter Welch,20260825T1602Z,backfill
9107381,house,2026-08-25,2015-08-04,ptr,Peter Welch,20260825T1602Z,backfill
9107591,house,2026-08-25,2015-09-08,ptr,Peter Welch,20260825T1602Z,backfill
9107697,house,2026-08-25,2015-10-06,ptr,Peter Welch,20260825T1602Z,backfill
9107844,house,2026-08-25,2015-11-05,ptr,Peter Welch,20260825T1602Z,backfill
9108018,house,2026-08-25,2015-12-04,ptr,Peter Welch,20260825T1602Z,backfill
9108091,house,2026-08-25,2016-01-05,ptr,Peter Welch,20260825T1602Z,backfill
20002325,house,2026-08-25,2015-01-08,ptr,Ed Whitfield,20260825T1602Z,backfill
20002711,house,2026-08-25,2015-03-13,ptr,Ed Whitfield,20260825T1602Z,backfill
20002865,house,2026-08-25,2015-04-13,ptr,Ed Whitfield,20260825T1602Z,backfill
20003045,house,2026-08-25,2015-05-14,ptr,Ed Whitfield,20260825T1602Z,backfill
20003390,house,2026-08-25,2015-07-13,ptr,Ed Whitfield,20260825T1602Z,backfill
20003527,house,2026-08-25,2015-08-14,ptr,Ed Whitfield,20260825T1602Z,backfill
20003784,house,2026-08-25,2015-09-15,ptr,Ed Whitfield,20260825T1602Z,backfill
20003946,house,2026-08-25,2015-10-16,ptr,Ed Whitfield,20260825T1602Z,backfill
20004222,house,2026-08-25,2015-12-16,ptr,Ed Whitfield,20260825T1602Z,backfill
20003895,house,2026-08-25,2015-10-15,ptr,Robert J. Wittman,20260825T1602Z,backfill
20004084,house,2026-08-25,2015-11-19,ptr,Robert J. Wittman,20260825T1602Z,backfill
20003062,house,2026-08-25,2015-05-11,ptr,Steve Womack,20260825T1602Z,backfill
20003066,house,2026-08-25,2015-05-12,ptr,Steve Womack,20260825T1602Z,backfill
20003453,house,2026-08-25,2015-07-22,ptr,Steve Womack,20260825T1602Z,backfill
20003972,house,2026-08-25,2015-10-21,ptr,Steve Womack,20260825T1602Z,backfill
20002630,house,2026-08-25,2015-02-27,ptr,John A. Yarmuth,20260825T1602Z,backfill
20003703,house,2026-08-25,2015-09-02,ptr,John A. Yarmuth,20260825T1602Z,backfill
20003974,house,2026-08-25,2015-10-22,ptr,John A. Yarmuth,20260825T1602Z,backfill
20002446,house,2026-08-25,2015-01-23,ptr,Kevin Yoder,20260825T1602Z,backfill
20002793,house,2026-08-25,2015-03-31,ptr,Kevin Yoder,20260825T1602Z,backfill
20005183,house,2026-08-25,2016-05-16,ptr,Justin Amash,20260825T1602Z,backfill
20004419,house,2026-08-25,2016-01-15,ptr,Brad Ashford,20260825T1602Z,backfill
20004420,house,2026-08-25,2016-01-15,ptr,Brad Ashford,20260825T1602Z,backfill
20004485,house,2026-08-25,2016-02-01,ptr,Brad Ashford,20260825T1602Z,backfill
20004894,house,2026-08-25,2016-04-12,ptr,Brad Ashford,20260825T1602Z,backfill
20005414,house,2026-08-25,2016-06-27,ptr,Brad Ashford,20260825T1602Z,backfill
20006308,house,2026-08-25,2016-12-05,ptr,Brad Ashford,20260825T1602Z,backfill
20006309,house,2026-08-25,2016-12-05,ptr,Brad Ashford,20260825T1602Z,backfill
20006390,house,2026-08-25,2016-12-20,ptr,Brad Ashford,20260825T1602Z,backfill
20006391,house,2026-08-25,2016-12-20,ptr,Brad Ashford,20260825T1602Z,backfill
20005154,house,2026-08-25,2016-05-13,ptr,Brian Babin,20260825T1602Z,backfill
20005532,house,2026-08-25,2016-07-14,ptr,Brian Babin,20260825T1602Z,backfill
9109787,house,2026-08-25,2016-08-05,ptr,Brian Babin,20260825T1602Z,backfill
20004487,house,2026-08-25,2016-02-01,ptr,Lou Barletta,20260825T1602Z,backfill
20004642,house,2026-08-25,2016-02-22,ptr,Lou Barletta,20260825T1602Z,backfill
20004720,house,2026-08-25,2016-03-09,ptr,Lou Barletta,20260825T1602Z,backfill
20004906,house,2026-08-25,2016-04-15,ptr,Lou Barletta,20260825T1602Z,backfill
20005220,house,2026-08-25,2016-05-23,ptr,Lou Barletta,20260825T1602Z,backfill
20005897,house,2026-08-25,2016-09-16,ptr,Lou Barletta,20260825T1602Z,backfill
20006116,house,2026-08-25,2016-10-28,ptr,Lou Barletta,20260825T1602Z,backfill
9109663,house,2026-08-25,2016-07-13,ptr,Dan Benishek,20260825T1602Z,backfill
9108317,house,2026-08-25,2016-02-11,ptr,Gus M. Bilirakis,20260825T1602Z,backfill
9109045,house,2026-08-25,2016-05-24,ptr,Gus M. Bilirakis,20260825T1602Z,backfill
9108217,house,2026-08-25,2016-01-28,ptr,Diane Black,20260825T1602Z,backfill
9108341,house,2026-08-25,2016-02-19,ptr,Diane Black,20260825T1602Z,backfill
9108425,house,2026-08-25,2016-03-08,ptr,Diane Black,20260825T1602Z,backfill
9108648,house,2026-08-25,2016-04-27,ptr,Diane Black,20260825T1602Z,backfill
9108649,house,2026-08-25,2016-04-27,ptr,Diane Black,20260825T1602Z,backfill
9108765,house,2026-08-25,2016-05-10,ptr,Diane Black,20260825T1602Z,backfill
9109671,house,2026-08-25,2016-07-15,ptr,Diane Black,20260825T1602Z,backfill
9109963,house,2026-08-25,2016-08-29,ptr,Diane Black,20260825T1602Z,backfill
9110164,house,2026-08-25,2016-10-25,ptr,Diane Black,20260825T1602Z,backfill
9110290,house,2026-08-25,2016-12-14,ptr,Diane Black,20260825T1602Z,backfill
9110368,house,2026-08-25,2017-01-18,ptr,Diane Black,20260825T1602Z,backfill
20006055,house,2026-08-25,2016-10-14,ptr,Rodney Leland Blum,20260825T1602Z,backfill
20004637,house,2026-08-25,2016-02-19,ptr,Earl Blumenauer,20260825T1602Z,backfill
20005200,house,2026-08-25,2016-05-19,ptr,Earl Blumenauer,20260825T1602Z,backfill
20005741,house,2026-08-25,2016-08-18,ptr,Earl Blumenauer,20260825T1602Z,backfill
20006238,house,2026-08-25,2016-11-21,ptr,Earl Blumenauer,20260825T1602Z,backfill
20006337,house,2026-08-25,2016-12-09,ptr,Earl Blumenauer,20260825T1602Z,backfill
20004382,house,2026-08-25,2016-01-12,ptr,Mo Brooks,20260825T1602Z,backfill
20004644,house,2026-08-25,2016-02-22,ptr,Mo Brooks,20260825T1602Z,backfill
20004717,house,2026-08-25,2016-03-08,ptr,Mo Brooks,20260825T1602Z,backfill
20005019,house,2026-08-25,2016-05-02,ptr,Mo Brooks,20260825T1602Z,backfill
20005526,house,2026-08-25,2016-07-13,ptr,Mo Brooks,20260825T1602Z,backfill
20005765,house,2026-08-25,2016-08-25,ptr,Mo Brooks,20260825T1602Z,backfill
20006030,house,2026-08-25,2016-10-10,ptr,Mo Brooks,20260825T1602Z,backfill
20006139,house,2026-08-25,2016-11-02,ptr,Mo Brooks,20260825T1602Z,backfill
20006400,house,2026-08-25,2016-12-20,ptr,Mo Brooks,20260825T1602Z,backfill
20004306,house,2026-08-25,2016-01-11,ptr,Susan W. Brooks,20260825T1602Z,backfill
20004436,house,2026-08-25,2016-01-19,ptr,Vern Buchanan,20260825T1602Z,backfill
20004643,house,2026-08-25,2016-02-22,ptr,Vern Buchanan,20260825T1602Z,backfill
20004746,house,2026-08-25,2016-03-14,ptr,Vern Buchanan,20260825T1602Z,backfill
20004969,house,2026-08-25,2016-04-22,ptr,Vern Buchanan,20260825T1602Z,backfill
20005203,house,2026-08-25,2016-05-20,ptr,Vern Buchanan,20260825T1602Z,backfill
20005362,house,2026-08-25,2016-06-17,ptr,Vern Buchanan,20260825T1602Z,backfill
20005603,house,2026-08-25,2016-07-28,ptr,Vern Buchanan,20260825T1602Z,backfill
20005702,house,2026-08-25,2016-08-12,ptr,Vern Buchanan,20260825T1602Z,backfill
20006079,house,2026-08-25,2016-10-19,ptr,Vern Buchanan,20260825T1602Z,backfill
20006274,house,2026-08-25,2016-11-29,ptr,Vern Buchanan,20260825T1602Z,backfill
20006384,house,2026-08-25,2016-12-20,ptr,Kenneth R. Buck,20260825T1602Z,backfill
20005430,house,2026-08-25,2016-06-30,ptr,Cheri Bustos,20260825T1602Z,backfill
20004867,house,2026-08-25,2016-04-05,ptr,Earl Leroy Carter,20260825T1602Z,backfill
20005685,house,2026-08-25,2016-08-09,ptr,Earl Leroy Carter,20260825T1602Z,backfill
20005693,house,2026-08-25,2016-08-10,ptr,Earl Leroy Carter,20260825T1602Z,backfill
20004787,house,2026-08-25,2016-03-18,ptr,Kathy Castor,20260825T1602Z,backfill
20005028,house,2026-08-25,2016-05-03,ptr,Kathy Castor,20260825T1602Z,backfill
20005285,house,2026-08-25,2016-06-06,ptr,Kathy Castor,20260825T1602Z,backfill
9108369,house,2026-08-25,2016-02-24,ptr,Judy Chu,20260825T1602Z,backfill
9108453,house,2026-08-25,2016-03-14,ptr,Judy Chu,20260825T1602Z,backfill
9108556,house,2026-08-25,2016-04-14,ptr,Judy Chu,20260825T1602Z,backfill
20005065,house,2026-08-25,2016-05-11,ptr,Judy Chu,20260825T1602Z,backfill
20005315,house,2026-08-25,2016-06-15,ptr,Judy Chu,20260825T1602Z,backfill
20005491,house,2026-08-25,2016-07-17,ptr,Judy Chu,20260825T1602Z,backfill
20005688,house,2026-08-25,2016-08-16,ptr,Judy Chu,20260825T1602Z,backfill
20005841,house,2026-08-25,2016-09-16,ptr,Judy Chu,20260825T1602Z,backfill
20006034,house,2026-08-25,2016-10-22,ptr,Judy Chu,20260825T1602Z,backfill
20006174,house,2026-08-25,2016-11-22,ptr,Judy Chu,20260825T1602Z,backfill
20006340,house,2026-08-25,2016-12-20,ptr,Judy Chu,20260825T1602Z,backfill
20004438,house,2026-08-25,2016-01-19,ptr,Katherine M. Clark,20260825T1602Z,backfill
20004615,house,2026-08-25,2016-02-18,ptr,Katherine M. Clark,20260825T1602Z,backfill
20004872,house,2026-08-25,2016-04-06,ptr,Katherine M. Clark,20260825T1602Z,backfill
20005462,house,2026-08-25,2016-07-06,ptr,Katherine M. Clark,20260825T1602Z,backfill
20005672,house,2026-08-25,2016-08-08,ptr,Katherine M. Clark,20260825T1602Z,backfill
20005981,house,2026-08-25,2016-10-03,ptr,Katherine M. Clark,20260825T1602Z,backfill
9108259,house,2026-08-25,2016-02-05,ptr,Curtis J. Clawson,20260825T1602Z,backfill
9108387,house,2026-08-25,2016-03-01,ptr,Curtis J. Clawson,20260825T1602Z,backfill
9108512,house,2026-08-25,2016-03-31,ptr,Curtis J. Clawson,20260825T1602Z,backfill
9108694,house,2026-08-25,2016-05-04,ptr,Curtis J. Clawson,20260825T1602Z,backfill
9109425,house,2026-08-25,2016-05-27,ptr,Curtis J. Clawson,20260825T1602Z,backfill
9109959,house,2026-08-25,2016-08-26,ptr,Curtis J. Clawson,20260825T1602Z,backfill
9109960,house,2026-08-25,2016-08-26,ptr,Curtis J. Clawson,20260825T1602Z,backfill
9110012,house,2026-08-25,2016-09-15,ptr,Curtis J. Clawson,20260825T1602Z,backfill
9110142,house,2026-08-25,2016-10-18,ptr,Curtis J. Clawson,20260825T1602Z,backfill
9110289,house,2026-08-25,2016-12-14,ptr,Curtis J. Clawson,20260825T1602Z,backfill
9110358,house,2026-08-25,2017-01-11,ptr,Curtis J. Clawson,20260825T1602Z,backfill
20004450,house,2026-08-25,2016-01-21,ptr,Steve Cohen,20260825T1602Z,backfill
20005068,house,2026-08-25,2016-05-09,ptr,Steve Cohen,20260825T1602Z,backfill
20005123,house,2026-08-25,2016-05-12,ptr,Steve Cohen,20260825T1602Z,backfill
20005124,house,2026-08-25,2016-05-12,ptr,Steve Cohen,20260825T1602Z,backfill
20005128,house,2026-08-25,2016-06-07,ptr,Steve Cohen,20260825T1602Z,backfill
20005540,house,2026-08-25,2016-07-15,ptr,Steve Cohen,20260825T1602Z,backfill
20005753,house,2026-08-25,2016-08-23,ptr,Steve Cohen,20260825T1602Z,backfill
20005763,house,2026-08-25,2016-08-24,ptr,Steve Cohen,20260825T1602Z,backfill
20006319,house,2026-08-25,2016-12-07,ptr,Steve Cohen,20260825T1602Z,backfill
20006404,house,2026-08-25,2016-12-21,ptr,Steve Cohen,20260825T1602Z,backfill
9108406,house,2026-08-25,2016-03-02,ptr,Chris Collins,20260825T1602Z,backfill
9108587,house,2026-08-25,2016-04-20,ptr,Chris Collins,20260825T1602Z,backfill
9108611,house,2026-08-25,2016-04-21,ptr,Chris Collins,20260825T1602Z,backfill
9109044,house,2026-08-25,2016-05-25,ptr,Chris Collins,20260825T1602Z,backfill
9109979,house,2026-08-25,2016-09-07,ptr,Chris Collins,20260825T1602Z,backfill
9110216,house,2026-08-25,2016-11-14,ptr,Chris Collins,20260825T1602Z,backfill
9110288,house,2026-08-25,2016-12-15,ptr,Chris Collins,20260825T1602Z,backfill
9110300,house,2026-08-25,2016-12-16,ptr,Chris Collins,20260825T1602Z,backfill
9110314,house,2026-08-25,2017-01-02,ptr,Chris Collins,20260825T1602Z,backfill
9110320,house,2026-08-25,2017-01-06,ptr,James Comer,20260825T1602Z,backfill
20003809,house,2026-08-25,2016-01-16,ptr,Barbara J. Comstock,20260825T1602Z,backfill
20006343,house,2026-08-25,2016-12-11,ptr,Barbara J. Comstock,20260825T1602Z,backfill
20006432,house,2026-08-25,2016-12-28,ptr,Barbara J. Comstock,20260825T1602Z,backfill
20004345,house,2026-08-25,2016-01-08,ptr,K. Michael Conaway,20260825T1602Z,backfill
20004540,house,2026-08-25,2016-02-05,ptr,K. Michael Conaway,20260825T1602Z,backfill
20004681,house,2026-08-25,2016-03-02,ptr,K. Michael Conaway,20260825T1602Z,backfill
20004874,house,2026-08-25,2016-04-07,ptr,K. Michael Conaway,20260825T1602Z,backfill
20005013,house,2026-08-25,2016-05-24,ptr,K. Michael Conaway,20260825T1602Z,backfill
20005270,house,2026-08-25,2016-06-03,ptr,K. Michael Conaway,20260825T1602Z,backfill
20005456,house,2026-08-25,2016-07-06,ptr,K. Michael Conaway,20260825T1602Z,backfill
20005629,house,2026-08-25,2016-08-02,ptr,K. Michael Conaway,20260825T1602Z,backfill
20005819,house,2026-08-25,2016-09-06,ptr,K. Michael Conaway,20260825T1602Z,backfill
20006029,house,2026-08-25,2016-10-12,ptr,K. Michael Conaway,20260825T1602Z,backfill
20006161,house,2026-08-25,2016-11-07,ptr,K. Michael Conaway,20260825T1602Z,backfill
20004430,house,2026-08-25,2016-01-16,ptr,Gerald E. Connolly,20260825T1602Z,backfill
20004936,house,2026-08-25,2016-04-17,ptr,Gerald E. Connolly,20260825T1602Z,backfill
20005455,house,2026-08-25,2016-07-05,ptr,Gerald E. Connolly,20260825T1602Z,backfill
20006010,house,2026-08-25,2016-10-06,ptr,Gerald E. Connolly,20260825T1602Z,backfill
20005530,house,2026-08-25,2016-07-22,ptr,Jim Cooper,20260825T1602Z,backfill
20005811,house,2026-08-25,2016-09-30,ptr,Jim Cooper,20260825T1602Z,backfill
20005131,house,2026-08-25,2016-05-12,ptr,Jim M. Costa,20260825T1602Z,backfill
9108482,house,2026-08-25,2016-03-22,ptr,Ander Crenshaw,20260825T1602Z,backfill
20004330,house,2026-08-25,2016-01-05,ptr,Carlos Curbelo,20260825T1602Z,backfill
20004363,house,2026-08-25,2016-01-07,ptr,Carlos Curbelo,20260825T1602Z,backfill
20004475,house,2026-08-25,2016-01-28,ptr,Carlos Curbelo,20260825T1602Z,backfill
20004556,house,2026-08-25,2016-02-11,ptr,Carlos Curbelo,20260825T1602Z,backfill
20004797,house,2026-08-25,2016-03-22,ptr,Carlos Curbelo,20260825T1602Z,backfill
20005349,house,2026-08-25,2016-06-16,ptr,Carlos Curbelo,20260825T1602Z,backfill
20005351,house,2026-08-25,2016-06-16,ptr,Carlos Curbelo,20260825T1602Z,backfill
20005377,house,2026-08-25,2016-06-21,ptr,Carlos Curbelo,20260825T1602Z,backfill
20005449,house,2026-08-25,2016-07-05,ptr,Carlos Curbelo,20260825T1602Z,backfill
20005531,house,2026-08-25,2016-07-14,ptr,Carlos Curbelo,20260825T1602Z,backfill
20005605,house,2026-08-25,2016-08-01,ptr,Carlos Curbelo,20260825T1602Z,backfill
20005898,house,2026-08-25,2016-09-16,ptr,Carlos Curbelo,20260825T1602Z,backfill
20005899,house,2026-08-25,2016-09-16,ptr,Carlos Curbelo,20260825T1602Z,backfill
20006022,house,2026-08-25,2016-10-07,ptr,Carlos Curbelo,20260825T1602Z,backfill
20006201,house,2026-08-25,2016-11-15,ptr,Carlos Curbelo,20260825T1602Z,backfill
20006213,house,2026-08-25,2016-11-16,ptr,Carlos Curbelo,20260825T1602Z,backfill
20006324,house,2026-08-25,2016-12-09,ptr,Carlos Curbelo,20260825T1602Z,backfill
20004603,house,2026-08-25,2016-02-22,ptr,Susan A. Davis,20260825T1602Z,backfill
20005181,house,2026-08-25,2016-05-19,ptr,Susan A. Davis,20260825T1602Z,backfill
20005865,house,2026-08-25,2016-09-27,ptr,Susan A. Davis,20260825T1602Z,backfill
20006402,house,2026-08-25,2016-12-29,ptr,Susan A. Davis,20260825T1602Z,backfill
9108215,house,2026-08-25,2016-01-28,ptr,John K. Delaney,20260825T1602Z,backfill
9108258,house,2026-08-25,2016-02-04,ptr,John K. Delaney,20260825T1602Z,backfill
9108368,house,2026-08-25,2016-02-25,ptr,John K. Delaney,20260825T1602Z,backfill
9108452,house,2026-08-25,2016-03-15,ptr,John K. Delaney,20260825T1602Z,backfill
9108481,house,2026-08-25,2016-03-23,ptr,John K. Delaney,20260825T1602Z,backfill
9108555,house,2026-08-25,2016-04-13,ptr,John K. Delaney,20260825T1602Z,backfill
9108586,house,2026-08-25,2016-04-19,ptr,John K. Delaney,20260825T1602Z,backfill
9108892,house,2026-08-25,2016-05-13,ptr,John K. Delaney,20260825T1602Z,backfill
9109043,house,2026-08-25,2016-05-23,ptr,John K. Delaney,20260825T1602Z,backfill
9109511,house,2026-08-25,2016-06-15,ptr,John K. Delaney,20260825T1602Z,backfill
9109544,house,2026-08-25,2016-06-22,ptr,John K. Delaney,20260825T1602Z,backfill
9109565,house,2026-08-25,2016-07-06,ptr,John K. Delaney,20260825T1602Z,backfill
9109766,house,2026-08-25,2016-08-01,ptr,John K. Delaney,20260825T1602Z,backfill
9109849,house,2026-08-25,2016-08-10,ptr,John K. Delaney,20260825T1602Z,backfill
9109850,house,2026-08-25,2016-08-10,ptr,John K. Delaney,20260825T1602Z,backfill
9109958,house,2026-08-25,2016-09-01,ptr,John K. Delaney,20260825T1602Z,backfill
9110030,house,2026-08-25,2016-09-21,ptr,John K. Delaney,20260825T1602Z,backfill
9110069,house,2026-08-25,2016-09-27,ptr,John K. Delaney,20260825T1602Z,backfill
9110129,house,2026-08-25,2016-10-14,ptr,John K. Delaney,20260825T1602Z,backfill
9110183,house,2026-08-25,2016-11-02,ptr,John K. Delaney,20260825T1602Z,backfill
9110196,house,2026-08-25,2016-11-14,ptr,John K. Delaney,20260825T1602Z,backfill
9110254,house,2026-08-25,2016-12-01,ptr,John K. Delaney,20260825T1602Z,backfill
9110287,house,2026-08-25,2016-12-14,ptr,John K. Delaney,20260825T1602Z,backfill
9110327,house,2026-08-25,2017-01-03,ptr,John K. Delaney,20260825T1602Z,backfill
9110352,house,2026-08-25,2017-01-10,ptr,John K. Delaney,20260825T1602Z,backfill
20004336,house,2026-08-25,2016-01-14,ptr,Suzan K. DelBene,20260825T1602Z,backfill
20004516,house,2026-08-25,2016-02-15,ptr,Suzan K. DelBene,20260825T1602Z,backfill
20004692,house,2026-08-25,2016-03-11,ptr,Suzan K. DelBene,20260825T1602Z,backfill
20004842,house,2026-08-25,2016-04-15,ptr,Suzan K. DelBene,20260825T1602Z,backfill
20005032,house,2026-08-25,2016-05-13,ptr,Suzan K. DelBene,20260825T1602Z,backfill
20005264,house,2026-08-25,2016-06-15,ptr,Suzan K. DelBene,20260825T1602Z,backfill
20005480,house,2026-08-25,2016-07-13,ptr,Suzan K. DelBene,20260825T1602Z,backfill
20005825,house,2026-08-25,2016-09-12,ptr,Suzan K. DelBene,20260825T1602Z,backfill
20006016,house,2026-08-25,2016-10-16,ptr,Suzan K. DelBene,20260825T1602Z,backfill
20006166,house,2026-08-25,2016-11-15,ptr,Suzan K. DelBene,20260825T1602Z,backfill
20006287,house,2026-08-25,2016-12-11,ptr,Suzan K. DelBene,20260825T1602Z,backfill
9109740,house,2026-08-25,2016-07-29,ptr,Charles W. Dent,20260825T1602Z,backfill
9109848,house,2026-08-25,2016-08-11,ptr,Charles W. Dent,20260825T1602Z,backfill
20004381,house,2026-08-25,2016-01-14,ptr,Debbie Dingell,20260825T1602Z,backfill
20004614,house,2026-08-25,2016-02-24,ptr,Debbie Dingell,20260825T1602Z,backfill
20004653,house,2026-08-25,2016-03-01,ptr,Debbie Dingell,20260825T1602Z,backfill
20004673,house,2026-08-25,2016-03-02,ptr,Debbie Dingell,20260825T1602Z,backfill
20004726,house,2026-08-25,2016-03-15,ptr,Debbie Dingell,20260825T1602Z,backfill
20004828,house,2026-08-25,2016-03-31,ptr,Debbie Dingell,20260825T1602Z,backfill
20004893,house,2026-08-25,2016-04-12,ptr,Debbie Dingell,20260825T1602Z,backfill
20005029,house,2026-08-25,2016-05-05,ptr,Debbie Dingell,20260825T1602Z,backfill
20005192,house,2026-08-25,2016-05-19,ptr,Debbie Dingell,20260825T1602Z,backfill
20005288,house,2026-08-25,2016-06-08,ptr,Debbie Dingell,20260825T1602Z,backfill
20005340,house,2026-08-25,2016-06-15,ptr,Debbie Dingell,20260825T1602Z,backfill
20005343,house,2026-08-25,2016-06-29,ptr,Debbie Dingell,20260825T1602Z,backfill
20005422,house,2026-08-25,2016-06-29,ptr,Debbie Dingell,20260825T1602Z,backfill
20005497,house,2026-08-25,2016-07-11,ptr,Debbie Dingell,20260825T1602Z,backfill
20005596,house,2026-08-25,2016-07-28,ptr,Debbie Dingell,20260825T1602Z,backfill
20005675,house,2026-08-25,2016-08-10,ptr,Debbie Dingell,20260825T1602Z,backfill
20005725,house,2026-08-25,2016-08-16,ptr,Debbie Dingell,20260825T1602Z,backfill
20005824,house,2026-08-25,2016-09-08,ptr,Debbie Dingell,20260825T1602Z,backfill
20005863,house,2026-08-25,2016-09-15,ptr,Debbie Dingell,20260825T1602Z,backfill
20005910,house,2026-08-25,2016-09-27,ptr,Debbie Dingell,20260825T1602Z,backfill
20006127,house,2026-08-25,2016-11-02,ptr,Debbie Dingell,20260825T1602Z,backfill
20006172,house,2026-08-25,2016-11-10,ptr,Debbie Dingell,20260825T1602Z,backfill
20006242,house,2026-08-25,2016-11-29,ptr,Debbie Dingell,20260825T1602Z,backfill
20006275,house,2026-08-25,2016-12-15,ptr,Debbie Dingell,20260825T1602Z,backfill
20006392,house,2026-08-25,2016-12-21,ptr,Debbie Dingell,20260825T1602Z,backfill
20004334,house,2026-08-25,2016-01-05,ptr,Lloyd Doggett,20260825T1602Z,backfill
20004713,house,2026-08-25,2016-03-07,ptr,Lloyd Doggett,20260825T1602Z,backfill
20004879,house,2026-08-25,2016-04-08,ptr,Lloyd Doggett,20260825T1602Z,backfill
20005320,house,2026-08-25,2016-06-13,ptr,Lloyd Doggett,20260825T1602Z,backfill
20005461,house,2026-08-25,2016-07-06,ptr,Lloyd Doggett,20260825T1602Z,backfill
20005827,house,2026-08-25,2016-09-06,ptr,Lloyd Doggett,20260825T1602Z,backfill
20005980,house,2026-08-25,2016-10-03,ptr,Lloyd Doggett,20260825T1602Z,backfill
20006307,house,2026-08-25,2016-12-05,ptr,Lloyd Doggett,20260825T1602Z,backfill
9108891,house,2026-08-25,2016-05-16,ptr,Robert James Dold,20260825T1602Z,backfill
9109739,house,2026-08-25,2016-07-29,ptr,Robert James Dold,20260825T1602Z,backfill
20006086,house,2026-08-25,2016-10-24,ptr,Tammy Duckworth,20260825T1602Z,backfill
9109510,house,2026-08-25,2016-06-14,ptr,John J. Duncan,20260825T1602Z,backfill
9110315,house,2026-08-25,2016-12-29,ptr,John J. Duncan,20260825T1602Z,backfill
9108386,house,2026-08-25,2016-03-01,ptr,"Charles J. ""Chuck"" Fleischmann",20260825T1602Z,backfill
9108451,house,2026-08-25,2016-03-16,ptr,"Charles J. ""Chuck"" Fleischmann",20260825T1602Z,backfill
9108650,house,2026-08-25,2016-04-27,ptr,"Charles J. ""Chuck"" Fleischmann",20260825T1602Z,backfill
9109042,house,2026-08-25,2016-05-24,ptr,"Charles J. ""Chuck"" Fleischmann",20260825T1602Z,backfill
9109478,house,2026-08-25,2016-06-13,ptr,"Charles J. ""Chuck"" Fleischmann",20260825T1602Z,backfill
9109618,house,2026-08-25,2016-07-11,ptr,"Charles J. ""Chuck"" Fleischmann",20260825T1602Z,backfill
9109942,house,2026-08-25,2016-08-18,ptr,"Charles J. ""Chuck"" Fleischmann",20260825T1602Z,backfill
9110029,house,2026-08-25,2016-09-21,ptr,"Charles J. ""Chuck"" Fleischmann",20260825T1602Z,backfill
9110239,house,2026-08-25,2016-11-22,ptr,"Charles J. ""Chuck"" Fleischmann",20260825T1602Z,backfill
9110382,house,2026-08-25,2017-01-23,ptr,"Charles J. ""Chuck"" Fleischmann",20260825T1602Z,backfill
20004413,house,2026-08-25,2016-01-15,ptr,Bill Flores,20260825T1602Z,backfill
20004656,house,2026-08-25,2016-02-24,ptr,Bill Flores,20260825T1602Z,backfill
20004752,house,2026-08-25,2016-03-15,ptr,Bill Flores,20260825T1602Z,backfill
20004753,house,2026-08-25,2016-03-15,ptr,Bill Flores,20260825T1602Z,backfill
20004898,house,2026-08-25,2016-04-13,ptr,Bill Flores,20260825T1602Z,backfill
20005247,house,2026-08-25,2016-05-30,ptr,Bill Flores,20260825T1602Z,backfill
20005369,house,2026-08-25,2016-06-20,ptr,Bill Flores,20260825T1602Z,backfill
20005460,house,2026-08-25,2016-07-06,ptr,Bill Flores,20260825T1602Z,backfill
20005634,house,2026-08-25,2016-08-02,ptr,Bill Flores,20260825T1602Z,backfill
20005637,house,2026-08-25,2016-08-02,ptr,Bill Flores,20260825T1602Z,backfill
20005857,house,2026-08-25,2016-09-11,ptr,Bill Flores,20260825T1602Z,backfill
20006011,house,2026-08-25,2016-10-06,ptr,Bill Flores,20260825T1602Z,backfill
20006205,house,2026-08-25,2016-11-15,ptr,Bill Flores,20260825T1602Z,backfill
20006339,house,2026-08-25,2016-12-11,ptr,Bill Flores,20260825T1602Z,backfill
20004323,house,2026-08-25,2016-01-05,ptr,Virginia Foxx,20260825T1602Z,backfill
20004511,house,2026-08-25,2016-02-04,ptr,Virginia Foxx,20260825T1602Z,backfill
20004679,house,2026-08-25,2016-03-07,ptr,Virginia Foxx,20260825T1602Z,backfill
20004841,house,2026-08-25,2016-04-04,ptr,Virginia Foxx,20260825T1602Z,backfill
20005250,house,2026-08-25,2016-06-06,ptr,Virginia Foxx,20260825T1602Z,backfill
20005438,house,2026-08-25,2016-07-01,ptr,Virginia Foxx,20260825T1602Z,backfill
20005813,house,2026-08-25,2016-09-02,ptr,Virginia Foxx,20260825T1602Z,backfill
20005990,house,2026-08-25,2016-10-07,ptr,Virginia Foxx,20260825T1602Z,backfill
20006128,house,2026-08-25,2016-11-01,ptr,Virginia Foxx,20260825T1602Z,backfill
20006286,house,2026-08-25,2016-12-02,ptr,Virginia Foxx,20260825T1602Z,backfill
20004316,house,2026-08-25,2016-01-08,ptr,Lois Frankel,20260825T1602Z,backfill
20004473,house,2026-08-25,2016-01-28,ptr,Lois Frankel,20260825T1602Z,backfill
20004646,house,2026-08-25,2016-02-29,ptr,Lois Frankel,20260825T1602Z,backfill
20004792,house,2026-08-25,2016-03-29,ptr,Lois Frankel,20260825T1602Z,backfill
20004944,house,2026-08-25,2016-04-27,ptr,Lois Frankel,20260825T1602Z,backfill
20005199,house,2026-08-25,2016-05-23,ptr,Lois Frankel,20260825T1602Z,backfill
20005353,house,2026-08-25,2016-06-28,ptr,Lois Frankel,20260825T1602Z,backfill
20005554,house,2026-08-25,2016-08-16,ptr,Lois Frankel,20260825T1602Z,backfill
20005751,house,2026-08-25,2016-09-06,ptr,Lois Frankel,20260825T1602Z,backfill
20005943,house,2026-08-25,2016-09-28,ptr,Lois Frankel,20260825T1602Z,backfill
20006080,house,2026-08-25,2016-10-21,ptr,Lois Frankel,20260825T1602Z,backfill
20006222,house,2026-08-25,2016-11-18,ptr,Lois Frankel,20260825T1602Z,backfill
20006407,house,2026-08-25,2016-12-22,ptr,Lois Frankel,20260825T1602Z,backfill
9108256,house,2026-08-25,2016-02-02,ptr,Rodney P. Frelinghuysen,20260825T1602Z,backfill
9108257,house,2026-08-25,2016-02-02,ptr,Rodney P. Frelinghuysen,20260825T1602Z,backfill
9108367,house,2026-08-25,2016-02-24,ptr,Rodney P. Frelinghuysen,20260825T1602Z,backfill
9108450,house,2026-08-25,2016-03-16,ptr,Rodney P. Frelinghuysen,20260825T1602Z,backfill
9108553,house,2026-08-25,2016-04-13,ptr,Rodney P. Frelinghuysen,20260825T1602Z,backfill
9108554,house,2026-08-25,2016-04-13,ptr,Rodney P. Frelinghuysen,20260825T1602Z,backfill
9109041,house,2026-08-25,2016-05-23,ptr,Rodney P. Frelinghuysen,20260825T1602Z,backfill
9109617,house,2026-08-25,2016-07-11,ptr,Rodney P. Frelinghuysen,20260825T1602Z,backfill
9109686,house,2026-08-25,2016-07-18,ptr,Rodney P. Frelinghuysen,20260825T1602Z,backfill
9109764,house,2026-08-25,2016-08-03,ptr,Rodney P. Frelinghuysen,20260825T1602Z,backfill
9109904,house,2026-08-25,2016-08-16,ptr,Rodney P. Frelinghuysen,20260825T1602Z,backfill
9109905,house,2026-08-25,2016-08-16,ptr,Rodney P. Frelinghuysen,20260825T1602Z,backfill
9110215,house,2026-08-25,2016-11-14,ptr,Rodney P. Frelinghuysen,20260825T1602Z,backfill
9110270,house,2026-08-25,2016-12-09,ptr,Rodney P. Frelinghuysen,20260825T1602Z,backfill
20004472,house,2026-08-25,2016-01-27,ptr,Bob Gibbs,20260825T1602Z,backfill
20004937,house,2026-08-25,2016-04-17,ptr,Bob Gibbs,20260825T1602Z,backfill
20005016,house,2026-08-25,2016-05-01,ptr,Bob Gibbs,20260825T1602Z,backfill
20005317,house,2026-08-25,2016-06-12,ptr,Bob Gibbs,20260825T1602Z,backfill
20005402,house,2026-08-25,2016-06-26,ptr,Bob Gibbs,20260825T1602Z,backfill
20005492,house,2026-08-25,2016-07-09,ptr,Bob Gibbs,20260825T1602Z,backfill
20005655,house,2026-08-25,2016-08-05,ptr,Bob Gibbs,20260825T1602Z,backfill
20005791,house,2026-08-25,2016-08-31,ptr,Bob Gibbs,20260825T1602Z,backfill
20005820,house,2026-08-25,2016-09-06,ptr,Bob Gibbs,20260825T1602Z,backfill
20005859,house,2026-08-25,2016-09-12,ptr,Bob Gibbs,20260825T1602Z,backfill
20006235,house,2026-08-25,2016-11-20,ptr,Bob Gibbs,20260825T1602Z,backfill
20006378,house,2026-08-25,2016-12-16,ptr,Bob Gibbs,20260825T1602Z,backfill
20006436,house,2026-08-25,2016-12-30,ptr,Bob Gibbs,20260825T1602Z,backfill
9109662,house,2026-08-25,2016-07-12,ptr,Bob Goodlatte,20260825T1602Z,backfill
9108449,house,2026-08-25,2016-03-15,ptr,John Thomas Graves,20260825T1602Z,backfill
20004827,house,2026-08-25,2016-03-29,ptr,Tom Thomas Graves,20260825T1602Z,backfill
9108366,house,2026-08-25,2016-02-26,ptr,Alan Grayson,20260825T1602Z,backfill
9110010,house,2026-08-25,2016-09-15,ptr,Alan Grayson,20260825T1602Z,backfill
20004324,house,2026-08-25,2016-01-04,ptr,Raúl M. Grijalva,20260825T1602Z,backfill
20004547,house,2026-08-25,2016-02-08,ptr,Raúl M. Grijalva,20260825T1602Z,backfill
20004696,house,2026-08-25,2016-03-03,ptr,Raúl M. Grijalva,20260825T1602Z,backfill
20005038,house,2026-08-25,2016-05-04,ptr,Raúl M. Grijalva,20260825T1602Z,backfill
20005309,house,2026-08-25,2016-06-09,ptr,Raúl M. Grijalva,20260825T1602Z,backfill
20005524,house,2026-08-25,2016-07-13,ptr,Raúl M. Grijalva,20260825T1602Z,backfill
20005957,house,2026-08-25,2016-09-28,ptr,Raúl M. Grijalva,20260825T1602Z,backfill
20006000,house,2026-08-25,2016-10-05,ptr,Raúl M. Grijalva,20260825T1602Z,backfill
20005721,house,2026-08-25,2016-08-15,ptr,Luis V. Gutierrez,20260825T1602Z,backfill
20004370,house,2026-08-25,2016-01-15,ptr,Richard L. Hanna,20260825T1602Z,backfill
20004605,house,2026-08-25,2016-02-16,ptr,Richard L. Hanna,20260825T1602Z,backfill
20004883,house,2026-08-25,2016-04-10,ptr,Richard L. Hanna,20260825T1602Z,backfill
20005219,house,2026-08-25,2016-05-23,ptr,Richard L. Hanna,20260825T1602Z,backfill
20005417,house,2026-08-25,2016-06-30,ptr,Richard L. Hanna,20260825T1602Z,backfill
20005619,house,2026-08-25,2016-08-01,ptr,Richard L. Hanna,20260825T1602Z,backfill
20005699,house,2026-08-25,2016-08-22,ptr,Richard L. Hanna,20260825T1602Z,backfill
20005960,house,2026-08-25,2016-10-02,ptr,Richard L. Hanna,20260825T1602Z,backfill
20006100,house,2026-08-25,2016-10-26,ptr,Richard L. Hanna,20260825T1602Z,backfill
20006260,house,2026-08-25,2016-11-27,ptr,Richard L. Hanna,20260825T1602Z,backfill
20004403,house,2026-08-25,2016-02-03,ptr,James French Hill,20260825T1602Z,backfill
20005259,house,2026-08-25,2016-07-12,ptr,James French Hill,20260825T1602Z,backfill
20005610,house,2026-08-25,2016-09-06,ptr,James French Hill,20260825T1602Z,backfill
20004695,house,2026-08-25,2016-03-03,ptr,Rubén Hinojosa,20260825T1602Z,backfill
20005346,house,2026-08-25,2016-06-15,ptr,Rubén Hinojosa,20260825T1602Z,backfill
20005501,house,2026-08-25,2016-07-11,ptr,Rubén Hinojosa,20260825T1602Z,backfill
20005934,house,2026-08-25,2016-09-23,ptr,Rubén Hinojosa,20260825T1602Z,backfill
9109423,house,2026-08-25,2016-06-02,ptr,George Holding,20260825T1602Z,backfill
9109978,house,2026-08-25,2016-09-07,ptr,George Holding,20260825T1602Z,backfill
9110231,house,2026-08-25,2016-11-17,ptr,George Holding,20260825T1602Z,backfill
9110317,house,2026-08-25,2017-01-03,ptr,George Holding,20260825T1602Z,backfill
20005855,house,2026-08-25,2016-09-10,ptr,Hakeem S. Jeffries,20260825T1602Z,backfill
20004941,house,2026-08-25,2016-04-19,ptr,Bill Johnson,20260825T1602Z,backfill
9109920,house,2026-08-25,2016-08-17,ptr,David W. Jolly,20260825T1602Z,backfill
9108420,house,2026-08-25,2016-03-07,ptr,David P. Joyce,20260825T1602Z,backfill
9109554,house,2026-08-25,2016-06-24,ptr,David P. Joyce,20260825T1602Z,backfill
9108312,house,2026-08-25,2016-02-12,ptr,Mike Kelly,20260825T1602Z,backfill
9108456,house,2026-08-25,2016-03-15,ptr,Mike Kelly,20260825T1602Z,backfill
9108569,house,2026-08-25,2016-04-14,ptr,Mike Kelly,20260825T1602Z,backfill
9108888,house,2026-08-25,2016-05-11,ptr,Mike Kelly,20260825T1602Z,backfill
9109477,house,2026-08-25,2016-06-10,ptr,Mike Kelly,20260825T1602Z,backfill
9109670,house,2026-08-25,2016-07-14,ptr,Mike Kelly,20260825T1602Z,backfill
9110008,house,2026-08-25,2016-09-15,ptr,Mike Kelly,20260825T1602Z,backfill
9110170,house,2026-08-25,2016-10-31,ptr,Mike Kelly,20260825T1602Z,backfill
9110302,house,2026-08-25,2016-12-23,ptr,Mike Kelly,20260825T1602Z,backfill
9110351,house,2026-08-25,2017-01-10,ptr,Mike Kelly,20260825T1602Z,backfill
9108254,house,2026-08-25,2016-02-03,ptr,Joseph P. Kennedy,20260825T1602Z,backfill
9108651,house,2026-08-25,2016-04-28,ptr,Joseph P. Kennedy,20260825T1602Z,backfill
9109475,house,2026-08-25,2016-06-10,ptr,Joseph P. Kennedy,20260825T1602Z,backfill
9109476,house,2026-08-25,2016-06-10,ptr,Joseph P. Kennedy,20260825T1602Z,backfill
9109763,house,2026-08-25,2016-08-03,ptr,Joseph P. Kennedy,20260825T1602Z,backfill
9110268,house,2026-08-25,2016-12-05,ptr,Joseph P. Kennedy,20260825T1602Z,backfill
20000880,house,2026-08-25,2016-07-14,ptr,Adam Kinzinger,20260825T1602Z,backfill
20005941,house,2026-08-25,2016-09-26,ptr,Adam Kinzinger,20260825T1602Z,backfill
20006203,house,2026-08-25,2016-11-15,ptr,Adam Kinzinger,20260825T1602Z,backfill
20003301,house,2026-08-25,2016-11-17,ptr,Steve Knight,20260825T1602Z,backfill
9108407,house,2026-08-25,2016-03-02,ptr,Doug Lamborn,20260825T1602Z,backfill
9108477,house,2026-08-25,2016-03-23,ptr,Doug Lamborn,20260825T1602Z,backfill
9109040,house,2026-08-25,2016-05-24,ptr,Doug Lamborn,20260825T1602Z,backfill
9109612,house,2026-08-25,2016-07-08,ptr,Doug Lamborn,20260825T1602Z,backfill
9109613,house,2026-08-25,2016-07-08,ptr,Doug Lamborn,20260825T1602Z,backfill
9109738,house,2026-08-25,2016-07-28,ptr,Doug Lamborn,20260825T1602Z,backfill
9109977,house,2026-08-25,2016-09-07,ptr,Doug Lamborn,20260825T1602Z,backfill
9110267,house,2026-08-25,2016-12-05,ptr,Doug Lamborn,20260825T1602Z,backfill
9109611,house,2026-08-25,2016-07-08,ptr,Leonard Lance,20260825T1602Z,backfill
20005115,house,2026-08-25,2016-05-11,ptr,James R. Langevin,20260825T1602Z,backfill
9108278,house,2026-08-25,2016-02-09,ptr,John B. Larson,20260825T1602Z,backfill
9108342,house,2026-08-25,2016-02-18,ptr,John B. Larson,20260825T1602Z,backfill
9108581,house,2026-08-25,2016-04-20,ptr,John B. Larson,20260825T1602Z,backfill
9108887,house,2026-08-25,2016-05-16,ptr,John B. Larson,20260825T1602Z,backfill
9109039,house,2026-08-25,2016-05-20,ptr,John B. Larson,20260825T1602Z,backfill
9109810,house,2026-08-25,2016-08-09,ptr,John B. Larson,20260825T1602Z,backfill
9109886,house,2026-08-25,2016-08-12,ptr,John B. Larson,20260825T1602Z,backfill
9110026,house,2026-08-25,2016-09-19,ptr,John B. Larson,20260825T1602Z,backfill
9110068,house,2026-08-25,2016-09-28,ptr,John B. Larson,20260825T1602Z,backfill
9110140,house,2026-08-25,2016-10-19,ptr,John B. Larson,20260825T1602Z,backfill
9110169,house,2026-08-25,2016-10-28,ptr,John B. Larson,20260825T1602Z,backfill
9110250,house,2026-08-25,2016-11-29,ptr,John B. Larson,20260825T1602Z,backfill
20006381,house,2026-08-25,2016-12-16,ptr,Brenda Lulenar Lawrence,20260825T1602Z,backfill
20005557,house,2026-08-25,2016-07-20,ptr,Frank A. LoBiondo,20260825T1602Z,backfill
20006399,house,2026-08-25,2016-12-20,ptr,Frank A. LoBiondo,20260825T1602Z,backfill
20004440,house,2026-08-25,2016-01-22,ptr,Zoe Lofgren,20260825T1602Z,backfill
20004716,house,2026-08-25,2016-03-08,ptr,Zoe Lofgren,20260825T1602Z,backfill
20005120,house,2026-08-25,2016-05-11,ptr,Zoe Lofgren,20260825T1602Z,backfill
20006093,house,2026-08-25,2016-10-24,ptr,Zoe Lofgren,20260825T1602Z,backfill
20006431,house,2026-08-25,2016-12-28,ptr,Zoe Lofgren,20260825T1602Z,backfill
9108249,house,2026-08-25,2016-02-03,ptr,Billy Long,20260825T1602Z,backfill
9108405,house,2026-08-25,2016-03-02,ptr,Billy Long,20260825T1602Z,backfill
9108568,house,2026-08-25,2016-04-15,ptr,Billy Long,20260825T1602Z,backfill
9109506,house,2026-08-25,2016-06-15,ptr,Billy Long,20260825T1602Z,backfill
9110066,house,2026-08-25,2016-09-27,ptr,Billy Long,20260825T1602Z,backfill
9110065,house,2026-08-25,2016-09-28,ptr,Billy Long,20260825T1602Z,backfill
9110328,house,2026-08-25,2017-01-04,ptr,Billy Long,20260825T1602Z,backfill
20004369,house,2026-08-25,2016-01-10,ptr,Alan S. Lowenthal,20260825T1602Z,backfill
20004386,house,2026-08-25,2016-01-13,ptr,Alan S. Lowenthal,20260825T1602Z,backfill
20004409,house,2026-08-25,2016-01-14,ptr,Alan S. Lowenthal,20260825T1602Z,backfill
20004449,house,2026-08-25,2016-01-21,ptr,Alan S. Lowenthal,20260825T1602Z,backfill
20004468,house,2026-08-25,2016-01-25,ptr,Alan S. Lowenthal,20260825T1602Z,backfill
20004593,house,2026-08-25,2016-02-12,ptr,Alan S. Lowenthal,20260825T1602Z,backfill
20004608,house,2026-08-25,2016-02-17,ptr,Alan S. Lowenthal,20260825T1602Z,backfill
20004609,house,2026-08-25,2016-02-17,ptr,Alan S. Lowenthal,20260825T1602Z,backfill
20004710,house,2026-08-25,2016-03-05,ptr,Alan S. Lowenthal,20260825T1602Z,backfill
20004790,house,2026-08-25,2016-03-19,ptr,Alan S. Lowenthal,20260825T1602Z,backfill
20004847,house,2026-08-25,2016-04-02,ptr,Alan S. Lowenthal,20260825T1602Z,backfill
20004851,house,2026-08-25,2016-04-03,ptr,Alan S. Lowenthal,20260825T1602Z,backfill
20004942,house,2026-08-25,2016-04-19,ptr,Alan S. Lowenthal,20260825T1602Z,backfill
20005014,house,2026-08-25,2016-04-30,ptr,Alan S. Lowenthal,20260825T1602Z,backfill
20005072,house,2026-08-25,2016-05-09,ptr,Alan S. Lowenthal,20260825T1602Z,backfill
20005188,house,2026-08-25,2016-05-17,ptr,Alan S. Lowenthal,20260825T1602Z,backfill
20005189,house,2026-08-25,2016-05-17,ptr,Alan S. Lowenthal,20260825T1602Z,backfill
20005190,house,2026-08-25,2016-05-17,ptr,Alan S. Lowenthal,20260825T1602Z,backfill
20005204,house,2026-08-25,2016-05-20,ptr,Alan S. Lowenthal,20260825T1602Z,backfill
20005281,house,2026-08-25,2016-06-04,ptr,Alan S. Lowenthal,20260825T1602Z,backfill
20005395,house,2026-08-25,2016-06-24,ptr,Alan S. Lowenthal,20260825T1602Z,backfill
20005443,house,2026-08-25,2016-07-03,ptr,Alan S. Lowenthal,20260825T1602Z,backfill
20005587,house,2026-08-25,2016-07-23,ptr,Alan S. Lowenthal,20260825T1602Z,backfill
20005703,house,2026-08-25,2016-08-13,ptr,Alan S. Lowenthal,20260825T1602Z,backfill
20005814,house,2026-08-25,2016-09-03,ptr,Alan S. Lowenthal,20260825T1602Z,backfill
20005927,house,2026-08-25,2016-09-22,ptr,Alan S. Lowenthal,20260825T1602Z,backfill
20005970,house,2026-08-25,2016-09-30,ptr,Alan S. Lowenthal,20260825T1602Z,backfill
20006066,house,2026-08-25,2016-10-15,ptr,Alan S. Lowenthal,20260825T1602Z,backfill
20006154,house,2026-08-25,2016-11-05,ptr,Alan S. Lowenthal,20260825T1602Z,backfill
20006236,house,2026-08-25,2016-11-21,ptr,Alan S. Lowenthal,20260825T1602Z,backfill
20006341,house,2026-08-25,2016-12-11,ptr,Alan S. Lowenthal,20260825T1602Z,backfill
20004333,house,2026-08-25,2016-01-06,ptr,Thomas MacArthur,20260825T1602Z,backfill
20004510,house,2026-08-25,2016-02-06,ptr,Thomas MacArthur,20260825T1602Z,backfill
20004691,house,2026-08-25,2016-03-03,ptr,Thomas MacArthur,20260825T1602Z,backfill
20004868,house,2026-08-25,2016-04-05,ptr,Thomas MacArthur,20260825T1602Z,backfill
20005044,house,2026-08-25,2016-05-09,ptr,Thomas MacArthur,20260825T1602Z,backfill
20005260,house,2026-08-25,2016-06-04,ptr,Thomas MacArthur,20260825T1602Z,backfill
20005481,house,2026-08-25,2016-07-08,ptr,Thomas MacArthur,20260825T1602Z,backfill
20005638,house,2026-08-25,2016-08-06,ptr,Thomas MacArthur,20260825T1602Z,backfill
20005842,house,2026-08-25,2016-09-10,ptr,Thomas MacArthur,20260825T1602Z,backfill
20005997,house,2026-08-25,2016-11-07,ptr,Thomas MacArthur,20260825T1602Z,backfill
20006290,house,2026-08-25,2016-12-02,ptr,Thomas MacArthur,20260825T1602Z,backfill
20005221,house,2026-08-25,2016-05-26,ptr,Carolyn B. Maloney,20260825T1602Z,backfill
20005336,house,2026-08-25,2016-06-15,ptr,Carolyn B. Maloney,20260825T1602Z,backfill
20005556,house,2026-08-25,2016-07-25,ptr,Carolyn B. Maloney,20260825T1602Z,backfill
20005750,house,2026-08-25,2016-08-30,ptr,Carolyn B. Maloney,20260825T1602Z,backfill
20005955,house,2026-08-25,2016-11-15,ptr,Carolyn B. Maloney,20260825T1602Z,backfill
20006194,house,2026-08-25,2016-11-15,ptr,Carolyn B. Maloney,20260825T1602Z,backfill
20006403,house,2026-08-25,2016-12-29,ptr,Carolyn B. Maloney,20260825T1602Z,backfill
9108196,house,2026-08-25,2016-01-20,ptr,Kenny Marchant,20260825T1602Z,backfill
9108309,house,2026-08-25,2016-02-18,ptr,Kenny Marchant,20260825T1602Z,backfill
9108476,house,2026-08-25,2016-03-21,ptr,Kenny Marchant,20260825T1602Z,backfill
9108580,house,2026-08-25,2016-04-19,ptr,Kenny Marchant,20260825T1602Z,backfill
9108688,house,2026-08-25,2016-05-05,ptr,Kenny Marchant,20260825T1602Z,backfill
9109458,house,2026-08-25,2016-06-06,ptr,Kenny Marchant,20260825T1602Z,backfill
9109568,house,2026-08-25,2016-07-06,ptr,Kenny Marchant,20260825T1602Z,backfill
9109762,house,2026-08-25,2016-08-03,ptr,Kenny Marchant,20260825T1602Z,backfill
9109975,house,2026-08-25,2016-09-06,ptr,Kenny Marchant,20260825T1602Z,backfill
9110127,house,2026-08-25,2016-10-12,ptr,Kenny Marchant,20260825T1602Z,backfill
9110214,house,2026-08-25,2016-11-15,ptr,Kenny Marchant,20260825T1602Z,backfill
9110305,house,2026-08-25,2016-12-21,ptr,Kenny Marchant,20260825T1602Z,backfill
9111559,house,2026-08-25,2017-08-08,ptr,Kenny Marchant,20260825T1602Z,backfill
9111640,house,2026-08-25,2017-08-17,ptr,Kenny Marchant,20260825T1602Z,backfill
9111641,house,2026-08-25,2017-08-17,ptr,Kenny Marchant,20260825T1602Z,backfill
9111642,house,2026-08-25,2017-08-17,ptr,Kenny Marchant,20260825T1602Z,backfill
9108384,house,2026-08-25,2016-03-01,ptr,Michael T. McCaul,20260825T1602Z,backfill
9108468,house,2026-08-25,2016-03-18,ptr,Michael T. McCaul,20260825T1602Z,backfill
9108579,house,2026-08-25,2016-04-20,ptr,Michael T. McCaul,20260825T1602Z,backfill
9109038,house,2026-08-25,2016-05-25,ptr,Michael T. McCaul,20260825T1602Z,backfill
9109515,house,2026-08-25,2016-06-16,ptr,Michael T. McCaul,20260825T1602Z,backfill
9109669,house,2026-08-25,2016-07-15,ptr,Michael T. McCaul,20260825T1602Z,backfill
9109903,house,2026-08-25,2016-08-16,ptr,Michael T. McCaul,20260825T1602Z,backfill
9110046,house,2026-08-25,2016-09-23,ptr,Michael T. McCaul,20260825T1602Z,backfill
9110126,house,2026-08-25,2016-10-14,ptr,Michael T. McCaul,20260825T1602Z,backfill
9110230,house,2026-08-25,2016-11-17,ptr,Michael T. McCaul,20260825T1602Z,backfill
9110306,house,2026-08-25,2016-12-21,ptr,Michael T. McCaul,20260825T1602Z,backfill
9110400,house,2026-08-25,2017-01-31,ptr,Michael T. McCaul,20260825T1602Z,backfill
20004385,house,2026-08-25,2016-01-13,ptr,Jim McDermott,20260825T1602Z,backfill
20004652,house,2026-08-25,2016-02-24,ptr,Jim McDermott,20260825T1602Z,backfill
20004760,house,2026-08-25,2016-03-17,ptr,Jim McDermott,20260825T1602Z,backfill
20005186,house,2026-08-25,2016-05-17,ptr,Jim McDermott,20260825T1602Z,backfill
20006069,house,2026-08-25,2016-10-17,ptr,Jim McDermott,20260825T1602Z,backfill
20006215,house,2026-08-25,2016-11-16,ptr,Jim McDermott,20260825T1602Z,backfill
9110286,house,2026-08-25,2016-12-13,ptr,Jim McDermott,20260825T1602Z,backfill
9110381,house,2026-08-25,2017-01-19,ptr,Jim McDermott,20260825T1602Z,backfill
20004839,house,2026-08-25,2016-04-01,ptr,David B. McKinley,20260825T1602Z,backfill
20005608,house,2026-08-25,2016-08-05,ptr,David B. McKinley,20260825T1602Z,backfill
20005989,house,2026-08-25,2016-10-04,ptr,David B. McKinley,20260825T1602Z,backfill
20006106,house,2026-08-25,2016-11-01,ptr,David B. McKinley,20260825T1602Z,backfill
9108788,house,2026-08-25,2016-05-11,ptr,Mark R Meadows,20260825T1602Z,backfill
20005429,house,2026-08-25,2016-06-30,ptr,Mark R Meadows,20260825T1602Z,backfill
9110213,house,2026-08-25,2016-11-15,ptr,Mark R Meadows,20260825T1602Z,backfill
20005180,house,2026-08-25,2016-05-16,ptr,Grace Meng,20260825T1602Z,backfill
20003690,house,2026-08-25,2016-02-08,ptr,Candice S. Miller,20260825T1602Z,backfill
20005451,house,2026-08-25,2016-07-05,ptr,Seth Moulton,20260825T1602Z,backfill
20005444,house,2026-08-25,2016-07-03,ptr,Mick Mulvaney,20260825T1602Z,backfill
20005585,house,2026-08-25,2016-07-22,ptr,Mick Mulvaney,20260825T1602Z,backfill
20005895,house,2026-08-25,2016-09-16,ptr,Mick Mulvaney,20260825T1602Z,backfill
20006210,house,2026-08-25,2016-11-16,ptr,Mick Mulvaney,20260825T1602Z,backfill
20006366,house,2026-08-25,2016-12-14,ptr,Mick Mulvaney,20260825T1602Z,backfill
20006202,house,2026-08-25,2016-11-25,ptr,Patrick Erin Murphy,20260825T1602Z,backfill
20004474,house,2026-08-25,2016-01-28,ptr,Randy Neugebauer,20260825T1602Z,backfill
20004795,house,2026-08-25,2016-03-24,ptr,Randy Neugebauer,20260825T1602Z,backfill
20004848,house,2026-08-25,2016-04-03,ptr,Randy Neugebauer,20260825T1602Z,backfill
20004934,house,2026-08-25,2016-04-19,ptr,Randy Neugebauer,20260825T1602Z,backfill
20005282,house,2026-08-25,2016-06-04,ptr,Randy Neugebauer,20260825T1602Z,backfill
20005348,house,2026-08-25,2016-06-16,ptr,Randy Neugebauer,20260825T1602Z,backfill
20005387,house,2026-08-25,2016-06-23,ptr,Randy Neugebauer,20260825T1602Z,backfill
20005418,house,2026-08-25,2016-06-28,ptr,Randy Neugebauer,20260825T1602Z,backfill
20005427,house,2026-08-25,2016-06-30,ptr,Randy Neugebauer,20260825T1602Z,backfill
20005489,house,2026-08-25,2016-07-09,ptr,Randy Neugebauer,20260825T1602Z,backfill
20005527,house,2026-08-25,2016-07-20,ptr,Randy Neugebauer,20260825T1602Z,backfill
20005777,house,2026-08-25,2016-08-28,ptr,Randy Neugebauer,20260825T1602Z,backfill
20006067,house,2026-08-25,2016-10-19,ptr,Randy Neugebauer,20260825T1602Z,backfill
20006191,house,2026-08-25,2016-11-14,ptr,Randy Neugebauer,20260825T1602Z,backfill
20005447,house,2026-08-25,2016-07-05,ptr,Eleanor Holmes Norton,20260825T1602Z,backfill
20005793,house,2026-08-25,2016-09-01,ptr,Eleanor Holmes Norton,20260825T1602Z,backfill
20004503,house,2026-08-25,2016-02-02,ptr,Nancy Pelosi,20260825T1602Z,backfill
20004596,house,2026-08-25,2016-02-17,ptr,Nancy Pelosi,20260825T1602Z,backfill
20005096,house,2026-08-25,2016-05-24,ptr,Nancy Pelosi,20260825T1602Z,backfill
20005689,house,2026-08-25,2016-08-17,ptr,Nancy Pelosi,20260825T1602Z,backfill
20004433,house,2026-08-25,2016-01-22,ptr,Scott H. Peters,20260825T1602Z,backfill
20004514,house,2026-08-25,2016-02-10,ptr,Scott H. Peters,20260825T1602Z,backfill
20004744,house,2026-08-25,2016-03-18,ptr,Scott H. Peters,20260825T1602Z,backfill
20005066,house,2026-08-25,2016-05-13,ptr,Scott H. Peters,20260825T1602Z,backfill
20005319,house,2026-08-25,2016-06-14,ptr,Scott H. Peters,20260825T1602Z,backfill
20005542,house,2026-08-25,2016-07-23,ptr,Scott H. Peters,20260825T1602Z,backfill
20005695,house,2026-08-25,2016-08-10,ptr,Scott H. Peters,20260825T1602Z,backfill
20005858,house,2026-08-25,2016-09-12,ptr,Scott H. Peters,20260825T1602Z,backfill
20005873,house,2026-08-25,2016-09-14,ptr,Scott H. Peters,20260825T1602Z,backfill
20006169,house,2026-08-25,2016-11-11,ptr,Scott H. Peters,20260825T1602Z,backfill
9108302,house,2026-08-25,2016-02-11,ptr,Jared Polis,20260825T1602Z,backfill
9108459,house,2026-08-25,2016-03-16,ptr,Jared Polis,20260825T1602Z,backfill
9108590,house,2026-08-25,2016-04-19,ptr,Jared Polis,20260825T1602Z,backfill
9108797,house,2026-08-25,2016-05-11,ptr,Jared Polis,20260825T1602Z,backfill
9109456,house,2026-08-25,2016-06-09,ptr,Jared Polis,20260825T1602Z,backfill
9109680,house,2026-08-25,2016-07-19,ptr,Jared Polis,20260825T1602Z,backfill
9109844,house,2026-08-25,2016-08-12,ptr,Jared Polis,20260825T1602Z,backfill
9109985,house,2026-08-25,2016-09-09,ptr,Jared Polis,20260825T1602Z,backfill
9110125,house,2026-08-25,2016-10-12,ptr,Jared Polis,20260825T1602Z,backfill
9110189,house,2026-08-25,2016-11-09,ptr,Jared Polis,20260825T1602Z,backfill
9110228,house,2026-08-25,2016-11-18,ptr,Jared Polis,20260825T1602Z,backfill
9110285,house,2026-08-25,2016-12-14,ptr,Jared Polis,20260825T1602Z,backfill
9110364,house,2026-08-25,2017-01-13,ptr,Jared Polis,20260825T1602Z,backfill
9111260,house,2026-08-25,2017-06-12,ptr,Jared Polis,20260825T1602Z,backfill
20004478,house,2026-08-25,2016-01-28,ptr,David E. Price,20260825T1602Z,backfill
20004479,house,2026-08-25,2016-01-28,ptr,David E. Price,20260825T1602Z,backfill
20005030,house,2026-08-25,2016-05-03,ptr,David E. Price,20260825T1602Z,backfill
20005245,house,2026-08-25,2016-05-27,ptr,David E. Price,20260825T1602Z,backfill
20005700,house,2026-08-25,2016-08-12,ptr,David E. Price,20260825T1602Z,backfill
20005764,house,2026-08-25,2016-08-24,ptr,David E. Price,20260825T1602Z,backfill
20006241,house,2026-08-25,2016-11-22,ptr,David E. Price,20260825T1602Z,backfill
20006249,house,2026-08-25,2016-11-23,ptr,David E. Price,20260825T1602Z,backfill
20006409,house,2026-08-25,2016-12-22,ptr,David E. Price,20260825T1602Z,backfill
9108321,house,2026-08-25,2016-02-17,ptr,Tom Price,20260825T1602Z,backfill
9108474,house,2026-08-25,2016-03-17,ptr,Tom Price,20260825T1602Z,backfill
9108588,house,2026-08-25,2016-04-15,ptr,Tom Price,20260825T1602Z,backfill
9108796,house,2026-08-25,2016-05-11,ptr,Tom Price,20260825T1602Z,backfill
9110002,house,2026-08-25,2016-09-12,ptr,Tom Price,20260825T1602Z,backfill
9108214,house,2026-08-25,2016-01-27,ptr,James B. Renacci,20260825T1602Z,backfill
9108265,house,2026-08-25,2016-02-08,ptr,James B. Renacci,20260825T1602Z,backfill
9108364,house,2026-08-25,2016-02-25,ptr,James B. Renacci,20260825T1602Z,backfill
9108417,house,2026-08-25,2016-03-04,ptr,James B. Renacci,20260825T1602Z,backfill
9108473,house,2026-08-25,2016-03-23,ptr,James B. Renacci,20260825T1602Z,backfill
9108564,house,2026-08-25,2016-04-11,ptr,James B. Renacci,20260825T1602Z,backfill
9108592,house,2026-08-25,2016-04-19,ptr,James B. Renacci,20260825T1602Z,backfill
9108687,house,2026-08-25,2016-05-05,ptr,James B. Renacci,20260825T1602Z,backfill
9109037,house,2026-08-25,2016-05-23,ptr,James B. Renacci,20260825T1602Z,backfill
9109455,house,2026-08-25,2016-06-07,ptr,James B. Renacci,20260825T1602Z,backfill
9109514,house,2026-08-25,2016-06-17,ptr,James B. Renacci,20260825T1602Z,backfill
9109571,house,2026-08-25,2016-07-06,ptr,James B. Renacci,20260825T1602Z,backfill
9109677,house,2026-08-25,2016-07-20,ptr,James B. Renacci,20260825T1602Z,backfill
9109789,house,2026-08-25,2016-08-03,ptr,James B. Renacci,20260825T1602Z,backfill
9109952,house,2026-08-25,2016-08-30,ptr,James B. Renacci,20260825T1602Z,backfill
9109974,house,2026-08-25,2016-09-06,ptr,James B. Renacci,20260825T1602Z,backfill
9110043,house,2026-08-25,2016-09-21,ptr,James B. Renacci,20260825T1602Z,backfill
9110089,house,2026-08-25,2016-10-05,ptr,James B. Renacci,20260825T1602Z,backfill
9110139,house,2026-08-25,2016-10-18,ptr,James B. Renacci,20260825T1602Z,backfill
9110188,house,2026-08-25,2016-11-07,ptr,James B. Renacci,20260825T1602Z,backfill
9110226,house,2026-08-25,2016-11-17,ptr,James B. Renacci,20260825T1602Z,backfill
9110263,house,2026-08-25,2016-12-06,ptr,James B. Renacci,20260825T1602Z,backfill
9110307,house,2026-08-25,2016-12-20,ptr,James B. Renacci,20260825T1602Z,backfill
9110323,house,2026-08-25,2017-01-05,ptr,James B. Renacci,20260825T1602Z,backfill
20004463,house,2026-08-25,2016-01-22,ptr,E. Scott Rigell,20260825T1602Z,backfill
20004658,house,2026-08-25,2016-02-26,ptr,E. Scott Rigell,20260825T1602Z,backfill
20004804,house,2026-08-25,2016-03-24,ptr,E. Scott Rigell,20260825T1602Z,backfill
20004999,house,2026-08-25,2016-04-28,ptr,E. Scott Rigell,20260825T1602Z,backfill
20005069,house,2026-08-25,2016-05-09,ptr,E. Scott Rigell,20260825T1602Z,backfill
20005243,house,2026-08-25,2016-05-27,ptr,E. Scott Rigell,20260825T1602Z,backfill
20005423,house,2026-08-25,2016-06-29,ptr,E. Scott Rigell,20260825T1602Z,backfill
20005774,house,2026-08-25,2016-08-26,ptr,E. Scott Rigell,20260825T1602Z,backfill
20006112,house,2026-08-25,2016-10-28,ptr,E. Scott Rigell,20260825T1602Z,backfill
20006425,house,2026-08-25,2016-12-23,ptr,E. Scott Rigell,20260825T1602Z,backfill
9108252,house,2026-08-25,2016-02-03,ptr,David P. Roe,20260825T1602Z,backfill
9108458,house,2026-08-25,2016-03-15,ptr,David P. Roe,20260825T1602Z,backfill
9108559,house,2026-08-25,2016-04-14,ptr,David P. Roe,20260825T1602Z,backfill
9108795,house,2026-08-25,2016-05-12,ptr,David P. Roe,20260825T1602Z,backfill
9109472,house,2026-08-25,2016-06-13,ptr,David P. Roe,20260825T1602Z,backfill
9109921,house,2026-08-25,2016-08-17,ptr,David P. Roe,20260825T1602Z,backfill
9110023,house,2026-08-25,2016-09-16,ptr,David P. Roe,20260825T1602Z,backfill
9110124,house,2026-08-25,2016-10-14,ptr,David P. Roe,20260825T1602Z,backfill
9110187,house,2026-08-25,2016-11-14,ptr,David P. Roe,20260825T1602Z,backfill
9110297,house,2026-08-25,2016-12-16,ptr,David P. Roe,20260825T1602Z,backfill
9110363,house,2026-08-25,2017-01-18,ptr,David P. Roe,20260825T1602Z,backfill
9108305,house,2026-08-25,2016-02-11,ptr,Harold Dallas Rogers,20260825T1602Z,backfill
9108428,house,2026-08-25,2016-03-04,ptr,Harold Dallas Rogers,20260825T1602Z,backfill
9108560,house,2026-08-25,2016-04-12,ptr,Harold Dallas Rogers,20260825T1602Z,backfill
9108794,house,2026-08-25,2016-05-11,ptr,Harold Dallas Rogers,20260825T1602Z,backfill
9109454,house,2026-08-25,2016-06-08,ptr,Harold Dallas Rogers,20260825T1602Z,backfill
9109607,house,2026-08-25,2016-07-08,ptr,Harold Dallas Rogers,20260825T1602Z,backfill
9109808,house,2026-08-25,2016-08-08,ptr,Harold Dallas Rogers,20260825T1602Z,backfill
9109984,house,2026-08-25,2016-09-09,ptr,Harold Dallas Rogers,20260825T1602Z,backfill
9110123,house,2026-08-25,2016-10-14,ptr,Harold Dallas Rogers,20260825T1602Z,backfill
9110186,house,2026-08-25,2016-11-10,ptr,Harold Dallas Rogers,20260825T1602Z,backfill
9110262,house,2026-08-25,2016-12-07,ptr,Harold Dallas Rogers,20260825T1602Z,backfill
9110322,house,2026-08-25,2017-01-06,ptr,Harold Dallas Rogers,20260825T1602Z,backfill
20005337,house,2026-08-25,2016-06-15,ptr,Keith J. Rothfus,20260825T1602Z,backfill
20006243,house,2026-08-25,2016-11-22,ptr,Keith J. Rothfus,20260825T1602Z,backfill
20004462,house,2026-08-25,2016-02-18,ptr,Linda T. Sanchez,20260825T1602Z,backfill
20005523,house,2026-08-25,2016-08-04,ptr,Linda T. Sanchez,20260825T1602Z,backfill
20005876,house,2026-08-25,2016-09-14,ptr,Linda T. Sanchez,20260825T1602Z,backfill
9108457,house,2026-08-25,2016-03-16,ptr,Adam B. Schiff,20260825T1602Z,backfill
9108652,house,2026-08-25,2016-04-27,ptr,Adam B. Schiff,20260825T1602Z,backfill
9108653,house,2026-08-25,2016-04-27,ptr,Adam B. Schiff,20260825T1602Z,backfill
9108792,house,2026-08-25,2016-05-11,ptr,Adam B. Schiff,20260825T1602Z,backfill
9109453,house,2026-08-25,2016-06-09,ptr,Adam B. Schiff,20260825T1602Z,backfill
9109543,house,2026-08-25,2016-06-21,ptr,Adam B. Schiff,20260825T1602Z,backfill
9109973,house,2026-08-25,2016-09-07,ptr,Adam B. Schiff,20260825T1602Z,backfill
9110168,house,2026-08-25,2016-11-01,ptr,Adam B. Schiff,20260825T1602Z,backfill
9110296,house,2026-08-25,2016-12-16,ptr,Adam B. Schiff,20260825T1602Z,backfill
9108304,house,2026-08-25,2016-02-10,ptr,Kurt Schrader,20260825T1602Z,backfill
9108472,house,2026-08-25,2016-03-22,ptr,Kurt Schrader,20260825T1602Z,backfill
9108561,house,2026-08-25,2016-04-13,ptr,Kurt Schrader,20260825T1602Z,backfill
9108793,house,2026-08-25,2016-05-11,ptr,Kurt Schrader,20260825T1602Z,backfill
9109451,house,2026-08-25,2016-06-09,ptr,Kurt Schrader,20260825T1602Z,backfill
9109668,house,2026-08-25,2016-07-15,ptr,Kurt Schrader,20260825T1602Z,backfill
9109941,house,2026-08-25,2016-08-24,ptr,Kurt Schrader,20260825T1602Z,backfill
9109983,house,2026-08-25,2016-09-09,ptr,Kurt Schrader,20260825T1602Z,backfill
9110122,house,2026-08-25,2016-10-14,ptr,Kurt Schrader,20260825T1602Z,backfill
9110212,house,2026-08-25,2016-11-15,ptr,Kurt Schrader,20260825T1602Z,backfill
9110277,house,2026-08-25,2016-12-12,ptr,Kurt Schrader,20260825T1602Z,backfill
9110346,house,2026-08-25,2017-01-10,ptr,Kurt Schrader,20260825T1602Z,backfill
9108591,house,2026-08-25,2016-04-20,ptr,Austin Scott,20260825T1602Z,backfill
9109605,house,2026-08-25,2016-07-08,ptr,Austin Scott,20260825T1602Z,backfill
9109606,house,2026-08-25,2016-07-08,ptr,Austin Scott,20260825T1602Z,backfill
9110041,house,2026-08-25,2016-09-23,ptr,Austin Scott,20260825T1602Z,backfill
9110248,house,2026-08-25,2016-11-30,ptr,Austin Scott,20260825T1602Z,backfill
9110022,house,2026-08-25,2016-09-16,ptr,F. James Sensenbrenner,20260825T1602Z,backfill
9108320,house,2026-08-25,2016-02-12,ptr,Pete Sessions,20260825T1602Z,backfill
9108426,house,2026-08-25,2016-03-09,ptr,Pete Sessions,20260825T1602Z,backfill
9108525,house,2026-08-25,2016-04-05,ptr,Pete Sessions,20260825T1602Z,backfill
9108654,house,2026-08-25,2016-04-28,ptr,Pete Sessions,20260825T1602Z,backfill
20003197,house,2026-08-25,2016-05-18,ptr,Pete Sessions,20260825T1602Z,backfill
20005202,house,2026-08-25,2016-05-27,ptr,Pete Sessions,20260825T1602Z,backfill
20005294,house,2026-08-25,2016-07-05,ptr,Pete Sessions,20260825T1602Z,backfill
20005586,house,2026-08-25,2016-07-25,ptr,Pete Sessions,20260825T1602Z,backfill
20005606,house,2026-08-25,2016-10-04,ptr,Pete Sessions,20260825T1602Z,backfill
20006123,house,2026-08-25,2016-10-31,ptr,Pete Sessions,20260825T1602Z,backfill
20006168,house,2026-08-25,2016-11-09,ptr,Pete Sessions,20260825T1602Z,backfill
20006170,house,2026-08-25,2016-11-09,ptr,Pete Sessions,20260825T1602Z,backfill
20006414,house,2026-08-25,2016-12-23,ptr,Pete Sessions,20260825T1602Z,backfill
20004748,house,2026-08-25,2016-03-14,ptr,Michael K. Simpson,20260825T1602Z,backfill
20004890,house,2026-08-25,2016-04-11,ptr,Michael K. Simpson,20260825T1602Z,backfill
20004694,house,2026-08-25,2016-03-03,ptr,Louise McIntosh Slaughter,20260825T1602Z,backfill
20005133,house,2026-08-25,2016-05-13,ptr,Louise McIntosh Slaughter,20260825T1602Z,backfill
20005262,house,2026-08-25,2016-06-02,ptr,Louise McIntosh Slaughter,20260825T1602Z,backfill
20005809,house,2026-08-25,2016-09-02,ptr,Louise McIntosh Slaughter,20260825T1602Z,backfill
20006310,house,2026-08-25,2016-12-05,ptr,Louise McIntosh Slaughter,20260825T1602Z,backfill
20004375,house,2026-08-25,2016-01-12,ptr,Lamar Smith,20260825T1602Z,backfill
20004518,house,2026-08-25,2016-02-09,ptr,Lamar Smith,20260825T1602Z,backfill
20004725,house,2026-08-25,2016-03-15,ptr,Lamar Smith,20260825T1602Z,backfill
20004888,house,2026-08-25,2016-04-12,ptr,Lamar Smith,20260825T1602Z,backfill
20005036,house,2026-08-25,2016-05-05,ptr,Lamar Smith,20260825T1602Z,backfill
20005045,house,2026-08-25,2016-05-10,ptr,Lamar Smith,20260825T1602Z,backfill
20005138,house,2026-08-25,2016-05-13,ptr,Lamar Smith,20260825T1602Z,backfill
20005255,house,2026-08-25,2016-06-10,ptr,Lamar Smith,20260825T1602Z,backfill
20005465,house,2026-08-25,2016-07-08,ptr,Lamar Smith,20260825T1602Z,backfill
20005679,house,2026-08-25,2016-08-11,ptr,Lamar Smith,20260825T1602Z,backfill
20005828,house,2026-08-25,2016-09-12,ptr,Lamar Smith,20260825T1602Z,backfill
20005996,house,2026-08-25,2016-10-11,ptr,Lamar Smith,20260825T1602Z,backfill
20006136,house,2026-08-25,2016-11-14,ptr,Lamar Smith,20260825T1602Z,backfill
20006317,house,2026-08-25,2016-12-12,ptr,Lamar Smith,20260825T1602Z,backfill
9108686,house,2026-08-25,2016-05-02,ptr,Steve Stivers,20260825T1602Z,backfill
9109706,house,2026-08-25,2016-07-22,ptr,Steve Stivers,20260825T1602Z,backfill
9110143,house,2026-08-25,2016-10-20,ptr,Steve Stivers,20260825T1602Z,backfill
9108251,house,2026-08-25,2016-01-29,ptr,Kyle Mark Takai,20260825T1602Z,backfill
9108798,house,2026-08-25,2016-05-13,ptr,Scott R. Tipton,20260825T1602Z,backfill
9108562,house,2026-08-25,2016-04-15,ptr,Dina Titus,20260825T1602Z,backfill
9109840,house,2026-08-25,2016-08-11,ptr,Dina Titus,20260825T1602Z,backfill
9110021,house,2026-08-25,2016-09-20,ptr,Dina Titus,20260825T1602Z,backfill
9110247,house,2026-08-25,2016-12-02,ptr,Dina Titus,20260825T1602Z,backfill
20004326,house,2026-08-25,2016-01-08,ptr,David A. Trott,20260825T1602Z,backfill
20004496,house,2026-08-25,2016-02-02,ptr,David A. Trott,20260825T1602Z,backfill
20004674,house,2026-08-25,2016-03-07,ptr,David A. Trott,20260825T1602Z,backfill
20004849,house,2026-08-25,2016-04-04,ptr,David A. Trott,20260825T1602Z,backfill
20005031,house,2026-08-25,2016-05-04,ptr,David A. Trott,20260825T1602Z,backfill
20005261,house,2026-08-25,2016-06-03,ptr,David A. Trott,20260825T1602Z,backfill
20005441,house,2026-08-25,2016-07-05,ptr,David A. Trott,20260825T1602Z,backfill
20005633,house,2026-08-25,2016-08-03,ptr,David A. Trott,20260825T1602Z,backfill
20005790,house,2026-08-25,2016-09-02,ptr,David A. Trott,20260825T1602Z,backfill
20005933,house,2026-08-25,2016-10-05,ptr,David A. Trott,20260825T1602Z,backfill
20006114,house,2026-08-25,2016-11-03,ptr,David A. Trott,20260825T1602Z,backfill
20006281,house,2026-08-25,2016-12-02,ptr,David A. Trott,20260825T1602Z,backfill
20005701,house,2026-08-25,2016-08-15,ptr,Niki Tsongas,20260825T1602Z,backfill
20005757,house,2026-08-25,2016-08-30,ptr,Michael R. Turner,20260825T1602Z,backfill
9108381,house,2026-08-25,2016-02-26,ptr,Fred Upton,20260825T1602Z,backfill
9108593,house,2026-08-25,2016-04-19,ptr,Fred Upton,20260825T1602Z,backfill
9108614,house,2026-08-25,2016-04-21,ptr,Fred Upton,20260825T1602Z,backfill
9109046,house,2026-08-25,2016-05-25,ptr,Fred Upton,20260825T1602Z,backfill
9109660,house,2026-08-25,2016-07-14,ptr,Fred Upton,20260825T1602Z,backfill
9109788,house,2026-08-25,2016-08-04,ptr,Fred Upton,20260825T1602Z,backfill
9110000,house,2026-08-25,2016-09-13,ptr,Fred Upton,20260825T1602Z,backfill
9110211,house,2026-08-25,2016-11-15,ptr,Fred Upton,20260825T1602Z,backfill
9110295,house,2026-08-25,2016-12-19,ptr,Fred Upton,20260825T1602Z,backfill
9110001,house,2026-08-25,2016-09-13,ptr,Chris Van Hollen,20260825T1602Z,backfill
9110301,house,2026-08-25,2016-12-23,ptr,Chris Van Hollen,20260825T1602Z,backfill
20005313,house,2026-08-25,2016-07-13,ptr,Marc A. Veasey,20260825T1602Z,backfill
9109572,house,2026-08-25,2016-07-05,ptr,Ann Wagner,20260825T1602Z,backfill
9109807,house,2026-08-25,2016-08-09,ptr,Ann Wagner,20260825T1602Z,backfill
9109972,house,2026-08-25,2016-09-06,ptr,Ann Wagner,20260825T1602Z,backfill
9110177,house,2026-08-25,2016-11-02,ptr,Ann Wagner,20260825T1602Z,backfill
9110185,house,2026-08-25,2016-11-10,ptr,Ann Wagner,20260825T1602Z,backfill
20004858,house,2026-08-25,2016-04-18,ptr,Debbie Wasserman Schultz,20260825T1602Z,backfill
20005420,house,2026-08-25,2016-07-06,ptr,Debbie Wasserman Schultz,20260825T1602Z,backfill
20006076,house,2026-08-25,2016-10-18,ptr,Debbie Wasserman Schultz,20260825T1602Z,backfill
20006428,house,2026-08-25,2016-12-25,ptr,Debbie Wasserman Schultz,20260825T1602Z,backfill
9108402,house,2026-08-25,2016-03-03,ptr,Peter Welch,20260825T1602Z,backfill
9108524,house,2026-08-25,2016-04-05,ptr,Peter Welch,20260825T1602Z,backfill
9108685,house,2026-08-25,2016-05-05,ptr,Peter Welch,20260825T1602Z,backfill
9109452,house,2026-08-25,2016-06-03,ptr,Peter Welch,20260825T1602Z,backfill
9109573,house,2026-08-25,2016-07-05,ptr,Peter Welch,20260825T1602Z,backfill
9109901,house,2026-08-25,2016-08-05,ptr,Peter Welch,20260825T1602Z,backfill
9109971,house,2026-08-25,2016-09-02,ptr,Peter Welch,20260825T1602Z,backfill
9110088,house,2026-08-25,2016-10-04,ptr,Peter Welch,20260825T1602Z,backfill
9110176,house,2026-08-25,2016-11-04,ptr,Peter Welch,20260825T1602Z,backfill
9110261,house,2026-08-25,2016-12-05,ptr,Peter Welch,20260825T1602Z,backfill
9110321,house,2026-08-25,2017-01-05,ptr,Peter Welch,20260825T1602Z,backfill
20004422,house,2026-08-25,2016-01-15,ptr,Ed Whitfield,20260825T1602Z,backfill
20004444,house,2026-08-25,2016-02-02,ptr,Ed Whitfield,20260825T1602Z,backfill
20004722,house,2026-08-25,2016-03-10,ptr,Ed Whitfield,20260825T1602Z,backfill
20004887,house,2026-08-25,2016-04-11,ptr,Ed Whitfield,20260825T1602Z,backfill
20005070,house,2026-08-25,2016-05-10,ptr,Ed Whitfield,20260825T1602Z,backfill
20005314,house,2026-08-25,2016-06-14,ptr,Ed Whitfield,20260825T1602Z,backfill
20005541,house,2026-08-25,2016-07-15,ptr,Ed Whitfield,20260825T1602Z,backfill
20005642,house,2026-08-25,2016-08-04,ptr,Ed Whitfield,20260825T1602Z,backfill
20005698,house,2026-08-25,2016-08-12,ptr,Ed Whitfield,20260825T1602Z,backfill
20005874,house,2026-08-25,2016-09-14,ptr,Ed Whitfield,20260825T1602Z,backfill
20006052,house,2026-08-25,2016-10-20,ptr,Ed Whitfield,20260825T1602Z,backfill
20001144,house,2026-08-25,2016-08-01,ptr,Roger Williams,20260825T1602Z,backfill
20004634,house,2026-08-25,2016-02-24,ptr,Robert J. Wittman,20260825T1602Z,backfill
20005248,house,2026-08-25,2016-07-06,ptr,Robert J. Wittman,20260825T1602Z,backfill
20005616,house,2026-08-25,2016-08-12,ptr,Robert J. Wittman,20260825T1602Z,backfill
20006109,house,2026-08-25,2016-12-23,ptr,Robert J. Wittman,20260825T1602Z,backfill
20004342,house,2026-08-25,2016-01-06,ptr,Steve Womack,20260825T1602Z,backfill
20004469,house,2026-08-25,2016-01-26,ptr,John A. Yarmuth,20260825T1602Z,backfill
20004759,house,2026-08-25,2016-03-17,ptr,John A. Yarmuth,20260825T1602Z,backfill
20005539,house,2026-08-25,2016-07-15,ptr,John A. Yarmuth,20260825T1602Z,backfill
20005490,house,2026-08-25,2016-07-09,ptr,Kevin Yoder,20260825T1602Z,backfill
20005581,house,2026-08-25,2016-07-22,ptr,Kevin Yoder,20260825T1602Z,backfill
20007551,house,2026-08-25,2017-07-06,ptr,James E. Banks,20260825T1602Z,backfill
20006832,house,2026-08-25,2017-03-01,ptr,Lou Barletta,20260825T1602Z,backfill
9111826,house,2026-08-25,2017-09-26,ptr,Gus M. Bilirakis,20260825T1602Z,backfill
9112243,house,2026-08-25,2018-01-09,ptr,Gus M. Bilirakis,20260825T1602Z,backfill
9110430,house,2026-08-25,2017-02-07,ptr,Diane Black,20260825T1602Z,backfill
9110596,house,2026-08-25,2017-03-28,ptr,Diane Black,20260825T1602Z,backfill
9110713,house,2026-08-25,2017-05-05,ptr,Diane Black,20260825T1602Z,backfill
9110837,house,2026-08-25,2017-05-23,ptr,Diane Black,20260825T1602Z,backfill
9111448,house,2026-08-25,2017-07-17,ptr,Diane Black,20260825T1602Z,backfill
9111848,house,2026-08-25,2017-10-02,ptr,Diane Black,20260825T1602Z,backfill
9111877,house,2026-08-25,2017-10-11,ptr,Diane Black,20260825T1602Z,backfill
9112023,house,2026-08-25,2017-11-08,ptr,Diane Black,20260825T1602Z,backfill
20007916,house,2026-08-25,2017-08-31,ptr,Rodney Leland Blum,20260825T1602Z,backfill
20006495,house,2026-08-25,2017-01-06,ptr,Earl Blumenauer,20260825T1602Z,backfill
20006724,house,2026-08-25,2017-02-08,ptr,Earl Blumenauer,20260825T1602Z,backfill
20006801,house,2026-08-25,2017-02-23,ptr,Earl Blumenauer,20260825T1602Z,backfill
20006949,house,2026-08-25,2017-03-20,ptr,Earl Blumenauer,20260825T1602Z,backfill
20007179,house,2026-08-25,2017-05-02,ptr,Earl Blumenauer,20260825T1602Z,backfill
20007349,house,2026-08-25,2017-05-23,ptr,Earl Blumenauer,20260825T1602Z,backfill
20007383,house,2026-08-25,2017-06-01,ptr,Earl Blumenauer,20260825T1602Z,backfill
20007881,house,2026-08-25,2017-08-22,ptr,Earl Blumenauer,20260825T1602Z,backfill
20007945,house,2026-08-25,2017-09-12,ptr,Earl Blumenauer,20260825T1602Z,backfill
20008424,house,2026-08-25,2017-11-20,ptr,Earl Blumenauer,20260825T1602Z,backfill
20008454,house,2026-08-25,2017-11-28,ptr,Earl Blumenauer,20260825T1602Z,backfill
20007207,house,2026-08-25,2017-05-05,ptr,Lisa Blunt Rochester,20260825T1602Z,backfill
20007570,house,2026-08-25,2017-07-05,ptr,Lisa Blunt Rochester,20260825T1602Z,backfill
20007733,house,2026-08-25,2017-08-03,ptr,Lisa Blunt Rochester,20260825T1602Z,backfill
20007972,house,2026-08-25,2017-09-12,ptr,Lisa Blunt Rochester,20260825T1602Z,backfill
20008520,house,2026-08-25,2017-12-07,ptr,Lisa Blunt Rochester,20260825T1602Z,backfill
20006641,house,2026-08-25,2017-01-31,ptr,Mo Brooks,20260825T1602Z,backfill
20006768,house,2026-08-25,2017-02-16,ptr,Mo Brooks,20260825T1602Z,backfill
20006992,house,2026-08-25,2017-04-03,ptr,Mo Brooks,20260825T1602Z,backfill
20007279,house,2026-08-25,2017-05-13,ptr,Mo Brooks,20260825T1602Z,backfill
20007410,house,2026-08-25,2017-06-05,ptr,Mo Brooks,20260825T1602Z,backfill
20007636,house,2026-08-25,2017-07-16,ptr,Mo Brooks,20260825T1602Z,backfill
20007835,house,2026-08-25,2017-08-17,ptr,Mo Brooks,20260825T1602Z,backfill
20008301,house,2026-08-25,2017-10-30,ptr,Mo Brooks,20260825T1602Z,backfill
20008596,house,2026-08-25,2017-12-21,ptr,Mo Brooks,20260825T1602Z,backfill
20007073,house,2026-08-25,2017-05-03,ptr,Susan W. Brooks,20260825T1602Z,backfill
20007640,house,2026-08-25,2017-07-17,ptr,Susan W. Brooks,20260825T1602Z,backfill
20006600,house,2026-08-25,2017-01-23,ptr,Vern Buchanan,20260825T1602Z,backfill
20006797,house,2026-08-25,2017-02-23,ptr,Vern Buchanan,20260825T1602Z,backfill
20007101,house,2026-08-25,2017-04-21,ptr,Vern Buchanan,20260825T1602Z,backfill
20007407,house,2026-08-25,2017-06-05,ptr,Vern Buchanan,20260825T1602Z,backfill
20008250,house,2026-08-25,2017-10-20,ptr,Vern Buchanan,20260825T1602Z,backfill
20008451,house,2026-08-25,2017-11-28,ptr,Vern Buchanan,20260825T1602Z,backfill
20008588,house,2026-08-25,2017-12-20,ptr,Vern Buchanan,20260825T1602Z,backfill
20007519,house,2026-08-25,2017-06-23,ptr,Kenneth R. Buck,20260825T1602Z,backfill
20008310,house,2026-08-25,2017-11-02,ptr,Kenneth R. Buck,20260825T1602Z,backfill
20008536,house,2026-08-25,2017-12-11,ptr,Kenneth R. Buck,20260825T1602Z,backfill
20005631,house,2026-08-25,2017-02-09,ptr,Cheri Bustos,20260825T1602Z,backfill
20007260,house,2026-08-25,2017-05-15,ptr,Cheri Bustos,20260825T1602Z,backfill
20006540,house,2026-08-25,2017-01-11,ptr,Kathy Castor,20260825T1602Z,backfill
20006751,house,2026-08-25,2017-02-15,ptr,Kathy Castor,20260825T1602Z,backfill
20006946,house,2026-08-25,2017-03-20,ptr,Kathy Castor,20260825T1602Z,backfill
20007192,house,2026-08-25,2017-05-03,ptr,Kathy Castor,20260825T1602Z,backfill
20007742,house,2026-08-25,2017-08-04,ptr,Kathy Castor,20260825T1602Z,backfill
20006511,house,2026-08-25,2017-01-25,ptr,Judy Chu,20260825T1602Z,backfill
20006729,house,2026-08-25,2017-03-14,ptr,Judy Chu,20260825T1602Z,backfill
20007035,house,2026-08-25,2017-04-14,ptr,Judy Chu,20260825T1602Z,backfill
20007211,house,2026-08-25,2017-05-15,ptr,Judy Chu,20260825T1602Z,backfill
20007444,house,2026-08-25,2017-06-16,ptr,Judy Chu,20260825T1602Z,backfill
20007601,house,2026-08-25,2017-07-16,ptr,Judy Chu,20260825T1602Z,backfill
20007774,house,2026-08-25,2017-08-18,ptr,Judy Chu,20260825T1602Z,backfill
20008008,house,2026-08-25,2017-09-18,ptr,Judy Chu,20260825T1602Z,backfill
20008205,house,2026-08-25,2017-10-18,ptr,Judy Chu,20260825T1602Z,backfill
20008372,house,2026-08-25,2017-11-12,ptr,Judy Chu,20260825T1602Z,backfill
20008543,house,2026-08-25,2017-12-17,ptr,Judy Chu,20260825T1602Z,backfill
20006507,house,2026-08-25,2017-01-09,ptr,Katherine M. Clark,20260825T1602Z,backfill
20006852,house,2026-08-25,2017-03-03,ptr,Katherine M. Clark,20260825T1602Z,backfill
20007017,house,2026-08-25,2017-04-06,ptr,Katherine M. Clark,20260825T1602Z,backfill
20007240,house,2026-08-25,2017-05-09,ptr,Katherine M. Clark,20260825T1602Z,backfill
20007336,house,2026-08-25,2017-05-25,ptr,Katherine M. Clark,20260825T1602Z,backfill
20007587,house,2026-08-25,2017-07-07,ptr,Katherine M. Clark,20260825T1602Z,backfill
20007829,house,2026-08-25,2017-08-15,ptr,Katherine M. Clark,20260825T1602Z,backfill
20008419,house,2026-08-25,2017-11-18,ptr,Katherine M. Clark,20260825T1602Z,backfill
20008481,house,2026-08-25,2017-12-01,ptr,Katherine M. Clark,20260825T1602Z,backfill
20006649,house,2026-08-25,2017-01-31,ptr,Steve Cohen,20260825T1602Z,backfill
20006665,house,2026-08-25,2017-02-02,ptr,Steve Cohen,20260825T1602Z,backfill
20007117,house,2026-08-25,2017-04-25,ptr,Steve Cohen,20260825T1602Z,backfill
20007120,house,2026-08-25,2017-04-25,ptr,Steve Cohen,20260825T1602Z,backfill
20007804,house,2026-08-25,2017-08-11,ptr,Steve Cohen,20260825T1602Z,backfill
20007967,house,2026-08-25,2017-09-07,ptr,Steve Cohen,20260825T1602Z,backfill
20008102,house,2026-08-25,2017-09-27,ptr,Steve Cohen,20260825T1602Z,backfill
20008217,house,2026-08-25,2017-10-16,ptr,Steve Cohen,20260825T1602Z,backfill
9110617,house,2026-08-25,2017-04-04,ptr,Chris Collins,20260825T1602Z,backfill
9111719,house,2026-08-25,2017-09-05,ptr,Chris Collins,20260825T1602Z,backfill
9111847,house,2026-08-25,2017-10-02,ptr,Chris Collins,20260825T1602Z,backfill
9112040,house,2026-08-25,2017-11-14,ptr,Chris Collins,20260825T1602Z,backfill
9112119,house,2026-08-25,2017-11-29,ptr,Chris Collins,20260825T1602Z,backfill
9111742,house,2026-08-25,2017-09-07,ptr,James Comer,20260825T1602Z,backfill
9111846,house,2026-08-25,2017-10-03,ptr,James Comer,20260825T1602Z,backfill
9111988,house,2026-08-25,2017-11-01,ptr,James Comer,20260825T1602Z,backfill
9112142,house,2026-08-25,2017-12-01,ptr,James Comer,20260825T1602Z,backfill
9112242,house,2026-08-25,2018-01-09,ptr,James Comer,20260825T1602Z,backfill
20006695,house,2026-08-25,2017-02-06,ptr,Barbara J Honorable Comstock,20260825T1602Z,backfill
20006777,house,2026-08-25,2017-02-18,ptr,Barbara J Honorable Comstock,20260825T1602Z,backfill
20007350,house,2026-08-25,2017-05-23,ptr,Barbara J Honorable Comstock,20260825T1602Z,backfill
20007359,house,2026-08-25,2017-05-24,ptr,Barbara J Honorable Comstock,20260825T1602Z,backfill
20007630,house,2026-08-25,2017-07-14,ptr,Barbara J Honorable Comstock,20260825T1602Z,backfill
20007812,house,2026-08-25,2017-08-14,ptr,Barbara J Honorable Comstock,20260825T1602Z,backfill
20008210,house,2026-08-25,2017-10-13,ptr,Barbara J Honorable Comstock,20260825T1602Z,backfill
20008373,house,2026-08-25,2017-11-08,ptr,Barbara J Honorable Comstock,20260825T1602Z,backfill
20008442,house,2026-08-25,2017-11-24,ptr,Barbara J Honorable Comstock,20260825T1602Z,backfill
20008586,house,2026-08-25,2017-12-19,ptr,Barbara J Honorable Comstock,20260825T1602Z,backfill
20006448,house,2026-08-25,2017-01-04,ptr,K. Michael Conaway,20260825T1602Z,backfill
20006694,house,2026-08-25,2017-02-06,ptr,K. Michael Conaway,20260825T1602Z,backfill
20006700,house,2026-08-25,2017-02-07,ptr,K. Michael Conaway,20260825T1602Z,backfill
20006839,house,2026-08-25,2017-03-02,ptr,K. Michael Conaway,20260825T1602Z,backfill
20006989,house,2026-08-25,2017-04-02,ptr,K. Michael Conaway,20260825T1602Z,backfill
20007185,house,2026-08-25,2017-05-03,ptr,K. Michael Conaway,20260825T1602Z,backfill
20007393,house,2026-08-25,2017-06-06,ptr,K. Michael Conaway,20260825T1602Z,backfill
20007468,house,2026-08-25,2017-06-14,ptr,K. Michael Conaway,20260825T1602Z,backfill
20007730,house,2026-08-25,2017-08-02,ptr,K. Michael Conaway,20260825T1602Z,backfill
20008162,house,2026-08-25,2017-10-04,ptr,K. Michael Conaway,20260825T1602Z,backfill
20008172,house,2026-08-25,2017-10-05,ptr,K. Michael Conaway,20260825T1602Z,backfill
20008329,house,2026-08-25,2017-11-04,ptr,K. Michael Conaway,20260825T1602Z,backfill
20008516,house,2026-08-25,2017-12-06,ptr,K. Michael Conaway,20260825T1602Z,backfill
20006554,house,2026-08-25,2017-01-13,ptr,Gerald E. Connolly,20260825T1602Z,backfill
20007081,house,2026-08-25,2017-04-19,ptr,Gerald E. Connolly,20260825T1602Z,backfill
20007183,house,2026-08-25,2017-05-02,ptr,Gerald E. Connolly,20260825T1602Z,backfill
20007572,house,2026-08-25,2017-07-06,ptr,Gerald E. Connolly,20260825T1602Z,backfill
20008349,house,2026-08-25,2017-11-07,ptr,Gerald E. Connolly,20260825T1602Z,backfill
20006412,house,2026-08-25,2017-01-04,ptr,Jim Cooper,20260825T1602Z,backfill
20006723,house,2026-08-25,2017-03-06,ptr,Charlie Joseph Crist,20260825T1602Z,backfill
20006954,house,2026-08-25,2017-03-23,ptr,Charlie Joseph Crist,20260825T1602Z,backfill
9110616,house,2026-08-25,2017-04-06,ptr,John Abney Culberson,20260825T1602Z,backfill
9111345,house,2026-08-25,2017-06-27,ptr,John Abney Culberson,20260825T1602Z,backfill
20007382,house,2026-08-25,2017-06-01,ptr,Carlos Curbelo,20260825T1602Z,backfill
20007620,house,2026-08-25,2017-07-13,ptr,Carlos Curbelo,20260825T1602Z,backfill
20007737,house,2026-08-25,2017-08-04,ptr,Carlos Curbelo,20260825T1602Z,backfill
20007872,house,2026-08-25,2017-08-21,ptr,Carlos Curbelo,20260825T1602Z,backfill
20008049,house,2026-08-25,2017-09-18,ptr,Carlos Curbelo,20260825T1602Z,backfill
20008139,house,2026-08-25,2017-10-03,ptr,Carlos Curbelo,20260825T1602Z,backfill
20008330,house,2026-08-25,2017-11-03,ptr,Carlos Curbelo,20260825T1602Z,backfill
20008569,house,2026-08-25,2017-12-14,ptr,Carlos Curbelo,20260825T1602Z,backfill
20006516,house,2026-08-25,2017-01-10,ptr,Carlos Mr Curbelo,20260825T1602Z,backfill
20006644,house,2026-08-25,2017-01-31,ptr,Carlos Mr Curbelo,20260825T1602Z,backfill
20006715,house,2026-08-25,2017-02-07,ptr,Carlos Mr Curbelo,20260825T1602Z,backfill
20006840,house,2026-08-25,2017-03-02,ptr,Carlos Mr Curbelo,20260825T1602Z,backfill
20006994,house,2026-08-25,2017-04-03,ptr,Carlos Mr Curbelo,20260825T1602Z,backfill
20007018,house,2026-08-25,2017-04-06,ptr,Carlos Mr Curbelo,20260825T1602Z,backfill
20007684,house,2026-08-25,2017-07-31,ptr,Susan A. Davis,20260825T1602Z,backfill
20008065,house,2026-08-25,2017-09-26,ptr,Susan A. Davis,20260825T1602Z,backfill
20008319,house,2026-08-25,2017-11-16,ptr,Susan A. Davis,20260825T1602Z,backfill
9110390,house,2026-08-25,2017-01-27,ptr,John K. Delaney,20260825T1602Z,backfill
9110429,house,2026-08-25,2017-02-06,ptr,John K. Delaney,20260825T1602Z,backfill
9110497,house,2026-08-25,2017-02-28,ptr,John K. Delaney,20260825T1602Z,backfill
9110550,house,2026-08-25,2017-03-15,ptr,John K. Delaney,20260825T1602Z,backfill
9110569,house,2026-08-25,2017-03-21,ptr,John K. Delaney,20260825T1602Z,backfill
9110642,house,2026-08-25,2017-04-13,ptr,John K. Delaney,20260825T1602Z,backfill
9110688,house,2026-08-25,2017-04-26,ptr,John K. Delaney,20260825T1602Z,backfill
9110732,house,2026-08-25,2017-05-09,ptr,John K. Delaney,20260825T1602Z,backfill
9110836,house,2026-08-25,2017-05-23,ptr,John K. Delaney,20260825T1602Z,backfill
9111285,house,2026-08-25,2017-06-14,ptr,John K. Delaney,20260825T1602Z,backfill
9111323,house,2026-08-25,2017-06-23,ptr,John K. Delaney,20260825T1602Z,backfill
9111398,house,2026-08-25,2017-07-12,ptr,John K. Delaney,20260825T1602Z,backfill
9111440,house,2026-08-25,2017-07-20,ptr,John K. Delaney,20260825T1602Z,backfill
9111574,house,2026-08-25,2017-08-10,ptr,John K. Delaney,20260825T1602Z,backfill
9111613,house,2026-08-25,2017-08-11,ptr,John K. Delaney,20260825T1602Z,backfill
9111714,house,2026-08-25,2017-08-29,ptr,John K. Delaney,20260825T1602Z,backfill
9111763,house,2026-08-25,2017-09-12,ptr,John K. Delaney,20260825T1602Z,backfill
9111825,house,2026-08-25,2017-09-26,ptr,John K. Delaney,20260825T1602Z,backfill
9111897,house,2026-08-25,2017-10-12,ptr,John K. Delaney,20260825T1602Z,backfill
9111934,house,2026-08-25,2017-10-24,ptr,John K. Delaney,20260825T1602Z,backfill
9112022,house,2026-08-25,2017-11-13,ptr,John K. Delaney,20260825T1602Z,backfill
9112141,house,2026-08-25,2017-11-29,ptr,John K. Delaney,20260825T1602Z,backfill
9112174,house,2026-08-25,2017-12-13,ptr,John K. Delaney,20260825T1602Z,backfill
9112241,house,2026-08-25,2018-01-04,ptr,John K. Delaney,20260825T1602Z,backfill
9112255,house,2026-08-25,2018-01-09,ptr,John K. Delaney,20260825T1602Z,backfill
20006479,house,2026-08-25,2017-01-10,ptr,Suzan K. DelBene,20260825T1602Z,backfill
20006667,house,2026-08-25,2017-02-11,ptr,Suzan K. DelBene,20260825T1602Z,backfill
20006996,house,2026-08-25,2017-04-05,ptr,Suzan K. DelBene,20260825T1602Z,backfill
20007161,house,2026-08-25,2017-05-10,ptr,Suzan K. DelBene,20260825T1602Z,backfill
20007397,house,2026-08-25,2017-06-08,ptr,Suzan K. DelBene,20260825T1602Z,backfill
20007565,house,2026-08-25,2017-07-16,ptr,Suzan K. DelBene,20260825T1602Z,backfill
20007729,house,2026-08-25,2017-08-16,ptr,Suzan K. DelBene,20260825T1602Z,backfill
20007986,house,2026-08-25,2017-09-19,ptr,Suzan K. DelBene,20260825T1602Z,backfill
20008149,house,2026-08-25,2017-11-03,ptr,Suzan K. DelBene,20260825T1602Z,backfill
20008332,house,2026-08-25,2017-11-11,ptr,Suzan K. DelBene,20260825T1602Z,backfill
20008500,house,2026-08-25,2017-12-16,ptr,Suzan K. DelBene,20260825T1602Z,backfill
20006517,house,2026-08-25,2017-01-11,ptr,Debbie Dingell,20260825T1602Z,backfill
20006698,house,2026-08-25,2017-02-07,ptr,Debbie Dingell,20260825T1602Z,backfill
20006883,house,2026-08-25,2017-03-09,ptr,Debbie Dingell,20260825T1602Z,backfill
20006909,house,2026-08-25,2017-03-15,ptr,Debbie Dingell,20260825T1602Z,backfill
20006957,house,2026-08-25,2017-03-22,ptr,Debbie Dingell,20260825T1602Z,backfill
20007001,house,2026-08-25,2017-04-05,ptr,Debbie Dingell,20260825T1602Z,backfill
20007052,house,2026-08-25,2017-04-11,ptr,Debbie Dingell,20260825T1602Z,backfill
20007189,house,2026-08-25,2017-05-04,ptr,Debbie Dingell,20260825T1602Z,backfill
20007308,house,2026-08-25,2017-06-01,ptr,Debbie Dingell,20260825T1602Z,backfill
20007474,house,2026-08-25,2017-06-14,ptr,Debbie Dingell,20260825T1602Z,backfill
20007647,house,2026-08-25,2017-07-20,ptr,Debbie Dingell,20260825T1602Z,backfill
20007784,house,2026-08-25,2017-08-23,ptr,Debbie Dingell,20260825T1602Z,backfill
20007942,house,2026-08-25,2017-09-12,ptr,Debbie Dingell,20260825T1602Z,backfill
20007996,house,2026-08-25,2017-09-28,ptr,Debbie Dingell,20260825T1602Z,backfill
20008274,house,2026-08-25,2017-10-26,ptr,Debbie Dingell,20260825T1602Z,backfill
20008351,house,2026-08-25,2017-11-08,ptr,Debbie Dingell,20260825T1602Z,backfill
20008427,house,2026-08-25,2017-11-21,ptr,Debbie Dingell,20260825T1602Z,backfill
20008511,house,2026-08-25,2017-12-07,ptr,Debbie Dingell,20260825T1602Z,backfill
20006463,house,2026-08-25,2017-01-03,ptr,Lloyd Doggett,20260825T1602Z,backfill
20006863,house,2026-08-25,2017-03-06,ptr,Lloyd Doggett,20260825T1602Z,backfill
20006991,house,2026-08-25,2017-04-03,ptr,Lloyd Doggett,20260825T1602Z,backfill
20007190,house,2026-08-25,2017-05-03,ptr,Lloyd Doggett,20260825T1602Z,backfill
20007459,house,2026-08-25,2017-06-12,ptr,Lloyd Doggett,20260825T1602Z,backfill
20007563,house,2026-08-25,2017-07-05,ptr,Lloyd Doggett,20260825T1602Z,backfill
20007821,house,2026-08-25,2017-08-14,ptr,Lloyd Doggett,20260825T1602Z,backfill
20007936,house,2026-08-25,2017-09-05,ptr,Lloyd Doggett,20260825T1602Z,backfill
20008192,house,2026-08-25,2017-10-10,ptr,Lloyd Doggett,20260825T1602Z,backfill
20008341,house,2026-08-25,2017-11-06,ptr,Lloyd Doggett,20260825T1602Z,backfill
20008550,house,2026-08-25,2017-12-11,ptr,Lloyd Doggett,20260825T1602Z,backfill
20008576,house,2026-08-25,2017-12-18,ptr,Lloyd Doggett,20260825T1602Z,backfill
9114331,house,2026-08-25,2019-01-28,ptr,Michael F. Doyle,20260825T1602Z,backfill
20006639,house,2026-08-25,2017-02-01,ptr,Tammy Duckworth,20260825T1602Z,backfill
9110704,house,2026-08-25,2017-05-02,ptr,John J. Duncan,20260825T1602Z,backfill
9110745,house,2026-08-25,2017-05-15,ptr,Neal P. Dunn,20260825T1602Z,backfill
20007420,house,2026-08-25,2017-06-07,ptr,Neal P. Dunn,20260825T1602Z,backfill
20007599,house,2026-08-25,2017-07-10,ptr,Neal P. Dunn,20260825T1602Z,backfill
20007301,house,2026-08-25,2017-05-24,ptr,Dwight Evans,20260825T1602Z,backfill
20007391,house,2026-08-25,2017-07-07,ptr,Dwight Evans,20260825T1602Z,backfill
20008204,house,2026-08-25,2017-10-12,ptr,Dwight Evans,20260825T1602Z,backfill
20008321,house,2026-08-25,2017-11-02,ptr,Dwight Evans,20260825T1602Z,backfill
20006612,house,2026-08-25,2017-05-26,ptr,Sam Farr,20260825T1602Z,backfill
20006737,house,2026-08-25,2017-02-11,ptr,John J. Faso,20260825T1602Z,backfill
9110458,house,2026-08-25,2017-02-14,ptr,"Charles J. ""Chuck"" Fleischmann",20260825T1602Z,backfill
9110643,house,2026-08-25,2017-04-18,ptr,"Charles J. ""Chuck"" Fleischmann",20260825T1602Z,backfill
9110791,house,2026-08-25,2017-05-17,ptr,"Charles J. ""Chuck"" Fleischmann",20260825T1602Z,backfill
9111385,house,2026-08-25,2017-07-07,ptr,"Charles J. ""Chuck"" Fleischmann",20260825T1602Z,backfill
9111467,house,2026-08-25,2017-07-25,ptr,"Charles J. ""Chuck"" Fleischmann",20260825T1602Z,backfill
9111766,house,2026-08-25,2017-09-11,ptr,"Charles J. ""Chuck"" Fleischmann",20260825T1602Z,backfill
9111845,house,2026-08-25,2017-10-02,ptr,"Charles J. ""Chuck"" Fleischmann",20260825T1602Z,backfill
9111987,house,2026-08-25,2017-11-02,ptr,"Charles J. ""Chuck"" Fleischmann",20260825T1602Z,backfill
9112118,house,2026-08-25,2017-11-29,ptr,"Charles J. ""Chuck"" Fleischmann",20260825T1602Z,backfill
9112222,house,2026-08-25,2017-12-28,ptr,"Charles J. ""Chuck"" Fleischmann",20260825T1602Z,backfill
9112333,house,2026-08-25,2018-01-30,ptr,"Charles J. ""Chuck"" Fleischmann",20260825T1602Z,backfill
20006564,house,2026-08-25,2017-01-17,ptr,Bill Flores,20260825T1602Z,backfill
20006747,house,2026-08-25,2017-02-13,ptr,Bill Flores,20260825T1602Z,backfill
20006885,house,2026-08-25,2017-03-08,ptr,Bill Flores,20260825T1602Z,backfill
20007007,house,2026-08-25,2017-04-05,ptr,Bill Flores,20260825T1602Z,backfill
20007210,house,2026-08-25,2017-05-05,ptr,Bill Flores,20260825T1602Z,backfill
20007479,house,2026-08-25,2017-06-19,ptr,Bill Flores,20260825T1602Z,backfill
20007628,house,2026-08-25,2017-07-13,ptr,Bill Flores,20260825T1602Z,backfill
20008145,house,2026-08-25,2017-10-04,ptr,Bill Flores,20260825T1602Z,backfill
20008147,house,2026-08-25,2017-10-04,ptr,Bill Flores,20260825T1602Z,backfill
20008315,house,2026-08-25,2017-11-01,ptr,Bill Flores,20260825T1602Z,backfill
20008523,house,2026-08-25,2017-12-07,ptr,Bill Flores,20260825T1602Z,backfill
20006456,house,2026-08-25,2017-01-05,ptr,Virginia Foxx,20260825T1602Z,backfill
20006666,house,2026-08-25,2017-02-03,ptr,Virginia Foxx,20260825T1602Z,backfill
20006862,house,2026-08-25,2017-03-07,ptr,Virginia Foxx,20260825T1602Z,backfill
20007000,house,2026-08-25,2017-04-11,ptr,Virginia Foxx,20260825T1602Z,backfill
20007220,house,2026-08-25,2017-05-09,ptr,Virginia Foxx,20260825T1602Z,backfill
20007569,house,2026-08-25,2017-07-11,ptr,Virginia Foxx,20260825T1602Z,backfill
20007734,house,2026-08-25,2017-08-09,ptr,Virginia Foxx,20260825T1602Z,backfill
20007923,house,2026-08-25,2017-09-01,ptr,Virginia Foxx,20260825T1602Z,backfill
20008135,house,2026-08-25,2017-10-12,ptr,Virginia Foxx,20260825T1602Z,backfill
20008350,house,2026-08-25,2017-11-08,ptr,Virginia Foxx,20260825T1602Z,backfill
20008487,house,2026-08-25,2017-12-12,ptr,Virginia Foxx,20260825T1602Z,backfill
20006787,house,2026-08-25,2017-03-13,ptr,Lois Frankel,20260825T1602Z,backfill
20006944,house,2026-08-25,2017-03-27,ptr,Lois Frankel,20260825T1602Z,backfill
20007090,house,2026-08-25,2017-05-01,ptr,Lois Frankel,20260825T1602Z,backfill
20007358,house,2026-08-25,2017-05-31,ptr,Lois Frankel,20260825T1602Z,backfill
20007512,house,2026-08-25,2017-06-22,ptr,Lois Frankel,20260825T1602Z,backfill
20007653,house,2026-08-25,2017-07-21,ptr,Lois Frankel,20260825T1602Z,backfill
20007837,house,2026-08-25,2017-08-23,ptr,Lois Frankel,20260825T1602Z,backfill
20008128,house,2026-08-25,2017-10-02,ptr,Lois Frankel,20260825T1602Z,backfill
20008271,house,2026-08-25,2017-11-03,ptr,Lois Frankel,20260825T1602Z,backfill
20008426,house,2026-08-25,2017-11-27,ptr,Lois Frankel,20260825T1602Z,backfill
20008579,house,2026-08-25,2017-12-20,ptr,Lois Frankel,20260825T1602Z,backfill
20006573,house,2026-08-25,2017-01-19,ptr,Lois Frankel,20260825T1602Z,backfill
9110373,house,2026-08-25,2017-01-13,ptr,Rodney P. Frelinghuysen,20260825T1602Z,backfill
9110428,house,2026-08-25,2017-02-06,ptr,Rodney P. Frelinghuysen,20260825T1602Z,backfill
9110473,house,2026-08-25,2017-02-24,ptr,Rodney P. Frelinghuysen,20260825T1602Z,backfill
9110682,house,2026-08-25,2017-04-21,ptr,Rodney P. Frelinghuysen,20260825T1602Z,backfill
9110703,house,2026-08-25,2017-05-02,ptr,Rodney P. Frelinghuysen,20260825T1602Z,backfill
9111419,house,2026-08-25,2017-07-17,ptr,Rodney P. Frelinghuysen,20260825T1602Z,backfill
9111523,house,2026-08-25,2017-08-02,ptr,Rodney P. Frelinghuysen,20260825T1602Z,backfill
9111986,house,2026-08-25,2017-11-06,ptr,Rodney P. Frelinghuysen,20260825T1602Z,backfill
9112140,house,2026-08-25,2017-12-02,ptr,Rodney P. Frelinghuysen,20260825T1602Z,backfill
20004633,house,2026-08-25,2017-07-18,ptr,John Garamendi,20260825T1602Z,backfill
20007652,house,2026-08-25,2017-07-23,ptr,John Garamendi,20260825T1602Z,backfill
20007571,house,2026-08-25,2017-07-19,ptr,Greg Gianforte,20260825T1602Z,backfill
20007736,house,2026-08-25,2017-08-07,ptr,Greg Gianforte,20260825T1602Z,backfill
20007866,house,2026-08-25,2017-08-22,ptr,Greg Gianforte,20260825T1602Z,backfill
20007968,house,2026-08-25,2017-09-12,ptr,Greg Gianforte,20260825T1602Z,backfill
20008076,house,2026-08-25,2017-09-26,ptr,Greg Gianforte,20260825T1602Z,backfill
20008132,house,2026-08-25,2017-10-09,ptr,Greg Gianforte,20260825T1602Z,backfill
20008243,house,2026-08-25,2017-10-25,ptr,Greg Gianforte,20260825T1602Z,backfill
20008316,house,2026-08-25,2017-11-02,ptr,Greg Gianforte,20260825T1602Z,backfill
20008379,house,2026-08-25,2017-11-28,ptr,Greg Gianforte,20260825T1602Z,backfill
20008521,house,2026-08-25,2017-12-07,ptr,Greg Gianforte,20260825T1602Z,backfill
20006568,house,2026-08-25,2017-01-17,ptr,Bob Gibbs,20260825T1602Z,backfill
20006687,house,2026-08-25,2017-02-06,ptr,Bob Gibbs,20260825T1602Z,backfill
20006688,house,2026-08-25,2017-02-06,ptr,Bob Gibbs,20260825T1602Z,backfill
20006734,house,2026-08-25,2017-03-27,ptr,Bob Gibbs,20260825T1602Z,backfill
20007564,house,2026-08-25,2017-07-05,ptr,Bob Gibbs,20260825T1602Z,backfill
20007750,house,2026-08-25,2017-08-06,ptr,Bob Gibbs,20260825T1602Z,backfill
20007988,house,2026-08-25,2017-09-10,ptr,Bob Gibbs,20260825T1602Z,backfill
20008124,house,2026-08-25,2017-10-01,ptr,Bob Gibbs,20260825T1602Z,backfill
20008191,house,2026-08-25,2017-10-10,ptr,Bob Gibbs,20260825T1602Z,backfill
20008337,house,2026-08-25,2017-11-05,ptr,Bob Gibbs,20260825T1602Z,backfill
20008545,house,2026-08-25,2017-12-11,ptr,Bob Gibbs,20260825T1602Z,backfill
9110681,house,2026-08-25,2017-04-26,ptr,Bob Goodlatte,20260825T1602Z,backfill
9112432,house,2026-08-25,2018-02-12,ptr,Bob Goodlatte,20260825T1602Z,backfill
9110522,house,2026-08-25,2017-03-10,ptr,Josh Gottheimer,20260825T1602Z,backfill
9111258,house,2026-08-25,2017-06-09,ptr,Josh Gottheimer,20260825T1602Z,backfill
9111844,house,2026-08-25,2017-10-02,ptr,Josh Gottheimer,20260825T1602Z,backfill
9111984,house,2026-08-25,2017-10-30,ptr,Josh Gottheimer,20260825T1602Z,backfill
20008163,house,2026-08-25,2017-10-04,ptr,Garret Graves,20260825T1602Z,backfill
9110523,house,2026-08-25,2017-03-10,ptr,Alan Mark Grayson,20260825T1602Z,backfill
20006575,house,2026-08-25,2017-01-19,ptr,Al Green,20260825T1602Z,backfill
20006876,house,2026-08-25,2017-03-07,ptr,Luis V. Gutierrez,20260825T1602Z,backfill
20007409,house,2026-08-25,2017-06-05,ptr,Luis V. Gutierrez,20260825T1602Z,backfill
20006470,house,2026-08-25,2017-01-18,ptr,Richard L. Hanna,20260825T1602Z,backfill
20006634,house,2026-08-25,2017-02-01,ptr,Richard L. Hanna,20260825T1602Z,backfill
9112285,house,2026-08-25,2018-01-19,ptr,Brian Higgins,20260825T1602Z,backfill
20006570,house,2026-08-25,2017-01-17,ptr,James A. Himes,20260825T1602Z,backfill
20007922,house,2026-08-25,2017-09-01,ptr,James A. Himes,20260825T1602Z,backfill
20006629,house,2026-08-25,2017-01-29,ptr,Rubén Hinojosa,20260825T1602Z,backfill
9110585,house,2026-08-25,2017-03-22,ptr,George Holding,20260825T1602Z,backfill
9110710,house,2026-08-25,2017-05-08,ptr,George Holding,20260825T1602Z,backfill
9111447,house,2026-08-25,2017-07-19,ptr,George Holding,20260825T1602Z,backfill
9111691,house,2026-08-25,2017-08-28,ptr,George Holding,20260825T1602Z,backfill
9111860,house,2026-08-25,2017-10-05,ptr,George Holding,20260825T1602Z,backfill
9112334,house,2026-08-25,2018-02-01,ptr,George Holding,20260825T1602Z,backfill
20007867,house,2026-08-25,2017-08-25,ptr,Hakeem S. Jeffries,20260825T1602Z,backfill
20007933,house,2026-08-25,2017-09-05,ptr,Hakeem S. Jeffries,20260825T1602Z,backfill
20005383,house,2026-08-25,2017-07-26,ptr,David P. Joyce,20260825T1602Z,backfill
9110462,house,2026-08-25,2017-02-16,ptr,Mike Kelly,20260825T1602Z,backfill
9110568,house,2026-08-25,2017-03-20,ptr,Mike Kelly,20260825T1602Z,backfill
9110708,house,2026-08-25,2017-05-04,ptr,Mike Kelly,20260825T1602Z,backfill
9110844,house,2026-08-25,2017-05-25,ptr,Mike Kelly,20260825T1602Z,backfill
9111266,house,2026-08-25,2017-06-12,ptr,Mike Kelly,20260825T1602Z,backfill
9111510,house,2026-08-25,2017-07-28,ptr,Mike Kelly,20260825T1602Z,backfill
9111625,house,2026-08-25,2017-08-16,ptr,Mike Kelly,20260825T1602Z,backfill
9111823,house,2026-08-25,2017-09-27,ptr,Mike Kelly,20260825T1602Z,backfill
9111952,house,2026-08-25,2017-10-25,ptr,Mike Kelly,20260825T1602Z,backfill
9112065,house,2026-08-25,2017-11-15,ptr,Mike Kelly,20260825T1602Z,backfill
9112206,house,2026-08-25,2017-12-14,ptr,Mike Kelly,20260825T1602Z,backfill
9112288,house,2026-08-25,2018-01-17,ptr,Mike Kelly,20260825T1602Z,backfill
9110333,house,2026-08-25,2017-01-05,ptr,Joseph P. Kennedy,20260825T1602Z,backfill
9111344,house,2026-08-25,2017-06-29,ptr,Joseph P. Kennedy,20260825T1602Z,backfill
9110456,house,2026-08-25,2017-02-13,ptr,Rohit Khanna,20260825T1602Z,backfill
9110547,house,2026-08-25,2017-03-14,ptr,Rohit Khanna,20260825T1602Z,backfill
9110644,house,2026-08-25,2017-04-13,ptr,Rohit Khanna,20260825T1602Z,backfill
9110730,house,2026-08-25,2017-05-11,ptr,Rohit Khanna,20260825T1602Z,backfill
9111257,house,2026-08-25,2017-06-12,ptr,Rohit Khanna,20260825T1602Z,backfill
9111397,house,2026-08-25,2017-07-12,ptr,Rohit Khanna,20260825T1602Z,backfill
9111583,house,2026-08-25,2017-08-10,ptr,Rohit Khanna,20260825T1602Z,backfill
9111740,house,2026-08-25,2017-09-08,ptr,Rohit Khanna,20260825T1602Z,backfill
9111812,house,2026-08-25,2017-09-19,ptr,Rohit Khanna,20260825T1602Z,backfill
9111874,house,2026-08-25,2017-10-10,ptr,Rohit Khanna,20260825T1602Z,backfill
9112020,house,2026-08-25,2017-11-09,ptr,Rohit Khanna,20260825T1602Z,backfill
9112175,house,2026-08-25,2017-12-12,ptr,Rohit Khanna,20260825T1602Z,backfill
9112254,house,2026-08-25,2018-01-10,ptr,Rohit Khanna,20260825T1602Z,backfill
20006750,house,2026-08-25,2017-02-14,ptr,Adam Kinzinger,20260825T1602Z,backfill
20006882,house,2026-08-25,2017-03-08,ptr,Adam Kinzinger,20260825T1602Z,backfill
20007971,house,2026-08-25,2017-09-08,ptr,Adam Kinzinger,20260825T1602Z,backfill
20006928,house,2026-08-25,2017-03-17,ptr,Steve Knight,20260825T1602Z,backfill
20008060,house,2026-08-25,2017-09-19,ptr,Steve Knight,20260825T1602Z,backfill
20008137,house,2026-08-25,2017-10-03,ptr,Steve Knight,20260825T1602Z,backfill
9110426,house,2026-08-25,2017-02-06,ptr,David Kustoff,20260825T1602Z,backfill
9110565,house,2026-08-25,2017-03-20,ptr,David Kustoff,20260825T1602Z,backfill
9110787,house,2026-08-25,2017-05-16,ptr,David Kustoff,20260825T1602Z,backfill
9111322,house,2026-08-25,2017-06-21,ptr,David Kustoff,20260825T1602Z,backfill
9111818,house,2026-08-25,2017-09-26,ptr,David Kustoff,20260825T1602Z,backfill
9110463,house,2026-08-25,2017-02-15,ptr,Doug Lamborn,20260825T1602Z,backfill
9110563,house,2026-08-25,2017-03-16,ptr,Doug Lamborn,20260825T1602Z,backfill
9111682,house,2026-08-25,2017-08-24,ptr,Doug Lamborn,20260825T1602Z,backfill
9112158,house,2026-08-25,2017-12-06,ptr,Doug Lamborn,20260825T1602Z,backfill
9112205,house,2026-08-25,2017-12-20,ptr,Doug Lamborn,20260825T1602Z,backfill
9111720,house,2026-08-25,2017-09-05,ptr,Leonard Lance,20260825T1602Z,backfill
20006483,house,2026-08-25,2017-01-06,ptr,James R. Langevin,20260825T1602Z,backfill
20006551,house,2026-08-25,2017-01-13,ptr,James R. Langevin,20260825T1602Z,backfill
9110404,house,2026-08-25,2017-01-31,ptr,John B. Larson,20260825T1602Z,backfill
9110425,house,2026-08-25,2017-02-06,ptr,John B. Larson,20260825T1602Z,backfill
9110495,house,2026-08-25,2017-02-28,ptr,John B. Larson,20260825T1602Z,backfill
9110526,house,2026-08-25,2017-03-08,ptr,John B. Larson,20260825T1602Z,backfill
9110546,house,2026-08-25,2017-03-13,ptr,John B. Larson,20260825T1602Z,backfill
9110845,house,2026-08-25,2017-05-25,ptr,John B. Larson,20260825T1602Z,backfill
9111256,house,2026-08-25,2017-06-07,ptr,John B. Larson,20260825T1602Z,backfill
9111582,house,2026-08-25,2017-08-10,ptr,John B. Larson,20260825T1602Z,backfill
9111822,house,2026-08-25,2017-09-27,ptr,John B. Larson,20260825T1602Z,backfill
9111843,house,2026-08-25,2017-10-04,ptr,John B. Larson,20260825T1602Z,backfill
9111895,house,2026-08-25,2017-10-12,ptr,John B. Larson,20260825T1602Z,backfill
9111983,house,2026-08-25,2017-10-27,ptr,John B. Larson,20260825T1602Z,backfill
9112039,house,2026-08-25,2017-11-13,ptr,John B. Larson,20260825T1602Z,backfill
9112062,house,2026-08-25,2017-11-16,ptr,John B. Larson,20260825T1602Z,backfill
9112138,house,2026-08-25,2017-11-29,ptr,John B. Larson,20260825T1602Z,backfill
20006731,house,2026-08-25,2017-02-09,ptr,Frank A. LoBiondo,20260825T1602Z,backfill
20006867,house,2026-08-25,2017-03-07,ptr,Frank A. LoBiondo,20260825T1602Z,backfill
20007460,house,2026-08-25,2017-06-13,ptr,Frank A. LoBiondo,20260825T1602Z,backfill
20008062,house,2026-08-25,2017-09-19,ptr,Frank A. LoBiondo,20260825T1602Z,backfill
20008235,house,2026-08-25,2017-10-17,ptr,Frank A. LoBiondo,20260825T1602Z,backfill
20008320,house,2026-08-25,2017-11-02,ptr,Frank A. LoBiondo,20260825T1602Z,backfill
20008344,house,2026-08-25,2017-11-06,ptr,Frank A. LoBiondo,20260825T1602Z,backfill
20007070,house,2026-08-25,2017-04-14,ptr,Zoe Lofgren,20260825T1602Z,backfill
20007187,house,2026-08-25,2017-05-03,ptr,Zoe Lofgren,20260825T1602Z,backfill
20007619,house,2026-08-25,2017-07-18,ptr,Zoe Lofgren,20260825T1602Z,backfill
20008012,house,2026-08-25,2017-09-13,ptr,Zoe Lofgren,20260825T1602Z,backfill
20008232,house,2026-08-25,2017-10-18,ptr,Zoe Lofgren,20260825T1602Z,backfill
20008345,house,2026-08-25,2017-11-14,ptr,Zoe Lofgren,20260825T1602Z,backfill
9110442,house,2026-08-25,2017-02-08,ptr,Billy Long,20260825T1602Z,backfill
9110562,house,2026-08-25,2017-03-17,ptr,Billy Long,20260825T1602Z,backfill
9110615,house,2026-08-25,2017-04-05,ptr,Billy Long,20260825T1602Z,backfill
20006502,house,2026-08-25,2017-01-07,ptr,Alan S. Lowenthal,20260825T1602Z,backfill
20006614,house,2026-08-25,2017-01-25,ptr,Alan S. Lowenthal,20260825T1602Z,backfill
20006739,house,2026-08-25,2017-02-11,ptr,Alan S. Lowenthal,20260825T1602Z,backfill
20006866,house,2026-08-25,2017-03-07,ptr,Alan S. Lowenthal,20260825T1602Z,backfill
20006956,house,2026-08-25,2017-03-21,ptr,Alan S. Lowenthal,20260825T1602Z,backfill
20007113,house,2026-08-25,2017-04-24,ptr,Alan S. Lowenthal,20260825T1602Z,backfill
20007121,house,2026-08-25,2017-05-06,ptr,Alan S. Lowenthal,20260825T1602Z,backfill
20007226,house,2026-08-25,2017-05-08,ptr,Alan S. Lowenthal,20260825T1602Z,backfill
20007284,house,2026-08-25,2017-05-15,ptr,Alan S. Lowenthal,20260825T1602Z,backfill
20007370,house,2026-08-25,2017-05-26,ptr,Alan S. Lowenthal,20260825T1602Z,backfill
20007371,house,2026-08-25,2017-05-26,ptr,Alan S. Lowenthal,20260825T1602Z,backfill
20007399,house,2026-08-25,2017-06-05,ptr,Alan S. Lowenthal,20260825T1602Z,backfill
20007547,house,2026-08-25,2017-06-29,ptr,Alan S. Lowenthal,20260825T1602Z,backfill
20007592,house,2026-08-25,2017-07-09,ptr,Alan S. Lowenthal,20260825T1602Z,backfill
20007697,house,2026-08-25,2017-07-27,ptr,Alan S. Lowenthal,20260825T1602Z,backfill
20007811,house,2026-08-25,2017-08-13,ptr,Alan S. Lowenthal,20260825T1602Z,backfill
20007878,house,2026-08-25,2017-08-22,ptr,Alan S. Lowenthal,20260825T1602Z,backfill
20007929,house,2026-08-25,2017-09-02,ptr,Alan S. Lowenthal,20260825T1602Z,backfill
20008077,house,2026-08-25,2017-09-24,ptr,Alan S. Lowenthal,20260825T1602Z,backfill
20008195,house,2026-08-25,2017-10-10,ptr,Alan S. Lowenthal,20260825T1602Z,backfill
20008259,house,2026-08-25,2017-10-22,ptr,Alan S. Lowenthal,20260825T1602Z,backfill
20008346,house,2026-08-25,2017-11-06,ptr,Alan S. Lowenthal,20260825T1602Z,backfill
20008431,house,2026-08-25,2017-11-22,ptr,Alan S. Lowenthal,20260825T1602Z,backfill
20008567,house,2026-08-25,2017-12-14,ptr,Alan S. Lowenthal,20260825T1602Z,backfill
20008628,house,2026-08-25,2017-12-28,ptr,Alan S. Lowenthal,20260825T1602Z,backfill
20003007,house,2026-08-25,2017-02-03,ptr,Nita M. Lowey,20260825T1602Z,backfill
20007162,house,2026-08-25,2017-05-01,ptr,Stephen F. Lynch,20260825T1602Z,backfill
20006480,house,2026-08-25,2017-01-07,ptr,Thomas MacArthur,20260825T1602Z,backfill
20006721,house,2026-08-25,2017-02-08,ptr,Thomas MacArthur,20260825T1602Z,backfill
20006836,house,2026-08-25,2017-03-02,ptr,Thomas MacArthur,20260825T1602Z,backfill
20007033,house,2026-08-25,2017-04-09,ptr,Thomas MacArthur,20260825T1602Z,backfill
20007208,house,2026-08-25,2017-05-05,ptr,Thomas MacArthur,20260825T1602Z,backfill
20007403,house,2026-08-25,2017-06-17,ptr,Thomas MacArthur,20260825T1602Z,backfill
20007588,house,2026-08-25,2017-07-09,ptr,Thomas MacArthur,20260825T1602Z,backfill
20007732,house,2026-08-25,2017-08-03,ptr,Thomas MacArthur,20260825T1602Z,backfill
20007966,house,2026-08-25,2017-09-07,ptr,Thomas MacArthur,20260825T1602Z,backfill
20008177,house,2026-08-25,2017-10-08,ptr,Thomas MacArthur,20260825T1602Z,backfill
20008334,house,2026-08-25,2017-11-05,ptr,Thomas MacArthur,20260825T1602Z,backfill
20008499,house,2026-08-25,2017-12-07,ptr,Thomas MacArthur,20260825T1602Z,backfill
20006552,house,2026-08-25,2017-01-23,ptr,Carolyn B. Maloney,20260825T1602Z,backfill
20006792,house,2026-08-25,2017-02-22,ptr,Carolyn B. Maloney,20260825T1602Z,backfill
20006964,house,2026-08-25,2017-03-27,ptr,Carolyn B. Maloney,20260825T1602Z,backfill
20007129,house,2026-08-25,2017-04-27,ptr,Carolyn B. Maloney,20260825T1602Z,backfill
20007285,house,2026-08-25,2017-05-30,ptr,Carolyn B. Maloney,20260825T1602Z,backfill
20007375,house,2026-08-25,2017-05-30,ptr,Carolyn B. Maloney,20260825T1602Z,backfill
20007537,house,2026-08-25,2017-06-28,ptr,Carolyn B. Maloney,20260825T1602Z,backfill
20007617,house,2026-08-25,2017-07-13,ptr,Carolyn B. Maloney,20260825T1602Z,backfill
20007788,house,2026-08-25,2017-08-14,ptr,Carolyn B. Maloney,20260825T1602Z,backfill
20008071,house,2026-08-25,2017-09-22,ptr,Carolyn B. Maloney,20260825T1602Z,backfill
20008322,house,2026-08-25,2017-11-03,ptr,Carolyn B. Maloney,20260825T1602Z,backfill
20008488,house,2026-08-25,2017-12-04,ptr,Carolyn B. Maloney,20260825T1602Z,backfill
9110454,house,2026-08-25,2017-02-09,ptr,Kenny Marchant,20260825T1602Z,backfill
9110649,house,2026-08-25,2017-04-21,ptr,Kenny Marchant,20260825T1602Z,backfill
9111131,house,2026-08-25,2017-05-31,ptr,Kenny Marchant,20260825T1602Z,backfill
9111384,house,2026-08-25,2017-07-06,ptr,Kenny Marchant,20260825T1602Z,backfill
9111522,house,2026-08-25,2017-08-04,ptr,Kenny Marchant,20260825T1602Z,backfill
9111722,house,2026-08-25,2017-09-01,ptr,Kenny Marchant,20260825T1602Z,backfill
9111842,house,2026-08-25,2017-10-02,ptr,Kenny Marchant,20260825T1602Z,backfill
9111981,house,2026-08-25,2017-11-07,ptr,Kenny Marchant,20260825T1602Z,backfill
9112157,house,2026-08-25,2017-12-05,ptr,Kenny Marchant,20260825T1602Z,backfill
9112239,house,2026-08-25,2018-01-09,ptr,Kenny Marchant,20260825T1602Z,backfill
9110545,house,2026-08-25,2017-03-13,ptr,Roger W. Marshall,20260825T1602Z,backfill
20007100,house,2026-08-25,2017-04-21,ptr,Roger W. Marshall,20260825T1602Z,backfill
20007604,house,2026-08-25,2017-07-11,ptr,Doris O. Matsui,20260825T1602Z,backfill
9110470,house,2026-08-25,2017-02-17,ptr,Michael T. McCaul,20260825T1602Z,backfill
9110560,house,2026-08-25,2017-03-17,ptr,Michael T. McCaul,20260825T1602Z,backfill
9110684,house,2026-08-25,2017-04-26,ptr,Michael T. McCaul,20260825T1602Z,backfill
9110846,house,2026-08-25,2017-05-26,ptr,Michael T. McCaul,20260825T1602Z,backfill
9111297,house,2026-08-25,2017-06-15,ptr,Michael T. McCaul,20260825T1602Z,backfill
9111484,house,2026-08-25,2017-07-27,ptr,Michael T. McCaul,20260825T1602Z,backfill
9111738,house,2026-08-25,2017-09-07,ptr,Michael T. McCaul,20260825T1602Z,backfill
9111820,house,2026-08-25,2017-09-28,ptr,Michael T. McCaul,20260825T1602Z,backfill
9111930,house,2026-08-25,2017-10-24,ptr,Michael T. McCaul,20260825T1602Z,backfill
9112064,house,2026-08-25,2017-11-15,ptr,Michael T. McCaul,20260825T1602Z,backfill
9112202,house,2026-08-25,2017-12-21,ptr,Michael T. McCaul,20260825T1602Z,backfill
9112312,house,2026-08-25,2018-01-22,ptr,Michael T. McCaul,20260825T1602Z,backfill
20007348,house,2026-08-25,2017-05-23,ptr,James P. McGovern,20260825T1602Z,backfill
20006434,house,2026-08-25,2017-01-10,ptr,David B. McKinley,20260825T1602Z,backfill
20007209,house,2026-08-25,2017-05-08,ptr,David B. McKinley,20260825T1602Z,backfill
20008047,house,2026-08-25,2017-10-05,ptr,David B. McKinley,20260825T1602Z,backfill
20008305,house,2026-08-25,2017-11-09,ptr,David B. McKinley,20260825T1602Z,backfill
20008501,house,2026-08-25,2017-12-11,ptr,David B. McKinley,20260825T1602Z,backfill
9110424,house,2026-08-25,2017-02-07,ptr,Paul Mitchell,20260825T1602Z,backfill
20006574,house,2026-08-25,2017-01-20,ptr,Markwayne Mullin,20260825T1602Z,backfill
20006523,house,2026-08-25,2017-01-11,ptr,Mick Mulvaney,20260825T1602Z,backfill
20006627,house,2026-08-25,2017-01-29,ptr,Randy Neugebauer,20260825T1602Z,backfill
20006802,house,2026-08-25,2017-02-24,ptr,Eleanor Holmes Norton,20260825T1602Z,backfill
20006683,house,2026-08-25,2017-02-06,ptr,Nancy Pelosi,20260825T1602Z,backfill
20006735,house,2026-08-25,2017-02-14,ptr,Nancy Pelosi,20260825T1602Z,backfill
20007655,house,2026-08-25,2017-07-20,ptr,Nancy Pelosi,20260825T1602Z,backfill
20008066,house,2026-08-25,2017-09-19,ptr,Ed Perlmutter,20260825T1602Z,backfill
20008471,house,2026-08-25,2017-11-30,ptr,Ed Perlmutter,20260825T1602Z,backfill
20006475,house,2026-08-25,2017-01-04,ptr,Scott H. Peters,20260825T1602Z,backfill
20006732,house,2026-08-25,2017-02-22,ptr,Scott H. Peters,20260825T1602Z,backfill
20006926,house,2026-08-25,2017-03-20,ptr,Scott H. Peters,20260825T1602Z,backfill
20007058,house,2026-08-25,2017-04-24,ptr,Scott H. Peters,20260825T1602Z,backfill
20007288,house,2026-08-25,2017-05-15,ptr,Scott H. Peters,20260825T1602Z,backfill
20007467,house,2026-08-25,2017-06-17,ptr,Scott H. Peters,20260825T1602Z,backfill
20007591,house,2026-08-25,2017-07-13,ptr,Scott H. Peters,20260825T1602Z,backfill
20007764,house,2026-08-25,2017-08-10,ptr,Scott H. Peters,20260825T1602Z,backfill
20008187,house,2026-08-25,2017-10-11,ptr,Scott H. Peters,20260825T1602Z,backfill
9110461,house,2026-08-25,2017-02-15,ptr,Jared Polis,20260825T1602Z,backfill
9110544,house,2026-08-25,2017-03-15,ptr,Jared Polis,20260825T1602Z,backfill
9110646,house,2026-08-25,2017-04-17,ptr,Jared Polis,20260825T1602Z,backfill
9110790,house,2026-08-25,2017-05-18,ptr,Jared Polis,20260825T1602Z,backfill
9111254,house,2026-08-25,2017-06-09,ptr,Jared Polis,20260825T1602Z,backfill
9111416,house,2026-08-25,2017-07-14,ptr,Jared Polis,20260825T1602Z,backfill
9111578,house,2026-08-25,2017-08-10,ptr,Jared Polis,20260825T1602Z,backfill
9111778,house,2026-08-25,2017-09-15,ptr,Jared Polis,20260825T1602Z,backfill
9111811,house,2026-08-25,2017-09-20,ptr,Jared Polis,20260825T1602Z,backfill
9111909,house,2026-08-25,2017-10-17,ptr,Jared Polis,20260825T1602Z,backfill
9111908,house,2026-08-25,2017-10-20,ptr,Jared Polis,20260825T1602Z,backfill
9112116,house,2026-08-25,2017-11-28,ptr,Jared Polis,20260825T1602Z,backfill
9112199,house,2026-08-25,2017-12-18,ptr,Jared Polis,20260825T1602Z,backfill
9112251,house,2026-08-25,2018-01-12,ptr,Jared Polis,20260825T1602Z,backfill
9112553,house,2026-08-25,2018-03-09,ptr,Jared Polis,20260825T1602Z,backfill
9112813,house,2026-08-25,2018-05-10,ptr,Jared Polis,20260825T1602Z,backfill
20006623,house,2026-08-25,2017-01-27,ptr,David E. Price,20260825T1602Z,backfill
20006881,house,2026-08-25,2017-03-08,ptr,David E. Price,20260825T1602Z,backfill
20007200,house,2026-08-25,2017-05-04,ptr,David E. Price,20260825T1602Z,backfill
20007239,house,2026-08-25,2017-06-06,ptr,David E. Price,20260825T1602Z,backfill
20007613,house,2026-08-25,2017-07-12,ptr,David E. Price,20260825T1602Z,backfill
20008236,house,2026-08-25,2017-10-17,ptr,David E. Price,20260825T1602Z,backfill
20008237,house,2026-08-25,2017-10-17,ptr,David E. Price,20260825T1602Z,backfill
20008309,house,2026-08-25,2017-11-01,ptr,David E. Price,20260825T1602Z,backfill
20008542,house,2026-08-25,2017-12-08,ptr,David E. Price,20260825T1602Z,backfill
9110384,house,2026-08-25,2017-01-24,ptr,James B. Renacci,20260825T1602Z,backfill
9110423,house,2026-08-25,2017-02-07,ptr,James B. Renacci,20260825T1602Z,backfill
9110468,house,2026-08-25,2017-02-22,ptr,James B. Renacci,20260825T1602Z,backfill
9110493,house,2026-08-25,2017-03-02,ptr,James B. Renacci,20260825T1602Z,backfill
9110566,house,2026-08-25,2017-03-21,ptr,James B. Renacci,20260825T1602Z,backfill
9110611,house,2026-08-25,2017-04-04,ptr,James B. Renacci,20260825T1602Z,backfill
9110679,house,2026-08-25,2017-04-26,ptr,James B. Renacci,20260825T1602Z,backfill
9110727,house,2026-08-25,2017-05-09,ptr,James B. Renacci,20260825T1602Z,backfill
9110789,house,2026-08-25,2017-05-18,ptr,James B. Renacci,20260825T1602Z,backfill
9111194,house,2026-08-25,2017-06-07,ptr,James B. Renacci,20260825T1602Z,backfill
9111321,house,2026-08-25,2017-06-22,ptr,James B. Renacci,20260825T1602Z,backfill
9111382,house,2026-08-25,2017-07-07,ptr,James B. Renacci,20260825T1602Z,backfill
9111444,house,2026-08-25,2017-07-18,ptr,James B. Renacci,20260825T1602Z,backfill
9111612,house,2026-08-25,2017-08-10,ptr,James B. Renacci,20260825T1602Z,backfill
9111660,house,2026-08-25,2017-08-22,ptr,James B. Renacci,20260825T1602Z,backfill
9111723,house,2026-08-25,2017-09-05,ptr,James B. Renacci,20260825T1602Z,backfill
9111807,house,2026-08-25,2017-09-21,ptr,James B. Renacci,20260825T1602Z,backfill
9111841,house,2026-08-25,2017-10-03,ptr,James B. Renacci,20260825T1602Z,backfill
9111907,house,2026-08-25,2017-10-18,ptr,James B. Renacci,20260825T1602Z,backfill
9111977,house,2026-08-25,2017-11-06,ptr,James B. Renacci,20260825T1602Z,backfill
9112115,house,2026-08-25,2017-11-27,ptr,James B. Renacci,20260825T1602Z,backfill
9112155,house,2026-08-25,2017-12-06,ptr,James B. Renacci,20260825T1602Z,backfill
9112197,house,2026-08-25,2017-12-21,ptr,James B. Renacci,20260825T1602Z,backfill
9112221,house,2026-08-25,2018-01-02,ptr,James B. Renacci,20260825T1602Z,backfill
20006613,house,2026-08-25,2017-01-25,ptr,E. Scott Rigell,20260825T1602Z,backfill
9110466,house,2026-08-25,2017-02-15,ptr,David P. Roe,20260825T1602Z,backfill
9110543,house,2026-08-25,2017-03-13,ptr,David P. Roe,20260825T1602Z,backfill
9110610,house,2026-08-25,2017-04-04,ptr,David P. Roe,20260825T1602Z,backfill
9110707,house,2026-08-25,2017-05-05,ptr,David P. Roe,20260825T1602Z,backfill
9110726,house,2026-08-25,2017-05-10,ptr,David P. Roe,20260825T1602Z,backfill
9111284,house,2026-08-25,2017-06-13,ptr,David P. Roe,20260825T1602Z,backfill
9111381,house,2026-08-25,2017-07-07,ptr,David P. Roe,20260825T1602Z,backfill
9111577,house,2026-08-25,2017-08-08,ptr,David P. Roe,20260825T1602Z,backfill
9111735,house,2026-08-25,2017-09-07,ptr,David P. Roe,20260825T1602Z,backfill
9111894,house,2026-08-25,2017-10-12,ptr,David P. Roe,20260825T1602Z,backfill
9112019,house,2026-08-25,2017-11-13,ptr,David P. Roe,20260825T1602Z,backfill
9112195,house,2026-08-25,2017-12-15,ptr,David P. Roe,20260825T1602Z,backfill
9112286,house,2026-08-25,2018-01-12,ptr,David P. Roe,20260825T1602Z,backfill
9110439,house,2026-08-25,2017-02-08,ptr,Harold Dallas Rogers,20260825T1602Z,backfill
9110525,house,2026-08-25,2017-03-09,ptr,Harold Dallas Rogers,20260825T1602Z,backfill
9110609,house,2026-08-25,2017-04-05,ptr,Harold Dallas Rogers,20260825T1602Z,backfill
9110706,house,2026-08-25,2017-05-08,ptr,Harold Dallas Rogers,20260825T1602Z,backfill
9111193,house,2026-08-25,2017-06-07,ptr,Harold Dallas Rogers,20260825T1602Z,backfill
9111396,house,2026-08-25,2017-07-12,ptr,Harold Dallas Rogers,20260825T1602Z,backfill
9111537,house,2026-08-25,2017-08-07,ptr,Harold Dallas Rogers,20260825T1602Z,backfill
9111724,house,2026-08-25,2017-09-05,ptr,Harold Dallas Rogers,20260825T1602Z,backfill
9111840,house,2026-08-25,2017-10-04,ptr,Harold Dallas Rogers,20260825T1602Z,backfill
9111976,house,2026-08-25,2017-11-01,ptr,Harold Dallas Rogers,20260825T1602Z,backfill
9112137,house,2026-08-25,2017-12-01,ptr,Harold Dallas Rogers,20260825T1602Z,backfill
9112238,house,2026-08-25,2018-01-04,ptr,Harold Dallas Rogers,20260825T1602Z,backfill
9110465,house,2026-08-25,2017-02-17,ptr,Francis Rooney,20260825T1602Z,backfill
9110542,house,2026-08-25,2017-03-15,ptr,Francis Rooney,20260825T1602Z,backfill
9110678,house,2026-08-25,2017-04-25,ptr,Francis Rooney,20260825T1602Z,backfill
9110788,house,2026-08-25,2017-05-17,ptr,Francis Rooney,20260825T1602Z,backfill
9111295,house,2026-08-25,2017-06-15,ptr,Francis Rooney,20260825T1602Z,backfill
9111443,house,2026-08-25,2017-07-18,ptr,Francis Rooney,20260825T1602Z,backfill
9111611,house,2026-08-25,2017-08-11,ptr,Francis Rooney,20260825T1602Z,backfill
9111792,house,2026-08-25,2017-09-18,ptr,Francis Rooney,20260825T1602Z,backfill
9111951,house,2026-08-25,2017-10-25,ptr,Francis Rooney,20260825T1602Z,backfill
9112063,house,2026-08-25,2017-11-15,ptr,Francis Rooney,20260825T1602Z,backfill
9112171,house,2026-08-25,2017-12-11,ptr,Francis Rooney,20260825T1602Z,backfill
9112250,house,2026-08-25,2018-01-10,ptr,Francis Rooney,20260825T1602Z,backfill
20003828,house,2026-08-25,2017-01-16,ptr,Thomas J. Rooney,20260825T1602Z,backfill
20006565,house,2026-08-25,2017-01-24,ptr,Thomas J. Rooney,20260825T1602Z,backfill
20006690,house,2026-08-25,2017-02-15,ptr,Thomas J. Rooney,20260825T1602Z,backfill
20006880,house,2026-08-25,2017-03-14,ptr,Thomas J. Rooney,20260825T1602Z,backfill
20007045,house,2026-08-25,2017-04-12,ptr,Thomas J. Rooney,20260825T1602Z,backfill
20007221,house,2026-08-25,2017-05-12,ptr,Thomas J. Rooney,20260825T1602Z,backfill
20007441,house,2026-08-25,2017-06-14,ptr,Thomas J. Rooney,20260825T1602Z,backfill
20007596,house,2026-08-25,2017-07-14,ptr,Thomas J. Rooney,20260825T1602Z,backfill
20007632,house,2026-08-25,2017-07-14,ptr,Thomas J. Rooney,20260825T1602Z,backfill
20007756,house,2026-08-25,2017-08-10,ptr,Thomas J. Rooney,20260825T1602Z,backfill
20008029,house,2026-08-25,2017-09-20,ptr,Thomas J. Rooney,20260825T1602Z,backfill
20008193,house,2026-08-25,2017-10-14,ptr,Thomas J. Rooney,20260825T1602Z,backfill
20008343,house,2026-08-25,2017-11-13,ptr,Thomas J. Rooney,20260825T1602Z,backfill
20008506,house,2026-08-25,2017-12-14,ptr,Thomas J. Rooney,20260825T1602Z,backfill
20007089,house,2026-08-25,2017-04-19,ptr,Jacky Rosen,20260825T1602Z,backfill
20007094,house,2026-08-25,2017-04-19,ptr,Jacky Rosen,20260825T1602Z,backfill
20007096,house,2026-08-25,2017-04-19,ptr,Jacky Rosen,20260825T1602Z,backfill
20007594,house,2026-08-25,2017-07-09,ptr,Jacky Rosen,20260825T1602Z,backfill
20008068,house,2026-08-25,2017-09-21,ptr,Jacky Rosen,20260825T1602Z,backfill
20008125,house,2026-08-25,2017-10-01,ptr,Jacky Rosen,20260825T1602Z,backfill
20007262,house,2026-08-25,2017-05-15,ptr,Keith J. Rothfus,20260825T1602Z,backfill
20003127,house,2026-08-25,2017-05-12,ptr,Raul Ruiz,20260825T1602Z,backfill
20007694,house,2026-08-25,2017-08-01,ptr,Raul Ruiz,20260825T1602Z,backfill
20007424,house,2026-08-25,2017-06-07,ptr,Linda T. Sanchez,20260825T1602Z,backfill
20008477,house,2026-08-25,2017-12-01,ptr,Linda T. Sanchez,20260825T1602Z,backfill
9110452,house,2026-08-25,2017-02-14,ptr,Adam B. Schiff,20260825T1602Z,backfill
9112249,house,2026-08-25,2018-01-10,ptr,Adam B. Schiff,20260825T1602Z,backfill
20006784,house,2026-08-25,2017-02-20,ptr,Bradley S. Schneider,20260825T1602Z,backfill
20006968,house,2026-08-25,2017-03-25,ptr,Bradley S. Schneider,20260825T1602Z,backfill
20007634,house,2026-08-25,2017-08-20,ptr,Bradley S. Schneider,20260825T1602Z,backfill
20007870,house,2026-08-25,2017-08-21,ptr,Bradley S. Schneider,20260825T1602Z,backfill
20008078,house,2026-08-25,2017-09-24,ptr,Bradley S. Schneider,20260825T1602Z,backfill
20008293,house,2026-08-25,2017-10-29,ptr,Bradley S. Schneider,20260825T1602Z,backfill
20008438,house,2026-08-25,2017-11-23,ptr,Bradley S. Schneider,20260825T1602Z,backfill
20008644,house,2026-08-25,2017-12-31,ptr,Bradley S. Schneider,20260825T1602Z,backfill
9110422,house,2026-08-25,2017-02-06,ptr,Kurt Schrader,20260825T1602Z,backfill
9110593,house,2026-08-25,2017-03-29,ptr,Kurt Schrader,20260825T1602Z,backfill
9110677,house,2026-08-25,2017-04-26,ptr,Kurt Schrader,20260825T1602Z,backfill
9110835,house,2026-08-25,2017-05-23,ptr,Kurt Schrader,20260825T1602Z,backfill
9111253,house,2026-08-25,2017-06-08,ptr,Kurt Schrader,20260825T1602Z,backfill
9111395,house,2026-08-25,2017-07-11,ptr,Kurt Schrader,20260825T1602Z,backfill
9111576,house,2026-08-25,2017-08-10,ptr,Kurt Schrader,20260825T1602Z,backfill
9111725,house,2026-08-25,2017-09-06,ptr,Kurt Schrader,20260825T1602Z,backfill
9111892,house,2026-08-25,2017-10-13,ptr,Kurt Schrader,20260825T1602Z,backfill
9112018,house,2026-08-25,2017-11-08,ptr,Kurt Schrader,20260825T1602Z,backfill
9112154,house,2026-08-25,2017-12-07,ptr,Kurt Schrader,20260825T1602Z,backfill
9112236,house,2026-08-25,2018-01-09,ptr,Kurt Schrader,20260825T1602Z,backfill
9110524,house,2026-08-25,2017-03-10,ptr,Austin Scott,20260825T1602Z,backfill
9111125,house,2026-08-25,2017-05-26,ptr,Austin Scott,20260825T1602Z,backfill
9111680,house,2026-08-25,2017-08-25,ptr,Austin Scott,20260825T1602Z,backfill
20004801,house,2026-08-25,2017-08-01,ptr,"Robert C. ""Bobby"" Scott",20260825T1602Z,backfill
20006447,house,2026-08-25,2017-01-02,ptr,Pete Sessions,20260825T1602Z,backfill
20006505,house,2026-08-25,2017-01-09,ptr,Pete Sessions,20260825T1602Z,backfill
20006510,house,2026-08-25,2017-01-09,ptr,Pete Sessions,20260825T1602Z,backfill
20006547,house,2026-08-25,2017-01-12,ptr,Pete Sessions,20260825T1602Z,backfill
20006566,house,2026-08-25,2017-01-17,ptr,Pete Sessions,20260825T1602Z,backfill
20006601,house,2026-08-25,2017-01-23,ptr,Pete Sessions,20260825T1602Z,backfill
20006622,house,2026-08-25,2017-01-27,ptr,Pete Sessions,20260825T1602Z,backfill
20006633,house,2026-08-25,2017-01-30,ptr,Pete Sessions,20260825T1602Z,backfill
20006657,house,2026-08-25,2017-02-01,ptr,Pete Sessions,20260825T1602Z,backfill
20006658,house,2026-08-25,2017-02-01,ptr,Pete Sessions,20260825T1602Z,backfill
20006785,house,2026-08-25,2017-02-21,ptr,Pete Sessions,20260825T1602Z,backfill
20006825,house,2026-08-25,2017-02-28,ptr,Pete Sessions,20260825T1602Z,backfill
20006828,house,2026-08-25,2017-03-01,ptr,Pete Sessions,20260825T1602Z,backfill
20006858,house,2026-08-25,2017-03-08,ptr,Pete Sessions,20260825T1602Z,backfill
20006887,house,2026-08-25,2017-03-15,ptr,Pete Sessions,20260825T1602Z,backfill
20006963,house,2026-08-25,2017-03-22,ptr,Pete Sessions,20260825T1602Z,backfill
20006965,house,2026-08-25,2017-03-23,ptr,Pete Sessions,20260825T1602Z,backfill
20006972,house,2026-08-25,2017-03-27,ptr,Pete Sessions,20260825T1602Z,backfill
20006974,house,2026-08-25,2017-03-28,ptr,Pete Sessions,20260825T1602Z,backfill
20007006,house,2026-08-25,2017-04-05,ptr,Pete Sessions,20260825T1602Z,backfill
20007016,house,2026-08-25,2017-04-06,ptr,Pete Sessions,20260825T1602Z,backfill
20007037,house,2026-08-25,2017-04-07,ptr,Pete Sessions,20260825T1602Z,backfill
20007067,house,2026-08-25,2017-04-13,ptr,Pete Sessions,20260825T1602Z,backfill
20007141,house,2026-08-25,2017-04-27,ptr,Pete Sessions,20260825T1602Z,backfill
20007159,house,2026-08-25,2017-05-01,ptr,Pete Sessions,20260825T1602Z,backfill
20007172,house,2026-08-25,2017-05-01,ptr,Pete Sessions,20260825T1602Z,backfill
20007182,house,2026-08-25,2017-05-02,ptr,Pete Sessions,20260825T1602Z,backfill
20007188,house,2026-08-25,2017-05-03,ptr,Pete Sessions,20260825T1602Z,backfill
20007311,house,2026-08-25,2017-05-17,ptr,Pete Sessions,20260825T1602Z,backfill
20007324,house,2026-08-25,2017-05-18,ptr,Pete Sessions,20260825T1602Z,backfill
20007328,house,2026-08-25,2017-05-19,ptr,Pete Sessions,20260825T1602Z,backfill
20007334,house,2026-08-25,2017-05-22,ptr,Pete Sessions,20260825T1602Z,backfill
20007396,house,2026-08-25,2017-06-05,ptr,Pete Sessions,20260825T1602Z,backfill
20007423,house,2026-08-25,2017-06-07,ptr,Pete Sessions,20260825T1602Z,backfill
20007440,house,2026-08-25,2017-06-12,ptr,Pete Sessions,20260825T1602Z,backfill
20007442,house,2026-08-25,2017-06-12,ptr,Pete Sessions,20260825T1602Z,backfill
20007496,house,2026-08-25,2017-06-19,ptr,Pete Sessions,20260825T1602Z,backfill
20007498,house,2026-08-25,2017-06-20,ptr,Pete Sessions,20260825T1602Z,backfill
20007536,house,2026-08-25,2017-06-28,ptr,Pete Sessions,20260825T1602Z,backfill
20007553,house,2026-08-25,2017-06-30,ptr,Pete Sessions,20260825T1602Z,backfill
20007561,house,2026-08-25,2017-07-04,ptr,Pete Sessions,20260825T1602Z,backfill
20007661,house,2026-08-25,2017-07-20,ptr,Pete Sessions,20260825T1602Z,backfill
20007702,house,2026-08-25,2017-07-27,ptr,Pete Sessions,20260825T1602Z,backfill
20007703,house,2026-08-25,2017-07-28,ptr,Pete Sessions,20260825T1602Z,backfill
20007751,house,2026-08-25,2017-08-07,ptr,Pete Sessions,20260825T1602Z,backfill
20007899,house,2026-08-25,2017-08-28,ptr,Pete Sessions,20260825T1602Z,backfill
20007919,house,2026-08-25,2017-08-31,ptr,Pete Sessions,20260825T1602Z,backfill
20008048,house,2026-08-25,2017-09-18,ptr,Pete Sessions,20260825T1602Z,backfill
20008061,house,2026-08-25,2017-09-19,ptr,Pete Sessions,20260825T1602Z,backfill
20008110,house,2026-08-25,2017-09-29,ptr,Pete Sessions,20260825T1602Z,backfill
20008185,house,2026-08-25,2017-10-08,ptr,Pete Sessions,20260825T1602Z,backfill
20008272,house,2026-08-25,2017-10-25,ptr,Pete Sessions,20260825T1602Z,backfill
20008405,house,2026-08-25,2017-11-16,ptr,Pete Sessions,20260825T1602Z,backfill
20008449,house,2026-08-25,2017-11-28,ptr,Pete Sessions,20260825T1602Z,backfill
20008474,house,2026-08-25,2017-12-01,ptr,Pete Sessions,20260825T1602Z,backfill
20008544,house,2026-08-25,2017-12-09,ptr,Pete Sessions,20260825T1602Z,backfill
20008639,house,2026-08-25,2017-12-30,ptr,Pete Sessions,20260825T1602Z,backfill
20006912,house,2026-08-25,2017-03-15,ptr,Michael K. Simpson,20260825T1602Z,backfill
20006913,house,2026-08-25,2017-03-15,ptr,Michael K. Simpson,20260825T1602Z,backfill
20007483,house,2026-08-25,2017-06-15,ptr,Michael K. Simpson,20260825T1602Z,backfill
20007987,house,2026-08-25,2017-09-09,ptr,Michael K. Simpson,20260825T1602Z,backfill
20008571,house,2026-08-25,2017-12-15,ptr,Michael K. Simpson,20260825T1602Z,backfill
20006837,house,2026-08-25,2017-03-02,ptr,Louise McIntosh Slaughter,20260825T1602Z,backfill
20007389,house,2026-08-25,2017-06-02,ptr,Louise McIntosh Slaughter,20260825T1602Z,backfill
20007964,house,2026-08-25,2017-09-06,ptr,Louise McIntosh Slaughter,20260825T1602Z,backfill
20008534,house,2026-08-25,2017-12-07,ptr,Louise McIntosh Slaughter,20260825T1602Z,backfill
20006545,house,2026-08-25,2017-01-13,ptr,Lamar Smith,20260825T1602Z,backfill
20006660,house,2026-08-25,2017-02-09,ptr,Lamar Smith,20260825T1602Z,backfill
20006833,house,2026-08-25,2017-03-10,ptr,Lamar Smith,20260825T1602Z,backfill
20006995,house,2026-08-25,2017-04-10,ptr,Lamar Smith,20260825T1602Z,backfill
20007206,house,2026-08-25,2017-05-07,ptr,Lamar Smith,20260825T1602Z,backfill
20007400,house,2026-08-25,2017-06-09,ptr,Lamar Smith,20260825T1602Z,backfill
20007582,house,2026-08-25,2017-07-12,ptr,Lamar Smith,20260825T1602Z,backfill
20007740,house,2026-08-25,2017-08-24,ptr,Lamar Smith,20260825T1602Z,backfill
20007943,house,2026-08-25,2017-09-18,ptr,Lamar Smith,20260825T1602Z,backfill
20008169,house,2026-08-25,2017-10-12,ptr,Lamar Smith,20260825T1602Z,backfill
20008323,house,2026-08-25,2017-11-20,ptr,Lamar Smith,20260825T1602Z,backfill
20008505,house,2026-08-25,2017-12-11,ptr,Lamar Smith,20260825T1602Z,backfill
20008194,house,2026-08-25,2017-10-21,ptr,Lloyd K. Smucker,20260825T1602Z,backfill
20007507,house,2026-08-25,2017-06-21,ptr,Jackie Speier,20260825T1602Z,backfill
9110383,house,2026-08-25,2017-01-24,ptr,Steve Stivers,20260825T1602Z,backfill
9110725,house,2026-08-25,2017-05-09,ptr,Steve Stivers,20260825T1602Z,backfill
9111734,house,2026-08-25,2017-09-07,ptr,Steve Stivers,20260825T1602Z,backfill
9110683,house,2026-08-25,2017-04-28,ptr,Scott R. Tipton,20260825T1602Z,backfill
9110369,house,2026-08-25,2017-01-13,ptr,Dina Titus,20260825T1602Z,backfill
9111819,house,2026-08-25,2017-09-27,ptr,Dina Titus,20260825T1602Z,backfill
20006438,house,2026-08-25,2017-01-05,ptr,David A. Trott,20260825T1602Z,backfill
20006682,house,2026-08-25,2017-02-06,ptr,David A. Trott,20260825T1602Z,backfill
20006853,house,2026-08-25,2017-03-06,ptr,David A. Trott,20260825T1602Z,backfill
20007014,house,2026-08-25,2017-04-06,ptr,David A. Trott,20260825T1602Z,backfill
20007201,house,2026-08-25,2017-05-05,ptr,David A. Trott,20260825T1602Z,backfill
20007379,house,2026-08-25,2017-06-06,ptr,David A. Trott,20260825T1602Z,backfill
20007568,house,2026-08-25,2017-07-06,ptr,David A. Trott,20260825T1602Z,backfill
20007738,house,2026-08-25,2017-08-04,ptr,David A. Trott,20260825T1602Z,backfill
20007939,house,2026-08-25,2017-09-06,ptr,David A. Trott,20260825T1602Z,backfill
20008167,house,2026-08-25,2017-10-06,ptr,David A. Trott,20260825T1602Z,backfill
20008340,house,2026-08-25,2017-11-06,ptr,David A. Trott,20260825T1602Z,backfill
20008515,house,2026-08-25,2017-12-06,ptr,David A. Trott,20260825T1602Z,backfill
20006851,house,2026-08-25,2017-03-08,ptr,Michael R. Turner,20260825T1602Z,backfill
20006903,house,2026-08-25,2017-03-16,ptr,Michael R. Turner,20260825T1602Z,backfill
20007546,house,2026-08-25,2017-07-05,ptr,Michael R. Turner,20260825T1602Z,backfill
9110421,house,2026-08-25,2017-02-06,ptr,Fred Upton,20260825T1602Z,backfill
9110559,house,2026-08-25,2017-03-17,ptr,Fred Upton,20260825T1602Z,backfill
9111124,house,2026-08-25,2017-05-30,ptr,Fred Upton,20260825T1602Z,backfill
9111354,house,2026-08-25,2017-06-30,ptr,Fred Upton,20260825T1602Z,backfill
9111520,house,2026-08-25,2017-08-01,ptr,Fred Upton,20260825T1602Z,backfill
9111808,house,2026-08-25,2017-09-19,ptr,Fred Upton,20260825T1602Z,backfill
9111809,house,2026-08-25,2017-09-19,ptr,Fred Upton,20260825T1602Z,backfill
9111839,house,2026-08-25,2017-10-04,ptr,Fred Upton,20260825T1602Z,backfill
9112017,house,2026-08-25,2017-11-09,ptr,Fred Upton,20260825T1602Z,backfill
9112153,house,2026-08-25,2017-12-07,ptr,Fred Upton,20260825T1602Z,backfill
9113583,house,2026-08-25,2018-07-26,ptr,Fred Upton,20260825T1602Z,backfill
20007741,house,2026-08-25,2017-08-11,ptr,Marc A. Veasey,20260825T1602Z,backfill
9110724,house,2026-08-25,2017-05-09,ptr,Ann Wagner,20260825T1602Z,backfill
9111192,house,2026-08-25,2017-06-06,ptr,Ann Wagner,20260825T1602Z,backfill
9111767,house,2026-08-25,2017-09-11,ptr,Ann Wagner,20260825T1602Z,backfill
9111891,house,2026-08-25,2017-10-12,ptr,Ann Wagner,20260825T1602Z,backfill
9112152,house,2026-08-25,2017-12-05,ptr,Ann Wagner,20260825T1602Z,backfill
9111507,house,2026-08-25,2017-07-28,ptr,Greg Walden,20260825T1602Z,backfill
20006521,house,2026-08-25,2017-01-11,ptr,Debbie Wasserman Schultz,20260825T1602Z,backfill
20006593,house,2026-08-25,2017-01-23,ptr,Debbie Wasserman Schultz,20260825T1602Z,backfill
20006753,house,2026-08-25,2017-02-15,ptr,Debbie Wasserman Schultz,20260825T1602Z,backfill
20006950,house,2026-08-25,2017-03-20,ptr,Debbie Wasserman Schultz,20260825T1602Z,backfill
20006986,house,2026-08-25,2017-03-31,ptr,Debbie Wasserman Schultz,20260825T1602Z,backfill
20006999,house,2026-08-25,2017-06-07,ptr,Debbie Wasserman Schultz,20260825T1602Z,backfill
20007425,house,2026-08-25,2017-06-08,ptr,Debbie Wasserman Schultz,20260825T1602Z,backfill
20007584,house,2026-08-25,2017-07-11,ptr,Debbie Wasserman Schultz,20260825T1602Z,backfill
20007716,house,2026-08-25,2017-08-04,ptr,Debbie Wasserman Schultz,20260825T1602Z,backfill
20008273,house,2026-08-25,2017-10-25,ptr,Debbie Wasserman Schultz,20260825T1602Z,backfill
20008277,house,2026-08-25,2017-10-27,ptr,Debbie Wasserman Schultz,20260825T1602Z,backfill
20008298,house,2026-08-25,2017-10-30,ptr,Debbie Wasserman Schultz,20260825T1602Z,backfill
20008457,house,2026-08-25,2017-11-29,ptr,Debbie Wasserman Schultz,20260825T1602Z,backfill
9110420,house,2026-08-25,2017-02-03,ptr,Peter Welch,20260825T1602Z,backfill
9110512,house,2026-08-25,2017-03-03,ptr,Peter Welch,20260825T1602Z,backfill
9110608,house,2026-08-25,2017-04-05,ptr,Peter Welch,20260825T1602Z,backfill
9110705,house,2026-08-25,2017-05-05,ptr,Peter Welch,20260825T1602Z,backfill
9111123,house,2026-08-25,2017-06-05,ptr,Peter Welch,20260825T1602Z,backfill
9111355,house,2026-08-25,2017-07-06,ptr,Peter Welch,20260825T1602Z,backfill
9111469,house,2026-08-25,2017-07-21,ptr,Peter Welch,20260825T1602Z,backfill
9111535,house,2026-08-25,2017-08-04,ptr,Peter Welch,20260825T1602Z,backfill
9111726,house,2026-08-25,2017-09-05,ptr,Peter Welch,20260825T1602Z,backfill
9111864,house,2026-08-25,2017-10-05,ptr,Peter Welch,20260825T1602Z,backfill
9111975,house,2026-08-25,2017-11-07,ptr,Peter Welch,20260825T1602Z,backfill
9112151,house,2026-08-25,2017-12-05,ptr,Peter Welch,20260825T1602Z,backfill
9112237,house,2026-08-25,2018-01-05,ptr,Peter Welch,20260825T1602Z,backfill
20006440,house,2026-08-25,2017-01-05,ptr,Robert J. Wittman,20260825T1602Z,backfill
20006755,house,2026-08-25,2017-02-17,ptr,Robert J. Wittman,20260825T1602Z,backfill
20007766,house,2026-08-25,2017-08-10,ptr,Robert J. Wittman,20260825T1602Z,backfill
20008370,house,2026-08-25,2017-11-14,ptr,Robert J. Wittman,20260825T1602Z,backfill
20007108,house,2026-08-25,2017-04-22,ptr,John A. Yarmuth,20260825T1602Z,backfill
20007778,house,2026-08-25,2017-08-09,ptr,John A. Yarmuth,20260825T1602Z,backfill
20007902,house,2026-08-25,2017-08-29,ptr,John A. Yarmuth,20260825T1602Z,backfill
20007997,house,2026-08-25,2017-09-12,ptr,John A. Yarmuth,20260825T1602Z,backfill
20008258,house,2026-08-25,2017-10-22,ptr,John A. Yarmuth,20260825T1602Z,backfill
20008395,house,2026-08-25,2017-11-14,ptr,John A. Yarmuth,20260825T1602Z,backfill
20008556,house,2026-08-25,2017-12-12,ptr,John A. Yarmuth,20260825T1602Z,backfill
20007289,house,2026-08-25,2017-05-15,ptr,Kevin Yoder,20260825T1602Z,backfill
20008143,house,2026-08-25,2017-10-04,ptr,Kevin Yoder,20260825T1602Z,backfill
9112135,house,2026-08-25,2017-12-01,ptr,Ted S. Yoho,20260825T1602Z,backfill
20010021,house,2026-08-25,2018-08-02,ptr,Justin Amash,20260825T1602Z,backfill
20010646,house,2026-08-25,2018-11-13,ptr,Justin Amash,20260825T1602Z,backfill
9113416,house,2026-08-25,2018-06-15,ptr,"Garland ""Andy"" Barr",20260825T1602Z,backfill
9113472,house,2026-08-25,2018-06-28,ptr,Gus M. Bilirakis,20260825T1602Z,backfill
8216835,house,2026-08-25,2020-01-02,ptr,Gus M. Bilirakis,20260825T1602Z,backfill
9112405,house,2026-08-25,2018-02-06,ptr,Diane Black,20260825T1602Z,backfill
9112497,house,2026-08-25,2018-02-28,ptr,Diane Black,20260825T1602Z,backfill
9112587,house,2026-08-25,2018-03-21,ptr,Diane Black,20260825T1602Z,backfill
9112640,house,2026-08-25,2018-04-09,ptr,Diane Black,20260825T1602Z,backfill
9112648,house,2026-08-25,2018-04-13,ptr,Diane Black,20260825T1602Z,backfill
9112736,house,2026-08-25,2018-05-01,ptr,Diane Black,20260825T1602Z,backfill
9112886,house,2026-08-25,2018-05-17,ptr,Diane Black,20260825T1602Z,backfill
9113332,house,2026-08-25,2018-06-08,ptr,Diane Black,20260825T1602Z,backfill
9113456,house,2026-08-25,2018-06-26,ptr,Diane Black,20260825T1602Z,backfill
9113554,house,2026-08-25,2018-07-23,ptr,Diane Black,20260825T1602Z,backfill
9113630,house,2026-08-25,2018-08-09,ptr,Diane Black,20260825T1602Z,backfill
9113729,house,2026-08-25,2018-08-28,ptr,Diane Black,20260825T1602Z,backfill
9113891,house,2026-08-25,2018-09-19,ptr,Diane Black,20260825T1602Z,backfill
9114074,house,2026-08-25,2018-10-10,ptr,Diane Black,20260825T1602Z,backfill
9114137,house,2026-08-25,2018-11-01,ptr,Diane Black,20260825T1602Z,backfill
9114199,house,2026-08-25,2018-11-27,ptr,Diane Black,20260825T1602Z,backfill
9114243,house,2026-08-25,2018-12-18,ptr,Diane Black,20260825T1602Z,backfill
9114272,house,2026-08-25,2019-01-03,ptr,Diane Black,20260825T1602Z,backfill
20008963,house,2026-08-25,2018-02-13,ptr,Rodney Leland Blum,20260825T1602Z,backfill
20010478,house,2026-08-25,2018-10-13,ptr,Rodney Leland Blum,20260825T1602Z,backfill
20008676,house,2026-08-25,2018-01-04,ptr,Earl Blumenauer,20260825T1602Z,backfill
20008925,house,2026-08-25,2018-02-08,ptr,Earl Blumenauer,20260825T1602Z,backfill
20009000,house,2026-08-25,2018-02-20,ptr,Earl Blumenauer,20260825T1602Z,backfill
20009092,house,2026-08-25,2018-03-06,ptr,Earl Blumenauer,20260825T1602Z,backfill
20009235,house,2026-08-25,2018-04-05,ptr,Earl Blumenauer,20260825T1602Z,backfill
20009528,house,2026-08-25,2018-05-11,ptr,Earl Blumenauer,20260825T1602Z,backfill
20009788,house,2026-08-25,2018-06-25,ptr,Earl Blumenauer,20260825T1602Z,backfill
20009802,house,2026-08-25,2018-06-26,ptr,Earl Blumenauer,20260825T1602Z,backfill
20009879,house,2026-08-25,2018-07-12,ptr,Earl Blumenauer,20260825T1602Z,backfill
20010109,house,2026-08-25,2018-08-15,ptr,Earl Blumenauer,20260825T1602Z,backfill
20010133,house,2026-08-25,2018-08-20,ptr,Earl Blumenauer,20260825T1602Z,backfill
20010365,house,2026-08-25,2018-09-27,ptr,Earl Blumenauer,20260825T1602Z,backfill
20010620,house,2026-08-25,2018-11-06,ptr,Earl Blumenauer,20260825T1602Z,backfill
20010770,house,2026-08-25,2018-12-04,ptr,Earl Blumenauer,20260825T1602Z,backfill
20010777,house,2026-08-25,2018-12-05,ptr,Earl Blumenauer,20260825T1602Z,backfill
20008721,house,2026-08-25,2018-01-12,ptr,Lisa Blunt Rochester,20260825T1602Z,backfill
20009087,house,2026-08-25,2018-03-08,ptr,Lisa Blunt Rochester,20260825T1602Z,backfill
20009228,house,2026-08-25,2018-04-09,ptr,Lisa Blunt Rochester,20260825T1602Z,backfill
20009686,house,2026-08-25,2018-06-12,ptr,Lisa Blunt Rochester,20260825T1602Z,backfill
20010382,house,2026-08-25,2018-10-02,ptr,Lisa Blunt Rochester,20260825T1602Z,backfill
20010767,house,2026-08-25,2018-12-04,ptr,Lisa Blunt Rochester,20260825T1602Z,backfill
20008873,house,2026-08-25,2018-02-03,ptr,Mo Brooks,20260825T1602Z,backfill
20009061,house,2026-08-25,2018-03-02,ptr,Mo Brooks,20260825T1602Z,backfill
20009433,house,2026-08-25,2018-05-02,ptr,Mo Brooks,20260825T1602Z,backfill
20009743,house,2026-08-25,2018-06-16,ptr,Mo Brooks,20260825T1602Z,backfill
20009848,house,2026-08-25,2018-07-06,ptr,Mo Brooks,20260825T1602Z,backfill
20010366,house,2026-08-25,2018-09-27,ptr,Mo Brooks,20260825T1602Z,backfill
20010541,house,2026-08-25,2018-10-25,ptr,Mo Brooks,20260825T1602Z,backfill
20010805,house,2026-08-25,2018-12-11,ptr,Mo Brooks,20260825T1602Z,backfill
20008849,house,2026-08-25,2018-02-06,ptr,Susan W. Brooks,20260825T1602Z,backfill
20009475,house,2026-08-25,2018-05-15,ptr,Susan W. Brooks,20260825T1602Z,backfill
20009918,house,2026-08-25,2018-07-20,ptr,Susan W. Brooks,20260825T1602Z,backfill
20008790,house,2026-08-25,2018-01-23,ptr,Vern Buchanan,20260825T1602Z,backfill
20009181,house,2026-08-25,2018-03-21,ptr,Vern Buchanan,20260825T1602Z,backfill
20009337,house,2026-08-25,2018-04-19,ptr,Vern Buchanan,20260825T1602Z,backfill
20009614,house,2026-08-25,2018-05-22,ptr,Vern Buchanan,20260825T1602Z,backfill
20009773,house,2026-08-25,2018-06-21,ptr,Vern Buchanan,20260825T1602Z,backfill
20009959,house,2026-08-25,2018-07-26,ptr,Vern Buchanan,20260825T1602Z,backfill
20010163,house,2026-08-25,2018-08-24,ptr,Vern Buchanan,20260825T1602Z,backfill
20010506,house,2026-08-25,2018-10-19,ptr,Vern Buchanan,20260825T1602Z,backfill
20010721,house,2026-08-25,2018-11-26,ptr,Vern Buchanan,20260825T1602Z,backfill
20010905,house,2026-08-25,2018-12-28,ptr,Vern Buchanan,20260825T1602Z,backfill
20008719,house,2026-08-25,2018-01-14,ptr,Kenneth R. Buck,20260825T1602Z,backfill
20010473,house,2026-08-25,2018-10-12,ptr,Cheri Bustos,20260825T1602Z,backfill
20010578,house,2026-08-25,2018-11-03,ptr,Cheri Bustos,20260825T1602Z,backfill
20008724,house,2026-08-25,2018-01-12,ptr,Earl Leroy Carter,20260825T1602Z,backfill
20010274,house,2026-08-25,2018-09-12,ptr,Earl Leroy Carter,20260825T1602Z,backfill
20008738,house,2026-08-25,2018-01-15,ptr,Judy Chu,20260825T1602Z,backfill
20008965,house,2026-08-25,2018-02-19,ptr,Judy Chu,20260825T1602Z,backfill
20009119,house,2026-08-25,2018-03-16,ptr,Judy Chu,20260825T1602Z,backfill
20009294,house,2026-08-25,2018-04-22,ptr,Judy Chu,20260825T1602Z,backfill
20009487,house,2026-08-25,2018-05-13,ptr,Judy Chu,20260825T1602Z,backfill
20009735,house,2026-08-25,2018-06-25,ptr,Judy Chu,20260825T1602Z,backfill
20009888,house,2026-08-25,2018-07-15,ptr,Judy Chu,20260825T1602Z,backfill
20010299,house,2026-08-25,2018-09-24,ptr,Judy Chu,20260825T1602Z,backfill
20010475,house,2026-08-25,2018-10-15,ptr,Judy Chu,20260825T1602Z,backfill
20010503,house,2026-08-25,2018-10-18,ptr,Judy Chu,20260825T1602Z,backfill
20010661,house,2026-08-25,2018-11-21,ptr,Judy Chu,20260825T1602Z,backfill
20010834,house,2026-08-25,2018-12-16,ptr,Judy Chu,20260825T1602Z,backfill
20008967,house,2026-08-25,2018-02-14,ptr,Katherine M. Clark,20260825T1602Z,backfill
20009223,house,2026-08-25,2018-04-03,ptr,Katherine M. Clark,20260825T1602Z,backfill
20009482,house,2026-08-25,2018-05-08,ptr,Katherine M. Clark,20260825T1602Z,backfill
20009485,house,2026-08-25,2018-05-08,ptr,Katherine M. Clark,20260825T1602Z,backfill
20010411,house,2026-08-25,2018-10-04,ptr,Katherine M. Clark,20260825T1602Z,backfill
20010697,house,2026-08-25,2018-11-19,ptr,Katherine M. Clark,20260825T1602Z,backfill
20010880,house,2026-08-25,2018-12-21,ptr,Katherine M. Clark,20260825T1602Z,backfill
20008720,house,2026-08-25,2018-01-10,ptr,Steve Cohen,20260825T1602Z,backfill
20008848,house,2026-08-25,2018-01-31,ptr,Steve Cohen,20260825T1602Z,backfill
20008858,house,2026-08-25,2018-02-01,ptr,Steve Cohen,20260825T1602Z,backfill
20009040,house,2026-08-25,2018-02-27,ptr,Steve Cohen,20260825T1602Z,backfill
20009122,house,2026-08-25,2018-03-12,ptr,Steve Cohen,20260825T1602Z,backfill
20009726,house,2026-08-25,2018-06-13,ptr,Steve Cohen,20260825T1602Z,backfill
20010056,house,2026-08-25,2018-08-08,ptr,Steve Cohen,20260825T1602Z,backfill
20010123,house,2026-08-25,2018-08-17,ptr,Steve Cohen,20260825T1602Z,backfill
20010149,house,2026-08-25,2018-08-22,ptr,Steve Cohen,20260825T1602Z,backfill
20010169,house,2026-08-25,2018-08-27,ptr,Steve Cohen,20260825T1602Z,backfill
20010262,house,2026-08-25,2018-09-11,ptr,Steve Cohen,20260825T1602Z,backfill
20010500,house,2026-08-25,2018-10-18,ptr,Steve Cohen,20260825T1602Z,backfill
20010604,house,2026-08-25,2018-11-05,ptr,Steve Cohen,20260825T1602Z,backfill
20010743,house,2026-08-25,2018-11-29,ptr,Steve Cohen,20260825T1602Z,backfill
20010744,house,2026-08-25,2018-11-29,ptr,Steve Cohen,20260825T1602Z,backfill
9112820,house,2026-08-25,2018-05-09,ptr,Tom Cole,20260825T1602Z,backfill
9114009,house,2026-08-25,2018-09-26,ptr,Tom Cole,20260825T1602Z,backfill
9112567,house,2026-08-25,2018-03-20,ptr,Chris Collins,20260825T1602Z,backfill
9113297,house,2026-08-25,2018-06-05,ptr,Chris Collins,20260825T1602Z,backfill
9113455,house,2026-08-25,2018-06-25,ptr,Chris Collins,20260825T1602Z,backfill
9114169,house,2026-08-25,2018-11-14,ptr,Chris Collins,20260825T1602Z,backfill
9112403,house,2026-08-25,2018-02-07,ptr,James Comer,20260825T1602Z,backfill
9112530,house,2026-08-25,2018-03-06,ptr,James Comer,20260825T1602Z,backfill
9112655,house,2026-08-25,2018-04-13,ptr,James Comer,20260825T1602Z,backfill
20008668,house,2026-08-25,2018-01-03,ptr,Barbara J Honorable Comstock,20260825T1602Z,backfill
20008822,house,2026-08-25,2018-01-27,ptr,Barbara J Honorable Comstock,20260825T1602Z,backfill
20009156,house,2026-08-25,2018-03-19,ptr,Barbara J Honorable Comstock,20260825T1602Z,backfill
20009342,house,2026-08-25,2018-04-19,ptr,Barbara J Honorable Comstock,20260825T1602Z,backfill
20009673,house,2026-08-25,2018-06-04,ptr,Barbara J Honorable Comstock,20260825T1602Z,backfill
20009718,house,2026-08-25,2018-06-11,ptr,Barbara J Honorable Comstock,20260825T1602Z,backfill
20009789,house,2026-08-25,2018-06-25,ptr,Barbara J Honorable Comstock,20260825T1602Z,backfill
20009961,house,2026-08-25,2018-07-26,ptr,Barbara J Honorable Comstock,20260825T1602Z,backfill
20009995,house,2026-08-25,2018-08-01,ptr,Barbara J Honorable Comstock,20260825T1602Z,backfill
20010004,house,2026-08-25,2018-08-01,ptr,Barbara J Honorable Comstock,20260825T1602Z,backfill
20010036,house,2026-08-25,2018-08-06,ptr,Barbara J Honorable Comstock,20260825T1602Z,backfill
20010057,house,2026-08-25,2018-08-08,ptr,Barbara J Honorable Comstock,20260825T1602Z,backfill
20010199,house,2026-08-25,2018-09-02,ptr,Barbara J Honorable Comstock,20260825T1602Z,backfill
20010276,house,2026-08-25,2018-09-12,ptr,Barbara J Honorable Comstock,20260825T1602Z,backfill
20008658,house,2026-08-25,2018-01-04,ptr,K. Michael Conaway,20260825T1602Z,backfill
20008867,house,2026-08-25,2018-02-02,ptr,K. Michael Conaway,20260825T1602Z,backfill
20009063,house,2026-08-25,2018-03-02,ptr,K. Michael Conaway,20260825T1602Z,backfill
20009095,house,2026-08-25,2018-03-06,ptr,K. Michael Conaway,20260825T1602Z,backfill
20009212,house,2026-08-25,2018-04-03,ptr,K. Michael Conaway,20260825T1602Z,backfill
20009504,house,2026-08-25,2018-05-10,ptr,K. Michael Conaway,20260825T1602Z,backfill
20009664,house,2026-08-25,2018-06-04,ptr,K. Michael Conaway,20260825T1602Z,backfill
20009819,house,2026-08-25,2018-07-09,ptr,K. Michael Conaway,20260825T1602Z,backfill
20010072,house,2026-08-25,2018-08-10,ptr,K. Michael Conaway,20260825T1602Z,backfill
20010197,house,2026-08-25,2018-09-04,ptr,K. Michael Conaway,20260825T1602Z,backfill
20010415,house,2026-08-25,2018-10-04,ptr,K. Michael Conaway,20260825T1602Z,backfill
20010637,house,2026-08-25,2018-11-12,ptr,K. Michael Conaway,20260825T1602Z,backfill
20010775,house,2026-08-25,2018-12-05,ptr,K. Michael Conaway,20260825T1602Z,backfill
20008693,house,2026-08-25,2018-01-06,ptr,Gerald E. Connolly,20260825T1602Z,backfill
20009262,house,2026-08-25,2018-04-09,ptr,Gerald E. Connolly,20260825T1602Z,backfill
20009946,house,2026-08-25,2018-07-24,ptr,Gerald E. Connolly,20260825T1602Z,backfill
20010476,house,2026-08-25,2018-10-13,ptr,Gerald E. Connolly,20260825T1602Z,backfill
9113744,house,2026-08-25,2018-09-05,ptr,John Abney Culberson,20260825T1602Z,backfill
20008747,house,2026-08-25,2018-01-16,ptr,Carlos Curbelo,20260825T1602Z,backfill
20008890,house,2026-08-25,2018-02-05,ptr,Carlos Curbelo,20260825T1602Z,backfill
20009192,house,2026-08-25,2018-03-27,ptr,Carlos Curbelo,20260825T1602Z,backfill
20009193,house,2026-08-25,2018-03-27,ptr,Carlos Curbelo,20260825T1602Z,backfill
20009415,house,2026-08-25,2018-05-01,ptr,Carlos Curbelo,20260825T1602Z,backfill
20009624,house,2026-08-25,2018-05-23,ptr,Carlos Curbelo,20260825T1602Z,backfill
20009780,house,2026-08-25,2018-06-22,ptr,Carlos Curbelo,20260825T1602Z,backfill
20009939,house,2026-08-25,2018-07-23,ptr,Carlos Curbelo,20260825T1602Z,backfill
20009997,house,2026-08-25,2018-08-01,ptr,Carlos Curbelo,20260825T1602Z,backfill
20010003,house,2026-08-25,2018-08-01,ptr,Carlos Curbelo,20260825T1602Z,backfill
20010011,house,2026-08-25,2018-08-02,ptr,Carlos Curbelo,20260825T1602Z,backfill
20010012,house,2026-08-25,2018-08-02,ptr,Carlos Curbelo,20260825T1602Z,backfill
20010073,house,2026-08-25,2018-08-13,ptr,Carlos Curbelo,20260825T1602Z,backfill
20010329,house,2026-08-25,2018-09-25,ptr,Carlos Curbelo,20260825T1602Z,backfill
20010359,house,2026-08-25,2018-10-03,ptr,Carlos Curbelo,20260825T1602Z,backfill
20010466,house,2026-08-25,2018-10-10,ptr,Warren Davidson,20260825T1602Z,backfill
20009128,house,2026-08-25,2018-03-28,ptr,Susan A. Davis,20260825T1602Z,backfill
20009708,house,2026-08-25,2018-06-15,ptr,Susan A. Davis,20260825T1602Z,backfill
20010664,house,2026-08-25,2018-11-16,ptr,Susan A. Davis,20260825T1602Z,backfill
9112341,house,2026-08-25,2018-01-30,ptr,John K. Delaney,20260825T1602Z,backfill
9112402,house,2026-08-25,2018-02-07,ptr,John K. Delaney,20260825T1602Z,backfill
9112480,house,2026-08-25,2018-02-23,ptr,John K. Delaney,20260825T1602Z,backfill
9112566,house,2026-08-25,2018-03-16,ptr,John K. Delaney,20260825T1602Z,backfill
9112586,house,2026-08-25,2018-03-23,ptr,John K. Delaney,20260825T1602Z,backfill
9112654,house,2026-08-25,2018-04-11,ptr,John K. Delaney,20260825T1602Z,backfill
9112678,house,2026-08-25,2018-04-20,ptr,John K. Delaney,20260825T1602Z,backfill
9112819,house,2026-08-25,2018-05-09,ptr,John K. Delaney,20260825T1602Z,backfill
9113121,house,2026-08-25,2018-05-22,ptr,John K. Delaney,20260825T1602Z,backfill
9113333,house,2026-08-25,2018-06-08,ptr,John K. Delaney,20260825T1602Z,backfill
9113471,house,2026-08-25,2018-06-29,ptr,John K. Delaney,20260825T1602Z,backfill
9113537,house,2026-08-25,2018-07-19,ptr,John K. Delaney,20260825T1602Z,backfill
9113619,house,2026-08-25,2018-08-03,ptr,John K. Delaney,20260825T1602Z,backfill
9113688,house,2026-08-25,2018-08-15,ptr,John K. Delaney,20260825T1602Z,backfill
9113705,house,2026-08-25,2018-08-20,ptr,John K. Delaney,20260825T1602Z,backfill
9113706,house,2026-08-25,2018-08-20,ptr,John K. Delaney,20260825T1602Z,backfill
9113868,house,2026-08-25,2018-09-17,ptr,John K. Delaney,20260825T1602Z,backfill
9113869,house,2026-08-25,2018-09-17,ptr,John K. Delaney,20260825T1602Z,backfill
9114013,house,2026-08-25,2018-09-28,ptr,John K. Delaney,20260825T1602Z,backfill
9114095,house,2026-08-25,2018-10-16,ptr,John K. Delaney,20260825T1602Z,backfill
9114143,house,2026-08-25,2018-11-01,ptr,John K. Delaney,20260825T1602Z,backfill
9114158,house,2026-08-25,2018-11-09,ptr,John K. Delaney,20260825T1602Z,backfill
9114200,house,2026-08-25,2018-11-27,ptr,John K. Delaney,20260825T1602Z,backfill
9114271,house,2026-08-25,2019-01-02,ptr,John K. Delaney,20260825T1602Z,backfill
20008671,house,2026-08-25,2018-01-10,ptr,Suzan K. DelBene,20260825T1602Z,backfill
20008895,house,2026-08-25,2018-02-16,ptr,Suzan K. DelBene,20260825T1602Z,backfill
20009074,house,2026-08-25,2018-03-06,ptr,Suzan K. DelBene,20260825T1602Z,backfill
20009226,house,2026-08-25,2018-04-13,ptr,Suzan K. DelBene,20260825T1602Z,backfill
20009428,house,2026-08-25,2018-05-15,ptr,Suzan K. DelBene,20260825T1602Z,backfill
20009672,house,2026-08-25,2018-06-15,ptr,Suzan K. DelBene,20260825T1602Z,backfill
20009823,house,2026-08-25,2018-07-15,ptr,Suzan K. DelBene,20260825T1602Z,backfill
20010014,house,2026-08-25,2018-08-29,ptr,Suzan K. DelBene,20260825T1602Z,backfill
20010208,house,2026-08-25,2018-09-14,ptr,Suzan K. DelBene,20260825T1602Z,backfill
20010399,house,2026-08-25,2018-10-16,ptr,Suzan K. DelBene,20260825T1602Z,backfill
20010582,house,2026-08-25,2018-11-16,ptr,Suzan K. DelBene,20260825T1602Z,backfill
20010766,house,2026-08-25,2018-12-15,ptr,Suzan K. DelBene,20260825T1602Z,backfill
20009534,house,2026-08-25,2018-05-15,ptr,Mario Diaz-Balart,20260825T1602Z,backfill
20008653,house,2026-08-25,2018-01-10,ptr,Debbie Dingell,20260825T1602Z,backfill
20008859,house,2026-08-25,2018-02-01,ptr,Debbie Dingell,20260825T1602Z,backfill
20009051,house,2026-08-25,2018-03-01,ptr,Debbie Dingell,20260825T1602Z,backfill
20009091,house,2026-08-25,2018-03-08,ptr,Debbie Dingell,20260825T1602Z,backfill
20009160,house,2026-08-25,2018-03-20,ptr,Debbie Dingell,20260825T1602Z,backfill
20009323,house,2026-08-25,2018-04-18,ptr,Debbie Dingell,20260825T1602Z,backfill
20009378,house,2026-08-25,2018-04-26,ptr,Debbie Dingell,20260825T1602Z,backfill
20009412,house,2026-08-25,2018-05-03,ptr,Debbie Dingell,20260825T1602Z,backfill
20009570,house,2026-08-25,2018-05-16,ptr,Debbie Dingell,20260825T1602Z,backfill
20009650,house,2026-08-25,2018-06-03,ptr,Debbie Dingell,20260825T1602Z,backfill
20009722,house,2026-08-25,2018-06-19,ptr,Debbie Dingell,20260825T1602Z,backfill
20009911,house,2026-08-25,2018-07-24,ptr,Debbie Dingell,20260825T1602Z,backfill
20009986,house,2026-08-25,2018-08-01,ptr,Debbie Dingell,20260825T1602Z,backfill
20010050,house,2026-08-25,2018-08-09,ptr,Debbie Dingell,20260825T1602Z,backfill
20010137,house,2026-08-25,2018-08-23,ptr,Debbie Dingell,20260825T1602Z,backfill
20010206,house,2026-08-25,2018-09-06,ptr,Debbie Dingell,20260825T1602Z,backfill
20010314,house,2026-08-25,2018-09-18,ptr,Debbie Dingell,20260825T1602Z,backfill
20010447,house,2026-08-25,2018-10-11,ptr,Debbie Dingell,20260825T1602Z,backfill
20010555,house,2026-08-25,2018-10-30,ptr,Debbie Dingell,20260825T1602Z,backfill
20010662,house,2026-08-25,2018-11-19,ptr,Debbie Dingell,20260825T1602Z,backfill
20010768,house,2026-08-25,2018-12-04,ptr,Debbie Dingell,20260825T1602Z,backfill
20008659,house,2026-08-25,2018-01-03,ptr,Lloyd Doggett,20260825T1602Z,backfill
20009070,house,2026-08-25,2018-03-05,ptr,Lloyd Doggett,20260825T1602Z,backfill
20009233,house,2026-08-25,2018-04-05,ptr,Lloyd Doggett,20260825T1602Z,backfill
20009478,house,2026-08-25,2018-05-08,ptr,Lloyd Doggett,20260825T1602Z,backfill
20009688,house,2026-08-25,2018-06-06,ptr,Lloyd Doggett,20260825T1602Z,backfill
20009841,house,2026-08-25,2018-07-05,ptr,Lloyd Doggett,20260825T1602Z,backfill
20010096,house,2026-08-25,2018-08-14,ptr,Lloyd Doggett,20260825T1602Z,backfill
20010220,house,2026-08-25,2018-09-05,ptr,Lloyd Doggett,20260825T1602Z,backfill
20010423,house,2026-08-25,2018-10-05,ptr,Lloyd Doggett,20260825T1602Z,backfill
20010616,house,2026-08-25,2018-11-06,ptr,Lloyd Doggett,20260825T1602Z,backfill
20010765,house,2026-08-25,2018-12-04,ptr,Lloyd Doggett,20260825T1602Z,backfill
9112278,house,2026-08-25,2018-01-10,ptr,Jeff Duncan,20260825T1602Z,backfill
9112301,house,2026-08-25,2018-01-18,ptr,Jeff Duncan,20260825T1602Z,backfill
9112399,house,2026-08-25,2018-02-06,ptr,Jeff Duncan,20260825T1602Z,backfill
9112638,house,2026-08-25,2018-04-09,ptr,Neal P. Dunn,20260825T1602Z,backfill
20010232,house,2026-08-25,2018-09-11,ptr,Neal P. Dunn,20260825T1602Z,backfill
20009625,house,2026-08-25,2018-05-23,ptr,Dwight Evans,20260825T1602Z,backfill
20010360,house,2026-08-25,2018-09-26,ptr,Dwight Evans,20260825T1602Z,backfill
9112563,house,2026-08-25,2018-03-20,ptr,"Charles J. ""Chuck"" Fleischmann",20260825T1602Z,backfill
9112564,house,2026-08-25,2018-03-20,ptr,"Charles J. ""Chuck"" Fleischmann",20260825T1602Z,backfill
9112677,house,2026-08-25,2018-04-17,ptr,"Charles J. ""Chuck"" Fleischmann",20260825T1602Z,backfill
9112818,house,2026-08-25,2018-05-07,ptr,"Charles J. ""Chuck"" Fleischmann",20260825T1602Z,backfill
9113454,house,2026-08-25,2018-06-22,ptr,"Charles J. ""Chuck"" Fleischmann",20260825T1602Z,backfill
9113568,house,2026-08-25,2018-07-23,ptr,"Charles J. ""Chuck"" Fleischmann",20260825T1602Z,backfill
9113687,house,2026-08-25,2018-08-15,ptr,"Charles J. ""Chuck"" Fleischmann",20260825T1602Z,backfill
9113894,house,2026-08-25,2018-09-20,ptr,"Charles J. ""Chuck"" Fleischmann",20260825T1602Z,backfill
9114121,house,2026-08-25,2018-10-29,ptr,"Charles J. ""Chuck"" Fleischmann",20260825T1602Z,backfill
9114190,house,2026-08-25,2018-11-26,ptr,"Charles J. ""Chuck"" Fleischmann",20260825T1602Z,backfill
9114248,house,2026-08-25,2018-12-19,ptr,"Charles J. ""Chuck"" Fleischmann",20260825T1602Z,backfill
9114308,house,2026-08-25,2019-01-16,ptr,"Charles J. ""Chuck"" Fleischmann",20260825T1602Z,backfill
20008766,house,2026-08-25,2018-01-19,ptr,Bill Flores,20260825T1602Z,backfill
20009779,house,2026-08-25,2018-06-22,ptr,Bill Flores,20260825T1602Z,backfill
20009890,house,2026-08-25,2018-07-13,ptr,Bill Flores,20260825T1602Z,backfill
20010052,house,2026-08-25,2018-08-08,ptr,Bill Flores,20260825T1602Z,backfill
20010235,house,2026-08-25,2018-09-07,ptr,Bill Flores,20260825T1602Z,backfill
20010446,house,2026-08-25,2018-10-09,ptr,Bill Flores,20260825T1602Z,backfill
20010673,house,2026-08-25,2018-11-14,ptr,Bill Flores,20260825T1602Z,backfill
20010845,house,2026-08-25,2018-12-14,ptr,Bill Flores,20260825T1602Z,backfill
20009035,house,2026-08-25,2018-02-26,ptr,Jeff Fortenberry,20260825T1602Z,backfill
20008647,house,2026-08-25,2018-01-08,ptr,Virginia Foxx,20260825T1602Z,backfill
20008850,house,2026-08-25,2018-02-09,ptr,Virginia Foxx,20260825T1602Z,backfill
20009058,house,2026-08-25,2018-03-07,ptr,Virginia Foxx,20260825T1602Z,backfill
20009224,house,2026-08-25,2018-04-11,ptr,Virginia Foxx,20260825T1602Z,backfill
20009445,house,2026-08-25,2018-05-10,ptr,Virginia Foxx,20260825T1602Z,backfill
20009685,house,2026-08-25,2018-06-12,ptr,Virginia Foxx,20260825T1602Z,backfill
20009853,house,2026-08-25,2018-07-09,ptr,Virginia Foxx,20260825T1602Z,backfill
20010031,house,2026-08-25,2018-08-10,ptr,Virginia Foxx,20260825T1602Z,backfill
20010210,house,2026-08-25,2018-09-10,ptr,Virginia Foxx,20260825T1602Z,backfill
20010410,house,2026-08-25,2018-10-05,ptr,Virginia Foxx,20260825T1602Z,backfill
20010605,house,2026-08-25,2018-11-05,ptr,Virginia Foxx,20260825T1602Z,backfill
20010757,house,2026-08-25,2018-12-04,ptr,Virginia Foxx,20260825T1602Z,backfill
20008754,house,2026-08-25,2018-01-23,ptr,Lois Frankel,20260825T1602Z,backfill
20008999,house,2026-08-25,2018-02-22,ptr,Lois Frankel,20260825T1602Z,backfill
20009161,house,2026-08-25,2018-03-27,ptr,Lois Frankel,20260825T1602Z,backfill
20009360,house,2026-08-25,2018-04-27,ptr,Lois Frankel,20260825T1602Z,backfill
20009628,house,2026-08-25,2018-05-29,ptr,Lois Frankel,20260825T1602Z,backfill
20009767,house,2026-08-25,2018-06-22,ptr,Lois Frankel,20260825T1602Z,backfill
20009914,house,2026-08-25,2018-07-25,ptr,Lois Frankel,20260825T1602Z,backfill
20010161,house,2026-08-25,2018-08-24,ptr,Lois Frankel,20260825T1602Z,backfill
20010328,house,2026-08-25,2018-09-25,ptr,Lois Frankel,20260825T1602Z,backfill
20010535,house,2026-08-25,2018-10-30,ptr,Lois Frankel,20260825T1602Z,backfill
20010708,house,2026-08-25,2018-11-28,ptr,Lois Frankel,20260825T1602Z,backfill
20010902,house,2026-08-25,2018-12-31,ptr,Lois Frankel,20260825T1602Z,backfill
9112309,house,2026-08-25,2018-01-23,ptr,Rodney P. Frelinghuysen,20260825T1602Z,backfill
9112479,house,2026-08-25,2018-02-26,ptr,Rodney P. Frelinghuysen,20260825T1602Z,backfill
9112542,house,2026-08-25,2018-03-13,ptr,Rodney P. Frelinghuysen,20260825T1602Z,backfill
9112608,house,2026-08-25,2018-04-02,ptr,Rodney P. Frelinghuysen,20260825T1602Z,backfill
9112817,house,2026-08-25,2018-05-10,ptr,Rodney P. Frelinghuysen,20260825T1602Z,backfill
9113403,house,2026-08-25,2018-06-12,ptr,Rodney P. Frelinghuysen,20260825T1602Z,backfill
9113431,house,2026-08-25,2018-06-19,ptr,Rodney P. Frelinghuysen,20260825T1602Z,backfill
9113453,house,2026-08-25,2018-06-26,ptr,Rodney P. Frelinghuysen,20260825T1602Z,backfill
9113513,house,2026-08-25,2018-07-12,ptr,Rodney P. Frelinghuysen,20260825T1602Z,backfill
9113567,house,2026-08-25,2018-07-23,ptr,Rodney P. Frelinghuysen,20260825T1602Z,backfill
9113708,house,2026-08-25,2018-08-21,ptr,Rodney P. Frelinghuysen,20260825T1602Z,backfill
9113736,house,2026-08-25,2018-09-04,ptr,Rodney P. Frelinghuysen,20260825T1602Z,backfill
9114008,house,2026-08-25,2018-09-26,ptr,Rodney P. Frelinghuysen,20260825T1602Z,backfill
9114234,house,2026-08-25,2018-12-12,ptr,Rodney P. Frelinghuysen,20260825T1602Z,backfill
9114247,house,2026-08-25,2018-12-21,ptr,Rodney P. Frelinghuysen,20260825T1602Z,backfill
20008650,house,2026-08-25,2018-01-04,ptr,Greg Gianforte,20260825T1602Z,backfill
20008742,house,2026-08-25,2018-01-17,ptr,Greg Gianforte,20260825T1602Z,backfill
20008926,house,2026-08-25,2018-02-08,ptr,Greg Gianforte,20260825T1602Z,backfill
20008971,house,2026-08-25,2018-02-14,ptr,Greg Gianforte,20260825T1602Z,backfill
20009049,house,2026-08-25,2018-02-28,ptr,Greg Gianforte,20260825T1602Z,backfill
20009125,house,2026-08-25,2018-03-13,ptr,Greg Gianforte,20260825T1602Z,backfill
20009197,house,2026-08-25,2018-03-27,ptr,Greg Gianforte,20260825T1602Z,backfill
20009287,house,2026-08-25,2018-04-13,ptr,Greg Gianforte,20260825T1602Z,backfill
20009447,house,2026-08-25,2018-05-05,ptr,Greg Gianforte,20260825T1602Z,backfill
20009611,house,2026-08-25,2018-05-21,ptr,Greg Gianforte,20260825T1602Z,backfill
20009723,house,2026-08-25,2018-06-15,ptr,Greg Gianforte,20260825T1602Z,backfill
20009784,house,2026-08-25,2018-06-25,ptr,Greg Gianforte,20260825T1602Z,backfill
20009855,house,2026-08-25,2018-07-09,ptr,Greg Gianforte,20260825T1602Z,backfill
20009979,house,2026-08-25,2018-07-30,ptr,Greg Gianforte,20260825T1602Z,backfill
20010170,house,2026-08-25,2018-08-27,ptr,Greg Gianforte,20260825T1602Z,backfill
20010236,house,2026-08-25,2018-09-07,ptr,Greg Gianforte,20260825T1602Z,backfill
20010364,house,2026-08-25,2018-10-09,ptr,Greg Gianforte,20260825T1602Z,backfill
20010515,house,2026-08-25,2018-10-22,ptr,Greg Gianforte,20260825T1602Z,backfill
20010552,house,2026-08-25,2018-10-29,ptr,Greg Gianforte,20260825T1602Z,backfill
20010671,house,2026-08-25,2018-11-15,ptr,Greg Gianforte,20260825T1602Z,backfill
20010795,house,2026-08-25,2018-12-07,ptr,Greg Gianforte,20260825T1602Z,backfill
20010796,house,2026-08-25,2018-12-11,ptr,Greg Gianforte,20260825T1602Z,backfill
20010839,house,2026-08-25,2018-12-29,ptr,Greg Gianforte,20260825T1602Z,backfill
20008796,house,2026-08-25,2018-01-24,ptr,Bob Gibbs,20260825T1602Z,backfill
20008988,house,2026-08-25,2018-02-16,ptr,Bob Gibbs,20260825T1602Z,backfill
20009065,house,2026-08-25,2018-03-03,ptr,Bob Gibbs,20260825T1602Z,backfill
20009148,house,2026-08-25,2018-03-16,ptr,Bob Gibbs,20260825T1602Z,backfill
20009261,house,2026-08-25,2018-04-09,ptr,Bob Gibbs,20260825T1602Z,backfill
20009368,house,2026-08-25,2018-04-24,ptr,Bob Gibbs,20260825T1602Z,backfill
20009370,house,2026-08-25,2018-04-24,ptr,Bob Gibbs,20260825T1602Z,backfill
20009638,house,2026-08-25,2018-05-28,ptr,Bob Gibbs,20260825T1602Z,backfill
20009710,house,2026-08-25,2018-06-09,ptr,Bob Gibbs,20260825T1602Z,backfill
20009836,house,2026-08-25,2018-07-03,ptr,Bob Gibbs,20260825T1602Z,backfill
20010203,house,2026-08-25,2018-09-03,ptr,Bob Gibbs,20260825T1602Z,backfill
20010325,house,2026-08-25,2018-09-19,ptr,Bob Gibbs,20260825T1602Z,backfill
20010414,house,2026-08-25,2018-10-04,ptr,Bob Gibbs,20260825T1602Z,backfill
9112308,house,2026-08-25,2018-01-19,ptr,Josh Gottheimer,20260825T1602Z,backfill
9112457,house,2026-08-25,2018-02-15,ptr,Josh Gottheimer,20260825T1602Z,backfill
9112650,house,2026-08-25,2018-04-12,ptr,Josh Gottheimer,20260825T1602Z,backfill
9112651,house,2026-08-25,2018-04-12,ptr,Josh Gottheimer,20260825T1602Z,backfill
9113462,house,2026-08-25,2018-06-27,ptr,Josh Gottheimer,20260825T1602Z,backfill
9113463,house,2026-08-25,2018-06-27,ptr,Josh Gottheimer,20260825T1602Z,backfill
20009955,house,2026-08-25,2018-08-13,ptr,Josh Gottheimer,20260825T1602Z,backfill
20010354,house,2026-08-25,2018-10-02,ptr,Josh Gottheimer,20260825T1602Z,backfill
20010456,house,2026-08-25,2018-11-02,ptr,Josh Gottheimer,20260825T1602Z,backfill
20010633,house,2026-08-25,2018-11-16,ptr,Josh Gottheimer,20260825T1602Z,backfill
20010807,house,2026-08-25,2018-12-13,ptr,Josh Gottheimer,20260825T1602Z,backfill
9114011,house,2026-08-25,2018-09-28,ptr,Denny Heck,20260825T1602Z,backfill
9114012,house,2026-08-25,2018-09-28,ptr,Denny Heck,20260825T1602Z,backfill
9112681,house,2026-08-25,2018-04-20,ptr,Brian Higgins,20260825T1602Z,backfill
9113606,house,2026-08-25,2018-07-31,ptr,George Holding,20260825T1602Z,backfill
9114270,house,2026-08-25,2019-01-04,ptr,George Holding,20260825T1602Z,backfill
9112454,house,2026-08-25,2018-02-15,ptr,Trey Hollingsworth,20260825T1602Z,backfill
20009838,house,2026-08-25,2018-07-05,ptr,Hakeem S. Jeffries,20260825T1602Z,backfill
20010333,house,2026-08-25,2018-09-19,ptr,Hakeem S. Jeffries,20260825T1602Z,backfill
20010378,house,2026-08-25,2018-09-29,ptr,Hakeem S. Jeffries,20260825T1602Z,backfill
9112397,house,2026-08-25,2018-02-08,ptr,Mike Kelly,20260825T1602Z,backfill
9112562,house,2026-08-25,2018-03-14,ptr,Mike Kelly,20260825T1602Z,backfill
9112675,house,2026-08-25,2018-04-17,ptr,Mike Kelly,20260825T1602Z,backfill
9112884,house,2026-08-25,2018-05-15,ptr,Mike Kelly,20260825T1602Z,backfill
9113402,house,2026-08-25,2018-06-12,ptr,Mike Kelly,20260825T1602Z,backfill
9113535,house,2026-08-25,2018-07-19,ptr,Mike Kelly,20260825T1602Z,backfill
9113679,house,2026-08-25,2018-08-13,ptr,Mike Kelly,20260825T1602Z,backfill
9113780,house,2026-08-25,2018-09-12,ptr,Mike Kelly,20260825T1602Z,backfill
9114120,house,2026-08-25,2018-10-24,ptr,Mike Kelly,20260825T1602Z,backfill
9114176,house,2026-08-25,2018-11-16,ptr,Mike Kelly,20260825T1602Z,backfill
9114246,house,2026-08-25,2018-12-20,ptr,Mike Kelly,20260825T1602Z,backfill
9114300,house,2026-08-25,2019-01-15,ptr,Mike Kelly,20260825T1602Z,backfill
9112245,house,2026-08-25,2018-01-05,ptr,Joseph P. Kennedy,20260825T1602Z,backfill
9113534,house,2026-08-25,2018-07-17,ptr,Joseph P. Kennedy,20260825T1602Z,backfill
9113890,house,2026-08-25,2018-09-18,ptr,Joseph P. Kennedy,20260825T1602Z,backfill
9114269,house,2026-08-25,2019-01-03,ptr,Joseph P. Kennedy,20260825T1602Z,backfill
9112444,house,2026-08-25,2018-02-11,ptr,Rohit Khanna,20260825T1602Z,backfill
9112538,house,2026-08-25,2018-03-09,ptr,Rohit Khanna,20260825T1602Z,backfill
9112649,house,2026-08-25,2018-04-13,ptr,Rohit Khanna,20260825T1602Z,backfill
9112814,house,2026-08-25,2018-05-10,ptr,Rohit Khanna,20260825T1602Z,backfill
9113299,house,2026-08-25,2018-06-08,ptr,Rohit Khanna,20260825T1602Z,backfill
9113509,house,2026-08-25,2018-07-11,ptr,Rohit Khanna,20260825T1602Z,backfill
9113657,house,2026-08-25,2018-08-10,ptr,Rohit Khanna,20260825T1602Z,backfill
9113779,house,2026-08-25,2018-09-12,ptr,Rohit Khanna,20260825T1602Z,backfill
9114060,house,2026-08-25,2018-10-10,ptr,Rohit Khanna,20260825T1602Z,backfill
9114153,house,2026-08-25,2018-11-09,ptr,Rohit Khanna,20260825T1602Z,backfill
9114222,house,2026-08-25,2018-12-10,ptr,Rohit Khanna,20260825T1602Z,backfill
9114288,house,2026-08-25,2019-01-11,ptr,Rohit Khanna,20260825T1602Z,backfill
9114397,house,2026-08-25,2019-02-15,ptr,Rohit Khanna,20260825T1602Z,backfill
20009709,house,2026-08-25,2018-06-08,ptr,Derek Kilmer,20260825T1602Z,backfill
20008956,house,2026-08-25,2018-02-12,ptr,Steve Knight,20260825T1602Z,backfill
20010268,house,2026-08-25,2018-09-11,ptr,Steve Knight,20260825T1602Z,backfill
9112478,house,2026-08-25,2018-02-26,ptr,David Kustoff,20260825T1602Z,backfill
9113300,house,2026-08-25,2018-06-05,ptr,David Kustoff,20260825T1602Z,backfill
9114209,house,2026-08-25,2018-12-03,ptr,David Kustoff,20260825T1602Z,backfill
9112337,house,2026-08-25,2018-01-31,ptr,Doug Lamborn,20260825T1602Z,backfill
9112396,house,2026-08-25,2018-02-08,ptr,Doug Lamborn,20260825T1602Z,backfill
9112658,house,2026-08-25,2018-04-13,ptr,Doug Lamborn,20260825T1602Z,backfill
9112831,house,2026-08-25,2018-05-14,ptr,Doug Lamborn,20260825T1602Z,backfill
9113440,house,2026-08-25,2018-06-21,ptr,Doug Lamborn,20260825T1602Z,backfill
9113532,house,2026-08-25,2018-07-19,ptr,Doug Lamborn,20260825T1602Z,backfill
9113533,house,2026-08-25,2018-07-19,ptr,Doug Lamborn,20260825T1602Z,backfill
9113746,house,2026-08-25,2018-09-06,ptr,Doug Lamborn,20260825T1602Z,backfill
9114017,house,2026-08-25,2018-09-28,ptr,Doug Lamborn,20260825T1602Z,backfill
9114018,house,2026-08-25,2018-09-28,ptr,Doug Lamborn,20260825T1602Z,backfill
20008968,house,2026-08-25,2018-02-14,ptr,James R. Langevin,20260825T1602Z,backfill
20008973,house,2026-08-25,2018-02-15,ptr,James R. Langevin,20260825T1602Z,backfill
20009163,house,2026-08-25,2018-03-20,ptr,James R. Langevin,20260825T1602Z,backfill
20009227,house,2026-08-25,2018-04-04,ptr,James R. Langevin,20260825T1602Z,backfill
20009494,house,2026-08-25,2018-05-09,ptr,James R. Langevin,20260825T1602Z,backfill
20009764,house,2026-08-25,2018-06-20,ptr,James R. Langevin,20260825T1602Z,backfill
20009778,house,2026-08-25,2018-06-22,ptr,James R. Langevin,20260825T1602Z,backfill
20010127,house,2026-08-25,2018-08-17,ptr,James R. Langevin,20260825T1602Z,backfill
20010266,house,2026-08-25,2018-09-12,ptr,James R. Langevin,20260825T1602Z,backfill
20010492,house,2026-08-25,2018-10-16,ptr,James R. Langevin,20260825T1602Z,backfill
20010547,house,2026-08-25,2018-10-26,ptr,James R. Langevin,20260825T1602Z,backfill
20010576,house,2026-08-25,2018-11-01,ptr,James R. Langevin,20260825T1602Z,backfill
20010719,house,2026-08-25,2018-12-13,ptr,James R. Langevin,20260825T1602Z,backfill
9112338,house,2026-08-25,2018-01-31,ptr,John B. Larson,20260825T1602Z,backfill
9112456,house,2026-08-25,2018-02-15,ptr,John B. Larson,20260825T1602Z,backfill
9112527,house,2026-08-25,2018-03-05,ptr,John B. Larson,20260825T1602Z,backfill
9112561,house,2026-08-25,2018-03-14,ptr,John B. Larson,20260825T1602Z,backfill
9112583,house,2026-08-25,2018-03-20,ptr,John B. Larson,20260825T1602Z,backfill
9112811,house,2026-08-25,2018-05-08,ptr,John B. Larson,20260825T1602Z,backfill
9112882,house,2026-08-25,2018-05-15,ptr,John B. Larson,20260825T1602Z,backfill
9112883,house,2026-08-25,2018-05-15,ptr,John B. Larson,20260825T1602Z,backfill
9113120,house,2026-08-25,2018-05-22,ptr,John B. Larson,20260825T1602Z,backfill
9113566,house,2026-08-25,2018-07-23,ptr,John B. Larson,20260825T1602Z,backfill
9113697,house,2026-08-25,2018-08-17,ptr,John B. Larson,20260825T1602Z,backfill
9113734,house,2026-08-25,2018-08-30,ptr,John B. Larson,20260825T1602Z,backfill
9113808,house,2026-08-25,2018-09-14,ptr,John B. Larson,20260825T1602Z,backfill
9114108,house,2026-08-25,2018-10-22,ptr,John B. Larson,20260825T1602Z,backfill
9114144,house,2026-08-25,2018-11-01,ptr,John B. Larson,20260825T1602Z,backfill
9114175,house,2026-08-25,2018-11-15,ptr,John B. Larson,20260825T1602Z,backfill
9114245,house,2026-08-25,2018-12-19,ptr,John B. Larson,20260825T1602Z,backfill
9114298,house,2026-08-25,2019-01-17,ptr,John B. Larson,20260825T1602Z,backfill
20008704,house,2026-08-25,2018-01-09,ptr,Frank A. LoBiondo,20260825T1602Z,backfill
20008725,house,2026-08-25,2018-01-12,ptr,Frank A. LoBiondo,20260825T1602Z,backfill
20010847,house,2026-08-25,2018-12-17,ptr,Frank A. LoBiondo,20260825T1602Z,backfill
20010858,house,2026-08-25,2018-12-18,ptr,Frank A. LoBiondo,20260825T1602Z,backfill
20010872,house,2026-08-25,2018-12-20,ptr,Frank A. LoBiondo,20260825T1602Z,backfill
20009232,house,2026-08-25,2018-04-05,ptr,Zoe Lofgren,20260825T1602Z,backfill
20009473,house,2026-08-25,2018-07-05,ptr,Zoe Lofgren,20260825T1602Z,backfill
20010292,house,2026-08-25,2018-09-13,ptr,Zoe Lofgren,20260825T1602Z,backfill
20010451,house,2026-08-25,2018-10-09,ptr,Zoe Lofgren,20260825T1602Z,backfill
20010843,house,2026-08-25,2018-12-14,ptr,Zoe Lofgren,20260825T1602Z,backfill
9112443,house,2026-08-25,2018-02-08,ptr,Billy Long,20260825T1602Z,backfill
9112876,house,2026-08-25,2018-05-15,ptr,Billy Long,20260825T1602Z,backfill
9113807,house,2026-08-25,2018-09-13,ptr,Billy Long,20260825T1602Z,backfill
9114290,house,2026-08-25,2019-01-09,ptr,Billy Long,20260825T1602Z,backfill
9115180,house,2026-08-25,2019-07-24,ptr,Billy Long,20260825T1602Z,backfill
20008705,house,2026-08-25,2018-01-09,ptr,Alan S. Lowenthal,20260825T1602Z,backfill
20008716,house,2026-08-25,2018-01-09,ptr,Alan S. Lowenthal,20260825T1602Z,backfill
20008779,house,2026-08-25,2018-01-21,ptr,Alan S. Lowenthal,20260825T1602Z,backfill
20008780,house,2026-08-25,2018-01-21,ptr,Alan S. Lowenthal,20260825T1602Z,backfill
20008794,house,2026-08-25,2018-01-23,ptr,Alan S. Lowenthal,20260825T1602Z,backfill
20008879,house,2026-08-25,2018-02-04,ptr,Alan S. Lowenthal,20260825T1602Z,backfill
20008880,house,2026-08-25,2018-02-04,ptr,Alan S. Lowenthal,20260825T1602Z,backfill
20008991,house,2026-08-25,2018-02-18,ptr,Alan S. Lowenthal,20260825T1602Z,backfill
20009179,house,2026-08-25,2018-03-20,ptr,Alan S. Lowenthal,20260825T1602Z,backfill
20009180,house,2026-08-25,2018-03-21,ptr,Alan S. Lowenthal,20260825T1602Z,backfill
20009183,house,2026-08-25,2018-03-21,ptr,Alan S. Lowenthal,20260825T1602Z,backfill
20009195,house,2026-08-25,2018-03-27,ptr,Alan S. Lowenthal,20260825T1602Z,backfill
20009196,house,2026-08-25,2018-03-27,ptr,Alan S. Lowenthal,20260825T1602Z,backfill
20009257,house,2026-08-25,2018-04-07,ptr,Alan S. Lowenthal,20260825T1602Z,backfill
20009258,house,2026-08-25,2018-04-07,ptr,Alan S. Lowenthal,20260825T1602Z,backfill
20009438,house,2026-08-25,2018-05-03,ptr,Alan S. Lowenthal,20260825T1602Z,backfill
20009441,house,2026-08-25,2018-05-03,ptr,Alan S. Lowenthal,20260825T1602Z,backfill
20009489,house,2026-08-25,2018-05-09,ptr,Alan S. Lowenthal,20260825T1602Z,backfill
20009608,house,2026-08-25,2018-05-20,ptr,Alan S. Lowenthal,20260825T1602Z,backfill
20009609,house,2026-08-25,2018-05-20,ptr,Alan S. Lowenthal,20260825T1602Z,backfill
20009618,house,2026-08-25,2018-05-22,ptr,Alan S. Lowenthal,20260825T1602Z,backfill
20009619,house,2026-08-25,2018-05-22,ptr,Alan S. Lowenthal,20260825T1602Z,backfill
20009620,house,2026-08-25,2018-05-22,ptr,Alan S. Lowenthal,20260825T1602Z,backfill
20009711,house,2026-08-25,2018-06-10,ptr,Alan S. Lowenthal,20260825T1602Z,backfill
20009712,house,2026-08-25,2018-06-10,ptr,Alan S. Lowenthal,20260825T1602Z,backfill
20009807,house,2026-08-25,2018-06-28,ptr,Alan S. Lowenthal,20260825T1602Z,backfill
20009808,house,2026-08-25,2018-06-28,ptr,Alan S. Lowenthal,20260825T1602Z,backfill
20009809,house,2026-08-25,2018-06-28,ptr,Alan S. Lowenthal,20260825T1602Z,backfill
20009963,house,2026-08-25,2018-07-27,ptr,Alan S. Lowenthal,20260825T1602Z,backfill
20009965,house,2026-08-25,2018-07-27,ptr,Alan S. Lowenthal,20260825T1602Z,backfill
20010091,house,2026-08-25,2018-08-14,ptr,Alan S. Lowenthal,20260825T1602Z,backfill
20010092,house,2026-08-25,2018-08-14,ptr,Alan S. Lowenthal,20260825T1602Z,backfill
20010093,house,2026-08-25,2018-08-14,ptr,Alan S. Lowenthal,20260825T1602Z,backfill
20010107,house,2026-08-25,2018-08-15,ptr,Alan S. Lowenthal,20260825T1602Z,backfill
20010108,house,2026-08-25,2018-08-15,ptr,Alan S. Lowenthal,20260825T1602Z,backfill
20010110,house,2026-08-25,2018-08-15,ptr,Alan S. Lowenthal,20260825T1602Z,backfill
20010111,house,2026-08-25,2018-08-15,ptr,Alan S. Lowenthal,20260825T1602Z,backfill
20010134,house,2026-08-25,2018-08-21,ptr,Alan S. Lowenthal,20260825T1602Z,backfill
20010135,house,2026-08-25,2018-08-21,ptr,Alan S. Lowenthal,20260825T1602Z,backfill
20010136,house,2026-08-25,2018-08-21,ptr,Alan S. Lowenthal,20260825T1602Z,backfill
20010194,house,2026-08-25,2018-09-01,ptr,Alan S. Lowenthal,20260825T1602Z,backfill
20010195,house,2026-08-25,2018-09-01,ptr,Alan S. Lowenthal,20260825T1602Z,backfill
20010196,house,2026-08-25,2018-09-01,ptr,Alan S. Lowenthal,20260825T1602Z,backfill
20010253,house,2026-08-25,2018-09-09,ptr,Alan S. Lowenthal,20260825T1602Z,backfill
20010254,house,2026-08-25,2018-09-09,ptr,Alan S. Lowenthal,20260825T1602Z,backfill
20010404,house,2026-08-25,2018-10-03,ptr,Alan S. Lowenthal,20260825T1602Z,backfill
20010405,house,2026-08-25,2018-10-03,ptr,Alan S. Lowenthal,20260825T1602Z,backfill
20010406,house,2026-08-25,2018-10-03,ptr,Alan S. Lowenthal,20260825T1602Z,backfill
20010512,house,2026-08-25,2018-10-21,ptr,Alan S. Lowenthal,20260825T1602Z,backfill
20010513,house,2026-08-25,2018-10-21,ptr,Alan S. Lowenthal,20260825T1602Z,backfill
20010600,house,2026-08-25,2018-11-04,ptr,Alan S. Lowenthal,20260825T1602Z,backfill
20010601,house,2026-08-25,2018-11-04,ptr,Alan S. Lowenthal,20260825T1602Z,backfill
20010602,house,2026-08-25,2018-11-04,ptr,Alan S. Lowenthal,20260825T1602Z,backfill
20010691,house,2026-08-25,2018-11-17,ptr,Alan S. Lowenthal,20260825T1602Z,backfill
20010692,house,2026-08-25,2018-11-17,ptr,Alan S. Lowenthal,20260825T1602Z,backfill
20010700,house,2026-08-25,2018-11-20,ptr,Alan S. Lowenthal,20260825T1602Z,backfill
20010702,house,2026-08-25,2018-11-20,ptr,Alan S. Lowenthal,20260825T1602Z,backfill
20010703,house,2026-08-25,2018-11-20,ptr,Alan S. Lowenthal,20260825T1602Z,backfill
20010704,house,2026-08-25,2018-11-20,ptr,Alan S. Lowenthal,20260825T1602Z,backfill
20010705,house,2026-08-25,2018-11-20,ptr,Alan S. Lowenthal,20260825T1602Z,backfill
20010706,house,2026-08-25,2018-11-20,ptr,Alan S. Lowenthal,20260825T1602Z,backfill
20010707,house,2026-08-25,2018-11-20,ptr,Alan S. Lowenthal,20260825T1602Z,backfill
20010801,house,2026-08-25,2018-12-09,ptr,Alan S. Lowenthal,20260825T1602Z,backfill
20010802,house,2026-08-25,2018-12-09,ptr,Alan S. Lowenthal,20260825T1602Z,backfill
20010820,house,2026-08-25,2018-12-11,ptr,Alan S. Lowenthal,20260825T1602Z,backfill
20010821,house,2026-08-25,2018-12-11,ptr,Alan S. Lowenthal,20260825T1602Z,backfill
20010822,house,2026-08-25,2018-12-11,ptr,Alan S. Lowenthal,20260825T1602Z,backfill
20010823,house,2026-08-25,2018-12-12,ptr,Alan S. Lowenthal,20260825T1602Z,backfill
20010824,house,2026-08-25,2018-12-12,ptr,Alan S. Lowenthal,20260825T1602Z,backfill
20010825,house,2026-08-25,2018-12-12,ptr,Alan S. Lowenthal,20260825T1602Z,backfill
20010826,house,2026-08-25,2018-12-12,ptr,Alan S. Lowenthal,20260825T1602Z,backfill
20010910,house,2026-08-25,2018-12-30,ptr,Alan S. Lowenthal,20260825T1602Z,backfill
20010911,house,2026-08-25,2018-12-30,ptr,Alan S. Lowenthal,20260825T1602Z,backfill
20010912,house,2026-08-25,2018-12-30,ptr,Alan S. Lowenthal,20260825T1602Z,backfill
20010913,house,2026-08-25,2018-12-30,ptr,Alan S. Lowenthal,20260825T1602Z,backfill
20008702,house,2026-08-25,2018-01-10,ptr,Thomas MacArthur,20260825T1602Z,backfill
20008887,house,2026-08-25,2018-02-05,ptr,Thomas MacArthur,20260825T1602Z,backfill
20009089,house,2026-08-25,2018-03-07,ptr,Thomas MacArthur,20260825T1602Z,backfill
20009254,house,2026-08-25,2018-04-09,ptr,Thomas MacArthur,20260825T1602Z,backfill
20009495,house,2026-08-25,2018-05-10,ptr,Thomas MacArthur,20260825T1602Z,backfill
20009671,house,2026-08-25,2018-06-05,ptr,Thomas MacArthur,20260825T1602Z,backfill
20009864,house,2026-08-25,2018-07-10,ptr,Thomas MacArthur,20260825T1602Z,backfill
20010018,house,2026-08-25,2018-08-03,ptr,Thomas MacArthur,20260825T1602Z,backfill
20010231,house,2026-08-25,2018-09-23,ptr,Thomas MacArthur,20260825T1602Z,backfill
20010412,house,2026-08-25,2018-10-06,ptr,Thomas MacArthur,20260825T1602Z,backfill
20010583,house,2026-08-25,2018-12-06,ptr,Thomas MacArthur,20260825T1602Z,backfill
20008662,house,2026-08-25,2018-01-03,ptr,Carolyn B. Maloney,20260825T1602Z,backfill
20008829,house,2026-08-25,2018-01-29,ptr,Carolyn B. Maloney,20260825T1602Z,backfill
20009001,house,2026-08-25,2018-02-21,ptr,Carolyn B. Maloney,20260825T1602Z,backfill
20009382,house,2026-08-25,2018-04-25,ptr,Carolyn B. Maloney,20260825T1602Z,backfill
20009556,house,2026-08-25,2018-05-21,ptr,Carolyn B. Maloney,20260825T1602Z,backfill
20010313,house,2026-08-25,2018-09-18,ptr,Carolyn B. Maloney,20260825T1602Z,backfill
20010525,house,2026-08-25,2018-10-25,ptr,Carolyn B. Maloney,20260825T1602Z,backfill
20010742,house,2026-08-25,2018-11-30,ptr,Carolyn B. Maloney,20260825T1602Z,backfill
20010848,house,2026-08-25,2018-12-17,ptr,Carolyn B. Maloney,20260825T1602Z,backfill
9112455,house,2026-08-25,2018-02-20,ptr,Kenny Marchant,20260825T1602Z,backfill
9112560,house,2026-08-25,2018-03-19,ptr,Kenny Marchant,20260825T1602Z,backfill
9112674,house,2026-08-25,2018-04-20,ptr,Kenny Marchant,20260825T1602Z,backfill
9112834,house,2026-08-25,2018-05-11,ptr,Kenny Marchant,20260825T1602Z,backfill
9113301,house,2026-08-25,2018-06-05,ptr,Kenny Marchant,20260825T1602Z,backfill
9113508,house,2026-08-25,2018-07-10,ptr,Kenny Marchant,20260825T1602Z,backfill
9113627,house,2026-08-25,2018-08-09,ptr,Kenny Marchant,20260825T1602Z,backfill
9113747,house,2026-08-25,2018-09-05,ptr,Kenny Marchant,20260825T1602Z,backfill
9114042,house,2026-08-25,2018-10-03,ptr,Kenny Marchant,20260825T1602Z,backfill
9114187,house,2026-08-25,2018-11-27,ptr,Kenny Marchant,20260825T1602Z,backfill
9114266,house,2026-08-25,2019-01-02,ptr,Kenny Marchant,20260825T1602Z,backfill
20010026,house,2026-08-25,2018-08-06,ptr,Roger W. Marshall,20260825T1602Z,backfill
20010074,house,2026-08-25,2018-08-10,ptr,Roger W. Marshall,20260825T1602Z,backfill
20010229,house,2026-08-25,2018-09-05,ptr,Roger W. Marshall,20260825T1602Z,backfill
20010380,house,2026-08-25,2018-10-01,ptr,Roger W. Marshall,20260825T1602Z,backfill
20010595,house,2026-08-25,2018-11-02,ptr,Roger W. Marshall,20260825T1602Z,backfill
20010793,house,2026-08-25,2018-12-06,ptr,Roger W. Marshall,20260825T1602Z,backfill
9112336,house,2026-08-25,2018-02-01,ptr,Thomas Massie,20260825T1602Z,backfill
20010335,house,2026-08-25,2018-09-20,ptr,Brian Mast,20260825T1602Z,backfill
9112493,house,2026-08-25,2018-02-27,ptr,Michael T. McCaul,20260825T1602Z,backfill
9112582,house,2026-08-25,2018-03-22,ptr,Michael T. McCaul,20260825T1602Z,backfill
9112673,house,2026-08-25,2018-04-19,ptr,Michael T. McCaul,20260825T1602Z,backfill
9112880,house,2026-08-25,2018-05-15,ptr,Michael T. McCaul,20260825T1602Z,backfill
9113406,house,2026-08-25,2018-06-14,ptr,Michael T. McCaul,20260825T1602Z,backfill
9113580,house,2026-08-25,2018-07-26,ptr,Michael T. McCaul,20260825T1602Z,backfill
9113676,house,2026-08-25,2018-08-13,ptr,Michael T. McCaul,20260825T1602Z,backfill
9113772,house,2026-08-25,2018-09-12,ptr,Michael T. McCaul,20260825T1602Z,backfill
9114130,house,2026-08-25,2018-10-30,ptr,Michael T. McCaul,20260825T1602Z,backfill
9114173,house,2026-08-25,2018-11-15,ptr,Michael T. McCaul,20260825T1602Z,backfill
9114252,house,2026-08-25,2018-12-22,ptr,Michael T. McCaul,20260825T1602Z,backfill
9114323,house,2026-08-25,2019-01-23,ptr,Michael T. McCaul,20260825T1602Z,backfill
20008625,house,2026-08-25,2018-01-02,ptr,David B. McKinley,20260825T1602Z,backfill
20008851,house,2026-08-25,2018-02-05,ptr,David B. McKinley,20260825T1602Z,backfill
20009956,house,2026-08-25,2018-08-01,ptr,David B. McKinley,20260825T1602Z,backfill
20010409,house,2026-08-25,2018-10-03,ptr,Mark R Meadows,20260825T1602Z,backfill
20010830,house,2026-08-25,2018-12-12,ptr,Paul Mitchell,20260825T1602Z,backfill
20010853,house,2026-08-25,2018-12-17,ptr,Paul Mitchell,20260825T1602Z,backfill
20009451,house,2026-08-25,2018-05-04,ptr,Stephanie Murphy,20260825T1602Z,backfill
20010230,house,2026-08-25,2018-09-06,ptr,Eleanor Holmes Norton,20260825T1602Z,backfill
20010294,house,2026-08-25,2018-09-14,ptr,Eleanor Holmes Norton,20260825T1602Z,backfill
20010260,house,2026-08-25,2018-09-29,ptr,Gary Palmer,20260825T1602Z,backfill
20010408,house,2026-08-25,2018-10-09,ptr,Gary Palmer,20260825T1602Z,backfill
20010611,house,2026-08-25,2018-11-07,ptr,Gary Palmer,20260825T1602Z,backfill
20008699,house,2026-08-25,2018-01-10,ptr,Nancy Pelosi,20260825T1602Z,backfill
20009030,house,2026-08-25,2018-02-26,ptr,Nancy Pelosi,20260825T1602Z,backfill
20009293,house,2026-08-25,2018-04-16,ptr,Nancy Pelosi,20260825T1602Z,backfill
20009481,house,2026-08-25,2018-09-06,ptr,Nancy Pelosi,20260825T1602Z,backfill
20010452,house,2026-08-25,2018-10-25,ptr,Nancy Pelosi,20260825T1602Z,backfill
20010631,house,2026-08-25,2018-11-08,ptr,Nancy Pelosi,20260825T1602Z,backfill
20009123,house,2026-08-25,2018-03-12,ptr,Ed Perlmutter,20260825T1602Z,backfill
20009916,house,2026-08-25,2018-07-18,ptr,Ed Perlmutter,20260825T1602Z,backfill
20010104,house,2026-08-25,2018-08-15,ptr,Ed Perlmutter,20260825T1602Z,backfill
20010334,house,2026-08-25,2018-09-19,ptr,Ed Perlmutter,20260825T1602Z,backfill
20010569,house,2026-08-25,2018-10-31,ptr,Ed Perlmutter,20260825T1602Z,backfill
20010862,house,2026-08-25,2018-12-19,ptr,Ed Perlmutter,20260825T1602Z,backfill
20008718,house,2026-08-25,2018-01-12,ptr,Scott H. Peters,20260825T1602Z,backfill
20008920,house,2026-08-25,2018-02-09,ptr,Scott H. Peters,20260825T1602Z,backfill
20009299,house,2026-08-25,2018-04-18,ptr,Scott H. Peters,20260825T1602Z,backfill
20009486,house,2026-08-25,2018-05-09,ptr,Scott H. Peters,20260825T1602Z,backfill
20009721,house,2026-08-25,2018-06-14,ptr,Scott H. Peters,20260825T1602Z,backfill
20009865,house,2026-08-25,2018-07-16,ptr,Scott H. Peters,20260825T1602Z,backfill
20010048,house,2026-08-25,2018-08-10,ptr,Scott H. Peters,20260825T1602Z,backfill
20010256,house,2026-08-25,2018-09-14,ptr,Scott H. Peters,20260825T1602Z,backfill
20010440,house,2026-08-25,2018-10-12,ptr,Scott H. Peters,20260825T1602Z,backfill
20010644,house,2026-08-25,2018-11-13,ptr,Scott H. Peters,20260825T1602Z,backfill
20009572,house,2026-08-25,2018-05-15,ptr,Bruce L. Poliquin,20260825T1602Z,backfill
9112450,house,2026-08-25,2018-02-20,ptr,Jared Polis,20260825T1602Z,backfill
9112535,house,2026-08-25,2018-03-09,ptr,Jared Polis,20260825T1602Z,backfill
9112672,house,2026-08-25,2018-04-17,ptr,Jared Polis,20260825T1602Z,backfill
9113450,house,2026-08-25,2018-06-21,ptr,Jared Polis,20260825T1602Z,backfill
9113516,house,2026-08-25,2018-07-13,ptr,Jared Polis,20260825T1602Z,backfill
9113698,house,2026-08-25,2018-08-16,ptr,Jared Polis,20260825T1602Z,backfill
9113893,house,2026-08-25,2018-09-20,ptr,Jared Polis,20260825T1602Z,backfill
9114094,house,2026-08-25,2018-10-16,ptr,Jared Polis,20260825T1602Z,backfill
9114171,house,2026-08-25,2018-11-16,ptr,Jared Polis,20260825T1602Z,backfill
9114244,house,2026-08-25,2018-12-21,ptr,Jared Polis,20260825T1602Z,backfill
9114297,house,2026-08-25,2019-01-16,ptr,Jared Polis,20260825T1602Z,backfill
20008840,house,2026-08-25,2018-01-30,ptr,David E. Price,20260825T1602Z,backfill
20009113,house,2026-08-25,2018-03-08,ptr,David E. Price,20260825T1602Z,backfill
20009302,house,2026-08-25,2018-04-16,ptr,David E. Price,20260825T1602Z,backfill
20009601,house,2026-08-25,2018-05-18,ptr,David E. Price,20260825T1602Z,backfill
20010219,house,2026-08-25,2018-09-05,ptr,David E. Price,20260825T1602Z,backfill
20010625,house,2026-08-25,2018-11-07,ptr,David E. Price,20260825T1602Z,backfill
20010725,house,2026-08-25,2018-11-27,ptr,David E. Price,20260825T1602Z,backfill
20010726,house,2026-08-25,2018-11-27,ptr,David E. Price,20260825T1602Z,backfill
20010869,house,2026-08-25,2018-12-20,ptr,David E. Price,20260825T1602Z,backfill
9112306,house,2026-08-25,2018-01-19,ptr,James B. Renacci,20260825T1602Z,backfill
9112393,house,2026-08-25,2018-02-06,ptr,James B. Renacci,20260825T1602Z,backfill
9112449,house,2026-08-25,2018-02-21,ptr,James B. Renacci,20260825T1602Z,backfill
9112524,house,2026-08-25,2018-03-06,ptr,James B. Renacci,20260825T1602Z,backfill
9112559,house,2026-08-25,2018-03-19,ptr,James B. Renacci,20260825T1602Z,backfill
9112601,house,2026-08-25,2018-04-03,ptr,James B. Renacci,20260825T1602Z,backfill
9112682,house,2026-08-25,2018-04-23,ptr,James B. Renacci,20260825T1602Z,backfill
9112812,house,2026-08-25,2018-05-07,ptr,James B. Renacci,20260825T1602Z,backfill
9112832,house,2026-08-25,2018-05-14,ptr,James B. Renacci,20260825T1602Z,backfill
9113052,house,2026-08-25,2018-05-22,ptr,James B. Renacci,20260825T1602Z,backfill
9113303,house,2026-08-25,2018-06-06,ptr,James B. Renacci,20260825T1602Z,backfill
9113426,house,2026-08-25,2018-06-19,ptr,James B. Renacci,20260825T1602Z,backfill
9113491,house,2026-08-25,2018-07-10,ptr,James B. Renacci,20260825T1602Z,backfill
9113530,house,2026-08-25,2018-07-12,ptr,James B. Renacci,20260825T1602Z,backfill
9113656,house,2026-08-25,2018-08-09,ptr,James B. Renacci,20260825T1602Z,backfill
9113703,house,2026-08-25,2018-08-20,ptr,James B. Renacci,20260825T1602Z,backfill
9113751,house,2026-08-25,2018-09-05,ptr,James B. Renacci,20260825T1602Z,backfill
9113959,house,2026-08-25,2018-09-21,ptr,James B. Renacci,20260825T1602Z,backfill
9114059,house,2026-08-25,2018-10-09,ptr,James B. Renacci,20260825T1602Z,backfill
9114119,house,2026-08-25,2018-10-29,ptr,James B. Renacci,20260825T1602Z,backfill
9114168,house,2026-08-25,2018-11-13,ptr,James B. Renacci,20260825T1602Z,backfill
9114186,house,2026-08-25,2018-11-28,ptr,James B. Renacci,20260825T1602Z,backfill
9114225,house,2026-08-25,2018-12-07,ptr,James B. Renacci,20260825T1602Z,backfill
9114265,house,2026-08-25,2019-01-02,ptr,James B. Renacci,20260825T1602Z,backfill
20010861,house,2026-08-25,2018-12-19,ptr,Tom Rice,20260825T1602Z,backfill
20005868,house,2026-08-25,2018-08-29,ptr,Martha Roby,20260825T1602Z,backfill
9112441,house,2026-08-25,2018-02-14,ptr,David P. Roe,20260825T1602Z,backfill
9112532,house,2026-08-25,2018-03-12,ptr,David P. Roe,20260825T1602Z,backfill
9112657,house,2026-08-25,2018-04-13,ptr,David P. Roe,20260825T1602Z,backfill
9112830,house,2026-08-25,2018-05-15,ptr,David P. Roe,20260825T1602Z,backfill
9113401,house,2026-08-25,2018-06-12,ptr,David P. Roe,20260825T1602Z,backfill
9113518,house,2026-08-25,2018-07-16,ptr,David P. Roe,20260825T1602Z,backfill
9113626,house,2026-08-25,2018-08-09,ptr,David P. Roe,20260825T1602Z,backfill
9113866,house,2026-08-25,2018-09-17,ptr,David P. Roe,20260825T1602Z,backfill
9114071,house,2026-08-25,2018-10-11,ptr,David P. Roe,20260825T1602Z,backfill
9114166,house,2026-08-25,2018-11-14,ptr,David P. Roe,20260825T1602Z,backfill
9114221,house,2026-08-25,2018-12-10,ptr,David P. Roe,20260825T1602Z,backfill
9114277,house,2026-08-25,2019-01-08,ptr,David P. Roe,20260825T1602Z,backfill
9112392,house,2026-08-25,2018-02-05,ptr,Harold Dallas Rogers,20260825T1602Z,backfill
9112491,house,2026-08-25,2018-02-28,ptr,Harold Dallas Rogers,20260825T1602Z,backfill
9112635,house,2026-08-25,2018-04-10,ptr,Harold Dallas Rogers,20260825T1602Z,backfill
9112726,house,2026-08-25,2018-05-01,ptr,Harold Dallas Rogers,20260825T1602Z,backfill
9113275,house,2026-08-25,2018-05-29,ptr,Harold Dallas Rogers,20260825T1602Z,backfill
9113475,house,2026-08-25,2018-07-03,ptr,Harold Dallas Rogers,20260825T1602Z,backfill
9113596,house,2026-08-25,2018-07-31,ptr,Harold Dallas Rogers,20260825T1602Z,backfill
9113749,house,2026-08-25,2018-09-05,ptr,Harold Dallas Rogers,20260825T1602Z,backfill
9114039,house,2026-08-25,2018-10-03,ptr,Harold Dallas Rogers,20260825T1602Z,backfill
9114129,house,2026-08-25,2018-10-31,ptr,Harold Dallas Rogers,20260825T1602Z,backfill
9114207,house,2026-08-25,2018-12-05,ptr,Harold Dallas Rogers,20260825T1602Z,backfill
9114259,house,2026-08-25,2019-01-04,ptr,Harold Dallas Rogers,20260825T1602Z,backfill
9112440,house,2026-08-25,2018-02-14,ptr,Francis Rooney,20260825T1602Z,backfill
9112558,house,2026-08-25,2018-03-15,ptr,Francis Rooney,20260825T1602Z,backfill
9112652,house,2026-08-25,2018-04-12,ptr,Francis Rooney,20260825T1602Z,backfill
9112875,house,2026-08-25,2018-05-16,ptr,Francis Rooney,20260825T1602Z,backfill
9113439,house,2026-08-25,2018-06-20,ptr,Francis Rooney,20260825T1602Z,backfill
9113515,house,2026-08-25,2018-07-13,ptr,Francis Rooney,20260825T1602Z,backfill
9113710,house,2026-08-25,2018-08-22,ptr,Francis Rooney,20260825T1602Z,backfill
9113769,house,2026-08-25,2018-09-13,ptr,Francis Rooney,20260825T1602Z,backfill
9114058,house,2026-08-25,2018-10-09,ptr,Francis Rooney,20260825T1602Z,backfill
9114170,house,2026-08-25,2018-11-15,ptr,Francis Rooney,20260825T1602Z,backfill
9114224,house,2026-08-25,2018-12-11,ptr,Francis Rooney,20260825T1602Z,backfill
20008678,house,2026-08-25,2018-01-10,ptr,Thomas J. Rooney,20260825T1602Z,backfill
20008953,house,2026-08-25,2018-02-15,ptr,Thomas J. Rooney,20260825T1602Z,backfill
20009121,house,2026-08-25,2018-03-12,ptr,Thomas J. Rooney,20260825T1602Z,backfill
20009230,house,2026-08-25,2018-04-13,ptr,Thomas J. Rooney,20260825T1602Z,backfill
20009510,house,2026-08-25,2018-05-14,ptr,Thomas J. Rooney,20260825T1602Z,backfill
20009694,house,2026-08-25,2018-06-08,ptr,Thomas J. Rooney,20260825T1602Z,backfill
20009857,house,2026-08-25,2018-07-12,ptr,Thomas J. Rooney,20260825T1602Z,backfill
20010075,house,2026-08-25,2018-08-13,ptr,Thomas J. Rooney,20260825T1602Z,backfill
20010265,house,2026-08-25,2018-09-14,ptr,Thomas J. Rooney,20260825T1602Z,backfill
20010450,house,2026-08-25,2018-10-13,ptr,Thomas J. Rooney,20260825T1602Z,backfill
20010632,house,2026-08-25,2018-11-09,ptr,Thomas J. Rooney,20260825T1602Z,backfill
20010764,house,2026-08-25,2018-12-12,ptr,Thomas J. Rooney,20260825T1602Z,backfill
20009214,house,2026-08-25,2018-04-01,ptr,Jacky Rosen,20260825T1602Z,backfill
20009899,house,2026-08-25,2018-07-15,ptr,Jacky Rosen,20260825T1602Z,backfill
20010106,house,2026-08-25,2018-08-15,ptr,Jacky Rosen,20260825T1602Z,backfill
20010568,house,2026-08-25,2018-10-31,ptr,Jacky Rosen,20260825T1602Z,backfill
9112600,house,2026-08-25,2018-04-04,ptr,David Cheston Rouzer,20260825T1602Z,backfill
20009815,house,2026-08-25,2018-08-20,ptr,John Rutherford,20260825T1602Z,backfill
20010191,house,2026-08-25,2018-08-31,ptr,John Rutherford,20260825T1602Z,backfill
20010395,house,2026-08-25,2018-10-02,ptr,John Rutherford,20260825T1602Z,backfill
20010564,house,2026-08-25,2018-10-30,ptr,John Rutherford,20260825T1602Z,backfill
20009497,house,2026-08-25,2018-05-11,ptr,Paul D. Ryan,20260825T1602Z,backfill
9112305,house,2026-08-25,2018-01-22,ptr,Adam B. Schiff,20260825T1602Z,backfill
9112523,house,2026-08-25,2018-03-07,ptr,Adam B. Schiff,20260825T1602Z,backfill
9113750,house,2026-08-25,2018-09-06,ptr,Adam B. Schiff,20260825T1602Z,backfill
20008985,house,2026-08-25,2018-02-15,ptr,Bradley S. Schneider,20260825T1602Z,backfill
20009213,house,2026-08-25,2018-03-31,ptr,Bradley S. Schneider,20260825T1602Z,backfill
20009512,house,2026-08-25,2018-06-10,ptr,Bradley S. Schneider,20260825T1602Z,backfill
20009869,house,2026-08-25,2018-07-15,ptr,Bradley S. Schneider,20260825T1602Z,backfill
20010046,house,2026-08-25,2018-08-09,ptr,Bradley S. Schneider,20260825T1602Z,backfill
20010443,house,2026-08-25,2018-10-08,ptr,Bradley S. Schneider,20260825T1602Z,backfill
20010713,house,2026-08-25,2018-11-20,ptr,Bradley S. Schneider,20260825T1602Z,backfill
9112391,house,2026-08-25,2018-02-06,ptr,Kurt Schrader,20260825T1602Z,backfill
9112522,house,2026-08-25,2018-03-06,ptr,Kurt Schrader,20260825T1602Z,backfill
9112634,house,2026-08-25,2018-04-10,ptr,Kurt Schrader,20260825T1602Z,backfill
9112810,house,2026-08-25,2018-05-08,ptr,Kurt Schrader,20260825T1602Z,backfill
9113304,house,2026-08-25,2018-06-05,ptr,Kurt Schrader,20260825T1602Z,backfill
9113506,house,2026-08-25,2018-07-11,ptr,Kurt Schrader,20260825T1602Z,backfill
9113724,house,2026-08-25,2018-08-27,ptr,Kurt Schrader,20260825T1602Z,backfill
9113742,house,2026-08-25,2018-09-06,ptr,Kurt Schrader,20260825T1602Z,backfill
9114104,house,2026-08-25,2018-10-18,ptr,Kurt Schrader,20260825T1602Z,backfill
9114167,house,2026-08-25,2018-11-14,ptr,Kurt Schrader,20260825T1602Z,backfill
9114223,house,2026-08-25,2018-12-10,ptr,Kurt Schrader,20260825T1602Z,backfill
9114262,house,2026-08-25,2019-01-03,ptr,Kurt Schrader,20260825T1602Z,backfill
9113400,house,2026-08-25,2018-06-13,ptr,Austin Scott,20260825T1602Z,backfill
9113438,house,2026-08-25,2018-06-21,ptr,F. James Sensenbrenner,20260825T1602Z,backfill
9114279,house,2026-08-25,2019-01-07,ptr,F. James Sensenbrenner,20260825T1602Z,backfill
20008681,house,2026-08-25,2018-01-05,ptr,Pete Sessions,20260825T1602Z,backfill
20008717,house,2026-08-25,2018-01-09,ptr,Pete Sessions,20260825T1602Z,backfill
20008883,house,2026-08-25,2018-02-06,ptr,Pete Sessions,20260825T1602Z,backfill
20008948,house,2026-08-25,2018-02-09,ptr,Pete Sessions,20260825T1602Z,backfill
20008958,house,2026-08-25,2018-02-13,ptr,Pete Sessions,20260825T1602Z,backfill
20009024,house,2026-08-25,2018-02-23,ptr,Pete Sessions,20260825T1602Z,backfill
20009034,house,2026-08-25,2018-02-26,ptr,Pete Sessions,20260825T1602Z,backfill
20009066,house,2026-08-25,2018-03-03,ptr,Pete Sessions,20260825T1602Z,backfill
20009182,house,2026-08-25,2018-03-21,ptr,Pete Sessions,20260825T1602Z,backfill
20009186,house,2026-08-25,2018-03-23,ptr,Pete Sessions,20260825T1602Z,backfill
20009231,house,2026-08-25,2018-04-04,ptr,Pete Sessions,20260825T1602Z,backfill
20009365,house,2026-08-25,2018-04-26,ptr,Pete Sessions,20260825T1602Z,backfill
20009459,house,2026-08-25,2018-05-05,ptr,Pete Sessions,20260825T1602Z,backfill
20009507,house,2026-08-25,2018-05-10,ptr,Pete Sessions,20260825T1602Z,backfill
20009606,house,2026-08-25,2018-05-19,ptr,Pete Sessions,20260825T1602Z,backfill
20009658,house,2026-08-25,2018-06-01,ptr,Pete Sessions,20260825T1602Z,backfill
20009670,house,2026-08-25,2018-06-04,ptr,Pete Sessions,20260825T1602Z,backfill
20009866,house,2026-08-25,2018-12-21,ptr,Pete Sessions,20260825T1602Z,backfill
20009093,house,2026-08-25,2018-03-06,ptr,Louise McIntosh Slaughter,20260825T1602Z,backfill
20008661,house,2026-08-25,2018-01-09,ptr,Lamar Smith,20260825T1602Z,backfill
20008856,house,2026-08-25,2018-02-14,ptr,Lamar Smith,20260825T1602Z,backfill
20009072,house,2026-08-25,2018-03-07,ptr,Lamar Smith,20260825T1602Z,backfill
20009225,house,2026-08-25,2018-04-11,ptr,Lamar Smith,20260825T1602Z,backfill
20009430,house,2026-08-25,2018-05-08,ptr,Lamar Smith,20260825T1602Z,backfill
20009707,house,2026-08-25,2018-06-11,ptr,Lamar Smith,20260825T1602Z,backfill
20009843,house,2026-08-25,2018-07-10,ptr,Lamar Smith,20260825T1602Z,backfill
20010037,house,2026-08-25,2018-08-08,ptr,Lamar Smith,20260825T1602Z,backfill
20010207,house,2026-08-25,2018-09-07,ptr,Lamar Smith,20260825T1602Z,backfill
20010437,house,2026-08-25,2018-10-09,ptr,Lamar Smith,20260825T1602Z,backfill
20010626,house,2026-08-25,2018-11-08,ptr,Lamar Smith,20260825T1602Z,backfill
20010774,house,2026-08-25,2018-12-13,ptr,Lamar Smith,20260825T1602Z,backfill
20008623,house,2026-08-25,2018-03-13,ptr,Jackie Speier,20260825T1602Z,backfill
20009996,house,2026-08-25,2018-08-01,ptr,Jackie Speier,20260825T1602Z,backfill
20010009,house,2026-08-25,2018-08-02,ptr,Jackie Speier,20260825T1602Z,backfill
20010573,house,2026-08-25,2018-11-01,ptr,Jackie Speier,20260825T1602Z,backfill
9114220,house,2026-08-25,2018-11-29,ptr,Steve Stivers,20260825T1602Z,backfill
20008680,house,2026-08-25,2018-01-05,ptr,David A. Trott,20260825T1602Z,backfill
20008899,house,2026-08-25,2018-02-06,ptr,David A. Trott,20260825T1602Z,backfill
20009076,house,2026-08-25,2018-03-06,ptr,David A. Trott,20260825T1602Z,backfill
20009205,house,2026-08-25,2018-04-06,ptr,David A. Trott,20260825T1602Z,backfill
20009420,house,2026-08-25,2018-05-04,ptr,David A. Trott,20260825T1602Z,backfill
20009644,house,2026-08-25,2018-06-05,ptr,David A. Trott,20260825T1602Z,backfill
20009835,house,2026-08-25,2018-07-06,ptr,David A. Trott,20260825T1602Z,backfill
20010043,house,2026-08-25,2018-08-07,ptr,David A. Trott,20260825T1602Z,backfill
20010238,house,2026-08-25,2018-09-07,ptr,David A. Trott,20260825T1602Z,backfill
20010421,house,2026-08-25,2018-10-05,ptr,David A. Trott,20260825T1602Z,backfill
20010607,house,2026-08-25,2018-11-06,ptr,David A. Trott,20260825T1602Z,backfill
20010798,house,2026-08-25,2018-12-07,ptr,David A. Trott,20260825T1602Z,backfill
9112298,house,2026-08-25,2018-01-19,ptr,Fred Upton,20260825T1602Z,backfill
9112521,house,2026-08-25,2018-03-06,ptr,Fred Upton,20260825T1602Z,backfill
9112725,house,2026-08-25,2018-04-25,ptr,Fred Upton,20260825T1602Z,backfill
9113305,house,2026-08-25,2018-06-04,ptr,Fred Upton,20260825T1602Z,backfill
9113529,house,2026-08-25,2018-07-16,ptr,Fred Upton,20260825T1602Z,backfill
9113579,house,2026-08-25,2018-07-26,ptr,Fred Upton,20260825T1602Z,backfill
9113709,house,2026-08-25,2018-08-22,ptr,Fred Upton,20260825T1602Z,backfill
9114109,house,2026-08-25,2018-10-22,ptr,Fred Upton,20260825T1602Z,backfill
9114206,house,2026-08-25,2018-11-30,ptr,Fred Upton,20260825T1602Z,backfill
9112244,house,2026-08-25,2018-01-08,ptr,Ann Wagner,20260825T1602Z,backfill
9112390,house,2026-08-25,2018-02-08,ptr,Ann Wagner,20260825T1602Z,backfill
9113399,house,2026-08-25,2018-06-13,ptr,Ann Wagner,20260825T1602Z,backfill
9113528,house,2026-08-25,2018-07-18,ptr,Ann Wagner,20260825T1602Z,backfill
9113675,house,2026-08-25,2018-08-13,ptr,Ann Wagner,20260825T1602Z,backfill
9114103,house,2026-08-25,2018-10-18,ptr,Ann Wagner,20260825T1602Z,backfill
9114644,house,2026-08-25,2019-05-10,ptr,Ann Wagner,20260825T1602Z,backfill
20008805,house,2026-08-25,2018-01-26,ptr,Debbie Wasserman Schultz,20260825T1602Z,backfill
9112389,house,2026-08-25,2018-02-05,ptr,Peter Welch,20260825T1602Z,backfill
9112534,house,2026-08-25,2018-03-12,ptr,Peter Welch,20260825T1602Z,backfill
9112599,house,2026-08-25,2018-04-03,ptr,Peter Welch,20260825T1602Z,backfill
20009479,house,2026-08-25,2018-05-08,ptr,Peter Welch,20260825T1602Z,backfill
20009645,house,2026-08-25,2018-05-30,ptr,Peter Welch,20260825T1602Z,backfill
20009825,house,2026-08-25,2018-07-06,ptr,Peter Welch,20260825T1602Z,backfill
20010013,house,2026-08-25,2018-08-03,ptr,Peter Welch,20260825T1602Z,backfill
20010221,house,2026-08-25,2018-09-05,ptr,Peter Welch,20260825T1602Z,backfill
20010413,house,2026-08-25,2018-10-05,ptr,Peter Welch,20260825T1602Z,backfill
20010609,house,2026-08-25,2018-11-06,ptr,Peter Welch,20260825T1602Z,backfill
20010773,house,2026-08-25,2018-12-05,ptr,Peter Welch,20260825T1602Z,backfill
20008949,house,2026-08-25,2018-02-15,ptr,Robert J. Wittman,20260825T1602Z,backfill
20009477,house,2026-08-25,2018-05-08,ptr,Robert J. Wittman,20260825T1602Z,backfill
20010501,house,2026-08-25,2018-10-19,ptr,Robert J. Wittman,20260825T1602Z,backfill
20010635,house,2026-08-25,2018-11-14,ptr,Robert J. Wittman,20260825T1602Z,backfill
20010806,house,2026-08-25,2018-12-12,ptr,Robert J. Wittman,20260825T1602Z,backfill
20009915,house,2026-08-25,2018-07-18,ptr,Steve Womack,20260825T1602Z,backfill
20008757,house,2026-08-25,2018-01-18,ptr,John A. Yarmuth,20260825T1602Z,backfill
20009426,house,2026-08-25,2018-05-02,ptr,John A. Yarmuth,20260825T1602Z,backfill
20009550,house,2026-08-25,2018-05-14,ptr,John A. Yarmuth,20260825T1602Z,backfill
20009988,house,2026-08-25,2018-07-31,ptr,John A. Yarmuth,20260825T1602Z,backfill
20010000,house,2026-08-25,2018-08-01,ptr,John A. Yarmuth,20260825T1602Z,backfill
20010001,house,2026-08-25,2018-08-01,ptr,John A. Yarmuth,20260825T1602Z,backfill
20010643,house,2026-08-25,2018-11-12,ptr,John A. Yarmuth,20260825T1602Z,backfill
20010896,house,2026-08-25,2018-12-27,ptr,John A. Yarmuth,20260825T1602Z,backfill
20009491,house,2026-08-25,2018-05-09,ptr,Kevin Yoder,20260825T1602Z,backfill
9112448,house,2026-08-25,2018-02-16,ptr,Ted S. Yoho,20260825T1602Z,backfill
9115214,house,2026-08-25,2019-08-01,ptr,Ralph Lee Abraham,20260825T1602Z,backfill
20011070,house,2026-08-25,2019-01-29,ptr,Justin Amash,20260825T1602Z,backfill
20011679,house,2026-08-25,2019-05-14,ptr,Justin Amash,20260825T1602Z,backfill
9114410,house,2026-08-25,2019-02-21,ptr,Joyce Beatty,20260825T1602Z,backfill
9115041,house,2026-08-25,2019-06-12,ptr,Joyce Beatty,20260825T1602Z,backfill
20012722,house,2026-08-25,2019-12-07,ptr,Donald Sternoff Beyer,20260825T1602Z,backfill
20012723,house,2026-08-25,2019-12-14,ptr,Donald Sternoff Beyer,20260825T1602Z,backfill
9115481,house,2026-08-25,2019-10-17,ptr,Gus M. Bilirakis,20260825T1602Z,backfill
8216873,house,2026-08-25,2020-01-09,ptr,Gus M. Bilirakis,20260825T1602Z,backfill
20010974,house,2026-08-25,2019-01-08,ptr,Rodney Leland Blum,20260825T1602Z,backfill
20011017,house,2026-08-25,2019-01-16,ptr,Earl Blumenauer,20260825T1602Z,backfill
20011134,house,2026-08-25,2019-02-11,ptr,Earl Blumenauer,20260825T1602Z,backfill
20011241,house,2026-08-25,2019-03-04,ptr,Earl Blumenauer,20260825T1602Z,backfill
9114448,house,2026-08-25,2019-03-07,ptr,Earl Blumenauer,20260825T1602Z,backfill
20011312,house,2026-08-25,2019-03-18,ptr,Earl Blumenauer,20260825T1602Z,backfill
20011455,house,2026-08-25,2019-04-11,ptr,Earl Blumenauer,20260825T1602Z,backfill
20011632,house,2026-08-25,2019-05-08,ptr,Earl Blumenauer,20260825T1602Z,backfill
20011790,house,2026-08-25,2019-06-04,ptr,Earl Blumenauer,20260825T1602Z,backfill
20011791,house,2026-08-25,2019-06-04,ptr,Earl Blumenauer,20260825T1602Z,backfill
20011929,house,2026-08-25,2019-07-03,ptr,Earl Blumenauer,20260825T1602Z,backfill
20012114,house,2026-08-25,2019-08-06,ptr,Earl Blumenauer,20260825T1602Z,backfill
20012263,house,2026-08-25,2019-09-04,ptr,Earl Blumenauer,20260825T1602Z,backfill
20012474,house,2026-08-25,2019-10-16,ptr,Earl Blumenauer,20260825T1602Z,backfill
20012604,house,2026-08-25,2019-11-13,ptr,Earl Blumenauer,20260825T1602Z,backfill
20012670,house,2026-08-25,2019-11-25,ptr,Earl Blumenauer,20260825T1602Z,backfill
20012709,house,2026-08-25,2019-12-06,ptr,Earl Blumenauer,20260825T1602Z,backfill
20011115,house,2026-08-25,2019-02-19,ptr,Lisa Blunt Rochester,20260825T1602Z,backfill
20011543,house,2026-08-25,2019-04-26,ptr,Lisa Blunt Rochester,20260825T1602Z,backfill
20011243,house,2026-08-25,2019-03-04,ptr,Mo Brooks,20260825T1602Z,backfill
20011369,house,2026-08-25,2019-04-01,ptr,Mo Brooks,20260825T1602Z,backfill
20011659,house,2026-08-25,2019-05-11,ptr,Mo Brooks,20260825T1602Z,backfill
20011708,house,2026-08-25,2019-05-20,ptr,Mo Brooks,20260825T1602Z,backfill
20012115,house,2026-08-25,2019-08-06,ptr,Mo Brooks,20260825T1602Z,backfill
20012346,house,2026-08-25,2019-09-20,ptr,Mo Brooks,20260825T1602Z,backfill
20012524,house,2026-08-25,2019-10-30,ptr,Mo Brooks,20260825T1602Z,backfill
20011878,house,2026-08-25,2019-06-25,ptr,Susan W. Brooks,20260825T1602Z,backfill
20012473,house,2026-08-25,2019-10-21,ptr,Susan W. Brooks,20260825T1602Z,backfill
20011201,house,2026-08-25,2019-02-26,ptr,Vern Buchanan,20260825T1602Z,backfill
20011352,house,2026-08-25,2019-03-28,ptr,Vern Buchanan,20260825T1602Z,backfill
20011446,house,2026-08-25,2019-04-11,ptr,Vern Buchanan,20260825T1602Z,backfill
20011739,house,2026-08-25,2019-05-23,ptr,Vern Buchanan,20260825T1602Z,backfill
20012125,house,2026-08-25,2019-08-08,ptr,Vern Buchanan,20260825T1602Z,backfill
20012441,house,2026-08-25,2019-10-07,ptr,Vern Buchanan,20260825T1602Z,backfill
20013825,house,2026-08-25,2019-12-29,ptr,Vern Buchanan,20260825T1602Z,backfill
20011505,house,2026-08-25,2019-04-25,ptr,Cheri Bustos,20260825T1602Z,backfill
20011589,house,2026-08-25,2019-05-03,ptr,Cheri Bustos,20260825T1602Z,backfill
20012561,house,2026-08-25,2019-11-08,ptr,Cheri Bustos,20260825T1602Z,backfill
20011796,house,2026-08-25,2019-06-05,ptr,Earl Leroy Carter,20260825T1602Z,backfill
20012028,house,2026-08-25,2019-07-19,ptr,Earl Leroy Carter,20260825T1602Z,backfill
20012110,house,2026-08-25,2019-08-05,ptr,Earl Leroy Carter,20260825T1602Z,backfill
20012340,house,2026-08-25,2019-09-18,ptr,Earl Leroy Carter,20260825T1602Z,backfill
20012553,house,2026-08-25,2019-11-04,ptr,Earl Leroy Carter,20260825T1602Z,backfill
20011059,house,2026-08-25,2019-01-29,ptr,Kathy Castor,20260825T1602Z,backfill
20012112,house,2026-08-25,2019-08-06,ptr,Kathy Castor,20260825T1602Z,backfill
20012202,house,2026-08-25,2019-08-21,ptr,Kathy Castor,20260825T1602Z,backfill
20011005,house,2026-08-25,2019-01-21,ptr,Judy Chu,20260825T1602Z,backfill
20011135,house,2026-08-25,2019-02-24,ptr,Judy Chu,20260825T1602Z,backfill
20011285,house,2026-08-25,2019-03-15,ptr,Judy Chu,20260825T1602Z,backfill
20011461,house,2026-08-25,2019-04-15,ptr,Judy Chu,20260825T1602Z,backfill
20011623,house,2026-08-25,2019-05-15,ptr,Judy Chu,20260825T1602Z,backfill
20011843,house,2026-08-25,2019-06-14,ptr,Judy Chu,20260825T1602Z,backfill
20012276,house,2026-08-25,2019-09-05,ptr,Judy Chu,20260825T1602Z,backfill
20012403,house,2026-08-25,2019-10-01,ptr,Judy Chu,20260825T1602Z,backfill
20013775,house,2026-08-25,2019-12-16,ptr,Judy Chu,20260825T1602Z,backfill
20011113,house,2026-08-25,2019-02-13,ptr,Gilbert Cisneros,20260825T1602Z,backfill
20011260,house,2026-08-25,2019-03-08,ptr,Gilbert Cisneros,20260825T1602Z,backfill
20011435,house,2026-08-25,2019-04-16,ptr,Gilbert Cisneros,20260825T1602Z,backfill
20011624,house,2026-08-25,2019-05-14,ptr,Gilbert Cisneros,20260825T1602Z,backfill
20011797,house,2026-08-25,2019-06-18,ptr,Gilbert Cisneros,20260825T1602Z,backfill
20011984,house,2026-08-25,2019-07-12,ptr,Gilbert Cisneros,20260825T1602Z,backfill
20012126,house,2026-08-25,2019-08-19,ptr,Gilbert Cisneros,20260825T1602Z,backfill
20012253,house,2026-08-25,2019-09-11,ptr,Gilbert Cisneros,20260825T1602Z,backfill
20012445,house,2026-08-25,2019-10-16,ptr,Gilbert Cisneros,20260825T1602Z,backfill
20012581,house,2026-08-25,2019-11-15,ptr,Gilbert Cisneros,20260825T1602Z,backfill
20012735,house,2026-08-25,2019-12-11,ptr,Gilbert Cisneros,20260825T1602Z,backfill
20011047,house,2026-08-25,2019-01-22,ptr,Katherine M. Clark,20260825T1602Z,backfill
20011139,house,2026-08-25,2019-02-12,ptr,Katherine M. Clark,20260825T1602Z,backfill
20011219,house,2026-08-25,2019-02-28,ptr,Katherine M. Clark,20260825T1602Z,backfill
20011396,house,2026-08-25,2019-04-04,ptr,Katherine M. Clark,20260825T1602Z,backfill
20011897,house,2026-08-25,2019-06-26,ptr,Katherine M. Clark,20260825T1602Z,backfill
20011920,house,2026-08-25,2019-07-02,ptr,Katherine M. Clark,20260825T1602Z,backfill
20012035,house,2026-08-25,2019-07-22,ptr,Katherine M. Clark,20260825T1602Z,backfill
20012084,house,2026-08-25,2019-07-31,ptr,Katherine M. Clark,20260825T1602Z,backfill
20012292,house,2026-08-25,2019-09-10,ptr,Katherine M. Clark,20260825T1602Z,backfill
20012400,house,2026-08-25,2019-10-01,ptr,Katherine M. Clark,20260825T1602Z,backfill
20012739,house,2026-08-25,2019-12-11,ptr,Katherine M. Clark,20260825T1602Z,backfill
20010976,house,2026-08-25,2019-01-08,ptr,Steve Cohen,20260825T1602Z,backfill
20011935,house,2026-08-25,2019-07-03,ptr,Steve Cohen,20260825T1602Z,backfill
20012306,house,2026-08-25,2019-09-12,ptr,Steve Cohen,20260825T1602Z,backfill
9114564,house,2026-08-25,2019-04-29,ptr,Tom Cole,20260825T1602Z,backfill
9114799,house,2026-08-25,2019-05-22,ptr,Tom Cole,20260825T1602Z,backfill
8216871,house,2026-08-25,2020-01-10,ptr,James Comer,20260825T1602Z,backfill
20010925,house,2026-08-25,2019-01-01,ptr,Barbara J Honorable Comstock,20260825T1602Z,backfill
20010922,house,2026-08-25,2019-01-03,ptr,K. Michael Conaway,20260825T1602Z,backfill
20011085,house,2026-08-25,2019-03-04,ptr,K. Michael Conaway,20260825T1602Z,backfill
20011244,house,2026-08-25,2019-03-05,ptr,K. Michael Conaway,20260825T1602Z,backfill
20011362,house,2026-08-25,2019-04-02,ptr,K. Michael Conaway,20260825T1602Z,backfill
20011612,house,2026-08-25,2019-05-06,ptr,K. Michael Conaway,20260825T1602Z,backfill
20011937,house,2026-08-25,2019-07-08,ptr,K. Michael Conaway,20260825T1602Z,backfill
20012046,house,2026-08-25,2019-08-05,ptr,K. Michael Conaway,20260825T1602Z,backfill
20012318,house,2026-08-25,2019-09-17,ptr,K. Michael Conaway,20260825T1602Z,backfill
20012439,house,2026-08-25,2019-10-08,ptr,K. Michael Conaway,20260825T1602Z,backfill
20012595,house,2026-08-25,2019-11-12,ptr,K. Michael Conaway,20260825T1602Z,backfill
20013776,house,2026-08-25,2019-12-16,ptr,K. Michael Conaway,20260825T1602Z,backfill
20010997,house,2026-08-25,2019-01-11,ptr,Gerald E. Connolly,20260825T1602Z,backfill
20011436,house,2026-08-25,2019-04-10,ptr,Gerald E. Connolly,20260825T1602Z,backfill
20011534,house,2026-08-25,2019-04-27,ptr,Gerald E. Connolly,20260825T1602Z,backfill
20011922,house,2026-08-25,2019-07-02,ptr,Gerald E. Connolly,20260825T1602Z,backfill
20012414,house,2026-08-25,2019-10-03,ptr,Gerald E. Connolly,20260825T1602Z,backfill
20012643,house,2026-08-25,2019-11-27,ptr,TJ John (Tj) Cox,20260825T1602Z,backfill
9115136,house,2026-08-25,2019-07-12,ptr,Angela Dawn Craig,20260825T1602Z,backfill
9115439,house,2026-08-25,2019-09-26,ptr,Angela Dawn Craig,20260825T1602Z,backfill
20011093,house,2026-08-25,2019-02-07,ptr,Susan A. Davis,20260825T1602Z,backfill
20011387,house,2026-08-25,2019-04-09,ptr,Susan A. Davis,20260825T1602Z,backfill
20011872,house,2026-08-25,2019-07-09,ptr,Susan A. Davis,20260825T1602Z,backfill
20012034,house,2026-08-25,2019-07-30,ptr,Susan A. Davis,20260825T1602Z,backfill
20012623,house,2026-08-25,2019-11-22,ptr,Susan A. Davis,20260825T1602Z,backfill
20010939,house,2026-08-25,2019-01-15,ptr,Suzan K. DelBene,20260825T1602Z,backfill
20011096,house,2026-08-25,2019-02-18,ptr,Suzan K. DelBene,20260825T1602Z,backfill
20011247,house,2026-08-25,2019-03-15,ptr,Suzan K. DelBene,20260825T1602Z,backfill
20011381,house,2026-08-25,2019-04-12,ptr,Suzan K. DelBene,20260825T1602Z,backfill
20011611,house,2026-08-25,2019-05-08,ptr,Suzan K. DelBene,20260825T1602Z,backfill
20011777,house,2026-08-25,2019-06-15,ptr,Suzan K. DelBene,20260825T1602Z,backfill
20011949,house,2026-08-25,2019-07-16,ptr,Suzan K. DelBene,20260825T1602Z,backfill
20012107,house,2026-08-25,2019-08-14,ptr,Suzan K. DelBene,20260825T1602Z,backfill
20012247,house,2026-08-25,2019-09-15,ptr,Suzan K. DelBene,20260825T1602Z,backfill
20012413,house,2026-08-25,2019-10-15,ptr,Suzan K. DelBene,20260825T1602Z,backfill
20012549,house,2026-08-25,2019-11-14,ptr,Suzan K. DelBene,20260825T1602Z,backfill
20012686,house,2026-08-25,2019-12-15,ptr,Suzan K. DelBene,20260825T1602Z,backfill
20011114,house,2026-08-25,2019-02-27,ptr,Theodore E. Deutch,20260825T1602Z,backfill
20012043,house,2026-08-25,2019-08-04,ptr,Theodore E. Deutch,20260825T1602Z,backfill
20010926,house,2026-08-25,2019-01-02,ptr,Debbie Dingell,20260825T1602Z,backfill
20011012,house,2026-08-25,2019-01-16,ptr,Debbie Dingell,20260825T1602Z,backfill
20011420,house,2026-08-25,2019-04-14,ptr,Debbie Dingell,20260825T1602Z,backfill
20011483,house,2026-08-25,2019-04-17,ptr,Debbie Dingell,20260825T1602Z,backfill
20011485,house,2026-08-25,2019-04-18,ptr,Debbie Dingell,20260825T1602Z,backfill
20011724,house,2026-08-25,2019-05-22,ptr,Debbie Dingell,20260825T1602Z,backfill
20011778,house,2026-08-25,2019-06-06,ptr,Debbie Dingell,20260825T1602Z,backfill
20011830,house,2026-08-25,2019-06-14,ptr,Debbie Dingell,20260825T1602Z,backfill
20011898,house,2026-08-25,2019-06-27,ptr,Debbie Dingell,20260825T1602Z,backfill
20012607,house,2026-08-25,2019-11-15,ptr,Debbie Dingell,20260825T1602Z,backfill
20010967,house,2026-08-25,2019-01-07,ptr,Lloyd Doggett,20260825T1602Z,backfill
20011252,house,2026-08-25,2019-03-06,ptr,Lloyd Doggett,20260825T1602Z,backfill
20011386,house,2026-08-25,2019-04-03,ptr,Lloyd Doggett,20260825T1602Z,backfill
20011625,house,2026-08-25,2019-05-07,ptr,Lloyd Doggett,20260825T1602Z,backfill
20011804,house,2026-08-25,2019-06-06,ptr,Lloyd Doggett,20260825T1602Z,backfill
20011938,house,2026-08-25,2019-07-05,ptr,Lloyd Doggett,20260825T1602Z,backfill
20012175,house,2026-08-25,2019-08-15,ptr,Lloyd Doggett,20260825T1602Z,backfill
20012278,house,2026-08-25,2019-09-06,ptr,Lloyd Doggett,20260825T1602Z,backfill
20012431,house,2026-08-25,2019-10-07,ptr,Lloyd Doggett,20260825T1602Z,backfill
20012544,house,2026-08-25,2019-11-04,ptr,Lloyd Doggett,20260825T1602Z,backfill
20012725,house,2026-08-25,2019-12-09,ptr,Lloyd Doggett,20260825T1602Z,backfill
20011082,house,2026-08-25,2019-02-07,ptr,"Neal Patrick MD, Facs Dunn",20260825T1602Z,backfill
20012379,house,2026-08-25,2019-09-30,ptr,"Neal Patrick MD, Facs Dunn",20260825T1602Z,backfill
20012727,house,2026-08-25,2019-12-11,ptr,"Neal Patrick MD, Facs Dunn",20260825T1602Z,backfill
20011689,house,2026-08-25,2019-05-15,ptr,Dwight Evans,20260825T1602Z,backfill
20012610,house,2026-08-25,2019-11-15,ptr,Dwight Evans,20260825T1602Z,backfill
9114472,house,2026-08-25,2019-03-15,ptr,"Charles J. ""Chuck"" Fleischmann",20260825T1602Z,backfill
9114801,house,2026-08-25,2019-05-21,ptr,"Charles J. ""Chuck"" Fleischmann",20260825T1602Z,backfill
9115049,house,2026-08-25,2019-06-14,ptr,"Charles J. ""Chuck"" Fleischmann",20260825T1602Z,backfill
9115195,house,2026-08-25,2019-07-26,ptr,"Charles J. ""Chuck"" Fleischmann",20260825T1602Z,backfill
9115277,house,2026-08-25,2019-08-15,ptr,"Charles J. ""Chuck"" Fleischmann",20260825T1602Z,backfill
9115489,house,2026-08-25,2019-10-17,ptr,"Charles J. ""Chuck"" Fleischmann",20260825T1602Z,backfill
8216748,house,2026-08-25,2019-11-26,ptr,"Charles J. ""Chuck"" Fleischmann",20260825T1602Z,backfill
8216800,house,2026-08-25,2019-12-10,ptr,"Charles J. ""Chuck"" Fleischmann",20260825T1602Z,backfill
8216874,house,2026-08-25,2020-01-09,ptr,"Charles J. ""Chuck"" Fleischmann",20260825T1602Z,backfill
20011510,house,2026-08-25,2019-04-23,ptr,Elizabeth Fletcher,20260825T1602Z,backfill
20011669,house,2026-08-25,2019-05-13,ptr,Elizabeth Fletcher,20260825T1602Z,backfill
20011855,house,2026-08-25,2019-06-16,ptr,Elizabeth Fletcher,20260825T1602Z,backfill
20012053,house,2026-08-25,2019-07-25,ptr,Elizabeth Fletcher,20260825T1602Z,backfill
20010991,house,2026-08-25,2019-01-10,ptr,Bill Flores,20260825T1602Z,backfill
20011133,house,2026-08-25,2019-02-11,ptr,Bill Flores,20260825T1602Z,backfill
20011261,house,2026-08-25,2019-03-08,ptr,Bill Flores,20260825T1602Z,backfill
20011395,house,2026-08-25,2019-04-04,ptr,Bill Flores,20260825T1602Z,backfill
20011685,house,2026-08-25,2019-05-14,ptr,Bill Flores,20260825T1602Z,backfill
20011847,house,2026-08-25,2019-06-13,ptr,Bill Flores,20260825T1602Z,backfill
20011996,house,2026-08-25,2019-07-12,ptr,Bill Flores,20260825T1602Z,backfill
20012144,house,2026-08-25,2019-08-12,ptr,Bill Flores,20260825T1602Z,backfill
20012307,house,2026-08-25,2019-09-13,ptr,Bill Flores,20260825T1602Z,backfill
20012438,house,2026-08-25,2019-10-07,ptr,Bill Flores,20260825T1602Z,backfill
20012596,house,2026-08-25,2019-11-10,ptr,Bill Flores,20260825T1602Z,backfill
20013789,house,2026-08-25,2019-12-18,ptr,Bill Flores,20260825T1602Z,backfill
20012568,house,2026-08-25,2019-11-05,ptr,Jeff Fortenberry,20260825T1602Z,backfill
20012569,house,2026-08-25,2019-11-05,ptr,Jeff Fortenberry,20260825T1602Z,backfill
20010945,house,2026-08-25,2019-01-07,ptr,Virginia Foxx,20260825T1602Z,backfill
20011092,house,2026-08-25,2019-02-05,ptr,Virginia Foxx,20260825T1602Z,backfill
20011227,house,2026-08-25,2019-03-07,ptr,Virginia Foxx,20260825T1602Z,backfill
20011373,house,2026-08-25,2019-04-03,ptr,Virginia Foxx,20260825T1602Z,backfill
20011583,house,2026-08-25,2019-05-10,ptr,Virginia Foxx,20260825T1602Z,backfill
20011691,house,2026-08-25,2019-06-03,ptr,Virginia Foxx,20260825T1602Z,backfill
20011918,house,2026-08-25,2019-07-02,ptr,Virginia Foxx,20260825T1602Z,backfill
20012087,house,2026-08-25,2019-08-08,ptr,Virginia Foxx,20260825T1602Z,backfill
20012274,house,2026-08-25,2019-09-12,ptr,Virginia Foxx,20260825T1602Z,backfill
20012397,house,2026-08-25,2019-10-07,ptr,Virginia Foxx,20260825T1602Z,backfill
20012556,house,2026-08-25,2019-11-12,ptr,Virginia Foxx,20260825T1602Z,backfill
20012693,house,2026-08-25,2019-12-03,ptr,Virginia Foxx,20260825T1602Z,backfill
20011033,house,2026-08-25,2019-01-28,ptr,Lois Frankel,20260825T1602Z,backfill
20011186,house,2026-08-25,2019-02-25,ptr,Lois Frankel,20260825T1602Z,backfill
20011329,house,2026-08-25,2019-03-27,ptr,Lois Frankel,20260825T1602Z,backfill
20011523,house,2026-08-25,2019-04-25,ptr,Lois Frankel,20260825T1602Z,backfill
20011700,house,2026-08-25,2019-05-21,ptr,Lois Frankel,20260825T1602Z,backfill
20011873,house,2026-08-25,2019-06-20,ptr,Lois Frankel,20260825T1602Z,backfill
20012024,house,2026-08-25,2019-07-19,ptr,Lois Frankel,20260825T1602Z,backfill
20012227,house,2026-08-25,2019-09-03,ptr,Lois Frankel,20260825T1602Z,backfill
20012386,house,2026-08-25,2019-09-30,ptr,Lois Frankel,20260825T1602Z,backfill
20012498,house,2026-08-25,2019-10-24,ptr,Lois Frankel,20260825T1602Z,backfill
20012655,house,2026-08-25,2019-11-22,ptr,Lois Frankel,20260825T1602Z,backfill
20013803,house,2026-08-25,2019-12-20,ptr,Lois Frankel,20260825T1602Z,backfill
20011039,house,2026-08-25,2019-01-23,ptr,Greg Gianforte,20260825T1602Z,backfill
20011087,house,2026-08-25,2019-02-02,ptr,Greg Gianforte,20260825T1602Z,backfill
20011124,house,2026-08-25,2019-02-08,ptr,Greg Gianforte,20260825T1602Z,backfill
20011156,house,2026-08-25,2019-02-14,ptr,Greg Gianforte,20260825T1602Z,backfill
20011157,house,2026-08-25,2019-03-06,ptr,Greg Gianforte,20260825T1602Z,backfill
20011276,house,2026-08-25,2019-03-11,ptr,Greg Gianforte,20260825T1602Z,backfill
20011346,house,2026-08-25,2019-03-25,ptr,Greg Gianforte,20260825T1602Z,backfill
20011354,house,2026-08-25,2019-03-29,ptr,Greg Gianforte,20260825T1602Z,backfill
20011418,house,2026-08-25,2019-04-09,ptr,Greg Gianforte,20260825T1602Z,backfill
20011459,house,2026-08-25,2019-04-13,ptr,Greg Gianforte,20260825T1602Z,backfill
20011546,house,2026-08-25,2019-04-26,ptr,Greg Gianforte,20260825T1602Z,backfill
20011701,house,2026-08-25,2019-05-18,ptr,Greg Gianforte,20260825T1602Z,backfill
20011767,house,2026-08-25,2019-05-31,ptr,Greg Gianforte,20260825T1602Z,backfill
20011835,house,2026-08-25,2019-06-12,ptr,Greg Gianforte,20260825T1602Z,backfill
20011916,house,2026-08-25,2019-07-01,ptr,Greg Gianforte,20260825T1602Z,backfill
20012072,house,2026-08-25,2019-07-29,ptr,Greg Gianforte,20260825T1602Z,backfill
20012222,house,2026-08-25,2019-08-26,ptr,Greg Gianforte,20260825T1602Z,backfill
20012395,house,2026-08-25,2019-10-01,ptr,Greg Gianforte,20260825T1602Z,backfill
20012476,house,2026-08-25,2019-10-20,ptr,Greg Gianforte,20260825T1602Z,backfill
20012519,house,2026-08-25,2019-10-30,ptr,Greg Gianforte,20260825T1602Z,backfill
20012677,house,2026-08-25,2019-11-27,ptr,Greg Gianforte,20260825T1602Z,backfill
20013815,house,2026-08-25,2019-12-23,ptr,Greg Gianforte,20260825T1602Z,backfill
20013827,house,2026-08-25,2019-12-31,ptr,Greg Gianforte,20260825T1602Z,backfill
20011006,house,2026-08-25,2019-01-13,ptr,Bob Gibbs,20260825T1602Z,backfill
20011344,house,2026-08-25,2019-03-25,ptr,Bob Gibbs,20260825T1602Z,backfill
20011364,house,2026-08-25,2019-03-31,ptr,Bob Gibbs,20260825T1602Z,backfill
20011599,house,2026-08-25,2019-05-03,ptr,Bob Gibbs,20260825T1602Z,backfill
20011745,house,2026-08-25,2019-05-28,ptr,Bob Gibbs,20260825T1602Z,backfill
20011860,house,2026-08-25,2019-06-18,ptr,Bob Gibbs,20260825T1602Z,backfill
20012571,house,2026-08-25,2019-11-06,ptr,Bob Gibbs,20260825T1602Z,backfill
20012674,house,2026-08-25,2019-11-26,ptr,Bob Gibbs,20260825T1602Z,backfill
20013806,house,2026-08-25,2019-12-20,ptr,Bob Gibbs,20260825T1602Z,backfill
20013813,house,2026-08-25,2019-12-23,ptr,Bob Gibbs,20260825T1602Z,backfill
20012170,house,2026-08-25,2019-08-14,ptr,Anthony E. Gonzalez,20260825T1602Z,backfill
20012598,house,2026-08-25,2019-11-11,ptr,Anthony E. Gonzalez,20260825T1602Z,backfill
20013793,house,2026-08-25,2019-12-20,ptr,Anthony E. Gonzalez,20260825T1602Z,backfill
20010919,house,2026-08-25,2019-01-04,ptr,Josh Gottheimer,20260825T1602Z,backfill
20011063,house,2026-08-25,2019-01-31,ptr,Josh Gottheimer,20260825T1602Z,backfill
20011187,house,2026-08-25,2019-02-25,ptr,Josh Gottheimer,20260825T1602Z,backfill
20011343,house,2026-08-25,2019-03-28,ptr,Josh Gottheimer,20260825T1602Z,backfill
20011398,house,2026-08-25,2019-04-05,ptr,Josh Gottheimer,20260825T1602Z,backfill
20011641,house,2026-08-25,2019-05-20,ptr,Josh Gottheimer,20260825T1602Z,backfill
20011820,house,2026-08-25,2019-06-15,ptr,Josh Gottheimer,20260825T1602Z,backfill
20011982,house,2026-08-25,2019-07-18,ptr,Josh Gottheimer,20260825T1602Z,backfill
20012044,house,2026-08-25,2019-08-13,ptr,Josh Gottheimer,20260825T1602Z,backfill
20012180,house,2026-08-25,2019-09-16,ptr,Josh Gottheimer,20260825T1602Z,backfill
20012330,house,2026-08-25,2019-09-16,ptr,Josh Gottheimer,20260825T1602Z,backfill
20012430,house,2026-08-25,2019-10-11,ptr,Josh Gottheimer,20260825T1602Z,backfill
20012554,house,2026-08-25,2019-11-08,ptr,Josh Gottheimer,20260825T1602Z,backfill
20012702,house,2026-08-25,2019-12-09,ptr,Josh Gottheimer,20260825T1602Z,backfill
9115167,house,2026-08-25,2019-07-17,ptr,Michael Patrick Guest,20260825T1602Z,backfill
8216636,house,2026-08-25,2019-11-06,ptr,Michael Patrick Guest,20260825T1602Z,backfill
20010982,house,2026-08-25,2019-01-15,ptr,Kevin Hern,20260825T1602Z,backfill
20011169,house,2026-08-25,2019-02-15,ptr,Kevin Hern,20260825T1602Z,backfill
20011282,house,2026-08-25,2019-03-12,ptr,Kevin Hern,20260825T1602Z,backfill
20011444,house,2026-08-25,2019-04-11,ptr,Kevin Hern,20260825T1602Z,backfill
20011693,house,2026-08-25,2019-05-16,ptr,Kevin Hern,20260825T1602Z,backfill
20011856,house,2026-08-25,2019-06-17,ptr,Kevin Hern,20260825T1602Z,backfill
20012014,house,2026-08-25,2019-07-18,ptr,Kevin Hern,20260825T1602Z,backfill
20012167,house,2026-08-25,2019-08-15,ptr,Kevin Hern,20260825T1602Z,backfill
20012328,house,2026-08-25,2019-09-16,ptr,Kevin Hern,20260825T1602Z,backfill
20012470,house,2026-08-25,2019-10-15,ptr,Kevin Hern,20260825T1602Z,backfill
20012619,house,2026-08-25,2019-11-14,ptr,Kevin Hern,20260825T1602Z,backfill
20012750,house,2026-08-25,2019-12-15,ptr,Kevin Hern,20260825T1602Z,backfill
9114374,house,2026-08-25,2019-02-11,ptr,George Holding,20260825T1602Z,backfill
9114798,house,2026-08-25,2019-05-01,ptr,George Holding,20260825T1602Z,backfill
9115521,house,2026-08-25,2019-10-30,ptr,George Holding,20260825T1602Z,backfill
8216838,house,2026-08-25,2019-12-19,ptr,George Holding,20260825T1602Z,backfill
8216909,house,2026-08-25,2020-01-15,ptr,George Holding,20260825T1602Z,backfill
20011058,house,2026-08-25,2019-01-25,ptr,Hakeem S. Jeffries,20260825T1602Z,backfill
20011302,house,2026-08-25,2019-03-16,ptr,Hakeem S. Jeffries,20260825T1602Z,backfill
20008517,house,2026-08-25,2019-05-08,ptr,David P. Joyce,20260825T1602Z,backfill
9114435,house,2026-08-25,2019-02-28,ptr,Mike Kelly,20260825T1602Z,backfill
9114471,house,2026-08-25,2019-03-14,ptr,Mike Kelly,20260825T1602Z,backfill
9114566,house,2026-08-25,2019-04-30,ptr,Mike Kelly,20260825T1602Z,backfill
9114648,house,2026-08-25,2019-05-10,ptr,Mike Kelly,20260825T1602Z,backfill
9115042,house,2026-08-25,2019-06-12,ptr,Mike Kelly,20260825T1602Z,backfill
9115181,house,2026-08-25,2019-07-23,ptr,Mike Kelly,20260825T1602Z,backfill
8216803,house,2026-08-25,2019-12-12,ptr,Mike Kelly,20260825T1602Z,backfill
8216910,house,2026-08-25,2020-01-16,ptr,Mike Kelly,20260825T1602Z,backfill
9114360,house,2026-08-25,2019-02-06,ptr,Joseph P. Kennedy,20260825T1602Z,backfill
9114373,house,2026-08-25,2019-02-11,ptr,Joseph P. Kennedy,20260825T1602Z,backfill
9114456,house,2026-08-25,2019-03-12,ptr,Joseph P. Kennedy,20260825T1602Z,backfill
9114525,house,2026-08-25,2019-04-09,ptr,Joseph P. Kennedy,20260825T1602Z,backfill
9115038,house,2026-08-25,2019-06-11,ptr,Joseph P. Kennedy,20260825T1602Z,backfill
9115196,house,2026-08-25,2019-07-25,ptr,Joseph P. Kennedy,20260825T1602Z,backfill
9114372,house,2026-08-25,2019-02-12,ptr,Rohit Khanna,20260825T1602Z,backfill
9114396,house,2026-08-25,2019-02-15,ptr,Rohit Khanna,20260825T1602Z,backfill
9114457,house,2026-08-25,2019-03-08,ptr,Rohit Khanna,20260825T1602Z,backfill
9114526,house,2026-08-25,2019-04-11,ptr,Rohit Khanna,20260825T1602Z,backfill
9114649,house,2026-08-25,2019-05-10,ptr,Rohit Khanna,20260825T1602Z,backfill
9115039,house,2026-08-25,2019-06-11,ptr,Rohit Khanna,20260825T1602Z,backfill
9115123,house,2026-08-25,2019-07-11,ptr,Rohit Khanna,20260825T1602Z,backfill
9115234,house,2026-08-25,2019-08-06,ptr,Rohit Khanna,20260825T1602Z,backfill
9115384,house,2026-08-25,2019-09-11,ptr,Rohit Khanna,20260825T1602Z,backfill
9115484,house,2026-08-25,2019-10-16,ptr,Rohit Khanna,20260825T1602Z,backfill
8216662,house,2026-08-25,2019-11-12,ptr,Rohit Khanna,20260825T1602Z,backfill
8216805,house,2026-08-25,2019-12-11,ptr,Rohit Khanna,20260825T1602Z,backfill
20010270,house,2026-08-25,2019-05-09,ptr,Adam Kinzinger,20260825T1602Z,backfill
20011696,house,2026-08-25,2019-05-16,ptr,Adam Kinzinger,20260825T1602Z,backfill
9114536,house,2026-08-25,2019-04-15,ptr,David Kustoff,20260825T1602Z,backfill
9114539,house,2026-08-25,2019-04-17,ptr,David Kustoff,20260825T1602Z,backfill
8216804,house,2026-08-25,2019-12-10,ptr,David Kustoff,20260825T1602Z,backfill
8216875,house,2026-08-25,2020-01-07,ptr,David Kustoff,20260825T1602Z,backfill
9114304,house,2026-08-25,2019-01-15,ptr,Doug Lamborn,20260825T1602Z,backfill
9114413,house,2026-08-25,2019-02-15,ptr,Doug Lamborn,20260825T1602Z,backfill
9114469,house,2026-08-25,2019-03-15,ptr,Doug Lamborn,20260825T1602Z,backfill
9114505,house,2026-08-25,2019-04-03,ptr,Doug Lamborn,20260825T1602Z,backfill
9114645,house,2026-08-25,2019-05-10,ptr,Doug Lamborn,20260825T1602Z,backfill
9115278,house,2026-08-25,2019-08-14,ptr,Doug Lamborn,20260825T1602Z,backfill
8216681,house,2026-08-25,2019-11-14,ptr,Doug Lamborn,20260825T1602Z,backfill
20011055,house,2026-08-25,2019-01-24,ptr,James R. Langevin,20260825T1602Z,backfill
20011246,house,2026-08-25,2019-03-05,ptr,James R. Langevin,20260825T1602Z,backfill
20011335,house,2026-08-25,2019-03-29,ptr,James R. Langevin,20260825T1602Z,backfill
20011457,house,2026-08-25,2019-04-12,ptr,James R. Langevin,20260825T1602Z,backfill
20011500,house,2026-08-25,2019-04-19,ptr,James R. Langevin,20260825T1602Z,backfill
20011561,house,2026-08-25,2019-04-29,ptr,James R. Langevin,20260825T1602Z,backfill
20011621,house,2026-08-25,2019-05-10,ptr,James R. Langevin,20260825T1602Z,backfill
20011728,house,2026-08-25,2019-05-22,ptr,James R. Langevin,20260825T1602Z,backfill
20011911,house,2026-08-25,2019-06-29,ptr,James R. Langevin,20260825T1602Z,backfill
20011936,house,2026-08-25,2019-07-03,ptr,James R. Langevin,20260825T1602Z,backfill
20012122,house,2026-08-25,2019-08-07,ptr,James R. Langevin,20260825T1602Z,backfill
20012164,house,2026-08-25,2019-08-13,ptr,James R. Langevin,20260825T1602Z,backfill
20012208,house,2026-08-25,2019-08-21,ptr,James R. Langevin,20260825T1602Z,backfill
20012249,house,2026-08-25,2019-09-03,ptr,James R. Langevin,20260825T1602Z,backfill
20012270,house,2026-08-25,2019-09-05,ptr,James R. Langevin,20260825T1602Z,backfill
20012349,house,2026-08-25,2019-09-26,ptr,James R. Langevin,20260825T1602Z,backfill
20012448,house,2026-08-25,2019-10-09,ptr,James R. Langevin,20260825T1602Z,backfill
20012499,house,2026-08-25,2019-10-21,ptr,James R. Langevin,20260825T1602Z,backfill
20012558,house,2026-08-25,2019-11-05,ptr,James R. Langevin,20260825T1602Z,backfill
20012662,house,2026-08-25,2019-11-22,ptr,James R. Langevin,20260825T1602Z,backfill
20012688,house,2026-08-25,2019-12-02,ptr,James R. Langevin,20260825T1602Z,backfill
20013816,house,2026-08-25,2019-12-23,ptr,James R. Langevin,20260825T1602Z,backfill
9114359,house,2026-08-25,2019-02-06,ptr,John B. Larson,20260825T1602Z,backfill
9114443,house,2026-08-25,2019-03-08,ptr,John B. Larson,20260825T1602Z,backfill
9114549,house,2026-08-25,2019-04-23,ptr,John B. Larson,20260825T1602Z,backfill
9115182,house,2026-08-25,2019-07-22,ptr,John B. Larson,20260825T1602Z,backfill
9115324,house,2026-08-25,2019-08-21,ptr,John B. Larson,20260825T1602Z,backfill
9115407,house,2026-08-25,2019-09-20,ptr,John B. Larson,20260825T1602Z,backfill
9115441,house,2026-08-25,2019-09-27,ptr,John B. Larson,20260825T1602Z,backfill
8216717,house,2026-08-25,2019-11-19,ptr,John B. Larson,20260825T1602Z,backfill
8216749,house,2026-08-25,2019-11-22,ptr,John B. Larson,20260825T1602Z,backfill
20012269,house,2026-08-25,2019-09-05,ptr,Robert E. Latta,20260825T1602Z,backfill
20007477,house,2026-08-25,2019-08-21,ptr,Brenda Lulenar Lawrence,20260825T1602Z,backfill
20011203,house,2026-08-25,2019-03-04,ptr,Susie Lee,20260825T1602Z,backfill
20011262,house,2026-08-25,2019-03-12,ptr,Susie Lee,20260825T1602Z,backfill
20011411,house,2026-08-25,2019-04-08,ptr,Susie Lee,20260825T1602Z,backfill
20011607,house,2026-08-25,2019-05-09,ptr,Susie Lee,20260825T1602Z,backfill
20011814,house,2026-08-25,2019-07-18,ptr,Susie Lee,20260825T1602Z,backfill
20012111,house,2026-08-25,2019-08-29,ptr,Susie Lee,20260825T1602Z,backfill
20012262,house,2026-08-25,2019-09-30,ptr,Susie Lee,20260825T1602Z,backfill
20012436,house,2026-08-25,2019-10-21,ptr,Susie Lee,20260825T1602Z,backfill
20012566,house,2026-08-25,2019-12-05,ptr,Susie Lee,20260825T1602Z,backfill
20010942,house,2026-08-25,2019-01-03,ptr,Zoe Lofgren,20260825T1602Z,backfill
20011434,house,2026-08-25,2019-04-09,ptr,Zoe Lofgren,20260825T1602Z,backfill
20011595,house,2026-08-25,2019-05-08,ptr,Zoe Lofgren,20260825T1602Z,backfill
20011923,house,2026-08-25,2019-07-08,ptr,Zoe Lofgren,20260825T1602Z,backfill
20011952,house,2026-08-25,2019-08-07,ptr,Zoe Lofgren,20260825T1602Z,backfill
20012420,house,2026-08-25,2019-10-08,ptr,Zoe Lofgren,20260825T1602Z,backfill
20012580,house,2026-08-25,2019-11-08,ptr,Zoe Lofgren,20260825T1602Z,backfill
20012694,house,2026-08-25,2019-12-09,ptr,Zoe Lofgren,20260825T1602Z,backfill
9114292,house,2026-08-25,2019-01-09,ptr,Billy Long,20260825T1602Z,backfill
9114358,house,2026-08-25,2019-02-06,ptr,Billy Long,20260825T1602Z,backfill
9115152,house,2026-08-25,2019-07-17,ptr,Billy Long,20260825T1602Z,backfill
20011035,house,2026-08-25,2019-01-19,ptr,Alan S. Lowenthal,20260825T1602Z,backfill
20011036,house,2026-08-25,2019-01-19,ptr,Alan S. Lowenthal,20260825T1602Z,backfill
20011126,house,2026-08-25,2019-02-09,ptr,Alan S. Lowenthal,20260825T1602Z,backfill
20011127,house,2026-08-25,2019-02-09,ptr,Alan S. Lowenthal,20260825T1602Z,backfill
20011128,house,2026-08-25,2019-02-09,ptr,Alan S. Lowenthal,20260825T1602Z,backfill
20011191,house,2026-08-25,2019-02-23,ptr,Alan S. Lowenthal,20260825T1602Z,backfill
20011192,house,2026-08-25,2019-02-23,ptr,Alan S. Lowenthal,20260825T1602Z,backfill
20011193,house,2026-08-25,2019-02-23,ptr,Alan S. Lowenthal,20260825T1602Z,backfill
20011194,house,2026-08-25,2019-02-23,ptr,Alan S. Lowenthal,20260825T1602Z,backfill
20011195,house,2026-08-25,2019-02-23,ptr,Alan S. Lowenthal,20260825T1602Z,backfill
20011196,house,2026-08-25,2019-02-23,ptr,Alan S. Lowenthal,20260825T1602Z,backfill
20011197,house,2026-08-25,2019-02-23,ptr,Alan S. Lowenthal,20260825T1602Z,backfill
20011308,house,2026-08-25,2019-03-18,ptr,Alan S. Lowenthal,20260825T1602Z,backfill
20011309,house,2026-08-25,2019-03-18,ptr,Alan S. Lowenthal,20260825T1602Z,backfill
20011310,house,2026-08-25,2019-03-18,ptr,Alan S. Lowenthal,20260825T1602Z,backfill
20011311,house,2026-08-25,2019-03-18,ptr,Alan S. Lowenthal,20260825T1602Z,backfill
20011338,house,2026-08-25,2019-03-23,ptr,Alan S. Lowenthal,20260825T1602Z,backfill
20011339,house,2026-08-25,2019-03-23,ptr,Alan S. Lowenthal,20260825T1602Z,backfill
20011507,house,2026-08-25,2019-04-20,ptr,Alan S. Lowenthal,20260825T1602Z,backfill
20011508,house,2026-08-25,2019-04-20,ptr,Alan S. Lowenthal,20260825T1602Z,backfill
20011509,house,2026-08-25,2019-04-20,ptr,Alan S. Lowenthal,20260825T1602Z,backfill
20011551,house,2026-08-25,2019-04-28,ptr,Alan S. Lowenthal,20260825T1602Z,backfill
20011552,house,2026-08-25,2019-04-28,ptr,Alan S. Lowenthal,20260825T1602Z,backfill
20011553,house,2026-08-25,2019-04-28,ptr,Alan S. Lowenthal,20260825T1602Z,backfill
20011556,house,2026-08-25,2019-04-28,ptr,Alan S. Lowenthal,20260825T1602Z,backfill
20011703,house,2026-08-25,2019-05-19,ptr,Alan S. Lowenthal,20260825T1602Z,backfill
20011704,house,2026-08-25,2019-05-19,ptr,Alan S. Lowenthal,20260825T1602Z,backfill
20011705,house,2026-08-25,2019-05-19,ptr,Alan S. Lowenthal,20260825T1602Z,backfill
20011757,house,2026-08-25,2019-05-31,ptr,Alan S. Lowenthal,20260825T1602Z,backfill
20011758,house,2026-08-25,2019-05-31,ptr,Alan S. Lowenthal,20260825T1602Z,backfill
20011759,house,2026-08-25,2019-05-31,ptr,Alan S. Lowenthal,20260825T1602Z,backfill
20011761,house,2026-08-25,2019-05-31,ptr,Alan S. Lowenthal,20260825T1602Z,backfill
20011831,house,2026-08-25,2019-06-12,ptr,Alan S. Lowenthal,20260825T1602Z,backfill
20011832,house,2026-08-25,2019-06-12,ptr,Alan S. Lowenthal,20260825T1602Z,backfill
20011833,house,2026-08-25,2019-06-12,ptr,Alan S. Lowenthal,20260825T1602Z,backfill
20011913,house,2026-08-25,2019-07-01,ptr,Alan S. Lowenthal,20260825T1602Z,backfill
20011928,house,2026-08-25,2019-07-03,ptr,Alan S. Lowenthal,20260825T1602Z,backfill
20012068,house,2026-08-25,2019-07-27,ptr,Alan S. Lowenthal,20260825T1602Z,backfill
20012069,house,2026-08-25,2019-07-27,ptr,Alan S. Lowenthal,20260825T1602Z,backfill
20012070,house,2026-08-25,2019-07-27,ptr,Alan S. Lowenthal,20260825T1602Z,backfill
20012141,house,2026-08-25,2019-08-10,ptr,Alan S. Lowenthal,20260825T1602Z,backfill
20012142,house,2026-08-25,2019-08-10,ptr,Alan S. Lowenthal,20260825T1602Z,backfill
20012143,house,2026-08-25,2019-08-11,ptr,Alan S. Lowenthal,20260825T1602Z,backfill
20012238,house,2026-08-25,2019-09-01,ptr,Alan S. Lowenthal,20260825T1602Z,backfill
20012239,house,2026-08-25,2019-09-01,ptr,Alan S. Lowenthal,20260825T1602Z,backfill
20012240,house,2026-08-25,2019-09-01,ptr,Alan S. Lowenthal,20260825T1602Z,backfill
20012353,house,2026-08-25,2019-09-21,ptr,Alan S. Lowenthal,20260825T1602Z,backfill
20012354,house,2026-08-25,2019-09-21,ptr,Alan S. Lowenthal,20260825T1602Z,backfill
20012355,house,2026-08-25,2019-09-21,ptr,Alan S. Lowenthal,20260825T1602Z,backfill
20012422,house,2026-08-25,2019-10-05,ptr,Alan S. Lowenthal,20260825T1602Z,backfill
20012423,house,2026-08-25,2019-10-05,ptr,Alan S. Lowenthal,20260825T1602Z,backfill
20012424,house,2026-08-25,2019-10-05,ptr,Alan S. Lowenthal,20260825T1602Z,backfill
20012449,house,2026-08-25,2019-10-09,ptr,Alan S. Lowenthal,20260825T1602Z,backfill
20012450,house,2026-08-25,2019-10-09,ptr,Alan S. Lowenthal,20260825T1602Z,backfill
20012451,house,2026-08-25,2019-10-09,ptr,Alan S. Lowenthal,20260825T1602Z,backfill
20012582,house,2026-08-25,2019-11-07,ptr,Alan S. Lowenthal,20260825T1602Z,backfill
20012586,house,2026-08-25,2019-11-08,ptr,Alan S. Lowenthal,20260825T1602Z,backfill
20012587,house,2026-08-25,2019-11-08,ptr,Alan S. Lowenthal,20260825T1602Z,backfill
20012589,house,2026-08-25,2019-11-08,ptr,Alan S. Lowenthal,20260825T1602Z,backfill
20012663,house,2026-08-25,2019-11-25,ptr,Alan S. Lowenthal,20260825T1602Z,backfill
20012664,house,2026-08-25,2019-11-25,ptr,Alan S. Lowenthal,20260825T1602Z,backfill
20012665,house,2026-08-25,2019-11-25,ptr,Alan S. Lowenthal,20260825T1602Z,backfill
20012705,house,2026-08-25,2019-12-06,ptr,Alan S. Lowenthal,20260825T1602Z,backfill
20013770,house,2026-08-25,2019-12-15,ptr,Alan S. Lowenthal,20260825T1602Z,backfill
20013771,house,2026-08-25,2019-12-15,ptr,Alan S. Lowenthal,20260825T1602Z,backfill
20013782,house,2026-08-25,2019-12-17,ptr,Alan S. Lowenthal,20260825T1602Z,backfill
20013783,house,2026-08-25,2019-12-17,ptr,Alan S. Lowenthal,20260825T1602Z,backfill
20013784,house,2026-08-25,2019-12-17,ptr,Alan S. Lowenthal,20260825T1602Z,backfill
20010975,house,2026-08-25,2019-01-11,ptr,Thomas MacArthur,20260825T1602Z,backfill
20010996,house,2026-08-25,2019-01-12,ptr,Thomas MacArthur,20260825T1602Z,backfill
8219061,house,2026-08-25,2022-07-01,ptr,Tom Malinowski,20260825T1602Z,backfill
20011020,house,2026-08-25,2019-01-18,ptr,Carolyn B. Maloney,20260825T1602Z,backfill
20011160,house,2026-08-25,2019-02-19,ptr,Carolyn B. Maloney,20260825T1602Z,backfill
20011694,house,2026-08-25,2019-05-16,ptr,Carolyn B. Maloney,20260825T1602Z,backfill
20012023,house,2026-08-25,2019-08-14,ptr,Carolyn B. Maloney,20260825T1602Z,backfill
20012504,house,2026-08-25,2019-11-15,ptr,Carolyn B. Maloney,20260825T1602Z,backfill
20012621,house,2026-08-25,2019-11-15,ptr,Carolyn B. Maloney,20260825T1602Z,backfill
9114458,house,2026-08-25,2019-03-12,ptr,Kenny Marchant,20260825T1602Z,backfill
9114535,house,2026-08-25,2019-04-12,ptr,Kenny Marchant,20260825T1602Z,backfill
9115168,house,2026-08-25,2019-07-19,ptr,Kenny Marchant,20260825T1602Z,backfill
9115391,house,2026-08-25,2019-09-13,ptr,Kenny Marchant,20260825T1602Z,backfill
8216718,house,2026-08-25,2019-11-19,ptr,Kenny Marchant,20260825T1602Z,backfill
8216921,house,2026-08-25,2020-01-22,ptr,Kenny Marchant,20260825T1602Z,backfill
20011448,house,2026-08-25,2019-04-11,ptr,Roger W. Marshall,20260825T1602Z,backfill
20011828,house,2026-08-25,2019-08-28,ptr,Roger W. Marshall,20260825T1602Z,backfill
20012700,house,2026-08-25,2019-12-11,ptr,Roger W. Marshall,20260825T1602Z,backfill
20010968,house,2026-08-25,2019-01-07,ptr,Brian Mast,20260825T1602Z,backfill
20011103,house,2026-08-25,2019-02-05,ptr,Brian Mast,20260825T1602Z,backfill
20011284,house,2026-08-25,2019-03-12,ptr,Brian Mast,20260825T1602Z,backfill
20011470,house,2026-08-25,2019-04-15,ptr,Brian Mast,20260825T1602Z,backfill
20011639,house,2026-08-25,2019-05-08,ptr,Brian Mast,20260825T1602Z,backfill
20012261,house,2026-08-25,2019-09-04,ptr,Brian Mast,20260825T1602Z,backfill
20012405,house,2026-08-25,2019-10-02,ptr,Brian Mast,20260825T1602Z,backfill
20012546,house,2026-08-25,2019-11-04,ptr,Brian Mast,20260825T1602Z,backfill
9114418,house,2026-08-25,2019-02-25,ptr,Michael T. McCaul,20260825T1602Z,backfill
9114492,house,2026-08-25,2019-03-26,ptr,Michael T. McCaul,20260825T1602Z,backfill
9114567,house,2026-08-25,2019-04-30,ptr,Michael T. McCaul,20260825T1602Z,backfill
9114757,house,2026-08-25,2019-05-15,ptr,Michael T. McCaul,20260825T1602Z,backfill
9115083,house,2026-08-25,2019-06-27,ptr,Michael T. McCaul,20260825T1602Z,backfill
9115183,house,2026-08-25,2019-07-24,ptr,Michael T. McCaul,20260825T1602Z,backfill
9115315,house,2026-08-25,2019-08-20,ptr,Michael T. McCaul,20260825T1602Z,backfill
9115485,house,2026-08-25,2019-10-15,ptr,Michael T. McCaul,20260825T1602Z,backfill
8216661,house,2026-08-25,2019-11-14,ptr,Michael T. McCaul,20260825T1602Z,backfill
8216839,house,2026-08-25,2019-12-20,ptr,Michael T. McCaul,20260825T1602Z,backfill
8216935,house,2026-08-25,2020-01-29,ptr,Michael T. McCaul,20260825T1602Z,backfill
20010918,house,2026-08-25,2019-01-09,ptr,David B. McKinley,20260825T1602Z,backfill
20011072,house,2026-08-25,2019-02-04,ptr,David B. McKinley,20260825T1602Z,backfill
20011351,house,2026-08-25,2019-04-01,ptr,David B. McKinley,20260825T1602Z,backfill
20011581,house,2026-08-25,2019-05-06,ptr,David B. McKinley,20260825T1602Z,backfill
20012105,house,2026-08-25,2019-08-12,ptr,David B. McKinley,20260825T1602Z,backfill
20012245,house,2026-08-25,2019-09-13,ptr,David B. McKinley,20260825T1602Z,backfill
20012286,house,2026-08-25,2019-09-20,ptr,Joseph D. Morelle,20260825T1602Z,backfill
20012542,house,2026-08-25,2019-11-03,ptr,Greg Francis Murphy,20260825T1602Z,backfill
20011954,house,2026-08-25,2019-07-08,ptr,Eleanor Holmes Norton,20260825T1602Z,backfill
20010930,house,2026-08-25,2019-01-02,ptr,Tom O'Halleran,20260825T1602Z,backfill
20011154,house,2026-08-25,2019-02-15,ptr,Frank Pallone,20260825T1602Z,backfill
20011466,house,2026-08-25,2019-04-18,ptr,Frank Pallone,20260825T1602Z,backfill
20011279,house,2026-08-25,2019-03-11,ptr,Nancy Pelosi,20260825T1602Z,backfill
20011965,house,2026-08-25,2019-07-11,ptr,Nancy Pelosi,20260825T1602Z,backfill
20012127,house,2026-08-25,2019-08-13,ptr,Nancy Pelosi,20260825T1602Z,backfill
20012288,house,2026-08-25,2019-09-18,ptr,Nancy Pelosi,20260825T1602Z,backfill
20012343,house,2026-08-25,2019-09-19,ptr,Nancy Pelosi,20260825T1602Z,backfill
20011189,house,2026-08-25,2019-02-22,ptr,Ed Perlmutter,20260825T1602Z,backfill
20011348,house,2026-08-25,2019-03-25,ptr,Ed Perlmutter,20260825T1602Z,backfill
20011699,house,2026-08-25,2019-05-17,ptr,Ed Perlmutter,20260825T1602Z,backfill
20011988,house,2026-08-25,2019-07-11,ptr,Ed Perlmutter,20260825T1602Z,backfill
20012250,house,2026-08-25,2019-09-03,ptr,Ed Perlmutter,20260825T1602Z,backfill
20013812,house,2026-08-25,2019-12-23,ptr,Ed Perlmutter,20260825T1602Z,backfill
20011013,house,2026-08-25,2019-01-18,ptr,Scott H. Peters,20260825T1602Z,backfill
20011136,house,2026-08-25,2019-02-12,ptr,Scott H. Peters,20260825T1602Z,backfill
20011286,house,2026-08-25,2019-03-19,ptr,Scott H. Peters,20260825T1602Z,backfill
20011456,house,2026-08-25,2019-04-14,ptr,Scott H. Peters,20260825T1602Z,backfill
20011594,house,2026-08-25,2019-05-06,ptr,Scott H. Peters,20260825T1602Z,backfill
20011805,house,2026-08-25,2019-06-18,ptr,Scott H. Peters,20260825T1602Z,backfill
20011963,house,2026-08-25,2019-07-14,ptr,Scott H. Peters,20260825T1602Z,backfill
20012153,house,2026-08-25,2019-08-14,ptr,Scott H. Peters,20260825T1602Z,backfill
20012309,house,2026-08-25,2019-09-16,ptr,Scott H. Peters,20260825T1602Z,backfill
20012466,house,2026-08-25,2019-10-15,ptr,Scott H. Peters,20260825T1602Z,backfill
20012624,house,2026-08-25,2019-11-22,ptr,Scott H. Peters,20260825T1602Z,backfill
20012747,house,2026-08-25,2019-12-19,ptr,Scott H. Peters,20260825T1602Z,backfill
20011106,house,2026-08-25,2019-02-18,ptr,Dean Phillips,20260825T1602Z,backfill
20011263,house,2026-08-25,2019-03-21,ptr,Dean Phillips,20260825T1602Z,backfill
20011447,house,2026-08-25,2019-04-16,ptr,Dean Phillips,20260825T1602Z,backfill
20011695,house,2026-08-25,2019-05-21,ptr,Dean Phillips,20260825T1602Z,backfill
20011821,house,2026-08-25,2019-06-13,ptr,Dean Phillips,20260825T1602Z,backfill
20011980,house,2026-08-25,2019-07-11,ptr,Dean Phillips,20260825T1602Z,backfill
20012179,house,2026-08-25,2019-08-21,ptr,Dean Phillips,20260825T1602Z,backfill
20012295,house,2026-08-25,2019-09-16,ptr,Dean Phillips,20260825T1602Z,backfill
20012443,house,2026-08-25,2019-10-11,ptr,Dean Phillips,20260825T1602Z,backfill
20012572,house,2026-08-25,2019-11-06,ptr,Dean Phillips,20260825T1602Z,backfill
20012726,house,2026-08-25,2019-12-11,ptr,Dean Phillips,20260825T1602Z,backfill
20011642,house,2026-08-25,2019-05-15,ptr,Chellie Pingree,20260825T1602Z,backfill
20011692,house,2026-08-25,2019-05-16,ptr,Chellie Pingree,20260825T1602Z,backfill
20010941,house,2026-08-25,2019-01-03,ptr,David E. Price,20260825T1602Z,backfill
20011010,house,2026-08-25,2019-01-14,ptr,David E. Price,20260825T1602Z,backfill
20011383,house,2026-08-25,2019-04-02,ptr,David E. Price,20260825T1602Z,backfill
20011788,house,2026-08-25,2019-06-04,ptr,David E. Price,20260825T1602Z,backfill
20011985,house,2026-08-25,2019-07-11,ptr,David E. Price,20260825T1602Z,backfill
20012285,house,2026-08-25,2019-09-09,ptr,David E. Price,20260825T1602Z,backfill
20012051,house,2026-08-25,2019-07-24,ptr,Tom Rice,20260825T1602Z,backfill
20012183,house,2026-08-25,2019-08-16,ptr,Tom Rice,20260825T1602Z,backfill
20012639,house,2026-08-25,2019-11-19,ptr,Tom Rice,20260825T1602Z,backfill
9114416,house,2026-08-25,2019-02-25,ptr,David P. Roe,20260825T1602Z,backfill
9114459,house,2026-08-25,2019-03-14,ptr,David P. Roe,20260825T1602Z,backfill
9114520,house,2026-08-25,2019-04-05,ptr,David P. Roe,20260825T1602Z,backfill
9114617,house,2026-08-25,2019-05-07,ptr,David P. Roe,20260825T1602Z,backfill
9115040,house,2026-08-25,2019-06-07,ptr,David P. Roe,20260825T1602Z,backfill
9115134,house,2026-08-25,2019-07-12,ptr,David P. Roe,20260825T1602Z,backfill
9115266,house,2026-08-25,2019-08-12,ptr,David P. Roe,20260825T1602Z,backfill
9115349,house,2026-08-25,2019-09-05,ptr,David P. Roe,20260825T1602Z,backfill
9115486,house,2026-08-25,2019-10-15,ptr,David P. Roe,20260825T1602Z,backfill
8216663,house,2026-08-25,2019-11-14,ptr,David P. Roe,20260825T1602Z,backfill
8216806,house,2026-08-25,2019-12-12,ptr,David P. Roe,20260825T1602Z,backfill
8216911,house,2026-08-25,2020-01-14,ptr,David P. Roe,20260825T1602Z,backfill
9114336,house,2026-08-25,2019-01-29,ptr,Harold Dallas Rogers,20260825T1602Z,backfill
9114434,house,2026-08-25,2019-02-26,ptr,Harold Dallas Rogers,20260825T1602Z,backfill
9114501,house,2026-08-25,2019-04-01,ptr,Harold Dallas Rogers,20260825T1602Z,backfill
9114598,house,2026-08-25,2019-05-03,ptr,Harold Dallas Rogers,20260825T1602Z,backfill
9114999,house,2026-08-25,2019-06-04,ptr,Harold Dallas Rogers,20260825T1602Z,backfill
9115093,house,2026-08-25,2019-07-01,ptr,Harold Dallas Rogers,20260825T1602Z,backfill
9115198,house,2026-08-25,2019-07-30,ptr,Harold Dallas Rogers,20260825T1602Z,backfill
9115335,house,2026-08-25,2019-09-04,ptr,Harold Dallas Rogers,20260825T1602Z,backfill
9115442,house,2026-08-25,2019-09-30,ptr,Harold Dallas Rogers,20260825T1602Z,backfill
9115499,house,2026-08-25,2019-10-22,ptr,Harold Dallas Rogers,20260825T1602Z,backfill
8216783,house,2026-08-25,2019-12-04,ptr,Harold Dallas Rogers,20260825T1602Z,backfill
8216853,house,2026-08-25,2020-01-06,ptr,Harold Dallas Rogers,20260825T1602Z,backfill
9114303,house,2026-08-25,2019-01-15,ptr,Francis Rooney,20260825T1602Z,backfill
9114371,house,2026-08-25,2019-02-12,ptr,Francis Rooney,20260825T1602Z,backfill
9114460,house,2026-08-25,2019-03-12,ptr,Francis Rooney,20260825T1602Z,backfill
9114500,house,2026-08-25,2019-04-02,ptr,Francis Rooney,20260825T1602Z,backfill
9114754,house,2026-08-25,2019-05-15,ptr,Francis Rooney,20260825T1602Z,backfill
9115043,house,2026-08-25,2019-06-12,ptr,Francis Rooney,20260825T1602Z,backfill
9115135,house,2026-08-25,2019-07-12,ptr,Francis Rooney,20260825T1602Z,backfill
9115279,house,2026-08-25,2019-08-13,ptr,Francis Rooney,20260825T1602Z,backfill
9115388,house,2026-08-25,2019-09-12,ptr,Francis Rooney,20260825T1602Z,backfill
9115487,house,2026-08-25,2019-10-16,ptr,Francis Rooney,20260825T1602Z,backfill
8216664,house,2026-08-25,2019-11-14,ptr,Francis Rooney,20260825T1602Z,backfill
8216824,house,2026-08-25,2019-12-17,ptr,Francis Rooney,20260825T1602Z,backfill
20010988,house,2026-08-25,2019-01-14,ptr,Thomas J. Rooney,20260825T1602Z,backfill
20011132,house,2026-08-25,2019-02-11,ptr,Thomas J. Rooney,20260825T1602Z,backfill
20012736,house,2026-08-25,2019-12-11,ptr,John W. Rose,20260825T1602Z,backfill
20011153,house,2026-08-25,2019-02-14,ptr,Jacky Rosen,20260825T1602Z,backfill
20011180,house,2026-08-25,2019-02-21,ptr,Jacky Rosen,20260825T1602Z,backfill
20011095,house,2026-08-25,2019-02-04,ptr,Keith J. Rothfus,20260825T1602Z,backfill
20011328,house,2026-08-25,2019-03-28,ptr,Harley E. Rouda,20260825T1602Z,backfill
20011382,house,2026-08-25,2019-04-02,ptr,Harley E. Rouda,20260825T1602Z,backfill
20012062,house,2026-08-25,2019-07-26,ptr,David Cheston Rouzer,20260825T1602Z,backfill
20010938,house,2026-08-25,2019-01-02,ptr,John Rutherford,20260825T1602Z,backfill
20011078,house,2026-08-25,2019-01-31,ptr,John Rutherford,20260825T1602Z,backfill
20011222,house,2026-08-25,2019-02-28,ptr,John Rutherford,20260825T1602Z,backfill
20011377,house,2026-08-25,2019-04-02,ptr,John Rutherford,20260825T1602Z,backfill
20011650,house,2026-08-25,2019-05-10,ptr,John Rutherford,20260825T1602Z,backfill
20012005,house,2026-08-25,2019-08-09,ptr,John Rutherford,20260825T1602Z,backfill
20012382,house,2026-08-25,2019-09-27,ptr,John Rutherford,20260825T1602Z,backfill
20013786,house,2026-08-25,2019-12-18,ptr,John Rutherford,20260825T1602Z,backfill
9114626,house,2026-08-25,2019-05-09,ptr,Adam B. Schiff,20260825T1602Z,backfill
20010924,house,2026-08-25,2019-01-01,ptr,Bradley S. Schneider,20260825T1602Z,backfill
20011172,house,2026-08-25,2019-02-17,ptr,Bradley S. Schneider,20260825T1602Z,backfill
20011416,house,2026-08-25,2019-04-06,ptr,Bradley S. Schneider,20260825T1602Z,backfill
20011720,house,2026-08-25,2019-05-26,ptr,Bradley S. Schneider,20260825T1602Z,backfill
20011859,house,2026-08-25,2019-06-17,ptr,Bradley S. Schneider,20260825T1602Z,backfill
20011882,house,2026-08-25,2019-06-21,ptr,Bradley S. Schneider,20260825T1602Z,backfill
20012082,house,2026-08-25,2019-08-04,ptr,Bradley S. Schneider,20260825T1602Z,backfill
20013807,house,2026-08-25,2019-12-21,ptr,Bradley S. Schneider,20260825T1602Z,backfill
9114355,house,2026-08-25,2019-02-05,ptr,Kurt Schrader,20260825T1602Z,backfill
9114440,house,2026-08-25,2019-03-05,ptr,Kurt Schrader,20260825T1602Z,backfill
9114499,house,2026-08-25,2019-04-01,ptr,Kurt Schrader,20260825T1602Z,backfill
9115060,house,2026-08-25,2019-06-20,ptr,Kurt Schrader,20260825T1602Z,backfill
9115240,house,2026-08-25,2019-08-07,ptr,Kurt Schrader,20260825T1602Z,backfill
9115392,house,2026-08-25,2019-09-13,ptr,Kurt Schrader,20260825T1602Z,backfill
9115500,house,2026-08-25,2019-10-23,ptr,Kurt Schrader,20260825T1602Z,backfill
8216784,house,2026-08-25,2019-12-05,ptr,Kurt Schrader,20260825T1602Z,backfill
8216912,house,2026-08-25,2020-01-14,ptr,Kurt Schrader,20260825T1602Z,backfill
20007920,house,2026-08-25,2019-04-30,ptr,Kim Schrier,20260825T1602Z,backfill
20012404,house,2026-08-25,2019-10-02,ptr,Kim Schrier,20260825T1602Z,backfill
20012496,house,2026-08-25,2019-10-21,ptr,Kim Schrier,20260825T1602Z,backfill
20011256,house,2026-08-25,2019-03-06,ptr,Austin Scott,20260825T1602Z,backfill
9114563,house,2026-08-25,2019-04-29,ptr,F. James Sensenbrenner,20260825T1602Z,backfill
9114795,house,2026-08-25,2019-05-21,ptr,F. James Sensenbrenner,20260825T1602Z,backfill
20011472,house,2026-08-25,2019-04-17,ptr,Mikie Sherrill,20260825T1602Z,backfill
20011646,house,2026-08-25,2019-05-15,ptr,Mikie Sherrill,20260825T1602Z,backfill
20011886,house,2026-08-25,2019-07-08,ptr,Mikie Sherrill,20260825T1602Z,backfill
20012232,house,2026-08-25,2019-09-05,ptr,Mikie Sherrill,20260825T1602Z,backfill
20008955,house,2026-08-25,2019-04-29,ptr,Michael K. Simpson,20260825T1602Z,backfill
9114919,house,2026-08-25,2019-05-15,ptr,Albio Sires,20260825T1602Z,backfill
20010972,house,2026-08-25,2019-01-10,ptr,Lamar Smith,20260825T1602Z,backfill
20011440,house,2026-08-25,2019-04-11,ptr,Lloyd K. Smucker,20260825T1602Z,backfill
20011664,house,2026-08-25,2019-05-13,ptr,Lloyd K. Smucker,20260825T1602Z,backfill
20011948,house,2026-08-25,2019-07-09,ptr,Lloyd K. Smucker,20260825T1602Z,backfill
20012039,house,2026-08-25,2019-07-22,ptr,Bryan George Steil,20260825T1602Z,backfill
20012040,house,2026-08-25,2019-07-22,ptr,Bryan George Steil,20260825T1602Z,backfill
20012159,house,2026-08-25,2019-08-13,ptr,W. Greg Steube,20260825T1602Z,backfill
20011105,house,2026-08-25,2019-02-15,ptr,Nicholas Van Taylor,20260825T1602Z,backfill
20011170,house,2026-08-25,2019-03-14,ptr,Nicholas Van Taylor,20260825T1602Z,backfill
20011315,house,2026-08-25,2019-04-15,ptr,Nicholas Van Taylor,20260825T1602Z,backfill
20011768,house,2026-08-25,2019-06-17,ptr,Nicholas Van Taylor,20260825T1602Z,backfill
20011924,house,2026-08-25,2019-07-09,ptr,Nicholas Van Taylor,20260825T1602Z,backfill
20012121,house,2026-08-25,2019-08-07,ptr,Nicholas Van Taylor,20260825T1602Z,backfill
20012273,house,2026-08-25,2019-09-05,ptr,Nicholas Van Taylor,20260825T1602Z,backfill
20012398,house,2026-08-25,2019-10-08,ptr,Nicholas Van Taylor,20260825T1602Z,backfill
20012539,house,2026-08-25,2019-11-06,ptr,Nicholas Van Taylor,20260825T1602Z,backfill
20012685,house,2026-08-25,2019-12-09,ptr,Nicholas Van Taylor,20260825T1602Z,backfill
20010971,house,2026-08-25,2019-01-08,ptr,David A. Trott,20260825T1602Z,backfill
20011108,house,2026-08-25,2019-02-07,ptr,David A. Trott,20260825T1602Z,backfill
9114325,house,2026-08-25,2019-01-25,ptr,Fred Upton,20260825T1602Z,backfill
9114498,house,2026-08-25,2019-04-04,ptr,Fred Upton,20260825T1602Z,backfill
9114800,house,2026-08-25,2019-05-22,ptr,Fred Upton,20260825T1602Z,backfill
9115061,house,2026-08-25,2019-06-19,ptr,Fred Upton,20260825T1602Z,backfill
9115076,house,2026-08-25,2019-06-25,ptr,Fred Upton,20260825T1602Z,backfill
9115199,house,2026-08-25,2019-07-26,ptr,Fred Upton,20260825T1602Z,backfill
9115393,house,2026-08-25,2019-09-13,ptr,Fred Upton,20260825T1602Z,backfill
8216631,house,2026-08-25,2019-11-05,ptr,Fred Upton,20260825T1602Z,backfill
8216828,house,2026-08-25,2019-12-19,ptr,Fred Upton,20260825T1602Z,backfill
20011048,house,2026-08-25,2019-01-24,ptr,Peter J. Visclosky,20260825T1602Z,backfill
9114491,house,2026-08-25,2019-03-22,ptr,Ann Wagner,20260825T1602Z,backfill
9114647,house,2026-08-25,2019-05-13,ptr,Ann Wagner,20260825T1602Z,backfill
9115052,house,2026-08-25,2019-06-14,ptr,Ann Wagner,20260825T1602Z,backfill
9115156,house,2026-08-25,2019-07-15,ptr,Ann Wagner,20260825T1602Z,backfill
9115290,house,2026-08-25,2019-08-15,ptr,Ann Wagner,20260825T1602Z,backfill
9115350,house,2026-08-25,2019-09-05,ptr,Ann Wagner,20260825T1602Z,backfill
9115514,house,2026-08-25,2019-10-28,ptr,Ann Wagner,20260825T1602Z,backfill
8216665,house,2026-08-25,2019-11-12,ptr,Ann Wagner,20260825T1602Z,backfill
8216807,house,2026-08-25,2019-12-09,ptr,Ann Wagner,20260825T1602Z,backfill
8216876,house,2026-08-25,2020-01-09,ptr,Ann Wagner,20260825T1602Z,backfill
20011896,house,2026-08-25,2019-07-01,ptr,Debbie Wasserman Schultz,20260825T1602Z,backfill
20012392,house,2026-08-25,2019-09-30,ptr,Daniel Webster,20260825T1602Z,backfill
20012454,house,2026-08-25,2019-10-09,ptr,Daniel Webster,20260825T1602Z,backfill
20010935,house,2026-08-25,2019-01-09,ptr,Peter Welch,20260825T1602Z,backfill
20011107,house,2026-08-25,2019-02-07,ptr,Peter Welch,20260825T1602Z,backfill
20011283,house,2026-08-25,2019-03-12,ptr,Peter Welch,20260825T1602Z,backfill
20011504,house,2026-08-25,2019-04-19,ptr,Peter Welch,20260825T1602Z,backfill
20011598,house,2026-08-25,2019-05-03,ptr,Peter Welch,20260825T1602Z,backfill
20011793,house,2026-08-25,2019-06-04,ptr,Peter Welch,20260825T1602Z,backfill
20011955,house,2026-08-25,2019-07-09,ptr,Peter Welch,20260825T1602Z,backfill
20012083,house,2026-08-25,2019-07-31,ptr,Peter Welch,20260825T1602Z,backfill
20012235,house,2026-08-25,2019-09-01,ptr,Peter Welch,20260825T1602Z,backfill
20012390,house,2026-08-25,2019-10-14,ptr,Peter Welch,20260825T1602Z,backfill
20012591,house,2026-08-25,2019-11-14,ptr,Peter Welch,20260825T1602Z,backfill
20012714,house,2026-08-25,2019-12-11,ptr,Peter Welch,20260825T1602Z,backfill
20010995,house,2026-08-25,2019-01-11,ptr,Robert J. Wittman,20260825T1602Z,backfill
20011109,house,2026-08-25,2019-02-07,ptr,Robert J. Wittman,20260825T1602Z,backfill
20011622,house,2026-08-25,2019-05-07,ptr,Robert J. Wittman,20260825T1602Z,backfill
20011953,house,2026-08-25,2019-07-12,ptr,Robert J. Wittman,20260825T1602Z,backfill
20012305,house,2026-08-25,2019-09-18,ptr,Robert J. Wittman,20260825T1602Z,backfill
20012457,house,2026-08-25,2019-10-16,ptr,Robert J. Wittman,20260825T1602Z,backfill
20012746,house,2026-08-25,2019-12-12,ptr,Robert J. Wittman,20260825T1602Z,backfill
20011359,house,2026-08-25,2019-03-29,ptr,Rob Woodall,20260825T1602Z,backfill
20011158,house,2026-08-25,2019-02-14,ptr,John A. Yarmuth,20260825T1602Z,backfill
20012297,house,2026-08-25,2019-09-11,ptr,John A. Yarmuth,20260825T1602Z,backfill
20012377,house,2026-08-25,2019-09-27,ptr,John A. Yarmuth,20260825T1602Z,backfill
9115501,house,2026-08-25,2019-10-23,ptr,Ted S. Yoho,20260825T1602Z,backfill
20016985,house,2026-08-25,2020-07-20,ptr,Richard W. Allen,20260825T1602Z,backfill
20017164,house,2026-08-25,2020-08-18,ptr,Richard W. Allen,20260825T1602Z,backfill
20017470,house,2026-08-25,2020-10-06,ptr,Richard W. Allen,20260825T1602Z,backfill
20016417,house,2026-08-25,2020-04-15,ptr,Justin Amash,20260825T1602Z,backfill
20016981,house,2026-08-25,2020-07-20,ptr,James E. Banks,20260825T1602Z,backfill
20017133,house,2026-08-25,2020-08-12,ptr,James E. Banks,20260825T1602Z,backfill
20017201,house,2026-08-25,2020-08-17,ptr,James E. Banks,20260825T1602Z,backfill
20017359,house,2026-08-25,2020-09-15,ptr,James E. Banks,20260825T1602Z,backfill
20017471,house,2026-08-25,2020-10-06,ptr,James E. Banks,20260825T1602Z,backfill
20017843,house,2026-08-25,2020-12-17,ptr,James E. Banks,20260825T1602Z,backfill
20013832,house,2026-08-25,2020-01-02,ptr,Donald Sternoff Beyer,20260825T1602Z,backfill
20016099,house,2026-08-25,2020-02-22,ptr,Donald Sternoff Beyer,20260825T1602Z,backfill
20016101,house,2026-08-25,2020-02-22,ptr,Donald Sternoff Beyer,20260825T1602Z,backfill
20016371,house,2026-08-25,2020-04-07,ptr,Donald Sternoff Beyer,20260825T1602Z,backfill
20016572,house,2026-08-25,2020-05-09,ptr,Donald Sternoff Beyer,20260825T1602Z,backfill
20016587,house,2026-08-25,2020-05-12,ptr,Donald Sternoff Beyer,20260825T1602Z,backfill
20016686,house,2026-08-25,2020-05-31,ptr,Donald Sternoff Beyer,20260825T1602Z,backfill
20016885,house,2026-08-25,2020-07-03,ptr,Donald Sternoff Beyer,20260825T1602Z,backfill
20017058,house,2026-08-25,2020-08-09,ptr,Donald Sternoff Beyer,20260825T1602Z,backfill
20017313,house,2026-08-25,2020-09-06,ptr,Donald Sternoff Beyer,20260825T1602Z,backfill
20017435,house,2026-08-25,2020-10-01,ptr,Donald Sternoff Beyer,20260825T1602Z,backfill
20017648,house,2026-08-25,2020-11-05,ptr,Donald Sternoff Beyer,20260825T1602Z,backfill
20017748,house,2026-08-25,2020-12-01,ptr,Donald Sternoff Beyer,20260825T1602Z,backfill
8217571,house,2026-08-25,2020-08-20,ptr,Gus M. Bilirakis,20260825T1602Z,backfill
8217762,house,2026-08-25,2020-12-09,ptr,Gus M. Bilirakis,20260825T1602Z,backfill
20013901,house,2026-08-25,2020-01-10,ptr,Earl Blumenauer,20260825T1602Z,backfill
20016125,house,2026-08-25,2020-02-27,ptr,Earl Blumenauer,20260825T1602Z,backfill
20016347,house,2026-08-25,2020-04-16,ptr,Earl Blumenauer,20260825T1602Z,backfill
20016588,house,2026-08-25,2020-05-20,ptr,Earl Blumenauer,20260825T1602Z,backfill
20016707,house,2026-08-25,2020-06-03,ptr,Earl Blumenauer,20260825T1602Z,backfill
20016784,house,2026-08-25,2020-06-15,ptr,Earl Blumenauer,20260825T1602Z,backfill
20016979,house,2026-08-25,2020-07-17,ptr,Earl Blumenauer,20260825T1602Z,backfill
20017141,house,2026-08-25,2020-08-10,ptr,Earl Blumenauer,20260825T1602Z,backfill
20017242,house,2026-08-25,2020-08-24,ptr,Earl Blumenauer,20260825T1602Z,backfill
20017336,house,2026-08-25,2020-09-10,ptr,Earl Blumenauer,20260825T1602Z,backfill
20017489,house,2026-08-25,2020-10-07,ptr,Earl Blumenauer,20260825T1602Z,backfill
20017631,house,2026-08-25,2020-11-03,ptr,Earl Blumenauer,20260825T1602Z,backfill
20017821,house,2026-08-25,2020-12-07,ptr,Earl Blumenauer,20260825T1602Z,backfill
20014938,house,2026-08-25,2020-01-20,ptr,Mo Brooks,20260825T1602Z,backfill
20016288,house,2026-08-25,2020-03-24,ptr,Mo Brooks,20260825T1602Z,backfill
20016653,house,2026-08-25,2020-05-22,ptr,Mo Brooks,20260825T1602Z,backfill
20016939,house,2026-08-25,2020-07-11,ptr,Mo Brooks,20260825T1602Z,backfill
20017659,house,2026-08-25,2020-11-08,ptr,Mo Brooks,20260825T1602Z,backfill
20016088,house,2026-08-25,2020-02-27,ptr,Susan W. Brooks,20260825T1602Z,backfill
20016445,house,2026-08-25,2020-04-27,ptr,Susan W. Brooks,20260825T1602Z,backfill
20016069,house,2026-08-25,2020-02-17,ptr,Vern Buchanan,20260825T1602Z,backfill
20016326,house,2026-08-25,2020-03-31,ptr,Vern Buchanan,20260825T1602Z,backfill
20016651,house,2026-08-25,2020-05-22,ptr,Vern Buchanan,20260825T1602Z,backfill
20017118,house,2026-08-25,2020-08-07,ptr,Vern Buchanan,20260825T1602Z,backfill
20016116,house,2026-08-25,2020-02-26,ptr,Tim Burchett,20260825T1602Z,backfill
20016150,house,2026-08-25,2020-03-07,ptr,Cheri Bustos,20260825T1602Z,backfill
20016614,house,2026-08-25,2020-05-19,ptr,Cheri Bustos,20260825T1602Z,backfill
20016752,house,2026-08-25,2020-06-11,ptr,Earl Leroy Carter,20260825T1602Z,backfill
20017188,house,2026-08-25,2020-08-13,ptr,Earl Leroy Carter,20260825T1602Z,backfill
20017327,house,2026-08-25,2020-09-09,ptr,Earl Leroy Carter,20260825T1602Z,backfill
20013869,house,2026-08-25,2020-01-08,ptr,Kathy Castor,20260825T1602Z,backfill
20016355,house,2026-08-25,2020-04-03,ptr,Kathy Castor,20260825T1602Z,backfill
20016456,house,2026-08-25,2020-04-22,ptr,Kathy Castor,20260825T1602Z,backfill
20016569,house,2026-08-25,2020-05-20,ptr,Kathy Castor,20260825T1602Z,backfill
20016973,house,2026-08-25,2020-07-16,ptr,Kathy Castor,20260825T1602Z,backfill
20017104,house,2026-08-25,2020-08-06,ptr,Kathy Castor,20260825T1602Z,backfill
20017492,house,2026-08-25,2020-10-08,ptr,Kathy Castor,20260825T1602Z,backfill
20017786,house,2026-08-25,2020-12-02,ptr,Kathy Castor,20260825T1602Z,backfill
20017944,house,2026-08-25,2020-12-30,ptr,Judy Chu,20260825T1602Z,backfill
20013867,house,2026-08-25,2020-01-10,ptr,Gilbert Cisneros,20260825T1602Z,backfill
20015011,house,2026-08-25,2020-02-18,ptr,Gilbert Cisneros,20260825T1602Z,backfill
20016182,house,2026-08-25,2020-03-10,ptr,Gilbert Cisneros,20260825T1602Z,backfill
20016402,house,2026-08-25,2020-04-16,ptr,Gilbert Cisneros,20260825T1602Z,backfill
20016567,house,2026-08-25,2020-05-13,ptr,Gilbert Cisneros,20260825T1602Z,backfill
20016758,house,2026-08-25,2020-06-16,ptr,Gilbert Cisneros,20260825T1602Z,backfill
20016915,house,2026-08-25,2020-07-17,ptr,Gilbert Cisneros,20260825T1602Z,backfill
20017157,house,2026-08-25,2020-08-19,ptr,Gilbert Cisneros,20260825T1602Z,backfill
20017355,house,2026-08-25,2020-09-14,ptr,Gilbert Cisneros,20260825T1602Z,backfill
20017505,house,2026-08-25,2020-10-14,ptr,Gilbert Cisneros,20260825T1602Z,backfill
20017632,house,2026-08-25,2020-11-05,ptr,Gilbert Cisneros,20260825T1602Z,backfill
20017860,house,2026-08-25,2020-12-15,ptr,Gilbert Cisneros,20260825T1602Z,backfill
20015009,house,2026-08-25,2020-02-04,ptr,Katherine M. Clark,20260825T1602Z,backfill
20016438,house,2026-08-25,2020-04-20,ptr,Katherine M. Clark,20260825T1602Z,backfill
20016678,house,2026-08-25,2020-05-29,ptr,Katherine M. Clark,20260825T1602Z,backfill
20017166,house,2026-08-25,2020-08-12,ptr,Katherine M. Clark,20260825T1602Z,backfill
20017449,house,2026-08-25,2020-09-30,ptr,Katherine M. Clark,20260825T1602Z,backfill
20017628,house,2026-08-25,2020-11-03,ptr,Katherine M. Clark,20260825T1602Z,backfill
20017790,house,2026-08-25,2020-12-03,ptr,Katherine M. Clark,20260825T1602Z,backfill
20017829,house,2026-08-25,2020-12-09,ptr,Katherine M. Clark,20260825T1602Z,backfill
20017924,house,2026-08-25,2020-12-28,ptr,Katherine M. Clark,20260825T1602Z,backfill
8217474,house,2026-08-25,2020-08-10,ptr,Wm. Lacy Clay,20260825T1602Z,backfill
20016457,house,2026-08-25,2020-04-22,ptr,Steve Cohen,20260825T1602Z,backfill
20016655,house,2026-08-25,2020-05-22,ptr,Steve Cohen,20260825T1602Z,backfill
20016656,house,2026-08-25,2020-05-22,ptr,Steve Cohen,20260825T1602Z,backfill
20016657,house,2026-08-25,2020-05-22,ptr,Steve Cohen,20260825T1602Z,backfill
20016812,house,2026-08-25,2020-06-18,ptr,Steve Cohen,20260825T1602Z,backfill
8216957,house,2026-08-25,2020-02-05,ptr,James Comer,20260825T1602Z,backfill
8217113,house,2026-08-25,2020-03-25,ptr,James Comer,20260825T1602Z,backfill
20017245,house,2026-08-25,2020-08-24,ptr,James Comer,20260825T1602Z,backfill
20017880,house,2026-08-25,2020-12-18,ptr,James Comer,20260825T1602Z,backfill
20014994,house,2026-08-25,2020-02-07,ptr,K. Michael Conaway,20260825T1602Z,backfill
20015025,house,2026-08-25,2020-02-07,ptr,K. Michael Conaway,20260825T1602Z,backfill
20016198,house,2026-08-25,2020-03-10,ptr,K. Michael Conaway,20260825T1602Z,backfill
20016346,house,2026-08-25,2020-04-06,ptr,K. Michael Conaway,20260825T1602Z,backfill
20016520,house,2026-08-25,2020-05-04,ptr,K. Michael Conaway,20260825T1602Z,backfill
20016729,house,2026-08-25,2020-06-09,ptr,K. Michael Conaway,20260825T1602Z,backfill
20016929,house,2026-08-25,2020-07-10,ptr,K. Michael Conaway,20260825T1602Z,backfill
20017070,house,2026-08-25,2020-09-04,ptr,K. Michael Conaway,20260825T1602Z,backfill
20017309,house,2026-08-25,2020-09-08,ptr,K. Michael Conaway,20260825T1602Z,backfill
20017475,house,2026-08-25,2020-10-05,ptr,K. Michael Conaway,20260825T1602Z,backfill
20017610,house,2026-08-25,2020-12-04,ptr,K. Michael Conaway,20260825T1602Z,backfill
20017831,house,2026-08-25,2020-12-15,ptr,K. Michael Conaway,20260825T1602Z,backfill
20014965,house,2026-08-25,2020-01-29,ptr,Gerald E. Connolly,20260825T1602Z,backfill
20016799,house,2026-08-25,2020-06-18,ptr,Gerald E. Connolly,20260825T1602Z,backfill
20016811,house,2026-08-25,2020-07-26,ptr,Gerald E. Connolly,20260825T1602Z,backfill
20017629,house,2026-08-25,2020-11-03,ptr,Gerald E. Connolly,20260825T1602Z,backfill
20017036,house,2026-08-25,2020-07-29,ptr,Joe Courtney,20260825T1602Z,backfill
20017260,house,2026-08-25,2020-08-27,ptr,Joe Courtney,20260825T1602Z,backfill
20017600,house,2026-08-25,2020-11-06,ptr,Joe Courtney,20260825T1602Z,backfill
20017685,house,2026-08-25,2020-11-16,ptr,Joe Courtney,20260825T1602Z,backfill
20017403,house,2026-08-25,2020-09-22,ptr,TJ John (Tj) Cox,20260825T1602Z,backfill
20016299,house,2026-08-25,2020-04-09,ptr,John Curtis,20260825T1602Z,backfill
20016416,house,2026-08-25,2020-04-20,ptr,John Curtis,20260825T1602Z,backfill
20016532,house,2026-08-25,2020-05-04,ptr,John Curtis,20260825T1602Z,backfill
20016613,house,2026-08-25,2020-05-18,ptr,John Curtis,20260825T1602Z,backfill
20016693,house,2026-08-25,2020-06-16,ptr,John Curtis,20260825T1602Z,backfill
20016872,house,2026-08-25,2020-07-01,ptr,John Curtis,20260825T1602Z,backfill
20017225,house,2026-08-25,2020-08-25,ptr,John Curtis,20260825T1602Z,backfill
20017519,house,2026-08-25,2020-10-16,ptr,John Curtis,20260825T1602Z,backfill
20016106,house,2026-08-25,2020-03-13,ptr,Susan A. Davis,20260825T1602Z,backfill
20016363,house,2026-08-25,2020-04-16,ptr,Susan A. Davis,20260825T1602Z,backfill
20016579,house,2026-08-25,2020-05-14,ptr,Susan A. Davis,20260825T1602Z,backfill
20017575,house,2026-08-25,2020-10-29,ptr,Susan A. Davis,20260825T1602Z,backfill
20017741,house,2026-08-25,2020-11-30,ptr,Susan A. Davis,20260825T1602Z,backfill
20013841,house,2026-08-25,2020-01-15,ptr,Suzan K. DelBene,20260825T1602Z,backfill
20014990,house,2026-08-25,2020-02-14,ptr,Suzan K. DelBene,20260825T1602Z,backfill
20016165,house,2026-08-25,2020-03-15,ptr,Suzan K. DelBene,20260825T1602Z,backfill
20016353,house,2026-08-25,2020-04-14,ptr,Suzan K. DelBene,20260825T1602Z,backfill
20016546,house,2026-08-25,2020-05-16,ptr,Suzan K. DelBene,20260825T1602Z,backfill
20016710,house,2026-08-25,2020-06-14,ptr,Suzan K. DelBene,20260825T1602Z,backfill
20016890,house,2026-08-25,2020-07-15,ptr,Suzan K. DelBene,20260825T1602Z,backfill
20017080,house,2026-08-25,2020-08-10,ptr,Suzan K. DelBene,20260825T1602Z,backfill
20017285,house,2026-08-25,2020-09-14,ptr,Suzan K. DelBene,20260825T1602Z,backfill
20017625,house,2026-08-25,2020-11-09,ptr,Suzan K. DelBene,20260825T1602Z,backfill
20017771,house,2026-08-25,2020-12-10,ptr,Suzan K. DelBene,20260825T1602Z,backfill
20013817,house,2026-08-25,2020-01-13,ptr,Debbie Dingell,20260825T1602Z,backfill
20016401,house,2026-08-25,2020-04-16,ptr,Debbie Dingell,20260825T1602Z,backfill
20017265,house,2026-08-25,2020-09-02,ptr,Debbie Dingell,20260825T1602Z,backfill
20017566,house,2026-08-25,2020-10-24,ptr,Debbie Dingell,20260825T1602Z,backfill
20017750,house,2026-08-25,2020-12-01,ptr,Debbie Dingell,20260825T1602Z,backfill
20013886,house,2026-08-25,2020-01-10,ptr,Lloyd Doggett,20260825T1602Z,backfill
20016163,house,2026-08-25,2020-03-04,ptr,Lloyd Doggett,20260825T1602Z,backfill
20016383,house,2026-08-25,2020-04-09,ptr,Lloyd Doggett,20260825T1602Z,backfill
20016706,house,2026-08-25,2020-06-03,ptr,Lloyd Doggett,20260825T1602Z,backfill
20016889,house,2026-08-25,2020-07-06,ptr,Lloyd Doggett,20260825T1602Z,backfill
20017091,house,2026-08-25,2020-08-05,ptr,Lloyd Doggett,20260825T1602Z,backfill
20017318,house,2026-08-25,2020-09-08,ptr,Lloyd Doggett,20260825T1602Z,backfill
20017540,house,2026-08-25,2020-10-16,ptr,Lloyd Doggett,20260825T1602Z,backfill
20017652,house,2026-08-25,2020-11-06,ptr,Lloyd Doggett,20260825T1602Z,backfill
20017815,house,2026-08-25,2020-12-07,ptr,Lloyd Doggett,20260825T1602Z,backfill
20014934,house,2026-08-25,2020-01-20,ptr,"Neal Patrick MD, Facs Dunn",20260825T1602Z,backfill
20014974,house,2026-08-25,2020-01-30,ptr,"Neal Patrick MD, Facs Dunn",20260825T1602Z,backfill
20016121,house,2026-08-25,2020-03-19,ptr,"Neal Patrick MD, Facs Dunn",20260825T1602Z,backfill
20016504,house,2026-08-25,2020-05-01,ptr,"Neal Patrick MD, Facs Dunn",20260825T1602Z,backfill
20016690,house,2026-08-25,2020-06-23,ptr,"Neal Patrick MD, Facs Dunn",20260825T1602Z,backfill
20016943,house,2026-08-25,2020-07-18,ptr,"Neal Patrick MD, FACS Dunn",20260825T1602Z,backfill
20017240,house,2026-08-25,2020-09-09,ptr,"Neal Patrick Dunn MD, FACS",20260825T1602Z,backfill
20017498,house,2026-08-25,2020-11-05,ptr,"Neal Patrick Dunn MD, FACS",20260825T1602Z,backfill
20017740,house,2026-08-25,2020-12-23,ptr,"Neal Patrick Dunn MD, FACS",20260825T1602Z,backfill
20016466,house,2026-08-25,2020-04-23,ptr,Dwight Evans,20260825T1602Z,backfill
20016992,house,2026-08-25,2020-07-20,ptr,Dwight Evans,20260825T1602Z,backfill
20017404,house,2026-08-25,2020-09-21,ptr,Dwight Evans,20260825T1602Z,backfill
20017791,house,2026-08-25,2020-12-03,ptr,Dwight Evans,20260825T1602Z,backfill
8216969,house,2026-08-25,2020-02-12,ptr,"Charles J. ""Chuck"" Fleischmann",20260825T1602Z,backfill
8217280,house,2026-08-25,2020-05-28,ptr,"Charles J. ""Chuck"" Fleischmann",20260825T1602Z,backfill
8217559,house,2026-08-25,2020-08-18,ptr,"Charles J. ""Chuck"" Fleischmann",20260825T1602Z,backfill
8217737,house,2026-08-25,2020-11-24,ptr,"Charles J. ""Chuck"" Fleischmann",20260825T1602Z,backfill
8217763,house,2026-08-25,2020-12-09,ptr,"Charles J. ""Chuck"" Fleischmann",20260825T1602Z,backfill
8217821,house,2026-08-25,2021-01-26,ptr,"Charles J. ""Chuck"" Fleischmann",20260825T1602Z,backfill
20013885,house,2026-08-25,2020-01-09,ptr,Bill Flores,20260825T1602Z,backfill
20013849,house,2026-08-25,2020-01-06,ptr,Virginia Foxx,20260825T1602Z,backfill
20014989,house,2026-08-25,2020-02-03,ptr,Virginia Foxx,20260825T1602Z,backfill
20016147,house,2026-08-25,2020-03-03,ptr,Virginia Foxx,20260825T1602Z,backfill
20016334,house,2026-08-25,2020-04-01,ptr,Virginia Foxx,20260825T1602Z,backfill
20016533,house,2026-08-25,2020-05-04,ptr,Virginia Foxx,20260825T1602Z,backfill
20016695,house,2026-08-25,2020-06-06,ptr,Virginia Foxx,20260825T1602Z,backfill
20016869,house,2026-08-25,2020-07-08,ptr,Virginia Foxx,20260825T1602Z,backfill
20017127,house,2026-08-25,2020-08-10,ptr,Virginia Foxx,20260825T1602Z,backfill
20017289,house,2026-08-25,2020-09-04,ptr,Virginia Foxx,20260825T1602Z,backfill
20017465,house,2026-08-25,2020-10-05,ptr,Virginia Foxx,20260825T1602Z,backfill
20017642,house,2026-08-25,2020-11-06,ptr,Virginia Foxx,20260825T1602Z,backfill
20017785,house,2026-08-25,2020-12-02,ptr,Virginia Foxx,20260825T1602Z,backfill
20014949,house,2026-08-25,2020-01-23,ptr,Lois Frankel,20260825T1602Z,backfill
20016100,house,2026-08-25,2020-02-24,ptr,Lois Frankel,20260825T1602Z,backfill
20016258,house,2026-08-25,2020-03-23,ptr,Lois Frankel,20260825T1602Z,backfill
20016444,house,2026-08-25,2020-04-27,ptr,Lois Frankel,20260825T1602Z,backfill
20016661,house,2026-08-25,2020-05-28,ptr,Lois Frankel,20260825T1602Z,backfill
20016827,house,2026-08-25,2020-06-28,ptr,Lois Frankel,20260825T1602Z,backfill
20017016,house,2026-08-25,2020-07-24,ptr,Lois Frankel,20260825T1602Z,backfill
20017216,house,2026-08-25,2020-08-24,ptr,Lois Frankel,20260825T1602Z,backfill
20017402,house,2026-08-25,2020-09-29,ptr,Lois Frankel,20260825T1602Z,backfill
20017556,house,2026-08-25,2020-10-22,ptr,Lois Frankel,20260825T1602Z,backfill
20017716,house,2026-08-25,2020-11-24,ptr,Lois Frankel,20260825T1602Z,backfill
20017911,house,2026-08-25,2020-12-28,ptr,Lois Frankel,20260825T1602Z,backfill
20013811,house,2026-08-25,2020-01-03,ptr,Matt Gaetz,20260825T1602Z,backfill
20013884,house,2026-08-25,2020-01-14,ptr,Michael John Gallagher,20260825T1602Z,backfill
20015036,house,2026-08-25,2020-02-08,ptr,Michael John Gallagher,20260825T1602Z,backfill
20016805,house,2026-08-25,2020-06-17,ptr,Michael Garcia,20260825T1602Z,backfill
20017738,house,2026-08-25,2020-11-23,ptr,Michael Garcia,20260825T1602Z,backfill
20017779,house,2026-08-25,2020-12-02,ptr,Michael Garcia,20260825T1602Z,backfill
20017894,house,2026-08-25,2020-12-21,ptr,Michael Garcia,20260825T1602Z,backfill
20015005,house,2026-08-25,2020-02-05,ptr,Greg Gianforte,20260825T1602Z,backfill
20015023,house,2026-08-25,2020-02-07,ptr,Greg Gianforte,20260825T1602Z,backfill
20015054,house,2026-08-25,2020-02-14,ptr,Greg Gianforte,20260825T1602Z,backfill
20015064,house,2026-08-25,2020-02-14,ptr,Greg Gianforte,20260825T1602Z,backfill
20016073,house,2026-08-25,2020-02-18,ptr,Greg Gianforte,20260825T1602Z,backfill
20016104,house,2026-08-25,2020-03-09,ptr,Greg Gianforte,20260825T1602Z,backfill
20016265,house,2026-08-25,2020-03-18,ptr,Greg Gianforte,20260825T1602Z,backfill
20016366,house,2026-08-25,2020-04-07,ptr,Greg Gianforte,20260825T1602Z,backfill
20016403,house,2026-08-25,2020-04-14,ptr,Greg Gianforte,20260825T1602Z,backfill
20016459,house,2026-08-25,2020-04-23,ptr,Greg Gianforte,20260825T1602Z,backfill
20016565,house,2026-08-25,2020-05-07,ptr,Greg Gianforte,20260825T1602Z,backfill
20016583,house,2026-08-25,2020-05-12,ptr,Greg Gianforte,20260825T1602Z,backfill
20016675,house,2026-08-25,2020-05-29,ptr,Greg Gianforte,20260825T1602Z,backfill
20016834,house,2026-08-25,2020-06-25,ptr,Greg Gianforte,20260825T1602Z,backfill
20016854,house,2026-08-25,2020-07-01,ptr,Greg Gianforte,20260825T1602Z,backfill
20016905,house,2026-08-25,2020-07-07,ptr,Greg Gianforte,20260825T1602Z,backfill
20016986,house,2026-08-25,2020-07-20,ptr,Greg Gianforte,20260825T1602Z,backfill
20017029,house,2026-08-25,2020-07-27,ptr,Greg Gianforte,20260825T1602Z,backfill
20017068,house,2026-08-25,2020-08-03,ptr,Greg Gianforte,20260825T1602Z,backfill
20017218,house,2026-08-25,2020-08-18,ptr,Greg Gianforte,20260825T1602Z,backfill
20017284,house,2026-08-25,2020-09-02,ptr,Greg Gianforte,20260825T1602Z,backfill
20017373,house,2026-08-25,2020-09-15,ptr,Greg Gianforte,20260825T1602Z,backfill
20017555,house,2026-08-25,2020-10-19,ptr,Greg Gianforte,20260825T1602Z,backfill
20017587,house,2026-08-25,2020-10-28,ptr,Greg Gianforte,20260825T1602Z,backfill
20017668,house,2026-08-25,2020-11-09,ptr,Greg Gianforte,20260825T1602Z,backfill
20017780,house,2026-08-25,2020-12-02,ptr,Greg Gianforte,20260825T1602Z,backfill
20017789,house,2026-08-25,2020-12-03,ptr,Greg Gianforte,20260825T1602Z,backfill
20017905,house,2026-08-25,2020-12-23,ptr,Greg Gianforte,20260825T1602Z,backfill
20017928,house,2026-08-25,2020-12-29,ptr,Greg Gianforte,20260825T1602Z,backfill
20013862,house,2026-08-25,2020-01-06,ptr,Bob Gibbs,20260825T1602Z,backfill
20013906,house,2026-08-25,2020-01-13,ptr,Bob Gibbs,20260825T1602Z,backfill
20014982,house,2026-08-25,2020-02-01,ptr,Bob Gibbs,20260825T1602Z,backfill
20016722,house,2026-08-25,2020-06-05,ptr,Bob Gibbs,20260825T1602Z,backfill
20017077,house,2026-08-25,2020-08-04,ptr,Bob Gibbs,20260825T1602Z,backfill
20017247,house,2026-08-25,2020-08-25,ptr,Bob Gibbs,20260825T1602Z,backfill
20017330,house,2026-08-25,2020-09-09,ptr,Bob Gibbs,20260825T1602Z,backfill
20017441,house,2026-08-25,2020-09-28,ptr,Bob Gibbs,20260825T1602Z,backfill
20017734,house,2026-08-25,2020-11-22,ptr,Bob Gibbs,20260825T1602Z,backfill
20017910,house,2026-08-25,2020-12-24,ptr,Bob Gibbs,20260825T1602Z,backfill
20017428,house,2026-08-25,2020-09-24,ptr,Anthony E. Gonzalez,20260825T1602Z,backfill
20013859,house,2026-08-25,2020-01-06,ptr,Josh Gottheimer,20260825T1602Z,backfill
20015007,house,2026-08-25,2020-02-10,ptr,Josh Gottheimer,20260825T1602Z,backfill
20016181,house,2026-08-25,2020-03-16,ptr,Josh Gottheimer,20260825T1602Z,backfill
20016373,house,2026-08-25,2020-04-11,ptr,Josh Gottheimer,20260825T1602Z,backfill
20016556,house,2026-08-25,2020-05-13,ptr,Josh Gottheimer,20260825T1602Z,backfill
20016732,house,2026-08-25,2020-06-10,ptr,Josh Gottheimer,20260825T1602Z,backfill
20016893,house,2026-08-25,2020-07-09,ptr,Josh Gottheimer,20260825T1602Z,backfill
20017128,house,2026-08-25,2020-08-10,ptr,Josh Gottheimer,20260825T1602Z,backfill
20017335,house,2026-08-25,2020-09-20,ptr,Josh Gottheimer,20260825T1602Z,backfill
20017476,house,2026-08-25,2020-10-13,ptr,Josh Gottheimer,20260825T1602Z,backfill
20017634,house,2026-08-25,2020-11-05,ptr,Josh Gottheimer,20260825T1602Z,backfill
20017827,house,2026-08-25,2020-12-09,ptr,Josh Gottheimer,20260825T1602Z,backfill
20016856,house,2026-08-25,2020-06-29,ptr,Garret Graves,20260825T1602Z,backfill
20016874,house,2026-08-25,2020-07-06,ptr,Mark Green,20260825T1602Z,backfill
20016957,house,2026-08-25,2020-07-18,ptr,Mark Green,20260825T1602Z,backfill
20017031,house,2026-08-25,2020-08-12,ptr,Mark Green,20260825T1602Z,backfill
20017203,house,2026-08-25,2020-08-18,ptr,Mark Green,20260825T1602Z,backfill
20017223,house,2026-08-25,2020-09-16,ptr,Mark Green,20260825T1602Z,backfill
20017388,house,2026-08-25,2020-09-20,ptr,Mark Green,20260825T1602Z,backfill
20017413,house,2026-08-25,2020-10-09,ptr,Mark Green,20260825T1602Z,backfill
20017507,house,2026-08-25,2020-10-29,ptr,Mark Green,20260825T1602Z,backfill
20017703,house,2026-08-25,2020-11-17,ptr,Mark Green,20260825T1602Z,backfill
20017736,house,2026-08-25,2020-12-02,ptr,Mark Green,20260825T1602Z,backfill
20017816,house,2026-08-25,2020-12-12,ptr,Mark Green,20260825T1602Z,backfill
20016360,house,2026-08-25,2020-04-03,ptr,Michael Patrick Guest,20260825T1602Z,backfill
8219906,house,2026-08-25,2023-08-11,ptr,Michael Patrick Guest,20260825T1602Z,backfill
8217738,house,2026-08-25,2020-11-20,ptr,James Hagedorn,20260825T1602Z,backfill
20013916,house,2026-08-25,2020-01-14,ptr,Kevin Hern,20260825T1602Z,backfill
20015066,house,2026-08-25,2020-02-15,ptr,Kevin Hern,20260825T1602Z,backfill
20016254,house,2026-08-25,2020-03-17,ptr,Kevin Hern,20260825T1602Z,backfill
20016419,house,2026-08-25,2020-04-16,ptr,Kevin Hern,20260825T1602Z,backfill
20016607,house,2026-08-25,2020-05-15,ptr,Kevin Hern,20260825T1602Z,backfill
20016796,house,2026-08-25,2020-06-16,ptr,Kevin Hern,20260825T1602Z,backfill
20016983,house,2026-08-25,2020-07-20,ptr,Kevin Hern,20260825T1602Z,backfill
20017192,house,2026-08-25,2020-08-15,ptr,Kevin Hern,20260825T1602Z,backfill
20017380,house,2026-08-25,2020-09-15,ptr,Kevin Hern,20260825T1602Z,backfill
20017527,house,2026-08-25,2020-10-15,ptr,Kevin Hern,20260825T1602Z,backfill
20017687,house,2026-08-25,2020-11-14,ptr,Kevin Hern,20260825T1602Z,backfill
20017853,house,2026-08-25,2020-12-14,ptr,Kevin Hern,20260825T1602Z,backfill
20005968,house,2026-08-25,2020-01-15,ptr,James French Hill,20260825T1602Z,backfill
20017855,house,2026-08-25,2020-12-30,ptr,James French Hill,20260825T1602Z,backfill
8217083,house,2026-08-25,2020-03-12,ptr,George Holding,20260825T1602Z,backfill
8217594,house,2026-08-25,2020-08-21,ptr,George Holding,20260825T1602Z,backfill
8217671,house,2026-08-25,2020-10-02,ptr,George Holding,20260825T1602Z,backfill
8217739,house,2026-08-25,2020-11-19,ptr,George Holding,20260825T1602Z,backfill
8217232,house,2026-08-25,2020-05-18,ptr,Trey Hollingsworth,20260825T1602Z,backfill
8217322,house,2026-08-25,2020-06-15,ptr,Trey Hollingsworth,20260825T1602Z,backfill
8217352,house,2026-08-25,2020-07-01,ptr,Trey Hollingsworth,20260825T1602Z,backfill
8217447,house,2026-08-25,2020-08-05,ptr,Trey Hollingsworth,20260825T1602Z,backfill
8217634,house,2026-08-25,2020-09-09,ptr,Trey Hollingsworth,20260825T1602Z,backfill
8217678,house,2026-08-25,2020-10-09,ptr,Trey Hollingsworth,20260825T1602Z,backfill
8217764,house,2026-08-25,2020-12-09,ptr,Trey Hollingsworth,20260825T1602Z,backfill
20017620,house,2026-08-25,2020-11-06,ptr,Christopher L. Jacobs,20260825T1602Z,backfill
20017915,house,2026-08-25,2020-12-26,ptr,Hakeem S. Jeffries,20260825T1602Z,backfill
20014973,house,2026-08-25,2020-07-30,ptr,David P. Joyce,20260825T1602Z,backfill
8217005,house,2026-08-25,2020-02-25,ptr,Mike Kelly,20260825T1602Z,backfill
8217163,house,2026-08-25,2020-04-20,ptr,Mike Kelly,20260825T1602Z,backfill
8217198,house,2026-08-25,2020-05-05,ptr,Mike Kelly,20260825T1602Z,backfill
8217253,house,2026-08-25,2020-05-20,ptr,Mike Kelly,20260825T1602Z,backfill
8217402,house,2026-08-25,2020-07-22,ptr,Mike Kelly,20260825T1602Z,backfill
8216878,house,2026-08-25,2020-01-08,ptr,Joseph P. Kennedy,20260825T1602Z,backfill
8217403,house,2026-08-25,2020-07-21,ptr,Joseph P. Kennedy,20260825T1602Z,backfill
8217660,house,2026-08-25,2020-09-18,ptr,Joseph P. Kennedy,20260825T1602Z,backfill
8216879,house,2026-08-25,2020-01-09,ptr,Rohit Khanna,20260825T1602Z,backfill
8216965,house,2026-08-25,2020-02-10,ptr,Rohit Khanna,20260825T1602Z,backfill
8217060,house,2026-08-25,2020-03-09,ptr,Rohit Khanna,20260825T1602Z,backfill
8217164,house,2026-08-25,2020-04-20,ptr,Rohit Khanna,20260825T1602Z,backfill
8217213,house,2026-08-25,2020-05-13,ptr,Rohit Khanna,20260825T1602Z,backfill
8217329,house,2026-08-25,2020-06-17,ptr,Rohit Khanna,20260825T1602Z,backfill
8217394,house,2026-08-25,2020-07-17,ptr,Rohit Khanna,20260825T1602Z,backfill
8217557,house,2026-08-25,2020-08-17,ptr,Rohit Khanna,20260825T1602Z,backfill
8217653,house,2026-08-25,2020-09-17,ptr,Rohit Khanna,20260825T1602Z,backfill
8217686,house,2026-08-25,2020-10-21,ptr,Rohit Khanna,20260825T1602Z,backfill
8217740,house,2026-08-25,2020-11-20,ptr,Rohit Khanna,20260825T1602Z,backfill
8217777,house,2026-08-25,2020-12-16,ptr,Rohit Khanna,20260825T1602Z,backfill
8217812,house,2026-08-25,2021-01-15,ptr,Rohit Khanna,20260825T1602Z,backfill
20016564,house,2026-08-25,2020-05-07,ptr,Adam Kinzinger,20260825T1602Z,backfill
20016742,house,2026-08-25,2020-06-10,ptr,Adam Kinzinger,20260825T1602Z,backfill
20016743,house,2026-08-25,2020-06-10,ptr,Adam Kinzinger,20260825T1602Z,backfill
20017001,house,2026-08-25,2020-07-21,ptr,Adam Kinzinger,20260825T1602Z,backfill
20017861,house,2026-08-25,2020-12-16,ptr,S. Raja Krishnamoorthi,20260825T1602Z,backfill
8217045,house,2026-08-25,2020-03-02,ptr,David Kustoff,20260825T1602Z,backfill
8217640,house,2026-08-25,2020-09-14,ptr,Doug Lamborn,20260825T1602Z,backfill
8217726,house,2026-08-25,2020-11-10,ptr,Doug Lamborn,20260825T1602Z,backfill
8217760,house,2026-08-25,2020-12-08,ptr,Doug Lamborn,20260825T1602Z,backfill
8217785,house,2026-08-25,2020-12-28,ptr,Doug Lamborn,20260825T1602Z,backfill
20014978,house,2026-08-25,2020-01-31,ptr,James R. Langevin,20260825T1602Z,backfill
20016151,house,2026-08-25,2020-03-03,ptr,James R. Langevin,20260825T1602Z,backfill
20016320,house,2026-08-25,2020-03-30,ptr,James R. Langevin,20260825T1602Z,backfill
20016547,house,2026-08-25,2020-05-05,ptr,James R. Langevin,20260825T1602Z,backfill
20016548,house,2026-08-25,2020-05-05,ptr,James R. Langevin,20260825T1602Z,backfill
20016705,house,2026-08-25,2020-06-03,ptr,James R. Langevin,20260825T1602Z,backfill
20016934,house,2026-08-25,2020-07-23,ptr,James R. Langevin,20260825T1602Z,backfill
20017186,house,2026-08-25,2020-08-18,ptr,James R. Langevin,20260825T1602Z,backfill
20017238,house,2026-08-25,2020-08-24,ptr,James R. Langevin,20260825T1602Z,backfill
20017266,house,2026-08-25,2020-08-31,ptr,James R. Langevin,20260825T1602Z,backfill
20017387,house,2026-08-25,2020-09-17,ptr,James R. Langevin,20260825T1602Z,backfill
20017595,house,2026-08-25,2020-10-30,ptr,James R. Langevin,20260825T1602Z,backfill
20017615,house,2026-08-25,2020-11-02,ptr,James R. Langevin,20260825T1602Z,backfill
20017626,house,2026-08-25,2020-11-17,ptr,James R. Langevin,20260825T1602Z,backfill
20013919,house,2026-08-25,2020-01-31,ptr,John B. Larson,20260825T1602Z,backfill
20016256,house,2026-08-25,2020-03-17,ptr,Robert E. Latta,20260825T1602Z,backfill
20012719,house,2026-08-25,2020-01-16,ptr,Susie Lee,20260825T1602Z,backfill
20015037,house,2026-08-25,2020-02-25,ptr,Susie Lee,20260825T1602Z,backfill
20016193,house,2026-08-25,2020-04-28,ptr,Susie Lee,20260825T1602Z,backfill
20016555,house,2026-08-25,2020-06-15,ptr,Susie Lee,20260825T1602Z,backfill
20016887,house,2026-08-25,2020-07-10,ptr,Susie Lee,20260825T1602Z,backfill
20017160,house,2026-08-25,2020-09-03,ptr,Susie Lee,20260825T1602Z,backfill
20017317,house,2026-08-25,2020-10-07,ptr,Susie Lee,20260825T1602Z,backfill
20017502,house,2026-08-25,2020-10-24,ptr,Susie Lee,20260825T1602Z,backfill
20017660,house,2026-08-25,2020-12-08,ptr,Susie Lee,20260825T1602Z,backfill
20016162,house,2026-08-25,2020-03-10,ptr,Zoe Lofgren,20260825T1602Z,backfill
20016393,house,2026-08-25,2020-04-11,ptr,Zoe Lofgren,20260825T1602Z,backfill
20016906,house,2026-08-25,2020-07-08,ptr,Zoe Lofgren,20260825T1602Z,backfill
20017173,house,2026-08-25,2020-08-12,ptr,Zoe Lofgren,20260825T1602Z,backfill
8217165,house,2026-08-25,2020-04-13,ptr,Billy Long,20260825T1602Z,backfill
8217353,house,2026-08-25,2020-07-01,ptr,Billy Long,20260825T1602Z,backfill
8217850,house,2026-08-25,2021-02-10,ptr,Billy Long,20260825T1602Z,backfill
20013837,house,2026-08-25,2020-01-02,ptr,Alan S. Lowenthal,20260825T1602Z,backfill
20013913,house,2026-08-25,2020-01-13,ptr,Alan S. Lowenthal,20260825T1602Z,backfill
20013914,house,2026-08-25,2020-01-13,ptr,Alan S. Lowenthal,20260825T1602Z,backfill
20013915,house,2026-08-25,2020-01-13,ptr,Alan S. Lowenthal,20260825T1602Z,backfill
20014935,house,2026-08-25,2020-01-18,ptr,Alan S. Lowenthal,20260825T1602Z,backfill
20014936,house,2026-08-25,2020-01-18,ptr,Alan S. Lowenthal,20260825T1602Z,backfill
20014937,house,2026-08-25,2020-01-18,ptr,Alan S. Lowenthal,20260825T1602Z,backfill
20014984,house,2026-08-25,2020-02-02,ptr,Alan S. Lowenthal,20260825T1602Z,backfill
20014985,house,2026-08-25,2020-02-02,ptr,Alan S. Lowenthal,20260825T1602Z,backfill
20014986,house,2026-08-25,2020-02-02,ptr,Alan S. Lowenthal,20260825T1602Z,backfill
20015060,house,2026-08-25,2020-02-13,ptr,Alan S. Lowenthal,20260825T1602Z,backfill
20015061,house,2026-08-25,2020-02-13,ptr,Alan S. Lowenthal,20260825T1602Z,backfill
20015067,house,2026-08-25,2020-02-15,ptr,Alan S. Lowenthal,20260825T1602Z,backfill
20015068,house,2026-08-25,2020-02-15,ptr,Alan S. Lowenthal,20260825T1602Z,backfill
20015069,house,2026-08-25,2020-02-15,ptr,Alan S. Lowenthal,20260825T1602Z,backfill
20016066,house,2026-08-25,2020-02-16,ptr,Alan S. Lowenthal,20260825T1602Z,backfill
20016067,house,2026-08-25,2020-02-16,ptr,Alan S. Lowenthal,20260825T1602Z,backfill
20016094,house,2026-08-25,2020-02-21,ptr,Alan S. Lowenthal,20260825T1602Z,backfill
20016095,house,2026-08-25,2020-02-21,ptr,Alan S. Lowenthal,20260825T1602Z,backfill
20016096,house,2026-08-25,2020-02-21,ptr,Alan S. Lowenthal,20260825T1602Z,backfill
20016213,house,2026-08-25,2020-03-10,ptr,Alan S. Lowenthal,20260825T1602Z,backfill
20016214,house,2026-08-25,2020-03-10,ptr,Alan S. Lowenthal,20260825T1602Z,backfill
20016215,house,2026-08-25,2020-03-10,ptr,Alan S. Lowenthal,20260825T1602Z,backfill
20016216,house,2026-08-25,2020-03-10,ptr,Alan S. Lowenthal,20260825T1602Z,backfill
20016217,house,2026-08-25,2020-03-10,ptr,Alan S. Lowenthal,20260825T1602Z,backfill
20016218,house,2026-08-25,2020-03-10,ptr,Alan S. Lowenthal,20260825T1602Z,backfill
20016219,house,2026-08-25,2020-03-10,ptr,Alan S. Lowenthal,20260825T1602Z,backfill
20016220,house,2026-08-25,2020-03-10,ptr,Alan S. Lowenthal,20260825T1602Z,backfill
20016221,house,2026-08-25,2020-03-10,ptr,Alan S. Lowenthal,20260825T1602Z,backfill
20016222,house,2026-08-25,2020-03-10,ptr,Alan S. Lowenthal,20260825T1602Z,backfill
20016223,house,2026-08-25,2020-03-10,ptr,Alan S. Lowenthal,20260825T1602Z,backfill
20016224,house,2026-08-25,2020-03-10,ptr,Alan S. Lowenthal,20260825T1602Z,backfill
20016225,house,2026-08-25,2020-03-10,ptr,Alan S. Lowenthal,20260825T1602Z,backfill
20016229,house,2026-08-25,2020-03-11,ptr,Alan S. Lowenthal,20260825T1602Z,backfill
20016246,house,2026-08-25,2020-03-14,ptr,Alan S. Lowenthal,20260825T1602Z,backfill
20016247,house,2026-08-25,2020-03-14,ptr,Alan S. Lowenthal,20260825T1602Z,backfill
20016259,house,2026-08-25,2020-03-17,ptr,Alan S. Lowenthal,20260825T1602Z,backfill
20016260,house,2026-08-25,2020-03-17,ptr,Alan S. Lowenthal,20260825T1602Z,backfill
20016261,house,2026-08-25,2020-03-17,ptr,Alan S. Lowenthal,20260825T1602Z,backfill
20016280,house,2026-08-25,2020-03-22,ptr,Alan S. Lowenthal,20260825T1602Z,backfill
20016281,house,2026-08-25,2020-03-22,ptr,Alan S. Lowenthal,20260825T1602Z,backfill
20016282,house,2026-08-25,2020-03-22,ptr,Alan S. Lowenthal,20260825T1602Z,backfill
20016296,house,2026-08-25,2020-03-24,ptr,Alan S. Lowenthal,20260825T1602Z,backfill
20016297,house,2026-08-25,2020-03-24,ptr,Alan S. Lowenthal,20260825T1602Z,backfill
20016327,house,2026-08-25,2020-03-31,ptr,Alan S. Lowenthal,20260825T1602Z,backfill
20016328,house,2026-08-25,2020-03-31,ptr,Alan S. Lowenthal,20260825T1602Z,backfill
20016329,house,2026-08-25,2020-03-31,ptr,Alan S. Lowenthal,20260825T1602Z,backfill
20016408,house,2026-08-25,2020-04-14,ptr,Alan S. Lowenthal,20260825T1602Z,backfill
20016428,house,2026-08-25,2020-04-18,ptr,Alan S. Lowenthal,20260825T1602Z,backfill
20016429,house,2026-08-25,2020-04-18,ptr,Alan S. Lowenthal,20260825T1602Z,backfill
20016430,house,2026-08-25,2020-04-18,ptr,Alan S. Lowenthal,20260825T1602Z,backfill
20016431,house,2026-08-25,2020-04-18,ptr,Alan S. Lowenthal,20260825T1602Z,backfill
20016432,house,2026-08-25,2020-04-18,ptr,Alan S. Lowenthal,20260825T1602Z,backfill
20016462,house,2026-08-25,2020-04-23,ptr,Alan S. Lowenthal,20260825T1602Z,backfill
20016463,house,2026-08-25,2020-04-23,ptr,Alan S. Lowenthal,20260825T1602Z,backfill
20016464,house,2026-08-25,2020-04-23,ptr,Alan S. Lowenthal,20260825T1602Z,backfill
20016500,house,2026-08-25,2020-04-28,ptr,Alan S. Lowenthal,20260825T1602Z,backfill
20016501,house,2026-08-25,2020-04-28,ptr,Alan S. Lowenthal,20260825T1602Z,backfill
20016522,house,2026-08-25,2020-05-02,ptr,Alan S. Lowenthal,20260825T1602Z,backfill
20016523,house,2026-08-25,2020-05-02,ptr,Alan S. Lowenthal,20260825T1602Z,backfill
20016524,house,2026-08-25,2020-05-02,ptr,Alan S. Lowenthal,20260825T1602Z,backfill
20016551,house,2026-08-25,2020-05-06,ptr,Alan S. Lowenthal,20260825T1602Z,backfill
20016552,house,2026-08-25,2020-05-06,ptr,Alan S. Lowenthal,20260825T1602Z,backfill
20016553,house,2026-08-25,2020-05-06,ptr,Alan S. Lowenthal,20260825T1602Z,backfill
20016672,house,2026-08-25,2020-05-28,ptr,Alan S. Lowenthal,20260825T1602Z,backfill
20016673,house,2026-08-25,2020-05-28,ptr,Alan S. Lowenthal,20260825T1602Z,backfill
20016674,house,2026-08-25,2020-05-28,ptr,Alan S. Lowenthal,20260825T1602Z,backfill
20016716,house,2026-08-25,2020-06-04,ptr,Alan S. Lowenthal,20260825T1602Z,backfill
20016717,house,2026-08-25,2020-06-04,ptr,Alan S. Lowenthal,20260825T1602Z,backfill
20016718,house,2026-08-25,2020-06-04,ptr,Alan S. Lowenthal,20260825T1602Z,backfill
20016764,house,2026-08-25,2020-06-12,ptr,Alan S. Lowenthal,20260825T1602Z,backfill
20016765,house,2026-08-25,2020-06-12,ptr,Alan S. Lowenthal,20260825T1602Z,backfill
20016766,house,2026-08-25,2020-06-12,ptr,Alan S. Lowenthal,20260825T1602Z,backfill
20016767,house,2026-08-25,2020-06-12,ptr,Alan S. Lowenthal,20260825T1602Z,backfill
20016819,house,2026-08-25,2020-06-20,ptr,Alan S. Lowenthal,20260825T1602Z,backfill
20016839,house,2026-08-25,2020-06-25,ptr,Alan S. Lowenthal,20260825T1602Z,backfill
20016840,house,2026-08-25,2020-06-25,ptr,Alan S. Lowenthal,20260825T1602Z,backfill
20016841,house,2026-08-25,2020-06-25,ptr,Alan S. Lowenthal,20260825T1602Z,backfill
20016852,house,2026-08-25,2020-06-29,ptr,Alan S. Lowenthal,20260825T1602Z,backfill
20016853,house,2026-08-25,2020-06-29,ptr,Alan S. Lowenthal,20260825T1602Z,backfill
20016875,house,2026-08-25,2020-07-02,ptr,Alan S. Lowenthal,20260825T1602Z,backfill
20016876,house,2026-08-25,2020-07-02,ptr,Alan S. Lowenthal,20260825T1602Z,backfill
20016912,house,2026-08-25,2020-07-08,ptr,Alan S. Lowenthal,20260825T1602Z,backfill
20016913,house,2026-08-25,2020-07-08,ptr,Alan S. Lowenthal,20260825T1602Z,backfill
20016914,house,2026-08-25,2020-07-08,ptr,Alan S. Lowenthal,20260825T1602Z,backfill
20016958,house,2026-08-25,2020-07-15,ptr,Alan S. Lowenthal,20260825T1602Z,backfill
20016959,house,2026-08-25,2020-07-15,ptr,Alan S. Lowenthal,20260825T1602Z,backfill
20016994,house,2026-08-25,2020-07-20,ptr,Alan S. Lowenthal,20260825T1602Z,backfill
20016995,house,2026-08-25,2020-07-20,ptr,Alan S. Lowenthal,20260825T1602Z,backfill
20016996,house,2026-08-25,2020-07-20,ptr,Alan S. Lowenthal,20260825T1602Z,backfill
20016997,house,2026-08-25,2020-07-20,ptr,Alan S. Lowenthal,20260825T1602Z,backfill
20017024,house,2026-08-25,2020-07-24,ptr,Alan S. Lowenthal,20260825T1602Z,backfill
20017025,house,2026-08-25,2020-07-24,ptr,Alan S. Lowenthal,20260825T1602Z,backfill
20017073,house,2026-08-25,2020-08-03,ptr,Alan S. Lowenthal,20260825T1602Z,backfill
20017074,house,2026-08-25,2020-08-03,ptr,Alan S. Lowenthal,20260825T1602Z,backfill
20017075,house,2026-08-25,2020-08-03,ptr,Alan S. Lowenthal,20260825T1602Z,backfill
20017076,house,2026-08-25,2020-08-03,ptr,Alan S. Lowenthal,20260825T1602Z,backfill
20017125,house,2026-08-25,2020-08-08,ptr,Alan S. Lowenthal,20260825T1602Z,backfill
20017126,house,2026-08-25,2020-08-08,ptr,Alan S. Lowenthal,20260825T1602Z,backfill
20017207,house,2026-08-25,2020-08-17,ptr,Alan S. Lowenthal,20260825T1602Z,backfill
20017208,house,2026-08-25,2020-08-17,ptr,Alan S. Lowenthal,20260825T1602Z,backfill
20017209,house,2026-08-25,2020-08-17,ptr,Alan S. Lowenthal,20260825T1602Z,backfill
20017306,house,2026-08-25,2020-09-04,ptr,Alan S. Lowenthal,20260825T1602Z,backfill
20017307,house,2026-08-25,2020-09-04,ptr,Alan S. Lowenthal,20260825T1602Z,backfill
20017308,house,2026-08-25,2020-09-04,ptr,Alan S. Lowenthal,20260825T1602Z,backfill
20017310,house,2026-08-25,2020-09-04,ptr,Alan S. Lowenthal,20260825T1602Z,backfill
20017376,house,2026-08-25,2020-09-15,ptr,Alan S. Lowenthal,20260825T1602Z,backfill
20017377,house,2026-08-25,2020-09-15,ptr,Alan S. Lowenthal,20260825T1602Z,backfill
20017378,house,2026-08-25,2020-09-15,ptr,Alan S. Lowenthal,20260825T1602Z,backfill
20017389,house,2026-08-25,2020-09-17,ptr,Alan S. Lowenthal,20260825T1602Z,backfill
20017390,house,2026-08-25,2020-09-17,ptr,Alan S. Lowenthal,20260825T1602Z,backfill
20017391,house,2026-08-25,2020-09-17,ptr,Alan S. Lowenthal,20260825T1602Z,backfill
20017424,house,2026-08-25,2020-09-24,ptr,Alan S. Lowenthal,20260825T1602Z,backfill
20017425,house,2026-08-25,2020-09-24,ptr,Alan S. Lowenthal,20260825T1602Z,backfill
20017426,house,2026-08-25,2020-09-24,ptr,Alan S. Lowenthal,20260825T1602Z,backfill
20017532,house,2026-08-25,2020-10-15,ptr,Alan S. Lowenthal,20260825T1602Z,backfill
20017533,house,2026-08-25,2020-10-15,ptr,Alan S. Lowenthal,20260825T1602Z,backfill
20017534,house,2026-08-25,2020-10-15,ptr,Alan S. Lowenthal,20260825T1602Z,backfill
20017535,house,2026-08-25,2020-10-15,ptr,Alan S. Lowenthal,20260825T1602Z,backfill
20017590,house,2026-08-25,2020-10-28,ptr,Alan S. Lowenthal,20260825T1602Z,backfill
20017591,house,2026-08-25,2020-10-28,ptr,Alan S. Lowenthal,20260825T1602Z,backfill
20017592,house,2026-08-25,2020-10-28,ptr,Alan S. Lowenthal,20260825T1602Z,backfill
20017635,house,2026-08-25,2020-11-04,ptr,Alan S. Lowenthal,20260825T1602Z,backfill
20017636,house,2026-08-25,2020-11-04,ptr,Alan S. Lowenthal,20260825T1602Z,backfill
20017637,house,2026-08-25,2020-11-04,ptr,Alan S. Lowenthal,20260825T1602Z,backfill
20017699,house,2026-08-25,2020-11-16,ptr,Alan S. Lowenthal,20260825T1602Z,backfill
20017700,house,2026-08-25,2020-11-16,ptr,Alan S. Lowenthal,20260825T1602Z,backfill
20017701,house,2026-08-25,2020-11-16,ptr,Alan S. Lowenthal,20260825T1602Z,backfill
20017729,house,2026-08-25,2020-11-21,ptr,Alan S. Lowenthal,20260825T1602Z,backfill
20017730,house,2026-08-25,2020-11-21,ptr,Alan S. Lowenthal,20260825T1602Z,backfill
20017731,house,2026-08-25,2020-11-21,ptr,Alan S. Lowenthal,20260825T1602Z,backfill
20017793,house,2026-08-25,2020-12-03,ptr,Alan S. Lowenthal,20260825T1602Z,backfill
20017794,house,2026-08-25,2020-12-03,ptr,Alan S. Lowenthal,20260825T1602Z,backfill
20017795,house,2026-08-25,2020-12-03,ptr,Alan S. Lowenthal,20260825T1602Z,backfill
20017874,house,2026-08-25,2020-12-17,ptr,Alan S. Lowenthal,20260825T1602Z,backfill
20017875,house,2026-08-25,2020-12-17,ptr,Alan S. Lowenthal,20260825T1602Z,backfill
8219062,house,2026-08-25,2022-07-01,ptr,Tom Malinowski,20260825T1602Z,backfill
20016074,house,2026-08-25,2020-02-19,ptr,Carolyn B. Maloney,20260825T1602Z,backfill
20016737,house,2026-08-25,2020-07-31,ptr,Carolyn B. Maloney,20260825T1602Z,backfill
8217343,house,2026-08-25,2020-06-26,ptr,Kenny Marchant,20260825T1602Z,backfill
8217769,house,2026-08-25,2020-12-11,ptr,Kenny Marchant,20260825T1602Z,backfill
8217786,house,2026-08-25,2020-12-29,ptr,Kenny Marchant,20260825T1602Z,backfill
20013879,house,2026-08-25,2020-01-09,ptr,Roger W. Marshall,20260825T1602Z,backfill
20016692,house,2026-08-25,2020-06-03,ptr,Roger W. Marshall,20260825T1602Z,backfill
20016871,house,2026-08-25,2020-07-02,ptr,Roger W. Marshall,20260825T1602Z,backfill
20017513,house,2026-08-25,2020-10-13,ptr,Roger W. Marshall,20260825T1602Z,backfill
20016969,house,2026-08-25,2020-07-16,ptr,Thomas Massie,20260825T1602Z,backfill
20014991,house,2026-08-25,2020-02-03,ptr,Brian Mast,20260825T1602Z,backfill
20016167,house,2026-08-25,2020-03-04,ptr,Brian Mast,20260825T1602Z,backfill
20016535,house,2026-08-25,2020-05-04,ptr,Brian Mast,20260825T1602Z,backfill
20016715,house,2026-08-25,2020-06-04,ptr,Brian Mast,20260825T1602Z,backfill
20017194,house,2026-08-25,2020-08-14,ptr,Brian Mast,20260825T1602Z,backfill
20017324,house,2026-08-25,2020-09-09,ptr,Brian Mast,20260825T1602Z,backfill
20017526,house,2026-08-25,2020-10-15,ptr,Brian Mast,20260825T1602Z,backfill
20017772,house,2026-08-25,2020-12-01,ptr,Brian Mast,20260825T1602Z,backfill
8216973,house,2026-08-25,2020-02-19,ptr,Michael T. McCaul,20260825T1602Z,backfill
8217166,house,2026-08-25,2020-04-20,ptr,Michael T. McCaul,20260825T1602Z,backfill
8217208,house,2026-08-25,2020-05-06,ptr,Michael T. McCaul,20260825T1602Z,backfill
8217209,house,2026-08-25,2020-05-06,ptr,Michael T. McCaul,20260825T1602Z,backfill
8217233,house,2026-08-25,2020-05-18,ptr,Michael T. McCaul,20260825T1602Z,backfill
8217323,house,2026-08-25,2020-06-15,ptr,Michael T. McCaul,20260825T1602Z,backfill
8217405,house,2026-08-25,2020-07-22,ptr,Michael T. McCaul,20260825T1602Z,backfill
8217570,house,2026-08-25,2020-08-20,ptr,Michael T. McCaul,20260825T1602Z,backfill
8217659,house,2026-08-25,2020-09-22,ptr,Michael T. McCaul,20260825T1602Z,backfill
8217680,house,2026-08-25,2020-10-16,ptr,Michael T. McCaul,20260825T1602Z,backfill
8217747,house,2026-08-25,2020-11-30,ptr,Michael T. McCaul,20260825T1602Z,backfill
8217799,house,2026-08-25,2021-01-07,ptr,Michael T. McCaul,20260825T1602Z,backfill
8217819,house,2026-08-25,2021-01-25,ptr,Michael T. McCaul,20260825T1602Z,backfill
20013840,house,2026-08-25,2020-01-06,ptr,David B. McKinley,20260825T1602Z,backfill
20016342,house,2026-08-25,2020-04-15,ptr,David B. McKinley,20260825T1602Z,backfill
20016540,house,2026-08-25,2020-05-15,ptr,David B. McKinley,20260825T1602Z,backfill
20016699,house,2026-08-25,2020-06-03,ptr,David B. McKinley,20260825T1602Z,backfill
20016866,house,2026-08-25,2020-07-10,ptr,David B. McKinley,20260825T1602Z,backfill
20017274,house,2026-08-25,2020-09-03,ptr,David B. McKinley,20260825T1602Z,backfill
20017612,house,2026-08-25,2020-11-12,ptr,David B. McKinley,20260825T1602Z,backfill
20017020,house,2026-08-25,2020-08-11,ptr,Grace Meng,20260825T1602Z,backfill
20017182,house,2026-08-25,2020-08-13,ptr,Daniel Meuser,20260825T1602Z,backfill
20017172,house,2026-08-25,2020-08-12,ptr,Carol Devine Miller,20260825T1602Z,backfill
20017174,house,2026-08-25,2020-08-12,ptr,Carol Devine Miller,20260825T1602Z,backfill
20017362,house,2026-08-25,2020-09-14,ptr,Carol Devine Miller,20260825T1602Z,backfill
20016922,house,2026-08-25,2020-07-09,ptr,Joseph D. Morelle,20260825T1602Z,backfill
20017819,house,2026-08-25,2020-12-09,ptr,Joseph D. Morelle,20260825T1602Z,backfill
20016183,house,2026-08-25,2020-03-07,ptr,Eleanor Holmes Norton,20260825T1602Z,backfill
20016917,house,2026-08-25,2020-07-09,ptr,Eleanor Holmes Norton,20260825T1602Z,backfill
20016423,house,2026-08-25,2020-04-17,ptr,Tom O'Halleran,20260825T1602Z,backfill
20017541,house,2026-08-25,2020-10-20,ptr,Frank Pallone,20260825T1602Z,backfill
20017017,house,2026-08-25,2020-07-31,ptr,Bill Pascrell,20260825T1602Z,backfill
20015042,house,2026-08-25,2020-02-11,ptr,Nancy Pelosi,20260825T1602Z,backfill
20016155,house,2026-08-25,2020-03-03,ptr,Nancy Pelosi,20260825T1602Z,backfill
20016340,house,2026-08-25,2020-04-01,ptr,Nancy Pelosi,20260825T1602Z,backfill
20016726,house,2026-08-25,2020-06-09,ptr,Nancy Pelosi,20260825T1602Z,backfill
20016961,house,2026-08-25,2020-07-20,ptr,Nancy Pelosi,20260825T1602Z,backfill
20017123,house,2026-08-25,2020-09-03,ptr,Nancy Pelosi,20260825T1602Z,backfill
20017460,house,2026-08-25,2020-10-04,ptr,Nancy Pelosi,20260825T1602Z,backfill
20017834,house,2026-08-25,2020-12-10,ptr,Nancy Pelosi,20260825T1602Z,backfill
20016365,house,2026-08-25,2020-04-06,ptr,Ed Perlmutter,20260825T1602Z,backfill
20016738,house,2026-08-25,2020-06-10,ptr,Ed Perlmutter,20260825T1602Z,backfill
20017187,house,2026-08-25,2020-08-13,ptr,Ed Perlmutter,20260825T1602Z,backfill
20017443,house,2026-08-25,2020-09-29,ptr,Ed Perlmutter,20260825T1602Z,backfill
20017676,house,2026-08-25,2020-11-11,ptr,Ed Perlmutter,20260825T1602Z,backfill
20017902,house,2026-08-25,2020-12-22,ptr,Ed Perlmutter,20260825T1602Z,backfill
20015024,house,2026-08-25,2020-02-17,ptr,Scott H. Peters,20260825T1602Z,backfill
20016400,house,2026-08-25,2020-04-14,ptr,Scott H. Peters,20260825T1602Z,backfill
20016586,house,2026-08-25,2020-05-14,ptr,Scott H. Peters,20260825T1602Z,backfill
20016735,house,2026-08-25,2020-06-12,ptr,Scott H. Peters,20260825T1602Z,backfill
20016923,house,2026-08-25,2020-07-12,ptr,Scott H. Peters,20260825T1602Z,backfill
20017148,house,2026-08-25,2020-08-13,ptr,Scott H. Peters,20260825T1602Z,backfill
20017351,house,2026-08-25,2020-09-13,ptr,Scott H. Peters,20260825T1602Z,backfill
20017509,house,2026-08-25,2020-10-13,ptr,Scott H. Peters,20260825T1602Z,backfill
20017661,house,2026-08-25,2020-11-12,ptr,Scott H. Peters,20260825T1602Z,backfill
20017873,house,2026-08-25,2020-12-18,ptr,Scott H. Peters,20260825T1602Z,backfill
20013881,house,2026-08-25,2020-01-09,ptr,Dean Phillips,20260825T1602Z,backfill
20015014,house,2026-08-25,2020-02-07,ptr,Dean Phillips,20260825T1602Z,backfill
20016196,house,2026-08-25,2020-03-12,ptr,Dean Phillips,20260825T1602Z,backfill
20016369,house,2026-08-25,2020-04-10,ptr,Dean Phillips,20260825T1602Z,backfill
20016559,house,2026-08-25,2020-05-07,ptr,Dean Phillips,20260825T1602Z,backfill
20016759,house,2026-08-25,2020-06-15,ptr,Dean Phillips,20260825T1602Z,backfill
20016896,house,2026-08-25,2020-07-07,ptr,Dean Phillips,20260825T1602Z,backfill
20017129,house,2026-08-25,2020-08-09,ptr,Dean Phillips,20260825T1602Z,backfill
20017340,house,2026-08-25,2020-09-11,ptr,Dean Phillips,20260825T1602Z,backfill
20017490,house,2026-08-25,2020-10-09,ptr,Dean Phillips,20260825T1602Z,backfill
20017677,house,2026-08-25,2020-11-11,ptr,Dean Phillips,20260825T1602Z,backfill
20017820,house,2026-08-25,2020-12-11,ptr,Dean Phillips,20260825T1602Z,backfill
20014996,house,2026-08-25,2020-02-05,ptr,Chellie Pingree,20260825T1602Z,backfill
20017109,house,2026-08-25,2020-08-10,ptr,Chellie Pingree,20260825T1602Z,backfill
20015008,house,2026-08-25,2020-02-04,ptr,David E. Price,20260825T1602Z,backfill
20016354,house,2026-08-25,2020-04-03,ptr,David E. Price,20260825T1602Z,backfill
20016619,house,2026-08-25,2020-05-18,ptr,David E. Price,20260825T1602Z,backfill
20016736,house,2026-08-25,2020-06-09,ptr,David E. Price,20260825T1602Z,backfill
20017095,house,2026-08-25,2020-08-05,ptr,David E. Price,20260825T1602Z,backfill
20017653,house,2026-08-25,2020-11-06,ptr,David E. Price,20260825T1602Z,backfill
20013909,house,2026-08-25,2020-01-13,ptr,Tom Rice,20260825T1602Z,backfill
20016152,house,2026-08-25,2020-03-02,ptr,Tom Rice,20260825T1602Z,backfill
20016251,house,2026-08-25,2020-03-16,ptr,Tom Rice,20260825T1602Z,backfill
20016465,house,2026-08-25,2020-04-23,ptr,Tom Rice,20260825T1602Z,backfill
8216972,house,2026-08-25,2020-02-14,ptr,David P. Roe,20260825T1602Z,backfill
8217084,house,2026-08-25,2020-03-12,ptr,David P. Roe,20260825T1602Z,backfill
8217121,house,2026-08-25,2020-04-07,ptr,David P. Roe,20260825T1602Z,backfill
8217226,house,2026-08-25,2020-05-15,ptr,David P. Roe,20260825T1602Z,backfill
8217291,house,2026-08-25,2020-06-09,ptr,David P. Roe,20260825T1602Z,backfill
8217378,house,2026-08-25,2020-07-14,ptr,David P. Roe,20260825T1602Z,backfill
8217489,house,2026-08-25,2020-08-11,ptr,David P. Roe,20260825T1602Z,backfill
8217646,house,2026-08-25,2020-09-15,ptr,David P. Roe,20260825T1602Z,backfill
8217677,house,2026-08-25,2020-10-08,ptr,David P. Roe,20260825T1602Z,backfill
8217728,house,2026-08-25,2020-11-16,ptr,David P. Roe,20260825T1602Z,backfill
8217770,house,2026-08-25,2020-12-11,ptr,David P. Roe,20260825T1602Z,backfill
8217813,house,2026-08-25,2021-01-15,ptr,David P. Roe,20260825T1602Z,backfill
8216974,house,2026-08-25,2020-02-19,ptr,Harold Dallas Rogers,20260825T1602Z,backfill
8217103,house,2026-08-25,2020-03-20,ptr,Harold Dallas Rogers,20260825T1602Z,backfill
8217212,house,2026-08-25,2020-05-11,ptr,Harold Dallas Rogers,20260825T1602Z,backfill
8217324,house,2026-08-25,2020-06-11,ptr,Harold Dallas Rogers,20260825T1602Z,backfill
8217326,house,2026-08-25,2020-06-11,ptr,Harold Dallas Rogers,20260825T1602Z,backfill
8217365,house,2026-08-25,2020-07-02,ptr,Harold Dallas Rogers,20260825T1602Z,backfill
8217631,house,2026-08-25,2020-09-09,ptr,Harold Dallas Rogers,20260825T1602Z,backfill
8217632,house,2026-08-25,2020-09-09,ptr,Harold Dallas Rogers,20260825T1602Z,backfill
8217682,house,2026-08-25,2020-10-16,ptr,Harold Dallas Rogers,20260825T1602Z,backfill
8217743,house,2026-08-25,2020-11-19,ptr,Harold Dallas Rogers,20260825T1602Z,backfill
8217772,house,2026-08-25,2020-12-14,ptr,Harold Dallas Rogers,20260825T1602Z,backfill
8217802,house,2026-08-25,2021-01-06,ptr,Harold Dallas Rogers,20260825T1602Z,backfill
8216915,house,2026-08-25,2020-01-15,ptr,Francis Rooney,20260825T1602Z,backfill
8217006,house,2026-08-25,2020-02-25,ptr,Francis Rooney,20260825T1602Z,backfill
8217114,house,2026-08-25,2020-03-25,ptr,Francis Rooney,20260825T1602Z,backfill
8217188,house,2026-08-25,2020-04-29,ptr,Francis Rooney,20260825T1602Z,backfill
8217281,house,2026-08-25,2020-05-27,ptr,Francis Rooney,20260825T1602Z,backfill
8217345,house,2026-08-25,2020-06-26,ptr,Francis Rooney,20260825T1602Z,backfill
8217419,house,2026-08-25,2020-07-28,ptr,Francis Rooney,20260825T1602Z,backfill
8217604,house,2026-08-25,2020-08-25,ptr,Francis Rooney,20260825T1602Z,backfill
8217674,house,2026-08-25,2020-10-05,ptr,Francis Rooney,20260825T1602Z,backfill
8217692,house,2026-08-25,2020-10-29,ptr,Francis Rooney,20260825T1602Z,backfill
8217744,house,2026-08-25,2020-11-25,ptr,Francis Rooney,20260825T1602Z,backfill
8217791,house,2026-08-25,2020-12-29,ptr,Francis Rooney,20260825T1602Z,backfill
8217839,house,2026-08-25,2021-02-03,ptr,Francis Rooney,20260825T1602Z,backfill
20012154,house,2026-08-25,2020-04-01,ptr,Harley E. Rouda,20260825T1602Z,backfill
20017090,house,2026-08-25,2020-08-13,ptr,Harley E. Rouda,20260825T1602Z,backfill
20016128,house,2026-08-25,2020-02-27,ptr,David Cheston Rouzer,20260825T1602Z,backfill
20016593,house,2026-08-25,2020-05-13,ptr,David Cheston Rouzer,20260825T1602Z,backfill
20017436,house,2026-08-25,2020-09-28,ptr,David Cheston Rouzer,20260825T1602Z,backfill
20014952,house,2026-08-25,2020-01-23,ptr,John Rutherford,20260825T1602Z,backfill
20016514,house,2026-08-25,2020-05-01,ptr,John Rutherford,20260825T1602Z,backfill
20017040,house,2026-08-25,2020-07-29,ptr,John Rutherford,20260825T1602Z,backfill
20017563,house,2026-08-25,2020-10-20,ptr,John Rutherford,20260825T1602Z,backfill
20017356,house,2026-08-25,2020-09-13,ptr,Linda T. Sanchez,20260825T1602Z,backfill
8216880,house,2026-08-25,2020-01-08,ptr,Adam B. Schiff,20260825T1602Z,backfill
8217364,house,2026-08-25,2020-07-09,ptr,Adam B. Schiff,20260825T1602Z,backfill
20017832,house,2026-08-25,2020-12-09,ptr,Bradley S. Schneider,20260825T1602Z,backfill
20017877,house,2026-08-25,2020-12-18,ptr,Bradley S. Schneider,20260825T1602Z,backfill
20017878,house,2026-08-25,2020-12-18,ptr,Bradley S. Schneider,20260825T1602Z,backfill
20017879,house,2026-08-25,2020-12-18,ptr,Bradley S. Schneider,20260825T1602Z,backfill
8216960,house,2026-08-25,2020-02-06,ptr,Kurt Schrader,20260825T1602Z,backfill
8217051,house,2026-08-25,2020-03-04,ptr,Kurt Schrader,20260825T1602Z,backfill
8217141,house,2026-08-25,2020-04-09,ptr,Kurt Schrader,20260825T1602Z,backfill
8217225,house,2026-08-25,2020-05-15,ptr,Kurt Schrader,20260825T1602Z,backfill
8217339,house,2026-08-25,2020-06-24,ptr,Kurt Schrader,20260825T1602Z,backfill
8217406,house,2026-08-25,2020-07-22,ptr,Kurt Schrader,20260825T1602Z,backfill
8217654,house,2026-08-25,2020-09-17,ptr,Kurt Schrader,20260825T1602Z,backfill
8217689,house,2026-08-25,2020-10-28,ptr,Kurt Schrader,20260825T1602Z,backfill
8217745,house,2026-08-25,2020-11-20,ptr,Kurt Schrader,20260825T1602Z,backfill
8217789,house,2026-08-25,2020-12-23,ptr,Kurt Schrader,20260825T1602Z,backfill
8217824,house,2026-08-25,2021-01-28,ptr,Kurt Schrader,20260825T1602Z,backfill
20014972,house,2026-08-25,2020-01-29,ptr,Kim Schrier,20260825T1602Z,backfill
20016189,house,2026-08-25,2020-03-08,ptr,Kim Schrier,20260825T1602Z,backfill
9115545,house,2026-08-25,2020-02-26,ptr,Austin Scott,20260825T1602Z,backfill
20017399,house,2026-08-25,2020-09-20,ptr,Austin Scott,20260825T1602Z,backfill
20017929,house,2026-08-25,2020-12-30,ptr,Austin Scott,20260825T1602Z,backfill
20016837,house,2026-08-25,2020-06-25,ptr,"Robert C. ""Bobby"" Scott",20260825T1602Z,backfill
20016481,house,2026-08-25,2020-04-27,ptr,Donna Shalala,20260825T1602Z,backfill
20016566,house,2026-08-25,2020-05-15,ptr,Donna Shalala,20260825T1602Z,backfill
20016829,house,2026-08-25,2020-06-23,ptr,Donna Shalala,20260825T1602Z,backfill
20016984,house,2026-08-25,2020-07-21,ptr,Donna Shalala,20260825T1602Z,backfill
20012366,house,2026-08-25,2020-01-03,ptr,Mikie Sherrill,20260825T1602Z,backfill
20013877,house,2026-08-25,2020-01-10,ptr,Mikie Sherrill,20260825T1602Z,backfill
20015059,house,2026-08-25,2020-02-19,ptr,Mikie Sherrill,20260825T1602Z,backfill
20016170,house,2026-08-25,2020-03-23,ptr,Mikie Sherrill,20260825T1602Z,backfill
20016323,house,2026-08-25,2020-04-05,ptr,Mikie Sherrill,20260825T1602Z,backfill
20016694,house,2026-08-25,2020-06-01,ptr,Michael K. Simpson,20260825T1602Z,backfill
20016803,house,2026-08-25,2020-06-17,ptr,Michael K. Simpson,20260825T1602Z,backfill
20017295,house,2026-08-25,2020-09-04,ptr,Michael K. Simpson,20260825T1602Z,backfill
20014943,house,2026-08-25,2020-01-24,ptr,Lloyd K. Smucker,20260825T1602Z,backfill
20017042,house,2026-08-25,2020-11-09,ptr,Lloyd K. Smucker,20260825T1602Z,backfill
20016276,house,2026-08-25,2020-03-20,ptr,Abigail Spanberger,20260825T1602Z,backfill
20016477,house,2026-08-25,2020-04-24,ptr,W. Greg Steube,20260825T1602Z,backfill
20017718,house,2026-08-25,2020-11-20,ptr,W. Greg Steube,20260825T1602Z,backfill
20013833,house,2026-08-25,2020-01-07,ptr,Nicholas Van Taylor,20260825T1602Z,backfill
20015002,house,2026-08-25,2020-02-07,ptr,Nicholas Van Taylor,20260825T1602Z,backfill
20016143,house,2026-08-25,2020-03-07,ptr,Nicholas Van Taylor,20260825T1602Z,backfill
20016348,house,2026-08-25,2020-04-13,ptr,Nicholas Van Taylor,20260825T1602Z,backfill
20016703,house,2026-08-25,2020-06-10,ptr,Nicholas Van Taylor,20260825T1602Z,backfill
20017111,house,2026-08-25,2020-08-07,ptr,William R. Timmons,20260825T1602Z,backfill
20016927,house,2026-08-25,2020-08-13,ptr,David Trone,20260825T1602Z,backfill
8216975,house,2026-08-25,2020-02-19,ptr,Fred Upton,20260825T1602Z,backfill
8217123,house,2026-08-25,2020-04-06,ptr,Fred Upton,20260825T1602Z,backfill
8217182,house,2026-08-25,2020-04-24,ptr,Fred Upton,20260825T1602Z,backfill
8217211,house,2026-08-25,2020-05-12,ptr,Fred Upton,20260825T1602Z,backfill
8217325,house,2026-08-25,2020-06-12,ptr,Fred Upton,20260825T1602Z,backfill
8217346,house,2026-08-25,2020-06-24,ptr,Fred Upton,20260825T1602Z,backfill
8217384,house,2026-08-25,2020-07-17,ptr,Fred Upton,20260825T1602Z,backfill
8217423,house,2026-08-25,2020-07-28,ptr,Fred Upton,20260825T1602Z,backfill
8217635,house,2026-08-25,2020-09-09,ptr,Fred Upton,20260825T1602Z,backfill
8217681,house,2026-08-25,2020-10-16,ptr,Fred Upton,20260825T1602Z,backfill
20016358,house,2026-08-25,2020-04-03,ptr,Peter J. Visclosky,20260825T1602Z,backfill
20016359,house,2026-08-25,2020-04-03,ptr,Peter J. Visclosky,20260825T1602Z,backfill
20017674,house,2026-08-25,2020-11-10,ptr,Peter J. Visclosky,20260825T1602Z,backfill
8216961,house,2026-08-25,2020-02-04,ptr,Ann Wagner,20260825T1602Z,backfill
8217065,house,2026-08-25,2020-03-06,ptr,Ann Wagner,20260825T1602Z,backfill
8217771,house,2026-08-25,2020-12-14,ptr,Ann Wagner,20260825T1602Z,backfill
20017917,house,2026-08-25,2020-12-29,ptr,Michael Waltz,20260825T1602Z,backfill
20013855,house,2026-08-25,2020-01-05,ptr,Peter Welch,20260825T1602Z,backfill
20016171,house,2026-08-25,2020-03-10,ptr,Peter Welch,20260825T1602Z,backfill
20016357,house,2026-08-25,2020-04-03,ptr,Peter Welch,20260825T1602Z,backfill
20016392,house,2026-08-25,2020-04-10,ptr,Peter Welch,20260825T1602Z,backfill
20016539,house,2026-08-25,2020-05-05,ptr,Peter Welch,20260825T1602Z,backfill
20016723,house,2026-08-25,2020-06-08,ptr,Peter Welch,20260825T1602Z,backfill
20016870,house,2026-08-25,2020-07-01,ptr,Peter Welch,20260825T1602Z,backfill
20017597,house,2026-08-25,2020-12-04,ptr,Peter Welch,20260825T1602Z,backfill
20015044,house,2026-08-25,2020-02-12,ptr,Robert J. Wittman,20260825T1602Z,backfill
20016184,house,2026-08-25,2020-03-09,ptr,Robert J. Wittman,20260825T1602Z,backfill
20016397,house,2026-08-25,2020-04-13,ptr,Robert J. Wittman,20260825T1602Z,backfill
20016570,house,2026-08-25,2020-05-14,ptr,Robert J. Wittman,20260825T1602Z,backfill
20016731,house,2026-08-25,2020-06-08,ptr,Robert J. Wittman,20260825T1602Z,backfill
20016902,house,2026-08-25,2020-07-07,ptr,Robert J. Wittman,20260825T1602Z,backfill
20017711,house,2026-08-25,2020-11-19,ptr,Robert J. Wittman,20260825T1602Z,backfill
20017842,house,2026-08-25,2020-12-15,ptr,Robert J. Wittman,20260825T1602Z,backfill
20016440,house,2026-08-25,2020-05-02,ptr,John A. Yarmuth,20260825T1602Z,backfill
20016823,house,2026-08-25,2020-07-01,ptr,John A. Yarmuth,20260825T1602Z,backfill
20017261,house,2026-08-25,2020-10-12,ptr,John A. Yarmuth,20260825T1602Z,backfill
20017691,house,2026-08-25,2020-11-15,ptr,John A. Yarmuth,20260825T1602Z,backfill
20017693,house,2026-08-25,2020-11-15,ptr,John A. Yarmuth,20260825T1602Z,backfill
8217425,house,2026-08-25,2020-07-29,ptr,Ted S. Yoho,20260825T1602Z,backfill
8217626,house,2026-08-25,2020-09-08,ptr,Ted S. Yoho,20260825T1602Z,backfill
20018021,house,2026-08-25,2021-01-13,ptr,Richard W. Allen,20260825T1602Z,backfill
20018393,house,2026-08-25,2021-03-14,ptr,Richard W. Allen,20260825T1602Z,backfill
20018530,house,2026-08-25,2021-04-06,ptr,Richard W. Allen,20260825T1602Z,backfill
20018703,house,2026-08-25,2021-05-09,ptr,Richard W. Allen,20260825T1602Z,backfill
20018906,house,2026-08-25,2021-06-12,ptr,Richard W. Allen,20260825T1602Z,backfill
20019561,house,2026-08-25,2021-10-20,ptr,Richard W. Allen,20260825T1602Z,backfill
20019653,house,2026-08-25,2021-11-08,ptr,Richard W. Allen,20260825T1602Z,backfill
20019774,house,2026-08-25,2021-11-08,ptr,Richard W. Allen,20260825T1602Z,backfill
20019775,house,2026-08-25,2021-11-08,ptr,Richard W. Allen,20260825T1602Z,backfill
20019790,house,2026-08-25,2021-11-10,ptr,Richard W. Allen,20260825T1602Z,backfill
20019530,house,2026-08-25,2021-10-08,ptr,Cindy Axne,20260825T1602Z,backfill
20019685,house,2026-08-25,2021-11-05,ptr,Cindy Axne,20260825T1602Z,backfill
20019824,house,2026-08-25,2021-12-07,ptr,Cindy Axne,20260825T1602Z,backfill
20018018,house,2026-08-25,2021-01-13,ptr,James E Hon Banks,20260825T1602Z,backfill
20018763,house,2026-08-25,2021-05-18,ptr,James E Hon Banks,20260825T1602Z,backfill
20018903,house,2026-08-25,2021-06-11,ptr,James E Hon Banks,20260825T1602Z,backfill
20019063,house,2026-08-25,2021-07-10,ptr,James E Hon Banks,20260825T1602Z,backfill
20019099,house,2026-08-25,2021-07-16,ptr,James E Hon Banks,20260825T1602Z,backfill
20019484,house,2026-08-25,2021-09-14,ptr,James E Hon Banks,20260825T1602Z,backfill
20019642,house,2026-08-25,2021-10-17,ptr,James E Hon Banks,20260825T1602Z,backfill
20019793,house,2026-08-25,2021-11-10,ptr,James E Hon Banks,20260825T1602Z,backfill
20020002,house,2026-08-25,2021-12-13,ptr,James E Hon Banks,20260825T1602Z,backfill
20017909,house,2026-08-25,2021-01-01,ptr,Donald Sternoff Honorable Beyer,20260825T1602Z,backfill
20018096,house,2026-08-25,2021-01-31,ptr,Donald Sternoff Honorable Beyer,20260825T1602Z,backfill
20018292,house,2026-08-25,2021-02-27,ptr,Donald Sternoff Honorable Beyer,20260825T1602Z,backfill
20018431,house,2026-08-25,2021-04-01,ptr,Donald Sternoff Honorable Beyer,20260825T1602Z,backfill
20018597,house,2026-08-25,2021-05-01,ptr,Donald Sternoff Honorable Beyer,20260825T1602Z,backfill
20018752,house,2026-08-25,2021-06-07,ptr,Donald Sternoff Honorable Beyer,20260825T1602Z,backfill
20019022,house,2026-08-25,2021-07-04,ptr,Donald Sternoff Honorable Beyer,20260825T1602Z,backfill
20019110,house,2026-08-25,2021-08-07,ptr,Donald Sternoff Honorable Beyer,20260825T1602Z,backfill
20019339,house,2026-08-25,2021-09-02,ptr,Donald Sternoff Honorable Beyer,20260825T1602Z,backfill
20019506,house,2026-08-25,2021-10-01,ptr,Donald Sternoff Honorable Beyer,20260825T1602Z,backfill
20019648,house,2026-08-25,2021-10-30,ptr,Donald Sternoff Honorable Beyer,20260825T1602Z,backfill
20019895,house,2026-08-25,2021-12-02,ptr,Donald Sternoff Honorable Beyer,20260825T1602Z,backfill
20019292,house,2026-08-25,2021-08-12,ptr,Stephanie Bice,20260825T1602Z,backfill
8218417,house,2026-08-25,2021-10-29,ptr,Gus M. Bilirakis,20260825T1602Z,backfill
20017979,house,2026-08-25,2021-01-06,ptr,Earl Blumenauer,20260825T1602Z,backfill
20018142,house,2026-08-25,2021-02-03,ptr,Earl Blumenauer,20260825T1602Z,backfill
20018321,house,2026-08-25,2021-03-03,ptr,Earl Blumenauer,20260825T1602Z,backfill
20018338,house,2026-08-25,2021-03-05,ptr,Earl Blumenauer,20260825T1602Z,backfill
20018506,house,2026-08-25,2021-04-02,ptr,Earl Blumenauer,20260825T1602Z,backfill
20018685,house,2026-08-25,2021-05-04,ptr,Earl Blumenauer,20260825T1602Z,backfill
20018812,house,2026-08-25,2021-05-27,ptr,Earl Blumenauer,20260825T1602Z,backfill
20018819,house,2026-08-25,2021-05-28,ptr,Earl Blumenauer,20260825T1602Z,backfill
20018890,house,2026-08-25,2021-06-09,ptr,Earl Blumenauer,20260825T1602Z,backfill
20019026,house,2026-08-25,2021-07-05,ptr,Earl Blumenauer,20260825T1602Z,backfill
20019221,house,2026-08-25,2021-08-02,ptr,Earl Blumenauer,20260825T1602Z,backfill
20019364,house,2026-08-25,2021-08-20,ptr,Earl Blumenauer,20260825T1602Z,backfill
20019438,house,2026-08-25,2021-09-07,ptr,Earl Blumenauer,20260825T1602Z,backfill
20019580,house,2026-08-25,2021-10-05,ptr,Earl Blumenauer,20260825T1602Z,backfill
20019618,house,2026-08-25,2021-10-12,ptr,Earl Blumenauer,20260825T1602Z,backfill
20019619,house,2026-08-25,2021-10-12,ptr,Earl Blumenauer,20260825T1602Z,backfill
20019771,house,2026-08-25,2021-11-07,ptr,Earl Blumenauer,20260825T1602Z,backfill
20019869,house,2026-08-25,2021-11-22,ptr,Earl Blumenauer,20260825T1602Z,backfill
20019979,house,2026-08-25,2021-12-08,ptr,Earl Blumenauer,20260825T1602Z,backfill
20018077,house,2026-08-25,2021-01-26,ptr,Mo Brooks,20260825T1602Z,backfill
20018204,house,2026-08-25,2021-02-12,ptr,Mo Brooks,20260825T1602Z,backfill
20018223,house,2026-08-25,2021-02-16,ptr,Mo Brooks,20260825T1602Z,backfill
20018605,house,2026-08-25,2021-04-20,ptr,Mo Brooks,20260825T1602Z,backfill
20018822,house,2026-08-25,2021-05-28,ptr,Mo Brooks,20260825T1602Z,backfill
20019066,house,2026-08-25,2021-07-10,ptr,Mo Brooks,20260825T1602Z,backfill
20019249,house,2026-08-25,2021-08-06,ptr,Mo Brooks,20260825T1602Z,backfill
20019626,house,2026-08-25,2021-10-14,ptr,Mo Brooks,20260825T1602Z,backfill
20018041,house,2026-08-25,2021-01-18,ptr,Vern Buchanan,20260825T1602Z,backfill
20018280,house,2026-08-25,2021-02-25,ptr,Vern Buchanan,20260825T1602Z,backfill
20018648,house,2026-08-25,2021-04-28,ptr,Vern Buchanan,20260825T1602Z,backfill
20018836,house,2026-08-25,2021-06-02,ptr,Vern Buchanan,20260825T1602Z,backfill
20019269,house,2026-08-25,2021-08-09,ptr,Vern Buchanan,20260825T1602Z,backfill
20019641,house,2026-08-25,2021-10-17,ptr,Kenneth R. Buck,20260825T1602Z,backfill
20019726,house,2026-08-25,2021-11-01,ptr,Larry Bucshon,20260825T1602Z,backfill
20019844,house,2026-08-25,2021-11-17,ptr,Michael C. Burgess,20260825T1602Z,backfill
20019995,house,2026-08-25,2021-12-31,ptr,Michael C. Burgess,20260825T1602Z,backfill
20019001,house,2026-08-25,2021-08-03,ptr,Cheri Bustos,20260825T1602Z,backfill
20018712,house,2026-08-25,2021-05-10,ptr,Earl Leroy Carter,20260825T1602Z,backfill
20018726,house,2026-08-25,2021-05-12,ptr,Earl Leroy Carter,20260825T1602Z,backfill
20018706,house,2026-08-25,2021-05-09,ptr,Ed Case,20260825T1602Z,backfill
20019152,house,2026-08-25,2021-07-25,ptr,Ed Case,20260825T1602Z,backfill
20017966,house,2026-08-25,2021-01-04,ptr,Kathy Castor,20260825T1602Z,backfill
20018237,house,2026-08-25,2021-02-18,ptr,Kathy Castor,20260825T1602Z,backfill
20018576,house,2026-08-25,2021-04-14,ptr,Kathy Castor,20260825T1602Z,backfill
20018921,house,2026-08-25,2021-06-14,ptr,Kathy Castor,20260825T1602Z,backfill
20019168,house,2026-08-25,2021-07-27,ptr,Kathy Castor,20260825T1602Z,backfill
20019181,house,2026-08-25,2021-07-29,ptr,Kathy Castor,20260825T1602Z,backfill
20019640,house,2026-08-25,2021-10-17,ptr,David Madison Cawthorn,20260825T1602Z,backfill
8218196,house,2026-08-25,2021-07-28,ptr,Steve Chabot,20260825T1602Z,backfill
8218581,house,2026-08-25,2022-02-28,ptr,Steve Chabot,20260825T1602Z,backfill
20017992,house,2026-08-25,2021-01-11,ptr,Gilbert Cisneros,20260825T1602Z,backfill
20018307,house,2026-08-25,2021-03-02,ptr,Katherine M. Clark,20260825T1602Z,backfill
20019054,house,2026-08-25,2021-07-08,ptr,Katherine M. Clark,20260825T1602Z,backfill
20019234,house,2026-08-25,2021-08-04,ptr,Katherine M. Clark,20260825T1602Z,backfill
20019340,house,2026-08-25,2021-08-15,ptr,Katherine M. Clark,20260825T1602Z,backfill
20019623,house,2026-08-25,2021-10-14,ptr,Katherine M. Clark,20260825T1602Z,backfill
20019972,house,2026-08-25,2021-12-07,ptr,Steve Cohen,20260825T1602Z,backfill
20018064,house,2026-08-25,2021-01-22,ptr,K. Michael Conaway,20260825T1602Z,backfill
20018460,house,2026-08-25,2021-03-25,ptr,K. Michael Conaway,20260825T1602Z,backfill
20018084,house,2026-08-25,2021-01-27,ptr,Gerald E. Connolly,20260825T1602Z,backfill
20018689,house,2026-08-25,2021-05-05,ptr,Gerald E. Connolly,20260825T1602Z,backfill
20019428,house,2026-08-25,2021-09-05,ptr,Gerald E. Connolly,20260825T1602Z,backfill
20020089,house,2026-08-25,2021-12-23,ptr,Gerald E. Connolly,20260825T1602Z,backfill
20018373,house,2026-08-25,2021-03-24,ptr,Daniel Crenshaw,20260825T1602Z,backfill
20019942,house,2026-08-25,2021-12-07,ptr,Daniel Crenshaw,20260825T1602Z,backfill
20018140,house,2026-08-25,2021-02-04,ptr,John Curtis,20260825T1602Z,backfill
20019020,house,2026-08-25,2021-07-06,ptr,John Curtis,20260825T1602Z,backfill
20019228,house,2026-08-25,2021-08-06,ptr,John Curtis,20260825T1602Z,backfill
20019415,house,2026-08-25,2021-09-02,ptr,John Curtis,20260825T1602Z,backfill
20019492,house,2026-08-25,2021-09-17,ptr,John Curtis,20260825T1602Z,backfill
20019828,house,2026-08-25,2021-11-16,ptr,John Curtis,20260825T1602Z,backfill
20019939,house,2026-08-25,2021-12-03,ptr,John Curtis,20260825T1602Z,backfill
20017743,house,2026-08-25,2021-03-25,ptr,Warren Davidson,20260825T1602Z,backfill
20017962,house,2026-08-25,2021-01-13,ptr,Suzan K. DelBene,20260825T1602Z,backfill
20018128,house,2026-08-25,2021-02-16,ptr,Suzan K. DelBene,20260825T1602Z,backfill
20018303,house,2026-08-25,2021-03-17,ptr,Suzan K. DelBene,20260825T1602Z,backfill
20018499,house,2026-08-25,2021-04-13,ptr,Suzan K. DelBene,20260825T1602Z,backfill
20018681,house,2026-08-25,2021-05-14,ptr,Suzan K. DelBene,20260825T1602Z,backfill
20018838,house,2026-08-25,2021-06-12,ptr,Suzan K. DelBene,20260825T1602Z,backfill
20019016,house,2026-08-25,2021-07-19,ptr,Suzan K. DelBene,20260825T1602Z,backfill
20019216,house,2026-08-25,2021-08-06,ptr,Suzan K. DelBene,20260825T1602Z,backfill
20019414,house,2026-08-25,2021-09-15,ptr,Suzan K. DelBene,20260825T1602Z,backfill
20019571,house,2026-08-25,2021-10-15,ptr,Suzan K. DelBene,20260825T1602Z,backfill
20019708,house,2026-08-25,2021-10-29,ptr,Suzan K. DelBene,20260825T1602Z,backfill
20019816,house,2026-08-25,2021-11-19,ptr,Suzan K. DelBene,20260825T1602Z,backfill
20019922,house,2026-08-25,2021-12-02,ptr,Suzan K. DelBene,20260825T1602Z,backfill
20020052,house,2026-08-25,2021-12-28,ptr,Suzan K. DelBene,20260825T1602Z,backfill
20018764,house,2026-08-25,2021-05-18,ptr,Mario Diaz-Balart,20260825T1602Z,backfill
20017983,house,2026-08-25,2021-01-13,ptr,Debbie Dingell,20260825T1602Z,backfill
20018112,house,2026-08-25,2021-02-01,ptr,Debbie Dingell,20260825T1602Z,backfill
20018361,house,2026-08-25,2021-03-10,ptr,Debbie Dingell,20260825T1602Z,backfill
20018459,house,2026-08-25,2021-03-25,ptr,Debbie Dingell,20260825T1602Z,backfill
20018488,house,2026-08-25,2021-04-01,ptr,Debbie Dingell,20260825T1602Z,backfill
20018643,house,2026-08-25,2021-05-03,ptr,Debbie Dingell,20260825T1602Z,backfill
20018918,house,2026-08-25,2021-06-15,ptr,Debbie Dingell,20260825T1602Z,backfill
20018962,house,2026-08-25,2021-06-29,ptr,Debbie Dingell,20260825T1602Z,backfill
20019591,house,2026-08-25,2021-10-11,ptr,Debbie Dingell,20260825T1602Z,backfill
20019967,house,2026-08-25,2021-12-10,ptr,Debbie Dingell,20260825T1602Z,backfill
20017977,house,2026-08-25,2021-01-06,ptr,Lloyd Doggett,20260825T1602Z,backfill
20018349,house,2026-08-25,2021-03-08,ptr,Lloyd Doggett,20260825T1602Z,backfill
20018533,house,2026-08-25,2021-04-07,ptr,Lloyd Doggett,20260825T1602Z,backfill
20018695,house,2026-08-25,2021-05-06,ptr,Lloyd Doggett,20260825T1602Z,backfill
20019003,house,2026-08-25,2021-06-30,ptr,Lloyd Doggett,20260825T1602Z,backfill
20019031,house,2026-08-25,2021-07-06,ptr,Lloyd Doggett,20260825T1602Z,backfill
20019318,house,2026-08-25,2021-08-13,ptr,Lloyd Doggett,20260825T1602Z,backfill
20019437,house,2026-08-25,2021-09-07,ptr,Lloyd Doggett,20260825T1602Z,backfill
20019598,house,2026-08-25,2021-10-07,ptr,Lloyd Doggett,20260825T1602Z,backfill
20019848,house,2026-08-25,2021-11-18,ptr,Lloyd Doggett,20260825T1602Z,backfill
20019957,house,2026-08-25,2021-12-06,ptr,Lloyd Doggett,20260825T1602Z,backfill
20018007,house,2026-08-25,2021-01-15,ptr,"Neal Patrick MD, Facs Dunn",20260825T1602Z,backfill
20018369,house,2026-08-25,2021-03-24,ptr,"Neal Patrick MD, Facs Dunn",20260825T1602Z,backfill
20018181,house,2026-08-25,2021-02-09,ptr,Dwight Evans,20260825T1602Z,backfill
20019061,house,2026-08-25,2021-07-09,ptr,Dwight Evans,20260825T1602Z,backfill
20020081,house,2026-08-25,2021-12-22,ptr,Dwight Evans,20260825T1602Z,backfill
20018760,house,2026-08-25,2021-06-17,ptr,Patrick Fallon,20260825T1602Z,backfill
20018998,house,2026-08-25,2021-07-02,ptr,Patrick Fallon,20260825T1602Z,backfill
20019260,house,2026-08-25,2021-08-18,ptr,Patrick Fallon,20260825T1602Z,backfill
20019418,house,2026-08-25,2021-09-03,ptr,Patrick Fallon,20260825T1602Z,backfill
20019582,house,2026-08-25,2021-10-05,ptr,Patrick Fallon,20260825T1602Z,backfill
20019752,house,2026-08-25,2021-11-04,ptr,Patrick Fallon,20260825T1602Z,backfill
20019902,house,2026-08-25,2021-11-30,ptr,Patrick Fallon,20260825T1602Z,backfill
20020096,house,2026-08-25,2021-12-29,ptr,Patrick Fallon,20260825T1602Z,backfill
8217884,house,2026-08-25,2021-03-03,ptr,"Charles J. ""Chuck"" Fleischmann",20260825T1602Z,backfill
8218027,house,2026-08-25,2021-05-12,ptr,"Charles J. ""Chuck"" Fleischmann",20260825T1602Z,backfill
8218297,house,2026-08-25,2021-08-17,ptr,"Charles J. ""Chuck"" Fleischmann",20260825T1602Z,backfill
8218379,house,2026-08-25,2021-10-01,ptr,"Charles J. ""Chuck"" Fleischmann",20260825T1602Z,backfill
8218380,house,2026-08-25,2021-10-07,ptr,"Charles J. ""Chuck"" Fleischmann",20260825T1602Z,backfill
8218397,house,2026-08-25,2021-10-13,ptr,"Charles J. ""Chuck"" Fleischmann",20260825T1602Z,backfill
8218436,house,2026-08-25,2021-11-12,ptr,"Charles J. ""Chuck"" Fleischmann",20260825T1602Z,backfill
8218505,house,2026-08-25,2021-12-16,ptr,"Charles J. ""Chuck"" Fleischmann",20260825T1602Z,backfill
20017967,house,2026-08-25,2021-01-08,ptr,Virginia Foxx,20260825T1602Z,backfill
20018115,house,2026-08-25,2021-02-01,ptr,Virginia Foxx,20260825T1602Z,backfill
20018306,house,2026-08-25,2021-03-03,ptr,Virginia Foxx,20260825T1602Z,backfill
20018512,house,2026-08-25,2021-04-07,ptr,Virginia Foxx,20260825T1602Z,backfill
20018670,house,2026-08-25,2021-05-05,ptr,Virginia Foxx,20260825T1602Z,backfill
20018805,house,2026-08-25,2021-06-03,ptr,Virginia Foxx,20260825T1602Z,backfill
20019013,house,2026-08-25,2021-07-02,ptr,Virginia Foxx,20260825T1602Z,backfill
20019162,house,2026-08-25,2021-08-02,ptr,Virginia Foxx,20260825T1602Z,backfill
20019412,house,2026-08-25,2021-09-03,ptr,Virginia Foxx,20260825T1602Z,backfill
20019557,house,2026-08-25,2021-10-04,ptr,Virginia Foxx,20260825T1602Z,backfill
20019717,house,2026-08-25,2021-11-02,ptr,Virginia Foxx,20260825T1602Z,backfill
20019946,house,2026-08-25,2021-12-03,ptr,Virginia Foxx,20260825T1602Z,backfill
20018050,house,2026-08-25,2021-01-21,ptr,Lois Frankel,20260825T1602Z,backfill
20018224,house,2026-08-25,2021-02-25,ptr,Lois Frankel,20260825T1602Z,backfill
20018420,house,2026-08-25,2021-03-26,ptr,Lois Frankel,20260825T1602Z,backfill
20018606,house,2026-08-25,2021-04-23,ptr,Lois Frankel,20260825T1602Z,backfill
20018768,house,2026-08-25,2021-05-25,ptr,Lois Frankel,20260825T1602Z,backfill
20018944,house,2026-08-25,2021-06-30,ptr,Lois Frankel,20260825T1602Z,backfill
20019173,house,2026-08-25,2021-08-03,ptr,Lois Frankel,20260825T1602Z,backfill
20019346,house,2026-08-25,2021-08-18,ptr,Lois Frankel,20260825T1602Z,backfill
20019512,house,2026-08-25,2021-09-28,ptr,Lois Frankel,20260825T1602Z,backfill
20019707,house,2026-08-25,2021-11-01,ptr,Lois Frankel,20260825T1602Z,backfill
20020021,house,2026-08-25,2021-12-21,ptr,Lois Frankel,20260825T1602Z,backfill
20020112,house,2026-08-25,2021-12-30,ptr,Lois Frankel,20260825T1602Z,backfill
8218040,house,2026-08-25,2021-05-20,ptr,Scott Franklin,20260825T1602Z,backfill
20018831,house,2026-08-25,2021-06-01,ptr,Scott Franklin,20260825T1602Z,backfill
8218078,house,2026-08-25,2021-06-08,ptr,Scott Franklin,20260825T1602Z,backfill
8218110,house,2026-08-25,2021-06-15,ptr,Scott Franklin,20260825T1602Z,backfill
8218111,house,2026-08-25,2021-06-15,ptr,Scott Franklin,20260825T1602Z,backfill
8218405,house,2026-08-25,2021-10-20,ptr,Scott Franklin,20260825T1602Z,backfill
20018466,house,2026-08-25,2021-03-26,ptr,Scott Franklin,20260825T1602Z,backfill
20018529,house,2026-08-25,2021-04-06,ptr,Michael John Gallagher,20260825T1602Z,backfill
20018802,house,2026-08-25,2021-05-24,ptr,Andrew Garbarino,20260825T1602Z,backfill
20019056,house,2026-08-25,2021-07-09,ptr,Andrew Garbarino,20260825T1602Z,backfill
20019736,house,2026-08-25,2021-11-03,ptr,Andrew Garbarino,20260825T1602Z,backfill
20018671,house,2026-08-25,2021-05-03,ptr,Michael Garcia,20260825T1602Z,backfill
20019082,house,2026-08-25,2021-07-13,ptr,Michael Garcia,20260825T1602Z,backfill
20019692,house,2026-08-25,2021-10-26,ptr,Michael Garcia,20260825T1602Z,backfill
20018238,house,2026-08-25,2021-02-18,ptr,Bob Gibbs,20260825T1602Z,backfill
20018545,house,2026-08-25,2021-04-09,ptr,Bob Gibbs,20260825T1602Z,backfill
20018821,house,2026-08-25,2021-05-28,ptr,Bob Gibbs,20260825T1602Z,backfill
20019045,house,2026-08-25,2021-07-07,ptr,Bob Gibbs,20260825T1602Z,backfill
20019814,house,2026-08-25,2021-11-14,ptr,Bob Gibbs,20260825T1602Z,backfill
20019863,house,2026-08-25,2021-11-21,ptr,Bob Gibbs,20260825T1602Z,backfill
20019893,house,2026-08-25,2021-11-28,ptr,Bob Gibbs,20260825T1602Z,backfill
20020090,house,2026-08-25,2021-12-23,ptr,Bob Gibbs,20260825T1602Z,backfill
20018126,house,2026-08-25,2021-02-12,ptr,Anthony E. Gonzalez,20260825T1602Z,backfill
20018383,house,2026-08-25,2021-04-02,ptr,Anthony E. Gonzalez,20260825T1602Z,backfill
20018548,house,2026-08-25,2021-04-23,ptr,Anthony E. Gonzalez,20260825T1602Z,backfill
20017973,house,2026-08-25,2021-01-07,ptr,Josh Gottheimer,20260825T1602Z,backfill
20018160,house,2026-08-25,2021-02-09,ptr,Josh Gottheimer,20260825T1602Z,backfill
20018333,house,2026-08-25,2021-03-10,ptr,Josh Gottheimer,20260825T1602Z,backfill
20018534,house,2026-08-25,2021-04-21,ptr,Josh Gottheimer,20260825T1602Z,backfill
20018699,house,2026-08-25,2021-05-07,ptr,Josh Gottheimer,20260825T1602Z,backfill
20018854,house,2026-08-25,2021-06-15,ptr,Josh Gottheimer,20260825T1602Z,backfill
20019076,house,2026-08-25,2021-07-15,ptr,Josh Gottheimer,20260825T1602Z,backfill
20019257,house,2026-08-25,2021-08-09,ptr,Josh Gottheimer,20260825T1602Z,backfill
20019479,house,2026-08-25,2021-09-20,ptr,Josh Gottheimer,20260825T1602Z,backfill
20019593,house,2026-08-25,2021-10-13,ptr,Josh Gottheimer,20260825T1602Z,backfill
20019761,house,2026-08-25,2021-11-15,ptr,Josh Gottheimer,20260825T1602Z,backfill
20019961,house,2026-08-25,2021-12-13,ptr,Josh Gottheimer,20260825T1602Z,backfill
20018091,house,2026-08-25,2021-01-28,ptr,Garret Graves,20260825T1602Z,backfill
20018259,house,2026-08-25,2021-02-22,ptr,Garret Graves,20260825T1602Z,backfill
20018587,house,2026-08-25,2021-04-15,ptr,Garret Graves,20260825T1602Z,backfill
20017867,house,2026-08-25,2021-01-11,ptr,Mark Dr Green,20260825T1602Z,backfill
20018065,house,2026-08-25,2021-03-05,ptr,Mark Dr Green,20260825T1602Z,backfill
20018359,house,2026-08-25,2021-03-20,ptr,Mark Dr Green,20260825T1602Z,backfill
20018471,house,2026-08-25,2021-03-28,ptr,Mark Dr Green,20260825T1602Z,backfill
20018526,house,2026-08-25,2021-04-15,ptr,Mark Dr Green,20260825T1602Z,backfill
20018586,house,2026-08-25,2021-04-15,ptr,Mark Dr Green,20260825T1602Z,backfill
20018602,house,2026-08-25,2021-04-28,ptr,Mark Dr Green,20260825T1602Z,backfill
20018709,house,2026-08-25,2021-05-10,ptr,Mark Dr Green,20260825T1602Z,backfill
20018758,house,2026-08-25,2021-05-17,ptr,Mark Dr Green,20260825T1602Z,backfill
20018798,house,2026-08-25,2021-06-07,ptr,Mark Dr Green,20260825T1602Z,backfill
20018933,house,2026-08-25,2021-06-17,ptr,Mark Dr Green,20260825T1602Z,backfill
20019043,house,2026-08-25,2021-07-13,ptr,Mark Dr Green,20260825T1602Z,backfill
20019349,house,2026-08-25,2021-08-23,ptr,Mark Dr Green,20260825T1602Z,backfill
20019435,house,2026-08-25,2021-09-23,ptr,Mark Dr Green,20260825T1602Z,backfill
20019543,house,2026-08-25,2021-09-30,ptr,Mark Dr Green,20260825T1602Z,backfill
20019606,house,2026-08-25,2021-10-18,ptr,Mark Dr Green,20260825T1602Z,backfill
20019654,house,2026-08-25,2021-10-26,ptr,Mark Dr Green,20260825T1602Z,backfill
20019780,house,2026-08-25,2021-11-18,ptr,Mark Dr Green,20260825T1602Z,backfill
20018727,house,2026-08-25,2021-05-12,ptr,Marjorie Taylor Greene,20260825T1602Z,backfill
20018905,house,2026-08-25,2021-06-11,ptr,Marjorie Taylor Greene,20260825T1602Z,backfill
20018935,house,2026-08-25,2021-06-17,ptr,Marjorie Taylor Greene,20260825T1602Z,backfill
20018953,house,2026-08-25,2021-06-21,ptr,Marjorie Taylor Greene,20260825T1602Z,backfill
20019231,house,2026-08-25,2021-08-04,ptr,Marjorie Taylor Greene,20260825T1602Z,backfill
20019266,house,2026-08-25,2021-08-09,ptr,Marjorie Taylor Greene,20260825T1602Z,backfill
20019421,house,2026-08-25,2021-09-03,ptr,Marjorie Taylor Greene,20260825T1602Z,backfill
20019547,house,2026-08-25,2021-09-30,ptr,Marjorie Taylor Greene,20260825T1602Z,backfill
20019691,house,2026-08-25,2021-10-26,ptr,Marjorie Taylor Greene,20260825T1602Z,backfill
20019872,house,2026-08-25,2021-11-22,ptr,Marjorie Taylor Greene,20260825T1602Z,backfill
20020046,house,2026-08-25,2021-12-21,ptr,Marjorie Taylor Greene,20260825T1602Z,backfill
20018243,house,2026-08-25,2021-02-19,ptr,Marjorie Taylor Greene,20260825T1602Z,backfill
20019091,house,2026-08-25,2021-07-14,ptr,Raúl M. Grijalva,20260825T1602Z,backfill
20019140,house,2026-08-25,2021-07-22,ptr,Raúl M. Grijalva,20260825T1602Z,backfill
20020029,house,2026-08-25,2021-12-15,ptr,Raúl M. Grijalva,20260825T1602Z,backfill
20020062,house,2026-08-25,2021-12-20,ptr,Raúl M. Grijalva,20260825T1602Z,backfill
20019676,house,2026-08-25,2021-11-03,ptr,Michael Patrick Guest,20260825T1602Z,backfill
8218296,house,2026-08-25,2021-08-16,ptr,Diana Harshbarger,20260825T1602Z,backfill
8218321,house,2026-08-25,2021-08-27,ptr,Diana Harshbarger,20260825T1602Z,backfill
8218358,house,2026-08-25,2021-09-22,ptr,Diana Harshbarger,20260825T1602Z,backfill
8218410,house,2026-08-25,2021-10-25,ptr,Diana Harshbarger,20260825T1602Z,backfill
8218478,house,2026-08-25,2021-12-01,ptr,Diana Harshbarger,20260825T1602Z,backfill
8218512,house,2026-08-25,2021-12-30,ptr,Diana Harshbarger,20260825T1602Z,backfill
20018029,house,2026-08-25,2021-01-15,ptr,Kevin Hern,20260825T1602Z,backfill
20018232,house,2026-08-25,2021-02-17,ptr,Kevin Hern,20260825T1602Z,backfill
20018400,house,2026-08-25,2021-03-15,ptr,Kevin Hern,20260825T1602Z,backfill
20018550,house,2026-08-25,2021-04-09,ptr,Kevin Hern,20260825T1602Z,backfill
20018757,house,2026-08-25,2021-05-17,ptr,Kevin Hern,20260825T1602Z,backfill
20018919,house,2026-08-25,2021-06-15,ptr,Kevin Hern,20260825T1602Z,backfill
20019089,house,2026-08-25,2021-07-14,ptr,Kevin Hern,20260825T1602Z,backfill
20019183,house,2026-08-25,2021-07-30,ptr,Kevin Hern,20260825T1602Z,backfill
20019334,house,2026-08-25,2021-09-15,ptr,Kevin Hern,20260825T1602Z,backfill
20019490,house,2026-08-25,2021-09-15,ptr,Kevin Hern,20260825T1602Z,backfill
20019594,house,2026-08-25,2021-10-07,ptr,Kevin Hern,20260825T1602Z,backfill
20019762,house,2026-08-25,2021-11-05,ptr,Kevin Hern,20260825T1602Z,backfill
20019983,house,2026-08-25,2021-12-09,ptr,Kevin Hern,20260825T1602Z,backfill
20019288,house,2026-08-25,2021-08-11,ptr,Brian Higgins,20260825T1602Z,backfill
20019289,house,2026-08-25,2021-08-11,ptr,Brian Higgins,20260825T1602Z,backfill
20018570,house,2026-08-25,2021-04-27,ptr,James French Hill,20260825T1602Z,backfill
20018521,house,2026-08-25,2021-04-05,ptr,Ashley Hinson Arenholz,20260825T1602Z,backfill
8217840,house,2026-08-25,2021-02-04,ptr,Trey Hollingsworth,20260825T1602Z,backfill
8217902,house,2026-08-25,2021-03-17,ptr,Trey Hollingsworth,20260825T1602Z,backfill
8217934,house,2026-08-25,2021-04-14,ptr,Trey Hollingsworth,20260825T1602Z,backfill
8218030,house,2026-08-25,2021-05-12,ptr,Trey Hollingsworth,20260825T1602Z,backfill
8218112,house,2026-08-25,2021-06-15,ptr,Trey Hollingsworth,20260825T1602Z,backfill
8218182,house,2026-08-25,2021-07-27,ptr,Trey Hollingsworth,20260825T1602Z,backfill
8218381,house,2026-08-25,2021-10-08,ptr,Trey Hollingsworth,20260825T1602Z,backfill
8218433,house,2026-08-25,2021-11-10,ptr,Trey Hollingsworth,20260825T1602Z,backfill
8218441,house,2026-08-25,2021-11-16,ptr,Trey Hollingsworth,20260825T1602Z,backfill
8218489,house,2026-08-25,2021-12-07,ptr,Trey Hollingsworth,20260825T1602Z,backfill
8217905,house,2026-08-25,2021-03-19,ptr,Bill Huizenga,20260825T1602Z,backfill
20018037,house,2026-08-25,2021-02-10,ptr,Christopher L. Jacobs,20260825T1602Z,backfill
20018205,house,2026-08-25,2021-02-17,ptr,Christopher L. Jacobs,20260825T1602Z,backfill
20018738,house,2026-08-25,2021-06-01,ptr,Christopher L. Jacobs,20260825T1602Z,backfill
20018954,house,2026-08-25,2021-07-08,ptr,Christopher L. Jacobs,20260825T1602Z,backfill
20019144,house,2026-08-25,2021-08-13,ptr,Christopher L. Jacobs,20260825T1602Z,backfill
20019355,house,2026-08-25,2021-09-03,ptr,Christopher L. Jacobs,20260825T1602Z,backfill
20019461,house,2026-08-25,2021-09-14,ptr,Christopher L. Jacobs,20260825T1602Z,backfill
20019675,house,2026-08-25,2021-10-25,ptr,Christopher L. Jacobs,20260825T1602Z,backfill
20019805,house,2026-08-25,2021-12-02,ptr,Christopher L. Jacobs,20260825T1602Z,backfill
20018354,house,2026-08-25,2021-03-12,ptr,Sara Jacobs,20260825T1602Z,backfill
20018720,house,2026-08-25,2021-05-28,ptr,Sara Jacobs,20260825T1602Z,backfill
20018865,house,2026-08-25,2021-07-02,ptr,Sara Jacobs,20260825T1602Z,backfill
20019344,house,2026-08-25,2021-08-17,ptr,Sara Jacobs,20260825T1602Z,backfill
20018554,house,2026-08-25,2021-04-10,ptr,Hakeem S. Jeffries,20260825T1602Z,backfill
20018555,house,2026-08-25,2021-04-10,ptr,Hakeem S. Jeffries,20260825T1602Z,backfill
20018596,house,2026-08-25,2021-04-16,ptr,Hakeem S. Jeffries,20260825T1602Z,backfill
20018630,house,2026-08-25,2021-04-25,ptr,Hakeem S. Jeffries,20260825T1602Z,backfill
20018793,house,2026-08-25,2021-05-30,ptr,Hakeem S. Jeffries,20260825T1602Z,backfill
20018692,house,2026-08-25,2021-07-27,ptr,David P. Joyce,20260825T1602Z,backfill
20019546,house,2026-08-25,2021-09-30,ptr,David P. Joyce,20260825T1602Z,backfill
20018465,house,2026-08-25,2021-04-27,ptr,William R. Keating,20260825T1602Z,backfill
20018875,house,2026-08-25,2021-06-15,ptr,William R. Keating,20260825T1602Z,backfill
20019116,house,2026-08-25,2021-07-20,ptr,William R. Keating,20260825T1602Z,backfill
8217820,house,2026-08-25,2021-01-25,ptr,Mike Kelly,20260825T1602Z,backfill
8217868,house,2026-08-25,2021-02-23,ptr,Mike Kelly,20260825T1602Z,backfill
8217939,house,2026-08-25,2021-04-15,ptr,Mike Kelly,20260825T1602Z,backfill
8218359,house,2026-08-25,2021-09-24,ptr,Mike Kelly,20260825T1602Z,backfill
8218500,house,2026-08-25,2021-12-13,ptr,Mike Kelly,20260825T1602Z,backfill
8218506,house,2026-08-25,2021-12-20,ptr,Mike Kelly,20260825T1602Z,backfill
8218541,house,2026-08-25,2022-01-21,ptr,Mike Kelly,20260825T1602Z,backfill
8217856,house,2026-08-25,2021-02-16,ptr,Rohit Khanna,20260825T1602Z,backfill
8217894,house,2026-08-25,2021-03-12,ptr,Rohit Khanna,20260825T1602Z,backfill
8217938,house,2026-08-25,2021-04-16,ptr,Rohit Khanna,20260825T1602Z,backfill
8218031,house,2026-08-25,2021-05-14,ptr,Rohit Khanna,20260825T1602Z,backfill
8218109,house,2026-08-25,2021-06-10,ptr,Rohit Khanna,20260825T1602Z,backfill
8218147,house,2026-08-25,2021-07-13,ptr,Rohit Khanna,20260825T1602Z,backfill
8218261,house,2026-08-25,2021-08-13,ptr,Rohit Khanna,20260825T1602Z,backfill
8218338,house,2026-08-25,2021-09-15,ptr,Rohit Khanna,20260825T1602Z,backfill
8218398,house,2026-08-25,2021-10-14,ptr,Rohit Khanna,20260825T1602Z,backfill
8218426,house,2026-08-25,2021-11-09,ptr,Rohit Khanna,20260825T1602Z,backfill
8218490,house,2026-08-25,2021-12-07,ptr,Rohit Khanna,20260825T1602Z,backfill
8217876,house,2026-08-25,2021-02-26,ptr,David Kustoff,20260825T1602Z,backfill
8218126,house,2026-08-25,2021-06-22,ptr,David Kustoff,20260825T1602Z,backfill
8218311,house,2026-08-25,2021-08-20,ptr,David Kustoff,20260825T1602Z,backfill
8218411,house,2026-08-25,2021-10-26,ptr,David Kustoff,20260825T1602Z,backfill
8218477,house,2026-08-25,2021-11-30,ptr,David Kustoff,20260825T1602Z,backfill
8217846,house,2026-08-25,2021-02-08,ptr,Doug Lamborn,20260825T1602Z,backfill
8217906,house,2026-08-25,2021-03-19,ptr,Doug Lamborn,20260825T1602Z,backfill
8218028,house,2026-08-25,2021-05-13,ptr,Doug Lamborn,20260825T1602Z,backfill
8218132,house,2026-08-25,2021-06-28,ptr,Doug Lamborn,20260825T1602Z,backfill
8218183,house,2026-08-25,2021-07-27,ptr,Doug Lamborn,20260825T1602Z,backfill
8218370,house,2026-08-25,2021-09-28,ptr,Doug Lamborn,20260825T1602Z,backfill
8218413,house,2026-08-25,2021-10-27,ptr,Doug Lamborn,20260825T1602Z,backfill
8218442,house,2026-08-25,2021-11-18,ptr,Doug Lamborn,20260825T1602Z,backfill
20017921,house,2026-08-25,2021-01-08,ptr,James R. Langevin,20260825T1602Z,backfill
20018127,house,2026-08-25,2021-02-17,ptr,James R. Langevin,20260825T1602Z,backfill
20018308,house,2026-08-25,2021-03-10,ptr,James R. Langevin,20260825T1602Z,backfill
20018522,house,2026-08-25,2021-04-09,ptr,James R. Langevin,20260825T1602Z,backfill
20018638,house,2026-08-25,2021-05-13,ptr,James R. Langevin,20260825T1602Z,backfill
20018852,house,2026-08-25,2021-06-10,ptr,James R. Langevin,20260825T1602Z,backfill
20019035,house,2026-08-25,2021-07-07,ptr,James R. Langevin,20260825T1602Z,backfill
20019333,house,2026-08-25,2021-08-14,ptr,James R. Langevin,20260825T1602Z,backfill
20019445,house,2026-08-25,2021-09-13,ptr,James R. Langevin,20260825T1602Z,backfill
20019600,house,2026-08-25,2021-10-15,ptr,James R. Langevin,20260825T1602Z,backfill
20019734,house,2026-08-25,2021-11-15,ptr,James R. Langevin,20260825T1602Z,backfill
20019949,house,2026-08-25,2021-12-13,ptr,James R. Langevin,20260825T1602Z,backfill
20017980,house,2026-08-25,2021-01-11,ptr,Susie Lee,20260825T1602Z,backfill
20018168,house,2026-08-25,2021-02-10,ptr,Susie Lee,20260825T1602Z,backfill
20018329,house,2026-08-25,2021-03-11,ptr,Susie Lee,20260825T1602Z,backfill
20018528,house,2026-08-25,2021-05-05,ptr,Susie Lee,20260825T1602Z,backfill
20018701,house,2026-08-25,2021-05-10,ptr,Susie Lee,20260825T1602Z,backfill
20018866,house,2026-08-25,2021-06-14,ptr,Susie Lee,20260825T1602Z,backfill
20019023,house,2026-08-25,2021-07-13,ptr,Susie Lee,20260825T1602Z,backfill
20019238,house,2026-08-25,2021-08-13,ptr,Susie Lee,20260825T1602Z,backfill
20019426,house,2026-08-25,2021-09-10,ptr,Susie Lee,20260825T1602Z,backfill
20019513,house,2026-08-25,2021-09-23,ptr,Susie Lee,20260825T1602Z,backfill
20019586,house,2026-08-25,2021-10-12,ptr,Susie Lee,20260825T1602Z,backfill
20019647,house,2026-08-25,2021-10-19,ptr,Susie Lee,20260825T1602Z,backfill
20019743,house,2026-08-25,2021-11-09,ptr,Susie Lee,20260825T1602Z,backfill
20019458,house,2026-08-25,2021-09-10,ptr,Zoe Lofgren,20260825T1602Z,backfill
20019592,house,2026-08-25,2021-10-07,ptr,Zoe Lofgren,20260825T1602Z,backfill
20019744,house,2026-08-25,2021-11-03,ptr,Zoe Lofgren,20260825T1602Z,backfill
8218114,house,2026-08-25,2021-06-16,ptr,Billy Long,20260825T1602Z,backfill
20017999,house,2026-08-25,2021-01-09,ptr,Alan S. Lowenthal,20260825T1602Z,backfill
20018000,house,2026-08-25,2021-01-09,ptr,Alan S. Lowenthal,20260825T1602Z,backfill
20018001,house,2026-08-25,2021-01-09,ptr,Alan S. Lowenthal,20260825T1602Z,backfill
20018081,house,2026-08-25,2021-01-26,ptr,Alan S. Lowenthal,20260825T1602Z,backfill
20018082,house,2026-08-25,2021-01-26,ptr,Alan S. Lowenthal,20260825T1602Z,backfill
20018083,house,2026-08-25,2021-01-26,ptr,Alan S. Lowenthal,20260825T1602Z,backfill
20018129,house,2026-08-25,2021-02-02,ptr,Alan S. Lowenthal,20260825T1602Z,backfill
20018130,house,2026-08-25,2021-02-02,ptr,Alan S. Lowenthal,20260825T1602Z,backfill
20018131,house,2026-08-25,2021-02-02,ptr,Alan S. Lowenthal,20260825T1602Z,backfill
20018132,house,2026-08-25,2021-02-02,ptr,Alan S. Lowenthal,20260825T1602Z,backfill
20018153,house,2026-08-25,2021-02-05,ptr,Alan S. Lowenthal,20260825T1602Z,backfill
20018154,house,2026-08-25,2021-02-05,ptr,Alan S. Lowenthal,20260825T1602Z,backfill
20018155,house,2026-08-25,2021-02-05,ptr,Alan S. Lowenthal,20260825T1602Z,backfill
20018185,house,2026-08-25,2021-02-10,ptr,Alan S. Lowenthal,20260825T1602Z,backfill
20018186,house,2026-08-25,2021-02-10,ptr,Alan S. Lowenthal,20260825T1602Z,backfill
20018187,house,2026-08-25,2021-02-10,ptr,Alan S. Lowenthal,20260825T1602Z,backfill
20018256,house,2026-08-25,2021-02-21,ptr,Alan S. Lowenthal,20260825T1602Z,backfill
20018334,house,2026-08-25,2021-03-05,ptr,Alan S. Lowenthal,20260825T1602Z,backfill
20018335,house,2026-08-25,2021-03-05,ptr,Alan S. Lowenthal,20260825T1602Z,backfill
20018336,house,2026-08-25,2021-03-05,ptr,Alan S. Lowenthal,20260825T1602Z,backfill
20018413,house,2026-08-25,2021-03-17,ptr,Alan S. Lowenthal,20260825T1602Z,backfill
20018414,house,2026-08-25,2021-03-17,ptr,Alan S. Lowenthal,20260825T1602Z,backfill
20018447,house,2026-08-25,2021-03-23,ptr,Alan S. Lowenthal,20260825T1602Z,backfill
20018448,house,2026-08-25,2021-03-23,ptr,Alan S. Lowenthal,20260825T1602Z,backfill
20018449,house,2026-08-25,2021-03-23,ptr,Alan S. Lowenthal,20260825T1602Z,backfill
20018450,house,2026-08-25,2021-03-23,ptr,Alan S. Lowenthal,20260825T1602Z,backfill
20018451,house,2026-08-25,2021-03-23,ptr,Alan S. Lowenthal,20260825T1602Z,backfill
20018452,house,2026-08-25,2021-03-23,ptr,Alan S. Lowenthal,20260825T1602Z,backfill
20018453,house,2026-08-25,2021-03-23,ptr,Alan S. Lowenthal,20260825T1602Z,backfill
20018473,house,2026-08-25,2021-03-28,ptr,Alan S. Lowenthal,20260825T1602Z,backfill
20018474,house,2026-08-25,2021-03-28,ptr,Alan S. Lowenthal,20260825T1602Z,backfill
20018475,house,2026-08-25,2021-03-28,ptr,Alan S. Lowenthal,20260825T1602Z,backfill
20018513,house,2026-08-25,2021-04-04,ptr,Alan S. Lowenthal,20260825T1602Z,backfill
20018514,house,2026-08-25,2021-04-04,ptr,Alan S. Lowenthal,20260825T1602Z,backfill
20018593,house,2026-08-25,2021-04-15,ptr,Alan S. Lowenthal,20260825T1602Z,backfill
20018667,house,2026-08-25,2021-05-17,ptr,Alan S. Lowenthal,20260825T1602Z,backfill
20018803,house,2026-08-25,2021-05-24,ptr,Alan S. Lowenthal,20260825T1602Z,backfill
20018857,house,2026-08-25,2021-06-06,ptr,Alan S. Lowenthal,20260825T1602Z,backfill
20018911,house,2026-08-25,2021-06-13,ptr,Alan S. Lowenthal,20260825T1602Z,backfill
20018912,house,2026-08-25,2021-06-13,ptr,Alan S. Lowenthal,20260825T1602Z,backfill
20018913,house,2026-08-25,2021-06-13,ptr,Alan S. Lowenthal,20260825T1602Z,backfill
20019028,house,2026-08-25,2021-07-05,ptr,Alan S. Lowenthal,20260825T1602Z,backfill
20019033,house,2026-08-25,2021-07-06,ptr,Alan S. Lowenthal,20260825T1602Z,backfill
20019068,house,2026-08-25,2021-07-10,ptr,Alan S. Lowenthal,20260825T1602Z,backfill
20019096,house,2026-08-25,2021-07-15,ptr,Alan S. Lowenthal,20260825T1602Z,backfill
20019097,house,2026-08-25,2021-07-15,ptr,Alan S. Lowenthal,20260825T1602Z,backfill
20019098,house,2026-08-25,2021-07-15,ptr,Alan S. Lowenthal,20260825T1602Z,backfill
20019100,house,2026-08-25,2021-07-16,ptr,Alan S. Lowenthal,20260825T1602Z,backfill
20019253,house,2026-08-25,2021-08-07,ptr,Alan S. Lowenthal,20260825T1602Z,backfill
20019309,house,2026-08-25,2021-08-12,ptr,Alan S. Lowenthal,20260825T1602Z,backfill
20019402,house,2026-08-25,2021-08-30,ptr,Alan S. Lowenthal,20260825T1602Z,backfill
20019403,house,2026-08-25,2021-08-30,ptr,Alan S. Lowenthal,20260825T1602Z,backfill
20019481,house,2026-08-25,2021-09-14,ptr,Alan S. Lowenthal,20260825T1602Z,backfill
20019482,house,2026-08-25,2021-09-14,ptr,Alan S. Lowenthal,20260825T1602Z,backfill
20019483,house,2026-08-25,2021-09-14,ptr,Alan S. Lowenthal,20260825T1602Z,backfill
20019570,house,2026-08-25,2021-10-04,ptr,Alan S. Lowenthal,20260825T1602Z,backfill
20019595,house,2026-08-25,2021-10-07,ptr,Alan S. Lowenthal,20260825T1602Z,backfill
20019596,house,2026-08-25,2021-10-07,ptr,Alan S. Lowenthal,20260825T1602Z,backfill
20019638,house,2026-08-25,2021-10-16,ptr,Alan S. Lowenthal,20260825T1602Z,backfill
20019776,house,2026-08-25,2021-11-08,ptr,Alan S. Lowenthal,20260825T1602Z,backfill
20019777,house,2026-08-25,2021-11-08,ptr,Alan S. Lowenthal,20260825T1602Z,backfill
20019795,house,2026-08-25,2021-11-10,ptr,Alan S. Lowenthal,20260825T1602Z,backfill
20019796,house,2026-08-25,2021-11-10,ptr,Alan S. Lowenthal,20260825T1602Z,backfill
20019829,house,2026-08-25,2021-11-15,ptr,Alan S. Lowenthal,20260825T1602Z,backfill
20019852,house,2026-08-25,2021-11-18,ptr,Alan S. Lowenthal,20260825T1602Z,backfill
20019896,house,2026-08-25,2021-11-28,ptr,Alan S. Lowenthal,20260825T1602Z,backfill
20020009,house,2026-08-25,2021-12-14,ptr,Alan S. Lowenthal,20260825T1602Z,backfill
20020097,house,2026-08-25,2021-12-25,ptr,Alan S. Lowenthal,20260825T1602Z,backfill
20020098,house,2026-08-25,2021-12-25,ptr,Alan S. Lowenthal,20260825T1602Z,backfill
20020099,house,2026-08-25,2021-12-25,ptr,Alan S. Lowenthal,20260825T1602Z,backfill
20018569,house,2026-08-25,2021-04-13,ptr,Elaine Luria,20260825T1602Z,backfill
20011417,house,2026-08-25,2021-03-05,ptr,Tom Malinowski,20260825T1602Z,backfill
20018344,house,2026-08-25,2021-03-06,ptr,Tom Malinowski,20260825T1602Z,backfill
20018553,house,2026-08-25,2021-04-10,ptr,Tom Malinowski,20260825T1602Z,backfill
20018792,house,2026-08-25,2021-06-12,ptr,Tom Malinowski,20260825T1602Z,backfill
20018967,house,2026-08-25,2021-06-23,ptr,Tom Malinowski,20260825T1602Z,backfill
20019040,house,2026-08-25,2021-07-09,ptr,Tom Malinowski,20260825T1602Z,backfill
20019374,house,2026-08-25,2021-08-26,ptr,Tom Malinowski,20260825T1602Z,backfill
8219063,house,2026-08-25,2022-07-01,ptr,Tom Malinowski,20260825T1602Z,backfill
20017063,house,2026-08-25,2021-10-22,ptr,Carolyn B. Maloney,20260825T1602Z,backfill
20020032,house,2026-08-25,2021-12-18,ptr,Carolyn B. Maloney,20260825T1602Z,backfill
20018502,house,2026-08-25,2021-04-02,ptr,Sean Patrick Maloney,20260825T1602Z,backfill
20018138,house,2026-08-25,2021-02-04,ptr,Kathy Manning,20260825T1602Z,backfill
20018325,house,2026-08-25,2021-03-04,ptr,Kathy Manning,20260825T1602Z,backfill
20018693,house,2026-08-25,2021-05-06,ptr,Kathy Manning,20260825T1602Z,backfill
20019751,house,2026-08-25,2021-11-05,ptr,Kathy Manning,20260825T1602Z,backfill
8218371,house,2026-08-25,2021-09-28,ptr,Roger W. Marshall,20260825T1602Z,backfill
20018108,house,2026-08-25,2021-02-01,ptr,Brian Mast,20260825T1602Z,backfill
20018412,house,2026-08-25,2021-03-17,ptr,Brian Mast,20260825T1602Z,backfill
20018421,house,2026-08-25,2021-03-18,ptr,Brian Mast,20260825T1602Z,backfill
20018601,house,2026-08-25,2021-04-19,ptr,Brian Mast,20260825T1602Z,backfill
20018737,house,2026-08-25,2021-05-14,ptr,Brian Mast,20260825T1602Z,backfill
20019373,house,2026-08-25,2021-08-23,ptr,Brian Mast,20260825T1602Z,backfill
20019436,house,2026-08-25,2021-09-07,ptr,Brian Mast,20260825T1602Z,backfill
20018180,house,2026-08-25,2021-02-09,ptr,Doris O. Matsui,20260825T1602Z,backfill
8217852,house,2026-08-25,2021-02-12,ptr,Doris O. Matsui,20260825T1602Z,backfill
20018861,house,2026-08-25,2021-06-22,ptr,Doris O. Matsui,20260825T1602Z,backfill
8217869,house,2026-08-25,2021-02-25,ptr,Michael T. McCaul,20260825T1602Z,backfill
8217912,house,2026-08-25,2021-03-30,ptr,Michael T. McCaul,20260825T1602Z,backfill
8217977,house,2026-08-25,2021-04-19,ptr,Michael T. McCaul,20260825T1602Z,backfill
8218059,house,2026-08-25,2021-05-26,ptr,Michael T. McCaul,20260825T1602Z,backfill
8218113,house,2026-08-25,2021-06-17,ptr,Michael T. McCaul,20260825T1602Z,backfill
8218157,house,2026-08-25,2021-07-16,ptr,Michael T. McCaul,20260825T1602Z,backfill
8218312,house,2026-08-25,2021-08-18,ptr,Michael T. McCaul,20260825T1602Z,backfill
8218376,house,2026-08-25,2021-09-29,ptr,Michael T. McCaul,20260825T1602Z,backfill
8218408,house,2026-08-25,2021-10-20,ptr,Michael T. McCaul,20260825T1602Z,backfill
8218460,house,2026-08-25,2021-11-22,ptr,Michael T. McCaul,20260825T1602Z,backfill
8218519,house,2026-08-25,2022-01-04,ptr,Michael T. McCaul,20260825T1602Z,backfill
20019873,house,2026-08-25,2021-11-23,ptr,Aston Donald McEachin,20260825T1602Z,backfill
20019878,house,2026-08-25,2021-11-24,ptr,Aston Donald McEachin,20260825T1602Z,backfill
20019879,house,2026-08-25,2021-11-24,ptr,Aston Donald McEachin,20260825T1602Z,backfill
20019880,house,2026-08-25,2021-11-24,ptr,Aston Donald McEachin,20260825T1602Z,backfill
20019930,house,2026-08-25,2021-12-01,ptr,Aston Donald McEachin,20260825T1602Z,backfill
20020048,house,2026-08-25,2021-12-17,ptr,Aston Donald McEachin,20260825T1602Z,backfill
20018005,house,2026-08-25,2021-01-10,ptr,Patrick T. McHenry,20260825T1602Z,backfill
20018300,house,2026-08-25,2021-03-01,ptr,David B. McKinley,20260825T1602Z,backfill
20018503,house,2026-08-25,2021-04-06,ptr,David B. McKinley,20260825T1602Z,backfill
20018830,house,2026-08-25,2021-06-02,ptr,David B. McKinley,20260825T1602Z,backfill
20019451,house,2026-08-25,2021-09-13,ptr,David B. McKinley,20260825T1602Z,backfill
20019559,house,2026-08-25,2021-10-12,ptr,David B. McKinley,20260825T1602Z,backfill
20018188,house,2026-08-25,2021-02-23,ptr,Peter Meijer,20260825T1602Z,backfill
20018311,house,2026-08-25,2021-03-16,ptr,Peter Meijer,20260825T1602Z,backfill
20019267,house,2026-08-25,2021-08-11,ptr,Daniel Meuser,20260825T1602Z,backfill
20019092,house,2026-08-25,2021-07-17,ptr,Blake Moore,20260825T1602Z,backfill
20019307,house,2026-08-25,2021-08-13,ptr,Blake Moore,20260825T1602Z,backfill
20019457,house,2026-08-25,2021-09-24,ptr,Blake Moore,20260825T1602Z,backfill
20019637,house,2026-08-25,2021-10-15,ptr,Blake Moore,20260825T1602Z,backfill
20019923,house,2026-08-25,2021-12-03,ptr,Blake Moore,20260825T1602Z,backfill
20018999,house,2026-08-25,2021-07-02,ptr,Felix Barry Moore,20260825T1602Z,backfill
20019695,house,2026-08-25,2021-10-26,ptr,Felix Barry Moore,20260825T1602Z,backfill
20018427,house,2026-08-25,2021-04-11,ptr,Seth Moulton,20260825T1602Z,backfill
20019142,house,2026-08-25,2021-08-09,ptr,Seth Moulton,20260825T1602Z,backfill
20016924,house,2026-08-25,2021-02-12,ptr,Greg Francis Murphy,20260825T1602Z,backfill
20019250,house,2026-08-25,2021-08-06,ptr,Dan Newhouse,20260825T1602Z,backfill
20018190,house,2026-08-25,2021-02-13,ptr,Marie Newman,20260825T1602Z,backfill
20018385,house,2026-08-25,2021-04-15,ptr,Marie Newman,20260825T1602Z,backfill
20018592,house,2026-08-25,2021-04-15,ptr,Marie Newman,20260825T1602Z,backfill
20018616,house,2026-08-25,2021-04-21,ptr,Marie Newman,20260825T1602Z,backfill
20018702,house,2026-08-25,2021-05-09,ptr,Marie Newman,20260825T1602Z,backfill
20018891,house,2026-08-25,2021-06-10,ptr,Marie Newman,20260825T1602Z,backfill
20019052,house,2026-08-25,2021-07-09,ptr,Marie Newman,20260825T1602Z,backfill
20019240,house,2026-08-25,2021-08-05,ptr,Marie Newman,20260825T1602Z,backfill
20019443,house,2026-08-25,2021-09-08,ptr,Marie Newman,20260825T1602Z,backfill
20019581,house,2026-08-25,2021-10-06,ptr,Marie Newman,20260825T1602Z,backfill
20019749,house,2026-08-25,2021-11-07,ptr,Marie Newman,20260825T1602Z,backfill
20019971,house,2026-08-25,2021-12-08,ptr,Marie Newman,20260825T1602Z,backfill
20019988,house,2026-08-25,2021-12-09,ptr,Marie Newman,20260825T1602Z,backfill
20019989,house,2026-08-25,2021-12-09,ptr,Marie Newman,20260825T1602Z,backfill
20018566,house,2026-08-25,2021-04-12,ptr,Eleanor Holmes Norton,20260825T1602Z,backfill
20019319,house,2026-08-25,2021-08-16,ptr,Frank Pallone,20260825T1602Z,backfill
20018011,house,2026-08-25,2021-01-21,ptr,Nancy Pelosi,20260825T1602Z,backfill
20018355,house,2026-08-25,2021-03-09,ptr,Nancy Pelosi,20260825T1602Z,backfill
20018539,house,2026-08-25,2021-04-09,ptr,Nancy Pelosi,20260825T1602Z,backfill
20019004,house,2026-08-25,2021-07-02,ptr,Nancy Pelosi,20260825T1602Z,backfill
20019331,house,2026-08-25,2021-08-20,ptr,Nancy Pelosi,20260825T1602Z,backfill
20020106,house,2026-08-25,2021-12-29,ptr,Nancy Pelosi,20260825T1602Z,backfill
20018974,house,2026-08-25,2021-06-25,ptr,Ed Perlmutter,20260825T1602Z,backfill
20019352,house,2026-08-25,2021-08-24,ptr,Ed Perlmutter,20260825T1602Z,backfill
20019693,house,2026-08-25,2021-10-26,ptr,Ed Perlmutter,20260825T1602Z,backfill
20019941,house,2026-08-25,2021-12-02,ptr,Ed Perlmutter,20260825T1602Z,backfill
20020086,house,2026-08-25,2021-12-22,ptr,Ed Perlmutter,20260825T1602Z,backfill
20017994,house,2026-08-25,2021-01-13,ptr,Scott H. Peters,20260825T1602Z,backfill
20018152,house,2026-08-25,2021-02-08,ptr,Scott H. Peters,20260825T1602Z,backfill
20018346,house,2026-08-25,2021-03-11,ptr,Scott H. Peters,20260825T1602Z,backfill
20018560,house,2026-08-25,2021-04-14,ptr,Scott H. Peters,20260825T1602Z,backfill
20018716,house,2026-08-25,2021-05-12,ptr,Scott H. Peters,20260825T1602Z,backfill
20018867,house,2026-08-25,2021-06-08,ptr,Scott H. Peters,20260825T1602Z,backfill
20019062,house,2026-08-25,2021-07-09,ptr,Scott H. Peters,20260825T1602Z,backfill
20019450,house,2026-08-25,2021-09-13,ptr,Scott H. Peters,20260825T1602Z,backfill
20019621,house,2026-08-25,2021-10-15,ptr,Scott H. Peters,20260825T1602Z,backfill
20019787,house,2026-08-25,2021-11-12,ptr,Scott H. Peters,20260825T1602Z,backfill
20019960,house,2026-08-25,2021-12-06,ptr,Scott H. Peters,20260825T1602Z,backfill
20019227,house,2026-08-25,2021-08-03,ptr,August Lee Pfluger,20260825T1602Z,backfill
20017991,house,2026-08-25,2021-01-09,ptr,Dean Phillips,20260825T1602Z,backfill
20018175,house,2026-08-25,2021-02-13,ptr,Dean Phillips,20260825T1602Z,backfill
20018352,house,2026-08-25,2021-03-09,ptr,Dean Phillips,20260825T1602Z,backfill
20018523,house,2026-08-25,2021-04-07,ptr,Dean Phillips,20260825T1602Z,backfill
20018719,house,2026-08-25,2021-05-12,ptr,Dean Phillips,20260825T1602Z,backfill
20018863,house,2026-08-25,2021-06-08,ptr,Dean Phillips,20260825T1602Z,backfill
20019081,house,2026-08-25,2021-07-14,ptr,Dean Phillips,20260825T1602Z,backfill
20019295,house,2026-08-25,2021-08-13,ptr,Dean Phillips,20260825T1602Z,backfill
20019489,house,2026-08-25,2021-09-23,ptr,Dean Phillips,20260825T1602Z,backfill
20018542,house,2026-08-25,2021-04-13,ptr,Chellie Pingree,20260825T1602Z,backfill
20019208,house,2026-08-25,2021-08-13,ptr,Chellie Pingree,20260825T1602Z,backfill
20017957,house,2026-08-25,2021-01-03,ptr,David E. Price,20260825T1602Z,backfill
20018163,house,2026-08-25,2021-02-05,ptr,David E. Price,20260825T1602Z,backfill
20018253,house,2026-08-25,2021-02-19,ptr,David E. Price,20260825T1602Z,backfill
20019320,house,2026-08-25,2021-08-13,ptr,Jamie Raskin,20260825T1602Z,backfill
8217844,house,2026-08-25,2021-02-10,ptr,Harold Dallas Rogers,20260825T1602Z,backfill
8217925,house,2026-08-25,2021-04-01,ptr,Harold Dallas Rogers,20260825T1602Z,backfill
8217926,house,2026-08-25,2021-04-01,ptr,Harold Dallas Rogers,20260825T1602Z,backfill
8218108,house,2026-08-25,2021-06-11,ptr,Harold Dallas Rogers,20260825T1602Z,backfill
8218139,house,2026-08-25,2021-07-02,ptr,Harold Dallas Rogers,20260825T1602Z,backfill
8218262,house,2026-08-25,2021-08-13,ptr,Harold Dallas Rogers,20260825T1602Z,backfill
8218372,house,2026-08-25,2021-09-27,ptr,Harold Dallas Rogers,20260825T1602Z,backfill
8218373,house,2026-08-25,2021-09-27,ptr,Harold Dallas Rogers,20260825T1602Z,backfill
8218374,house,2026-08-25,2021-09-27,ptr,Harold Dallas Rogers,20260825T1602Z,backfill
8218414,house,2026-08-25,2021-10-27,ptr,Harold Dallas Rogers,20260825T1602Z,backfill
8218481,house,2026-08-25,2021-12-02,ptr,Harold Dallas Rogers,20260825T1602Z,backfill
8218507,house,2026-08-25,2021-12-21,ptr,Harold Dallas Rogers,20260825T1602Z,backfill
20018072,house,2026-08-25,2021-01-24,ptr,Deborah K. Ross,20260825T1602Z,backfill
20018659,house,2026-08-25,2021-04-30,ptr,Deborah K. Ross,20260825T1602Z,backfill
8218062,house,2026-08-25,2021-05-26,ptr,Harley E. Rouda,20260825T1602Z,backfill
20019312,house,2026-08-25,2021-08-12,ptr,David Cheston Rouzer,20260825T1602Z,backfill
20019395,house,2026-08-25,2021-08-30,ptr,David Cheston Rouzer,20260825T1602Z,backfill
20020006,house,2026-08-25,2021-12-13,ptr,David Cheston Rouzer,20260825T1602Z,backfill
20018123,house,2026-08-25,2021-02-02,ptr,John Rutherford,20260825T1602Z,backfill
20018124,house,2026-08-25,2021-02-02,ptr,John Rutherford,20260825T1602Z,backfill
20018350,house,2026-08-25,2021-03-08,ptr,John Rutherford,20260825T1602Z,backfill
20019858,house,2026-08-25,2021-11-19,ptr,John Rutherford,20260825T1602Z,backfill
20019197,house,2026-08-25,2021-07-30,ptr,Adam B. Schiff,20260825T1602Z,backfill
20020070,house,2026-08-25,2021-12-21,ptr,Adam B. Schiff,20260825T1602Z,backfill
8217870,house,2026-08-25,2021-02-23,ptr,Kurt Schrader,20260825T1602Z,backfill
8217887,house,2026-08-25,2021-03-09,ptr,Kurt Schrader,20260825T1602Z,backfill
8217927,house,2026-08-25,2021-04-01,ptr,Kurt Schrader,20260825T1602Z,backfill
8217928,house,2026-08-25,2021-04-01,ptr,Kurt Schrader,20260825T1602Z,backfill
8218029,house,2026-08-25,2021-05-12,ptr,Kurt Schrader,20260825T1602Z,backfill
8218082,house,2026-08-25,2021-06-04,ptr,Kurt Schrader,20260825T1602Z,backfill
8218140,house,2026-08-25,2021-07-07,ptr,Kurt Schrader,20260825T1602Z,backfill
8218220,house,2026-08-25,2021-08-05,ptr,Kurt Schrader,20260825T1602Z,backfill
8218328,house,2026-08-25,2021-09-08,ptr,Kurt Schrader,20260825T1602Z,backfill
8218386,house,2026-08-25,2021-10-06,ptr,Kurt Schrader,20260825T1602Z,backfill
8218424,house,2026-08-25,2021-11-04,ptr,Kurt Schrader,20260825T1602Z,backfill
8218491,house,2026-08-25,2021-12-07,ptr,Kurt Schrader,20260825T1602Z,backfill
8218522,house,2026-08-25,2022-01-06,ptr,Kurt Schrader,20260825T1602Z,backfill
20019808,house,2026-08-25,2021-11-12,ptr,Kim Dr Schrier,20260825T1602Z,backfill
20019850,house,2026-08-25,2021-11-18,ptr,Kim Dr Schrier,20260825T1602Z,backfill
20019965,house,2026-08-25,2021-12-07,ptr,Kim Dr Schrier,20260825T1602Z,backfill
20018208,house,2026-08-25,2021-02-12,ptr,Austin Scott,20260825T1602Z,backfill
20018498,house,2026-08-25,2021-04-01,ptr,Austin Scott,20260825T1602Z,backfill
20018771,house,2026-08-25,2021-05-18,ptr,Austin Scott,20260825T1602Z,backfill
20018772,house,2026-08-25,2021-05-18,ptr,Austin Scott,20260825T1602Z,backfill
20018992,house,2026-08-25,2021-06-30,ptr,Austin Scott,20260825T1602Z,backfill
20019328,house,2026-08-25,2021-08-13,ptr,Austin Scott,20260825T1602Z,backfill
20019330,house,2026-08-25,2021-08-13,ptr,Austin Scott,20260825T1602Z,backfill
20019633,house,2026-08-25,2021-10-15,ptr,Austin Scott,20260825T1602Z,backfill
20019635,house,2026-08-25,2021-10-15,ptr,Austin Scott,20260825T1602Z,backfill
20019670,house,2026-08-25,2021-10-21,ptr,Austin Scott,20260825T1602Z,backfill
20019877,house,2026-08-25,2021-11-24,ptr,Austin Scott,20260825T1602Z,backfill
20019915,house,2026-08-25,2021-12-01,ptr,Austin Scott,20260825T1602Z,backfill
20019448,house,2026-08-25,2021-09-08,ptr,"Robert C. ""Bobby"" Scott",20260825T1602Z,backfill
20018672,house,2026-08-25,2021-05-03,ptr,Pete Sessions,20260825T1602Z,backfill
20018690,house,2026-08-25,2021-05-05,ptr,Pete Sessions,20260825T1602Z,backfill
20018691,house,2026-08-25,2021-05-05,ptr,Pete Sessions,20260825T1602Z,backfill
20019060,house,2026-08-25,2021-07-09,ptr,Pete Sessions,20260825T1602Z,backfill
20019336,house,2026-08-25,2021-08-15,ptr,Pete Sessions,20260825T1602Z,backfill
20019345,house,2026-08-25,2021-10-17,ptr,Pete Sessions,20260825T1602Z,backfill
20018496,house,2026-08-25,2021-04-01,ptr,Mikie Sherrill,20260825T1602Z,backfill
20019350,house,2026-08-25,2021-12-03,ptr,Mikie Sherrill,20260825T1602Z,backfill
20018028,house,2026-08-25,2021-01-13,ptr,Michael K. Simpson,20260825T1602Z,backfill
20018114,house,2026-08-25,2021-02-01,ptr,Michael K. Simpson,20260825T1602Z,backfill
20018508,house,2026-08-25,2021-04-02,ptr,Michael K. Simpson,20260825T1602Z,backfill
20018773,house,2026-08-25,2021-05-19,ptr,Michael K. Simpson,20260825T1602Z,backfill
20018843,house,2026-08-25,2021-06-03,ptr,Abigail Spanberger,20260825T1602Z,backfill
20018254,house,2026-08-25,2021-02-20,ptr,Victoria Spartz,20260825T1602Z,backfill
20018952,house,2026-08-25,2021-06-20,ptr,Victoria Spartz,20260825T1602Z,backfill
20018955,house,2026-08-25,2021-06-21,ptr,Victoria Spartz,20260825T1602Z,backfill
20019527,house,2026-08-25,2021-09-27,ptr,Victoria Spartz,20260825T1602Z,backfill
20019555,house,2026-08-25,2021-10-06,ptr,Victoria Spartz,20260825T1602Z,backfill
20018273,house,2026-08-25,2021-02-24,ptr,Greg Steube,20260825T1602Z,backfill
20018463,house,2026-08-25,2021-04-02,ptr,Greg Steube,20260825T1602Z,backfill
20019379,house,2026-08-25,2021-09-23,ptr,Thomas Suozzi,20260825T1602Z,backfill
20019577,house,2026-08-25,2021-10-05,ptr,Thomas Suozzi,20260825T1602Z,backfill
20019748,house,2026-08-25,2021-11-05,ptr,Thomas Suozzi,20260825T1602Z,backfill
20019847,house,2026-08-25,2021-11-18,ptr,Thomas Suozzi,20260825T1602Z,backfill
20019917,house,2026-08-25,2021-12-01,ptr,Thomas Suozzi,20260825T1602Z,backfill
20019067,house,2026-08-25,2021-07-27,ptr,Lori Trahan,20260825T1602Z,backfill
8218054,house,2026-08-25,2021-05-24,ptr,Fred Upton,20260825T1602Z,backfill
8218167,house,2026-08-25,2021-07-26,ptr,Fred Upton,20260825T1602Z,backfill
8218329,house,2026-08-25,2021-09-10,ptr,Fred Upton,20260825T1602Z,backfill
8218375,house,2026-08-25,2021-09-28,ptr,Fred Upton,20260825T1602Z,backfill
8217886,house,2026-08-25,2021-03-10,ptr,Ann Wagner,20260825T1602Z,backfill
8217937,house,2026-08-25,2021-04-09,ptr,Ann Wagner,20260825T1602Z,backfill
8218083,house,2026-08-25,2021-06-08,ptr,Ann Wagner,20260825T1602Z,backfill
8218144,house,2026-08-25,2021-07-09,ptr,Ann Wagner,20260825T1602Z,backfill
8218330,house,2026-08-25,2021-09-03,ptr,Ann Wagner,20260825T1602Z,backfill
8218523,house,2026-08-25,2022-01-07,ptr,Ann Wagner,20260825T1602Z,backfill
20019072,house,2026-08-25,2021-07-14,ptr,Michael Waltz,20260825T1602Z,backfill
20018637,house,2026-08-25,2021-04-28,ptr,Debbie Wasserman Schultz,20260825T1602Z,backfill
20019167,house,2026-08-25,2021-07-27,ptr,Debbie Wasserman Schultz,20260825T1602Z,backfill
20020102,house,2026-08-25,2021-12-29,ptr,Debbie Wasserman Schultz,20260825T1602Z,backfill
20019747,house,2026-08-25,2021-11-09,ptr,Peter Welch,20260825T1602Z,backfill
20019937,house,2026-08-25,2021-12-03,ptr,Peter Welch,20260825T1602Z,backfill
20019973,house,2026-08-25,2021-12-17,ptr,Peter Welch,20260825T1602Z,backfill
20018035,house,2026-08-25,2021-01-19,ptr,Robert J. Wittman,20260825T1602Z,backfill
20018052,house,2026-08-25,2021-01-26,ptr,Robert J. Wittman,20260825T1602Z,backfill
20018193,house,2026-08-25,2021-02-22,ptr,Robert J. Wittman,20260825T1602Z,backfill
20018392,house,2026-08-25,2021-03-17,ptr,Robert J. Wittman,20260825T1602Z,backfill
20018552,house,2026-08-25,2021-04-12,ptr,Robert J. Wittman,20260825T1602Z,backfill
20018715,house,2026-08-25,2021-05-12,ptr,Robert J. Wittman,20260825T1602Z,backfill
20018870,house,2026-08-25,2021-06-08,ptr,Robert J. Wittman,20260825T1602Z,backfill
20019488,house,2026-08-25,2021-09-23,ptr,Robert J. Wittman,20260825T1602Z,backfill
20019643,house,2026-08-25,2021-10-18,ptr,Robert J. Wittman,20260825T1602Z,backfill
20018244,house,2026-08-25,2021-02-19,ptr,John A. Yarmuth,20260825T1602Z,backfill
20018609,house,2026-08-25,2021-04-21,ptr,John A. Yarmuth,20260825T1602Z,backfill
20019291,house,2026-08-25,2021-08-11,ptr,John A. Yarmuth,20260825T1602Z,backfill
20019293,house,2026-08-25,2021-08-11,ptr,John A. Yarmuth,20260825T1602Z,backfill
20019730,house,2026-08-25,2021-11-04,ptr,John A. Yarmuth,20260825T1602Z,backfill
20021740,house,2026-08-25,2022-09-23,ptr,Robert B. Aderholt,20260825T1602Z,backfill
20022132,house,2026-08-25,2022-12-13,ptr,Robert B. Aderholt,20260825T1602Z,backfill
20020448,house,2026-08-25,2022-02-13,ptr,Richard W. Allen,20260825T1602Z,backfill
20020585,house,2026-08-25,2022-03-09,ptr,Richard W. Allen,20260825T1602Z,backfill
20021681,house,2026-08-25,2022-09-10,ptr,Richard W. Allen,20260825T1602Z,backfill
20020708,house,2026-08-25,2022-04-10,ptr,Jake Auchincloss,20260825T1602Z,backfill
20020367,house,2026-08-25,2022-02-08,ptr,Cindy Axne,20260825T1602Z,backfill
20020474,house,2026-08-25,2022-03-07,ptr,Cindy Axne,20260825T1602Z,backfill
20021134,house,2026-08-25,2022-06-03,ptr,Cindy Axne,20260825T1602Z,backfill
20021236,house,2026-08-25,2022-07-02,ptr,Cindy Axne,20260825T1602Z,backfill
20021555,house,2026-08-25,2022-08-15,ptr,Cindy Axne,20260825T1602Z,backfill
20021705,house,2026-08-25,2022-09-16,ptr,Cindy Axne,20260825T1602Z,backfill
20021951,house,2026-08-25,2022-11-15,ptr,Cindy Axne,20260825T1602Z,backfill
20022042,house,2026-08-25,2022-12-07,ptr,Cindy Axne,20260825T1602Z,backfill
20022097,house,2026-08-25,2022-12-07,ptr,Cliff Bentz,20260825T1602Z,backfill
20020047,house,2026-08-25,2022-01-01,ptr,Donald Sternoff Beyer,20260825T1602Z,backfill
20020251,house,2026-08-25,2022-02-01,ptr,Donald Sternoff Beyer,20260825T1602Z,backfill
20020354,house,2026-08-25,2022-03-03,ptr,Donald Sternoff Beyer,20260825T1602Z,backfill
20020618,house,2026-08-25,2022-04-01,ptr,Donald Sternoff Beyer,20260825T1602Z,backfill
20020868,house,2026-08-25,2022-05-01,ptr,Donald Sternoff Beyer,20260825T1602Z,backfill
20021091,house,2026-08-25,2022-06-01,ptr,Donald Sternoff Beyer,20260825T1602Z,backfill
20021193,house,2026-08-25,2022-07-03,ptr,Donald Sternoff Beyer,20260825T1602Z,backfill
20021447,house,2026-08-25,2022-07-29,ptr,Donald Sternoff Beyer,20260825T1602Z,backfill
20022048,house,2026-08-25,2022-12-01,ptr,Donald Sternoff Beyer,20260825T1602Z,backfill
20022070,house,2026-08-25,2022-12-01,ptr,Dan Daniel Bishop,20260825T1602Z,backfill
20020168,house,2026-08-25,2022-01-06,ptr,Earl Blumenauer,20260825T1602Z,backfill
20020399,house,2026-08-25,2022-02-07,ptr,Earl Blumenauer,20260825T1602Z,backfill
20020574,house,2026-08-25,2022-03-07,ptr,Earl Blumenauer,20260825T1602Z,backfill
20020670,house,2026-08-25,2022-03-22,ptr,Earl Blumenauer,20260825T1602Z,backfill
20020675,house,2026-08-25,2022-04-01,ptr,Earl Blumenauer,20260825T1602Z,backfill
20020783,house,2026-08-25,2022-04-13,ptr,Earl Blumenauer,20260825T1602Z,backfill
20020943,house,2026-08-25,2022-05-05,ptr,Earl Blumenauer,20260825T1602Z,backfill
20021152,house,2026-08-25,2022-06-05,ptr,Earl Blumenauer,20260825T1602Z,backfill
20021169,house,2026-08-25,2022-06-07,ptr,Earl Blumenauer,20260825T1602Z,backfill
20021335,house,2026-08-25,2022-07-06,ptr,Earl Blumenauer,20260825T1602Z,backfill
20021504,house,2026-08-25,2022-08-08,ptr,Earl Blumenauer,20260825T1602Z,backfill
20021651,house,2026-08-25,2022-09-05,ptr,Earl Blumenauer,20260825T1602Z,backfill
20021808,house,2026-08-25,2022-10-05,ptr,Earl Blumenauer,20260825T1602Z,backfill
20021970,house,2026-08-25,2022-11-10,ptr,Earl Blumenauer,20260825T1602Z,backfill
20022078,house,2026-08-25,2022-12-04,ptr,Earl Blumenauer,20260825T1602Z,backfill
20020661,house,2026-08-25,2022-03-21,ptr,Mo Brooks,20260825T1602Z,backfill
20020873,house,2026-08-25,2022-04-26,ptr,Mo Brooks,20260825T1602Z,backfill
20020998,house,2026-08-25,2022-05-11,ptr,Mo Brooks,20260825T1602Z,backfill
20021197,house,2026-08-25,2022-06-12,ptr,Mo Brooks,20260825T1602Z,backfill
20021403,house,2026-08-25,2022-07-19,ptr,Mo Brooks,20260825T1602Z,backfill
20021568,house,2026-08-25,2022-08-17,ptr,Mo Brooks,20260825T1602Z,backfill
20022197,house,2026-08-25,2022-12-31,ptr,Mo Brooks,20260825T1602Z,backfill
20020238,house,2026-08-25,2022-01-17,ptr,Vern Buchanan,20260825T1602Z,backfill
20020684,house,2026-08-25,2022-03-24,ptr,Vern Buchanan,20260825T1602Z,backfill
20020305,house,2026-08-25,2022-01-27,ptr,Michael C. Burgess,20260825T1602Z,backfill
20020315,house,2026-08-25,2022-02-10,ptr,Michael C. Burgess,20260825T1602Z,backfill
20020545,house,2026-08-25,2022-03-03,ptr,Michael C. Burgess,20260825T1602Z,backfill
20020632,house,2026-08-25,2022-03-23,ptr,Michael C. Burgess,20260825T1602Z,backfill
20020798,house,2026-08-25,2022-04-15,ptr,Michael C. Burgess,20260825T1602Z,backfill
20020895,house,2026-08-25,2022-04-29,ptr,Michael C. Burgess,20260825T1602Z,backfill
20021120,house,2026-08-25,2022-06-03,ptr,Michael C. Burgess,20260825T1602Z,backfill
20021277,house,2026-08-25,2022-06-27,ptr,Michael C. Burgess,20260825T1602Z,backfill
20021279,house,2026-08-25,2022-06-27,ptr,Michael C. Burgess,20260825T1602Z,backfill
20021443,house,2026-08-25,2022-08-05,ptr,Michael C. Burgess,20260825T1602Z,backfill
20021716,house,2026-08-25,2022-09-20,ptr,Michael C. Burgess,20260825T1602Z,backfill
20021890,house,2026-08-25,2022-11-02,ptr,Michael C. Burgess,20260825T1602Z,backfill
20021932,house,2026-08-25,2022-11-15,ptr,Michael C. Burgess,20260825T1602Z,backfill
20022051,house,2026-08-25,2022-11-29,ptr,Michael C. Burgess,20260825T1602Z,backfill
20022087,house,2026-08-25,2022-12-08,ptr,Michael C. Burgess,20260825T1602Z,backfill
20020422,house,2026-08-25,2022-02-09,ptr,Earl Leroy Carter,20260825T1602Z,backfill
20020894,house,2026-08-25,2022-05-27,ptr,David Madison Cawthorn,20260825T1602Z,backfill
20021112,house,2026-08-25,2022-06-08,ptr,David Madison Cawthorn,20260825T1602Z,backfill
20021170,house,2026-08-25,2022-06-08,ptr,David Madison Cawthorn,20260825T1602Z,backfill
20022136,house,2026-08-25,2022-12-14,ptr,David Madison Cawthorn,20260825T1602Z,backfill
20020330,house,2026-08-25,2022-01-29,ptr,Judy Chu,20260825T1602Z,backfill
20020731,house,2026-08-25,2022-04-12,ptr,Katherine M. Clark,20260825T1602Z,backfill
20020917,house,2026-08-25,2022-05-02,ptr,Katherine M. Clark,20260825T1602Z,backfill
20021441,house,2026-08-25,2022-08-16,ptr,Katherine M. Clark,20260825T1602Z,backfill
20021793,house,2026-08-25,2022-10-05,ptr,Katherine M. Clark,20260825T1602Z,backfill
20020462,house,2026-08-25,2022-02-15,ptr,Steve Cohen,20260825T1602Z,backfill
20021467,house,2026-08-25,2022-08-02,ptr,Steve Cohen,20260825T1602Z,backfill
20021491,house,2026-08-25,2022-08-05,ptr,Steve Cohen,20260825T1602Z,backfill
20021502,house,2026-08-25,2022-08-08,ptr,Steve Cohen,20260825T1602Z,backfill
20021517,house,2026-08-25,2022-08-10,ptr,Steve Cohen,20260825T1602Z,backfill
20021560,house,2026-08-25,2022-08-15,ptr,Steve Cohen,20260825T1602Z,backfill
20021583,house,2026-08-25,2022-08-23,ptr,Steve Cohen,20260825T1602Z,backfill
20021606,house,2026-08-25,2022-08-29,ptr,Steve Cohen,20260825T1602Z,backfill
20021694,house,2026-08-25,2022-09-12,ptr,Steve Cohen,20260825T1602Z,backfill
8218534,house,2026-08-25,2022-01-19,ptr,Tom Cole,20260825T1602Z,backfill
8218659,house,2026-08-25,2022-04-26,ptr,Tom Cole,20260825T1602Z,backfill
8218938,house,2026-08-25,2022-06-07,ptr,Tom Cole,20260825T1602Z,backfill
20021626,house,2026-08-25,2022-09-01,ptr,Gerald E. Connolly,20260825T1602Z,backfill
8218624,house,2026-08-25,2022-03-30,ptr,James M. Costa,20260825T1602Z,backfill
20020780,house,2026-08-25,2022-04-12,ptr,Joe Courtney,20260825T1602Z,backfill
20020189,house,2026-08-25,2022-01-10,ptr,Daniel Crenshaw,20260825T1602Z,backfill
20020197,house,2026-08-25,2022-01-10,ptr,Daniel Crenshaw,20260825T1602Z,backfill
20020310,house,2026-08-25,2022-02-02,ptr,Daniel Crenshaw,20260825T1602Z,backfill
20021255,house,2026-08-25,2022-12-01,ptr,Daniel Crenshaw,20260825T1602Z,backfill
20020133,house,2026-08-25,2022-02-02,ptr,John Curtis,20260825T1602Z,backfill
20020679,house,2026-08-25,2022-03-23,ptr,John Curtis,20260825T1602Z,backfill
20021342,house,2026-08-25,2022-07-08,ptr,John Curtis,20260825T1602Z,backfill
20021486,house,2026-08-25,2022-08-15,ptr,John Curtis,20260825T1602Z,backfill
20021554,house,2026-08-25,2022-08-15,ptr,John Curtis,20260825T1602Z,backfill
20021733,house,2026-08-25,2022-09-20,ptr,John Curtis,20260825T1602Z,backfill
20021965,house,2026-08-25,2022-11-09,ptr,John Curtis,20260825T1602Z,backfill
8219054,house,2026-08-25,2022-06-30,ptr,Sharice Davids,20260825T1602Z,backfill
20020134,house,2026-08-25,2022-01-09,ptr,Suzan K. DelBene,20260825T1602Z,backfill
20020243,house,2026-08-25,2022-01-20,ptr,Suzan K. DelBene,20260825T1602Z,backfill
20020358,house,2026-08-25,2022-02-09,ptr,Suzan K. DelBene,20260825T1602Z,backfill
20020478,house,2026-08-25,2022-02-25,ptr,Suzan K. DelBene,20260825T1602Z,backfill
20020572,house,2026-08-25,2022-03-09,ptr,Suzan K. DelBene,20260825T1602Z,backfill
20020642,house,2026-08-25,2022-03-22,ptr,Suzan K. DelBene,20260825T1602Z,backfill
20020725,house,2026-08-25,2022-04-07,ptr,Suzan K. DelBene,20260825T1602Z,backfill
20020815,house,2026-08-25,2022-04-20,ptr,Suzan K. DelBene,20260825T1602Z,backfill
20020937,house,2026-08-25,2022-05-08,ptr,Suzan K. DelBene,20260825T1602Z,backfill
20021082,house,2026-08-25,2022-05-23,ptr,Suzan K. DelBene,20260825T1602Z,backfill
20021144,house,2026-08-25,2022-06-11,ptr,Suzan K. DelBene,20260825T1602Z,backfill
20021227,house,2026-08-25,2022-06-23,ptr,Suzan K. DelBene,20260825T1602Z,backfill
20021329,house,2026-08-25,2022-07-08,ptr,Suzan K. DelBene,20260825T1602Z,backfill
20021406,house,2026-08-25,2022-07-25,ptr,Suzan K. DelBene,20260825T1602Z,backfill
20021465,house,2026-08-25,2022-08-08,ptr,Suzan K. DelBene,20260825T1602Z,backfill
20021579,house,2026-08-25,2022-08-26,ptr,Suzan K. DelBene,20260825T1602Z,backfill
20021660,house,2026-08-25,2022-09-12,ptr,Suzan K. DelBene,20260825T1602Z,backfill
20021795,house,2026-08-25,2022-10-10,ptr,Suzan K. DelBene,20260825T1602Z,backfill
20021864,house,2026-08-25,2022-10-28,ptr,Suzan K. DelBene,20260825T1602Z,backfill
20021931,house,2026-08-25,2022-11-14,ptr,Suzan K. DelBene,20260825T1602Z,backfill
20022031,house,2026-08-25,2022-11-28,ptr,Suzan K. DelBene,20260825T1602Z,backfill
20022099,house,2026-08-25,2022-12-13,ptr,Suzan K. DelBene,20260825T1602Z,backfill
20020866,house,2026-08-25,2022-04-26,ptr,Debbie Dingell,20260825T1602Z,backfill
20021083,house,2026-08-25,2022-05-19,ptr,Debbie Dingell,20260825T1602Z,backfill
20021166,house,2026-08-25,2022-06-12,ptr,Debbie Dingell,20260825T1602Z,backfill
20021536,house,2026-08-25,2022-08-15,ptr,Debbie Dingell,20260825T1602Z,backfill
20020191,house,2026-08-25,2022-01-10,ptr,Lloyd Doggett,20260825T1602Z,backfill
20020576,house,2026-08-25,2022-03-07,ptr,Lloyd Doggett,20260825T1602Z,backfill
20020754,house,2026-08-25,2022-04-08,ptr,Lloyd Doggett,20260825T1602Z,backfill
20020959,house,2026-08-25,2022-05-09,ptr,Lloyd Doggett,20260825T1602Z,backfill
20021153,house,2026-08-25,2022-06-06,ptr,Lloyd Doggett,20260825T1602Z,backfill
20021362,house,2026-08-25,2022-07-11,ptr,Lloyd Doggett,20260825T1602Z,backfill
20021487,house,2026-08-25,2022-08-05,ptr,Lloyd Doggett,20260825T1602Z,backfill
20021654,house,2026-08-25,2022-09-06,ptr,Lloyd Doggett,20260825T1602Z,backfill
20021924,house,2026-08-25,2022-11-01,ptr,Lloyd Doggett,20260825T1602Z,backfill
20022088,house,2026-08-25,2022-12-06,ptr,Lloyd Doggett,20260825T1602Z,backfill
20021600,house,2026-08-25,2022-09-09,ptr,"Neal Patrick MD, Facs Dunn",20260825T1602Z,backfill
20020587,house,2026-08-25,2022-03-09,ptr,Ron Estes,20260825T1602Z,backfill
20021149,house,2026-08-25,2022-06-03,ptr,Ron Estes,20260825T1602Z,backfill
20021397,house,2026-08-25,2022-07-18,ptr,Ron Estes,20260825T1602Z,backfill
20021461,house,2026-08-25,2022-08-01,ptr,Ron Estes,20260825T1602Z,backfill
20021779,house,2026-08-25,2022-09-30,ptr,Ron Estes,20260825T1602Z,backfill
20020865,house,2026-08-25,2022-04-25,ptr,Dwight Evans,20260825T1602Z,backfill
20021576,house,2026-08-25,2022-08-19,ptr,Dwight Evans,20260825T1602Z,backfill
20022027,house,2026-08-25,2022-11-21,ptr,Dwight Evans,20260825T1602Z,backfill
20020143,house,2026-08-25,2022-01-28,ptr,Patrick Fallon,20260825T1602Z,backfill
20020374,house,2026-08-25,2022-02-08,ptr,Patrick Fallon,20260825T1602Z,backfill
20020983,house,2026-08-25,2022-05-14,ptr,Patrick Fallon,20260825T1602Z,backfill
20021950,house,2026-08-25,2022-12-01,ptr,Patrick Fallon,20260825T1602Z,backfill
8218535,house,2026-08-25,2022-01-19,ptr,"Charles J. ""Chuck"" Fleischmann",20260825T1602Z,backfill
8218565,house,2026-08-25,2022-02-11,ptr,"Charles J. ""Chuck"" Fleischmann",20260825T1602Z,backfill
8218753,house,2026-08-25,2022-05-16,ptr,"Charles J. ""Chuck"" Fleischmann",20260825T1602Z,backfill
8219165,house,2026-08-25,2022-08-12,ptr,"Charles J. ""Chuck"" Fleischmann",20260825T1602Z,backfill
8219277,house,2026-08-25,2022-11-14,ptr,"Charles J. ""Chuck"" Fleischmann",20260825T1602Z,backfill
8219298,house,2026-08-25,2022-12-12,ptr,"Charles J. ""Chuck"" Fleischmann",20260825T1602Z,backfill
8219328,house,2026-08-25,2023-01-17,ptr,"Charles J. ""Chuck"" Fleischmann",20260825T1602Z,backfill
20020153,house,2026-08-25,2022-01-05,ptr,Virginia Foxx,20260825T1602Z,backfill
20020355,house,2026-08-25,2022-02-04,ptr,Virginia Foxx,20260825T1602Z,backfill
20020543,house,2026-08-25,2022-03-07,ptr,Virginia Foxx,20260825T1602Z,backfill
20020718,house,2026-08-25,2022-04-05,ptr,Virginia Foxx,20260825T1602Z,backfill
20020914,house,2026-08-25,2022-05-04,ptr,Virginia Foxx,20260825T1602Z,backfill
20021127,house,2026-08-25,2022-06-04,ptr,Virginia Foxx,20260825T1602Z,backfill
20021315,house,2026-08-25,2022-07-05,ptr,Virginia Foxx,20260825T1602Z,backfill
20021466,house,2026-08-25,2022-08-05,ptr,Virginia Foxx,20260825T1602Z,backfill
20021630,house,2026-08-25,2022-09-08,ptr,Virginia Foxx,20260825T1602Z,backfill
20021790,house,2026-08-25,2022-10-12,ptr,Virginia Foxx,20260825T1602Z,backfill
20021919,house,2026-08-25,2022-11-03,ptr,Virginia Foxx,20260825T1602Z,backfill
20022068,house,2026-08-25,2022-12-06,ptr,Virginia Foxx,20260825T1602Z,backfill
20020235,house,2026-08-25,2022-01-16,ptr,Lois Frankel,20260825T1602Z,backfill
20020401,house,2026-08-25,2022-02-16,ptr,Lois Frankel,20260825T1602Z,backfill
20020470,house,2026-08-25,2022-02-27,ptr,Lois Frankel,20260825T1602Z,backfill
20020648,house,2026-08-25,2022-04-06,ptr,Lois Frankel,20260825T1602Z,backfill
20020919,house,2026-08-25,2022-05-03,ptr,Lois Frankel,20260825T1602Z,backfill
20020929,house,2026-08-25,2022-06-09,ptr,Lois Frankel,20260825T1602Z,backfill
20021233,house,2026-08-25,2022-06-16,ptr,Lois Frankel,20260825T1602Z,backfill
20021425,house,2026-08-25,2022-07-22,ptr,Lois Frankel,20260825T1602Z,backfill
20021618,house,2026-08-25,2022-08-31,ptr,Lois Frankel,20260825T1602Z,backfill
20021732,house,2026-08-25,2022-09-20,ptr,Lois Frankel,20260825T1602Z,backfill
20021881,house,2026-08-25,2022-10-24,ptr,Lois Frankel,20260825T1602Z,backfill
20022017,house,2026-08-25,2022-11-18,ptr,Lois Frankel,20260825T1602Z,backfill
20020544,house,2026-08-25,2022-03-03,ptr,Scott Franklin,20260825T1602Z,backfill
8218641,house,2026-08-25,2022-04-08,ptr,Scott Franklin,20260825T1602Z,backfill
20021836,house,2026-08-25,2022-10-11,ptr,Scott Franklin,20260825T1602Z,backfill
20020278,house,2026-08-25,2022-01-21,ptr,John Garamendi,20260825T1602Z,backfill
20020231,house,2026-08-25,2022-01-14,ptr,Andrew Garbarino,20260825T1602Z,backfill
20020121,house,2026-08-25,2022-02-23,ptr,Michael Garcia,20260825T1602Z,backfill
20021522,house,2026-08-25,2022-08-23,ptr,Michael Garcia,20260825T1602Z,backfill
20021587,house,2026-08-25,2022-08-23,ptr,Michael Garcia,20260825T1602Z,backfill
20021895,house,2026-08-25,2022-10-25,ptr,Michael Garcia,20260825T1602Z,backfill
20020166,house,2026-08-25,2022-01-06,ptr,Bob Gibbs,20260825T1602Z,backfill
20020386,house,2026-08-25,2022-02-06,ptr,Bob Gibbs,20260825T1602Z,backfill
20021044,house,2026-08-25,2022-05-16,ptr,Bob Gibbs,20260825T1602Z,backfill
20021275,house,2026-08-25,2022-06-27,ptr,Bob Gibbs,20260825T1602Z,backfill
20021492,house,2026-08-25,2022-08-05,ptr,Bob Gibbs,20260825T1602Z,backfill
20021661,house,2026-08-25,2022-09-06,ptr,Bob Gibbs,20260825T1602Z,backfill
20021911,house,2026-08-25,2022-10-31,ptr,Bob Gibbs,20260825T1602Z,backfill
20022166,house,2026-08-25,2022-12-22,ptr,Bob Gibbs,20260825T1602Z,backfill
20021290,house,2026-08-25,2022-07-23,ptr,Anthony E. Gonzalez,20260825T1602Z,backfill
8219336,house,2026-08-25,2023-01-20,ptr,Anthony E. Gonzalez,20260825T1602Z,backfill
8219043,house,2026-08-25,2022-06-27,ptr,Vicente Gonzalez,20260825T1602Z,backfill
20020154,house,2026-08-25,2022-01-10,ptr,Josh Gottheimer,20260825T1602Z,backfill
20020393,house,2026-08-25,2022-02-18,ptr,Josh Gottheimer,20260825T1602Z,backfill
20020573,house,2026-08-25,2022-03-18,ptr,Josh Gottheimer,20260825T1602Z,backfill
20020786,house,2026-08-25,2022-04-17,ptr,Josh Gottheimer,20260825T1602Z,backfill
20020956,house,2026-08-25,2022-05-16,ptr,Josh Gottheimer,20260825T1602Z,backfill
20021174,house,2026-08-25,2022-06-16,ptr,Josh Gottheimer,20260825T1602Z,backfill
20021351,house,2026-08-25,2022-07-22,ptr,Josh Gottheimer,20260825T1602Z,backfill
20021518,house,2026-08-25,2022-08-13,ptr,Josh Gottheimer,20260825T1602Z,backfill
20021563,house,2026-08-25,2022-08-29,ptr,Josh Gottheimer,20260825T1602Z,backfill
20021676,house,2026-08-25,2022-09-16,ptr,Josh Gottheimer,20260825T1602Z,backfill
20021727,house,2026-08-25,2022-09-19,ptr,Josh Gottheimer,20260825T1602Z,backfill
20021821,house,2026-08-25,2022-10-16,ptr,Josh Gottheimer,20260825T1602Z,backfill
20021933,house,2026-08-25,2022-11-10,ptr,Josh Gottheimer,20260825T1602Z,backfill
20022098,house,2026-08-25,2022-12-17,ptr,Josh Gottheimer,20260825T1602Z,backfill
20021868,house,2026-08-25,2022-10-18,ptr,Garret Graves,20260825T1602Z,backfill
20019881,house,2026-08-25,2022-01-03,ptr,Mark Dr Green,20260825T1602Z,backfill
20020188,house,2026-08-25,2022-01-18,ptr,Mark Dr Green,20260825T1602Z,backfill
20020362,house,2026-08-25,2022-02-08,ptr,Mark Dr Green,20260825T1602Z,backfill
20020442,house,2026-08-25,2022-02-14,ptr,Mark Dr Green,20260825T1602Z,backfill
20020501,house,2026-08-25,2022-03-03,ptr,Mark Dr Green,20260825T1602Z,backfill
20020569,house,2026-08-25,2022-03-08,ptr,Mark Dr Green,20260825T1602Z,backfill
20020773,house,2026-08-25,2022-04-13,ptr,Mark Dr Green,20260825T1602Z,backfill
20020830,house,2026-08-25,2022-04-20,ptr,Mark Dr Green,20260825T1602Z,backfill
20021121,house,2026-08-25,2022-05-31,ptr,Mark Dr Green,20260825T1602Z,backfill
20021154,house,2026-08-25,2022-08-01,ptr,Mark Dr Green,20260825T1602Z,backfill
20021571,house,2026-08-25,2022-08-18,ptr,Mark Dr Green,20260825T1602Z,backfill
20021614,house,2026-08-25,2022-09-01,ptr,Mark Dr Green,20260825T1602Z,backfill
20021778,house,2026-08-25,2022-10-03,ptr,Mark Dr Green,20260825T1602Z,backfill
20021887,house,2026-08-25,2022-10-24,ptr,Mark Dr Green,20260825T1602Z,backfill
20020263,house,2026-08-25,2022-01-20,ptr,Marjorie Taylor Greene,20260825T1602Z,backfill
20020568,house,2026-08-25,2022-03-07,ptr,Marjorie Taylor Greene,20260825T1602Z,backfill
20021248,house,2026-08-25,2022-06-20,ptr,Marjorie Taylor Greene,20260825T1602Z,backfill
20020644,house,2026-08-25,2022-03-18,ptr,Michael Patrick Guest,20260825T1602Z,backfill
20020792,house,2026-08-25,2022-05-02,ptr,Michael Patrick Guest,20260825T1602Z,backfill
20021007,house,2026-08-25,2022-05-22,ptr,Michael Patrick Guest,20260825T1602Z,backfill
20021172,house,2026-08-25,2022-06-22,ptr,Michael Patrick Guest,20260825T1602Z,backfill
20021434,house,2026-08-25,2022-07-26,ptr,Michael Patrick Guest,20260825T1602Z,backfill
20021691,house,2026-08-25,2022-09-14,ptr,Michael Patrick Guest,20260825T1602Z,backfill
8218540,house,2026-08-25,2022-01-24,ptr,Diana Harshbarger,20260825T1602Z,backfill
8218580,house,2026-08-25,2022-02-28,ptr,Diana Harshbarger,20260825T1602Z,backfill
8218621,house,2026-08-25,2022-03-29,ptr,Diana Harshbarger,20260825T1602Z,backfill
8218662,house,2026-08-25,2022-04-25,ptr,Diana Harshbarger,20260825T1602Z,backfill
8218894,house,2026-08-25,2022-05-26,ptr,Diana Harshbarger,20260825T1602Z,backfill
8219056,house,2026-08-25,2022-06-29,ptr,Diana Harshbarger,20260825T1602Z,backfill
8219131,house,2026-08-25,2022-07-28,ptr,Diana Harshbarger,20260825T1602Z,backfill
8219202,house,2026-08-25,2022-08-31,ptr,Diana Harshbarger,20260825T1602Z,backfill
8219228,house,2026-08-25,2022-09-27,ptr,Diana Harshbarger,20260825T1602Z,backfill
8219266,house,2026-08-25,2022-10-28,ptr,Diana Harshbarger,20260825T1602Z,backfill
8219281,house,2026-08-25,2022-11-29,ptr,Diana Harshbarger,20260825T1602Z,backfill
8219315,house,2026-08-25,2023-01-03,ptr,Diana Harshbarger,20260825T1602Z,backfill
8219343,house,2026-08-25,2023-01-30,ptr,Diana Harshbarger,20260825T1602Z,backfill
20020202,house,2026-08-25,2022-01-11,ptr,Kevin Hern,20260825T1602Z,backfill
20020359,house,2026-08-25,2022-02-02,ptr,Kevin Hern,20260825T1602Z,backfill
20020571,house,2026-08-25,2022-03-07,ptr,Kevin Hern,20260825T1602Z,backfill
20020789,house,2026-08-25,2022-04-12,ptr,Kevin Hern,20260825T1602Z,backfill
20020995,house,2026-08-25,2022-05-12,ptr,Kevin Hern,20260825T1602Z,backfill
20021223,house,2026-08-25,2022-06-14,ptr,Kevin Hern,20260825T1602Z,backfill
20021388,house,2026-08-25,2022-07-15,ptr,Kevin Hern,20260825T1602Z,backfill
20021553,house,2026-08-25,2022-08-15,ptr,Kevin Hern,20260825T1602Z,backfill
20021704,house,2026-08-25,2022-09-15,ptr,Kevin Hern,20260825T1602Z,backfill
20021828,house,2026-08-25,2022-10-10,ptr,Kevin Hern,20260825T1602Z,backfill
20021964,house,2026-08-25,2022-11-09,ptr,Kevin Hern,20260825T1602Z,backfill
20022102,house,2026-08-25,2022-12-08,ptr,Kevin Hern,20260825T1602Z,backfill
8218661,house,2026-08-25,2022-04-27,ptr,Trey Hollingsworth,20260825T1602Z,backfill
8218937,house,2026-08-25,2022-06-10,ptr,Trey Hollingsworth,20260825T1602Z,backfill
8219044,house,2026-08-25,2022-06-23,ptr,Trey Hollingsworth,20260825T1602Z,backfill
8219209,house,2026-08-25,2022-09-09,ptr,Trey Hollingsworth,20260825T1602Z,backfill
8219258,house,2026-08-25,2022-10-19,ptr,Trey Hollingsworth,20260825T1602Z,backfill
8219272,house,2026-08-25,2022-11-16,ptr,Trey Hollingsworth,20260825T1602Z,backfill
20020479,house,2026-08-25,2022-02-18,ptr,Christopher L. Jacobs,20260825T1602Z,backfill
20020654,house,2026-08-25,2022-03-18,ptr,Christopher L. Jacobs,20260825T1602Z,backfill
20020793,house,2026-08-25,2022-05-19,ptr,Christopher L. Jacobs,20260825T1602Z,backfill
20021201,house,2026-08-25,2022-06-23,ptr,Christopher L. Jacobs,20260825T1602Z,backfill
20021398,house,2026-08-25,2022-07-28,ptr,Christopher L. Jacobs,20260825T1602Z,backfill
20021667,house,2026-08-25,2022-09-09,ptr,Christopher L. Jacobs,20260825T1602Z,backfill
20021696,house,2026-08-25,2022-09-26,ptr,Christopher L. Jacobs,20260825T1602Z,backfill
20021857,house,2026-08-25,2022-10-18,ptr,Christopher L. Jacobs,20260825T1602Z,backfill
20021989,house,2026-08-25,2022-11-16,ptr,Christopher L. Jacobs,20260825T1602Z,backfill
20022108,house,2026-08-25,2022-12-12,ptr,Christopher L. Jacobs,20260825T1602Z,backfill
20021179,house,2026-08-25,2022-06-21,ptr,Sara Jacobs,20260825T1602Z,backfill
20021183,house,2026-08-25,2022-06-09,ptr,David P. Joyce,20260825T1602Z,backfill
20021184,house,2026-08-25,2022-06-09,ptr,David P. Joyce,20260825T1602Z,backfill
20020504,house,2026-08-25,2022-02-28,ptr,William R. Keating,20260825T1602Z,backfill
20020915,house,2026-08-25,2022-05-05,ptr,William R. Keating,20260825T1602Z,backfill
20021222,house,2026-08-25,2022-06-17,ptr,William R. Keating,20260825T1602Z,backfill
20021629,house,2026-08-25,2022-10-30,ptr,William R. Keating,20260825T1602Z,backfill
20021937,house,2026-08-25,2022-11-04,ptr,William R. Keating,20260825T1602Z,backfill
20022024,house,2026-08-25,2022-11-21,ptr,William R. Keating,20260825T1602Z,backfill
20022156,house,2026-08-25,2022-12-21,ptr,William R. Keating,20260825T1602Z,backfill
8218604,house,2026-08-25,2022-03-10,ptr,Mike Kelly,20260825T1602Z,backfill
8218856,house,2026-08-25,2022-05-25,ptr,Mike Kelly,20260825T1602Z,backfill
8218936,house,2026-08-25,2022-06-09,ptr,Mike Kelly,20260825T1602Z,backfill
8219082,house,2026-08-25,2022-07-13,ptr,Mike Kelly,20260825T1602Z,backfill
8219156,house,2026-08-25,2022-08-10,ptr,Mike Kelly,20260825T1602Z,backfill
8219317,house,2026-08-25,2023-01-11,ptr,Mike Kelly,20260825T1602Z,backfill
8218518,house,2026-08-25,2022-01-07,ptr,Rohit Khanna,20260825T1602Z,backfill
8218560,house,2026-08-25,2022-02-08,ptr,Rohit Khanna,20260825T1602Z,backfill
8218597,house,2026-08-25,2022-03-08,ptr,Rohit Khanna,20260825T1602Z,backfill
8218637,house,2026-08-25,2022-04-07,ptr,Rohit Khanna,20260825T1602Z,backfill
8218730,house,2026-08-25,2022-05-06,ptr,Rohit Khanna,20260825T1602Z,backfill
8218940,house,2026-08-25,2022-06-10,ptr,Rohit Khanna,20260825T1602Z,backfill
8219068,house,2026-08-25,2022-07-07,ptr,Rohit Khanna,20260825T1602Z,backfill
8219155,house,2026-08-25,2022-08-09,ptr,Rohit Khanna,20260825T1602Z,backfill
8219207,house,2026-08-25,2022-09-08,ptr,Rohit Khanna,20260825T1602Z,backfill
8219242,house,2026-08-25,2022-10-07,ptr,Rohit Khanna,20260825T1602Z,backfill
8219275,house,2026-08-25,2022-11-10,ptr,Rohit Khanna,20260825T1602Z,backfill
8219288,house,2026-08-25,2022-12-06,ptr,Rohit Khanna,20260825T1602Z,backfill
8219318,house,2026-08-25,2023-01-06,ptr,Rohit Khanna,20260825T1602Z,backfill
8218527,house,2026-08-25,2022-01-10,ptr,David Kustoff,20260825T1602Z,backfill
8218561,house,2026-08-25,2022-02-09,ptr,David Kustoff,20260825T1602Z,backfill
20020875,house,2026-08-25,2022-05-02,ptr,David Kustoff,20260825T1602Z,backfill
8219259,house,2026-08-25,2022-10-19,ptr,David Kustoff,20260825T1602Z,backfill
8218548,house,2026-08-25,2022-02-03,ptr,Doug Lamborn,20260825T1602Z,backfill
8218598,house,2026-08-25,2022-03-09,ptr,Doug Lamborn,20260825T1602Z,backfill
8219025,house,2026-08-25,2022-06-14,ptr,Doug Lamborn,20260825T1602Z,backfill
8219130,house,2026-08-25,2022-07-29,ptr,Doug Lamborn,20260825T1602Z,backfill
8219289,house,2026-08-25,2022-12-06,ptr,Doug Lamborn,20260825T1602Z,backfill
8219290,house,2026-08-25,2022-12-06,ptr,Doug Lamborn,20260825T1602Z,backfill
20020152,house,2026-08-25,2022-01-05,ptr,James R. Langevin,20260825T1602Z,backfill
20020391,house,2026-08-25,2022-02-08,ptr,James R. Langevin,20260825T1602Z,backfill
20020559,house,2026-08-25,2022-03-04,ptr,James R. Langevin,20260825T1602Z,backfill
20020774,house,2026-08-25,2022-04-12,ptr,James R. Langevin,20260825T1602Z,backfill
20020955,house,2026-08-25,2022-05-09,ptr,James R. Langevin,20260825T1602Z,backfill
20021156,house,2026-08-25,2022-06-07,ptr,James R. Langevin,20260825T1602Z,backfill
20021338,house,2026-08-25,2022-07-11,ptr,James R. Langevin,20260825T1602Z,backfill
20021477,house,2026-08-25,2022-08-03,ptr,James R. Langevin,20260825T1602Z,backfill
20021669,house,2026-08-25,2022-09-08,ptr,James R. Langevin,20260825T1602Z,backfill
20021812,house,2026-08-25,2022-10-06,ptr,James R. Langevin,20260825T1602Z,backfill
20021929,house,2026-08-25,2022-11-08,ptr,James R. Langevin,20260825T1602Z,backfill
20022086,house,2026-08-25,2022-12-07,ptr,James R. Langevin,20260825T1602Z,backfill
20021415,house,2026-08-25,2022-07-21,ptr,Robert E. Latta,20260825T1602Z,backfill
20021968,house,2026-08-25,2022-11-10,ptr,Robert E. Latta,20260825T1602Z,backfill
20020369,house,2026-08-25,2022-02-03,ptr,Susie Lee,20260825T1602Z,backfill
20020473,house,2026-08-25,2022-03-04,ptr,Susie Lee,20260825T1602Z,backfill
20021052,house,2026-08-25,2022-05-18,ptr,Susie Lee,20260825T1602Z,backfill
20021252,house,2026-08-25,2022-06-21,ptr,Susie Lee,20260825T1602Z,backfill
20021550,house,2026-08-25,2022-08-13,ptr,Susie Lee,20260825T1602Z,backfill
20021962,house,2026-08-25,2022-11-14,ptr,Susie Lee,20260825T1602Z,backfill
20022081,house,2026-08-25,2022-12-29,ptr,Susie Lee,20260825T1602Z,backfill
20011775,house,2026-08-25,2022-12-07,ptr,Teresa Leger Fernandez,20260825T1602Z,backfill
20020179,house,2026-08-25,2022-01-07,ptr,Zoe Lofgren,20260825T1602Z,backfill
20020775,house,2026-08-25,2022-04-11,ptr,Zoe Lofgren,20260825T1602Z,backfill
20020989,house,2026-08-25,2022-05-10,ptr,Zoe Lofgren,20260825T1602Z,backfill
20021367,house,2026-08-25,2022-07-13,ptr,Zoe Lofgren,20260825T1602Z,backfill
20021503,house,2026-08-25,2022-08-08,ptr,Zoe Lofgren,20260825T1602Z,backfill
20021699,house,2026-08-25,2022-09-13,ptr,Zoe Lofgren,20260825T1602Z,backfill
20021816,house,2026-08-25,2022-10-06,ptr,Zoe Lofgren,20260825T1602Z,backfill
20021838,house,2026-08-25,2022-10-11,ptr,Zoe Lofgren,20260825T1602Z,backfill
20021967,house,2026-08-25,2022-11-10,ptr,Zoe Lofgren,20260825T1602Z,backfill
8218599,house,2026-08-25,2022-03-08,ptr,Billy Long,20260825T1602Z,backfill
20020167,house,2026-08-25,2022-01-06,ptr,Alan S. Lowenthal,20260825T1602Z,backfill
20020270,house,2026-08-25,2022-01-21,ptr,Alan S. Lowenthal,20260825T1602Z,backfill
20020271,house,2026-08-25,2022-01-21,ptr,Alan S. Lowenthal,20260825T1602Z,backfill
20020274,house,2026-08-25,2022-01-21,ptr,Alan S. Lowenthal,20260825T1602Z,backfill
20020307,house,2026-08-25,2022-01-25,ptr,Alan S. Lowenthal,20260825T1602Z,backfill
20020321,house,2026-08-25,2022-01-27,ptr,Alan S. Lowenthal,20260825T1602Z,backfill
20020322,house,2026-08-25,2022-01-27,ptr,Alan S. Lowenthal,20260825T1602Z,backfill
20020323,house,2026-08-25,2022-01-27,ptr,Alan S. Lowenthal,20260825T1602Z,backfill
20020331,house,2026-08-25,2022-01-29,ptr,Alan S. Lowenthal,20260825T1602Z,backfill
20020333,house,2026-08-25,2022-01-30,ptr,Alan S. Lowenthal,20260825T1602Z,backfill
20020334,house,2026-08-25,2022-01-30,ptr,Alan S. Lowenthal,20260825T1602Z,backfill
20020427,house,2026-08-25,2022-02-10,ptr,Alan S. Lowenthal,20260825T1602Z,backfill
20020486,house,2026-08-25,2022-02-18,ptr,Alan S. Lowenthal,20260825T1602Z,backfill
20020562,house,2026-08-25,2022-03-04,ptr,Alan S. Lowenthal,20260825T1602Z,backfill
20020563,house,2026-08-25,2022-03-04,ptr,Alan S. Lowenthal,20260825T1602Z,backfill
20020564,house,2026-08-25,2022-03-04,ptr,Alan S. Lowenthal,20260825T1602Z,backfill
20020565,house,2026-08-25,2022-03-04,ptr,Alan S. Lowenthal,20260825T1602Z,backfill
20020676,house,2026-08-25,2022-03-22,ptr,Alan S. Lowenthal,20260825T1602Z,backfill
20020677,house,2026-08-25,2022-03-22,ptr,Alan S. Lowenthal,20260825T1602Z,backfill
20020678,house,2026-08-25,2022-03-22,ptr,Alan S. Lowenthal,20260825T1602Z,backfill
20020690,house,2026-08-25,2022-03-26,ptr,Alan S. Lowenthal,20260825T1602Z,backfill
20020769,house,2026-08-25,2022-04-10,ptr,Alan S. Lowenthal,20260825T1602Z,backfill
20020770,house,2026-08-25,2022-04-10,ptr,Alan S. Lowenthal,20260825T1602Z,backfill
20020781,house,2026-08-25,2022-04-12,ptr,Alan S. Lowenthal,20260825T1602Z,backfill
20020782,house,2026-08-25,2022-04-12,ptr,Alan S. Lowenthal,20260825T1602Z,backfill
20020811,house,2026-08-25,2022-04-16,ptr,Alan S. Lowenthal,20260825T1602Z,backfill
20020892,house,2026-08-25,2022-04-28,ptr,Alan S. Lowenthal,20260825T1602Z,backfill
20020920,house,2026-08-25,2022-05-02,ptr,Alan S. Lowenthal,20260825T1602Z,backfill
20021089,house,2026-08-25,2022-05-21,ptr,Alan S. Lowenthal,20260825T1602Z,backfill
20021090,house,2026-08-25,2022-05-21,ptr,Alan S. Lowenthal,20260825T1602Z,backfill
20021093,house,2026-08-25,2022-05-22,ptr,Alan S. Lowenthal,20260825T1602Z,backfill
20021135,house,2026-08-25,2022-06-02,ptr,Alan S. Lowenthal,20260825T1602Z,backfill
20021240,house,2026-08-25,2022-06-19,ptr,Alan S. Lowenthal,20260825T1602Z,backfill
20021241,house,2026-08-25,2022-06-19,ptr,Alan S. Lowenthal,20260825T1602Z,backfill
20021242,house,2026-08-25,2022-06-19,ptr,Alan S. Lowenthal,20260825T1602Z,backfill
20021243,house,2026-08-25,2022-06-19,ptr,Alan S. Lowenthal,20260825T1602Z,backfill
20021244,house,2026-08-25,2022-06-19,ptr,Alan S. Lowenthal,20260825T1602Z,backfill
20021245,house,2026-08-25,2022-06-19,ptr,Alan S. Lowenthal,20260825T1602Z,backfill
20021246,house,2026-08-25,2022-06-19,ptr,Alan S. Lowenthal,20260825T1602Z,backfill
20021251,house,2026-08-25,2022-06-24,ptr,Alan S. Lowenthal,20260825T1602Z,backfill
20021292,house,2026-08-25,2022-06-30,ptr,Alan S. Lowenthal,20260825T1602Z,backfill
20021293,house,2026-08-25,2022-06-30,ptr,Alan S. Lowenthal,20260825T1602Z,backfill
20021294,house,2026-08-25,2022-06-30,ptr,Alan S. Lowenthal,20260825T1602Z,backfill
20021295,house,2026-08-25,2022-06-30,ptr,Alan S. Lowenthal,20260825T1602Z,backfill
20021296,house,2026-08-25,2022-06-30,ptr,Alan S. Lowenthal,20260825T1602Z,backfill
20021297,house,2026-08-25,2022-06-30,ptr,Alan S. Lowenthal,20260825T1602Z,backfill
20021298,house,2026-08-25,2022-06-30,ptr,Alan S. Lowenthal,20260825T1602Z,backfill
20021299,house,2026-08-25,2022-06-30,ptr,Alan S. Lowenthal,20260825T1602Z,backfill
20021325,house,2026-08-25,2022-07-06,ptr,Alan S. Lowenthal,20260825T1602Z,backfill
20021431,house,2026-08-25,2022-07-25,ptr,Alan S. Lowenthal,20260825T1602Z,backfill
20021432,house,2026-08-25,2022-07-25,ptr,Alan S. Lowenthal,20260825T1602Z,backfill
20021483,house,2026-08-25,2022-08-04,ptr,Alan S. Lowenthal,20260825T1602Z,backfill
20021498,house,2026-08-25,2022-08-07,ptr,Alan S. Lowenthal,20260825T1602Z,backfill
20021641,house,2026-08-25,2022-09-03,ptr,Alan S. Lowenthal,20260825T1602Z,backfill
20021786,house,2026-08-25,2022-10-01,ptr,Alan S. Lowenthal,20260825T1602Z,backfill
20021787,house,2026-08-25,2022-10-01,ptr,Alan S. Lowenthal,20260825T1602Z,backfill
20021824,house,2026-08-25,2022-10-08,ptr,Alan S. Lowenthal,20260825T1602Z,backfill
20021825,house,2026-08-25,2022-10-08,ptr,Alan S. Lowenthal,20260825T1602Z,backfill
20021854,house,2026-08-25,2022-10-14,ptr,Alan S. Lowenthal,20260825T1602Z,backfill
20021906,house,2026-08-25,2022-10-29,ptr,Alan S. Lowenthal,20260825T1602Z,backfill
20021907,house,2026-08-25,2022-10-29,ptr,Alan S. Lowenthal,20260825T1602Z,backfill
20021946,house,2026-08-25,2022-11-05,ptr,Alan S. Lowenthal,20260825T1602Z,backfill
20021973,house,2026-08-25,2022-11-12,ptr,Alan S. Lowenthal,20260825T1602Z,backfill
20021974,house,2026-08-25,2022-11-12,ptr,Alan S. Lowenthal,20260825T1602Z,backfill
20022032,house,2026-08-25,2022-11-23,ptr,Alan S. Lowenthal,20260825T1602Z,backfill
20022033,house,2026-08-25,2022-11-23,ptr,Alan S. Lowenthal,20260825T1602Z,backfill
20022034,house,2026-08-25,2022-11-23,ptr,Alan S. Lowenthal,20260825T1602Z,backfill
20022036,house,2026-08-25,2022-11-24,ptr,Alan S. Lowenthal,20260825T1602Z,backfill
20022161,house,2026-08-25,2022-12-21,ptr,Alan S. Lowenthal,20260825T1602Z,backfill
20022162,house,2026-08-25,2022-12-21,ptr,Alan S. Lowenthal,20260825T1602Z,backfill
8219354,house,2026-08-25,2023-02-06,ptr,Blaine Luetkemeyer,20260825T1602Z,backfill
20020477,house,2026-08-25,2022-02-18,ptr,Carolyn B. Maloney,20260825T1602Z,backfill
20020641,house,2026-08-25,2022-03-17,ptr,Carolyn B. Maloney,20260825T1602Z,backfill
20021404,house,2026-08-25,2022-07-19,ptr,Carolyn B. Maloney,20260825T1602Z,backfill
20020423,house,2026-08-25,2022-02-11,ptr,Kathy Manning,20260825T1602Z,backfill
20020481,house,2026-08-25,2022-03-04,ptr,Kathy Manning,20260825T1602Z,backfill
20020742,house,2026-08-25,2022-04-07,ptr,Kathy Manning,20260825T1602Z,backfill
20020925,house,2026-08-25,2022-05-04,ptr,Kathy Manning,20260825T1602Z,backfill
20021045,house,2026-08-25,2022-06-06,ptr,Kathy Manning,20260825T1602Z,backfill
20021226,house,2026-08-25,2022-07-07,ptr,Kathy Manning,20260825T1602Z,backfill
20021437,house,2026-08-25,2022-07-26,ptr,Kathy Manning,20260825T1602Z,backfill
20021470,house,2026-08-25,2022-08-10,ptr,Kathy Manning,20260825T1602Z,backfill
20021556,house,2026-08-25,2022-09-11,ptr,Kathy Manning,20260825T1602Z,backfill
20021695,house,2026-08-25,2022-09-14,ptr,Kathy Manning,20260825T1602Z,backfill
20021754,house,2026-08-25,2022-10-11,ptr,Kathy Manning,20260825T1602Z,backfill
20021938,house,2026-08-25,2022-11-10,ptr,Kathy Manning,20260825T1602Z,backfill
20020964,house,2026-08-25,2022-05-09,ptr,Brian Mast,20260825T1602Z,backfill
20021538,house,2026-08-25,2022-08-12,ptr,Brian Mast,20260825T1602Z,backfill
20021542,house,2026-08-25,2022-08-12,ptr,Brian Mast,20260825T1602Z,backfill
20021543,house,2026-08-25,2022-08-12,ptr,Brian Mast,20260825T1602Z,backfill
20021782,house,2026-08-25,2022-10-05,ptr,Brian Mast,20260825T1602Z,backfill
20021148,house,2026-08-25,2022-06-16,ptr,Doris O. Matsui,20260825T1602Z,backfill
8218545,house,2026-08-25,2022-01-27,ptr,Michael T. McCaul,20260825T1602Z,backfill
8218579,house,2026-08-25,2022-02-23,ptr,Michael T. McCaul,20260825T1602Z,backfill
8218615,house,2026-08-25,2022-03-17,ptr,Michael T. McCaul,20260825T1602Z,backfill
8218645,house,2026-08-25,2022-04-18,ptr,Michael T. McCaul,20260825T1602Z,backfill
8218855,house,2026-08-25,2022-05-25,ptr,Michael T. McCaul,20260825T1602Z,backfill
8219010,house,2026-08-25,2022-06-14,ptr,Michael T. McCaul,20260825T1602Z,backfill
8219090,house,2026-08-25,2022-07-20,ptr,Michael T. McCaul,20260825T1602Z,backfill
8219185,house,2026-08-25,2022-08-17,ptr,Michael T. McCaul,20260825T1602Z,backfill
8219222,house,2026-08-25,2022-09-19,ptr,Michael T. McCaul,20260825T1602Z,backfill
8219244,house,2026-08-25,2022-10-13,ptr,Michael T. McCaul,20260825T1602Z,backfill
8219273,house,2026-08-25,2022-11-14,ptr,Michael T. McCaul,20260825T1602Z,backfill
8219309,house,2026-08-25,2022-12-22,ptr,Michael T. McCaul,20260825T1602Z,backfill
8219340,house,2026-08-25,2023-01-19,ptr,Michael T. McCaul,20260825T1602Z,backfill
20020158,house,2026-08-25,2022-01-14,ptr,David B. McKinley,20260825T1602Z,backfill
20021124,house,2026-08-25,2022-06-10,ptr,David B. McKinley,20260825T1602Z,backfill
20021454,house,2026-08-25,2022-08-03,ptr,David B. McKinley,20260825T1602Z,backfill
20021800,house,2026-08-25,2022-10-12,ptr,David B. McKinley,20260825T1602Z,backfill
20021332,house,2026-08-25,2022-07-21,ptr,Peter Meijer,20260825T1602Z,backfill
20022151,house,2026-08-25,2022-12-30,ptr,Peter Meijer,20260825T1602Z,backfill
20020458,house,2026-08-25,2022-02-16,ptr,Daniel Meuser,20260825T1602Z,backfill
20020233,house,2026-08-25,2022-01-14,ptr,Carol Devine Miller,20260825T1602Z,backfill
20021633,house,2026-08-25,2022-09-02,ptr,Carol Devine Miller,20260825T1602Z,backfill
20021636,house,2026-08-25,2022-09-02,ptr,Carol Devine Miller,20260825T1602Z,backfill
20022133,house,2026-08-25,2022-12-13,ptr,Carol Devine Miller,20260825T1602Z,backfill
20020135,house,2026-08-25,2022-01-08,ptr,Blake Moore,20260825T1602Z,backfill
20020344,house,2026-08-25,2022-02-03,ptr,Blake Moore,20260825T1602Z,backfill
20021171,house,2026-08-25,2022-06-08,ptr,Greg Francis Murphy,20260825T1602Z,backfill
20020145,house,2026-08-25,2022-01-08,ptr,Marie Newman,20260825T1602Z,backfill
20020370,house,2026-08-25,2022-02-08,ptr,Marie Newman,20260825T1602Z,backfill
20020560,house,2026-08-25,2022-03-05,ptr,Marie Newman,20260825T1602Z,backfill
20022173,house,2026-08-25,2022-12-23,ptr,Marie Newman,20260825T1602Z,backfill
20022160,house,2026-08-25,2022-12-21,ptr,Tom O'Halleran,20260825T1602Z,backfill
20020216,house,2026-08-25,2022-01-18,ptr,Bill Pascrell,20260825T1602Z,backfill
20020208,house,2026-08-25,2022-01-12,ptr,Nancy Pelosi,20260825T1602Z,backfill
20020515,house,2026-08-25,2022-02-28,ptr,Nancy Pelosi,20260825T1602Z,backfill
20020561,house,2026-08-25,2022-03-04,ptr,Nancy Pelosi,20260825T1602Z,backfill
20020662,house,2026-08-25,2022-03-21,ptr,Nancy Pelosi,20260825T1602Z,backfill
20020916,house,2026-08-25,2022-05-03,ptr,Nancy Pelosi,20260825T1602Z,backfill
20021142,house,2026-08-25,2022-06-03,ptr,Nancy Pelosi,20260825T1602Z,backfill
20021374,house,2026-08-25,2022-07-14,ptr,Nancy Pelosi,20260825T1602Z,backfill
20021438,house,2026-08-25,2022-07-26,ptr,Nancy Pelosi,20260825T1602Z,backfill
20021675,house,2026-08-25,2022-09-09,ptr,Nancy Pelosi,20260825T1602Z,backfill
20021837,house,2026-08-25,2022-10-14,ptr,Nancy Pelosi,20260825T1602Z,backfill
20022063,house,2026-08-25,2022-11-30,ptr,Nancy Pelosi,20260825T1602Z,backfill
20020300,house,2026-08-25,2022-01-25,ptr,Ed Perlmutter,20260825T1602Z,backfill
20020987,house,2026-08-25,2022-05-10,ptr,Ed Perlmutter,20260825T1602Z,backfill
20021232,house,2026-08-25,2022-06-16,ptr,Ed Perlmutter,20260825T1602Z,backfill
20021752,house,2026-08-25,2022-09-26,ptr,Ed Perlmutter,20260825T1602Z,backfill
20022158,house,2026-08-25,2022-12-19,ptr,Ed Perlmutter,20260825T1602Z,backfill
20020436,house,2026-08-25,2022-02-15,ptr,Scott H. Peters,20260825T1602Z,backfill
20021049,house,2026-08-25,2022-05-18,ptr,Scott H. Peters,20260825T1602Z,backfill
20021202,house,2026-08-25,2022-06-19,ptr,Scott H. Peters,20260825T1602Z,backfill
20021323,house,2026-08-25,2022-07-15,ptr,Scott H. Peters,20260825T1602Z,backfill
20021506,house,2026-08-25,2022-08-16,ptr,Scott H. Peters,20260825T1602Z,backfill
20021674,house,2026-08-25,2022-09-12,ptr,Scott H. Peters,20260825T1602Z,backfill
20021108,house,2026-08-25,2022-05-25,ptr,August Lee Pfluger,20260825T1602Z,backfill
20021509,house,2026-08-25,2022-08-13,ptr,Dean Phillips,20260825T1602Z,backfill
20021139,house,2026-08-25,2022-06-03,ptr,Chellie Pingree,20260825T1602Z,backfill
20020196,house,2026-08-25,2022-01-10,ptr,David E. Price,20260825T1602Z,backfill
20020538,house,2026-08-25,2022-03-02,ptr,David E. Price,20260825T1602Z,backfill
20020733,house,2026-08-25,2022-04-05,ptr,David E. Price,20260825T1602Z,backfill
20020740,house,2026-08-25,2022-04-06,ptr,David E. Price,20260825T1602Z,backfill
20020973,house,2026-08-25,2022-06-09,ptr,Jamie Raskin,20260825T1602Z,backfill
8218652,house,2026-08-25,2022-04-18,ptr,Richard B. Reisdorf,20260825T1602Z,backfill
20021762,house,2026-08-25,2022-09-28,ptr,Tom Rice,20260825T1602Z,backfill
8218543,house,2026-08-25,2022-01-21,ptr,Harold Dallas Rogers,20260825T1602Z,backfill
8218569,house,2026-08-25,2022-02-15,ptr,Harold Dallas Rogers,20260825T1602Z,backfill
8218620,house,2026-08-25,2022-03-25,ptr,Harold Dallas Rogers,20260825T1602Z,backfill
8218642,house,2026-08-25,2022-04-08,ptr,Harold Dallas Rogers,20260825T1602Z,backfill
8218698,house,2026-08-25,2022-05-05,ptr,Harold Dallas Rogers,20260825T1602Z,backfill
8218757,house,2026-08-25,2022-05-16,ptr,Harold Dallas Rogers,20260825T1602Z,backfill
8218933,house,2026-08-25,2022-06-09,ptr,Harold Dallas Rogers,20260825T1602Z,backfill
8219057,house,2026-08-25,2022-06-30,ptr,Harold Dallas Rogers,20260825T1602Z,backfill
8219135,house,2026-08-25,2022-08-02,ptr,Harold Dallas Rogers,20260825T1602Z,backfill
8219218,house,2026-08-25,2022-09-15,ptr,Harold Dallas Rogers,20260825T1602Z,backfill
8219256,house,2026-08-25,2022-10-14,ptr,Harold Dallas Rogers,20260825T1602Z,backfill
8219276,house,2026-08-25,2022-11-10,ptr,Harold Dallas Rogers,20260825T1602Z,backfill
8219297,house,2026-08-25,2022-12-12,ptr,Harold Dallas Rogers,20260825T1602Z,backfill
8219320,house,2026-08-25,2023-01-09,ptr,Harold Dallas Rogers,20260825T1602Z,backfill
20021831,house,2026-08-25,2022-10-11,ptr,John W. Rose,20260825T1602Z,backfill
20022196,house,2026-08-25,2022-12-30,ptr,John W. Rose,20260825T1602Z,backfill
20020182,house,2026-08-25,2022-01-08,ptr,Deborah K. Ross,20260825T1602Z,backfill
20020492,house,2026-08-25,2022-02-19,ptr,Deborah K. Ross,20260825T1602Z,backfill
20020237,house,2026-08-25,2022-01-17,ptr,David Cheston Rouzer,20260825T1602Z,backfill
20020629,house,2026-08-25,2022-03-16,ptr,John Rutherford,20260825T1602Z,backfill
20020753,house,2026-08-25,2022-04-08,ptr,John Rutherford,20260825T1602Z,backfill
20020828,house,2026-08-25,2022-04-19,ptr,John Rutherford,20260825T1602Z,backfill
20021096,house,2026-08-25,2022-06-10,ptr,Maria Elvira Salazar,20260825T1602Z,backfill
20021322,house,2026-08-25,2022-07-22,ptr,Maria Elvira Salazar,20260825T1602Z,backfill
20021820,house,2026-08-25,2022-10-14,ptr,Maria Elvira Salazar,20260825T1602Z,backfill
20022142,house,2026-08-25,2022-12-15,ptr,Maria Elvira Salazar,20260825T1602Z,backfill
8219092,house,2026-08-25,2022-07-18,ptr,Michael Fq San Nicolas,20260825T1602Z,backfill
20009266,house,2026-08-25,2022-08-12,ptr,Mary Gay Scanlon,20260825T1602Z,backfill
20021589,house,2026-08-25,2022-08-26,ptr,Mary Gay Scanlon,20260825T1602Z,backfill
20020104,house,2026-08-25,2022-03-17,ptr,Bradley S. Schneider,20260825T1602Z,backfill
20021496,house,2026-08-25,2022-08-13,ptr,Bradley S. Schneider,20260825T1602Z,backfill
20021833,house,2026-08-25,2022-10-14,ptr,Bradley S. Schneider,20260825T1602Z,backfill
8218557,house,2026-08-25,2022-02-07,ptr,Kurt Schrader,20260825T1602Z,backfill
8218558,house,2026-08-25,2022-02-07,ptr,Kurt Schrader,20260825T1602Z,backfill
8218564,house,2026-08-25,2022-02-11,ptr,Kurt Schrader,20260825T1602Z,backfill
8218587,house,2026-08-25,2022-03-02,ptr,Kurt Schrader,20260825T1602Z,backfill
8218628,house,2026-08-25,2022-04-01,ptr,Kurt Schrader,20260825T1602Z,backfill
8218631,house,2026-08-25,2022-04-05,ptr,Kurt Schrader,20260825T1602Z,backfill
8218777,house,2026-08-25,2022-05-17,ptr,Kurt Schrader,20260825T1602Z,backfill
8218930,house,2026-08-25,2022-06-02,ptr,Kurt Schrader,20260825T1602Z,backfill
8219067,house,2026-08-25,2022-07-06,ptr,Kurt Schrader,20260825T1602Z,backfill
8219166,house,2026-08-25,2022-08-11,ptr,Kurt Schrader,20260825T1602Z,backfill
8219205,house,2026-08-25,2022-09-07,ptr,Kurt Schrader,20260825T1602Z,backfill
8219241,house,2026-08-25,2022-10-06,ptr,Kurt Schrader,20260825T1602Z,backfill
8219265,house,2026-08-25,2022-11-02,ptr,Kurt Schrader,20260825T1602Z,backfill
8219294,house,2026-08-25,2022-12-08,ptr,Kurt Schrader,20260825T1602Z,backfill
8219454,house,2026-08-25,2023-01-06,ptr,Kurt Schrader,20260825T1602Z,backfill
20020712,house,2026-08-25,2022-04-21,ptr,Kim Dr Schrier,20260825T1602Z,backfill
20020194,house,2026-08-25,2022-01-10,ptr,"Robert C. ""Bobby"" Scott",20260825T1602Z,backfill
20020672,house,2026-08-25,2022-04-14,ptr,Pete Sessions,20260825T1602Z,backfill
20020813,house,2026-08-25,2022-04-17,ptr,Pete Sessions,20260825T1602Z,backfill
20021238,house,2026-08-25,2022-06-17,ptr,Pete Sessions,20260825T1602Z,backfill
20021355,house,2026-08-25,2022-07-09,ptr,Pete Sessions,20260825T1602Z,backfill
20021424,house,2026-08-25,2022-10-10,ptr,Pete Sessions,20260825T1602Z,backfill
20021947,house,2026-08-25,2022-11-10,ptr,Pete Sessions,20260825T1602Z,backfill
20022111,house,2026-08-25,2022-12-09,ptr,Pete Sessions,20260825T1602Z,backfill
20020443,house,2026-08-25,2022-02-11,ptr,Pete Sessions,20260825T1602Z,backfill
20020487,house,2026-08-25,2022-02-18,ptr,Pete Sessions,20260825T1602Z,backfill
20020507,house,2026-08-25,2022-02-22,ptr,Pete Sessions,20260825T1602Z,backfill
20020617,house,2026-08-25,2022-03-13,ptr,Pete Sessions,20260825T1602Z,backfill
20021373,house,2026-08-25,2022-07-13,ptr,Brad Sherman,20260825T1602Z,backfill
20021611,house,2026-08-25,2022-08-30,ptr,Brad Sherman,20260825T1602Z,backfill
20021945,house,2026-08-25,2022-11-10,ptr,Brad Sherman,20260825T1602Z,backfill
20022071,house,2026-08-25,2022-12-02,ptr,Brad Sherman,20260825T1602Z,backfill
20020589,house,2026-08-25,2022-04-06,ptr,Mikie Sherrill,20260825T1602Z,backfill
20021099,house,2026-08-25,2022-05-23,ptr,Mikie Sherrill,20260825T1602Z,backfill
20021759,house,2026-08-25,2022-10-11,ptr,Adrian Smith,20260825T1602Z,backfill
20021643,house,2026-08-25,2022-09-04,ptr,Abigail Spanberger,20260825T1602Z,backfill
20020413,house,2026-08-25,2022-02-08,ptr,Victoria Spartz,20260825T1602Z,backfill
20020414,house,2026-08-25,2022-02-08,ptr,Victoria Spartz,20260825T1602Z,backfill
20020415,house,2026-08-25,2022-02-08,ptr,Victoria Spartz,20260825T1602Z,backfill
20021050,house,2026-08-25,2022-05-16,ptr,Victoria Spartz,20260825T1602Z,backfill
20021689,house,2026-08-25,2022-09-12,ptr,Victoria Spartz,20260825T1602Z,backfill
20022164,house,2026-08-25,2022-12-21,ptr,Victoria Spartz,20260825T1602Z,backfill
20020396,house,2026-08-25,2022-03-03,ptr,Greg Steube,20260825T1602Z,backfill
20021743,house,2026-08-25,2022-09-27,ptr,Greg Steube,20260825T1602Z,backfill
20020195,house,2026-08-25,2022-01-11,ptr,Thomas Suozzi,20260825T1602Z,backfill
20020253,house,2026-08-25,2022-01-20,ptr,Thomas Suozzi,20260825T1602Z,backfill
20020552,house,2026-08-25,2022-03-03,ptr,Thomas Suozzi,20260825T1602Z,backfill
20020732,house,2026-08-25,2022-05-20,ptr,Thomas Suozzi,20260825T1602Z,backfill
8219219,house,2026-08-25,2022-09-15,ptr,Thomas Suozzi,20260825T1602Z,backfill
8219250,house,2026-08-25,2022-10-14,ptr,Thomas Suozzi,20260825T1602Z,backfill
8219286,house,2026-08-25,2022-12-01,ptr,Thomas Suozzi,20260825T1602Z,backfill
20021165,house,2026-08-25,2022-12-19,ptr,Thomas Suozzi,20260825T1602Z,backfill
20017965,house,2026-08-25,2022-01-14,ptr,Nicholas V. Taylor,20260825T1602Z,backfill
20020767,house,2026-08-25,2022-12-26,ptr,Nicholas V. Taylor,20260825T1602Z,backfill
20020161,house,2026-08-25,2022-01-11,ptr,Lori Trahan,20260825T1602Z,backfill
8219269,house,2026-08-25,2022-11-09,ptr,Fred Upton,20260825T1602Z,backfill
8219291,house,2026-08-25,2022-12-05,ptr,Fred Upton,20260825T1602Z,backfill
8218568,house,2026-08-25,2022-02-14,ptr,Ann Wagner,20260825T1602Z,backfill
8218640,house,2026-08-25,2022-04-08,ptr,Ann Wagner,20260825T1602Z,backfill
8219196,house,2026-08-25,2022-08-23,ptr,Ann Wagner,20260825T1602Z,backfill
8219232,house,2026-08-25,2022-09-28,ptr,Ann Wagner,20260825T1602Z,backfill
8219292,house,2026-08-25,2022-12-06,ptr,Ann Wagner,20260825T1602Z,backfill
8219321,house,2026-08-25,2023-01-12,ptr,Ann Wagner,20260825T1602Z,backfill
20020290,house,2026-08-25,2022-01-25,ptr,Debbie Wasserman Schultz,20260825T1602Z,backfill
20021129,house,2026-08-25,2022-06-01,ptr,Debbie Wasserman Schultz,20260825T1602Z,backfill
20021311,house,2026-08-25,2022-07-01,ptr,Debbie Wasserman Schultz,20260825T1602Z,backfill
20021405,house,2026-08-25,2022-07-19,ptr,Debbie Wasserman Schultz,20260825T1602Z,backfill
20021585,house,2026-08-25,2022-08-24,ptr,Debbie Wasserman Schultz,20260825T1602Z,backfill
20021741,house,2026-08-25,2022-09-30,ptr,Debbie Wasserman Schultz,20260825T1602Z,backfill
20021902,house,2026-08-25,2022-11-10,ptr,Debbie Wasserman Schultz,20260825T1602Z,backfill
20020080,house,2026-08-25,2022-08-13,ptr,Peter Welch,20260825T1602Z,backfill
20020184,house,2026-08-25,2022-01-09,ptr,Robert J. Wittman,20260825T1602Z,backfill
20020446,house,2026-08-25,2022-02-13,ptr,Robert J. Wittman,20260825T1602Z,backfill
20020586,house,2026-08-25,2022-03-09,ptr,Robert J. Wittman,20260825T1602Z,backfill
20020748,house,2026-08-25,2022-04-09,ptr,Robert J. Wittman,20260825T1602Z,backfill
20021015,house,2026-08-25,2022-05-13,ptr,Robert J. Wittman,20260825T1602Z,backfill
20021150,house,2026-08-25,2022-06-04,ptr,Robert J. Wittman,20260825T1602Z,backfill
20021344,house,2026-08-25,2022-07-08,ptr,Robert J. Wittman,20260825T1602Z,backfill
20021515,house,2026-08-25,2022-08-10,ptr,Robert J. Wittman,20260825T1602Z,backfill
20021679,house,2026-08-25,2022-09-10,ptr,Robert J. Wittman,20260825T1602Z,backfill
20021807,house,2026-08-25,2022-10-05,ptr,Robert J. Wittman,20260825T1602Z,backfill
20022101,house,2026-08-25,2022-12-08,ptr,Robert J. Wittman,20260825T1602Z,backfill
20022049,house,2026-08-25,2022-11-29,ptr,Steve Womack,20260825T1602Z,backfill
20022181,house,2026-08-25,2022-12-28,ptr,Rudy Yakym,20260825T1602Z,backfill
20022986,house,2026-08-25,2023-06-02,ptr,Richard W. Allen,20260825T1602Z,backfill
20023082,house,2026-08-25,2023-08-10,ptr,Richard W. Allen,20260825T1602Z,backfill
20023622,house,2026-08-25,2023-09-08,ptr,Richard W. Allen,20260825T1602Z,backfill
20023812,house,2026-08-25,2023-10-05,ptr,Richard W. Allen,20260825T1602Z,backfill
20024001,house,2026-08-25,2023-11-16,ptr,Richard W. Allen,20260825T1602Z,backfill
20024101,house,2026-08-25,2023-12-19,ptr,Richard W. Allen,20260825T1602Z,backfill
20022202,house,2026-08-25,2023-01-02,ptr,Cindy Axne,20260825T1602Z,backfill
20005641,house,2026-08-25,2023-06-09,ptr,Brian Babin,20260825T1602Z,backfill
20023168,house,2026-08-25,2023-06-21,ptr,James E Hon Banks,20260825T1602Z,backfill
20022850,house,2026-08-25,2023-05-03,ptr,Cliff Bentz,20260825T1602Z,backfill
20022418,house,2026-08-25,2023-03-03,ptr,Donald Sternoff Beyer,20260825T1602Z,backfill
20022603,house,2026-08-25,2023-04-05,ptr,Donald Sternoff Beyer,20260825T1602Z,backfill
20022807,house,2026-08-25,2023-04-29,ptr,Donald Sternoff Beyer,20260825T1602Z,backfill
20023129,house,2026-08-25,2023-07-01,ptr,Donald Sternoff Beyer,20260825T1602Z,backfill
20023758,house,2026-08-25,2023-10-01,ptr,Donald Sternoff Beyer,20260825T1602Z,backfill
20023437,house,2026-08-25,2023-08-12,ptr,Stephanie Bice,20260825T1602Z,backfill
20022126,house,2026-08-25,2023-05-04,ptr,Dan Daniel Bishop,20260825T1602Z,backfill
20022876,house,2026-08-25,2023-05-07,ptr,Dan Daniel Bishop,20260825T1602Z,backfill
20023712,house,2026-08-25,2023-09-15,ptr,Dan Daniel Bishop,20260825T1602Z,backfill
20023903,house,2026-08-25,2023-10-27,ptr,Dan Daniel Bishop,20260825T1602Z,backfill
20022225,house,2026-08-25,2023-01-04,ptr,Earl Blumenauer,20260825T1602Z,backfill
20022271,house,2026-08-25,2023-01-12,ptr,Earl Blumenauer,20260825T1602Z,backfill
20022521,house,2026-08-25,2023-03-06,ptr,Earl Blumenauer,20260825T1602Z,backfill
20022546,house,2026-08-25,2023-03-09,ptr,Earl Blumenauer,20260825T1602Z,backfill
20022667,house,2026-08-25,2023-04-05,ptr,Earl Blumenauer,20260825T1602Z,backfill
20023073,house,2026-08-25,2023-06-08,ptr,Earl Blumenauer,20260825T1602Z,backfill
20023218,house,2026-08-25,2023-07-12,ptr,Earl Blumenauer,20260825T1602Z,backfill
20023435,house,2026-08-25,2023-08-04,ptr,Earl Blumenauer,20260825T1602Z,backfill
20023615,house,2026-08-25,2023-09-06,ptr,Earl Blumenauer,20260825T1602Z,backfill
20023955,house,2026-08-25,2023-11-07,ptr,Earl Blumenauer,20260825T1602Z,backfill
20024076,house,2026-08-25,2023-12-04,ptr,Earl Blumenauer,20260825T1602Z,backfill
20022259,house,2026-08-25,2023-01-25,ptr,Michael C. Burgess,20260825T1602Z,backfill
20022391,house,2026-08-25,2023-02-09,ptr,Michael C. Burgess,20260825T1602Z,backfill
20022499,house,2026-08-25,2023-03-03,ptr,Michael C. Burgess,20260825T1602Z,backfill
20022541,house,2026-08-25,2023-03-14,ptr,Michael C. Burgess,20260825T1602Z,backfill
20022685,house,2026-08-25,2023-04-14,ptr,Michael C. Burgess,20260825T1602Z,backfill
20023153,house,2026-08-25,2023-06-15,ptr,Michael C. Burgess,20260825T1602Z,backfill
20023340,house,2026-08-25,2023-07-18,ptr,Michael C. Burgess,20260825T1602Z,backfill
20023382,house,2026-08-25,2023-08-08,ptr,Michael C. Burgess,20260825T1602Z,backfill
20023612,house,2026-08-25,2023-09-05,ptr,Michael C. Burgess,20260825T1602Z,backfill
20023623,house,2026-08-25,2023-09-06,ptr,Michael C. Burgess,20260825T1602Z,backfill
20023786,house,2026-08-25,2023-10-03,ptr,Michael C. Burgess,20260825T1602Z,backfill
20024169,house,2026-08-25,2023-12-18,ptr,Michael C. Burgess,20260825T1602Z,backfill
8219414,house,2026-08-25,2023-03-01,ptr,Eric Burlison,20260825T1602Z,backfill
20022894,house,2026-08-25,2023-05-09,ptr,Earl Leroy Carter,20260825T1602Z,backfill
20022509,house,2026-08-25,2023-03-06,ptr,Katherine M. Clark,20260825T1602Z,backfill
20022917,house,2026-08-25,2023-06-08,ptr,Katherine M. Clark,20260825T1602Z,backfill
20023950,house,2026-08-25,2023-11-06,ptr,Katherine M. Clark,20260825T1602Z,backfill
20022368,house,2026-08-25,2023-02-04,ptr,Steve Cohen,20260825T1602Z,backfill
20022428,house,2026-08-25,2023-02-13,ptr,Steve Cohen,20260825T1602Z,backfill
20023162,house,2026-08-25,2023-06-26,ptr,Steve Cohen,20260825T1602Z,backfill
20023392,house,2026-08-25,2023-07-28,ptr,Steve Cohen,20260825T1602Z,backfill
8219430,house,2026-08-25,2023-03-07,ptr,Tom Cole,20260825T1602Z,backfill
8219893,house,2026-08-25,2023-08-10,ptr,Tom Cole,20260825T1602Z,backfill
20024042,house,2026-08-25,2023-12-22,ptr,Michael A. Collins,20260825T1602Z,backfill
20022309,house,2026-08-25,2023-01-24,ptr,Gerald E. Connolly,20260825T1602Z,backfill
20022660,house,2026-08-25,2023-04-04,ptr,Gerald E. Connolly,20260825T1602Z,backfill
20023575,house,2026-08-25,2023-08-25,ptr,Gerald E. Connolly,20260825T1602Z,backfill
20024004,house,2026-08-25,2023-11-14,ptr,Gerald E. Connolly,20260825T1602Z,backfill
20022770,house,2026-08-25,2023-04-20,ptr,Daniel Crenshaw,20260825T1602Z,backfill
20022249,house,2026-08-25,2023-01-10,ptr,John Curtis,20260825T1602Z,backfill
20022423,house,2026-08-25,2023-02-13,ptr,John Curtis,20260825T1602Z,backfill
20022561,house,2026-08-25,2023-03-13,ptr,John Curtis,20260825T1602Z,backfill
20022624,house,2026-08-25,2023-03-27,ptr,John Curtis,20260825T1602Z,backfill
20022721,house,2026-08-25,2023-05-10,ptr,John Curtis,20260825T1602Z,backfill
20023061,house,2026-08-25,2023-06-02,ptr,John Curtis,20260825T1602Z,backfill
20023444,house,2026-08-25,2023-08-07,ptr,John Curtis,20260825T1602Z,backfill
20023799,house,2026-08-25,2023-10-04,ptr,John Curtis,20260825T1602Z,backfill
20023867,house,2026-08-25,2023-11-16,ptr,John Curtis,20260825T1602Z,backfill
20024152,house,2026-08-25,2023-12-15,ptr,John Curtis,20260825T1602Z,backfill
20022183,house,2026-08-25,2023-01-02,ptr,Suzan K. DelBene,20260825T1602Z,backfill
20022288,house,2026-08-25,2023-01-21,ptr,Suzan K. DelBene,20260825T1602Z,backfill
20022355,house,2026-08-25,2023-02-06,ptr,Suzan K. DelBene,20260825T1602Z,backfill
20022453,house,2026-08-25,2023-02-19,ptr,Suzan K. DelBene,20260825T1602Z,backfill
20022498,house,2026-08-25,2023-03-07,ptr,Suzan K. DelBene,20260825T1602Z,backfill
20022589,house,2026-08-25,2023-03-20,ptr,Suzan K. DelBene,20260825T1602Z,backfill
20022655,house,2026-08-25,2023-04-10,ptr,Suzan K. DelBene,20260825T1602Z,backfill
20022828,house,2026-08-25,2023-05-06,ptr,Suzan K. DelBene,20260825T1602Z,backfill
20022975,house,2026-08-25,2023-05-25,ptr,Suzan K. DelBene,20260825T1602Z,backfill
20023052,house,2026-08-25,2023-06-07,ptr,Suzan K. DelBene,20260825T1602Z,backfill
20023100,house,2026-08-25,2023-06-14,ptr,Suzan K. DelBene,20260825T1602Z,backfill
20023183,house,2026-08-25,2023-06-23,ptr,Suzan K. DelBene,20260825T1602Z,backfill
20023238,house,2026-08-25,2023-07-07,ptr,Suzan K. DelBene,20260825T1602Z,backfill
20023349,house,2026-08-25,2023-07-25,ptr,Suzan K. DelBene,20260825T1602Z,backfill
20023421,house,2026-08-25,2023-08-08,ptr,Suzan K. DelBene,20260825T1602Z,backfill
20023610,house,2026-08-25,2023-09-11,ptr,Suzan K. DelBene,20260825T1602Z,backfill
20023721,house,2026-08-25,2023-09-25,ptr,Suzan K. DelBene,20260825T1602Z,backfill
20023788,house,2026-08-25,2023-10-10,ptr,Suzan K. DelBene,20260825T1602Z,backfill
20023930,house,2026-08-25,2023-11-08,ptr,Suzan K. DelBene,20260825T1602Z,backfill
20024016,house,2026-08-25,2023-11-26,ptr,Suzan K. DelBene,20260825T1602Z,backfill
20024080,house,2026-08-25,2023-12-13,ptr,Suzan K. DelBene,20260825T1602Z,backfill
20024173,house,2026-08-25,2023-12-23,ptr,Suzan K. DelBene,20260825T1602Z,backfill
20022528,house,2026-08-25,2023-03-08,ptr,Debbie Dingell,20260825T1602Z,backfill
20022585,house,2026-08-25,2023-03-15,ptr,Debbie Dingell,20260825T1602Z,backfill
20022749,house,2026-08-25,2023-04-19,ptr,Debbie Dingell,20260825T1602Z,backfill
20022957,house,2026-08-25,2023-05-15,ptr,Debbie Dingell,20260825T1602Z,backfill
20024143,house,2026-08-25,2023-12-14,ptr,Debbie Dingell,20260825T1602Z,backfill
20022184,house,2026-08-25,2023-01-01,ptr,Debbie Dingell,20260825T1602Z,backfill
20022293,house,2026-08-25,2023-01-19,ptr,Debbie Dingell,20260825T1602Z,backfill
20022228,house,2026-08-25,2023-01-05,ptr,Lloyd Doggett,20260825T1602Z,backfill
20022517,house,2026-08-25,2023-03-06,ptr,Lloyd Doggett,20260825T1602Z,backfill
20022697,house,2026-08-25,2023-04-10,ptr,Lloyd Doggett,20260825T1602Z,backfill
20022859,house,2026-08-25,2023-05-04,ptr,Lloyd Doggett,20260825T1602Z,backfill
20023097,house,2026-08-25,2023-06-07,ptr,Lloyd Doggett,20260825T1602Z,backfill
20023279,house,2026-08-25,2023-07-10,ptr,Lloyd Doggett,20260825T1602Z,backfill
20023456,house,2026-08-25,2023-08-07,ptr,Lloyd Doggett,20260825T1602Z,backfill
20023652,house,2026-08-25,2023-09-08,ptr,Lloyd Doggett,20260825T1602Z,backfill
20023810,house,2026-08-25,2023-10-05,ptr,Lloyd Doggett,20260825T1602Z,backfill
20023962,house,2026-08-25,2023-11-06,ptr,Lloyd Doggett,20260825T1602Z,backfill
20024166,house,2026-08-25,2023-12-18,ptr,Lloyd Doggett,20260825T1602Z,backfill
20022361,house,2026-08-25,2023-02-17,ptr,"Neal Patrick MD, Facs Dunn",20260825T1602Z,backfill
20023022,house,2026-08-25,2023-05-26,ptr,"Neal Patrick MD, Facs Dunn",20260825T1602Z,backfill
20023779,house,2026-08-25,2023-09-30,ptr,Ron Estes,20260825T1602Z,backfill
20022547,house,2026-08-25,2023-03-09,ptr,Dwight Evans,20260825T1602Z,backfill
20023246,house,2026-08-25,2023-07-05,ptr,Dwight Evans,20260825T1602Z,backfill
8219359,house,2026-08-25,2023-02-13,ptr,"Charles J. ""Chuck"" Fleischmann",20260825T1602Z,backfill
8219527,house,2026-08-25,2023-05-09,ptr,"Charles J. ""Chuck"" Fleischmann",20260825T1602Z,backfill
8219919,house,2026-08-25,2023-08-14,ptr,"Charles J. ""Chuck"" Fleischmann",20260825T1602Z,backfill
8220049,house,2026-08-25,2023-11-17,ptr,"Charles J. ""Chuck"" Fleischmann",20260825T1602Z,backfill
20022861,house,2026-08-25,2023-05-04,ptr,Mike Flood,20260825T1602Z,backfill
20022211,house,2026-08-25,2023-01-03,ptr,Virginia Foxx,20260825T1602Z,backfill
20022213,house,2026-08-25,2023-01-03,ptr,Virginia Foxx,20260825T1602Z,backfill
20022352,house,2026-08-25,2023-02-03,ptr,Virginia Foxx,20260825T1602Z,backfill
20022504,house,2026-08-25,2023-03-03,ptr,Virginia Foxx,20260825T1602Z,backfill
20022646,house,2026-08-25,2023-04-04,ptr,Virginia Foxx,20260825T1602Z,backfill
20022822,house,2026-08-25,2023-05-01,ptr,Virginia Foxx,20260825T1602Z,backfill
20023059,house,2026-08-25,2023-06-02,ptr,Virginia Foxx,20260825T1602Z,backfill
20023237,house,2026-08-25,2023-07-07,ptr,Virginia Foxx,20260825T1602Z,backfill
20023393,house,2026-08-25,2023-07-28,ptr,Virginia Foxx,20260825T1602Z,backfill
20023613,house,2026-08-25,2023-09-05,ptr,Virginia Foxx,20260825T1602Z,backfill
20023809,house,2026-08-25,2023-10-06,ptr,Virginia Foxx,20260825T1602Z,backfill
20023946,house,2026-08-25,2023-11-07,ptr,Virginia Foxx,20260825T1602Z,backfill
20024072,house,2026-08-25,2023-12-05,ptr,Virginia Foxx,20260825T1602Z,backfill
20022218,house,2026-08-25,2023-01-06,ptr,Lois Frankel,20260825T1602Z,backfill
20022357,house,2026-08-25,2023-02-03,ptr,Lois Frankel,20260825T1602Z,backfill
20022557,house,2026-08-25,2023-03-13,ptr,Lois Frankel,20260825T1602Z,backfill
20022571,house,2026-08-25,2023-04-03,ptr,Lois Frankel,20260825T1602Z,backfill
20022805,house,2026-08-25,2023-04-28,ptr,Lois Frankel,20260825T1602Z,backfill
20022974,house,2026-08-25,2023-05-19,ptr,Lois Frankel,20260825T1602Z,backfill
20023194,house,2026-08-25,2023-06-24,ptr,Lois Frankel,20260825T1602Z,backfill
20023369,house,2026-08-25,2023-07-28,ptr,Lois Frankel,20260825T1602Z,backfill
20023573,house,2026-08-25,2023-08-26,ptr,Lois Frankel,20260825T1602Z,backfill
20023816,house,2026-08-25,2023-10-10,ptr,Lois Frankel,20260825T1602Z,backfill
20023847,house,2026-08-25,2023-10-12,ptr,C. Scott Franklin,20260825T1602Z,backfill
20022530,house,2026-08-25,2023-03-07,ptr,Scott Mr Franklin,20260825T1602Z,backfill
20022987,house,2026-08-25,2023-05-23,ptr,Scott Mr Franklin,20260825T1602Z,backfill
20022919,house,2026-08-25,2023-05-12,ptr,Russ Fulcher,20260825T1602Z,backfill
20022325,house,2026-08-25,2023-01-26,ptr,Michael Garcia,20260825T1602Z,backfill
20023182,house,2026-08-25,2023-06-20,ptr,Michael Garcia,20260825T1602Z,backfill
20023553,house,2026-08-25,2023-08-17,ptr,Michael Garcia,20260825T1602Z,backfill
20024110,house,2026-08-25,2023-12-07,ptr,Michael Garcia,20260825T1602Z,backfill
20022407,house,2026-08-25,2023-02-24,ptr,Daniel Goldman,20260825T1602Z,backfill
20022480,house,2026-08-25,2023-03-20,ptr,Daniel Goldman,20260825T1602Z,backfill
20022653,house,2026-08-25,2023-04-17,ptr,Daniel Goldman,20260825T1602Z,backfill
20022948,house,2026-08-25,2023-05-19,ptr,Daniel Goldman,20260825T1602Z,backfill
20023065,house,2026-08-25,2023-06-15,ptr,Daniel Goldman,20260825T1602Z,backfill
20023253,house,2026-08-25,2023-07-24,ptr,Daniel Goldman,20260825T1602Z,backfill
20023404,house,2026-08-25,2023-08-13,ptr,Daniel Goldman,20260825T1602Z,backfill
20023677,house,2026-08-25,2023-09-17,ptr,Daniel Goldman,20260825T1602Z,backfill
20022219,house,2026-08-25,2023-01-13,ptr,Josh Gottheimer,20260825T1602Z,backfill
20022412,house,2026-08-25,2023-02-17,ptr,Josh Gottheimer,20260825T1602Z,backfill
20022531,house,2026-08-25,2023-03-17,ptr,Josh Gottheimer,20260825T1602Z,backfill
20022683,house,2026-08-25,2023-04-20,ptr,Josh Gottheimer,20260825T1602Z,backfill
20022877,house,2026-08-25,2023-05-19,ptr,Josh Gottheimer,20260825T1602Z,backfill
20023087,house,2026-08-25,2023-06-11,ptr,Josh Gottheimer,20260825T1602Z,backfill
20023257,house,2026-08-25,2023-07-11,ptr,Josh Gottheimer,20260825T1602Z,backfill
20023500,house,2026-08-25,2023-08-21,ptr,Josh Gottheimer,20260825T1602Z,backfill
20023651,house,2026-08-25,2023-09-16,ptr,Josh Gottheimer,20260825T1602Z,backfill
20023833,house,2026-08-25,2023-10-15,ptr,Josh Gottheimer,20260825T1602Z,backfill
20023973,house,2026-08-25,2023-11-11,ptr,Josh Gottheimer,20260825T1602Z,backfill
20024097,house,2026-08-25,2023-12-08,ptr,Josh Gottheimer,20260825T1602Z,backfill
20022193,house,2026-08-25,2023-01-09,ptr,Mark Dr Green,20260825T1602Z,backfill
20022322,house,2026-08-25,2023-01-30,ptr,Mark Dr Green,20260825T1602Z,backfill
20022337,house,2026-08-25,2023-02-05,ptr,Mark Dr Green,20260825T1602Z,backfill
20022463,house,2026-08-25,2023-02-27,ptr,Mark Dr Green,20260825T1602Z,backfill
20022626,house,2026-08-25,2023-04-01,ptr,Mark Dr Green,20260825T1602Z,backfill
20022725,house,2026-08-25,2023-04-16,ptr,Mark Dr Green,20260825T1602Z,backfill
20022998,house,2026-08-25,2023-05-26,ptr,Mark Dr Green,20260825T1602Z,backfill
20023055,house,2026-08-25,2023-06-02,ptr,Mark Dr Green,20260825T1602Z,backfill
20023075,house,2026-08-25,2023-06-05,ptr,Mark Dr Green,20260825T1602Z,backfill
20023119,house,2026-08-25,2023-06-12,ptr,Mark Dr Green,20260825T1602Z,backfill
20023220,house,2026-08-25,2023-06-30,ptr,Mark Dr Green,20260825T1602Z,backfill
20023329,house,2026-08-25,2023-07-18,ptr,Mark Dr Green,20260825T1602Z,backfill
20023358,house,2026-08-25,2023-07-24,ptr,Mark Dr Green,20260825T1602Z,backfill
20023441,house,2026-08-25,2023-08-08,ptr,Mark Dr Green,20260825T1602Z,backfill
20023526,house,2026-08-25,2023-08-14,ptr,Mark Dr Green,20260825T1602Z,backfill
20023104,house,2026-08-25,2023-06-27,ptr,Glenn S. Grothman,20260825T1602Z,backfill
20022270,house,2026-08-25,2023-01-19,ptr,Michael Patrick Guest,20260825T1602Z,backfill
20022392,house,2026-08-25,2023-02-24,ptr,Michael Patrick Guest,20260825T1602Z,backfill
20022701,house,2026-08-25,2023-04-14,ptr,Michael Patrick Guest,20260825T1602Z,backfill
20023247,house,2026-08-25,2023-07-14,ptr,Michael Patrick Guest,20260825T1602Z,backfill
20023442,house,2026-08-25,2023-08-23,ptr,Michael Patrick Guest,20260825T1602Z,backfill
20023951,house,2026-08-25,2023-11-20,ptr,Michael Patrick Guest,20260825T1602Z,backfill
20024107,house,2026-08-25,2023-12-11,ptr,Michael Patrick Guest,20260825T1602Z,backfill
8219412,house,2026-08-25,2023-03-02,ptr,Diana Harshbarger,20260825T1602Z,backfill
20016496,house,2026-08-25,2023-03-27,ptr,Diana Harshbarger,20260825T1602Z,backfill
8219483,house,2026-08-25,2023-05-02,ptr,Ada Norah Henriquez,20260825T1602Z,backfill
20022285,house,2026-08-25,2023-01-13,ptr,Kevin Hern,20260825T1602Z,backfill
20022430,house,2026-08-25,2023-02-14,ptr,Kevin Hern,20260825T1602Z,backfill
20022580,house,2026-08-25,2023-03-15,ptr,Kevin Hern,20260825T1602Z,backfill
20022699,house,2026-08-25,2023-04-10,ptr,Kevin Hern,20260825T1602Z,backfill
20022908,house,2026-08-25,2023-05-11,ptr,Kevin Hern,20260825T1602Z,backfill
20023136,house,2026-08-25,2023-06-13,ptr,Kevin Hern,20260825T1602Z,backfill
20023303,house,2026-08-25,2023-07-12,ptr,Kevin Hern,20260825T1602Z,backfill
20023532,house,2026-08-25,2023-08-16,ptr,Kevin Hern,20260825T1602Z,backfill
20023641,house,2026-08-25,2023-09-07,ptr,Kevin Hern,20260825T1602Z,backfill
20023848,house,2026-08-25,2023-10-13,ptr,Kevin Hern,20260825T1602Z,backfill
20024020,house,2026-08-25,2023-11-17,ptr,Kevin Hern,20260825T1602Z,backfill
20024104,house,2026-08-25,2023-12-07,ptr,Kevin Hern,20260825T1602Z,backfill
20022189,house,2026-08-25,2023-03-14,ptr,James French Hill,20260825T1602Z,backfill
20022579,house,2026-08-25,2023-03-16,ptr,James French Hill,20260825T1602Z,backfill
20022591,house,2026-08-25,2023-03-23,ptr,James French Hill,20260825T1602Z,backfill
20023412,house,2026-08-25,2023-12-13,ptr,James French Hill,20260825T1602Z,backfill
20022515,house,2026-08-25,2023-03-05,ptr,James A. Himes,20260825T1602Z,backfill
20022431,house,2026-08-25,2023-02-17,ptr,Jeff Jackson,20260825T1602Z,backfill
20022795,house,2026-08-25,2023-05-12,ptr,Jonathan Jackson,20260825T1602Z,backfill
20023077,house,2026-08-25,2023-06-06,ptr,Jonathan Jackson,20260825T1602Z,backfill
20023262,house,2026-08-25,2023-07-07,ptr,Jonathan Jackson,20260825T1602Z,backfill
20023443,house,2026-08-25,2023-08-09,ptr,Jonathan Jackson,20260825T1602Z,backfill
20023636,house,2026-08-25,2023-09-11,ptr,Jonathan Jackson,20260825T1602Z,backfill
20023804,house,2026-08-25,2023-11-01,ptr,Jonathan Jackson,20260825T1602Z,backfill
20023965,house,2026-08-25,2023-11-16,ptr,Jonathan Jackson,20260825T1602Z,backfill
20024078,house,2026-08-25,2023-12-04,ptr,Jonathan Jackson,20260825T1602Z,backfill
20022265,house,2026-08-25,2023-01-20,ptr,Christopher L. Jacobs,20260825T1602Z,backfill
20022886,house,2026-08-25,2023-05-15,ptr,Marcy Kaptur,20260825T1602Z,backfill
20022373,house,2026-08-25,2023-02-11,ptr,Thomas H. Kean,20260825T1602Z,backfill
20022550,house,2026-08-25,2023-03-11,ptr,Thomas H. Kean,20260825T1602Z,backfill
20022704,house,2026-08-25,2023-04-13,ptr,Thomas H. Kean,20260825T1602Z,backfill
20023455,house,2026-08-25,2023-08-13,ptr,Thomas H. Kean,20260825T1602Z,backfill
20023671,house,2026-08-25,2023-09-15,ptr,Thomas H. Kean,20260825T1602Z,backfill
20023717,house,2026-08-25,2023-09-18,ptr,Thomas H. Kean,20260825T1602Z,backfill
20023986,house,2026-08-25,2023-11-17,ptr,Thomas H. Kean,20260825T1602Z,backfill
20022340,house,2026-08-25,2023-01-30,ptr,William R. Keating,20260825T1602Z,backfill
20022490,house,2026-08-25,2023-02-28,ptr,William R. Keating,20260825T1602Z,backfill
20023143,house,2026-08-25,2023-06-15,ptr,William R. Keating,20260825T1602Z,backfill
20023339,house,2026-08-25,2023-07-19,ptr,William R. Keating,20260825T1602Z,backfill
20023410,house,2026-08-25,2023-07-31,ptr,William R. Keating,20260825T1602Z,backfill
20023537,house,2026-08-25,2023-08-28,ptr,William R. Keating,20260825T1602Z,backfill
20023752,house,2026-08-25,2023-09-28,ptr,William R. Keating,20260825T1602Z,backfill
8219383,house,2026-08-25,2023-02-15,ptr,Mike Kelly,20260825T1602Z,backfill
8219420,house,2026-08-25,2023-03-06,ptr,Mike Kelly,20260825T1602Z,backfill
8219455,house,2026-08-25,2023-04-12,ptr,Mike Kelly,20260825T1602Z,backfill
8219843,house,2026-08-25,2023-07-18,ptr,Mike Kelly,20260825T1602Z,backfill
20023670,house,2026-08-25,2023-09-12,ptr,Mike Kelly,20260825T1602Z,backfill
20023829,house,2026-08-25,2023-10-11,ptr,Mike Kelly,20260825T1602Z,backfill
20023960,house,2026-08-25,2023-11-05,ptr,Mike Kelly,20260825T1602Z,backfill
20024120,house,2026-08-25,2023-12-10,ptr,Mike Kelly,20260825T1602Z,backfill
8219353,house,2026-08-25,2023-02-07,ptr,Rohit Khanna,20260825T1602Z,backfill
8219417,house,2026-08-25,2023-03-03,ptr,Rohit Khanna,20260825T1602Z,backfill
8219444,house,2026-08-25,2023-04-07,ptr,Rohit Khanna,20260825T1602Z,backfill
8219521,house,2026-08-25,2023-05-08,ptr,Rohit Khanna,20260825T1602Z,backfill
8219783,house,2026-08-25,2023-06-12,ptr,Rohit Khanna,20260825T1602Z,backfill
8219826,house,2026-08-25,2023-07-11,ptr,Rohit Khanna,20260825T1602Z,backfill
8219876,house,2026-08-25,2023-08-07,ptr,Rohit Khanna,20260825T1602Z,backfill
8219953,house,2026-08-25,2023-09-06,ptr,Rohit Khanna,20260825T1602Z,backfill
8219992,house,2026-08-25,2023-10-06,ptr,Rohit Khanna,20260825T1602Z,backfill
8220039,house,2026-08-25,2023-11-08,ptr,Rohit Khanna,20260825T1602Z,backfill
8220067,house,2026-08-25,2023-12-06,ptr,Rohit Khanna,20260825T1602Z,backfill
8220092,house,2026-08-25,2024-01-04,ptr,Rohit Khanna,20260825T1602Z,backfill
8219339,house,2026-08-25,2023-01-24,ptr,David Kustoff,20260825T1602Z,backfill
8219415,house,2026-08-25,2023-03-07,ptr,David Kustoff,20260825T1602Z,backfill
8220037,house,2026-08-25,2023-11-08,ptr,David Kustoff,20260825T1602Z,backfill
8220060,house,2026-08-25,2023-11-30,ptr,David Kustoff,20260825T1602Z,backfill
8219485,house,2026-08-25,2023-04-26,ptr,Doug Lamborn,20260825T1602Z,backfill
8219808,house,2026-08-25,2023-06-23,ptr,Doug Lamborn,20260825T1602Z,backfill
8219834,house,2026-08-25,2023-07-13,ptr,Doug Lamborn,20260825T1602Z,backfill
8219944,house,2026-08-25,2023-08-29,ptr,Doug Lamborn,20260825T1602Z,backfill
8220068,house,2026-08-25,2023-12-06,ptr,Doug Lamborn,20260825T1602Z,backfill
20022212,house,2026-08-25,2023-01-09,ptr,James R. Langevin,20260825T1602Z,backfill
20000807,house,2026-08-25,2023-05-26,ptr,Rick Larsen,20260825T1602Z,backfill
20023043,house,2026-08-25,2023-05-31,ptr,Rick Larsen,20260825T1602Z,backfill
20023204,house,2026-08-25,2023-06-24,ptr,Rick Larsen,20260825T1602Z,backfill
20023345,house,2026-08-25,2023-07-17,ptr,Rick Larsen,20260825T1602Z,backfill
20023834,house,2026-08-25,2023-10-11,ptr,Rick Larsen,20260825T1602Z,backfill
20023835,house,2026-08-25,2023-10-11,ptr,Rick Larsen,20260825T1602Z,backfill
20022370,house,2026-08-25,2023-02-05,ptr,Robert E. Latta,20260825T1602Z,backfill
20022811,house,2026-08-25,2023-04-30,ptr,Robert E. Latta,20260825T1602Z,backfill
20023057,house,2026-08-25,2023-06-02,ptr,Robert E. Latta,20260825T1602Z,backfill
20023449,house,2026-08-25,2023-08-05,ptr,Robert E. Latta,20260825T1602Z,backfill
20023887,house,2026-08-25,2023-10-21,ptr,Robert E. Latta,20260825T1602Z,backfill
8219742,house,2026-08-25,2023-06-01,ptr,Laurel Mrs Lee,20260825T1602Z,backfill
20022841,house,2026-08-25,2023-05-12,ptr,Susie Lee,20260825T1602Z,backfill
20023000,house,2026-08-25,2023-05-26,ptr,Susie Lee,20260825T1602Z,backfill
20023722,house,2026-08-25,2023-10-10,ptr,Susie Lee,20260825T1602Z,backfill
20022221,house,2026-08-25,2023-01-13,ptr,Debbie Lesko,20260825T1602Z,backfill
20022623,house,2026-08-25,2023-03-27,ptr,Debbie Lesko,20260825T1602Z,backfill
20022637,house,2026-08-25,2023-05-15,ptr,Zoe Lofgren,20260825T1602Z,backfill
20023083,house,2026-08-25,2023-06-06,ptr,Zoe Lofgren,20260825T1602Z,backfill
8220100,house,2026-08-25,2024-01-10,ptr,Blaine Luetkemeyer,20260825T1602Z,backfill
20020981,house,2026-08-25,2023-05-03,ptr,Stephen F. Lynch,20260825T1602Z,backfill
8219352,house,2026-08-25,2023-02-07,ptr,Nicole Malliotakis,20260825T1602Z,backfill
8219436,house,2026-08-25,2023-03-23,ptr,Nicole Malliotakis,20260825T1602Z,backfill
8219904,house,2026-08-25,2023-08-11,ptr,Nicole Malliotakis,20260825T1602Z,backfill
8219905,house,2026-08-25,2023-08-11,ptr,Nicole Malliotakis,20260825T1602Z,backfill
20022801,house,2026-08-25,2023-05-26,ptr,Tracey Robert Mann,20260825T1602Z,backfill
20022223,house,2026-08-25,2023-01-10,ptr,Kathy Manning,20260825T1602Z,backfill
20022709,house,2026-08-25,2023-04-11,ptr,Kathy Manning,20260825T1602Z,backfill
20022978,house,2026-08-25,2023-05-19,ptr,Kathy Manning,20260825T1602Z,backfill
20023313,house,2026-08-25,2023-08-02,ptr,Kathy Manning,20260825T1602Z,backfill
20023647,house,2026-08-25,2023-09-08,ptr,Kathy Manning,20260825T1602Z,backfill
20024098,house,2026-08-25,2023-12-06,ptr,Kathy Manning,20260825T1602Z,backfill
20022771,house,2026-08-25,2023-04-25,ptr,Doris O. Matsui,20260825T1602Z,backfill
20023060,house,2026-08-25,2023-06-07,ptr,Doris O. Matsui,20260825T1602Z,backfill
20023891,house,2026-08-25,2023-11-02,ptr,Doris O. Matsui,20260825T1602Z,backfill
20023987,house,2026-08-25,2023-11-20,ptr,Doris O. Matsui,20260825T1602Z,backfill
8219384,house,2026-08-25,2023-02-15,ptr,Michael T. McCaul,20260825T1602Z,backfill
8219432,house,2026-08-25,2023-03-14,ptr,Michael T. McCaul,20260825T1602Z,backfill
8219469,house,2026-08-25,2023-04-19,ptr,Michael T. McCaul,20260825T1602Z,backfill
8219522,house,2026-08-25,2023-05-12,ptr,Michael T. McCaul,20260825T1602Z,backfill
8219799,house,2026-08-25,2023-06-22,ptr,Michael T. McCaul,20260825T1602Z,backfill
8219845,house,2026-08-25,2023-07-19,ptr,Michael T. McCaul,20260825T1602Z,backfill
8219921,house,2026-08-25,2023-08-16,ptr,Michael T. McCaul,20260825T1602Z,backfill
8219971,house,2026-08-25,2023-09-14,ptr,Michael T. McCaul,20260825T1602Z,backfill
8220010,house,2026-08-25,2023-10-18,ptr,Michael T. McCaul,20260825T1602Z,backfill
8220046,house,2026-08-25,2023-11-13,ptr,Michael T. McCaul,20260825T1602Z,backfill
8220078,house,2026-08-25,2023-12-09,ptr,Michael T. McCaul,20260825T1602Z,backfill
8220106,house,2026-08-25,2024-01-12,ptr,Michael T. McCaul,20260825T1602Z,backfill
20022895,house,2026-08-25,2023-06-01,ptr,Jennifer McClellan,20260825T1602Z,backfill
20022526,house,2026-08-25,2023-03-23,ptr,Morgan McGarvey,20260825T1602Z,backfill
20022656,house,2026-08-25,2023-04-12,ptr,Morgan McGarvey,20260825T1602Z,backfill
20023739,house,2026-08-25,2023-09-26,ptr,Morgan McGarvey,20260825T1602Z,backfill
20023977,house,2026-08-25,2023-11-16,ptr,Morgan McGarvey,20260825T1602Z,backfill
20022636,house,2026-08-25,2023-03-30,ptr,Daniel Meuser,20260825T1602Z,backfill
20022791,house,2026-08-25,2023-04-25,ptr,Daniel Meuser,20260825T1602Z,backfill
20023070,house,2026-08-25,2023-06-03,ptr,Daniel Meuser,20260825T1602Z,backfill
20023212,house,2026-08-25,2023-06-26,ptr,Daniel Meuser,20260825T1602Z,backfill
20023678,house,2026-08-25,2023-09-14,ptr,Daniel Meuser,20260825T1602Z,backfill
20022751,house,2026-08-25,2023-04-17,ptr,Carol Devine Miller,20260825T1602Z,backfill
20023947,house,2026-08-25,2023-11-09,ptr,Carol Devine Miller,20260825T1602Z,backfill
20024109,house,2026-08-25,2023-12-07,ptr,Carol Devine Miller,20260825T1602Z,backfill
20022224,house,2026-08-25,2023-01-04,ptr,Carol Devine Miller,20260825T1602Z,backfill
8219356,house,2026-08-25,2023-02-03,ptr,Max Miller,20260825T1602Z,backfill
8219442,house,2026-08-25,2023-03-30,ptr,Max Miller,20260825T1602Z,backfill
8219743,house,2026-08-25,2023-05-31,ptr,Max Miller,20260825T1602Z,backfill
20023296,house,2026-08-25,2023-07-12,ptr,Max Miller,20260825T1602Z,backfill
20023822,house,2026-08-25,2023-10-08,ptr,Max Miller,20260825T1602Z,backfill
20023851,house,2026-08-25,2023-10-13,ptr,Max Miller,20260825T1602Z,backfill
20023911,house,2026-08-25,2023-10-30,ptr,Max Miller,20260825T1602Z,backfill
20024175,house,2026-08-25,2023-12-19,ptr,Max Miller,20260825T1602Z,backfill
20024189,house,2026-08-25,2023-12-21,ptr,Max Miller,20260825T1602Z,backfill
20023711,house,2026-08-25,2023-09-14,ptr,Felix Barry Moore,20260825T1602Z,backfill
20022533,house,2026-08-25,2023-03-10,ptr,Jared Moskowitz,20260825T1602Z,backfill
20022682,house,2026-08-25,2023-04-12,ptr,Jared Moskowitz,20260825T1602Z,backfill
20022887,house,2026-08-25,2023-05-12,ptr,Jared Moskowitz,20260825T1602Z,backfill
20023846,house,2026-08-25,2023-10-12,ptr,Jared Moskowitz,20260825T1602Z,backfill
20022261,house,2026-08-25,2023-01-27,ptr,Seth Moulton,20260825T1602Z,backfill
20022343,house,2026-08-25,2023-01-30,ptr,Seth Moulton,20260825T1602Z,backfill
20022451,house,2026-08-25,2023-02-17,ptr,Seth Moulton,20260825T1602Z,backfill
20022611,house,2026-08-25,2023-04-11,ptr,Seth Moulton,20260825T1602Z,backfill
20022724,house,2026-08-25,2023-04-12,ptr,Seth Moulton,20260825T1602Z,backfill
20023219,house,2026-08-25,2023-07-05,ptr,Seth Moulton,20260825T1602Z,backfill
20023528,house,2026-08-25,2023-08-26,ptr,Seth Moulton,20260825T1602Z,backfill
20023624,house,2026-08-25,2023-09-15,ptr,Seth Moulton,20260825T1602Z,backfill
20023020,house,2026-08-25,2023-05-26,ptr,Dan Newhouse,20260825T1602Z,backfill
20022858,house,2026-08-25,2023-05-04,ptr,Eleanor Holmes Norton,20260825T1602Z,backfill
20023290,house,2026-08-25,2023-07-11,ptr,Eleanor Holmes Norton,20260825T1602Z,backfill
20023893,house,2026-08-25,2023-10-24,ptr,Eleanor Holmes Norton,20260825T1602Z,backfill
20024205,house,2026-08-25,2023-12-28,ptr,Eleanor Holmes Norton,20260825T1602Z,backfill
20022320,house,2026-08-25,2023-01-25,ptr,Nancy Pelosi,20260825T1602Z,backfill
20022664,house,2026-08-25,2023-04-06,ptr,Nancy Pelosi,20260825T1602Z,backfill
20023080,house,2026-08-25,2023-06-06,ptr,Nancy Pelosi,20260825T1602Z,backfill
20023192,house,2026-08-25,2023-06-22,ptr,Nancy Pelosi,20260825T1602Z,backfill
20024186,house,2026-08-25,2023-12-21,ptr,Nancy Pelosi,20260825T1602Z,backfill
20022260,house,2026-08-25,2023-01-12,ptr,Nancy Pelosi,20260825T1602Z,backfill
20022409,house,2026-08-25,2023-02-13,ptr,Scott H. Peters,20260825T1602Z,backfill
20022633,house,2026-08-25,2023-03-28,ptr,Scott H. Peters,20260825T1602Z,backfill
20022690,house,2026-08-25,2023-04-13,ptr,Scott H. Peters,20260825T1602Z,backfill
20022900,house,2026-08-25,2023-05-10,ptr,Scott H. Peters,20260825T1602Z,backfill
20023111,house,2026-08-25,2023-06-13,ptr,Scott H. Peters,20260825T1602Z,backfill
20023277,house,2026-08-25,2023-07-14,ptr,Scott H. Peters,20260825T1602Z,backfill
20023499,house,2026-08-25,2023-08-12,ptr,Scott H. Peters,20260825T1602Z,backfill
20023664,house,2026-08-25,2023-09-14,ptr,Scott H. Peters,20260825T1602Z,backfill
20023824,house,2026-08-25,2023-10-13,ptr,Scott H. Peters,20260825T1602Z,backfill
20023998,house,2026-08-25,2023-11-15,ptr,Scott H. Peters,20260825T1602Z,backfill
20024130,house,2026-08-25,2023-12-14,ptr,Scott H. Peters,20260825T1602Z,backfill
20021327,house,2026-08-25,2023-11-08,ptr,Chellie Pingree,20260825T1602Z,backfill
20023504,house,2026-08-25,2023-08-11,ptr,Cathy McMorris Rodgers,20260825T1602Z,backfill
8219362,house,2026-08-25,2023-02-08,ptr,Harold Dallas Rogers,20260825T1602Z,backfill
8219422,house,2026-08-25,2023-03-09,ptr,Harold Dallas Rogers,20260825T1602Z,backfill
8219447,house,2026-08-25,2023-04-06,ptr,Harold Dallas Rogers,20260825T1602Z,backfill
8219525,house,2026-08-25,2023-05-11,ptr,Harold Dallas Rogers,20260825T1602Z,backfill
8219748,house,2026-08-25,2023-06-09,ptr,Harold Dallas Rogers,20260825T1602Z,backfill
8219854,house,2026-08-25,2023-07-19,ptr,Harold Dallas Rogers,20260825T1602Z,backfill
8219922,house,2026-08-25,2023-08-17,ptr,Harold Dallas Rogers,20260825T1602Z,backfill
8219972,house,2026-08-25,2023-09-20,ptr,Harold Dallas Rogers,20260825T1602Z,backfill
8220023,house,2026-08-25,2023-10-26,ptr,Harold Dallas Rogers,20260825T1602Z,backfill
8220051,house,2026-08-25,2023-11-17,ptr,Harold Dallas Rogers,20260825T1602Z,backfill
8220079,house,2026-08-25,2023-12-15,ptr,Harold Dallas Rogers,20260825T1602Z,backfill
20022421,house,2026-08-25,2023-02-13,ptr,Deborah Ross,20260825T1602Z,backfill
20022738,house,2026-08-25,2023-04-14,ptr,Deborah Ross,20260825T1602Z,backfill
20022808,house,2026-08-25,2023-05-14,ptr,Deborah Ross,20260825T1602Z,backfill
20023026,house,2026-08-25,2023-05-25,ptr,John Rutherford,20260825T1602Z,backfill
20023426,house,2026-08-25,2023-08-02,ptr,John Rutherford,20260825T1602Z,backfill
20022272,house,2026-08-25,2023-01-15,ptr,Maria Elvira Salazar,20260825T1602Z,backfill
20022414,house,2026-08-25,2023-02-15,ptr,Maria Elvira Salazar,20260825T1602Z,backfill
20022596,house,2026-08-25,2023-03-20,ptr,Maria Elvira Salazar,20260825T1602Z,backfill
20022756,house,2026-08-25,2023-04-25,ptr,Maria Elvira Salazar,20260825T1602Z,backfill
20023045,house,2026-08-25,2023-05-31,ptr,Maria Elvira Salazar,20260825T1602Z,backfill
20023146,house,2026-08-25,2023-06-13,ptr,Maria Elvira Salazar,20260825T1602Z,backfill
20023797,house,2026-08-25,2023-10-04,ptr,Maria Elvira Salazar,20260825T1602Z,backfill
20023976,house,2026-08-25,2023-11-08,ptr,Maria Elvira Salazar,20260825T1602Z,backfill
8219524,house,2026-08-25,2023-05-10,ptr,John P. Sarbanes,20260825T1602Z,backfill
20023019,house,2026-08-25,2023-06-05,ptr,Mary Gay Scanlon,20260825T1602Z,backfill
20022745,house,2026-08-25,2023-05-02,ptr,Bradley S. Schneider,20260825T1602Z,backfill
20023178,house,2026-08-25,2023-07-22,ptr,Bradley S. Schneider,20260825T1602Z,backfill
20022312,house,2026-08-25,2023-01-23,ptr,Austin Scott,20260825T1602Z,backfill
20022203,house,2026-08-25,2023-01-02,ptr,Pete Sessions,20260825T1602Z,backfill
20022292,house,2026-08-25,2023-01-17,ptr,Pete Sessions,20260825T1602Z,backfill
20023094,house,2026-08-25,2023-06-06,ptr,Pete Sessions,20260825T1602Z,backfill
20023198,house,2026-08-25,2023-06-23,ptr,Pete Sessions,20260825T1602Z,backfill
20023211,house,2026-08-25,2023-06-26,ptr,Pete Sessions,20260825T1602Z,backfill
20023319,house,2026-08-25,2023-07-15,ptr,Pete Sessions,20260825T1602Z,backfill
20023360,house,2026-08-25,2023-07-27,ptr,Pete Sessions,20260825T1602Z,backfill
20023399,house,2026-08-25,2023-08-17,ptr,Pete Sessions,20260825T1602Z,backfill
20023552,house,2026-08-25,2023-09-05,ptr,Pete Sessions,20260825T1602Z,backfill
20023683,house,2026-08-25,2023-09-23,ptr,Pete Sessions,20260825T1602Z,backfill
20023819,house,2026-08-25,2023-10-13,ptr,Pete Sessions,20260825T1602Z,backfill
20023922,house,2026-08-25,2023-11-07,ptr,Pete Sessions,20260825T1602Z,backfill
20023975,house,2026-08-25,2023-11-07,ptr,Pete Sessions,20260825T1602Z,backfill
20024047,house,2026-08-25,2023-12-26,ptr,Pete Sessions,20260825T1602Z,backfill
20024204,house,2026-08-25,2023-12-28,ptr,Pete Sessions,20260825T1602Z,backfill
20022508,house,2026-08-25,2023-03-03,ptr,Mikie Sherrill,20260825T1602Z,backfill
20021081,house,2026-08-25,2023-05-12,ptr,Michael K. Simpson,20260825T1602Z,backfill
20023004,house,2026-08-25,2023-05-23,ptr,Adrian Smith,20260825T1602Z,backfill
20023381,house,2026-08-25,2023-07-26,ptr,Adrian Smith,20260825T1602Z,backfill
20022505,house,2026-08-25,2023-03-03,ptr,Abigail Spanberger,20260825T1602Z,backfill
20022269,house,2026-08-25,2023-01-12,ptr,Victoria Spartz,20260825T1602Z,backfill
20022813,house,2026-08-25,2023-04-30,ptr,Victoria Spartz,20260825T1602Z,backfill
20022905,house,2026-08-25,2023-05-10,ptr,Victoria Spartz,20260825T1602Z,backfill
20022906,house,2026-08-25,2023-05-10,ptr,Victoria Spartz,20260825T1602Z,backfill
20023570,house,2026-08-25,2023-08-22,ptr,Victoria Spartz,20260825T1602Z,backfill
20023892,house,2026-08-25,2023-11-09,ptr,Greg Stanton,20260825T1602Z,backfill
20023994,house,2026-08-25,2023-11-13,ptr,Greg Stanton,20260825T1602Z,backfill
20022574,house,2026-08-25,2023-03-15,ptr,Greg Steube,20260825T1602Z,backfill
20023452,house,2026-08-25,2023-08-09,ptr,Greg Steube,20260825T1602Z,backfill
20022380,house,2026-08-25,2023-02-09,ptr,Shri Thanedar,20260825T1602Z,backfill
20021261,house,2026-08-25,2023-03-20,ptr,David Trone,20260825T1602Z,backfill
8219425,house,2026-08-25,2023-03-15,ptr,Ann Wagner,20260825T1602Z,backfill
8219470,house,2026-08-25,2023-04-21,ptr,Ann Wagner,20260825T1602Z,backfill
8219814,house,2026-08-25,2023-07-06,ptr,Ann Wagner,20260825T1602Z,backfill
8219959,house,2026-08-25,2023-09-08,ptr,Ann Wagner,20260825T1602Z,backfill
8220074,house,2026-08-25,2023-12-11,ptr,Ann Wagner,20260825T1602Z,backfill
20022454,house,2026-08-25,2023-02-20,ptr,Debbie Wasserman Schultz,20260825T1602Z,backfill
20023283,house,2026-08-25,2023-07-11,ptr,Debbie Wasserman Schultz,20260825T1602Z,backfill
20022227,house,2026-08-25,2023-01-05,ptr,Robert J. Wittman,20260825T1602Z,backfill
20022437,house,2026-08-25,2023-02-15,ptr,Robert J. Wittman,20260825T1602Z,backfill
20022513,house,2026-08-25,2023-03-05,ptr,Robert J. Wittman,20260825T1602Z,backfill
20022746,house,2026-08-25,2023-05-07,ptr,Robert J. Wittman,20260825T1602Z,backfill
20023110,house,2026-08-25,2023-06-09,ptr,Robert J. Wittman,20260825T1602Z,backfill
20023474,house,2026-08-25,2023-08-13,ptr,Robert J. Wittman,20260825T1602Z,backfill
20023757,house,2026-08-25,2023-09-30,ptr,Robert J. Wittman,20260825T1602Z,backfill
20023861,house,2026-08-25,2023-10-19,ptr,Robert J. Wittman,20260825T1602Z,backfill
20022362,house,2026-08-25,2023-02-03,ptr,Rudy Yakym,20260825T1602Z,backfill
20022969,house,2026-08-25,2023-05-15,ptr,Rudy Yakym,20260825T1602Z,backfill
20023174,house,2026-08-25,2023-06-16,ptr,Rudy Yakym,20260825T1602Z,backfill
20023267,house,2026-08-25,2023-07-09,ptr,Rudy Yakym,20260825T1602Z,backfill
20023494,house,2026-08-25,2023-08-10,ptr,Rudy Yakym,20260825T1602Z,backfill
20023658,house,2026-08-25,2023-09-11,ptr,Rudy Yakym,20260825T1602Z,backfill
20023843,house,2026-08-25,2023-10-12,ptr,Rudy Yakym,20260825T1602Z,backfill
20024203,house,2026-08-25,2023-12-27,ptr,Rudy Yakym,20260825T1602Z,backfill
20024277,house,2026-08-25,2024-01-11,ptr,Richard W. Allen,20260825T1602Z,backfill
20024458,house,2026-08-25,2024-02-16,ptr,Richard W. Allen,20260825T1602Z,backfill
20025031,house,2026-08-25,2024-05-14,ptr,Richard W. Allen,20260825T1602Z,backfill
20025287,house,2026-08-25,2024-06-21,ptr,Richard W. Allen,20260825T1602Z,backfill
20025411,house,2026-08-25,2024-07-10,ptr,Richard W. Allen,20260825T1602Z,backfill
20025601,house,2026-08-25,2024-08-08,ptr,Richard W. Allen,20260825T1602Z,backfill
20025875,house,2026-08-25,2024-09-20,ptr,Richard W. Allen,20260825T1602Z,backfill
20026031,house,2026-08-25,2024-10-18,ptr,Richard W. Allen,20260825T1602Z,backfill
20026191,house,2026-08-25,2024-11-14,ptr,Richard W. Allen,20260825T1602Z,backfill
20025708,house,2026-08-25,2024-08-21,ptr,Jake Auchincloss,20260825T1602Z,backfill
20026246,house,2026-08-25,2024-11-21,ptr,Jake Auchincloss,20260825T1602Z,backfill
20025626,house,2026-08-25,2024-08-12,ptr,James E Hon Banks,20260825T1602Z,backfill
20024750,house,2026-08-25,2024-03-27,ptr,Nanette Barragan,20260825T1602Z,backfill
20024923,house,2026-08-25,2024-04-25,ptr,Nanette Barragan,20260825T1602Z,backfill
20024492,house,2026-08-25,2024-02-13,ptr,Cliff Bentz,20260825T1602Z,backfill
20024769,house,2026-08-25,2024-03-31,ptr,Donald Sternoff Beyer,20260825T1602Z,backfill
20025133,house,2026-08-25,2024-06-06,ptr,Donald Sternoff Beyer,20260825T1602Z,backfill
20025776,house,2026-08-25,2024-09-04,ptr,Donald Sternoff Beyer,20260825T1602Z,backfill
20026134,house,2026-08-25,2024-11-03,ptr,Donald Sternoff Beyer,20260825T1602Z,backfill
20026353,house,2026-08-25,2024-12-07,ptr,Donald Sternoff Beyer,20260825T1602Z,backfill
20025620,house,2026-08-25,2024-08-10,ptr,Stephanie Bice,20260825T1602Z,backfill
20024254,house,2026-08-25,2024-01-04,ptr,Earl Blumenauer,20260825T1602Z,backfill
20024580,house,2026-08-25,2024-03-02,ptr,Earl Blumenauer,20260825T1602Z,backfill
20024671,house,2026-08-25,2024-03-12,ptr,Earl Blumenauer,20260825T1602Z,backfill
20024797,house,2026-08-25,2024-04-04,ptr,Earl Blumenauer,20260825T1602Z,backfill
20024984,house,2026-08-25,2024-05-04,ptr,Earl Blumenauer,20260825T1602Z,backfill
20025194,house,2026-08-25,2024-06-06,ptr,Earl Blumenauer,20260825T1602Z,backfill
20025219,house,2026-08-25,2024-06-06,ptr,Earl Blumenauer,20260825T1602Z,backfill
20025403,house,2026-08-25,2024-07-06,ptr,Earl Blumenauer,20260825T1602Z,backfill
20025603,house,2026-08-25,2024-08-06,ptr,Earl Blumenauer,20260825T1602Z,backfill
20025787,house,2026-08-25,2024-09-06,ptr,Earl Blumenauer,20260825T1602Z,backfill
20025970,house,2026-08-25,2024-10-08,ptr,Earl Blumenauer,20260825T1602Z,backfill
20026141,house,2026-08-25,2024-11-05,ptr,Earl Blumenauer,20260825T1602Z,backfill
20026347,house,2026-08-25,2024-12-07,ptr,Earl Blumenauer,20260825T1602Z,backfill
20024265,house,2026-08-25,2024-01-08,ptr,Michael C. Burgess,20260825T1602Z,backfill
20024330,house,2026-08-25,2024-01-22,ptr,Michael C. Burgess,20260825T1602Z,backfill
20024437,house,2026-08-25,2024-02-05,ptr,Michael C. Burgess,20260825T1602Z,backfill
20024627,house,2026-08-25,2024-03-07,ptr,Michael C. Burgess,20260825T1602Z,backfill
20024722,house,2026-08-25,2024-03-22,ptr,Michael C. Burgess,20260825T1602Z,backfill
20024838,house,2026-08-25,2024-04-10,ptr,Michael C. Burgess,20260825T1602Z,backfill
20024966,house,2026-08-25,2024-05-02,ptr,Michael C. Burgess,20260825T1602Z,backfill
20025548,house,2026-08-25,2024-07-31,ptr,Michael C. Burgess,20260825T1602Z,backfill
20025605,house,2026-08-25,2024-08-12,ptr,Michael C. Burgess,20260825T1602Z,backfill
20025791,house,2026-08-25,2024-09-24,ptr,Michael C. Burgess,20260825T1602Z,backfill
20025942,house,2026-08-25,2024-10-01,ptr,Michael C. Burgess,20260825T1602Z,backfill
20025257,house,2026-08-25,2024-06-12,ptr,Earl Leroy Carter,20260825T1602Z,backfill
20025349,house,2026-08-25,2024-06-28,ptr,Earl Leroy Carter,20260825T1602Z,backfill
20025499,house,2026-08-25,2024-07-24,ptr,Earl Leroy Carter,20260825T1602Z,backfill
20023805,house,2026-08-25,2024-01-16,ptr,Sean Casten,20260825T1602Z,backfill
20025384,house,2026-08-25,2024-08-09,ptr,Sean Casten,20260825T1602Z,backfill
20025700,house,2026-08-25,2024-08-27,ptr,Sean Casten,20260825T1602Z,backfill
20024754,house,2026-08-25,2024-03-28,ptr,Kathy Castor,20260825T1602Z,backfill
20025475,house,2026-08-25,2024-07-15,ptr,Kathy Castor,20260825T1602Z,backfill
20024347,house,2026-08-25,2024-01-21,ptr,Judy Chu,20260825T1602Z,backfill
20024435,house,2026-08-25,2024-02-12,ptr,Katherine M. Clark,20260825T1602Z,backfill
20024588,house,2026-08-25,2024-03-05,ptr,Katherine M. Clark,20260825T1602Z,backfill
20024795,house,2026-08-25,2024-04-04,ptr,Katherine M. Clark,20260825T1602Z,backfill
20024188,house,2026-08-25,2024-01-04,ptr,Steve Cohen,20260825T1602Z,backfill
20024540,house,2026-08-25,2024-02-28,ptr,Steve Cohen,20260825T1602Z,backfill
20024275,house,2026-08-25,2024-01-09,ptr,Michael A. Collins,20260825T1602Z,backfill
20025282,house,2026-08-25,2024-06-14,ptr,Michael A. Collins,20260825T1602Z,backfill
20025446,house,2026-08-25,2024-07-11,ptr,Michael A. Collins,20260825T1602Z,backfill
20025729,house,2026-08-25,2024-08-25,ptr,Michael A. Collins,20260825T1602Z,backfill
20026127,house,2026-08-25,2024-11-07,ptr,Michael A. Collins,20260825T1602Z,backfill
20026303,house,2026-08-25,2024-12-02,ptr,Michael A. Collins,20260825T1602Z,backfill
20024728,house,2026-08-25,2024-03-22,ptr,Gerald E. Connolly,20260825T1602Z,backfill
20025404,house,2026-08-25,2024-07-05,ptr,Gerald E. Connolly,20260825T1602Z,backfill
20026009,house,2026-08-25,2024-10-11,ptr,Gerald E. Connolly,20260825T1602Z,backfill
20024317,house,2026-08-25,2024-01-22,ptr,Suzan K. DelBene,20260825T1602Z,backfill
20024425,house,2026-08-25,2024-02-05,ptr,Suzan K. DelBene,20260825T1602Z,backfill
20024495,house,2026-08-25,2024-02-21,ptr,Suzan K. DelBene,20260825T1602Z,backfill
20024581,house,2026-08-25,2024-03-08,ptr,Suzan K. DelBene,20260825T1602Z,backfill
20025178,house,2026-08-25,2024-06-10,ptr,Suzan K. DelBene,20260825T1602Z,backfill
20025312,house,2026-08-25,2024-06-20,ptr,Suzan K. DelBene,20260825T1602Z,backfill
20025379,house,2026-08-25,2024-07-11,ptr,Suzan K. DelBene,20260825T1602Z,backfill
20025568,house,2026-08-25,2024-08-06,ptr,Suzan K. DelBene,20260825T1602Z,backfill
20025705,house,2026-08-25,2024-08-23,ptr,Suzan K. DelBene,20260825T1602Z,backfill
20025768,house,2026-08-25,2024-09-09,ptr,Suzan K. DelBene,20260825T1602Z,backfill
20025940,house,2026-08-25,2024-10-04,ptr,Suzan K. DelBene,20260825T1602Z,backfill
20026123,house,2026-08-25,2024-11-07,ptr,Suzan K. DelBene,20260825T1602Z,backfill
20026238,house,2026-08-25,2024-11-21,ptr,Suzan K. DelBene,20260825T1602Z,backfill
20026423,house,2026-08-25,2024-12-23,ptr,Suzan K. DelBene,20260825T1602Z,backfill
20024270,house,2026-08-25,2024-02-15,ptr,Debbie Dingell,20260825T1602Z,backfill
20025056,house,2026-08-25,2024-05-16,ptr,Debbie Dingell,20260825T1602Z,backfill
20025306,house,2026-08-25,2024-06-24,ptr,Debbie Dingell,20260825T1602Z,backfill
20026160,house,2026-08-25,2024-11-09,ptr,Debbie Dingell,20260825T1602Z,backfill
20024268,house,2026-08-25,2024-01-08,ptr,Lloyd Doggett,20260825T1602Z,backfill
20024611,house,2026-08-25,2024-03-05,ptr,Lloyd Doggett,20260825T1602Z,backfill
20024839,house,2026-08-25,2024-04-09,ptr,Lloyd Doggett,20260825T1602Z,backfill
20024997,house,2026-08-25,2024-05-06,ptr,Lloyd Doggett,20260825T1602Z,backfill
20025202,house,2026-08-25,2024-06-05,ptr,Lloyd Doggett,20260825T1602Z,backfill
20025397,house,2026-08-25,2024-07-03,ptr,Lloyd Doggett,20260825T1602Z,backfill
20025592,house,2026-08-25,2024-08-05,ptr,Lloyd Doggett,20260825T1602Z,backfill
20025822,house,2026-08-25,2024-09-09,ptr,Lloyd Doggett,20260825T1602Z,backfill
20026002,house,2026-08-25,2024-10-10,ptr,Lloyd Doggett,20260825T1602Z,backfill
20026151,house,2026-08-25,2024-11-05,ptr,Lloyd Doggett,20260825T1602Z,backfill
20026322,house,2026-08-25,2024-12-04,ptr,Lloyd Doggett,20260825T1602Z,backfill
20026099,house,2026-08-25,2024-11-07,ptr,Byron Donalds,20260825T1602Z,backfill
8220682,house,2026-08-25,2024-11-08,ptr,Byron Donalds,20260825T1602Z,backfill
8221334,house,2026-08-25,2026-02-19,ptr,Byron Donalds,20260825T1602Z,backfill
20000788,house,2026-08-25,2024-05-23,ptr,Jeff Duncan,20260825T1602Z,backfill
20025104,house,2026-08-25,2024-05-22,ptr,"Neal Patrick Dunn, MD, FACS",20260825T1602Z,backfill
20026140,house,2026-08-25,2024-11-07,ptr,"Neal Patrick Dunn, MD, FACS",20260825T1602Z,backfill
20026250,house,2026-08-25,2024-12-16,ptr,"Neal Patrick Dunn, MD, FACS",20260825T1602Z,backfill
20024324,house,2026-08-25,2024-01-17,ptr,Dwight Evans,20260825T1602Z,backfill
8220147,house,2026-08-25,2024-02-09,ptr,"Charles J. ""Chuck"" Fleischmann",20260825T1602Z,backfill
8220317,house,2026-08-25,2024-05-15,ptr,"Charles J. ""Chuck"" Fleischmann",20260825T1602Z,backfill
8220617,house,2026-08-25,2024-08-16,ptr,"Charles J. ""Chuck"" Fleischmann",20260825T1602Z,backfill
8220683,house,2026-08-25,2024-11-12,ptr,"Charles J. ""Chuck"" Fleischmann",20260825T1602Z,backfill
20024230,house,2026-08-25,2024-01-04,ptr,Virginia Foxx,20260825T1602Z,backfill
20024424,house,2026-08-25,2024-02-05,ptr,Virginia Foxx,20260825T1602Z,backfill
20024596,house,2026-08-25,2024-03-07,ptr,Virginia Foxx,20260825T1602Z,backfill
20024825,house,2026-08-25,2024-04-10,ptr,Virginia Foxx,20260825T1602Z,backfill
20024996,house,2026-08-25,2024-05-06,ptr,Virginia Foxx,20260825T1602Z,backfill
20025200,house,2026-08-25,2024-06-06,ptr,Virginia Foxx,20260825T1602Z,backfill
20025588,house,2026-08-25,2024-08-06,ptr,Virginia Foxx,20260825T1602Z,backfill
20025771,house,2026-08-25,2024-09-04,ptr,Virginia Foxx,20260825T1602Z,backfill
20026032,house,2026-08-25,2024-10-21,ptr,Virginia Foxx,20260825T1602Z,backfill
20026124,house,2026-08-25,2024-11-12,ptr,Virginia Foxx,20260825T1602Z,backfill
20026376,house,2026-08-25,2024-12-11,ptr,Virginia Foxx,20260825T1602Z,backfill
20025035,house,2026-08-25,2024-05-14,ptr,Lois Frankel,20260825T1602Z,backfill
20024916,house,2026-08-25,2024-04-23,ptr,C. Scott Franklin,20260825T1602Z,backfill
20025170,house,2026-08-25,2024-06-02,ptr,C. Scott Franklin,20260825T1602Z,backfill
20025711,house,2026-08-25,2024-08-20,ptr,C. Scott Franklin,20260825T1602Z,backfill
20026020,house,2026-08-25,2024-10-15,ptr,C. Scott Franklin,20260825T1602Z,backfill
20025670,house,2026-08-25,2024-08-13,ptr,Ruben Gallego,20260825T1602Z,backfill
20024673,house,2026-08-25,2024-03-12,ptr,Michael Garcia,20260825T1602Z,backfill
20025632,house,2026-08-25,2024-08-09,ptr,Michael Garcia,20260825T1602Z,backfill
20025806,house,2026-08-25,2024-09-06,ptr,Lance Gooden,20260825T1602Z,backfill
20026382,house,2026-08-25,2024-12-12,ptr,Lance Gooden,20260825T1602Z,backfill
20024248,house,2026-08-25,2024-01-07,ptr,Josh Gottheimer,20260825T1602Z,backfill
20024461,house,2026-08-25,2024-02-15,ptr,Josh Gottheimer,20260825T1602Z,backfill
20024612,house,2026-08-25,2024-03-07,ptr,Josh Gottheimer,20260825T1602Z,backfill
20024801,house,2026-08-25,2024-04-07,ptr,Josh Gottheimer,20260825T1602Z,backfill
20025020,house,2026-08-25,2024-05-15,ptr,Josh Gottheimer,20260825T1602Z,backfill
20025207,house,2026-08-25,2024-06-08,ptr,Josh Gottheimer,20260825T1602Z,backfill
20025419,house,2026-08-25,2024-07-09,ptr,Josh Gottheimer,20260825T1602Z,backfill
20025678,house,2026-08-25,2024-08-15,ptr,Josh Gottheimer,20260825T1602Z,backfill
20025804,house,2026-08-25,2024-09-11,ptr,Josh Gottheimer,20260825T1602Z,backfill
20025953,house,2026-08-25,2024-10-03,ptr,Josh Gottheimer,20260825T1602Z,backfill
20026154,house,2026-08-25,2024-11-06,ptr,Josh Gottheimer,20260825T1602Z,backfill
20026314,house,2026-08-25,2024-12-05,ptr,Josh Gottheimer,20260825T1602Z,backfill
20024517,house,2026-08-25,2024-02-15,ptr,Garret Graves,20260825T1602Z,backfill
20024062,house,2026-08-25,2024-01-17,ptr,Mark Dr Green,20260825T1602Z,backfill
20024413,house,2026-08-25,2024-02-01,ptr,Mark Dr Green,20260825T1602Z,backfill
20024572,house,2026-08-25,2024-02-29,ptr,Mark Dr Green,20260825T1602Z,backfill
20024677,house,2026-08-25,2024-03-13,ptr,Mark Dr Green,20260825T1602Z,backfill
20024800,house,2026-08-25,2024-04-07,ptr,Mark Dr Green,20260825T1602Z,backfill
20024954,house,2026-08-25,2024-05-07,ptr,Mark Dr Green,20260825T1602Z,backfill
20025064,house,2026-08-25,2024-05-14,ptr,Mark Dr Green,20260825T1602Z,backfill
20025255,house,2026-08-25,2024-06-12,ptr,Mark Dr Green,20260825T1602Z,backfill
20025429,house,2026-08-25,2024-07-09,ptr,Mark Dr Green,20260825T1602Z,backfill
20025614,house,2026-08-25,2024-08-11,ptr,Mark Dr Green,20260825T1602Z,backfill
20025797,house,2026-08-25,2024-09-11,ptr,Mark Dr Green,20260825T1602Z,backfill
20025948,house,2026-08-25,2024-10-04,ptr,Mark Dr Green,20260825T1602Z,backfill
20026092,house,2026-08-25,2024-10-29,ptr,Mark Dr Green,20260825T1602Z,backfill
20026418,house,2026-08-25,2024-12-17,ptr,Mark Dr Green,20260825T1602Z,backfill
20024924,house,2026-08-25,2024-05-01,ptr,Marjorie Taylor Mrs Greene,20260825T1602Z,backfill
20025021,house,2026-08-25,2024-05-09,ptr,Marjorie Taylor Mrs Greene,20260825T1602Z,backfill
20025108,house,2026-08-25,2024-05-21,ptr,Marjorie Taylor Mrs Greene,20260825T1602Z,backfill
20025337,house,2026-08-25,2024-06-27,ptr,Marjorie Taylor Mrs Greene,20260825T1602Z,backfill
20025518,house,2026-08-25,2024-07-24,ptr,Marjorie Taylor Mrs Greene,20260825T1602Z,backfill
20025572,house,2026-08-25,2024-08-02,ptr,Marjorie Taylor Mrs Greene,20260825T1602Z,backfill
20025675,house,2026-08-25,2024-08-14,ptr,Marjorie Taylor Mrs Greene,20260825T1602Z,backfill
20025722,house,2026-08-25,2024-08-22,ptr,Marjorie Taylor Mrs Greene,20260825T1602Z,backfill
20025777,house,2026-08-25,2024-09-04,ptr,Marjorie Taylor Mrs Greene,20260825T1602Z,backfill
20025821,house,2026-08-25,2024-09-09,ptr,Marjorie Taylor Mrs Greene,20260825T1602Z,backfill
20025889,house,2026-08-25,2024-09-23,ptr,Marjorie Taylor Mrs Greene,20260825T1602Z,backfill
20025986,house,2026-08-25,2024-10-08,ptr,Marjorie Taylor Mrs Greene,20260825T1602Z,backfill
20025998,house,2026-08-25,2024-10-10,ptr,Marjorie Taylor Mrs Greene,20260825T1602Z,backfill
20026059,house,2026-08-25,2024-10-22,ptr,Marjorie Taylor Mrs Greene,20260825T1602Z,backfill
20026149,house,2026-08-25,2024-11-04,ptr,Marjorie Taylor Mrs Greene,20260825T1602Z,backfill
20026174,house,2026-08-25,2024-11-08,ptr,Marjorie Taylor Mrs Greene,20260825T1602Z,backfill
20026257,house,2026-08-25,2024-11-21,ptr,Marjorie Taylor Mrs Greene,20260825T1602Z,backfill
20026281,house,2026-08-25,2024-11-27,ptr,Marjorie Taylor Mrs Greene,20260825T1602Z,backfill
20026428,house,2026-08-25,2024-12-17,ptr,Marjorie Taylor Mrs Greene,20260825T1602Z,backfill
20026473,house,2026-08-25,2024-12-27,ptr,Marjorie Taylor Mrs Greene,20260825T1602Z,backfill
20025026,house,2026-08-25,2024-05-14,ptr,Glenn S. Grothman,20260825T1602Z,backfill
20024622,house,2026-08-25,2024-03-12,ptr,Michael Patrick Guest,20260825T1602Z,backfill
20026412,house,2026-08-25,2024-12-20,ptr,Michael Patrick Guest,20260825T1602Z,backfill
20024305,house,2026-08-25,2024-01-13,ptr,Kevin Hern,20260825T1602Z,backfill
20024481,house,2026-08-25,2024-02-11,ptr,Kevin Hern,20260825T1602Z,backfill
20024669,house,2026-08-25,2024-03-12,ptr,Kevin Hern,20260825T1602Z,backfill
20024869,house,2026-08-25,2024-04-12,ptr,Kevin Hern,20260825T1602Z,backfill
20025040,house,2026-08-25,2024-05-12,ptr,Kevin Hern,20260825T1602Z,backfill
20025232,house,2026-08-25,2024-06-07,ptr,Kevin Hern,20260825T1602Z,backfill
20025473,house,2026-08-25,2024-07-15,ptr,Kevin Hern,20260825T1602Z,backfill
20025634,house,2026-08-25,2024-08-10,ptr,Kevin Hern,20260825T1602Z,backfill
20026033,house,2026-08-25,2024-10-16,ptr,Kevin Hern,20260825T1602Z,backfill
20026222,house,2026-08-25,2024-11-15,ptr,Kevin Hern,20260825T1602Z,backfill
20026415,house,2026-08-25,2024-12-16,ptr,Kevin Hern,20260825T1602Z,backfill
20024215,house,2026-08-25,2024-01-10,ptr,James French Hill,20260825T1602Z,backfill
20025909,house,2026-08-25,2024-09-25,ptr,Darrell E. Issa,20260825T1602Z,backfill
20025913,house,2026-08-25,2024-09-26,ptr,Darrell E. Issa,20260825T1602Z,backfill
20024253,house,2026-08-25,2024-01-12,ptr,Jonathan Jackson,20260825T1602Z,backfill
20024450,house,2026-08-25,2024-02-15,ptr,Jonathan Jackson,20260825T1602Z,backfill
20024606,house,2026-08-25,2024-03-19,ptr,Jonathan Jackson,20260825T1602Z,backfill
20024811,house,2026-08-25,2024-04-24,ptr,Jonathan Jackson,20260825T1602Z,backfill
20025000,house,2026-08-25,2024-05-07,ptr,Jonathan Jackson,20260825T1602Z,backfill
20025635,house,2026-08-25,2024-08-12,ptr,Jonathan Jackson,20260825T1602Z,backfill
20025792,house,2026-08-25,2024-09-20,ptr,Jonathan Jackson,20260825T1602Z,backfill
20025938,house,2026-08-25,2024-10-11,ptr,Jonathan Jackson,20260825T1602Z,backfill
20026125,house,2026-08-25,2024-11-29,ptr,Jonathan Jackson,20260825T1602Z,backfill
20026313,house,2026-08-25,2024-12-12,ptr,Jonathan Jackson,20260825T1602Z,backfill
20025719,house,2026-08-25,2024-09-02,ptr,John James,20260825T1602Z,backfill
20025799,house,2026-08-25,2024-09-06,ptr,John James,20260825T1602Z,backfill
20021523,house,2026-08-25,2024-08-06,ptr,David P. Joyce,20260825T1602Z,backfill
20026440,house,2026-08-25,2024-12-18,ptr,David P. Joyce,20260825T1602Z,backfill
20024309,house,2026-08-25,2024-01-26,ptr,Thomas H. Kean,20260825T1602Z,backfill
20024509,house,2026-08-25,2024-02-20,ptr,Thomas H. Kean,20260825T1602Z,backfill
20024685,house,2026-08-25,2024-03-18,ptr,Thomas H. Kean,20260825T1602Z,backfill
20025059,house,2026-08-25,2024-05-30,ptr,Thomas H. Kean,20260825T1602Z,backfill
20025291,house,2026-08-25,2024-06-18,ptr,Thomas H. Kean,20260825T1602Z,backfill
20025478,house,2026-08-25,2024-07-20,ptr,Thomas H. Kean,20260825T1602Z,backfill
20025671,house,2026-08-25,2024-08-13,ptr,Thomas H. Kean,20260825T1602Z,backfill
20025681,house,2026-08-25,2024-08-19,ptr,Thomas H. Kean,20260825T1602Z,backfill
20025886,house,2026-08-25,2024-09-20,ptr,Thomas H. Kean,20260825T1602Z,backfill
20026021,house,2026-08-25,2024-10-15,ptr,Thomas H. Kean,20260825T1602Z,backfill
20026408,house,2026-08-25,2024-12-16,ptr,Thomas H. Kean,20260825T1602Z,backfill
20023767,house,2026-08-25,2024-01-16,ptr,William R. Keating,20260825T1602Z,backfill
20024445,house,2026-08-25,2024-02-05,ptr,William R. Keating,20260825T1602Z,backfill
20024668,house,2026-08-25,2024-03-12,ptr,William R. Keating,20260825T1602Z,backfill
20024852,house,2026-08-25,2024-05-02,ptr,William R. Keating,20260825T1602Z,backfill
20025119,house,2026-08-25,2024-05-22,ptr,William R. Keating,20260825T1602Z,backfill
20025226,house,2026-08-25,2024-06-21,ptr,William R. Keating,20260825T1602Z,backfill
20025891,house,2026-08-25,2024-09-24,ptr,William R. Keating,20260825T1602Z,backfill
20026091,house,2026-08-25,2024-11-06,ptr,William R. Keating,20260825T1602Z,backfill
20024300,house,2026-08-25,2024-01-12,ptr,Mike Kelly,20260825T1602Z,backfill
20024494,house,2026-08-25,2024-02-13,ptr,Mike Kelly,20260825T1602Z,backfill
20024654,house,2026-08-25,2024-03-11,ptr,Mike Kelly,20260825T1602Z,backfill
20025280,house,2026-08-25,2024-06-14,ptr,Mike Kelly,20260825T1602Z,backfill
20025281,house,2026-08-25,2024-07-03,ptr,Mike Kelly,20260825T1602Z,backfill
20025660,house,2026-08-25,2024-08-13,ptr,Mike Kelly,20260825T1602Z,backfill
20025661,house,2026-08-25,2024-08-13,ptr,Mike Kelly,20260825T1602Z,backfill
20025773,house,2026-08-25,2024-09-03,ptr,Mike Kelly,20260825T1602Z,backfill
20026023,house,2026-08-25,2024-10-15,ptr,Mike Kelly,20260825T1602Z,backfill
20026212,house,2026-08-25,2024-11-13,ptr,Mike Kelly,20260825T1602Z,backfill
20026380,house,2026-08-25,2024-12-12,ptr,Mike Kelly,20260825T1602Z,backfill
8220127,house,2026-08-25,2024-02-05,ptr,Rohit Khanna,20260825T1602Z,backfill
8220173,house,2026-08-25,2024-03-06,ptr,Rohit Khanna,20260825T1602Z,backfill
8220192,house,2026-08-25,2024-04-05,ptr,Rohit Khanna,20260825T1602Z,backfill
8220252,house,2026-08-25,2024-05-06,ptr,Rohit Khanna,20260825T1602Z,backfill
8220451,house,2026-08-25,2024-06-05,ptr,Rohit Khanna,20260825T1602Z,backfill
8220534,house,2026-08-25,2024-07-08,ptr,Rohit Khanna,20260825T1602Z,backfill
8220570,house,2026-08-25,2024-08-07,ptr,Rohit Khanna,20260825T1602Z,backfill
8220626,house,2026-08-25,2024-09-06,ptr,Rohit Khanna,20260825T1602Z,backfill
8220660,house,2026-08-25,2024-10-04,ptr,Rohit Khanna,20260825T1602Z,backfill
8220674,house,2026-08-25,2024-11-08,ptr,Rohit Khanna,20260825T1602Z,backfill
8220691,house,2026-08-25,2024-12-05,ptr,Rohit Khanna,20260825T1602Z,backfill
8220711,house,2026-08-25,2025-01-08,ptr,Rohit Khanna,20260825T1602Z,backfill
20025916,house,2026-08-25,2024-09-27,ptr,Darin McKay LaHood,20260825T1602Z,backfill
8220177,house,2026-08-25,2024-03-13,ptr,Doug Lamborn,20260825T1602Z,backfill
8220205,house,2026-08-25,2024-04-12,ptr,Doug Lamborn,20260825T1602Z,backfill
8220312,house,2026-08-25,2024-05-15,ptr,Doug Lamborn,20260825T1602Z,backfill
8220431,house,2026-08-25,2024-06-03,ptr,Doug Lamborn,20260825T1602Z,backfill
8220589,house,2026-08-25,2024-08-12,ptr,Doug Lamborn,20260825T1602Z,backfill
8220665,house,2026-08-25,2024-10-23,ptr,Doug Lamborn,20260825T1602Z,backfill
8220692,house,2026-08-25,2024-12-05,ptr,Doug Lamborn,20260825T1602Z,backfill
20025622,house,2026-08-25,2024-08-14,ptr,Greg Landsman,20260825T1602Z,backfill
20025834,house,2026-08-25,2024-09-23,ptr,Greg Landsman,20260825T1602Z,backfill
20025946,house,2026-08-25,2024-10-14,ptr,Greg Landsman,20260825T1602Z,backfill
20026101,house,2026-08-25,2024-11-14,ptr,Greg Landsman,20260825T1602Z,backfill
20026361,house,2026-08-25,2024-12-12,ptr,Greg Landsman,20260825T1602Z,backfill
20024339,house,2026-08-25,2024-01-19,ptr,Rick Larsen,20260825T1602Z,backfill
20024842,house,2026-08-25,2024-04-10,ptr,Rick Larsen,20260825T1602Z,backfill
20025486,house,2026-08-25,2024-07-17,ptr,Rick Larsen,20260825T1602Z,backfill
20024505,house,2026-08-25,2024-02-14,ptr,Robert E. Latta,20260825T1602Z,backfill
20024901,house,2026-08-25,2024-04-20,ptr,Robert E. Latta,20260825T1602Z,backfill
20025238,house,2026-08-25,2024-06-09,ptr,Robert E. Latta,20260825T1602Z,backfill
20025507,house,2026-08-25,2024-07-21,ptr,Robert E. Latta,20260825T1602Z,backfill
20026165,house,2026-08-25,2024-11-07,ptr,Robert E. Latta,20260825T1602Z,backfill
20025714,house,2026-08-25,2024-09-14,ptr,Laurel Lee,20260825T1602Z,backfill
20026063,house,2026-08-25,2024-11-21,ptr,Laurel Lee,20260825T1602Z,backfill
20024249,house,2026-08-25,2024-01-04,ptr,Laurel Mrs Lee,20260825T1602Z,backfill
20025116,house,2026-08-25,2024-05-25,ptr,Laurel Mrs Lee,20260825T1602Z,backfill
20025546,house,2026-08-25,2024-08-05,ptr,Laurel Mrs Lee,20260825T1602Z,backfill
20025096,house,2026-08-25,2024-05-24,ptr,Susie Lee,20260825T1602Z,backfill
20025025,house,2026-08-25,2024-05-09,ptr,Stephen F. Lynch,20260825T1602Z,backfill
20025123,house,2026-08-25,2024-05-23,ptr,Stephen F. Lynch,20260825T1602Z,backfill
20025563,house,2026-08-25,2024-08-07,ptr,Stephen F. Lynch,20260825T1602Z,backfill
20025372,house,2026-08-25,2024-07-02,ptr,Seth Magaziner,20260825T1602Z,backfill
8220119,house,2026-08-25,2024-01-30,ptr,Nicole Malliotakis,20260825T1602Z,backfill
8220508,house,2026-08-25,2024-06-14,ptr,Nicole Malliotakis,20260825T1602Z,backfill
8220710,house,2026-08-25,2025-01-07,ptr,Nicole Malliotakis,20260825T1602Z,backfill
20024810,house,2026-08-25,2024-04-05,ptr,Tracey Robert Mann,20260825T1602Z,backfill
20024231,house,2026-08-25,2024-01-12,ptr,Kathy Manning,20260825T1602Z,backfill
20024436,house,2026-08-25,2024-02-06,ptr,Kathy Manning,20260825T1602Z,backfill
20024604,house,2026-08-25,2024-03-04,ptr,Kathy Manning,20260825T1602Z,backfill
20024982,house,2026-08-25,2024-05-03,ptr,Kathy Manning,20260825T1602Z,backfill
20025112,house,2026-08-25,2024-05-22,ptr,Kathy Manning,20260825T1602Z,backfill
20025373,house,2026-08-25,2024-07-06,ptr,Kathy Manning,20260825T1602Z,backfill
20025679,house,2026-08-25,2024-08-16,ptr,Kathy Manning,20260825T1602Z,backfill
20025770,house,2026-08-25,2024-09-04,ptr,Kathy Manning,20260825T1602Z,backfill
20025959,house,2026-08-25,2024-10-05,ptr,Kathy Manning,20260825T1602Z,backfill
20026143,house,2026-08-25,2024-11-05,ptr,Kathy Manning,20260825T1602Z,backfill
20024743,house,2026-08-25,2024-03-26,ptr,Brian Mast,20260825T1602Z,backfill
20024369,house,2026-08-25,2024-01-26,ptr,Doris O. Matsui,20260825T1602Z,backfill
20025111,house,2026-08-25,2024-05-23,ptr,Doris O. Matsui,20260825T1602Z,backfill
20025152,house,2026-08-25,2024-06-04,ptr,Doris O. Matsui,20260825T1602Z,backfill
20025820,house,2026-08-25,2024-09-09,ptr,Doris O. Matsui,20260825T1602Z,backfill
8220162,house,2026-08-25,2024-02-13,ptr,Michael T. McCaul,20260825T1602Z,backfill
8220188,house,2026-08-25,2024-03-15,ptr,Michael T. McCaul,20260825T1602Z,backfill
8220214,house,2026-08-25,2024-04-16,ptr,Michael T. McCaul,20260825T1602Z,backfill
8220320,house,2026-08-25,2024-05-11,ptr,Michael T. McCaul,20260825T1602Z,backfill
8220516,house,2026-08-25,2024-06-13,ptr,Michael T. McCaul,20260825T1602Z,backfill
8220551,house,2026-08-25,2024-07-22,ptr,Michael T. McCaul,20260825T1602Z,backfill
8220615,house,2026-08-25,2024-08-15,ptr,Michael T. McCaul,20260825T1602Z,backfill
8220643,house,2026-08-25,2024-09-16,ptr,Michael T. McCaul,20260825T1602Z,backfill
8220661,house,2026-08-25,2024-10-10,ptr,Michael T. McCaul,20260825T1602Z,backfill
8220685,house,2026-08-25,2024-11-12,ptr,Michael T. McCaul,20260825T1602Z,backfill
8220706,house,2026-08-25,2024-12-16,ptr,Michael T. McCaul,20260825T1602Z,backfill
8220723,house,2026-08-25,2025-01-15,ptr,Michael T. McCaul,20260825T1602Z,backfill
20025388,house,2026-08-25,2024-07-03,ptr,Morgan McGarvey,20260825T1602Z,backfill
20025765,house,2026-08-25,2024-09-03,ptr,Morgan McGarvey,20260825T1602Z,backfill
20025892,house,2026-08-25,2024-09-25,ptr,Morgan McGarvey,20260825T1602Z,backfill
20026207,house,2026-08-25,2024-11-13,ptr,Morgan McGarvey,20260825T1602Z,backfill
20026360,house,2026-08-25,2024-12-10,ptr,Morgan McGarvey,20260825T1602Z,backfill
20024710,house,2026-08-25,2024-03-21,ptr,Daniel Meuser,20260825T1602Z,backfill
20025061,house,2026-08-25,2024-05-13,ptr,Daniel Meuser,20260825T1602Z,backfill
20025438,house,2026-08-25,2024-08-03,ptr,Daniel Meuser,20260825T1602Z,backfill
20025203,house,2026-08-25,2024-06-05,ptr,Carol Devine Miller,20260825T1602Z,backfill
20025855,house,2026-08-25,2024-09-13,ptr,Carol Devine Miller,20260825T1602Z,backfill
20024380,house,2026-08-25,2024-01-26,ptr,Max Miller,20260825T1602Z,backfill
20024472,house,2026-08-25,2024-02-09,ptr,Max Miller,20260825T1602Z,backfill
20024519,house,2026-08-25,2024-02-16,ptr,Max Miller,20260825T1602Z,backfill
20024705,house,2026-08-25,2024-03-18,ptr,Max Miller,20260825T1602Z,backfill
20024772,house,2026-08-25,2024-04-01,ptr,Max Miller,20260825T1602Z,backfill
20025328,house,2026-08-25,2024-06-24,ptr,Max Miller,20260825T1602Z,backfill
20025345,house,2026-08-25,2024-06-28,ptr,Max Miller,20260825T1602Z,backfill
20025740,house,2026-08-25,2024-08-28,ptr,Max Miller,20260825T1602Z,backfill
20025831,house,2026-08-25,2024-09-10,ptr,Max Miller,20260825T1602Z,backfill
20026090,house,2026-08-25,2024-10-28,ptr,Max Miller,20260825T1602Z,backfill
20026097,house,2026-08-25,2024-10-28,ptr,Max Miller,20260825T1602Z,backfill
20026231,house,2026-08-25,2024-11-15,ptr,Max Miller,20260825T1602Z,backfill
20026340,house,2026-08-25,2024-12-05,ptr,Max Miller,20260825T1602Z,backfill
20026480,house,2026-08-25,2024-12-29,ptr,Max Miller,20260825T1602Z,backfill
20024354,house,2026-08-25,2024-01-24,ptr,Blake Moore,20260825T1602Z,backfill
20024836,house,2026-08-25,2024-04-18,ptr,Felix Barry Moore,20260825T1602Z,backfill
20024286,house,2026-08-25,2024-01-22,ptr,Jared Moskowitz,20260825T1602Z,backfill
20024672,house,2026-08-25,2024-08-06,ptr,Jared Moskowitz,20260825T1602Z,backfill
20025680,house,2026-08-25,2024-08-19,ptr,Jared Moskowitz,20260825T1602Z,backfill
20025712,house,2026-08-25,2024-08-21,ptr,Jared Moskowitz,20260825T1602Z,backfill
20026346,house,2026-08-25,2024-12-09,ptr,Jared Moskowitz,20260825T1602Z,backfill
20024917,house,2026-08-25,2024-04-25,ptr,Dan Newhouse,20260825T1602Z,backfill
20024876,house,2026-08-25,2024-04-15,ptr,Eleanor Holmes Norton,20260825T1602Z,backfill
20025052,house,2026-08-25,2024-05-13,ptr,Eleanor Holmes Norton,20260825T1602Z,backfill
20025053,house,2026-08-25,2024-05-13,ptr,Eleanor Holmes Norton,20260825T1602Z,backfill
20025107,house,2026-08-25,2024-05-21,ptr,Eleanor Holmes Norton,20260825T1602Z,backfill
20025789,house,2026-08-25,2024-09-05,ptr,Eleanor Holmes Norton,20260825T1602Z,backfill
8220118,house,2026-08-25,2024-01-29,ptr,Anna Paulina Luna,20260825T1602Z,backfill
20025103,house,2026-08-25,2024-05-20,ptr,Anna Paulina Luna,20260825T1602Z,backfill
20024542,house,2026-08-25,2024-02-23,ptr,Nancy Pelosi,20260825T1602Z,backfill
20024625,house,2026-08-25,2024-03-21,ptr,Nancy Pelosi,20260825T1602Z,backfill
20025368,house,2026-08-25,2024-07-02,ptr,Nancy Pelosi,20260825T1602Z,backfill
20025535,house,2026-08-25,2024-07-30,ptr,Nancy Pelosi,20260825T1602Z,backfill
20025819,house,2026-08-25,2024-09-11,ptr,Nancy Pelosi,20260825T1602Z,backfill
20024316,house,2026-08-25,2024-01-22,ptr,Scott H. Peters,20260825T1602Z,backfill
20024477,house,2026-08-25,2024-02-15,ptr,Scott H. Peters,20260825T1602Z,backfill
20024662,house,2026-08-25,2024-03-11,ptr,Scott H. Peters,20260825T1602Z,backfill
20024837,house,2026-08-25,2024-04-17,ptr,Scott H. Peters,20260825T1602Z,backfill
20025037,house,2026-08-25,2024-05-13,ptr,Scott H. Peters,20260825T1602Z,backfill
20025285,house,2026-08-25,2024-06-25,ptr,Scott H. Peters,20260825T1602Z,backfill
20025424,house,2026-08-25,2024-07-15,ptr,Scott H. Peters,20260825T1602Z,backfill
20025576,house,2026-08-25,2024-08-07,ptr,Scott H. Peters,20260825T1602Z,backfill
20025827,house,2026-08-25,2024-09-12,ptr,Scott H. Peters,20260825T1602Z,backfill
20026016,house,2026-08-25,2024-10-16,ptr,Scott H. Peters,20260825T1602Z,backfill
20026188,house,2026-08-25,2024-11-15,ptr,Scott H. Peters,20260825T1602Z,backfill
20026393,house,2026-08-25,2024-12-16,ptr,Scott H. Peters,20260825T1602Z,backfill
20025240,house,2026-08-25,2024-06-20,ptr,Dean Phillips,20260825T1602Z,backfill
20025466,house,2026-08-25,2024-08-01,ptr,Dean Phillips,20260825T1602Z,backfill
20024446,house,2026-08-25,2024-02-06,ptr,Chellie Pingree,20260825T1602Z,backfill
20024846,house,2026-08-25,2024-04-10,ptr,Chellie Pingree,20260825T1602Z,backfill
20025006,house,2026-08-25,2024-05-08,ptr,Chellie Pingree,20260825T1602Z,backfill
20025371,house,2026-08-25,2024-07-02,ptr,Chellie Pingree,20260825T1602Z,backfill
20025785,house,2026-08-25,2024-09-05,ptr,Chellie Pingree,20260825T1602Z,backfill
20026150,house,2026-08-25,2024-11-13,ptr,Chellie Pingree,20260825T1602Z,backfill
20024758,house,2026-08-25,2024-03-28,ptr,Mark Pocan,20260825T1602Z,backfill
20025439,house,2026-08-25,2024-07-12,ptr,Jamie Raskin,20260825T1602Z,backfill
8220155,house,2026-08-25,2024-02-20,ptr,Harold Dallas Rogers,20260825T1602Z,backfill
8220176,house,2026-08-25,2024-03-13,ptr,Harold Dallas Rogers,20260825T1602Z,backfill
8220203,house,2026-08-25,2024-04-10,ptr,Harold Dallas Rogers,20260825T1602Z,backfill
8220271,house,2026-08-25,2024-05-09,ptr,Harold Dallas Rogers,20260825T1602Z,backfill
8220529,house,2026-08-25,2024-06-26,ptr,Harold Dallas Rogers,20260825T1602Z,backfill
8220536,house,2026-08-25,2024-07-10,ptr,Harold Dallas Rogers,20260825T1602Z,backfill
8220567,house,2026-08-25,2024-08-01,ptr,Harold Dallas Rogers,20260825T1602Z,backfill
8220628,house,2026-08-25,2024-09-11,ptr,Harold Dallas Rogers,20260825T1602Z,backfill
8220672,house,2026-08-25,2024-11-01,ptr,Harold Dallas Rogers,20260825T1602Z,backfill
8220695,house,2026-08-25,2024-12-05,ptr,Harold Dallas Rogers,20260825T1602Z,backfill
8220716,house,2026-08-25,2025-01-10,ptr,Harold Dallas Rogers,20260825T1602Z,backfill
8220717,house,2026-08-25,2025-01-10,ptr,Harold Dallas Rogers,20260825T1602Z,backfill
20024986,house,2026-08-25,2024-05-05,ptr,Deborah Ross,20260825T1602Z,backfill
20024848,house,2026-08-25,2024-04-11,ptr,Chip Roy,20260825T1602Z,backfill
20025201,house,2026-08-25,2024-06-10,ptr,Chip Roy,20260825T1602Z,backfill
20024296,house,2026-08-25,2024-01-12,ptr,Maria Elvira Salazar,20260825T1602Z,backfill
20024465,house,2026-08-25,2024-02-08,ptr,Maria Elvira Salazar,20260825T1602Z,backfill
20024649,house,2026-08-25,2024-03-10,ptr,Maria Elvira Salazar,20260825T1602Z,backfill
20025014,house,2026-08-25,2024-05-08,ptr,Maria Elvira Salazar,20260825T1602Z,backfill
20025236,house,2026-08-25,2024-06-10,ptr,Maria Elvira Salazar,20260825T1602Z,backfill
20025813,house,2026-08-25,2024-09-11,ptr,Maria Elvira Salazar,20260825T1602Z,backfill
20026184,house,2026-08-25,2024-11-11,ptr,Maria Elvira Salazar,20260825T1602Z,backfill
20024212,house,2026-08-25,2024-01-24,ptr,Pete Sessions,20260825T1602Z,backfill
20024375,house,2026-08-25,2024-02-29,ptr,Pete Sessions,20260825T1602Z,backfill
20024632,house,2026-08-25,2024-03-07,ptr,Pete Sessions,20260825T1602Z,backfill
20025115,house,2026-08-25,2024-05-22,ptr,Pete Sessions,20260825T1602Z,backfill
20025214,house,2026-08-25,2024-06-06,ptr,Pete Sessions,20260825T1602Z,backfill
20025848,house,2026-08-25,2024-09-12,ptr,Pete Sessions,20260825T1602Z,backfill
20025867,house,2026-08-25,2024-09-16,ptr,Pete Sessions,20260825T1602Z,backfill
20026126,house,2026-08-25,2024-11-01,ptr,Pete Sessions,20260825T1602Z,backfill
20026446,house,2026-08-25,2024-12-19,ptr,Pete Sessions,20260825T1602Z,backfill
20025065,house,2026-08-25,2024-05-13,ptr,Mikie Sherrill,20260825T1602Z,backfill
20025087,house,2026-08-25,2024-05-15,ptr,Mikie Sherrill,20260825T1602Z,backfill
20024577,house,2026-08-25,2024-03-01,ptr,Adrian Smith,20260825T1602Z,backfill
20025205,house,2026-08-25,2024-06-05,ptr,Abigail Spanberger,20260825T1602Z,backfill
20025224,house,2026-08-25,2024-06-06,ptr,Abigail Spanberger,20260825T1602Z,backfill
20024515,house,2026-08-25,2024-02-15,ptr,Victoria Spartz,20260825T1602Z,backfill
20025519,house,2026-08-25,2024-07-25,ptr,Victoria Spartz,20260825T1602Z,backfill
20026136,house,2026-08-25,2024-11-04,ptr,Victoria Spartz,20260825T1602Z,backfill
20024660,house,2026-08-25,2024-03-15,ptr,Greg Steube,20260825T1602Z,backfill
20024787,house,2026-08-25,2024-04-06,ptr,Greg Steube,20260825T1602Z,backfill
20024271,house,2026-08-25,2024-04-02,ptr,Thomas R. Suozzi,20260825T1602Z,backfill
20026077,house,2026-08-25,2024-10-24,ptr,Thomas R. Suozzi,20260825T1602Z,backfill
20026168,house,2026-08-25,2024-11-07,ptr,Thomas R. Suozzi,20260825T1602Z,backfill
20026202,house,2026-08-25,2024-11-12,ptr,Thomas R. Suozzi,20260825T1602Z,backfill
20026203,house,2026-08-25,2024-11-12,ptr,Thomas R. Suozzi,20260825T1602Z,backfill
20024468,house,2026-08-25,2024-02-23,ptr,Shri Thanedar,20260825T1602Z,backfill
20024862,house,2026-08-25,2024-05-15,ptr,Shri Thanedar,20260825T1602Z,backfill
20024730,house,2026-08-25,2024-05-15,ptr,David Trone,20260825T1602Z,backfill
8220718,house,2026-08-25,2025-01-10,ptr,Ann Wagner,20260825T1602Z,backfill
8220763,house,2026-08-25,2025-02-14,ptr,Ann Wagner,20260825T1602Z,backfill
20024403,house,2026-08-25,2024-01-31,ptr,Debbie Wasserman Schultz,20260825T1602Z,backfill
20025179,house,2026-08-25,2024-06-10,ptr,Debbie Wasserman Schultz,20260825T1602Z,backfill
20025360,house,2026-08-25,2024-07-01,ptr,Debbie Wasserman Schultz,20260825T1602Z,backfill
20025793,house,2026-08-25,2024-09-05,ptr,Debbie Wasserman Schultz,20260825T1602Z,backfill
20026247,house,2026-08-25,2024-11-20,ptr,Debbie Wasserman Schultz,20260825T1602Z,backfill
20025243,house,2026-08-25,2024-06-10,ptr,Daniel Webster,20260825T1602Z,backfill
8220698,house,2026-08-25,2024-12-12,ptr,Tony Wied,20260825T1602Z,backfill
8220714,house,2026-08-25,2025-01-09,ptr,Tony Wied,20260825T1602Z,backfill
20025387,house,2026-08-25,2024-07-02,ptr,Brandon McDonald Williams,20260825T1602Z,backfill
20025437,house,2026-08-25,2024-07-10,ptr,Brandon McDonald Williams,20260825T1602Z,backfill
20025151,house,2026-08-25,2024-06-12,ptr,Roger Williams,20260825T1602Z,backfill
20024353,house,2026-08-25,2024-01-22,ptr,Rudy Yakym,20260825T1602Z,backfill
20024392,house,2026-08-25,2024-01-29,ptr,Rudy Yakym,20260825T1602Z,backfill
20025165,house,2026-08-25,2024-05-31,ptr,Rudy Yakym,20260825T1602Z,backfill
20025348,house,2026-08-25,2024-06-28,ptr,Rudy Yakym,20260825T1602Z,backfill
20025448,house,2026-08-25,2024-07-11,ptr,Rudy Yakym,20260825T1602Z,backfill
20025597,house,2026-08-25,2024-08-05,ptr,Rudy Yakym,20260825T1602Z,backfill
20025829,house,2026-08-25,2024-09-10,ptr,Rudy Yakym,20260825T1602Z,backfill
20025910,house,2026-08-25,2024-09-26,ptr,Rudy Yakym,20260825T1602Z,backfill
20026036,house,2026-08-25,2024-10-17,ptr,Rudy Yakym,20260825T1602Z,backfill
20026310,house,2026-08-25,2024-12-03,ptr,Rudy Yakym,20260825T1602Z,backfill
20026311,house,2026-08-25,2024-12-03,ptr,Rudy Yakym,20260825T1602Z,backfill
20032062,house,2026-08-25,2025-09-10,ptr,Robert B. Aderholt,20260825T1602Z,backfill
20026537,house,2026-08-25,2025-01-16,ptr,Richard W. Allen,20260825T1602Z,backfill
20026727,house,2026-08-25,2025-02-20,ptr,Richard W. Allen,20260825T1602Z,backfill
20027927,house,2026-08-25,2025-03-12,ptr,Richard W. Allen,20260825T1602Z,backfill
20030316,house,2026-08-25,2025-05-15,ptr,Richard W. Allen,20260825T1602Z,backfill
20030502,house,2026-08-25,2025-06-18,ptr,Richard W. Allen,20260825T1602Z,backfill
20030608,house,2026-08-25,2025-07-15,ptr,Richard W. Allen,20260825T1602Z,backfill
20030850,house,2026-08-25,2025-08-11,ptr,Richard W. Allen,20260825T1602Z,backfill
20032052,house,2026-08-25,2025-09-12,ptr,Richard W. Allen,20260825T1602Z,backfill
20032204,house,2026-08-25,2025-10-07,ptr,Richard W. Allen,20260825T1602Z,backfill
20033415,house,2026-08-25,2025-11-13,ptr,Richard W. Allen,20260825T1602Z,backfill
20033589,house,2026-08-25,2025-12-09,ptr,Richard W. Allen,20260825T1602Z,backfill
20027810,house,2026-08-25,2025-02-21,ptr,Jake Auchincloss,20260825T1602Z,backfill
20030397,house,2026-08-25,2025-05-22,ptr,Jake Auchincloss,20260825T1602Z,backfill
20030976,house,2026-08-25,2025-08-27,ptr,Jake Auchincloss,20260825T1602Z,backfill
20033492,house,2026-08-25,2025-11-18,ptr,Jake Auchincloss,20260825T1602Z,backfill
20030646,house,2026-08-25,2025-07-09,ptr,Cliff Bentz,20260825T1602Z,backfill
20026517,house,2026-08-25,2025-01-06,ptr,Donald Sternoff Beyer,20260825T1602Z,backfill
20027932,house,2026-08-25,2025-03-08,ptr,Donald Sternoff Beyer,20260825T1602Z,backfill
20030262,house,2026-08-25,2025-05-02,ptr,Donald Sternoff Beyer,20260825T1602Z,backfill
20030746,house,2026-08-25,2025-08-02,ptr,Donald Sternoff Beyer,20260825T1602Z,backfill
20032200,house,2026-08-25,2025-10-02,ptr,Donald Sternoff Beyer,20260825T1602Z,backfill
20033325,house,2026-08-25,2025-11-02,ptr,Donald Sternoff Beyer,20260825T1602Z,backfill
20032149,house,2026-08-25,2025-10-05,ptr,Sheri Biggs,20260825T1602Z,backfill
20033379,house,2026-08-25,2025-10-31,ptr,Sheri Biggs,20260825T1602Z,backfill
20033579,house,2026-08-25,2025-12-04,ptr,Sheri Biggs,20260825T1602Z,backfill
20033694,house,2026-08-25,2025-12-29,ptr,Sheri Biggs,20260825T1602Z,backfill
8220747,house,2026-08-25,2025-02-06,ptr,Gus M. Bilirakis,20260825T1602Z,backfill
20024346,house,2026-08-25,2025-02-13,ptr,Rob Bresnahan,20260825T1602Z,backfill
20027923,house,2026-08-25,2025-03-07,ptr,Rob Bresnahan,20260825T1602Z,backfill
20027940,house,2026-08-25,2025-03-10,ptr,Rob Bresnahan,20260825T1602Z,backfill
20029034,house,2026-08-25,2025-03-27,ptr,Rob Bresnahan,20260825T1602Z,backfill
20029055,house,2026-08-25,2025-04-09,ptr,Rob Bresnahan,20260825T1602Z,backfill
20030212,house,2026-08-25,2025-04-22,ptr,Rob Bresnahan,20260825T1602Z,backfill
20030238,house,2026-08-25,2025-04-28,ptr,Rob Bresnahan,20260825T1602Z,backfill
20030291,house,2026-08-25,2025-05-08,ptr,Rob Bresnahan,20260825T1602Z,backfill
20030312,house,2026-08-25,2025-05-11,ptr,Rob Bresnahan,20260825T1602Z,backfill
20030336,house,2026-08-25,2025-05-12,ptr,Rob Bresnahan,20260825T1602Z,backfill
20030433,house,2026-08-25,2025-05-31,ptr,Rob Bresnahan,20260825T1602Z,backfill
20030482,house,2026-08-25,2025-06-09,ptr,Rob Bresnahan,20260825T1602Z,backfill
20030546,house,2026-08-25,2025-06-23,ptr,Rob Bresnahan,20260825T1602Z,backfill
20030635,house,2026-08-25,2025-07-08,ptr,Rob Bresnahan,20260825T1602Z,backfill
20030857,house,2026-08-25,2025-08-25,ptr,Rob Bresnahan,20260825T1602Z,backfill
20030998,house,2026-08-25,2025-08-29,ptr,Rob Bresnahan,20260825T1602Z,backfill
20032276,house,2026-08-25,2025-10-14,ptr,Rob Bresnahan,20260825T1602Z,backfill
20033574,house,2026-08-25,2025-12-19,ptr,Rob Bresnahan,20260825T1602Z,backfill
20027913,house,2026-08-25,2025-03-06,ptr,Earl Leroy Carter,20260825T1602Z,backfill
20030215,house,2026-08-25,2025-04-23,ptr,Earl Leroy Carter,20260825T1602Z,backfill
20030632,house,2026-08-25,2025-07-08,ptr,Earl Leroy Carter,20260825T1602Z,backfill
20033691,house,2026-08-25,2025-12-24,ptr,Ed Case,20260825T1602Z,backfill
20031001,house,2026-08-25,2025-08-30,ptr,Judy Chu,20260825T1602Z,backfill
20026726,house,2026-08-25,2025-02-11,ptr,Gilbert Cisneros,20260825T1602Z,backfill
20027891,house,2026-08-25,2025-03-06,ptr,Gilbert Cisneros,20260825T1602Z,backfill
20029026,house,2026-08-25,2025-04-07,ptr,Gilbert Cisneros,20260825T1602Z,backfill
20030288,house,2026-08-25,2025-05-06,ptr,Gilbert Cisneros,20260825T1602Z,backfill
20030461,house,2026-08-25,2025-06-06,ptr,Gilbert Cisneros,20260825T1602Z,backfill
20030634,house,2026-08-25,2025-07-10,ptr,Gilbert Cisneros,20260825T1602Z,backfill
20030901,house,2026-08-25,2025-08-14,ptr,Gilbert Cisneros,20260825T1602Z,backfill
20031022,house,2026-08-25,2025-09-12,ptr,Gilbert Cisneros,20260825T1602Z,backfill
20032248,house,2026-08-25,2025-10-10,ptr,Gilbert Cisneros,20260825T1602Z,backfill
20033455,house,2026-08-25,2025-11-18,ptr,Gilbert Cisneros,20260825T1602Z,backfill
20033619,house,2026-08-25,2025-12-15,ptr,Gilbert Cisneros,20260825T1602Z,backfill
20032205,house,2026-08-25,2025-10-03,ptr,Katherine M. Clark,20260825T1602Z,backfill
20033393,house,2026-08-25,2025-11-06,ptr,Katherine M. Clark,20260825T1602Z,backfill
20026548,house,2026-08-25,2025-01-10,ptr,Steve Cohen,20260825T1602Z,backfill
20028025,house,2026-08-25,2025-04-01,ptr,Steve Cohen,20260825T1602Z,backfill
20030416,house,2026-08-25,2025-05-28,ptr,Steve Cohen,20260825T1602Z,backfill
20031011,house,2026-08-25,2025-09-12,ptr,Steve Cohen,20260825T1602Z,backfill
20033572,house,2026-08-25,2025-12-16,ptr,Steve Cohen,20260825T1602Z,backfill
20026489,house,2026-08-25,2025-01-01,ptr,Michael A. Collins,20260825T1602Z,backfill
20026696,house,2026-08-25,2025-02-02,ptr,Michael A. Collins,20260825T1602Z,backfill
20027820,house,2026-08-25,2025-02-21,ptr,Michael A. Collins,20260825T1602Z,backfill
20027962,house,2026-08-25,2025-03-12,ptr,Michael A. Collins,20260825T1602Z,backfill
20029130,house,2026-08-25,2025-04-11,ptr,Michael A. Collins,20260825T1602Z,backfill
20029131,house,2026-08-25,2025-05-01,ptr,Michael A. Collins,20260825T1602Z,backfill
20030439,house,2026-08-25,2025-06-02,ptr,Michael A. Collins,20260825T1602Z,backfill
20030466,house,2026-08-25,2025-06-05,ptr,Michael A. Collins,20260825T1602Z,backfill
20030622,house,2026-08-25,2025-07-07,ptr,Michael A. Collins,20260825T1602Z,backfill
20030692,house,2026-08-25,2025-07-19,ptr,Michael A. Collins,20260825T1602Z,backfill
20031007,house,2026-08-25,2025-09-02,ptr,Michael A. Collins,20260825T1602Z,backfill
20018054,house,2026-08-25,2025-01-10,ptr,James Comer,20260825T1602Z,backfill
20026750,house,2026-08-25,2025-02-11,ptr,James Comer,20260825T1602Z,backfill
20030716,house,2026-08-25,2025-08-11,ptr,James Comer,20260825T1602Z,backfill
20026724,house,2026-08-25,2025-02-06,ptr,Gerald E. Connolly,20260825T1602Z,backfill
20030388,house,2026-08-25,2025-05-17,ptr,Gerald E. Connolly,20260825T1602Z,backfill
20027975,house,2026-08-25,2025-03-20,ptr,April McClain Delaney,20260825T1602Z,backfill
20029059,house,2026-08-25,2025-04-02,ptr,April McClain Delaney,20260825T1602Z,backfill
20030265,house,2026-08-25,2025-05-02,ptr,April McClain Delaney,20260825T1602Z,backfill
20030442,house,2026-08-25,2025-06-02,ptr,April McClain Delaney,20260825T1602Z,backfill
20030592,house,2026-08-25,2025-07-02,ptr,April McClain Delaney,20260825T1602Z,backfill
20030832,house,2026-08-25,2025-08-05,ptr,April McClain Delaney,20260825T1602Z,backfill
20031013,house,2026-08-25,2025-09-02,ptr,April McClain Delaney,20260825T1602Z,backfill
20032233,house,2026-08-25,2025-10-06,ptr,April McClain Delaney,20260825T1602Z,backfill
20033408,house,2026-08-25,2025-11-04,ptr,April McClain Delaney,20260825T1602Z,backfill
20033604,house,2026-08-25,2025-12-08,ptr,April McClain Delaney,20260825T1602Z,backfill
20026602,house,2026-08-25,2025-02-09,ptr,Suzan K. DelBene,20260825T1602Z,backfill
20027807,house,2026-08-25,2025-02-25,ptr,Suzan K. DelBene,20260825T1602Z,backfill
20027999,house,2026-08-25,2025-03-26,ptr,Suzan K. DelBene,20260825T1602Z,backfill
20029070,house,2026-08-25,2025-04-10,ptr,Suzan K. DelBene,20260825T1602Z,backfill
20030289,house,2026-08-25,2025-05-07,ptr,Suzan K. DelBene,20260825T1602Z,backfill
20030444,house,2026-08-25,2025-06-08,ptr,Suzan K. DelBene,20260825T1602Z,backfill
20030541,house,2026-08-25,2025-06-24,ptr,Suzan K. DelBene,20260825T1602Z,backfill
20030619,house,2026-08-25,2025-07-17,ptr,Suzan K. DelBene,20260825T1602Z,backfill
20030826,house,2026-08-25,2025-08-09,ptr,Suzan K. DelBene,20260825T1602Z,backfill
20030955,house,2026-08-25,2025-08-29,ptr,Suzan K. DelBene,20260825T1602Z,backfill
20032102,house,2026-08-25,2025-09-28,ptr,Suzan K. DelBene,20260825T1602Z,backfill
20032245,house,2026-08-25,2025-10-13,ptr,Suzan K. DelBene,20260825T1602Z,backfill
20033335,house,2026-08-25,2025-10-30,ptr,Suzan K. DelBene,20260825T1602Z,backfill
20033431,house,2026-08-25,2025-11-12,ptr,Suzan K. DelBene,20260825T1602Z,backfill
20033587,house,2026-08-25,2025-12-08,ptr,Suzan K. DelBene,20260825T1602Z,backfill
20033490,house,2026-08-25,2025-11-18,ptr,Scott DesJarlais,20260825T1602Z,backfill
20026647,house,2026-08-25,2025-01-27,ptr,Debbie Dingell,20260825T1602Z,backfill
20029053,house,2026-08-25,2025-04-02,ptr,Debbie Dingell,20260825T1602Z,backfill
20029105,house,2026-08-25,2025-12-06,ptr,Debbie Dingell,20260825T1602Z,backfill
20026535,house,2026-08-25,2025-01-08,ptr,Lloyd Doggett,20260825T1602Z,backfill
20027935,house,2026-08-25,2025-03-10,ptr,Lloyd Doggett,20260825T1602Z,backfill
20029088,house,2026-08-25,2025-04-07,ptr,Lloyd Doggett,20260825T1602Z,backfill
20030285,house,2026-08-25,2025-05-05,ptr,Lloyd Doggett,20260825T1602Z,backfill
20030454,house,2026-08-25,2025-06-04,ptr,Lloyd Doggett,20260825T1602Z,backfill
20030618,house,2026-08-25,2025-07-07,ptr,Lloyd Doggett,20260825T1602Z,backfill
20030820,house,2026-08-25,2025-08-04,ptr,Lloyd Doggett,20260825T1602Z,backfill
20026712,house,2026-08-25,2025-02-10,ptr,Byron Donalds,20260825T1602Z,backfill
20027903,house,2026-08-25,2025-03-25,ptr,Byron Donalds,20260825T1602Z,backfill
20029092,house,2026-08-25,2025-04-14,ptr,Byron Donalds,20260825T1602Z,backfill
20030342,house,2026-08-25,2025-05-24,ptr,Byron Donalds,20260825T1602Z,backfill
20032038,house,2026-08-25,2025-09-05,ptr,Byron Donalds,20260825T1602Z,backfill
20032234,house,2026-08-25,2025-10-07,ptr,Byron Donalds,20260825T1602Z,backfill
20033491,house,2026-08-25,2025-11-18,ptr,Byron Donalds,20260825T1602Z,backfill
20027895,house,2026-08-25,2025-03-10,ptr,"Neal Patrick MD, Facs Dunn",20260825T1602Z,backfill
20029068,house,2026-08-25,2025-04-03,ptr,"Neal Patrick MD, Facs Dunn",20260825T1602Z,backfill
20030735,house,2026-08-25,2025-08-13,ptr,"Neal Patrick MD, Facs Dunn",20260825T1602Z,backfill
20032191,house,2026-08-25,2025-10-01,ptr,"Neal Patrick MD, Facs Dunn",20260825T1602Z,backfill
20029062,house,2026-08-25,2025-04-02,ptr,Dwight Evans,20260825T1602Z,backfill
20030179,house,2026-08-25,2025-04-17,ptr,Dwight Evans,20260825T1602Z,backfill
20033370,house,2026-08-25,2025-10-30,ptr,Dwight Evans,20260825T1602Z,backfill
20033667,house,2026-08-25,2025-12-19,ptr,Dwight Evans,20260825T1602Z,backfill
20027855,house,2026-08-25,2025-03-14,ptr,Cleo Fields,20260825T1602Z,backfill
20030472,house,2026-08-25,2025-07-01,ptr,Cleo Fields,20260825T1602Z,backfill
20030803,house,2026-08-25,2025-08-06,ptr,Cleo Fields,20260825T1602Z,backfill
20031017,house,2026-08-25,2025-09-03,ptr,Cleo Fields,20260825T1602Z,backfill
20032106,house,2026-08-25,2025-09-30,ptr,Cleo Fields,20260825T1602Z,backfill
20033326,house,2026-08-25,2025-10-30,ptr,Cleo Fields,20260825T1602Z,backfill
20033424,house,2026-08-25,2025-11-12,ptr,Cleo Fields,20260825T1602Z,backfill
20033493,house,2026-08-25,2025-11-19,ptr,Cleo Fields,20260825T1602Z,backfill
20033559,house,2026-08-25,2025-12-10,ptr,Cleo Fields,20260825T1602Z,backfill
20033616,house,2026-08-25,2025-12-17,ptr,Cleo Fields,20260825T1602Z,backfill
8220753,house,2026-08-25,2025-02-10,ptr,"Charles J. ""Chuck"" Fleischmann",20260825T1602Z,backfill
8220902,house,2026-08-25,2025-05-13,ptr,"Charles J. ""Chuck"" Fleischmann",20260825T1602Z,backfill
9115670,house,2026-08-25,2025-08-15,ptr,"Charles J. ""Chuck"" Fleischmann",20260825T1602Z,backfill
8221237,house,2026-08-25,2025-11-14,ptr,"Charles J. ""Chuck"" Fleischmann",20260825T1602Z,backfill
20026516,house,2026-08-25,2025-01-06,ptr,Virginia Foxx,20260825T1602Z,backfill
20027876,house,2026-08-25,2025-03-03,ptr,Virginia Foxx,20260825T1602Z,backfill
20029061,house,2026-08-25,2025-04-04,ptr,Virginia Foxx,20260825T1602Z,backfill
20030450,house,2026-08-25,2025-06-03,ptr,Virginia Foxx,20260825T1602Z,backfill
20030587,house,2026-08-25,2025-07-03,ptr,Virginia Foxx,20260825T1602Z,backfill
20032040,house,2026-08-25,2025-09-08,ptr,Virginia Foxx,20260825T1602Z,backfill
20032215,house,2026-08-25,2025-10-06,ptr,Virginia Foxx,20260825T1602Z,backfill
20033553,house,2026-08-25,2025-12-01,ptr,Virginia Foxx,20260825T1602Z,backfill
20027834,house,2026-08-25,2025-02-23,ptr,Scott Scott Franklin,20260825T1602Z,backfill
20027995,house,2026-08-25,2025-03-18,ptr,Scott Scott Franklin,20260825T1602Z,backfill
20029132,house,2026-08-25,2025-04-11,ptr,Scott Scott Franklin,20260825T1602Z,backfill
20030187,house,2026-08-25,2025-04-17,ptr,Scott Scott Franklin,20260825T1602Z,backfill
20030445,house,2026-08-25,2025-06-02,ptr,Scott Scott Franklin,20260825T1602Z,backfill
20030494,house,2026-08-25,2025-07-03,ptr,Scott Scott Franklin,20260825T1602Z,backfill
20030670,house,2026-08-25,2025-07-14,ptr,Scott Scott Franklin,20260825T1602Z,backfill
20030778,house,2026-08-25,2025-07-31,ptr,Scott Scott Franklin,20260825T1602Z,backfill
20030918,house,2026-08-25,2025-08-14,ptr,Scott Scott Franklin,20260825T1602Z,backfill
20033327,house,2026-08-25,2025-10-22,ptr,Scott Scott Franklin,20260825T1602Z,backfill
20032051,house,2026-08-25,2025-09-09,ptr,Laura Friedman,20260825T1602Z,backfill
20032250,house,2026-08-25,2025-10-08,ptr,Laura Friedman,20260825T1602Z,backfill
20030952,house,2026-08-25,2025-08-21,ptr,Andrew Garbarino,20260825T1602Z,backfill
20030417,house,2026-08-25,2025-05-30,ptr,Brandon Gill,20260825T1602Z,backfill
20030641,house,2026-08-25,2025-07-10,ptr,Brandon Gill,20260825T1602Z,backfill
20030889,house,2026-08-25,2025-08-12,ptr,Brandon Gill,20260825T1602Z,backfill
20033476,house,2026-08-25,2025-11-18,ptr,Brandon Gill,20260825T1602Z,backfill
20027916,house,2026-08-25,2025-03-28,ptr,Daniel Goldman,20260825T1602Z,backfill
8220796,house,2026-08-25,2025-03-13,ptr,Vicente Gonzalez,20260825T1602Z,backfill
8220809,house,2026-08-25,2025-03-31,ptr,Vicente Gonzalez,20260825T1602Z,backfill
8220845,house,2026-08-25,2025-04-30,ptr,Vicente Gonzalez,20260825T1602Z,backfill
20026533,house,2026-08-25,2025-01-14,ptr,Josh Gottheimer,20260825T1602Z,backfill
20026732,house,2026-08-25,2025-02-10,ptr,Josh Gottheimer,20260825T1602Z,backfill
20027901,house,2026-08-25,2025-03-06,ptr,Josh Gottheimer,20260825T1602Z,backfill
20029083,house,2026-08-25,2025-04-10,ptr,Josh Gottheimer,20260825T1602Z,backfill
20030338,house,2026-08-25,2025-05-14,ptr,Josh Gottheimer,20260825T1602Z,backfill
20030462,house,2026-08-25,2025-06-11,ptr,Josh Gottheimer,20260825T1602Z,backfill
20030621,house,2026-08-25,2025-07-16,ptr,Josh Gottheimer,20260825T1602Z,backfill
20030848,house,2026-08-25,2025-08-11,ptr,Josh Gottheimer,20260825T1602Z,backfill
20031032,house,2026-08-25,2025-09-05,ptr,Josh Gottheimer,20260825T1602Z,backfill
20032246,house,2026-08-25,2025-10-15,ptr,Josh Gottheimer,20260825T1602Z,backfill
20033398,house,2026-08-25,2025-11-17,ptr,Josh Gottheimer,20260825T1602Z,backfill
20033576,house,2026-08-25,2025-12-29,ptr,Josh Gottheimer,20260825T1602Z,backfill
20026538,house,2026-08-25,2025-01-13,ptr,Mark Dr Green,20260825T1602Z,backfill
20026701,house,2026-08-25,2025-02-06,ptr,Mark Dr Green,20260825T1602Z,backfill
20027845,house,2026-08-25,2025-02-28,ptr,Mark Dr Green,20260825T1602Z,backfill
20027900,house,2026-08-25,2025-03-05,ptr,Mark Dr Green,20260825T1602Z,backfill
20029097,house,2026-08-25,2025-04-08,ptr,Mark Dr Green,20260825T1602Z,backfill
20030331,house,2026-08-25,2025-05-12,ptr,Mark Dr Green,20260825T1602Z,backfill
20030441,house,2026-08-25,2025-06-06,ptr,Mark Dr Green,20260825T1602Z,backfill
20030579,house,2026-08-25,2025-07-16,ptr,Mark Dr Green,20260825T1602Z,backfill
20026658,house,2026-08-25,2025-01-27,ptr,Marjorie Taylor Greene,20260825T1602Z,backfill
20026791,house,2026-08-25,2025-02-14,ptr,Marjorie Taylor Greene,20260825T1602Z,backfill
20027933,house,2026-08-25,2025-03-09,ptr,Marjorie Taylor Greene,20260825T1602Z,backfill
20028002,house,2026-08-25,2025-03-19,ptr,Marjorie Taylor Greene,20260825T1602Z,backfill
20028016,house,2026-08-25,2025-03-23,ptr,Marjorie Taylor Greene,20260825T1602Z,backfill
20029028,house,2026-08-25,2025-03-26,ptr,Marjorie Taylor Greene,20260825T1602Z,backfill
20029089,house,2026-08-25,2025-04-07,ptr,Marjorie Taylor Greene,20260825T1602Z,backfill
20029138,house,2026-08-25,2025-04-11,ptr,Marjorie Taylor Greene,20260825T1602Z,backfill
20030295,house,2026-08-25,2025-05-06,ptr,Marjorie Taylor Greene,20260825T1602Z,backfill
20030389,house,2026-08-25,2025-05-19,ptr,Marjorie Taylor Greene,20260825T1602Z,backfill
20030539,house,2026-08-25,2025-06-18,ptr,Marjorie Taylor Greene,20260825T1602Z,backfill
20030548,house,2026-08-25,2025-06-23,ptr,Marjorie Taylor Greene,20260825T1602Z,backfill
20030711,house,2026-08-25,2025-07-22,ptr,Marjorie Taylor Greene,20260825T1602Z,backfill
20030924,house,2026-08-25,2025-08-15,ptr,Marjorie Taylor Greene,20260825T1602Z,backfill
20030925,house,2026-08-25,2025-08-15,ptr,Marjorie Taylor Greene,20260825T1602Z,backfill
20030944,house,2026-08-25,2025-08-20,ptr,Marjorie Taylor Greene,20260825T1602Z,backfill
20030996,house,2026-08-25,2025-08-29,ptr,Marjorie Taylor Greene,20260825T1602Z,backfill
20032174,house,2026-08-25,2025-09-27,ptr,Marjorie Taylor Greene,20260825T1602Z,backfill
20033314,house,2026-08-25,2025-10-20,ptr,Marjorie Taylor Greene,20260825T1602Z,backfill
20033360,house,2026-08-25,2025-10-28,ptr,Marjorie Taylor Greene,20260825T1602Z,backfill
20033428,house,2026-08-25,2025-11-07,ptr,Marjorie Taylor Greene,20260825T1602Z,backfill
20033462,house,2026-08-25,2025-11-13,ptr,Marjorie Taylor Greene,20260825T1602Z,backfill
20033505,house,2026-08-25,2025-11-19,ptr,Marjorie Taylor Greene,20260825T1602Z,backfill
20033570,house,2026-08-25,2025-12-02,ptr,Marjorie Taylor Greene,20260825T1602Z,backfill
20033649,house,2026-08-25,2025-12-16,ptr,Marjorie Taylor Greene,20260825T1602Z,backfill
20033416,house,2026-08-25,2025-11-19,ptr,Michael Patrick Guest,20260825T1602Z,backfill
20026597,house,2026-08-25,2025-01-15,ptr,Kevin Hern,20260825T1602Z,backfill
20026794,house,2026-08-25,2025-02-14,ptr,Kevin Hern,20260825T1602Z,backfill
20030185,house,2026-08-25,2025-04-23,ptr,Kevin Hern,20260825T1602Z,backfill
20030339,house,2026-08-25,2025-05-13,ptr,Kevin Hern,20260825T1602Z,backfill
20032284,house,2026-08-25,2025-10-16,ptr,Kevin Hern,20260825T1602Z,backfill
20033458,house,2026-08-25,2025-11-16,ptr,Kevin Hern,20260825T1602Z,backfill
20026706,house,2026-08-25,2025-02-04,ptr,James French Hill,20260825T1602Z,backfill
20030551,house,2026-08-25,2025-07-24,ptr,James French Hill,20260825T1602Z,backfill
20032070,house,2026-08-25,2025-09-12,ptr,Valerie Hoyle,20260825T1602Z,backfill
20032211,house,2026-08-25,2025-10-10,ptr,Valerie Hoyle,20260825T1602Z,backfill
20030181,house,2026-08-25,2025-04-17,ptr,Darrell E. Issa,20260825T1602Z,backfill
20026545,house,2026-08-25,2025-01-16,ptr,Jonathan Jackson,20260825T1602Z,backfill
20029065,house,2026-08-25,2025-04-08,ptr,Jonathan Jackson,20260825T1602Z,backfill
20030283,house,2026-08-25,2025-05-13,ptr,Jonathan Jackson,20260825T1602Z,backfill
20030452,house,2026-08-25,2025-06-13,ptr,Jonathan Jackson,20260825T1602Z,backfill
20030599,house,2026-08-25,2025-07-14,ptr,Jonathan Jackson,20260825T1602Z,backfill
20030860,house,2026-08-25,2025-08-25,ptr,Jonathan Jackson,20260825T1602Z,backfill
20031023,house,2026-08-25,2025-09-23,ptr,Jonathan Jackson,20260825T1602Z,backfill
20032232,house,2026-08-25,2025-10-15,ptr,Jonathan Jackson,20260825T1602Z,backfill
20033409,house,2026-08-25,2025-11-10,ptr,Jonathan Jackson,20260825T1602Z,backfill
20033566,house,2026-08-25,2025-12-05,ptr,Jonathan Jackson,20260825T1602Z,backfill
20026762,house,2026-08-25,2025-02-12,ptr,Julie Johnson,20260825T1602Z,backfill
20027936,house,2026-08-25,2025-03-12,ptr,Julie Johnson,20260825T1602Z,backfill
20029064,house,2026-08-25,2025-04-14,ptr,Julie Johnson,20260825T1602Z,backfill
20030296,house,2026-08-25,2025-05-14,ptr,Julie Johnson,20260825T1602Z,backfill
20030474,house,2026-08-25,2025-06-13,ptr,Julie Johnson,20260825T1602Z,backfill
20030647,house,2026-08-25,2025-07-14,ptr,Julie Johnson,20260825T1602Z,backfill
20030909,house,2026-08-25,2025-08-14,ptr,Julie Johnson,20260825T1602Z,backfill
20032066,house,2026-08-25,2025-09-11,ptr,Julie Johnson,20260825T1602Z,backfill
20032242,house,2026-08-25,2025-10-07,ptr,Julie Johnson,20260825T1602Z,backfill
20033420,house,2026-08-25,2025-11-14,ptr,Julie Johnson,20260825T1602Z,backfill
20033611,house,2026-08-25,2025-12-11,ptr,Julie Johnson,20260825T1602Z,backfill
20026736,house,2026-08-25,2025-02-07,ptr,David P. Joyce,20260825T1602Z,backfill
20026591,house,2026-08-25,2025-01-22,ptr,Thomas H. Kean,20260825T1602Z,backfill
20026802,house,2026-08-25,2025-02-19,ptr,Thomas H. Kean,20260825T1602Z,backfill
20027931,house,2026-08-25,2025-03-14,ptr,Thomas H. Kean,20260825T1602Z,backfill
20030155,house,2026-08-25,2025-04-18,ptr,Thomas H. Kean,20260825T1602Z,backfill
20030275,house,2026-08-25,2025-05-15,ptr,Thomas H. Kean,20260825T1602Z,backfill
20030491,house,2026-08-25,2025-06-17,ptr,Thomas H. Kean,20260825T1602Z,backfill
20030671,house,2026-08-25,2025-07-16,ptr,Thomas H. Kean,20260825T1602Z,backfill
20030946,house,2026-08-25,2025-08-20,ptr,Thomas H. Kean,20260825T1602Z,backfill
20032089,house,2026-08-25,2025-09-18,ptr,Thomas H. Kean,20260825T1602Z,backfill
20032269,house,2026-08-25,2025-10-14,ptr,Thomas H. Kean,20260825T1602Z,backfill
20033474,house,2026-08-25,2025-11-17,ptr,Thomas H. Kean,20260825T1602Z,backfill
20033659,house,2026-08-25,2025-12-19,ptr,Thomas H. Kean,20260825T1602Z,backfill
20026556,house,2026-08-25,2025-01-15,ptr,William R. Keating,20260825T1602Z,backfill
20027837,house,2026-08-25,2025-02-25,ptr,William R. Keating,20260825T1602Z,backfill
20028007,house,2026-08-25,2025-03-21,ptr,William R. Keating,20260825T1602Z,backfill
20030174,house,2026-08-25,2025-06-23,ptr,William R. Keating,20260825T1602Z,backfill
20031014,house,2026-08-25,2025-09-04,ptr,William R. Keating,20260825T1602Z,backfill
20033628,house,2026-08-25,2025-12-16,ptr,William R. Keating,20260825T1602Z,backfill
20026550,house,2026-08-25,2025-01-09,ptr,Mike Kelly,20260825T1602Z,backfill
20026792,house,2026-08-25,2025-02-14,ptr,Mike Kelly,20260825T1602Z,backfill
20030639,house,2026-08-25,2025-07-09,ptr,Mike Kelly,20260825T1602Z,backfill
20030892,house,2026-08-25,2025-08-12,ptr,Mike Kelly,20260825T1602Z,backfill
20032254,house,2026-08-25,2025-10-09,ptr,Mike Kelly,20260825T1602Z,backfill
20033447,house,2026-08-25,2025-11-11,ptr,Mike Kelly,20260825T1602Z,backfill
20033615,house,2026-08-25,2025-12-09,ptr,Mike Kelly,20260825T1602Z,backfill
20030542,house,2026-08-25,2025-06-20,ptr,Mike Kennedy,20260825T1602Z,backfill
8220750,house,2026-08-25,2025-02-06,ptr,Rohit Khanna,20260825T1602Z,backfill
8220783,house,2026-08-25,2025-03-06,ptr,Rohit Khanna,20260825T1602Z,backfill
8220827,house,2026-08-25,2025-04-10,ptr,Rohit Khanna,20260825T1602Z,backfill
8220906,house,2026-08-25,2025-05-12,ptr,Rohit Khanna,20260825T1602Z,backfill
8221124,house,2026-08-25,2025-06-10,ptr,Rohit Khanna,20260825T1602Z,backfill
8221176,house,2026-08-25,2025-07-09,ptr,Rohit Khanna,20260825T1602Z,backfill
9115671,house,2026-08-25,2025-08-07,ptr,Rohit Khanna,20260825T1602Z,backfill
9115676,house,2026-08-25,2025-09-09,ptr,Rohit Khanna,20260825T1602Z,backfill
9115679,house,2026-08-25,2025-10-03,ptr,Rohit Khanna,20260825T1602Z,backfill
8221231,house,2026-08-25,2025-11-06,ptr,Rohit Khanna,20260825T1602Z,backfill
8221264,house,2026-08-25,2025-12-08,ptr,Rohit Khanna,20260825T1602Z,backfill
8221285,house,2026-08-25,2026-01-06,ptr,Rohit Khanna,20260825T1602Z,backfill
20027846,house,2026-08-25,2025-02-25,ptr,Brad Knott,20260825T1602Z,backfill
20026551,house,2026-08-25,2025-01-15,ptr,Greg Landsman,20260825T1602Z,backfill
20027885,house,2026-08-25,2025-03-05,ptr,Greg Landsman,20260825T1602Z,backfill
20029084,house,2026-08-25,2025-04-08,ptr,Greg Landsman,20260825T1602Z,backfill
20030207,house,2026-08-25,2025-05-13,ptr,Greg Landsman,20260825T1602Z,backfill
20026587,house,2026-08-25,2025-01-14,ptr,Rick Larsen,20260825T1602Z,backfill
20030158,house,2026-08-25,2025-04-15,ptr,Rick Larsen,20260825T1602Z,backfill
20032298,house,2026-08-25,2025-10-16,ptr,Rick Larsen,20260825T1602Z,backfill
20026650,house,2026-08-25,2025-01-24,ptr,Robert E. Latta,20260825T1602Z,backfill
20030234,house,2026-08-25,2025-04-27,ptr,Robert E. Latta,20260825T1602Z,backfill
20030480,house,2026-08-25,2025-06-08,ptr,Robert E. Latta,20260825T1602Z,backfill
20030730,house,2026-08-25,2025-07-25,ptr,Robert E. Latta,20260825T1602Z,backfill
20033346,house,2026-08-25,2025-10-27,ptr,Robert E. Latta,20260825T1602Z,backfill
20026513,house,2026-08-25,2025-01-07,ptr,Laurel Lee,20260825T1602Z,backfill
20030458,house,2026-08-25,2025-06-22,ptr,Laurel Lee,20260825T1602Z,backfill
20030810,house,2026-08-25,2025-08-09,ptr,Laurel Lee,20260825T1602Z,backfill
20030875,house,2026-08-25,2025-08-11,ptr,Laurel Lee,20260825T1602Z,backfill
20027805,house,2026-08-25,2025-03-14,ptr,Susie Lee,20260825T1602Z,backfill
20029082,house,2026-08-25,2025-04-11,ptr,Susie Lee,20260825T1602Z,backfill
20030558,house,2026-08-25,2025-07-10,ptr,Susie Lee,20260825T1602Z,backfill
20030822,house,2026-08-25,2025-08-22,ptr,Susie Lee,20260825T1602Z,backfill
8221276,house,2026-08-25,2025-12-19,ptr,Nicole Malliotakis,20260825T1602Z,backfill
8221287,house,2026-08-25,2026-01-07,ptr,Nicole Malliotakis,20260825T1602Z,backfill
20026638,house,2026-08-25,2025-01-27,ptr,Kathy Manning,20260825T1602Z,backfill
20029046,house,2026-08-25,2025-04-21,ptr,Kathy Manning,20260825T1602Z,backfill
8220754,house,2026-08-25,2025-02-11,ptr,Michael T. McCaul,20260825T1602Z,backfill
8220834,house,2026-08-25,2025-04-17,ptr,Michael T. McCaul,20260825T1602Z,backfill
8220904,house,2026-08-25,2025-05-12,ptr,Michael T. McCaul,20260825T1602Z,backfill
8221120,house,2026-08-25,2025-06-09,ptr,Michael T. McCaul,20260825T1602Z,backfill
8221173,house,2026-08-25,2025-07-07,ptr,Michael T. McCaul,20260825T1602Z,backfill
9115664,house,2026-08-25,2025-08-12,ptr,Michael T. McCaul,20260825T1602Z,backfill
9115677,house,2026-08-25,2025-09-11,ptr,Michael T. McCaul,20260825T1602Z,backfill
9115662,house,2026-08-25,2025-09-25,ptr,Michael T. McCaul,20260825T1602Z,backfill
9115684,house,2026-08-25,2025-10-10,ptr,Michael T. McCaul,20260825T1602Z,backfill
8221228,house,2026-08-25,2025-11-10,ptr,Michael T. McCaul,20260825T1602Z,backfill
8221263,house,2026-08-25,2025-12-09,ptr,Michael T. McCaul,20260825T1602Z,backfill
8221302,house,2026-08-25,2026-01-15,ptr,Michael T. McCaul,20260825T1602Z,backfill
20030891,house,2026-08-25,2025-08-13,ptr,Lisa McClain,20260825T1602Z,backfill
20030932,house,2026-08-25,2025-09-12,ptr,Lisa McClain,20260825T1602Z,backfill
20032129,house,2026-08-25,2025-10-22,ptr,Lisa McClain,20260825T1602Z,backfill
8221212,house,2026-08-25,2025-10-23,ptr,Lisa McClain,20260825T1602Z,backfill
20033446,house,2026-08-25,2025-11-21,ptr,Lisa McClain,20260825T1602Z,backfill
20030699,house,2026-08-25,2025-09-17,ptr,Richard Dean Dr McCormick,20260825T1602Z,backfill
20032255,house,2026-08-25,2025-10-09,ptr,Richard Dean Dr McCormick,20260825T1602Z,backfill
20033610,house,2026-08-25,2025-12-09,ptr,Richard Dean Dr McCormick,20260825T1602Z,backfill
20016861,house,2026-08-25,2025-05-16,ptr,John McGuire,20260825T1602Z,backfill
20030509,house,2026-08-25,2025-06-12,ptr,John McGuire,20260825T1602Z,backfill
20030620,house,2026-08-25,2025-07-10,ptr,John McGuire,20260825T1602Z,backfill
20030884,house,2026-08-25,2025-08-13,ptr,Daniel Meuser,20260825T1602Z,backfill
20030922,house,2026-08-25,2025-08-20,ptr,Daniel Meuser,20260825T1602Z,backfill
20029135,house,2026-08-25,2025-04-11,ptr,Carol Devine Miller,20260825T1602Z,backfill
20026684,house,2026-08-25,2025-01-31,ptr,Max Miller,20260825T1602Z,backfill
20027838,house,2026-08-25,2025-02-24,ptr,Max Miller,20260825T1602Z,backfill
20029035,house,2026-08-25,2025-03-27,ptr,Max Miller,20260825T1602Z,backfill
20030236,house,2026-08-25,2025-04-28,ptr,Max Miller,20260825T1602Z,backfill
20030401,house,2026-08-25,2025-05-22,ptr,Max Miller,20260825T1602Z,backfill
20030585,house,2026-08-25,2025-07-01,ptr,Max Miller,20260825T1602Z,backfill
20030742,house,2026-08-25,2025-07-27,ptr,Max Miller,20260825T1602Z,backfill
20030989,house,2026-08-25,2025-08-28,ptr,Max Miller,20260825T1602Z,backfill
20032187,house,2026-08-25,2025-10-28,ptr,Max Miller,20260825T1602Z,backfill
20029100,house,2026-08-25,2025-04-14,ptr,Dave Min,20260825T1602Z,backfill
20026796,house,2026-08-25,2025-02-15,ptr,Tim Moore,20260825T1602Z,backfill
20027944,house,2026-08-25,2025-03-11,ptr,Tim Moore,20260825T1602Z,backfill
20029134,house,2026-08-25,2025-04-14,ptr,Tim Moore,20260825T1602Z,backfill
20030516,house,2026-08-25,2025-06-13,ptr,Tim Moore,20260825T1602Z,backfill
20030522,house,2026-08-25,2025-06-13,ptr,Tim Moore,20260825T1602Z,backfill
20030637,house,2026-08-25,2025-07-09,ptr,Tim Moore,20260825T1602Z,backfill
20030824,house,2026-08-25,2025-08-05,ptr,Tim Moore,20260825T1602Z,backfill
20031020,house,2026-08-25,2025-09-03,ptr,Tim Moore,20260825T1602Z,backfill
20032256,house,2026-08-25,2025-10-10,ptr,Tim Moore,20260825T1602Z,backfill
20033413,house,2026-08-25,2025-11-12,ptr,Tim Moore,20260825T1602Z,backfill
20033564,house,2026-08-25,2025-12-02,ptr,Tim Moore,20260825T1602Z,backfill
20033670,house,2026-08-25,2025-12-19,ptr,Tim Moore,20260825T1602Z,backfill
20026695,house,2026-08-25,2025-02-02,ptr,Kelly Louise Morrison,20260825T1602Z,backfill
20027907,house,2026-08-25,2025-03-10,ptr,Kelly Louise Morrison,20260825T1602Z,backfill
20027951,house,2026-08-25,2025-03-11,ptr,Kelly Louise Morrison,20260825T1602Z,backfill
20029067,house,2026-08-25,2025-04-04,ptr,Kelly Louise Morrison,20260825T1602Z,backfill
20029121,house,2026-08-25,2025-04-11,ptr,Kelly Louise Morrison,20260825T1602Z,backfill
20030267,house,2026-08-25,2025-05-05,ptr,Kelly Louise Morrison,20260825T1602Z,backfill
20030313,house,2026-08-25,2025-05-13,ptr,Kelly Louise Morrison,20260825T1602Z,backfill
20030448,house,2026-08-25,2025-06-04,ptr,Kelly Louise Morrison,20260825T1602Z,backfill
20030475,house,2026-08-25,2025-06-18,ptr,Kelly Louise Morrison,20260825T1602Z,backfill
20030802,house,2026-08-25,2025-08-03,ptr,Kelly Louise Morrison,20260825T1602Z,backfill
20030893,house,2026-08-25,2025-08-19,ptr,Kelly Louise Morrison,20260825T1602Z,backfill
20032061,house,2026-08-25,2025-09-11,ptr,Kelly Louise Morrison,20260825T1602Z,backfill
20033425,house,2026-08-25,2025-11-06,ptr,Kelly Louise Morrison,20260825T1602Z,backfill
20033651,house,2026-08-25,2025-12-19,ptr,Kelly Louise Morrison,20260825T1602Z,backfill
20026731,house,2026-08-25,2025-02-10,ptr,Jared Moskowitz,20260825T1602Z,backfill
20027896,house,2026-08-25,2025-03-06,ptr,Jared Moskowitz,20260825T1602Z,backfill
20029079,house,2026-08-25,2025-04-08,ptr,Jared Moskowitz,20260825T1602Z,backfill
20030282,house,2026-08-25,2025-05-09,ptr,Jared Moskowitz,20260825T1602Z,backfill
20030455,house,2026-08-25,2025-06-27,ptr,Jared Moskowitz,20260825T1602Z,backfill
20033421,house,2026-08-25,2025-11-22,ptr,Jared Moskowitz,20260825T1602Z,backfill
20030756,house,2026-08-25,2025-08-05,ptr,Seth Moulton,20260825T1602Z,backfill
20030292,house,2026-08-25,2025-05-16,ptr,Dan Newhouse,20260825T1602Z,backfill
20032091,house,2026-08-25,2025-09-17,ptr,Dan Newhouse,20260825T1602Z,backfill
20030894,house,2026-08-25,2025-09-04,ptr,Donald W. Norcross,20260825T1602Z,backfill
20027950,house,2026-08-25,2025-03-11,ptr,Eleanor Holmes Norton,20260825T1602Z,backfill
20033318,house,2026-08-25,2025-10-21,ptr,Eleanor Holmes Norton,20260825T1602Z,backfill
20026590,house,2026-08-25,2025-01-17,ptr,Nancy Pelosi,20260825T1602Z,backfill
20030630,house,2026-08-25,2025-07-09,ptr,Nancy Pelosi,20260825T1602Z,backfill
20033337,house,2026-08-25,2025-10-24,ptr,Nancy Pelosi,20260825T1602Z,backfill
20026577,house,2026-08-25,2025-01-15,ptr,Scott H. Peters,20260825T1602Z,backfill
20026774,house,2026-08-25,2025-02-18,ptr,Scott H. Peters,20260825T1602Z,backfill
20027961,house,2026-08-25,2025-03-14,ptr,Scott H. Peters,20260825T1602Z,backfill
20029120,house,2026-08-25,2025-04-18,ptr,Scott H. Peters,20260825T1602Z,backfill
20030340,house,2026-08-25,2025-05-16,ptr,Scott H. Peters,20260825T1602Z,backfill
20030517,house,2026-08-25,2025-06-23,ptr,Scott H. Peters,20260825T1602Z,backfill
20030663,house,2026-08-25,2025-07-16,ptr,Scott H. Peters,20260825T1602Z,backfill
20030876,house,2026-08-25,2025-08-11,ptr,Scott H. Peters,20260825T1602Z,backfill
20032054,house,2026-08-25,2025-09-15,ptr,Scott H. Peters,20260825T1602Z,backfill
20032283,house,2026-08-25,2025-10-17,ptr,Scott H. Peters,20260825T1602Z,backfill
20033472,house,2026-08-25,2025-11-14,ptr,Scott H. Peters,20260825T1602Z,backfill
20033588,house,2026-08-25,2025-12-11,ptr,Scott H. Peters,20260825T1602Z,backfill
20021220,house,2026-08-25,2025-02-15,ptr,August Lee Pfluger,20260825T1602Z,backfill
20030714,house,2026-08-25,2025-07-23,ptr,August Lee Pfluger,20260825T1602Z,backfill
20030737,house,2026-08-25,2025-08-13,ptr,August Lee Pfluger,20260825T1602Z,backfill
20030492,house,2026-08-25,2025-06-11,ptr,Chellie Pingree,20260825T1602Z,backfill
20033402,house,2026-08-25,2025-11-04,ptr,Chellie Pingree,20260825T1602Z,backfill
20026756,house,2026-08-25,2025-02-11,ptr,Emily Randall,20260825T1602Z,backfill
8220828,house,2026-08-25,2025-04-09,ptr,Jamie Raskin,20260825T1602Z,backfill
20026547,house,2026-08-25,2025-01-09,ptr,Guy Mr Reschenthaler,20260825T1602Z,backfill
20030237,house,2026-08-25,2025-04-29,ptr,Guy Mr Reschenthaler,20260825T1602Z,backfill
20030371,house,2026-08-25,2025-05-20,ptr,Guy Mr Reschenthaler,20260825T1602Z,backfill
8220755,house,2026-08-25,2025-02-12,ptr,Harold Dallas Rogers,20260825T1602Z,backfill
8220782,house,2026-08-25,2025-03-06,ptr,Harold Dallas Rogers,20260825T1602Z,backfill
8220844,house,2026-08-25,2025-05-01,ptr,Harold Dallas Rogers,20260825T1602Z,backfill
8220958,house,2026-08-25,2025-05-20,ptr,Harold Dallas Rogers,20260825T1602Z,backfill
8221123,house,2026-08-25,2025-06-11,ptr,Harold Dallas Rogers,20260825T1602Z,backfill
9115546,house,2026-08-25,2025-07-23,ptr,Harold Dallas Rogers,20260825T1602Z,backfill
9115623,house,2026-08-25,2025-08-27,ptr,Harold Dallas Rogers,20260825T1602Z,backfill
9115635,house,2026-08-25,2025-09-04,ptr,Harold Dallas Rogers,20260825T1602Z,backfill
9115689,house,2026-08-25,2025-10-16,ptr,Harold Dallas Rogers,20260825T1602Z,backfill
8221223,house,2026-08-25,2025-11-05,ptr,Harold Dallas Rogers,20260825T1602Z,backfill
8221270,house,2026-08-25,2025-12-11,ptr,Harold Dallas Rogers,20260825T1602Z,backfill
8221310,house,2026-08-25,2026-01-16,ptr,Harold Dallas Rogers,20260825T1602Z,backfill
20030610,house,2026-08-25,2025-07-04,ptr,John W. Rose,20260825T1602Z,backfill
20030611,house,2026-08-25,2025-07-04,ptr,John W. Rose,20260825T1602Z,backfill
20030800,house,2026-08-25,2025-10-10,ptr,Patrick Ryan,20260825T1602Z,backfill
20027911,house,2026-08-25,2025-03-05,ptr,Bradley S. Schneider,20260825T1602Z,backfill
20030591,house,2026-08-25,2025-07-01,ptr,Bradley S. Schneider,20260825T1602Z,backfill
20030594,house,2026-08-25,2025-07-02,ptr,Bradley S. Schneider,20260825T1602Z,backfill
20030902,house,2026-08-25,2025-08-13,ptr,Austin Scott,20260825T1602Z,backfill
8220731,house,2026-08-25,2025-01-23,ptr,Keith Alan Self,20260825T1602Z,backfill
9115686,house,2026-08-25,2025-10-14,ptr,Keith Alan Self,20260825T1602Z,backfill
20030544,house,2026-08-25,2025-06-21,ptr,Pete Sessions,20260825T1602Z,backfill
20032080,house,2026-08-25,2025-09-15,ptr,Pete Sessions,20260825T1602Z,backfill
20033330,house,2026-08-25,2025-10-22,ptr,Pete Sessions,20260825T1602Z,backfill
20033427,house,2026-08-25,2025-11-07,ptr,Pete Sessions,20260825T1602Z,backfill
20030235,house,2026-08-25,2025-05-12,ptr,Terri A. Sewell,20260825T1602Z,backfill
8220768,house,2026-08-25,2025-02-20,ptr,Brad Sherman,20260825T1602Z,backfill
8220770,house,2026-08-25,2025-02-25,ptr,Brad Sherman,20260825T1602Z,backfill
8220780,house,2026-08-25,2025-03-03,ptr,Brad Sherman,20260825T1602Z,backfill
20027937,house,2026-08-25,2025-03-10,ptr,Mikie Sherrill,20260825T1602Z,backfill
20026770,house,2026-08-25,2025-02-12,ptr,Jefferson Shreve,20260825T1602Z,backfill
20027879,house,2026-08-25,2025-03-09,ptr,Jefferson Shreve,20260825T1602Z,backfill
20029038,house,2026-08-25,2025-04-11,ptr,Jefferson Shreve,20260825T1602Z,backfill
20030231,house,2026-08-25,2025-05-08,ptr,Jefferson Shreve,20260825T1602Z,backfill
20030387,house,2026-08-25,2025-06-22,ptr,Jefferson Shreve,20260825T1602Z,backfill
20033575,house,2026-08-25,2025-12-14,ptr,Jefferson Shreve,20260825T1602Z,backfill
20033699,house,2026-08-25,2025-12-30,ptr,Jefferson Shreve,20260825T1602Z,backfill
20033700,house,2026-08-25,2025-12-31,ptr,Jefferson Shreve,20260825T1602Z,backfill
20030868,house,2026-08-25,2025-08-08,ptr,Adam Smith,20260825T1602Z,backfill
8220764,house,2026-08-25,2025-02-13,ptr,Adrian Smith,20260825T1602Z,backfill
9115549,house,2026-08-25,2025-07-24,ptr,Adrian Smith,20260825T1602Z,backfill
8221238,house,2026-08-25,2025-11-14,ptr,Adrian Smith,20260825T1602Z,backfill
20026754,house,2026-08-25,2025-02-10,ptr,Victoria Spartz,20260825T1602Z,backfill
20030233,house,2026-08-25,2025-04-26,ptr,Victoria Spartz,20260825T1602Z,backfill
20033488,house,2026-08-25,2025-11-21,ptr,Peter Allen Stauber,20260825T1602Z,backfill
20024927,house,2026-08-25,2025-04-04,ptr,Greg Steube,20260825T1602Z,backfill
20030673,house,2026-08-25,2025-07-16,ptr,Greg Steube,20260825T1602Z,backfill
20030188,house,2026-08-25,2025-04-21,ptr,Thomas Suozzi,20260825T1602Z,backfill
20030307,house,2026-08-25,2025-08-13,ptr,Thomas Suozzi,20260825T1602Z,backfill
20033321,house,2026-08-25,2025-10-21,ptr,Thomas Suozzi,20260825T1602Z,backfill
20033394,house,2026-08-25,2025-11-03,ptr,Thomas Suozzi,20260825T1602Z,backfill
20033565,house,2026-08-25,2025-12-01,ptr,Thomas Suozzi,20260825T1602Z,backfill
20029060,house,2026-08-25,2025-04-03,ptr,David J. Taylor,20260825T1602Z,backfill
20029069,house,2026-08-25,2025-04-03,ptr,David J. Taylor,20260825T1602Z,backfill
20030402,house,2026-08-25,2025-06-02,ptr,David J. Taylor,20260825T1602Z,backfill
20030567,house,2026-08-25,2025-06-26,ptr,David J. Taylor,20260825T1602Z,backfill
20030782,house,2026-08-25,2025-09-02,ptr,David J. Taylor,20260825T1602Z,backfill
20032094,house,2026-08-25,2025-09-16,ptr,David J. Taylor,20260825T1602Z,backfill
20032236,house,2026-08-25,2025-10-07,ptr,David J. Taylor,20260825T1602Z,backfill
20033395,house,2026-08-25,2025-11-03,ptr,David J. Taylor,20260825T1602Z,backfill
20033495,house,2026-08-25,2025-11-18,ptr,David J. Taylor,20260825T1602Z,backfill
20033590,house,2026-08-25,2025-12-05,ptr,David J. Taylor,20260825T1602Z,backfill
20033666,house,2026-08-25,2025-12-19,ptr,David J. Taylor,20260825T1602Z,backfill
20030869,house,2026-08-25,2025-08-11,ptr,Shri Thanedar,20260825T1602Z,backfill
20030930,house,2026-08-25,2025-08-20,ptr,Ritchie John Torres,20260825T1602Z,backfill
8220765,house,2026-08-25,2025-02-14,ptr,Ann Wagner,20260825T1602Z,backfill
8220836,house,2026-08-25,2025-04-16,ptr,Ann Wagner,20260825T1602Z,backfill
20033403,house,2026-08-25,2025-11-04,ptr,Ann Wagner,20260825T1602Z,backfill
20026639,house,2026-08-25,2025-01-23,ptr,Michael Waltz,20260825T1602Z,backfill
20027912,house,2026-08-25,2025-03-06,ptr,Debbie Wasserman Schultz,20260825T1602Z,backfill
20030577,house,2026-08-25,2025-07-01,ptr,Debbie Wasserman Schultz,20260825T1602Z,backfill
20030600,house,2026-08-25,2025-07-25,ptr,Debbie Wasserman Schultz,20260825T1602Z,backfill
20030839,house,2026-08-25,2025-08-06,ptr,Debbie Wasserman Schultz,20260825T1602Z,backfill
20030929,house,2026-08-25,2025-08-18,ptr,Debbie Wasserman Schultz,20260825T1602Z,backfill
20032087,house,2026-08-25,2025-10-06,ptr,Debbie Wasserman Schultz,20260825T1602Z,backfill
20032230,house,2026-08-25,2025-10-06,ptr,Debbie Wasserman Schultz,20260825T1602Z,backfill
20033320,house,2026-08-25,2025-10-24,ptr,Debbie Wasserman Schultz,20260825T1602Z,backfill
20033581,house,2026-08-25,2025-12-08,ptr,Debbie Wasserman Schultz,20260825T1602Z,backfill
20030146,house,2026-08-25,2025-04-16,ptr,Bruce Westerman,20260825T1602Z,backfill
20030332,house,2026-08-25,2025-05-12,ptr,Bruce Westerman,20260825T1602Z,backfill
20027982,house,2026-08-25,2025-04-23,ptr,George Whitesides,20260825T1602Z,backfill
20030886,house,2026-08-25,2025-08-13,ptr,George Whitesides,20260825T1602Z,backfill
8220757,house,2026-08-25,2025-02-10,ptr,Tony Wied,20260825T1602Z,backfill
8220799,house,2026-08-25,2025-03-14,ptr,Tony Wied,20260825T1602Z,backfill
8220824,house,2026-08-25,2025-04-04,ptr,Tony Wied,20260825T1602Z,backfill
8220903,house,2026-08-25,2025-05-13,ptr,Tony Wied,20260825T1602Z,backfill
8221177,house,2026-08-25,2025-07-09,ptr,Tony Wied,20260825T1602Z,backfill
9115665,house,2026-08-25,2025-08-06,ptr,Tony Wied,20260825T1602Z,backfill
8221233,house,2026-08-25,2025-11-10,ptr,Tony Wied,20260825T1602Z,backfill
8221297,house,2026-08-25,2026-01-09,ptr,Tony Wied,20260825T1602Z,backfill
20027867,house,2026-08-25,2025-03-01,ptr,Roger Williams,20260825T1602Z,backfill
20026666,house,2026-08-25,2025-01-28,ptr,Rudy C. Yakym,20260825T1602Z,backfill
20030311,house,2026-08-25,2025-05-08,ptr,Rudy C. Yakym,20260825T1602Z,backfill
20030933,house,2026-08-25,2025-08-18,ptr,Rudy C. Yakym,20260825T1602Z,backfill
20033684,house,2026-08-25,2025-12-23,ptr,Rudy C. Yakym,20260825T1602Z,backfill
20034201,house,2026-08-25,2026-03-31,ptr,Mark Alford,20260825T1602Z,backfill
20033751,house,2026-08-25,2026-01-15,ptr,Richard W. Allen,20260825T1602Z,backfill
20033945,house,2026-08-25,2026-02-17,ptr,Richard W. Allen,20260825T1602Z,backfill
20034133,house,2026-08-25,2026-03-11,ptr,Richard W. Allen,20260825T1602Z,backfill
20034315,house,2026-08-25,2026-05-04,ptr,Richard W. Allen,20260825T1602Z,backfill
20034473,house,2026-08-25,2026-06-05,ptr,Richard W. Allen,20260825T1602Z,backfill
20034740,house,2026-08-25,2026-06-16,ptr,Richard W. Allen,20260825T1602Z,backfill
20034024,house,2026-08-25,2026-02-19,ptr,Jake Auchincloss,20260825T1602Z,backfill
20034622,house,2026-08-25,2026-05-22,ptr,Jake Auchincloss,20260825T1602Z,backfill
20034522,house,2026-08-25,2026-05-18,ptr,Brian Babin,20260825T1602Z,backfill
20020055,house,2026-08-25,2026-06-12,ptr,Nicholas Begich,20260825T1602Z,backfill
20034524,house,2026-08-25,2026-05-09,ptr,Cliff Bentz,20260825T1602Z,backfill
20033714,house,2026-08-25,2026-01-02,ptr,Donald Sternoff Beyer,20260825T1602Z,backfill
20033903,house,2026-08-25,2026-01-31,ptr,Donald Sternoff Beyer,20260825T1602Z,backfill
20034085,house,2026-08-25,2026-03-01,ptr,Donald Sternoff Beyer,20260825T1602Z,backfill
20034891,house,2026-08-25,2026-07-01,ptr,Donald Sternoff Beyer,20260825T1602Z,backfill
20033800,house,2026-08-25,2026-01-14,ptr,Sheri Biggs,20260825T1602Z,backfill
20033927,house,2026-08-25,2026-02-05,ptr,Sheri Biggs,20260825T1602Z,backfill
20034013,house,2026-08-25,2026-02-17,ptr,Sheri Biggs,20260825T1602Z,backfill
20034195,house,2026-08-25,2026-03-21,ptr,Sheri Biggs,20260825T1602Z,backfill
20034346,house,2026-08-25,2026-04-16,ptr,Sheri Biggs,20260825T1602Z,backfill
20034496,house,2026-08-25,2026-06-09,ptr,Sheri Biggs,20260825T1602Z,backfill
20034044,house,2026-08-25,2026-02-22,ptr,Rob Bresnahan,20260825T1602Z,backfill
20034202,house,2026-08-25,2026-03-18,ptr,Rob Bresnahan,20260825T1602Z,backfill
20034502,house,2026-08-25,2026-05-08,ptr,Earl Leroy Carter,20260825T1602Z,backfill
20034176,house,2026-08-25,2026-03-14,ptr,Ed Case,20260825T1602Z,backfill
20034221,house,2026-08-25,2026-04-06,ptr,Ed Case,20260825T1602Z,backfill
20034668,house,2026-08-25,2026-05-31,ptr,Ed Case,20260825T1602Z,backfill
20033762,house,2026-08-25,2026-01-12,ptr,Gilbert Cisneros,20260825T1602Z,backfill
20033983,house,2026-08-25,2026-02-13,ptr,Gilbert Cisneros,20260825T1602Z,backfill
20034144,house,2026-08-25,2026-03-09,ptr,Gilbert Cisneros,20260825T1602Z,backfill
20034285,house,2026-08-25,2026-04-07,ptr,Gilbert Cisneros,20260825T1602Z,backfill
20034500,house,2026-08-25,2026-05-08,ptr,Gilbert Cisneros,20260825T1602Z,backfill
20034713,house,2026-08-25,2026-06-08,ptr,Gilbert Cisneros,20260825T1602Z,backfill
20034906,house,2026-08-25,2026-07-02,ptr,Gilbert Cisneros,20260825T1602Z,backfill
20033754,house,2026-08-25,2026-01-14,ptr,Steve Cohen,20260825T1602Z,backfill
20033813,house,2026-08-25,2026-01-26,ptr,Steve Cohen,20260825T1602Z,backfill
20033889,house,2026-08-25,2026-02-09,ptr,Steve Cohen,20260825T1602Z,backfill
20034119,house,2026-08-25,2026-03-05,ptr,Steve Cohen,20260825T1602Z,backfill
20034167,house,2026-08-25,2026-03-26,ptr,Steve Cohen,20260825T1602Z,backfill
20034368,house,2026-08-25,2026-04-28,ptr,Steve Cohen,20260825T1602Z,backfill
20034452,house,2026-08-25,2026-05-15,ptr,Steve Cohen,20260825T1602Z,backfill
20034589,house,2026-08-25,2026-05-20,ptr,Steve Cohen,20260825T1602Z,backfill
20034796,house,2026-08-25,2026-06-17,ptr,Steve Cohen,20260825T1602Z,backfill
20033840,house,2026-08-25,2026-01-20,ptr,Michael A. Collins,20260825T1602Z,backfill
20034223,house,2026-08-25,2026-03-25,ptr,Warren Davidson,20260825T1602Z,backfill
20033737,house,2026-08-25,2026-01-05,ptr,April McClain Delaney,20260825T1602Z,backfill
20033921,house,2026-08-25,2026-02-02,ptr,April McClain Delaney,20260825T1602Z,backfill
20034159,house,2026-08-25,2026-03-10,ptr,April McClain Delaney,20260825T1602Z,backfill
20034299,house,2026-08-25,2026-04-06,ptr,April McClain Delaney,20260825T1602Z,backfill
20034487,house,2026-08-25,2026-05-06,ptr,April McClain Delaney,20260825T1602Z,backfill
20034718,house,2026-08-25,2026-06-05,ptr,April McClain Delaney,20260825T1602Z,backfill
20033766,house,2026-08-25,2026-01-12,ptr,Suzan K. DelBene,20260825T1602Z,backfill
20033835,house,2026-08-25,2026-01-23,ptr,Suzan K. DelBene,20260825T1602Z,backfill
20034155,house,2026-08-25,2026-03-12,ptr,Suzan K. DelBene,20260825T1602Z,backfill
20034400,house,2026-08-25,2026-04-28,ptr,Suzan K. DelBene,20260825T1602Z,backfill
20034466,house,2026-08-25,2026-05-08,ptr,Suzan K. DelBene,20260825T1602Z,backfill
20034615,house,2026-08-25,2026-05-26,ptr,Suzan K. DelBene,20260825T1602Z,backfill
20034727,house,2026-08-25,2026-06-11,ptr,Suzan K. DelBene,20260825T1602Z,backfill
20033744,house,2026-08-25,2026-01-12,ptr,Debbie Dingell,20260825T1602Z,backfill
20034035,house,2026-08-25,2026-02-23,ptr,Debbie Dingell,20260825T1602Z,backfill
20034416,house,2026-08-25,2026-04-28,ptr,Debbie Dingell,20260825T1602Z,backfill
20034702,house,2026-08-25,2026-06-05,ptr,Debbie Dingell,20260825T1602Z,backfill
20033713,house,2026-08-25,2026-01-02,ptr,Lloyd Doggett,20260825T1602Z,backfill
20034132,house,2026-08-25,2026-03-05,ptr,Lloyd Doggett,20260825T1602Z,backfill
20034292,house,2026-08-25,2026-04-06,ptr,Lloyd Doggett,20260825T1602Z,backfill
20034486,house,2026-08-25,2026-05-06,ptr,Lloyd Doggett,20260825T1602Z,backfill
20034712,house,2026-08-25,2026-06-04,ptr,Lloyd Doggett,20260825T1602Z,backfill
20033747,house,2026-08-25,2026-01-07,ptr,Byron Donalds,20260825T1602Z,backfill
20033780,house,2026-08-25,2026-01-09,ptr,Byron Donalds,20260825T1602Z,backfill
20033981,house,2026-08-25,2026-02-12,ptr,Byron Donalds,20260825T1602Z,backfill
20034134,house,2026-08-25,2026-03-06,ptr,Byron Donalds,20260825T1602Z,backfill
20034297,house,2026-08-25,2026-04-08,ptr,Byron Donalds,20260825T1602Z,backfill
20034478,house,2026-08-25,2026-05-13,ptr,Byron Donalds,20260825T1602Z,backfill
20034114,house,2026-08-25,2026-03-17,ptr,"Neal Patrick MD, Facs Dunn",20260825T1602Z,backfill
20034815,house,2026-08-25,2026-06-23,ptr,"Neal Patrick MD, Facs Dunn",20260825T1602Z,backfill
20034379,house,2026-08-25,2026-04-20,ptr,Dwight Evans,20260825T1602Z,backfill
20034556,house,2026-08-25,2026-05-15,ptr,Dwight Evans,20260825T1602Z,backfill
20034851,house,2026-08-25,2026-06-24,ptr,Dwight Evans,20260825T1602Z,backfill
20033732,house,2026-08-25,2026-01-16,ptr,Cleo Fields,20260825T1602Z,backfill
20033858,house,2026-08-25,2026-02-03,ptr,Cleo Fields,20260825T1602Z,backfill
20034018,house,2026-08-25,2026-02-24,ptr,Cleo Fields,20260825T1602Z,backfill
20034179,house,2026-08-25,2026-03-17,ptr,Cleo Fields,20260825T1602Z,backfill
20034295,house,2026-08-25,2026-04-07,ptr,Cleo Fields,20260825T1602Z,backfill
20034357,house,2026-08-25,2026-04-20,ptr,Cleo Fields,20260825T1602Z,backfill
20034591,house,2026-08-25,2026-06-03,ptr,Cleo Fields,20260825T1602Z,backfill
20034800,house,2026-08-25,2026-06-26,ptr,Cleo Fields,20260825T1602Z,backfill
8221321,house,2026-08-25,2026-02-09,ptr,"Charles J. ""Chuck"" Fleischmann",20260825T1602Z,backfill
9115704,house,2026-08-25,2026-03-20,ptr,"Charles J. ""Chuck"" Fleischmann",20260825T1602Z,backfill
9115821,house,2026-08-25,2026-05-12,ptr,"Charles J. ""Chuck"" Fleischmann",20260825T1602Z,backfill
20034413,house,2026-08-25,2026-05-01,ptr,Elizabeth Fletcher,20260825T1602Z,backfill
20033734,house,2026-08-25,2026-01-05,ptr,Virginia Foxx,20260825T1602Z,backfill
20033947,house,2026-08-25,2026-02-06,ptr,Virginia Foxx,20260825T1602Z,backfill
20034095,house,2026-08-25,2026-03-02,ptr,Virginia Foxx,20260825T1602Z,backfill
20034670,house,2026-08-25,2026-06-02,ptr,Virginia Foxx,20260825T1602Z,backfill
20034050,house,2026-08-25,2026-02-23,ptr,Scott Scott Franklin,20260825T1602Z,backfill
20034355,house,2026-08-25,2026-04-17,ptr,Laura Friedman,20260825T1602Z,backfill
20034563,house,2026-08-25,2026-05-14,ptr,Laura Friedman,20260825T1602Z,backfill
20033756,house,2026-08-25,2026-01-14,ptr,Josh Gottheimer,20260825T1602Z,backfill
20033930,house,2026-08-25,2026-02-26,ptr,Josh Gottheimer,20260825T1602Z,backfill
20034130,house,2026-08-25,2026-03-16,ptr,Josh Gottheimer,20260825T1602Z,backfill
20034305,house,2026-08-25,2026-04-08,ptr,Josh Gottheimer,20260825T1602Z,backfill
20034585,house,2026-08-25,2026-05-19,ptr,Josh Gottheimer,20260825T1602Z,backfill
20034693,house,2026-08-25,2026-06-03,ptr,Josh Gottheimer,20260825T1602Z,backfill
20033944,house,2026-08-25,2026-02-17,ptr,Michael Patrick Guest,20260825T1602Z,backfill
9115809,house,2026-08-25,2026-05-06,ptr,Diana Harshbarger,20260825T1602Z,backfill
9115811,house,2026-08-25,2026-05-06,ptr,Diana Harshbarger,20260825T1602Z,backfill
9115812,house,2026-08-25,2026-05-06,ptr,Diana Harshbarger,20260825T1602Z,backfill
9115813,house,2026-08-25,2026-05-06,ptr,Diana Harshbarger,20260825T1602Z,backfill
9115814,house,2026-08-25,2026-05-06,ptr,Diana Harshbarger,20260825T1602Z,backfill
9115815,house,2026-08-25,2026-05-06,ptr,Diana Harshbarger,20260825T1602Z,backfill
9115901,house,2026-08-25,2026-06-04,ptr,Diana Harshbarger,20260825T1602Z,backfill
20033829,house,2026-08-25,2026-01-22,ptr,Kevin Hern,20260825T1602Z,backfill
20034012,house,2026-08-25,2026-02-18,ptr,Kevin Hern,20260825T1602Z,backfill
20034128,house,2026-08-25,2026-03-06,ptr,Kevin Hern,20260825T1602Z,backfill
20034262,house,2026-08-25,2026-04-03,ptr,Kevin Hern,20260825T1602Z,backfill
20034461,house,2026-08-25,2026-05-05,ptr,Kevin Hern,20260825T1602Z,backfill
20034695,house,2026-08-25,2026-06-02,ptr,Kevin Hern,20260825T1602Z,backfill
20033661,house,2026-08-25,2026-01-23,ptr,James French Hill,20260825T1602Z,backfill
20034581,house,2026-08-25,2026-05-15,ptr,Valerie Hoyle,20260825T1602Z,backfill
20033739,house,2026-08-25,2026-01-08,ptr,Jonathan Jackson,20260825T1602Z,backfill
20033929,house,2026-08-25,2026-02-23,ptr,Jonathan Jackson,20260825T1602Z,backfill
20034113,house,2026-08-25,2026-03-12,ptr,Jonathan Jackson,20260825T1602Z,backfill
20034301,house,2026-08-25,2026-04-08,ptr,Jonathan Jackson,20260825T1602Z,backfill
20034519,house,2026-08-25,2026-05-27,ptr,Jonathan Jackson,20260825T1602Z,backfill
20034688,house,2026-08-25,2026-06-16,ptr,Jonathan Jackson,20260825T1602Z,backfill
20034498,house,2026-08-25,2026-05-20,ptr,Sara Jacobs,20260825T1602Z,backfill
20034160,house,2026-08-25,2026-03-15,ptr,Pramila Jayapal,20260825T1602Z,backfill
20033789,house,2026-08-25,2026-01-15,ptr,Julie Johnson,20260825T1602Z,backfill
20034706,house,2026-08-25,2026-06-12,ptr,Julie Johnson,20260825T1602Z,backfill
20033803,house,2026-08-25,2026-01-14,ptr,James D Jordan,20260825T1602Z,backfill
20033821,house,2026-08-25,2026-01-16,ptr,Thomas H. Kean,20260825T1602Z,backfill
20034025,house,2026-08-25,2026-02-19,ptr,Thomas H. Kean,20260825T1602Z,backfill
20034190,house,2026-08-25,2026-03-18,ptr,Thomas H. Kean,20260825T1602Z,backfill
20034327,house,2026-08-25,2026-04-13,ptr,Thomas H. Kean,20260825T1602Z,backfill
20034616,house,2026-08-25,2026-05-22,ptr,Thomas H. Kean,20260825T1602Z,backfill
20034783,house,2026-08-25,2026-06-18,ptr,Thomas H. Kean,20260825T1602Z,backfill
20033946,house,2026-08-25,2026-02-06,ptr,William R. Keating,20260825T1602Z,backfill
20034068,house,2026-08-25,2026-02-26,ptr,William R. Keating,20260825T1602Z,backfill
20034177,house,2026-08-25,2026-03-16,ptr,William R. Keating,20260825T1602Z,backfill
20034307,house,2026-08-25,2026-04-13,ptr,William R. Keating,20260825T1602Z,backfill
20034417,house,2026-08-25,2026-05-18,ptr,William R. Keating,20260825T1602Z,backfill
20033763,house,2026-08-25,2026-01-08,ptr,Mike Kelly,20260825T1602Z,backfill
20033991,house,2026-08-25,2026-02-12,ptr,Mike Kelly,20260825T1602Z,backfill
20034168,house,2026-08-25,2026-03-12,ptr,Mike Kelly,20260825T1602Z,backfill
20034302,house,2026-08-25,2026-04-07,ptr,Mike Kelly,20260825T1602Z,backfill
20034607,house,2026-08-25,2026-05-20,ptr,Mike Kelly,20260825T1602Z,backfill
20034767,house,2026-08-25,2026-06-11,ptr,Mike Kelly,20260825T1602Z,backfill
8221322,house,2026-08-25,2026-02-06,ptr,Rohit Khanna,20260825T1602Z,backfill
8221358,house,2026-08-25,2026-03-09,ptr,Rohit Khanna,20260825T1602Z,backfill
9115726,house,2026-08-25,2026-04-07,ptr,Rohit Khanna,20260825T1602Z,backfill
9115822,house,2026-08-25,2026-05-11,ptr,Rohit Khanna,20260825T1602Z,backfill
9116142,house,2026-08-25,2026-06-09,ptr,Rohit Khanna,20260825T1602Z,backfill
20033814,house,2026-08-25,2026-01-14,ptr,Rick Larsen,20260825T1602Z,backfill
20034351,house,2026-08-25,2026-04-15,ptr,Rick Larsen,20260825T1602Z,backfill
20033857,house,2026-08-25,2026-01-23,ptr,Robert E. Latta,20260825T1602Z,backfill
20034401,house,2026-08-25,2026-04-24,ptr,Robert E. Latta,20260825T1602Z,backfill
20034726,house,2026-08-25,2026-06-05,ptr,Robert E. Latta,20260825T1602Z,backfill
20034552,house,2026-08-25,2026-06-04,ptr,Susie Lee,20260825T1602Z,backfill
20030977,house,2026-08-25,2026-01-13,ptr,Julia Letlow,20260825T1602Z,backfill
20034106,house,2026-08-25,2026-03-12,ptr,Julia Letlow,20260825T1602Z,backfill
20033738,house,2026-08-25,2026-01-06,ptr,Zoe Lofgren,20260825T1602Z,backfill
20033695,house,2026-08-25,2026-01-09,ptr,Doris O. Matsui,20260825T1602Z,backfill
8221326,house,2026-08-25,2026-02-11,ptr,Michael T. McCaul,20260825T1602Z,backfill
8221359,house,2026-08-25,2026-03-10,ptr,Michael T. McCaul,20260825T1602Z,backfill
9115728,house,2026-08-25,2026-04-08,ptr,Michael T. McCaul,20260825T1602Z,backfill
9115820,house,2026-08-25,2026-05-04,ptr,Michael T. McCaul,20260825T1602Z,backfill
9116141,house,2026-08-25,2026-06-10,ptr,Michael T. McCaul,20260825T1602Z,backfill
20033736,house,2026-08-25,2026-01-07,ptr,Lisa McClain,20260825T1602Z,backfill
20033964,house,2026-08-25,2026-02-11,ptr,Lisa McClain,20260825T1602Z,backfill
20034105,house,2026-08-25,2026-03-04,ptr,Lisa McClain,20260825T1602Z,backfill
20034311,house,2026-08-25,2026-04-16,ptr,Jennifer McClellan,20260825T1602Z,backfill
20033648,house,2026-08-25,2026-04-07,ptr,Richard Dean Dr McCormick,20260825T1602Z,backfill
20034542,house,2026-08-25,2026-05-12,ptr,Richard Dean Dr McCormick,20260825T1602Z,backfill
20033956,house,2026-08-25,2026-02-10,ptr,John McGuire,20260825T1602Z,backfill
20034521,house,2026-08-25,2026-05-13,ptr,John McGuire,20260825T1602Z,backfill
20034748,house,2026-08-25,2026-06-10,ptr,John McGuire,20260825T1602Z,backfill
20034099,house,2026-08-25,2026-06-01,ptr,Christian D. Menefee,20260825T1602Z,backfill
20034016,house,2026-08-25,2026-02-17,ptr,Daniel Meuser,20260825T1602Z,backfill
20034158,house,2026-08-25,2026-04-03,ptr,Daniel Meuser,20260825T1602Z,backfill
20034359,house,2026-08-25,2026-04-21,ptr,Daniel Meuser,20260825T1602Z,backfill
20034547,house,2026-08-25,2026-05-21,ptr,Daniel Meuser,20260825T1602Z,backfill
20034774,house,2026-08-25,2026-07-02,ptr,Daniel Meuser,20260825T1602Z,backfill
20033881,house,2026-08-25,2026-01-29,ptr,Max Miller,20260825T1602Z,backfill
20034247,house,2026-08-25,2026-03-30,ptr,Max Miller,20260825T1602Z,backfill
20034419,house,2026-08-25,2026-04-28,ptr,Max Miller,20260825T1602Z,backfill
20034651,house,2026-08-25,2026-05-29,ptr,Max Miller,20260825T1602Z,backfill
20034869,house,2026-08-25,2026-07-01,ptr,Max Miller,20260825T1602Z,backfill
20033746,house,2026-08-25,2026-01-07,ptr,Tim Moore,20260825T1602Z,backfill
20033856,house,2026-08-25,2026-01-24,ptr,Tim Moore,20260825T1602Z,backfill
20034034,house,2026-08-25,2026-02-20,ptr,Tim Moore,20260825T1602Z,backfill
20034217,house,2026-08-25,2026-03-24,ptr,Tim Moore,20260825T1602Z,backfill
20034424,house,2026-08-25,2026-04-28,ptr,Tim Moore,20260825T1602Z,backfill
20034587,house,2026-08-25,2026-05-19,ptr,Tim Moore,20260825T1602Z,backfill
20034721,house,2026-08-25,2026-06-05,ptr,Tim Moore,20260825T1602Z,backfill
20033830,house,2026-08-25,2026-01-20,ptr,Kelly Louise Morrison,20260825T1602Z,backfill
20033928,house,2026-08-25,2026-02-04,ptr,Kelly Louise Morrison,20260825T1602Z,backfill
20033989,house,2026-08-25,2026-02-12,ptr,Kelly Louise Morrison,20260825T1602Z,backfill
20034056,house,2026-08-25,2026-02-25,ptr,Kelly Louise Morrison,20260825T1602Z,backfill
20034082,house,2026-08-25,2026-03-02,ptr,Kelly Louise Morrison,20260825T1602Z,backfill
20034102,house,2026-08-25,2026-03-03,ptr,Kelly Louise Morrison,20260825T1602Z,backfill
20034123,house,2026-08-25,2026-03-05,ptr,Kelly Louise Morrison,20260825T1602Z,backfill
20034156,house,2026-08-25,2026-03-10,ptr,Kelly Louise Morrison,20260825T1602Z,backfill
20034213,house,2026-08-25,2026-04-02,ptr,Kelly Louise Morrison,20260825T1602Z,backfill
20034300,house,2026-08-25,2026-05-05,ptr,Kelly Louise Morrison,20260825T1602Z,backfill
20034520,house,2026-08-25,2026-05-21,ptr,Kelly Louise Morrison,20260825T1602Z,backfill
20033760,house,2026-08-25,2026-01-16,ptr,Jared Moskowitz,20260825T1602Z,backfill
20034129,house,2026-08-25,2026-03-30,ptr,Jared Moskowitz,20260825T1602Z,backfill
20034274,house,2026-08-25,2026-04-30,ptr,Jared Moskowitz,20260825T1602Z,backfill
20034749,house,2026-08-25,2026-06-19,ptr,Jared Moskowitz,20260825T1602Z,backfill
20033654,house,2026-08-25,2026-01-15,ptr,Dan Newhouse,20260825T1602Z,backfill
20033725,house,2026-08-25,2026-01-23,ptr,Nancy Pelosi,20260825T1602Z,backfill
20034836,house,2026-08-25,2026-06-23,ptr,Nancy Pelosi,20260825T1602Z,backfill
20033815,house,2026-08-25,2026-01-19,ptr,Scott H. Peters,20260825T1602Z,backfill
20034010,house,2026-08-25,2026-02-25,ptr,Scott H. Peters,20260825T1602Z,backfill
20034178,house,2026-08-25,2026-03-18,ptr,Scott H. Peters,20260825T1602Z,backfill
20034342,house,2026-08-25,2026-04-29,ptr,Scott H. Peters,20260825T1602Z,backfill
20034579,house,2026-08-25,2026-05-18,ptr,Scott H. Peters,20260825T1602Z,backfill
20034784,house,2026-08-25,2026-06-19,ptr,Scott H. Peters,20260825T1602Z,backfill
20033804,house,2026-08-25,2026-01-20,ptr,August Lee Pfluger,20260825T1602Z,backfill
20033920,house,2026-08-25,2026-02-11,ptr,August Lee Pfluger,20260825T1602Z,backfill
20034054,house,2026-08-25,2026-03-19,ptr,August Lee Pfluger,20260825T1602Z,backfill
20034348,house,2026-08-25,2026-04-15,ptr,August Lee Pfluger,20260825T1602Z,backfill
8221332,house,2026-08-25,2026-02-13,ptr,Harold Dallas Rogers,20260825T1602Z,backfill
9115711,house,2026-08-25,2026-03-20,ptr,Harold Dallas Rogers,20260825T1602Z,backfill
9115762,house,2026-08-25,2026-04-21,ptr,Harold Dallas Rogers,20260825T1602Z,backfill
9115808,house,2026-08-25,2026-05-08,ptr,Harold Dallas Rogers,20260825T1602Z,backfill
9116146,house,2026-08-25,2026-06-10,ptr,Harold Dallas Rogers,20260825T1602Z,backfill
20033758,house,2026-08-25,2026-01-07,ptr,David Rouzer,20260825T1602Z,backfill
20033759,house,2026-08-25,2026-01-07,ptr,David Rouzer,20260825T1602Z,backfill
20034375,house,2026-08-25,2026-05-09,ptr,Chip Roy,20260825T1602Z,backfill
20034528,house,2026-08-25,2026-05-11,ptr,Chip Roy,20260825T1602Z,backfill
20034762,house,2026-08-25,2026-06-10,ptr,Chip Roy,20260825T1602Z,backfill
20033993,house,2026-08-25,2026-04-21,ptr,Maria Elvira Salazar,20260825T1602Z,backfill
20034479,house,2026-08-25,2026-05-08,ptr,Maria Elvira Salazar,20260825T1602Z,backfill
20034709,house,2026-08-25,2026-06-08,ptr,Maria Elvira Salazar,20260825T1602Z,backfill
20033755,house,2026-08-25,2026-01-09,ptr,Linda T. Sanchez,20260825T1602Z,backfill
20032279,house,2026-08-25,2026-03-12,ptr,Austin Scott,20260825T1602Z,backfill
9116197,house,2026-08-25,2026-06-30,ptr,Keith Alan Self,20260825T1602Z,backfill
20033500,house,2026-08-25,2026-03-09,ptr,Pete Sessions,20260825T1602Z,backfill
20034384,house,2026-08-25,2026-04-21,ptr,Terri A. Sewell,20260825T1602Z,backfill
20033705,house,2026-08-25,2026-01-01,ptr,Jefferson Shreve,20260825T1602Z,backfill
20033709,house,2026-08-25,2026-01-02,ptr,Jefferson Shreve,20260825T1602Z,backfill
20034084,house,2026-08-25,2026-03-14,ptr,Jefferson Shreve,20260825T1602Z,backfill
20034653,house,2026-08-25,2026-06-06,ptr,Jefferson Shreve,20260825T1602Z,backfill
20019182,house,2026-08-25,2026-04-30,ptr,Lloyd K. Smucker,20260825T1602Z,backfill
20034499,house,2026-08-25,2026-05-07,ptr,Greg Stanton,20260825T1602Z,backfill
20034717,house,2026-08-25,2026-06-26,ptr,Greg Stanton,20260825T1602Z,backfill
20034345,house,2026-08-25,2026-04-14,ptr,Greg Steube,20260825T1602Z,backfill
20034188,house,2026-08-25,2026-03-17,ptr,Thomas Suozzi,20260825T1602Z,backfill
20034503,house,2026-08-25,2026-05-08,ptr,Thomas Suozzi,20260825T1602Z,backfill
20034747,house,2026-08-25,2026-06-09,ptr,Thomas Suozzi,20260825T1602Z,backfill
20033845,house,2026-08-25,2026-01-21,ptr,David J. Taylor,20260825T1602Z,backfill
20033916,house,2026-08-25,2026-02-02,ptr,David J. Taylor,20260825T1602Z,backfill
20033918,house,2026-08-25,2026-02-02,ptr,David J. Taylor,20260825T1602Z,backfill
20034036,house,2026-08-25,2026-02-20,ptr,David J. Taylor,20260825T1602Z,backfill
20034138,house,2026-08-25,2026-03-06,ptr,David J. Taylor,20260825T1602Z,backfill
20034207,house,2026-08-25,2026-03-20,ptr,David J. Taylor,20260825T1602Z,backfill
20034280,house,2026-08-25,2026-04-02,ptr,David J. Taylor,20260825T1602Z,backfill
20034489,house,2026-08-25,2026-05-07,ptr,David J. Taylor,20260825T1602Z,backfill
20034650,house,2026-08-25,2026-05-28,ptr,David J. Taylor,20260825T1602Z,backfill
20034780,house,2026-08-25,2026-06-12,ptr,David J. Taylor,20260825T1602Z,backfill
20034897,house,2026-08-25,2026-07-01,ptr,David J. Taylor,20260825T1602Z,backfill
20034414,house,2026-08-25,2026-04-30,ptr,Lori Trahan,20260825T1602Z,backfill
20034807,house,2026-08-25,2026-06-17,ptr,Matthew Robert Van Epps,20260825T1602Z,backfill
20033718,house,2026-08-25,2026-01-02,ptr,Ann Wagner,20260825T1602Z,backfill
20034462,house,2026-08-25,2026-05-04,ptr,Ann Wagner,20260825T1602Z,backfill
20034915,house,2026-08-25,2026-07-02,ptr,Ann Wagner,20260825T1602Z,backfill
20034660,house,2026-08-25,2026-06-03,ptr,Tim Walberg,20260825T1602Z,backfill
20034562,house,2026-08-25,2026-06-01,ptr,Daniel Webster,20260825T1602Z,backfill
8221360,house,2026-08-25,2026-03-09,ptr,Tony Wied,20260825T1602Z,backfill
9115816,house,2026-08-25,2026-05-05,ptr,Tony Wied,20260825T1602Z,backfill
20033783,house,2026-08-25,2026-01-15,ptr,Roger Williams,20260825T1602Z,backfill
20034298,house,2026-08-25,2026-04-06,ptr,Rudy C. Yakym,20260825T1602Z,backfill
000e724b-fb9a-4922-9011-ca8925a047f3,senate,2026-08-25,,,,20260825T1602Z,backfill
0068462f-ee01-4550-98c9-b4437019d615,senate,2026-08-25,,,,20260825T1602Z,backfill
00818cb5-a732-46ec-82f8-38dd6247072a,senate,2026-08-25,,,,20260825T1602Z,backfill
008809fb-0861-4493-ba69-6520d89fd4ac,senate,2026-08-25,,,,20260825T1602Z,backfill
008c8224-f7ef-4a01-8cd2-8b92ca71d0c5,senate,2026-08-25,,,,20260825T1602Z,backfill
00b68ed0-107b-4837-b3b2-2587158cf9dc,senate,2026-08-25,,,,20260825T1602Z,backfill
00c60997-1b79-476b-880c-03394be78302,senate,2026-08-25,,,,20260825T1602Z,backfill
00f9f9ee-b87b-4736-950b-41f9a6cfe2b4,senate,2026-08-25,,,,20260825T1602Z,backfill
0132a900-988f-466c-919d-73dfb4238889,senate,2026-08-25,,,,20260825T1602Z,backfill
0165d493-3c0e-4404-a4f0-dd99c1f95160,senate,2026-08-25,,,,20260825T1602Z,backfill
016757b7-4990-4541-a2e6-3058ea8b0bfe,senate,2026-08-25,,,,20260825T1602Z,backfill
01b2a815-4273-4ee6-8d7a-748599283d2c,senate,2026-08-25,,,,20260825T1602Z,backfill
01cec9aa-793e-407f-9186-4c48160e5278,senate,2026-08-25,,,,20260825T1602Z,backfill
01d98c63-1737-4bfd-b6eb-1e429dc16c1b,senate,2026-08-25,,,,20260825T1602Z,backfill
02115eab-aba8-4e16-8a4d-1257cafedddf,senate,2026-08-25,,,,20260825T1602Z,backfill
0237013e-86ec-449e-80aa-18cbfaa22a95,senate,2026-08-25,,,,20260825T1602Z,backfill
024c859b-2886-4edf-90b0-4c9449ec2648,senate,2026-08-25,,,,20260825T1602Z,backfill
025cc231-0964-4f3b-a84a-b33d8b5572e3,senate,2026-08-25,,,,20260825T1602Z,backfill
026ff795-7e4d-446b-aff2-8d01be09e318,senate,2026-08-25,,,,20260825T1602Z,backfill
02954bb2-1254-4cb1-b369-7a9f82a41dd0,senate,2026-08-25,,,,20260825T1602Z,backfill
029bd30d-5f2a-4ad4-9235-4e153b41a29e,senate,2026-08-25,,,,20260825T1602Z,backfill
029f67f3-121a-406c-bddf-a9a7e7d6267b,senate,2026-08-25,,,,20260825T1602Z,backfill
02c266b1-25a7-41d4-93f3-886b437e97a6,senate,2026-08-25,,,,20260825T1602Z,backfill
02f4f88f-5607-4fd6-a686-2d2b78890db2,senate,2026-08-25,,,,20260825T1602Z,backfill
02f8b979-2850-4db9-a537-a768e1eb7a67,senate,2026-08-25,,,,20260825T1602Z,backfill
033d040a-4fe0-4d8e-a37e-355a174d0b52,senate,2026-08-25,,,,20260825T1602Z,backfill
0383f798-74f7-466c-8ecc-2cd1873526eb,senate,2026-08-25,,,,20260825T1602Z,backfill
03EADD6B-C1A4-45F8-AC63-78E1C4787AC0,senate,2026-08-25,,,,20260825T1602Z,backfill
03ac42db-829c-4c48-8624-fa9dd85f1ad7,senate,2026-08-25,,,,20260825T1602Z,backfill
03b9dc2b-2e00-44ed-8b2f-cfc729313f92,senate,2026-08-25,,,,20260825T1602Z,backfill
03cb719a-2b68-4f51-b5ee-c96a9b9b9e13,senate,2026-08-25,,,,20260825T1602Z,backfill
03dd1dcd-f724-4af3-800b-93e9d1fb3fd0,senate,2026-08-25,,,,20260825T1602Z,backfill
03e0a1db-2fe8-409f-ae3e-61ab61e14cae,senate,2026-08-25,,,,20260825T1602Z,backfill
04487b72-9a2e-4ba2-815d-bb092850f6a6,senate,2026-08-25,,,,20260825T1602Z,backfill
044ee3b6-5fd0-48cc-a54a-a60e79d6a4f0,senate,2026-08-25,,,,20260825T1602Z,backfill
045f76aa-7ae2-4040-a603-67b5ebc3b271,senate,2026-08-25,,,,20260825T1602Z,backfill
047cd045-9b5d-402a-aebe-5bef2fba6678,senate,2026-08-25,,,,20260825T1602Z,backfill
04d279c4-2a06-42c9-94ab-903e116a76be,senate,2026-08-25,,,,20260825T1602Z,backfill
04e493df-007d-47d8-b65c-d0811d3e0f3b,senate,2026-08-25,,,,20260825T1602Z,backfill
050accd8-143f-4578-b3b0-9d4852cb9a72,senate,2026-08-25,,,,20260825T1602Z,backfill
058352a8-724f-4732-abea-a29791a161ef,senate,2026-08-25,,,,20260825T1602Z,backfill
058d2627-f241-431d-a70f-fd71f9168924,senate,2026-08-25,,,,20260825T1602Z,backfill
05a652a7-5402-47c6-85ad-04c1c978815b,senate,2026-08-25,,,,20260825T1602Z,backfill
05bf0349-d8b8-492e-8a31-746223e789fd,senate,2026-08-25,,,,20260825T1602Z,backfill
05cfb9cb-8100-4305-8e0a-fb8396c94586,senate,2026-08-25,,,,20260825T1602Z,backfill
05ec5023-a80c-47ce-8f1c-02494ac41ba3,senate,2026-08-25,,,,20260825T1602Z,backfill
05ee8aed-9bbc-48ba-9cb5-037e8f1c7d3b,senate,2026-08-25,,,,20260825T1602Z,backfill
05f5d46b-c3b0-4ef3-aaa6-a1f49574b5af,senate,2026-08-25,,,,20260825T1602Z,backfill
064147b0-70e4-4673-89da-47696ed9f834,senate,2026-08-25,,,,20260825T1602Z,backfill
0646854C-A5E3-49CC-9063-084B25BCBC3B,senate,2026-08-25,,,,20260825T1602Z,backfill
0663c4d9-f5f8-43d4-81d3-6d46b49d4dfd,senate,2026-08-25,,,,20260825T1602Z,backfill
066c6308-05de-417b-9f8c-13e743c443e4,senate,2026-08-25,,,,20260825T1602Z,backfill
0677bd3f-167e-4cae-8f1d-05eb4340fcdc,senate,2026-08-25,,,,20260825T1602Z,backfill
06817610-b151-4531-9e35-0eb27b38ff59,senate,2026-08-25,,,,20260825T1602Z,backfill
068274e1-4b7a-4453-a242-563dde4c10d8,senate,2026-08-25,,,,20260825T1602Z,backfill
068b57a8-cf17-434d-a3a0-9af169328016,senate,2026-08-25,,,,20260825T1602Z,backfill
06A375AE-B6BF-4CB9-A675-8E4703896A18,senate,2026-08-25,,,,20260825T1602Z,backfill
06bc054e-4044-4322-80ad-ae881b8c8843,senate,2026-08-25,,,,20260825T1602Z,backfill
06c4c944-4a89-4f96-8649-7400f210b84f,senate,2026-08-25,,,,20260825T1602Z,backfill
06d6db62-37eb-4a7c-9a98-038ae20720a5,senate,2026-08-25,,,,20260825T1602Z,backfill
06ebd3f4-8ea6-439e-8cc5-2d07a4be9fa3,senate,2026-08-25,,,,20260825T1602Z,backfill
07155f69-e46a-49db-8341-66a2fab74c3c,senate,2026-08-25,,,,20260825T1602Z,backfill
07163d2f-2ddf-4e81-a2b4-210fb8a469d2,senate,2026-08-25,,,,20260825T1602Z,backfill
071a80e8-aac3-44cb-bd6e-7a7ad9f5f7b5,senate,2026-08-25,,,,20260825T1602Z,backfill
072982d0-5c5e-4658-9ea0-a25b76b80f41,senate,2026-08-25,,,,20260825T1602Z,backfill
07448275-6b41-47f5-a3ce-73c8f316a166,senate,2026-08-25,,,,20260825T1602Z,backfill
07515a5e-e784-4a94-93d7-98c916cb0df2,senate,2026-08-25,,,,20260825T1602Z,backfill
07653b65-14e6-42c1-9002-eb9a33ab450b,senate,2026-08-25,,,,20260825T1602Z,backfill
078d300c-902b-49d6-999c-4aa135b2f127,senate,2026-08-25,,,,20260825T1602Z,backfill
079240a6-19aa-42c2-b5e9-8bf5d14ab0ca,senate,2026-08-25,,,,20260825T1602Z,backfill
07935a4d-85ec-406f-8c1c-bd951dfd2903,senate,2026-08-25,,,,20260825T1602Z,backfill
079b4d68-f8a1-45a2-b43e-f5569366bfa6,senate,2026-08-25,,,,20260825T1602Z,backfill
07EFCC33-8702-496C-BC29-5B78EB7ADDB1,senate,2026-08-25,,,,20260825T1602Z,backfill
07FB8D44-1310-4330-894C-DEC36CDCD2B4,senate,2026-08-25,,,,20260825T1602Z,backfill
07a7470c-ae50-4a37-8c10-cf1c59a69674,senate,2026-08-25,,,,20260825T1602Z,backfill
07b1bcc7-c651-442f-b7d2-00d9c17cf146,senate,2026-08-25,,,,20260825T1602Z,backfill
07b4e543-0978-4d51-87d4-bc4bbe63a1fc,senate,2026-08-25,,,,20260825T1602Z,backfill
07b76e11-bd25-44ea-b098-5916b8cacaaa,senate,2026-08-25,,,,20260825T1602Z,backfill
080681c1-071e-4d56-8b59-3d01657ce768,senate,2026-08-25,,,,20260825T1602Z,backfill
080b3b25-8b84-4e40-8816-9a4e71492c89,senate,2026-08-25,,,,20260825T1602Z,backfill
084b183f-b04b-4d5d-98d4-3c3768a099ab,senate,2026-08-25,,,,20260825T1602Z,backfill
091a5ff3-b35e-4c27-bd88-c1d0858e9a97,senate,2026-08-25,,,,20260825T1602Z,backfill
09694768-3b1e-4af0-8b46-8521c00cbd96,senate,2026-08-25,,,,20260825T1602Z,backfill
0985f3bb-3c7d-4c95-984e-5acfa9541f94,senate,2026-08-25,,,,20260825T1602Z,backfill
09ad11ea-1ccd-488f-b0b4-d545f6571714,senate,2026-08-25,,,,20260825T1602Z,backfill
09b9c1ed-1d73-4f17-b6f8-7b2d92021c5b,senate,2026-08-25,,,,20260825T1602Z,backfill
0D70EF39-D892-4BEF-B1C9-121D4A30009F,senate,2026-08-25,,,,20260825T1602Z,backfill
0D8D9AF8-1BFD-442A-87CF-82197A6A1FD0,senate,2026-08-25,,,,20260825T1602Z,backfill
0a0229c8-022e-44f2-8edd-4e8df74a88a7,senate,2026-08-25,,,,20260825T1602Z,backfill
0a9a1209-6dc7-499b-be11-847b557c833d,senate,2026-08-25,,,,20260825T1602Z,backfill
0ab7eda5-7112-4fda-919b-b44b37efd191,senate,2026-08-25,,,,20260825T1602Z,backfill
0acee755-ed8e-4a93-8785-9946d8c49e03,senate,2026-08-25,,,,20260825T1602Z,backfill
0ae483c8-5984-4df3-b793-86c6902d8969,senate,2026-08-25,,,,20260825T1602Z,backfill
0af0f4bd-5898-4660-8754-3b611beab6bd,senate,2026-08-25,,,,20260825T1602Z,backfill
0b09f334-04bc-4942-b432-d9fcdae80d08,senate,2026-08-25,,,,20260825T1602Z,backfill
0b0bd265-2339-4099-830f-8b4dbc860e26,senate,2026-08-25,,,,20260825T1602Z,backfill
0b56b1ec-49bf-4d29-a1b1-3c030422f502,senate,2026-08-25,,,,20260825T1602Z,backfill
0b5d45bc-919c-42ab-970e-a7b14f080cc5,senate,2026-08-25,,,,20260825T1602Z,backfill
0b6c2641-eca3-4bdf-9c14-9208c0239a1b,senate,2026-08-25,,,,20260825T1602Z,backfill
0bf421b2-cf4e-40d8-9c9f-98ba5e535c6c,senate,2026-08-25,,,,20260825T1602Z,backfill
0c18739c-bfa5-409c-8dc0-181051acccc9,senate,2026-08-25,,,,20260825T1602Z,backfill
0c238ab7-cc33-40bd-b590-71b96409887e,senate,2026-08-25,,,,20260825T1602Z,backfill
0c3d0d20-2de7-463c-bf63-94a4277a1f2c,senate,2026-08-25,,,,20260825T1602Z,backfill
0c76c4e6-afb1-45c2-a1a3-90a1cf2f58c7,senate,2026-08-25,,,,20260825T1602Z,backfill
0c7816ca-9df7-4ed1-af40-4590dd17209f,senate,2026-08-25,,,,20260825T1602Z,backfill
0c92e943-b688-4e49-9f9a-9e52e34b5b7c,senate,2026-08-25,,,,20260825T1602Z,backfill
0cb6066b-f95a-4585-86e3-6ef83857bb5e,senate,2026-08-25,,,,20260825T1602Z,backfill
0ce898d6-4a82-4d78-a5b8-74df5b307720,senate,2026-08-25,,,,20260825T1602Z,backfill
0cf9047d-6e04-49d6-8bd6-a1044edddd0e,senate,2026-08-25,,,,20260825T1602Z,backfill
0d1cda01-6aae-49e1-9c70-b88fb6c86af8,senate,2026-08-25,,,,20260825T1602Z,backfill
0d60b065-461c-4fca-be82-d0c8e54b9ad1,senate,2026-08-25,,,,20260825T1602Z,backfill
0dbb004e-a36f-4554-986d-d8b1a9a4769a,senate,2026-08-25,,,,20260825T1602Z,backfill
0de0b87b-e6b7-4656-8450-280e0ab74803,senate,2026-08-25,,,,20260825T1602Z,backfill
0deb4ff2-088b-4dd3-9cc1-58f5b600b39b,senate,2026-08-25,,,,20260825T1602Z,backfill
0e08d912-97a1-4ab5-93b1-6c86d3b9f4d7,senate,2026-08-25,,,,20260825T1602Z,backfill
0e3cbf76-35b2-4ecb-8f87-d94a185b04d1,senate,2026-08-25,,,,20260825T1602Z,backfill
0e5d9b1e-2b51-42b9-9ead-f05d117260a8,senate,2026-08-25,,,,20260825T1602Z,backfill
0e6e0250-95fe-41a2-91ed-607a396b11cc,senate,2026-08-25,,,,20260825T1602Z,backfill
0e79d520-ab5e-4b3a-83ec-8a4c4c57538d,senate,2026-08-25,,,,20260825T1602Z,backfill
0ec02578-0c47-4fac-a16c-e12dd55bd310,senate,2026-08-25,,,,20260825T1602Z,backfill
0f136e07-eaf1-47c8-84e8-89a390dd3855,senate,2026-08-25,,,,20260825T1602Z,backfill
0f1deb54-a350-4646-9365-899394573269,senate,2026-08-25,,,,20260825T1602Z,backfill
0f3a5882-6a25-446b-8c3d-b71aeb1d63ed,senate,2026-08-25,,,,20260825T1602Z,backfill
0f75ebb1-f361-48c9-b347-b76366b49029,senate,2026-08-25,,,,20260825T1602Z,backfill
0f819f2c-7313-4c60-b906-20d04a50f5ed,senate,2026-08-25,,,,20260825T1602Z,backfill
0fa07a20-9378-4a1c-a55a-083f16baf606,senate,2026-08-25,,,,20260825T1602Z,backfill
0fb45fec-86dd-4450-a593-2137fb0c5b39,senate,2026-08-25,,,,20260825T1602Z,backfill
0fb62423-2e23-4ec0-ba06-c07646b316d4,senate,2026-08-25,,,,20260825T1602Z,backfill
0fb8d5eb-e20b-4059-96ae-db537df609c8,senate,2026-08-25,,,,20260825T1602Z,backfill
0ffa33c9-d952-436d-96fa-f5a05b712512,senate,2026-08-25,,,,20260825T1602Z,backfill
1036d588-6f60-4695-9b88-610bf7540e22,senate,2026-08-25,,,,20260825T1602Z,backfill
105c026a-24c1-4c45-b9f6-b8837b8477df,senate,2026-08-25,,,,20260825T1602Z,backfill
1124fac7-7277-4328-8740-fbaceeaac1b5,senate,2026-08-25,,,,20260825T1602Z,backfill
112fdda9-70c4-4cc5-a386-5c9491ba2d9b,senate,2026-08-25,,,,20260825T1602Z,backfill
1146e634-4ae6-4bfd-b507-9aaae89fa796,senate,2026-08-25,,,,20260825T1602Z,backfill
115febfe-55cb-4f57-8452-71748371578b,senate,2026-08-25,,,,20260825T1602Z,backfill
1179b764-b4af-4732-9948-81a32fbf2a54,senate,2026-08-25,,,,20260825T1602Z,backfill
119cb6b4-75e0-4955-9a84-21e7a2612695,senate,2026-08-25,,,,20260825T1602Z,backfill
11FB9231-B083-4ACD-9234-084718A0F00E,senate,2026-08-25,,,,20260825T1602Z,backfill
11ef2ae5-ee16-4226-9c53-3d5acad5a8c7,senate,2026-08-25,,,,20260825T1602Z,backfill
12127bd4-50d9-49b6-a294-bd79ebe9adac,senate,2026-08-25,,,,20260825T1602Z,backfill
121df9b4-2fea-46d1-8090-10cf701ddb38,senate,2026-08-25,,,,20260825T1602Z,backfill
1237c9ae-5171-4e3c-aa4d-41bd4789ce8d,senate,2026-08-25,,,,20260825T1602Z,backfill
1243bbc1-0185-4ede-a8e9-c15ab2b709ac,senate,2026-08-25,,,,20260825T1602Z,backfill
1278718c-4552-46f1-9b33-e7972215b1dd,senate,2026-08-25,,,,20260825T1602Z,backfill
12848a78-c94a-4813-9051-5b3063c718a9,senate,2026-08-25,,,,20260825T1602Z,backfill
129f391b-9bb5-4ed3-a1ce-6b4e3e2a34c9,senate,2026-08-25,,,,20260825T1602Z,backfill
12bfb6c8-5dbf-4f2a-994b-c936a0a0a91d,senate,2026-08-25,,,,20260825T1602Z,backfill
12d8ea9b-efce-4fdf-9197-c8d358f23de6,senate,2026-08-25,,,,20260825T1602Z,backfill
12e91d2d-b80a-457b-9617-8aac807b3f77,senate,2026-08-25,,,,20260825T1602Z,backfill
13374d99-cbb7-4f1c-a630-2125b6c108ab,senate,2026-08-25,,,,20260825T1602Z,backfill
1337a2d7-6022-43c2-aad8-4b92e1b581fb,senate,2026-08-25,,,,20260825T1602Z,backfill
135ebfe9-099e-4d58-ba46-f739b90d61da,senate,2026-08-25,,,,20260825T1602Z,backfill
13967099-6f71-4683-b817-7cd1620ec716,senate,2026-08-25,,,,20260825T1602Z,backfill
13a0fc2a-bbbb-4c1b-b380-d315e198d2a3,senate,2026-08-25,,,,20260825T1602Z,backfill
13cd6696-9614-4773-94dd-5f14da177d93,senate,2026-08-25,,,,20260825T1602Z,backfill
13d06aba-6825-4232-8cd2-f114dabc0938,senate,2026-08-25,,,,20260825T1602Z,backfill
141487b3-8c16-4282-bbd7-13b7ed8b9101,senate,2026-08-25,,,,20260825T1602Z,backfill
141ea86c-9411-4d3f-ae9b-ce6e5e8065d1,senate,2026-08-25,,,,20260825T1602Z,backfill
14405c0d-7a4a-4c50-a5dd-375441a0f996,senate,2026-08-25,,,,20260825T1602Z,backfill
1446099f-87a3-4c3c-a875-d2761b013d35,senate,2026-08-25,,,,20260825T1602Z,backfill
144997d6-ec78-439e-9c44-1c90b56243bf,senate,2026-08-25,,,,20260825T1602Z,backfill
14607985-10ba-44a3-bd64-9840e003b06e,senate,2026-08-25,,,,20260825T1602Z,backfill
1489e003-c0e6-4370-9068-7c42946e5555,senate,2026-08-25,,,,20260825T1602Z,backfill
1490bd57-e464-4fb8-8782-5c24eb1be1e1,senate,2026-08-25,,,,20260825T1602Z,backfill
149541b8-9421-4598-9709-0dc7caea0595,senate,2026-08-25,,,,20260825T1602Z,backfill
14af60f9-7849-45a0-8f42-c7742edfe403,senate,2026-08-25,,,,20260825T1602Z,backfill
14b3fd91-0c0b-4af8-ba20-14290c38208c,senate,2026-08-25,,,,20260825T1602Z,backfill
14b8f364-3356-42e5-980a-597d8d08e01f,senate,2026-08-25,,,,20260825T1602Z,backfill
150EDC44-0E54-48AA-9107-AEA667615811,senate,2026-08-25,,,,20260825T1602Z,backfill
15347698-e3fd-4fad-abe2-e0d9b8a7c4ab,senate,2026-08-25,,,,20260825T1602Z,backfill
1540a3ec-a046-4774-983e-be70a0245e63,senate,2026-08-25,,,,20260825T1602Z,backfill
156b69ba-6f48-4a32-b796-707093c476c6,senate,2026-08-25,,,,20260825T1602Z,backfill
1597ee5f-a104-4740-905e-753b67800a43,senate,2026-08-25,,,,20260825T1602Z,backfill
15ac8b2b-a63a-40db-b1f6-33f424456c2c,senate,2026-08-25,,,,20260825T1602Z,backfill
15b456b6-a016-42dd-abdd-4bec977f69c0,senate,2026-08-25,,,,20260825T1602Z,backfill
16082eaa-ccd7-4857-b237-9991c6842684,senate,2026-08-25,,,,20260825T1602Z,backfill
16198565-5608-4bb4-837b-4b8a02e9a050,senate,2026-08-25,,,,20260825T1602Z,backfill
161ff3c5-a401-48b8-aa82-70272dde4da1,senate,2026-08-25,,,,20260825T1602Z,backfill
16381620-d336-4b9a-98fd-86dd3364c8c5,senate,2026-08-25,,,,20260825T1602Z,backfill
16484f65-2392-4ff2-b246-ac1c2d975ca7,senate,2026-08-25,,,,20260825T1602Z,backfill
16D65434-11F3-4CCA-9A01-D929D8307E05,senate,2026-08-25,,,,20260825T1602Z,backfill
16a9d121-1b14-4ad9-90a1-e28a477e6df6,senate,2026-08-25,,,,20260825T1602Z,backfill
16a9d865-f3b4-48a6-8220-5eaeeb8c47c5,senate,2026-08-25,,,,20260825T1602Z,backfill
16afdd38-c0ec-4e37-bc05-cbd82901b43f,senate,2026-08-25,,,,20260825T1602Z,backfill
16cc4156-6e05-4ccb-b223-7c05496a6dd8,senate,2026-08-25,,,,20260825T1602Z,backfill
16dbaa35-78f8-4354-b6ec-b58b74a91a3b,senate,2026-08-25,,,,20260825T1602Z,backfill
17084d65-abba-41b4-a572-2825ab94fa9c,senate,2026-08-25,,,,20260825T1602Z,backfill
173139f7-fce3-4058-8b88-94dcbb7be692,senate,2026-08-25,,,,20260825T1602Z,backfill
17792029-d977-49d7-8d9c-042dc3d342e9,senate,2026-08-25,,,,20260825T1602Z,backfill
177da1cd-00da-40c7-b244-5dab13d3fc50,senate,2026-08-25,,,,20260825T1602Z,backfill
17caad4c-3801-48b6-85b5-b4bfbe09be8b,senate,2026-08-25,,,,20260825T1602Z,backfill
17cb92a5-f23f-4320-a96d-892ee76c92d9,senate,2026-08-25,,,,20260825T1602Z,backfill
17f2fb92-a548-45bc-9033-bd6b50703caa,senate,2026-08-25,,,,20260825T1602Z,backfill
17fc6d2d-4992-420c-a064-32cec375ed31,senate,2026-08-25,,,,20260825T1602Z,backfill
185eedae-ceda-4e66-b427-b8924f408b00,senate,2026-08-25,,,,20260825T1602Z,backfill
1867563f-44a7-41d0-8e2e-96ddf747eae4,senate,2026-08-25,,,,20260825T1602Z,backfill
189164e7-8083-4246-a9c9-32ef1bcc0b3c,senate,2026-08-25,,,,20260825T1602Z,backfill
18a1aea6-282e-4152-b3dd-d773e0302c7e,senate,2026-08-25,,,,20260825T1602Z,backfill
18c33f81-90a3-4bc3-a8d9-a7cc62898c64,senate,2026-08-25,,,,20260825T1602Z,backfill
18dfab98-8104-46dc-be0f-032d88eaa069,senate,2026-08-25,,,,20260825T1602Z,backfill
18f07909-0ca6-4804-8503-d83c0b84a15e,senate,2026-08-25,,,,20260825T1602Z,backfill
18fe7224-f911-47a4-ade4-8084b1cdb9cc,senate,2026-08-25,,,,20260825T1602Z,backfill
19100e4c-0acb-45fb-9eb3-34ec9460d5e9,senate,2026-08-25,,,,20260825T1602Z,backfill
19361CEA-BD67-45FD-A6FD-7A47E072CA0F,senate,2026-08-25,,,,20260825T1602Z,backfill
196d2697-baa7-43ed-bbd2-f35823eae0f8,senate,2026-08-25,,,,20260825T1602Z,backfill
1975ed1c-b99e-4719-8a8f-f81f2b63d7ac,senate,2026-08-25,,,,20260825T1602Z,backfill
19829594-5717-4584-9c23-352c638d83b3,senate,2026-08-25,,,,20260825T1602Z,backfill
19885715-1a99-459e-bfce-8f5f57ca5e94,senate,2026-08-25,,,,20260825T1602Z,backfill
19885961-3e99-41ee-ab6b-e32a1e5d360e,senate,2026-08-25,,,,20260825T1602Z,backfill
19a274dd-2f9c-4468-b9f2-dc68f2d2ac6b,senate,2026-08-25,,,,20260825T1602Z,backfill
19aa90af-3557-4b85-aab8-32337e8a93d8,senate,2026-08-25,,,,20260825T1602Z,backfill
19ab8dfe-79bd-427f-ade0-c62df4f377ad,senate,2026-08-25,,,,20260825T1602Z,backfill
19b4badb-691c-451d-90a1-5f8e68c3750d,senate,2026-08-25,,,,20260825T1602Z,backfill
19d089ab-729e-4b52-95c4-585a9b085b55,senate,2026-08-25,,,,20260825T1602Z,backfill
19dc3e18-b10f-465d-8f37-117ab78a8d0b,senate,2026-08-25,,,,20260825T1602Z,backfill
19dc5bc2-296b-459f-89c4-778307ee9556,senate,2026-08-25,,,,20260825T1602Z,backfill
19ef112b-74fa-4106-bcaf-93591448b7a0,senate,2026-08-25,,,,20260825T1602Z,backfill
1AF08743-0E7D-4B92-9BE7-B781FEC5AF66,senate,2026-08-25,,,,20260825T1602Z,backfill
1E0B4A32-38D3-44F7-9834-8724E273CEB0,senate,2026-08-25,,,,20260825T1602Z,backfill
1EB806E5-3D99-481B-B45C-5392CEBCC092,senate,2026-08-25,,,,20260825T1602Z,backfill
1FA31695-2481-47BC-A8B8-2B39D4D0B97E,senate,2026-08-25,,,,20260825T1602Z,backfill
1a744b68-61f5-4313-9eb4-533bd2f33aee,senate,2026-08-25,,,,20260825T1602Z,backfill
1a756e7a-56c4-4406-8a4b-1f6c549bd17d,senate,2026-08-25,,,,20260825T1602Z,backfill
1a835b25-69c9-4c0c-bb0f-e7ac31c19500,senate,2026-08-25,,,,20260825T1602Z,backfill
1a861004-b7f4-4dbd-9186-60bc49286562,senate,2026-08-25,,,,20260825T1602Z,backfill
1abf71df-3cf3-47b5-9f8f-16ca358a157e,senate,2026-08-25,,,,20260825T1602Z,backfill
1b04b582-230b-49c3-8889-b02a7f58b9ce,senate,2026-08-25,,,,20260825T1602Z,backfill
1b2188b2-5f0b-4fd1-ac5b-0f381757af89,senate,2026-08-25,,,,20260825T1602Z,backfill
1b750f03-1ac9-47b7-956f-fb0dc85ca537,senate,2026-08-25,,,,20260825T1602Z,backfill
1b7e3f54-6b1e-45f5-a7b4-a05d6fbe62d6,senate,2026-08-25,,,,20260825T1602Z,backfill
1b8ecec1-6173-4931-aca2-a551163fefad,senate,2026-08-25,,,,20260825T1602Z,backfill
1bae21d6-4cec-4c77-9a14-d52256f5ea57,senate,2026-08-25,,,,20260825T1602Z,backfill
1c08a95d-02db-456c-8b96-e3e27ed2dc29,senate,2026-08-25,,,,20260825T1602Z,backfill
1c14b10b-125f-43df-b190-910a13679b12,senate,2026-08-25,,,,20260825T1602Z,backfill
1c1c89fb-788c-4a3c-a6ae-1a3f790e6e62,senate,2026-08-25,,,,20260825T1602Z,backfill
1c67a189-fb8a-42ed-a265-91ebaf4af2e3,senate,2026-08-25,,,,20260825T1602Z,backfill
1ca02c35-f720-4d35-9c3c-e7b9f25b81c6,senate,2026-08-25,,,,20260825T1602Z,backfill
1ce2fd56-5a76-4de8-ba9f-a1cf840172be,senate,2026-08-25,,,,20260825T1602Z,backfill
1cf38adc-6469-45fe-a46b-bd48146af165,senate,2026-08-25,,,,20260825T1602Z,backfill
1d31d4e4-ff04-488c-8fb4-b5136d4d078b,senate,2026-08-25,,,,20260825T1602Z,backfill
1d3a7fe5-fb35-4229-8ec2-f2caac84bb02,senate,2026-08-25,,,,20260825T1602Z,backfill
1d4c2a70-18ec-4a6a-a524-707e6c937aca,senate,2026-08-25,,,,20260825T1602Z,backfill
1d6d6efd-3e8b-4702-b437-20dd08c9bce0,senate,2026-08-25,,,,20260825T1602Z,backfill
1d84ad6b-1e5f-45b7-a95a-a9cdcb46c69b,senate,2026-08-25,,,,20260825T1602Z,backfill
1dae4e2c-0fe3-46d5-9ab3-78454252da12,senate,2026-08-25,,,,20260825T1602Z,backfill
1dc29bd3-4a8b-4561-baf5-abf38843b96e,senate,2026-08-25,,,,20260825T1602Z,backfill
1dcead78-4298-43b4-a3aa-fa3c09ba2f4d,senate,2026-08-25,,,,20260825T1602Z,backfill
1de2ebb1-01be-46f9-9b02-9e4b7b6c5a09,senate,2026-08-25,,,,20260825T1602Z,backfill
1de8728d-7085-4ddc-8275-d10d2684ff60,senate,2026-08-25,,,,20260825T1602Z,backfill
1debb953-82f1-4cd3-a038-ee7c85d975f8,senate,2026-08-25,,,,20260825T1602Z,backfill
1e086831-c7e8-43cd-a11d-dd366a27f400,senate,2026-08-25,,,,20260825T1602Z,backfill
1e345459-9cbe-4434-99ed-eaca63641fb3,senate,2026-08-25,,,,20260825T1602Z,backfill
1e74ebeb-9ecc-4ea4-8fd3-3025d02ffef8,senate,2026-08-25,,,,20260825T1602Z,backfill
1f0a3c8a-f322-43ac-8c3f-1f972a00d263,senate,2026-08-25,,,,20260825T1602Z,backfill
1f256949-caed-40d5-8076-d9243221bbc4,senate,2026-08-25,,,,20260825T1602Z,backfill
1f48b3e2-dafe-4f0a-ab51-32cb30c9337b,senate,2026-08-25,,,,20260825T1602Z,backfill
1f722e86-cc10-49b9-8dcc-62fb6251fc5f,senate,2026-08-25,,,,20260825T1602Z,backfill
1f88d468-fa98-4064-bc40-05cc6f58b555,senate,2026-08-25,,,,20260825T1602Z,backfill
1f92054e-7799-4438-a50c-dc4930429f4f,senate,2026-08-25,,,,20260825T1602Z,backfill
1faaea57-05b9-4b83-872b-7e6d806c5c56,senate,2026-08-25,,,,20260825T1602Z,backfill
1fd6d368-0262-4c40-bc47-1fff0f8a3ae6,senate,2026-08-25,,,,20260825T1602Z,backfill
1fddad5d-761e-48ac-8289-a7d72735d85f,senate,2026-08-25,,,,20260825T1602Z,backfill
1fe6bf0d-643f-4997-98ce-b40bee3b95af,senate,2026-08-25,,,,20260825T1602Z,backfill
203e3dbb-63d3-415c-a541-b3ca2c5d18e0,senate,2026-08-25,,,,20260825T1602Z,backfill
20466568-8119-4ec3-9c04-ce7f217934db,senate,2026-08-25,,,,20260825T1602Z,backfill
207b2bfd-7eb4-4295-83e4-8d5a9d7c4fae,senate,2026-08-25,,,,20260825T1602Z,backfill
20819b5e-4756-4fc4-bb40-3a1e79569a4d,senate,2026-08-25,,,,20260825T1602Z,backfill
2089ac5e-1cb6-4365-9c64-74fe7ebfa458,senate,2026-08-25,,,,20260825T1602Z,backfill
213f297e-85a8-45ce-9d16-6154ccd71fde,senate,2026-08-25,,,,20260825T1602Z,backfill
215cfeb4-8893-4c0c-a034-2bbcfc4296b5,senate,2026-08-25,,,,20260825T1602Z,backfill
217dbf6f-8941-4967-94d3-22bf039e1d30,senate,2026-08-25,,,,20260825T1602Z,backfill
218c16a3-d408-4cc0-aa89-08730d05dfc3,senate,2026-08-25,,,,20260825T1602Z,backfill
21a365ca-4cce-46e3-8e60-aaf5f9b9b090,senate,2026-08-25,,,,20260825T1602Z,backfill
21aac4a2-b3ab-45de-965e-e56943678ea7,senate,2026-08-25,,,,20260825T1602Z,backfill
21f72e24-9365-46e8-8cfc-c5a5a2a4ca99,senate,2026-08-25,,,,20260825T1602Z,backfill
2205c9e4-70b5-460e-883b-7bde6ad8b883,senate,2026-08-25,,,,20260825T1602Z,backfill
220d9ddf-1dbe-4955-a86e-ae084f710a78,senate,2026-08-25,,,,20260825T1602Z,backfill
2235b033-9cb7-43af-8e69-d55ce1a23561,senate,2026-08-25,,,,20260825T1602Z,backfill
223c257d-c473-401f-bcf1-d76494f15a9d,senate,2026-08-25,,,,20260825T1602Z,backfill
2291106e-4f4d-41be-887f-7e2a72d30814,senate,2026-08-25,,,,20260825T1602Z,backfill
22badbaf-6e93-484f-a336-885432370f1a,senate,2026-08-25,,,,20260825T1602Z,backfill
22e90ec7-94da-45e7-8e4c-220586b552ac,senate,2026-08-25,,,,20260825T1602Z,backfill
23092692-9a3b-418e-85b9-3b660a52db8c,senate,2026-08-25,,,,20260825T1602Z,backfill
2315722c-3ef7-4724-aef7-80c564b1dbb7,senate,2026-08-25,,,,20260825T1602Z,backfill
23551b1d-69dc-4622-9c3c-304ba11d4047,senate,2026-08-25,,,,20260825T1602Z,backfill
2368ffd1-ae27-4cea-bed8-f64f86ce78ca,senate,2026-08-25,,,,20260825T1602Z,backfill
2370428e-29f1-4129-b870-ec79f89a6518,senate,2026-08-25,,,,20260825T1602Z,backfill
23a66446-0a5f-4f04-8e57-da53c701b4c2,senate,2026-08-25,,,,20260825T1602Z,backfill
24599111-b376-47d5-8777-f742400a6da6,senate,2026-08-25,,,,20260825T1602Z,backfill
245dac61-1d02-4b5d-8f12-fe30720ca1d5,senate,2026-08-25,,,,20260825T1602Z,backfill
24979d6b-a2a6-41c5-b62f-533ca7611c55,senate,2026-08-25,,,,20260825T1602Z,backfill
249f20cb-fc6c-4cff-a7ba-5d32e5c2f945,senate,2026-08-25,,,,20260825T1602Z,backfill
24a82dfc-b32a-4ec8-b78c-f72ec81f32d1,senate,2026-08-25,,,,20260825T1602Z,backfill
24de2641-3181-40f8-9d63-447604338f95,senate,2026-08-25,,,,20260825T1602Z,backfill
24deb6c7-36d1-4688-96ec-8116e867d18f,senate,2026-08-25,,,,20260825T1602Z,backfill
2514c589-23f0-40dc-9210-4d0ff4901554,senate,2026-08-25,,,,20260825T1602Z,backfill
252cb80b-a178-4762-8e33-d1d3776a0656,senate,2026-08-25,,,,20260825T1602Z,backfill
2596ce07-c156-4060-806c-d3fda6531a74,senate,2026-08-25,,,,20260825T1602Z,backfill
2596f23a-bfab-416a-8971-dab737a46efc,senate,2026-08-25,,,,20260825T1602Z,backfill
25c4bc94-c83d-4349-a5f5-6cd34744828c,senate,2026-08-25,,,,20260825T1602Z,backfill
25e0814a-7ea9-41b7-96e6-9c59fbc8c0e3,senate,2026-08-25,,,,20260825T1602Z,backfill
263a0113-cdbb-43b8-a994-75fec2fd65c4,senate,2026-08-25,,,,20260825T1602Z,backfill
265964e0-3d22-4a52-af4f-37916b56390d,senate,2026-08-25,,,,20260825T1602Z,backfill
267d588f-a44e-46c0-8654-9b6396851c34,senate,2026-08-25,,,,20260825T1602Z,backfill
26872dd7-d40c-4a4b-8e56-61247342455b,senate,2026-08-25,,,,20260825T1602Z,backfill
2697b867-b20d-47be-98d3-a8d19339b36d,senate,2026-08-25,,,,20260825T1602Z,backfill
26ae70ce-c44b-4186-b6f3-89b7b9a00b0a,senate,2026-08-25,,,,20260825T1602Z,backfill
26f2c5b8-4bed-4ba0-a4b0-94ddcddc8d95,senate,2026-08-25,,,,20260825T1602Z,backfill
27166ff1-200c-49ab-a4cf-52c6d5fb235a,senate,2026-08-25,,,,20260825T1602Z,backfill
27190d45-df1c-4988-a69a-3281d4ad02e5,senate,2026-08-25,,,,20260825T1602Z,backfill
271a3069-d7e5-42c3-8c9e-75256012717f,senate,2026-08-25,,,,20260825T1602Z,backfill
2720c946-d861-4079-b392-d2d4bc8af95c,senate,2026-08-25,,,,20260825T1602Z,backfill
272165ed-f8a4-4fc5-a160-faf91ddb4f35,senate,2026-08-25,,,,20260825T1602Z,backfill
272a44f0-e514-4d0a-993d-bc69316c77aa,senate,2026-08-25,,,,20260825T1602Z,backfill
275ee2fc-a05b-4cee-8f0f-fa07992fc267,senate,2026-08-25,,,,20260825T1602Z,backfill
2779d26c-934c-4ea5-ad30-a783508dcd9c,senate,2026-08-25,,,,20260825T1602Z,backfill
27814738-4c62-4dcf-861c-c3662be473e8,senate,2026-08-25,,,,20260825T1602Z,backfill
27c02c5d-a76b-4d5d-9f4e-758c6d91b4c5,senate,2026-08-25,,,,20260825T1602Z,backfill
27dda4bd-c665-48e0-be5c-e1c3cb0f78db,senate,2026-08-25,,,,20260825T1602Z,backfill
27f15751-bcec-4e3e-a0ab-d7e843c08d06,senate,2026-08-25,,,,20260825T1602Z,backfill
2804d5d8-9616-4854-80bc-62d298b46986,senate,2026-08-25,,,,20260825T1602Z,backfill
282d1640-d7cd-441e-845b-00f68a3a449d,senate,2026-08-25,,,,20260825T1602Z,backfill
2842ecf5-a3c9-4263-a25b-cb6ddde63186,senate,2026-08-25,,,,20260825T1602Z,backfill
2853a408-a50a-44a1-88a6-62d939858430,senate,2026-08-25,,,,20260825T1602Z,backfill
286126a9-0b94-4462-b5c4-69bd099f437b,senate,2026-08-25,,,,20260825T1602Z,backfill
28678982-72de-419a-b2c9-5ead837ddc57,senate,2026-08-25,,,,20260825T1602Z,backfill
288c9d97-88cf-42f7-8736-661d3a564ef7,senate,2026-08-25,,,,20260825T1602Z,backfill
28bf7855-e1b2-48b6-bae0-d98bc771ac25,senate,2026-08-25,,,,20260825T1602Z,backfill
28d9700b-a9f1-4e60-bcbc-a8e2e378ebf8,senate,2026-08-25,,,,20260825T1602Z,backfill
28e79480-3dcb-4793-86ed-48e7fd214587,senate,2026-08-25,,,,20260825T1602Z,backfill
2969d359-4901-4bd8-a92d-74fbf37573e6,senate,2026-08-25,,,,20260825T1602Z,backfill
29828a0d-22e7-4acf-b0e4-2a340947b79e,senate,2026-08-25,,,,20260825T1602Z,backfill
298d2c2a-63ac-4d94-8be4-3717a336f30c,senate,2026-08-25,,,,20260825T1602Z,backfill
298ebe23-17e0-41d0-9e5c-c398ae350857,senate,2026-08-25,,,,20260825T1602Z,backfill
29d797a6-e3ff-4d76-9ee9-2e3840adb15b,senate,2026-08-25,,,,20260825T1602Z,backfill
2D5E7EA6-DD61-4C3B-A886-63F586C54E1B,senate,2026-08-25,,,,20260825T1602Z,backfill
2a123633-1454-49ff-8c3b-c4028372a119,senate,2026-08-25,,,,20260825T1602Z,backfill
2a393d64-8daa-4b4b-9fe0-82923c3b0544,senate,2026-08-25,,,,20260825T1602Z,backfill
2a44cb08-3279-4b2c-823e-43448b5f089b,senate,2026-08-25,,,,20260825T1602Z,backfill
2a765d2c-1938-48c6-bdb6-1cda693e0e50,senate,2026-08-25,,,,20260825T1602Z,backfill
2a995961-ea87-4b8c-8387-790256d6a672,senate,2026-08-25,,,,20260825T1602Z,backfill
2ae1f15e-73c5-40ea-bff7-28aecdbeb585,senate,2026-08-25,,,,20260825T1602Z,backfill
2b07ac8b-6341-4450-9a12-ed0ad3fe7b8d,senate,2026-08-25,,,,20260825T1602Z,backfill
2b47d301-0318-4604-bd14-a0b9c1b8437f,senate,2026-08-25,,,,20260825T1602Z,backfill
2b56957f-6859-43e2-a447-898509c7f142,senate,2026-08-25,,,,20260825T1602Z,backfill
2b673a0c-ae43-4d97-bc88-3dd6f36a9fe6,senate,2026-08-25,,,,20260825T1602Z,backfill
2bad305c-8d1e-404e-97bd-c6389864832e,senate,2026-08-25,,,,20260825T1602Z,backfill
2bc0e244-3dad-4723-a878-c62957b5d63a,senate,2026-08-25,,,,20260825T1602Z,backfill
2bea78ab-9ff7-46ca-8d73-6bd2b049c421,senate,2026-08-25,,,,20260825T1602Z,backfill
2c09f31e-0a1f-4905-9a71-7750a856111d,senate,2026-08-25,,,,20260825T1602Z,backfill
2c16529c-a84c-4337-b3af-8210640f0c87,senate,2026-08-25,,,,20260825T1602Z,backfill
2c4705cc-0f3e-4105-9093-f82fcec8bacd,senate,2026-08-25,,,,20260825T1602Z,backfill
2c50727e-eb4d-4dc1-a092-456e4d6e8dab,senate,2026-08-25,,,,20260825T1602Z,backfill
2c7444a7-64a1-412c-a6d7-c6b3c54de9fe,senate,2026-08-25,,,,20260825T1602Z,backfill
2c7b33c4-c85b-44a8-b8f7-cfe2f15961f5,senate,2026-08-25,,,,20260825T1602Z,backfill
2ca6abb5-07a6-4ef9-8ccc-2c838807ac22,senate,2026-08-25,,,,20260825T1602Z,backfill
2caaacb0-a481-4259-99f6-82650268df41,senate,2026-08-25,,,,20260825T1602Z,backfill
2cd90465-7aef-4f33-881a-57cbf4f439ef,senate,2026-08-25,,,,20260825T1602Z,backfill
2d0972d0-fd7d-472b-bc07-33863c26fddb,senate,2026-08-25,,,,20260825T1602Z,backfill
2d09ce3a-1dfb-4110-b9aa-fe0dbde0d490,senate,2026-08-25,,,,20260825T1602Z,backfill
2d59cb0c-ba0d-4d1d-af20-4aa1d70582d7,senate,2026-08-25,,,,20260825T1602Z,backfill
2d6428b6-c786-4e23-958f-a9d887b893d7,senate,2026-08-25,,,,20260825T1602Z,backfill
2d940cf0-3a7b-4b26-bcce-2e94b43c3af6,senate,2026-08-25,,,,20260825T1602Z,backfill
2da30c4c-254e-4482-83af-afbf6ddbd96e,senate,2026-08-25,,,,20260825T1602Z,backfill
2db68076-a5e6-49c9-9d73-6017b6885e67,senate,2026-08-25,,,,20260825T1602Z,backfill
2de36776-059f-4038-8486-25ebce212b1b,senate,2026-08-25,,,,20260825T1602Z,backfill
2e076759-19df-458d-a3be-53610b8be5d0,senate,2026-08-25,,,,20260825T1602Z,backfill
2e18b058-5d98-4ccc-bc0f-6c29c21defd6,senate,2026-08-25,,,,20260825T1602Z,backfill
2e2d60b5-7f9d-43a8-8343-ddc2558d087c,senate,2026-08-25,,,,20260825T1602Z,backfill
2e2e3c0d-9629-4854-bb08-5d0cac58c89e,senate,2026-08-25,,,,20260825T1602Z,backfill
2e50e1da-397c-46f8-bc52-e0284fd499fb,senate,2026-08-25,,,,20260825T1602Z,backfill
2ee30018-7380-4807-8a41-79d413b008e8,senate,2026-08-25,,,,20260825T1602Z,backfill
2f191d07-0340-4367-ba29-a81216bb20e3,senate,2026-08-25,,,,20260825T1602Z,backfill
2f4e395e-7637-45c7-a85a-72823a87918c,senate,2026-08-25,,,,20260825T1602Z,backfill
2f506d44-7547-4211-a8ac-26698fb8f3c4,senate,2026-08-25,,,,20260825T1602Z,backfill
2f96648f-acf8-4f28-9e05-ad1d6ebac36d,senate,2026-08-25,,,,20260825T1602Z,backfill
2fc8e17b-0db3-404a-b617-b180804063c6,senate,2026-08-25,,,,20260825T1602Z,backfill
2fe6b2b0-a472-428d-bbe7-e20d2d1d2d48,senate,2026-08-25,,,,20260825T1602Z,backfill
3000341a-63cf-4512-876d-9bf80a74eaf7,senate,2026-08-25,,,,20260825T1602Z,backfill
300d9599-4ab7-4403-a615-c08a033aa6f4,senate,2026-08-25,,,,20260825T1602Z,backfill
3073357f-338e-4f4f-b3eb-5c0feabcfa74,senate,2026-08-25,,,,20260825T1602Z,backfill
3091f74a-6d05-49da-b260-8c6866ce7fa5,senate,2026-08-25,,,,20260825T1602Z,backfill
30986bcb-c94b-406a-8c4c-2927590e1d22,senate,2026-08-25,,,,20260825T1602Z,backfill
30FFA407-999E-4F25-B2E4-E5ACD6EC5CD9,senate,2026-08-25,,,,20260825T1602Z,backfill
30b754b9-ef64-4993-91ff-1fa1078e1c05,senate,2026-08-25,,,,20260825T1602Z,backfill
30c3b59c-377c-432c-a177-f6e5f38debd6,senate,2026-08-25,,,,20260825T1602Z,backfill
3119e824-d7fa-44df-8f51-e33693af10bd,senate,2026-08-25,,,,20260825T1602Z,backfill
31454250-4305-4787-830c-740d36258a45,senate,2026-08-25,,,,20260825T1602Z,backfill
3152e433-26a5-4926-80af-3bb78ea21833,senate,2026-08-25,,,,20260825T1602Z,backfill
315cd41e-0e2e-492b-9fc6-32bb92100734,senate,2026-08-25,,,,20260825T1602Z,backfill
3175a7f0-30d8-4e25-b9bf-87b017f45132,senate,2026-08-25,,,,20260825T1602Z,backfill
31980453-e298-4f21-9134-5d0b1a0e6491,senate,2026-08-25,,,,20260825T1602Z,backfill
31ba15f9-3190-4872-8094-7044810a33c8,senate,2026-08-25,,,,20260825T1602Z,backfill
31c14513-bc60-4d79-a426-210190638482,senate,2026-08-25,,,,20260825T1602Z,backfill
31e8128b-93b6-4a0d-88b2-2c54c6e802fc,senate,2026-08-25,,,,20260825T1602Z,backfill
31ef88ae-376c-48cc-8189-4038ce47b405,senate,2026-08-25,,,,20260825T1602Z,backfill
321917b2-65f8-4370-9dc8-bf462aab5a9b,senate,2026-08-25,,,,20260825T1602Z,backfill
3224ecf0-f45b-4f71-b092-a7cce9350ef8,senate,2026-08-25,,,,20260825T1602Z,backfill
32274587-17b3-4a09-ade9-99b7dc0436ba,senate,2026-08-25,,,,20260825T1602Z,backfill
3235ca53-346d-4905-94b6-2dc6e50bc2c7,senate,2026-08-25,,,,20260825T1602Z,backfill
3238bf58-9c4f-451d-ac58-4dc53369e738,senate,2026-08-25,,,,20260825T1602Z,backfill
323d6a47-cb2a-4ff4-8b0b-774a6312a1fa,senate,2026-08-25,,,,20260825T1602Z,backfill
324d2ffc-178b-417a-aecb-5c86481ba4bc,senate,2026-08-25,,,,20260825T1602Z,backfill
32550a8f-923e-416f-84f3-e19ab4f148b1,senate,2026-08-25,,,,20260825T1602Z,backfill
3255d218-079d-48fa-8adb-e80312374a77,senate,2026-08-25,,,,20260825T1602Z,backfill
32716812-f6b3-4ef5-a6e0-97befaf29de5,senate,2026-08-25,,,,20260825T1602Z,backfill
32a40eaa-a4a2-4bc3-a594-1c05cbe0531b,senate,2026-08-25,,,,20260825T1602Z,backfill
32aa0827-b7a8-4909-b6a4-5f3e1d0281e0,senate,2026-08-25,,,,20260825T1602Z,backfill
32bb45d0-bd8d-4f3c-9003-69e577c4e6ae,senate,2026-08-25,,,,20260825T1602Z,backfill
32bf0111-becd-47e8-bc3d-74caf0bd364a,senate,2026-08-25,,,,20260825T1602Z,backfill
32f5972d-f18a-4bd7-be67-4a856a5b9ff7,senate,2026-08-25,,,,20260825T1602Z,backfill
331e9f42-09c3-4edc-b923-a1566486262c,senate,2026-08-25,,,,20260825T1602Z,backfill
331fc417-1f96-4a2e-a164-b15fc2493281,senate,2026-08-25,,,,20260825T1602Z,backfill
332020b5-647b-49c1-afa2-7be502f72c34,senate,2026-08-25,,,,20260825T1602Z,backfill
33379f87-4267-4484-baa7-1f48a4375f65,senate,2026-08-25,,,,20260825T1602Z,backfill
33773030-9b75-4f65-928f-f9ad31504f55,senate,2026-08-25,,,,20260825T1602Z,backfill
33782dc2-cf18-4f2f-82c3-64d6e9572596,senate,2026-08-25,,,,20260825T1602Z,backfill
3382ba90-85ad-444b-8685-d09c71e787d9,senate,2026-08-25,,,,20260825T1602Z,backfill
338d0e16-a616-4e08-9302-dc37b941aa64,senate,2026-08-25,,,,20260825T1602Z,backfill
33adc80e-a7e9-443d-95d2-269d4b027478,senate,2026-08-25,,,,20260825T1602Z,backfill
33c67e54-1d07-4099-8e10-920cfe4a74d5,senate,2026-08-25,,,,20260825T1602Z,backfill
33d29259-5947-4ac6-bdb8-940d752466c9,senate,2026-08-25,,,,20260825T1602Z,backfill
33d51e53-683b-4cdc-9575-8f72f9a71d57,senate,2026-08-25,,,,20260825T1602Z,backfill
33ee814c-5aef-4c2c-9ba1-245dfd145ef4,senate,2026-08-25,,,,20260825T1602Z,backfill
33f4d3b8-e8b0-40e0-850e-8e17368e1e47,senate,2026-08-25,,,,20260825T1602Z,backfill
342b1bd1-97e7-4edd-ae16-33b8c66aa9ae,senate,2026-08-25,,,,20260825T1602Z,backfill
34e0aa3f-b58f-48ca-a412-b143434a82fb,senate,2026-08-25,,,,20260825T1602Z,backfill
34ebca60-a389-42b5-874e-c59eeea89ad6,senate,2026-08-25,,,,20260825T1602Z,backfill
3505D650-4644-4A79-9A6D-1CC293292F5C,senate,2026-08-25,,,,20260825T1602Z,backfill
3520c9a8-d39c-4f03-95ac-3a24e345444f,senate,2026-08-25,,,,20260825T1602Z,backfill
3527564d-67d0-43f7-9d70-02067a55e2fb,senate,2026-08-25,,,,20260825T1602Z,backfill
3542ce53-b0e3-46a1-92f5-8f32c262fe3d,senate,2026-08-25,,,,20260825T1602Z,backfill
354c88d3-2e47-42e9-839f-3388d26c6ee1,senate,2026-08-25,,,,20260825T1602Z,backfill
355e54ff-08df-4323-b019-5c88cf24aa6f,senate,2026-08-25,,,,20260825T1602Z,backfill
35aec3a8-60a7-4f06-bae3-3b202949e5e5,senate,2026-08-25,,,,20260825T1602Z,backfill
35d5746c-53c0-4644-b451-528768aa9b61,senate,2026-08-25,,,,20260825T1602Z,backfill
35ffbe5d-3eb2-475c-a18b-68ebedb5bc3b,senate,2026-08-25,,,,20260825T1602Z,backfill
3633fc79-a5ec-404f-99e1-d1ac6aa199d8,senate,2026-08-25,,,,20260825T1602Z,backfill
36377144-bdc9-478c-977b-1f21e765ba9d,senate,2026-08-25,,,,20260825T1602Z,backfill
3644a5ce-e1f9-4b36-9f48-65842e44f75e,senate,2026-08-25,,,,20260825T1602Z,backfill
366d62bd-723c-4708-8d48-aa636fed35bb,senate,2026-08-25,,,,20260825T1602Z,backfill
36884c7d-49e1-4b08-82a7-f567270ac9dd,senate,2026-08-25,,,,20260825T1602Z,backfill
36948320-9870-418e-9b62-709176af3ab4,senate,2026-08-25,,,,20260825T1602Z,backfill
36b58614-d07b-408b-8ff9-b5846cbe801d,senate,2026-08-25,,,,20260825T1602Z,backfill
36d82d69-0816-44bb-9d4d-5ce3cb68872b,senate,2026-08-25,,,,20260825T1602Z,backfill
370492b8-ed0a-4792-b45b-972d5da8a1e5,senate,2026-08-25,,,,20260825T1602Z,backfill
37265fce-ec98-4bba-8b2b-33b30def336f,senate,2026-08-25,,,,20260825T1602Z,backfill
374c35de-6615-4f76-85b9-7f8922bdcc37,senate,2026-08-25,,,,20260825T1602Z,backfill
376521e5-ad5e-44ec-8bd4-63847da2e049,senate,2026-08-25,,,,20260825T1602Z,backfill
378080ec-6299-4274-a5e6-aa4f68577985,senate,2026-08-25,,,,20260825T1602Z,backfill
37900303-65bf-467d-962b-76555d510b28,senate,2026-08-25,,,,20260825T1602Z,backfill
379b806a-8e3a-40ff-b363-bd95b247bc38,senate,2026-08-25,,,,20260825T1602Z,backfill
37a1741d-cb79-4dc9-9b9f-f6453ee560e8,senate,2026-08-25,,,,20260825T1602Z,backfill
37a7e285-49c2-425c-a02a-c40330e2e52b,senate,2026-08-25,,,,20260825T1602Z,backfill
37aaa273-b09d-4a9f-9962-79dde0077021,senate,2026-08-25,,,,20260825T1602Z,backfill
37b349b7-60a2-4084-852f-268cc4c0a172,senate,2026-08-25,,,,20260825T1602Z,backfill
37bcc48e-e4b7-42b4-b33c-e4b8e126fb7a,senate,2026-08-25,,,,20260825T1602Z,backfill
37d25209-4ff8-4113-a8d2-bb4b2810351e,senate,2026-08-25,,,,20260825T1602Z,backfill
382eb074-7a02-42de-ac55-12372a6be649,senate,2026-08-25,,,,20260825T1602Z,backfill
383fb792-fd57-44fb-a8d6-46909a496b33,senate,2026-08-25,,,,20260825T1602Z,backfill
3877f56e-ceb3-4e34-9659-cf52ba9efc5d,senate,2026-08-25,,,,20260825T1602Z,backfill
387cefb6-11f7-4871-89ef-5bad61124584,senate,2026-08-25,,,,20260825T1602Z,backfill
389ee4d6-3c3f-4383-9311-315a74454c90,senate,2026-08-25,,,,20260825T1602Z,backfill
38b95ec7-d871-407d-957e-724e5cefead0,senate,2026-08-25,,,,20260825T1602Z,backfill
38e883a6-03e1-43ac-ab63-41a211a5635b,senate,2026-08-25,,,,20260825T1602Z,backfill
391e03af-1dd2-43ad-97d4-d2c824997104,senate,2026-08-25,,,,20260825T1602Z,backfill
3958238C-743E-4223-AFB0-CDB74F59BA96,senate,2026-08-25,,,,20260825T1602Z,backfill
39693df5-619c-4640-ab14-d54f0786ba3a,senate,2026-08-25,,,,20260825T1602Z,backfill
39701819-7165-4d51-a3d0-47ba61e239d6,senate,2026-08-25,,,,20260825T1602Z,backfill
39aa7199-9987-407f-8d8e-2ed7a49d0339,senate,2026-08-25,,,,20260825T1602Z,backfill
39c78342-f5e4-47eb-83fd-2e101e8c1724,senate,2026-08-25,,,,20260825T1602Z,backfill
39cfdfe3-cf60-434e-ade7-953741614120,senate,2026-08-25,,,,20260825T1602Z,backfill
39da51c8-cf62-43bc-847f-6cf679e0e831,senate,2026-08-25,,,,20260825T1602Z,backfill
3E7456A0-0D3E-431F-AD3E-9644C9F22EF3,senate,2026-08-25,,,,20260825T1602Z,backfill
3a1d4542-db04-4e96-a209-2847715969b7,senate,2026-08-25,,,,20260825T1602Z,backfill
3a6112bd-ea39-47b0-ab72-5e30a8e1d9c4,senate,2026-08-25,,,,20260825T1602Z,backfill
3a779539-8451-49d2-8419-d3eb72c7922a,senate,2026-08-25,,,,20260825T1602Z,backfill
3a8bb122-7d18-4449-880a-1ed8df6dcca7,senate,2026-08-25,,,,20260825T1602Z,backfill
3ace556d-de83-4080-98f1-7848fecf7f70,senate,2026-08-25,,,,20260825T1602Z,backfill
3ade0c4c-6fe4-46cc-b318-c88b913aaab1,senate,2026-08-25,,,,20260825T1602Z,backfill
3b18c706-2218-4b34-99ae-26abe41fe899,senate,2026-08-25,,,,20260825T1602Z,backfill
3b1affbf-2359-4fef-980d-1d2600cb8731,senate,2026-08-25,,,,20260825T1602Z,backfill
3b2aaa94-9d74-4a18-8319-539e4f2e92f4,senate,2026-08-25,,,,20260825T1602Z,backfill
3b49848e-ffef-40f0-bae2-134f42e73b99,senate,2026-08-25,,,,20260825T1602Z,backfill
3b5cfa03-1914-4862-859f-fa14dd2abc1e,senate,2026-08-25,,,,20260825T1602Z,backfill
3b5e5f56-1328-473b-85bb-cf831243c8da,senate,2026-08-25,,,,20260825T1602Z,backfill
3b996061-cdb5-4066-a963-64b23988ad02,senate,2026-08-25,,,,20260825T1602Z,backfill
3bdd9340-7c8c-4ed0-898d-dad3835940d2,senate,2026-08-25,,,,20260825T1602Z,backfill
3c3a2143-08cd-4dbb-b217-2b2c76133ce5,senate,2026-08-25,,,,20260825T1602Z,backfill
3c3b2fe8-c1ea-4d84-b986-a4484cbead80,senate,2026-08-25,,,,20260825T1602Z,backfill
3c3b5ad6-91be-4cd0-9c18-fbeab62cb0fd,senate,2026-08-25,,,,20260825T1602Z,backfill
3c59754e-6ab2-4b25-9e2f-6d0e45beb83e,senate,2026-08-25,,,,20260825T1602Z,backfill
3c8c518b-3825-40e9-a845-c5ea7759fbf5,senate,2026-08-25,,,,20260825T1602Z,backfill
3c973abc-4ff7-4dbb-a52d-f8cc384b7794,senate,2026-08-25,,,,20260825T1602Z,backfill
3ca89f70-6cd2-4b06-a15d-44fd54fc58fa,senate,2026-08-25,,,,20260825T1602Z,backfill
3cfdaebe-eba9-4b90-9f87-c3b18d213656,senate,2026-08-25,,,,20260825T1602Z,backfill
3d05b76c-8d7a-4ff0-8d76-b66e8770018d,senate,2026-08-25,,,,20260825T1602Z,backfill
3d1b3c85-7b41-4183-89d6-aec3600db2a1,senate,2026-08-25,,,,20260825T1602Z,backfill
3d422ca8-7dc9-4d3f-9ab7-9f9e7daacf53,senate,2026-08-25,,,,20260825T1602Z,backfill
3d4fc7ff-d1fc-4b0a-a4a0-493a65ab9d07,senate,2026-08-25,,,,20260825T1602Z,backfill
3d55f653-61dd-434a-a389-bff086c33c09,senate,2026-08-25,,,,20260825T1602Z,backfill
3d61dcac-c059-494f-9d46-cb7f2a1b0b85,senate,2026-08-25,,,,20260825T1602Z,backfill
3d907991-077d-4816-81d5-9644415cff66,senate,2026-08-25,,,,20260825T1602Z,backfill
3da479a8-e0f2-4a53-b787-4fbbb1f075ab,senate,2026-08-25,,,,20260825T1602Z,backfill
3dabcae6-b7fd-4dd0-9ece-e936d07def11,senate,2026-08-25,,,,20260825T1602Z,backfill
3dd9dbd6-91d8-4e1e-ad52-9193a3ae0d30,senate,2026-08-25,,,,20260825T1602Z,backfill
3e0e6c8e-e659-4081-97cf-05e6f350a459,senate,2026-08-25,,,,20260825T1602Z,backfill
3e10f881-18e4-4359-8f26-3f9620a103fd,senate,2026-08-25,,,,20260825T1602Z,backfill
3e144655-b182-41f0-92ec-63388c3e62b7,senate,2026-08-25,,,,20260825T1602Z,backfill
3e37ef80-caff-4b2a-a6dd-ba4f557fd3f4,senate,2026-08-25,,,,20260825T1602Z,backfill
3e408f48-f710-420d-ba46-d2269c689a8a,senate,2026-08-25,,,,20260825T1602Z,backfill
3e8e22b4-31a1-4015-8a2d-2131d45f68ff,senate,2026-08-25,,,,20260825T1602Z,backfill
3e92b9d5-1997-481e-b106-55569cd8bd9f,senate,2026-08-25,,,,20260825T1602Z,backfill
3eb0d309-b3be-4678-b762-2f9137928430,senate,2026-08-25,,,,20260825T1602Z,backfill
3eb948ba-1409-4224-86d9-1236de63d137,senate,2026-08-25,,,,20260825T1602Z,backfill
3ec54964-5549-470b-bdcc-da34d2ddf5c2,senate,2026-08-25,,,,20260825T1602Z,backfill
3f2bd439-6c08-48d0-9bd7-6e2c010507d9,senate,2026-08-25,,,,20260825T1602Z,backfill
3f315067-5f69-42b3-b32d-063ce735957b,senate,2026-08-25,,,,20260825T1602Z,backfill
3f548fd9-50f8-47a3-826a-17d562db6065,senate,2026-08-25,,,,20260825T1602Z,backfill
3fbf28e0-d8fa-4f01-a605-eca8e912dde8,senate,2026-08-25,,,,20260825T1602Z,backfill
3fc1418c-5789-4f36-b7f5-2a9c445a756d,senate,2026-08-25,,,,20260825T1602Z,backfill
400a40ef-9e53-4b18-8c61-06e0a485cc08,senate,2026-08-25,,,,20260825T1602Z,backfill
400f71cc-d75f-4ae3-a7b1-cdf634cbd1b6,senate,2026-08-25,,,,20260825T1602Z,backfill
40116820-a759-432f-a37e-b8a118feae2d,senate,2026-08-25,,,,20260825T1602Z,backfill
4051c0ea-b864-490b-b70f-ae138819aa7e,senate,2026-08-25,,,,20260825T1602Z,backfill
40602988-914b-49a7-b7d7-e82d7b0364b2,senate,2026-08-25,,,,20260825T1602Z,backfill
40f35e56-632b-4b9d-b28c-658419ca0d53,senate,2026-08-25,,,,20260825T1602Z,backfill
41063ac9-dfc3-4b5b-b43d-7bd012bae17e,senate,2026-08-25,,,,20260825T1602Z,backfill
41868f55-ad42-4855-9aca-1764a05fb956,senate,2026-08-25,,,,20260825T1602Z,backfill
41ff1805-0b90-40c7-8337-cc3211eede2c,senate,2026-08-25,,,,20260825T1602Z,backfill
41ffb889-56b3-4aab-bb14-ef28d8568346,senate,2026-08-25,,,,20260825T1602Z,backfill
42013227-54d2-4641-ba01-d21a7d77cee7,senate,2026-08-25,,,,20260825T1602Z,backfill
425096a9-b206-40a7-86b8-67fa4081b252,senate,2026-08-25,,,,20260825T1602Z,backfill
42514ae3-1a97-4c5d-8b79-ace9e67008e5,senate,2026-08-25,,,,20260825T1602Z,backfill
42688977-19a1-49ce-8286-d3ad06e68187,senate,2026-08-25,,,,20260825T1602Z,backfill
428a100c-5ccb-4e43-9a4b-959cf8f93eba,senate,2026-08-25,,,,20260825T1602Z,backfill
4290febc-6042-4538-a193-08a9f941647c,senate,2026-08-25,,,,20260825T1602Z,backfill
42c3e250-98cf-4607-b102-1d53e2d68114,senate,2026-08-25,,,,20260825T1602Z,backfill
42cc0368-ff0e-40af-883e-9a2ddeb4bf89,senate,2026-08-25,,,,20260825T1602Z,backfill
42cc8ae3-90b8-4bfa-a230-6c08cb5f29dc,senate,2026-08-25,,,,20260825T1602Z,backfill
42ed7699-61fc-4a73-813d-4ae47af91e61,senate,2026-08-25,,,,20260825T1602Z,backfill
4333a18b-8e9d-41e9-98e1-d73006ccfe04,senate,2026-08-25,,,,20260825T1602Z,backfill
4377555C-2E74-4FF7-A2A0-AC67BDDA90B3,senate,2026-08-25,,,,20260825T1602Z,backfill
439c1ac8-2955-486b-9f9c-4f1c6524671a,senate,2026-08-25,,,,20260825T1602Z,backfill
43a27c67-0c46-4c8b-97bd-33cf17185cce,senate,2026-08-25,,,,20260825T1602Z,backfill
43a6c37c-44f6-4749-9232-1e9725258b41,senate,2026-08-25,,,,20260825T1602Z,backfill
43b7eaea-8886-47c7-ae19-f714dacbd020,senate,2026-08-25,,,,20260825T1602Z,backfill
4430ac89-7784-4f2f-8417-2f0072874995,senate,2026-08-25,,,,20260825T1602Z,backfill
444cd62d-7b2a-4745-bc27-0e09aa671956,senate,2026-08-25,,,,20260825T1602Z,backfill
4467f209-e1c4-4241-babf-c7fd057865a1,senate,2026-08-25,,,,20260825T1602Z,backfill
44683d18-2e7f-4e94-9493-ae59b7241733,senate,2026-08-25,,,,20260825T1602Z,backfill
446c7588-5f97-42c0-8983-3ca975b91793,senate,2026-08-25,,,,20260825T1602Z,backfill
4481aa87-75c5-4c72-a204-431b74c56c4e,senate,2026-08-25,,,,20260825T1602Z,backfill
44a21895-607d-48b6-89d9-0876caad796f,senate,2026-08-25,,,,20260825T1602Z,backfill
44d5e494-6825-487d-9ffd-d2e7725d5cfa,senate,2026-08-25,,,,20260825T1602Z,backfill
44e286f0-6ce0-428f-988d-224f71019607,senate,2026-08-25,,,,20260825T1602Z,backfill
45839e69-5f6a-478d-a622-5af143c9766a,senate,2026-08-25,,,,20260825T1602Z,backfill
45b4a191-b18e-4a4b-89cd-d92bc5edd777,senate,2026-08-25,,,,20260825T1602Z,backfill
45cf909c-75e9-4b12-9786-44138395a6eb,senate,2026-08-25,,,,20260825T1602Z,backfill
4664aeee-9dd2-4135-a4f7-b2ecdc786f48,senate,2026-08-25,,,,20260825T1602Z,backfill
469d1b8f-262c-4cdc-9052-2f76ce33c2bc,senate,2026-08-25,,,,20260825T1602Z,backfill
46a4afd3-3a39-448a-9c61-31e2164cbc5e,senate,2026-08-25,,,,20260825T1602Z,backfill
46cecbcc-7c1c-4cbb-aa4f-fa1d2cd63627,senate,2026-08-25,,,,20260825T1602Z,backfill
46d660a1-eca6-48cf-976e-bb7f49946397,senate,2026-08-25,,,,20260825T1602Z,backfill
46f6c806-d3b6-4432-8246-8f7a25c3b98b,senate,2026-08-25,,,,20260825T1602Z,backfill
4716d538-d7d0-4146-8ed3-d619366db4da,senate,2026-08-25,,,,20260825T1602Z,backfill
4728c5fd-8bbd-43f7-a028-d17cfb8008dc,senate,2026-08-25,,,,20260825T1602Z,backfill
4745FDCF-9BD0-4D2D-8B02-A9AB143A2246,senate,2026-08-25,,,,20260825T1602Z,backfill
475ad4bf-fb94-474c-9ecd-80529d70ace5,senate,2026-08-25,,,,20260825T1602Z,backfill
4760c9fb-67ec-40d5-9684-094527a0226b,senate,2026-08-25,,,,20260825T1602Z,backfill
47763e88-79c4-477e-af8d-5d5b3bc5ede4,senate,2026-08-25,,,,20260825T1602Z,backfill
47c0963d-3778-4581-83ad-79a29b4fe6d3,senate,2026-08-25,,,,20260825T1602Z,backfill
47c97854-cc20-4066-9374-925d20c32cd1,senate,2026-08-25,,,,20260825T1602Z,backfill
47efab39-e97d-4131-9ac2-8d68c52b7c62,senate,2026-08-25,,,,20260825T1602Z,backfill
47efc72f-6c88-4ca6-b2e1-05765c71cc26,senate,2026-08-25,,,,20260825T1602Z,backfill
482ea72a-ca70-4fd9-922a-68cd723b0ee7,senate,2026-08-25,,,,20260825T1602Z,backfill
487c7f1c-663b-4e48-b2be-60ef43888487,senate,2026-08-25,,,,20260825T1602Z,backfill
4889ab33-0e9c-4fc1-af0f-2b84b36b6047,senate,2026-08-25,,,,20260825T1602Z,backfill
489c3783-2b5b-4ff7-90c6-fd42ba60aaa1,senate,2026-08-25,,,,20260825T1602Z,backfill
48c2f7d9-a851-4012-bbf6-3ae1231796d9,senate,2026-08-25,,,,20260825T1602Z,backfill
490c872c-0a5b-47ea-a5c0-c95307a71be9,senate,2026-08-25,,,,20260825T1602Z,backfill
493baf8c-4c4a-449f-a5e6-d20fe910bf3b,senate,2026-08-25,,,,20260825T1602Z,backfill
494b2c1a-2a7d-4395-bb0b-ee26e2f2e0f5,senate,2026-08-25,,,,20260825T1602Z,backfill
49a203db-a9ea-4a15-9a86-ec96dfaeb096,senate,2026-08-25,,,,20260825T1602Z,backfill
49bb4a43-bcf9-4c82-bc9b-0f33fbf9548c,senate,2026-08-25,,,,20260825T1602Z,backfill
49fcb4d6-d449-49d2-9f2a-190fb36a2180,senate,2026-08-25,,,,20260825T1602Z,backfill
4C1D8DC4-7941-43F6-A992-95B17A2B79B4,senate,2026-08-25,,,,20260825T1602Z,backfill
4FCBD8B2-6429-40A4-8927-4F75FD84D0E1,senate,2026-08-25,,,,20260825T1602Z,backfill
4a455a6c-d453-437f-89c3-2321ef5955e6,senate,2026-08-25,,,,20260825T1602Z,backfill
4a4ea989-1531-4b37-8d79-89a7915c1cb7,senate,2026-08-25,,,,20260825T1602Z,backfill
4a7a7530-6012-4a41-8fbc-3c4842f9303e,senate,2026-08-25,,,,20260825T1602Z,backfill
4a7fff78-549e-4c76-95a0-66da2b7b46c4,senate,2026-08-25,,,,20260825T1602Z,backfill
4a942198-2478-4da7-b598-c98a9fe676da,senate,2026-08-25,,,,20260825T1602Z,backfill
4aa0094d-d9da-4a05-aa13-6d9f5d376105,senate,2026-08-25,,,,20260825T1602Z,backfill
4ab7f389-ca00-4a1e-b9e7-6eb91b8c3ebe,senate,2026-08-25,,,,20260825T1602Z,backfill
4ae9501c-7657-4472-b2f1-3a7179219dbd,senate,2026-08-25,,,,20260825T1602Z,backfill
4af0c5ff-5ecd-42ef-809c-6840e686034f,senate,2026-08-25,,,,20260825T1602Z,backfill
4b15d800-3a2e-456c-9b45-7755b89d1e03,senate,2026-08-25,,,,20260825T1602Z,backfill
4b312925-a9a6-48e1-baab-80010d8e2800,senate,2026-08-25,,,,20260825T1602Z,backfill
4b384664-d12b-465b-8219-c910566adf06,senate,2026-08-25,,,,20260825T1602Z,backfill
4b5c15fa-74ca-4e12-a0c4-3dd9ef5124b7,senate,2026-08-25,,,,20260825T1602Z,backfill
4b69867f-0376-4526-93f2-cd556b1155c9,senate,2026-08-25,,,,20260825T1602Z,backfill
4ba30498-d6c3-4bc5-9a28-076d5cb7001f,senate,2026-08-25,,,,20260825T1602Z,backfill
4bf92b64-5e3e-464d-9c7f-8a1f00305501,senate,2026-08-25,,,,20260825T1602Z,backfill
4c47b9b8-1018-4619-bc5d-7afa0a3c3abd,senate,2026-08-25,,,,20260825T1602Z,backfill
4c71b757-583d-4861-91cb-955782db8ea0,senate,2026-08-25,,,,20260825T1602Z,backfill
4c748cab-1ab3-4cc5-8c1d-5a51053c0695,senate,2026-08-25,,,,20260825T1602Z,backfill
4c78ce9f-d842-4f36-9102-48e43377166b,senate,2026-08-25,,,,20260825T1602Z,backfill
4c8b14b5-10c1-4b0c-93dc-49886f76075c,senate,2026-08-25,,,,20260825T1602Z,backfill
4cd922af-4042-4e18-b9d2-0592f5a3c526,senate,2026-08-25,,,,20260825T1602Z,backfill
4cdd93be-dfaf-465a-820f-616ae1f0f6b0,senate,2026-08-25,,,,20260825T1602Z,backfill
4ce4bf43-4f25-4cc0-b084-4ab230a1b080,senate,2026-08-25,,,,20260825T1602Z,backfill
4d20e452-45cf-472f-b5c2-d60bf9808e6a,senate,2026-08-25,,,,20260825T1602Z,backfill
4d359280-2f74-4c48-ad3f-211aeb7e6e3a,senate,2026-08-25,,,,20260825T1602Z,backfill
4d457194-11d5-4964-bf80-c5f95d047b23,senate,2026-08-25,,,,20260825T1602Z,backfill
4d53f9d0-7982-4dd7-947f-c77e7b81f481,senate,2026-08-25,,,,20260825T1602Z,backfill
4d93dd28-cca7-448c-8143-82f36f2194ea,senate,2026-08-25,,,,20260825T1602Z,backfill
4dc9426a-51a2-4f90-94ac-1adf3ea7fb2e,senate,2026-08-25,,,,20260825T1602Z,backfill
4de1179d-9ca8-48f9-960a-81724ef5f260,senate,2026-08-25,,,,20260825T1602Z,backfill
4df8548a-b058-4538-b273-ede087597a28,senate,2026-08-25,,,,20260825T1602Z,backfill
4e013e86-56bf-4a73-90ea-d7badba4ac9b,senate,2026-08-25,,,,20260825T1602Z,backfill
4e0e2c22-e6d4-4871-8167-665f8bb4bf68,senate,2026-08-25,,,,20260825T1602Z,backfill
4e10ef83-13cb-488a-b24e-bd5a77f7d4d0,senate,2026-08-25,,,,20260825T1602Z,backfill
4e18c5de-0479-477c-83b9-10fb1de86ac3,senate,2026-08-25,,,,20260825T1602Z,backfill
4e1b4ab1-df80-45fe-8f5f-8dbbd5cd8e00,senate,2026-08-25,,,,20260825T1602Z,backfill
4e5c9e79-cdd5-4fd7-92f1-889fb8c69e11,senate,2026-08-25,,,,20260825T1602Z,backfill
4e70cc48-0073-4e1b-84fd-483b30822b3f,senate,2026-08-25,,,,20260825T1602Z,backfill
4e7bb61b-4909-40ed-ac1b-b60fc553558f,senate,2026-08-25,,,,20260825T1602Z,backfill
4e8b01eb-32f4-444e-8c47-fb164a5a5560,senate,2026-08-25,,,,20260825T1602Z,backfill
4ecfb8b2-47d0-4aaa-a4dd-370bfa53ed83,senate,2026-08-25,,,,20260825T1602Z,backfill
4eedb755-716b-4b3d-9b5c-26bcca095138,senate,2026-08-25,,,,20260825T1602Z,backfill
4ef71e79-ac98-4126-9415-66da6899ab72,senate,2026-08-25,,,,20260825T1602Z,backfill
4effd1f7-f8b3-4997-b6ce-08a6628a538d,senate,2026-08-25,,,,20260825T1602Z,backfill
4f0117b6-142a-4b19-9149-c39b6a9cd3e5,senate,2026-08-25,,,,20260825T1602Z,backfill
4f547d85-c894-4429-b555-795832d833ee,senate,2026-08-25,,,,20260825T1602Z,backfill
4f58542b-f144-425d-987c-1f9da4bff4a9,senate,2026-08-25,,,,20260825T1602Z,backfill
4f6a149a-a974-4536-89aa-79a15a58f168,senate,2026-08-25,,,,20260825T1602Z,backfill
4f809324-f54d-48b7-af27-46f6657857f3,senate,2026-08-25,,,,20260825T1602Z,backfill
4f9feb8f-ba7b-495e-b5ed-64309635b19f,senate,2026-08-25,,,,20260825T1602Z,backfill
4fa4bc96-c2ae-4dfd-8af1-872ecc64a0ba,senate,2026-08-25,,,,20260825T1602Z,backfill
4face53e-de90-4477-95d4-911b595b6094,senate,2026-08-25,,,,20260825T1602Z,backfill
4fbbf6be-25c1-4589-bda0-95b5295c4107,senate,2026-08-25,,,,20260825T1602Z,backfill
4fc6484d-a9d0-4646-a418-beab49148783,senate,2026-08-25,,,,20260825T1602Z,backfill
4fcd4d35-4f84-466c-94c7-d372284bfced,senate,2026-08-25,,,,20260825T1602Z,backfill
4fced9a8-70f9-4a26-bd65-f4537ccb4a09,senate,2026-08-25,,,,20260825T1602Z,backfill
501abd3a-13d8-4087-9bcf-bc15bfbd3d18,senate,2026-08-25,,,,20260825T1602Z,backfill
502805c9-fddf-417d-a07a-21e01f76767f,senate,2026-08-25,,,,20260825T1602Z,backfill
502ec7bf-0b40-4505-8301-45173f606924,senate,2026-08-25,,,,20260825T1602Z,backfill
503131d7-e3e9-442e-8b0d-b37fab379e89,senate,2026-08-25,,,,20260825T1602Z,backfill
505fff21-a8c4-426e-9475-b119d3602361,senate,2026-08-25,,,,20260825T1602Z,backfill
50849906-5dd4-4cc2-8d1f-9252ea0000bf,senate,2026-08-25,,,,20260825T1602Z,backfill
50c0a1b2-4fe2-468b-8084-36832c976a95,senate,2026-08-25,,,,20260825T1602Z,backfill
50d15e98-196c-4b71-8175-dcf9b92481d8,senate,2026-08-25,,,,20260825T1602Z,backfill
50e0ad4b-9af0-42d0-9863-60319695a672,senate,2026-08-25,,,,20260825T1602Z,backfill
50e54b67-b398-470e-8baf-e09e3be81d86,senate,2026-08-25,,,,20260825T1602Z,backfill
50f3a11f-b122-4eea-9fd2-f72ed02ade96,senate,2026-08-25,,,,20260825T1602Z,backfill
50f506dd-3433-405f-a8e6-1a924f4da87d,senate,2026-08-25,,,,20260825T1602Z,backfill
5138bdf6-011d-4f7f-a59f-a11cbd24aaed,senate,2026-08-25,,,,20260825T1602Z,backfill
514f7dc7-c7bf-47ed-92fe-baa8c553eaec,senate,2026-08-25,,,,20260825T1602Z,backfill
517e976a-8930-4bce-9037-5d93c4cab488,senate,2026-08-25,,,,20260825T1602Z,backfill
51969f7c-4aaf-4fa9-93a1-21545ee7d423,senate,2026-08-25,,,,20260825T1602Z,backfill
51a44263-fbff-415d-81fb-abf32d197db9,senate,2026-08-25,,,,20260825T1602Z,backfill
51edfa22-1827-41ce-8ba4-511b8ce62af4,senate,2026-08-25,,,,20260825T1602Z,backfill
520e479e-3586-4de5-a16b-cb7c22414594,senate,2026-08-25,,,,20260825T1602Z,backfill
5222f3bf-d740-4457-b3b9-190e56485109,senate,2026-08-25,,,,20260825T1602Z,backfill
5245bd7a-a8b7-4d3e-8fb1-f563322da8f8,senate,2026-08-25,,,,20260825T1602Z,backfill
52499168-0dec-404b-a9c6-c3f96da3f739,senate,2026-08-25,,,,20260825T1602Z,backfill
5286dd41-6735-41b0-be8f-374d874c3ea3,senate,2026-08-25,,,,20260825T1602Z,backfill
529c1eeb-4ba4-481b-af35-8d08053b00e9,senate,2026-08-25,,,,20260825T1602Z,backfill
52b33142-c874-415c-a342-d1c32b0772c5,senate,2026-08-25,,,,20260825T1602Z,backfill
52ba7b0b-343b-440d-8465-06987c9fbebb,senate,2026-08-25,,,,20260825T1602Z,backfill
52c9fa8c-a4fa-4f74-9013-0e1076574cfa,senate,2026-08-25,,,,20260825T1602Z,backfill
52d46415-96f1-46d8-959c-9f2a3731bf4f,senate,2026-08-25,,,,20260825T1602Z,backfill
52d54a0a-b378-441c-8a5b-38007a211b78,senate,2026-08-25,,,,20260825T1602Z,backfill
53191e77-cbc8-4155-ad7f-3a720b83da89,senate,2026-08-25,,,,20260825T1602Z,backfill
53393448-4e89-49a2-9fb0-ddce2e0d4832,senate,2026-08-25,,,,20260825T1602Z,backfill
5345c140-beaa-43fa-af51-d269c1ef9eff,senate,2026-08-25,,,,20260825T1602Z,backfill
534becb6-71f8-418b-963b-a0a33b3a5be8,senate,2026-08-25,,,,20260825T1602Z,backfill
53509c9e-b701-403e-b900-fd3a0db40067,senate,2026-08-25,,,,20260825T1602Z,backfill
53a76d97-d1c7-4c80-999a-99d12987979b,senate,2026-08-25,,,,20260825T1602Z,backfill
53c96503-83f8-41d0-ae07-9f7ea463f37b,senate,2026-08-25,,,,20260825T1602Z,backfill
53c9a191-370c-4efd-a23a-a24a21015c7e,senate,2026-08-25,,,,20260825T1602Z,backfill
53ddfdc6-dc9a-4945-af41-20de2224ae1c,senate,2026-08-25,,,,20260825T1602Z,backfill
53f257e6-27cb-4113-86f9-d80c1e87dfb4,senate,2026-08-25,,,,20260825T1602Z,backfill
5407f18e-8faa-4f1e-a8bf-6cf7a2ffe5bd,senate,2026-08-25,,,,20260825T1602Z,backfill
5409750e-79c5-48c6-9015-b3d7523c2f18,senate,2026-08-25,,,,20260825T1602Z,backfill
54522c7e-0dc2-4ace-8171-ad73209a20a0,senate,2026-08-25,,,,20260825T1602Z,backfill
54706de3-8e57-4616-8476-5dcc58365e88,senate,2026-08-25,,,,20260825T1602Z,backfill
54b55295-905a-409e-bd8e-d3e3d13969d9,senate,2026-08-25,,,,20260825T1602Z,backfill
54bc8764-f9ae-4467-b3d3-e930069c929e,senate,2026-08-25,,,,20260825T1602Z,backfill
54f358d2-7193-43cd-993c-f832c810a771,senate,2026-08-25,,,,20260825T1602Z,backfill
54f81688-28f3-42cf-bba2-af5b3982b88b,senate,2026-08-25,,,,20260825T1602Z,backfill
54fa98b1-ffd7-4669-ac68-be79afd4c709,senate,2026-08-25,,,,20260825T1602Z,backfill
54feb2cd-c07e-499e-a649-964d9b6fb1d0,senate,2026-08-25,,,,20260825T1602Z,backfill
5506edae-7d2f-4c33-a22e-7971200c6f0d,senate,2026-08-25,,,,20260825T1602Z,backfill
551ec946-30a8-4b3e-b240-702095e95985,senate,2026-08-25,,,,20260825T1602Z,backfill
55437b5c-4e37-4e20-a94c-22ae42d0dece,senate,2026-08-25,,,,20260825T1602Z,backfill
556ca47a-cf91-4f62-bab5-9105616259f5,senate,2026-08-25,,,,20260825T1602Z,backfill
5600cc30-f2c9-4d6b-b681-baae1c70a40a,senate,2026-08-25,,,,20260825T1602Z,backfill
5608a629-e412-4ab9-bb37-f55b003dd6ed,senate,2026-08-25,,,,20260825T1602Z,backfill
561e736f-4f6b-4ed3-88df-96916fe19420,senate,2026-08-25,,,,20260825T1602Z,backfill
568b2751-dc6b-4143-9c83-b5a067d9770b,senate,2026-08-25,,,,20260825T1602Z,backfill
56bdcfcf-d2f5-44a4-ab51-446a7ab58116,senate,2026-08-25,,,,20260825T1602Z,backfill
56cd23d0-e41f-41a4-9f69-d90722af497a,senate,2026-08-25,,,,20260825T1602Z,backfill
56d10154-dde9-44f8-acf1-484d819c443e,senate,2026-08-25,,,,20260825T1602Z,backfill
56e94501-503d-480f-96f0-354febac789e,senate,2026-08-25,,,,20260825T1602Z,backfill
56ec1f7c-ec77-465a-a3c7-d70caf591e61,senate,2026-08-25,,,,20260825T1602Z,backfill
56ecce5e-12a2-43db-916c-52cd3ba3a375,senate,2026-08-25,,,,20260825T1602Z,backfill
56ee8988-3c92-4408-a148-e65a0f4c3576,senate,2026-08-25,,,,20260825T1602Z,backfill
56ff7a1f-ddf5-42cf-9f9d-892e2c483511,senate,2026-08-25,,,,20260825T1602Z,backfill
57115c4a-d7fd-47d0-ad5b-597aff5656ea,senate,2026-08-25,,,,20260825T1602Z,backfill
5716F08C-6F84-4AC6-B53B-C167E15E5B37,senate,2026-08-25,,,,20260825T1602Z,backfill
573468dc-d6e1-4873-a3e8-cfbb9f3bb958,senate,2026-08-25,,,,20260825T1602Z,backfill
573bea07-5080-4442-a6c5-d3fedff265da,senate,2026-08-25,,,,20260825T1602Z,backfill
574d62bd-eab2-416f-8249-3bc33b68f681,senate,2026-08-25,,,,20260825T1602Z,backfill
575fb89d-a1f9-452d-84de-dcc16b19c1f5,senate,2026-08-25,,,,20260825T1602Z,backfill
57974e65-dc53-4580-94c9-0b9b606f5297,senate,2026-08-25,,,,20260825T1602Z,backfill
57d23801-d886-410f-972c-e6f46209e9c5,senate,2026-08-25,,,,20260825T1602Z,backfill
5809a671-cb5c-46c3-a6ec-35481814e274,senate,2026-08-25,,,,20260825T1602Z,backfill
581362d4-0f69-49ff-a3cd-e71840ef8759,senate,2026-08-25,,,,20260825T1602Z,backfill
5823084a-1dd6-4707-aee5-53c57af4df8c,senate,2026-08-25,,,,20260825T1602Z,backfill
585f17d0-8851-4a92-8e8f-8ccf71dc7b1c,senate,2026-08-25,,,,20260825T1602Z,backfill
586556d6-f408-4f10-a3a5-e45ea07e23c7,senate,2026-08-25,,,,20260825T1602Z,backfill
589f2589-ca74-4b51-9380-c523f9c7c335,senate,2026-08-25,,,,20260825T1602Z,backfill
58a2554f-5865-4c99-93dc-3be5490ae475,senate,2026-08-25,,,,20260825T1602Z,backfill
58a3b1ce-d1c2-4ad6-9458-be9a7fbe6c6d,senate,2026-08-25,,,,20260825T1602Z,backfill
58bcf2b9-00ff-43aa-a1f5-e8655290b69b,senate,2026-08-25,,,,20260825T1602Z,backfill
58c402ff-7995-4e0a-809d-b08544832300,senate,2026-08-25,,,,20260825T1602Z,backfill
58e7336b-77cd-491f-99ea-6bd8d2def825,senate,2026-08-25,,,,20260825T1602Z,backfill
59112b4e-976a-4c7a-92e5-112ab45d2bf8,senate,2026-08-25,,,,20260825T1602Z,backfill
591ce7b1-e710-4f58-842a-f226650f6ab6,senate,2026-08-25,,,,20260825T1602Z,backfill
59621016-9a15-404e-b3db-cde44aa15719,senate,2026-08-25,,,,20260825T1602Z,backfill
59691760-24e4-47a9-bc8d-9888bce9660b,senate,2026-08-25,,,,20260825T1602Z,backfill
596ec5e5-2392-4cb7-a12d-8466ab2a4f8e,senate,2026-08-25,,,,20260825T1602Z,backfill
597944C5-F426-4C1B-9037-52DBA7DB6557,senate,2026-08-25,,,,20260825T1602Z,backfill
59bccfcc-9400-4d3d-917f-ce22a0fd2feb,senate,2026-08-25,,,,20260825T1602Z,backfill
59c6f909-ad10-429d-8a8c-df81b00cf5fd,senate,2026-08-25,,,,20260825T1602Z,backfill
59e4865b-0547-48e7-8f92-f0bc687b788b,senate,2026-08-25,,,,20260825T1602Z,backfill
5AC4FA1A-B114-464B-93EA-2ADE5E652529,senate,2026-08-25,,,,20260825T1602Z,backfill
5B7D23B8-661C-45AC-8B40-EAD128130E8D,senate,2026-08-25,,,,20260825T1602Z,backfill
5EE1FCA0-CED0-435A-913F-C855893E1B0D,senate,2026-08-25,,,,20260825T1602Z,backfill
5a00d807-84f1-409b-9cb0-566e59553e38,senate,2026-08-25,,,,20260825T1602Z,backfill
5a076a67-a796-4c09-91e7-c0d1aa0302a4,senate,2026-08-25,,,,20260825T1602Z,backfill
5a42cbe1-4c6a-48f6-a2e1-f3652f50340a,senate,2026-08-25,,,,20260825T1602Z,backfill
5a8fc13a-c5aa-44b1-a72e-a68badbdd5f4,senate,2026-08-25,,,,20260825T1602Z,backfill
5aa4f067-861b-466a-95e5-6d31e3d79ea1,senate,2026-08-25,,,,20260825T1602Z,backfill
5ab9ecbc-bc7c-463c-8395-ae66f226b026,senate,2026-08-25,,,,20260825T1602Z,backfill
5ac4d053-0258-4531-af39-8a8067f0d085,senate,2026-08-25,,,,20260825T1602Z,backfill
5ac65f38-4803-4b25-b252-5140bba4d8b5,senate,2026-08-25,,,,20260825T1602Z,backfill
5ae38317-9652-4124-8f2f-092637c215f8,senate,2026-08-25,,,,20260825T1602Z,backfill
5afb1535-000b-4e84-b8ad-908381f5ac2a,senate,2026-08-25,,,,20260825T1602Z,backfill
5afd6ebe-3b91-48bc-ad8e-86dcb04704de,senate,2026-08-25,,,,20260825T1602Z,backfill
5b18c631-389d-4542-850e-e4b2a5d87aba,senate,2026-08-25,,,,20260825T1602Z,backfill
5b1fd684-378a-435c-926e-fb1c63b21b05,senate,2026-08-25,,,,20260825T1602Z,backfill
5b2ca943-b150-4679-92d0-843c127e6064,senate,2026-08-25,,,,20260825T1602Z,backfill
5b2f06bb-dccb-478e-a503-f840a312ed92,senate,2026-08-25,,,,20260825T1602Z,backfill
5b5588c0-5433-408a-a8c9-3a1963c4e706,senate,2026-08-25,,,,20260825T1602Z,backfill
5b864c4e-fadf-49af-bdb0-e4cb3db38d21,senate,2026-08-25,,,,20260825T1602Z,backfill
5ba213ef-42a1-4517-bf32-5cc941a82d7c,senate,2026-08-25,,,,20260825T1602Z,backfill
5ba30cf2-0019-4c66-9318-23c1283367f3,senate,2026-08-25,,,,20260825T1602Z,backfill
5bbb799a-4bef-46a5-863a-eeaad0574157,senate,2026-08-25,,,,20260825T1602Z,backfill
5bc04cde-0e58-495a-96a3-4de12b0d0c27,senate,2026-08-25,,,,20260825T1602Z,backfill
5bc8e1b4-df79-4d98-b140-e147c27e5ec0,senate,2026-08-25,,,,20260825T1602Z,backfill
5bdbba1a-4794-48fa-a26c-09717428dc37,senate,2026-08-25,,,,20260825T1602Z,backfill
5c15668a-97a0-4959-896a-3d4b5baf7954,senate,2026-08-25,,,,20260825T1602Z,backfill
5c325b70-9ec7-4e64-b9a7-e8d604da0ca2,senate,2026-08-25,,,,20260825T1602Z,backfill
5c8025e9-c8bb-4f1e-a476-19331fe8f348,senate,2026-08-25,,,,20260825T1602Z,backfill
5cae926b-a941-4bc9-9a06-df2a6452da46,senate,2026-08-25,,,,20260825T1602Z,backfill
5cc14610-ff03-4e74-8a15-ad04732d2a72,senate,2026-08-25,,,,20260825T1602Z,backfill
5cd214f8-14bd-41b3-bc95-0b930c7fecbc,senate,2026-08-25,,,,20260825T1602Z,backfill
5cf58a0a-aa8f-4a64-972a-fcf9c5532b76,senate,2026-08-25,,,,20260825T1602Z,backfill
5cffa7e6-cede-4e66-a9dd-ab13a2b78b1c,senate,2026-08-25,,,,20260825T1602Z,backfill
5d03af49-5bd7-4212-9587-7bfd13b98185,senate,2026-08-25,,,,20260825T1602Z,backfill
5d05e733-82e7-42a4-9653-0859439e3f13,senate,2026-08-25,,,,20260825T1602Z,backfill
5d118fc0-14f4-426a-8d38-05056392b4d8,senate,2026-08-25,,,,20260825T1602Z,backfill
5d1db106-16dc-4cfa-bbdd-bca6f03dd5bd,senate,2026-08-25,,,,20260825T1602Z,backfill
5d2c9aff-b7fb-4128-974e-db65dd14faf5,senate,2026-08-25,,,,20260825T1602Z,backfill
5d2e0b4a-2d16-4cc2-9bd0-7c619e1e8407,senate,2026-08-25,,,,20260825T1602Z,backfill
5d41d5a8-eb5b-4092-aae1-99a26f4932f2,senate,2026-08-25,,,,20260825T1602Z,backfill
5d96ee20-55b8-4258-b059-7f5c91683748,senate,2026-08-25,,,,20260825T1602Z,backfill
5dad514c-3858-42b4-a0a6-42fac20f2238,senate,2026-08-25,,,,20260825T1602Z,backfill
5dbb5d86-f003-4d88-a2ad-e5da36d1a15f,senate,2026-08-25,,,,20260825T1602Z,backfill
5dbceca2-e2ab-4520-8580-4a2ebe968f47,senate,2026-08-25,,,,20260825T1602Z,backfill
5dfd6dd1-5c2f-4398-984b-79c88380fc84,senate,2026-08-25,,,,20260825T1602Z,backfill
5e1f9c4d-5891-47c4-a916-297de68814fd,senate,2026-08-25,,,,20260825T1602Z,backfill
5e2160d6-9770-4c7b-b65e-9b7794043d25,senate,2026-08-25,,,,20260825T1602Z,backfill
5e3f0c2c-fff4-46b0-b29b-a6fe3fc87b61,senate,2026-08-25,,,,20260825T1602Z,backfill
5e407914-33e4-4388-b670-c4a680f927aa,senate,2026-08-25,,,,20260825T1602Z,backfill
5e467ac8-d0e3-4d4c-836f-e7f3dc3639c1,senate,2026-08-25,,,,20260825T1602Z,backfill
5e61d29a-0e35-470b-8b05-1ae9a7a429c6,senate,2026-08-25,,,,20260825T1602Z,backfill
5e64a4c2-f31a-4f7d-940a-eee2a9909e4d,senate,2026-08-25,,,,20260825T1602Z,backfill
5e8c0311-e41a-44f2-8b26-155e47ec4558,senate,2026-08-25,,,,20260825T1602Z,backfill
5ed49813-1cfe-42fc-8235-9da7d7a21051,senate,2026-08-25,,,,20260825T1602Z,backfill
5f219f13-10ce-46c2-a637-99c206a39eaf,senate,2026-08-25,,,,20260825T1602Z,backfill
5f8b9460-57a5-472f-ad9d-52d1f0b32237,senate,2026-08-25,,,,20260825T1602Z,backfill
601d7cfd-59f5-4e99-9150-f393c2b7f0a8,senate,2026-08-25,,,,20260825T1602Z,backfill
603dd7a0-d19c-4033-a59f-1b7d38753668,senate,2026-08-25,,,,20260825T1602Z,backfill
6040a997-7d31-4030-9ed7-6a7a7e9de6ad,senate,2026-08-25,,,,20260825T1602Z,backfill
60987939-a116-41ee-86c2-8ba920461691,senate,2026-08-25,,,,20260825T1602Z,backfill
60f60b4f-0b5d-4090-82a8-b0800110d21e,senate,2026-08-25,,,,20260825T1602Z,backfill
612be9f2-83b7-4ae3-b107-458dd493b516,senate,2026-08-25,,,,20260825T1602Z,backfill
61380aec-bd2b-4331-bc7c-bf00e7438280,senate,2026-08-25,,,,20260825T1602Z,backfill
614f837e-4d49-459b-b50b-1e6cdd90d212,senate,2026-08-25,,,,20260825T1602Z,backfill
615e7c3a-1999-46d3-abd5-182bc78ca66c,senate,2026-08-25,,,,20260825T1602Z,backfill
61c867d8-5ef1-44e9-b5fb-278cac26ed61,senate,2026-08-25,,,,20260825T1602Z,backfill
61e4535e-c9b2-4935-93c2-2d4dbe41922e,senate,2026-08-25,,,,20260825T1602Z,backfill
61e98942-0ed6-491e-8f7f-5d5386b45073,senate,2026-08-25,,,,20260825T1602Z,backfill
61f45eac-be7d-4441-a2c0-1fe36d2cff9b,senate,2026-08-25,,,,20260825T1602Z,backfill
62325cc7-0d0f-44e4-94e3-24adef43746c,senate,2026-08-25,,,,20260825T1602Z,backfill
62712bdf-a485-40b6-a0f3-f7245ed526e9,senate,2026-08-25,,,,20260825T1602Z,backfill
62d693bf-7dd8-4d87-98b8-26d0c71f87c5,senate,2026-08-25,,,,20260825T1602Z,backfill
63409db6-5b28-43aa-aa0f-d6594a8f15b4,senate,2026-08-25,,,,20260825T1602Z,backfill
6344c706-fb65-45d7-8156-45689c043c22,senate,2026-08-25,,,,20260825T1602Z,backfill
6351df8c-6f4a-4598-90a8-42a50d855d4c,senate,2026-08-25,,,,20260825T1602Z,backfill
63672a06-1e37-400a-ae73-391b444294fc,senate,2026-08-25,,,,20260825T1602Z,backfill
6369d27e-cd94-49ef-8340-471a4d454344,senate,2026-08-25,,,,20260825T1602Z,backfill
638bfeba-3c29-426a-94f5-a962bf58ee8a,senate,2026-08-25,,,,20260825T1602Z,backfill
63d39c23-dc3a-46ac-a187-086b780d8be7,senate,2026-08-25,,,,20260825T1602Z,backfill
63d6b410-364c-479e-bc08-f51fb938c72a,senate,2026-08-25,,,,20260825T1602Z,backfill
63e282d7-c362-49de-8c60-4e7389ab2d19,senate,2026-08-25,,,,20260825T1602Z,backfill
63e4a2b1-5bfc-43b6-b952-ba54e377212c,senate,2026-08-25,,,,20260825T1602Z,backfill
642f38a1-c21c-429e-94c1-86e57ee39de6,senate,2026-08-25,,,,20260825T1602Z,backfill
644865e7-929f-424c-add9-42b199bf3280,senate,2026-08-25,,,,20260825T1602Z,backfill
647ef29d-2d05-44c0-8a5f-66183194cb66,senate,2026-08-25,,,,20260825T1602Z,backfill
6486d3e8-5583-4421-8e7f-37e1490a96eb,senate,2026-08-25,,,,20260825T1602Z,backfill
6488d95a-18fe-4753-8b42-094a070935e6,senate,2026-08-25,,,,20260825T1602Z,backfill
64a8ee70-87a9-4f08-95d4-dfa5521d511c,senate,2026-08-25,,,,20260825T1602Z,backfill
64bae1ca-56a7-46cb-b6b1-19c49af27fc3,senate,2026-08-25,,,,20260825T1602Z,backfill
65284b1c-0849-4eb2-8c8c-73440c804edd,senate,2026-08-25,,,,20260825T1602Z,backfill
654577b9-4028-4cfa-bb47-c961a41f2b1b,senate,2026-08-25,,,,20260825T1602Z,backfill
6574125b-c104-4e63-8b55-b4f54bacd2d0,senate,2026-08-25,,,,20260825T1602Z,backfill
659af64a-f12f-43f9-b4f4-0a7bcf3d3613,senate,2026-08-25,,,,20260825T1602Z,backfill
65b4f90c-0769-455b-a1d9-6b88b2380ff3,senate,2026-08-25,,,,20260825T1602Z,backfill
66076f89-c84b-43db-b818-b5e700a9b8fc,senate,2026-08-25,,,,20260825T1602Z,backfill
661e7458-54f0-40c9-9daf-c95502e3a6e3,senate,2026-08-25,,,,20260825T1602Z,backfill
6624f616-f247-4829-abaf-65fb4378d19d,senate,2026-08-25,,,,20260825T1602Z,backfill
66324d46-8701-47f3-97ba-ba1f58084f92,senate,2026-08-25,,,,20260825T1602Z,backfill
664fa42a-d3e1-4871-8ed5-235d0ceec62a,senate,2026-08-25,,,,20260825T1602Z,backfill
66665c54-7f3f-43a4-bd64-6181a43205da,senate,2026-08-25,,,,20260825T1602Z,backfill
666e996b-581b-45e6-b0e9-ac1f5db2bcf1,senate,2026-08-25,,,,20260825T1602Z,backfill
66856e4d-4c3b-45dc-8bab-ba2c28323d5d,senate,2026-08-25,,,,20260825T1602Z,backfill
669650A1-0AFA-4363-8851-494DBE867389,senate,2026-08-25,,,,20260825T1602Z,backfill
6697156a-918e-4db5-86f3-bf7abe42c239,senate,2026-08-25,,,,20260825T1602Z,backfill
66cae65f-11f1-4612-80a3-1878d3d1cb6d,senate,2026-08-25,,,,20260825T1602Z,backfill
66e04e1d-0b8e-4619-bfa4-6ff7b2ee8160,senate,2026-08-25,,,,20260825T1602Z,backfill
673b04e0-fb5a-4234-ac4d-43f7d084b543,senate,2026-08-25,,,,20260825T1602Z,backfill
676e1821-b88d-46d9-ab48-15363c5b8405,senate,2026-08-25,,,,20260825T1602Z,backfill
6784a9a9-d791-451f-816e-e317349aace7,senate,2026-08-25,,,,20260825T1602Z,backfill
6788596d-6a54-4caf-a73c-f03f5d2f6e5f,senate,2026-08-25,,,,20260825T1602Z,backfill
6795db72-a531-4fb9-8156-b4ec30d21f3f,senate,2026-08-25,,,,20260825T1602Z,backfill
6799f5d8-9bc8-427f-a33b-24a59bffe182,senate,2026-08-25,,,,20260825T1602Z,backfill
67f1c0a0-4e02-4b0c-ad06-ca7f4bb14ce2,senate,2026-08-25,,,,20260825T1602Z,backfill
67ff37f6-b248-437f-bbcb-7cd5f6dfce78,senate,2026-08-25,,,,20260825T1602Z,backfill
680b4c2d-8eea-48c5-b79e-df2754e37ac4,senate,2026-08-25,,,,20260825T1602Z,backfill
680da3d8-5f81-43a3-a658-0493c0070378,senate,2026-08-25,,,,20260825T1602Z,backfill
681ac8fb-7808-41f6-93a4-f5d792106f1b,senate,2026-08-25,,,,20260825T1602Z,backfill
6826f825-671a-42f4-b367-0c7f571821e9,senate,2026-08-25,,,,20260825T1602Z,backfill
683c23b4-c8dd-4567-a8cc-a2855bb3bd74,senate,2026-08-25,,,,20260825T1602Z,backfill
684b4b5c-a37d-4465-b96a-974ef4dfd0bd,senate,2026-08-25,,,,20260825T1602Z,backfill
685385cc-d42d-46bd-a28d-ddc0a76dd675,senate,2026-08-25,,,,20260825T1602Z,backfill
68cc994d-3b0f-4354-a8a1-761d3b1fa947,senate,2026-08-25,,,,20260825T1602Z,backfill
68e19861-e82e-4994-966f-a48ff53e73f3,senate,2026-08-25,,,,20260825T1602Z,backfill
68e2d163-9ecd-4bde-a0f2-4b0e2ad08c79,senate,2026-08-25,,,,20260825T1602Z,backfill
68f796e9-f894-4fd4-b097-563e6d9997de,senate,2026-08-25,,,,20260825T1602Z,backfill
6915091f-101c-40d3-9cf7-e1fb76f34979,senate,2026-08-25,,,,20260825T1602Z,backfill
691f9cb6-84a2-41c3-b270-63e606869a0d,senate,2026-08-25,,,,20260825T1602Z,backfill
6920d173-4f47-4772-bbe9-60a0dfd24616,senate,2026-08-25,,,,20260825T1602Z,backfill
69388a65-26f9-4be6-9f6f-1865fc1140f9,senate,2026-08-25,,,,20260825T1602Z,backfill
6939846a-1fa1-44df-bbe0-abbc43a7d4ce,senate,2026-08-25,,,,20260825T1602Z,backfill
6973eebd-1e5e-41a8-8fa6-2baff09adbac,senate,2026-08-25,,,,20260825T1602Z,backfill
6998c521-4892-4eca-a67e-9b76dd030d9f,senate,2026-08-25,,,,20260825T1602Z,backfill
699fadc2-7371-48a5-a348-40d3fc00f538,senate,2026-08-25,,,,20260825T1602Z,backfill
69b40e20-ff5a-45cd-92cb-a24035f53f33,senate,2026-08-25,,,,20260825T1602Z,backfill
69cda188-95a7-447b-bea4-7db654c19c1d,senate,2026-08-25,,,,20260825T1602Z,backfill
69e82326-32d6-493a-8a31-3f741479ba76,senate,2026-08-25,,,,20260825T1602Z,backfill
6BB34CE7-72BF-4F9A-B078-DDE209016DD6,senate,2026-08-25,,,,20260825T1602Z,backfill
6E0A407B-E64E-4264-8F05-D23BDA26F873,senate,2026-08-25,,,,20260825T1602Z,backfill
6F80BD03-4293-4352-B84E-0F36BAD82165,senate,2026-08-25,,,,20260825T1602Z,backfill
6a0d647a-a7e5-49d7-a029-7abbf5db5e91,senate,2026-08-25,,,,20260825T1602Z,backfill
6a259a17-8da7-4e6c-bcec-68d10e497c0e,senate,2026-08-25,,,,20260825T1602Z,backfill
6a8e509d-cde7-4266-848e-a27fa42ba438,senate,2026-08-25,,,,20260825T1602Z,backfill
6af96223-9cce-47b1-bb59-2060a6de5385,senate,2026-08-25,,,,20260825T1602Z,backfill
6afab8c4-aaf4-464a-9c1c-4e04b229e77f,senate,2026-08-25,,,,20260825T1602Z,backfill
6afda1fe-9dec-4298-a0dd-4e53e898eec8,senate,2026-08-25,,,,20260825T1602Z,backfill
6aff1c56-7c0a-4767-a697-e9cc97c69c2d,senate,2026-08-25,,,,20260825T1602Z,backfill
6b0c6fa8-5f02-4b79-92da-1cb309377091,senate,2026-08-25,,,,20260825T1602Z,backfill
6b110b5f-e060-4d6d-b1c2-b14d8442d03c,senate,2026-08-25,,,,20260825T1602Z,backfill
6b2185d5-94ef-4af2-9159-6d00d7e5dcee,senate,2026-08-25,,,,20260825T1602Z,backfill
6b243106-441e-4811-bdb5-067dfee76697,senate,2026-08-25,,,,20260825T1602Z,backfill
6b2cfa66-ff7e-481c-8fee-01ba0df453ec,senate,2026-08-25,,,,20260825T1602Z,backfill
6b63ba3f-2f97-4e8e-8e64-4043d29fe10e,senate,2026-08-25,,,,20260825T1602Z,backfill
6b7a7936-a835-48a3-bc6c-6b04bff617cb,senate,2026-08-25,,,,20260825T1602Z,backfill
6b92f351-93e8-446a-a4d9-435bd9693d47,senate,2026-08-25,,,,20260825T1602Z,backfill
6ba5ea80-a974-49c8-b86e-79d0e79b8b20,senate,2026-08-25,,,,20260825T1602Z,backfill
6bbd9f3b-986f-45ca-925e-b7e8ecad9d0e,senate,2026-08-25,,,,20260825T1602Z,backfill
6bcdb0f5-1e80-4199-a3e7-0a1891b38a75,senate,2026-08-25,,,,20260825T1602Z,backfill
6bd46141-5f4f-4db2-b51d-ffb8f9c817c0,senate,2026-08-25,,,,20260825T1602Z,backfill
6be39035-04e2-432c-8fcb-0b4866041d11,senate,2026-08-25,,,,20260825T1602Z,backfill
6beec58d-0b48-4346-9d9e-2f4cb6e88264,senate,2026-08-25,,,,20260825T1602Z,backfill
6bf64252-13fb-4cea-802b-2daf3fe7c4f3,senate,2026-08-25,,,,20260825T1602Z,backfill
6c81e400-b184-4eb3-80e7-eb91f8b5a609,senate,2026-08-25,,,,20260825T1602Z,backfill
6cabc9a2-da3c-424e-9bab-5ce572bc3f24,senate,2026-08-25,,,,20260825T1602Z,backfill
6ce0159a-685e-4766-b036-7e3ec26401a7,senate,2026-08-25,,,,20260825T1602Z,backfill
6cf4a78e-92f0-4201-bf73-e9b02cd8f9ef,senate,2026-08-25,,,,20260825T1602Z,backfill
6cfed5f8-e48c-4421-8ce1-18fd087da47e,senate,2026-08-25,,,,20260825T1602Z,backfill
6d02e725-df28-4d70-9635-f99acf687da8,senate,2026-08-25,,,,20260825T1602Z,backfill
6d080727-b8e1-49a2-872f-c2c9936227b8,senate,2026-08-25,,,,20260825T1602Z,backfill
6d145833-b89b-4a96-9422-8fc57045b10e,senate,2026-08-25,,,,20260825T1602Z,backfill
6d540b1b-e5a2-4d4b-b270-8297fdf343ca,senate,2026-08-25,,,,20260825T1602Z,backfill
6d562c3e-4be9-4811-8759-fef6c3fa0a40,senate,2026-08-25,,,,20260825T1602Z,backfill
6d5a5182-2b97-4772-b982-ff501f343822,senate,2026-08-25,,,,20260825T1602Z,backfill
6d829137-deb9-402d-95f8-095480868da9,senate,2026-08-25,,,,20260825T1602Z,backfill
6d943dc9-5d3f-467a-8a6b-133eb6440190,senate,2026-08-25,,,,20260825T1602Z,backfill
6daf2369-34e9-4df7-a327-d9498fa21c84,senate,2026-08-25,,,,20260825T1602Z,backfill
6db47987-9fdc-4d82-96c0-4a75041bc3d0,senate,2026-08-25,,,,20260825T1602Z,backfill
6dcf9d5b-80eb-4ed8-b5f7-4b2f52a14200,senate,2026-08-25,,,,20260825T1602Z,backfill
6dd15e55-0abc-46ee-bbf6-6d543b6f7e90,senate,2026-08-25,,,,20260825T1602Z,backfill
6de07899-53d3-4fe0-a30c-514ca0e39819,senate,2026-08-25,,,,20260825T1602Z,backfill
6e153093-081b-41b1-9c3e-3a1512de56f2,senate,2026-08-25,,,,20260825T1602Z,backfill
6e55b695-3727-4276-9488-e396c11a1bf1,senate,2026-08-25,,,,20260825T1602Z,backfill
6e59931f-6354-4980-bcc3-040d1bb9ebd4,senate,2026-08-25,,,,20260825T1602Z,backfill
6e941f8c-e516-4bc6-9eac-66bf491ef1a4,senate,2026-08-25,,,,20260825T1602Z,backfill
6ecc3980-ea32-49d4-9798-c4d4294c08a0,senate,2026-08-25,,,,20260825T1602Z,backfill
6efff803-798a-4880-90e5-bce15343791a,senate,2026-08-25,,,,20260825T1602Z,backfill
6f16eba7-e6a1-464f-8c61-ff112d89aef1,senate,2026-08-25,,,,20260825T1602Z,backfill
6f1b12f0-c681-45d8-a83c-ed324bfda7f4,senate,2026-08-25,,,,20260825T1602Z,backfill
6f3fbbb9-f091-4aa2-915c-a4fc78645aae,senate,2026-08-25,,,,20260825T1602Z,backfill
6f691f61-e375-42ab-af01-72da4328447c,senate,2026-08-25,,,,20260825T1602Z,backfill
6f6c5dfb-d731-4c2c-895b-2c842918bf3e,senate,2026-08-25,,,,20260825T1602Z,backfill
6f737b9c-6983-43ae-854d-8e03a702c3b7,senate,2026-08-25,,,,20260825T1602Z,backfill
6f9ff667-71b8-4d74-a8b2-e0497b7f2faa,senate,2026-08-25,,,,20260825T1602Z,backfill
6fb6530c-db51-4751-a1ab-7928aeff396d,senate,2026-08-25,,,,20260825T1602Z,backfill
6fdcc5cc-bcbd-4cd5-8feb-0e94c0f906df,senate,2026-08-25,,,,20260825T1602Z,backfill
70614aca-cf77-4a70-b0c8-245a097a7350,senate,2026-08-25,,,,20260825T1602Z,backfill
70830952-268f-4ddb-8d1a-b55fc6aa52d6,senate,2026-08-25,,,,20260825T1602Z,backfill
70abcb59-ae68-44bc-a8db-7ccc5673c5af,senate,2026-08-25,,,,20260825T1602Z,backfill
70c80513-d89a-4382-afa6-d80f6c1fcbf1,senate,2026-08-25,,,,20260825T1602Z,backfill
70e0b144-88b5-4d6a-a353-5e2e264a6ad7,senate,2026-08-25,,,,20260825T1602Z,backfill
70ec8a67-0057-40d2-b123-524323ae3c34,senate,2026-08-25,,,,20260825T1602Z,backfill
718cad12-9007-40fc-adc8-ee044397186b,senate,2026-08-25,,,,20260825T1602Z,backfill
71be1c05-1e18-44c4-8911-115e22f5a620,senate,2026-08-25,,,,20260825T1602Z,backfill
71d52432-2f3f-4692-acf0-7ba0d116d6c5,senate,2026-08-25,,,,20260825T1602Z,backfill
7202646a-173e-4d52-ae17-80536038a476,senate,2026-08-25,,,,20260825T1602Z,backfill
7246e5b3-88d3-49b0-8c41-946dbf1cbba2,senate,2026-08-25,,,,20260825T1602Z,backfill
7269bd5f-a8b1-43ea-9f8b-5d0bb4cfde73,senate,2026-08-25,,,,20260825T1602Z,backfill
727b4eb6-d8c7-4792-aa5b-c651c2d72f9c,senate,2026-08-25,,,,20260825T1602Z,backfill
72854f36-aae4-445b-b63a-4fba86861178,senate,2026-08-25,,,,20260825T1602Z,backfill
7296D989-CF00-4F4D-BFD1-A80FA4970FFA,senate,2026-08-25,,,,20260825T1602Z,backfill
72b5ca95-5ae4-4bb3-9088-d0bb167e429b,senate,2026-08-25,,,,20260825T1602Z,backfill
72c35c48-196f-415b-bbd5-5b9b53f2c8f3,senate,2026-08-25,,,,20260825T1602Z,backfill
72d3d607-4c1d-447a-9163-50979745dd6c,senate,2026-08-25,,,,20260825T1602Z,backfill
7357cb58-7a3d-433c-916d-9322da48a0df,senate,2026-08-25,,,,20260825T1602Z,backfill
735d698e-30c7-4a12-86b3-ba7092f25878,senate,2026-08-25,,,,20260825T1602Z,backfill
73989da6-5bdd-4eb4-9085-a64b4cf9d2d6,senate,2026-08-25,,,,20260825T1602Z,backfill
73a99931-0e4a-4ca0-bf62-305fc0386998,senate,2026-08-25,,,,20260825T1602Z,backfill
73d356d2-b803-4997-b6d4-8f74c32134f9,senate,2026-08-25,,,,20260825T1602Z,backfill
742b5ad0-9b33-4970-9285-b4e9e9521d4a,senate,2026-08-25,,,,20260825T1602Z,backfill
743c6542-9aec-48ae-8fa6-62645757bc8f,senate,2026-08-25,,,,20260825T1602Z,backfill
74522dfd-7573-4918-bef7-dc2b09f172fc,senate,2026-08-25,,,,20260825T1602Z,backfill
7471e623-3ee6-4c58-a6ae-64aa50851b03,senate,2026-08-25,,,,20260825T1602Z,backfill
747b4aac-bbc9-4636-bf0f-95b0454e39d9,senate,2026-08-25,,,,20260825T1602Z,backfill
747d3ab6-0b72-4dad-b2ae-e76d3cff5976,senate,2026-08-25,,,,20260825T1602Z,backfill
747ff7a0-2a6a-4e7d-a747-2fd17509106a,senate,2026-08-25,,,,20260825T1602Z,backfill
748ff789-e7a2-4d19-b631-fa023b718682,senate,2026-08-25,,,,20260825T1602Z,backfill
74a4261b-5071-484a-8b15-b10d2b6984d9,senate,2026-08-25,,,,20260825T1602Z,backfill
74b3fbf5-ed84-4f19-a378-9c38bedb47b7,senate,2026-08-25,,,,20260825T1602Z,backfill
74d7fcde-e861-476e-9258-561874fb23cc,senate,2026-08-25,,,,20260825T1602Z,backfill
74e060d5-4d40-4972-b585-7d2f69731188,senate,2026-08-25,,,,20260825T1602Z,backfill
750f4fe2-9632-4d95-b6e2-2248e29983d8,senate,2026-08-25,,,,20260825T1602Z,backfill
75638602-b725-4bc9-9ab7-0c9f7699f896,senate,2026-08-25,,,,20260825T1602Z,backfill
75695274-99b1-48cf-bf1d-f203108ed861,senate,2026-08-25,,,,20260825T1602Z,backfill
756a764d-8cb4-40e7-8a85-5be91a1b7796,senate,2026-08-25,,,,20260825T1602Z,backfill
75a6a5f9-4076-45df-bd8e-6b884f7a2a2a,senate,2026-08-25,,,,20260825T1602Z,backfill
75bd7f27-b64b-4af0-870e-b3f5aa413007,senate,2026-08-25,,,,20260825T1602Z,backfill
75e51247-1b2c-409f-a73a-53a663bf2044,senate,2026-08-25,,,,20260825T1602Z,backfill
75f0461a-c84a-468b-a567-1ce5cf492f91,senate,2026-08-25,,,,20260825T1602Z,backfill
75f769c6-519f-4a2f-8999-a77a0f4c7c03,senate,2026-08-25,,,,20260825T1602Z,backfill
7605a180-48f8-45df-a715-f3ad0693bc0e,senate,2026-08-25,,,,20260825T1602Z,backfill
761ccdcd-aa8f-42fa-884a-5e67c47199e5,senate,2026-08-25,,,,20260825T1602Z,backfill
762e4b6a-5dd2-48ad-adb7-3214e58692ac,senate,2026-08-25,,,,20260825T1602Z,backfill
76614a3b-7669-40b3-ab73-5b49c42af0d7,senate,2026-08-25,,,,20260825T1602Z,backfill
76c09e15-7887-45fd-94cb-0cc5060d7864,senate,2026-08-25,,,,20260825T1602Z,backfill
76d3f15b-9256-46b5-b1ee-244c63152f16,senate,2026-08-25,,,,20260825T1602Z,backfill
7718a62c-639e-4cf9-bcb8-00eb421ac444,senate,2026-08-25,,,,20260825T1602Z,backfill
77237d34-d0f2-4336-a25c-91fd0b107e14,senate,2026-08-25,,,,20260825T1602Z,backfill
7761ed3b-b504-4431-ba82-09f9e5c22c65,senate,2026-08-25,,,,20260825T1602Z,backfill
7766aa20-f944-43f8-8317-866a033c1d9d,senate,2026-08-25,,,,20260825T1602Z,backfill
777a0838-874d-4d40-a52f-10e1cd39b9fc,senate,2026-08-25,,,,20260825T1602Z,backfill
779cc401-a1a3-4943-bfc4-6e5fae29a3a3,senate,2026-08-25,,,,20260825T1602Z,backfill
78083c69-a530-44c8-b400-9fd25b017509,senate,2026-08-25,,,,20260825T1602Z,backfill
7810aff4-67d6-44e9-8464-9267478cbe5f,senate,2026-08-25,,,,20260825T1602Z,backfill
78a61c9c-c42d-4eea-b4e8-579ae1c0e901,senate,2026-08-25,,,,20260825T1602Z,backfill
78a66c3d-1d51-4b8f-ac8a-12ca25b75563,senate,2026-08-25,,,,20260825T1602Z,backfill
78c3b60a-532e-4dc8-8c68-760bd9718ab5,senate,2026-08-25,,,,20260825T1602Z,backfill
78df66e0-5a6b-4b38-9584-a9dec98dec39,senate,2026-08-25,,,,20260825T1602Z,backfill
79153a16-480e-4895-bf52-0e56562c6196,senate,2026-08-25,,,,20260825T1602Z,backfill
79266f0a-3ed6-41c1-819f-075cd3c3c329,senate,2026-08-25,,,,20260825T1602Z,backfill
79382c5c-4004-4888-8469-de7dcd6d45c0,senate,2026-08-25,,,,20260825T1602Z,backfill
793A1242-2824-489D-AF61-68A907B9C897,senate,2026-08-25,,,,20260825T1602Z,backfill
796ac37b-f491-4311-b8aa-fe2c233f2487,senate,2026-08-25,,,,20260825T1602Z,backfill
79725ebd-f89c-4549-80f5-4c04e7e6264c,senate,2026-08-25,,,,20260825T1602Z,backfill
7979b93e-f577-4806-9c20-de0d175b42df,senate,2026-08-25,,,,20260825T1602Z,backfill
79a6c9ae-2a6a-4194-86d8-ab66885bdb3b,senate,2026-08-25,,,,20260825T1602Z,backfill
7E4DD64C-9D98-4B64-8EF6-E5F217FD3B32,senate,2026-08-25,,,,20260825T1602Z,backfill
7a09d93e-a0f5-4522-8735-eaf5c10b0f99,senate,2026-08-25,,,,20260825T1602Z,backfill
7a16edce-2afd-47e6-bd0b-ba09dda254e9,senate,2026-08-25,,,,20260825T1602Z,backfill
7a87d279-0737-4af7-b9d7-cf60e1becbf0,senate,2026-08-25,,,,20260825T1602Z,backfill
7aa0d20c-a400-4326-8aca-5bdc8e5c5797,senate,2026-08-25,,,,20260825T1602Z,backfill
7ab0d2fd-19ea-459d-a1d9-3701e2cc8e93,senate,2026-08-25,,,,20260825T1602Z,backfill
7abb2400-6528-4f7f-9739-248dfedc3ca2,senate,2026-08-25,,,,20260825T1602Z,backfill
7ad9acc6-7b6d-4bc3-b753-e2ad4af8278d,senate,2026-08-25,,,,20260825T1602Z,backfill
7af87c4e-454a-4a3e-8097-6d27cf59c714,senate,2026-08-25,,,,20260825T1602Z,backfill
7b03e95e-63bc-4645-9891-fa190a3cc124,senate,2026-08-25,,,,20260825T1602Z,backfill
7b095739-bb31-4b09-965f-5ac00e2c1321,senate,2026-08-25,,,,20260825T1602Z,backfill
7b5ea4a8-cef8-49da-a63e-a2e2a7e54590,senate,2026-08-25,,,,20260825T1602Z,backfill
7b7c3053-b221-4d35-8538-a25c751f302c,senate,2026-08-25,,,,20260825T1602Z,backfill
7b874404-594a-4139-8873-2f6a06322e03,senate,2026-08-25,,,,20260825T1602Z,backfill
7b87f21b-3a74-4ef9-8069-17be2c728a12,senate,2026-08-25,,,,20260825T1602Z,backfill
7b9582d4-6a8b-4f49-8100-f43c0537a561,senate,2026-08-25,,,,20260825T1602Z,backfill
7bfaf0d6-ea7a-4d4e-8979-0e09f62f162a,senate,2026-08-25,,,,20260825T1602Z,backfill
7c1aecfe-f71c-4834-b8c5-cd1780356c17,senate,2026-08-25,,,,20260825T1602Z,backfill
7c29d4eb-ec9a-4a28-b1ba-7067fe97afc3,senate,2026-08-25,,,,20260825T1602Z,backfill
7c2e00ca-9710-4fd3-a1e8-707dfc26e697,senate,2026-08-25,,,,20260825T1602Z,backfill
7c2ffee4-3a8f-4047-8c25-25a5567f0e04,senate,2026-08-25,,,,20260825T1602Z,backfill
7c54bfd2-2445-4cae-96b1-1188ae921230,senate,2026-08-25,,,,20260825T1602Z,backfill
7c840533-d541-42ab-b8ca-361a1be272d2,senate,2026-08-25,,,,20260825T1602Z,backfill
7c9634ee-7352-469f-b311-c3ee8b38ec8c,senate,2026-08-25,,,,20260825T1602Z,backfill
7c9adca9-c82a-49a8-b6d0-a5bc200a0dbc,senate,2026-08-25,,,,20260825T1602Z,backfill
7caf1b69-3678-4420-8812-a1476a1a6158,senate,2026-08-25,,,,20260825T1602Z,backfill
7ce788ae-dbe0-46b2-ac9a-a1aa5a4ff62d,senate,2026-08-25,,,,20260825T1602Z,backfill
7d096cf3-d20a-41fe-b493-f758a829a6ce,senate,2026-08-25,,,,20260825T1602Z,backfill
7d15a774-58c7-45bf-889a-ff2b0aff5cc6,senate,2026-08-25,,,,20260825T1602Z,backfill
7d15a892-ceff-43c2-acd3-092d7a240de6,senate,2026-08-25,,,,20260825T1602Z,backfill
7d2bc1ec-5ae5-4073-aaa6-07e8cfbcd6a2,senate,2026-08-25,,,,20260825T1602Z,backfill
7d3f2202-20b5-43ca-9170-da4ab32a7a19,senate,2026-08-25,,,,20260825T1602Z,backfill
7d47ef37-89f5-4649-ac7d-739741be9148,senate,2026-08-25,,,,20260825T1602Z,backfill
7d534d16-8f7d-4ef1-8be2-a1d815c9d708,senate,2026-08-25,,,,20260825T1602Z,backfill
7d7bc284-fade-45f2-b8bd-3b6414dfdefc,senate,2026-08-25,,,,20260825T1602Z,backfill
7d8d619e-cbcb-4fec-9146-d4bbd7b87c3a,senate,2026-08-25,,,,20260825T1602Z,backfill
7da74f60-a4f9-42bb-9663-35bde0f9af53,senate,2026-08-25,,,,20260825T1602Z,backfill
7db16f74-eafc-4b64-8c9b-abcc80bc6565,senate,2026-08-25,,,,20260825T1602Z,backfill
7dd32f76-2862-421d-b105-84ff6a5e01cd,senate,2026-08-25,,,,20260825T1602Z,backfill
7ddbb448-44d1-47b5-8f47-fa2eab111d60,senate,2026-08-25,,,,20260825T1602Z,backfill
7de2a81d-819e-4b78-80f7-9a5596929d4d,senate,2026-08-25,,,,20260825T1602Z,backfill
7df7e34b-5d89-43a2-af6e-48c484d04537,senate,2026-08-25,,,,20260825T1602Z,backfill
7dfcd5fd-ae2e-4a52-8f54-bcfe1c4599ef,senate,2026-08-25,,,,20260825T1602Z,backfill
7e2a5d00-362a-45fb-9c24-c9ca9f1944c3,senate,2026-08-25,,,,20260825T1602Z,backfill
7e834dd0-24aa-4f2c-a743-8743ebb07559,senate,2026-08-25,,,,20260825T1602Z,backfill
7ebf3c9c-8caf-4b75-8150-e0975727eed8,senate,2026-08-25,,,,20260825T1602Z,backfill
7ec5049f-bfd4-4402-b516-1bdc2f50147f,senate,2026-08-25,,,,20260825T1602Z,backfill
7ef08199-6651-4983-b6be-6f14b79d0d57,senate,2026-08-25,,,,20260825T1602Z,backfill
7f08d6a1-ba72-4fb4-a37c-4ec1d669aa0f,senate,2026-08-25,,,,20260825T1602Z,backfill
7f0d501b-72c9-40f5-bd07-f76d6aed289d,senate,2026-08-25,,,,20260825T1602Z,backfill
7f11d7eb-a100-4806-bc31-60f83b8177df,senate,2026-08-25,,,,20260825T1602Z,backfill
7f1f888e-f759-4c18-8fbe-baf8f3488374,senate,2026-08-25,,,,20260825T1602Z,backfill
7f24a3b2-a98b-4a62-8744-ffdfc99bfec5,senate,2026-08-25,,,,20260825T1602Z,backfill
7f30d730-a4ad-419b-aed3-e8d008b1e39b,senate,2026-08-25,,,,20260825T1602Z,backfill
7f33e550-caa2-4718-8bf5-d73d0adb010b,senate,2026-08-25,,,,20260825T1602Z,backfill
7f733a14-a6be-4cc1-af27-c4f059fedb3f,senate,2026-08-25,,,,20260825T1602Z,backfill
7f8ebdbb-c6d8-4b1f-b3bb-67a1c5b8bc4f,senate,2026-08-25,,,,20260825T1602Z,backfill
7fc6c207-7c6f-4d05-aae6-1f5b2f661252,senate,2026-08-25,,,,20260825T1602Z,backfill
7fe3d995-edac-445a-b57b-fe4d67504e8a,senate,2026-08-25,,,,20260825T1602Z,backfill
802a6462-e067-42f3-b3d3-6a2071b21198,senate,2026-08-25,,,,20260825T1602Z,backfill
8036348f-2470-41f7-be97-d822d0b17e7c,senate,2026-08-25,,,,20260825T1602Z,backfill
809e5655-0208-4723-a0d6-1a47d81dd3e2,senate,2026-08-25,,,,20260825T1602Z,backfill
80a7c16c-49b9-4b5a-aede-1acb63995cd4,senate,2026-08-25,,,,20260825T1602Z,backfill
80a82376-fdab-471f-bd31-31bdd33976d9,senate,2026-08-25,,,,20260825T1602Z,backfill
80c3b3f6-f466-440a-bbdc-dc4e6b5b52ca,senate,2026-08-25,,,,20260825T1602Z,backfill
80c3ecb6-c69b-4ca0-8791-37c32edd49b0,senate,2026-08-25,,,,20260825T1602Z,backfill
80e5d19d-467b-4f10-9d05-f89771680896,senate,2026-08-25,,,,20260825T1602Z,backfill
8104804b-208a-49ca-8089-7d270a4b2bfa,senate,2026-08-25,,,,20260825T1602Z,backfill
81056250-5eb1-4dc1-9f31-97fd69b72182,senate,2026-08-25,,,,20260825T1602Z,backfill
8113f11a-dcc1-43cf-b7d1-3bb5d1f49cbe,senate,2026-08-25,,,,20260825T1602Z,backfill
81392e16-9a75-4017-843e-2c8f43b7a102,senate,2026-08-25,,,,20260825T1602Z,backfill
8186fc3c-f4e6-454d-8126-68d7c0800553,senate,2026-08-25,,,,20260825T1602Z,backfill
81a6cb3e-068f-432f-9cf4-1f49c84f3865,senate,2026-08-25,,,,20260825T1602Z,backfill
81b2943a-091a-467b-89cf-afb8c14d2ed9,senate,2026-08-25,,,,20260825T1602Z,backfill
81bfd841-b416-4380-8f44-48d9fc730073,senate,2026-08-25,,,,20260825T1602Z,backfill
81de3681-e5ac-4205-896a-07512dbac921,senate,2026-08-25,,,,20260825T1602Z,backfill
82093483-e915-4a5d-bb4b-e40431d79f99,senate,2026-08-25,,,,20260825T1602Z,backfill
820f9aa8-b741-4642-b0df-7728f66e1d4a,senate,2026-08-25,,,,20260825T1602Z,backfill
821f0913-2e2d-42f1-98be-1df3cb401747,senate,2026-08-25,,,,20260825T1602Z,backfill
8225a609-c7d3-4301-a11c-16aaeab1ba0d,senate,2026-08-25,,,,20260825T1602Z,backfill
823ec2b1-9e0c-4b13-bf35-81722c1a083c,senate,2026-08-25,,,,20260825T1602Z,backfill
82643de6-1072-4e0e-81b2-3aa5049988db,senate,2026-08-25,,,,20260825T1602Z,backfill
8287dd4c-edca-465c-8008-c792237b3a84,senate,2026-08-25,,,,20260825T1602Z,backfill
8292d644-09cf-45f9-8126-cbf54a114745,senate,2026-08-25,,,,20260825T1602Z,backfill
829529d5-698a-4b58-9af0-8a189cb7a6a8,senate,2026-08-25,,,,20260825T1602Z,backfill
832176d5-2cb0-4878-973d-b69b59a15499,senate,2026-08-25,,,,20260825T1602Z,backfill
83284e95-9d97-4869-9063-92548f2d9d80,senate,2026-08-25,,,,20260825T1602Z,backfill
833ba1d7-3736-4a2c-a3be-c56a641a01fe,senate,2026-08-25,,,,20260825T1602Z,backfill
8361b3a4-562e-4862-9faa-e7e8f2a728ef,senate,2026-08-25,,,,20260825T1602Z,backfill
836382b4-f8ee-4061-aae7-e5b1f8032b9b,senate,2026-08-25,,,,20260825T1602Z,backfill
83722654-25b1-499e-8ad5-4a1349d993a6,senate,2026-08-25,,,,20260825T1602Z,backfill
8372e04b-ed41-41f2-a780-f4ce4db9cac0,senate,2026-08-25,,,,20260825T1602Z,backfill
83bec0fa-4735-47a7-b445-8434b42db9cb,senate,2026-08-25,,,,20260825T1602Z,backfill
83caeb49-28d0-4805-8599-c6d92c3afdd7,senate,2026-08-25,,,,20260825T1602Z,backfill
83d12cdb-288d-4937-91d3-31bbabbd3edb,senate,2026-08-25,,,,20260825T1602Z,backfill
83de647b-ddf0-49c3-bd56-8b32f23c0e78,senate,2026-08-25,,,,20260825T1602Z,backfill
83fef034-a45e-4231-a63c-2ac7724db8e2,senate,2026-08-25,,,,20260825T1602Z,backfill
845d7e7a-0c6a-405a-96c0-2602552222f4,senate,2026-08-25,,,,20260825T1602Z,backfill
84618bff-2333-4ebc-a817-eedb81177ab4,senate,2026-08-25,,,,20260825T1602Z,backfill
846b8cd9-497b-4dd9-bd1e-602233f2a572,senate,2026-08-25,,,,20260825T1602Z,backfill
84915b6e-846b-411b-907e-46fd4a179919,senate,2026-08-25,,,,20260825T1602Z,backfill
849c731f-a2a7-4ed8-91ad-8fee325ab75e,senate,2026-08-25,,,,20260825T1602Z,backfill
84bdabd1-9e02-420a-937e-fc7906a75cc4,senate,2026-08-25,,,,20260825T1602Z,backfill
84c90822-fa5c-4230-9db0-61ead2fc469a,senate,2026-08-25,,,,20260825T1602Z,backfill
84faff2e-dc17-44a5-ace7-8a3bb65c00ad,senate,2026-08-25,,,,20260825T1602Z,backfill
85087a7f-92f9-460b-b3b6-1b9df7e5cd2b,senate,2026-08-25,,,,20260825T1602Z,backfill
85199603-1615-424e-ba12-801a5d8dd0f4,senate,2026-08-25,,,,20260825T1602Z,backfill
85351604-889b-4ee8-ac8e-6b99b5543143,senate,2026-08-25,,,,20260825T1602Z,backfill
853d0789-28db-4789-9654-a73cff7740d7,senate,2026-08-25,,,,20260825T1602Z,backfill
85a752ed-7121-421f-8c1e-2a055fffe95e,senate,2026-08-25,,,,20260825T1602Z,backfill
85d6ffc4-9aab-4548-ae3a-439fb20a9ccc,senate,2026-08-25,,,,20260825T1602Z,backfill
85d70f0a-406a-40e1-80bb-bd9fbdf4d360,senate,2026-08-25,,,,20260825T1602Z,backfill
86066604-e395-4641-a526-3efb31cd28b7,senate,2026-08-25,,,,20260825T1602Z,backfill
86121a25-fe1d-481a-9557-d0b9a975494d,senate,2026-08-25,,,,20260825T1602Z,backfill
863c68f8-0edf-4fb7-8e8d-1d1a33ba6f44,senate,2026-08-25,,,,20260825T1602Z,backfill
863cb85f-ff3b-41b2-ac1b-7d82f427c7b4,senate,2026-08-25,,,,20260825T1602Z,backfill
86810b3e-3dee-4e8e-9b47-6d3822385b7d,senate,2026-08-25,,,,20260825T1602Z,backfill
86adfb06-a8b5-4bc9-ad3e-9c8e24a8ba30,senate,2026-08-25,,,,20260825T1602Z,backfill
86b10d4f-da16-462e-85f6-3ebd80be89a4,senate,2026-08-25,,,,20260825T1602Z,backfill
86d388af-9927-4890-ae41-6859521366be,senate,2026-08-25,,,,20260825T1602Z,backfill
86e2f153-05cc-4e3b-8e34-42f21db242d3,senate,2026-08-25,,,,20260825T1602Z,backfill
86e969b3-64e7-4a51-84d7-da82847b501e,senate,2026-08-25,,,,20260825T1602Z,backfill
8757b133-a1f5-43c9-93cd-d9f037bf7d5e,senate,2026-08-25,,,,20260825T1602Z,backfill
87af0262-2fd3-44ad-9429-1248084b480d,senate,2026-08-25,,,,20260825T1602Z,backfill
87e49767-79f9-4e2f-8ad1-30585d4bd673,senate,2026-08-25,,,,20260825T1602Z,backfill
87e8ffc9-b032-4706-a4d1-8769a6eca634,senate,2026-08-25,,,,20260825T1602Z,backfill
880caa8f-bd2d-4351-9397-3775e4cc2680,senate,2026-08-25,,,,20260825T1602Z,backfill
883ac04d-7b79-4949-9221-6ac7567d2558,senate,2026-08-25,,,,20260825T1602Z,backfill
887f19e5-8a16-4f96-b317-ce70265f2e46,senate,2026-08-25,,,,20260825T1602Z,backfill
88b55682-a6d5-44c9-85c4-1c42e91737f3,senate,2026-08-25,,,,20260825T1602Z,backfill
88c3e137-fe24-42c9-a65e-1370f6d2ca6f,senate,2026-08-25,,,,20260825T1602Z,backfill
88c765c5-6550-47af-a81d-2e052c1c1b7e,senate,2026-08-25,,,,20260825T1602Z,backfill
891c7d3d-9085-47e2-8aa0-d20cf767487b,senate,2026-08-25,,,,20260825T1602Z,backfill
89238b4a-a8f4-4ab9-b700-76a7d15d8487,senate,2026-08-25,,,,20260825T1602Z,backfill
8952b980-2f92-434b-89df-dbf67c034adf,senate,2026-08-25,,,,20260825T1602Z,backfill
895379c9-52eb-4882-9eae-761366f59a89,senate,2026-08-25,,,,20260825T1602Z,backfill
89777dd7-42ff-4095-bc54-7204a14232d4,senate,2026-08-25,,,,20260825T1602Z,backfill
89a868a2-cc0c-459f-b87f-4a922f20cf8f,senate,2026-08-25,,,,20260825T1602Z,backfill
89bb8577-2e2e-44be-99d3-db1a49960b2c,senate,2026-08-25,,,,20260825T1602Z,backfill
89f81dcb-e3d3-4c79-bc26-3aa06b346e41,senate,2026-08-25,,,,20260825T1602Z,backfill
8a072cb0-269a-47d2-a859-c2d730c94064,senate,2026-08-25,,,,20260825T1602Z,backfill
8a349af4-cf50-4c02-8451-01b0082cbb2f,senate,2026-08-25,,,,20260825T1602Z,backfill
8a34aacd-4b99-44bd-bd60-1881c260d4fe,senate,2026-08-25,,,,20260825T1602Z,backfill
8a358a66-5b4a-45b3-80af-97cfb2256d97,senate,2026-08-25,,,,20260825T1602Z,backfill
8a37e32d-5c37-4fbd-a7bc-c2b30aa9583e,senate,2026-08-25,,,,20260825T1602Z,backfill
8a404fb9-609e-48c0-a67f-6337f88f6652,senate,2026-08-25,,,,20260825T1602Z,backfill
8a808088-5410-434a-a082-cf86637ba3d7,senate,2026-08-25,,,,20260825T1602Z,backfill
8ac1ad57-0e4e-4c79-bccb-0d9145d7461b,senate,2026-08-25,,,,20260825T1602Z,backfill
8af46e43-23ee-40b9-8018-b8a2f90de99b,senate,2026-08-25,,,,20260825T1602Z,backfill
8b7d2849-1062-4bc9-b230-fd1cab165b22,senate,2026-08-25,,,,20260825T1602Z,backfill
8b901467-872e-4963-96fa-a5cef2760fa2,senate,2026-08-25,,,,20260825T1602Z,backfill
8b915201-8116-4027-9b76-8595ec4ffd85,senate,2026-08-25,,,,20260825T1602Z,backfill
8b98c664-7c64-4fe0-a7b9-016b0cc251f3,senate,2026-08-25,,,,20260825T1602Z,backfill
8bb121de-bbff-4550-9dd4-b60d4002e230,senate,2026-08-25,,,,20260825T1602Z,backfill
8bbbda05-9155-43c0-a273-352b87c5273f,senate,2026-08-25,,,,20260825T1602Z,backfill
8be9d29a-c980-494e-b719-64794f213978,senate,2026-08-25,,,,20260825T1602Z,backfill
8bf1954e-5a3d-4258-a57d-cdc73c0ff1f4,senate,2026-08-25,,,,20260825T1602Z,backfill
8c05e0b3-a896-40b5-9ab9-9579d238cee5,senate,2026-08-25,,,,20260825T1602Z,backfill
8c37c970-7a72-4821-b02d-bbaef57875dd,senate,2026-08-25,,,,20260825T1602Z,backfill
8ce46f93-dceb-4c05-9cf3-c463ebce7867,senate,2026-08-25,,,,20260825T1602Z,backfill
8cf56e43-766e-45c7-8ade-75eec000cd12,senate,2026-08-25,,,,20260825T1602Z,backfill
8d18c865-ecbd-4945-aacd-5df646910155,senate,2026-08-25,,,,20260825T1602Z,backfill
8d59367d-5aa8-4b14-bfac-cb049a948de1,senate,2026-08-25,,,,20260825T1602Z,backfill
8d87d0d9-8094-4891-a29c-c0e0435acb1a,senate,2026-08-25,,,,20260825T1602Z,backfill
8d93e30a-19a8-43a9-93d8-e95d629b1039,senate,2026-08-25,,,,20260825T1602Z,backfill
8da9c843-54ce-4d2e-ac32-74b2153ec020,senate,2026-08-25,,,,20260825T1602Z,backfill
8db16cde-8a14-4ea2-92ed-71d7f73ad131,senate,2026-08-25,,,,20260825T1602Z,backfill
8ddd82da-2003-4fc6-8df1-b2d59367bcdf,senate,2026-08-25,,,,20260825T1602Z,backfill
8ddf0001-ba8d-4c25-b970-556e8d44149c,senate,2026-08-25,,,,20260825T1602Z,backfill
8df50107-62ea-45a1-87db-ee144cc3f568,senate,2026-08-25,,,,20260825T1602Z,backfill
8dfe5942-3317-4c77-b2e8-d7d19a6b1126,senate,2026-08-25,,,,20260825T1602Z,backfill
8e223aef-2f07-43cb-9af3-12914429aa46,senate,2026-08-25,,,,20260825T1602Z,backfill
8e2a3cb5-2511-4921-82ee-bf81d7c8ea6b,senate,2026-08-25,,,,20260825T1602Z,backfill
8e3005c9-79c5-4981-9fd1-8bf95b79dfd9,senate,2026-08-25,,,,20260825T1602Z,backfill
8e46586d-e3a0-494b-baa5-4931183a6adc,senate,2026-08-25,,,,20260825T1602Z,backfill
8e8ae815-6d8b-4330-8aa0-da89ab2e2ca0,senate,2026-08-25,,,,20260825T1602Z,backfill
8eae5ca1-bec4-44fd-b294-088d17ed7760,senate,2026-08-25,,,,20260825T1602Z,backfill
8ecb444e-a54c-47a1-8db4-f4b05ac70b9d,senate,2026-08-25,,,,20260825T1602Z,backfill
8edc0f02-be98-47ca-a4a4-0faa1c0f55da,senate,2026-08-25,,,,20260825T1602Z,backfill
8ee57a8c-076d-4e8b-bf04-061edaf0724e,senate,2026-08-25,,,,20260825T1602Z,backfill
8ee74188-75a9-4289-b6bd-5ccb94fd6b18,senate,2026-08-25,,,,20260825T1602Z,backfill
8f0bb966-3361-457d-85e7-f3033e3ee265,senate,2026-08-25,,,,20260825T1602Z,backfill
8f5553d1-ee7f-4b3d-b2b6-b03709386920,senate,2026-08-25,,,,20260825T1602Z,backfill
8f724a40-8f11-4089-8bd9-6269ffb2445e,senate,2026-08-25,,,,20260825T1602Z,backfill
8f85025d-dcff-4a61-9db5-a0621572cafc,senate,2026-08-25,,,,20260825T1602Z,backfill
8fa0d41f-828d-4849-9e45-4e66fe164d3b,senate,2026-08-25,,,,20260825T1602Z,backfill
8fb44b9a-2425-4e09-a9ed-b77ee31ce026,senate,2026-08-25,,,,20260825T1602Z,backfill
8fc0605a-e7b8-49d7-9b29-5177b357907b,senate,2026-08-25,,,,20260825T1602Z,backfill
8fc9bf25-8952-42b4-a7c9-ed80f599b450,senate,2026-08-25,,,,20260825T1602Z,backfill
90233c4f-c41f-421b-8aa2-40082e786d12,senate,2026-08-25,,,,20260825T1602Z,backfill
9054bb2c-2d54-4ea8-adef-f982a54ecd7a,senate,2026-08-25,,,,20260825T1602Z,backfill
905a4b13-f6e9-4edf-8558-ddc5122e8062,senate,2026-08-25,,,,20260825T1602Z,backfill
909566de-2b97-434a-aff2-decc117f92e7,senate,2026-08-25,,,,20260825T1602Z,backfill
90e20076-4d79-4ee1-a5dd-eaec71eae17a,senate,2026-08-25,,,,20260825T1602Z,backfill
90e958fd-45d3-422f-b33e-935092384205,senate,2026-08-25,,,,20260825T1602Z,backfill
90f6d409-977f-4c76-858b-c22e09759f54,senate,2026-08-25,,,,20260825T1602Z,backfill
90faa158-bcfe-403f-807f-1ff21fb3275f,senate,2026-08-25,,,,20260825T1602Z,backfill
91384996-f2d2-4cb1-b261-43afd6b8c465,senate,2026-08-25,,,,20260825T1602Z,backfill
919a2b2d-d5f8-4f14-ab26-9e67b82b7b4c,senate,2026-08-25,,,,20260825T1602Z,backfill
91e69374-43c4-4d64-b8ff-ec90e769865d,senate,2026-08-25,,,,20260825T1602Z,backfill
921b5d2e-4bab-4241-85c9-66d7be05aa83,senate,2026-08-25,,,,20260825T1602Z,backfill
923dbc06-079b-4cb5-b251-fd0480b7471a,senate,2026-08-25,,,,20260825T1602Z,backfill
9242F316-3F2F-48DE-AE71-F3D812EE33E5,senate,2026-08-25,,,,20260825T1602Z,backfill
9258bb42-97c7-4c81-8c7c-ba69bcc92e91,senate,2026-08-25,,,,20260825T1602Z,backfill
925ab727-eecf-4403-9a40-ee76f3ef0f03,senate,2026-08-25,,,,20260825T1602Z,backfill
92854eb7-296a-4d06-a52d-3cbbf5fafead,senate,2026-08-25,,,,20260825T1602Z,backfill
92a96483-fc17-4654-93e4-19bc866a9218,senate,2026-08-25,,,,20260825T1602Z,backfill
92d8b9a3-8ec2-4bbd-aa60-eb68b70d149d,senate,2026-08-25,,,,20260825T1602Z,backfill
92de2283-fef4-4f5c-bead-956ceb88688d,senate,2026-08-25,,,,20260825T1602Z,backfill
93197e20-c947-4bd3-90de-4f0fcdb9a17c,senate,2026-08-25,,,,20260825T1602Z,backfill
9333e385-ff73-4bdf-b32e-8b1059e052bd,senate,2026-08-25,,,,20260825T1602Z,backfill
9335e60a-450c-464e-8452-8602eec4d2ad,senate,2026-08-25,,,,20260825T1602Z,backfill
933ba436-9551-4e92-ac77-dc357267292d,senate,2026-08-25,,,,20260825T1602Z,backfill
9363be8a-0a06-443e-b27a-8c62cf83a956,senate,2026-08-25,,,,20260825T1602Z,backfill
93e79f26-9cce-4cec-936f-33435468bdc0,senate,2026-08-25,,,,20260825T1602Z,backfill
94008f80-fd16-4656-afb6-ba4ae1d47319,senate,2026-08-25,,,,20260825T1602Z,backfill
941bfc68-43ee-4d27-963c-3e71f5c4d99d,senate,2026-08-25,,,,20260825T1602Z,backfill
94260020-c950-467c-82cd-d03e18bcf36b,senate,2026-08-25,,,,20260825T1602Z,backfill
945754a0-5c42-494a-bd06-c3870fb4477d,senate,2026-08-25,,,,20260825T1602Z,backfill
945dc22a-c776-4beb-aa83-184abaeb4f87,senate,2026-08-25,,,,20260825T1602Z,backfill
946caaf3-73c5-4395-9ffc-5001f389e371,senate,2026-08-25,,,,20260825T1602Z,backfill
94863fb5-21cc-4585-a124-c0ea92ef5f1b,senate,2026-08-25,,,,20260825T1602Z,backfill
948bd9e7-15e2-4643-abec-bc1089bc63fa,senate,2026-08-25,,,,20260825T1602Z,backfill
94a6e892-6680-4235-a4b8-655e96e2fe71,senate,2026-08-25,,,,20260825T1602Z,backfill
94bc262a-9045-40d2-be53-18fd4ee6568c,senate,2026-08-25,,,,20260825T1602Z,backfill
94becbbc-bd82-4e43-98a3-ac8004a59e55,senate,2026-08-25,,,,20260825T1602Z,backfill
94c8e45b-640f-46dc-8cd9-d96edc20e67a,senate,2026-08-25,,,,20260825T1602Z,backfill
94cdb35a-a771-4aa7-a7f7-fef0082343e5,senate,2026-08-25,,,,20260825T1602Z,backfill
950138d9-644e-4216-9e64-46b6f1520074,senate,2026-08-25,,,,20260825T1602Z,backfill
95310897-f905-4ac6-a595-7ea2df711b28,senate,2026-08-25,,,,20260825T1602Z,backfill
954bf027-bb1c-4ee1-bb59-f6e1ff493de3,senate,2026-08-25,,,,20260825T1602Z,backfill
956fba46-eace-4066-90dd-175fcb34e271,senate,2026-08-25,,,,20260825T1602Z,backfill
9579d098-4992-4d7a-b7da-75f6b195ed9d,senate,2026-08-25,,,,20260825T1602Z,backfill
957fc2e0-f898-4b9b-acbc-c7acca4820e8,senate,2026-08-25,,,,20260825T1602Z,backfill
95c4f4bf-b94b-45a2-9e9c-ab0c4063a4cf,senate,2026-08-25,,,,20260825T1602Z,backfill
95c54ecf-69b7-47d2-8cc9-e68dac2db254,senate,2026-08-25,,,,20260825T1602Z,backfill
95d27bf4-c3fc-4251-9f43-72b9a2112351,senate,2026-08-25,,,,20260825T1602Z,backfill
9600412e-5421-4331-9918-fa7b534b4e83,senate,2026-08-25,,,,20260825T1602Z,backfill
9604cc5c-4cc3-4f3e-8c2d-11199e4ce90f,senate,2026-08-25,,,,20260825T1602Z,backfill
969f5bc0-89d8-4c76-a55e-944fb03aff0d,senate,2026-08-25,,,,20260825T1602Z,backfill
96a5eaf7-ab66-4a83-911a-a37e3906ba61,senate,2026-08-25,,,,20260825T1602Z,backfill
96c3d990-3ce4-4b14-b749-6c221621820f,senate,2026-08-25,,,,20260825T1602Z,backfill
970e43cc-5b08-42e2-9ce6-1886d729ead2,senate,2026-08-25,,,,20260825T1602Z,backfill
9767e5d2-9e46-4987-bd76-27d75d67647b,senate,2026-08-25,,,,20260825T1602Z,backfill
97a4172e-e2d9-4dea-9014-d8aa2134d628,senate,2026-08-25,,,,20260825T1602Z,backfill
97bc57cc-c629-47d6-9752-0378431de91a,senate,2026-08-25,,,,20260825T1602Z,backfill
97d58777-edb5-4319-b360-74709332d937,senate,2026-08-25,,,,20260825T1602Z,backfill
97ec46e2-c917-4c6a-91cd-bc0c791b642f,senate,2026-08-25,,,,20260825T1602Z,backfill
981f36ec-4d37-4060-9091-8137d76e7a95,senate,2026-08-25,,,,20260825T1602Z,backfill
984c84fa-c389-49cf-995b-75afcefdc5b1,senate,2026-08-25,,,,20260825T1602Z,backfill
98b3317b-2632-48c3-b636-d5555c4680ca,senate,2026-08-25,,,,20260825T1602Z,backfill
98b3f68c-01cd-4642-8c17-ecadc1cbeb93,senate,2026-08-25,,,,20260825T1602Z,backfill
98b63289-518f-44d6-b51c-4efc59acde85,senate,2026-08-25,,,,20260825T1602Z,backfill
98fe5365-9847-440a-95d9-cc5a2be582de,senate,2026-08-25,,,,20260825T1602Z,backfill
994b4308-c6c7-4e7f-a958-1da19b71e00a,senate,2026-08-25,,,,20260825T1602Z,backfill
99a7a983-4c6d-4ee4-aa35-af8253d28f4a,senate,2026-08-25,,,,20260825T1602Z,backfill
99b8e5a1-b98a-4083-a6c8-8cd634a14378,senate,2026-08-25,,,,20260825T1602Z,backfill
99cf9f1a-d58b-4476-9838-ead38e41edc1,senate,2026-08-25,,,,20260825T1602Z,backfill
99e5e5c2-c650-4e77-b625-aaa79a9df6dd,senate,2026-08-25,,,,20260825T1602Z,backfill
99fb1227-b74e-4351-ad16-a53e1a12d76d,senate,2026-08-25,,,,20260825T1602Z,backfill
9a3b11df-5923-486f-a6af-ecc34eb390cd,senate,2026-08-25,,,,20260825T1602Z,backfill
9a6471ce-564f-4f65-8a3d-2c12370bf870,senate,2026-08-25,,,,20260825T1602Z,backfill
9a6fcfb0-d5a6-4a7e-a3a3-c75762f45a1b,senate,2026-08-25,,,,20260825T1602Z,backfill
9ac5f227-4b29-480d-9221-4f5468fef9fc,senate,2026-08-25,,,,20260825T1602Z,backfill
9af2d969-8530-41e5-bba4-fbdfa7dce896,senate,2026-08-25,,,,20260825T1602Z,backfill
9b068596-e9ca-4b20-b738-19872aa03a6a,senate,2026-08-25,,,,20260825T1602Z,backfill
9b11b917-572b-44ae-a8fa-b75d06276ecf,senate,2026-08-25,,,,20260825T1602Z,backfill
9b46abe5-1ef6-418d-811e-fbd5f56a1f49,senate,2026-08-25,,,,20260825T1602Z,backfill
9b76f720-181f-496f-aed1-9f22805876e8,senate,2026-08-25,,,,20260825T1602Z,backfill
9b77526c-0b0e-453d-b906-a8bd5955758b,senate,2026-08-25,,,,20260825T1602Z,backfill
9b782ca8-bf85-4256-bada-b6cca565e20f,senate,2026-08-25,,,,20260825T1602Z,backfill
9b7a5966-d5fd-4976-8a2c-e28fbdc865f9,senate,2026-08-25,,,,20260825T1602Z,backfill
9b809dc9-35a0-441f-a513-c3317ecedd55,senate,2026-08-25,,,,20260825T1602Z,backfill
9bcd76b3-61c3-434c-9b34-8398e7a50b40,senate,2026-08-25,,,,20260825T1602Z,backfill
9bd025ca-2c03-4314-a7b2-b4b0a2524a00,senate,2026-08-25,,,,20260825T1602Z,backfill
9bd241d9-dfd9-4c0d-ba26-293762f60c7c,senate,2026-08-25,,,,20260825T1602Z,backfill
9be0bf66-ca8a-4082-94f6-d51e1b56435d,senate,2026-08-25,,,,20260825T1602Z,backfill
9bf4061a-631f-4413-9e74-aaf653ffa30e,senate,2026-08-25,,,,20260825T1602Z,backfill
9c5c1a62-11f3-4542-887a-8012c8f35640,senate,2026-08-25,,,,20260825T1602Z,backfill
9c8e433f-aa03-4595-b25c-3d3305a4f40f,senate,2026-08-25,,,,20260825T1602Z,backfill
9c9b6ab2-ca5f-4ebd-98e7-1186399580a3,senate,2026-08-25,,,,20260825T1602Z,backfill
9cb7a5dd-bf30-48d2-8e73-58e980b9c203,senate,2026-08-25,,,,20260825T1602Z,backfill
9cc0fe86-0656-415d-936a-dd4259c51b54,senate,2026-08-25,,,,20260825T1602Z,backfill
9ccfe7a6-66c2-478e-be77-0db00e97d1ab,senate,2026-08-25,,,,20260825T1602Z,backfill
9cf54c03-d2f8-426f-9189-c4cefddd8fcf,senate,2026-08-25,,,,20260825T1602Z,backfill
9d15724e-997c-4b1a-8b19-e0114f14ee13,senate,2026-08-25,,,,20260825T1602Z,backfill
9d268a6e-94c2-48c5-9db9-79f3eaa75d25,senate,2026-08-25,,,,20260825T1602Z,backfill
9d380e2e-86d9-4378-a156-353054bb5833,senate,2026-08-25,,,,20260825T1602Z,backfill
9d393664-5ed4-4040-b148-f066e79ae9a7,senate,2026-08-25,,,,20260825T1602Z,backfill
9da1d8c3-ac6f-4409-a0f9-1c6442bbeab8,senate,2026-08-25,,,,20260825T1602Z,backfill
9dc45801-af49-4036-8c80-0038b7a19bc1,senate,2026-08-25,,,,20260825T1602Z,backfill
9dcaf704-0704-4e87-9f36-0cceab5097ab,senate,2026-08-25,,,,20260825T1602Z,backfill
9ddbcc76-dc18-4775-a7d5-a1a7063c0ebd,senate,2026-08-25,,,,20260825T1602Z,backfill
9de80049-b378-48e7-b0f2-b1cba7efcc40,senate,2026-08-25,,,,20260825T1602Z,backfill
9df3fe53-21d5-43a5-a632-ea804aca39a3,senate,2026-08-25,,,,20260825T1602Z,backfill
9df8ad03-172a-43eb-80f4-b6f311b2aa41,senate,2026-08-25,,,,20260825T1602Z,backfill
9e2b10a9-ec60-4642-bfb3-bfbe3f4a81ab,senate,2026-08-25,,,,20260825T1602Z,backfill
9e6258de-a888-41d7-a489-493da362704a,senate,2026-08-25,,,,20260825T1602Z,backfill
9e63eb2b-5a2a-4cd6-9d86-1ea6157208c1,senate,2026-08-25,,,,20260825T1602Z,backfill
9e661d3e-df11-49a3-b66d-3dc83761229d,senate,2026-08-25,,,,20260825T1602Z,backfill
9e736ac9-65e1-44d7-a543-8e4893e0e0a7,senate,2026-08-25,,,,20260825T1602Z,backfill
9e79b176-49f2-48cf-a47f-d663413b2000,senate,2026-08-25,,,,20260825T1602Z,backfill
9e802b2c-9979-4235-ab47-84556a6f4e30,senate,2026-08-25,,,,20260825T1602Z,backfill
9e8c8d32-39da-4bb6-9b6e-8f5be4a29897,senate,2026-08-25,,,,20260825T1602Z,backfill
9e9e74e9-25bf-45a6-9d79-5f33173e055e,senate,2026-08-25,,,,20260825T1602Z,backfill
9eaa5a59-b8a5-44ae-b77b-5cc7cf2a8076,senate,2026-08-25,,,,20260825T1602Z,backfill
9ecb2c66-30a7-4114-b291-55911dc56d4e,senate,2026-08-25,,,,20260825T1602Z,backfill
9ed788e7-5747-4d7c-9888-1da907b35cde,senate,2026-08-25,,,,20260825T1602Z,backfill
9eed67f0-288a-440a-b8fb-cda5a43aebe5,senate,2026-08-25,,,,20260825T1602Z,backfill
9ef63ce8-6c08-48fc-a292-f3a43b8cc46e,senate,2026-08-25,,,,20260825T1602Z,backfill
9f5e5cdf-3dbe-4d19-b7ab-405682118d2f,senate,2026-08-25,,,,20260825T1602Z,backfill
9f6408dd-ef9e-4be8-b763-73fa074c4a0a,senate,2026-08-25,,,,20260825T1602Z,backfill
9f7a6914-8d5c-46d5-96c1-a1db0e65d162,senate,2026-08-25,,,,20260825T1602Z,backfill
9f9dbfa0-c403-4c71-b9ae-90225aed470f,senate,2026-08-25,,,,20260825T1602Z,backfill
9fa88d3e-3deb-4aca-940b-b34d6ffba01d,senate,2026-08-25,,,,20260825T1602Z,backfill
9fb1b3e0-af5f-4e09-a581-400911ca3786,senate,2026-08-25,,,,20260825T1602Z,backfill
9fc025a0-f893-47b2-9252-a2820737a409,senate,2026-08-25,,,,20260825T1602Z,backfill
9fd36476-cd7e-4635-88f2-4806e574e3e7,senate,2026-08-25,,,,20260825T1602Z,backfill
9ff9c3ee-4a28-46e5-a818-f02bbb6ebe47,senate,2026-08-25,,,,20260825T1602Z,backfill
9ffd8283-0989-4c9b-b44d-806a4cf971a2,senate,2026-08-25,,,,20260825T1602Z,backfill
A3B18805-1140-435B-94D8-35273BFCB52A,senate,2026-08-25,,,,20260825T1602Z,backfill
A5661778-A18F-4F81-A778-AC988F69F9B1,senate,2026-08-25,,,,20260825T1602Z,backfill
A701D31F-B3B0-483E-8F38-729D0A97BA86,senate,2026-08-25,,,,20260825T1602Z,backfill
AB5EEBA0-7045-4B8D-BC91-007761245D4C,senate,2026-08-25,,,,20260825T1602Z,backfill
ABE5742E-C4DA-4833-819A-F5F2673CD7F1,senate,2026-08-25,,,,20260825T1602Z,backfill
B371D33C-C877-44D0-B611-9B06312CEB25,senate,2026-08-25,,,,20260825T1602Z,backfill
B7B303F9-086E-4E0B-B46A-4A055848D599,senate,2026-08-25,,,,20260825T1602Z,backfill
B82D4538-ADAB-44BD-8E1E-2C25657A1AE4,senate,2026-08-25,,,,20260825T1602Z,backfill
BAB946BE-A931-4A1D-ACE4-6DBEA29A445C,senate,2026-08-25,,,,20260825T1602Z,backfill
BE1F720C-4A8A-4B29-9679-2D33E51A2946,senate,2026-08-25,,,,20260825T1602Z,backfill
BE524E9F-5E03-416B-9CFB-51A198F3E05C,senate,2026-08-25,,,,20260825T1602Z,backfill
C50F00D7-DBE9-4DFA-AA46-23A9C5BDB413,senate,2026-08-25,,,,20260825T1602Z,backfill
C8764A1C-CD06-40E8-9D1F-DB0410E8869C,senate,2026-08-25,,,,20260825T1602Z,backfill
CAFCC425-B1D5-47DF-A2EC-7CBB8BF37FE5,senate,2026-08-25,,,,20260825T1602Z,backfill
D0265D41-74A4-4A96-BFEA-647DFB22169F,senate,2026-08-25,,,,20260825T1602Z,backfill
D22FAF65-5196-452C-8042-92E593E21F8B,senate,2026-08-25,,,,20260825T1602Z,backfill
D322BE57-9E16-482D-9998-11D04BB37132,senate,2026-08-25,,,,20260825T1602Z,backfill
DC93FD81-D789-483D-937A-5DED545F9709,senate,2026-08-25,,,,20260825T1602Z,backfill
E0F69812-6B00-4773-894B-4068B7600DDC,senate,2026-08-25,,,,20260825T1602Z,backfill
E1E79C60-9429-4BD5-B040-21A1A1D4A498,senate,2026-08-25,,,,20260825T1602Z,backfill
E273DE65-7F80-4CBE-AA9A-EA232D165C4C,senate,2026-08-25,,,,20260825T1602Z,backfill
E3A557F6-DCA0-4A7F-B65B-37DE8AE25403,senate,2026-08-25,,,,20260825T1602Z,backfill
E3EDB295-14C0-4FD6-AC92-CBE53E5BFD4B,senate,2026-08-25,,,,20260825T1602Z,backfill
E933D449-D4A4-4307-B949-29E948DC5BD5,senate,2026-08-25,,,,20260825T1602Z,backfill
EA7371D7-EA0C-447E-8CC7-E5BEF9AF21DE,senate,2026-08-25,,,,20260825T1602Z,backfill
EB09706F-2098-40DB-B666-B014B21553AA,senate,2026-08-25,,,,20260825T1602Z,backfill
F27D0166-CB77-4D9D-B8B0-110965A46409,senate,2026-08-25,,,,20260825T1602Z,backfill
F5F31261-73D5-49A9-9642-16871D93AD45,senate,2026-08-25,,,,20260825T1602Z,backfill
F65A4325-6FC7-4C5E-8F3D-3F7BDEED6E99,senate,2026-08-25,,,,20260825T1602Z,backfill
F85505B5-C8FE-47E7-BB97-1FFF5CFEDC06,senate,2026-08-25,,,,20260825T1602Z,backfill
FEF47448-AFDE-4858-BE6F-ADB7FEC1BE4A,senate,2026-08-25,,,,20260825T1602Z,backfill
a0010f4a-c31a-4824-8b6d-6399b3ccb6f0,senate,2026-08-25,,,,20260825T1602Z,backfill
a01704e8-58d6-42ee-a525-300381ea2f49,senate,2026-08-25,,,,20260825T1602Z,backfill
a01f47de-3ccf-4693-b6c0-39c0b29acf3d,senate,2026-08-25,,,,20260825T1602Z,backfill
a04654b7-9458-42f0-a303-fccba87799c0,senate,2026-08-25,,,,20260825T1602Z,backfill
a06ba79f-4dcf-40e8-87e9-0939ecda8f1e,senate,2026-08-25,,,,20260825T1602Z,backfill
a076a6f8-81d7-4cde-9fa0-bb434fb9821a,senate,2026-08-25,,,,20260825T1602Z,backfill
a0a26d20-b140-444b-b562-9d73de4c6bd9,senate,2026-08-25,,,,20260825T1602Z,backfill
a0d25e8f-fe54-4328-a7ea-504da008742b,senate,2026-08-25,,,,20260825T1602Z,backfill
a0d83240-7025-4a7d-86b7-75dd97b12d47,senate,2026-08-25,,,,20260825T1602Z,backfill
a0e19c59-403c-4f8c-acff-baddf5514333,senate,2026-08-25,,,,20260825T1602Z,backfill
a1120829-63f5-43aa-8835-4115cc985df8,senate,2026-08-25,,,,20260825T1602Z,backfill
a131cf90-0d59-4a6f-9581-0fdfc3aa0852,senate,2026-08-25,,,,20260825T1602Z,backfill
a1a02a3d-f7a2-4e0e-bf8c-d9a6caefee48,senate,2026-08-25,,,,20260825T1602Z,backfill
a1a9f50d-8027-40b9-8260-514a1a140615,senate,2026-08-25,,,,20260825T1602Z,backfill
a1acf60e-03f1-4e23-b9e3-3ac6b7dc1f6f,senate,2026-08-25,,,,20260825T1602Z,backfill
a1c431fc-093e-4ace-8f0a-4f2ae481556d,senate,2026-08-25,,,,20260825T1602Z,backfill
a1cec047-73fd-4433-9ac4-bbd4a32db7d5,senate,2026-08-25,,,,20260825T1602Z,backfill
a1ef9953-a4ae-49b8-8f03-1bf633e085e4,senate,2026-08-25,,,,20260825T1602Z,backfill
a218bcbb-2699-4325-ab84-98b30ee53db0,senate,2026-08-25,,,,20260825T1602Z,backfill
a22bbeeb-0e4f-4993-89e2-ed28ba9f6242,senate,2026-08-25,,,,20260825T1602Z,backfill
a2365248-26eb-4f8b-ab94-7d477dd82f3f,senate,2026-08-25,,,,20260825T1602Z,backfill
a2384543-f25f-427f-8935-853f6c6dcfd7,senate,2026-08-25,,,,20260825T1602Z,backfill
a2477232-c5fa-4c38-86cc-eadb5ecb1e17,senate,2026-08-25,,,,20260825T1602Z,backfill
a24acea9-5d87-46e6-978e-14fa5a4cffb3,senate,2026-08-25,,,,20260825T1602Z,backfill
a24f0a3a-e61d-44de-a775-36e7d0a14456,senate,2026-08-25,,,,20260825T1602Z,backfill
a27cbd70-4bc0-4e69-a444-387de64d14f8,senate,2026-08-25,,,,20260825T1602Z,backfill
a281e3d8-07ad-434d-a8e3-b596b997e55a,senate,2026-08-25,,,,20260825T1602Z,backfill
a285e53c-f72f-4bbb-afaf-0c19ce7e0c5a,senate,2026-08-25,,,,20260825T1602Z,backfill
a2ae668a-789a-45f3-820b-5a90e82636cc,senate,2026-08-25,,,,20260825T1602Z,backfill
a2d04863-1aae-4d0d-9147-1de6d28f6be4,senate,2026-08-25,,,,20260825T1602Z,backfill
a2e8208b-16b3-4e97-ad54-fa8b2e6e443a,senate,2026-08-25,,,,20260825T1602Z,backfill
a2f3bcb0-5afa-4c17-99fd-885e3abdf963,senate,2026-08-25,,,,20260825T1602Z,backfill
a31f4ed9-2215-4833-9a19-1a30db5a65c5,senate,2026-08-25,,,,20260825T1602Z,backfill
a324cfce-d7dd-4f8c-9903-2829ab6e90df,senate,2026-08-25,,,,20260825T1602Z,backfill
a329be05-5227-49ed-a7db-605f7939adfb,senate,2026-08-25,,,,20260825T1602Z,backfill
a33e00ac-46fe-4e2f-b8ed-d8be0e4ebe33,senate,2026-08-25,,,,20260825T1602Z,backfill
a35d7400-466b-453d-8a7e-3941b74e0966,senate,2026-08-25,,,,20260825T1602Z,backfill
a3722489-195c-4554-8ad0-d32981aa2f61,senate,2026-08-25,,,,20260825T1602Z,backfill
a398d4c6-8fcf-4e32-bee2-e9af50c9e93e,senate,2026-08-25,,,,20260825T1602Z,backfill
a3e41326-655b-41db-941f-78354c18f812,senate,2026-08-25,,,,20260825T1602Z,backfill
a3fd3dbc-8c32-476a-85eb-67ee0ce304cb,senate,2026-08-25,,,,20260825T1602Z,backfill
a45de035-bfe8-4ddd-adf8-873ab27f50db,senate,2026-08-25,,,,20260825T1602Z,backfill
a473837b-327f-44e4-8d92-406b81eeadec,senate,2026-08-25,,,,20260825T1602Z,backfill
a4b3c74c-30b7-481c-80d5-ebf806202f96,senate,2026-08-25,,,,20260825T1602Z,backfill
a4c13b4b-da00-4511-bbe7-e4cb9f7e7849,senate,2026-08-25,,,,20260825T1602Z,backfill
a4d6b0f9-fffb-4709-acaf-7b0966e1820d,senate,2026-08-25,,,,20260825T1602Z,backfill
a4f2d467-8303-4dac-98fb-b88b61e6a360,senate,2026-08-25,,,,20260825T1602Z,backfill
a5290af9-921b-4ff6-89f8-a9e67afca49a,senate,2026-08-25,,,,20260825T1602Z,backfill
a57e8890-7890-4e0e-bef7-bd8fb22c9d44,senate,2026-08-25,,,,20260825T1602Z,backfill
a5816e0d-05f2-4db3-824d-d7e8c10758af,senate,2026-08-25,,,,20260825T1602Z,backfill
a5822498-0b63-4ffc-975b-3038b25e101c,senate,2026-08-25,,,,20260825T1602Z,backfill
a5a7ab53-6d77-4919-8e58-0f22223bac48,senate,2026-08-25,,,,20260825T1602Z,backfill
a5ea65ef-3943-4944-b192-988ab6adaa21,senate,2026-08-25,,,,20260825T1602Z,backfill
a6060596-1887-4f3b-9650-d07aab2e54d4,senate,2026-08-25,,,,20260825T1602Z,backfill
a622eaed-e4dc-4093-b5f5-e4fbd1834af1,senate,2026-08-25,,,,20260825T1602Z,backfill
a6280b04-b9a1-4df8-ab60-cdbe26b49d78,senate,2026-08-25,,,,20260825T1602Z,backfill
a67fcdb4-2c99-471a-a8cb-2fc899022248,senate,2026-08-25,,,,20260825T1602Z,backfill
a68e9328-7725-42ef-8f34-32fb4139270f,senate,2026-08-25,,,,20260825T1602Z,backfill
a6b2098c-c0aa-44b8-b976-a007ec1f7b29,senate,2026-08-25,,,,20260825T1602Z,backfill
a6b666c5-01b8-4625-98e1-88dfb7e2b149,senate,2026-08-25,,,,20260825T1602Z,backfill
a6c73206-244d-439c-8887-e977b545b901,senate,2026-08-25,,,,20260825T1602Z,backfill
a6ce1670-29e5-4b70-bc24-f77d4ce7dff5,senate,2026-08-25,,,,20260825T1602Z,backfill
a71d2e2b-337a-4d0f-bf2f-a4c9a0c1f6dc,senate,2026-08-25,,,,20260825T1602Z,backfill
a755855f-e352-456b-9811-857d279eb269,senate,2026-08-25,,,,20260825T1602Z,backfill
a7674ea9-d5dd-4d57-85a8-c2f943222216,senate,2026-08-25,,,,20260825T1602Z,backfill
a78c3a39-385a-40e2-8062-c429eb485393,senate,2026-08-25,,,,20260825T1602Z,backfill
a7a15ba6-fde7-4b5a-b6bf-d3517746144d,senate,2026-08-25,,,,20260825T1602Z,backfill
a7afd87e-027e-4b96-995c-fc3af98e6009,senate,2026-08-25,,,,20260825T1602Z,backfill
a7daa704-b0e4-4069-8ee4-d2dd854a4d33,senate,2026-08-25,,,,20260825T1602Z,backfill
a801ab6e-6491-4775-8318-3ead166fd778,senate,2026-08-25,,,,20260825T1602Z,backfill
a84b299c-20ca-4f6d-8987-a23c5f5bcf54,senate,2026-08-25,,,,20260825T1602Z,backfill
a85f356c-5d2f-4b83-9262-774af3e97e46,senate,2026-08-25,,,,20260825T1602Z,backfill
a878d31a-cc7f-4402-aea8-e2ad2847ab4c,senate,2026-08-25,,,,20260825T1602Z,backfill
a88b0a6b-d700-4c7a-ad2e-bfdf4bc5633f,senate,2026-08-25,,,,20260825T1602Z,backfill
a89172dd-f90e-4a61-9da4-24fa2544ddf5,senate,2026-08-25,,,,20260825T1602Z,backfill
a8a92287-4029-427b-8566-9bd710d3fff1,senate,2026-08-25,,,,20260825T1602Z,backfill
a8b03ce8-5780-4712-a589-7c1ecdd8774f,senate,2026-08-25,,,,20260825T1602Z,backfill
a8e388bc-72c5-4227-b6f3-64b7bb779883,senate,2026-08-25,,,,20260825T1602Z,backfill
a8f2bab8-0feb-49cf-b80f-9826cb4a7a4c,senate,2026-08-25,,,,20260825T1602Z,backfill
a8f816e4-4530-48d0-8d61-9f2e853e93d3,senate,2026-08-25,,,,20260825T1602Z,backfill
a91110ad-2cfb-452a-99be-f49948aecc93,senate,2026-08-25,,,,20260825T1602Z,backfill
a92c001e-0975-47b5-966e-e8b3a01a7767,senate,2026-08-25,,,,20260825T1602Z,backfill
a9376ef3-2a48-4543-94ec-eea5b522bffd,senate,2026-08-25,,,,20260825T1602Z,backfill
a949fb68-e76b-4de3-a4a4-64462278071f,senate,2026-08-25,,,,20260825T1602Z,backfill
a955c070-bf0f-4c41-afaa-57edfc0d6276,senate,2026-08-25,,,,20260825T1602Z,backfill
a95aa661-875c-461e-9dbd-fccd25dce9de,senate,2026-08-25,,,,20260825T1602Z,backfill
a9754ff5-901a-4877-b7be-a647bd361c52,senate,2026-08-25,,,,20260825T1602Z,backfill
a991044d-d9a5-4ce3-9fd4-3a390ca53f88,senate,2026-08-25,,,,20260825T1602Z,backfill
a9924280-a0ac-4a2d-82b3-8f056353b2d0,senate,2026-08-25,,,,20260825T1602Z,backfill
aa1a643b-f4cf-41f8-81be-c37589af8359,senate,2026-08-25,,,,20260825T1602Z,backfill
aa249ce3-6a83-4bb8-a1b6-80fc2a1c2fef,senate,2026-08-25,,,,20260825T1602Z,backfill
aa258eda-0256-4ec9-bcc2-b03f7ff9228f,senate,2026-08-25,,,,20260825T1602Z,backfill
aa2d3d72-8f88-4eab-8192-b9c7276ae718,senate,2026-08-25,,,,20260825T1602Z,backfill
aa38bdb0-5847-4bec-8e36-80d6ffc90837,senate,2026-08-25,,,,20260825T1602Z,backfill
aa5e11c9-0cff-4bd6-ab2d-4062c5f75a1e,senate,2026-08-25,,,,20260825T1602Z,backfill
aa752d93-269e-4b31-926e-fe2463d924ac,senate,2026-08-25,,,,20260825T1602Z,backfill
aaa4a9d3-35d4-4c1e-8aad-6fef7d251021,senate,2026-08-25,,,,20260825T1602Z,backfill
aaafdc5d-4641-4a0a-9f6c-31333bab4d6e,senate,2026-08-25,,,,20260825T1602Z,backfill
aad16d9a-4250-452f-8dd8-3a85be9e8739,senate,2026-08-25,,,,20260825T1602Z,backfill
aad1827a-05d8-4b8f-96ed-f3e5f8c925ab,senate,2026-08-25,,,,20260825T1602Z,backfill
aae3bfc5-4f9c-4f5d-abf9-2128847ebcab,senate,2026-08-25,,,,20260825T1602Z,backfill
ab1c52c9-9881-4142-81a1-4081210c40a0,senate,2026-08-25,,,,20260825T1602Z,backfill
ab2e7833-29a8-4802-8873-14c882b32167,senate,2026-08-25,,,,20260825T1602Z,backfill
ab33ea63-b5e3-417c-bc3b-49e121da0027,senate,2026-08-25,,,,20260825T1602Z,backfill
ab4ef7b8-d7ac-48b4-860f-dd7033dbcdd7,senate,2026-08-25,,,,20260825T1602Z,backfill
ab543971-f3d5-447f-8dcf-ebe81ee1b908,senate,2026-08-25,,,,20260825T1602Z,backfill
ab5a547e-ce37-4e98-98a6-1df64460bbbb,senate,2026-08-25,,,,20260825T1602Z,backfill
ab712d8d-1afd-4f09-b29e-f1b65bba50b8,senate,2026-08-25,,,,20260825T1602Z,backfill
ab7ffb25-df44-407d-9972-1608b7be4861,senate,2026-08-25,,,,20260825T1602Z,backfill
ab93dc59-4217-40a6-bee8-ba19deae027a,senate,2026-08-25,,,,20260825T1602Z,backfill
abb66306-3276-4a3e-acd6-698cf63e71d4,senate,2026-08-25,,,,20260825T1602Z,backfill
abe1d99a-f229-49cd-af07-301511ecf0d1,senate,2026-08-25,,,,20260825T1602Z,backfill
ac293f74-570f-4c11-9224-79686a7500a9,senate,2026-08-25,,,,20260825T1602Z,backfill
ac2ba9f8-2938-46be-a501-88910e9d2299,senate,2026-08-25,,,,20260825T1602Z,backfill
ac3a0986-f795-4be0-9786-f224d54ce4f9,senate,2026-08-25,,,,20260825T1602Z,backfill
ac731195-8728-4af6-93df-649abdda24db,senate,2026-08-25,,,,20260825T1602Z,backfill
ac8d1529-ac3c-4a8a-ad76-62eef20e7614,senate,2026-08-25,,,,20260825T1602Z,backfill
ac9882e2-ebad-4128-93f6-d8ea9427314d,senate,2026-08-25,,,,20260825T1602Z,backfill
acc35b83-1ed6-4d21-ae5b-7e844646e422,senate,2026-08-25,,,,20260825T1602Z,backfill
accadeb3-5ecf-4be2-a460-95b8888ae4ba,senate,2026-08-25,,,,20260825T1602Z,backfill
acdea934-650d-4726-8f8a-af34f2e36706,senate,2026-08-25,,,,20260825T1602Z,backfill
acf289a7-36c4-40fb-a491-8f31e24cdb32,senate,2026-08-25,,,,20260825T1602Z,backfill
ad0f386b-5ace-4449-8d52-ca558f10bdc9,senate,2026-08-25,,,,20260825T1602Z,backfill
ad134ff2-010c-4a8c-82cc-66414775c048,senate,2026-08-25,,,,20260825T1602Z,backfill
ad73b552-c576-4819-9061-7fa2003a1503,senate,2026-08-25,,,,20260825T1602Z,backfill
ad77d4e6-49b5-4bff-bbc0-3dca02ad19f3,senate,2026-08-25,,,,20260825T1602Z,backfill
ad988790-1a7b-4142-b095-2fae9a09276e,senate,2026-08-25,,,,20260825T1602Z,backfill
ada707c8-e4a8-4cd8-a5f9-99dc5b6c3174,senate,2026-08-25,,,,20260825T1602Z,backfill
adc06731-9b32-4afc-8f86-b86959e584a5,senate,2026-08-25,,,,20260825T1602Z,backfill
adcbd2b1-63a0-4c50-b7ef-d093b34336eb,senate,2026-08-25,,,,20260825T1602Z,backfill
adfa0396-aa71-4fe6-8033-600e6e70e669,senate,2026-08-25,,,,20260825T1602Z,backfill
ae015c97-8a29-422d-8089-2e90bbfb125b,senate,2026-08-25,,,,20260825T1602Z,backfill
ae296441-8769-4000-90eb-7c73987593e0,senate,2026-08-25,,,,20260825T1602Z,backfill
ae39aeb9-967e-49eb-be3d-562d7efd2159,senate,2026-08-25,,,,20260825T1602Z,backfill
ae40e5f0-02f3-44db-8a27-aa9a303e9cce,senate,2026-08-25,,,,20260825T1602Z,backfill
ae43a348-f7c9-49a4-b229-38e6e87279c5,senate,2026-08-25,,,,20260825T1602Z,backfill
ae491574-c7dc-414f-b601-8b3cea60f4f7,senate,2026-08-25,,,,20260825T1602Z,backfill
ae5e8414-35c1-44f7-9549-700e9453a96a,senate,2026-08-25,,,,20260825T1602Z,backfill
ae6a1390-3883-4d8f-ae47-e8d20f20e043,senate,2026-08-25,,,,20260825T1602Z,backfill
ae9950be-f385-4c4f-b70a-caa5e1602966,senate,2026-08-25,,,,20260825T1602Z,backfill
aea94c0d-f18b-4ab7-bdac-95a0f3f04339,senate,2026-08-25,,,,20260825T1602Z,backfill
af36bd7e-37df-423b-9d5f-95d40eec8ee7,senate,2026-08-25,,,,20260825T1602Z,backfill
af3e4dec-0e1e-4833-9620-4f6c61523cfc,senate,2026-08-25,,,,20260825T1602Z,backfill
afa826b7-2b0a-400a-8023-c94dcae64f6b,senate,2026-08-25,,,,20260825T1602Z,backfill
aff8a922-560d-4df4-a6e5-14c5d7751e90,senate,2026-08-25,,,,20260825T1602Z,backfill
b03d6373-0097-46c0-bbc8-76d1b9a17fb9,senate,2026-08-25,,,,20260825T1602Z,backfill
b046cfbb-d34c-412a-bbfd-0c1998b43be1,senate,2026-08-25,,,,20260825T1602Z,backfill
b08cdf32-a5e7-4767-97b1-20c8750638ca,senate,2026-08-25,,,,20260825T1602Z,backfill
b0a1b06d-a56b-429a-b393-d44f2c4ce4b0,senate,2026-08-25,,,,20260825T1602Z,backfill
b0c8c060-b625-4ade-bea9-624c36cd54dd,senate,2026-08-25,,,,20260825T1602Z,backfill
b0d7fbcc-0fb9-4b35-8f0f-0ab2f58e781e,senate,2026-08-25,,,,20260825T1602Z,backfill
b133682c-13d9-4484-b7f5-847c1ee7f768,senate,2026-08-25,,,,20260825T1602Z,backfill
b1517fb4-0d85-4adb-881d-f199bc5b5beb,senate,2026-08-25,,,,20260825T1602Z,backfill
b15e36e8-2647-4eaa-844b-f4df3cab8855,senate,2026-08-25,,,,20260825T1602Z,backfill
b16a2be7-815a-4451-a4a7-dce671fb5e8d,senate,2026-08-25,,,,20260825T1602Z,backfill
b17ecfe5-f246-4f4c-bf2f-4f1dd4c35539,senate,2026-08-25,,,,20260825T1602Z,backfill
b195126e-7bb2-4d54-baf5-e6fc8e7a0165,senate,2026-08-25,,,,20260825T1602Z,backfill
b1a14265-d278-4c5d-a281-5991b0595bd5,senate,2026-08-25,,,,20260825T1602Z,backfill
b1deab19-2db4-481b-97eb-8b616f00d7f9,senate,2026-08-25,,,,20260825T1602Z,backfill
b1e29c0f-6e0a-414d-9532-1ecbe781e6d8,senate,2026-08-25,,,,20260825T1602Z,backfill
b1e91027-5aab-4824-9583-5e9d739c2d57,senate,2026-08-25,,,,20260825T1602Z,backfill
b21b9cd6-fd14-441c-8d7e-3f9193befb82,senate,2026-08-25,,,,20260825T1602Z,backfill
b21ef800-2a0b-4c11-8ae1-8b743ade8166,senate,2026-08-25,,,,20260825T1602Z,backfill
b239e81f-3a2a-4cde-8c96-e82c84266aad,senate,2026-08-25,,,,20260825T1602Z,backfill
b24f929e-8867-47c0-9681-9a6d39743a30,senate,2026-08-25,,,,20260825T1602Z,backfill
b28b6273-8a44-48ea-a17d-9ebb630f9cc9,senate,2026-08-25,,,,20260825T1602Z,backfill
b2a66353-5016-440f-820e-08c86c3f4eff,senate,2026-08-25,,,,20260825T1602Z,backfill
b2bdf363-af39-43c8-ae93-13ed14aa3752,senate,2026-08-25,,,,20260825T1602Z,backfill
b2cccee8-9ee6-4059-913b-ad68b28b6afb,senate,2026-08-25,,,,20260825T1602Z,backfill
b2d35534-8daf-406b-abc8-647a2a016108,senate,2026-08-25,,,,20260825T1602Z,backfill
b33c92f5-43d9-430a-8c52-7e5c29954e6d,senate,2026-08-25,,,,20260825T1602Z,backfill
b34c6735-9a2f-427d-811b-f4cbeff9e676,senate,2026-08-25,,,,20260825T1602Z,backfill
b353bbdc-ec37-4048-a7a9-9b4c94a58c7a,senate,2026-08-25,,,,20260825T1602Z,backfill
b3ad2c88-ec0f-490b-bfca-7d3d127f78ee,senate,2026-08-25,,,,20260825T1602Z,backfill
b3dacabf-fe85-4795-818a-cae96746587b,senate,2026-08-25,,,,20260825T1602Z,backfill
b4225956-fc39-48e4-bdcd-71e01a4a0bb4,senate,2026-08-25,,,,20260825T1602Z,backfill
b46702f8-b4c8-4d63-8a57-fbd4399cabab,senate,2026-08-25,,,,20260825T1602Z,backfill
b4c4c270-f5ff-4e95-b282-eda2b77ee0e9,senate,2026-08-25,,,,20260825T1602Z,backfill
b4ca9424-b0ec-49dc-8fa5-12df45a24a11,senate,2026-08-25,,,,20260825T1602Z,backfill
b4db91d7-1db0-4ceb-bfd4-5ad0b94694cd,senate,2026-08-25,,,,20260825T1602Z,backfill
b4f5da30-40c3-4b8c-a01b-91c5ec512773,senate,2026-08-25,,,,20260825T1602Z,backfill
b51eca09-bc7d-447a-8cdc-e6066b910541,senate,2026-08-25,,,,20260825T1602Z,backfill
b5272e54-0ad8-462c-97f5-9af1ea47b1f1,senate,2026-08-25,,,,20260825T1602Z,backfill
b52d72ba-b052-42c7-9ced-2d0b392a1691,senate,2026-08-25,,,,20260825T1602Z,backfill
b533f3c3-3a6f-4e5f-b955-3ab5a9ecf625,senate,2026-08-25,,,,20260825T1602Z,backfill
b558e183-7af6-45da-99a6-a0a5e8dc2d28,senate,2026-08-25,,,,20260825T1602Z,backfill
b56343cd-5fdf-41ea-a5f7-dcbf810d3b23,senate,2026-08-25,,,,20260825T1602Z,backfill
b56659bd-564b-46ee-9c6f-4520348904fd,senate,2026-08-25,,,,20260825T1602Z,backfill
b592b168-6ec8-4ea4-b153-cd3148404c2e,senate,2026-08-25,,,,20260825T1602Z,backfill
b5a212bb-ad2c-48e4-9d21-db8d13f8ee78,senate,2026-08-25,,,,20260825T1602Z,backfill
b5aa283c-4a0b-44f2-8571-e68bf04c6984,senate,2026-08-25,,,,20260825T1602Z,backfill
b5ce3c9a-ef28-4e18-8769-20a38abc25d1,senate,2026-08-25,,,,20260825T1602Z,backfill
b65c1aeb-1831-4da3-ae45-eddb7a270abe,senate,2026-08-25,,,,20260825T1602Z,backfill
b661543f-099b-40c5-87fa-bafce0b6eb34,senate,2026-08-25,,,,20260825T1602Z,backfill
b688b50d-1422-4019-a855-f6852d48d788,senate,2026-08-25,,,,20260825T1602Z,backfill
b6d21e86-7a9f-4340-ba9c-21e73b9f01d7,senate,2026-08-25,,,,20260825T1602Z,backfill
b6f24083-8ed9-4368-b482-3d14155c1e9b,senate,2026-08-25,,,,20260825T1602Z,backfill
b6fff099-21db-484e-9119-a8d70923e256,senate,2026-08-25,,,,20260825T1602Z,backfill
b7108304-8635-48de-a7aa-bb54dd71723a,senate,2026-08-25,,,,20260825T1602Z,backfill
b738466a-068f-4f65-a9a3-fe8ebf957584,senate,2026-08-25,,,,20260825T1602Z,backfill
b75cb037-87d1-4373-9f70-3f26109d1df1,senate,2026-08-25,,,,20260825T1602Z,backfill
b76ec2ca-e1a4-40f5-a2b1-77d3dfbefdca,senate,2026-08-25,,,,20260825T1602Z,backfill
b788223e-d357-4314-9625-51d0ba9cdd22,senate,2026-08-25,,,,20260825T1602Z,backfill
b7b47a67-051c-4a4f-99de-1b6e60b517bb,senate,2026-08-25,,,,20260825T1602Z,backfill
b7c1a149-760f-4a4e-96a7-e2d689bccd2e,senate,2026-08-25,,,,20260825T1602Z,backfill
b7ddcd56-16da-4a95-8000-2c2ac19be5e6,senate,2026-08-25,,,,20260825T1602Z,backfill
b7e581e7-f154-4dc7-890d-1c827c88ba7a,senate,2026-08-25,,,,20260825T1602Z,backfill
b7efa216-68b7-412b-9ca9-a491afc231ff,senate,2026-08-25,,,,20260825T1602Z,backfill
b7f4ea2f-1dfe-4375-a408-7f7bbb1b2e19,senate,2026-08-25,,,,20260825T1602Z,backfill
b8079f9b-41e8-4625-bbe3-73f9614af12f,senate,2026-08-25,,,,20260825T1602Z,backfill
b83b6502-520b-4403-9777-60f6c2d93bc1,senate,2026-08-25,,,,20260825T1602Z,backfill
b841b834-995b-497a-a3b6-f4ca11c9c7ee,senate,2026-08-25,,,,20260825T1602Z,backfill
b84a1f1a-2d61-4784-b25b-91cb4ab93224,senate,2026-08-25,,,,20260825T1602Z,backfill
b852990f-aa23-40ed-bcb2-95441817ba41,senate,2026-08-25,,,,20260825T1602Z,backfill
b8620849-e0af-4f18-8f25-4ec696180b92,senate,2026-08-25,,,,20260825T1602Z,backfill
b87fa874-b6df-4b65-9f67-3d17b08db2ca,senate,2026-08-25,,,,20260825T1602Z,backfill
b8b37517-d4b4-41db-9396-e498d616ad57,senate,2026-08-25,,,,20260825T1602Z,backfill
b907f852-1e91-473b-ab7b-3b33cf57b58f,senate,2026-08-25,,,,20260825T1602Z,backfill
b9164fd3-7f99-4060-8e86-7ad89350cd03,senate,2026-08-25,,,,20260825T1602Z,backfill
b930d1b3-c58c-4b98-b28f-fc95c4a03bba,senate,2026-08-25,,,,20260825T1602Z,backfill
b93a26ef-d98b-4b8c-95ef-e7a870df27fc,senate,2026-08-25,,,,20260825T1602Z,backfill
b960f3a6-2f53-4273-bae6-b61e983e6d60,senate,2026-08-25,,,,20260825T1602Z,backfill
b9a9074a-6f64-4ff4-bf4e-bf6541ebc1db,senate,2026-08-25,,,,20260825T1602Z,backfill
b9b478b7-7080-4453-be93-9b82f6e4a88f,senate,2026-08-25,,,,20260825T1602Z,backfill
b9b9bfbe-8ef0-454d-934f-be83e16db2dc,senate,2026-08-25,,,,20260825T1602Z,backfill
b9beb296-ed8a-49f3-8d2a-dc782679fd71,senate,2026-08-25,,,,20260825T1602Z,backfill
b9d4231c-0316-4175-8aa8-42cfd432c61c,senate,2026-08-25,,,,20260825T1602Z,backfill
b9d662ab-e715-4035-a8ea-20b76f450ea4,senate,2026-08-25,,,,20260825T1602Z,backfill
b9ee7d2d-3753-48bb-ab16-5404f44eefd2,senate,2026-08-25,,,,20260825T1602Z,backfill
ba0e05ef-d738-40db-9219-0b18d6cf4323,senate,2026-08-25,,,,20260825T1602Z,backfill
ba1163f0-8d19-41a2-8745-83028a346a62,senate,2026-08-25,,,,20260825T1602Z,backfill
ba1bbc22-bad7-4ea6-98f6-e557a1b498ad,senate,2026-08-25,,,,20260825T1602Z,backfill
ba223914-1e58-468f-882a-e10694f6c14a,senate,2026-08-25,,,,20260825T1602Z,backfill
ba587b09-a5f3-48cf-b464-9bdeb6692241,senate,2026-08-25,,,,20260825T1602Z,backfill
ba5ba5e2-085a-45ce-9075-fb818e972877,senate,2026-08-25,,,,20260825T1602Z,backfill
ba7619a6-3af0-42b2-9740-a1ae1f9f2083,senate,2026-08-25,,,,20260825T1602Z,backfill
bae07464-2aa0-4728-a295-5b5cdbe09887,senate,2026-08-25,,,,20260825T1602Z,backfill
bae84d14-c80e-424f-9a21-241c0c47eacc,senate,2026-08-25,,,,20260825T1602Z,backfill
baeae9dc-9f34-4204-994c-652b0e4848a2,senate,2026-08-25,,,,20260825T1602Z,backfill
bb28c116-64b8-4088-a93d-8ba9965930ae,senate,2026-08-25,,,,20260825T1602Z,backfill
bb2b3915-e4ac-40d5-a0a8-11ca3d0a21c3,senate,2026-08-25,,,,20260825T1602Z,backfill
bb3ca8de-099e-4df2-a950-f64afdb5dc73,senate,2026-08-25,,,,20260825T1602Z,backfill
bb3e64d2-1a93-46ac-ac1d-47508fbb199f,senate,2026-08-25,,,,20260825T1602Z,backfill
bb4fab28-8b2b-4fd7-a7f0-3127150d61b8,senate,2026-08-25,,,,20260825T1602Z,backfill
bb5a37f0-b259-46e9-8a2c-c27f24fe1533,senate,2026-08-25,,,,20260825T1602Z,backfill
bb5e855a-e130-45b5-89da-f9d64954a56e,senate,2026-08-25,,,,20260825T1602Z,backfill
bbab31ed-9493-4abc-a572-3a29c273fd97,senate,2026-08-25,,,,20260825T1602Z,backfill
bbc1b507-8846-40ea-8243-f35caf2a847e,senate,2026-08-25,,,,20260825T1602Z,backfill
bbd1f7c0-aefc-4f68-b5c1-d7fe1310b2c0,senate,2026-08-25,,,,20260825T1602Z,backfill
bbdeaa6d-dcb6-41fa-a5d5-cb5e5d10af6b,senate,2026-08-25,,,,20260825T1602Z,backfill
bc032824-ed4b-4468-80c2-a6beaada0366,senate,2026-08-25,,,,20260825T1602Z,backfill
bc15201a-35ef-4fc1-a187-e972de9e6229,senate,2026-08-25,,,,20260825T1602Z,backfill
bc4381fc-d714-45da-be6f-1fa87f2212ba,senate,2026-08-25,,,,20260825T1602Z,backfill
bc5764cd-d819-4508-bfda-8b3931bcfeb6,senate,2026-08-25,,,,20260825T1602Z,backfill
bc5abd7e-9920-40bf-91ed-0c3cc78ca5f5,senate,2026-08-25,,,,20260825T1602Z,backfill
bc6505f6-4219-4ce3-b146-a9faaabda324,senate,2026-08-25,,,,20260825T1602Z,backfill
bc6c5872-1fdd-4e99-857e-08b4ec2c85c8,senate,2026-08-25,,,,20260825T1602Z,backfill
bc79b7d5-c51e-4a7e-b8ff-38671e538939,senate,2026-08-25,,,,20260825T1602Z,backfill
bc98ba42-c220-473c-9b6a-218ab3f54776,senate,2026-08-25,,,,20260825T1602Z,backfill
bcf4205f-7df0-48c9-b51e-25c5b99b2bd2,senate,2026-08-25,,,,20260825T1602Z,backfill
bd0ea319-82af-4de3-b9e8-b81e1af51cc9,senate,2026-08-25,,,,20260825T1602Z,backfill
bd44b543-c8e5-4d3b-9638-9a8e0c9c35e1,senate,2026-08-25,,,,20260825T1602Z,backfill
bd6ad088-ad7f-48c7-a23f-58dd648c6200,senate,2026-08-25,,,,20260825T1602Z,backfill
bd75505b-cd44-431d-94b2-7eda40672953,senate,2026-08-25,,,,20260825T1602Z,backfill
bd886067-927f-48a8-9d43-8ab6fa713f98,senate,2026-08-25,,,,20260825T1602Z,backfill
bd8a3776-e556-4cae-8d29-2169a54a7dd7,senate,2026-08-25,,,,20260825T1602Z,backfill
bda7bfcd-3d65-482c-8cf2-aff54ec482b0,senate,2026-08-25,,,,20260825T1602Z,backfill
bdd81552-894d-4dc5-b1f3-9fe349529bf8,senate,2026-08-25,,,,20260825T1602Z,backfill
be35b273-bd11-4c0f-a437-8eb1df7fc77a,senate,2026-08-25,,,,20260825T1602Z,backfill
be41f10d-4ff8-4e95-87cf-dead7e1abdfd,senate,2026-08-25,,,,20260825T1602Z,backfill
be49e822-6d8a-43d4-9f17-41f6e6806786,senate,2026-08-25,,,,20260825T1602Z,backfill
be9bb561-8290-4364-85b4-06a59ef0ec01,senate,2026-08-25,,,,20260825T1602Z,backfill
bef47efb-e0e5-47b1-ac7b-80dae682a8c7,senate,2026-08-25,,,,20260825T1602Z,backfill
bf5feb82-a589-4318-a3ba-5905269d580a,senate,2026-08-25,,,,20260825T1602Z,backfill
bf71ee8a-8362-4e9d-833b-145c63d97f82,senate,2026-08-25,,,,20260825T1602Z,backfill
bfa6da09-7bdc-4d02-b50d-47c9c94a66a0,senate,2026-08-25,,,,20260825T1602Z,backfill
bfbe1b67-fbdf-426b-bb12-46e50f9a2d5b,senate,2026-08-25,,,,20260825T1602Z,backfill
bfd4faf3-88b4-445a-8559-11ee5269ba7b,senate,2026-08-25,,,,20260825T1602Z,backfill
c008dcd7-7a5e-46ee-9806-cf60a08a23dc,senate,2026-08-25,,,,20260825T1602Z,backfill
c075c149-8a56-4afd-9c75-0ad24eb084a0,senate,2026-08-25,,,,20260825T1602Z,backfill
c07a01ce-c10e-4a5a-8ee9-ec9e1f366153,senate,2026-08-25,,,,20260825T1602Z,backfill
c08d3906-9af1-4ee6-9bf3-e462acfe3084,senate,2026-08-25,,,,20260825T1602Z,backfill
c0fbdbce-becf-4c40-a583-d5bf5c076987,senate,2026-08-25,,,,20260825T1602Z,backfill
c104f1ee-c957-4485-9807-e4798463c3b9,senate,2026-08-25,,,,20260825T1602Z,backfill
c1067ff0-3436-4043-aa66-ec3ca0852747,senate,2026-08-25,,,,20260825T1602Z,backfill
c134c6ea-d9e6-4a53-a84f-4cddf20545fe,senate,2026-08-25,,,,20260825T1602Z,backfill
c17a4232-aff8-415b-85d0-3bd01e3b6fe7,senate,2026-08-25,,,,20260825T1602Z,backfill
c19189dd-dfbc-4ef0-bcf2-6b5cf518c2a4,senate,2026-08-25,,,,20260825T1602Z,backfill
c1adc02c-a9f6-4643-a4e8-43bf67c0d620,senate,2026-08-25,,,,20260825T1602Z,backfill
c1b6d1af-f711-4048-80f8-b2df63800f33,senate,2026-08-25,,,,20260825T1602Z,backfill
c1e6a933-cca3-4eec-addb-36e36ef6b4c8,senate,2026-08-25,,,,20260825T1602Z,backfill
c1e81cf0-c49f-444e-b387-c12f3b0170fd,senate,2026-08-25,,,,20260825T1602Z,backfill
c204f874-20cb-41b7-b22e-9a65d2e88a97,senate,2026-08-25,,,,20260825T1602Z,backfill
c20df8d3-0160-4a0c-a515-a7b1d2956f87,senate,2026-08-25,,,,20260825T1602Z,backfill
c2322abd-2a34-4d51-afb5-d40c60b79262,senate,2026-08-25,,,,20260825T1602Z,backfill
c2888db8-8e5e-4384-97cb-818c5b63268d,senate,2026-08-25,,,,20260825T1602Z,backfill
c2d4f369-8305-4360-a7dc-b6ce3fd136eb,senate,2026-08-25,,,,20260825T1602Z,backfill
c3050c14-89e4-4775-8e61-8031d2139cfa,senate,2026-08-25,,,,20260825T1602Z,backfill
c31482ab-61fb-4e77-8552-989c8e61d6ab,senate,2026-08-25,,,,20260825T1602Z,backfill
c337b418-b154-457a-9fd1-147b2dbcb151,senate,2026-08-25,,,,20260825T1602Z,backfill
c343a4f1-121c-42d3-9ef5-f5ab63cbeb81,senate,2026-08-25,,,,20260825T1602Z,backfill
c3471d47-b8ef-4f81-95a4-296a440b2ddc,senate,2026-08-25,,,,20260825T1602Z,backfill
c353e204-51dd-442a-868f-f370de15d57d,senate,2026-08-25,,,,20260825T1602Z,backfill
c3b580a2-779a-433c-9a88-ba54cf9a41ac,senate,2026-08-25,,,,20260825T1602Z,backfill
c3bad3f4-9079-4edb-8d4a-eaa952d5e7d3,senate,2026-08-25,,,,20260825T1602Z,backfill
c3f63433-47f8-4e65-92df-2289cc8e220e,senate,2026-08-25,,,,20260825T1602Z,backfill
c3f66065-5528-496f-81cd-8351ad4a2be1,senate,2026-08-25,,,,20260825T1602Z,backfill
c3fe07f1-d6ac-4dde-b5ce-c8678a61f0d4,senate,2026-08-25,,,,20260825T1602Z,backfill
c413b08c-f70d-41d1-a7b8-ea38a00f6d18,senate,2026-08-25,,,,20260825T1602Z,backfill
c41572bf-57fc-4769-9f70-34e195b5aaef,senate,2026-08-25,,,,20260825T1602Z,backfill
c417b7b2-e80f-477d-9647-c22bc8c1cd1b,senate,2026-08-25,,,,20260825T1602Z,backfill
c439145a-47b1-4146-8838-06cd744d649a,senate,2026-08-25,,,,20260825T1602Z,backfill
c4771ad7-1434-4eb6-a5b8-d53fa8f70249,senate,2026-08-25,,,,20260825T1602Z,backfill
c4c250b9-083f-4442-82b6-08581cb76920,senate,2026-08-25,,,,20260825T1602Z,backfill
c4c59219-79bf-4035-8f99-7b6a0aa03f05,senate,2026-08-25,,,,20260825T1602Z,backfill
c4cd5932-d6d6-49b1-a149-f3d0ec8333ef,senate,2026-08-25,,,,20260825T1602Z,backfill
c4d18b4c-1474-49db-a057-e1fcb6d96251,senate,2026-08-25,,,,20260825T1602Z,backfill
c4e01a61-abfd-47aa-8539-e3662889107e,senate,2026-08-25,,,,20260825T1602Z,backfill
c51b359d-6dda-4e92-b563-f06ac805fc8a,senate,2026-08-25,,,,20260825T1602Z,backfill
c56210d5-0612-4026-a361-df15fb546545,senate,2026-08-25,,,,20260825T1602Z,backfill
c5663e35-5503-41f1-af29-d1647866c41e,senate,2026-08-25,,,,20260825T1602Z,backfill
c5686418-bc96-42e3-923a-01fe2ea062cc,senate,2026-08-25,,,,20260825T1602Z,backfill
c56a14be-de98-45f7-8dd0-9c6e92d3619c,senate,2026-08-25,,,,20260825T1602Z,backfill
c57b3fd9-3bbd-4f31-8904-9a517aaf43d9,senate,2026-08-25,,,,20260825T1602Z,backfill
c585b26b-70d2-4ba8-83a1-a03921b62aaf,senate,2026-08-25,,,,20260825T1602Z,backfill
c5ce97f8-72c9-4067-b789-34b656af4fb4,senate,2026-08-25,,,,20260825T1602Z,backfill
c5faa8f8-b17f-478f-9457-794d602266c3,senate,2026-08-25,,,,20260825T1602Z,backfill
c6302d00-ca70-47b4-82be-71cbd2c0ecf5,senate,2026-08-25,,,,20260825T1602Z,backfill
c6456d94-2e65-4740-87e8-15f307c7e596,senate,2026-08-25,,,,20260825T1602Z,backfill
c658a976-635f-4d9d-9254-8594ae0ad310,senate,2026-08-25,,,,20260825T1602Z,backfill
c67b2ac7-642e-4601-8d9d-d7b613ec7b5e,senate,2026-08-25,,,,20260825T1602Z,backfill
c6821127-de2d-4e81-ada0-1b26b047a35d,senate,2026-08-25,,,,20260825T1602Z,backfill
c68d808d-acc5-4e4b-8d16-6f14a7c255b6,senate,2026-08-25,,,,20260825T1602Z,backfill
c690e54c-261b-4535-a690-6d11919f00ff,senate,2026-08-25,,,,20260825T1602Z,backfill
c6ad481e-9a51-4593-8d24-40b5ad87fe7c,senate,2026-08-25,,,,20260825T1602Z,backfill
c6b29455-39fd-4033-93fe-f9b1d69c9751,senate,2026-08-25,,,,20260825T1602Z,backfill
c6c0abea-50cf-45ae-b106-e5b9360c1643,senate,2026-08-25,,,,20260825T1602Z,backfill
c72c43d7-f169-4954-ab54-f2b277f943bb,senate,2026-08-25,,,,20260825T1602Z,backfill
c7464613-3777-4c36-8fae-4e18c9680f37,senate,2026-08-25,,,,20260825T1602Z,backfill
c75ec379-8d72-4242-88db-a7cd910840b4,senate,2026-08-25,,,,20260825T1602Z,backfill
c760fdfd-2aec-4189-a5c9-68d93ae67238,senate,2026-08-25,,,,20260825T1602Z,backfill
c7e41996-1636-4615-8d99-3fe47ca90f95,senate,2026-08-25,,,,20260825T1602Z,backfill
c8292431-4470-441f-beb1-0b7aaa83e8a1,senate,2026-08-25,,,,20260825T1602Z,backfill
c83ebe60-e64e-47a2-a63c-1b219ec7a404,senate,2026-08-25,,,,20260825T1602Z,backfill
c8474757-9bc8-44c9-bbd3-cf841006d6fd,senate,2026-08-25,,,,20260825T1602Z,backfill
c858ddd7-3c52-4ecb-9d0f-27ae2899d9dd,senate,2026-08-25,,,,20260825T1602Z,backfill
c8736c02-d30a-4c66-a4d9-0bac2e7afd46,senate,2026-08-25,,,,20260825T1602Z,backfill
c88f4a1d-16de-4362-955d-ab5402b6653e,senate,2026-08-25,,,,20260825T1602Z,backfill
c8cb0053-985a-4619-b522-b8d627e3e4ee,senate,2026-08-25,,,,20260825T1602Z,backfill
c8f2e5a3-3ea2-40d3-9a38-961dd70a56fc,senate,2026-08-25,,,,20260825T1602Z,backfill
c8f3ddd3-5ed2-4342-9698-690d7c77a082,senate,2026-08-25,,,,20260825T1602Z,backfill
c8fa5a56-c0db-4cf4-8370-c81d858f9ca9,senate,2026-08-25,,,,20260825T1602Z,backfill
c92b1efa-9294-4cc9-b002-c13f5863c0c8,senate,2026-08-25,,,,20260825T1602Z,backfill
c9366540-4880-467e-b952-95aeabaa10b2,senate,2026-08-25,,,,20260825T1602Z,backfill
c93d6361-2085-406a-a3a3-e75201c6def5,senate,2026-08-25,,,,20260825T1602Z,backfill
c96aed47-2270-43fd-b4be-3a06edc428df,senate,2026-08-25,,,,20260825T1602Z,backfill
c99d5ebd-82ce-439c-a678-014946f46c50,senate,2026-08-25,,,,20260825T1602Z,backfill
c9da6bea-fa14-4a3a-9d8b-1745e834da59,senate,2026-08-25,,,,20260825T1602Z,backfill
c9ef41bb-5c60-4928-84ee-229c2ab13e3b,senate,2026-08-25,,,,20260825T1602Z,backfill
ca0b6632-94b2-4687-bbb1-5f6796c3e4b5,senate,2026-08-25,,,,20260825T1602Z,backfill
ca3a419d-76cb-45f4-b6ac-203baf908371,senate,2026-08-25,,,,20260825T1602Z,backfill
ca841b2a-8860-4331-842f-5740d4ef480f,senate,2026-08-25,,,,20260825T1602Z,backfill
caaaf8bc-5e68-42de-ae59-4cfcaedecb12,senate,2026-08-25,,,,20260825T1602Z,backfill
cac640d3-ddc1-4874-bf2b-352f3bec35ac,senate,2026-08-25,,,,20260825T1602Z,backfill
cadee6b4-fce1-4f81-829f-34776edf2bbe,senate,2026-08-25,,,,20260825T1602Z,backfill
cae9ddff-8b81-4f6c-b9ff-59cb075f01d4,senate,2026-08-25,,,,20260825T1602Z,backfill
cb0a0364-282d-4036-83f4-b08e431e8b6e,senate,2026-08-25,,,,20260825T1602Z,backfill
cb278bca-e252-4330-8513-4f216a679395,senate,2026-08-25,,,,20260825T1602Z,backfill
cb2b9003-034b-4d1c-9aab-309e0db46c2e,senate,2026-08-25,,,,20260825T1602Z,backfill
cbca251b-4a4d-40cb-95c9-7ac3fc6b8d7c,senate,2026-08-25,,,,20260825T1602Z,backfill
cbd26d64-e82e-4abf-8e86-30e979445f66,senate,2026-08-25,,,,20260825T1602Z,backfill
cbd337a9-544b-45df-81cf-00b0f5df95b8,senate,2026-08-25,,,,20260825T1602Z,backfill
cbd4b72c-ac3f-44c0-91de-c6f75631b29f,senate,2026-08-25,,,,20260825T1602Z,backfill
cbd79d25-2808-4715-83c5-8b11f166076e,senate,2026-08-25,,,,20260825T1602Z,backfill
cc11c936-268c-480d-aea9-c552517017b7,senate,2026-08-25,,,,20260825T1602Z,backfill
cc21478c-7266-432d-9412-efd04d059ab4,senate,2026-08-25,,,,20260825T1602Z,backfill
cc424d65-f559-40ae-9caf-645f7a1fbfc0,senate,2026-08-25,,,,20260825T1602Z,backfill
cc72eaf0-41e8-4ca1-9439-46e5d7b8a3dc,senate,2026-08-25,,,,20260825T1602Z,backfill
cca86792-4a51-46d6-96c6-d25a40612fb8,senate,2026-08-25,,,,20260825T1602Z,backfill
ccac59b4-ae2d-47b6-ae63-69a4f1f5f968,senate,2026-08-25,,,,20260825T1602Z,backfill
ccc83b84-0a61-4fa2-81df-9ff472720511,senate,2026-08-25,,,,20260825T1602Z,backfill
cce3e143-c2b9-4c54-a95f-936f0fac06ef,senate,2026-08-25,,,,20260825T1602Z,backfill
ccf754fc-faaa-41b0-8393-fa3abd544f7e,senate,2026-08-25,,,,20260825T1602Z,backfill
ccfb1037-7ef7-4904-a1e6-a14db7558ac6,senate,2026-08-25,,,,20260825T1602Z,backfill
cd0cf884-4ff6-4c05-9c6a-6d5e4f9d33e6,senate,2026-08-25,,,,20260825T1602Z,backfill
cd1ffa0c-c7cb-4581-b1eb-9d07ed60a76e,senate,2026-08-25,,,,20260825T1602Z,backfill
cd2add48-f2bc-42bc-acbd-d8f7b502eae1,senate,2026-08-25,,,,20260825T1602Z,backfill
cd422bb9-6efe-4eed-80a8-9d620cdf500d,senate,2026-08-25,,,,20260825T1602Z,backfill
ce3e9174-2da2-4f53-9f7f-37f9e0305a9f,senate,2026-08-25,,,,20260825T1602Z,backfill
ce88028d-5e4a-411d-a675-9a6bdb9ea767,senate,2026-08-25,,,,20260825T1602Z,backfill
ce8a5fa4-2dab-450b-91fc-22b029d095a3,senate,2026-08-25,,,,20260825T1602Z,backfill
cea4055c-8230-4f46-8076-802a1750c886,senate,2026-08-25,,,,20260825T1602Z,backfill
cef7e9b3-a592-4044-80bc-4c2100a0e5cc,senate,2026-08-25,,,,20260825T1602Z,backfill
cf017fcb-1b84-4db3-937f-fac442acce37,senate,2026-08-25,,,,20260825T1602Z,backfill
cf08c60c-6c0f-45ac-b8e9-3ca4c088e705,senate,2026-08-25,,,,20260825T1602Z,backfill
cf3ffbbc-56ba-44e0-a4b9-5bd37287ba4f,senate,2026-08-25,,,,20260825T1602Z,backfill
cf66f482-baa0-409c-abdd-b9cfcbb5fd4e,senate,2026-08-25,,,,20260825T1602Z,backfill
cf6b7999-604c-47fd-83c5-47a9366675f3,senate,2026-08-25,,,,20260825T1602Z,backfill
cff4b402-4a3c-4ebd-b4f1-9725e0dc5c12,senate,2026-08-25,,,,20260825T1602Z,backfill
d02263c3-381d-4ee9-8d84-2c44d9baa59e,senate,2026-08-25,,,,20260825T1602Z,backfill
d030c264-a886-4f41-9b55-3613ab493cf8,senate,2026-08-25,,,,20260825T1602Z,backfill
d0462379-3075-4e9f-8951-8895b17827ac,senate,2026-08-25,,,,20260825T1602Z,backfill
d079ab57-5156-4bf5-93a8-bbb556cf3a69,senate,2026-08-25,,,,20260825T1602Z,backfill
d13dcd12-a93c-4e85-8142-be77dea149f3,senate,2026-08-25,,,,20260825T1602Z,backfill
d145efef-1925-4ec2-b435-118c9a57a394,senate,2026-08-25,,,,20260825T1602Z,backfill
d16a03dd-c7ee-4bf8-b760-bccb5d5677c2,senate,2026-08-25,,,,20260825T1602Z,backfill
d170595c-5ecd-4ad6-b06f-2ace527349a4,senate,2026-08-25,,,,20260825T1602Z,backfill
d1769517-09b2-4cca-8fc5-1d02e7803a45,senate,2026-08-25,,,,20260825T1602Z,backfill
d1798081-ddcc-48fd-a599-ceb60730a02d,senate,2026-08-25,,,,20260825T1602Z,backfill
d19be4e7-a40b-4083-b22d-7c7e65524f33,senate,2026-08-25,,,,20260825T1602Z,backfill
d1a21ce1-4c24-4559-878d-b4c8b564eff3,senate,2026-08-25,,,,20260825T1602Z,backfill
d1af8002-3bf0-4188-aca4-87007c729893,senate,2026-08-25,,,,20260825T1602Z,backfill
d210797a-cc90-4c49-8372-8db2595c08e5,senate,2026-08-25,,,,20260825T1602Z,backfill
d221805d-5957-4904-9e9b-ea15d9d65b70,senate,2026-08-25,,,,20260825T1602Z,backfill
d22782c5-434d-4e49-ac10-64a8deca52b9,senate,2026-08-25,,,,20260825T1602Z,backfill
d2635397-12c0-4dcb-8e6b-acf0d9d86ee6,senate,2026-08-25,,,,20260825T1602Z,backfill
d26e9de9-163b-451f-ae32-fab6e211e5d0,senate,2026-08-25,,,,20260825T1602Z,backfill
d2d04078-48e2-4399-81d6-bd2d8cb5a912,senate,2026-08-25,,,,20260825T1602Z,backfill
d2f4ab8b-59c2-4495-a26c-e3fbb101d388,senate,2026-08-25,,,,20260825T1602Z,backfill
d32a2469-2157-4352-886c-cc992fd13d2f,senate,2026-08-25,,,,20260825T1602Z,backfill
d337c392-e0aa-428e-be93-44a327b90d08,senate,2026-08-25,,,,20260825T1602Z,backfill
d33a714f-a45b-46f1-b155-59292b76300e,senate,2026-08-25,,,,20260825T1602Z,backfill
d35dfe91-076e-45b7-9fd1-8d4dd9ad72bd,senate,2026-08-25,,,,20260825T1602Z,backfill
d369c12b-5f90-43ad-86e0-204aae959e66,senate,2026-08-25,,,,20260825T1602Z,backfill
d383f953-1e1c-4557-9d1e-5c5dd0f2fbfa,senate,2026-08-25,,,,20260825T1602Z,backfill
d3c89148-fffb-4594-85e5-be13223c11bd,senate,2026-08-25,,,,20260825T1602Z,backfill
d3daa40b-123d-4451-9974-02bf5a96d8da,senate,2026-08-25,,,,20260825T1602Z,backfill
d3e4f531-5e2e-4348-b928-e6b7d5312777,senate,2026-08-25,,,,20260825T1602Z,backfill
d40b2263-32c8-45a7-b1e1-a549953d5c2b,senate,2026-08-25,,,,20260825T1602Z,backfill
d40c72ed-6239-4214-a20a-f576b9628901,senate,2026-08-25,,,,20260825T1602Z,backfill
d411d8c3-b780-4e4e-8490-aa790811fa5f,senate,2026-08-25,,,,20260825T1602Z,backfill
d445c200-69d3-4a59-a5a8-4252ef807649,senate,2026-08-25,,,,20260825T1602Z,backfill
d47eeb61-0306-45a1-974c-b690947b66ce,senate,2026-08-25,,,,20260825T1602Z,backfill
d4a14e34-0f09-44e3-b00e-75aa1c12bca7,senate,2026-08-25,,,,20260825T1602Z,backfill
d4a78d56-71f0-4658-a22e-72a8b9de1816,senate,2026-08-25,,,,20260825T1602Z,backfill
d4ab53a8-86b8-43ee-8d12-64458b870046,senate,2026-08-25,,,,20260825T1602Z,backfill
d4c51c35-fa7f-4def-8317-fb6317e21160,senate,2026-08-25,,,,20260825T1602Z,backfill
d4e95f06-60b2-43c5-9084-91ae10b9fde3,senate,2026-08-25,,,,20260825T1602Z,backfill
d4fd134d-705e-4d6e-bd34-1dd55524e98e,senate,2026-08-25,,,,20260825T1602Z,backfill
d506f19f-5919-44ea-940c-a9b440b82495,senate,2026-08-25,,,,20260825T1602Z,backfill
d51c1413-b6a5-47b0-94db-9b834316afdc,senate,2026-08-25,,,,20260825T1602Z,backfill
d51df8b5-4e24-4e2c-bfcf-60a2981210af,senate,2026-08-25,,,,20260825T1602Z,backfill
d53321ee-78d6-40dd-9011-40b0defe14cb,senate,2026-08-25,,,,20260825T1602Z,backfill
d5562ad3-9789-426c-9ba9-a056e09d62c1,senate,2026-08-25,,,,20260825T1602Z,backfill
d55832ea-b5e3-4e39-8587-5005dc48f3d6,senate,2026-08-25,,,,20260825T1602Z,backfill
d5741310-e8a2-4be6-b3ae-9843568526a8,senate,2026-08-25,,,,20260825T1602Z,backfill
d5952c7e-4bd6-4fa1-8e8a-5018fc6e9415,senate,2026-08-25,,,,20260825T1602Z,backfill
d5aedac2-a021-4f33-9142-721d3c82724f,senate,2026-08-25,,,,20260825T1602Z,backfill
d5f6be77-a2f6-49c5-8f4d-e299ffae70db,senate,2026-08-25,,,,20260825T1602Z,backfill
d6290ba2-3a9e-4774-bcd6-6bd2d90e4138,senate,2026-08-25,,,,20260825T1602Z,backfill
d642124a-5dfb-4bea-befa-0fcb41d43d86,senate,2026-08-25,,,,20260825T1602Z,backfill
d6484f32-d001-408c-82a9-4d6d6ec8f43c,senate,2026-08-25,,,,20260825T1602Z,backfill
d68fe6d0-0db6-41c7-b1ed-0a65561c22cf,senate,2026-08-25,,,,20260825T1602Z,backfill
d6b9057a-9de9-4ec1-a210-31683309ded2,senate,2026-08-25,,,,20260825T1602Z,backfill
d6d82ed2-cdde-4953-9ac8-97566630a7a4,senate,2026-08-25,,,,20260825T1602Z,backfill
d6eb8e77-422a-4fb1-be4f-1aa459ecf7c1,senate,2026-08-25,,,,20260825T1602Z,backfill
d70bb093-22e4-48a6-a682-2aa1f569d32c,senate,2026-08-25,,,,20260825T1602Z,backfill
d729aa53-3864-4ec2-8087-62ba351859c7,senate,2026-08-25,,,,20260825T1602Z,backfill
d72b5a11-2578-4923-b5db-120464bc4261,senate,2026-08-25,,,,20260825T1602Z,backfill
d746dd73-17e0-4fb7-9228-f410962653c0,senate,2026-08-25,,,,20260825T1602Z,backfill
d798a094-353b-4186-aa90-8122dd5960d1,senate,2026-08-25,,,,20260825T1602Z,backfill
d7a56259-f5b0-4861-9a38-14050c49ba96,senate,2026-08-25,,,,20260825T1602Z,backfill
d7cae837-f73c-4eb1-b9fb-e510f53d65de,senate,2026-08-25,,,,20260825T1602Z,backfill
d7d0f4d8-8262-438c-a058-d2c5e37dff39,senate,2026-08-25,,,,20260825T1602Z,backfill
d7d35e4a-545e-4215-a318-f90031461bc3,senate,2026-08-25,,,,20260825T1602Z,backfill
d7e2b033-3bb4-4877-95fc-497264e9e0ce,senate,2026-08-25,,,,20260825T1602Z,backfill
d8492435-8553-415f-b62f-05a5265f41ef,senate,2026-08-25,,,,20260825T1602Z,backfill
d899796b-3221-4c1c-a28a-265fe99303c3,senate,2026-08-25,,,,20260825T1602Z,backfill
d8acedb9-0db9-4f5e-a07d-4d017b52611f,senate,2026-08-25,,,,20260825T1602Z,backfill
d8cf810d-8776-4d10-93cb-1ad4a0abba63,senate,2026-08-25,,,,20260825T1602Z,backfill
d8dd8a6c-08c7-4432-8e62-5cd0ee9c4a8e,senate,2026-08-25,,,,20260825T1602Z,backfill
d92603fa-2ad9-400e-b653-69b5d40c70c0,senate,2026-08-25,,,,20260825T1602Z,backfill
d94f6136-fd12-4105-910f-6f52c771faee,senate,2026-08-25,,,,20260825T1602Z,backfill
d95fd568-e9c2-4715-b405-88c2758b44cc,senate,2026-08-25,,,,20260825T1602Z,backfill
d9700aee-b8d6-4eb3-bf67-676134edae39,senate,2026-08-25,,,,20260825T1602Z,backfill
d9c3a185-c62f-410b-96b7-ae662334ee39,senate,2026-08-25,,,,20260825T1602Z,backfill
d9fd43e2-2f3c-46a7-b688-50990f1e430c,senate,2026-08-25,,,,20260825T1602Z,backfill
da32cc82-662c-4fc0-a938-9dcd2ef8e845,senate,2026-08-25,,,,20260825T1602Z,backfill
da3bd31f-22ce-47d2-ad08-c9e2d0b1b2bd,senate,2026-08-25,,,,20260825T1602Z,backfill
da48ee62-8b92-4e12-86d5-1fcf549e700e,senate,2026-08-25,,,,20260825T1602Z,backfill
da5e8124-07be-4e4a-8bb8-82dc7331e90c,senate,2026-08-25,,,,20260825T1602Z,backfill
da7d4e7e-8858-4dc1-ba7e-800c7ce82e7f,senate,2026-08-25,,,,20260825T1602Z,backfill
da821a06-fdc4-477e-948c-01a9186d69fa,senate,2026-08-25,,,,20260825T1602Z,backfill
da98ff4a-4e03-4e8a-a824-c50a93e4a267,senate,2026-08-25,,,,20260825T1602Z,backfill
daea9cc7-b900-481c-978c-a78b266b3ba1,senate,2026-08-25,,,,20260825T1602Z,backfill
dafb67b1-d578-402d-9e26-c3c2a575b42c,senate,2026-08-25,,,,20260825T1602Z,backfill
db14ceb9-7925-489e-99b2-003f5850eab4,senate,2026-08-25,,,,20260825T1602Z,backfill
db15d6a0-be3a-4d3d-bae5-111ba9613f2f,senate,2026-08-25,,,,20260825T1602Z,backfill
db28ae3b-bec7-4ae3-85f1-08fc226b5ff4,senate,2026-08-25,,,,20260825T1602Z,backfill
db2a4c73-e714-4ad0-9548-b1b83f1d0773,senate,2026-08-25,,,,20260825T1602Z,backfill
db451761-8791-4226-b5ef-21582ac6a228,senate,2026-08-25,,,,20260825T1602Z,backfill
db4af494-3532-4c8f-a099-39d3e2a07c9f,senate,2026-08-25,,,,20260825T1602Z,backfill
db518e1a-cc0c-4d04-95c9-f22f1c1a1e36,senate,2026-08-25,,,,20260825T1602Z,backfill
db61ea4a-79be-4bb5-b6f6-505d717dde9c,senate,2026-08-25,,,,20260825T1602Z,backfill
db6da422-4c82-46d8-b4c2-e14a8c07818b,senate,2026-08-25,,,,20260825T1602Z,backfill
db6de95f-11f6-44dd-9ee1-228434300084,senate,2026-08-25,,,,20260825T1602Z,backfill
dba1fc54-346e-48f1-b96c-62bc43cdd8a1,senate,2026-08-25,,,,20260825T1602Z,backfill
dbc1c728-6fe4-49d7-809b-d1c79f7b1376,senate,2026-08-25,,,,20260825T1602Z,backfill
dbc6eaea-6f16-421c-82bf-8e2886acb97e,senate,2026-08-25,,,,20260825T1602Z,backfill
dc29d9e0-c63c-4cf3-b310-1fa9e5299012,senate,2026-08-25,,,,20260825T1602Z,backfill
dc2d7218-f412-4aa0-af59-1f7790502c43,senate,2026-08-25,,,,20260825T1602Z,backfill
dc545c54-6034-406d-9af3-43ad7bd29cda,senate,2026-08-25,,,,20260825T1602Z,backfill
dc7026aa-e4d5-481c-9846-270e41a8f72c,senate,2026-08-25,,,,20260825T1602Z,backfill
dc79907d-3b7a-4a2e-9a3d-e8f1625c70f6,senate,2026-08-25,,,,20260825T1602Z,backfill
dcc03a94-7b6c-4a79-9b6d-f1ca8f4a7307,senate,2026-08-25,,,,20260825T1602Z,backfill
dccff9e9-9249-4ec7-90fe-3be97fe0b199,senate,2026-08-25,,,,20260825T1602Z,backfill
dcea4793-9402-493b-8c92-ba4d77970c75,senate,2026-08-25,,,,20260825T1602Z,backfill
dcf5325a-571f-4ebb-bf46-74b5a176abc6,senate,2026-08-25,,,,20260825T1602Z,backfill
dd07f9c3-7244-4a84-8b97-55c68f381c31,senate,2026-08-25,,,,20260825T1602Z,backfill
dd115181-bd68-40b7-bacc-2eb1269da846,senate,2026-08-25,,,,20260825T1602Z,backfill
dd4abe42-718e-4d57-a848-8447451a6c4b,senate,2026-08-25,,,,20260825T1602Z,backfill
dd6f0dbb-3333-442f-a947-20c79871ee45,senate,2026-08-25,,,,20260825T1602Z,backfill
dda61a64-82ed-4cc8-87e7-ef1d256c6565,senate,2026-08-25,,,,20260825T1602Z,backfill
dde3c8b0-e3ec-41a2-8bc3-5da3117bbc0f,senate,2026-08-25,,,,20260825T1602Z,backfill
ddf06dcd-abf8-4537-a9c6-96e1fc3f2408,senate,2026-08-25,,,,20260825T1602Z,backfill
ddf4c5b0-daa0-4397-af5e-3b56397114cb,senate,2026-08-25,,,,20260825T1602Z,backfill
de110889-435b-4838-94d6-872fed00db5e,senate,2026-08-25,,,,20260825T1602Z,backfill
de190fdc-f710-411e-bbbe-41aaf566fb1a,senate,2026-08-25,,,,20260825T1602Z,backfill
de267ca2-8849-4bd9-a6a5-2ac1358b7d24,senate,2026-08-25,,,,20260825T1602Z,backfill
de3406b8-6047-4f08-8c2e-2f20aa280112,senate,2026-08-25,,,,20260825T1602Z,backfill
de3cd462-f294-4333-a9b3-cccd64e711b2,senate,2026-08-25,,,,20260825T1602Z,backfill
de4faced-abf6-488c-b122-7763a37b5964,senate,2026-08-25,,,,20260825T1602Z,backfill
de5dbd67-5370-432c-a943-a267f16ef49d,senate,2026-08-25,,,,20260825T1602Z,backfill
de5e79a5-a564-4b76-81ad-33a96f251b33,senate,2026-08-25,,,,20260825T1602Z,backfill
de6386d7-7da9-431c-a711-e076a93516f4,senate,2026-08-25,,,,20260825T1602Z,backfill
de8c4e8a-36e6-4f7d-aec6-e6b5a8732e9a,senate,2026-08-25,,,,20260825T1602Z,backfill
de8efd52-6618-4e4f-bd3d-d3e32cccaa0c,senate,2026-08-25,,,,20260825T1602Z,backfill
deb8df2a-b8ef-4f02-ae44-1f3b7168ccc2,senate,2026-08-25,,,,20260825T1602Z,backfill
debe3c76-c386-42a7-85f9-8e15e85d490b,senate,2026-08-25,,,,20260825T1602Z,backfill
defd46d8-f9db-46d6-96f9-77bebce203b6,senate,2026-08-25,,,,20260825T1602Z,backfill
df06d95e-953b-47fa-8f17-252a2b388bfe,senate,2026-08-25,,,,20260825T1602Z,backfill
df1f5423-6aa5-4b12-a044-283ee7422965,senate,2026-08-25,,,,20260825T1602Z,backfill
df5cc344-2da5-471d-9470-be7ecc4d742f,senate,2026-08-25,,,,20260825T1602Z,backfill
df687d9b-c276-491b-9df6-dc650c327f93,senate,2026-08-25,,,,20260825T1602Z,backfill
dfa68b2c-684c-4777-9055-f65edb04acba,senate,2026-08-25,,,,20260825T1602Z,backfill
dfde0f14-54a7-4191-bd4e-05e7e40d175c,senate,2026-08-25,,,,20260825T1602Z,backfill
dfeac24c-e61d-4732-b200-ccae42657df2,senate,2026-08-25,,,,20260825T1602Z,backfill
e01a74ce-8d08-42e0-961e-6b275519c2db,senate,2026-08-25,,,,20260825T1602Z,backfill
e02847b3-30f1-40ae-90f0-f87752f56472,senate,2026-08-25,,,,20260825T1602Z,backfill
e059c06a-1f17-4143-bdca-be82e73eba53,senate,2026-08-25,,,,20260825T1602Z,backfill
e06096a5-0e93-4cb4-b6e0-301a4327ea70,senate,2026-08-25,,,,20260825T1602Z,backfill
e0765bf5-fe1d-4340-b00d-925cf1782fea,senate,2026-08-25,,,,20260825T1602Z,backfill
e0862315-29f3-42d0-9ca7-9d660dbb1c0d,senate,2026-08-25,,,,20260825T1602Z,backfill
e08ef39c-87e8-4381-9f92-41218ecc7cd4,senate,2026-08-25,,,,20260825T1602Z,backfill
e0a3239b-193d-47db-971a-9f55c134f18a,senate,2026-08-25,,,,20260825T1602Z,backfill
e0a8aa1c-11b5-45aa-baeb-9216b60b0e5d,senate,2026-08-25,,,,20260825T1602Z,backfill
e0d89ca5-da6d-49f5-b191-07000462306e,senate,2026-08-25,,,,20260825T1602Z,backfill
e1501d00-a4ee-456d-9cf8-1fdb52e3390b,senate,2026-08-25,,,,20260825T1602Z,backfill
e158755a-9569-408d-a3d6-bd3563a837df,senate,2026-08-25,,,,20260825T1602Z,backfill
e16f013b-4e88-4777-8001-ac02faf65957,senate,2026-08-25,,,,20260825T1602Z,backfill
e194954a-ab04-4284-9d79-c830631d348d,senate,2026-08-25,,,,20260825T1602Z,backfill
e195317b-6b9c-4f37-83e7-446cb67ce99e,senate,2026-08-25,,,,20260825T1602Z,backfill
e19679ff-7baf-4d06-982a-fe1e2d32ffba,senate,2026-08-25,,,,20260825T1602Z,backfill
e1c8b2ba-e3eb-4cfc-8e9f-c99fc677a7a7,senate,2026-08-25,,,,20260825T1602Z,backfill
e1ecd5de-aabb-4dfc-ae6e-3862b8df2673,senate,2026-08-25,,,,20260825T1602Z,backfill
e2110960-61ee-40c1-9b2f-44d8ffa76bc7,senate,2026-08-25,,,,20260825T1602Z,backfill
e218c064-9915-4e51-9c4b-38065c6f822b,senate,2026-08-25,,,,20260825T1602Z,backfill
e221dafd-ffc8-4d07-856d-46d82f1d5b65,senate,2026-08-25,,,,20260825T1602Z,backfill
e24251ff-2099-453b-9578-470590cb971f,senate,2026-08-25,,,,20260825T1602Z,backfill
e24c90de-42d0-4069-a9bd-95d9e8fc1aac,senate,2026-08-25,,,,20260825T1602Z,backfill
e2727dd9-816b-4bcb-b303-9eaaa4c39215,senate,2026-08-25,,,,20260825T1602Z,backfill
e27fd07d-ed8f-4d3e-b825-81e9bfceda1f,senate,2026-08-25,,,,20260825T1602Z,backfill
e29a0a93-7153-42f3-97c5-e9f68fe47820,senate,2026-08-25,,,,20260825T1602Z,backfill
e2b3fafe-ed03-4a9b-b450-9f54400fe50f,senate,2026-08-25,,,,20260825T1602Z,backfill
e30d1fb6-65ba-4fc7-8168-b2001a1ceb9a,senate,2026-08-25,,,,20260825T1602Z,backfill
e3172dab-c53f-4291-9b19-776f4aca52b4,senate,2026-08-25,,,,20260825T1602Z,backfill
e326a763-0e64-4700-b4f6-d3c8b070b8dc,senate,2026-08-25,,,,20260825T1602Z,backfill
e337e1b4-ff0a-4b83-8a58-1d25a81ea26f,senate,2026-08-25,,,,20260825T1602Z,backfill
e33b0e5c-b70c-446d-aaa7-df227bd59c3e,senate,2026-08-25,,,,20260825T1602Z,backfill
e356c17f-8053-4e6a-a7a4-f6507ac6d2fa,senate,2026-08-25,,,,20260825T1602Z,backfill
e362c90d-5cf4-4734-b949-27f998978e3f,senate,2026-08-25,,,,20260825T1602Z,backfill
e37322e3-0829-4e3c-9faf-7a4a1a957e09,senate,2026-08-25,,,,20260825T1602Z,backfill
e373cb0c-9dae-4a6b-8c6f-f29374a271ac,senate,2026-08-25,,,,20260825T1602Z,backfill
e3a4defa-79b2-4dd2-8ab5-9b17124c6e2f,senate,2026-08-25,,,,20260825T1602Z,backfill
e3c66cc8-ca84-4899-b3dd-21a0a400ffc6,senate,2026-08-25,,,,20260825T1602Z,backfill
e3e6d565-5b86-4a30-8488-b801c9bcc13b,senate,2026-08-25,,,,20260825T1602Z,backfill
e3f4d9c3-2ada-4fad-9e67-3941095a8f0c,senate,2026-08-25,,,,20260825T1602Z,backfill
e3f6ea2b-56c6-4451-b518-36bb67405626,senate,2026-08-25,,,,20260825T1602Z,backfill
e3f9babd-d5e6-4206-b34e-44dc19503784,senate,2026-08-25,,,,20260825T1602Z,backfill
e4053f72-b9ad-4642-a996-f250485f4d33,senate,2026-08-25,,,,20260825T1602Z,backfill
e405f3e2-7f99-4124-a457-14dcb85a9532,senate,2026-08-25,,,,20260825T1602Z,backfill
e40bb309-a7ff-4375-9032-ca7c6a7100fa,senate,2026-08-25,,,,20260825T1602Z,backfill
e4377ca1-a983-46da-a31f-ece5f1468ae9,senate,2026-08-25,,,,20260825T1602Z,backfill
e4610adc-4743-470f-a267-232d0fd1d34f,senate,2026-08-25,,,,20260825T1602Z,backfill
e4a2aa00-e5bc-4c2f-967a-ff0b5bb5089b,senate,2026-08-25,,,,20260825T1602Z,backfill
e4eae413-9ad7-4ccf-a37c-a277a55707cc,senate,2026-08-25,,,,20260825T1602Z,backfill
e4f7fd47-09da-42c8-ab8e-064ddd5e185f,senate,2026-08-25,,,,20260825T1602Z,backfill
e529a439-0627-4083-b72c-8e28c7575e87,senate,2026-08-25,,,,20260825T1602Z,backfill
e52abc12-c032-4e98-bbc7-a41d38490e1e,senate,2026-08-25,,,,20260825T1602Z,backfill
e52c1eb3-b5cc-496b-8719-ba27adf517b2,senate,2026-08-25,,,,20260825T1602Z,backfill
e5ceb5f5-7fdd-4f72-8e7f-ef951dec3ef6,senate,2026-08-25,,,,20260825T1602Z,backfill
e5e9e7aa-ffd0-4414-8d2e-1cb7592b9797,senate,2026-08-25,,,,20260825T1602Z,backfill
e63018bf-0064-4390-b8d1-3344b2472a5d,senate,2026-08-25,,,,20260825T1602Z,backfill
e632ec04-6a32-4d25-97b0-31230d48b515,senate,2026-08-25,,,,20260825T1602Z,backfill
e63995b3-352b-4cf8-ac61-ae05cfa7553b,senate,2026-08-25,,,,20260825T1602Z,backfill
e6816aa7-0422-4cb5-99a4-fd51600c58ef,senate,2026-08-25,,,,20260825T1602Z,backfill
e69e4753-8d5b-485e-8c9f-3b8fedf24b80,senate,2026-08-25,,,,20260825T1602Z,backfill
e6e69f39-5f41-4450-b2d5-e11b2f2b0c67,senate,2026-08-25,,,,20260825T1602Z,backfill
e6f5aa66-afae-43a5-9462-b6e12ba8bac5,senate,2026-08-25,,,,20260825T1602Z,backfill
e7021a39-0803-44ec-8992-837999e21ee4,senate,2026-08-25,,,,20260825T1602Z,backfill
e7497c89-fd35-45a2-9293-9a2ba89acff6,senate,2026-08-25,,,,20260825T1602Z,backfill
e787a949-dba2-4b49-8d97-c27a8afce004,senate,2026-08-25,,,,20260825T1602Z,backfill
e7893c34-0761-4c2b-ac52-e303f166517f,senate,2026-08-25,,,,20260825T1602Z,backfill
e79a3e3f-b470-425f-9a39-4f7ea900b1cb,senate,2026-08-25,,,,20260825T1602Z,backfill
e80feabd-db9d-4949-bc5b-3c847028076e,senate,2026-08-25,,,,20260825T1602Z,backfill
e8354860-7058-44f0-966f-97e6bf65a178,senate,2026-08-25,,,,20260825T1602Z,backfill
e8371653-d5d0-4150-abca-15cb5e6f1b2c,senate,2026-08-25,,,,20260825T1602Z,backfill
e842308f-a07d-4885-be7e-b2a516dafe69,senate,2026-08-25,,,,20260825T1602Z,backfill
e88a2069-7bc6-4635-ae19-37fbd533a3f1,senate,2026-08-25,,,,20260825T1602Z,backfill
e88cacd7-1411-4d5e-858b-68ec24cd6471,senate,2026-08-25,,,,20260825T1602Z,backfill
e8a40887-94c1-446e-912c-277c8c226bde,senate,2026-08-25,,,,20260825T1602Z,backfill
e8d9f3e9-db89-446a-bebc-f45fd99d8908,senate,2026-08-25,,,,20260825T1602Z,backfill
e920d4ba-1e2e-4bed-8606-808f7c8c1b31,senate,2026-08-25,,,,20260825T1602Z,backfill
e924e7a1-7b11-4bf6-85e0-2238bce7fb0f,senate,2026-08-25,,,,20260825T1602Z,backfill
e96754b3-3ded-4636-94c2-dc9b0500f289,senate,2026-08-25,,,,20260825T1602Z,backfill
e9aadf86-d3ed-49c2-9bcf-44a600c0ea54,senate,2026-08-25,,,,20260825T1602Z,backfill
e9b7f418-c705-4011-b401-ff5a5c971d64,senate,2026-08-25,,,,20260825T1602Z,backfill
e9bc4f11-1b55-444b-b198-78db5eb92d73,senate,2026-08-25,,,,20260825T1602Z,backfill
e9d6ab5f-3a50-49bc-9f00-3ef4655045aa,senate,2026-08-25,,,,20260825T1602Z,backfill
e9e4b334-837b-46ad-86c1-f582d040faed,senate,2026-08-25,,,,20260825T1602Z,backfill
e9f2d5d8-0d9f-4894-ac58-55e9afdea159,senate,2026-08-25,,,,20260825T1602Z,backfill
e9f8ce31-2155-4723-8380-51f438de474c,senate,2026-08-25,,,,20260825T1602Z,backfill
ea190d96-3d92-4617-b44e-467b6fc05a93,senate,2026-08-25,,,,20260825T1602Z,backfill
ea347ad9-be7e-4ccf-b353-a671bb9fd9f1,senate,2026-08-25,,,,20260825T1602Z,backfill
ea48ecad-1959-4f7a-ace0-778a71d06437,senate,2026-08-25,,,,20260825T1602Z,backfill
ea5c1111-8f2d-45b3-b34c-5fdd502fc7fb,senate,2026-08-25,,,,20260825T1602Z,backfill
ea758fbc-f062-401b-8c38-66139a93efff,senate,2026-08-25,,,,20260825T1602Z,backfill
eaa9e663-e475-41a5-ac0d-3e107ed67481,senate,2026-08-25,,,,20260825T1602Z,backfill
eabaeaaf-6bf6-45bd-9be6-4929fba3647c,senate,2026-08-25,,,,20260825T1602Z,backfill
ead81d70-af51-4861-839c-10933f246e99,senate,2026-08-25,,,,20260825T1602Z,backfill
eaf30e17-3ed0-455b-b63e-6b6d7341bea5,senate,2026-08-25,,,,20260825T1602Z,backfill
eb3075d2-0697-4113-a05f-086e3d919399,senate,2026-08-25,,,,20260825T1602Z,backfill
eb35a568-4fba-4b9b-be2b-728663ab42ee,senate,2026-08-25,,,,20260825T1602Z,backfill
eb685916-d9b8-4790-9493-1d0d4e944094,senate,2026-08-25,,,,20260825T1602Z,backfill
eb7f09d1-cd5b-48b5-a073-89dfe1a14f1c,senate,2026-08-25,,,,20260825T1602Z,backfill
eb9b2a1f-7def-4b94-b4f7-2c8794914358,senate,2026-08-25,,,,20260825T1602Z,backfill
ebb68a90-5d92-481b-96df-bdaa5fc99b4b,senate,2026-08-25,,,,20260825T1602Z,backfill
ebb82d27-2e1d-4c9f-baab-227c08aaf29a,senate,2026-08-25,,,,20260825T1602Z,backfill
ebdeed3c-9789-4bae-acc4-298448c28344,senate,2026-08-25,,,,20260825T1602Z,backfill
ec33423d-b244-4bc3-a96f-da77436cda11,senate,2026-08-25,,,,20260825T1602Z,backfill
ec37d665-c83b-46c5-90a5-5629555b26d3,senate,2026-08-25,,,,20260825T1602Z,backfill
ec4d0d90-b4a7-4fb8-a1ac-bbcfd1c3ad6a,senate,2026-08-25,,,,20260825T1602Z,backfill
ec84f1d8-d30a-4775-ae3c-bcb15a89cbc1,senate,2026-08-25,,,,20260825T1602Z,backfill
ed21d4dc-d88e-409f-ae96-045dd22642ab,senate,2026-08-25,,,,20260825T1602Z,backfill
ed3701cc-25fd-4209-96f3-46d986de9f1a,senate,2026-08-25,,,,20260825T1602Z,backfill
ed8c186c-c456-4ce6-a8d7-4e8cc7175fd3,senate,2026-08-25,,,,20260825T1602Z,backfill
ee11f53b-a3b1-4824-a16c-d3a98f090527,senate,2026-08-25,,,,20260825T1602Z,backfill
ee360a8f-8d24-4dd3-8176-652d7ec64d3c,senate,2026-08-25,,,,20260825T1602Z,backfill
ee4d98a7-b202-40e3-b301-34e7eea7d58c,senate,2026-08-25,,,,20260825T1602Z,backfill
ee5452a8-5c24-4044-8ffa-250971a8394c,senate,2026-08-25,,,,20260825T1602Z,backfill
ee7d87c0-21be-482b-9e7b-3caf7a6fff24,senate,2026-08-25,,,,20260825T1602Z,backfill
ee7fdf0d-58cd-4aa1-a412-75f7aea2f1c1,senate,2026-08-25,,,,20260825T1602Z,backfill
ee85ef14-49ff-4993-a978-db7709f47001,senate,2026-08-25,,,,20260825T1602Z,backfill
eea69eea-e176-45c5-8f6a-cd7d8ae4d887,senate,2026-08-25,,,,20260825T1602Z,backfill
eefc9098-5599-4d95-9044-f7d0173034ce,senate,2026-08-25,,,,20260825T1602Z,backfill
ef10027d-4041-4ecd-8c9a-f988371ab897,senate,2026-08-25,,,,20260825T1602Z,backfill
ef1398cf-08c6-4dce-a70f-a73c0060f135,senate,2026-08-25,,,,20260825T1602Z,backfill
ef1c990c-0eda-434f-ab4d-987550fa9738,senate,2026-08-25,,,,20260825T1602Z,backfill
ef223527-51b4-4cff-966f-fc2f989d36e8,senate,2026-08-25,,,,20260825T1602Z,backfill
ef3fe87c-0853-46bf-b406-5d30364ae3fe,senate,2026-08-25,,,,20260825T1602Z,backfill
ef76dcba-a95a-4f41-abfd-3b32dde7035e,senate,2026-08-25,,,,20260825T1602Z,backfill
ef87390b-ab6c-433f-a852-838d02a1dd5a,senate,2026-08-25,,,,20260825T1602Z,backfill
ef8819eb-45c8-4ab3-addb-50fc3a7f9ddf,senate,2026-08-25,,,,20260825T1602Z,backfill
efb93782-9a75-4cf1-863d-dcf5bd899c65,senate,2026-08-25,,,,20260825T1602Z,backfill
efda208f-8afc-48d9-938e-5cb8e6bfc988,senate,2026-08-25,,,,20260825T1602Z,backfill
f02241a5-ba65-429f-ab64-3d97674f8e77,senate,2026-08-25,,,,20260825T1602Z,backfill
f02256a2-006a-4b22-96f6-79561a1f3a91,senate,2026-08-25,,,,20260825T1602Z,backfill
f028d2ce-4ab7-41a8-a67a-91675b6941d7,senate,2026-08-25,,,,20260825T1602Z,backfill
f041eff0-ea51-489b-ab6d-f1c74261fd52,senate,2026-08-25,,,,20260825T1602Z,backfill
f060fb4d-88a3-4ed0-9ce7-0f99aacde1d0,senate,2026-08-25,,,,20260825T1602Z,backfill
f062a213-2d1b-4da4-b00a-291bb6a8c1ed,senate,2026-08-25,,,,20260825T1602Z,backfill
f06ca66b-6f1d-461e-990d-01e6bb206b51,senate,2026-08-25,,,,20260825T1602Z,backfill
f07795d2-5520-4ea3-b0f3-ec400a7534a4,senate,2026-08-25,,,,20260825T1602Z,backfill
f08ea534-1963-41e9-9737-ba1e4a86faf6,senate,2026-08-25,,,,20260825T1602Z,backfill
f0902f8a-6b89-4971-96a6-7b5e55b4f34e,senate,2026-08-25,,,,20260825T1602Z,backfill
f09fb0fe-7f70-434e-88c7-a43e96ee08a7,senate,2026-08-25,,,,20260825T1602Z,backfill
f0a5ee4b-1196-401f-87ee-92739d2f342a,senate,2026-08-25,,,,20260825T1602Z,backfill
f0b85f0f-b240-40da-b15e-0caf27b58e1a,senate,2026-08-25,,,,20260825T1602Z,backfill
f0c49765-8045-4aa6-a699-2fc462b00526,senate,2026-08-25,,,,20260825T1602Z,backfill
f0ddb350-3763-4bc9-8d9f-6c0d8885396d,senate,2026-08-25,,,,20260825T1602Z,backfill
f0eee818-0996-410e-ad06-762e8956db67,senate,2026-08-25,,,,20260825T1602Z,backfill
f0f1cd53-d159-42e8-89fc-c86fc7a7a68c,senate,2026-08-25,,,,20260825T1602Z,backfill
f0f9e5f1-9983-4b0f-b1bb-37a6cee7ed7d,senate,2026-08-25,,,,20260825T1602Z,backfill
f1058108-7055-4891-9a74-98eb4b670d65,senate,2026-08-25,,,,20260825T1602Z,backfill
f107eca1-7edb-4f5a-b81e-f4134df3b21b,senate,2026-08-25,,,,20260825T1602Z,backfill
f11dbaed-1e04-4841-bd82-38059ef8b55b,senate,2026-08-25,,,,20260825T1602Z,backfill
f148dc2e-d440-4759-be4d-f000c1cd6e89,senate,2026-08-25,,,,20260825T1602Z,backfill
f1540097-010d-43b6-b71f-235648a726f8,senate,2026-08-25,,,,20260825T1602Z,backfill
f18410ed-0a48-4ed1-ace6-a8b90cf88b7f,senate,2026-08-25,,,,20260825T1602Z,backfill
f1af8e74-b65e-4886-9361-bc13bd413bc8,senate,2026-08-25,,,,20260825T1602Z,backfill
f1c064c4-90c8-4eb0-a518-184055d47983,senate,2026-08-25,,,,20260825T1602Z,backfill
f1c4bb82-2e7a-481f-afbd-9ac932f02844,senate,2026-08-25,,,,20260825T1602Z,backfill
f22c2d87-4f73-4469-8fcc-02c9567c6707,senate,2026-08-25,,,,20260825T1602Z,backfill
f23ecd4c-3174-4fba-90ae-a9a825b4a22f,senate,2026-08-25,,,,20260825T1602Z,backfill
f24c72c6-044d-476f-99ad-45e57dc65626,senate,2026-08-25,,,,20260825T1602Z,backfill
f24dd495-dcee-45a7-9138-a29d7c72f4f8,senate,2026-08-25,,,,20260825T1602Z,backfill
f276f338-ccee-4392-bb95-f55fd8b57f24,senate,2026-08-25,,,,20260825T1602Z,backfill
f29730b1-6b84-427b-88e7-443fac481b6d,senate,2026-08-25,,,,20260825T1602Z,backfill
f29e80d0-cff1-4a0b-a856-635fb71b816a,senate,2026-08-25,,,,20260825T1602Z,backfill
f2b74022-dcf0-485b-8fbe-187feefadac6,senate,2026-08-25,,,,20260825T1602Z,backfill
f2d4cf6d-210e-4e00-a176-83879439cae0,senate,2026-08-25,,,,20260825T1602Z,backfill
f2e9b6f6-de9a-4d30-8fb0-78e0e45fd1f2,senate,2026-08-25,,,,20260825T1602Z,backfill
f3195f71-6d23-460d-89d0-9acf5862ebf5,senate,2026-08-25,,,,20260825T1602Z,backfill
f330078d-ccbe-46f5-9764-376f7b421236,senate,2026-08-25,,,,20260825T1602Z,backfill
f338e466-4bf9-4c6f-a70a-4d25208b0c5e,senate,2026-08-25,,,,20260825T1602Z,backfill
f3401d4b-32f3-4ae3-8fad-d76d5154f170,senate,2026-08-25,,,,20260825T1602Z,backfill
f34c4d7a-29ba-48fb-beea-d94c1368cc99,senate,2026-08-25,,,,20260825T1602Z,backfill
f37321cd-cd47-443b-8687-4093e9bd5a15,senate,2026-08-25,,,,20260825T1602Z,backfill
f3bcb26e-db22-405a-8107-d16ea8621583,senate,2026-08-25,,,,20260825T1602Z,backfill
f3dc67af-1a91-4d58-a98f-f5adec91ecd7,senate,2026-08-25,,,,20260825T1602Z,backfill
f3e6926f-70d4-4265-9b81-68798dfc73bb,senate,2026-08-25,,,,20260825T1602Z,backfill
f40d9641-54e9-4ec3-960f-2071ed4d08bf,senate,2026-08-25,,,,20260825T1602Z,backfill
f41059bd-e6da-40bb-af54-7ba0c0b50a07,senate,2026-08-25,,,,20260825T1602Z,backfill
f4436e12-3cdf-40d0-93f0-54bb12635f8b,senate,2026-08-25,,,,20260825T1602Z,backfill
f45a6e12-e24c-4fac-8ced-3d704a179559,senate,2026-08-25,,,,20260825T1602Z,backfill
f4826329-8802-464c-b502-66165bc501c5,senate,2026-08-25,,,,20260825T1602Z,backfill
f49c914a-c83f-42a3-9492-ba7dcdd5e0ce,senate,2026-08-25,,,,20260825T1602Z,backfill
f4e5c2ca-6b28-45bc-8252-e6102d7a771b,senate,2026-08-25,,,,20260825T1602Z,backfill
f4eeafe8-a4a5-4d85-bf3b-04ad0b4aca18,senate,2026-08-25,,,,20260825T1602Z,backfill
f53ff465-1c6b-4a71-82b6-a7245a6a53b1,senate,2026-08-25,,,,20260825T1602Z,backfill
f586922d-6083-44e5-8a32-769290389416,senate,2026-08-25,,,,20260825T1602Z,backfill
f590a331-1f74-4d08-b79f-88930593f314,senate,2026-08-25,,,,20260825T1602Z,backfill
f5c92744-0aa0-4eda-b406-87d9d5d27190,senate,2026-08-25,,,,20260825T1602Z,backfill
f5f28f25-43fe-48f8-af40-ea83c8d6f0a9,senate,2026-08-25,,,,20260825T1602Z,backfill
f60cfac8-0389-4a5e-8619-095312492adc,senate,2026-08-25,,,,20260825T1602Z,backfill
f62896e5-30fb-412e-98b0-2fd1232c7a9b,senate,2026-08-25,,,,20260825T1602Z,backfill
f66b6c26-4eda-49c4-8215-aad78ab1a4aa,senate,2026-08-25,,,,20260825T1602Z,backfill
f6e2adb6-d995-4d21-ad04-5325892a0bf9,senate,2026-08-25,,,,20260825T1602Z,backfill
f7037949-03a0-43de-b7e3-f458f0aeaa16,senate,2026-08-25,,,,20260825T1602Z,backfill
f76f4a51-a0f6-458c-a0f0-20f0f664cd9c,senate,2026-08-25,,,,20260825T1602Z,backfill
f7835d2e-ed40-4319-bfd7-0f8660e43c35,senate,2026-08-25,,,,20260825T1602Z,backfill
f78374ac-8a55-4e51-bf19-3ccc27a88c4e,senate,2026-08-25,,,,20260825T1602Z,backfill
f7a22ac4-87ea-46e3-9303-c84d8b1ed6e0,senate,2026-08-25,,,,20260825T1602Z,backfill
f7b4d48b-4352-4ed6-888e-ecca7572a482,senate,2026-08-25,,,,20260825T1602Z,backfill
f7f09d5f-fb2d-47bd-83fb-a78852c339d7,senate,2026-08-25,,,,20260825T1602Z,backfill
f7fff831-e133-4d72-b2f4-91ad003d1dff,senate,2026-08-25,,,,20260825T1602Z,backfill
f805b510-6697-47ac-a54c-91449afcc3be,senate,2026-08-25,,,,20260825T1602Z,backfill
f80f54a3-981e-4f11-8774-2a919db38389,senate,2026-08-25,,,,20260825T1602Z,backfill
f8548ffc-c648-4462-8884-330ac5db6c21,senate,2026-08-25,,,,20260825T1602Z,backfill
f86c5e38-2281-4197-9c09-1aa5bef13c16,senate,2026-08-25,,,,20260825T1602Z,backfill
f873aeb4-adbb-4934-a188-79416a2e4c76,senate,2026-08-25,,,,20260825T1602Z,backfill
f87e5b8f-8752-4d07-a5a8-cd777a7e70bd,senate,2026-08-25,,,,20260825T1602Z,backfill
f87f8a40-efa5-43df-ad71-56327f5a18ce,senate,2026-08-25,,,,20260825T1602Z,backfill
f88cf591-1b51-412e-aff4-d36890bf3ced,senate,2026-08-25,,,,20260825T1602Z,backfill
f89dfc3f-54f9-46a0-9acc-d4b63323ba9e,senate,2026-08-25,,,,20260825T1602Z,backfill
f8a5d22f-e53b-44c2-9369-8b8127294410,senate,2026-08-25,,,,20260825T1602Z,backfill
f8a77a14-e152-4e88-ac79-ccf069b7a356,senate,2026-08-25,,,,20260825T1602Z,backfill
f8c167e9-090d-471d-81c9-f8c7366420d1,senate,2026-08-25,,,,20260825T1602Z,backfill
f8df0be3-2838-4f6f-86a4-de6027825cc0,senate,2026-08-25,,,,20260825T1602Z,backfill
f8e43fad-614c-4bc7-b13c-8e075c40869d,senate,2026-08-25,,,,20260825T1602Z,backfill
f90fce4f-35b7-4e45-b540-a8f2e2372a63,senate,2026-08-25,,,,20260825T1602Z,backfill
f9252211-a695-4c37-869a-0e223fce8d88,senate,2026-08-25,,,,20260825T1602Z,backfill
f939da92-db9a-4c99-aff1-e96f1935d077,senate,2026-08-25,,,,20260825T1602Z,backfill
f9489b59-1c75-4788-acc1-de9cfb0130ba,senate,2026-08-25,,,,20260825T1602Z,backfill
f9682c59-79d8-4b7a-beef-06ddcfa09624,senate,2026-08-25,,,,20260825T1602Z,backfill
f9713429-c28a-4e22-bdb8-f5e182c364ed,senate,2026-08-25,,,,20260825T1602Z,backfill
f9733850-1db0-4406-8936-ce2867c1b3b8,senate,2026-08-25,,,,20260825T1602Z,backfill
f977c281-48c1-4de0-af95-6765127f4720,senate,2026-08-25,,,,20260825T1602Z,backfill
f9e84e52-f7f3-4457-987e-a85d75f2a0d2,senate,2026-08-25,,,,20260825T1602Z,backfill
fa1f4bdc-b23d-4f6c-ab85-75203a9e80a2,senate,2026-08-25,,,,20260825T1602Z,backfill
fa292fd4-a512-4dc9-99b5-0a397b1b92db,senate,2026-08-25,,,,20260825T1602Z,backfill
fb16f55b-119f-426a-87b0-b8404c912c9f,senate,2026-08-25,,,,20260825T1602Z,backfill
fb2ec813-dbc5-48d6-b73e-fe88276133c7,senate,2026-08-25,,,,20260825T1602Z,backfill
fb482df2-16d2-4401-911b-7a68166c2c6e,senate,2026-08-25,,,,20260825T1602Z,backfill
fb862ec8-d6d8-4199-8ffe-41b750ebfe3f,senate,2026-08-25,,,,20260825T1602Z,backfill
fb88de4b-0d94-4270-9181-79e0d7ee6d5c,senate,2026-08-25,,,,20260825T1602Z,backfill
fb8e7c07-ad6c-48e0-a6af-de9bf58827d6,senate,2026-08-25,,,,20260825T1602Z,backfill
fba0b99c-4ab5-4493-aaaa-69268002dca6,senate,2026-08-25,,,,20260825T1602Z,backfill
fbe05b6b-08c1-4c10-8115-2e453d6f8a06,senate,2026-08-25,,,,20260825T1602Z,backfill
fbe1a534-1259-442e-b587-37af2ca8ec09,senate,2026-08-25,,,,20260825T1602Z,backfill
fc29dd5c-8fd0-4525-9aae-8f1e41c9337b,senate,2026-08-25,,,,20260825T1602Z,backfill
fc8bb65a-7151-4bf8-91f2-adb04e85221c,senate,2026-08-25,,,,20260825T1602Z,backfill
fc91143a-9848-4936-b404-9a78972a57ca,senate,2026-08-25,,,,20260825T1602Z,backfill
fca2d837-22ec-457d-914a-45debad43294,senate,2026-08-25,,,,20260825T1602Z,backfill
fcacc112-3bf8-4a43-82f6-38d14a699357,senate,2026-08-25,,,,20260825T1602Z,backfill
fcb0d9dc-aba4-4fa0-a15b-afed9107a34a,senate,2026-08-25,,,,20260825T1602Z,backfill
fcfa1745-5a76-4899-8541-7012c66b5f04,senate,2026-08-25,,,,20260825T1602Z,backfill
fd4807b4-12c1-4014-9ed0-c4933dcb7446,senate,2026-08-25,,,,20260825T1602Z,backfill
fd6b2511-43a6-4e84-9d82-52e193196c05,senate,2026-08-25,,,,20260825T1602Z,backfill
fd71d29d-557b-4cf7-8080-a84c9bf6bce3,senate,2026-08-25,,,,20260825T1602Z,backfill
fde3b4a5-78ab-4ec7-a0a1-fc462d39649a,senate,2026-08-25,,,,20260825T1602Z,backfill
fe0e11a9-38bf-4e60-8ac6-2ae1f7732f83,senate,2026-08-25,,,,20260825T1602Z,backfill
fe0f7e78-70eb-4974-b982-a9c314942e22,senate,2026-08-25,,,,20260825T1602Z,backfill
fe2fa574-9d5d-486d-87e3-30c6628ea080,senate,2026-08-25,,,,20260825T1602Z,backfill
fe49d68d-e344-4c64-a621-4ea77d59eb47,senate,2026-08-25,,,,20260825T1602Z,backfill
fe7c39b7-a8ee-4011-b0f6-ab3a320546a0,senate,2026-08-25,,,,20260825T1602Z,backfill
fe83be59-4d6a-4ade-8163-a12b214d71ab,senate,2026-08-25,,,,20260825T1602Z,backfill
fe9822ee-cb9e-460e-8544-c42006c591e0,senate,2026-08-25,,,,20260825T1602Z,backfill
feaa20dd-677f-40a4-ba7d-e0d64a61b665,senate,2026-08-25,,,,20260825T1602Z,backfill
feb25195-2fd4-4690-868a-68ae29e5b591,senate,2026-08-25,,,,20260825T1602Z,backfill
feb2697b-73f7-44da-a138-170a71ca0512,senate,2026-08-25,,,,20260825T1602Z,backfill
ff447117-d7c4-47fd-83c7-a34d39192b71,senate,2026-08-25,,,,20260825T1602Z,backfill
ff931edc-194d-48dc-98bf-ddef7f4d0e45,senate,2026-08-25,,,,20260825T1602Z,backfill
ffd3260f-deaa-4a66-b243-378892ec790c,senate,2026-08-25,,,,20260825T1602Z,backfill
ffed6c7a-6f2d-43ef-bb8c-433704146f24,senate,2026-08-25,,,,20260825T1602Z,backfill
20034945,house,2026-08-25,2026-07-15,ptr,,20260825T1604Z,rattrapage
20035260,house,2026-08-25,2026-08-18,ptr,,20260825T1604Z,rattrapage
20034920,house,2026-08-25,2026-07-07,ptr,,20260825T1604Z,rattrapage
20035106,house,2026-08-25,2026-08-01,ptr,,20260825T1604Z,rattrapage
20035007,house,2026-08-25,2026-07-27,ptr,,20260825T1604Z,rattrapage
20035216,house,2026-08-25,2026-08-12,ptr,,20260825T1604Z,rattrapage
20035275,house,2026-08-25,2026-08-18,ptr,,20260825T1604Z,rattrapage
20034892,house,2026-08-25,2026-07-14,ptr,,20260825T1604Z,rattrapage
20035235,house,2026-08-25,2026-08-17,ptr,,20260825T1604Z,rattrapage
9116249,house,2026-08-25,2026-07-21,ptr,,20260825T1604Z,rattrapage
20035024,house,2026-08-25,2026-07-16,ptr,,20260825T1604Z,rattrapage
20034932,house,2026-08-25,2026-07-07,ptr,,20260825T1604Z,rattrapage
20035118,house,2026-08-25,2026-08-03,ptr,,20260825T1604Z,rattrapage
20035175,house,2026-08-25,2026-08-11,ptr,,20260825T1604Z,rattrapage
20035274,house,2026-08-25,2026-08-21,ptr,,20260825T1604Z,rattrapage
20034960,house,2026-08-25,2026-07-15,ptr,,20260825T1604Z,rattrapage
20035048,house,2026-08-25,2026-07-22,ptr,,20260825T1604Z,rattrapage
20034923,house,2026-08-25,2026-07-06,ptr,,20260825T1604Z,rattrapage
20035136,house,2026-08-25,2026-08-05,ptr,,20260825T1604Z,rattrapage
20034968,house,2026-08-25,2026-07-15,ptr,,20260825T1604Z,rattrapage
20034894,house,2026-08-25,2026-07-16,ptr,,20260825T1604Z,rattrapage
20035023,house,2026-08-25,2026-07-30,ptr,,20260825T1604Z,rattrapage
9116212,house,2026-08-25,2026-07-08,ptr,,20260825T1604Z,rattrapage
9116290,house,2026-08-25,2026-08-12,ptr,,20260825T1604Z,rattrapage
20034895,house,2026-08-25,2026-07-10,ptr,,20260825T1604Z,rattrapage
20034938,house,2026-08-25,2026-07-07,ptr,,20260825T1604Z,rattrapage
20035186,house,2026-08-25,2026-08-10,ptr,,20260825T1604Z,rattrapage
20035130,house,2026-08-25,2026-08-14,ptr,,20260825T1604Z,rattrapage
9116256,house,2026-08-25,2026-08-03,ptr,,20260825T1604Z,rattrapage
9116257,house,2026-08-25,2026-08-03,ptr,,20260825T1604Z,rattrapage
9116258,house,2026-08-25,2026-08-03,ptr,,20260825T1604Z,rattrapage
20035013,house,2026-08-25,2026-07-16,ptr,,20260825T1604Z,rattrapage
20035134,house,2026-08-25,2026-08-10,ptr,,20260825T1604Z,rattrapage
20035196,house,2026-08-25,2026-08-12,ptr,,20260825T1604Z,rattrapage
20035047,house,2026-08-25,2026-07-20,ptr,,20260825T1604Z,rattrapage
20034908,house,2026-08-25,2026-07-15,ptr,,20260825T1604Z,rattrapage
20034949,house,2026-08-25,2026-07-12,ptr,,20260825T1604Z,rattrapage
20035035,house,2026-08-25,2026-08-05,ptr,,20260825T1604Z,rattrapage
20035003,house,2026-08-25,2026-07-15,ptr,,20260825T1604Z,rattrapage
20035273,house,2026-08-25,2026-08-18,ptr,,20260825T1604Z,rattrapage
20034898,house,2026-08-25,2026-08-13,ptr,,20260825T1604Z,rattrapage
20034947,house,2026-08-25,2026-07-08,ptr,,20260825T1604Z,rattrapage
20035203,house,2026-08-25,2026-08-12,ptr,,20260825T1604Z,rattrapage
20035209,house,2026-08-25,2026-08-12,ptr,,20260825T1604Z,rattrapage
9116206,house,2026-08-25,2026-07-06,ptr,,20260825T1604Z,rattrapage
9116267,house,2026-08-25,2026-08-07,ptr,,20260825T1604Z,rattrapage
20034977,house,2026-08-25,2026-07-12,ptr,,20260825T1604Z,rattrapage
20035065,house,2026-08-25,2026-07-24,ptr,,20260825T1604Z,rattrapage
20034694,house,2026-08-25,2026-07-19,ptr,,20260825T1604Z,rattrapage
20034790,house,2026-08-25,2026-07-08,ptr,,20260825T1604Z,rattrapage
20034736,house,2026-08-25,2026-07-27,ptr,,20260825T1604Z,rattrapage
9116217,house,2026-08-25,2026-07-14,ptr,,20260825T1604Z,rattrapage
9116292,house,2026-08-25,2026-08-13,ptr,,20260825T1604Z,rattrapage
9116211,house,2026-08-25,2026-07-08,ptr,,20260825T1604Z,rattrapage
20035131,house,2026-08-25,2026-08-05,ptr,,20260825T1604Z,rattrapage
20034954,house,2026-08-25,2026-07-09,ptr,,20260825T1604Z,rattrapage
20035204,house,2026-08-25,2026-08-14,ptr,,20260825T1604Z,rattrapage
20034942,house,2026-08-25,2026-07-08,ptr,,20260825T1604Z,rattrapage
20035180,house,2026-08-25,2026-08-10,ptr,,20260825T1604Z,rattrapage
20035157,house,2026-08-25,2026-08-07,ptr,,20260825T1604Z,rattrapage
20033779,house,2026-08-25,2026-08-13,ptr,,20260825T1604Z,rattrapage
20035075,house,2026-08-25,2026-07-26,ptr,,20260825T1604Z,rattrapage
20034952,house,2026-08-25,2026-07-09,ptr,,20260825T1604Z,rattrapage
20035291,house,2026-08-25,2026-08-20,ptr,,20260825T1604Z,rattrapage
20034806,house,2026-08-25,2026-07-09,ptr,,20260825T1604Z,rattrapage
20034972,house,2026-08-25,2026-07-30,ptr,,20260825T1604Z,rattrapage
20034963,house,2026-08-25,2026-07-26,ptr,,20260825T1604Z,rattrapage
20034998,house,2026-08-25,2026-07-17,ptr,,20260825T1604Z,rattrapage
20035143,house,2026-08-25,2026-08-21,ptr,,20260825T1604Z,rattrapage
20034911,house,2026-08-25,2026-07-10,ptr,,20260825T1604Z,rattrapage
20035191,house,2026-08-25,2026-08-17,ptr,,20260825T1604Z,rattrapage
9116218,house,2026-08-25,2026-07-14,ptr,,20260825T1604Z,rattrapage
9116311,house,2026-08-25,2026-08-20,ptr,,20260825T1604Z,rattrapage
20035147,house,2026-08-25,2026-08-07,ptr,,20260825T1604Z,rattrapage
20034928,house,2026-08-25,2026-07-07,ptr,,20260825T1604Z,rattrapage
20035138,house,2026-08-25,2026-08-07,ptr,,20260825T1604Z,rattrapage
20035068,house,2026-08-25,2026-07-24,ptr,,20260825T1604Z,rattrapage
20035067,house,2026-08-25,2026-07-27,ptr,,20260825T1604Z,rattrapage
20035146,house,2026-08-25,2026-08-06,ptr,,20260825T1604Z,rattrapage
20035289,house,2026-08-25,2026-08-20,ptr,,20260825T1604Z,rattrapage
20033910,house,2026-08-25,2026-08-13,ptr,,20260825T1604Z,rattrapage
20022577,house,2026-08-25,2026-07-19,ptr,,20260825T1604Z,rattrapage
20035042,house,2026-08-25,2026-07-19,ptr,,20260825T1604Z,rattrapage
20034224,house,2026-08-25,2026-07-08,ptr,,20260825T1604Z,rattrapage
20035183,house,2026-08-25,2026-08-13,ptr,,20260825T1604Z,rattrapage
20034999,house,2026-08-25,2026-07-14,ptr,,20260825T1604Z,rattrapage
9116260,house,2026-08-25,2026-07-24,ptr,,20260825T1604Z,rattrapage
9116308,house,2026-08-25,2026-08-18,ptr,,20260825T1604Z,rattrapage
20034916,house,2026-08-25,2026-07-10,ptr,,20260825T1604Z,rattrapage
20034984,house,2026-08-25,2026-07-13,ptr,,20260825T1604Z,rattrapage
51455bcd-4966-4e77-b481-09897ada81ae,senate,2026-08-25,2026-08-24,ptr,,20260825T1604Z,rattrapage
f727289a-4d72-4c90-a3ea-63d5bcd23398,senate,2026-08-25,2026-08-20,ptr,,20260825T1604Z,rattrapage
28e465df-caf1-4a98-8ebc-605e1e1ba99b,senate,2026-08-25,2026-08-17,ptr,,20260825T1604Z,rattrapage
4184cc9a-78e0-45f3-84f7-642011e6ff98,senate,2026-08-25,2026-08-17,ptr,,20260825T1604Z,rattrapage
4a558db2-e492-4e8f-8a28-7b703a5c8e08,senate,2026-08-25,2026-08-17,ptr,,20260825T1604Z,rattrapage
047c4167-e0a9-44d4-a2bf-5477eb6b20ab,senate,2026-08-25,2026-08-14,ptr,,20260825T1604Z,rattrapage
e15641c6-d632-4b7a-82d1-45c242b1515a,senate,2026-08-25,2026-08-13,ptr,,20260825T1604Z,rattrapage
f0a05c3b-66e0-4287-a388-454e2b4c823d,senate,2026-08-25,2026-08-13,ptr,,20260825T1604Z,rattrapage
c993b04b-6773-47e2-9b61-ab5dfe9e68b1,senate,2026-08-25,2026-08-10,ptr,,20260825T1604Z,rattrapage
5ecc9b5c-07c1-4ec1-bd4a-2db759eff299,senate,2026-08-25,2026-08-08,ptr,,20260825T1604Z,rattrapage
328a9b36-1205-4117-bdc4-cd7c3ccbcbbc,senate,2026-08-25,2026-08-07,ptr,,20260825T1604Z,rattrapage
57cf1745-e3dd-4afd-8685-228153848631,senate,2026-08-25,2026-08-05,ptr,,20260825T1604Z,rattrapage
1a5e6752-653a-4b11-82b6-efd51d466bb6,senate,2026-08-25,2026-08-05,ptr,,20260825T1604Z,rattrapage
014817f0-9809-457f-8ac5-048948608e02,senate,2026-08-25,2026-08-05,ptr,,20260825T1604Z,rattrapage
d1afafd0-a78f-44ef-ae47-da99dfb01317,senate,2026-08-25,2026-08-05,ptr,,20260825T1604Z,rattrapage
2b076d77-6bc1-4b67-8be9-8f45a787479f,senate,2026-08-25,2026-08-05,ptr,,20260825T1604Z,rattrapage
cce52b36-d00c-4710-a8ee-e84893fb4be1,senate,2026-08-25,2026-08-05,ptr,,20260825T1604Z,rattrapage
2758f09a-fda9-4fb4-a465-270173a8125d,senate,2026-08-25,2026-08-05,ptr,,20260825T1604Z,rattrapage
0a25588d-a3f8-4ed6-971a-706097f78e3a,senate,2026-08-25,2026-08-05,ptr,,20260825T1604Z,rattrapage
548cacbf-7cf2-42cb-9f23-71250938caae,senate,2026-08-25,2026-08-05,ptr,,20260825T1604Z,rattrapage
60c01547-0cf9-46c6-9ce6-f0102f5941f6,senate,2026-08-25,2026-08-04,ptr,,20260825T1604Z,rattrapage
d20def77-73a7-44e0-8be0-b9b05492deed,senate,2026-08-25,2026-08-03,ptr,,20260825T1604Z,rattrapage
96db6e64-f7c3-4483-b0aa-af10ba2bdbbd,senate,2026-08-25,2026-08-03,ptr,,20260825T1604Z,rattrapage
19fb5a84-b9f8-4847-841e-84c67a0edfe0,senate,2026-08-25,2026-07-29,ptr,,20260825T1604Z,rattrapage
bccf83ce-dd72-4ab6-8564-b3bbb1d2ee55,senate,2026-08-25,2026-07-24,ptr,,20260825T1604Z,rattrapage
fda235b3-bad7-4637-8fa1-053f354d929c,senate,2026-08-25,2026-07-21,ptr,,20260825T1604Z,rattrapage
cff197e2-b90b-4b53-b97d-eecf226a1980,senate,2026-08-25,2026-07-21,ptr,,20260825T1604Z,rattrapage
3a4c5095-028a-4614-a692-836719da4e63,senate,2026-08-25,2026-07-17,paper,,20260825T1604Z,rattrapage
392ac3e5-07f6-4f8c-840f-84e9066ffb29,senate,2026-08-25,2026-07-16,ptr,,20260825T1604Z,rattrapage
c52854ed-a778-483a-883c-0ba2bba17877,senate,2026-08-25,2026-07-13,ptr,,20260825T1604Z,rattrapage
9c0b720d-7e27-4b02-8cf5-a85ba88c9543,senate,2026-08-25,2026-07-13,ptr,,20260825T1604Z,rattrapage
a5fdbba4-9c67-4002-b931-1cd910ce590d,senate,2026-08-25,2026-07-09,ptr,,20260825T1604Z,rattrapage
5d9b1b8e-2ae1-442b-860c-e79b8a701dc6,senate,2026-08-25,2026-07-08,ptr,,20260825T1604Z,rattrapage
4f4d76c6-52ab-4edb-884d-b6c43e7b1bbe,senate,2026-08-25,2026-07-06,ptr,,20260825T1604Z,rattrapage
40fbe259-f282-4982-a53f-1c7278d041cd,senate,2026-08-25,2026-07-02,ptr,,20260825T1604Z,rattrapage
96d0794e-fb53-495f-9137-fff88d0885e6,senate,2026-08-25,2026-06-30,ptr,,20260825T1604Z,rattrapage
36b2e868-6789-43e3-91eb-ebe85aad5699,senate,2026-08-25,2026-06-30,ptr,,20260825T1604Z,rattrapage
ff0b0573-2809-40ae-8197-4b26648e9027,senate,2026-08-25,2026-06-26,ptr,,20260825T1604Z,rattrapage
20035293,house,2026-08-27,2026-08-25,ptr,William R. Keating,20260827T1659Z,crawl
20035244,house,2026-08-27,2026-08-25,ptr,Kelly Louise Morrison,20260827T1659Z,crawl
20035309,house,2026-08-27,2026-08-25,ptr,Michael Rulli,20260827T1659Z,crawl
ec20cd93-6702-4a29-b3a6-983f4b17f365,senate,2026-08-27,2026-08-21,paper,RICHARD BLUMENTHAL,20260827T1659Z,rattrapage
