bioguide_id,declarant_name,chamber,party,state_district,committee_membership,committees_key_flag,transaction_date,disclosure_date,ticker,asset_description,asset_type,operation_type,amount_range,amount_midpoint,amount_split_flag,owner,doc_id,source_url,natural_key_hash,provenance,ticker_source,occurrence_index
B001135,RICHARD M BURR,senate,Republican,NC,,False,2017-12-27,2017-12-19,,"Wynn Reports, Ltd (stock) NASDAQ",Stock,Sale,"$15,001 - $50,000",32500.5,False,Spouse,db4af494-3532-4c8f-a099-39d3e2a07c9f,https://efdsearch.senate.gov/search/view/paper/db4af494-3532-4c8f-a099-39d3e2a07c9f/,db6d053a3194c0a88230c1cdda94329cae230e55c3eabb4036ebb2f6c4167648,senate-efd-ocr,explicit,0
B001135,RICHARD M BURR,senate,Republican,NC,,False,2017-12-27,2017-12-19,,El Dorado Gold Corp. Ltd. FGH (stock) NYSE,Stock,Purchase,"$15,001 - $50,000",32500.5,False,Spouse,db4af494-3532-4c8f-a099-39d3e2a07c9f,https://efdsearch.senate.gov/search/view/paper/db4af494-3532-4c8f-a099-39d3e2a07c9f/,054ffdf7c0725e1ac31937599d0f708cc770603fcf40bfdd6a4fb305f9b0cd48,senate-efd-ocr,explicit,0
B001135,RICHARD M BURR,senate,Republican,NC,,False,2017-12-27,2017-12-19,,El Dorado Gold Corp. Ltd. FGH (stock) NYSE,Stock,Sale,"$15,001 - $50,000",32500.5,False,Spouse,db4af494-3532-4c8f-a099-39d3e2a07c9f,https://efdsearch.senate.gov/search/view/paper/db4af494-3532-4c8f-a099-39d3e2a07c9f/,5d830e7cc6b571d03cfcffd8965a45dbb3b38fbf9c1de7e0c4e16059fcb62ca0,senate-efd-ocr,explicit,0
B001135,RICHARD M BURR,senate,Republican,NC,,False,2017-12-27,2017-12-19,,Centurylink Inc. (stock) NYSE,Stock,Purchase,"$15,001 - $50,000",32500.5,False,Spouse,db4af494-3532-4c8f-a099-39d3e2a07c9f,https://efdsearch.senate.gov/search/view/paper/db4af494-3532-4c8f-a099-39d3e2a07c9f/,e73b5637b919ecf139fe2b7b5cabeb55edd9d0a235e3cba6439427fd391849e0,senate-efd-ocr,explicit,0
B001135,RICHARD M BURR,senate,Republican,NC,,False,2017-12-27,2017-12-19,,Centurylink Inc. (stock) NYSE,Stock,Sale,"$15,001 - $50,000",32500.5,False,Spouse,db4af494-3532-4c8f-a099-39d3e2a07c9f,https://efdsearch.senate.gov/search/view/paper/db4af494-3532-4c8f-a099-39d3e2a07c9f/,16c4307ec14635c41c7007063eef2b54e739b39be22e1a85dd74e262b2e62ce3,senate-efd-ocr,explicit,0
B001277,RICHARD BLUMENTHAL,senate,Democrat,CT,SSAS13; SSAS14; SSAS17; SSGA01; SSGA20; SSJU01; SSJU22; SSJU25; SSJU28; Senate Committee on Armed Services; Senate Committee on Homeland Security and Governmental Affairs; Senate Committee on Veterans' Affairs; Senate Committee on the Judiciary; United States Senate Caucus on International Narcotics Control,True,2017-11-20,2017-12-18,,Peter L Malkin Family 2000 LLC,Other,Purchase,"$50,001 - $100,000",75000.5,False,Spouse,e8a40887-94c1-446e-912c-277c8c226bde,https://efdsearch.senate.gov/search/view/paper/e8a40887-94c1-446e-912c-277c8c226bde/,3e16e13ebe2edeba804bd2516337e3e123399391b3c063a75226b470b4011518,senate-efd-ocr,explicit,0
B001277,RICHARD BLUMENTHAL,senate,Democrat,CT,SSAS13; SSAS14; SSAS17; SSGA01; SSGA20; SSJU01; SSJU22; SSJU25; SSJU28; Senate Committee on Armed Services; Senate Committee on Homeland Security and Governmental Affairs; Senate Committee on Veterans' Affairs; Senate Committee on the Judiciary; United States Senate Caucus on International Narcotics Control,True,,2017-12-18,,Intercept Co-Investors,Stock,Sale,,,False,Spouse,e8a40887-94c1-446e-912c-277c8c226bde,https://efdsearch.senate.gov/search/view/paper/e8a40887-94c1-446e-912c-277c8c226bde/,a47491f8f6e79c44eae56b2f495105a3f1b7269159c166226dca286975a8bb96,senate-efd-ocr,explicit,0
B001236,JOHN BOOZMAN,senate,Republican,AR,"Commission on Security and Cooperation in Europe; SSAF13; SSAF14; SSAF15; SSAF16; SSAF17; SSAP02; SSAP18; SSAP19; SSAP20; SSAP23; SSAP24; SSEV08; SSEV10; SSEV15; Senate Committee on Agriculture, Nutrition, and Forestry; Senate Committee on Appropriations; Senate Committee on Environment and Public Works; Senate Committee on Rules and Administration; Senate Committee on Veterans' Affairs",False,2017-11-21,2017-12-12,,Iqvia Hidgins Inc Named changed from Quintiles Transnational Corp,Stock,Exchange,"$1,001 - $15,000",8000.5,False,Self,058352a8-724f-4732-abea-a29791a161ef,https://efdsearch.senate.gov/search/view/paper/058352a8-724f-4732-abea-a29791a161ef/,5dc1c9681a9f421247af6ca2aed0f4ea4c7f2057c10f310bbd544da47dae5372,senate-efd-ocr,explicit,0
B001135,RICHARD M BURR,senate,Republican,NC,,False,2017-11-07,2017-11-29,,Scana Corporation Holding Co. (stock) NYSE,Stock,Purchase,"$15,001 - $50,000",32500.5,False,Self,c4c250b9-083f-4442-82b6-08581cb76920,https://efdsearch.senate.gov/search/view/paper/c4c250b9-083f-4442-82b6-08581cb76920/,d498a0e1e2f7c9b3cf518f4508bdf13f2e6308305ff7d66628f88c610151bb07,senate-efd-ocr,explicit,0
B001135,RICHARD M BURR,senate,Republican,NC,,False,2017-11-07,2017-11-29,,Scana Corporation Holding Co. (stock) NYSE,Stock,Purchase,"$500,001 - $1,000,000",750000.5,False,Self,c4c250b9-083f-4442-82b6-08581cb76920,https://efdsearch.senate.gov/search/view/paper/c4c250b9-083f-4442-82b6-08581cb76920/,1e58cb5b72ef1100f17bccd93b709e6985d535277d61f60e3447dd60c09584e7,senate-efd-ocr,explicit,0
B001135,RICHARD M BURR,senate,Republican,NC,,False,2017-11-09,2017-11-29,,Centurylink Inc. (stock) NYSE,Stock,Purchase,"$15,001 - $50,000",32500.5,False,Self,c4c250b9-083f-4442-82b6-08581cb76920,https://efdsearch.senate.gov/search/view/paper/c4c250b9-083f-4442-82b6-08581cb76920/,914d7fa6a49ea48e4f54f8a3b173df8f73870e1b06220ed9ec8e73e0aeee361e,senate-efd-ocr,explicit,0
B001135,RICHARD M BURR,senate,Republican,NC,,False,2017-11-15,2017-11-29,,Hanesbrands Inc. (stock) NYSE,Stock,Purchase,"$1,001 - $15,000",8000.5,False,Spouse,c4c250b9-083f-4442-82b6-08581cb76920,https://efdsearch.senate.gov/search/view/paper/c4c250b9-083f-4442-82b6-08581cb76920/,3d6452246ce875660e1c90264e7d206c2086c2aaef3b763af662a327e6c2803a,senate-efd-ocr,explicit,0
B001135,RICHARD M BURR,senate,Republican,NC,,False,2017-11-15,2017-11-29,,Centurylink Inc. (stock) NYSE,Stock,Purchase,"$1,001 - $15,000",8000.5,False,Spouse,c4c250b9-083f-4442-82b6-08581cb76920,https://efdsearch.senate.gov/search/view/paper/c4c250b9-083f-4442-82b6-08581cb76920/,28c0292a7312277efa32599b7621692af58f30e8d2f5e43137f27b3a67dbd852,senate-efd-ocr,explicit,0
B001135,RICHARD M BURR,senate,Republican,NC,,False,2017-11-15,2017-11-29,,Centurylink Inc. (stock) NYSE,Stock,Purchase,"$1,001 - $15,000",8000.5,False,Self,c4c250b9-083f-4442-82b6-08581cb76920,https://efdsearch.senate.gov/search/view/paper/c4c250b9-083f-4442-82b6-08581cb76920/,063351a3077570e52542173c87129e1cb368004f449dd42bd3630bcb0dd7950d,senate-efd-ocr,explicit,0
B001277,RICHARD BLUMENTHAL,senate,Democrat,CT,SSAS13; SSAS14; SSAS17; SSGA01; SSGA20; SSJU01; SSJU22; SSJU25; SSJU28; Senate Committee on Armed Services; Senate Committee on Homeland Security and Governmental Affairs; Senate Committee on Veterans' Affairs; Senate Committee on the Judiciary; United States Senate Caucus on International Narcotics Control,True,2017-10-31,2017-11-16,,Hedge Holdings,Other,Purchase,"$1,000,001 - $5,000,000",3000000.5,False,Spouse,3b49848e-ffef-40f0-bae2-134f42e73b99,https://efdsearch.senate.gov/search/view/paper/3b49848e-ffef-40f0-bae2-134f42e73b99/,9c29ffcad86f009e4cc09ca5c34a4d0e486686108a007470915633840fe122c7,senate-efd-ocr,explicit,0
B001277,RICHARD BLUMENTHAL,senate,Democrat,CT,SSAS13; SSAS14; SSAS17; SSGA01; SSGA20; SSJU01; SSJU22; SSJU25; SSJU28; Senate Committee on Armed Services; Senate Committee on Homeland Security and Governmental Affairs; Senate Committee on Veterans' Affairs; Senate Committee on the Judiciary; United States Senate Caucus on International Narcotics Control,True,2017-02-01,2017-11-16,,Malkin Capital Fund,Other,Sale,"$15,001 - $50,000",32500.5,False,Spouse,3b49848e-ffef-40f0-bae2-134f42e73b99,https://efdsearch.senate.gov/search/view/paper/3b49848e-ffef-40f0-bae2-134f42e73b99/,5231aa522be40fd2e3e7e723f26d9788b18c725ba3648ed144ca49662f7de460,senate-efd-ocr,explicit,0
B001277,RICHARD BLUMENTHAL,senate,Democrat,CT,SSAS13; SSAS14; SSAS17; SSGA01; SSGA20; SSJU01; SSJU22; SSJU25; SSJU28; Senate Committee on Armed Services; Senate Committee on Homeland Security and Governmental Affairs; Senate Committee on Veterans' Affairs; Senate Committee on the Judiciary; United States Senate Caucus on International Narcotics Control,True,2017-02-27,2017-11-16,,Malkin Capital Fund,Other,Purchase,"$500,001 - $1,000,000",750000.5,False,Spouse,3b49848e-ffef-40f0-bae2-134f42e73b99,https://efdsearch.senate.gov/search/view/paper/3b49848e-ffef-40f0-bae2-134f42e73b99/,72481e2dae2993ab3ba0369f562a9a8ff563648e0ed4452e578ee1745de5479f,senate-efd-ocr,explicit,0
B001277,RICHARD BLUMENTHAL,senate,Democrat,CT,SSAS13; SSAS14; SSAS17; SSGA01; SSGA20; SSJU01; SSJU22; SSJU25; SSJU28; Senate Committee on Armed Services; Senate Committee on Homeland Security and Governmental Affairs; Senate Committee on Veterans' Affairs; Senate Committee on the Judiciary; United States Senate Caucus on International Narcotics Control,True,2017-10-31,2017-11-16,,Peter L Malkin Family 9 LLC,Other,Purchase,"$1,000,001 - $5,000,000",3000000.5,False,Spouse,3b49848e-ffef-40f0-bae2-134f42e73b99,https://efdsearch.senate.gov/search/view/paper/3b49848e-ffef-40f0-bae2-134f42e73b99/,18c1c36e5a3aceefa26b469841f1145c885385fe505b47467ec9da0b16dd9a87,senate-efd-ocr,explicit,0
B001277,RICHARD BLUMENTHAL,senate,Democrat,CT,SSAS13; SSAS14; SSAS17; SSGA01; SSGA20; SSJU01; SSJU22; SSJU25; SSJU28; Senate Committee on Armed Services; Senate Committee on Homeland Security and Governmental Affairs; Senate Committee on Veterans' Affairs; Senate Committee on the Judiciary; United States Senate Caucus on International Narcotics Control,True,2017-10-31,2017-11-16,,Malkin Capital Fund,Other,Purchase,"$500,001 - $1,000,000",750000.5,False,Spouse,3b49848e-ffef-40f0-bae2-134f42e73b99,https://efdsearch.senate.gov/search/view/paper/3b49848e-ffef-40f0-bae2-134f42e73b99/,c674a1fd8662fa3a66159de01659c096f8e07b6fa2b194d0438541a80ddeba9a,senate-efd-ocr,explicit,0
B001277,RICHARD BLUMENTHAL,senate,Democrat,CT,SSAS13; SSAS14; SSAS17; SSGA01; SSGA20; SSJU01; SSJU22; SSJU25; SSJU28; Senate Committee on Armed Services; Senate Committee on Homeland Security and Governmental Affairs; Senate Committee on Veterans' Affairs; Senate Committee on the Judiciary; United States Senate Caucus on International Narcotics Control,True,2017-10-31,2017-11-16,,CMB 2009 GRAT - Peter L Malkin Family 9 LLC,Other,Purchase,"$100,001 - $250,000",175000.5,False,Spouse,3b49848e-ffef-40f0-bae2-134f42e73b99,https://efdsearch.senate.gov/search/view/paper/3b49848e-ffef-40f0-bae2-134f42e73b99/,364352ebd9e9e8456474046e09abf4750e2d1aa1116ddd276d19246beaae10fe,senate-efd-ocr,explicit,0
B001277,RICHARD BLUMENTHAL,senate,Democrat,CT,SSAS13; SSAS14; SSAS17; SSGA01; SSGA20; SSJU01; SSJU22; SSJU25; SSJU28; Senate Committee on Armed Services; Senate Committee on Homeland Security and Governmental Affairs; Senate Committee on Veterans' Affairs; Senate Committee on the Judiciary; United States Senate Caucus on International Narcotics Control,True,2017-10-31,2017-11-16,,Magnifique LLC,Other,Purchase,"$250,001 - $500,000",375000.5,False,Spouse,3b49848e-ffef-40f0-bae2-134f42e73b99,https://efdsearch.senate.gov/search/view/paper/3b49848e-ffef-40f0-bae2-134f42e73b99/,13c2b0469a228630d81efaaee6986057b0c901d3e2c78f82c58120ff0576ee20,senate-efd-ocr,explicit,0
B001277,RICHARD BLUMENTHAL,senate,Democrat,CT,SSAS13; SSAS14; SSAS17; SSGA01; SSGA20; SSJU01; SSJU22; SSJU25; SSJU28; Senate Committee on Armed Services; Senate Committee on Homeland Security and Governmental Affairs; Senate Committee on Veterans' Affairs; Senate Committee on the Judiciary; United States Senate Caucus on International Narcotics Control,True,,2017-11-16,,Peter L Malkin Family 2000 LLC,Other,Purchase,"$1,000,001 - $5,000,000",3000000.5,False,Spouse,3b49848e-ffef-40f0-bae2-134f42e73b99,https://efdsearch.senate.gov/search/view/paper/3b49848e-ffef-40f0-bae2-134f42e73b99/,21787682641cc1bf36701e333fb373f1fa2b8262af6e1ea65900d745dfe0f4f0,senate-efd-ocr,explicit,0
B001277,RICHARD BLUMENTHAL,senate,Democrat,CT,SSAS13; SSAS14; SSAS17; SSGA01; SSGA20; SSJU01; SSJU22; SSJU25; SSJU28; Senate Committee on Armed Services; Senate Committee on Homeland Security and Governmental Affairs; Senate Committee on Veterans' Affairs; Senate Committee on the Judiciary; United States Senate Caucus on International Narcotics Control,True,2017-10-31,2017-11-16,,Malkin Capital Fund,Other,Purchase,"$1,000,001 - $5,000,000",3000000.5,False,Spouse,3b49848e-ffef-40f0-bae2-134f42e73b99,https://efdsearch.senate.gov/search/view/paper/3b49848e-ffef-40f0-bae2-134f42e73b99/,ef0a5fb6a477ac6b7d363d6a8761fdeea322f664dfeb3bcd7472d61794c5305c,senate-efd-ocr,explicit,0
B001277,RICHARD BLUMENTHAL,senate,Democrat,CT,SSAS13; SSAS14; SSAS17; SSGA01; SSGA20; SSJU01; SSJU22; SSJU25; SSJU28; Senate Committee on Armed Services; Senate Committee on Homeland Security and Governmental Affairs; Senate Committee on Veterans' Affairs; Senate Committee on the Judiciary; United States Senate Caucus on International Narcotics Control,True,2017-10-31,2017-11-16,,Malkin Capital Fund,Other,Purchase,"$1,000,001 - $5,000,000",3000000.5,False,Spouse,3b49848e-ffef-40f0-bae2-134f42e73b99,https://efdsearch.senate.gov/search/view/paper/3b49848e-ffef-40f0-bae2-134f42e73b99/,ef0a5fb6a477ac6b7d363d6a8761fdeea322f664dfeb3bcd7472d61794c5305c,senate-efd-ocr,explicit,1
B001135,RICHARD M BURR,senate,Republican,NC,,False,2017-02-01,2017-11-08,,Scripps Networks Interactive (stock),Stock,Purchase,"$15,001 - $50,000",32500.5,False,Self,1a835b25-69c9-4c0c-bb0f-e7ac31c19500,https://efdsearch.senate.gov/search/view/paper/1a835b25-69c9-4c0c-bb0f-e7ac31c19500/,dab541baaabdc9bf294df842993f6c0495c3cd99e8c2fa30fb27aa8f7c7730ff,senate-efd-ocr,explicit,0
B001135,RICHARD M BURR,senate,Republican,NC,,False,2017-02-27,2017-11-08,,Scripps Networks Interactive (stock),Stock,Sale,"$500,001 - $1,000,000",750000.5,False,Self,1a835b25-69c9-4c0c-bb0f-e7ac31c19500,https://efdsearch.senate.gov/search/view/paper/1a835b25-69c9-4c0c-bb0f-e7ac31c19500/,519efd00c75e0f61d244ab4323574b50e44273570141b9313dd77547ba14d278,senate-efd-ocr,explicit,0
B001135,RICHARD M BURR,senate,Republican,NC,,False,2017-10-25,2017-11-08,,Scripps Networks Interactive (stock) NASDAQ,Stock,Sale,"$100,001 - $250,000",175000.5,False,Spouse,1a835b25-69c9-4c0c-bb0f-e7ac31c19500,https://efdsearch.senate.gov/search/view/paper/1a835b25-69c9-4c0c-bb0f-e7ac31c19500/,9aa9ef7fbd10cb77cfb6c8099a95dee8e4a1cf6b6f0d85e04283ee136246328c,senate-efd-ocr,explicit,0
B001135,RICHARD M BURR,senate,Republican,NC,,False,2017-10-25,2017-11-08,,Scripps Networks Interactive (stock) NASDAQ,Stock,Sale,"$500,001 - $1,000,000",750000.5,False,Joint,1a835b25-69c9-4c0c-bb0f-e7ac31c19500,https://efdsearch.senate.gov/search/view/paper/1a835b25-69c9-4c0c-bb0f-e7ac31c19500/,a1b71d9e5e533db0b21e7541c3b6ff34a224ded8b27edb26c0e6c3aed96fa59b,senate-efd-ocr,explicit,0
B001236,JOHN BOOZMAN,senate,Republican,AR,"Commission on Security and Cooperation in Europe; SSAF13; SSAF14; SSAF15; SSAF16; SSAF17; SSAP02; SSAP18; SSAP19; SSAP20; SSAP23; SSAP24; SSEV08; SSEV10; SSEV15; Senate Committee on Agriculture, Nutrition, and Forestry; Senate Committee on Appropriations; Senate Committee on Environment and Public Works; Senate Committee on Rules and Administration; Senate Committee on Veterans' Affairs",False,2017-10-18,2017-11-07,,Qualcomm Inc.,Stock,Sale,"$1,001 - $15,000",8000.5,False,Self,feb25195-2fd4-4690-868a-68ae29e5b591,https://efdsearch.senate.gov/search/view/paper/feb25195-2fd4-4690-868a-68ae29e5b591/,7f94dcf7e68611fccf97cf415c7b97bd36caef6add51f8b00ca54c9cee83b3f2,senate-efd-ocr,explicit,0
B001236,JOHN BOOZMAN,senate,Republican,AR,"Commission on Security and Cooperation in Europe; SSAF13; SSAF14; SSAF15; SSAF16; SSAF17; SSAP02; SSAP18; SSAP19; SSAP20; SSAP23; SSAP24; SSEV08; SSEV10; SSEV15; Senate Committee on Agriculture, Nutrition, and Forestry; Senate Committee on Appropriations; Senate Committee on Environment and Public Works; Senate Committee on Rules and Administration; Senate Committee on Veterans' Affairs",False,2017-10-18,2017-11-07,,Lam Research Corp Com,Stock,Purchase,"$1,001 - $15,000",8000.5,False,Self,feb25195-2fd4-4690-868a-68ae29e5b591,https://efdsearch.senate.gov/search/view/paper/feb25195-2fd4-4690-868a-68ae29e5b591/,1e91191feb050b4f2c645a8f509821e2c92a5ec6e815b1e00b27926c869122da,senate-efd-ocr,explicit,0
B001135,RICHARD M BURR,senate,Republican,NC,,False,2017-10-19,2017-11-02,,Actuant Corp. Class A (stock) NYSE,Stock,Purchase,"$1,001 - $15,000",8000.5,False,Self,96a5eaf7-ab66-4a83-911a-a37e3906ba61,https://efdsearch.senate.gov/search/view/paper/96a5eaf7-ab66-4a83-911a-a37e3906ba61/,21b0f458b2a39997d2bef393a860db6a4d1281ef603e3dcb3e0eb84f0863d3bd,senate-efd-ocr,explicit,0
B001135,RICHARD M BURR,senate,Republican,NC,,False,2017-10-19,2017-11-02,,MSC Industrial Direct Co. Inc. - A (stock) NYSE,Stock,Sale,"$1,001 - $15,000",8000.5,False,Self,96a5eaf7-ab66-4a83-911a-a37e3906ba61,https://efdsearch.senate.gov/search/view/paper/96a5eaf7-ab66-4a83-911a-a37e3906ba61/,0076ef165ad77fe89535da2be29d4cd3dbbcda21e9e123bf5b6c5d499886d171,senate-efd-ocr,explicit,0
B001135,RICHARD M BURR,senate,Republican,NC,,False,2017-10-19,2017-11-02,,Hain Celestial Group Inc. (stock) NASDAQ,Stock,Purchase,"$1,001 - $15,000",8000.5,False,Self,96a5eaf7-ab66-4a83-911a-a37e3906ba61,https://efdsearch.senate.gov/search/view/paper/96a5eaf7-ab66-4a83-911a-a37e3906ba61/,5d856fa6145045ccc817b11f0301d27828b7c60d05eb72dc9ac1b2454499cf01,senate-efd-ocr,explicit,0
B001135,RICHARD M BURR,senate,Republican,NC,,False,2017-10-19,2017-11-02,,Level 3 Communications Inc. (stock) NYSE,Stock,Purchase,"$1,001 - $15,000",8000.5,False,Self,96a5eaf7-ab66-4a83-911a-a37e3906ba61,https://efdsearch.senate.gov/search/view/paper/96a5eaf7-ab66-4a83-911a-a37e3906ba61/,2e2e78082ce80773f260cfca959b0e18eba8de24ea077594124559240d3202e7,senate-efd-ocr,explicit,0
B001135,RICHARD M BURR,senate,Republican,NC,,False,2017-10-19,2017-11-02,,Hain Celestial Group Inc. (stock) NASDAQ,Stock,Sale,"$15,001 - $50,000",32500.5,False,Self,96a5eaf7-ab66-4a83-911a-a37e3906ba61,https://efdsearch.senate.gov/search/view/paper/96a5eaf7-ab66-4a83-911a-a37e3906ba61/,a71fc962baa980e297a95df2ff37aed319a7723bab630bcb4fda56cd5ebd60d8,senate-efd-ocr,explicit,0
B001135,RICHARD M BURR,senate,Republican,NC,,False,2017-10-19,2017-11-02,,MSC Industrial Direct Co. Inc. - A (stock) NYSE,Stock,Purchase,"$1,001 - $15,000",8000.5,False,Self,96a5eaf7-ab66-4a83-911a-a37e3906ba61,https://efdsearch.senate.gov/search/view/paper/96a5eaf7-ab66-4a83-911a-a37e3906ba61/,939dddfefab3aaccf9e49090946863c1f16e2221193f552bdf2a41f38b3a7c3b,senate-efd-ocr,explicit,0
B001135,RICHARD M BURR,senate,Republican,NC,,False,2017-10-19,2017-11-02,,Level 3 Communications,,Purchase,"$1,001 - $15,000",8000.5,False,Self,96a5eaf7-ab66-4a83-911a-a37e3906ba61,https://efdsearch.senate.gov/search/view/paper/96a5eaf7-ab66-4a83-911a-a37e3906ba61/,1dccccfaa778deb8b895dcbabc916160ca0e28415fe01cb8812dc3e2cc0b8b2b,senate-efd-ocr,explicit,0
B001135,RICHARD M BURR,senate,Republican,NC,,False,2017-10-19,2017-11-02,,Actuant Corp. Class A (stock) NYSE,Stock,Sale,"$1,001 - $15,000",8000.5,False,Self,96a5eaf7-ab66-4a83-911a-a37e3906ba61,https://efdsearch.senate.gov/search/view/paper/96a5eaf7-ab66-4a83-911a-a37e3906ba61/,e7f4e48d3e32455af6dad2d6a5943bca2fb1533bfb5144a14e465a1335f93599,senate-efd-ocr,explicit,0
F000062,DIANNE FEINSTEIN,senate,Democrat,CA,,False,2017-10-09,2017-10-19,,"KITE PHARMAS, INC. (stock)",Stock,Sale,"$100,001 - $250,000",175000.5,False,Self,4b15d800-3a2e-456c-9b45-7755b89d1e03,https://efdsearch.senate.gov/search/view/paper/4b15d800-3a2e-456c-9b45-7755b89d1e03/,0b89560ac44fc0380fe61bea3e5783975ec07deac01323198a027c798c572f96,senate-efd-ocr,explicit,0
B001236,JOHN BOOZMAN,senate,Republican,AR,"Commission on Security and Cooperation in Europe; SSAF13; SSAF14; SSAF15; SSAF16; SSAF17; SSAP02; SSAP18; SSAP19; SSAP20; SSAP23; SSAP24; SSEV08; SSEV10; SSEV15; Senate Committee on Agriculture, Nutrition, and Forestry; Senate Committee on Appropriations; Senate Committee on Environment and Public Works; Senate Committee on Rules and Administration; Senate Committee on Veterans' Affairs",False,2017-09-26,2017-10-18,,Bed Bath & Beyond Inc.,Stock,Sale,"$1,001 - $15,000",8000.5,False,Self,28678982-72de-419a-b2c9-5ead837ddc57,https://efdsearch.senate.gov/search/view/paper/28678982-72de-419a-b2c9-5ead837ddc57/,cea920a060aa491dcb29a3765c38a2f8d2fc90b15546aa084c9676d1d2fc9a5e,senate-efd-ocr,explicit,0
B001236,JOHN BOOZMAN,senate,Republican,AR,"Commission on Security and Cooperation in Europe; SSAF13; SSAF14; SSAF15; SSAF16; SSAF17; SSAP02; SSAP18; SSAP19; SSAP20; SSAP23; SSAP24; SSEV08; SSEV10; SSEV15; Senate Committee on Agriculture, Nutrition, and Forestry; Senate Committee on Appropriations; Senate Committee on Environment and Public Works; Senate Committee on Rules and Administration; Senate Committee on Veterans' Affairs",False,2017-09-12,2017-10-18,,Micro Focus International PLC Spon ADR New,Stock,Sale,"$1,001 - $15,000",8000.5,False,Self,28678982-72de-419a-b2c9-5ead837ddc57,https://efdsearch.senate.gov/search/view/paper/28678982-72de-419a-b2c9-5ead837ddc57/,a9540720c451b8bed5fdba2db8e1d00b8aca67491401b03a7f5d60ab165049ff,senate-efd-ocr,explicit,0
B001236,JOHN BOOZMAN,senate,Republican,AR,"Commission on Security and Cooperation in Europe; SSAF13; SSAF14; SSAF15; SSAF16; SSAF17; SSAP02; SSAP18; SSAP19; SSAP20; SSAP23; SSAP24; SSEV08; SSEV10; SSEV15; Senate Committee on Agriculture, Nutrition, and Forestry; Senate Committee on Appropriations; Senate Committee on Environment and Public Works; Senate Committee on Rules and Administration; Senate Committee on Veterans' Affairs",False,2017-09-12,2017-10-18,,Hewlett Packard Enterprise Co. Com,Stock,Purchase,"$1,001 - $15,000",8000.5,False,Self,28678982-72de-419a-b2c9-5ead837ddc57,https://efdsearch.senate.gov/search/view/paper/28678982-72de-419a-b2c9-5ead837ddc57/,5c83f428b90dc5483b54a590b3472f3466dcfed8502e4c684ead402b3ab27c6b,senate-efd-ocr,explicit,0
B001236,JOHN BOOZMAN,senate,Republican,AR,"Commission on Security and Cooperation in Europe; SSAF13; SSAF14; SSAF15; SSAF16; SSAF17; SSAP02; SSAP18; SSAP19; SSAP20; SSAP23; SSAP24; SSEV08; SSEV10; SSEV15; Senate Committee on Agriculture, Nutrition, and Forestry; Senate Committee on Appropriations; Senate Committee on Environment and Public Works; Senate Committee on Rules and Administration; Senate Committee on Veterans' Affairs",False,2017-09-26,2017-10-18,,Verizon Communications Com,,Purchase,"$1,001 - $15,000",8000.5,False,Self,28678982-72de-419a-b2c9-5ead837ddc57,https://efdsearch.senate.gov/search/view/paper/28678982-72de-419a-b2c9-5ead837ddc57/,3027060e6ba4ff5aaa40cc0ac947c99797343bdec7564c9780ae87b775945de2,senate-efd-ocr,explicit,0
B001236,JOHN BOOZMAN,senate,Republican,AR,"Commission on Security and Cooperation in Europe; SSAF13; SSAF14; SSAF15; SSAF16; SSAF17; SSAP02; SSAP18; SSAP19; SSAP20; SSAP23; SSAP24; SSEV08; SSEV10; SSEV15; Senate Committee on Agriculture, Nutrition, and Forestry; Senate Committee on Appropriations; Senate Committee on Environment and Public Works; Senate Committee on Rules and Administration; Senate Committee on Veterans' Affairs",False,2017-09-07,2017-10-18,,Dowdupont Inc Received as mandatory Exchange of DuPont E I De Nemours,Stock,Exchange,"$1,001 - $15,000",8000.5,False,Self,28678982-72de-419a-b2c9-5ead837ddc57,https://efdsearch.senate.gov/search/view/paper/28678982-72de-419a-b2c9-5ead837ddc57/,1707e91011c52670b27e80375c4636cd85c6964a67b560bc000b0fd119c47cc9,senate-efd-ocr,explicit,0
B001135,RICHARD M BURR,senate,Republican,NC,,False,2016-06-09,2017-09-12,,McDonalds Corporation (stock) NYSE,Stock,Purchase,"$15,001 - $50,000",32500.5,False,Self,02115eab-aba8-4e16-8a4d-1257cafedddf,https://efdsearch.senate.gov/search/view/paper/02115eab-aba8-4e16-8a4d-1257cafedddf/,ce83eb94aa89728dd2f76c67c74ea2598c5291a41652e9cc8c5008838f7d0407,senate-efd-ocr,explicit,0
B001135,RICHARD M BURR,senate,Republican,NC,,False,2016-06-09,2017-09-12,,McDonalds Corporation (stock) NYSE,Stock,Sale,"$1,001 - $15,000",8000.5,False,Self,02115eab-aba8-4e16-8a4d-1257cafedddf,https://efdsearch.senate.gov/search/view/paper/02115eab-aba8-4e16-8a4d-1257cafedddf/,043b7b1fd0963c62bd96d90afb42684740f290f456c8e0cbada62402de81bb12,senate-efd-ocr,explicit,0
B001135,RICHARD M BURR,senate,Republican,NC,,False,2016-06-08,2017-09-12,,Fairfax Financial Holdings LTD (stock) OTCMKTS,Other,Purchase,"$15,001 - $50,000",32500.5,False,Self,02115eab-aba8-4e16-8a4d-1257cafedddf,https://efdsearch.senate.gov/search/view/paper/02115eab-aba8-4e16-8a4d-1257cafedddf/,5e9ac86cc2df9e7e2248b81e44f876032cea558822601e1922d8823b85a376a0,senate-efd-ocr,explicit,0
B001135,RICHARD M BURR,senate,Republican,NC,,False,2016-06-08,2017-09-12,,Sensata Technologies NV (stock) NYSE,Stock,Sale,"$1,001 - $15,000",8000.5,False,Self,02115eab-aba8-4e16-8a4d-1257cafedddf,https://efdsearch.senate.gov/search/view/paper/02115eab-aba8-4e16-8a4d-1257cafedddf/,6f35e17e8a9b0155dcf68d244a251ac814acce917ae8a00ccc26f1f971f66427,senate-efd-ocr,explicit,0
B001135,RICHARD M BURR,senate,Republican,NC,,False,2016-06-08,2017-09-12,,Fifth Third Bancorp (stock) NASDAQ,Stock,Purchase,"$15,001 - $50,000",32500.5,False,Self,02115eab-aba8-4e16-8a4d-1257cafedddf,https://efdsearch.senate.gov/search/view/paper/02115eab-aba8-4e16-8a4d-1257cafedddf/,b0209855eed6a28113440eaef2345daf7fc904c6dc585bfa9d176195c59929ff,senate-efd-ocr,explicit,0
B001135,RICHARD M BURR,senate,Republican,NC,,False,2017-05-01,2017-09-12,,"Cloud Peak Energy, Inc. (stock) NYSE",Stock,Purchase,"$1,001 - $15,000",8000.5,False,Self,9a6fcfb0-d5a6-4a7e-a3a3-c75762f45a1b,https://efdsearch.senate.gov/search/view/paper/9a6fcfb0-d5a6-4a7e-a3a3-c75762f45a1b/,efc1d39a546a8ef7bbfc28510f0af2375b6f3126493300c040170d1a1b12589e,senate-efd-ocr,explicit,0
B001135,RICHARD M BURR,senate,Republican,NC,,False,2017-05-01,2017-09-12,,"Cloud Peak Energy, Inc. (stock) NYSE",Stock,Sale,"$1,001 - $15,000",8000.5,False,Self,9a6fcfb0-d5a6-4a7e-a3a3-c75762f45a1b,https://efdsearch.senate.gov/search/view/paper/9a6fcfb0-d5a6-4a7e-a3a3-c75762f45a1b/,99b3a5cbbf9318b52ca866acbf1760801b3b7ab62c4dd34f561d48d5a4cfafc1,senate-efd-ocr,explicit,0
B001135,RICHARD M BURR,senate,Republican,NC,,False,2017-05-04,2017-09-12,,"Zimmer Biomet Holdings, Inc. (stock) NYSE",Other,Purchase,"$15,001 - $50,000",32500.5,False,Self,9a6fcfb0-d5a6-4a7e-a3a3-c75762f45a1b,https://efdsearch.senate.gov/search/view/paper/9a6fcfb0-d5a6-4a7e-a3a3-c75762f45a1b/,baa945297b0d883e2cf6f682cbc8a66f3b9b2f71e92c79eb429aa96d7b22054b,senate-efd-ocr,explicit,0
B001135,RICHARD M BURR,senate,Republican,NC,,False,2017-05-04,2017-09-12,,"Zimmer Biomet Holdings, Inc. (stock) NYSE",Other,Sale,"$1,001 - $15,000",8000.5,False,Self,9a6fcfb0-d5a6-4a7e-a3a3-c75762f45a1b,https://efdsearch.senate.gov/search/view/paper/9a6fcfb0-d5a6-4a7e-a3a3-c75762f45a1b/,d38fe80b2bd01713d7e5e1a58cc17e914aa8a84d2d75721e383e01729aaca2a9,senate-efd-ocr,explicit,0
B001135,RICHARD M BURR,senate,Republican,NC,,False,2017-08-18,2017-09-06,,CSX Corporation (stock) NASDAQ,Stock,Sale,"$1,001 - $15,000",8000.5,False,Self,5dbb5d86-f003-4d88-a2ad-e5da36d1a15f,https://efdsearch.senate.gov/search/view/paper/5dbb5d86-f003-4d88-a2ad-e5da36d1a15f/,67969117cbc015ecfa4995a2c8cdd0917f5cea42bbd88fbb4d1f3e83cc226f8d,senate-efd-ocr,explicit,0
B001135,RICHARD M BURR,senate,Republican,NC,,False,2017-08-18,2017-09-06,,CSX Corporation (stock),Stock,Sale,"$1,001 - $15,000",8000.5,False,Self,5dbb5d86-f003-4d88-a2ad-e5da36d1a15f,https://efdsearch.senate.gov/search/view/paper/5dbb5d86-f003-4d88-a2ad-e5da36d1a15f/,2bfdb779cf9fffc76451394798dfb7309cad84d379f946bc340e27c73627441e,senate-efd-ocr,explicit,0
B001135,RICHARD M BURR,senate,Republican,NC,,False,2017-08-16,2017-09-06,,Dorman Products Inc. (stock) NASDAQ,Stock,Purchase,"$1,001 - $15,000",8000.5,False,Self,5dbb5d86-f003-4d88-a2ad-e5da36d1a15f,https://efdsearch.senate.gov/search/view/paper/5dbb5d86-f003-4d88-a2ad-e5da36d1a15f/,04d9bec8bb7fbf68441cb978018ccb0ad226529bfe62772146ce2896c56c2786,senate-efd-ocr,explicit,0
B001277,RICHARD BLUMENTHAL,senate,Democrat,CT,SSAS13; SSAS14; SSAS17; SSGA01; SSGA20; SSJU01; SSJU22; SSJU25; SSJU28; Senate Committee on Armed Services; Senate Committee on Homeland Security and Governmental Affairs; Senate Committee on Veterans' Affairs; Senate Committee on the Judiciary; United States Senate Caucus on International Narcotics Control,True,2017-08-01,2017-08-24,,"AAM Partners LLC: Aisling Capital IV, LP",Other,Purchase,"$15,001 - $50,000",32500.5,False,Spouse,9f7a6914-8d5c-46d5-96c1-a1db0e65d162,https://efdsearch.senate.gov/search/view/paper/9f7a6914-8d5c-46d5-96c1-a1db0e65d162/,e11132042309f7ccbf49571110da362065143956078ada2121edfe9425ee4a35,senate-efd-ocr,explicit,0
B001277,RICHARD BLUMENTHAL,senate,Democrat,CT,SSAS13; SSAS14; SSAS17; SSGA01; SSGA20; SSJU01; SSJU22; SSJU25; SSJU28; Senate Committee on Armed Services; Senate Committee on Homeland Security and Governmental Affairs; Senate Committee on Veterans' Affairs; Senate Committee on the Judiciary; United States Senate Caucus on International Narcotics Control,True,2017-08-01,2017-08-24,,"AAM Partners LLC: Aisling Capital IV, LP",Other,Purchase,"$15,001 - $50,000",32500.5,False,Spouse,9f7a6914-8d5c-46d5-96c1-a1db0e65d162,https://efdsearch.senate.gov/search/view/paper/9f7a6914-8d5c-46d5-96c1-a1db0e65d162/,e11132042309f7ccbf49571110da362065143956078ada2121edfe9425ee4a35,senate-efd-ocr,explicit,1
B001277,RICHARD BLUMENTHAL,senate,Democrat,CT,SSAS13; SSAS14; SSAS17; SSGA01; SSGA20; SSJU01; SSJU22; SSJU25; SSJU28; Senate Committee on Armed Services; Senate Committee on Homeland Security and Governmental Affairs; Senate Committee on Veterans' Affairs; Senate Committee on the Judiciary; United States Senate Caucus on International Narcotics Control,True,2017-08-01,2017-08-24,,"AAM Partners LLC: Aisling Capital IV, LP",Other,Purchase,"$100,001 - $250,000",175000.5,False,Spouse,9f7a6914-8d5c-46d5-96c1-a1db0e65d162,https://efdsearch.senate.gov/search/view/paper/9f7a6914-8d5c-46d5-96c1-a1db0e65d162/,d3b4eb986372cabe3d26f9876eac98f1f882047d9117bc0ed439c1cf62b10b26,senate-efd-ocr,explicit,0
B001277,RICHARD BLUMENTHAL,senate,Democrat,CT,SSAS13; SSAS14; SSAS17; SSGA01; SSGA20; SSJU01; SSJU22; SSJU25; SSJU28; Senate Committee on Armed Services; Senate Committee on Homeland Security and Governmental Affairs; Senate Committee on Veterans' Affairs; Senate Committee on the Judiciary; United States Senate Caucus on International Narcotics Control,True,,2017-08-24,,Summa LLC,Other,Purchase,"$15,001 - $50,000",32500.5,False,Spouse,9f7a6914-8d5c-46d5-96c1-a1db0e65d162,https://efdsearch.senate.gov/search/view/paper/9f7a6914-8d5c-46d5-96c1-a1db0e65d162/,de3892dbdf3d643f0c5079f19f70b4d28b6966290110d5a1dbacdff93caf04a4,senate-efd-ocr,explicit,0
B001277,RICHARD BLUMENTHAL,senate,Democrat,CT,SSAS13; SSAS14; SSAS17; SSGA01; SSGA20; SSJU01; SSJU22; SSJU25; SSJU28; Senate Committee on Armed Services; Senate Committee on Homeland Security and Governmental Affairs; Senate Committee on Veterans' Affairs; Senate Committee on the Judiciary; United States Senate Caucus on International Narcotics Control,True,,2017-08-24,,New Things LLC,Other,Purchase,"$15,001 - $50,000",32500.5,False,Spouse,9f7a6914-8d5c-46d5-96c1-a1db0e65d162,https://efdsearch.senate.gov/search/view/paper/9f7a6914-8d5c-46d5-96c1-a1db0e65d162/,dce94299dc1950d2d8c8a45203476ef0db7268cb4bf63725409d2a8fe4bc21b4,senate-efd-ocr,explicit,0
B001135,RICHARD M BURR,senate,Republican,NC,,False,2017-08-09,2017-08-22,,"Zimmer Biomet Holdings, Inc. (stock)",Other,Purchase,"$1,001 - $15,000",8000.5,False,Self,a2477232-c5fa-4c38-86cc-eadb5ecb1e17,https://efdsearch.senate.gov/search/view/paper/a2477232-c5fa-4c38-86cc-eadb5ecb1e17/,050db1b4b930d7bb5b4a1376ea6a4b990d3aa72160502017ccaa97fa6ffba050,senate-efd-ocr,explicit,0
B001135,RICHARD M BURR,senate,Republican,NC,,False,2017-08-09,2017-08-22,,"Zimmer Biomet Holdings, Inc. (stock) NYSE",Other,Sale,"$1,001 - $15,000",8000.5,False,Spouse,a2477232-c5fa-4c38-86cc-eadb5ecb1e17,https://efdsearch.senate.gov/search/view/paper/a2477232-c5fa-4c38-86cc-eadb5ecb1e17/,f12c50248ec76d653b74fcce514adb9230f277659af484a408ccad41ab2bb736,senate-efd-ocr,explicit,0
B001135,RICHARD M BURR,senate,Republican,NC,,False,2017-08-09,2017-08-22,,Koninklijke Phillips N.V. (stock) NYSE,Stock,Purchase,"$1,001 - $15,000",8000.5,False,Self,a2477232-c5fa-4c38-86cc-eadb5ecb1e17,https://efdsearch.senate.gov/search/view/paper/a2477232-c5fa-4c38-86cc-eadb5ecb1e17/,64420bcf7db2f19e00624e3f919a8f3f9bf003e0d30298877f465d5aed173fff,senate-efd-ocr,explicit,0
B001135,RICHARD M BURR,senate,Republican,NC,,False,2017-08-09,2017-08-22,,Koninklijke Phillips N.V. (stock) NYSE,Stock,Sale,"$1,001 - $15,000",8000.5,False,Self,a2477232-c5fa-4c38-86cc-eadb5ecb1e17,https://efdsearch.senate.gov/search/view/paper/a2477232-c5fa-4c38-86cc-eadb5ecb1e17/,3d36b6b127390f5bfb1238381aabfb8940131ea25d36d7e21a7724e7c23fc5fc,senate-efd-ocr,explicit,0
B001135,RICHARD M BURR,senate,Republican,NC,,False,2017-08-09,2017-08-22,,Wynn Resorts Ltd. (stock) NASDAQ,Stock,Sale,"$15,001 - $50,000",32500.5,False,Self,a2477232-c5fa-4c38-86cc-eadb5ecb1e17,https://efdsearch.senate.gov/search/view/paper/a2477232-c5fa-4c38-86cc-eadb5ecb1e17/,8882ff0841b555acd3b0c19b2a2f5002f2519f1178296776a1a16f35b1e04125,senate-efd-ocr,explicit,0
B001236,JOHN BOOZMAN,senate,Republican,AR,"Commission on Security and Cooperation in Europe; SSAF13; SSAF14; SSAF15; SSAF16; SSAF17; SSAP02; SSAP18; SSAP19; SSAP20; SSAP23; SSAP24; SSEV08; SSEV10; SSEV15; Senate Committee on Agriculture, Nutrition, and Forestry; Senate Committee on Appropriations; Senate Committee on Environment and Public Works; Senate Committee on Rules and Administration; Senate Committee on Veterans' Affairs",False,2017-07-28,2017-08-09,,Allstate Corp,Stock,Sale,"$1,001 - $15,000",8000.5,False,Self,2ca6abb5-07a6-4ef9-8ccc-2c838807ac22,https://efdsearch.senate.gov/search/view/paper/2ca6abb5-07a6-4ef9-8ccc-2c838807ac22/,3781ed1e9c262ee7e7e0f701da811a7d88a9f9bcaf307362dc973756827996f6,senate-efd-ocr,explicit,0
B001236,JOHN BOOZMAN,senate,Republican,AR,"Commission on Security and Cooperation in Europe; SSAF13; SSAF14; SSAF15; SSAF16; SSAF17; SSAP02; SSAP18; SSAP19; SSAP20; SSAP23; SSAP24; SSEV08; SSEV10; SSEV15; Senate Committee on Agriculture, Nutrition, and Forestry; Senate Committee on Appropriations; Senate Committee on Environment and Public Works; Senate Committee on Rules and Administration; Senate Committee on Veterans' Affairs",False,2017-07-28,2017-08-09,,Rockwell Collins Inc Com,Stock,Purchase,"$1,001 - $15,000",8000.5,False,Self,2ca6abb5-07a6-4ef9-8ccc-2c838807ac22,https://efdsearch.senate.gov/search/view/paper/2ca6abb5-07a6-4ef9-8ccc-2c838807ac22/,a5a34443461f9d69501115e6dd567a6b8197e5cd9e3106050df067ec24e54fd8,senate-efd-ocr,explicit,0
B001236,JOHN BOOZMAN,senate,Republican,AR,"Commission on Security and Cooperation in Europe; SSAF13; SSAF14; SSAF15; SSAF16; SSAF17; SSAP02; SSAP18; SSAP19; SSAP20; SSAP23; SSAP24; SSEV08; SSEV10; SSEV15; Senate Committee on Agriculture, Nutrition, and Forestry; Senate Committee on Appropriations; Senate Committee on Environment and Public Works; Senate Committee on Rules and Administration; Senate Committee on Veterans' Affairs",False,2017-07-07,2017-08-09,,Baker Hughes A GE Co Received as exchange for Baker Hughes Inc Com,Stock,Exchange,"$1,001 - $15,000",8000.5,False,Self,2ca6abb5-07a6-4ef9-8ccc-2c838807ac22,https://efdsearch.senate.gov/search/view/paper/2ca6abb5-07a6-4ef9-8ccc-2c838807ac22/,64f7bdd8d31a7f4468e000d17240babf0dab0b6a07a3428d301fe74e95c39f50,senate-efd-ocr,explicit,0
B001135,RICHARD M BURR,senate,Republican,NC,,False,2017-07-27,2017-08-08,,Scripps Networks Interactive (stock) NASDAQ,Stock,Sale,"$15,001 - $50,000",32500.5,False,Self,ee85ef14-49ff-4993-a978-db7709f47001,https://efdsearch.senate.gov/search/view/paper/ee85ef14-49ff-4993-a978-db7709f47001/,04c80d3f5516963276f8ea7fc6aef825438d0d7fc9f1c0c421973ade6746c2a8,senate-efd-ocr,explicit,0
B001135,RICHARD M BURR,senate,Republican,NC,,False,2017-07-27,2017-08-08,,Scripps Networks Interactive (stock) NASDAQ,Stock,Sale,"$500,001 - $1,000,000",750000.5,False,Spouse,ee85ef14-49ff-4993-a978-db7709f47001,https://efdsearch.senate.gov/search/view/paper/ee85ef14-49ff-4993-a978-db7709f47001/,ffe8cea95b5dc33590e7bf0052aaa9f762dc445758cd5ab4a528f45dfb440357,senate-efd-ocr,explicit,0
B001277,RICHARD BLUMENTHAL,senate,Democrat,CT,SSAS13; SSAS14; SSAS17; SSGA01; SSGA20; SSJU01; SSJU22; SSJU25; SSJU28; Senate Committee on Armed Services; Senate Committee on Homeland Security and Governmental Affairs; Senate Committee on Veterans' Affairs; Senate Committee on the Judiciary; United States Senate Caucus on International Narcotics Control,True,2017-06-08,2017-07-26,,Peter L Malkin Family 9 LLC: 930-DSIC 4 LLC,Other,Purchase,"$250,001 - $500,000",375000.5,False,Spouse,7f33e550-caa2-4718-8bf5-d73d0adb010b,https://efdsearch.senate.gov/search/view/paper/7f33e550-caa2-4718-8bf5-d73d0adb010b/,9d81ca6b2695ee6cca431bf08b58aaff46870efa33c0702f1d8b43fe04f164c0,senate-efd-ocr,explicit,0
B001277,RICHARD BLUMENTHAL,senate,Democrat,CT,SSAS13; SSAS14; SSAS17; SSGA01; SSGA20; SSJU01; SSJU22; SSJU25; SSJU28; Senate Committee on Armed Services; Senate Committee on Homeland Security and Governmental Affairs; Senate Committee on Veterans' Affairs; Senate Committee on the Judiciary; United States Senate Caucus on International Narcotics Control,True,2017-06-08,2017-07-26,,CMB 2009 GRAT: 930-DSIC 4 LLC,Other,Purchase,"$100,001 - $250,000",175000.5,False,Spouse,7f33e550-caa2-4718-8bf5-d73d0adb010b,https://efdsearch.senate.gov/search/view/paper/7f33e550-caa2-4718-8bf5-d73d0adb010b/,f3b05c8f99cdd2d4b2edf836fdf3d656bd60b0f82bec873e01d4abf304791398,senate-efd-ocr,explicit,0
B001135,RICHARD M BURR,senate,Republican,NC,,False,2017-06-28,2017-07-12,,Chesapeake Energy (stock) NYSE,Stock,Purchase,"$1,001 - $15,000",8000.5,False,Self,7ef08199-6651-4983-b6be-6f14b79d0d57,https://efdsearch.senate.gov/search/view/paper/7ef08199-6651-4983-b6be-6f14b79d0d57/,de493e1772c37a721401a0fcaf6d340a854b6ad82ca8a3a7033476c232f7546f,senate-efd-ocr,explicit,0
B001135,RICHARD M BURR,senate,Republican,NC,,False,2017-06-28,2017-07-12,WYNN,Wynn Resorts LTD (stock) NASDAQ,Stock,Purchase,"$1,001 - $15,000",8000.5,False,Self,7ef08199-6651-4983-b6be-6f14b79d0d57,https://efdsearch.senate.gov/search/view/paper/7ef08199-6651-4983-b6be-6f14b79d0d57/,9643f086c79d012845cbf12369a03811de2ee09a640f2016283d041ad3cfaa57,senate-efd-ocr,explicit,0
B001135,RICHARD M BURR,senate,Republican,NC,,False,2017-06-28,2017-07-12,WYNN,Wynn Resorts LTD (stock) NASDAQ,Stock,Sale,"$1,001 - $15,000",8000.5,False,Self,7ef08199-6651-4983-b6be-6f14b79d0d57,https://efdsearch.senate.gov/search/view/paper/7ef08199-6651-4983-b6be-6f14b79d0d57/,6e1e21aa763851887fa133a0415d2c63c4a4fbec7301f56e1893dc1ef9ca5379,senate-efd-ocr,explicit,0
B001135,RICHARD M BURR,senate,Republican,NC,,False,2017-06-28,2017-07-12,,Blue Buffalo Pet Products (stock) NASDAQ,Stock,Purchase,"$1,001 - $15,000",8000.5,False,Self,7ef08199-6651-4983-b6be-6f14b79d0d57,https://efdsearch.senate.gov/search/view/paper/7ef08199-6651-4983-b6be-6f14b79d0d57/,a7f0d83e547707d2e95050dac63238d92ec18425db88f3fc2e4468325f9704cc,senate-efd-ocr,explicit,0
B001135,RICHARD M BURR,senate,Republican,NC,,False,2017-06-28,2017-07-12,,Ed Dorado Gold Corporation LTD FGN (NYSE),Stock,Purchase,"$1,001 - $15,000",8000.5,False,Self,7ef08199-6651-4983-b6be-6f14b79d0d57,https://efdsearch.senate.gov/search/view/paper/7ef08199-6651-4983-b6be-6f14b79d0d57/,d940a051ecdf9e1166cec4ebfc3c3b108506f9562b9a158ec6572832a05d0c73,senate-efd-ocr,explicit,0
B001135,RICHARD M BURR,senate,Republican,NC,,False,2017-06-28,2017-07-12,BUFF,BLUE BUFFALO PET PRODUCTS INC,Stock,Purchase,"$15,001 - $50,000",32500.5,False,Self,7ef08199-6651-4983-b6be-6f14b79d0d57,https://efdsearch.senate.gov/search/view/paper/7ef08199-6651-4983-b6be-6f14b79d0d57/,1667f57926a7b08fd00773896f47ced4e6b27793ee3e6fa3bec49616eb56410a,senate-efd-ocr,explicit,0
B001135,RICHARD M BURR,senate,Republican,NC,,False,2017-06-28,2017-07-12,EGO,EL DORADO GOLD CORP LTD FGN,Stock,Purchase,"$15,001 - $50,000",32500.5,False,Self,7ef08199-6651-4983-b6be-6f14b79d0d57,https://efdsearch.senate.gov/search/view/paper/7ef08199-6651-4983-b6be-6f14b79d0d57/,006610a1c5602f2926f5b1b79936ea061132384367dbadc32d1083c84b90a7c0,senate-efd-ocr,explicit,0
B001236,JOHN BOOZMAN,senate,Republican,AR,"Commission on Security and Cooperation in Europe; SSAF13; SSAF14; SSAF15; SSAF16; SSAF17; SSAP02; SSAP18; SSAP19; SSAP20; SSAP23; SSAP24; SSEV08; SSEV10; SSEV15; Senate Committee on Agriculture, Nutrition, and Forestry; Senate Committee on Appropriations; Senate Committee on Environment and Public Works; Senate Committee on Rules and Administration; Senate Committee on Veterans' Affairs",False,2017-06-23,2017-07-07,,Brinker Intl Inc Com,Stock,Sale,"$1,001 - $15,000",8000.5,False,Self,1dcead78-4298-43b4-a3aa-fa3c09ba2f4d,https://efdsearch.senate.gov/search/view/paper/1dcead78-4298-43b4-a3aa-fa3c09ba2f4d/,1b80c04af1b2a6c82a726df10e0bb7b87289759196950db8092c597f3cfb562c,senate-efd-ocr,explicit,0
B001236,JOHN BOOZMAN,senate,Republican,AR,"Commission on Security and Cooperation in Europe; SSAF13; SSAF14; SSAF15; SSAF16; SSAF17; SSAP02; SSAP18; SSAP19; SSAP20; SSAP23; SSAP24; SSEV08; SSEV10; SSEV15; Senate Committee on Agriculture, Nutrition, and Forestry; Senate Committee on Appropriations; Senate Committee on Environment and Public Works; Senate Committee on Rules and Administration; Senate Committee on Veterans' Affairs",False,2017-06-02,2017-07-07,,iShares Barclays 20 Plus Year Treasury Bond Fund,Municipal Security,Sale,"$1,001 - $15,000",8000.5,False,Self,1dcead78-4298-43b4-a3aa-fa3c09ba2f4d,https://efdsearch.senate.gov/search/view/paper/1dcead78-4298-43b4-a3aa-fa3c09ba2f4d/,dab0ca4cefa728b6776c57f94945a1e3bfc798126f2b0a0b2d07d88fd5e5d165,senate-efd-ocr,explicit,0
B001236,JOHN BOOZMAN,senate,Republican,AR,"Commission on Security and Cooperation in Europe; SSAF13; SSAF14; SSAF15; SSAF16; SSAF17; SSAP02; SSAP18; SSAP19; SSAP20; SSAP23; SSAP24; SSEV08; SSEV10; SSEV15; Senate Committee on Agriculture, Nutrition, and Forestry; Senate Committee on Appropriations; Senate Committee on Environment and Public Works; Senate Committee on Rules and Administration; Senate Committee on Veterans' Affairs",False,2017-06-09,2017-07-07,,Viacom Inc Cl B,Stock,Sale,"$1,001 - $15,000",8000.5,False,Self,1dcead78-4298-43b4-a3aa-fa3c09ba2f4d,https://efdsearch.senate.gov/search/view/paper/1dcead78-4298-43b4-a3aa-fa3c09ba2f4d/,2063820d813746d8938d91e7b31cfc6b02a13a6e06feda402c242a523fbeb68f,senate-efd-ocr,explicit,0
B001236,JOHN BOOZMAN,senate,Republican,AR,"Commission on Security and Cooperation in Europe; SSAF13; SSAF14; SSAF15; SSAF16; SSAF17; SSAP02; SSAP18; SSAP19; SSAP20; SSAP23; SSAP24; SSEV08; SSEV10; SSEV15; Senate Committee on Agriculture, Nutrition, and Forestry; Senate Committee on Appropriations; Senate Committee on Environment and Public Works; Senate Committee on Rules and Administration; Senate Committee on Veterans' Affairs",False,2017-06-09,2017-07-07,,CA Inc,Stock,Purchase,"$1,001 - $15,000",8000.5,False,Self,1dcead78-4298-43b4-a3aa-fa3c09ba2f4d,https://efdsearch.senate.gov/search/view/paper/1dcead78-4298-43b4-a3aa-fa3c09ba2f4d/,d7bae6750e2c6ecfc763924494401ac42200884f1c6fb54a686a452b6c23dc25,senate-efd-ocr,explicit,0
B001236,JOHN BOOZMAN,senate,Republican,AR,"Commission on Security and Cooperation in Europe; SSAF13; SSAF14; SSAF15; SSAF16; SSAF17; SSAP02; SSAP18; SSAP19; SSAP20; SSAP23; SSAP24; SSEV08; SSEV10; SSEV15; Senate Committee on Agriculture, Nutrition, and Forestry; Senate Committee on Appropriations; Senate Committee on Environment and Public Works; Senate Committee on Rules and Administration; Senate Committee on Veterans' Affairs",False,2017-06-02,2017-07-07,,iShares Barclays 3-7 Yr Tsy Bd Fd,,Purchase,"$1,001 - $15,000",8000.5,False,Self,1dcead78-4298-43b4-a3aa-fa3c09ba2f4d,https://efdsearch.senate.gov/search/view/paper/1dcead78-4298-43b4-a3aa-fa3c09ba2f4d/,ad7469c864460c5a84b67363a275fd44e0625cb6b0d3af988ccf8914550bc4cb,senate-efd-ocr,explicit,0
B001236,JOHN BOOZMAN,senate,Republican,AR,"Commission on Security and Cooperation in Europe; SSAF13; SSAF14; SSAF15; SSAF16; SSAF17; SSAP02; SSAP18; SSAP19; SSAP20; SSAP23; SSAP24; SSEV08; SSEV10; SSEV15; Senate Committee on Agriculture, Nutrition, and Forestry; Senate Committee on Appropriations; Senate Committee on Environment and Public Works; Senate Committee on Rules and Administration; Senate Committee on Veterans' Affairs",False,2017-06-28,2017-07-07,,iShares Tr MSCI EAFE Index Fd MFC,,Purchase,"$1,001 - $15,000",8000.5,False,Self,1dcead78-4298-43b4-a3aa-fa3c09ba2f4d,https://efdsearch.senate.gov/search/view/paper/1dcead78-4298-43b4-a3aa-fa3c09ba2f4d/,1c68d81781099d919a70ed1ef859659db42bd8e5371cf35f041fcb7bf24a8ebf,senate-efd-ocr,explicit,0
B001135,RICHARD M BURR,senate,Republican,NC,,False,2017-06-08,2017-06-14,,"Blue Buffalo Pet Products, Inc. (stock) NASDAQ",Stock,Purchase,"$15,001 - $50,000",32500.5,False,Self,d6eb8e77-422a-4fb1-be4f-1aa459ecf7c1,https://efdsearch.senate.gov/search/view/paper/d6eb8e77-422a-4fb1-be4f-1aa459ecf7c1/,707443f9581a7961da6700b32fc6f0bc8f7e44b6c08ec07d34f9dfd7a98740d4,senate-efd-ocr,explicit,0
B001135,RICHARD M BURR,senate,Republican,NC,,False,2017-06-08,2017-06-14,,"Blue Buffalo Pet Products, Inc. (stock) NASDAQ",Stock,Purchase,"$15,001 - $50,000",32500.5,False,Self,d6eb8e77-422a-4fb1-be4f-1aa459ecf7c1,https://efdsearch.senate.gov/search/view/paper/d6eb8e77-422a-4fb1-be4f-1aa459ecf7c1/,707443f9581a7961da6700b32fc6f0bc8f7e44b6c08ec07d34f9dfd7a98740d4,senate-efd-ocr,explicit,1
F000062,DIANNE FEINSTEIN,senate,Democrat,CA,,False,2017-05-31,2017-06-14,,"KITE PHARMAS, INC. (stock)",Stock,Sale,"$1,000,001 - $5,000,000",3000000.5,False,Spouse,cb0a0364-282d-4036-83f4-b08e431e8b6e,https://efdsearch.senate.gov/search/view/paper/cb0a0364-282d-4036-83f4-b08e431e8b6e/,c6e54b427c7256e7a0444101e48a926ac15432bcda002e85a3b2cbaf09327797,senate-efd-ocr,explicit,0
B001236,JOHN BOOZMAN,senate,Republican,AR,"Commission on Security and Cooperation in Europe; SSAF13; SSAF14; SSAF15; SSAF16; SSAF17; SSAP02; SSAP18; SSAP19; SSAP20; SSAP23; SSAP24; SSEV08; SSEV10; SSEV15; Senate Committee on Agriculture, Nutrition, and Forestry; Senate Committee on Appropriations; Senate Committee on Environment and Public Works; Senate Committee on Rules and Administration; Senate Committee on Veterans' Affairs",False,2017-05-30,2017-06-13,,iShares Barclays Agency Bond,Corporate Bond,Sale,"$1,001 - $15,000",8000.5,False,Self,2853a408-a50a-44a1-88a6-62d939858430,https://efdsearch.senate.gov/search/view/paper/2853a408-a50a-44a1-88a6-62d939858430/,0cc986b61ff5d642b0ad6bfc67791ebab98b14b9257a6376356f99fd916d580c,senate-efd-ocr,explicit,0
B001236,JOHN BOOZMAN,senate,Republican,AR,"Commission on Security and Cooperation in Europe; SSAF13; SSAF14; SSAF15; SSAF16; SSAF17; SSAP02; SSAP18; SSAP19; SSAP20; SSAP23; SSAP24; SSEV08; SSEV10; SSEV15; Senate Committee on Agriculture, Nutrition, and Forestry; Senate Committee on Appropriations; Senate Committee on Environment and Public Works; Senate Committee on Rules and Administration; Senate Committee on Veterans' Affairs",False,2017-05-17,2017-06-13,,iShares Barclays Mbs Bond Fd,Corporate Bond,Sale,"$1,001 - $15,000",8000.5,False,Self,2853a408-a50a-44a1-88a6-62d939858430,https://efdsearch.senate.gov/search/view/paper/2853a408-a50a-44a1-88a6-62d939858430/,95031e2f1e005efc3c7516a5c5bc8f323b85efd3cb152095caf8ef782e07be1a,senate-efd-ocr,explicit,0
B001236,JOHN BOOZMAN,senate,Republican,AR,"Commission on Security and Cooperation in Europe; SSAF13; SSAF14; SSAF15; SSAF16; SSAF17; SSAP02; SSAP18; SSAP19; SSAP20; SSAP23; SSAP24; SSEV08; SSEV10; SSEV15; Senate Committee on Agriculture, Nutrition, and Forestry; Senate Committee on Appropriations; Senate Committee on Environment and Public Works; Senate Committee on Rules and Administration; Senate Committee on Veterans' Affairs",False,2017-05-30,2017-06-13,,iShares Barclays 20 Plus Year Treasury Bond Fund,Municipal Security,Sale,"$1,001 - $15,000",8000.5,False,Self,2853a408-a50a-44a1-88a6-62d939858430,https://efdsearch.senate.gov/search/view/paper/2853a408-a50a-44a1-88a6-62d939858430/,efd0b36ff6ecd2e4120af0cc892e36ce3399851e89d389067edd100e0ccaa050,senate-efd-ocr,explicit,0
B001236,JOHN BOOZMAN,senate,Republican,AR,"Commission on Security and Cooperation in Europe; SSAF13; SSAF14; SSAF15; SSAF16; SSAF17; SSAP02; SSAP18; SSAP19; SSAP20; SSAP23; SSAP24; SSEV08; SSEV10; SSEV15; Senate Committee on Agriculture, Nutrition, and Forestry; Senate Committee on Appropriations; Senate Committee on Environment and Public Works; Senate Committee on Rules and Administration; Senate Committee on Veterans' Affairs",False,2017-05-30,2017-06-13,,iShares Tr Barclys 10-20 Yr,,Sale,"$1,001 - $15,000",8000.5,False,Self,2853a408-a50a-44a1-88a6-62d939858430,https://efdsearch.senate.gov/search/view/paper/2853a408-a50a-44a1-88a6-62d939858430/,92d0131b17f100c529531e28e9905bc19a382b36e7f2336777b0ef35d3b71a1d,senate-efd-ocr,explicit,0
B001236,JOHN BOOZMAN,senate,Republican,AR,"Commission on Security and Cooperation in Europe; SSAF13; SSAF14; SSAF15; SSAF16; SSAF17; SSAP02; SSAP18; SSAP19; SSAP20; SSAP23; SSAP24; SSEV08; SSEV10; SSEV15; Senate Committee on Agriculture, Nutrition, and Forestry; Senate Committee on Appropriations; Senate Committee on Environment and Public Works; Senate Committee on Rules and Administration; Senate Committee on Veterans' Affairs",False,2017-05-30,2017-06-13,,Vanguard Scottsdale Fds Sht Trm Corp,Stock,Purchase,"$1,001 - $15,000",8000.5,False,Self,2853a408-a50a-44a1-88a6-62d939858430,https://efdsearch.senate.gov/search/view/paper/2853a408-a50a-44a1-88a6-62d939858430/,12d3bbf902a973a95a23c969805576d3527436791e888a50272cf098442f38b8,senate-efd-ocr,explicit,0
B001236,JOHN BOOZMAN,senate,Republican,AR,"Commission on Security and Cooperation in Europe; SSAF13; SSAF14; SSAF15; SSAF16; SSAF17; SSAP02; SSAP18; SSAP19; SSAP20; SSAP23; SSAP24; SSEV08; SSEV10; SSEV15; Senate Committee on Agriculture, Nutrition, and Forestry; Senate Committee on Appropriations; Senate Committee on Environment and Public Works; Senate Committee on Rules and Administration; Senate Committee on Veterans' Affairs",False,2017-05-30,2017-06-13,,iShares Barclays Tips ETF,,Purchase,"$1,001 - $15,000",8000.5,False,Self,2853a408-a50a-44a1-88a6-62d939858430,https://efdsearch.senate.gov/search/view/paper/2853a408-a50a-44a1-88a6-62d939858430/,3f383e34fab4a3f68a15f34c08361a41c7db9c027306daef5712978b2008c706,senate-efd-ocr,explicit,0
B001236,JOHN BOOZMAN,senate,Republican,AR,"Commission on Security and Cooperation in Europe; SSAF13; SSAF14; SSAF15; SSAF16; SSAF17; SSAP02; SSAP18; SSAP19; SSAP20; SSAP23; SSAP24; SSEV08; SSEV10; SSEV15; Senate Committee on Agriculture, Nutrition, and Forestry; Senate Committee on Appropriations; Senate Committee on Environment and Public Works; Senate Committee on Rules and Administration; Senate Committee on Veterans' Affairs",False,2017-05-30,2017-06-13,,iShares Tr Index Barclays 1-3 Yr,,Purchase,"$1,001 - $15,000",8000.5,False,Self,2853a408-a50a-44a1-88a6-62d939858430,https://efdsearch.senate.gov/search/view/paper/2853a408-a50a-44a1-88a6-62d939858430/,a6027c640b58e3a7e99b8f7e337175c9b8435409bd3b0af8965ce305b9eb9e2a,senate-efd-ocr,explicit,0
B001236,JOHN BOOZMAN,senate,Republican,AR,"Commission on Security and Cooperation in Europe; SSAF13; SSAF14; SSAF15; SSAF16; SSAF17; SSAP02; SSAP18; SSAP19; SSAP20; SSAP23; SSAP24; SSEV08; SSEV10; SSEV15; Senate Committee on Agriculture, Nutrition, and Forestry; Senate Committee on Appropriations; Senate Committee on Environment and Public Works; Senate Committee on Rules and Administration; Senate Committee on Veterans' Affairs",False,2017-04-11,2017-05-12,,Dxc Technology Co,Stock,Sale,"$1,001 - $15,000",8000.5,False,Self,1b8ecec1-6173-4931-aca2-a551163fefad,https://efdsearch.senate.gov/search/view/paper/1b8ecec1-6173-4931-aca2-a551163fefad/,f96e0480b861d07f42d0dc4cf79f646a9e748c120b672c9f7e423b6bea5d0ea4,senate-efd-ocr,explicit,0
B001236,JOHN BOOZMAN,senate,Republican,AR,"Commission on Security and Cooperation in Europe; SSAF13; SSAF14; SSAF15; SSAF16; SSAF17; SSAP02; SSAP18; SSAP19; SSAP20; SSAP23; SSAP24; SSEV08; SSEV10; SSEV15; Senate Committee on Agriculture, Nutrition, and Forestry; Senate Committee on Appropriations; Senate Committee on Environment and Public Works; Senate Committee on Rules and Administration; Senate Committee on Veterans' Affairs",False,2017-04-10,2017-05-12,,iShares Barclays Mbs Bond Fd,Corporate Bond,Sale,"$1,001 - $15,000",8000.5,False,Self,1b8ecec1-6173-4931-aca2-a551163fefad,https://efdsearch.senate.gov/search/view/paper/1b8ecec1-6173-4931-aca2-a551163fefad/,a8e3a4faf03a0a7f87f79a3c3c68c58142f8c440a51509091c6826504b17ee52,senate-efd-ocr,explicit,0
B001236,JOHN BOOZMAN,senate,Republican,AR,"Commission on Security and Cooperation in Europe; SSAF13; SSAF14; SSAF15; SSAF16; SSAF17; SSAP02; SSAP18; SSAP19; SSAP20; SSAP23; SSAP24; SSEV08; SSEV10; SSEV15; Senate Committee on Agriculture, Nutrition, and Forestry; Senate Committee on Appropriations; Senate Committee on Environment and Public Works; Senate Committee on Rules and Administration; Senate Committee on Veterans' Affairs",False,2017-04-19,2017-05-12,,iShares Barclays Mbs Bond Fd,Corporate Bond,Sale,"$1,001 - $15,000",8000.5,False,Self,1b8ecec1-6173-4931-aca2-a551163fefad,https://efdsearch.senate.gov/search/view/paper/1b8ecec1-6173-4931-aca2-a551163fefad/,33192a1692b298102db3fcaeb62a6ea07f5f4ec10345b807dbe6bf511214b12d,senate-efd-ocr,explicit,0
B001236,JOHN BOOZMAN,senate,Republican,AR,"Commission on Security and Cooperation in Europe; SSAF13; SSAF14; SSAF15; SSAF16; SSAF17; SSAP02; SSAP18; SSAP19; SSAP20; SSAP23; SSAP24; SSEV08; SSEV10; SSEV15; Senate Committee on Agriculture, Nutrition, and Forestry; Senate Committee on Appropriations; Senate Committee on Environment and Public Works; Senate Committee on Rules and Administration; Senate Committee on Veterans' Affairs",False,2017-04-10,2017-05-12,,iShares Barclays 20 Plus Year Treasury Bond Fund,Municipal Security,Sale,"$1,001 - $15,000",8000.5,False,Self,1b8ecec1-6173-4931-aca2-a551163fefad,https://efdsearch.senate.gov/search/view/paper/1b8ecec1-6173-4931-aca2-a551163fefad/,b08a1f6a45e36f3f1dffb5733d5e0b14109b4dec1b6550c6ad8360bc88818ad7,senate-efd-ocr,explicit,0
B001236,JOHN BOOZMAN,senate,Republican,AR,"Commission on Security and Cooperation in Europe; SSAF13; SSAF14; SSAF15; SSAF16; SSAF17; SSAP02; SSAP18; SSAP19; SSAP20; SSAP23; SSAP24; SSEV08; SSEV10; SSEV15; Senate Committee on Agriculture, Nutrition, and Forestry; Senate Committee on Appropriations; Senate Committee on Environment and Public Works; Senate Committee on Rules and Administration; Senate Committee on Veterans' Affairs",False,2017-04-19,2017-05-12,,iShares Barclays 20 Plus Year Treasury Bond Fund,Municipal Security,Sale,"$1,001 - $15,000",8000.5,False,Self,1b8ecec1-6173-4931-aca2-a551163fefad,https://efdsearch.senate.gov/search/view/paper/1b8ecec1-6173-4931-aca2-a551163fefad/,f1100e568549bb15ef08ce674e2b43ea36ed6faac3f098e7f9943be5f1b40e0a,senate-efd-ocr,explicit,0
B001236,JOHN BOOZMAN,senate,Republican,AR,"Commission on Security and Cooperation in Europe; SSAF13; SSAF14; SSAF15; SSAF16; SSAF17; SSAP02; SSAP18; SSAP19; SSAP20; SSAP23; SSAP24; SSEV08; SSEV10; SSEV15; Senate Committee on Agriculture, Nutrition, and Forestry; Senate Committee on Appropriations; Senate Committee on Environment and Public Works; Senate Committee on Rules and Administration; Senate Committee on Veterans' Affairs",False,2017-04-10,2017-05-12,,iShares Tr Barclys 10-20 Yr,,Sale,"$1,001 - $15,000",8000.5,False,Self,1b8ecec1-6173-4931-aca2-a551163fefad,https://efdsearch.senate.gov/search/view/paper/1b8ecec1-6173-4931-aca2-a551163fefad/,58186c6f0da92c7153f9b958c0b7c483fdda89dd9865476de1eb7710eff3f06a,senate-efd-ocr,explicit,0
B001236,JOHN BOOZMAN,senate,Republican,AR,"Commission on Security and Cooperation in Europe; SSAF13; SSAF14; SSAF15; SSAF16; SSAF17; SSAP02; SSAP18; SSAP19; SSAP20; SSAP23; SSAP24; SSEV08; SSEV10; SSEV15; Senate Committee on Agriculture, Nutrition, and Forestry; Senate Committee on Appropriations; Senate Committee on Environment and Public Works; Senate Committee on Rules and Administration; Senate Committee on Veterans' Affairs",False,2017-04-19,2017-05-12,,iShares Tr Barclys 10-20 Yr,,Sale,"$1,001 - $15,000",8000.5,False,Self,1b8ecec1-6173-4931-aca2-a551163fefad,https://efdsearch.senate.gov/search/view/paper/1b8ecec1-6173-4931-aca2-a551163fefad/,f588fab96bbc37ebec6fa1a74736e7bcd86f05aa6cef12590247cd32d4c36278,senate-efd-ocr,explicit,0
B001236,JOHN BOOZMAN,senate,Republican,AR,"Commission on Security and Cooperation in Europe; SSAF13; SSAF14; SSAF15; SSAF16; SSAF17; SSAP02; SSAP18; SSAP19; SSAP20; SSAP23; SSAP24; SSEV08; SSEV10; SSEV15; Senate Committee on Agriculture, Nutrition, and Forestry; Senate Committee on Appropriations; Senate Committee on Environment and Public Works; Senate Committee on Rules and Administration; Senate Committee on Veterans' Affairs",False,2017-04-10,2017-05-12,,iShares Tr Gs Corp Bd Fd,Stock,Sale,"$1,001 - $15,000",8000.5,False,Self,1b8ecec1-6173-4931-aca2-a551163fefad,https://efdsearch.senate.gov/search/view/paper/1b8ecec1-6173-4931-aca2-a551163fefad/,c7d2db3ab3eb23bb7107470763c3c1548795e69fad912be6223b3bef2d1f1686,senate-efd-ocr,explicit,0
B001236,JOHN BOOZMAN,senate,Republican,AR,"Commission on Security and Cooperation in Europe; SSAF13; SSAF14; SSAF15; SSAF16; SSAF17; SSAP02; SSAP18; SSAP19; SSAP20; SSAP23; SSAP24; SSEV08; SSEV10; SSEV15; Senate Committee on Agriculture, Nutrition, and Forestry; Senate Committee on Appropriations; Senate Committee on Environment and Public Works; Senate Committee on Rules and Administration; Senate Committee on Veterans' Affairs",False,2017-04-19,2017-05-12,,iShares Tr Index Barclys 7-10 Yr,,Sale,"$1,001 - $15,000",8000.5,False,Self,1b8ecec1-6173-4931-aca2-a551163fefad,https://efdsearch.senate.gov/search/view/paper/1b8ecec1-6173-4931-aca2-a551163fefad/,3a1fc9ee208a8f2d8f5eb54a5eb8de13aaf2504e0aaed656f363965ef5dedf17,senate-efd-ocr,explicit,0
B001236,JOHN BOOZMAN,senate,Republican,AR,"Commission on Security and Cooperation in Europe; SSAF13; SSAF14; SSAF15; SSAF16; SSAF17; SSAP02; SSAP18; SSAP19; SSAP20; SSAP23; SSAP24; SSEV08; SSEV10; SSEV15; Senate Committee on Agriculture, Nutrition, and Forestry; Senate Committee on Appropriations; Senate Committee on Environment and Public Works; Senate Committee on Rules and Administration; Senate Committee on Veterans' Affairs",False,2017-04-12,2017-05-12,,United Technologies,,Sale,"$1,001 - $15,000",8000.5,False,Self,1b8ecec1-6173-4931-aca2-a551163fefad,https://efdsearch.senate.gov/search/view/paper/1b8ecec1-6173-4931-aca2-a551163fefad/,d2c5c322b16821fb0198b78804f984d41971bc313f6bb2e44571897929f7f37f,senate-efd-ocr,explicit,0
B001236,JOHN BOOZMAN,senate,Republican,AR,"Commission on Security and Cooperation in Europe; SSAF13; SSAF14; SSAF15; SSAF16; SSAF17; SSAP02; SSAP18; SSAP19; SSAP20; SSAP23; SSAP24; SSEV08; SSEV10; SSEV15; Senate Committee on Agriculture, Nutrition, and Forestry; Senate Committee on Appropriations; Senate Committee on Environment and Public Works; Senate Committee on Rules and Administration; Senate Committee on Veterans' Affairs",False,2017-04-10,2017-05-12,,Vanguard Scottsdale Fds Sht Trm Corp 4/10/10,Stock,Sale,"$1,001 - $15,000",8000.5,False,Self,1b8ecec1-6173-4931-aca2-a551163fefad,https://efdsearch.senate.gov/search/view/paper/1b8ecec1-6173-4931-aca2-a551163fefad/,b9d76ed67138b60d3c4c05b57dda782de5737d20cbd606b6c6762700864b3f50,senate-efd-ocr,explicit,0
B001236,JOHN BOOZMAN,senate,Republican,AR,"Commission on Security and Cooperation in Europe; SSAF13; SSAF14; SSAF15; SSAF16; SSAF17; SSAP02; SSAP18; SSAP19; SSAP20; SSAP23; SSAP24; SSEV08; SSEV10; SSEV15; Senate Committee on Agriculture, Nutrition, and Forestry; Senate Committee on Appropriations; Senate Committee on Environment and Public Works; Senate Committee on Rules and Administration; Senate Committee on Veterans' Affairs",False,2017-04-11,2017-05-12,,Hewlett Packard Enterprise Co Com,Stock,Purchase,"$1,001 - $15,000",8000.5,False,Self,1b8ecec1-6173-4931-aca2-a551163fefad,https://efdsearch.senate.gov/search/view/paper/1b8ecec1-6173-4931-aca2-a551163fefad/,fa1f1250f1f22f65ae52a8185a1b00318a89852805d8cb4170ac007abdb13cf2,senate-efd-ocr,explicit,0
B001236,JOHN BOOZMAN,senate,Republican,AR,"Commission on Security and Cooperation in Europe; SSAF13; SSAF14; SSAF15; SSAF16; SSAF17; SSAP02; SSAP18; SSAP19; SSAP20; SSAP23; SSAP24; SSEV08; SSEV10; SSEV15; Senate Committee on Agriculture, Nutrition, and Forestry; Senate Committee on Appropriations; Senate Committee on Environment and Public Works; Senate Committee on Rules and Administration; Senate Committee on Veterans' Affairs",False,2017-04-10,2017-05-12,,iShares Barclays Tips ETF,,Purchase,"$1,001 - $15,000",8000.5,False,Self,1b8ecec1-6173-4931-aca2-a551163fefad,https://efdsearch.senate.gov/search/view/paper/1b8ecec1-6173-4931-aca2-a551163fefad/,e97a993ae233854992f4ca5d1180640e7b51c63e27c47e7f032e4ba63fd02037,senate-efd-ocr,explicit,0
B001236,JOHN BOOZMAN,senate,Republican,AR,"Commission on Security and Cooperation in Europe; SSAF13; SSAF14; SSAF15; SSAF16; SSAF17; SSAP02; SSAP18; SSAP19; SSAP20; SSAP23; SSAP24; SSEV08; SSEV10; SSEV15; Senate Committee on Agriculture, Nutrition, and Forestry; Senate Committee on Appropriations; Senate Committee on Environment and Public Works; Senate Committee on Rules and Administration; Senate Committee on Veterans' Affairs",False,2017-04-10,2017-05-12,,iShares Barclays 3-7 Yr Tsy Bd Fd,,Purchase,"$1,001 - $15,000",8000.5,False,Self,1b8ecec1-6173-4931-aca2-a551163fefad,https://efdsearch.senate.gov/search/view/paper/1b8ecec1-6173-4931-aca2-a551163fefad/,7b3d26684d45a3a50ede5d6fda1c094f9af1c3ecc4533928136fb766234ea059,senate-efd-ocr,explicit,0
B001236,JOHN BOOZMAN,senate,Republican,AR,"Commission on Security and Cooperation in Europe; SSAF13; SSAF14; SSAF15; SSAF16; SSAF17; SSAP02; SSAP18; SSAP19; SSAP20; SSAP23; SSAP24; SSEV08; SSEV10; SSEV15; Senate Committee on Agriculture, Nutrition, and Forestry; Senate Committee on Appropriations; Senate Committee on Environment and Public Works; Senate Committee on Rules and Administration; Senate Committee on Veterans' Affairs",False,2017-04-10,2017-05-12,,iShares Tr Index Barclays 1-3 Yr,,Purchase,"$1,001 - $15,000",8000.5,False,Self,1b8ecec1-6173-4931-aca2-a551163fefad,https://efdsearch.senate.gov/search/view/paper/1b8ecec1-6173-4931-aca2-a551163fefad/,2f08b3dc0815dc75e0dfbf58f29a3ea181285cbbe684a8f54c8452e744993ab9,senate-efd-ocr,explicit,0
B001236,JOHN BOOZMAN,senate,Republican,AR,"Commission on Security and Cooperation in Europe; SSAF13; SSAF14; SSAF15; SSAF16; SSAF17; SSAP02; SSAP18; SSAP19; SSAP20; SSAP23; SSAP24; SSEV08; SSEV10; SSEV15; Senate Committee on Agriculture, Nutrition, and Forestry; Senate Committee on Appropriations; Senate Committee on Environment and Public Works; Senate Committee on Rules and Administration; Senate Committee on Veterans' Affairs",False,2017-04-19,2017-05-12,,iShares Tr Index Barclays 1-3 Yr,,Purchase,"$1,001 - $15,000",8000.5,False,Self,1b8ecec1-6173-4931-aca2-a551163fefad,https://efdsearch.senate.gov/search/view/paper/1b8ecec1-6173-4931-aca2-a551163fefad/,17021195373eec52b39dd7878cbeefcb45cd61dd88d0d98ba91ebdb6037fff9e,senate-efd-ocr,explicit,0
B001236,JOHN BOOZMAN,senate,Republican,AR,"Commission on Security and Cooperation in Europe; SSAF13; SSAF14; SSAF15; SSAF16; SSAF17; SSAP02; SSAP18; SSAP19; SSAP20; SSAP23; SSAP24; SSEV08; SSEV10; SSEV15; Senate Committee on Agriculture, Nutrition, and Forestry; Senate Committee on Appropriations; Senate Committee on Environment and Public Works; Senate Committee on Rules and Administration; Senate Committee on Veterans' Affairs",False,2017-04-12,2017-05-12,,Micron Technology Inc,Stock,Purchase,"$1,001 - $15,000",8000.5,False,Self,1b8ecec1-6173-4931-aca2-a551163fefad,https://efdsearch.senate.gov/search/view/paper/1b8ecec1-6173-4931-aca2-a551163fefad/,477a4901b21091c320f0a93411f92bfc1a9a495fe4b44545d2986ae5babef5e6,senate-efd-ocr,explicit,0
B001135,RICHARD M BURR,senate,Republican,NC,,False,2017-02-27,2017-05-10,,"Cloud Peak Energy, Inc. (stock) NYSE",Stock,Purchase,"$15,001 - $50,000",32500.5,False,Self,5e61d29a-0e35-470b-8b05-1ae9a7a429c6,https://efdsearch.senate.gov/search/view/paper/5e61d29a-0e35-470b-8b05-1ae9a7a429c6/,d09b938ebcf1ddc5da54d953ba2f382d6b28fd256f98ad92765f7cedcae6e498,senate-efd-ocr,explicit,0
B001135,RICHARD M BURR,senate,Republican,NC,,False,2017-02-01,2017-05-10,,"Cloud Peak Energy, Inc. (stock) NYSE",Stock,Sale,"$500,001 - $1,000,000",750000.5,False,Self,5e61d29a-0e35-470b-8b05-1ae9a7a429c6,https://efdsearch.senate.gov/search/view/paper/5e61d29a-0e35-470b-8b05-1ae9a7a429c6/,0beeac0810bdc14fa9e2fe7b25fc606b8eaa7b3c7f20e44a66a58084755d3af1,senate-efd-ocr,explicit,0
B001135,RICHARD M BURR,senate,Republican,NC,,False,2017-05-01,2017-05-10,,"Cloud Peak Energy, Inc. (stock) NYSE",Stock,Sale,"$1,001 - $15,000",8000.5,False,Self,5e61d29a-0e35-470b-8b05-1ae9a7a429c6,https://efdsearch.senate.gov/search/view/paper/5e61d29a-0e35-470b-8b05-1ae9a7a429c6/,99b3a5cbbf9318b52ca866acbf1760801b3b7ab62c4dd34f561d48d5a4cfafc1,senate-efd-ocr,explicit,0
B001135,RICHARD M BURR,senate,Republican,NC,,False,2017-05-04,2017-05-10,,"Zimmer Biomet Holdings, Inc. (stock) NYSE",Other,Purchase,"$15,001 - $50,000",32500.5,False,Self,5e61d29a-0e35-470b-8b05-1ae9a7a429c6,https://efdsearch.senate.gov/search/view/paper/5e61d29a-0e35-470b-8b05-1ae9a7a429c6/,baa945297b0d883e2cf6f682cbc8a66f3b9b2f71e92c79eb429aa96d7b22054b,senate-efd-ocr,explicit,0
B001135,RICHARD M BURR,senate,Republican,NC,,False,2017-05-01,2017-05-10,,"Zimmer Biomet Holdings, Inc. (stock) NYSE",Other,Sale,"$500,001 - $1,000,000",750000.5,False,Self,5e61d29a-0e35-470b-8b05-1ae9a7a429c6,https://efdsearch.senate.gov/search/view/paper/5e61d29a-0e35-470b-8b05-1ae9a7a429c6/,b7c1a3e2e010ac10fac35faf774b9b84ce643c04f8db2a84bb61b95f93a422d4,senate-efd-ocr,explicit,0
B001135,RICHARD M BURR,senate,Republican,NC,,False,2017-05-04,2017-05-10,,Zimmer Biomet Holdings Inc,Other,Purchase,,,False,Self,5e61d29a-0e35-470b-8b05-1ae9a7a429c6,https://efdsearch.senate.gov/search/view/paper/5e61d29a-0e35-470b-8b05-1ae9a7a429c6/,e0e47788c3aade34d5db0df833f5bd4c0b14ee97adf4bb586ca0e0d284103b84,senate-efd-ocr,explicit,0
B001135,RICHARD M BURR,senate,Republican,NC,,False,2017-05-04,2017-05-10,,Zimmer Biomet Holdings Inc,Other,Purchase,,,False,Spouse,5e61d29a-0e35-470b-8b05-1ae9a7a429c6,https://efdsearch.senate.gov/search/view/paper/5e61d29a-0e35-470b-8b05-1ae9a7a429c6/,e186d6b2f4bf7fe4256d452db2aa821dcdd662108f6492e8188ff31be3e1a215,senate-efd-ocr,explicit,0
B001277,RICHARD BLUMENTHAL,senate,Democrat,CT,SSAS13; SSAS14; SSAS17; SSGA01; SSGA20; SSJU01; SSJU22; SSJU25; SSJU28; Senate Committee on Armed Services; Senate Committee on Homeland Security and Governmental Affairs; Senate Committee on Veterans' Affairs; Senate Committee on the Judiciary; United States Senate Caucus on International Narcotics Control,True,2017-02-27,2017-05-02,,"Peter L Malkin Family 9 LLC: RRE Ventures VII, LP",Other,Sale,"$100,001 - $250,000",175000.5,False,Spouse,2b07ac8b-6341-4450-9a12-ed0ad3fe7b8d,https://efdsearch.senate.gov/search/view/paper/2b07ac8b-6341-4450-9a12-ed0ad3fe7b8d/,a941be86ce7675e5db500056003b0efb174e0d1eb842dd9401a14ad0d556cabc,senate-efd-ocr,explicit,0
B001277,RICHARD BLUMENTHAL,senate,Democrat,CT,SSAS13; SSAS14; SSAS17; SSGA01; SSGA20; SSJU01; SSJU22; SSJU25; SSJU28; Senate Committee on Armed Services; Senate Committee on Homeland Security and Governmental Affairs; Senate Committee on Veterans' Affairs; Senate Committee on the Judiciary; United States Senate Caucus on International Narcotics Control,True,2017-04-05,2017-05-02,,"CMB 2009 GRAT Peter L Malkin Family 9 LLC: RRE Ventures VII, LP",Other,Purchase,"$15,001 - $50,000",32500.5,False,Spouse,2b07ac8b-6341-4450-9a12-ed0ad3fe7b8d,https://efdsearch.senate.gov/search/view/paper/2b07ac8b-6341-4450-9a12-ed0ad3fe7b8d/,6f30fac48187ba1ec0fe75a1e0cecdd1efbed2331b0cd5a976e2f411fb481023,senate-efd-ocr,explicit,0
B001277,RICHARD BLUMENTHAL,senate,Democrat,CT,SSAS13; SSAS14; SSAS17; SSGA01; SSGA20; SSJU01; SSJU22; SSJU25; SSJU28; Senate Committee on Armed Services; Senate Committee on Homeland Security and Governmental Affairs; Senate Committee on Veterans' Affairs; Senate Committee on the Judiciary; United States Senate Caucus on International Narcotics Control,True,2017-04-05,2017-05-02,,"CMB 2009 GRAT Peter L Malkin Family 9 LLC: RRE Ventures VII, LP",Other,Sale,"$500,001 - $1,000,000",750000.5,False,Spouse,2b07ac8b-6341-4450-9a12-ed0ad3fe7b8d,https://efdsearch.senate.gov/search/view/paper/2b07ac8b-6341-4450-9a12-ed0ad3fe7b8d/,8f1ae1c4c2adb9d1aa87d3a7dff02fe74b0a89f744aeb586f4ee58d203fd3eed,senate-efd-ocr,explicit,0
F000062,DIANNE FEINSTEIN,senate,Democrat,CA,,False,2017-02-11,2017-04-24,,"SKite Pharma, Inc. (stock)",Stock,Purchase,"$15,001 - $50,000",32500.5,False,Self,e8d9f3e9-db89-446a-bebc-f45fd99d8908,https://efdsearch.senate.gov/search/view/paper/e8d9f3e9-db89-446a-bebc-f45fd99d8908/,64f00360cf0cb6fc662dd9da0926c2012a22e51710689e9ee67e7a8fa9ccbab7,senate-efd-ocr,explicit,0
F000062,DIANNE FEINSTEIN,senate,Democrat,CA,,False,2017-02-27,2017-04-24,,"SKite Pharma, Inc. (stock)",Stock,Sale,"$500,001 - $1,000,000",750000.5,False,Self,e8d9f3e9-db89-446a-bebc-f45fd99d8908,https://efdsearch.senate.gov/search/view/paper/e8d9f3e9-db89-446a-bebc-f45fd99d8908/,995cb638ef8d20788f83dd5c4cd9225cdd61181f4fa4ae544809415337e31067,senate-efd-ocr,explicit,0
F000062,DIANNE FEINSTEIN,senate,Democrat,CA,,False,2017-03-13,2017-04-24,,"SKite Pharma, Inc. (stock)",Stock,Sale,"$250,001 - $500,000",375000.5,False,Self,e8d9f3e9-db89-446a-bebc-f45fd99d8908,https://efdsearch.senate.gov/search/view/paper/e8d9f3e9-db89-446a-bebc-f45fd99d8908/,70eb3f199eb9ae14b8e324ba761043f5a59854983a05d465717ae98a132200fb,senate-efd-ocr,explicit,0
B001135,RICHARD M BURR,senate,Republican,NC,,False,2017-04-13,2017-04-24,,"Hanesbrands, Inc. (stock) NYSE",Stock,Purchase,"$15,001 - $50,000",32500.5,False,Self,9ffd8283-0989-4c9b-b44d-806a4cf971a2,https://efdsearch.senate.gov/search/view/paper/9ffd8283-0989-4c9b-b44d-806a4cf971a2/,bf606efe6baedfdae00ad7b2f752a1d52cfe32ba0907cd6a2b528674b05c6f40,senate-efd-ocr,explicit,0
B001135,RICHARD M BURR,senate,Republican,NC,,False,2017-04-13,2017-04-24,,"Hanesbrands, Inc. (stock) NYSE",Stock,Sale,"$15,001 - $50,000",32500.5,False,Self,9ffd8283-0989-4c9b-b44d-806a4cf971a2,https://efdsearch.senate.gov/search/view/paper/9ffd8283-0989-4c9b-b44d-806a4cf971a2/,16d97e0df4bbf2c186c36f90283aa9f037ed961634387417daa8069a5d1ebb50,senate-efd-ocr,explicit,0
B001236,JOHN BOOZMAN,senate,Republican,AR,"Commission on Security and Cooperation in Europe; SSAF13; SSAF14; SSAF15; SSAF16; SSAF17; SSAP02; SSAP18; SSAP19; SSAP20; SSAP23; SSAP24; SSEV08; SSEV10; SSEV15; Senate Committee on Agriculture, Nutrition, and Forestry; Senate Committee on Appropriations; Senate Committee on Environment and Public Works; Senate Committee on Rules and Administration; Senate Committee on Veterans' Affairs",False,2017-03-23,2017-04-12,,iShares Barclays 20 Plus Year Treasury Bond Fund,Municipal Security,Sale,"$1,001 - $15,000",8000.5,False,Self,0c18739c-bfa5-409c-8dc0-181051acccc9,https://efdsearch.senate.gov/search/view/paper/0c18739c-bfa5-409c-8dc0-181051acccc9/,4a21eeeb1f6f5bd8c6c279349b7a9035fe4d7fe0d4e8391a812102cf88fc1f70,senate-efd-ocr,explicit,0
B001236,JOHN BOOZMAN,senate,Republican,AR,"Commission on Security and Cooperation in Europe; SSAF13; SSAF14; SSAF15; SSAF16; SSAF17; SSAP02; SSAP18; SSAP19; SSAP20; SSAP23; SSAP24; SSEV08; SSEV10; SSEV15; Senate Committee on Agriculture, Nutrition, and Forestry; Senate Committee on Appropriations; Senate Committee on Environment and Public Works; Senate Committee on Rules and Administration; Senate Committee on Veterans' Affairs",False,2017-03-23,2017-04-12,,iShares Tr Barclys 10-20 Yr,,Sale,"$1,001 - $15,000",8000.5,False,Self,0c18739c-bfa5-409c-8dc0-181051acccc9,https://efdsearch.senate.gov/search/view/paper/0c18739c-bfa5-409c-8dc0-181051acccc9/,c9452bc3c07e4153e43cbe701ea43040d0001c50abffaecaafabbb0db9068c04,senate-efd-ocr,explicit,0
B001236,JOHN BOOZMAN,senate,Republican,AR,"Commission on Security and Cooperation in Europe; SSAF13; SSAF14; SSAF15; SSAF16; SSAF17; SSAP02; SSAP18; SSAP19; SSAP20; SSAP23; SSAP24; SSEV08; SSEV10; SSEV15; Senate Committee on Agriculture, Nutrition, and Forestry; Senate Committee on Appropriations; Senate Committee on Environment and Public Works; Senate Committee on Rules and Administration; Senate Committee on Veterans' Affairs",False,2017-03-07,2017-04-12,,Target Corp Com,Stock,Sale,"$1,001 - $15,000",8000.5,False,Self,0c18739c-bfa5-409c-8dc0-181051acccc9,https://efdsearch.senate.gov/search/view/paper/0c18739c-bfa5-409c-8dc0-181051acccc9/,8667aa44d0636168c92cb5132112f9d2b3d7d383da40ad3f7d0f064d1c7cf694,senate-efd-ocr,explicit,0
B001236,JOHN BOOZMAN,senate,Republican,AR,"Commission on Security and Cooperation in Europe; SSAF13; SSAF14; SSAF15; SSAF16; SSAF17; SSAP02; SSAP18; SSAP19; SSAP20; SSAP23; SSAP24; SSEV08; SSEV10; SSEV15; Senate Committee on Agriculture, Nutrition, and Forestry; Senate Committee on Appropriations; Senate Committee on Environment and Public Works; Senate Committee on Rules and Administration; Senate Committee on Veterans' Affairs",False,2017-03-07,2017-04-12,,Bed Bath & Beyond Inc,Stock,Purchase,"$1,001 - $15,000",8000.5,False,Self,0c18739c-bfa5-409c-8dc0-181051acccc9,https://efdsearch.senate.gov/search/view/paper/0c18739c-bfa5-409c-8dc0-181051acccc9/,597bc05818006991e745172095118af00fd546cd51b9e0366f324719480bfb12,senate-efd-ocr,explicit,0
B001236,JOHN BOOZMAN,senate,Republican,AR,"Commission on Security and Cooperation in Europe; SSAF13; SSAF14; SSAF15; SSAF16; SSAF17; SSAP02; SSAP18; SSAP19; SSAP20; SSAP23; SSAP24; SSEV08; SSEV10; SSEV15; Senate Committee on Agriculture, Nutrition, and Forestry; Senate Committee on Appropriations; Senate Committee on Environment and Public Works; Senate Committee on Rules and Administration; Senate Committee on Veterans' Affairs",False,2017-03-23,2017-04-12,,iShares Tr Index Barclays 1-3 Yr,,Purchase,"$1,001 - $15,000",8000.5,False,Self,0c18739c-bfa5-409c-8dc0-181051acccc9,https://efdsearch.senate.gov/search/view/paper/0c18739c-bfa5-409c-8dc0-181051acccc9/,94404415d1a378aa52f8d3dccba0ca938aaaac5ef562b03f9c9005b881a0f384,senate-efd-ocr,explicit,0
B001236,JOHN BOOZMAN,senate,Republican,AR,"Commission on Security and Cooperation in Europe; SSAF13; SSAF14; SSAF15; SSAF16; SSAF17; SSAP02; SSAP18; SSAP19; SSAP20; SSAP23; SSAP24; SSEV08; SSEV10; SSEV15; Senate Committee on Agriculture, Nutrition, and Forestry; Senate Committee on Appropriations; Senate Committee on Environment and Public Works; Senate Committee on Rules and Administration; Senate Committee on Veterans' Affairs",False,2017-02-23,2017-03-08,,iShares Barclays Agency Bond,Corporate Bond,Purchase,"$1,001 - $15,000",8000.5,False,Self,16dbaa35-78f8-4354-b6ec-b58b74a91a3b,https://efdsearch.senate.gov/search/view/paper/16dbaa35-78f8-4354-b6ec-b58b74a91a3b/,52ede74bb1cfc31e082f31348df57e96996cb40151de275facd8292974cc7f2f,senate-efd-ocr,explicit,0
B001236,JOHN BOOZMAN,senate,Republican,AR,"Commission on Security and Cooperation in Europe; SSAF13; SSAF14; SSAF15; SSAF16; SSAF17; SSAP02; SSAP18; SSAP19; SSAP20; SSAP23; SSAP24; SSEV08; SSEV10; SSEV15; Senate Committee on Agriculture, Nutrition, and Forestry; Senate Committee on Appropriations; Senate Committee on Environment and Public Works; Senate Committee on Rules and Administration; Senate Committee on Veterans' Affairs",False,2017-02-23,2017-03-08,,iShares Barclays Mbs Bond Fd,Corporate Bond,Purchase,"$1,001 - $15,000",8000.5,False,Self,16dbaa35-78f8-4354-b6ec-b58b74a91a3b,https://efdsearch.senate.gov/search/view/paper/16dbaa35-78f8-4354-b6ec-b58b74a91a3b/,f3070bfede82abe1f7ffefaf6967ae9f33ec49819e786ca08434ca274a2292c3,senate-efd-ocr,explicit,0
B001236,JOHN BOOZMAN,senate,Republican,AR,"Commission on Security and Cooperation in Europe; SSAF13; SSAF14; SSAF15; SSAF16; SSAF17; SSAP02; SSAP18; SSAP19; SSAP20; SSAP23; SSAP24; SSEV08; SSEV10; SSEV15; Senate Committee on Agriculture, Nutrition, and Forestry; Senate Committee on Appropriations; Senate Committee on Environment and Public Works; Senate Committee on Rules and Administration; Senate Committee on Veterans' Affairs",False,2017-02-23,2017-03-08,,iShares Barclays Tips ETF,,Purchase,"$1,001 - $15,000",8000.5,False,Self,16dbaa35-78f8-4354-b6ec-b58b74a91a3b,https://efdsearch.senate.gov/search/view/paper/16dbaa35-78f8-4354-b6ec-b58b74a91a3b/,dd44212f2d878d0dfd6a80ba95af49d866d9a7769adc1de687ed4744c1b1963c,senate-efd-ocr,explicit,0
B001236,JOHN BOOZMAN,senate,Republican,AR,"Commission on Security and Cooperation in Europe; SSAF13; SSAF14; SSAF15; SSAF16; SSAF17; SSAP02; SSAP18; SSAP19; SSAP20; SSAP23; SSAP24; SSEV08; SSEV10; SSEV15; Senate Committee on Agriculture, Nutrition, and Forestry; Senate Committee on Appropriations; Senate Committee on Environment and Public Works; Senate Committee on Rules and Administration; Senate Committee on Veterans' Affairs",False,2017-02-23,2017-03-08,,iShares Barclays 20 Plus Year Treasury Bond Fund,Municipal Security,Purchase,"$1,001 - $15,000",8000.5,False,Self,16dbaa35-78f8-4354-b6ec-b58b74a91a3b,https://efdsearch.senate.gov/search/view/paper/16dbaa35-78f8-4354-b6ec-b58b74a91a3b/,c42abb0a6588091ec086dbfd1819db322d34bcd117c5b669e95025b1a6c6ffa7,senate-efd-ocr,explicit,0
B001236,JOHN BOOZMAN,senate,Republican,AR,"Commission on Security and Cooperation in Europe; SSAF13; SSAF14; SSAF15; SSAF16; SSAF17; SSAP02; SSAP18; SSAP19; SSAP20; SSAP23; SSAP24; SSEV08; SSEV10; SSEV15; Senate Committee on Agriculture, Nutrition, and Forestry; Senate Committee on Appropriations; Senate Committee on Environment and Public Works; Senate Committee on Rules and Administration; Senate Committee on Veterans' Affairs",False,2017-02-23,2017-03-08,,iShares Cmbs Bond Fund,Corporate Bond,Purchase,"$1,001 - $15,000",8000.5,False,Self,16dbaa35-78f8-4354-b6ec-b58b74a91a3b,https://efdsearch.senate.gov/search/view/paper/16dbaa35-78f8-4354-b6ec-b58b74a91a3b/,9f82dc9fa3483569209e6ec81073dfed9880b90259bd6779bd95670ac459d80f,senate-efd-ocr,explicit,0
B001236,JOHN BOOZMAN,senate,Republican,AR,"Commission on Security and Cooperation in Europe; SSAF13; SSAF14; SSAF15; SSAF16; SSAF17; SSAP02; SSAP18; SSAP19; SSAP20; SSAP23; SSAP24; SSEV08; SSEV10; SSEV15; Senate Committee on Agriculture, Nutrition, and Forestry; Senate Committee on Appropriations; Senate Committee on Environment and Public Works; Senate Committee on Rules and Administration; Senate Committee on Veterans' Affairs",False,2017-02-23,2017-03-08,,iShares Tr Barclys 10-20 Yr,,Purchase,"$1,001 - $15,000",8000.5,False,Self,16dbaa35-78f8-4354-b6ec-b58b74a91a3b,https://efdsearch.senate.gov/search/view/paper/16dbaa35-78f8-4354-b6ec-b58b74a91a3b/,9d0ee3bd0496b53b8206565277a8a4ee8874990914313614c8c80c6bd4d38490,senate-efd-ocr,explicit,0
B001236,JOHN BOOZMAN,senate,Republican,AR,"Commission on Security and Cooperation in Europe; SSAF13; SSAF14; SSAF15; SSAF16; SSAF17; SSAP02; SSAP18; SSAP19; SSAP20; SSAP23; SSAP24; SSEV08; SSEV10; SSEV15; Senate Committee on Agriculture, Nutrition, and Forestry; Senate Committee on Appropriations; Senate Committee on Environment and Public Works; Senate Committee on Rules and Administration; Senate Committee on Veterans' Affairs",False,2017-02-23,2017-03-08,,iShares Tr Gs Corp Bd Fd,Stock,Purchase,"$1,001 - $15,000",8000.5,False,Self,16dbaa35-78f8-4354-b6ec-b58b74a91a3b,https://efdsearch.senate.gov/search/view/paper/16dbaa35-78f8-4354-b6ec-b58b74a91a3b/,f0a9aa8627ecb2f0f570e689de88fbb72925d8a025822e419b9d308db07d87a8,senate-efd-ocr,explicit,0
B001236,JOHN BOOZMAN,senate,Republican,AR,"Commission on Security and Cooperation in Europe; SSAF13; SSAF14; SSAF15; SSAF16; SSAF17; SSAP02; SSAP18; SSAP19; SSAP20; SSAP23; SSAP24; SSEV08; SSEV10; SSEV15; Senate Committee on Agriculture, Nutrition, and Forestry; Senate Committee on Appropriations; Senate Committee on Environment and Public Works; Senate Committee on Rules and Administration; Senate Committee on Veterans' Affairs",False,2017-02-08,2017-03-08,,iShares Tr Index Barclays 1-3 Yr,,Purchase,"$1,001 - $15,000",8000.5,False,Self,16dbaa35-78f8-4354-b6ec-b58b74a91a3b,https://efdsearch.senate.gov/search/view/paper/16dbaa35-78f8-4354-b6ec-b58b74a91a3b/,0d82649c6b3f26ca28e0e4ab23b311061838c9101128376ce14b09cf0e64ed6a,senate-efd-ocr,explicit,0
B001236,JOHN BOOZMAN,senate,Republican,AR,"Commission on Security and Cooperation in Europe; SSAF13; SSAF14; SSAF15; SSAF16; SSAF17; SSAP02; SSAP18; SSAP19; SSAP20; SSAP23; SSAP24; SSEV08; SSEV10; SSEV15; Senate Committee on Agriculture, Nutrition, and Forestry; Senate Committee on Appropriations; Senate Committee on Environment and Public Works; Senate Committee on Rules and Administration; Senate Committee on Veterans' Affairs",False,2017-02-23,2017-03-08,,iShares Tr Index Barclys 7-10 Yr,,Purchase,"$1,001 - $15,000",8000.5,False,Self,16dbaa35-78f8-4354-b6ec-b58b74a91a3b,https://efdsearch.senate.gov/search/view/paper/16dbaa35-78f8-4354-b6ec-b58b74a91a3b/,e043872ca2bd12ce50afbfbf831900fca99ccd0623d56ca42465b5df37d65c1d,senate-efd-ocr,explicit,0
B001236,JOHN BOOZMAN,senate,Republican,AR,"Commission on Security and Cooperation in Europe; SSAF13; SSAF14; SSAF15; SSAF16; SSAF17; SSAP02; SSAP18; SSAP19; SSAP20; SSAP23; SSAP24; SSEV08; SSEV10; SSEV15; Senate Committee on Agriculture, Nutrition, and Forestry; Senate Committee on Appropriations; Senate Committee on Environment and Public Works; Senate Committee on Rules and Administration; Senate Committee on Veterans' Affairs",False,2017-02-23,2017-03-08,,Db Powershs Db Multi Sect Comm Tr,,Purchase,"$1,001 - $15,000",8000.5,False,Self,16dbaa35-78f8-4354-b6ec-b58b74a91a3b,https://efdsearch.senate.gov/search/view/paper/16dbaa35-78f8-4354-b6ec-b58b74a91a3b/,725887447b63f92de9974194e412dcfe14a720cf9ae117265739a0d165ea47e7,senate-efd-ocr,explicit,0
B001236,JOHN BOOZMAN,senate,Republican,AR,"Commission on Security and Cooperation in Europe; SSAF13; SSAF14; SSAF15; SSAF16; SSAF17; SSAP02; SSAP18; SSAP19; SSAP20; SSAP23; SSAP24; SSEV08; SSEV10; SSEV15; Senate Committee on Agriculture, Nutrition, and Forestry; Senate Committee on Appropriations; Senate Committee on Environment and Public Works; Senate Committee on Rules and Administration; Senate Committee on Veterans' Affairs",False,2017-02-23,2017-03-08,,Vanguard Index Fds REIT ETF,,Purchase,"$1,001 - $15,000",8000.5,False,Self,16dbaa35-78f8-4354-b6ec-b58b74a91a3b,https://efdsearch.senate.gov/search/view/paper/16dbaa35-78f8-4354-b6ec-b58b74a91a3b/,0ad9da9bb4c904d583e19aa361a2d2ce70921e7eb5013044e8155c597a5b0dd3,senate-efd-ocr,explicit,0
B001236,JOHN BOOZMAN,senate,Republican,AR,"Commission on Security and Cooperation in Europe; SSAF13; SSAF14; SSAF15; SSAF16; SSAF17; SSAP02; SSAP18; SSAP19; SSAP20; SSAP23; SSAP24; SSEV08; SSEV10; SSEV15; Senate Committee on Agriculture, Nutrition, and Forestry; Senate Committee on Appropriations; Senate Committee on Environment and Public Works; Senate Committee on Rules and Administration; Senate Committee on Veterans' Affairs",False,2017-02-23,2017-03-08,,Vanguard Scottsdale Fds Sht Trm Corp,Stock,Purchase,"$1,001 - $15,000",8000.5,False,Self,16dbaa35-78f8-4354-b6ec-b58b74a91a3b,https://efdsearch.senate.gov/search/view/paper/16dbaa35-78f8-4354-b6ec-b58b74a91a3b/,a4daa1fff8a8df72b25bb910ee2b035dd4c60f4d5c5bf7bdfc5fef1c7d11f9c8,senate-efd-ocr,explicit,0
B001236,JOHN BOOZMAN,senate,Republican,AR,"Commission on Security and Cooperation in Europe; SSAF13; SSAF14; SSAF15; SSAF16; SSAF17; SSAP02; SSAP18; SSAP19; SSAP20; SSAP23; SSAP24; SSEV08; SSEV10; SSEV15; Senate Committee on Agriculture, Nutrition, and Forestry; Senate Committee on Appropriations; Senate Committee on Environment and Public Works; Senate Committee on Rules and Administration; Senate Committee on Veterans' Affairs",False,2017-02-23,2017-03-08,,Apple Computer Inc,Stock,Sale,"$1,001 - $15,000",8000.5,False,Self,16dbaa35-78f8-4354-b6ec-b58b74a91a3b,https://efdsearch.senate.gov/search/view/paper/16dbaa35-78f8-4354-b6ec-b58b74a91a3b/,844ead67936fca8e058ace00235efcf02f5b445d9470a56e780f204fad2f7ece,senate-efd-ocr,explicit,0
B001236,JOHN BOOZMAN,senate,Republican,AR,"Commission on Security and Cooperation in Europe; SSAF13; SSAF14; SSAF15; SSAF16; SSAF17; SSAP02; SSAP18; SSAP19; SSAP20; SSAP23; SSAP24; SSEV08; SSEV10; SSEV15; Senate Committee on Agriculture, Nutrition, and Forestry; Senate Committee on Appropriations; Senate Committee on Environment and Public Works; Senate Committee on Rules and Administration; Senate Committee on Veterans' Affairs",False,2017-02-23,2017-03-08,,Bank Of Amer Corp Com,Stock,Sale,"$1,001 - $15,000",8000.5,False,Self,16dbaa35-78f8-4354-b6ec-b58b74a91a3b,https://efdsearch.senate.gov/search/view/paper/16dbaa35-78f8-4354-b6ec-b58b74a91a3b/,c35060ebd312bbbb54bb6f068c5237bf0adc93ab64e22ff7180f19629c49c700,senate-efd-ocr,explicit,0
B001236,JOHN BOOZMAN,senate,Republican,AR,"Commission on Security and Cooperation in Europe; SSAF13; SSAF14; SSAF15; SSAF16; SSAF17; SSAP02; SSAP18; SSAP19; SSAP20; SSAP23; SSAP24; SSEV08; SSEV10; SSEV15; Senate Committee on Agriculture, Nutrition, and Forestry; Senate Committee on Appropriations; Senate Committee on Environment and Public Works; Senate Committee on Rules and Administration; Senate Committee on Veterans' Affairs",False,2017-02-23,2017-03-08,,Discover Financial Services,,Sale,"$1,001 - $15,000",8000.5,False,Self,16dbaa35-78f8-4354-b6ec-b58b74a91a3b,https://efdsearch.senate.gov/search/view/paper/16dbaa35-78f8-4354-b6ec-b58b74a91a3b/,f080f6d185a754afd20751457a205536ec645d02d2cc3d22ce1a991c386d359d,senate-efd-ocr,explicit,0
B001236,JOHN BOOZMAN,senate,Republican,AR,"Commission on Security and Cooperation in Europe; SSAF13; SSAF14; SSAF15; SSAF16; SSAF17; SSAP02; SSAP18; SSAP19; SSAP20; SSAP23; SSAP24; SSEV08; SSEV10; SSEV15; Senate Committee on Agriculture, Nutrition, and Forestry; Senate Committee on Appropriations; Senate Committee on Environment and Public Works; Senate Committee on Rules and Administration; Senate Committee on Veterans' Affairs",False,2017-02-23,2017-03-08,,Fleery Inc,Stock,Sale,"$1,001 - $15,000",8000.5,False,Self,16dbaa35-78f8-4354-b6ec-b58b74a91a3b,https://efdsearch.senate.gov/search/view/paper/16dbaa35-78f8-4354-b6ec-b58b74a91a3b/,09b855e740b0ee85ea4c2d3d1f760e409c960563473af19a337ec463a5d8361c,senate-efd-ocr,explicit,0
B001236,JOHN BOOZMAN,senate,Republican,AR,"Commission on Security and Cooperation in Europe; SSAF13; SSAF14; SSAF15; SSAF16; SSAF17; SSAP02; SSAP18; SSAP19; SSAP20; SSAP23; SSAP24; SSEV08; SSEV10; SSEV15; Senate Committee on Agriculture, Nutrition, and Forestry; Senate Committee on Appropriations; Senate Committee on Environment and Public Works; Senate Committee on Rules and Administration; Senate Committee on Veterans' Affairs",False,2017-02-09,2017-03-08,,iShares Barclays 20 Plus Year Treasury Bond Fund,Municipal Security,Sale,"$1,001 - $15,000",8000.5,False,Self,16dbaa35-78f8-4354-b6ec-b58b74a91a3b,https://efdsearch.senate.gov/search/view/paper/16dbaa35-78f8-4354-b6ec-b58b74a91a3b/,ff85c91932bae11f497b4a627934158088da305c90eaf4974c9233529fbba16d,senate-efd-ocr,explicit,0
B001236,JOHN BOOZMAN,senate,Republican,AR,"Commission on Security and Cooperation in Europe; SSAF13; SSAF14; SSAF15; SSAF16; SSAF17; SSAP02; SSAP18; SSAP19; SSAP20; SSAP23; SSAP24; SSEV08; SSEV10; SSEV15; Senate Committee on Agriculture, Nutrition, and Forestry; Senate Committee on Appropriations; Senate Committee on Environment and Public Works; Senate Committee on Rules and Administration; Senate Committee on Veterans' Affairs",False,2017-02-09,2017-03-08,,iShares Tr Barclys 10-20 Yr,,Sale,"$1,001 - $15,000",8000.5,False,Self,16dbaa35-78f8-4354-b6ec-b58b74a91a3b,https://efdsearch.senate.gov/search/view/paper/16dbaa35-78f8-4354-b6ec-b58b74a91a3b/,ba712f8d53dc1f969e73730b2aa9eb126a50cd31834207df1bf56e37de8ac70f,senate-efd-ocr,explicit,0
B001236,JOHN BOOZMAN,senate,Republican,AR,"Commission on Security and Cooperation in Europe; SSAF13; SSAF14; SSAF15; SSAF16; SSAF17; SSAP02; SSAP18; SSAP19; SSAP20; SSAP23; SSAP24; SSEV08; SSEV10; SSEV15; Senate Committee on Agriculture, Nutrition, and Forestry; Senate Committee on Appropriations; Senate Committee on Environment and Public Works; Senate Committee on Rules and Administration; Senate Committee on Veterans' Affairs",False,2017-02-23,2017-03-08,,iShares Tr Index Barclays 1-3 Yr,,Sale,"$1,001 - $15,000",8000.5,False,Self,16dbaa35-78f8-4354-b6ec-b58b74a91a3b,https://efdsearch.senate.gov/search/view/paper/16dbaa35-78f8-4354-b6ec-b58b74a91a3b/,6d41673c9c5fc316574db294227fc5428f7e447c56bf611f369bba2ea2884a5a,senate-efd-ocr,explicit,0
B001236,JOHN BOOZMAN,senate,Republican,AR,"Commission on Security and Cooperation in Europe; SSAF13; SSAF14; SSAF15; SSAF16; SSAF17; SSAP02; SSAP18; SSAP19; SSAP20; SSAP23; SSAP24; SSEV08; SSEV10; SSEV15; Senate Committee on Agriculture, Nutrition, and Forestry; Senate Committee on Appropriations; Senate Committee on Environment and Public Works; Senate Committee on Rules and Administration; Senate Committee on Veterans' Affairs",False,2017-02-09,2017-03-08,,iShares Tr Index Barclys 7-10 Yr,,Sale,"$1,001 - $15,000",8000.5,False,Self,16dbaa35-78f8-4354-b6ec-b58b74a91a3b,https://efdsearch.senate.gov/search/view/paper/16dbaa35-78f8-4354-b6ec-b58b74a91a3b/,aaffc13a41e3713b272cadaff2fd47d86e6cd2a181060b96507cd82b3f47a7b1,senate-efd-ocr,explicit,0
B001236,JOHN BOOZMAN,senate,Republican,AR,"Commission on Security and Cooperation in Europe; SSAF13; SSAF14; SSAF15; SSAF16; SSAF17; SSAP02; SSAP18; SSAP19; SSAP20; SSAP23; SSAP24; SSEV08; SSEV10; SSEV15; Senate Committee on Agriculture, Nutrition, and Forestry; Senate Committee on Appropriations; Senate Committee on Environment and Public Works; Senate Committee on Rules and Administration; Senate Committee on Veterans' Affairs",False,2017-02-23,2017-03-08,,iShares Tr MSCI EAFE Index Fd MFC,,Sale,"$1,001 - $15,000",8000.5,False,Self,16dbaa35-78f8-4354-b6ec-b58b74a91a3b,https://efdsearch.senate.gov/search/view/paper/16dbaa35-78f8-4354-b6ec-b58b74a91a3b/,cf1dc0c8649bc9f7b8ac7859ab7f51234f28686ad96252d0a49a16458890f12b,senate-efd-ocr,explicit,0
B001236,JOHN BOOZMAN,senate,Republican,AR,"Commission on Security and Cooperation in Europe; SSAF13; SSAF14; SSAF15; SSAF16; SSAF17; SSAP02; SSAP18; SSAP19; SSAP20; SSAP23; SSAP24; SSEV08; SSEV10; SSEV15; Senate Committee on Agriculture, Nutrition, and Forestry; Senate Committee on Appropriations; Senate Committee on Environment and Public Works; Senate Committee on Rules and Administration; Senate Committee on Veterans' Affairs",False,2017-02-23,2017-03-08,,iShares Tr MSCI Emerg Mkt MFC,,Sale,"$1,001 - $15,000",8000.5,False,Self,16dbaa35-78f8-4354-b6ec-b58b74a91a3b,https://efdsearch.senate.gov/search/view/paper/16dbaa35-78f8-4354-b6ec-b58b74a91a3b/,2d9b3cdcdea32b1765d070d6db6534474f1803134f23f12c0d64927df99f92da,senate-efd-ocr,explicit,0
B001236,JOHN BOOZMAN,senate,Republican,AR,"Commission on Security and Cooperation in Europe; SSAF13; SSAF14; SSAF15; SSAF16; SSAF17; SSAP02; SSAP18; SSAP19; SSAP20; SSAP23; SSAP24; SSEV08; SSEV10; SSEV15; Senate Committee on Agriculture, Nutrition, and Forestry; Senate Committee on Appropriations; Senate Committee on Environment and Public Works; Senate Committee on Rules and Administration; Senate Committee on Veterans' Affairs",False,2017-02-23,2017-03-08,,iShares Tr Rsell 2000 Indx MFC,,Sale,"$15,001 - $50,000",32500.5,False,Self,16dbaa35-78f8-4354-b6ec-b58b74a91a3b,https://efdsearch.senate.gov/search/view/paper/16dbaa35-78f8-4354-b6ec-b58b74a91a3b/,3c577a9e70e351829ce16fb89c8ef060358da871e9b17c74f30d3532df6bc7aa,senate-efd-ocr,explicit,0
B001236,JOHN BOOZMAN,senate,Republican,AR,"Commission on Security and Cooperation in Europe; SSAF13; SSAF14; SSAF15; SSAF16; SSAF17; SSAP02; SSAP18; SSAP19; SSAP20; SSAP23; SSAP24; SSEV08; SSEV10; SSEV15; Senate Committee on Agriculture, Nutrition, and Forestry; Senate Committee on Appropriations; Senate Committee on Environment and Public Works; Senate Committee on Rules and Administration; Senate Committee on Veterans' Affairs",False,2017-02-23,2017-03-08,,SPDR S & P Midcap 400 ETF Tr UnSER1,,Sale,"$15,001 - $50,000",32500.5,False,Self,16dbaa35-78f8-4354-b6ec-b58b74a91a3b,https://efdsearch.senate.gov/search/view/paper/16dbaa35-78f8-4354-b6ec-b58b74a91a3b/,bc21069ffdf37557227e46924d435b937bf5dee7da651021cc57397586b5c348,senate-efd-ocr,explicit,0
B001236,JOHN BOOZMAN,senate,Republican,AR,"Commission on Security and Cooperation in Europe; SSAF13; SSAF14; SSAF15; SSAF16; SSAF17; SSAP02; SSAP18; SSAP19; SSAP20; SSAP23; SSAP24; SSEV08; SSEV10; SSEV15; Senate Committee on Agriculture, Nutrition, and Forestry; Senate Committee on Appropriations; Senate Committee on Environment and Public Works; Senate Committee on Rules and Administration; Senate Committee on Veterans' Affairs",False,2017-02-23,2017-03-08,,Union Pacific,,Sale,"$1,001 - $15,000",8000.5,False,Self,16dbaa35-78f8-4354-b6ec-b58b74a91a3b,https://efdsearch.senate.gov/search/view/paper/16dbaa35-78f8-4354-b6ec-b58b74a91a3b/,6f9185c142cf53e95eb82ca669540f211e6b057ba329dd715bf376a1bbf504fd,senate-efd-ocr,explicit,0
B001277,RICHARD BLUMENTHAL,senate,Democrat,CT,SSAS13; SSAS14; SSAS17; SSGA01; SSGA20; SSJU01; SSJU22; SSJU25; SSJU28; Senate Committee on Armed Services; Senate Committee on Homeland Security and Governmental Affairs; Senate Committee on Veterans' Affairs; Senate Committee on the Judiciary; United States Senate Caucus on International Narcotics Control,True,2017-02-27,2017-03-07,,3M's Partners LLC,Other,Purchase,"$500,001 - $1,000,000",750000.5,False,Spouse,664fa42a-d3e1-4871-8ed5-235d0ceec62a,https://efdsearch.senate.gov/search/view/paper/664fa42a-d3e1-4871-8ed5-235d0ceec62a/,8d3aee75ad6efeb9fcf29d0e6620896638b9442d3040bc9906ffc4e55b15d61d,senate-efd-ocr,explicit,0
B001277,RICHARD BLUMENTHAL,senate,Democrat,CT,SSAS13; SSAS14; SSAS17; SSGA01; SSGA20; SSJU01; SSJU22; SSJU25; SSJU28; Senate Committee on Armed Services; Senate Committee on Homeland Security and Governmental Affairs; Senate Committee on Veterans' Affairs; Senate Committee on the Judiciary; United States Senate Caucus on International Narcotics Control,True,2017-02-27,2017-03-07,,3M's Partners LLC,Other,Sale,"$500,001 - $1,000,000",750000.5,False,Spouse,664fa42a-d3e1-4871-8ed5-235d0ceec62a,https://efdsearch.senate.gov/search/view/paper/664fa42a-d3e1-4871-8ed5-235d0ceec62a/,ea56fe4a4a501f4c5ff79f064733208f1deab255dfdeb3f96fa78838fb7a711a,senate-efd-ocr,explicit,0
B001277,RICHARD BLUMENTHAL,senate,Democrat,CT,SSAS13; SSAS14; SSAS17; SSGA01; SSGA20; SSJU01; SSJU22; SSJU25; SSJU28; Senate Committee on Armed Services; Senate Committee on Homeland Security and Governmental Affairs; Senate Committee on Veterans' Affairs; Senate Committee on the Judiciary; United States Senate Caucus on International Narcotics Control,True,2017-02-01,2017-03-07,,Peter L Malkin Family 9 LLC: 3M's Partners LLC,Other,Purchase,"$100,001 - $250,000",175000.5,False,Spouse,664fa42a-d3e1-4871-8ed5-235d0ceec62a,https://efdsearch.senate.gov/search/view/paper/664fa42a-d3e1-4871-8ed5-235d0ceec62a/,799d55674fdf7c7444cc3a53a4fc10e6d1250f7cb6599e2d825399526a650c08,senate-efd-ocr,explicit,0
B001277,RICHARD BLUMENTHAL,senate,Democrat,CT,SSAS13; SSAS14; SSAS17; SSGA01; SSGA20; SSJU01; SSJU22; SSJU25; SSJU28; Senate Committee on Armed Services; Senate Committee on Homeland Security and Governmental Affairs; Senate Committee on Veterans' Affairs; Senate Committee on the Judiciary; United States Senate Caucus on International Narcotics Control,True,2017-02-01,2017-03-07,,Peter L Malkin Family 9 LLC: Malkin Capital Fund (formerly reported as Kinrose Fund),Other,Purchase,"$100,001 - $250,000",175000.5,False,Spouse,664fa42a-d3e1-4871-8ed5-235d0ceec62a,https://efdsearch.senate.gov/search/view/paper/664fa42a-d3e1-4871-8ed5-235d0ceec62a/,3f1bcf29522539444f45aa32ca57113fe3f7f47a286150ed007457c10ae3b363,senate-efd-ocr,explicit,0
B001277,RICHARD BLUMENTHAL,senate,Democrat,CT,SSAS13; SSAS14; SSAS17; SSGA01; SSGA20; SSJU01; SSJU22; SSJU25; SSJU28; Senate Committee on Armed Services; Senate Committee on Homeland Security and Governmental Affairs; Senate Committee on Veterans' Affairs; Senate Committee on the Judiciary; United States Senate Caucus on International Narcotics Control,True,2017-02-01,2017-03-07,,CMB 2009 GRAT - Peter L Malkin Family 9 LLC: 3M's Partners LLC - Malkin Capital,Other,Purchase,"$250,001 - $500,000",375000.5,False,Spouse,664fa42a-d3e1-4871-8ed5-235d0ceec62a,https://efdsearch.senate.gov/search/view/paper/664fa42a-d3e1-4871-8ed5-235d0ceec62a/,6b1388356ace228c66fc0694227a511e74d1e0a7dd10d964a897526d3a54d107,senate-efd-ocr,explicit,0
B001277,RICHARD BLUMENTHAL,senate,Democrat,CT,SSAS13; SSAS14; SSAS17; SSGA01; SSGA20; SSJU01; SSJU22; SSJU25; SSJU28; Senate Committee on Armed Services; Senate Committee on Homeland Security and Governmental Affairs; Senate Committee on Veterans' Affairs; Senate Committee on the Judiciary; United States Senate Caucus on International Narcotics Control,True,2017-02-01,2017-03-07,,Hedge Holdings LLC,Other,Purchase,"$100,001 - $250,000",175000.5,False,Spouse,664fa42a-d3e1-4871-8ed5-235d0ceec62a,https://efdsearch.senate.gov/search/view/paper/664fa42a-d3e1-4871-8ed5-235d0ceec62a/,56145577043d808b621245259a43a1b2ef3ba4c66b94a23f74c2eee2af5924ea,senate-efd-ocr,explicit,0
B001277,RICHARD BLUMENTHAL,senate,Democrat,CT,SSAS13; SSAS14; SSAS17; SSGA01; SSGA20; SSJU01; SSJU22; SSJU25; SSJU28; Senate Committee on Armed Services; Senate Committee on Homeland Security and Governmental Affairs; Senate Committee on Veterans' Affairs; Senate Committee on the Judiciary; United States Senate Caucus on International Narcotics Control,True,2017-02-01,2017-03-07,,Malkin Capital Fund (formerly reported as Kinrose Fund),Other,Purchase,"$500,001 - $1,000,000",750000.5,False,Spouse,664fa42a-d3e1-4871-8ed5-235d0ceec62a,https://efdsearch.senate.gov/search/view/paper/664fa42a-d3e1-4871-8ed5-235d0ceec62a/,df7f41685793dacfa5e3b639bd5fa5002f0e6eac72ef46e88804525ba237ecde,senate-efd-ocr,explicit,0
B001277,RICHARD BLUMENTHAL,senate,Democrat,CT,SSAS13; SSAS14; SSAS17; SSGA01; SSGA20; SSJU01; SSJU22; SSJU25; SSJU28; Senate Committee on Armed Services; Senate Committee on Homeland Security and Governmental Affairs; Senate Committee on Veterans' Affairs; Senate Committee on the Judiciary; United States Senate Caucus on International Narcotics Control,True,2017-02-01,2017-03-07,,Malkin Capital Fund (formerly reported as Kinrose Fund),Other,Purchase,"$1,000,001 - $5,000,000",3000000.5,False,Spouse,664fa42a-d3e1-4871-8ed5-235d0ceec62a,https://efdsearch.senate.gov/search/view/paper/664fa42a-d3e1-4871-8ed5-235d0ceec62a/,3909ec062b9e61fedbc5f3a07bbe4d4a59e60e8771408dc08f34b5310e09959b,senate-efd-ocr,explicit,0
B001277,RICHARD BLUMENTHAL,senate,Democrat,CT,SSAS13; SSAS14; SSAS17; SSGA01; SSGA20; SSJU01; SSJU22; SSJU25; SSJU28; Senate Committee on Armed Services; Senate Committee on Homeland Security and Governmental Affairs; Senate Committee on Veterans' Affairs; Senate Committee on the Judiciary; United States Senate Caucus on International Narcotics Control,True,2017-02-01,2017-03-07,,Magnifique LLC,Other,Purchase,"$500,001 - $1,000,000",750000.5,False,Spouse,664fa42a-d3e1-4871-8ed5-235d0ceec62a,https://efdsearch.senate.gov/search/view/paper/664fa42a-d3e1-4871-8ed5-235d0ceec62a/,6b3ec815061ae0148bf0fa47f51d9713274c94a503a39a420abc1da6e3eb3a3e,senate-efd-ocr,explicit,0
B001277,RICHARD BLUMENTHAL,senate,Democrat,CT,SSAS13; SSAS14; SSAS17; SSGA01; SSGA20; SSJU01; SSJU22; SSJU25; SSJU28; Senate Committee on Armed Services; Senate Committee on Homeland Security and Governmental Affairs; Senate Committee on Veterans' Affairs; Senate Committee on the Judiciary; United States Senate Caucus on International Narcotics Control,True,2017-02-01,2017-03-07,,Malkin Capital Fund (formerly reported as Kinrose Fund),Other,Purchase,"$100,001 - $250,000",175000.5,False,Spouse,664fa42a-d3e1-4871-8ed5-235d0ceec62a,https://efdsearch.senate.gov/search/view/paper/664fa42a-d3e1-4871-8ed5-235d0ceec62a/,d7acce16f77fbc7e89966bfce9cd022d58e1eae518fba9bdafa9c9aa27d6ad74,senate-efd-ocr,explicit,0
B001135,RICHARD M BURR,senate,Republican,NC,,False,2017-02-17,2017-02-27,,"MSC Industrial Direct Co., Inc. - A (stock) NYSE",Stock,Purchase,"$1,001 - $15,000",8000.5,False,Self,9e2b10a9-ec60-4642-bfb3-bfbe3f4a81ab,https://efdsearch.senate.gov/search/view/paper/9e2b10a9-ec60-4642-bfb3-bfbe3f4a81ab/,d80b459b83c7f9036cb63187c88420ad143bc51fd59461ab43843f9e74a34550,senate-efd-ocr,explicit,0
B001135,RICHARD M BURR,senate,Republican,NC,,False,2017-02-17,2017-02-27,,"MSC Industrial Direct Co., Inc. - A (stock) NYSE",Stock,Sale,"$500,001 - $1,000,000",750000.5,False,Self,9e2b10a9-ec60-4642-bfb3-bfbe3f4a81ab,https://efdsearch.senate.gov/search/view/paper/9e2b10a9-ec60-4642-bfb3-bfbe3f4a81ab/,0362d8e172cad17e3be406c6c21562926c3c6ec03d551675cc81f3798ab37242,senate-efd-ocr,explicit,0
B001135,RICHARD M BURR,senate,Republican,NC,,False,2017-02-17,2017-02-27,,"Discovery Communications, Inc. - A (stock) NASDAQ",Stock,Sale,"$1,001 - $15,000",8000.5,False,Self,9e2b10a9-ec60-4642-bfb3-bfbe3f4a81ab,https://efdsearch.senate.gov/search/view/paper/9e2b10a9-ec60-4642-bfb3-bfbe3f4a81ab/,8b2f1f13b3c4a5175557578ea32b233194e2c991726d8d2f3188aa3e98a4249a,senate-efd-ocr,explicit,0
B001135,RICHARD M BURR,senate,Republican,NC,,False,2017-02-17,2017-02-27,,Devon Energy Corp. (stock) NYSE,Stock,Purchase,"$1,001 - $15,000",8000.5,False,Self,9e2b10a9-ec60-4642-bfb3-bfbe3f4a81ab,https://efdsearch.senate.gov/search/view/paper/9e2b10a9-ec60-4642-bfb3-bfbe3f4a81ab/,35ee96b0fc9773c8268c6683a429b573be5bd497856075dfce9610efd0d0aa5c,senate-efd-ocr,explicit,0
B001135,RICHARD M BURR,senate,Republican,NC,,False,2017-02-17,2017-02-27,,Chesapeake Energy Conv. PFD Shares,,Purchase,"$1,001 - $15,000",8000.5,False,Self,9e2b10a9-ec60-4642-bfb3-bfbe3f4a81ab,https://efdsearch.senate.gov/search/view/paper/9e2b10a9-ec60-4642-bfb3-bfbe3f4a81ab/,2e3a0624fb9a92f977a0ce1de39a5c63089d7c8ae794349934b86811ba1a790e,senate-efd-ocr,explicit,0
B001135,RICHARD M BURR,senate,Republican,NC,,False,2017-02-17,2017-02-27,,CSX Corporation (stock),Stock,Sale,"$15,001 - $50,000",32500.5,False,Self,9e2b10a9-ec60-4642-bfb3-bfbe3f4a81ab,https://efdsearch.senate.gov/search/view/paper/9e2b10a9-ec60-4642-bfb3-bfbe3f4a81ab/,80bd8ee2c6f8bde758ba56c7aa4a58ba15048c4452d222ec20ae93b9c0af8d67,senate-efd-ocr,explicit,0
B001135,RICHARD M BURR,senate,Republican,NC,,False,2017-02-17,2017-02-27,,"Discovery Communications, Inc. (stock) NASDAQ",Stock,Sale,"$1,001 - $15,000",8000.5,False,Self,9e2b10a9-ec60-4642-bfb3-bfbe3f4a81ab,https://efdsearch.senate.gov/search/view/paper/9e2b10a9-ec60-4642-bfb3-bfbe3f4a81ab/,aebdb8082f996f725e8f48c67aa22075007ce9fe35e41979d1bcb7adeec90bfa,senate-efd-ocr,explicit,0
B001135,RICHARD M BURR,senate,Republican,NC,,False,2017-02-17,2017-02-27,,Devon Energy Corp. (stock) NASDAQ,Stock,Sale,"$15,001 - $50,000",32500.5,False,Self,9e2b10a9-ec60-4642-bfb3-bfbe3f4a81ab,https://efdsearch.senate.gov/search/view/paper/9e2b10a9-ec60-4642-bfb3-bfbe3f4a81ab/,5e43dadaca567a7555930d486cf6e49dea33b0b1e7020bcaae4db43c0737499f,senate-efd-ocr,explicit,0
B001135,RICHARD M BURR,senate,Republican,NC,,False,2017-02-17,2017-02-27,,NYSE,,Sale,"$15,001 - $50,000",32500.5,False,Self,9e2b10a9-ec60-4642-bfb3-bfbe3f4a81ab,https://efdsearch.senate.gov/search/view/paper/9e2b10a9-ec60-4642-bfb3-bfbe3f4a81ab/,c414803da76ccce11b4ae185ed4ab0f52321462baa19739721f80a18e91d980c,senate-efd-ocr,explicit,0
B001135,RICHARD M BURR,senate,Republican,NC,,False,2017-02-23,2017-02-27,,Esterline Technologies Corporation (stock) NYSE,Stock,Sale,"$1,001 - $15,000",8000.5,False,Self,9e2b10a9-ec60-4642-bfb3-bfbe3f4a81ab,https://efdsearch.senate.gov/search/view/paper/9e2b10a9-ec60-4642-bfb3-bfbe3f4a81ab/,a85d2b33f1732a1dcc4557249c81896bd90b3004c9331fb0701dccc586e56a84,senate-efd-ocr,explicit,0
B001135,RICHARD M BURR,senate,Republican,NC,,False,2017-02-23,2017-02-27,,Esterline Technologies Corporation (stock) NYSE,Stock,Sale,"$15,001 - $50,000",32500.5,False,Self,9e2b10a9-ec60-4642-bfb3-bfbe3f4a81ab,https://efdsearch.senate.gov/search/view/paper/9e2b10a9-ec60-4642-bfb3-bfbe3f4a81ab/,53742c5dd4f5993c0bac9c981e6ca0fe2edd1a3e9fc50704463433095f6584af,senate-efd-ocr,explicit,0
B001135,RICHARD M BURR,senate,Republican,NC,,False,2017-02-17,2017-02-27,DVN,Devon Energy Corp,Stock,Sale,"$100,001 - $250,000",175000.5,False,Self,9e2b10a9-ec60-4642-bfb3-bfbe3f4a81ab,https://efdsearch.senate.gov/search/view/paper/9e2b10a9-ec60-4642-bfb3-bfbe3f4a81ab/,fdcb219d36bba8a75ae4594032abd837cdb3d52de7f81490ce435129fc9a08a9,senate-efd-ocr,explicit,0
B001135,RICHARD M BURR,senate,Republican,NC,,False,2017-02-17,2017-02-27,CHK,Chesapeake Energy Corporation,Stock,Purchase,"$50,001 - $100,000",75000.5,False,Self,9e2b10a9-ec60-4642-bfb3-bfbe3f4a81ab,https://efdsearch.senate.gov/search/view/paper/9e2b10a9-ec60-4642-bfb3-bfbe3f4a81ab/,72641b2f6b9a8b8e83730462398cbef58bda26cb4822e7f6b293686b168c5cbe,senate-efd-ocr,explicit,0
B001135,RICHARD M BURR,senate,Republican,NC,,False,2017-02-17,2017-02-27,MSM,MSC Industrial Direct Co Inc - A,Stock,Sale,"$50,001 - $100,000",75000.5,False,Self,9e2b10a9-ec60-4642-bfb3-bfbe3f4a81ab,https://efdsearch.senate.gov/search/view/paper/9e2b10a9-ec60-4642-bfb3-bfbe3f4a81ab/,db057b607d848a9ccee86b3233cab416ec0c7338201cfce23bc618b85cb2719d,senate-efd-ocr,explicit,0
B001135,RICHARD M BURR,senate,Republican,NC,,False,2017-02-17,2017-02-27,CHK,Chesapeake Energy Conv Pfd Shares,,Purchase,"$15,001 - $50,000",32500.5,False,Self,9e2b10a9-ec60-4642-bfb3-bfbe3f4a81ab,https://efdsearch.senate.gov/search/view/paper/9e2b10a9-ec60-4642-bfb3-bfbe3f4a81ab/,ec5061014590d8763931d2de67275c792d545f92cdb0dd82621423ae8acfad84,senate-efd-ocr,explicit,0
B001135,RICHARD M BURR,senate,Republican,NC,,False,2017-02-17,2017-02-27,CSX,CSX Corporation,Stock,Sale,"$15,001 - $50,000",32500.5,False,Self,9e2b10a9-ec60-4642-bfb3-bfbe3f4a81ab,https://efdsearch.senate.gov/search/view/paper/9e2b10a9-ec60-4642-bfb3-bfbe3f4a81ab/,217e7e4b2b76edd25b64a76242bda82de7a87d169b451cc1147cab7e9cdfa151,senate-efd-ocr,explicit,0
B001135,RICHARD M BURR,senate,Republican,NC,,False,2017-02-17,2017-02-27,DISCA,Discovery Communications Inc - A,Stock,Sale,"$15,001 - $50,000",32500.5,False,Self,9e2b10a9-ec60-4642-bfb3-bfbe3f4a81ab,https://efdsearch.senate.gov/search/view/paper/9e2b10a9-ec60-4642-bfb3-bfbe3f4a81ab/,f51236bf6854472e20f859ec73b952a4cc2628007a99d5cb50c7838719cb4c56,senate-efd-ocr,explicit,0
B001135,RICHARD M BURR,senate,Republican,NC,,False,2017-02-17,2017-02-27,DVN,Devon Energy Corp,Stock,Purchase,"$15,001 - $50,000",32500.5,False,Self,9e2b10a9-ec60-4642-bfb3-bfbe3f4a81ab,https://efdsearch.senate.gov/search/view/paper/9e2b10a9-ec60-4642-bfb3-bfbe3f4a81ab/,b7283eebe3b04ff6d1bbc7cf4ad0fae50a3701acad7614329411d84fbc97a00c,senate-efd-ocr,explicit,0
B001135,RICHARD M BURR,senate,Republican,NC,,False,2017-02-17,2017-02-27,CSX,CSX Corporation,Stock,Purchase,"$1,001 - $15,000",8000.5,False,Self,9e2b10a9-ec60-4642-bfb3-bfbe3f4a81ab,https://efdsearch.senate.gov/search/view/paper/9e2b10a9-ec60-4642-bfb3-bfbe3f4a81ab/,6bdc27dc51622fb797d4faa6347475962f95efda2eb1b70c330f42c54f77a373,senate-efd-ocr,explicit,0
B001135,RICHARD M BURR,senate,Republican,NC,,False,2017-02-23,2017-02-27,ESL,Estrline Technologies Corporation,Stock,Purchase,"$50,001 - $100,000",75000.5,False,Self,9e2b10a9-ec60-4642-bfb3-bfbe3f4a81ab,https://efdsearch.senate.gov/search/view/paper/9e2b10a9-ec60-4642-bfb3-bfbe3f4a81ab/,e912088fa606314940672153ce5981045b712ea8502d1591f9deeb626cdf110f,senate-efd-ocr,explicit,0
B001135,RICHARD M BURR,senate,Republican,NC,,False,2017-02-23,2017-02-27,,Esterline Technologies,,Purchase,"$100,001 - $250,000",175000.5,False,Self,9e2b10a9-ec60-4642-bfb3-bfbe3f4a81ab,https://efdsearch.senate.gov/search/view/paper/9e2b10a9-ec60-4642-bfb3-bfbe3f4a81ab/,660d1fee792f2ac9c8b83898eb032e26fe73b8d415cb0f4c53021269a533eff0,senate-efd-ocr,explicit,0
B001236,JOHN BOOZMAN,senate,Republican,AR,"Commission on Security and Cooperation in Europe; SSAF13; SSAF14; SSAF15; SSAF16; SSAF17; SSAP02; SSAP18; SSAP19; SSAP20; SSAP23; SSAP24; SSEV08; SSEV10; SSEV15; Senate Committee on Agriculture, Nutrition, and Forestry; Senate Committee on Appropriations; Senate Committee on Environment and Public Works; Senate Committee on Rules and Administration; Senate Committee on Veterans' Affairs",False,2017-01-25,2017-02-22,,Chevrontexaco Corp Com,Stock,Purchase,"$1,001 - $15,000",8000.5,False,Self,df687d9b-c276-491b-9df6-dc650c327f93,https://efdsearch.senate.gov/search/view/paper/df687d9b-c276-491b-9df6-dc650c327f93/,af6378de388ff9e4e30bfbd7531d729e6f623bc1b100422a6117cb8322c01fa2,senate-efd-ocr,explicit,0
B001236,JOHN BOOZMAN,senate,Republican,AR,"Commission on Security and Cooperation in Europe; SSAF13; SSAF14; SSAF15; SSAF16; SSAF17; SSAP02; SSAP18; SSAP19; SSAP20; SSAP23; SSAP24; SSEV08; SSEV10; SSEV15; Senate Committee on Agriculture, Nutrition, and Forestry; Senate Committee on Appropriations; Senate Committee on Environment and Public Works; Senate Committee on Rules and Administration; Senate Committee on Veterans' Affairs",False,2017-01-13,2017-02-22,,iShares Tr Index Barclys 1-3 Yr,,Purchase,"$1,001 - $15,000",8000.5,False,Self,df687d9b-c276-491b-9df6-dc650c327f93,https://efdsearch.senate.gov/search/view/paper/df687d9b-c276-491b-9df6-dc650c327f93/,e8440697ef85b9c85ee575c503a7eacdb0ef6774a8a0d13b5a364edc12f8e14f,senate-efd-ocr,explicit,0
B001236,JOHN BOOZMAN,senate,Republican,AR,"Commission on Security and Cooperation in Europe; SSAF13; SSAF14; SSAF15; SSAF16; SSAF17; SSAP02; SSAP18; SSAP19; SSAP20; SSAP23; SSAP24; SSEV08; SSEV10; SSEV15; Senate Committee on Agriculture, Nutrition, and Forestry; Senate Committee on Appropriations; Senate Committee on Environment and Public Works; Senate Committee on Rules and Administration; Senate Committee on Veterans' Affairs",False,2017-01-13,2017-02-22,,iShares Tr Index Barclys 10-20 Yr,,Sale,"$1,001 - $15,000",8000.5,False,Self,df687d9b-c276-491b-9df6-dc650c327f93,https://efdsearch.senate.gov/search/view/paper/df687d9b-c276-491b-9df6-dc650c327f93/,ebc384ac950c95a1cf0615fa7d60777c33f94e92bcdde0c7b9b1a9f916c7f18d,senate-efd-ocr,explicit,0
B001236,JOHN BOOZMAN,senate,Republican,AR,"Commission on Security and Cooperation in Europe; SSAF13; SSAF14; SSAF15; SSAF16; SSAF17; SSAP02; SSAP18; SSAP19; SSAP20; SSAP23; SSAP24; SSEV08; SSEV10; SSEV15; Senate Committee on Agriculture, Nutrition, and Forestry; Senate Committee on Appropriations; Senate Committee on Environment and Public Works; Senate Committee on Rules and Administration; Senate Committee on Veterans' Affairs",False,2017-01-13,2017-02-22,,iShares Tr Index Barclys 7-10 Yr,,Sale,"$1,001 - $15,000",8000.5,False,Self,df687d9b-c276-491b-9df6-dc650c327f93,https://efdsearch.senate.gov/search/view/paper/df687d9b-c276-491b-9df6-dc650c327f93/,cc368b02fa8d9fa82059f0b6b0359aa1813232dfa2fbb901b54a1e01cb486071,senate-efd-ocr,explicit,0
B001236,JOHN BOOZMAN,senate,Republican,AR,"Commission on Security and Cooperation in Europe; SSAF13; SSAF14; SSAF15; SSAF16; SSAF17; SSAP02; SSAP18; SSAP19; SSAP20; SSAP23; SSAP24; SSEV08; SSEV10; SSEV15; Senate Committee on Agriculture, Nutrition, and Forestry; Senate Committee on Appropriations; Senate Committee on Environment and Public Works; Senate Committee on Rules and Administration; Senate Committee on Veterans' Affairs",False,2017-01-25,2017-02-22,,US Bancorp,Stock,Sale,"$1,001 - $15,000",8000.5,False,Self,df687d9b-c276-491b-9df6-dc650c327f93,https://efdsearch.senate.gov/search/view/paper/df687d9b-c276-491b-9df6-dc650c327f93/,81792be5a5d8ac400a31b6083607b8069c4f734bbabba665cc9b3aadfe87b017,senate-efd-ocr,explicit,0
B001135,RICHARD M BURR,senate,Republican,NC,,False,2017-01-17,2017-01-24,SLB,Schlumberger Limited (stock) NYSE,Stock,Sale,"$15,001 - $50,000",32500.5,False,Self,a6b2098c-c0aa-44b8-b976-a007ec1f7b29,https://efdsearch.senate.gov/search/view/paper/a6b2098c-c0aa-44b8-b976-a007ec1f7b29/,c0645030dcdf6233ebdce754be8706ceee687e5a2d3a49dd193e3536445b7531,senate-efd-ocr,explicit,0
B001135,RICHARD M BURR,senate,Republican,NC,,False,2017-01-17,2017-01-24,SLB,Schlumberger Limited (stock) NYSE,Stock,Sale,"$15,001 - $50,000",32500.5,False,Self,a6b2098c-c0aa-44b8-b976-a007ec1f7b29,https://efdsearch.senate.gov/search/view/paper/a6b2098c-c0aa-44b8-b976-a007ec1f7b29/,c0645030dcdf6233ebdce754be8706ceee687e5a2d3a49dd193e3536445b7531,senate-efd-ocr,explicit,1
W000805,MARK R WARNER,senate,Democrat,VA,"SSBK04; SSBK08; SSBK13; SSFI10; SSFI11; SSFI13; Senate Committee on Banking, Housing, and Urban Affairs; Senate Committee on Finance; Senate Committee on Rules and Administration; Senate Committee on the Budget; Senate Select Committee on Intelligence",True,2016-02-01,2017-01-13,,Liberty Tax Inc,Stock,Purchase,"$15,001 - $50,000",32500.5,False,Self,d3c89148-fffb-4594-85e5-be13223c11bd,https://efdsearch.senate.gov/search/view/paper/d3c89148-fffb-4594-85e5-be13223c11bd/,cf0abc28482955be43654bb71a8aface092ed5d29d63449878e1ea157b625bc1,senate-efd-ocr,explicit,0
W000805,MARK R WARNER,senate,Democrat,VA,"SSBK04; SSBK08; SSBK13; SSFI10; SSFI11; SSFI13; Senate Committee on Banking, Housing, and Urban Affairs; Senate Committee on Finance; Senate Committee on Rules and Administration; Senate Committee on the Budget; Senate Select Committee on Intelligence",True,2016-02-27,2017-01-13,,Liberty Tax Inc,Stock,Sale,"$500,001 - $1,000,000",750000.5,False,Self,d3c89148-fffb-4594-85e5-be13223c11bd,https://efdsearch.senate.gov/search/view/paper/d3c89148-fffb-4594-85e5-be13223c11bd/,33d5e6082f6ab59a48e772266b33c1cefd88d6a894844782028beaa273d7a7ee,senate-efd-ocr,explicit,0
W000805,MARK R WARNER,senate,Democrat,VA,"SSBK04; SSBK08; SSBK13; SSFI10; SSFI11; SSFI13; Senate Committee on Banking, Housing, and Urban Affairs; Senate Committee on Finance; Senate Committee on Rules and Administration; Senate Committee on the Budget; Senate Select Committee on Intelligence",True,2016-12-05,2017-01-13,,"Elysium Health, Inc.",Stock,Purchase,"$100,001 - $250,000",175000.5,False,Self,d3c89148-fffb-4594-85e5-be13223c11bd,https://efdsearch.senate.gov/search/view/paper/d3c89148-fffb-4594-85e5-be13223c11bd/,8d87a969ab0697eee334aa674b40bdf38d376da0f4dabcaa92ef817c921dfb6b,senate-efd-ocr,explicit,0
W000805,MARK R WARNER,senate,Democrat,VA,"SSBK04; SSBK08; SSBK13; SSFI10; SSFI11; SSFI13; Senate Committee on Banking, Housing, and Urban Affairs; Senate Committee on Finance; Senate Committee on Rules and Administration; Senate Committee on the Budget; Senate Select Committee on Intelligence",True,2016-12-05,2017-01-13,,"Elysium Health, Inc.",Stock,Sale,"$100,001 - $250,000",175000.5,False,Self,d3c89148-fffb-4594-85e5-be13223c11bd,https://efdsearch.senate.gov/search/view/paper/d3c89148-fffb-4594-85e5-be13223c11bd/,bdb0f5cc7960ab53782dfd7019b464ed617b80f5a9de9808e0eca448a36cac7a,senate-efd-ocr,explicit,0
W000805,MARK R WARNER,senate,Democrat,VA,"SSBK04; SSBK08; SSBK13; SSFI10; SSFI11; SSFI13; Senate Committee on Banking, Housing, and Urban Affairs; Senate Committee on Finance; Senate Committee on Rules and Administration; Senate Committee on the Budget; Senate Select Committee on Intelligence",True,2016-12-06,2017-01-13,,"Echo Bridge Realty Fund I, L.P.",Other,Sale,"$100,001 - $250,000",175000.5,False,Self,d3c89148-fffb-4594-85e5-be13223c11bd,https://efdsearch.senate.gov/search/view/paper/d3c89148-fffb-4594-85e5-be13223c11bd/,8e42bf1d67b89bbcc80f7a0d30eb9e3f822a4d45dcb4439555db25db5e887f26,senate-efd-ocr,explicit,0
W000805,MARK R WARNER,senate,Democrat,VA,"SSBK04; SSBK08; SSBK13; SSFI10; SSFI11; SSFI13; Senate Committee on Banking, Housing, and Urban Affairs; Senate Committee on Finance; Senate Committee on Rules and Administration; Senate Committee on the Budget; Senate Select Committee on Intelligence",True,2016-12-22,2017-01-13,,"Quadbridge HML Venture, LLC",Other,Sale,"$100,001 - $250,000",175000.5,False,Self,d3c89148-fffb-4594-85e5-be13223c11bd,https://efdsearch.senate.gov/search/view/paper/d3c89148-fffb-4594-85e5-be13223c11bd/,90851777e8dabc34b8387b0fad5fbe4a1b3b6f6d9be1c940864106b0115e96d3,senate-efd-ocr,explicit,0
W000805,MARK R WARNER,senate,Democrat,VA,"SSBK04; SSBK08; SSBK13; SSFI10; SSFI11; SSFI13; Senate Committee on Banking, Housing, and Urban Affairs; Senate Committee on Finance; Senate Committee on Rules and Administration; Senate Committee on the Budget; Senate Select Committee on Intelligence",True,,2017-01-13,,"Liberty Tax Inc shares originally acquired as an in-kind stock distribution from Emest III, LLC on 10/17/16",Other,Sale,"$100,001 - $250,000",175000.5,False,Self,d3c89148-fffb-4594-85e5-be13223c11bd,https://efdsearch.senate.gov/search/view/paper/d3c89148-fffb-4594-85e5-be13223c11bd/,11683a948784e295b82f6af9c183895a53e24e6c919e0f9f8f6a04075649f6ae,senate-efd-ocr,explicit,0
B001236,JOHN BOOZMAN,senate,Republican,AR,"Commission on Security and Cooperation in Europe; SSAF13; SSAF14; SSAF15; SSAF16; SSAF17; SSAP02; SSAP18; SSAP19; SSAP20; SSAP23; SSAP24; SSEV08; SSEV10; SSEV15; Senate Committee on Agriculture, Nutrition, and Forestry; Senate Committee on Appropriations; Senate Committee on Environment and Public Works; Senate Committee on Rules and Administration; Senate Committee on Veterans' Affairs",False,2016-12-28,2017-01-10,,Baker Hughes Inc,Stock,Purchase,"$1,001 - $15,000",8000.5,False,Self,c4e01a61-abfd-47aa-8539-e3662889107e,https://efdsearch.senate.gov/search/view/paper/c4e01a61-abfd-47aa-8539-e3662889107e/,dbadfcb612f83328e995149756ceab7b66adf14d636e06500fc6549d8c10432b,senate-efd-ocr,explicit,0
B001236,JOHN BOOZMAN,senate,Republican,AR,"Commission on Security and Cooperation in Europe; SSAF13; SSAF14; SSAF15; SSAF16; SSAF17; SSAP02; SSAP18; SSAP19; SSAP20; SSAP23; SSAP24; SSEV08; SSEV10; SSEV15; Senate Committee on Agriculture, Nutrition, and Forestry; Senate Committee on Appropriations; Senate Committee on Environment and Public Works; Senate Committee on Rules and Administration; Senate Committee on Veterans' Affairs",False,2016-12-02,2017-01-10,,iShares Tr Barclys 10-20 Yr,,Purchase,"$15,001 - $50,000",32500.5,False,Self,c4e01a61-abfd-47aa-8539-e3662889107e,https://efdsearch.senate.gov/search/view/paper/c4e01a61-abfd-47aa-8539-e3662889107e/,abf60bda5654515d95b2b1781c9ba61fc68b1c764be46d25714b53a4c484c451,senate-efd-ocr,explicit,0
B001236,JOHN BOOZMAN,senate,Republican,AR,"Commission on Security and Cooperation in Europe; SSAF13; SSAF14; SSAF15; SSAF16; SSAF17; SSAP02; SSAP18; SSAP19; SSAP20; SSAP23; SSAP24; SSEV08; SSEV10; SSEV15; Senate Committee on Agriculture, Nutrition, and Forestry; Senate Committee on Appropriations; Senate Committee on Environment and Public Works; Senate Committee on Rules and Administration; Senate Committee on Veterans' Affairs",False,2016-12-02,2017-01-10,,iShares Tr Index Barclys 7-10 Yr,,Purchase,"$1,001 - $15,000",8000.5,False,Self,c4e01a61-abfd-47aa-8539-e3662889107e,https://efdsearch.senate.gov/search/view/paper/c4e01a61-abfd-47aa-8539-e3662889107e/,6a120f467f8e34fae8213f75a81e0fb5ef4b4dbd8a015b4f8a27ee8d34cb0bf9,senate-efd-ocr,explicit,0
B001236,JOHN BOOZMAN,senate,Republican,AR,"Commission on Security and Cooperation in Europe; SSAF13; SSAF14; SSAF15; SSAF16; SSAF17; SSAP02; SSAP18; SSAP19; SSAP20; SSAP23; SSAP24; SSEV08; SSEV10; SSEV15; Senate Committee on Agriculture, Nutrition, and Forestry; Senate Committee on Appropriations; Senate Committee on Environment and Public Works; Senate Committee on Rules and Administration; Senate Committee on Veterans' Affairs",False,2016-12-02,2017-01-10,,iShares Barclays 20 Plus Year Treasury Bond Fund,Municipal Security,Sale,"$1,001 - $15,000",8000.5,False,Self,c4e01a61-abfd-47aa-8539-e3662889107e,https://efdsearch.senate.gov/search/view/paper/c4e01a61-abfd-47aa-8539-e3662889107e/,baa788a99d94d8721709378a3824458d20a83990d828109a5f26235267ee5ac4,senate-efd-ocr,explicit,0
B001236,JOHN BOOZMAN,senate,Republican,AR,"Commission on Security and Cooperation in Europe; SSAF13; SSAF14; SSAF15; SSAF16; SSAF17; SSAP02; SSAP18; SSAP19; SSAP20; SSAP23; SSAP24; SSEV08; SSEV10; SSEV15; Senate Committee on Agriculture, Nutrition, and Forestry; Senate Committee on Appropriations; Senate Committee on Environment and Public Works; Senate Committee on Rules and Administration; Senate Committee on Veterans' Affairs",False,2016-12-02,2017-01-10,,iShares Tr Gs Corp Bd Fd,Stock,Sale,"$1,001 - $15,000",8000.5,False,Self,c4e01a61-abfd-47aa-8539-e3662889107e,https://efdsearch.senate.gov/search/view/paper/c4e01a61-abfd-47aa-8539-e3662889107e/,7d4b299fa6b3b4ba92e14ccd3a45f8395696e99dec834e681ffcd0413c55ee2c,senate-efd-ocr,explicit,0
B001236,JOHN BOOZMAN,senate,Republican,AR,"Commission on Security and Cooperation in Europe; SSAF13; SSAF14; SSAF15; SSAF16; SSAF17; SSAP02; SSAP18; SSAP19; SSAP20; SSAP23; SSAP24; SSEV08; SSEV10; SSEV15; Senate Committee on Agriculture, Nutrition, and Forestry; Senate Committee on Appropriations; Senate Committee on Environment and Public Works; Senate Committee on Rules and Administration; Senate Committee on Veterans' Affairs",False,2016-12-02,2017-01-10,,iShares Tr Index Barclys 1-3 Yr,,Sale,"$1,001 - $15,000",8000.5,False,Self,c4e01a61-abfd-47aa-8539-e3662889107e,https://efdsearch.senate.gov/search/view/paper/c4e01a61-abfd-47aa-8539-e3662889107e/,3d7c177b9670452487f6062ce3069aff70705e2c90e2606b74e323d5728c3a26,senate-efd-ocr,explicit,0
B001236,JOHN BOOZMAN,senate,Republican,AR,"Commission on Security and Cooperation in Europe; SSAF13; SSAF14; SSAF15; SSAF16; SSAF17; SSAP02; SSAP18; SSAP19; SSAP20; SSAP23; SSAP24; SSEV08; SSEV10; SSEV15; Senate Committee on Agriculture, Nutrition, and Forestry; Senate Committee on Appropriations; Senate Committee on Environment and Public Works; Senate Committee on Rules and Administration; Senate Committee on Veterans' Affairs",False,2016-12-28,2017-01-10,,National Oilwell Varco Com,,Sale,"$1,001 - $15,000",8000.5,False,Self,c4e01a61-abfd-47aa-8539-e3662889107e,https://efdsearch.senate.gov/search/view/paper/c4e01a61-abfd-47aa-8539-e3662889107e/,f99616f6e614bb6722ff54eea2130e835e81e99c67a83c605b02c87b1587a2e5,senate-efd-ocr,explicit,0
B001135,RICHARD M BURR,senate,Republican,NC,,False,2016-12-08,2017-01-04,AXTA,Axalta Coating Systems (stock) NYSE,Stock,Purchase,"$15,001 - $50,000",32500.5,False,Self,271a3069-d7e5-42c3-8c9e-75256012717f,https://efdsearch.senate.gov/search/view/paper/271a3069-d7e5-42c3-8c9e-75256012717f/,d10cb77293419ef29d7c604185d0c31d964dac2eedae852ab9f5dab99a4d04ca,senate-efd-ocr,explicit,0
B001135,RICHARD M BURR,senate,Republican,NC,,False,2016-12-08,2017-01-04,AXTA,Axalta Coating Systems (stock) NYSE,Stock,Purchase,"$15,001 - $50,000",32500.5,False,Self,271a3069-d7e5-42c3-8c9e-75256012717f,https://efdsearch.senate.gov/search/view/paper/271a3069-d7e5-42c3-8c9e-75256012717f/,d10cb77293419ef29d7c604185d0c31d964dac2eedae852ab9f5dab99a4d04ca,senate-efd-ocr,explicit,1
