bioguide_id,declarant_name,chamber,party,state_district,committee_membership,committees_key_flag,transaction_date,disclosure_date,ticker,asset_description,asset_type,operation_type,amount_range,amount_midpoint,amount_split_flag,owner,doc_id,source_url,natural_key_hash,provenance,ticker_source,occurrence_index
B001277,RICHARD BLUMENTHAL,senate,Democrat,CT,SSAS13; SSAS14; SSAS17; SSGA01; SSGA20; SSJU01; SSJU22; SSJU25; SSJU28; Senate Committee on Armed Services; Senate Committee on Homeland Security and Governmental Affairs; Senate Committee on Veterans' Affairs; Senate Committee on the Judiciary; United States Senate Caucus on International Narcotics Control,True,2018-12-05,2018-12-18,ALMT,"Amnure Therapeutics Inc. (ALMT-Nasdaq) - Stock - Brisbane, CA",Stock,Sale,"$1,001 - $15,000",8000.5,False,Spouse,e24251ff-2099-453b-9578-470590cb971f,https://efdsearch.senate.gov/search/view/paper/e24251ff-2099-453b-9578-470590cb971f/,653f0da210b60d96fd77b9b67ded45a0d7aa89f3fcda0288883d3c6e50653829,senate-efd-ocr,explicit,0
B001277,RICHARD BLUMENTHAL,senate,Democrat,CT,SSAS13; SSAS14; SSAS17; SSGA01; SSGA20; SSJU01; SSJU22; SSJU25; SSJU28; Senate Committee on Armed Services; Senate Committee on Homeland Security and Governmental Affairs; Senate Committee on Veterans' Affairs; Senate Committee on the Judiciary; United States Senate Caucus on International Narcotics Control,True,2018-12-05,2018-12-18,,Peter L Malkin Family 2000 LLC - AAM Partners LLC,Other,Sale,"$1,001 - $15,000",8000.5,False,Spouse,e24251ff-2099-453b-9578-470590cb971f,https://efdsearch.senate.gov/search/view/paper/e24251ff-2099-453b-9578-470590cb971f/,621abaed0e121e379f1c6cc5696ba325ac0f8bd7fcea5ff1078f7ec0efe2a5bc,senate-efd-ocr,explicit,0
F000062,DIANNE FEINSTEIN,senate,Democrat,CA,,False,2018-11-08,2018-12-18,,SYNOPSIS INC.,Stock,Purchase,"$500,001 - $1,000,000",750000.5,False,Spouse,1278718c-4552-46f1-9b33-e7972215b1dd,https://efdsearch.senate.gov/search/view/paper/1278718c-4552-46f1-9b33-e7972215b1dd/,688f4d42f7806a6a89a95799ded9e7afbbefd7a1e50fb47a30dbd5bab056f09c,senate-efd-ocr,explicit,0
F000062,DIANNE FEINSTEIN,senate,Democrat,CA,,False,2018-11-09,2018-12-18,,CHUBB LTD.,,Purchase,"$15,001 - $50,000",32500.5,False,Spouse,1278718c-4552-46f1-9b33-e7972215b1dd,https://efdsearch.senate.gov/search/view/paper/1278718c-4552-46f1-9b33-e7972215b1dd/,c4d895173b424a30341ea277b06564c729399fff5ed3e95aa70437f3066f3a27,senate-efd-ocr,explicit,0
F000062,DIANNE FEINSTEIN,senate,Democrat,CA,,False,2018-11-15,2018-12-18,,BROOKFIELD ASSET MANAGEMENT INC.,Stock,Purchase,"$15,001 - $50,000",32500.5,False,Spouse,1278718c-4552-46f1-9b33-e7972215b1dd,https://efdsearch.senate.gov/search/view/paper/1278718c-4552-46f1-9b33-e7972215b1dd/,14620428bb2983248ac81bfcf9a99f9183ac492200a4c4fbfedae9f028535e23,senate-efd-ocr,explicit,0
F000062,DIANNE FEINSTEIN,senate,Democrat,CA,,False,2018-11-15,2018-12-18,,BROOKFIELD ASSET MANAGEMENT INC.,Stock,Purchase,"$50,001 - $100,000",75000.5,False,Spouse,1278718c-4552-46f1-9b33-e7972215b1dd,https://efdsearch.senate.gov/search/view/paper/1278718c-4552-46f1-9b33-e7972215b1dd/,76f99f1098e9a85c406d81cb9ada617c6cd11eeb8da48d84a245eaa5ce824f11,senate-efd-ocr,explicit,0
F000062,DIANNE FEINSTEIN,senate,Democrat,CA,,False,2018-11-16,2018-12-18,,ALLERGAN PLC,Stock,Purchase,"$50,001 - $100,000",75000.5,False,Spouse,1278718c-4552-46f1-9b33-e7972215b1dd,https://efdsearch.senate.gov/search/view/paper/1278718c-4552-46f1-9b33-e7972215b1dd/,537052a7dd2df05a3ebd1bfb54b785d1ec4fb7fa76598320b622a31a14f82ff5,senate-efd-ocr,explicit,0
F000062,DIANNE FEINSTEIN,senate,Democrat,CA,,False,2018-11-16,2018-12-18,,"BROOKFIELD PROPERTY PARTNERS, LP",Other,Sale,"$100,001 - $250,000",175000.5,False,Spouse,1278718c-4552-46f1-9b33-e7972215b1dd,https://efdsearch.senate.gov/search/view/paper/1278718c-4552-46f1-9b33-e7972215b1dd/,431974b76a92258f78e3dccefd7461892503deef437266f2bdc9972fddb545fe,senate-efd-ocr,explicit,0
F000062,DIANNE FEINSTEIN,senate,Democrat,CA,,False,2018-11-16,2018-12-18,,IHS MARKIT LTD.,,Sale,"$100,001 - $250,000",175000.5,False,Spouse,1278718c-4552-46f1-9b33-e7972215b1dd,https://efdsearch.senate.gov/search/view/paper/1278718c-4552-46f1-9b33-e7972215b1dd/,e24881c2edd7835d0ad6b407da05747cb03d9a0d7e9f1e8254f6920ef17e97f6,senate-efd-ocr,explicit,0
F000062,DIANNE FEINSTEIN,senate,Democrat,CA,,False,2018-11-16,2018-12-18,,PENTAIR PLC,Stock,Sale,"$100,001 - $250,000",175000.5,False,Spouse,1278718c-4552-46f1-9b33-e7972215b1dd,https://efdsearch.senate.gov/search/view/paper/1278718c-4552-46f1-9b33-e7972215b1dd/,60dc3be868308199b9552c6647bf575b250da54b562cc65c2ca1cfdb50fde889,senate-efd-ocr,explicit,0
F000062,DIANNE FEINSTEIN,senate,Democrat,CA,,False,2018-11-16,2018-12-18,,CHUBB LTD.,,Sale,"$100,001 - $250,000",175000.5,False,Spouse,1278718c-4552-46f1-9b33-e7972215b1dd,https://efdsearch.senate.gov/search/view/paper/1278718c-4552-46f1-9b33-e7972215b1dd/,717a8fc5ae81507d472d4fd011f04277dfedb223d780b56db55fc7f84dded25d,senate-efd-ocr,explicit,0
F000062,DIANNE FEINSTEIN,senate,Democrat,CA,,False,2018-11-16,2018-12-18,,AGILENT TECHNOLOGIES INC,Stock,Sale,"$100,001 - $250,000",175000.5,False,Spouse,1278718c-4552-46f1-9b33-e7972215b1dd,https://efdsearch.senate.gov/search/view/paper/1278718c-4552-46f1-9b33-e7972215b1dd/,860f644d97f1eebe95f9eeb85e1b59e14fad7ed384453cfd31bb302a070c8e08,senate-efd-ocr,explicit,0
F000062,DIANNE FEINSTEIN,senate,Democrat,CA,,False,2018-11-16,2018-12-18,,AIR LEASE CORP.,Stock,Sale,"$100,001 - $250,000",175000.5,False,Spouse,1278718c-4552-46f1-9b33-e7972215b1dd,https://efdsearch.senate.gov/search/view/paper/1278718c-4552-46f1-9b33-e7972215b1dd/,d6dd4c759f0e719230027b387d7635431c1753d9b2e59f46b3342cccbbfa8683,senate-efd-ocr,explicit,0
F000062,DIANNE FEINSTEIN,senate,Democrat,CA,,False,2018-11-16,2018-12-18,,ALPHABET INC.,Stock,Sale,"$250,001 - $500,000",375000.5,False,Spouse,1278718c-4552-46f1-9b33-e7972215b1dd,https://efdsearch.senate.gov/search/view/paper/1278718c-4552-46f1-9b33-e7972215b1dd/,0ec002c70cd9ce108aa8e5aed11bacdde180da63b035f5b909890ca50839ed32,senate-efd-ocr,explicit,0
F000062,DIANNE FEINSTEIN,senate,Democrat,CA,,False,2018-11-16,2018-12-18,,ANTERO MIDSTREAM PARTNERS LP,Other,Sale,"$50,001 - $100,000",75000.5,False,Spouse,1278718c-4552-46f1-9b33-e7972215b1dd,https://efdsearch.senate.gov/search/view/paper/1278718c-4552-46f1-9b33-e7972215b1dd/,88a8bc29bc8d9315e836ee7743520a0d0bdc0bf0cc6379cec4a7e09a90cc029f,senate-efd-ocr,explicit,0
F000062,DIANNE FEINSTEIN,senate,Democrat,CA,,False,2018-11-16,2018-12-18,,ANTERO MIDSTREAM GP LP,Other,Sale,"$50,001 - $100,000",75000.5,False,Spouse,1278718c-4552-46f1-9b33-e7972215b1dd,https://efdsearch.senate.gov/search/view/paper/1278718c-4552-46f1-9b33-e7972215b1dd/,f4d9f57df0daf2baa1d02d298065da9d9e326073ca7eaa773ead6bdf77c20c32,senate-efd-ocr,explicit,0
F000062,DIANNE FEINSTEIN,senate,Democrat,CA,,False,2018-11-16,2018-12-18,,APPLE INC.,Stock,Sale,"$100,001 - $250,000",175000.5,False,Spouse,1278718c-4552-46f1-9b33-e7972215b1dd,https://efdsearch.senate.gov/search/view/paper/1278718c-4552-46f1-9b33-e7972215b1dd/,83c5880aac223de2c6db49381ac74869b83a635c7b759e5ce799910b7ed61c7b,senate-efd-ocr,explicit,0
F000062,DIANNE FEINSTEIN,senate,Democrat,CA,,False,2018-11-16,2018-12-18,,BAYER AG,,Sale,"$15,001 - $50,000",32500.5,False,Spouse,1278718c-4552-46f1-9b33-e7972215b1dd,https://efdsearch.senate.gov/search/view/paper/1278718c-4552-46f1-9b33-e7972215b1dd/,f68c6135f60ec1897f571aeba81ca2ef2219c4a1bbfad1d8d1be26e7394c6989,senate-efd-ocr,explicit,0
F000062,DIANNE FEINSTEIN,senate,Democrat,CA,,False,2018-11-16,2018-12-18,,BOEING CO.,Stock,Sale,"$100,001 - $250,000",175000.5,False,Spouse,1278718c-4552-46f1-9b33-e7972215b1dd,https://efdsearch.senate.gov/search/view/paper/1278718c-4552-46f1-9b33-e7972215b1dd/,047ddb40b1f59447b34621ac980b8bdc4e15db78667057ad5028af3e2d0c1abf,senate-efd-ocr,explicit,0
F000062,DIANNE FEINSTEIN,senate,Democrat,CA,,False,2018-11-16,2018-12-18,,BROOKFIELD ASSET MANAGEMENT INC.,Stock,Sale,"$100,001 - $250,000",175000.5,False,Spouse,1278718c-4552-46f1-9b33-e7972215b1dd,https://efdsearch.senate.gov/search/view/paper/1278718c-4552-46f1-9b33-e7972215b1dd/,5e4d5e9ecab450f4cd4994ff6f3ac5d6135d714abae03f644f8c24c05ee4d158,senate-efd-ocr,explicit,0
F000062,DIANNE FEINSTEIN,senate,Democrat,CA,,False,2018-11-16,2018-12-18,,CHARTER COMMUNICATIONS INC.,Stock,Sale,"$100,001 - $250,000",175000.5,False,Spouse,1278718c-4552-46f1-9b33-e7972215b1dd,https://efdsearch.senate.gov/search/view/paper/1278718c-4552-46f1-9b33-e7972215b1dd/,686636a3a6ff4cc2e567df053b48d5dd08301e1f5465c4a86c8f554eb0466068,senate-efd-ocr,explicit,0
F000062,DIANNE FEINSTEIN,senate,Democrat,CA,,False,2018-11-16,2018-12-18,,COGNIZANT TECHNOLOGY SOLUTIONS,,Sale,"$100,001 - $250,000",175000.5,False,Spouse,1278718c-4552-46f1-9b33-e7972215b1dd,https://efdsearch.senate.gov/search/view/paper/1278718c-4552-46f1-9b33-e7972215b1dd/,77ae05bad50bceac6e6f3d7cbc58ba6f049e363cdfa4b86a65f699b3e04957e9,senate-efd-ocr,explicit,0
F000062,DIANNE FEINSTEIN,senate,Democrat,CA,,False,2018-11-16,2018-12-18,,CROWN CASTLE INTERNATIONAL CORP.,Stock,Sale,"$100,001 - $250,000",175000.5,False,Spouse,1278718c-4552-46f1-9b33-e7972215b1dd,https://efdsearch.senate.gov/search/view/paper/1278718c-4552-46f1-9b33-e7972215b1dd/,9b333db24f91782f3cadfb272bad96b3a5a3ed0c83c889b1c11839c8d949e3b7,senate-efd-ocr,explicit,0
F000062,DIANNE FEINSTEIN,senate,Democrat,CA,,False,2018-11-16,2018-12-18,,DANAHER CORP.,Stock,Sale,"$100,001 - $250,000",175000.5,False,Spouse,1278718c-4552-46f1-9b33-e7972215b1dd,https://efdsearch.senate.gov/search/view/paper/1278718c-4552-46f1-9b33-e7972215b1dd/,205f2f5e5d722f67785bbafd00960ccfee324fbd65c5bf2d99b9c4f852b6c7d5,senate-efd-ocr,explicit,0
F000062,DIANNE FEINSTEIN,senate,Democrat,CA,,False,2018-11-16,2018-12-18,,DIGITAL REALTY TR INC.,Stock,Sale,"$100,001 - $250,000",175000.5,False,Spouse,1278718c-4552-46f1-9b33-e7972215b1dd,https://efdsearch.senate.gov/search/view/paper/1278718c-4552-46f1-9b33-e7972215b1dd/,d5e1fadff06831739cd8160d45a9165cb101bb0f4061c5bfc026bb27c2915dd7,senate-efd-ocr,explicit,0
F000062,DIANNE FEINSTEIN,senate,Democrat,CA,,False,2018-11-16,2018-12-18,,ENTERPRISE PRODS PARTNERS LP,Other,Sale,"$250,001 - $500,000",375000.5,False,Spouse,1278718c-4552-46f1-9b33-e7972215b1dd,https://efdsearch.senate.gov/search/view/paper/1278718c-4552-46f1-9b33-e7972215b1dd/,64eceaffaaa0d24eb36997a446f64279f12d09f99679b8afb9ed687deebcb3df,senate-efd-ocr,explicit,0
F000062,DIANNE FEINSTEIN,senate,Democrat,CA,,False,2018-11-16,2018-12-18,,FACEBOOK INC.,Stock,Sale,"$100,001 - $250,000",175000.5,False,Spouse,1278718c-4552-46f1-9b33-e7972215b1dd,https://efdsearch.senate.gov/search/view/paper/1278718c-4552-46f1-9b33-e7972215b1dd/,11d924691e92b92351cc96b810d29916b66ed6f52199c79880fc086fa31e0b97,senate-efd-ocr,explicit,0
F000062,DIANNE FEINSTEIN,senate,Democrat,CA,,False,2018-11-16,2018-12-18,,HANNON ARMSTRONG SUSTAINABLE,,Sale,"$50,001 - $100,000",75000.5,False,Spouse,1278718c-4552-46f1-9b33-e7972215b1dd,https://efdsearch.senate.gov/search/view/paper/1278718c-4552-46f1-9b33-e7972215b1dd/,5918b04ae228b7ddbc2129059aa53c4f3aa69aaf15c8b2eb638e8728f9cf9148,senate-efd-ocr,explicit,0
F000062,DIANNE FEINSTEIN,senate,Democrat,CA,,False,2018-11-16,2018-12-18,,HOLOGIC INC.,Stock,Sale,"$100,001 - $250,000",175000.5,False,Spouse,1278718c-4552-46f1-9b33-e7972215b1dd,https://efdsearch.senate.gov/search/view/paper/1278718c-4552-46f1-9b33-e7972215b1dd/,e602d7b4e7b4214e82e3adefbecbd088f32823697f6d94ecf9e0b831f011699d,senate-efd-ocr,explicit,0
F000062,DIANNE FEINSTEIN,senate,Democrat,CA,,False,2018-11-16,2018-12-18,,JP MORGAN CHASE & CO.,Stock,Sale,"$250,001 - $500,000",375000.5,False,Spouse,1278718c-4552-46f1-9b33-e7972215b1dd,https://efdsearch.senate.gov/search/view/paper/1278718c-4552-46f1-9b33-e7972215b1dd/,edd7ce02d76b3f62f80e9ea55fc2fd457cd890cc720685674355820f159e98d9,senate-efd-ocr,explicit,0
F000062,DIANNE FEINSTEIN,senate,Democrat,CA,,False,2018-11-16,2018-12-18,,JOHNSON & JOHNSON,,Sale,"$100,001 - $250,000",175000.5,False,Spouse,1278718c-4552-46f1-9b33-e7972215b1dd,https://efdsearch.senate.gov/search/view/paper/1278718c-4552-46f1-9b33-e7972215b1dd/,b6ef11733e440fe5a0597f8e04f191bb24464630c8190aab97028273242d8b1b,senate-efd-ocr,explicit,0
F000062,DIANNE FEINSTEIN,senate,Democrat,CA,,False,2018-11-16,2018-12-18,,MICROSOFT CORP.,Stock,Sale,"$250,001 - $500,000",375000.5,False,Spouse,1278718c-4552-46f1-9b33-e7972215b1dd,https://efdsearch.senate.gov/search/view/paper/1278718c-4552-46f1-9b33-e7972215b1dd/,1a138fbfc127281c577ce095bb6bf02f4572be61bc91383a0ec41c4f6d802584,senate-efd-ocr,explicit,0
F000062,DIANNE FEINSTEIN,senate,Democrat,CA,,False,2018-11-16,2018-12-18,,MONOLITHIC PWR SYS INC.,Stock,Sale,"$50,001 - $100,000",75000.5,False,Spouse,1278718c-4552-46f1-9b33-e7972215b1dd,https://efdsearch.senate.gov/search/view/paper/1278718c-4552-46f1-9b33-e7972215b1dd/,42ff5614b2ec6886acc70608df43969f2c4e478598f60c99371db98b6b6e0f51,senate-efd-ocr,explicit,0
F000062,DIANNE FEINSTEIN,senate,Democrat,CA,,False,2018-11-16,2018-12-18,,NOVARTIS AG,,Sale,"$100,001 - $250,000",175000.5,False,Spouse,1278718c-4552-46f1-9b33-e7972215b1dd,https://efdsearch.senate.gov/search/view/paper/1278718c-4552-46f1-9b33-e7972215b1dd/,162a8aa996a5a7eab5441f3ac69a0cfec1f5616bff56371acf7b27e22887f4fb,senate-efd-ocr,explicit,0
F000062,DIANNE FEINSTEIN,senate,Democrat,CA,,False,2018-11-16,2018-12-18,,RPM INTERNATIONAL INC.,Stock,Sale,"$100,001 - $250,000",175000.5,False,Spouse,1278718c-4552-46f1-9b33-e7972215b1dd,https://efdsearch.senate.gov/search/view/paper/1278718c-4552-46f1-9b33-e7972215b1dd/,c6c62fe2cdbc3c47fb052e4ef725d99fa47edd819b5df02d2de820a7a3382839,senate-efd-ocr,explicit,0
F000062,DIANNE FEINSTEIN,senate,Democrat,CA,,False,2018-11-16,2018-12-18,,SERVICEMASTER GLOBAL HLDGS INC.,Stock,Sale,"$100,001 - $250,000",175000.5,False,Spouse,1278718c-4552-46f1-9b33-e7972215b1dd,https://efdsearch.senate.gov/search/view/paper/1278718c-4552-46f1-9b33-e7972215b1dd/,804b2d9ef4cc37ba92c16fe428c615f59bbf61fca3f2b10059284a2121905849,senate-efd-ocr,explicit,0
F000062,DIANNE FEINSTEIN,senate,Democrat,CA,,False,2018-11-16,2018-12-18,,SYNOPSIS INC.,Stock,Sale,"$100,001 - $250,000",175000.5,False,Spouse,1278718c-4552-46f1-9b33-e7972215b1dd,https://efdsearch.senate.gov/search/view/paper/1278718c-4552-46f1-9b33-e7972215b1dd/,4bcf23a1530c66d7d8da33dd5d937f451ee3f8e86a6a90ef534fef93720e0699,senate-efd-ocr,explicit,0
F000062,DIANNE FEINSTEIN,senate,Democrat,CA,,False,2018-11-16,2018-12-18,,TELEFLEX INC.,Stock,Sale,"$100,001 - $250,000",175000.5,False,Spouse,1278718c-4552-46f1-9b33-e7972215b1dd,https://efdsearch.senate.gov/search/view/paper/1278718c-4552-46f1-9b33-e7972215b1dd/,7c5954f89ce1c253ada578996bbf6e79b296be65eda3a77b8616afebf509ea8d,senate-efd-ocr,explicit,0
F000062,DIANNE FEINSTEIN,senate,Democrat,CA,,False,2018-11-16,2018-12-18,,3M CO.,Stock,Sale,"$100,001 - $250,000",175000.5,False,Spouse,1278718c-4552-46f1-9b33-e7972215b1dd,https://efdsearch.senate.gov/search/view/paper/1278718c-4552-46f1-9b33-e7972215b1dd/,1e366cd391b811a2ac9b82014d3dadb14cb8c682595a8529fa38c9827d8de8c0,senate-efd-ocr,explicit,0
F000062,DIANNE FEINSTEIN,senate,Democrat,CA,,False,2018-11-16,2018-12-18,,US FOODS HLDG CORP.,Stock,Sale,"$100,001 - $250,000",175000.5,False,Spouse,1278718c-4552-46f1-9b33-e7972215b1dd,https://efdsearch.senate.gov/search/view/paper/1278718c-4552-46f1-9b33-e7972215b1dd/,77be0bcbfd1321da0f91c626e6a9220a9448b4d1bb150fb4167199ef27753165,senate-efd-ocr,explicit,0
F000062,DIANNE FEINSTEIN,senate,Democrat,CA,,False,2018-11-16,2018-12-18,,VICI PPTYS INC.,Stock,Sale,"$100,001 - $250,000",175000.5,False,Spouse,1278718c-4552-46f1-9b33-e7972215b1dd,https://efdsearch.senate.gov/search/view/paper/1278718c-4552-46f1-9b33-e7972215b1dd/,5f3811817b055255b7e72b5a6ff3a7900377970e9b691d352ee502ba489d30bf,senate-efd-ocr,explicit,0
F000062,DIANNE FEINSTEIN,senate,Democrat,CA,,False,2018-11-16,2018-12-18,,VISA INC.,Stock,Sale,"$100,001 - $250,000",175000.5,False,Spouse,1278718c-4552-46f1-9b33-e7972215b1dd,https://efdsearch.senate.gov/search/view/paper/1278718c-4552-46f1-9b33-e7972215b1dd/,0f5c903c6c05abb0d71d4cee3b8c59f53685995c9080ce22bb878e429cd075b7,senate-efd-ocr,explicit,0
F000062,DIANNE FEINSTEIN,senate,Democrat,CA,,False,2018-11-16,2018-12-18,,WASTE CONNECTIONS INC.,Stock,Sale,"$100,001 - $250,000",175000.5,False,Spouse,1278718c-4552-46f1-9b33-e7972215b1dd,https://efdsearch.senate.gov/search/view/paper/1278718c-4552-46f1-9b33-e7972215b1dd/,2642774af49561ea2c49b561fa4a7bf7b2200b00f3a42e524040fcb1c21e4d2b,senate-efd-ocr,explicit,0
F000062,DIANNE FEINSTEIN,senate,Democrat,CA,,False,2018-11-15,2018-12-18,,BROOKFIELD ASSET MGMT INC.,Stock,Purchase,"$15,001 - $50,000",32500.5,False,Spouse,1278718c-4552-46f1-9b33-e7972215b1dd,https://efdsearch.senate.gov/search/view/paper/1278718c-4552-46f1-9b33-e7972215b1dd/,d54c44da74f9d177fbdccec87e99ed6d840efd5abb6674b0f21973fa3e625d3c,senate-efd-ocr,explicit,0
F000062,DIANNE FEINSTEIN,senate,Democrat,CA,,False,2018-11-19,2018-12-18,,BROOKFIELD ASSET MGMT INC.,Stock,Purchase,"$250,001 - $500,000",375000.5,False,Spouse,1278718c-4552-46f1-9b33-e7972215b1dd,https://efdsearch.senate.gov/search/view/paper/1278718c-4552-46f1-9b33-e7972215b1dd/,89e92c22da5dcdf7fd135207e0eb7a8e36656a9935c877fd60c3bb37acdddc60,senate-efd-ocr,explicit,0
F000062,DIANNE FEINSTEIN,senate,Democrat,CA,,False,2018-11-19,2018-12-18,,BROOKFIELD ASSET MGMT INC.,Stock,Sale,"$100,001 - $250,000",175000.5,False,Spouse,1278718c-4552-46f1-9b33-e7972215b1dd,https://efdsearch.senate.gov/search/view/paper/1278718c-4552-46f1-9b33-e7972215b1dd/,c1482ec67e8781dbdc5b99f2d57f60f0c77cb7fc3b3e49c1d2bbf0368b670eed,senate-efd-ocr,explicit,0
F000062,DIANNE FEINSTEIN,senate,Democrat,CA,,False,2018-11-13,2018-12-18,,ANTERO MIDSTREAM GP LP,Other,Purchase,"$100,001 - $250,000",175000.5,False,Spouse,1278718c-4552-46f1-9b33-e7972215b1dd,https://efdsearch.senate.gov/search/view/paper/1278718c-4552-46f1-9b33-e7972215b1dd/,0ad5ad365a18fb91ba641bacb070c07119720e6aab1ad4180b8462f9ada2f04a,senate-efd-ocr,explicit,0
F000062,DIANNE FEINSTEIN,senate,Democrat,CA,,False,2018-11-13,2018-12-18,,3M CO.,Stock,Sale,"$100,001 - $250,000",175000.5,False,Spouse,1278718c-4552-46f1-9b33-e7972215b1dd,https://efdsearch.senate.gov/search/view/paper/1278718c-4552-46f1-9b33-e7972215b1dd/,07085ff5204e8ab87de009af720b3f1d94535eb75470d912c07a8b0edfecb411,senate-efd-ocr,explicit,0
F000062,DIANNE FEINSTEIN,senate,Democrat,CA,,False,2018-11-14,2018-12-18,,CUSHMAN & WAKEFIELD LTD,,Sale,"$500,001 - $1,000,000",750000.5,False,Spouse,1278718c-4552-46f1-9b33-e7972215b1dd,https://efdsearch.senate.gov/search/view/paper/1278718c-4552-46f1-9b33-e7972215b1dd/,0a83eaa7440df56d22becba1ae7fac4c80a5d23d36e5b010e5043b819dd1c3cb,senate-efd-ocr,explicit,0
B001236,JOHN BOOZMAN,senate,Republican,AR,"Commission on Security and Cooperation in Europe; SSAF13; SSAF14; SSAF15; SSAF16; SSAF17; SSAP02; SSAP18; SSAP19; SSAP20; SSAP23; SSAP24; SSEV08; SSEV10; SSEV15; Senate Committee on Agriculture, Nutrition, and Forestry; Senate Committee on Appropriations; Senate Committee on Environment and Public Works; Senate Committee on Rules and Administration; Senate Committee on Veterans' Affairs",False,2018-11-13,2018-12-12,,United Rentals Inc,Stock,Sale,"$1,001 - $15,000",8000.5,False,Self,3e144655-b182-41f0-92ec-63388c3e62b7,https://efdsearch.senate.gov/search/view/paper/3e144655-b182-41f0-92ec-63388c3e62b7/,e84f1dd0337a92585abbf0bd21f7c2432890d76e661d62add184f3d25d1c6bcb,senate-efd-ocr,explicit,0
B001236,JOHN BOOZMAN,senate,Republican,AR,"Commission on Security and Cooperation in Europe; SSAF13; SSAF14; SSAF15; SSAF16; SSAF17; SSAP02; SSAP18; SSAP19; SSAP20; SSAP23; SSAP24; SSEV08; SSEV10; SSEV15; Senate Committee on Agriculture, Nutrition, and Forestry; Senate Committee on Appropriations; Senate Committee on Environment and Public Works; Senate Committee on Rules and Administration; Senate Committee on Veterans' Affairs",False,2018-12-04,2018-12-12,,United Technologies,,Sale,"$1,001 - $15,000",8000.5,False,Self,3e144655-b182-41f0-92ec-63388c3e62b7,https://efdsearch.senate.gov/search/view/paper/3e144655-b182-41f0-92ec-63388c3e62b7/,9395090e4d734c49aa5a14fcd6de23ef8599fd667dcc8a2ac0ab687d109b1f0a,senate-efd-ocr,explicit,0
B001236,JOHN BOOZMAN,senate,Republican,AR,"Commission on Security and Cooperation in Europe; SSAF13; SSAF14; SSAF15; SSAF16; SSAF17; SSAP02; SSAP18; SSAP19; SSAP20; SSAP23; SSAP24; SSEV08; SSEV10; SSEV15; Senate Committee on Agriculture, Nutrition, and Forestry; Senate Committee on Appropriations; Senate Committee on Environment and Public Works; Senate Committee on Rules and Administration; Senate Committee on Veterans' Affairs",False,2018-11-13,2018-12-12,,Fortune Brands Home & Sec In Com,,Purchase,"$1,001 - $15,000",8000.5,False,Self,3e144655-b182-41f0-92ec-63388c3e62b7,https://efdsearch.senate.gov/search/view/paper/3e144655-b182-41f0-92ec-63388c3e62b7/,5757eca523d3bedbdedfcbe84616cf2b1cdabe709230ec0d2183d5a96761dc99,senate-efd-ocr,explicit,0
B001236,JOHN BOOZMAN,senate,Republican,AR,"Commission on Security and Cooperation in Europe; SSAF13; SSAF14; SSAF15; SSAF16; SSAF17; SSAP02; SSAP18; SSAP19; SSAP20; SSAP23; SSAP24; SSEV08; SSEV10; SSEV15; Senate Committee on Agriculture, Nutrition, and Forestry; Senate Committee on Appropriations; Senate Committee on Environment and Public Works; Senate Committee on Rules and Administration; Senate Committee on Veterans' Affairs",False,2018-11-30,2018-12-12,,SPDR S & P 500 ETF Trust,Other,Purchase,"$1,001 - $15,000",8000.5,False,Self,3e144655-b182-41f0-92ec-63388c3e62b7,https://efdsearch.senate.gov/search/view/paper/3e144655-b182-41f0-92ec-63388c3e62b7/,abfd1c282ec993d4efc33251548bd92148069e80465e6cdc8e98afea93d81b9d,senate-efd-ocr,explicit,0
B001236,JOHN BOOZMAN,senate,Republican,AR,"Commission on Security and Cooperation in Europe; SSAF13; SSAF14; SSAF15; SSAF16; SSAF17; SSAP02; SSAP18; SSAP19; SSAP20; SSAP23; SSAP24; SSEV08; SSEV10; SSEV15; Senate Committee on Agriculture, Nutrition, and Forestry; Senate Committee on Appropriations; Senate Committee on Environment and Public Works; Senate Committee on Rules and Administration; Senate Committee on Veterans' Affairs",False,2018-11-29,2018-12-12,,United Technologies Reed Shs on Mandatory Exchange of Rockwell Collins,,Exchange,"$1,001 - $15,000",8000.5,False,Self,3e144655-b182-41f0-92ec-63388c3e62b7,https://efdsearch.senate.gov/search/view/paper/3e144655-b182-41f0-92ec-63388c3e62b7/,49b6a11ba0505cdf2c098f7081cdecf7d9f7a025beeb2706651247828754c2f7,senate-efd-ocr,explicit,0
B001135,RICHARD M BURR,senate,Republican,NC,,False,2018-11-08,2018-12-04,,Actuant Corp. Class A (stock) NYSE,Stock,Purchase,"$100,001 - $250,000",175000.5,False,Self,a9376ef3-2a48-4543-94ec-eea5b522bffd,https://efdsearch.senate.gov/search/view/paper/a9376ef3-2a48-4543-94ec-eea5b522bffd/,c7be9fab6e8f0f29d6739c3d5dc4ac6d8098e107744f328e1f834d750fda8c62,senate-efd-ocr,explicit,0
B001135,RICHARD M BURR,senate,Republican,NC,,False,2018-11-08,2018-12-04,,Actuant Corp. Class A (stock) NYSE,Stock,Sale,"$500,001 - $1,000,000",750000.5,False,Self,a9376ef3-2a48-4543-94ec-eea5b522bffd,https://efdsearch.senate.gov/search/view/paper/a9376ef3-2a48-4543-94ec-eea5b522bffd/,e1b8d5c995d9b1197caa41d118cf255ccf17af7bb2bbcaea7074bf8ea597c160,senate-efd-ocr,explicit,0
B001135,RICHARD M BURR,senate,Republican,NC,,False,2018-11-08,2018-12-04,,Axalta Coating Systems Ltd. (stock) NYSE,Stock,Purchase,"$15,001 - $50,000",32500.5,False,Self,a9376ef3-2a48-4543-94ec-eea5b522bffd,https://efdsearch.senate.gov/search/view/paper/a9376ef3-2a48-4543-94ec-eea5b522bffd/,e9b5dd01967f10b68cb09564f9f83ebe4b271ee9997fde70ff8c34bce0a305aa,senate-efd-ocr,explicit,0
B001135,RICHARD M BURR,senate,Republican,NC,,False,2018-11-08,2018-12-04,,Chesapeake Energy Conv PFD Shares (stock) NYSE,Stock,Sale,"$15,001 - $50,000",32500.5,False,Self,a9376ef3-2a48-4543-94ec-eea5b522bffd,https://efdsearch.senate.gov/search/view/paper/a9376ef3-2a48-4543-94ec-eea5b522bffd/,681563af28ce374a752a053bd22d5174307c26760318b88174e06cd9157ddc88,senate-efd-ocr,explicit,0
B001135,RICHARD M BURR,senate,Republican,NC,,False,2018-11-08,2018-12-04,,CSX Corporation (stock) NASDAQ,Stock,Purchase,"$1,001 - $15,000",8000.5,False,Self,a9376ef3-2a48-4543-94ec-eea5b522bffd,https://efdsearch.senate.gov/search/view/paper/a9376ef3-2a48-4543-94ec-eea5b522bffd/,c703493b9046d546f3d8d5571645e3b3e83558e7d7f5c681e6ff281a9ec1bc69,senate-efd-ocr,explicit,0
B001135,RICHARD M BURR,senate,Republican,NC,,False,2018-11-08,2018-12-04,,Flowserve Corp. (stock) NYSE,Stock,Purchase,"$15,001 - $50,000",32500.5,False,Self,a9376ef3-2a48-4543-94ec-eea5b522bffd,https://efdsearch.senate.gov/search/view/paper/a9376ef3-2a48-4543-94ec-eea5b522bffd/,7828f66f3ff1ba4e55b4c04c185db3acf81f918b1ed57bcdc35e46f6dcd01798,senate-efd-ocr,explicit,0
B001135,RICHARD M BURR,senate,Republican,NC,,False,2018-11-08,2018-12-04,,GCI Liberty Inc. - Class A (stock) NASDAQ,Stock,Purchase,"$15,001 - $50,000",32500.5,False,Self,a9376ef3-2a48-4543-94ec-eea5b522bffd,https://efdsearch.senate.gov/search/view/paper/a9376ef3-2a48-4543-94ec-eea5b522bffd/,d9562ebb06f73adab2d1f81b3639ab0015c447bdedd14b73691aeaa254fd577a,senate-efd-ocr,explicit,0
B001135,RICHARD M BURR,senate,Republican,NC,,False,2018-11-08,2018-12-04,,GCI Liberty Inc. - Class A (stock) NASDAQ,Stock,Sale,"$15,001 - $50,000",32500.5,False,Self,a9376ef3-2a48-4543-94ec-eea5b522bffd,https://efdsearch.senate.gov/search/view/paper/a9376ef3-2a48-4543-94ec-eea5b522bffd/,d7c74da152c35babc0eb0a83adbdb347d692b0a0176f13b2fd452c57b79407c4,senate-efd-ocr,explicit,0
B001135,RICHARD M BURR,senate,Republican,NC,,False,2018-11-08,2018-12-04,,LKQ Corp (stock) NASDAQ,Stock,Purchase,"$15,001 - $50,000",32500.5,False,Self,a9376ef3-2a48-4543-94ec-eea5b522bffd,https://efdsearch.senate.gov/search/view/paper/a9376ef3-2a48-4543-94ec-eea5b522bffd/,b9735a0deceb2e894bd8285b6754fb6bda62d8f42fae155d931710412b68e154,senate-efd-ocr,explicit,0
B001135,RICHARD M BURR,senate,Republican,NC,,False,2018-11-08,2018-12-04,,Orion Engineered Carbons SA (stock) NYSE,Stock,Purchase,"$15,001 - $50,000",32500.5,False,Self,a9376ef3-2a48-4543-94ec-eea5b522bffd,https://efdsearch.senate.gov/search/view/paper/a9376ef3-2a48-4543-94ec-eea5b522bffd/,384b2e5b1e82fac086e36f877aeee5deb1aeb85b4647a3b245c4b077b6f59816,senate-efd-ocr,explicit,0
B001135,RICHARD M BURR,senate,Republican,NC,,False,2018-11-08,2018-12-04,,RPM International Inc. (stock) NYSE,Stock,Sale,"$15,001 - $50,000",32500.5,False,Self,a9376ef3-2a48-4543-94ec-eea5b522bffd,https://efdsearch.senate.gov/search/view/paper/a9376ef3-2a48-4543-94ec-eea5b522bffd/,936abf39d080dd2acd8bf6f66ecd3ae39cbc6466851c6d3f3abb284643d52c77,senate-efd-ocr,explicit,0
B001135,RICHARD M BURR,senate,Republican,NC,,False,2018-11-08,2018-12-04,,Wyndam Hotels & Resorts Inc. (stock) NYSE,Stock,Purchase,"$15,001 - $50,000",32500.5,False,Spouse,a9376ef3-2a48-4543-94ec-eea5b522bffd,https://efdsearch.senate.gov/search/view/paper/a9376ef3-2a48-4543-94ec-eea5b522bffd/,635ea9cdb7f155643b24cc329d77bcc2ba408d52445eaa23d07aefcdb24ff34a,senate-efd-ocr,explicit,0
B001135,RICHARD M BURR,senate,Republican,NC,,False,2018-11-08,2018-12-04,,Wyndam Hotels & Resorts Inc. (stock) NYSE,Stock,Sale,"$50,001 - $100,000",75000.5,False,Spouse,a9376ef3-2a48-4543-94ec-eea5b522bffd,https://efdsearch.senate.gov/search/view/paper/a9376ef3-2a48-4543-94ec-eea5b522bffd/,44cc1a287568ce35180768e54af85a07e8b4ee4143a3c4285c9b5b33170cb2f3,senate-efd-ocr,explicit,0
B001135,RICHARD M BURR,senate,Republican,NC,,False,2018-11-08,2018-12-04,,Sealed Air Corp. (stock) NYSE,Stock,Sale,"$15,001 - $50,000",32500.5,False,Spouse,a9376ef3-2a48-4543-94ec-eea5b522bffd,https://efdsearch.senate.gov/search/view/paper/a9376ef3-2a48-4543-94ec-eea5b522bffd/,54d7131332f85f6d35f6f5ffcfaa12096f138eaffea30f923857557efc4e945c,senate-efd-ocr,explicit,0
B001135,RICHARD M BURR,senate,Republican,NC,,False,2018-11-08,2018-12-04,,Actuant Corp Corp Class A (stock) NYSE,Stock,Purchase,"$15,001 - $50,000",32500.5,False,Self,a9376ef3-2a48-4543-94ec-eea5b522bffd,https://efdsearch.senate.gov/search/view/paper/a9376ef3-2a48-4543-94ec-eea5b522bffd/,e874afe0ff5a3e196be9b90d654704dadbdcb58f4fe9efb81b04d335a5159db2,senate-efd-ocr,explicit,0
B001135,RICHARD M BURR,senate,Republican,NC,,False,2018-11-08,2018-12-04,,Axalta Coating Systems Ltd. (stock) NYSE,Stock,Purchase,"$1,001 - $15,000",8000.5,False,Self,a9376ef3-2a48-4543-94ec-eea5b522bffd,https://efdsearch.senate.gov/search/view/paper/a9376ef3-2a48-4543-94ec-eea5b522bffd/,e61067ed0040147841f12e0c8b56228fb4e5d1cee7ebef0019dc01dd10a27d20,senate-efd-ocr,explicit,0
B001135,RICHARD M BURR,senate,Republican,NC,,False,2018-11-08,2018-12-04,,Flowserve Corp. (stock) NYSE,Stock,Sale,"$1,001 - $15,000",8000.5,False,Self,a9376ef3-2a48-4543-94ec-eea5b522bffd,https://efdsearch.senate.gov/search/view/paper/a9376ef3-2a48-4543-94ec-eea5b522bffd/,a9dd0e1aa408116d8c960d4af377cb97cec5460fb2b095e095c6750a73592a03,senate-efd-ocr,explicit,0
B001135,RICHARD M BURR,senate,Republican,NC,,False,2018-11-08,2018-12-04,,GCI Liberty Inc. - Class A (stock) NASDAQ,Stock,Purchase,"$1,001 - $15,000",8000.5,False,Self,a9376ef3-2a48-4543-94ec-eea5b522bffd,https://efdsearch.senate.gov/search/view/paper/a9376ef3-2a48-4543-94ec-eea5b522bffd/,b3d6dfec90bcece9125a1e372d71152dd952cbb67db2abf3b54f48d8b894c58a,senate-efd-ocr,explicit,0
B001135,RICHARD M BURR,senate,Republican,NC,,False,2018-11-08,2018-12-04,,LKQ Corp. (stock) NASDAQ,Stock,Purchase,"$1,001 - $15,000",8000.5,False,Self,a9376ef3-2a48-4543-94ec-eea5b522bffd,https://efdsearch.senate.gov/search/view/paper/a9376ef3-2a48-4543-94ec-eea5b522bffd/,a3a7023fc2b582189264e4a17f2c45affe356503c4217d9a35c7c11f7f96c400,senate-efd-ocr,explicit,0
B001135,RICHARD M BURR,senate,Republican,NC,,False,2018-11-08,2018-12-04,,Orion Engineered Carbons SA (stock) NYSE,Stock,Purchase,"$1,001 - $15,000",8000.5,False,Self,a9376ef3-2a48-4543-94ec-eea5b522bffd,https://efdsearch.senate.gov/search/view/paper/a9376ef3-2a48-4543-94ec-eea5b522bffd/,df4981ecfe57a18cbdd6623abbe26a9ba9b3b1f1b44ae4c1dabd2a90424d9fec,senate-efd-ocr,explicit,0
B001135,RICHARD M BURR,senate,Republican,NC,,False,2018-11-08,2018-12-04,,RPM International Inc. (stock) NYSE,Stock,Sale,"$1,001 - $15,000",8000.5,False,Self,a9376ef3-2a48-4543-94ec-eea5b522bffd,https://efdsearch.senate.gov/search/view/paper/a9376ef3-2a48-4543-94ec-eea5b522bffd/,b30488dd279b078f979efbb373a7b2a83c8aa8597dc2845da427ad745b668d3d,senate-efd-ocr,explicit,0
B001135,RICHARD M BURR,senate,Republican,NC,,False,2018-11-08,2018-12-04,,Sealed Air CP (stock) NYSE,Stock,Purchase,"$1,001 - $15,000",8000.5,False,Self,a9376ef3-2a48-4543-94ec-eea5b522bffd,https://efdsearch.senate.gov/search/view/paper/a9376ef3-2a48-4543-94ec-eea5b522bffd/,513e96c4458321b6b0ffc7a626d07a771da5a83f3d469247380437588a6bcf1e,senate-efd-ocr,explicit,0
B001135,RICHARD M BURR,senate,Republican,NC,,False,2018-11-08,2018-12-04,,Wyndam Hotels & Resorts Inc. (stock) NYSE,Stock,Purchase,"$15,001 - $50,000",32500.5,False,Self,a9376ef3-2a48-4543-94ec-eea5b522bffd,https://efdsearch.senate.gov/search/view/paper/a9376ef3-2a48-4543-94ec-eea5b522bffd/,a00d1dd130395ac6cbb69a196bd81f89c06ed5c52a59445fef06651af3fd97ae,senate-efd-ocr,explicit,0
B001277,RICHARD BLUMENTHAL,senate,Democrat,CT,SSAS13; SSAS14; SSAS17; SSGA01; SSGA20; SSJU01; SSJU22; SSJU25; SSJU28; Senate Committee on Armed Services; Senate Committee on Homeland Security and Governmental Affairs; Senate Committee on Veterans' Affairs; Senate Committee on the Judiciary; United States Senate Caucus on International Narcotics Control,True,2018-11-27,2018-12-04,,Oceanside Hotel Investors LLC,Other,Purchase,"$100,001 - $250,000",175000.5,False,Spouse,6a259a17-8da7-4e6c-bcec-68d10e497c0e,https://efdsearch.senate.gov/search/view/paper/6a259a17-8da7-4e6c-bcec-68d10e497c0e/,c4c3caee9bfb10454e4719da471a9aad48b5f14232d5dcf2a91814d6be3fc988,senate-efd-ocr,explicit,0
B001277,RICHARD BLUMENTHAL,senate,Democrat,CT,SSAS13; SSAS14; SSAS17; SSGA01; SSGA20; SSJU01; SSJU22; SSJU25; SSJU28; Senate Committee on Armed Services; Senate Committee on Homeland Security and Governmental Affairs; Senate Committee on Veterans' Affairs; Senate Committee on the Judiciary; United States Senate Caucus on International Narcotics Control,True,2018-11-27,2018-12-04,,CMB 2009 GRAT - Peter L Malkin Family 9 LLC,Other,Purchase,"$500,001 - $1,000,000",750000.5,False,Spouse,6a259a17-8da7-4e6c-bcec-68d10e497c0e,https://efdsearch.senate.gov/search/view/paper/6a259a17-8da7-4e6c-bcec-68d10e497c0e/,f3f0d367e0e709ae649188972c3508d5fcc1d337ac503ca5c288a925b2cdcf69,senate-efd-ocr,explicit,0
B001277,RICHARD BLUMENTHAL,senate,Democrat,CT,SSAS13; SSAS14; SSAS17; SSGA01; SSGA20; SSJU01; SSJU22; SSJU25; SSJU28; Senate Committee on Armed Services; Senate Committee on Homeland Security and Governmental Affairs; Senate Committee on Veterans' Affairs; Senate Committee on the Judiciary; United States Senate Caucus on International Narcotics Control,True,2018-10-30,2018-11-28,,Peter L Malkin Family 2000 LLC,Other,Purchase,"$500,001 - $1,000,000",750000.5,False,Spouse,298ebe23-17e0-41d0-9e5c-c398ae350857,https://efdsearch.senate.gov/search/view/paper/298ebe23-17e0-41d0-9e5c-c398ae350857/,135421db56570ea3b87185888344b69c3a2f79cde66d581912397b9ddfeaf997,senate-efd-ocr,explicit,0
B001277,RICHARD BLUMENTHAL,senate,Democrat,CT,SSAS13; SSAS14; SSAS17; SSGA01; SSGA20; SSJU01; SSJU22; SSJU25; SSJU28; Senate Committee on Armed Services; Senate Committee on Homeland Security and Governmental Affairs; Senate Committee on Veterans' Affairs; Senate Committee on the Judiciary; United States Senate Caucus on International Narcotics Control,True,2018-10-30,2018-11-28,,ELCM2 LLC,Other,Purchase,"$1,000,001 - $5,000,000",3000000.5,False,Spouse,298ebe23-17e0-41d0-9e5c-c398ae350857,https://efdsearch.senate.gov/search/view/paper/298ebe23-17e0-41d0-9e5c-c398ae350857/,14eb50d15a56b7ecf7306eb241139cd281f3a419e5535e8f428052fef310435a,senate-efd-ocr,explicit,0
B001277,RICHARD BLUMENTHAL,senate,Democrat,CT,SSAS13; SSAS14; SSAS17; SSGA01; SSGA20; SSJU01; SSJU22; SSJU25; SSJU28; Senate Committee on Armed Services; Senate Committee on Homeland Security and Governmental Affairs; Senate Committee on Veterans' Affairs; Senate Committee on the Judiciary; United States Senate Caucus on International Narcotics Control,True,2018-10-30,2018-11-28,,3M's Partners LLC,Other,Purchase,"$1,000,001 - $5,000,000",3000000.5,False,Spouse,298ebe23-17e0-41d0-9e5c-c398ae350857,https://efdsearch.senate.gov/search/view/paper/298ebe23-17e0-41d0-9e5c-c398ae350857/,f868a7e6a9a35ef7be7014c65eec56e2a6f61761aa1060bc0d79f14d9655cc7b,senate-efd-ocr,explicit,0
B001277,RICHARD BLUMENTHAL,senate,Democrat,CT,SSAS13; SSAS14; SSAS17; SSGA01; SSGA20; SSJU01; SSJU22; SSJU25; SSJU28; Senate Committee on Armed Services; Senate Committee on Homeland Security and Governmental Affairs; Senate Committee on Veterans' Affairs; Senate Committee on the Judiciary; United States Senate Caucus on International Narcotics Control,True,2018-10-30,2018-11-28,,ELCM2 LLC,Other,Purchase,"$1,000,001 - $5,000,000",3000000.5,False,Spouse,298ebe23-17e0-41d0-9e5c-c398ae350857,https://efdsearch.senate.gov/search/view/paper/298ebe23-17e0-41d0-9e5c-c398ae350857/,14eb50d15a56b7ecf7306eb241139cd281f3a419e5535e8f428052fef310435a,senate-efd-ocr,explicit,1
B001277,RICHARD BLUMENTHAL,senate,Democrat,CT,SSAS13; SSAS14; SSAS17; SSGA01; SSGA20; SSJU01; SSJU22; SSJU25; SSJU28; Senate Committee on Armed Services; Senate Committee on Homeland Security and Governmental Affairs; Senate Committee on Veterans' Affairs; Senate Committee on the Judiciary; United States Senate Caucus on International Narcotics Control,True,2018-10-30,2018-11-28,,Peter L Malkin Family 9 LLC: ELCM2 LLC,Other,Purchase,"$1,000,001 - $5,000,000",3000000.5,False,Spouse,298ebe23-17e0-41d0-9e5c-c398ae350857,https://efdsearch.senate.gov/search/view/paper/298ebe23-17e0-41d0-9e5c-c398ae350857/,cb572b2f6fcca92a47c41724a5ebb279755f3f14b8f91bc0a22cb0eeb6f717e6,senate-efd-ocr,explicit,0
B001277,RICHARD BLUMENTHAL,senate,Democrat,CT,SSAS13; SSAS14; SSAS17; SSGA01; SSGA20; SSJU01; SSJU22; SSJU25; SSJU28; Senate Committee on Armed Services; Senate Committee on Homeland Security and Governmental Affairs; Senate Committee on Veterans' Affairs; Senate Committee on the Judiciary; United States Senate Caucus on International Narcotics Control,True,2018-10-30,2018-11-28,,Peter L Malkin Family 9 LLC: CMB 2009 GRAT - Peter L Malkin Family 9 LLC - 3M's Partners LLC,Other,Purchase,"$1,000,001 - $5,000,000",3000000.5,False,Spouse,298ebe23-17e0-41d0-9e5c-c398ae350857,https://efdsearch.senate.gov/search/view/paper/298ebe23-17e0-41d0-9e5c-c398ae350857/,d0d957d90a26f9d2ffbbc60d84e2539aee0d77678bde02bf6cab986473138740,senate-efd-ocr,explicit,0
B001277,RICHARD BLUMENTHAL,senate,Democrat,CT,SSAS13; SSAS14; SSAS17; SSGA01; SSGA20; SSJU01; SSJU22; SSJU25; SSJU28; Senate Committee on Armed Services; Senate Committee on Homeland Security and Governmental Affairs; Senate Committee on Veterans' Affairs; Senate Committee on the Judiciary; United States Senate Caucus on International Narcotics Control,True,2018-10-30,2018-11-28,,Peter L Malkin Family 9 LLC: ELCM2 LLC,Other,Purchase,"$1,000,001 - $5,000,000",3000000.5,False,Spouse,298ebe23-17e0-41d0-9e5c-c398ae350857,https://efdsearch.senate.gov/search/view/paper/298ebe23-17e0-41d0-9e5c-c398ae350857/,cb572b2f6fcca92a47c41724a5ebb279755f3f14b8f91bc0a22cb0eeb6f717e6,senate-efd-ocr,explicit,1
B001277,RICHARD BLUMENTHAL,senate,Democrat,CT,SSAS13; SSAS14; SSAS17; SSGA01; SSGA20; SSJU01; SSJU22; SSJU25; SSJU28; Senate Committee on Armed Services; Senate Committee on Homeland Security and Governmental Affairs; Senate Committee on Veterans' Affairs; Senate Committee on the Judiciary; United States Senate Caucus on International Narcotics Control,True,2018-10-30,2018-11-28,,Peter L Malkin Family 9 LLC: ELCM2 LLC,Other,Purchase,"$500,001 - $1,000,000",750000.5,False,Spouse,298ebe23-17e0-41d0-9e5c-c398ae350857,https://efdsearch.senate.gov/search/view/paper/298ebe23-17e0-41d0-9e5c-c398ae350857/,1d5d29babc5e78522cb033cdede55b73db8c8c9ed6b266e71a113859243ee678,senate-efd-ocr,explicit,0
B001277,RICHARD BLUMENTHAL,senate,Democrat,CT,SSAS13; SSAS14; SSAS17; SSGA01; SSGA20; SSJU01; SSJU22; SSJU25; SSJU28; Senate Committee on Armed Services; Senate Committee on Homeland Security and Governmental Affairs; Senate Committee on Veterans' Affairs; Senate Committee on the Judiciary; United States Senate Caucus on International Narcotics Control,True,2018-10-30,2018-11-28,,Peter L Malkin Family 9 LLC: ELCM2 LLC,Other,Purchase,"$500,001 - $1,000,000",750000.5,False,Spouse,298ebe23-17e0-41d0-9e5c-c398ae350857,https://efdsearch.senate.gov/search/view/paper/298ebe23-17e0-41d0-9e5c-c398ae350857/,1d5d29babc5e78522cb033cdede55b73db8c8c9ed6b266e71a113859243ee678,senate-efd-ocr,explicit,1
B001277,RICHARD BLUMENTHAL,senate,Democrat,CT,SSAS13; SSAS14; SSAS17; SSGA01; SSGA20; SSJU01; SSJU22; SSJU25; SSJU28; Senate Committee on Armed Services; Senate Committee on Homeland Security and Governmental Affairs; Senate Committee on Veterans' Affairs; Senate Committee on the Judiciary; United States Senate Caucus on International Narcotics Control,True,2018-10-30,2018-11-28,,CMB 2010 Family Trust - LarryMae Partners LLC: ELCM2 LLC,Other,Purchase,"$500,001 - $1,000,000",750000.5,False,Spouse,298ebe23-17e0-41d0-9e5c-c398ae350857,https://efdsearch.senate.gov/search/view/paper/298ebe23-17e0-41d0-9e5c-c398ae350857/,dd8439e1f2576f264b99ce062733b158a4384885439352ce876a0304148c7391,senate-efd-ocr,explicit,0
B001277,RICHARD BLUMENTHAL,senate,Democrat,CT,SSAS13; SSAS14; SSAS17; SSGA01; SSGA20; SSJU01; SSJU22; SSJU25; SSJU28; Senate Committee on Armed Services; Senate Committee on Homeland Security and Governmental Affairs; Senate Committee on Veterans' Affairs; Senate Committee on the Judiciary; United States Senate Caucus on International Narcotics Control,True,2018-10-30,2018-11-28,,CMB 2009 GRAT - Peter L Malkin Family 9 LLC: ELCM2 LLC,Other,Purchase,"$1,000,001 - $5,000,000",3000000.5,False,Spouse,298ebe23-17e0-41d0-9e5c-c398ae350857,https://efdsearch.senate.gov/search/view/paper/298ebe23-17e0-41d0-9e5c-c398ae350857/,2280d1f14dd8b172e44af9166665e4c4d99d50d4413d97067c481d311b9cab2a,senate-efd-ocr,explicit,0
B001277,RICHARD BLUMENTHAL,senate,Democrat,CT,SSAS13; SSAS14; SSAS17; SSGA01; SSGA20; SSJU01; SSJU22; SSJU25; SSJU28; Senate Committee on Armed Services; Senate Committee on Homeland Security and Governmental Affairs; Senate Committee on Veterans' Affairs; Senate Committee on the Judiciary; United States Senate Caucus on International Narcotics Control,True,2018-10-30,2018-11-28,,Other One LLC: ELCM2 LLC,Other,Purchase,"$500,001 - $1,000,000",750000.5,False,Spouse,298ebe23-17e0-41d0-9e5c-c398ae350857,https://efdsearch.senate.gov/search/view/paper/298ebe23-17e0-41d0-9e5c-c398ae350857/,b3f34179bddf1aa942e28cd719e2da2eed1646fb370e728fb47748dad3c3202b,senate-efd-ocr,explicit,0
B001277,RICHARD BLUMENTHAL,senate,Democrat,CT,SSAS13; SSAS14; SSAS17; SSGA01; SSGA20; SSJU01; SSJU22; SSJU25; SSJU28; Senate Committee on Armed Services; Senate Committee on Homeland Security and Governmental Affairs; Senate Committee on Veterans' Affairs; Senate Committee on the Judiciary; United States Senate Caucus on International Narcotics Control,True,2018-10-30,2018-11-28,,EAOGT LLC: ELCM2 LLC,Other,Purchase,"$500,001 - $1,000,000",750000.5,False,Spouse,298ebe23-17e0-41d0-9e5c-c398ae350857,https://efdsearch.senate.gov/search/view/paper/298ebe23-17e0-41d0-9e5c-c398ae350857/,9bd52f428e3eb4c1b340c281527345e56cb272da813c18d76ca5a5c531d88c05,senate-efd-ocr,explicit,0
B001277,RICHARD BLUMENTHAL,senate,Democrat,CT,SSAS13; SSAS14; SSAS17; SSGA01; SSGA20; SSJU01; SSJU22; SSJU25; SSJU28; Senate Committee on Armed Services; Senate Committee on Homeland Security and Governmental Affairs; Senate Committee on Veterans' Affairs; Senate Committee on the Judiciary; United States Senate Caucus on International Narcotics Control,True,2018-10-30,2018-11-28,,Peter L Makin Family 2000 LLC - AAM Partners LLC,Other,Purchase,"$100,001 - $250,000",175000.5,False,Spouse,298ebe23-17e0-41d0-9e5c-c398ae350857,https://efdsearch.senate.gov/search/view/paper/298ebe23-17e0-41d0-9e5c-c398ae350857/,689859b57724010e9f83c35b2f5d5c3062b64b3df416d77b07255c28a2d72c84,senate-efd-ocr,explicit,0
B001277,RICHARD BLUMENTHAL,senate,Democrat,CT,SSAS13; SSAS14; SSAS17; SSGA01; SSGA20; SSJU01; SSJU22; SSJU25; SSJU28; Senate Committee on Armed Services; Senate Committee on Homeland Security and Governmental Affairs; Senate Committee on Veterans' Affairs; Senate Committee on the Judiciary; United States Senate Caucus on International Narcotics Control,True,2018-10-30,2018-11-28,,ELCM2 LLC,Other,Purchase,"$100,001 - $250,000",175000.5,False,Spouse,298ebe23-17e0-41d0-9e5c-c398ae350857,https://efdsearch.senate.gov/search/view/paper/298ebe23-17e0-41d0-9e5c-c398ae350857/,5a33d7637e8ef3ba939ffaed0831b8b965f057f4fdae914bf988a40c84159538,senate-efd-ocr,explicit,0
B001277,RICHARD BLUMENTHAL,senate,Democrat,CT,SSAS13; SSAS14; SSAS17; SSGA01; SSGA20; SSJU01; SSJU22; SSJU25; SSJU28; Senate Committee on Armed Services; Senate Committee on Homeland Security and Governmental Affairs; Senate Committee on Veterans' Affairs; Senate Committee on the Judiciary; United States Senate Caucus on International Narcotics Control,True,,2018-11-28,,New Things Partners LLC - AAM Partners LLC,Other,Purchase,"$15,001 - $50,000",32500.5,False,Spouse,298ebe23-17e0-41d0-9e5c-c398ae350857,https://efdsearch.senate.gov/search/view/paper/298ebe23-17e0-41d0-9e5c-c398ae350857/,87c6754316975b26f71d1136add476c18a379ccf1d89ddef426fbb00c77d5283,senate-efd-ocr,explicit,0
B001277,RICHARD BLUMENTHAL,senate,Democrat,CT,SSAS13; SSAS14; SSAS17; SSGA01; SSGA20; SSJU01; SSJU22; SSJU25; SSJU28; Senate Committee on Armed Services; Senate Committee on Homeland Security and Governmental Affairs; Senate Committee on Veterans' Affairs; Senate Committee on the Judiciary; United States Senate Caucus on International Narcotics Control,True,2018-10-30,2018-11-28,,ELCM2 LLC,Other,Purchase,"$100,001 - $250,000",175000.5,False,Spouse,298ebe23-17e0-41d0-9e5c-c398ae350857,https://efdsearch.senate.gov/search/view/paper/298ebe23-17e0-41d0-9e5c-c398ae350857/,5a33d7637e8ef3ba939ffaed0831b8b965f057f4fdae914bf988a40c84159538,senate-efd-ocr,explicit,1
B001277,RICHARD BLUMENTHAL,senate,Democrat,CT,SSAS13; SSAS14; SSAS17; SSGA01; SSGA20; SSJU01; SSJU22; SSJU25; SSJU28; Senate Committee on Armed Services; Senate Committee on Homeland Security and Governmental Affairs; Senate Committee on Veterans' Affairs; Senate Committee on the Judiciary; United States Senate Caucus on International Narcotics Control,True,2018-10-30,2018-11-28,,Summa I LLC - AAM Partners LLC,Other,Purchase,"$250,001 - $500,000",375000.5,False,Spouse,298ebe23-17e0-41d0-9e5c-c398ae350857,https://efdsearch.senate.gov/search/view/paper/298ebe23-17e0-41d0-9e5c-c398ae350857/,f24bd485d5070db3a26c8f0910d8432f59602a1244cda91a7234d355ec916a3b,senate-efd-ocr,explicit,0
B001277,RICHARD BLUMENTHAL,senate,Democrat,CT,SSAS13; SSAS14; SSAS17; SSGA01; SSGA20; SSJU01; SSJU22; SSJU25; SSJU28; Senate Committee on Armed Services; Senate Committee on Homeland Security and Governmental Affairs; Senate Committee on Veterans' Affairs; Senate Committee on the Judiciary; United States Senate Caucus on International Narcotics Control,True,2018-10-30,2018-11-28,,Hedge Holdings LLC:,Other,Purchase,"$250,001 - $500,000",375000.5,False,Spouse,298ebe23-17e0-41d0-9e5c-c398ae350857,https://efdsearch.senate.gov/search/view/paper/298ebe23-17e0-41d0-9e5c-c398ae350857/,3d04dd514922264edaab1b23def71882acdb929ed618f029d532338ff05da929,senate-efd-ocr,explicit,0
B001277,RICHARD BLUMENTHAL,senate,Democrat,CT,SSAS13; SSAS14; SSAS17; SSGA01; SSGA20; SSJU01; SSJU22; SSJU25; SSJU28; Senate Committee on Armed Services; Senate Committee on Homeland Security and Governmental Affairs; Senate Committee on Veterans' Affairs; Senate Committee on the Judiciary; United States Senate Caucus on International Narcotics Control,True,2018-10-30,2018-11-28,,ELCM2 LLC,Other,Purchase,"$100,001 - $250,000",175000.5,False,Spouse,298ebe23-17e0-41d0-9e5c-c398ae350857,https://efdsearch.senate.gov/search/view/paper/298ebe23-17e0-41d0-9e5c-c398ae350857/,5a33d7637e8ef3ba939ffaed0831b8b965f057f4fdae914bf988a40c84159538,senate-efd-ocr,explicit,2
B001277,RICHARD BLUMENTHAL,senate,Democrat,CT,SSAS13; SSAS14; SSAS17; SSGA01; SSGA20; SSJU01; SSJU22; SSJU25; SSJU28; Senate Committee on Armed Services; Senate Committee on Homeland Security and Governmental Affairs; Senate Committee on Veterans' Affairs; Senate Committee on the Judiciary; United States Senate Caucus on International Narcotics Control,True,,2018-11-28,,Magnifique LLC:,Other,Purchase,"$100,001 - $250,000",175000.5,False,Spouse,298ebe23-17e0-41d0-9e5c-c398ae350857,https://efdsearch.senate.gov/search/view/paper/298ebe23-17e0-41d0-9e5c-c398ae350857/,20ce1616ba119e622ab1a519b935c7ddf9e3773b97b1be5a88ab6fbff7af3f1a,senate-efd-ocr,explicit,0
B001277,RICHARD BLUMENTHAL,senate,Democrat,CT,SSAS13; SSAS14; SSAS17; SSGA01; SSGA20; SSJU01; SSJU22; SSJU25; SSJU28; Senate Committee on Armed Services; Senate Committee on Homeland Security and Governmental Affairs; Senate Committee on Veterans' Affairs; Senate Committee on the Judiciary; United States Senate Caucus on International Narcotics Control,True,2018-11-06,2018-11-28,,Map of Agriculture Group LTD (Non-Public Stock),Stock,Purchase,"$100,001 - $250,000",175000.5,False,Spouse,298ebe23-17e0-41d0-9e5c-c398ae350857,https://efdsearch.senate.gov/search/view/paper/298ebe23-17e0-41d0-9e5c-c398ae350857/,efbf85353afd3f789cd4e1b74298daf66bc3e58c5062fd78dc5603d13f01a687,senate-efd-ocr,explicit,0
B001277,RICHARD BLUMENTHAL,senate,Democrat,CT,SSAS13; SSAS14; SSAS17; SSGA01; SSGA20; SSJU01; SSJU22; SSJU25; SSJU28; Senate Committee on Armed Services; Senate Committee on Homeland Security and Governmental Affairs; Senate Committee on Veterans' Affairs; Senate Committee on the Judiciary; United States Senate Caucus on International Narcotics Control,True,2018-10-29,2018-11-28,,"Vanterra Accelerator Fund, L P",Other,Purchase,"$100,001 - $250,000",175000.5,False,Spouse,298ebe23-17e0-41d0-9e5c-c398ae350857,https://efdsearch.senate.gov/search/view/paper/298ebe23-17e0-41d0-9e5c-c398ae350857/,97c40a286cca101b005efa539777883e59bbe43f8e014dce0683f47a5af628c9,senate-efd-ocr,explicit,0
B001236,JOHN BOOZMAN,senate,Republican,AR,"Commission on Security and Cooperation in Europe; SSAF13; SSAF14; SSAF15; SSAF16; SSAF17; SSAP02; SSAP18; SSAP19; SSAP20; SSAP23; SSAP24; SSEV08; SSEV10; SSEV15; Senate Committee on Agriculture, Nutrition, and Forestry; Senate Committee on Appropriations; Senate Committee on Environment and Public Works; Senate Committee on Rules and Administration; Senate Committee on Veterans' Affairs",False,2018-10-19,2018-11-26,,Doubleline Emg Mkts Inc I,Stock,Purchase,"$1,001 - $15,000",8000.5,False,Self,5c8025e9-c8bb-4f1e-a476-19331fe8f348,https://efdsearch.senate.gov/search/view/paper/5c8025e9-c8bb-4f1e-a476-19331fe8f348/,f2b0cc80cfa551a8696ea451dc3e5c2d6cb51a7147376765ca24c80c477a5ebf,senate-efd-ocr,explicit,0
F000062,DIANNE FEINSTEIN,senate,Democrat,CA,,False,2018-10-31,2018-11-15,,FRONTDOOR INC.,Stock,Purchase,"$15,001 - $50,000",32500.5,False,Self,aa2d3d72-8f88-4eab-8192-b9c7276ae718,https://efdsearch.senate.gov/search/view/paper/aa2d3d72-8f88-4eab-8192-b9c7276ae718/,a4b3886ba5c9f83e43770355a7ce120372981c2b2bae645aa6b89d9d733fa42f,senate-efd-ocr,explicit,0
F000062,DIANNE FEINSTEIN,senate,Democrat,CA,,False,2018-10-31,2018-11-15,,FRONTDOOR INC.,Stock,Sale,"$500,001 - $1,000,000",750000.5,False,Self,aa2d3d72-8f88-4eab-8192-b9c7276ae718,https://efdsearch.senate.gov/search/view/paper/aa2d3d72-8f88-4eab-8192-b9c7276ae718/,47aed8cf80fd26995221891f4e25a8200ae29a1d57ea5984fe5a8b5363c2b555,senate-efd-ocr,explicit,0
F000062,DIANNE FEINSTEIN,senate,Democrat,CA,,False,2018-10-30,2018-11-15,,UNIVAR INC.,Stock,Sale,"$500,001 - $1,000,000",750000.5,False,Self,aa2d3d72-8f88-4eab-8192-b9c7276ae718,https://efdsearch.senate.gov/search/view/paper/aa2d3d72-8f88-4eab-8192-b9c7276ae718/,8970cebe786f49a2070eb42cdabe4e629d9774370d03d52b0a17810a3b267500,senate-efd-ocr,explicit,0
F000062,DIANNE FEINSTEIN,senate,Democrat,CA,,False,2018-10-29,2018-11-15,,UNIVAR INC.,Stock,Sale,"$50,001 - $100,000",75000.5,False,Self,aa2d3d72-8f88-4eab-8192-b9c7276ae718,https://efdsearch.senate.gov/search/view/paper/aa2d3d72-8f88-4eab-8192-b9c7276ae718/,d8f389cb4eae7e325a86878f6f00ed592c6f49989d8584d6709ef54f153b6c28,senate-efd-ocr,explicit,0
F000062,DIANNE FEINSTEIN,senate,Democrat,CA,,False,2018-10-29,2018-11-15,,UNIVAR INC.,Stock,Sale,"$50,001 - $100,000",75000.5,False,Self,aa2d3d72-8f88-4eab-8192-b9c7276ae718,https://efdsearch.senate.gov/search/view/paper/aa2d3d72-8f88-4eab-8192-b9c7276ae718/,d8f389cb4eae7e325a86878f6f00ed592c6f49989d8584d6709ef54f153b6c28,senate-efd-ocr,explicit,1
F000062,DIANNE FEINSTEIN,senate,Democrat,CA,,False,2018-10-26,2018-11-15,,UNIVAR INC.,Stock,Sale,"$100,001 - $250,000",175000.5,False,Self,aa2d3d72-8f88-4eab-8192-b9c7276ae718,https://efdsearch.senate.gov/search/view/paper/aa2d3d72-8f88-4eab-8192-b9c7276ae718/,a89700657e0859ec6481e2a27ace515c103016db2464f8b0697cdadb70e40621,senate-efd-ocr,explicit,0
F000062,DIANNE FEINSTEIN,senate,Democrat,CA,,False,2018-10-26,2018-11-15,,UNIVAR INC.,Stock,Sale,"$100,001 - $250,000",175000.5,False,Self,aa2d3d72-8f88-4eab-8192-b9c7276ae718,https://efdsearch.senate.gov/search/view/paper/aa2d3d72-8f88-4eab-8192-b9c7276ae718/,a89700657e0859ec6481e2a27ace515c103016db2464f8b0697cdadb70e40621,senate-efd-ocr,explicit,1
F000062,DIANNE FEINSTEIN,senate,Democrat,CA,,False,2018-10-26,2018-11-15,,DOWDUPONT INC.,Stock,Sale,"$250,001 - $500,000",375000.5,False,Self,aa2d3d72-8f88-4eab-8192-b9c7276ae718,https://efdsearch.senate.gov/search/view/paper/aa2d3d72-8f88-4eab-8192-b9c7276ae718/,187db5aa0be46ccd2d0739bf3dae5ed23f44a6598e424a02c7353de1d24dcc06,senate-efd-ocr,explicit,0
F000062,DIANNE FEINSTEIN,senate,Democrat,CA,,False,2018-10-12,2018-11-15,,ANTERO MIDSTREAM GP LP,Other,Purchase,"$250,001 - $500,000",375000.5,False,Self,aa2d3d72-8f88-4eab-8192-b9c7276ae718,https://efdsearch.senate.gov/search/view/paper/aa2d3d72-8f88-4eab-8192-b9c7276ae718/,e69c4e0b2134852f7669c09d3381fb4d245039cb5cd3d3b0de025628e422d8e9,senate-efd-ocr,explicit,0
F000062,DIANNE FEINSTEIN,senate,Democrat,CA,,False,2018-10-12,2018-11-15,,ANTERO MIDSTREAM GP LP,Other,Purchase,"$500,001 - $1,000,000",750000.5,False,Self,aa2d3d72-8f88-4eab-8192-b9c7276ae718,https://efdsearch.senate.gov/search/view/paper/aa2d3d72-8f88-4eab-8192-b9c7276ae718/,072869500a9306b5a8e169c0f181d2873203707303052b71d1034e4710610ef8,senate-efd-ocr,explicit,0
F000062,DIANNE FEINSTEIN,senate,Democrat,CA,,False,2018-10-10,2018-11-15,,POST HOLDINGS INC.,Other,Sale,"$50,001 - $100,000",75000.5,False,Self,aa2d3d72-8f88-4eab-8192-b9c7276ae718,https://efdsearch.senate.gov/search/view/paper/aa2d3d72-8f88-4eab-8192-b9c7276ae718/,6b32d28ae5b091ecb96949ce798eebc7e106580d639c0fa98f4bb70eebf964fb,senate-efd-ocr,explicit,0
F000062,DIANNE FEINSTEIN,senate,Democrat,CA,,False,2018-10-10,2018-11-15,,POST HOLDINGS INC.,Other,Sale,"$100,001 - $250,000",175000.5,False,Self,aa2d3d72-8f88-4eab-8192-b9c7276ae718,https://efdsearch.senate.gov/search/view/paper/aa2d3d72-8f88-4eab-8192-b9c7276ae718/,b7a9b183898c106af6c1b30a73d5bc13e6cbc723aef94f028fe87a446eeba824,senate-efd-ocr,explicit,0
F000062,DIANNE FEINSTEIN,senate,Democrat,CA,,False,2018-10-09,2018-11-15,,POST HOLDINGS INC.,Other,Sale,"$100,001 - $250,000",175000.5,False,Self,aa2d3d72-8f88-4eab-8192-b9c7276ae718,https://efdsearch.senate.gov/search/view/paper/aa2d3d72-8f88-4eab-8192-b9c7276ae718/,0b10f7b6c38ef3f61dfa2e436c0a0eb62dc5ae00cacc437769af74a6b0d1c8c0,senate-efd-ocr,explicit,0
F000062,DIANNE FEINSTEIN,senate,Democrat,CA,,False,2018-10-09,2018-11-15,,POST HOLDINGS INC.,Other,Sale,"$15,001 - $50,000",32500.5,False,Self,aa2d3d72-8f88-4eab-8192-b9c7276ae718,https://efdsearch.senate.gov/search/view/paper/aa2d3d72-8f88-4eab-8192-b9c7276ae718/,18f0b12c15767e75a6a56e607af7e4f8e0ba5fa588ddf8df782fe12943adf333,senate-efd-ocr,explicit,0
F000062,DIANNE FEINSTEIN,senate,Democrat,CA,,False,2018-10-09,2018-11-15,,POST HOLDINGS INC.,Other,Sale,"$15,001 - $50,000",32500.5,False,Self,aa2d3d72-8f88-4eab-8192-b9c7276ae718,https://efdsearch.senate.gov/search/view/paper/aa2d3d72-8f88-4eab-8192-b9c7276ae718/,18f0b12c15767e75a6a56e607af7e4f8e0ba5fa588ddf8df782fe12943adf333,senate-efd-ocr,explicit,1
F000062,DIANNE FEINSTEIN,senate,Democrat,CA,,False,2018-10-09,2018-11-15,,POST HOLDINGS INC.,Other,Sale,"$15,001 - $50,000",32500.5,False,Self,aa2d3d72-8f88-4eab-8192-b9c7276ae718,https://efdsearch.senate.gov/search/view/paper/aa2d3d72-8f88-4eab-8192-b9c7276ae718/,18f0b12c15767e75a6a56e607af7e4f8e0ba5fa588ddf8df782fe12943adf333,senate-efd-ocr,explicit,2
F000062,DIANNE FEINSTEIN,senate,Democrat,CA,,False,2018-10-09,2018-11-15,,POST HOLDINGS INC.,Other,Sale,"$15,001 - $50,000",32500.5,False,Self,aa2d3d72-8f88-4eab-8192-b9c7276ae718,https://efdsearch.senate.gov/search/view/paper/aa2d3d72-8f88-4eab-8192-b9c7276ae718/,18f0b12c15767e75a6a56e607af7e4f8e0ba5fa588ddf8df782fe12943adf333,senate-efd-ocr,explicit,3
F000062,DIANNE FEINSTEIN,senate,Democrat,CA,,False,2018-10-01,2018-11-15,,ALPHABET INC.,Stock,Sale,"$15,001 - $50,000",32500.5,False,Self,aa2d3d72-8f88-4eab-8192-b9c7276ae718,https://efdsearch.senate.gov/search/view/paper/aa2d3d72-8f88-4eab-8192-b9c7276ae718/,78736ff0410bfb3452aa07b1bb59c57d6e3035b0fa54805502a493a4787cb93f,senate-efd-ocr,explicit,0
F000062,DIANNE FEINSTEIN,senate,Democrat,CA,,False,2018-10-01,2018-11-15,,BAYER AG,,Purchase,"$15,001 - $50,000",32500.5,False,Self,aa2d3d72-8f88-4eab-8192-b9c7276ae718,https://efdsearch.senate.gov/search/view/paper/aa2d3d72-8f88-4eab-8192-b9c7276ae718/,629dab40a15596a350d661159b50b1921c642081141dbc12637276ccd97cfb08,senate-efd-ocr,explicit,0
F000062,DIANNE FEINSTEIN,senate,Democrat,CA,,False,2018-10-01,2018-11-15,,FACEBOOK INC.,Stock,Purchase,"$15,001 - $50,000",32500.5,False,Self,aa2d3d72-8f88-4eab-8192-b9c7276ae718,https://efdsearch.senate.gov/search/view/paper/aa2d3d72-8f88-4eab-8192-b9c7276ae718/,a65e63bfc30324853fc530902791e7d162dc449b51981d7f615134d0b77f4b10,senate-efd-ocr,explicit,0
F000062,DIANNE FEINSTEIN,senate,Democrat,CA,,False,2018-10-01,2018-11-15,,JOHNSON AND JOHNSON,,Purchase,"$15,001 - $50,000",32500.5,False,Self,aa2d3d72-8f88-4eab-8192-b9c7276ae718,https://efdsearch.senate.gov/search/view/paper/aa2d3d72-8f88-4eab-8192-b9c7276ae718/,94bb9d96875c2ac89f61359b2f25ac47b248e609f69ce7dfddc43518dfd99035,senate-efd-ocr,explicit,0
F000062,DIANNE FEINSTEIN,senate,Democrat,CA,,False,2018-10-09,2018-11-15,,"DOWDUPONT, INC.",Stock,Purchase,"$15,001 - $50,000",32500.5,False,Self,aa2d3d72-8f88-4eab-8192-b9c7276ae718,https://efdsearch.senate.gov/search/view/paper/aa2d3d72-8f88-4eab-8192-b9c7276ae718/,319a67b7eefeb070d8f2b1df7a15dbb550eafd1c5c5e360c1a2ea0c7adb658c6,senate-efd-ocr,explicit,0
F000062,DIANNE FEINSTEIN,senate,Democrat,CA,,False,2018-10-09,2018-11-15,,"DOWDUPONT, INC.",Stock,Sale,"$15,001 - $50,000",32500.5,False,Self,aa2d3d72-8f88-4eab-8192-b9c7276ae718,https://efdsearch.senate.gov/search/view/paper/aa2d3d72-8f88-4eab-8192-b9c7276ae718/,d49f3abb5cd119379271cdf6091812f7b53a332a9ca43a928ab27a09e8621289,senate-efd-ocr,explicit,0
F000062,DIANNE FEINSTEIN,senate,Democrat,CA,,False,2018-10-09,2018-11-15,,POST HOLDINGS INC.,Other,Purchase,"$15,001 - $50,000",32500.5,False,Self,aa2d3d72-8f88-4eab-8192-b9c7276ae718,https://efdsearch.senate.gov/search/view/paper/aa2d3d72-8f88-4eab-8192-b9c7276ae718/,9b6d782d63eabbf215ae53cf9d2604d629c573c57aa85819d274cc5d727f7f7e,senate-efd-ocr,explicit,0
F000062,DIANNE FEINSTEIN,senate,Democrat,CA,,False,2018-10-09,2018-11-15,,POST HOLDINGS INC.,Other,Sale,"$15,001 - $50,000",32500.5,False,Self,aa2d3d72-8f88-4eab-8192-b9c7276ae718,https://efdsearch.senate.gov/search/view/paper/aa2d3d72-8f88-4eab-8192-b9c7276ae718/,18f0b12c15767e75a6a56e607af7e4f8e0ba5fa588ddf8df782fe12943adf333,senate-efd-ocr,explicit,4
F000062,DIANNE FEINSTEIN,senate,Democrat,CA,,False,2018-10-10,2018-11-15,,POST HOLDINGS INC.,Other,Sale,"$15,001 - $50,000",32500.5,False,Self,aa2d3d72-8f88-4eab-8192-b9c7276ae718,https://efdsearch.senate.gov/search/view/paper/aa2d3d72-8f88-4eab-8192-b9c7276ae718/,af31ccf5402633f2ed2cbae962e02b8a49be9b59eaea3952d93ed729074149cc,senate-efd-ocr,explicit,0
F000062,DIANNE FEINSTEIN,senate,Democrat,CA,,False,2018-10-11,2018-11-15,,DOWDUPONT INC.,Stock,Sale,"$50,001 - $100,000",75000.5,False,Self,aa2d3d72-8f88-4eab-8192-b9c7276ae718,https://efdsearch.senate.gov/search/view/paper/aa2d3d72-8f88-4eab-8192-b9c7276ae718/,04bd6f37102a41d0d78e0c8b6493e5163e9300cc866ca6236e663b903bf1d39a,senate-efd-ocr,explicit,0
F000062,DIANNE FEINSTEIN,senate,Democrat,CA,,False,2018-10-12,2018-11-15,,ANTERO MIDSTREAM GP LP,Other,Purchase,"$15,001 - $50,000",32500.5,False,Self,aa2d3d72-8f88-4eab-8192-b9c7276ae718,https://efdsearch.senate.gov/search/view/paper/aa2d3d72-8f88-4eab-8192-b9c7276ae718/,21c63f011926785ef176bb9099ab788367801eb5c37c450efcd71a03118e4716,senate-efd-ocr,explicit,0
F000062,DIANNE FEINSTEIN,senate,Democrat,CA,,False,2018-10-12,2018-11-15,,ANTERO MIDSTREAM GP LP,Other,Purchase,"$15,001 - $50,000",32500.5,False,Self,aa2d3d72-8f88-4eab-8192-b9c7276ae718,https://efdsearch.senate.gov/search/view/paper/aa2d3d72-8f88-4eab-8192-b9c7276ae718/,21c63f011926785ef176bb9099ab788367801eb5c37c450efcd71a03118e4716,senate-efd-ocr,explicit,1
F000062,DIANNE FEINSTEIN,senate,Democrat,CA,,False,2018-10-12,2018-11-15,,ANTERO MIDSTREAM GP LP,Other,Purchase,"$15,001 - $50,000",32500.5,False,Self,aa2d3d72-8f88-4eab-8192-b9c7276ae718,https://efdsearch.senate.gov/search/view/paper/aa2d3d72-8f88-4eab-8192-b9c7276ae718/,21c63f011926785ef176bb9099ab788367801eb5c37c450efcd71a03118e4716,senate-efd-ocr,explicit,2
F000062,DIANNE FEINSTEIN,senate,Democrat,CA,,False,2018-10-10,2018-11-15,,POST HOLDINGS INC.,Other,Sale,"$15,001 - $50,000",32500.5,False,Self,aa2d3d72-8f88-4eab-8192-b9c7276ae718,https://efdsearch.senate.gov/search/view/paper/aa2d3d72-8f88-4eab-8192-b9c7276ae718/,af31ccf5402633f2ed2cbae962e02b8a49be9b59eaea3952d93ed729074149cc,senate-efd-ocr,explicit,1
F000062,DIANNE FEINSTEIN,senate,Democrat,CA,,False,2018-10-10,2018-11-15,,POST HOLDINGS INC.,Other,Sale,"$15,001 - $50,000",32500.5,False,Self,aa2d3d72-8f88-4eab-8192-b9c7276ae718,https://efdsearch.senate.gov/search/view/paper/aa2d3d72-8f88-4eab-8192-b9c7276ae718/,af31ccf5402633f2ed2cbae962e02b8a49be9b59eaea3952d93ed729074149cc,senate-efd-ocr,explicit,2
F000062,DIANNE FEINSTEIN,senate,Democrat,CA,,False,2018-10-18,2018-11-15,,MONOLITHIC POWER SYSTEM INC.,Stock,Purchase,"$15,001 - $50,000",32500.5,False,Self,aa2d3d72-8f88-4eab-8192-b9c7276ae718,https://efdsearch.senate.gov/search/view/paper/aa2d3d72-8f88-4eab-8192-b9c7276ae718/,e339e8354fe28681543c7fe2b643daec1464fdb6946b60166e5fad5acaac8ace,senate-efd-ocr,explicit,0
F000062,DIANNE FEINSTEIN,senate,Democrat,CA,,False,2018-10-18,2018-11-15,,MONOLITHIC POWER SYSTEM INC.,Stock,Sale,"$15,001 - $50,000",32500.5,False,Self,aa2d3d72-8f88-4eab-8192-b9c7276ae718,https://efdsearch.senate.gov/search/view/paper/aa2d3d72-8f88-4eab-8192-b9c7276ae718/,56f513efe73de4422bdd834541cd2180b3c17d4957a50002d0a88b1199e50a61,senate-efd-ocr,explicit,0
F000062,DIANNE FEINSTEIN,senate,Democrat,CA,,False,2018-10-19,2018-11-15,,MICROCHIP TECHNOLOGY INC.,Stock,Sale,"$50,001 - $100,000",75000.5,False,Self,aa2d3d72-8f88-4eab-8192-b9c7276ae718,https://efdsearch.senate.gov/search/view/paper/aa2d3d72-8f88-4eab-8192-b9c7276ae718/,db311aa7f396b580334fce6993e7f5cb5a94f9f12961db40b3380de0edddd184,senate-efd-ocr,explicit,0
F000062,DIANNE FEINSTEIN,senate,Democrat,CA,,False,2018-10-19,2018-11-15,,MONOLITHIC POWER SYSTEM INC.,Stock,Purchase,"$15,001 - $50,000",32500.5,False,Self,aa2d3d72-8f88-4eab-8192-b9c7276ae718,https://efdsearch.senate.gov/search/view/paper/aa2d3d72-8f88-4eab-8192-b9c7276ae718/,fd765fcf780a96b0299b9d7db006807c4840436f3d28193f0572da4bccc7ff23,senate-efd-ocr,explicit,0
F000062,DIANNE FEINSTEIN,senate,Democrat,CA,,False,2018-10-25,2018-11-15,,UNIVAR INC.,Stock,Sale,"$15,001 - $50,000",32500.5,False,Self,aa2d3d72-8f88-4eab-8192-b9c7276ae718,https://efdsearch.senate.gov/search/view/paper/aa2d3d72-8f88-4eab-8192-b9c7276ae718/,5b8f9176cf616d1a86f45ab9aee54656aeae9f9e8c71e364fa2476546bc808fd,senate-efd-ocr,explicit,0
F000062,DIANNE FEINSTEIN,senate,Democrat,CA,,False,2018-10-25,2018-11-15,,UNIVAR INC.,Stock,Sale,"$15,001 - $50,000",32500.5,False,Self,aa2d3d72-8f88-4eab-8192-b9c7276ae718,https://efdsearch.senate.gov/search/view/paper/aa2d3d72-8f88-4eab-8192-b9c7276ae718/,5b8f9176cf616d1a86f45ab9aee54656aeae9f9e8c71e364fa2476546bc808fd,senate-efd-ocr,explicit,1
F000062,DIANNE FEINSTEIN,senate,Democrat,CA,,False,2018-10-25,2018-11-15,,UNIVAR INC.,Stock,Sale,"$15,001 - $50,000",32500.5,False,Self,aa2d3d72-8f88-4eab-8192-b9c7276ae718,https://efdsearch.senate.gov/search/view/paper/aa2d3d72-8f88-4eab-8192-b9c7276ae718/,5b8f9176cf616d1a86f45ab9aee54656aeae9f9e8c71e364fa2476546bc808fd,senate-efd-ocr,explicit,2
F000062,DIANNE FEINSTEIN,senate,Democrat,CA,,False,2018-10-25,2018-11-15,,UNIVAR INC.,Stock,Sale,"$15,001 - $50,000",32500.5,False,Self,aa2d3d72-8f88-4eab-8192-b9c7276ae718,https://efdsearch.senate.gov/search/view/paper/aa2d3d72-8f88-4eab-8192-b9c7276ae718/,5b8f9176cf616d1a86f45ab9aee54656aeae9f9e8c71e364fa2476546bc808fd,senate-efd-ocr,explicit,3
F000062,DIANNE FEINSTEIN,senate,Democrat,CA,,False,2018-10-26,2018-11-15,,UNIVAR INC.,Stock,Sale,"$15,001 - $50,000",32500.5,False,Self,aa2d3d72-8f88-4eab-8192-b9c7276ae718,https://efdsearch.senate.gov/search/view/paper/aa2d3d72-8f88-4eab-8192-b9c7276ae718/,ed36de10089a66ad3803762fe9e0f8a66e61fb04048f89f1f271266e127323e1,senate-efd-ocr,explicit,0
F000062,DIANNE FEINSTEIN,senate,Democrat,CA,,False,2018-10-26,2018-11-15,,UNIVAR INC.,Stock,Sale,"$15,001 - $50,000",32500.5,False,Self,aa2d3d72-8f88-4eab-8192-b9c7276ae718,https://efdsearch.senate.gov/search/view/paper/aa2d3d72-8f88-4eab-8192-b9c7276ae718/,ed36de10089a66ad3803762fe9e0f8a66e61fb04048f89f1f271266e127323e1,senate-efd-ocr,explicit,1
F000062,DIANNE FEINSTEIN,senate,Democrat,CA,,False,2018-10-26,2018-11-15,,UNIVAR INC.,Stock,Sale,"$15,001 - $50,000",32500.5,False,Self,aa2d3d72-8f88-4eab-8192-b9c7276ae718,https://efdsearch.senate.gov/search/view/paper/aa2d3d72-8f88-4eab-8192-b9c7276ae718/,ed36de10089a66ad3803762fe9e0f8a66e61fb04048f89f1f271266e127323e1,senate-efd-ocr,explicit,2
F000062,DIANNE FEINSTEIN,senate,Democrat,CA,,False,2018-10-29,2018-11-15,,UNIVAR INC.,Stock,Sale,"$1,001 - $15,000",8000.5,False,Self,aa2d3d72-8f88-4eab-8192-b9c7276ae718,https://efdsearch.senate.gov/search/view/paper/aa2d3d72-8f88-4eab-8192-b9c7276ae718/,84f7cb08a88240fea5b3ec42c57362c0b5cba5d7f56cc6aec03513e6876d6006,senate-efd-ocr,explicit,0
F000062,DIANNE FEINSTEIN,senate,Democrat,CA,,False,2018-10-29,2018-11-15,,UNIVAR INC.,Stock,Sale,"$15,001 - $50,000",32500.5,False,Self,aa2d3d72-8f88-4eab-8192-b9c7276ae718,https://efdsearch.senate.gov/search/view/paper/aa2d3d72-8f88-4eab-8192-b9c7276ae718/,ff3e65db95d98f5ed9c6a7bb28a2eadbb1bf83d60f463aaf0fb4f93af7a195d2,senate-efd-ocr,explicit,0
F000062,DIANNE FEINSTEIN,senate,Democrat,CA,,False,2018-10-29,2018-11-15,,UNIVAR INC.,Stock,Sale,"$15,001 - $50,000",32500.5,False,Self,aa2d3d72-8f88-4eab-8192-b9c7276ae718,https://efdsearch.senate.gov/search/view/paper/aa2d3d72-8f88-4eab-8192-b9c7276ae718/,ff3e65db95d98f5ed9c6a7bb28a2eadbb1bf83d60f463aaf0fb4f93af7a195d2,senate-efd-ocr,explicit,1
F000062,DIANNE FEINSTEIN,senate,Democrat,CA,,False,2018-10-29,2018-11-15,,UNIVAR INC.,Stock,Sale,"$15,001 - $50,000",32500.5,False,Self,aa2d3d72-8f88-4eab-8192-b9c7276ae718,https://efdsearch.senate.gov/search/view/paper/aa2d3d72-8f88-4eab-8192-b9c7276ae718/,ff3e65db95d98f5ed9c6a7bb28a2eadbb1bf83d60f463aaf0fb4f93af7a195d2,senate-efd-ocr,explicit,2
F000062,DIANNE FEINSTEIN,senate,Democrat,CA,,False,2018-10-30,2018-11-15,,FRONTDOOR INC.,Stock,Sale,"$15,001 - $50,000",32500.5,False,Self,aa2d3d72-8f88-4eab-8192-b9c7276ae718,https://efdsearch.senate.gov/search/view/paper/aa2d3d72-8f88-4eab-8192-b9c7276ae718/,a1bba5eca32caefba64cf7dab467717bcb4d275913f776c19f10f5ab14827d1f,senate-efd-ocr,explicit,0
F000062,DIANNE FEINSTEIN,senate,Democrat,CA,,False,2018-10-30,2018-11-15,,SYNOPSIS INC.,Stock,Sale,"$15,001 - $50,000",32500.5,False,Self,aa2d3d72-8f88-4eab-8192-b9c7276ae718,https://efdsearch.senate.gov/search/view/paper/aa2d3d72-8f88-4eab-8192-b9c7276ae718/,96ad6752d17f48093caa06f6299aa71f3cb76ff3b68e3b0c8fa807532c87df30,senate-efd-ocr,explicit,0
F000062,DIANNE FEINSTEIN,senate,Democrat,CA,,False,2018-10-31,2018-11-15,,FACEBOOK INC.,Stock,Purchase,"$15,001 - $50,000",32500.5,False,Self,aa2d3d72-8f88-4eab-8192-b9c7276ae718,https://efdsearch.senate.gov/search/view/paper/aa2d3d72-8f88-4eab-8192-b9c7276ae718/,0c1fc66e0941da412041b8ce8caf350d7163aa6e34b57f3272da28e6eefa5c88,senate-efd-ocr,explicit,0
F000062,DIANNE FEINSTEIN,senate,Democrat,CA,,False,2018-10-24,2018-11-15,,CHUBB LTD.,,Sale,"$50,001 - $100,000",75000.5,False,Self,aa2d3d72-8f88-4eab-8192-b9c7276ae718,https://efdsearch.senate.gov/search/view/paper/aa2d3d72-8f88-4eab-8192-b9c7276ae718/,9e840b9034e3f5509ae99b656640db698c30881a09bff64d6fe0238d0900b0ee,senate-efd-ocr,explicit,0
F000062,DIANNE FEINSTEIN,senate,Democrat,CA,,False,2018-10-24,2018-11-15,,UNIVAR INC.,Stock,Purchase,"$50,001 - $100,000",75000.5,False,Self,aa2d3d72-8f88-4eab-8192-b9c7276ae718,https://efdsearch.senate.gov/search/view/paper/aa2d3d72-8f88-4eab-8192-b9c7276ae718/,bc7c1a8843888a44d3022035d0f6fc0d0a8ae576874975568c7332471f9cbba3,senate-efd-ocr,explicit,0
F000062,DIANNE FEINSTEIN,senate,Democrat,CA,,False,2018-10-25,2018-11-15,,DOWDUPONT INC.,Stock,Sale,"$50,001 - $100,000",75000.5,False,Self,aa2d3d72-8f88-4eab-8192-b9c7276ae718,https://efdsearch.senate.gov/search/view/paper/aa2d3d72-8f88-4eab-8192-b9c7276ae718/,a5d05387cc620f319c36b132262e6d093c60fe1c8b5b320f5d00849deb7ba099,senate-efd-ocr,explicit,0
F000062,DIANNE FEINSTEIN,senate,Democrat,CA,,False,2018-10-25,2018-11-15,,DOWDUPONT INC.,Stock,Sale,"$100,001 - $250,000",175000.5,False,Self,aa2d3d72-8f88-4eab-8192-b9c7276ae718,https://efdsearch.senate.gov/search/view/paper/aa2d3d72-8f88-4eab-8192-b9c7276ae718/,88e920870afef48238ae7d1f0115a404caba303068377f41a5faec3b9b5ea7d3,senate-efd-ocr,explicit,0
F000062,DIANNE FEINSTEIN,senate,Democrat,CA,,False,2018-10-25,2018-11-15,,3M CO.,Stock,Purchase,"$15,001 - $50,000",32500.5,False,Self,aa2d3d72-8f88-4eab-8192-b9c7276ae718,https://efdsearch.senate.gov/search/view/paper/aa2d3d72-8f88-4eab-8192-b9c7276ae718/,e52957a62840e8a31c165ff0b04867b92bd0695e8492a5f4313c805f27a47143,senate-efd-ocr,explicit,0
F000062,DIANNE FEINSTEIN,senate,Democrat,CA,,False,2018-10-25,2018-11-15,,UNIVAR INC.,Stock,Sale,"$50,001 - $100,000",75000.5,False,Self,aa2d3d72-8f88-4eab-8192-b9c7276ae718,https://efdsearch.senate.gov/search/view/paper/aa2d3d72-8f88-4eab-8192-b9c7276ae718/,e89a2c890bd044ffb9287736a690f700d1e2d67efe840123c2eb9d708c24b54f,senate-efd-ocr,explicit,0
F000062,DIANNE FEINSTEIN,senate,Democrat,CA,,False,2018-10-25,2018-11-15,,UNIVAR INC.,Stock,Sale,"$15,001 - $50,000",32500.5,False,Self,aa2d3d72-8f88-4eab-8192-b9c7276ae718,https://efdsearch.senate.gov/search/view/paper/aa2d3d72-8f88-4eab-8192-b9c7276ae718/,5b8f9176cf616d1a86f45ab9aee54656aeae9f9e8c71e364fa2476546bc808fd,senate-efd-ocr,explicit,4
F000062,DIANNE FEINSTEIN,senate,Democrat,CA,,False,2018-10-26,2018-11-15,,UNIVAR INC.,Stock,Sale,"$15,001 - $50,000",32500.5,False,Self,aa2d3d72-8f88-4eab-8192-b9c7276ae718,https://efdsearch.senate.gov/search/view/paper/aa2d3d72-8f88-4eab-8192-b9c7276ae718/,ed36de10089a66ad3803762fe9e0f8a66e61fb04048f89f1f271266e127323e1,senate-efd-ocr,explicit,3
F000062,DIANNE FEINSTEIN,senate,Democrat,CA,,False,2018-10-26,2018-11-15,,UNIVAR INC.,Stock,Sale,"$15,001 - $50,000",32500.5,False,Self,aa2d3d72-8f88-4eab-8192-b9c7276ae718,https://efdsearch.senate.gov/search/view/paper/aa2d3d72-8f88-4eab-8192-b9c7276ae718/,ed36de10089a66ad3803762fe9e0f8a66e61fb04048f89f1f271266e127323e1,senate-efd-ocr,explicit,4
F000062,DIANNE FEINSTEIN,senate,Democrat,CA,,False,2018-10-26,2018-11-15,,UNIVAR INC.,Stock,Sale,"$15,001 - $50,000",32500.5,False,Self,aa2d3d72-8f88-4eab-8192-b9c7276ae718,https://efdsearch.senate.gov/search/view/paper/aa2d3d72-8f88-4eab-8192-b9c7276ae718/,ed36de10089a66ad3803762fe9e0f8a66e61fb04048f89f1f271266e127323e1,senate-efd-ocr,explicit,5
F000062,DIANNE FEINSTEIN,senate,Democrat,CA,,False,2018-10-29,2018-11-15,,UNIVAR INC.,Stock,Sale,"$1,001 - $15,000",8000.5,False,Self,aa2d3d72-8f88-4eab-8192-b9c7276ae718,https://efdsearch.senate.gov/search/view/paper/aa2d3d72-8f88-4eab-8192-b9c7276ae718/,84f7cb08a88240fea5b3ec42c57362c0b5cba5d7f56cc6aec03513e6876d6006,senate-efd-ocr,explicit,1
F000062,DIANNE FEINSTEIN,senate,Democrat,CA,,False,2018-10-29,2018-11-15,,UNIVAR INC.,Stock,Sale,"$15,001 - $50,000",32500.5,False,Self,aa2d3d72-8f88-4eab-8192-b9c7276ae718,https://efdsearch.senate.gov/search/view/paper/aa2d3d72-8f88-4eab-8192-b9c7276ae718/,ff3e65db95d98f5ed9c6a7bb28a2eadbb1bf83d60f463aaf0fb4f93af7a195d2,senate-efd-ocr,explicit,3
F000062,DIANNE FEINSTEIN,senate,Democrat,CA,,False,2018-10-30,2018-11-15,,FRONTDOOR INC.,Stock,Sale,"$15,001 - $50,000",32500.5,False,Self,aa2d3d72-8f88-4eab-8192-b9c7276ae718,https://efdsearch.senate.gov/search/view/paper/aa2d3d72-8f88-4eab-8192-b9c7276ae718/,a1bba5eca32caefba64cf7dab467717bcb4d275913f776c19f10f5ab14827d1f,senate-efd-ocr,explicit,1
F000062,DIANNE FEINSTEIN,senate,Democrat,CA,,False,2018-10-30,2018-11-15,,SYNOPSIS INC.,Stock,Sale,"$15,001 - $50,000",32500.5,False,Self,aa2d3d72-8f88-4eab-8192-b9c7276ae718,https://efdsearch.senate.gov/search/view/paper/aa2d3d72-8f88-4eab-8192-b9c7276ae718/,96ad6752d17f48093caa06f6299aa71f3cb76ff3b68e3b0c8fa807532c87df30,senate-efd-ocr,explicit,1
F000062,DIANNE FEINSTEIN,senate,Democrat,CA,,False,2018-10-31,2018-11-15,,FACEBOOK INC.,Stock,Purchase,"$15,001 - $50,000",32500.5,False,Self,aa2d3d72-8f88-4eab-8192-b9c7276ae718,https://efdsearch.senate.gov/search/view/paper/aa2d3d72-8f88-4eab-8192-b9c7276ae718/,0c1fc66e0941da412041b8ce8caf350d7163aa6e34b57f3272da28e6eefa5c88,senate-efd-ocr,explicit,1
F000062,DIANNE FEINSTEIN,senate,Democrat,CA,,False,,2018-11-15,,FRONTDOOR INC.,Stock,Sale,"$15,001 - $50,000",32500.5,False,Spouse,aa2d3d72-8f88-4eab-8192-b9c7276ae718,https://efdsearch.senate.gov/search/view/paper/aa2d3d72-8f88-4eab-8192-b9c7276ae718/,c29c2f4bf68f58cd4f0d721d27ab2ba9f8832e9d15678f0e22e7ae4652cd02c6,senate-efd-ocr,explicit,0
B001277,RICHARD BLUMENTHAL,senate,Democrat,CT,SSAS13; SSAS14; SSAS17; SSGA01; SSGA20; SSJU01; SSJU22; SSJU25; SSJU28; Senate Committee on Armed Services; Senate Committee on Homeland Security and Governmental Affairs; Senate Committee on Veterans' Affairs; Senate Committee on the Judiciary; United States Senate Caucus on International Narcotics Control,True,2018-10-02,2018-10-25,,Transenterix Inc Stock,Stock,Sale,"$15,001 - $50,000",32500.5,False,Spouse,3527564d-67d0-43f7-9d70-02067a55e2fb,https://efdsearch.senate.gov/search/view/paper/3527564d-67d0-43f7-9d70-02067a55e2fb/,22b417b734d8e4d2859af95ed84d8028b2df3f88bd8137930a47835b7050caf5,senate-efd-ocr,explicit,0
B001277,RICHARD BLUMENTHAL,senate,Democrat,CT,SSAS13; SSAS14; SSAS17; SSGA01; SSGA20; SSJU01; SSJU22; SSJU25; SSJU28; Senate Committee on Armed Services; Senate Committee on Homeland Security and Governmental Affairs; Senate Committee on Veterans' Affairs; Senate Committee on the Judiciary; United States Senate Caucus on International Narcotics Control,True,2018-10-02,2018-10-25,,AAM Partners LLC - Summa I LLC,Other,Sale,"$15,001 - $50,000",32500.5,False,Spouse,3527564d-67d0-43f7-9d70-02067a55e2fb,https://efdsearch.senate.gov/search/view/paper/3527564d-67d0-43f7-9d70-02067a55e2fb/,6f9d3cfcf67dc51132ecc4f66f227b4bf7d5de4bb3d9c80c4f441334985f8294,senate-efd-ocr,explicit,0
B001277,RICHARD BLUMENTHAL,senate,Democrat,CT,SSAS13; SSAS14; SSAS17; SSGA01; SSGA20; SSJU01; SSJU22; SSJU25; SSJU28; Senate Committee on Armed Services; Senate Committee on Homeland Security and Governmental Affairs; Senate Committee on Veterans' Affairs; Senate Committee on the Judiciary; United States Senate Caucus on International Narcotics Control,True,2018-10-10,2018-10-25,,Peter L Malkin Family 2000 LLC,Other,Purchase,"$15,001 - $50,000",32500.5,False,Spouse,3527564d-67d0-43f7-9d70-02067a55e2fb,https://efdsearch.senate.gov/search/view/paper/3527564d-67d0-43f7-9d70-02067a55e2fb/,9be3c1fc8352df0aa865c0d7998984369905c227bb0d876eb8c8c1e064bd3a14,senate-efd-ocr,explicit,0
B001277,RICHARD BLUMENTHAL,senate,Democrat,CT,SSAS13; SSAS14; SSAS17; SSGA01; SSGA20; SSJU01; SSJU22; SSJU25; SSJU28; Senate Committee on Armed Services; Senate Committee on Homeland Security and Governmental Affairs; Senate Committee on Veterans' Affairs; Senate Committee on the Judiciary; United States Senate Caucus on International Narcotics Control,True,2018-10-10,2018-10-25,,Gaivota LLC Non-public stock,Other,Sale,"$15,001 - $50,000",32500.5,False,Spouse,3527564d-67d0-43f7-9d70-02067a55e2fb,https://efdsearch.senate.gov/search/view/paper/3527564d-67d0-43f7-9d70-02067a55e2fb/,5d31c8a41ca0ca3d874f32ab53ead308f873a6f7498d653396312696deb2e31d,senate-efd-ocr,explicit,0
B001135,RICHARD M BURR,senate,Republican,NC,,False,2018-09-26,2018-10-16,,Hain Celestial Group Inc. (stock) NASDAQ,Stock,Sale,"$15,001 - $50,000",32500.5,False,Self,0a9a1209-6dc7-499b-be11-847b557c833d,https://efdsearch.senate.gov/search/view/paper/0a9a1209-6dc7-499b-be11-847b557c833d/,bc8af91caa9a24627b14c015ed4c9686f0ffdb31f1f586e592fe9fea75ddc214,senate-efd-ocr,explicit,0
B001135,RICHARD M BURR,senate,Republican,NC,,False,2018-09-26,2018-10-16,,Hain Celestial Group Inc. (stock) NASDAQ,Stock,Sale,"$100,001 - $250,000",175000.5,False,Self,0a9a1209-6dc7-499b-be11-847b557c833d,https://efdsearch.senate.gov/search/view/paper/0a9a1209-6dc7-499b-be11-847b557c833d/,684ac36bf063a1c14bac6bdb8e6a6dbe452f12fbdc6e4c6b87372383bdc6b04b,senate-efd-ocr,explicit,0
F000062,DIANNE FEINSTEIN,senate,Democrat,CA,,False,2018-09-12,2018-10-15,,RPM International Inc.,Stock,Purchase,"$15,001 - $50,000",32500.5,False,Spouse,60f60b4f-0b5d-4090-82a8-b0800110d21e,https://efdsearch.senate.gov/search/view/paper/60f60b4f-0b5d-4090-82a8-b0800110d21e/,7fb90b5789fd8c681b3a634c34a08973609a83b1845b4cbfb16dcd900cd1fbc8,senate-efd-ocr,explicit,0
F000062,DIANNE FEINSTEIN,senate,Democrat,CA,,False,2018-09-12,2018-10-15,,RPM International Inc.,Stock,Sale,"$500,001 - $1,000,000",750000.5,False,Spouse,60f60b4f-0b5d-4090-82a8-b0800110d21e,https://efdsearch.senate.gov/search/view/paper/60f60b4f-0b5d-4090-82a8-b0800110d21e/,98f039c1ff04a29039590d3b5db3c74081bb07ba84d709e95157000de344c410,senate-efd-ocr,explicit,0
F000062,DIANNE FEINSTEIN,senate,Democrat,CA,,False,2018-09-12,2018-10-15,,3M Company,,Purchase,"$50,001 - $100,000",75000.5,False,Spouse,60f60b4f-0b5d-4090-82a8-b0800110d21e,https://efdsearch.senate.gov/search/view/paper/60f60b4f-0b5d-4090-82a8-b0800110d21e/,f8df1a6063c2260b58885fe5fcfedf77aa70fabae99c52545af09f0456f116ba,senate-efd-ocr,explicit,0
F000062,DIANNE FEINSTEIN,senate,Democrat,CA,,False,2018-09-12,2018-10-15,,3M Company,,Purchase,"$50,001 - $100,000",75000.5,False,Spouse,60f60b4f-0b5d-4090-82a8-b0800110d21e,https://efdsearch.senate.gov/search/view/paper/60f60b4f-0b5d-4090-82a8-b0800110d21e/,f8df1a6063c2260b58885fe5fcfedf77aa70fabae99c52545af09f0456f116ba,senate-efd-ocr,explicit,1
F000062,DIANNE FEINSTEIN,senate,Democrat,CA,,False,2018-09-17,2018-10-15,,US Foods Holding Corp,Stock,Purchase,"$15,001 - $50,000",32500.5,False,Spouse,60f60b4f-0b5d-4090-82a8-b0800110d21e,https://efdsearch.senate.gov/search/view/paper/60f60b4f-0b5d-4090-82a8-b0800110d21e/,c34647f026ce10ce07f3fffab87b0cb5e8ccb031996d0b6da1d5f9b278387146,senate-efd-ocr,explicit,0
F000062,DIANNE FEINSTEIN,senate,Democrat,CA,,False,2018-09-20,2018-10-15,,Cognizant Tech Solutions,,Purchase,"$15,001 - $50,000",32500.5,False,Spouse,60f60b4f-0b5d-4090-82a8-b0800110d21e,https://efdsearch.senate.gov/search/view/paper/60f60b4f-0b5d-4090-82a8-b0800110d21e/,516d74fa13d0acbc8d25580787f99eca4b7541142a1ab0da477ea505628a9fc7,senate-efd-ocr,explicit,0
F000062,DIANNE FEINSTEIN,senate,Democrat,CA,,False,2018-09-20,2018-10-15,,Cognizant Tech Solutions,,Sale,"$250,001 - $500,000",375000.5,False,Spouse,60f60b4f-0b5d-4090-82a8-b0800110d21e,https://efdsearch.senate.gov/search/view/paper/60f60b4f-0b5d-4090-82a8-b0800110d21e/,830d6da1c9aad1ff8fb9b9ef178a61b5f68b1aa631287847f3ade21a370b23fb,senate-efd-ocr,explicit,0
F000062,DIANNE FEINSTEIN,senate,Democrat,CA,,False,2018-09-26,2018-10-15,,"Digital Realty Trust, Inc.",Other,Purchase,"$15,001 - $50,000",32500.5,False,Spouse,60f60b4f-0b5d-4090-82a8-b0800110d21e,https://efdsearch.senate.gov/search/view/paper/60f60b4f-0b5d-4090-82a8-b0800110d21e/,8d469c8623a6801c3d6751052cb4fefff02e409e5f9bd761ba92556784ae618c,senate-efd-ocr,explicit,0
F000062,DIANNE FEINSTEIN,senate,Democrat,CA,,False,2018-09-26,2018-10-15,,"Digital Realty Trust, Inc.",Other,Sale,"$250,001 - $500,000",375000.5,False,Spouse,60f60b4f-0b5d-4090-82a8-b0800110d21e,https://efdsearch.senate.gov/search/view/paper/60f60b4f-0b5d-4090-82a8-b0800110d21e/,39fec964b983cbd6b930e2dda5a0231759c3271884e52d0fece88c2ea044750e,senate-efd-ocr,explicit,0
F000062,DIANNE FEINSTEIN,senate,Democrat,CA,,False,2018-09-28,2018-10-15,,"Alphabet, Inc.",Stock,Purchase,"$15,001 - $50,000",32500.5,False,Spouse,60f60b4f-0b5d-4090-82a8-b0800110d21e,https://efdsearch.senate.gov/search/view/paper/60f60b4f-0b5d-4090-82a8-b0800110d21e/,225a951c56f7af8af3fac8c0aa6dc0b9830de198eea108c577bd1a9e239ecb50,senate-efd-ocr,explicit,0
F000062,DIANNE FEINSTEIN,senate,Democrat,CA,,False,2018-09-28,2018-10-15,,Bayer AG,,Purchase,"$15,001 - $50,000",32500.5,False,Spouse,60f60b4f-0b5d-4090-82a8-b0800110d21e,https://efdsearch.senate.gov/search/view/paper/60f60b4f-0b5d-4090-82a8-b0800110d21e/,a54432ece17291bdee43a017022863c2f0fdddedd19c871f1a9bf4ac22fae61c,senate-efd-ocr,explicit,0
F000062,DIANNE FEINSTEIN,senate,Democrat,CA,,False,2018-09-28,2018-10-15,,"Facebook, Inc.",Stock,Sale,"$15,001 - $50,000",32500.5,False,Spouse,60f60b4f-0b5d-4090-82a8-b0800110d21e,https://efdsearch.senate.gov/search/view/paper/60f60b4f-0b5d-4090-82a8-b0800110d21e/,7bb7c2ef424455ef7a610aa04b97b959152d2240ff5657a693e38ae603007eae,senate-efd-ocr,explicit,0
F000062,DIANNE FEINSTEIN,senate,Democrat,CA,,False,2018-09-28,2018-10-15,,Johnson & Johnson,,Purchase,"$15,001 - $50,000",32500.5,False,Spouse,60f60b4f-0b5d-4090-82a8-b0800110d21e,https://efdsearch.senate.gov/search/view/paper/60f60b4f-0b5d-4090-82a8-b0800110d21e/,615242840ba47fc731456c91e2e942d2dc84d21d02e06495ba2f8c543c80db77,senate-efd-ocr,explicit,0
B001236,JOHN BOOZMAN,senate,Republican,AR,"Commission on Security and Cooperation in Europe; SSAF13; SSAF14; SSAF15; SSAF16; SSAF17; SSAP02; SSAP18; SSAP19; SSAP20; SSAP23; SSAP24; SSEV08; SSEV10; SSEV15; Senate Committee on Agriculture, Nutrition, and Forestry; Senate Committee on Appropriations; Senate Committee on Environment and Public Works; Senate Committee on Rules and Administration; Senate Committee on Veterans' Affairs",False,2018-09-24,2018-10-11,,iShares Barclays 3-7 Yr Tsy Bd Fd,,Sale,"$1,001 - $15,000",8000.5,False,Self,6dcf9d5b-80eb-4ed8-b5f7-4b2f52a14200,https://efdsearch.senate.gov/search/view/paper/6dcf9d5b-80eb-4ed8-b5f7-4b2f52a14200/,964d7e963714f9f43222ddcb86ecb4f2446b5e07be6840cd9221a0b8b0efe227,senate-efd-ocr,explicit,0
B001236,JOHN BOOZMAN,senate,Republican,AR,"Commission on Security and Cooperation in Europe; SSAF13; SSAF14; SSAF15; SSAF16; SSAF17; SSAP02; SSAP18; SSAP19; SSAP20; SSAP23; SSAP24; SSEV08; SSEV10; SSEV15; Senate Committee on Agriculture, Nutrition, and Forestry; Senate Committee on Appropriations; Senate Committee on Environment and Public Works; Senate Committee on Rules and Administration; Senate Committee on Veterans' Affairs",False,2018-09-25,2018-10-11,,Invesco Ltd,,Sale,"$1,001 - $15,000",8000.5,False,Self,6dcf9d5b-80eb-4ed8-b5f7-4b2f52a14200,https://efdsearch.senate.gov/search/view/paper/6dcf9d5b-80eb-4ed8-b5f7-4b2f52a14200/,81623e8a6a4abe07da2eef3e8ec2f9ee4389c17d933e13a3033f4ee084facf69,senate-efd-ocr,explicit,0
B001236,JOHN BOOZMAN,senate,Republican,AR,"Commission on Security and Cooperation in Europe; SSAF13; SSAF14; SSAF15; SSAF16; SSAF17; SSAP02; SSAP18; SSAP19; SSAP20; SSAP23; SSAP24; SSEV08; SSEV10; SSEV15; Senate Committee on Agriculture, Nutrition, and Forestry; Senate Committee on Appropriations; Senate Committee on Environment and Public Works; Senate Committee on Rules and Administration; Senate Committee on Veterans' Affairs",False,2018-09-25,2018-10-11,,iShares Tr Barclys 1-3 Yr,,Sale,"$1,001 - $15,000",8000.5,False,Self,6dcf9d5b-80eb-4ed8-b5f7-4b2f52a14200,https://efdsearch.senate.gov/search/view/paper/6dcf9d5b-80eb-4ed8-b5f7-4b2f52a14200/,d63fb555dcac8900e768adfbf4dd8bf0a28eb2c90f2fa29c9a2b83fa1249a755,senate-efd-ocr,explicit,0
B001236,JOHN BOOZMAN,senate,Republican,AR,"Commission on Security and Cooperation in Europe; SSAF13; SSAF14; SSAF15; SSAF16; SSAF17; SSAP02; SSAP18; SSAP19; SSAP20; SSAP23; SSAP24; SSEV08; SSEV10; SSEV15; Senate Committee on Agriculture, Nutrition, and Forestry; Senate Committee on Appropriations; Senate Committee on Environment and Public Works; Senate Committee on Rules and Administration; Senate Committee on Veterans' Affairs",False,2018-09-27,2018-10-11,,iShares Tr Barclys 1-3 Yr,,Sale,"$1,001 - $15,000",8000.5,False,Self,6dcf9d5b-80eb-4ed8-b5f7-4b2f52a14200,https://efdsearch.senate.gov/search/view/paper/6dcf9d5b-80eb-4ed8-b5f7-4b2f52a14200/,f4e15c75ed688c55489d4442c65ba4c4ca1ae927475f538c90ba056d74fd3ca4,senate-efd-ocr,explicit,0
B001236,JOHN BOOZMAN,senate,Republican,AR,"Commission on Security and Cooperation in Europe; SSAF13; SSAF14; SSAF15; SSAF16; SSAF17; SSAP02; SSAP18; SSAP19; SSAP20; SSAP23; SSAP24; SSEV08; SSEV10; SSEV15; Senate Committee on Agriculture, Nutrition, and Forestry; Senate Committee on Appropriations; Senate Committee on Environment and Public Works; Senate Committee on Rules and Administration; Senate Committee on Veterans' Affairs",False,2018-09-25,2018-10-11,,iShares Tr Index Barclys 10-20 Yr,,Sale,"$1,001 - $15,000",8000.5,False,Self,6dcf9d5b-80eb-4ed8-b5f7-4b2f52a14200,https://efdsearch.senate.gov/search/view/paper/6dcf9d5b-80eb-4ed8-b5f7-4b2f52a14200/,c47431f6a344b9390d860e449cc40fe885b3d26071c0164b10baf57249c33099,senate-efd-ocr,explicit,0
B001236,JOHN BOOZMAN,senate,Republican,AR,"Commission on Security and Cooperation in Europe; SSAF13; SSAF14; SSAF15; SSAF16; SSAF17; SSAP02; SSAP18; SSAP19; SSAP20; SSAP23; SSAP24; SSEV08; SSEV10; SSEV15; Senate Committee on Agriculture, Nutrition, and Forestry; Senate Committee on Appropriations; Senate Committee on Environment and Public Works; Senate Committee on Rules and Administration; Senate Committee on Veterans' Affairs",False,2018-09-25,2018-10-11,,iShares Tr Index Barclys 7-10 Yr,,Sale,"$1,001 - $15,000",8000.5,False,Self,6dcf9d5b-80eb-4ed8-b5f7-4b2f52a14200,https://efdsearch.senate.gov/search/view/paper/6dcf9d5b-80eb-4ed8-b5f7-4b2f52a14200/,14e279f1018adbfccb9471a2991f555dacb9d8c2b5a9e7a171869a26b6b4bee0,senate-efd-ocr,explicit,0
B001236,JOHN BOOZMAN,senate,Republican,AR,"Commission on Security and Cooperation in Europe; SSAF13; SSAF14; SSAF15; SSAF16; SSAF17; SSAP02; SSAP18; SSAP19; SSAP20; SSAP23; SSAP24; SSEV08; SSEV10; SSEV15; Senate Committee on Agriculture, Nutrition, and Forestry; Senate Committee on Appropriations; Senate Committee on Environment and Public Works; Senate Committee on Rules and Administration; Senate Committee on Veterans' Affairs",False,2018-09-27,2018-10-11,,Vanguard Index Fds REIT ETF,,Sale,"$1,001 - $15,000",8000.5,False,Self,6dcf9d5b-80eb-4ed8-b5f7-4b2f52a14200,https://efdsearch.senate.gov/search/view/paper/6dcf9d5b-80eb-4ed8-b5f7-4b2f52a14200/,7d613412fc74eafdc3fc999605065e3b1a8365678afbaa40eb5b0a2c5eb1ba66,senate-efd-ocr,explicit,0
B001236,JOHN BOOZMAN,senate,Republican,AR,"Commission on Security and Cooperation in Europe; SSAF13; SSAF14; SSAF15; SSAF16; SSAF17; SSAP02; SSAP18; SSAP19; SSAP20; SSAP23; SSAP24; SSEV08; SSEV10; SSEV15; Senate Committee on Agriculture, Nutrition, and Forestry; Senate Committee on Appropriations; Senate Committee on Environment and Public Works; Senate Committee on Rules and Administration; Senate Committee on Veterans' Affairs",False,2018-09-24,2018-10-11,,Ebay Inc,Stock,Purchase,"$1,001 - $15,000",8000.5,False,Self,6dcf9d5b-80eb-4ed8-b5f7-4b2f52a14200,https://efdsearch.senate.gov/search/view/paper/6dcf9d5b-80eb-4ed8-b5f7-4b2f52a14200/,462af4c393263ee1b5cdad735fc242a686180581a536e8d9b6d4358310be1de9,senate-efd-ocr,explicit,0
B001236,JOHN BOOZMAN,senate,Republican,AR,"Commission on Security and Cooperation in Europe; SSAF13; SSAF14; SSAF15; SSAF16; SSAF17; SSAP02; SSAP18; SSAP19; SSAP20; SSAP23; SSAP24; SSEV08; SSEV10; SSEV15; Senate Committee on Agriculture, Nutrition, and Forestry; Senate Committee on Appropriations; Senate Committee on Environment and Public Works; Senate Committee on Rules and Administration; Senate Committee on Veterans' Affairs",False,2018-09-27,2018-10-11,,Invesco Actively Managed ETF Tr,,Purchase,"$1,001 - $15,000",8000.5,False,Self,6dcf9d5b-80eb-4ed8-b5f7-4b2f52a14200,https://efdsearch.senate.gov/search/view/paper/6dcf9d5b-80eb-4ed8-b5f7-4b2f52a14200/,7c04b715ef5554baafc4b56739445184aec7be19b7bb17eeedf848e8c08a2749,senate-efd-ocr,explicit,0
B001236,JOHN BOOZMAN,senate,Republican,AR,"Commission on Security and Cooperation in Europe; SSAF13; SSAF14; SSAF15; SSAF16; SSAF17; SSAP02; SSAP18; SSAP19; SSAP20; SSAP23; SSAP24; SSEV08; SSEV10; SSEV15; Senate Committee on Agriculture, Nutrition, and Forestry; Senate Committee on Appropriations; Senate Committee on Environment and Public Works; Senate Committee on Rules and Administration; Senate Committee on Veterans' Affairs",False,2018-09-25,2018-10-11,,iShared Jp Morgan Em Bond Fd,Corporate Bond,Purchase,"$15,001 - $50,000",32500.5,False,Self,6dcf9d5b-80eb-4ed8-b5f7-4b2f52a14200,https://efdsearch.senate.gov/search/view/paper/6dcf9d5b-80eb-4ed8-b5f7-4b2f52a14200/,ac83f199c3b774ee5256a397c0beffb1dea208e6e29530cb97df65fe54758885,senate-efd-ocr,explicit,0
B001135,RICHARD M BURR,senate,Republican,NC,,False,2018-02-27,2018-10-09,,Level 3 Communications Inc. (stock),Stock,Exchange,"$15,001 - $50,000",32500.5,False,Self,c413b08c-f70d-41d1-a7b8-ea38a00f6d18,https://efdsearch.senate.gov/search/view/paper/c413b08c-f70d-41d1-a7b8-ea38a00f6d18/,798a80f23749f667f06706e661107b3cc615d87bb693999deaf2baafde31b333,senate-efd-ocr,explicit,0
B001135,RICHARD M BURR,senate,Republican,NC,,False,2018-02-01,2018-10-09,,NASDAQ for Centurylink Inc. (stock),Stock,Exchange,"$500,001 - $1,000,000",750000.5,False,Self,c413b08c-f70d-41d1-a7b8-ea38a00f6d18,https://efdsearch.senate.gov/search/view/paper/c413b08c-f70d-41d1-a7b8-ea38a00f6d18/,65d07b3664ff187967b6b26d01dc0f978c6f028b662208cd2dfd83236b69b8d1,senate-efd-ocr,explicit,0
B001135,RICHARD M BURR,senate,Republican,NC,,False,2018-11-01,2018-10-09,,NASDAQ for Centurylink Inc. (stock),Stock,Sale,"$15,001 - $50,000",32500.5,False,Self,c413b08c-f70d-41d1-a7b8-ea38a00f6d18,https://efdsearch.senate.gov/search/view/paper/c413b08c-f70d-41d1-a7b8-ea38a00f6d18/,395f9c489f589db4279035322c6bf69407911c1f03dd58979fe0c279234f3bf8,senate-efd-ocr,explicit,0
B001277,RICHARD BLUMENTHAL,senate,Democrat,CT,SSAS13; SSAS14; SSAS17; SSGA01; SSGA20; SSJU01; SSJU22; SSJU25; SSJU28; Senate Committee on Armed Services; Senate Committee on Homeland Security and Governmental Affairs; Senate Committee on Veterans' Affairs; Senate Committee on the Judiciary; United States Senate Caucus on International Narcotics Control,True,2018-09-01,2018-10-02,,Peter L Malkin Family 2000 LLC: Parian Global US Fund II LP,Other,Purchase,"$500,001 - $1,000,000",750000.5,False,Self,70abcb59-ae68-44bc-a8db-7ccc5673c5af,https://efdsearch.senate.gov/search/view/paper/70abcb59-ae68-44bc-a8db-7ccc5673c5af/,eb790e75412cd1dd621e6c4c0b2987ce8c6a883c1637f7c302fe020b479230e3,senate-efd-ocr,explicit,0
B001277,RICHARD BLUMENTHAL,senate,Democrat,CT,SSAS13; SSAS14; SSAS17; SSGA01; SSGA20; SSJU01; SSJU22; SSJU25; SSJU28; Senate Committee on Armed Services; Senate Committee on Homeland Security and Governmental Affairs; Senate Committee on Veterans' Affairs; Senate Committee on the Judiciary; United States Senate Caucus on International Narcotics Control,True,2018-09-01,2018-10-02,,Peter L Malkin Family 2000 LLC: Parian Global US Fund II LP,Other,Sale,"$1,000,001 - $5,000,000",3000000.5,False,Self,70abcb59-ae68-44bc-a8db-7ccc5673c5af,https://efdsearch.senate.gov/search/view/paper/70abcb59-ae68-44bc-a8db-7ccc5673c5af/,547bccb452c3b486007383f9655dad70404df0a64027de12113a99187476f419,senate-efd-ocr,explicit,0
B001277,RICHARD BLUMENTHAL,senate,Democrat,CT,SSAS13; SSAS14; SSAS17; SSGA01; SSGA20; SSJU01; SSJU22; SSJU25; SSJU28; Senate Committee on Armed Services; Senate Committee on Homeland Security and Governmental Affairs; Senate Committee on Veterans' Affairs; Senate Committee on the Judiciary; United States Senate Caucus on International Narcotics Control,True,2018-09-01,2018-10-02,,Parian Global US Fund II LP,Other,Purchase,"$1,000,001 - $5,000,000",3000000.5,False,Self,70abcb59-ae68-44bc-a8db-7ccc5673c5af,https://efdsearch.senate.gov/search/view/paper/70abcb59-ae68-44bc-a8db-7ccc5673c5af/,f686947441bf488732f87437e7dac3fbc19e3a264192970c44d59e385bf8b0cd,senate-efd-ocr,explicit,0
B001277,RICHARD BLUMENTHAL,senate,Democrat,CT,SSAS13; SSAS14; SSAS17; SSGA01; SSGA20; SSJU01; SSJU22; SSJU25; SSJU28; Senate Committee on Armed Services; Senate Committee on Homeland Security and Governmental Affairs; Senate Committee on Veterans' Affairs; Senate Committee on the Judiciary; United States Senate Caucus on International Narcotics Control,True,2018-09-01,2018-10-02,,Parian Global US Fund LP,Other,Purchase,"$100,001 - $250,000",175000.5,False,Self,70abcb59-ae68-44bc-a8db-7ccc5673c5af,https://efdsearch.senate.gov/search/view/paper/70abcb59-ae68-44bc-a8db-7ccc5673c5af/,76dfc826b892a10cd12c2f003f2dcff2ffc03a80fce5e5544c27ee981ef9b0e4,senate-efd-ocr,explicit,0
B001277,RICHARD BLUMENTHAL,senate,Democrat,CT,SSAS13; SSAS14; SSAS17; SSGA01; SSGA20; SSJU01; SSJU22; SSJU25; SSJU28; Senate Committee on Armed Services; Senate Committee on Homeland Security and Governmental Affairs; Senate Committee on Veterans' Affairs; Senate Committee on the Judiciary; United States Senate Caucus on International Narcotics Control,True,2018-09-01,2018-10-02,,Parian Global US Fund LP,Other,Purchase,"$250,001 - $500,000",375000.5,False,Self,70abcb59-ae68-44bc-a8db-7ccc5673c5af,https://efdsearch.senate.gov/search/view/paper/70abcb59-ae68-44bc-a8db-7ccc5673c5af/,87f3d6007d5470d276a42095e034a0157dde9206a174b0d0d4d1db193d59b0af,senate-efd-ocr,explicit,0
B001277,RICHARD BLUMENTHAL,senate,Democrat,CT,SSAS13; SSAS14; SSAS17; SSGA01; SSGA20; SSJU01; SSJU22; SSJU25; SSJU28; Senate Committee on Armed Services; Senate Committee on Homeland Security and Governmental Affairs; Senate Committee on Veterans' Affairs; Senate Committee on the Judiciary; United States Senate Caucus on International Narcotics Control,True,2018-09-01,2018-10-02,,Peter L Malkin Family 9 LLC: Parian Global US Fund II LP,Other,Purchase,"$50,001 - $100,000",75000.5,False,Self,70abcb59-ae68-44bc-a8db-7ccc5673c5af,https://efdsearch.senate.gov/search/view/paper/70abcb59-ae68-44bc-a8db-7ccc5673c5af/,721dd61b2edb5a33a79464070bac2daefd17bc34df4eef6bd9beebd190f35aeb,senate-efd-ocr,explicit,0
B001277,RICHARD BLUMENTHAL,senate,Democrat,CT,SSAS13; SSAS14; SSAS17; SSGA01; SSGA20; SSJU01; SSJU22; SSJU25; SSJU28; Senate Committee on Armed Services; Senate Committee on Homeland Security and Governmental Affairs; Senate Committee on Veterans' Affairs; Senate Committee on the Judiciary; United States Senate Caucus on International Narcotics Control,True,2018-09-01,2018-10-02,,CWB 2009 GRAT: Peter L Malkin Family 9 LLC: Parian Global US Fund II LP,Other,Purchase,"$250,001 - $500,000",375000.5,False,Self,70abcb59-ae68-44bc-a8db-7ccc5673c5af,https://efdsearch.senate.gov/search/view/paper/70abcb59-ae68-44bc-a8db-7ccc5673c5af/,5ea7d1c2296084dabdd933c76b9725022a394343c861cb7a119b534aac6ad067,senate-efd-ocr,explicit,0
B001277,RICHARD BLUMENTHAL,senate,Democrat,CT,SSAS13; SSAS14; SSAS17; SSGA01; SSGA20; SSJU01; SSJU22; SSJU25; SSJU28; Senate Committee on Armed Services; Senate Committee on Homeland Security and Governmental Affairs; Senate Committee on Veterans' Affairs; Senate Committee on the Judiciary; United States Senate Caucus on International Narcotics Control,True,2018-09-01,2018-10-02,,CWB 2009 GRAT: Peter L Malkin Family 9 LLC: Parian Global US Fund II LP,Other,Purchase,"$15,001 - $50,000",32500.5,False,Self,70abcb59-ae68-44bc-a8db-7ccc5673c5af,https://efdsearch.senate.gov/search/view/paper/70abcb59-ae68-44bc-a8db-7ccc5673c5af/,d6c3949bf8c13b6dadd5a157006467ec2f70ba41522458ecfc2cd0d3eeb42229,senate-efd-ocr,explicit,0
B001277,RICHARD BLUMENTHAL,senate,Democrat,CT,SSAS13; SSAS14; SSAS17; SSGA01; SSGA20; SSJU01; SSJU22; SSJU25; SSJU28; Senate Committee on Armed Services; Senate Committee on Homeland Security and Governmental Affairs; Senate Committee on Veterans' Affairs; Senate Committee on the Judiciary; United States Senate Caucus on International Narcotics Control,True,2018-09-01,2018-10-02,,Hedge Holdings LLC: Parian Global US Fund LP,Other,Purchase,"$1,000,001 - $5,000,000",3000000.5,False,Self,70abcb59-ae68-44bc-a8db-7ccc5673c5af,https://efdsearch.senate.gov/search/view/paper/70abcb59-ae68-44bc-a8db-7ccc5673c5af/,168fd715b6fa50b8c0d6522a722057601355ec44736d2d4046c0ad96b4e128ea,senate-efd-ocr,explicit,0
B001277,RICHARD BLUMENTHAL,senate,Democrat,CT,SSAS13; SSAS14; SSAS17; SSGA01; SSGA20; SSJU01; SSJU22; SSJU25; SSJU28; Senate Committee on Armed Services; Senate Committee on Homeland Security and Governmental Affairs; Senate Committee on Veterans' Affairs; Senate Committee on the Judiciary; United States Senate Caucus on International Narcotics Control,True,2018-09-01,2018-10-02,,Parian Global US Fund LP,Other,Purchase,"$1,000,001 - $5,000,000",3000000.5,False,Self,70abcb59-ae68-44bc-a8db-7ccc5673c5af,https://efdsearch.senate.gov/search/view/paper/70abcb59-ae68-44bc-a8db-7ccc5673c5af/,ea787acd34be15bf9581aac5eb951396fa3259020bc134080491e5c098fdfc51,senate-efd-ocr,explicit,0
B001277,RICHARD BLUMENTHAL,senate,Democrat,CT,SSAS13; SSAS14; SSAS17; SSGA01; SSGA20; SSJU01; SSJU22; SSJU25; SSJU28; Senate Committee on Armed Services; Senate Committee on Homeland Security and Governmental Affairs; Senate Committee on Veterans' Affairs; Senate Committee on the Judiciary; United States Senate Caucus on International Narcotics Control,True,2018-09-01,2018-10-02,,Parian Global US Fund II LP,Other,Purchase,"$100,001 - $250,000",175000.5,False,Self,70abcb59-ae68-44bc-a8db-7ccc5673c5af,https://efdsearch.senate.gov/search/view/paper/70abcb59-ae68-44bc-a8db-7ccc5673c5af/,f4852693caba120e399b93fef86e6a271a1de2eb3f26d23f41daac5fc4f3ea1a,senate-efd-ocr,explicit,0
B001277,RICHARD BLUMENTHAL,senate,Democrat,CT,SSAS13; SSAS14; SSAS17; SSGA01; SSGA20; SSJU01; SSJU22; SSJU25; SSJU28; Senate Committee on Armed Services; Senate Committee on Homeland Security and Governmental Affairs; Senate Committee on Veterans' Affairs; Senate Committee on the Judiciary; United States Senate Caucus on International Narcotics Control,True,2018-09-01,2018-10-02,,Magnifique LLC:,Other,Purchase,"$250,001 - $500,000",375000.5,False,Self,70abcb59-ae68-44bc-a8db-7ccc5673c5af,https://efdsearch.senate.gov/search/view/paper/70abcb59-ae68-44bc-a8db-7ccc5673c5af/,7020907a3c529ec77a5912cb2462f7c3ebb925239c4fb717899fdfe2c8762c65,senate-efd-ocr,explicit,0
B001277,RICHARD BLUMENTHAL,senate,Democrat,CT,SSAS13; SSAS14; SSAS17; SSGA01; SSGA20; SSJU01; SSJU22; SSJU25; SSJU28; Senate Committee on Armed Services; Senate Committee on Homeland Security and Governmental Affairs; Senate Committee on Veterans' Affairs; Senate Committee on the Judiciary; United States Senate Caucus on International Narcotics Control,True,2018-09-01,2018-10-02,,Parian Global US Fund LP,Other,Purchase,"$500,001 - $1,000,000",750000.5,False,Self,70abcb59-ae68-44bc-a8db-7ccc5673c5af,https://efdsearch.senate.gov/search/view/paper/70abcb59-ae68-44bc-a8db-7ccc5673c5af/,e5b75b73703dde789d7bc4ae07fd3243989fa4b2b8729434475ad945744c89b9,senate-efd-ocr,explicit,0
B001277,RICHARD BLUMENTHAL,senate,Democrat,CT,SSAS13; SSAS14; SSAS17; SSGA01; SSGA20; SSJU01; SSJU22; SSJU25; SSJU28; Senate Committee on Armed Services; Senate Committee on Homeland Security and Governmental Affairs; Senate Committee on Veterans' Affairs; Senate Committee on the Judiciary; United States Senate Caucus on International Narcotics Control,True,2018-09-01,2018-10-02,,Parian Global US Fund II LP,Other,Purchase,"$250,001 - $500,000",375000.5,False,Self,70abcb59-ae68-44bc-a8db-7ccc5673c5af,https://efdsearch.senate.gov/search/view/paper/70abcb59-ae68-44bc-a8db-7ccc5673c5af/,8e77e9a79f69e8d32c27eac2c28654a2211261a269899bcc3fc6821938a97294,senate-efd-ocr,explicit,0
B001277,RICHARD BLUMENTHAL,senate,Democrat,CT,SSAS13; SSAS14; SSAS17; SSGA01; SSGA20; SSJU01; SSJU22; SSJU25; SSJU28; Senate Committee on Armed Services; Senate Committee on Homeland Security and Governmental Affairs; Senate Committee on Veterans' Affairs; Senate Committee on the Judiciary; United States Senate Caucus on International Narcotics Control,True,2018-09-01,2018-10-02,,CMB 2010 Family Trust - LarryMae: Parian Global US Fund II LP,Other,Purchase,"$250,001 - $500,000",375000.5,False,Self,70abcb59-ae68-44bc-a8db-7ccc5673c5af,https://efdsearch.senate.gov/search/view/paper/70abcb59-ae68-44bc-a8db-7ccc5673c5af/,9d5cce22782774f9543903c1e4a5962923f00aa49d8296965609379fc6ac8bf3,senate-efd-ocr,explicit,0
B001135,RICHARD M BURR,senate,Republican,NC,,False,2018-09-05,2018-09-26,,OCI NV Sponsored ADR (stock) NYSE,Stock,Purchase,"$15,001 - $50,000",32500.5,False,Spouse,883ac04d-7b79-4949-9221-6ac7567d2558,https://efdsearch.senate.gov/search/view/paper/883ac04d-7b79-4949-9221-6ac7567d2558/,cb94c68b6c153b5c29024b063f7c525cd570158dbb9bbbe450e1956c7d57d05d,senate-efd-ocr,explicit,0
B001135,RICHARD M BURR,senate,Republican,NC,,False,2018-09-05,2018-09-26,,OCI NV Sponsored ADR (stock) NYSE,Stock,Sale,"$500,001 - $1,000,000",750000.5,False,Spouse,883ac04d-7b79-4949-9221-6ac7567d2558,https://efdsearch.senate.gov/search/view/paper/883ac04d-7b79-4949-9221-6ac7567d2558/,222bada31d67fb770d5b4f7c7e4a8779740ee179284a4f41ea0542fdb2e9ffbe,senate-efd-ocr,explicit,0
B001135,RICHARD M BURR,senate,Republican,NC,,False,2018-09-06,2018-09-26,,OCI NV Sponsored ADR (stock) NYSE,Stock,Sale,"$15,001 - $50,000",32500.5,False,Spouse,883ac04d-7b79-4949-9221-6ac7567d2558,https://efdsearch.senate.gov/search/view/paper/883ac04d-7b79-4949-9221-6ac7567d2558/,d0e0011964601fb77ea81b9ca145757b1f1a5ce1cebbd4302a40703c0bf5339a,senate-efd-ocr,explicit,0
B001135,RICHARD M BURR,senate,Republican,NC,,False,2018-09-06,2018-09-26,,OCI NV Sponsored ADR (stock) NYSE,Stock,Sale,"$15,001 - $50,000",32500.5,False,Spouse,883ac04d-7b79-4949-9221-6ac7567d2558,https://efdsearch.senate.gov/search/view/paper/883ac04d-7b79-4949-9221-6ac7567d2558/,d0e0011964601fb77ea81b9ca145757b1f1a5ce1cebbd4302a40703c0bf5339a,senate-efd-ocr,explicit,1
B001135,RICHARD M BURR,senate,Republican,NC,,False,2018-09-06,2018-09-26,,OCI NV Sponsored ADR (stock) NYSE,Stock,Sale,"$15,001 - $50,000",32500.5,False,Spouse,883ac04d-7b79-4949-9221-6ac7567d2558,https://efdsearch.senate.gov/search/view/paper/883ac04d-7b79-4949-9221-6ac7567d2558/,d0e0011964601fb77ea81b9ca145757b1f1a5ce1cebbd4302a40703c0bf5339a,senate-efd-ocr,explicit,2
B001135,RICHARD M BURR,senate,Republican,NC,,False,2018-09-06,2018-09-26,,OCI NV Sponsored ADR (stock) NYSE,Stock,Sale,"$1,001 - $15,000",8000.5,False,Spouse,883ac04d-7b79-4949-9221-6ac7567d2558,https://efdsearch.senate.gov/search/view/paper/883ac04d-7b79-4949-9221-6ac7567d2558/,cfd6a4a454ecc5c03ef7fe9252901375856fbc36bf9b9ed4075a7e1de67dc30c,senate-efd-ocr,explicit,0
B001135,RICHARD M BURR,senate,Republican,NC,,False,2018-09-07,2018-09-26,,OCI NV Sponsored ADR (stock) NYSE,Stock,Sale,"$15,001 - $50,000",32500.5,False,Spouse,883ac04d-7b79-4949-9221-6ac7567d2558,https://efdsearch.senate.gov/search/view/paper/883ac04d-7b79-4949-9221-6ac7567d2558/,ce85bc6f105ab135323130e63d5f039c11f1ed972160205c6998e740704bb81c,senate-efd-ocr,explicit,0
B001135,RICHARD M BURR,senate,Republican,NC,,False,2018-09-07,2018-09-26,,OCI NV Sponsored ADR (stock) NYSE,Stock,Sale,"$15,001 - $50,000",32500.5,False,Spouse,883ac04d-7b79-4949-9221-6ac7567d2558,https://efdsearch.senate.gov/search/view/paper/883ac04d-7b79-4949-9221-6ac7567d2558/,ce85bc6f105ab135323130e63d5f039c11f1ed972160205c6998e740704bb81c,senate-efd-ocr,explicit,1
B001135,RICHARD M BURR,senate,Republican,NC,,False,2018-09-11,2018-09-26,,OCI NV Sponsored ADR (stock) NYSE,Stock,Purchase,"$1,001 - $15,000",8000.5,False,Spouse,883ac04d-7b79-4949-9221-6ac7567d2558,https://efdsearch.senate.gov/search/view/paper/883ac04d-7b79-4949-9221-6ac7567d2558/,25e8918cdf36edbe1399c03fd74fb60be630acb970d5634d1f8fac7b08ecd8a3,senate-efd-ocr,explicit,0
B001135,RICHARD M BURR,senate,Republican,NC,,False,2018-09-11,2018-09-26,,Everest Re Group Ltd (stock) NYSE,Stock,Purchase,"$50,001 - $100,000",75000.5,False,Spouse,883ac04d-7b79-4949-9221-6ac7567d2558,https://efdsearch.senate.gov/search/view/paper/883ac04d-7b79-4949-9221-6ac7567d2558/,d943b4ff4a41161913aee4f578006337f3261c6864812a1033b31a5de4e8a5cc,senate-efd-ocr,explicit,0
B001277,RICHARD BLUMENTHAL,senate,Democrat,CT,SSAS13; SSAS14; SSAS17; SSGA01; SSGA20; SSJU01; SSJU22; SSJU25; SSJU28; Senate Committee on Armed Services; Senate Committee on Homeland Security and Governmental Affairs; Senate Committee on Veterans' Affairs; Senate Committee on the Judiciary; United States Senate Caucus on International Narcotics Control,True,2018-08-28,2018-09-24,,Peter L Malkin Family 2000 LLC,Other,Sale,"$500,001 - $1,000,000",750000.5,False,Spouse,39aa7199-9987-407f-8d8e-2ed7a49d0339,https://efdsearch.senate.gov/search/view/paper/39aa7199-9987-407f-8d8e-2ed7a49d0339/,453626104561bf8cf0cc772b244dd3d38aa96300d9865c9dcebe97dbc7518ea9,senate-efd-ocr,explicit,0
B001277,RICHARD BLUMENTHAL,senate,Democrat,CT,SSAS13; SSAS14; SSAS17; SSGA01; SSGA20; SSJU01; SSJU22; SSJU25; SSJU28; Senate Committee on Armed Services; Senate Committee on Homeland Security and Governmental Affairs; Senate Committee on Veterans' Affairs; Senate Committee on the Judiciary; United States Senate Caucus on International Narcotics Control,True,2018-08-28,2018-09-24,,Peter L Malkin Family 2000 LLC,Other,Purchase,"$1,000,001 - $5,000,000",3000000.5,False,Spouse,39aa7199-9987-407f-8d8e-2ed7a49d0339,https://efdsearch.senate.gov/search/view/paper/39aa7199-9987-407f-8d8e-2ed7a49d0339/,2a1285e7518a4be464f4c8ed5d29eeb6f909d096a032aafc4ef0afe520baf6ca,senate-efd-ocr,explicit,0
B001277,RICHARD BLUMENTHAL,senate,Democrat,CT,SSAS13; SSAS14; SSAS17; SSGA01; SSGA20; SSJU01; SSJU22; SSJU25; SSJU28; Senate Committee on Armed Services; Senate Committee on Homeland Security and Governmental Affairs; Senate Committee on Veterans' Affairs; Senate Committee on the Judiciary; United States Senate Caucus on International Narcotics Control,True,2018-08-28,2018-09-24,,Serengeti Lycaon Partners LP,Other,Purchase,"$500,001 - $1,000,000",750000.5,False,Spouse,39aa7199-9987-407f-8d8e-2ed7a49d0339,https://efdsearch.senate.gov/search/view/paper/39aa7199-9987-407f-8d8e-2ed7a49d0339/,52ca759d93b474134b044d7239f959c504a130165ff1a0e80383458bf224f32e,senate-efd-ocr,explicit,0
B001277,RICHARD BLUMENTHAL,senate,Democrat,CT,SSAS13; SSAS14; SSAS17; SSGA01; SSGA20; SSJU01; SSJU22; SSJU25; SSJU28; Senate Committee on Armed Services; Senate Committee on Homeland Security and Governmental Affairs; Senate Committee on Veterans' Affairs; Senate Committee on the Judiciary; United States Senate Caucus on International Narcotics Control,True,2018-08-28,2018-09-24,,EOAGT LLC,Other,Purchase,"$500,001 - $1,000,000",750000.5,False,Spouse,39aa7199-9987-407f-8d8e-2ed7a49d0339,https://efdsearch.senate.gov/search/view/paper/39aa7199-9987-407f-8d8e-2ed7a49d0339/,c29fe517b74124078014eb4f6789b7b92e8ee742cb212195e8c006ac317035f2,senate-efd-ocr,explicit,0
B001277,RICHARD BLUMENTHAL,senate,Democrat,CT,SSAS13; SSAS14; SSAS17; SSGA01; SSGA20; SSJU01; SSJU22; SSJU25; SSJU28; Senate Committee on Armed Services; Senate Committee on Homeland Security and Governmental Affairs; Senate Committee on Veterans' Affairs; Senate Committee on the Judiciary; United States Senate Caucus on International Narcotics Control,True,2018-08-28,2018-09-24,,Serengeti Lycaon Partners LP,Other,Purchase,"$250,001 - $500,000",375000.5,False,Spouse,39aa7199-9987-407f-8d8e-2ed7a49d0339,https://efdsearch.senate.gov/search/view/paper/39aa7199-9987-407f-8d8e-2ed7a49d0339/,8a59eb784c1197123b1143cd3329664b8880e939c31adb065f37300dbea66a84,senate-efd-ocr,explicit,0
B001277,RICHARD BLUMENTHAL,senate,Democrat,CT,SSAS13; SSAS14; SSAS17; SSGA01; SSGA20; SSJU01; SSJU22; SSJU25; SSJU28; Senate Committee on Armed Services; Senate Committee on Homeland Security and Governmental Affairs; Senate Committee on Veterans' Affairs; Senate Committee on the Judiciary; United States Senate Caucus on International Narcotics Control,True,2018-08-28,2018-09-24,,CMB 2009 GRAT - Peter L Malkin Family 9 LLC,Other,Purchase,"$250,001 - $500,000",375000.5,False,Spouse,39aa7199-9987-407f-8d8e-2ed7a49d0339,https://efdsearch.senate.gov/search/view/paper/39aa7199-9987-407f-8d8e-2ed7a49d0339/,b2006466ec53d9984a7026d0535a579c06f8a82ef9df2389d0b3f56092f91045,senate-efd-ocr,explicit,0
B001277,RICHARD BLUMENTHAL,senate,Democrat,CT,SSAS13; SSAS14; SSAS17; SSGA01; SSGA20; SSJU01; SSJU22; SSJU25; SSJU28; Senate Committee on Armed Services; Senate Committee on Homeland Security and Governmental Affairs; Senate Committee on Veterans' Affairs; Senate Committee on the Judiciary; United States Senate Caucus on International Narcotics Control,True,2018-08-28,2018-09-24,,Serengeti Lycaon Partners LP,Other,Purchase,"$100,001 - $250,000",175000.5,False,Spouse,39aa7199-9987-407f-8d8e-2ed7a49d0339,https://efdsearch.senate.gov/search/view/paper/39aa7199-9987-407f-8d8e-2ed7a49d0339/,cfc15e5460dfb2226b3972962931e11a9c06a59328617a455dc3fe3d6a4c527c,senate-efd-ocr,explicit,0
B001236,JOHN BOOZMAN,senate,Republican,AR,"Commission on Security and Cooperation in Europe; SSAF13; SSAF14; SSAF15; SSAF16; SSAF17; SSAP02; SSAP18; SSAP19; SSAP20; SSAP23; SSAP24; SSEV08; SSEV10; SSEV15; Senate Committee on Agriculture, Nutrition, and Forestry; Senate Committee on Appropriations; Senate Committee on Environment and Public Works; Senate Committee on Rules and Administration; Senate Committee on Veterans' Affairs",False,2018-08-01,2018-09-19,,Goldman Sachs Treas Acct ETF,,Sale,"$1,001 - $15,000",8000.5,False,Self,0ae483c8-5984-4df3-b793-86c6902d8969,https://efdsearch.senate.gov/search/view/paper/0ae483c8-5984-4df3-b793-86c6902d8969/,0dff3ce07fc3f45bb9fe5469fdfcab6614bc68e4dee152931508a36e55d978e3,senate-efd-ocr,explicit,0
B001236,JOHN BOOZMAN,senate,Republican,AR,"Commission on Security and Cooperation in Europe; SSAF13; SSAF14; SSAF15; SSAF16; SSAF17; SSAP02; SSAP18; SSAP19; SSAP20; SSAP23; SSAP24; SSEV08; SSEV10; SSEV15; Senate Committee on Agriculture, Nutrition, and Forestry; Senate Committee on Appropriations; Senate Committee on Environment and Public Works; Senate Committee on Rules and Administration; Senate Committee on Veterans' Affairs",False,2018-08-27,2018-09-19,,iShares Tr MSCI Emerg Mkt MFC,,Sale,"$15,001 - $50,000",32500.5,False,Self,0ae483c8-5984-4df3-b793-86c6902d8969,https://efdsearch.senate.gov/search/view/paper/0ae483c8-5984-4df3-b793-86c6902d8969/,368756341222d7b4bf1ec44253c578ddb314edce0d4f7ce804f94c46bbc17605,senate-efd-ocr,explicit,0
B001236,JOHN BOOZMAN,senate,Republican,AR,"Commission on Security and Cooperation in Europe; SSAF13; SSAF14; SSAF15; SSAF16; SSAF17; SSAP02; SSAP18; SSAP19; SSAP20; SSAP23; SSAP24; SSEV08; SSEV10; SSEV15; Senate Committee on Agriculture, Nutrition, and Forestry; Senate Committee on Appropriations; Senate Committee on Environment and Public Works; Senate Committee on Rules and Administration; Senate Committee on Veterans' Affairs",False,2018-08-01,2018-09-19,,Invesco Actively Managed ETF Tr Optimum Yield,,Purchase,"$1,001 - $15,000",8000.5,False,Self,0ae483c8-5984-4df3-b793-86c6902d8969,https://efdsearch.senate.gov/search/view/paper/0ae483c8-5984-4df3-b793-86c6902d8969/,ef7aee64d4dfa2d65ff34ff8ea376a887b647ebc314af5e52838faa27eed6807,senate-efd-ocr,explicit,0
B001236,JOHN BOOZMAN,senate,Republican,AR,"Commission on Security and Cooperation in Europe; SSAF13; SSAF14; SSAF15; SSAF16; SSAF17; SSAP02; SSAP18; SSAP19; SSAP20; SSAP23; SSAP24; SSEV08; SSEV10; SSEV15; Senate Committee on Agriculture, Nutrition, and Forestry; Senate Committee on Appropriations; Senate Committee on Environment and Public Works; Senate Committee on Rules and Administration; Senate Committee on Veterans' Affairs",False,2018-08-27,2018-09-19,,Vanguard Emerging Mkt ETF,,Purchase,"$15,001 - $50,000",32500.5,False,Self,0ae483c8-5984-4df3-b793-86c6902d8969,https://efdsearch.senate.gov/search/view/paper/0ae483c8-5984-4df3-b793-86c6902d8969/,6c202d6415ef564677221b3fde95c90a02179074f7acc8f8a8e8015549328f22,senate-efd-ocr,explicit,0
F000062,DIANNE FEINSTEIN,senate,Democrat,CA,,False,2018-08-02,2018-09-13,,CUSHMAN & WAKEFIELD LTD,,Purchase,"$100,001 - $250,000",175000.5,False,Self,4b384664-d12b-465b-8219-c910566adf06,https://efdsearch.senate.gov/search/view/paper/4b384664-d12b-465b-8219-c910566adf06/,cf122776a049f239ad61540ae1b0d1fe0a630b039cb59bff1a1f260d52750a96,senate-efd-ocr,explicit,0
F000062,DIANNE FEINSTEIN,senate,Democrat,CA,,False,2018-08-14,2018-09-13,,AL - AIR LEASE CORP CL A,Stock,Sale,"$250,001 - $500,000",375000.5,False,Self,4b384664-d12b-465b-8219-c910566adf06,https://efdsearch.senate.gov/search/view/paper/4b384664-d12b-465b-8219-c910566adf06/,8912156a1b5975ea3c819b00abacfb85c8693534a1711d67e85e1e5dc1d00336,senate-efd-ocr,explicit,0
F000062,DIANNE FEINSTEIN,senate,Democrat,CA,,False,2018-08-14,2018-09-13,,AL - AIR LEASE CORP CL A,Stock,Sale,"$250,001 - $500,000",375000.5,False,Self,4b384664-d12b-465b-8219-c910566adf06,https://efdsearch.senate.gov/search/view/paper/4b384664-d12b-465b-8219-c910566adf06/,8912156a1b5975ea3c819b00abacfb85c8693534a1711d67e85e1e5dc1d00336,senate-efd-ocr,explicit,1
F000062,DIANNE FEINSTEIN,senate,Democrat,CA,,False,2018-08-13,2018-09-13,,BAYER A G SPONSORED ADR,Stock,Purchase,"$250,001 - $500,000",375000.5,False,Self,4b384664-d12b-465b-8219-c910566adf06,https://efdsearch.senate.gov/search/view/paper/4b384664-d12b-465b-8219-c910566adf06/,ce7670df5e37efe44af07ea0b3d6a74877e614e999d810065c076cc7236513ab,senate-efd-ocr,explicit,0
F000062,DIANNE FEINSTEIN,senate,Democrat,CA,,False,2018-08-13,2018-09-13,,AL - AIR LEASE CORP CL A,Stock,Purchase,"$250,001 - $500,000",375000.5,False,Self,4b384664-d12b-465b-8219-c910566adf06,https://efdsearch.senate.gov/search/view/paper/4b384664-d12b-465b-8219-c910566adf06/,8463bf62a6d2dad42c6c17edfbc15f4a439ef9d48806d3565cf4160a9be679bc,senate-efd-ocr,explicit,0
F000062,DIANNE FEINSTEIN,senate,Democrat,CA,,False,2018-08-03,2018-09-13,,POST HLDGS INC,Stock,Purchase,"$100,001 - $250,000",175000.5,False,Self,4b384664-d12b-465b-8219-c910566adf06,https://efdsearch.senate.gov/search/view/paper/4b384664-d12b-465b-8219-c910566adf06/,585257b213cc83b3c97fa6eb6b93c17f047b3f2b2bdc7bfad9e928f436557c28,senate-efd-ocr,explicit,0
F000062,DIANNE FEINSTEIN,senate,Democrat,CA,,False,2018-08-15,2018-09-13,,AGILENT TECHNOLOGIES,,Purchase,"$15,001 - $50,000",32500.5,False,Self,4b384664-d12b-465b-8219-c910566adf06,https://efdsearch.senate.gov/search/view/paper/4b384664-d12b-465b-8219-c910566adf06/,f5bc4bb1009d4782b6be2f239886c8b653dbd80854fc00b3c47ae631bb0816fa,senate-efd-ocr,explicit,0
F000062,DIANNE FEINSTEIN,senate,Democrat,CA,,False,2018-08-02,2018-09-13,,APPLE INC,Stock,Purchase,"$50,001 - $100,000",75000.5,False,Self,4b384664-d12b-465b-8219-c910566adf06,https://efdsearch.senate.gov/search/view/paper/4b384664-d12b-465b-8219-c910566adf06/,e49bddf0fa64fe92524288c917ee79a063d9855c8c830194ab62d691ae3b1a2d,senate-efd-ocr,explicit,0
F000062,DIANNE FEINSTEIN,senate,Democrat,CA,,False,2018-08-13,2018-09-13,,AIR LEASE CORP CL A,Stock,Purchase,"$15,001 - $50,000",32500.5,False,Self,4b384664-d12b-465b-8219-c910566adf06,https://efdsearch.senate.gov/search/view/paper/4b384664-d12b-465b-8219-c910566adf06/,39bdc1ca7d434c7c9f80a940125f321906cd56eb6ea4239e027dd868eda762bc,senate-efd-ocr,explicit,0
F000062,DIANNE FEINSTEIN,senate,Democrat,CA,,False,2018-08-14,2018-09-13,,AIR LEASE CORP CL A,Stock,Purchase,"$1,001 - $15,000",8000.5,False,Self,4b384664-d12b-465b-8219-c910566adf06,https://efdsearch.senate.gov/search/view/paper/4b384664-d12b-465b-8219-c910566adf06/,f910174bd6f09ee7bc9be5cc33e987a36e231b2f8a8909ffbb28194076dfd761,senate-efd-ocr,explicit,0
F000062,DIANNE FEINSTEIN,senate,Democrat,CA,,False,2018-08-15,2018-09-13,,BAYER AG SPONSORED ADR,Stock,Sale,"$50,001 - $100,000",75000.5,False,Self,4b384664-d12b-465b-8219-c910566adf06,https://efdsearch.senate.gov/search/view/paper/4b384664-d12b-465b-8219-c910566adf06/,93fa590b3d551df7ce59bed014038fdab5e0302a8652eab064d02766e703c772,senate-efd-ocr,explicit,0
F000062,DIANNE FEINSTEIN,senate,Democrat,CA,,False,2018-08-16,2018-09-13,,BAYER AG SPONSORED ADR,Stock,Sale,"$1,001 - $15,000",8000.5,False,Self,4b384664-d12b-465b-8219-c910566adf06,https://efdsearch.senate.gov/search/view/paper/4b384664-d12b-465b-8219-c910566adf06/,b626d90c22bb758466ac8fe8733bbcfcd3027aa107c5ec44361a50e3131a694e,senate-efd-ocr,explicit,0
F000062,DIANNE FEINSTEIN,senate,Democrat,CA,,False,2018-08-17,2018-09-13,,BAYER AG SPONSORED ADR,Stock,Sale,"$50,001 - $100,000",75000.5,False,Self,4b384664-d12b-465b-8219-c910566adf06,https://efdsearch.senate.gov/search/view/paper/4b384664-d12b-465b-8219-c910566adf06/,215d78686665fa87800515fabae2c2d0c5b70a426186d04b5db017bfc2c1ad93,senate-efd-ocr,explicit,0
F000062,DIANNE FEINSTEIN,senate,Democrat,CA,,False,2018-08-21,2018-09-13,,BROOKFIELD PPTY PARTNERS,Other,Purchase,"$100,001 - $250,000",175000.5,False,Self,4b384664-d12b-465b-8219-c910566adf06,https://efdsearch.senate.gov/search/view/paper/4b384664-d12b-465b-8219-c910566adf06/,5dc0f46927b3a255a6e704c1210e2c10427e34979ca8bd9ead9631c737ccbbb4,senate-efd-ocr,explicit,0
F000062,DIANNE FEINSTEIN,senate,Democrat,CA,,False,2018-08-06,2018-09-13,,CHARTER COMMUNICATIONS INC,Stock,Purchase,"$100,001 - $250,000",175000.5,False,Self,4b384664-d12b-465b-8219-c910566adf06,https://efdsearch.senate.gov/search/view/paper/4b384664-d12b-465b-8219-c910566adf06/,09e96934a4b0968b0a71080d6d7cd148f88b5dec4e1339842d5a2ff02e1bdc84,senate-efd-ocr,explicit,0
F000062,DIANNE FEINSTEIN,senate,Democrat,CA,,False,2018-08-06,2018-09-13,,DOWDUPONT INC COM,Stock,Purchase,"$15,001 - $50,000",32500.5,False,Self,4b384664-d12b-465b-8219-c910566adf06,https://efdsearch.senate.gov/search/view/paper/4b384664-d12b-465b-8219-c910566adf06/,70cba74d316d0b545686ba5e3b355291b81386febce9c8df844deb287c8fda9f,senate-efd-ocr,explicit,0
F000062,DIANNE FEINSTEIN,senate,Democrat,CA,,False,2018-08-06,2018-09-13,,NOVARTIS AG SPONSORED ADR,Stock,Sale,"$15,001 - $50,000",32500.5,False,Self,4b384664-d12b-465b-8219-c910566adf06,https://efdsearch.senate.gov/search/view/paper/4b384664-d12b-465b-8219-c910566adf06/,dfce47b4ad725f9733311196a3402c3e48bfc67348c81fb495e33426a8982b74,senate-efd-ocr,explicit,0
F000062,DIANNE FEINSTEIN,senate,Democrat,CA,,False,2018-08-06,2018-09-13,,POST HLDGS INC,Stock,Sale,"$15,001 - $50,000",32500.5,False,Self,4b384664-d12b-465b-8219-c910566adf06,https://efdsearch.senate.gov/search/view/paper/4b384664-d12b-465b-8219-c910566adf06/,9a2681c9eeeaeb53761687c9bbd93a048378fe5882dc21f8d4efee2dbc208e65,senate-efd-ocr,explicit,0
F000062,DIANNE FEINSTEIN,senate,Democrat,CA,,False,2018-08-28,2018-09-13,,SYNOPSYS INC,Stock,Purchase,"$15,001 - $50,000",32500.5,False,Self,4b384664-d12b-465b-8219-c910566adf06,https://efdsearch.senate.gov/search/view/paper/4b384664-d12b-465b-8219-c910566adf06/,c38337bcdd2205cfc863c8af43d61e7096280e1bbb08b871525455b113f7590c,senate-efd-ocr,explicit,0
F000062,DIANNE FEINSTEIN,senate,Democrat,CA,,False,2018-08-27,2018-09-13,,SYNOPSYS INC,Stock,Purchase,"$50,001 - $100,000",75000.5,False,Self,4b384664-d12b-465b-8219-c910566adf06,https://efdsearch.senate.gov/search/view/paper/4b384664-d12b-465b-8219-c910566adf06/,c50f71953a1ad356c2127e22d4819dba748bd4aeddc7275f00114bbaf2957f6c,senate-efd-ocr,explicit,0
F000062,DIANNE FEINSTEIN,senate,Democrat,CA,,False,2018-08-06,2018-09-13,,TELEFLEX INC,Stock,Purchase,"$15,001 - $50,000",32500.5,False,Self,4b384664-d12b-465b-8219-c910566adf06,https://efdsearch.senate.gov/search/view/paper/4b384664-d12b-465b-8219-c910566adf06/,c923e4b59c015278acc832bacd573d3a0c47285ce449e1eb1e2c5fee905e24ab,senate-efd-ocr,explicit,0
F000062,DIANNE FEINSTEIN,senate,Democrat,CA,,False,2018-08-20,2018-09-13,,UNIVAR INC COM,Stock,Purchase,"$15,001 - $50,000",32500.5,False,Self,4b384664-d12b-465b-8219-c910566adf06,https://efdsearch.senate.gov/search/view/paper/4b384664-d12b-465b-8219-c910566adf06/,207d64ecd7e128b284a8b42767394c02680465df8043ca81c8370643f2c9b517,senate-efd-ocr,explicit,0
B001277,RICHARD BLUMENTHAL,senate,Democrat,CT,SSAS13; SSAS14; SSAS17; SSGA01; SSGA20; SSJU01; SSJU22; SSJU25; SSJU28; Senate Committee on Armed Services; Senate Committee on Homeland Security and Governmental Affairs; Senate Committee on Veterans' Affairs; Senate Committee on the Judiciary; United States Senate Caucus on International Narcotics Control,True,2018-07-16,2018-08-27,,Peter L Malkin Family 2000 LLC,Other,Purchase,"$15,001 - $50,000",32500.5,False,Self,b3ad2c88-ec0f-490b-bfca-7d3d127f78ee,https://efdsearch.senate.gov/search/view/paper/b3ad2c88-ec0f-490b-bfca-7d3d127f78ee/,212d0f8ce167ee6d218434aa5592293ca7b7a78d1ae52a427ee6ecb2f71086da,senate-efd-ocr,explicit,0
B001277,RICHARD BLUMENTHAL,senate,Democrat,CT,SSAS13; SSAS14; SSAS17; SSGA01; SSGA20; SSJU01; SSJU22; SSJU25; SSJU28; Senate Committee on Armed Services; Senate Committee on Homeland Security and Governmental Affairs; Senate Committee on Veterans' Affairs; Senate Committee on the Judiciary; United States Senate Caucus on International Narcotics Control,True,2018-08-16,2018-08-27,,Generation Capital Partners Payactiv,Other,Purchase,"$250,001 - $500,000",375000.5,False,Self,b3ad2c88-ec0f-490b-bfca-7d3d127f78ee,https://efdsearch.senate.gov/search/view/paper/b3ad2c88-ec0f-490b-bfca-7d3d127f78ee/,d532644e2b69d52dcb2f3b5d0e4df06f6c9dd11a4b39cd739723e14a65794c82,senate-efd-ocr,explicit,0
B001277,RICHARD BLUMENTHAL,senate,Democrat,CT,SSAS13; SSAS14; SSAS17; SSGA01; SSGA20; SSJU01; SSJU22; SSJU25; SSJU28; Senate Committee on Armed Services; Senate Committee on Homeland Security and Governmental Affairs; Senate Committee on Veterans' Affairs; Senate Committee on the Judiciary; United States Senate Caucus on International Narcotics Control,True,2018-08-15,2018-08-27,,Sur Trading SpA d/b/a Smiley Kids,,Purchase,"$15,001 - $50,000",32500.5,False,Self,b3ad2c88-ec0f-490b-bfca-7d3d127f78ee,https://efdsearch.senate.gov/search/view/paper/b3ad2c88-ec0f-490b-bfca-7d3d127f78ee/,18a2f6fa09be8fe91822149970191b188e576f0b10084c8d923e964af499a4ae,senate-efd-ocr,explicit,0
B001277,RICHARD BLUMENTHAL,senate,Democrat,CT,SSAS13; SSAS14; SSAS17; SSGA01; SSGA20; SSJU01; SSJU22; SSJU25; SSJU28; Senate Committee on Armed Services; Senate Committee on Homeland Security and Governmental Affairs; Senate Committee on Veterans' Affairs; Senate Committee on the Judiciary; United States Senate Caucus on International Narcotics Control,True,2018-07-25,2018-08-27,,A&M Partners LLC - Peter L Malkin Family,Other,Sale,"$1,001 - $15,000",8000.5,False,Self,b3ad2c88-ec0f-490b-bfca-7d3d127f78ee,https://efdsearch.senate.gov/search/view/paper/b3ad2c88-ec0f-490b-bfca-7d3d127f78ee/,c352cb7b0e6fa0346e173a5536d584efaa5a695bedef5fde7ec4f6a5ba459d6c,senate-efd-ocr,explicit,0
B001277,RICHARD BLUMENTHAL,senate,Democrat,CT,SSAS13; SSAS14; SSAS17; SSGA01; SSGA20; SSJU01; SSJU22; SSJU25; SSJU28; Senate Committee on Armed Services; Senate Committee on Homeland Security and Governmental Affairs; Senate Committee on Veterans' Affairs; Senate Committee on the Judiciary; United States Senate Caucus on International Narcotics Control,True,2018-07-25,2018-08-27,,Esperion Therapeutics Inc,Stock,Sale,"$1,001 - $15,000",8000.5,False,Self,b3ad2c88-ec0f-490b-bfca-7d3d127f78ee,https://efdsearch.senate.gov/search/view/paper/b3ad2c88-ec0f-490b-bfca-7d3d127f78ee/,a3953b22179cac77fb705faa2ab2b5b3446cd464f6ed97b372f287520cb4cdec,senate-efd-ocr,explicit,0
B001277,RICHARD BLUMENTHAL,senate,Democrat,CT,SSAS13; SSAS14; SSAS17; SSGA01; SSGA20; SSJU01; SSJU22; SSJU25; SSJU28; Senate Committee on Armed Services; Senate Committee on Homeland Security and Governmental Affairs; Senate Committee on Veterans' Affairs; Senate Committee on the Judiciary; United States Senate Caucus on International Narcotics Control,True,2018-07-25,2018-08-27,,A&M Partners LLC - New Things Partners,Other,Sale,"$1,001 - $15,000",8000.5,False,Self,b3ad2c88-ec0f-490b-bfca-7d3d127f78ee,https://efdsearch.senate.gov/search/view/paper/b3ad2c88-ec0f-490b-bfca-7d3d127f78ee/,16df933728c4c49008e448a3d0448c81186a4c2421f2d2c189736489cb741fb6,senate-efd-ocr,explicit,0
B001277,RICHARD BLUMENTHAL,senate,Democrat,CT,SSAS13; SSAS14; SSAS17; SSGA01; SSGA20; SSJU01; SSJU22; SSJU25; SSJU28; Senate Committee on Armed Services; Senate Committee on Homeland Security and Governmental Affairs; Senate Committee on Veterans' Affairs; Senate Committee on the Judiciary; United States Senate Caucus on International Narcotics Control,True,2018-07-25,2018-08-27,,Esperion Therapeutics Inc,Stock,Sale,"$1,001 - $15,000",8000.5,False,Self,b3ad2c88-ec0f-490b-bfca-7d3d127f78ee,https://efdsearch.senate.gov/search/view/paper/b3ad2c88-ec0f-490b-bfca-7d3d127f78ee/,a3953b22179cac77fb705faa2ab2b5b3446cd464f6ed97b372f287520cb4cdec,senate-efd-ocr,explicit,1
B001277,RICHARD BLUMENTHAL,senate,Democrat,CT,SSAS13; SSAS14; SSAS17; SSGA01; SSGA20; SSJU01; SSJU22; SSJU25; SSJU28; Senate Committee on Armed Services; Senate Committee on Homeland Security and Governmental Affairs; Senate Committee on Veterans' Affairs; Senate Committee on the Judiciary; United States Senate Caucus on International Narcotics Control,True,2018-07-25,2018-08-27,,A&M Partners LLC - Summa I LLC,Other,Sale,"$1,001 - $15,000",8000.5,False,Self,b3ad2c88-ec0f-490b-bfca-7d3d127f78ee,https://efdsearch.senate.gov/search/view/paper/b3ad2c88-ec0f-490b-bfca-7d3d127f78ee/,591c1be7d0aef32ca05a104baacec9e2b94245b0a6cd0fd336227db42699c987,senate-efd-ocr,explicit,0
B001135,RICHARD M BURR,senate,Republican,NC,,False,2018-08-09,2018-08-23,,"Zimmer Biomet, INC (stock) NYSE",Stock,Sale,"$100,001 - $250,000",175000.5,False,Self,673b04e0-fb5a-4234-ac4d-43f7d084b543,https://efdsearch.senate.gov/search/view/paper/673b04e0-fb5a-4234-ac4d-43f7d084b543/,af01e7be3f6d06c410a9811d064a153d2a36de67ea35dc8caa8f62af3cbf87c5,senate-efd-ocr,explicit,0
B001236,JOHN BOOZMAN,senate,Republican,AR,"Commission on Security and Cooperation in Europe; SSAF13; SSAF14; SSAF15; SSAF16; SSAF17; SSAP02; SSAP18; SSAP19; SSAP20; SSAP23; SSAP24; SSEV08; SSEV10; SSEV15; Senate Committee on Agriculture, Nutrition, and Forestry; Senate Committee on Appropriations; Senate Committee on Environment and Public Works; Senate Committee on Rules and Administration; Senate Committee on Veterans' Affairs",False,2018-07-13,2018-08-15,,iShares Tr Rssll 2000 Indx MFC,,Sale,"$1,001 - $15,000",8000.5,False,Self,e195317b-6b9c-4f37-83e7-446cb67ce99e,https://efdsearch.senate.gov/search/view/paper/e195317b-6b9c-4f37-83e7-446cb67ce99e/,7f0dcf9d2cb3bad532dd33875550f7e2e03675995a32bdfa89a44fa9d3a73d55,senate-efd-ocr,explicit,0
B001236,JOHN BOOZMAN,senate,Republican,AR,"Commission on Security and Cooperation in Europe; SSAF13; SSAF14; SSAF15; SSAF16; SSAF17; SSAP02; SSAP18; SSAP19; SSAP20; SSAP23; SSAP24; SSEV08; SSEV10; SSEV15; Senate Committee on Agriculture, Nutrition, and Forestry; Senate Committee on Appropriations; Senate Committee on Environment and Public Works; Senate Committee on Rules and Administration; Senate Committee on Veterans' Affairs",False,2018-07-18,2018-08-15,,CA Inc,Stock,Sale,"$1,001 - $15,000",8000.5,False,Self,e195317b-6b9c-4f37-83e7-446cb67ce99e,https://efdsearch.senate.gov/search/view/paper/e195317b-6b9c-4f37-83e7-446cb67ce99e/,99d826b35565e1c1562c42320b8fa6919831628b12842445cb41f26d80db52c8,senate-efd-ocr,explicit,0
B001236,JOHN BOOZMAN,senate,Republican,AR,"Commission on Security and Cooperation in Europe; SSAF13; SSAF14; SSAF15; SSAF16; SSAF17; SSAP02; SSAP18; SSAP19; SSAP20; SSAP23; SSAP24; SSEV08; SSEV10; SSEV15; Senate Committee on Agriculture, Nutrition, and Forestry; Senate Committee on Appropriations; Senate Committee on Environment and Public Works; Senate Committee on Rules and Administration; Senate Committee on Veterans' Affairs",False,2018-07-13,2018-08-15,,Abbvie Inc Com,Stock,Purchase,"$1,001 - $15,000",8000.5,False,Self,e195317b-6b9c-4f37-83e7-446cb67ce99e,https://efdsearch.senate.gov/search/view/paper/e195317b-6b9c-4f37-83e7-446cb67ce99e/,a4fda08aaf85b73b78a9236c63497600cbcab37c8a67dab714fbd5dbf464bbbe,senate-efd-ocr,explicit,0
B001236,JOHN BOOZMAN,senate,Republican,AR,"Commission on Security and Cooperation in Europe; SSAF13; SSAF14; SSAF15; SSAF16; SSAF17; SSAP02; SSAP18; SSAP19; SSAP20; SSAP23; SSAP24; SSEV08; SSEV10; SSEV15; Senate Committee on Agriculture, Nutrition, and Forestry; Senate Committee on Appropriations; Senate Committee on Environment and Public Works; Senate Committee on Rules and Administration; Senate Committee on Veterans' Affairs",False,2018-07-13,2018-08-15,,Ecolab Inc Com,Stock,Purchase,"$1,001 - $15,000",8000.5,False,Self,e195317b-6b9c-4f37-83e7-446cb67ce99e,https://efdsearch.senate.gov/search/view/paper/e195317b-6b9c-4f37-83e7-446cb67ce99e/,6b9572a51ff33db23bd876f521335f3ba4a768c622e22fd56d943f4f75e2a2a2,senate-efd-ocr,explicit,0
B001236,JOHN BOOZMAN,senate,Republican,AR,"Commission on Security and Cooperation in Europe; SSAF13; SSAF14; SSAF15; SSAF16; SSAF17; SSAP02; SSAP18; SSAP19; SSAP20; SSAP23; SSAP24; SSEV08; SSEV10; SSEV15; Senate Committee on Agriculture, Nutrition, and Forestry; Senate Committee on Appropriations; Senate Committee on Environment and Public Works; Senate Committee on Rules and Administration; Senate Committee on Veterans' Affairs",False,2018-07-18,2018-08-15,,iShares Tr MSCI EAFE Index Fd MFC,,Purchase,"$1,001 - $15,000",8000.5,False,Self,e195317b-6b9c-4f37-83e7-446cb67ce99e,https://efdsearch.senate.gov/search/view/paper/e195317b-6b9c-4f37-83e7-446cb67ce99e/,cad938a0e8a8df5e3a91576df4f45bba764e709f5f3093989f0bd136cd51b2c5,senate-efd-ocr,explicit,0
B001236,JOHN BOOZMAN,senate,Republican,AR,"Commission on Security and Cooperation in Europe; SSAF13; SSAF14; SSAF15; SSAF16; SSAF17; SSAP02; SSAP18; SSAP19; SSAP20; SSAP23; SSAP24; SSEV08; SSEV10; SSEV15; Senate Committee on Agriculture, Nutrition, and Forestry; Senate Committee on Appropriations; Senate Committee on Environment and Public Works; Senate Committee on Rules and Administration; Senate Committee on Veterans' Affairs",False,2018-07-13,2018-08-15,,Public Service Enterprise Group,,Purchase,"$1,001 - $15,000",8000.5,False,Self,e195317b-6b9c-4f37-83e7-446cb67ce99e,https://efdsearch.senate.gov/search/view/paper/e195317b-6b9c-4f37-83e7-446cb67ce99e/,90326810194c3938f588fb7b4481b3a77e292bee33019d0f666ff550bbb4ba3e,senate-efd-ocr,explicit,0
F000062,DIANNE FEINSTEIN,senate,Democrat,CA,,False,2018-07-19,2018-08-15,,AGILENT TECHNOLOGIES INC,Stock,Sale,"$100,001 - $250,000",175000.5,False,Spouse,00b68ed0-107b-4837-b3b2-2587158cf9dc,https://efdsearch.senate.gov/search/view/paper/00b68ed0-107b-4837-b3b2-2587158cf9dc/,35c8cd82a4fc07426836f814745737887080944568b9cd613cd2b1c17314d997,senate-efd-ocr,explicit,0
F000062,DIANNE FEINSTEIN,senate,Democrat,CA,,False,2018-07-19,2018-08-15,,ALPHABET INC-CL C,Stock,Sale,"$250,001 - $500,000",375000.5,False,Spouse,00b68ed0-107b-4837-b3b2-2587158cf9dc,https://efdsearch.senate.gov/search/view/paper/00b68ed0-107b-4837-b3b2-2587158cf9dc/,24d655e762ab8c4476ef21194e0221f653227df3690af77a3050f70daca241ac,senate-efd-ocr,explicit,0
F000062,DIANNE FEINSTEIN,senate,Democrat,CA,,False,2018-07-19,2018-08-15,,BAYER AG-SPONSORED ADR,Stock,Sale,"$250,001 - $500,000",375000.5,False,Spouse,00b68ed0-107b-4837-b3b2-2587158cf9dc,https://efdsearch.senate.gov/search/view/paper/00b68ed0-107b-4837-b3b2-2587158cf9dc/,267a4646fb05b8b52127d63f0fba66324fa7d043770d88625ad77d09dec6dbf7,senate-efd-ocr,explicit,0
F000062,DIANNE FEINSTEIN,senate,Democrat,CA,,False,2018-07-19,2018-08-15,,BOEING CO,Stock,Sale,"$500,001 - $1,000,000",750000.5,False,Spouse,00b68ed0-107b-4837-b3b2-2587158cf9dc,https://efdsearch.senate.gov/search/view/paper/00b68ed0-107b-4837-b3b2-2587158cf9dc/,fed0ce36943292115fd5c3b527a55ad8bab55de90a35c701e6c4538d19de22ed,senate-efd-ocr,explicit,0
F000062,DIANNE FEINSTEIN,senate,Democrat,CA,,False,2018-07-19,2018-08-15,,COGNIZANT TECH SOLUTIONS-A,,Sale,"$250,001 - $500,000",375000.5,False,Spouse,00b68ed0-107b-4837-b3b2-2587158cf9dc,https://efdsearch.senate.gov/search/view/paper/00b68ed0-107b-4837-b3b2-2587158cf9dc/,d21711308e29e09db1f1e9dfab16702ad434c8a2f034cb447fa855263822a0a3,senate-efd-ocr,explicit,0
F000062,DIANNE FEINSTEIN,senate,Democrat,CA,,False,2018-07-19,2018-08-15,,CROWN CASTLE INTL CORP,Stock,Sale,"$500,001 - $1,000,000",750000.5,False,Spouse,00b68ed0-107b-4837-b3b2-2587158cf9dc,https://efdsearch.senate.gov/search/view/paper/00b68ed0-107b-4837-b3b2-2587158cf9dc/,0cea0e0220ce9921830a7c9298b034488b383ecfb901089959a3eed96fcec057,senate-efd-ocr,explicit,0
F000062,DIANNE FEINSTEIN,senate,Democrat,CA,,False,2018-07-19,2018-08-15,,DANAHER CORP,Stock,Sale,"$500,001 - $1,000,000",750000.5,False,Spouse,00b68ed0-107b-4837-b3b2-2587158cf9dc,https://efdsearch.senate.gov/search/view/paper/00b68ed0-107b-4837-b3b2-2587158cf9dc/,0921505e142c305fe2b43120419f9ba5624e976ca880c4cfe2e37a6ea2bf3327,senate-efd-ocr,explicit,0
F000062,DIANNE FEINSTEIN,senate,Democrat,CA,,False,2018-07-19,2018-08-15,,DIGITAL REALTY TRUST INC,Other,Sale,"$500,001 - $1,000,000",750000.5,False,Spouse,00b68ed0-107b-4837-b3b2-2587158cf9dc,https://efdsearch.senate.gov/search/view/paper/00b68ed0-107b-4837-b3b2-2587158cf9dc/,4c390b083ebb10508753ea37e43a6664cc299af428d8a7d4f128b25e72933913,senate-efd-ocr,explicit,0
F000062,DIANNE FEINSTEIN,senate,Democrat,CA,,False,2018-07-19,2018-08-15,,DOWDUPONT INC,Stock,Sale,"$500,001 - $1,000,000",750000.5,False,Spouse,00b68ed0-107b-4837-b3b2-2587158cf9dc,https://efdsearch.senate.gov/search/view/paper/00b68ed0-107b-4837-b3b2-2587158cf9dc/,69deeb0056a7aea25706fee95d72fa2876786f3cb4ae5b50798cae78bce63207,senate-efd-ocr,explicit,0
F000062,DIANNE FEINSTEIN,senate,Democrat,CA,,False,2018-07-19,2018-08-15,,HOLOGIC INC,Stock,Sale,"$500,001 - $1,000,000",750000.5,False,Spouse,00b68ed0-107b-4837-b3b2-2587158cf9dc,https://efdsearch.senate.gov/search/view/paper/00b68ed0-107b-4837-b3b2-2587158cf9dc/,df4d1eefdf10e3fc7b964bf2762d0705efb0c6c32a235a954a764a0fb51ae563,senate-efd-ocr,explicit,0
F000062,DIANNE FEINSTEIN,senate,Democrat,CA,,False,2018-07-19,2018-08-15,,MICROSOFT CORP,Stock,Sale,"$500,001 - $1,000,000",750000.5,False,Spouse,00b68ed0-107b-4837-b3b2-2587158cf9dc,https://efdsearch.senate.gov/search/view/paper/00b68ed0-107b-4837-b3b2-2587158cf9dc/,004eda60803f9a1b891491bcffadcefc44143eb5bd40cb21ed8de228b86224ff,senate-efd-ocr,explicit,0
F000062,DIANNE FEINSTEIN,senate,Democrat,CA,,False,2018-07-19,2018-08-15,,POST HOLDINGS INC,Other,Sale,"$500,001 - $1,000,000",750000.5,False,Spouse,00b68ed0-107b-4837-b3b2-2587158cf9dc,https://efdsearch.senate.gov/search/view/paper/00b68ed0-107b-4837-b3b2-2587158cf9dc/,4c640e799b3c519057c30b235be1d5204a075f37052fb893f8c99e5f41ebd38b,senate-efd-ocr,explicit,0
F000062,DIANNE FEINSTEIN,senate,Democrat,CA,,False,2018-07-19,2018-08-15,,SERVICEMASTER GLOBAL HOLDING,,Sale,"$500,001 - $1,000,000",750000.5,False,Spouse,00b68ed0-107b-4837-b3b2-2587158cf9dc,https://efdsearch.senate.gov/search/view/paper/00b68ed0-107b-4837-b3b2-2587158cf9dc/,b2c475623070ffc575b78bb71115c72d1f60f34c4665528ced316b49712750d2,senate-efd-ocr,explicit,0
F000062,DIANNE FEINSTEIN,senate,Democrat,CA,,False,2018-07-19,2018-08-15,,UNIVAR INC,Stock,Sale,"$500,001 - $1,000,000",750000.5,False,Spouse,00b68ed0-107b-4837-b3b2-2587158cf9dc,https://efdsearch.senate.gov/search/view/paper/00b68ed0-107b-4837-b3b2-2587158cf9dc/,b39394b5a3398657724737e2d4f594bb21ee4b4e13ee1d91aa7b1aa02c6f7a46,senate-efd-ocr,explicit,0
F000062,DIANNE FEINSTEIN,senate,Democrat,CA,,False,2018-07-19,2018-08-15,,VISA INC-CLASS A SHRS,Stock,Sale,"$250,001 - $500,000",375000.5,False,Spouse,00b68ed0-107b-4837-b3b2-2587158cf9dc,https://efdsearch.senate.gov/search/view/paper/00b68ed0-107b-4837-b3b2-2587158cf9dc/,e3522905bcfc409dc144ddb4afa04399d0be71b91b0ce0766b9d79dde517d217,senate-efd-ocr,explicit,0
F000062,DIANNE FEINSTEIN,senate,Democrat,CA,,False,2018-07-19,2018-08-15,,VISA INC-CLASS A SHRS,Stock,Sale,"$500,001 - $1,000,000",750000.5,False,Spouse,00b68ed0-107b-4837-b3b2-2587158cf9dc,https://efdsearch.senate.gov/search/view/paper/00b68ed0-107b-4837-b3b2-2587158cf9dc/,2d62ec9a3cb07bf1fa3644b9f1eb27cf0674aca49458e9c55f308b40f40458dd,senate-efd-ocr,explicit,0
F000062,DIANNE FEINSTEIN,senate,Democrat,CA,,False,2018-07-19,2018-08-15,,WASTE CONNECTIONS INC,Stock,Sale,"$250,001 - $500,000",375000.5,False,Spouse,00b68ed0-107b-4837-b3b2-2587158cf9dc,https://efdsearch.senate.gov/search/view/paper/00b68ed0-107b-4837-b3b2-2587158cf9dc/,04b3c22fb17062e328377a2be054ff614b8a1db326e444a20d8c235bda3e2560,senate-efd-ocr,explicit,0
F000062,DIANNE FEINSTEIN,senate,Democrat,CA,,False,2018-07-12,2018-08-15,,IHS MARKIT LTD,,Sale,"$250,001 - $500,000",375000.5,False,Spouse,00b68ed0-107b-4837-b3b2-2587158cf9dc,https://efdsearch.senate.gov/search/view/paper/00b68ed0-107b-4837-b3b2-2587158cf9dc/,6fd5a73b7cd6c282f2fc7e74304c692be21c9ddcbe63ae4d4d6a69ab4bac9554,senate-efd-ocr,explicit,0
F000062,DIANNE FEINSTEIN,senate,Democrat,CA,,False,2018-07-12,2018-08-15,,UNIVAR INC,Stock,Purchase,"$15,001 - $50,000",32500.5,False,Spouse,00b68ed0-107b-4837-b3b2-2587158cf9dc,https://efdsearch.senate.gov/search/view/paper/00b68ed0-107b-4837-b3b2-2587158cf9dc/,22dcae4cd3358a881ece28d6e6b22de8701547838169283ff76773abf90c6524,senate-efd-ocr,explicit,0
F000062,DIANNE FEINSTEIN,senate,Democrat,CA,,False,2018-07-23,2018-08-15,,UNIVAR INC,Stock,Purchase,"$15,001 - $50,000",32500.5,False,Spouse,00b68ed0-107b-4837-b3b2-2587158cf9dc,https://efdsearch.senate.gov/search/view/paper/00b68ed0-107b-4837-b3b2-2587158cf9dc/,ad8a2176e8a28119a85a742601ae9e39874f50382e90132ba1dde052b1ac0c0c,senate-efd-ocr,explicit,0
F000062,DIANNE FEINSTEIN,senate,Democrat,CA,,False,2018-07-24,2018-08-15,,UNIVAR INC,Stock,Purchase,"$15,001 - $50,000",32500.5,False,Spouse,00b68ed0-107b-4837-b3b2-2587158cf9dc,https://efdsearch.senate.gov/search/view/paper/00b68ed0-107b-4837-b3b2-2587158cf9dc/,a60aae6f8cacc37e29c18355aa7ae6f00b932d252e399be46e913d44712e9f7e,senate-efd-ocr,explicit,0
F000062,DIANNE FEINSTEIN,senate,Democrat,CA,,False,2018-07-25,2018-08-15,,UNIVAR INC,Stock,Purchase,"$1,001 - $15,000",8000.5,False,Spouse,00b68ed0-107b-4837-b3b2-2587158cf9dc,https://efdsearch.senate.gov/search/view/paper/00b68ed0-107b-4837-b3b2-2587158cf9dc/,b8b327196574b06b6bdca49b1e2c1fc323fd6cc4f079a2c46428de839881388b,senate-efd-ocr,explicit,0
F000062,DIANNE FEINSTEIN,senate,Democrat,CA,,False,2018-07-26,2018-08-15,,UNIVAR INC,Stock,Purchase,"$1,001 - $15,000",8000.5,False,Spouse,00b68ed0-107b-4837-b3b2-2587158cf9dc,https://efdsearch.senate.gov/search/view/paper/00b68ed0-107b-4837-b3b2-2587158cf9dc/,9cff60d8d953c9f330040131c66e0d4e787b3dd98c9078b8b009543d5e805858,senate-efd-ocr,explicit,0
F000062,DIANNE FEINSTEIN,senate,Democrat,CA,,False,2018-07-20,2018-08-15,,RPM INTERNATIONAL INC,Stock,Sale,"$15,001 - $50,000",32500.5,False,Spouse,00b68ed0-107b-4837-b3b2-2587158cf9dc,https://efdsearch.senate.gov/search/view/paper/00b68ed0-107b-4837-b3b2-2587158cf9dc/,f8d6cf2c7dabfe0255f3fad653373bea5e92dbeb2a366cecb4118712061b7719,senate-efd-ocr,explicit,0
F000062,DIANNE FEINSTEIN,senate,Democrat,CA,,False,2018-07-23,2018-08-15,,CEDAR FAIR - LP,Other,Sale,"$15,001 - $50,000",32500.5,False,Spouse,00b68ed0-107b-4837-b3b2-2587158cf9dc,https://efdsearch.senate.gov/search/view/paper/00b68ed0-107b-4837-b3b2-2587158cf9dc/,43c6f3aa3995cb234ac35b15c8dcde400fc5c44782d6a8dd2a69e40b783358cb,senate-efd-ocr,explicit,0
F000062,DIANNE FEINSTEIN,senate,Democrat,CA,,False,2018-07-24,2018-08-15,,CEDAR FAIR - LP,Other,Sale,"$15,001 - $50,000",32500.5,False,Spouse,00b68ed0-107b-4837-b3b2-2587158cf9dc,https://efdsearch.senate.gov/search/view/paper/00b68ed0-107b-4837-b3b2-2587158cf9dc/,e63d6a694d2ac595c529380a9e0088cf7acabd098a69f3a23589a92ee98612f1,senate-efd-ocr,explicit,0
F000062,DIANNE FEINSTEIN,senate,Democrat,CA,,False,2018-07-25,2018-08-15,,CEDAR FAIR - LP,Other,Sale,"$15,001 - $50,000",32500.5,False,Spouse,00b68ed0-107b-4837-b3b2-2587158cf9dc,https://efdsearch.senate.gov/search/view/paper/00b68ed0-107b-4837-b3b2-2587158cf9dc/,e0dcbb21dea8e71c9cce8dd6d694de1c7f1e609dbd5913c649d9bfcefa61bf81,senate-efd-ocr,explicit,0
F000062,DIANNE FEINSTEIN,senate,Democrat,CA,,False,2018-07-26,2018-08-15,,CEDAR FAIR - LP,Other,Sale,"$15,001 - $50,000",32500.5,False,Spouse,00b68ed0-107b-4837-b3b2-2587158cf9dc,https://efdsearch.senate.gov/search/view/paper/00b68ed0-107b-4837-b3b2-2587158cf9dc/,bc836b5888cffe5f539115b2abde9267f575e54bb3e43da373ce3df7e0579e7b,senate-efd-ocr,explicit,0
F000062,DIANNE FEINSTEIN,senate,Democrat,CA,,False,2018-07-25,2018-08-15,,CEDAR FAIR - LP,Other,Sale,"$1,000,001 - $5,000,000",3000000.5,False,Spouse,00b68ed0-107b-4837-b3b2-2587158cf9dc,https://efdsearch.senate.gov/search/view/paper/00b68ed0-107b-4837-b3b2-2587158cf9dc/,34ded67e79274ce9a781ea24175936cdc268072976e94206de1d15cae3d701f9,senate-efd-ocr,explicit,0
F000062,DIANNE FEINSTEIN,senate,Democrat,CA,,False,2018-07-25,2018-08-15,,"CBRE GROUP, INC.",Stock,Sale,"$15,001 - $50,000",32500.5,False,Spouse,00b68ed0-107b-4837-b3b2-2587158cf9dc,https://efdsearch.senate.gov/search/view/paper/00b68ed0-107b-4837-b3b2-2587158cf9dc/,9b175508e6ed30b6620dc48dbb3b9ef4f83b3b7b3254dafa760b39ebd96166fd,senate-efd-ocr,explicit,0
B001277,RICHARD BLUMENTHAL,senate,Democrat,CT,SSAS13; SSAS14; SSAS17; SSGA01; SSGA20; SSJU01; SSJU22; SSJU25; SSJU28; Senate Committee on Armed Services; Senate Committee on Homeland Security and Governmental Affairs; Senate Committee on Veterans' Affairs; Senate Committee on the Judiciary; United States Senate Caucus on International Narcotics Control,True,2017-12-06,2018-08-13,,Empire State Realty Trust Inc. - Class A,Other,Sale,"$1,000,001 - $5,000,000",3000000.5,False,Spouse,d7a56259-f5b0-4861-9a38-14050c49ba96,https://efdsearch.senate.gov/search/view/paper/d7a56259-f5b0-4861-9a38-14050c49ba96/,d3ef8561a3f418b8c2a75bc2ed7f5ed3a9b9a9fc77abcc4b247ee2dd6b55c17f,senate-efd-ocr,explicit,0
B001135,RICHARD M BURR,senate,Republican,NC,,False,2018-07-23,2018-07-30,CSX,CSX Corporation (stock),Stock,Purchase,"$100,001 - $250,000",175000.5,False,Self,b7f4ea2f-1dfe-4375-a408-7f7bbb1b2e19,https://efdsearch.senate.gov/search/view/paper/b7f4ea2f-1dfe-4375-a408-7f7bbb1b2e19/,0b20c168b837035c4d0fde235801e94830a6d61c4f1fc139273ec65d59084847,senate-efd-ocr,explicit,0
B001135,RICHARD M BURR,senate,Republican,NC,,False,2018-07-23,2018-07-30,CSX,CSX Corporation (stock) NASDAQ,Stock,Sale,"$1,001 - $15,000",8000.5,False,Self,b7f4ea2f-1dfe-4375-a408-7f7bbb1b2e19,https://efdsearch.senate.gov/search/view/paper/b7f4ea2f-1dfe-4375-a408-7f7bbb1b2e19/,18513b5bd1edf6e77e63be81fbf6f8d5af48305479e50991d5836bfe4105c607,senate-efd-ocr,explicit,0
B001135,RICHARD M BURR,senate,Republican,NC,,False,2018-07-23,2018-07-30,CSX,CSX Corporation (stock) NASDAQ,Stock,Sale,"$1,001 - $15,000",8000.5,False,Self,b7f4ea2f-1dfe-4375-a408-7f7bbb1b2e19,https://efdsearch.senate.gov/search/view/paper/b7f4ea2f-1dfe-4375-a408-7f7bbb1b2e19/,18513b5bd1edf6e77e63be81fbf6f8d5af48305479e50991d5836bfe4105c607,senate-efd-ocr,explicit,1
B001135,RICHARD M BURR,senate,Republican,NC,,False,2018-07-23,2018-07-30,CSX,CSX Corporation,Stock,Sale,"$15,001 - $50,000",32500.5,False,Self,b7f4ea2f-1dfe-4375-a408-7f7bbb1b2e19,https://efdsearch.senate.gov/search/view/paper/b7f4ea2f-1dfe-4375-a408-7f7bbb1b2e19/,78a7cc2de296f88d3f4529e5be7630aa0bb3f1ba5484ac4dc911c2a8d7b6cf38,senate-efd-ocr,explicit,0
B001135,RICHARD M BURR,senate,Republican,NC,,False,2018-07-23,2018-07-30,CSX,CSX Corporation,Stock,Sale,"$15,001 - $50,000",32500.5,False,Self,b7f4ea2f-1dfe-4375-a408-7f7bbb1b2e19,https://efdsearch.senate.gov/search/view/paper/b7f4ea2f-1dfe-4375-a408-7f7bbb1b2e19/,78a7cc2de296f88d3f4529e5be7630aa0bb3f1ba5484ac4dc911c2a8d7b6cf38,senate-efd-ocr,explicit,1
B001277,RICHARD BLUMENTHAL,senate,Democrat,CT,SSAS13; SSAS14; SSAS17; SSGA01; SSGA20; SSJU01; SSJU22; SSJU25; SSJU28; Senate Committee on Armed Services; Senate Committee on Homeland Security and Governmental Affairs; Senate Committee on Veterans' Affairs; Senate Committee on the Judiciary; United States Senate Caucus on International Narcotics Control,True,2018-05-24,2018-07-23,,"A-RH, a series of A-ST Opportunity Funds, LLC",Other,Purchase,"$100,001 - $250,000",175000.5,False,Spouse,d53321ee-78d6-40dd-9011-40b0defe14cb,https://efdsearch.senate.gov/search/view/paper/d53321ee-78d6-40dd-9011-40b0defe14cb/,6788235562603ed3800ceea558f17854ee41a34abec9d56c3b19ead59186c291,senate-efd-ocr,explicit,0
B001277,RICHARD BLUMENTHAL,senate,Democrat,CT,SSAS13; SSAS14; SSAS17; SSGA01; SSGA20; SSJU01; SSJU22; SSJU25; SSJU28; Senate Committee on Armed Services; Senate Committee on Homeland Security and Governmental Affairs; Senate Committee on Veterans' Affairs; Senate Committee on the Judiciary; United States Senate Caucus on International Narcotics Control,True,2018-05-24,2018-07-23,,"A-RH, a series of A-ST Opportunity Funds, LLC",Other,Sale,"$250,001 - $500,000",375000.5,False,Spouse,d53321ee-78d6-40dd-9011-40b0defe14cb,https://efdsearch.senate.gov/search/view/paper/d53321ee-78d6-40dd-9011-40b0defe14cb/,7184823ad49d9c9c9a2982378d96c6b5a5a8f0ca11acb569c4f485ff52a677b5,senate-efd-ocr,explicit,0
B001277,RICHARD BLUMENTHAL,senate,Democrat,CT,SSAS13; SSAS14; SSAS17; SSGA01; SSGA20; SSJU01; SSJU22; SSJU25; SSJU28; Senate Committee on Armed Services; Senate Committee on Homeland Security and Governmental Affairs; Senate Committee on Veterans' Affairs; Senate Committee on the Judiciary; United States Senate Caucus on International Narcotics Control,True,2018-06-01,2018-07-23,,Brazilian SELIC (LFT) Bonds (held by BTG),,Purchase,"$250,001 - $500,000",375000.5,False,Spouse,d53321ee-78d6-40dd-9011-40b0defe14cb,https://efdsearch.senate.gov/search/view/paper/d53321ee-78d6-40dd-9011-40b0defe14cb/,6f18a7bc8d2d89ed3145d883a7c8707e436c01292da8aaccd4f5d93877623186,senate-efd-ocr,explicit,0
B001277,RICHARD BLUMENTHAL,senate,Democrat,CT,SSAS13; SSAS14; SSAS17; SSGA01; SSGA20; SSJU01; SSJU22; SSJU25; SSJU28; Senate Committee on Armed Services; Senate Committee on Homeland Security and Governmental Affairs; Senate Committee on Veterans' Affairs; Senate Committee on the Judiciary; United States Senate Caucus on International Narcotics Control,True,2018-06-01,2018-07-23,,Brazilian SELIC (LFT) Bonds (held by BTG),,Sale,"$500,001 - $1,000,000",750000.5,False,Spouse,d53321ee-78d6-40dd-9011-40b0defe14cb,https://efdsearch.senate.gov/search/view/paper/d53321ee-78d6-40dd-9011-40b0defe14cb/,831c86ea0f96466f5740ff80a32a91585c4264b554ed015b93b168b7e45f4eee,senate-efd-ocr,explicit,0
B001277,RICHARD BLUMENTHAL,senate,Democrat,CT,SSAS13; SSAS14; SSAS17; SSGA01; SSGA20; SSJU01; SSJU22; SSJU25; SSJU28; Senate Committee on Armed Services; Senate Committee on Homeland Security and Governmental Affairs; Senate Committee on Veterans' Affairs; Senate Committee on the Judiciary; United States Senate Caucus on International Narcotics Control,True,2018-06-20,2018-07-23,,PEM Holding Co,Stock,Purchase,"$1,000,001 - $5,000,000",3000000.5,False,Spouse,d53321ee-78d6-40dd-9011-40b0defe14cb,https://efdsearch.senate.gov/search/view/paper/d53321ee-78d6-40dd-9011-40b0defe14cb/,76c50059583a1cf1571b3454e2c345435c91a4670720915d3a34293bbda80bb1,senate-efd-ocr,explicit,0
B001277,RICHARD BLUMENTHAL,senate,Democrat,CT,SSAS13; SSAS14; SSAS17; SSGA01; SSGA20; SSJU01; SSJU22; SSJU25; SSJU28; Senate Committee on Armed Services; Senate Committee on Homeland Security and Governmental Affairs; Senate Committee on Veterans' Affairs; Senate Committee on the Judiciary; United States Senate Caucus on International Narcotics Control,True,2018-06-18,2018-07-23,,AAM Partners LLC - Peter L Malkin Family 2000 LLC,Other,Sale,"$1,001 - $15,000",8000.5,False,Spouse,d53321ee-78d6-40dd-9011-40b0defe14cb,https://efdsearch.senate.gov/search/view/paper/d53321ee-78d6-40dd-9011-40b0defe14cb/,28c6970d161f8a9f6090db4e51935c9070e59906ab2ae9af84c9a806aac93f39,senate-efd-ocr,explicit,0
B001277,RICHARD BLUMENTHAL,senate,Democrat,CT,SSAS13; SSAS14; SSAS17; SSGA01; SSGA20; SSJU01; SSJU22; SSJU25; SSJU28; Senate Committee on Armed Services; Senate Committee on Homeland Security and Governmental Affairs; Senate Committee on Veterans' Affairs; Senate Committee on the Judiciary; United States Senate Caucus on International Narcotics Control,True,2018-06-18,2018-07-23,,Transentierx Inc Stock,Stock,Sale,"$1,001 - $15,000",8000.5,False,Spouse,d53321ee-78d6-40dd-9011-40b0defe14cb,https://efdsearch.senate.gov/search/view/paper/d53321ee-78d6-40dd-9011-40b0defe14cb/,81416cdc174f369e2fddd0f2d2ca9cd1ea4503cf8f6600e9a4afaf4956119073,senate-efd-ocr,explicit,0
B001277,RICHARD BLUMENTHAL,senate,Democrat,CT,SSAS13; SSAS14; SSAS17; SSGA01; SSGA20; SSJU01; SSJU22; SSJU25; SSJU28; Senate Committee on Armed Services; Senate Committee on Homeland Security and Governmental Affairs; Senate Committee on Veterans' Affairs; Senate Committee on the Judiciary; United States Senate Caucus on International Narcotics Control,True,2018-06-18,2018-07-23,,AAM Partners LLC - Summa I LLC,Other,Sale,"$1,001 - $15,000",8000.5,False,Spouse,d53321ee-78d6-40dd-9011-40b0defe14cb,https://efdsearch.senate.gov/search/view/paper/d53321ee-78d6-40dd-9011-40b0defe14cb/,22965a2967e671cd8c5a2c4fe45a2a0f849d84a90474b16478a4ec2e86483d49,senate-efd-ocr,explicit,0
B001277,RICHARD BLUMENTHAL,senate,Democrat,CT,SSAS13; SSAS14; SSAS17; SSGA01; SSGA20; SSJU01; SSJU22; SSJU25; SSJU28; Senate Committee on Armed Services; Senate Committee on Homeland Security and Governmental Affairs; Senate Committee on Veterans' Affairs; Senate Committee on the Judiciary; United States Senate Caucus on International Narcotics Control,True,2018-06-18,2018-07-23,,Transentierx Inc Stock,Stock,Sale,"$1,001 - $15,000",8000.5,False,Spouse,d53321ee-78d6-40dd-9011-40b0defe14cb,https://efdsearch.senate.gov/search/view/paper/d53321ee-78d6-40dd-9011-40b0defe14cb/,81416cdc174f369e2fddd0f2d2ca9cd1ea4503cf8f6600e9a4afaf4956119073,senate-efd-ocr,explicit,1
B001277,RICHARD BLUMENTHAL,senate,Democrat,CT,SSAS13; SSAS14; SSAS17; SSGA01; SSGA20; SSJU01; SSJU22; SSJU25; SSJU28; Senate Committee on Armed Services; Senate Committee on Homeland Security and Governmental Affairs; Senate Committee on Veterans' Affairs; Senate Committee on the Judiciary; United States Senate Caucus on International Narcotics Control,True,2018-06-01,2018-07-23,,Peter L Malkin Family 9 LLC: Brazilian SELIC (LFT) Bonds,Other,Purchase,"$500,001 - $1,000,000",750000.5,False,Spouse,d53321ee-78d6-40dd-9011-40b0defe14cb,https://efdsearch.senate.gov/search/view/paper/d53321ee-78d6-40dd-9011-40b0defe14cb/,58368927816392eea2e6d1f9b72b8f25990d776b03874da2d0296a7746048954,senate-efd-ocr,explicit,0
B001277,RICHARD BLUMENTHAL,senate,Democrat,CT,SSAS13; SSAS14; SSAS17; SSGA01; SSGA20; SSJU01; SSJU22; SSJU25; SSJU28; Senate Committee on Armed Services; Senate Committee on Homeland Security and Governmental Affairs; Senate Committee on Veterans' Affairs; Senate Committee on the Judiciary; United States Senate Caucus on International Narcotics Control,True,2018-06-01,2018-07-23,,Peter L Malkin Family 9 LLC: Brazilian SELIC (LFT) Bonds,Other,Sale,"$500,001 - $1,000,000",750000.5,False,Spouse,d53321ee-78d6-40dd-9011-40b0defe14cb,https://efdsearch.senate.gov/search/view/paper/d53321ee-78d6-40dd-9011-40b0defe14cb/,3e72305f9b316ee9170d13c7a6faa3ee3f0666c77128b886729f0bc956b4e872,senate-efd-ocr,explicit,0
B001277,RICHARD BLUMENTHAL,senate,Democrat,CT,SSAS13; SSAS14; SSAS17; SSGA01; SSGA20; SSJU01; SSJU22; SSJU25; SSJU28; Senate Committee on Armed Services; Senate Committee on Homeland Security and Governmental Affairs; Senate Committee on Veterans' Affairs; Senate Committee on the Judiciary; United States Senate Caucus on International Narcotics Control,True,2018-06-18,2018-07-23,,Peter L Malkin Family 9 LLC: Skyhawk Therapeutics Inc,Other,Purchase,"$100,001 - $250,000",175000.5,False,Spouse,d53321ee-78d6-40dd-9011-40b0defe14cb,https://efdsearch.senate.gov/search/view/paper/d53321ee-78d6-40dd-9011-40b0defe14cb/,b648fca81e41cb9b8a8bc642ba4cb2c2bcbc50134616da5db16ae496f1b9f49c,senate-efd-ocr,explicit,0
B001277,RICHARD BLUMENTHAL,senate,Democrat,CT,SSAS13; SSAS14; SSAS17; SSGA01; SSGA20; SSJU01; SSJU22; SSJU25; SSJU28; Senate Committee on Armed Services; Senate Committee on Homeland Security and Governmental Affairs; Senate Committee on Veterans' Affairs; Senate Committee on the Judiciary; United States Senate Caucus on International Narcotics Control,True,2018-06-18,2018-07-23,,Peter L Malkin Family 9 LLC: Brazilian SELIC (LFT) Bonds (held by BTG),Other,Sale,"$250,001 - $500,000",375000.5,False,Spouse,d53321ee-78d6-40dd-9011-40b0defe14cb,https://efdsearch.senate.gov/search/view/paper/d53321ee-78d6-40dd-9011-40b0defe14cb/,da22dfddb255dcc9f2bb3d16673a7c91ed87c9ee8df39770fc5cbd02d73958e6,senate-efd-ocr,explicit,0
B001277,RICHARD BLUMENTHAL,senate,Democrat,CT,SSAS13; SSAS14; SSAS17; SSGA01; SSGA20; SSJU01; SSJU22; SSJU25; SSJU28; Senate Committee on Armed Services; Senate Committee on Homeland Security and Governmental Affairs; Senate Committee on Veterans' Affairs; Senate Committee on the Judiciary; United States Senate Caucus on International Narcotics Control,True,2018-06-29,2018-07-23,,Peter L Malkin Family 9 LLC: CMB 2009 GRAT - Brazilian SELIC (LFT) Bonds (held by BTG),Other,Purchase,"$50,001 - $100,000",75000.5,False,Spouse,d53321ee-78d6-40dd-9011-40b0defe14cb,https://efdsearch.senate.gov/search/view/paper/d53321ee-78d6-40dd-9011-40b0defe14cb/,54e8705518c481e0894e37ebe8124fb3cc8a0d7867f37dbc3836a0b0f9633a1c,senate-efd-ocr,explicit,0
B001277,RICHARD BLUMENTHAL,senate,Democrat,CT,SSAS13; SSAS14; SSAS17; SSGA01; SSGA20; SSJU01; SSJU22; SSJU25; SSJU28; Senate Committee on Armed Services; Senate Committee on Homeland Security and Governmental Affairs; Senate Committee on Veterans' Affairs; Senate Committee on the Judiciary; United States Senate Caucus on International Narcotics Control,True,2018-06-29,2018-07-23,,Skyhawk Therapeutics Inc,Stock,Purchase,"$50,001 - $100,000",75000.5,False,Spouse,d53321ee-78d6-40dd-9011-40b0defe14cb,https://efdsearch.senate.gov/search/view/paper/d53321ee-78d6-40dd-9011-40b0defe14cb/,a487e71b6d941e4d9cfb1d7f5af0219f68723e8e08f220c0f33c1cf525095741,senate-efd-ocr,explicit,0
B001277,RICHARD BLUMENTHAL,senate,Democrat,CT,SSAS13; SSAS14; SSAS17; SSGA01; SSGA20; SSJU01; SSJU22; SSJU25; SSJU28; Senate Committee on Armed Services; Senate Committee on Homeland Security and Governmental Affairs; Senate Committee on Veterans' Affairs; Senate Committee on the Judiciary; United States Senate Caucus on International Narcotics Control,True,2018-06-29,2018-07-23,,Brazilian SELIC (LFT) Bonds (held by BTG),,Sale,"$100,001 - $250,000",175000.5,False,Spouse,d53321ee-78d6-40dd-9011-40b0defe14cb,https://efdsearch.senate.gov/search/view/paper/d53321ee-78d6-40dd-9011-40b0defe14cb/,5387445c4f2612c6726e837fd28871bed672d56f87534e4a438dc2bd9f36331f,senate-efd-ocr,explicit,0
B001277,RICHARD BLUMENTHAL,senate,Democrat,CT,SSAS13; SSAS14; SSAS17; SSGA01; SSGA20; SSJU01; SSJU22; SSJU25; SSJU28; Senate Committee on Armed Services; Senate Committee on Homeland Security and Governmental Affairs; Senate Committee on Veterans' Affairs; Senate Committee on the Judiciary; United States Senate Caucus on International Narcotics Control,True,2018-07-02,2018-07-23,,Xingo Fic Fia 360,,Purchase,"$50,001 - $100,000",75000.5,False,Spouse,d53321ee-78d6-40dd-9011-40b0defe14cb,https://efdsearch.senate.gov/search/view/paper/d53321ee-78d6-40dd-9011-40b0defe14cb/,07a8835cedc824a483cd56e12642d53d5a02652d095f1d9d1580f8665464861a,senate-efd-ocr,explicit,0
B001277,RICHARD BLUMENTHAL,senate,Democrat,CT,SSAS13; SSAS14; SSAS17; SSGA01; SSGA20; SSJU01; SSJU22; SSJU25; SSJU28; Senate Committee on Armed Services; Senate Committee on Homeland Security and Governmental Affairs; Senate Committee on Veterans' Affairs; Senate Committee on the Judiciary; United States Senate Caucus on International Narcotics Control,True,2018-07-02,2018-07-23,,Xingo Fic Fia 360,,Purchase,"$100,001 - $250,000",175000.5,False,Spouse,d53321ee-78d6-40dd-9011-40b0defe14cb,https://efdsearch.senate.gov/search/view/paper/d53321ee-78d6-40dd-9011-40b0defe14cb/,72b014c87fbc591eac4f9f49bb438298a31b5972cc08f74cf122fdc682b0a96f,senate-efd-ocr,explicit,0
B001277,RICHARD BLUMENTHAL,senate,Democrat,CT,SSAS13; SSAS14; SSAS17; SSGA01; SSGA20; SSJU01; SSJU22; SSJU25; SSJU28; Senate Committee on Armed Services; Senate Committee on Homeland Security and Governmental Affairs; Senate Committee on Veterans' Affairs; Senate Committee on the Judiciary; United States Senate Caucus on International Narcotics Control,True,2018-06-18,2018-07-23,,Skyhawk Therapeutics Inc,Stock,Purchase,"$50,001 - $100,000",75000.5,False,Spouse,d53321ee-78d6-40dd-9011-40b0defe14cb,https://efdsearch.senate.gov/search/view/paper/d53321ee-78d6-40dd-9011-40b0defe14cb/,e966af8b9e158adf59151fb3db7a860c2870f4f69a4fe79e4021ceb7add6c9c5,senate-efd-ocr,explicit,0
B001277,RICHARD BLUMENTHAL,senate,Democrat,CT,SSAS13; SSAS14; SSAS17; SSGA01; SSGA20; SSJU01; SSJU22; SSJU25; SSJU28; Senate Committee on Armed Services; Senate Committee on Homeland Security and Governmental Affairs; Senate Committee on Veterans' Affairs; Senate Committee on the Judiciary; United States Senate Caucus on International Narcotics Control,True,2018-06-20,2018-07-23,,Summa I LLC,Other,Purchase,"$50,001 - $100,000",75000.5,False,Spouse,d53321ee-78d6-40dd-9011-40b0defe14cb,https://efdsearch.senate.gov/search/view/paper/d53321ee-78d6-40dd-9011-40b0defe14cb/,4c12cf6d9a6aca46e21e95034315fd45709a53e60baae3c8b3a890289833b125,senate-efd-ocr,explicit,0
B001277,RICHARD BLUMENTHAL,senate,Democrat,CT,SSAS13; SSAS14; SSAS17; SSGA01; SSGA20; SSJU01; SSJU22; SSJU25; SSJU28; Senate Committee on Armed Services; Senate Committee on Homeland Security and Governmental Affairs; Senate Committee on Veterans' Affairs; Senate Committee on the Judiciary; United States Senate Caucus on International Narcotics Control,True,2018-07-02,2018-07-23,,Xingo Fic Fia 360,,Purchase,"$50,001 - $100,000",75000.5,False,Spouse,d53321ee-78d6-40dd-9011-40b0defe14cb,https://efdsearch.senate.gov/search/view/paper/d53321ee-78d6-40dd-9011-40b0defe14cb/,07a8835cedc824a483cd56e12642d53d5a02652d095f1d9d1580f8665464861a,senate-efd-ocr,explicit,1
B001277,RICHARD BLUMENTHAL,senate,Democrat,CT,SSAS13; SSAS14; SSAS17; SSGA01; SSGA20; SSJU01; SSJU22; SSJU25; SSJU28; Senate Committee on Armed Services; Senate Committee on Homeland Security and Governmental Affairs; Senate Committee on Veterans' Affairs; Senate Committee on the Judiciary; United States Senate Caucus on International Narcotics Control,True,2018-06-20,2018-07-23,,PEM Holding Co,Stock,Purchase,"$50,001 - $100,000",75000.5,False,Spouse,d53321ee-78d6-40dd-9011-40b0defe14cb,https://efdsearch.senate.gov/search/view/paper/d53321ee-78d6-40dd-9011-40b0defe14cb/,26a2cca556f3c6b36b4d2fcfc4f842be98e3d6b8b090a55b09247ac2872d1f4b,senate-efd-ocr,explicit,0
B001236,JOHN BOOZMAN,senate,Republican,AR,"Commission on Security and Cooperation in Europe; SSAF13; SSAF14; SSAF15; SSAF16; SSAF17; SSAP02; SSAP18; SSAP19; SSAP20; SSAP23; SSAP24; SSEV08; SSEV10; SSEV15; Senate Committee on Agriculture, Nutrition, and Forestry; Senate Committee on Appropriations; Senate Committee on Environment and Public Works; Senate Committee on Rules and Administration; Senate Committee on Veterans' Affairs",False,2018-06-28,2018-07-19,,Invesco Fundamental High Yield,Other,Sale,"$15,001 - $50,000",32500.5,False,Self,383fb792-fd57-44fb-a8d6-46909a496b33,https://efdsearch.senate.gov/search/view/paper/383fb792-fd57-44fb-a8d6-46909a496b33/,e1c7c3176d33d2660bdd391914b99c61a266ecf08f35d6c8da79c02b2b5bd78b,senate-efd-ocr,explicit,0
B001236,JOHN BOOZMAN,senate,Republican,AR,"Commission on Security and Cooperation in Europe; SSAF13; SSAF14; SSAF15; SSAF16; SSAF17; SSAP02; SSAP18; SSAP19; SSAP20; SSAP23; SSAP24; SSEV08; SSEV10; SSEV15; Senate Committee on Agriculture, Nutrition, and Forestry; Senate Committee on Appropriations; Senate Committee on Environment and Public Works; Senate Committee on Rules and Administration; Senate Committee on Veterans' Affairs",False,2018-06-28,2018-07-19,,iShares Tr Barclys 10-20 Yr,,Sale,"$1,001 - $15,000",8000.5,False,Self,383fb792-fd57-44fb-a8d6-46909a496b33,https://efdsearch.senate.gov/search/view/paper/383fb792-fd57-44fb-a8d6-46909a496b33/,d95d69febd196783c022074e1d3b713a34df59ca1b81ff5492f5050138209f69,senate-efd-ocr,explicit,0
B001236,JOHN BOOZMAN,senate,Republican,AR,"Commission on Security and Cooperation in Europe; SSAF13; SSAF14; SSAF15; SSAF16; SSAF17; SSAP02; SSAP18; SSAP19; SSAP20; SSAP23; SSAP24; SSEV08; SSEV10; SSEV15; Senate Committee on Agriculture, Nutrition, and Forestry; Senate Committee on Appropriations; Senate Committee on Environment and Public Works; Senate Committee on Rules and Administration; Senate Committee on Veterans' Affairs",False,2018-06-28,2018-07-19,,iShares Tr Index Barclys 7-10 Yr,,Sale,"$1,001 - $15,000",8000.5,False,Self,383fb792-fd57-44fb-a8d6-46909a496b33,https://efdsearch.senate.gov/search/view/paper/383fb792-fd57-44fb-a8d6-46909a496b33/,34c30b0fa3021304a8c9e0cc760b57500d44d8cfca652d90d536147c5c94b00c,senate-efd-ocr,explicit,0
B001236,JOHN BOOZMAN,senate,Republican,AR,"Commission on Security and Cooperation in Europe; SSAF13; SSAF14; SSAF15; SSAF16; SSAF17; SSAP02; SSAP18; SSAP19; SSAP20; SSAP23; SSAP24; SSEV08; SSEV10; SSEV15; Senate Committee on Agriculture, Nutrition, and Forestry; Senate Committee on Appropriations; Senate Committee on Environment and Public Works; Senate Committee on Rules and Administration; Senate Committee on Veterans' Affairs",False,2018-06-26,2018-07-19,,iShares Tr MSCI EAFE Index Fd MFC,,Sale,"$1,001 - $15,000",8000.5,False,Self,383fb792-fd57-44fb-a8d6-46909a496b33,https://efdsearch.senate.gov/search/view/paper/383fb792-fd57-44fb-a8d6-46909a496b33/,815b5c6ee6d31b70113720837174bc206196fdfd37f580548ff3d8e9d0102df2,senate-efd-ocr,explicit,0
B001236,JOHN BOOZMAN,senate,Republican,AR,"Commission on Security and Cooperation in Europe; SSAF13; SSAF14; SSAF15; SSAF16; SSAF17; SSAP02; SSAP18; SSAP19; SSAP20; SSAP23; SSAP24; SSEV08; SSEV10; SSEV15; Senate Committee on Agriculture, Nutrition, and Forestry; Senate Committee on Appropriations; Senate Committee on Environment and Public Works; Senate Committee on Rules and Administration; Senate Committee on Veterans' Affairs",False,2018-06-28,2018-07-19,,iShares Barclays Mbs Bond Fd,Corporate Bond,Purchase,"$15,001 - $50,000",32500.5,False,Self,383fb792-fd57-44fb-a8d6-46909a496b33,https://efdsearch.senate.gov/search/view/paper/383fb792-fd57-44fb-a8d6-46909a496b33/,1c551c5dfd103fd37ea43ad2b3f857670a6576136adb47e0b2dde1e57acd73f5,senate-efd-ocr,explicit,0
B001236,JOHN BOOZMAN,senate,Republican,AR,"Commission on Security and Cooperation in Europe; SSAF13; SSAF14; SSAF15; SSAF16; SSAF17; SSAP02; SSAP18; SSAP19; SSAP20; SSAP23; SSAP24; SSEV08; SSEV10; SSEV15; Senate Committee on Agriculture, Nutrition, and Forestry; Senate Committee on Appropriations; Senate Committee on Environment and Public Works; Senate Committee on Rules and Administration; Senate Committee on Veterans' Affairs",False,2018-06-28,2018-07-19,,iShares Tr Index Barclays 3-7 Yr Tsy Bd Fd,,Purchase,"$1,001 - $15,000",8000.5,False,Self,383fb792-fd57-44fb-a8d6-46909a496b33,https://efdsearch.senate.gov/search/view/paper/383fb792-fd57-44fb-a8d6-46909a496b33/,3fdc2966acf7a5cb9ac10882793ce79f7220467e70adec18634fbd7b0b7c1259,senate-efd-ocr,explicit,0
B001236,JOHN BOOZMAN,senate,Republican,AR,"Commission on Security and Cooperation in Europe; SSAF13; SSAF14; SSAF15; SSAF16; SSAF17; SSAP02; SSAP18; SSAP19; SSAP20; SSAP23; SSAP24; SSEV08; SSEV10; SSEV15; Senate Committee on Agriculture, Nutrition, and Forestry; Senate Committee on Appropriations; Senate Committee on Environment and Public Works; Senate Committee on Rules and Administration; Senate Committee on Veterans' Affairs",False,2018-06-26,2018-07-19,,Vanguard Emerging Mkt ETF,,Purchase,"$1,001 - $15,000",8000.5,False,Self,383fb792-fd57-44fb-a8d6-46909a496b33,https://efdsearch.senate.gov/search/view/paper/383fb792-fd57-44fb-a8d6-46909a496b33/,cf6bf92d7e3554fa46fbd2ef357801187a233cc641d3351149e07005ffe4473c,senate-efd-ocr,explicit,0
B001236,JOHN BOOZMAN,senate,Republican,AR,"Commission on Security and Cooperation in Europe; SSAF13; SSAF14; SSAF15; SSAF16; SSAF17; SSAP02; SSAP18; SSAP19; SSAP20; SSAP23; SSAP24; SSEV08; SSEV10; SSEV15; Senate Committee on Agriculture, Nutrition, and Forestry; Senate Committee on Appropriations; Senate Committee on Environment and Public Works; Senate Committee on Rules and Administration; Senate Committee on Veterans' Affairs",False,2018-06-06,2018-07-19,,Invesco Exch Traded Fd Tr II (Name changed from Powershares Glbl ETF Traded Trust Fdm Hi Yld Rafi),Other,Exchange,"$15,001 - $50,000",32500.5,False,Self,383fb792-fd57-44fb-a8d6-46909a496b33,https://efdsearch.senate.gov/search/view/paper/383fb792-fd57-44fb-a8d6-46909a496b33/,9432cd859a74183e436255c5628e0e19b013d4e5f7c439fbdfd90335ce66a8bb,senate-efd-ocr,explicit,0
F000062,DIANNE FEINSTEIN,senate,Democrat,CA,,False,2018-06-11,2018-07-09,,BAYER AG-SPONSORED ADR,Stock,Purchase,"$15,001 - $50,000",32500.5,False,Spouse,9eaa5a59-b8a5-44ae-b77b-5cc7cf2a8076,https://efdsearch.senate.gov/search/view/paper/9eaa5a59-b8a5-44ae-b77b-5cc7cf2a8076/,8265b79999a8be558f4bb5457f794693c27309e7cf5f8d3a39563b2a3739211b,senate-efd-ocr,explicit,0
F000062,DIANNE FEINSTEIN,senate,Democrat,CA,,False,2018-06-11,2018-07-09,,DIGITAL REALTY TRUST INC,Other,Purchase,"$50,001 - $100,000",75000.5,False,Spouse,9eaa5a59-b8a5-44ae-b77b-5cc7cf2a8076,https://efdsearch.senate.gov/search/view/paper/9eaa5a59-b8a5-44ae-b77b-5cc7cf2a8076/,ca9501c2c13933c913ab545140f308c572b05c9a8895fae712f3db7094ba1e5b,senate-efd-ocr,explicit,0
F000062,DIANNE FEINSTEIN,senate,Democrat,CA,,False,2018-06-11,2018-07-09,,DOW DUPONT INC,Stock,Purchase,"$100,001 - $250,000",175000.5,False,Spouse,9eaa5a59-b8a5-44ae-b77b-5cc7cf2a8076,https://efdsearch.senate.gov/search/view/paper/9eaa5a59-b8a5-44ae-b77b-5cc7cf2a8076/,ef4de6ce5b2c21623ee4c60d22d7762352c88d45df264eb4e9bb10537dafa5a5,senate-efd-ocr,explicit,0
F000062,DIANNE FEINSTEIN,senate,Democrat,CA,,False,2018-06-11,2018-07-09,,UNIVAR INC,Stock,Purchase,"$50,001 - $100,000",75000.5,False,Spouse,9eaa5a59-b8a5-44ae-b77b-5cc7cf2a8076,https://efdsearch.senate.gov/search/view/paper/9eaa5a59-b8a5-44ae-b77b-5cc7cf2a8076/,a9f4733887010abf7e34cf9848806be94b3c185a83f7b33398f2145c47c129cf,senate-efd-ocr,explicit,0
F000062,DIANNE FEINSTEIN,senate,Democrat,CA,,False,2018-06-19,2018-07-09,,AGILENT TECHNOLOGIES INC,Stock,Purchase,"$1,000,001 - $5,000,000",3000000.5,False,Spouse,9eaa5a59-b8a5-44ae-b77b-5cc7cf2a8076,https://efdsearch.senate.gov/search/view/paper/9eaa5a59-b8a5-44ae-b77b-5cc7cf2a8076/,db02b21a639380bfb068a672e9ee90b5a919837905bf5cffaa4ae7d4fad83535,senate-efd-ocr,explicit,0
F000062,DIANNE FEINSTEIN,senate,Democrat,CA,,False,2018-06-19,2018-07-09,,TELEFLEX INC,Stock,Sale,"$50,001 - $100,000",75000.5,False,Spouse,9eaa5a59-b8a5-44ae-b77b-5cc7cf2a8076,https://efdsearch.senate.gov/search/view/paper/9eaa5a59-b8a5-44ae-b77b-5cc7cf2a8076/,c9a946f15f832f467de41a1e15845614a7a30d13bb74bcd8f07a953a320a5a4c,senate-efd-ocr,explicit,0
F000062,DIANNE FEINSTEIN,senate,Democrat,CA,,False,2018-06-20,2018-07-09,,STARBUCKS CORP,Stock,Sale,"$500,001 - $1,000,000",750000.5,False,Spouse,9eaa5a59-b8a5-44ae-b77b-5cc7cf2a8076,https://efdsearch.senate.gov/search/view/paper/9eaa5a59-b8a5-44ae-b77b-5cc7cf2a8076/,391796b922c95eb41a7530781b3e54aa0375d752f3cf3e72e689ea1799fcbd73,senate-efd-ocr,explicit,0
F000062,DIANNE FEINSTEIN,senate,Democrat,CA,,False,2018-06-08,2018-07-09,,DIGITAL REALTY TRUST INC,Other,Purchase,"$15,001 - $50,000",32500.5,False,Spouse,9eaa5a59-b8a5-44ae-b77b-5cc7cf2a8076,https://efdsearch.senate.gov/search/view/paper/9eaa5a59-b8a5-44ae-b77b-5cc7cf2a8076/,07a82bb46b846f114759bbb8ef06e21d9a936993d6600fe54fa5bd45b1765cff,senate-efd-ocr,explicit,0
F000062,DIANNE FEINSTEIN,senate,Democrat,CA,,False,2018-06-08,2018-07-09,,DIGITAL REALTY TRUST INC,Other,Sale,"$50,001 - $100,000",75000.5,False,Spouse,9eaa5a59-b8a5-44ae-b77b-5cc7cf2a8076,https://efdsearch.senate.gov/search/view/paper/9eaa5a59-b8a5-44ae-b77b-5cc7cf2a8076/,fd59d531b1eca225d3e330905e61ca297a826276f950bf1607026f4da4a55a51,senate-efd-ocr,explicit,0
F000062,DIANNE FEINSTEIN,senate,Democrat,CA,,False,2018-06-07,2018-07-09,,DIGITAL REALTY TRUST INC,Other,Purchase,"$15,001 - $50,000",32500.5,False,Spouse,9eaa5a59-b8a5-44ae-b77b-5cc7cf2a8076,https://efdsearch.senate.gov/search/view/paper/9eaa5a59-b8a5-44ae-b77b-5cc7cf2a8076/,9f3320267726ade4230253ab0dddde1067626467ed0908d71c70d4b8213b328a,senate-efd-ocr,explicit,0
F000062,DIANNE FEINSTEIN,senate,Democrat,CA,,False,2018-06-19,2018-07-09,,AGILENT TECHNOLOGIES INC,Stock,Purchase,"$15,001 - $50,000",32500.5,False,Spouse,9eaa5a59-b8a5-44ae-b77b-5cc7cf2a8076,https://efdsearch.senate.gov/search/view/paper/9eaa5a59-b8a5-44ae-b77b-5cc7cf2a8076/,ed4bdd49553e1da94f8891fa9de73edeae62c7d688c6474c0f9818020f37e2c9,senate-efd-ocr,explicit,0
F000062,DIANNE FEINSTEIN,senate,Democrat,CA,,False,2018-06-01,2018-07-09,,CHUBB LTD,,Sale,"$50,001 - $100,000",75000.5,False,Spouse,9eaa5a59-b8a5-44ae-b77b-5cc7cf2a8076,https://efdsearch.senate.gov/search/view/paper/9eaa5a59-b8a5-44ae-b77b-5cc7cf2a8076/,36f2ef6993d9b4928c324d3dccf776eccd137bcf815c2b1d45df78a230c03fb0,senate-efd-ocr,explicit,0
F000062,DIANNE FEINSTEIN,senate,Democrat,CA,,False,2018-06-04,2018-07-09,,CHUBB LTD,,Sale,"$15,001 - $50,000",32500.5,False,Spouse,9eaa5a59-b8a5-44ae-b77b-5cc7cf2a8076,https://efdsearch.senate.gov/search/view/paper/9eaa5a59-b8a5-44ae-b77b-5cc7cf2a8076/,d605b5a47af79701906fbaf96291265978089aa59bc2c97b96b920fc91873238,senate-efd-ocr,explicit,0
F000062,DIANNE FEINSTEIN,senate,Democrat,CA,,False,2018-06-19,2018-07-09,,TELEFLEX INC,Stock,Sale,"$1,001 - $15,000",8000.5,False,Spouse,9eaa5a59-b8a5-44ae-b77b-5cc7cf2a8076,https://efdsearch.senate.gov/search/view/paper/9eaa5a59-b8a5-44ae-b77b-5cc7cf2a8076/,e48c22d8dedc4f38d3e6545e5b620c3ad9007293d5924cc23b58672bec2fad8f,senate-efd-ocr,explicit,0
F000062,DIANNE FEINSTEIN,senate,Democrat,CA,,False,2018-06-20,2018-07-09,,STARBUCKS CORP,Stock,Sale,"$50,001 - $100,000",75000.5,False,Spouse,9eaa5a59-b8a5-44ae-b77b-5cc7cf2a8076,https://efdsearch.senate.gov/search/view/paper/9eaa5a59-b8a5-44ae-b77b-5cc7cf2a8076/,4f245ab0ac466b7ca4df97f5d9f14950c02dbc850208eb1ffaaa32f69c30c5f2,senate-efd-ocr,explicit,0
B001135,RICHARD M BURR,senate,Republican,NC,,False,2018-06-12,2018-06-27,,Southern Company (stock) NYSE,Stock,Sale,"$50,001 - $100,000",75000.5,False,Self,2d0972d0-fd7d-472b-bc07-33863c26fddb,https://efdsearch.senate.gov/search/view/paper/2d0972d0-fd7d-472b-bc07-33863c26fddb/,ed80075c488067704912449c11899603e5bef11fcdc3cb07a1676428d75866f8,senate-efd-ocr,explicit,0
B001135,RICHARD M BURR,senate,Republican,NC,,False,2018-06-22,2018-06-27,KMB,Kimberly Corporation (stock) NASDAQ/OTC,Stock,Purchase,"$1,001 - $15,000",8000.5,False,Spouse,81056250-5eb1-4dc1-9f31-97fd69b72182,https://efdsearch.senate.gov/search/view/paper/81056250-5eb1-4dc1-9f31-97fd69b72182/,6990841cbf8e9c8e9f5489725b1332cd2f89f80dbb2d5401263a78ad920dd15b,senate-efd-ocr,explicit,0
B001135,RICHARD M BURR,senate,Republican,NC,,False,2018-06-22,2018-06-27,KMB,Kimberly Corporation (stock) NYSE,Stock,Purchase,"$15,001 - $50,000",32500.5,False,Spouse,81056250-5eb1-4dc1-9f31-97fd69b72182,https://efdsearch.senate.gov/search/view/paper/81056250-5eb1-4dc1-9f31-97fd69b72182/,5bb8da6861bf1816f20861bddba21228bc678dced68699233aa75675cba4eadb,senate-efd-ocr,explicit,0
B001135,RICHARD M BURR,senate,Republican,NC,,False,2018-06-22,2018-06-27,KMB,Kimberly-Clark Corporation,Stock,Purchase,"$15,001 - $50,000",32500.5,False,Self,81056250-5eb1-4dc1-9f31-97fd69b72182,https://efdsearch.senate.gov/search/view/paper/81056250-5eb1-4dc1-9f31-97fd69b72182/,236dacec667a3170fe8e9fce658558a80ec42529e33df8c9d153807d49653d80,senate-efd-ocr,explicit,0
B001236,JOHN BOOZMAN,senate,Republican,AR,"Commission on Security and Cooperation in Europe; SSAF13; SSAF14; SSAF15; SSAF16; SSAF17; SSAP02; SSAP18; SSAP19; SSAP20; SSAP23; SSAP24; SSEV08; SSEV10; SSEV15; Senate Committee on Agriculture, Nutrition, and Forestry; Senate Committee on Appropriations; Senate Committee on Environment and Public Works; Senate Committee on Rules and Administration; Senate Committee on Veterans' Affairs",False,2018-05-01,2018-06-21,,Celgene Corp Com,Stock,Sale,"$1,001 - $15,000",8000.5,False,Self,b046cfbb-d34c-412a-bbfd-0c1998b43be1,https://efdsearch.senate.gov/search/view/paper/b046cfbb-d34c-412a-bbfd-0c1998b43be1/,1f3454176708eb3bc5e39455f4dfaf17b14eef0455213aa5a5885954b5257cfc,senate-efd-ocr,explicit,0
B001236,JOHN BOOZMAN,senate,Republican,AR,"Commission on Security and Cooperation in Europe; SSAF13; SSAF14; SSAF15; SSAF16; SSAF17; SSAP02; SSAP18; SSAP19; SSAP20; SSAP23; SSAP24; SSEV08; SSEV10; SSEV15; Senate Committee on Agriculture, Nutrition, and Forestry; Senate Committee on Appropriations; Senate Committee on Environment and Public Works; Senate Committee on Rules and Administration; Senate Committee on Veterans' Affairs",False,2018-05-14,2018-06-21,,CVS Caremark Corp,Stock,Sale,"$1,001 - $15,000",8000.5,False,Self,b046cfbb-d34c-412a-bbfd-0c1998b43be1,https://efdsearch.senate.gov/search/view/paper/b046cfbb-d34c-412a-bbfd-0c1998b43be1/,0bf953beabdfbed8b27675669509bf631f717ba03054596a19c750be2b34b96c,senate-efd-ocr,explicit,0
B001236,JOHN BOOZMAN,senate,Republican,AR,"Commission on Security and Cooperation in Europe; SSAF13; SSAF14; SSAF15; SSAF16; SSAF17; SSAP02; SSAP18; SSAP19; SSAP20; SSAP23; SSAP24; SSEV08; SSEV10; SSEV15; Senate Committee on Agriculture, Nutrition, and Forestry; Senate Committee on Appropriations; Senate Committee on Environment and Public Works; Senate Committee on Rules and Administration; Senate Committee on Veterans' Affairs",False,2018-05-30,2018-06-21,,iShares Tr Gs Corp Bd Fd,Stock,Sale,"$100,001 - $250,000",175000.5,False,Self,b046cfbb-d34c-412a-bbfd-0c1998b43be1,https://efdsearch.senate.gov/search/view/paper/b046cfbb-d34c-412a-bbfd-0c1998b43be1/,9b2a86e7c454f83a233e4370b9b9f72ab621ad9baa09eeb2eef4be77ef4b97d2,senate-efd-ocr,explicit,0
B001236,JOHN BOOZMAN,senate,Republican,AR,"Commission on Security and Cooperation in Europe; SSAF13; SSAF14; SSAF15; SSAF16; SSAF17; SSAP02; SSAP18; SSAP19; SSAP20; SSAP23; SSAP24; SSEV08; SSEV10; SSEV15; Senate Committee on Agriculture, Nutrition, and Forestry; Senate Committee on Appropriations; Senate Committee on Environment and Public Works; Senate Committee on Rules and Administration; Senate Committee on Veterans' Affairs",False,2018-05-24,2018-06-21,,Micron Technology Inc,Stock,Sale,"$1,001 - $15,000",8000.5,False,Self,b046cfbb-d34c-412a-bbfd-0c1998b43be1,https://efdsearch.senate.gov/search/view/paper/b046cfbb-d34c-412a-bbfd-0c1998b43be1/,3906ce7644c4febeb436548f783b65f85e0f73d4e0afcd8c7ed5aedf254bf958,senate-efd-ocr,explicit,0
B001236,JOHN BOOZMAN,senate,Republican,AR,"Commission on Security and Cooperation in Europe; SSAF13; SSAF14; SSAF15; SSAF16; SSAF17; SSAP02; SSAP18; SSAP19; SSAP20; SSAP23; SSAP24; SSEV08; SSEV10; SSEV15; Senate Committee on Agriculture, Nutrition, and Forestry; Senate Committee on Appropriations; Senate Committee on Environment and Public Works; Senate Committee on Rules and Administration; Senate Committee on Veterans' Affairs",False,2018-05-30,2018-06-21,,Vanguard Scottsdale Fds Sht Trm Corp,Stock,Sale,"$15,001 - $50,000",32500.5,False,Self,b046cfbb-d34c-412a-bbfd-0c1998b43be1,https://efdsearch.senate.gov/search/view/paper/b046cfbb-d34c-412a-bbfd-0c1998b43be1/,de1ee52eb4f4dd4a2e42d8e77180f10089fb274256528a51440a85deb9883418,senate-efd-ocr,explicit,0
B001236,JOHN BOOZMAN,senate,Republican,AR,"Commission on Security and Cooperation in Europe; SSAF13; SSAF14; SSAF15; SSAF16; SSAF17; SSAP02; SSAP18; SSAP19; SSAP20; SSAP23; SSAP24; SSEV08; SSEV10; SSEV15; Senate Committee on Agriculture, Nutrition, and Forestry; Senate Committee on Appropriations; Senate Committee on Environment and Public Works; Senate Committee on Rules and Administration; Senate Committee on Veterans' Affairs",False,2018-05-30,2018-06-21,,Goldman Sachs ETF Tr Access Invt Gr,,Purchase,"$100,001 - $250,000",175000.5,False,Self,b046cfbb-d34c-412a-bbfd-0c1998b43be1,https://efdsearch.senate.gov/search/view/paper/b046cfbb-d34c-412a-bbfd-0c1998b43be1/,97e293925eaf6f1081b588b88387cbba6d64eb6afee6bfa66106e5b86a6afa4b,senate-efd-ocr,explicit,0
B001236,JOHN BOOZMAN,senate,Republican,AR,"Commission on Security and Cooperation in Europe; SSAF13; SSAF14; SSAF15; SSAF16; SSAF17; SSAP02; SSAP18; SSAP19; SSAP20; SSAP23; SSAP24; SSEV08; SSEV10; SSEV15; Senate Committee on Agriculture, Nutrition, and Forestry; Senate Committee on Appropriations; Senate Committee on Environment and Public Works; Senate Committee on Rules and Administration; Senate Committee on Veterans' Affairs",False,2018-05-24,2018-06-21,,Hewlett Packard Enterprise Co Com,Stock,Purchase,"$1,001 - $15,000",8000.5,False,Self,b046cfbb-d34c-412a-bbfd-0c1998b43be1,https://efdsearch.senate.gov/search/view/paper/b046cfbb-d34c-412a-bbfd-0c1998b43be1/,50b4614199a86484ca3a379c4ce226d0c801ffdfe70c0ab5c3e245463afd38fb,senate-efd-ocr,explicit,0
B001236,JOHN BOOZMAN,senate,Republican,AR,"Commission on Security and Cooperation in Europe; SSAF13; SSAF14; SSAF15; SSAF16; SSAF17; SSAP02; SSAP18; SSAP19; SSAP20; SSAP23; SSAP24; SSEV08; SSEV10; SSEV15; Senate Committee on Agriculture, Nutrition, and Forestry; Senate Committee on Appropriations; Senate Committee on Environment and Public Works; Senate Committee on Rules and Administration; Senate Committee on Veterans' Affairs",False,2018-05-14,2018-06-21,,Host Hotels & Resorts Inc Com,Stock,Purchase,"$1,001 - $15,000",8000.5,False,Self,b046cfbb-d34c-412a-bbfd-0c1998b43be1,https://efdsearch.senate.gov/search/view/paper/b046cfbb-d34c-412a-bbfd-0c1998b43be1/,1d9093b88de4cd6ed74048e9c23e76c23ea3bc541a9d589b40180e9566ad8510,senate-efd-ocr,explicit,0
B001236,JOHN BOOZMAN,senate,Republican,AR,"Commission on Security and Cooperation in Europe; SSAF13; SSAF14; SSAF15; SSAF16; SSAF17; SSAP02; SSAP18; SSAP19; SSAP20; SSAP23; SSAP24; SSEV08; SSEV10; SSEV15; Senate Committee on Agriculture, Nutrition, and Forestry; Senate Committee on Appropriations; Senate Committee on Environment and Public Works; Senate Committee on Rules and Administration; Senate Committee on Veterans' Affairs",False,2018-05-24,2018-06-21,,HP Inc Com,Stock,Purchase,"$1,001 - $15,000",8000.5,False,Self,b046cfbb-d34c-412a-bbfd-0c1998b43be1,https://efdsearch.senate.gov/search/view/paper/b046cfbb-d34c-412a-bbfd-0c1998b43be1/,c367433f3887c17fe5f390ac9f0ad28a85cc4f317e8780e1e9d8ba1f8d7ab04f,senate-efd-ocr,explicit,0
B001236,JOHN BOOZMAN,senate,Republican,AR,"Commission on Security and Cooperation in Europe; SSAF13; SSAF14; SSAF15; SSAF16; SSAF17; SSAP02; SSAP18; SSAP19; SSAP20; SSAP23; SSAP24; SSEV08; SSEV10; SSEV15; Senate Committee on Agriculture, Nutrition, and Forestry; Senate Committee on Appropriations; Senate Committee on Environment and Public Works; Senate Committee on Rules and Administration; Senate Committee on Veterans' Affairs",False,2018-05-24,2018-06-21,,IBM,,Purchase,"$1,001 - $15,000",8000.5,False,Self,b046cfbb-d34c-412a-bbfd-0c1998b43be1,https://efdsearch.senate.gov/search/view/paper/b046cfbb-d34c-412a-bbfd-0c1998b43be1/,424a27113b4228794e4b002eefeebac8efcd858a1347c20506cb9d3162349198,senate-efd-ocr,explicit,0
B001236,JOHN BOOZMAN,senate,Republican,AR,"Commission on Security and Cooperation in Europe; SSAF13; SSAF14; SSAF15; SSAF16; SSAF17; SSAP02; SSAP18; SSAP19; SSAP20; SSAP23; SSAP24; SSEV08; SSEV10; SSEV15; Senate Committee on Agriculture, Nutrition, and Forestry; Senate Committee on Appropriations; Senate Committee on Environment and Public Works; Senate Committee on Rules and Administration; Senate Committee on Veterans' Affairs",False,2018-05-01,2018-06-21,,United Rentals Inc,Stock,Purchase,"$1,001 - $15,000",8000.5,False,Self,b046cfbb-d34c-412a-bbfd-0c1998b43be1,https://efdsearch.senate.gov/search/view/paper/b046cfbb-d34c-412a-bbfd-0c1998b43be1/,c6a219df8e7b1b5a5a45caf12c2d797feb8b8b4c3fb1cb06594f62e1c35bbb05,senate-efd-ocr,explicit,0
F000062,DIANNE FEINSTEIN,senate,Democrat,CA,,False,2018-05-01,2018-06-11,,CHARTER COMMUNICATIONS INC (stock),Stock,Purchase,"$500,001 - $1,000,000",750000.5,False,Self,aa258eda-0256-4ec9-bcc2-b03f7ff9228f,https://efdsearch.senate.gov/search/view/paper/aa258eda-0256-4ec9-bcc2-b03f7ff9228f/,a1a345da34709f10768ec44f94bc948ae56618d4c8e7cc09cdbd9f044b4f7363,senate-efd-ocr,explicit,0
F000062,DIANNE FEINSTEIN,senate,Democrat,CA,,False,2018-05-01,2018-06-11,,PENTAIR PLC (stock),Stock,Sale,"$15,001 - $50,000",32500.5,False,Self,aa258eda-0256-4ec9-bcc2-b03f7ff9228f,https://efdsearch.senate.gov/search/view/paper/aa258eda-0256-4ec9-bcc2-b03f7ff9228f/,cecddb0f85a4e6e048470299a596b6fdb6c410ba34e95db9ddeccae81d73cf38,senate-efd-ocr,explicit,0
F000062,DIANNE FEINSTEIN,senate,Democrat,CA,,False,2018-05-01,2018-06-11,,PENTAIR PLC (stock),Stock,Sale,"$1,001 - $15,000",8000.5,False,Self,aa258eda-0256-4ec9-bcc2-b03f7ff9228f,https://efdsearch.senate.gov/search/view/paper/aa258eda-0256-4ec9-bcc2-b03f7ff9228f/,d02bef6cf6bd88e232bdada581bda3e465a7bf69201257b7829f291f0b894e13,senate-efd-ocr,explicit,0
F000062,DIANNE FEINSTEIN,senate,Democrat,CA,,False,2018-05-01,2018-06-11,,INTEL CORP (stock),Stock,Sale,"$15,001 - $50,000",32500.5,False,Self,aa258eda-0256-4ec9-bcc2-b03f7ff9228f,https://efdsearch.senate.gov/search/view/paper/aa258eda-0256-4ec9-bcc2-b03f7ff9228f/,7f5367677657bec6cc9737b8e6dd162c3271592126b78cc9a8f815f39983562f,senate-efd-ocr,explicit,0
F000062,DIANNE FEINSTEIN,senate,Democrat,CA,,False,2018-05-01,2018-06-11,,INTEL CORP (stock),Stock,Sale,"$50,001 - $100,000",75000.5,False,Self,aa258eda-0256-4ec9-bcc2-b03f7ff9228f,https://efdsearch.senate.gov/search/view/paper/aa258eda-0256-4ec9-bcc2-b03f7ff9228f/,40d462ce29bd667fe59e8873bffb379a77f1d967b0fe32832845e9bfc05031ce,senate-efd-ocr,explicit,0
F000062,DIANNE FEINSTEIN,senate,Democrat,CA,,False,2018-05-02,2018-06-11,,NVENT ELECTRIC PLC,Stock,Purchase,"$15,001 - $50,000",32500.5,False,Self,aa258eda-0256-4ec9-bcc2-b03f7ff9228f,https://efdsearch.senate.gov/search/view/paper/aa258eda-0256-4ec9-bcc2-b03f7ff9228f/,4a6d586c8c8f6635831fc97f6835cc0af359e6547d198dcd98497d88368c570d,senate-efd-ocr,explicit,0
F000062,DIANNE FEINSTEIN,senate,Democrat,CA,,False,2018-05-02,2018-06-11,,NVENT ELECTRIC PLC,Stock,Sale,"$50,001 - $100,000",75000.5,False,Self,aa258eda-0256-4ec9-bcc2-b03f7ff9228f,https://efdsearch.senate.gov/search/view/paper/aa258eda-0256-4ec9-bcc2-b03f7ff9228f/,71b32d6ac86595fa9e39999c7fd0fbf0dea7edf3e9a8cdc07b0a80281e9069b7,senate-efd-ocr,explicit,0
F000062,DIANNE FEINSTEIN,senate,Democrat,CA,,False,2018-05-04,2018-06-11,,HOLOGIC INC (stock),Stock,Purchase,"$50,001 - $100,000",75000.5,False,Self,aa258eda-0256-4ec9-bcc2-b03f7ff9228f,https://efdsearch.senate.gov/search/view/paper/aa258eda-0256-4ec9-bcc2-b03f7ff9228f/,65b8dc33f2190ebe81670fc90303cc179c415e5c7bdaa081af5787f1bb26071a,senate-efd-ocr,explicit,0
F000062,DIANNE FEINSTEIN,senate,Democrat,CA,,False,2018-05-04,2018-06-11,,HOLOGIC INC (stock),Stock,Sale,"$15,001 - $50,000",32500.5,False,Self,aa258eda-0256-4ec9-bcc2-b03f7ff9228f,https://efdsearch.senate.gov/search/view/paper/aa258eda-0256-4ec9-bcc2-b03f7ff9228f/,b11c382b217f1866c9d33a61a3bea715577ab040b630b30fdc4843bffd572841,senate-efd-ocr,explicit,0
F000062,DIANNE FEINSTEIN,senate,Democrat,CA,,False,2018-05-31,2018-06-11,,CHUBB LTD (stock),Stock,Sale,"$15,001 - $50,000",32500.5,False,Self,aa258eda-0256-4ec9-bcc2-b03f7ff9228f,https://efdsearch.senate.gov/search/view/paper/aa258eda-0256-4ec9-bcc2-b03f7ff9228f/,4c49454c3b6bf806f5af7c77d3ea35469a565cb59e9915dba200fe2e49bf197a,senate-efd-ocr,explicit,0
B001277,RICHARD BLUMENTHAL,senate,Democrat,CT,SSAS13; SSAS14; SSAS17; SSGA01; SSGA20; SSJU01; SSJU22; SSJU25; SSJU28; Senate Committee on Armed Services; Senate Committee on Homeland Security and Governmental Affairs; Senate Committee on Veterans' Affairs; Senate Committee on the Judiciary; United States Senate Caucus on International Narcotics Control,True,2018-02-27,2018-05-24,,Peter L Malkin Family 2000 LLC,Other,Purchase,"$100,001 - $250,000",175000.5,False,Spouse,92de2283-fef4-4f5c-bead-956ceb88688d,https://efdsearch.senate.gov/search/view/paper/92de2283-fef4-4f5c-bead-956ceb88688d/,a18849f37bd821e2f48297efbfcad0cbacb755d272e660bce262c2e7fb216e54,senate-efd-ocr,explicit,0
B001277,RICHARD BLUMENTHAL,senate,Democrat,CT,SSAS13; SSAS14; SSAS17; SSGA01; SSGA20; SSJU01; SSJU22; SSJU25; SSJU28; Senate Committee on Armed Services; Senate Committee on Homeland Security and Governmental Affairs; Senate Committee on Veterans' Affairs; Senate Committee on the Judiciary; United States Senate Caucus on International Narcotics Control,True,2018-02-01,2018-05-24,,Peter L Malkin Family 2000 LLC,Other,Sale,"$500,001 - $1,000,000",750000.5,False,Spouse,92de2283-fef4-4f5c-bead-956ceb88688d,https://efdsearch.senate.gov/search/view/paper/92de2283-fef4-4f5c-bead-956ceb88688d/,16c485596f21ff39a5759d02797d45343ea0d1765cc91ea7c3abdb93e80ef1ff,senate-efd-ocr,explicit,0
B001277,RICHARD BLUMENTHAL,senate,Democrat,CT,SSAS13; SSAS14; SSAS17; SSGA01; SSGA20; SSJU01; SSJU22; SSJU25; SSJU28; Senate Committee on Armed Services; Senate Committee on Homeland Security and Governmental Affairs; Senate Committee on Veterans' Affairs; Senate Committee on the Judiciary; United States Senate Caucus on International Narcotics Control,True,2018-04-30,2018-05-24,,Centerstate Bank Corporation,Stock,Sale,"$100,001 - $250,000",175000.5,False,Spouse,92de2283-fef4-4f5c-bead-956ceb88688d,https://efdsearch.senate.gov/search/view/paper/92de2283-fef4-4f5c-bead-956ceb88688d/,b9213da290a56652cf293e09af7d6dbdcc4f106b0abb7710b5ab26688ccb193f,senate-efd-ocr,explicit,0
B001277,RICHARD BLUMENTHAL,senate,Democrat,CT,SSAS13; SSAS14; SSAS17; SSGA01; SSGA20; SSJU01; SSJU22; SSJU25; SSJU28; Senate Committee on Armed Services; Senate Committee on Homeland Security and Governmental Affairs; Senate Committee on Veterans' Affairs; Senate Committee on the Judiciary; United States Senate Caucus on International Narcotics Control,True,2018-05-11,2018-05-24,,"Amplo I, LP",Other,Purchase,"$50,001 - $100,000",75000.5,False,Spouse,92de2283-fef4-4f5c-bead-956ceb88688d,https://efdsearch.senate.gov/search/view/paper/92de2283-fef4-4f5c-bead-956ceb88688d/,f5bbf17a7e1a7418eeefafe0dbb192bf3500d2e0cd15b59ab0d207381e9d8491,senate-efd-ocr,explicit,0
B001277,RICHARD BLUMENTHAL,senate,Democrat,CT,SSAS13; SSAS14; SSAS17; SSGA01; SSGA20; SSJU01; SSJU22; SSJU25; SSJU28; Senate Committee on Armed Services; Senate Committee on Homeland Security and Governmental Affairs; Senate Committee on Veterans' Affairs; Senate Committee on the Judiciary; United States Senate Caucus on International Narcotics Control,True,2018-05-15,2018-05-24,,Kashmir Holdings LLC,Other,Sale,"$1,001 - $15,000",8000.5,False,Spouse,92de2283-fef4-4f5c-bead-956ceb88688d,https://efdsearch.senate.gov/search/view/paper/92de2283-fef4-4f5c-bead-956ceb88688d/,ce69e051be82360c0f4b0fb8ac3879a0536fe625a0e64d7c85c1348331827b68,senate-efd-ocr,explicit,0
B001277,RICHARD BLUMENTHAL,senate,Democrat,CT,SSAS13; SSAS14; SSAS17; SSGA01; SSGA20; SSJU01; SSJU22; SSJU25; SSJU28; Senate Committee on Armed Services; Senate Committee on Homeland Security and Governmental Affairs; Senate Committee on Veterans' Affairs; Senate Committee on the Judiciary; United States Senate Caucus on International Narcotics Control,True,2018-05-15,2018-05-24,,New Things Partners LLC,Other,Purchase,"$50,001 - $100,000",75000.5,False,Spouse,92de2283-fef4-4f5c-bead-956ceb88688d,https://efdsearch.senate.gov/search/view/paper/92de2283-fef4-4f5c-bead-956ceb88688d/,002b5ac9cbe74d2f6373f3fb20b188d9252cbf55fd792f6410d9fd63d4f7bad9,senate-efd-ocr,explicit,0
B001277,RICHARD BLUMENTHAL,senate,Democrat,CT,SSAS13; SSAS14; SSAS17; SSGA01; SSGA20; SSJU01; SSJU22; SSJU25; SSJU28; Senate Committee on Armed Services; Senate Committee on Homeland Security and Governmental Affairs; Senate Committee on Veterans' Affairs; Senate Committee on the Judiciary; United States Senate Caucus on International Narcotics Control,True,2018-05-11,2018-05-24,,Centerstate Bank Corporation,Stock,Sale,"$1,001 - $15,000",8000.5,False,Spouse,92de2283-fef4-4f5c-bead-956ceb88688d,https://efdsearch.senate.gov/search/view/paper/92de2283-fef4-4f5c-bead-956ceb88688d/,88ddb2dd1d5ab6e6ca189f750b1771cb401308c11dde874da8be1f1f96fe1968,senate-efd-ocr,explicit,0
B001277,RICHARD BLUMENTHAL,senate,Democrat,CT,SSAS13; SSAS14; SSAS17; SSGA01; SSGA20; SSJU01; SSJU22; SSJU25; SSJU28; Senate Committee on Armed Services; Senate Committee on Homeland Security and Governmental Affairs; Senate Committee on Veterans' Affairs; Senate Committee on the Judiciary; United States Senate Caucus on International Narcotics Control,True,2018-05-11,2018-05-24,,Summa I LLC,Other,Sale,"$1,001 - $15,000",8000.5,False,Spouse,92de2283-fef4-4f5c-bead-956ceb88688d,https://efdsearch.senate.gov/search/view/paper/92de2283-fef4-4f5c-bead-956ceb88688d/,07b30b9cd6032b603be545a12ba0101b089b885bba02bbd922e68c8d2ded14bb,senate-efd-ocr,explicit,0
B001277,RICHARD BLUMENTHAL,senate,Democrat,CT,SSAS13; SSAS14; SSAS17; SSGA01; SSGA20; SSJU01; SSJU22; SSJU25; SSJU28; Senate Committee on Armed Services; Senate Committee on Homeland Security and Governmental Affairs; Senate Committee on Veterans' Affairs; Senate Committee on the Judiciary; United States Senate Caucus on International Narcotics Control,True,,2018-05-24,,Centerstate Bank Corporation,Stock,Purchase,,,False,Spouse,92de2283-fef4-4f5c-bead-956ceb88688d,https://efdsearch.senate.gov/search/view/paper/92de2283-fef4-4f5c-bead-956ceb88688d/,f79564d7e503c1f64e9acbdad4a113d0e338d9c424c9b873c722021778c2888a,senate-efd-ocr,explicit,0
B001277,RICHARD BLUMENTHAL,senate,Democrat,CT,SSAS13; SSAS14; SSAS17; SSGA01; SSGA20; SSJU01; SSJU22; SSJU25; SSJU28; Senate Committee on Armed Services; Senate Committee on Homeland Security and Governmental Affairs; Senate Committee on Veterans' Affairs; Senate Committee on the Judiciary; United States Senate Caucus on International Narcotics Control,True,2018-05-15,2018-05-24,,"Peter L Malkin Family 9 LLC: Amplo I, LP",Other,Purchase,"$50,001 - $100,000",75000.5,False,Spouse,92de2283-fef4-4f5c-bead-956ceb88688d,https://efdsearch.senate.gov/search/view/paper/92de2283-fef4-4f5c-bead-956ceb88688d/,3eca61429910bb4bb77c33d3f28f76aa5fc0870ddf9131a161b714a40fad5dc3,senate-efd-ocr,explicit,0
B001277,RICHARD BLUMENTHAL,senate,Democrat,CT,SSAS13; SSAS14; SSAS17; SSGA01; SSGA20; SSJU01; SSJU22; SSJU25; SSJU28; Senate Committee on Armed Services; Senate Committee on Homeland Security and Governmental Affairs; Senate Committee on Veterans' Affairs; Senate Committee on the Judiciary; United States Senate Caucus on International Narcotics Control,True,2018-05-15,2018-05-24,,"Peter L Malkin Family 9 LLC: CMB 2009 GRAT: Amplo I, LP",Other,Purchase,"$15,001 - $50,000",32500.5,False,Spouse,92de2283-fef4-4f5c-bead-956ceb88688d,https://efdsearch.senate.gov/search/view/paper/92de2283-fef4-4f5c-bead-956ceb88688d/,1a33bee91e8ec8e840e2426a0cc096a8363ef1e6254aa432376b407640b6c859,senate-efd-ocr,explicit,0
F000062,DIANNE FEINSTEIN,senate,Democrat,CA,,False,2018-04-04,2018-05-22,,"FACEBOOK, INC (stock)",Stock,Purchase,"$250,001 - $500,000",375000.5,False,Spouse,7d534d16-8f7d-4ef1-8be2-a1d815c9d708,https://efdsearch.senate.gov/search/view/paper/7d534d16-8f7d-4ef1-8be2-a1d815c9d708/,0926697466c5ae1cf924a76e1b5ae1fb5223dc2267479e16805ee048b455334c,senate-efd-ocr,explicit,0
F000062,DIANNE FEINSTEIN,senate,Democrat,CA,,False,2018-04-06,2018-05-22,,"VISA, INC (stock)",Stock,Purchase,"$15,001 - $50,000",32500.5,False,Spouse,7d534d16-8f7d-4ef1-8be2-a1d815c9d708,https://efdsearch.senate.gov/search/view/paper/7d534d16-8f7d-4ef1-8be2-a1d815c9d708/,9cfd329e80fa60fbe59bfcdf7af45e714b0c2d3263ddf5b05a87928e599e80dc,senate-efd-ocr,explicit,0
F000062,DIANNE FEINSTEIN,senate,Democrat,CA,,False,2018-04-06,2018-05-22,,"VISA, INC (stock)",Stock,Sale,"$250,001 - $500,000",375000.5,False,Spouse,7d534d16-8f7d-4ef1-8be2-a1d815c9d708,https://efdsearch.senate.gov/search/view/paper/7d534d16-8f7d-4ef1-8be2-a1d815c9d708/,e57f7c4df27f99b1b43135eb0dbbc4a24f83522ab61b7db31517fefe3b19ba0a,senate-efd-ocr,explicit,0
F000062,DIANNE FEINSTEIN,senate,Democrat,CA,,False,2018-04-12,2018-05-22,,INTEL CORP (stock),Stock,Purchase,"$100,001 - $250,000",175000.5,False,Spouse,7d534d16-8f7d-4ef1-8be2-a1d815c9d708,https://efdsearch.senate.gov/search/view/paper/7d534d16-8f7d-4ef1-8be2-a1d815c9d708/,769151797b6a7944a6fcfd032359ffa0eb5a6c7a27c93988a5f1800d99ca0b8e,senate-efd-ocr,explicit,0
F000062,DIANNE FEINSTEIN,senate,Democrat,CA,,False,2018-04-18,2018-05-22,,POST HLDGS (stock),Stock,Purchase,"$250,001 - $500,000",375000.5,False,Spouse,7d534d16-8f7d-4ef1-8be2-a1d815c9d708,https://efdsearch.senate.gov/search/view/paper/7d534d16-8f7d-4ef1-8be2-a1d815c9d708/,fa864aa91c33eb65af204250550829e9ae9397c2816c5dc621ced3261ab9a889,senate-efd-ocr,explicit,0
F000062,DIANNE FEINSTEIN,senate,Democrat,CA,,False,2018-04-18,2018-05-22,,MCHP TECH (stock),Stock,Purchase,"$500,001 - $1,000,000",750000.5,False,Spouse,7d534d16-8f7d-4ef1-8be2-a1d815c9d708,https://efdsearch.senate.gov/search/view/paper/7d534d16-8f7d-4ef1-8be2-a1d815c9d708/,ffdb05525f991be130a773e2a3c58cfdaf1f8cef3149d377d9fab98fa28c269e,senate-efd-ocr,explicit,0
F000062,DIANNE FEINSTEIN,senate,Democrat,CA,,False,2018-04-18,2018-05-22,,MCHP TECH (stock),Stock,Purchase,"$500,001 - $1,000,000",750000.5,False,Spouse,7d534d16-8f7d-4ef1-8be2-a1d815c9d708,https://efdsearch.senate.gov/search/view/paper/7d534d16-8f7d-4ef1-8be2-a1d815c9d708/,ffdb05525f991be130a773e2a3c58cfdaf1f8cef3149d377d9fab98fa28c269e,senate-efd-ocr,explicit,1
F000062,DIANNE FEINSTEIN,senate,Democrat,CA,,False,2018-04-18,2018-05-22,,MICROSOFT INC (stock),Stock,Purchase,"$250,001 - $500,000",375000.5,False,Spouse,7d534d16-8f7d-4ef1-8be2-a1d815c9d708,https://efdsearch.senate.gov/search/view/paper/7d534d16-8f7d-4ef1-8be2-a1d815c9d708/,207c2f723d93f0cc16e606ba88efc824aaa981402900574ff3a0d6d8ec0b7cba,senate-efd-ocr,explicit,0
F000062,DIANNE FEINSTEIN,senate,Democrat,CA,,False,2018-04-18,2018-05-22,,INTEL CORP (stock),Stock,Purchase,"$250,001 - $500,000",375000.5,False,Spouse,7d534d16-8f7d-4ef1-8be2-a1d815c9d708,https://efdsearch.senate.gov/search/view/paper/7d534d16-8f7d-4ef1-8be2-a1d815c9d708/,6c0e6d1260d171f5648b45485657904bad22fdeec86ae9699dd298087f76010f,senate-efd-ocr,explicit,0
F000062,DIANNE FEINSTEIN,senate,Democrat,CA,,False,2018-04-18,2018-05-22,,BAYRY AG (ADR),Stock,Sale,"$250,001 - $500,000",375000.5,False,Spouse,7d534d16-8f7d-4ef1-8be2-a1d815c9d708,https://efdsearch.senate.gov/search/view/paper/7d534d16-8f7d-4ef1-8be2-a1d815c9d708/,1a26d1cef68d4a26dd31d9ebbb03599286108c48ebb7eb6bb92c7301e5c6acb8,senate-efd-ocr,explicit,0
F000062,DIANNE FEINSTEIN,senate,Democrat,CA,,False,2018-04-18,2018-05-22,,MLP CEDAR (stock),Stock,Purchase,"$250,001 - $500,000",375000.5,False,Spouse,7d534d16-8f7d-4ef1-8be2-a1d815c9d708,https://efdsearch.senate.gov/search/view/paper/7d534d16-8f7d-4ef1-8be2-a1d815c9d708/,ff944c63e463cb8596b93d79902bb50fb7a49fc351f3286b9f87d874381cc134,senate-efd-ocr,explicit,0
F000062,DIANNE FEINSTEIN,senate,Democrat,CA,,False,2018-04-18,2018-05-22,,CHUBB LTD (stock),Stock,Sale,"$250,001 - $500,000",375000.5,False,Spouse,7d534d16-8f7d-4ef1-8be2-a1d815c9d708,https://efdsearch.senate.gov/search/view/paper/7d534d16-8f7d-4ef1-8be2-a1d815c9d708/,d33566b3522e82e6896bd6867015fc036461860319174d98acddc05b4a9b1a96,senate-efd-ocr,explicit,0
F000062,DIANNE FEINSTEIN,senate,Democrat,CA,,False,2018-04-18,2018-05-22,,ALPHABET INC (stock),Stock,Purchase,"$100,001 - $250,000",175000.5,False,Spouse,7d534d16-8f7d-4ef1-8be2-a1d815c9d708,https://efdsearch.senate.gov/search/view/paper/7d534d16-8f7d-4ef1-8be2-a1d815c9d708/,55bdd850946052240ea392890d9d77c61e9f8f6043c6b6fb9441caa217626970,senate-efd-ocr,explicit,0
F000062,DIANNE FEINSTEIN,senate,Democrat,CA,,False,2018-04-19,2018-05-22,,DANHER CORP (stock),Stock,Purchase,"$250,001 - $500,000",375000.5,False,Spouse,7d534d16-8f7d-4ef1-8be2-a1d815c9d708,https://efdsearch.senate.gov/search/view/paper/7d534d16-8f7d-4ef1-8be2-a1d815c9d708/,a0cb5f25e7a4cb0f13851c596fc19117f9532850ee169568c24b05b0a55912c2,senate-efd-ocr,explicit,0
F000062,DIANNE FEINSTEIN,senate,Democrat,CA,,False,2018-04-19,2018-05-22,,ALLERGEN PLC (stock),Stock,Sale,"$250,001 - $500,000",375000.5,False,Spouse,7d534d16-8f7d-4ef1-8be2-a1d815c9d708,https://efdsearch.senate.gov/search/view/paper/7d534d16-8f7d-4ef1-8be2-a1d815c9d708/,ccedb36e18f5b71105aa0d84c22d9ac71cb8d97b74ab4dddf6e310f0c29091cd,senate-efd-ocr,explicit,0
F000062,DIANNE FEINSTEIN,senate,Democrat,CA,,False,2018-04-19,2018-05-22,,HOLOGIC INC (stock),Stock,Purchase,"$500,001 - $1,000,000",750000.5,False,Spouse,7d534d16-8f7d-4ef1-8be2-a1d815c9d708,https://efdsearch.senate.gov/search/view/paper/7d534d16-8f7d-4ef1-8be2-a1d815c9d708/,22c2c3ed2fc94ca8471f35aa10ca8eae104c371bf3036112577fe54303bd8fbc,senate-efd-ocr,explicit,0
F000062,DIANNE FEINSTEIN,senate,Democrat,CA,,False,2018-04-20,2018-05-22,,NOVARTIS AG (stock),Stock,Sale,"$500,001 - $1,000,000",750000.5,False,Spouse,7d534d16-8f7d-4ef1-8be2-a1d815c9d708,https://efdsearch.senate.gov/search/view/paper/7d534d16-8f7d-4ef1-8be2-a1d815c9d708/,95a21f4906a46164ac2f098e12e7672960e31211ae0c1f2073dd1e00af155c58,senate-efd-ocr,explicit,0
F000062,DIANNE FEINSTEIN,senate,Democrat,CA,,False,2018-04-20,2018-05-22,,UNIVAR INC (stock),Stock,Sale,"$500,001 - $1,000,000",750000.5,False,Spouse,7d534d16-8f7d-4ef1-8be2-a1d815c9d708,https://efdsearch.senate.gov/search/view/paper/7d534d16-8f7d-4ef1-8be2-a1d815c9d708/,8e7c59bd67337afe470b966dae66dc5fd2df1f77e92eba83948a3d99c9946fb2,senate-efd-ocr,explicit,0
F000062,DIANNE FEINSTEIN,senate,Democrat,CA,,False,2018-04-20,2018-05-22,,AIR LEASE CORP (stock),Stock,Purchase,"$250,001 - $500,000",375000.5,False,Spouse,7d534d16-8f7d-4ef1-8be2-a1d815c9d708,https://efdsearch.senate.gov/search/view/paper/7d534d16-8f7d-4ef1-8be2-a1d815c9d708/,0677b94e6ece952ce44a9a448e6419e27513c3ff896961d5a07eca572191c7c3,senate-efd-ocr,explicit,0
F000062,DIANNE FEINSTEIN,senate,Democrat,CA,,False,2018-04-20,2018-05-22,,AIR LEASE CORP (stock),Stock,Sale,"$500,001 - $1,000,000",750000.5,False,Spouse,7d534d16-8f7d-4ef1-8be2-a1d815c9d708,https://efdsearch.senate.gov/search/view/paper/7d534d16-8f7d-4ef1-8be2-a1d815c9d708/,6e92161675646547962a4ce4219c41ea2419f08539c899e2e67163f4d5f54464,senate-efd-ocr,explicit,0
F000062,DIANNE FEINSTEIN,senate,Democrat,CA,,False,2018-04-20,2018-05-22,,CHARTER COMM (stock),Stock,Sale,"$500,001 - $1,000,000",750000.5,False,Spouse,7d534d16-8f7d-4ef1-8be2-a1d815c9d708,https://efdsearch.senate.gov/search/view/paper/7d534d16-8f7d-4ef1-8be2-a1d815c9d708/,8968da08bb58bd0d72611311bde143f0d9aa82da899bba0f7f79b3d6e5f410ea,senate-efd-ocr,explicit,0
F000062,DIANNE FEINSTEIN,senate,Democrat,CA,,False,2018-04-20,2018-05-22,,CROWN CASTLE (stock),Stock,Purchase,"$500,001 - $1,000,000",750000.5,False,Spouse,7d534d16-8f7d-4ef1-8be2-a1d815c9d708,https://efdsearch.senate.gov/search/view/paper/7d534d16-8f7d-4ef1-8be2-a1d815c9d708/,1f099a1685d00da4937745924a9b594cc5cd684b0dc203b4612b851a5a654614,senate-efd-ocr,explicit,0
F000062,DIANNE FEINSTEIN,senate,Democrat,CA,,False,2018-04-20,2018-05-22,,JP MORGAN (stock),Stock,Sale,"$500,001 - $1,000,000",750000.5,False,Spouse,7d534d16-8f7d-4ef1-8be2-a1d815c9d708,https://efdsearch.senate.gov/search/view/paper/7d534d16-8f7d-4ef1-8be2-a1d815c9d708/,3d1c13b1f004ae27bb46689742c7143d4131222adbee66c7def5a6957c138cb5,senate-efd-ocr,explicit,0
F000062,DIANNE FEINSTEIN,senate,Democrat,CA,,False,2018-04-20,2018-05-22,,US FOODS CORP (stock),Stock,Sale,"$500,001 - $1,000,000",750000.5,False,Spouse,7d534d16-8f7d-4ef1-8be2-a1d815c9d708,https://efdsearch.senate.gov/search/view/paper/7d534d16-8f7d-4ef1-8be2-a1d815c9d708/,0fc1c3057f0ee359c664dc0872b09f6c470d668e2c73f2bae79f100e5b4768ed,senate-efd-ocr,explicit,0
F000062,DIANNE FEINSTEIN,senate,Democrat,CA,,False,2018-04-20,2018-05-22,,PENTAIR PLC (stock),Stock,Purchase,"$500,001 - $1,000,000",750000.5,False,Spouse,7d534d16-8f7d-4ef1-8be2-a1d815c9d708,https://efdsearch.senate.gov/search/view/paper/7d534d16-8f7d-4ef1-8be2-a1d815c9d708/,c3384938a009e358d45c55967a197285d9ffe184d7786247420777041de7915b,senate-efd-ocr,explicit,0
F000062,DIANNE FEINSTEIN,senate,Democrat,CA,,False,2018-04-20,2018-05-22,,VISA INC (stock),Stock,Purchase,"$500,001 - $1,000,000",750000.5,False,Spouse,7d534d16-8f7d-4ef1-8be2-a1d815c9d708,https://efdsearch.senate.gov/search/view/paper/7d534d16-8f7d-4ef1-8be2-a1d815c9d708/,005cf184b412efb5a8ea295be4bdfd0372545ae276dc1400882b8b41ed75053d,senate-efd-ocr,explicit,0
F000062,DIANNE FEINSTEIN,senate,Democrat,CA,,False,2018-04-20,2018-05-22,,BROOKFIELD ASSET (stock),Stock,Sale,"$500,001 - $1,000,000",750000.5,False,Spouse,7d534d16-8f7d-4ef1-8be2-a1d815c9d708,https://efdsearch.senate.gov/search/view/paper/7d534d16-8f7d-4ef1-8be2-a1d815c9d708/,294a0941d08b6cb9f5a696012f1f9a0cee662a0ba827c9b752f213e9f8420a29,senate-efd-ocr,explicit,0
F000062,DIANNE FEINSTEIN,senate,Democrat,CA,,False,2018-04-20,2018-05-22,,BOEING CO (stock),Stock,Purchase,"$500,001 - $1,000,000",750000.5,False,Spouse,7d534d16-8f7d-4ef1-8be2-a1d815c9d708,https://efdsearch.senate.gov/search/view/paper/7d534d16-8f7d-4ef1-8be2-a1d815c9d708/,388aba789aac2bd312de0e6bcaa786b53d13060ee5d57846f3b90f05c6a93ec8,senate-efd-ocr,explicit,0
F000062,DIANNE FEINSTEIN,senate,Democrat,CA,,False,2018-04-20,2018-05-22,,DOW DUPONT (stock),Stock,Purchase,"$250,001 - $500,000",375000.5,False,Spouse,7d534d16-8f7d-4ef1-8be2-a1d815c9d708,https://efdsearch.senate.gov/search/view/paper/7d534d16-8f7d-4ef1-8be2-a1d815c9d708/,075b39aff99ccaf18abc577e5ca65c95d24a9c5edd983951dd430ccee8c4fb17,senate-efd-ocr,explicit,0
F000062,DIANNE FEINSTEIN,senate,Democrat,CA,,False,2018-04-20,2018-05-22,,COGNIZANT TECH (stock),Stock,Purchase,"$500,001 - $1,000,000",750000.5,False,Spouse,7d534d16-8f7d-4ef1-8be2-a1d815c9d708,https://efdsearch.senate.gov/search/view/paper/7d534d16-8f7d-4ef1-8be2-a1d815c9d708/,22cfaca1b5a396525f6253e5bfe97095428c2b71b2a6d3154b0715e970085c3e,senate-efd-ocr,explicit,0
F000062,DIANNE FEINSTEIN,senate,Democrat,CA,,False,2018-04-20,2018-05-22,,MICROCHIP TECH,,Sale,"$500,001 - $1,000,000",750000.5,False,Spouse,7d534d16-8f7d-4ef1-8be2-a1d815c9d708,https://efdsearch.senate.gov/search/view/paper/7d534d16-8f7d-4ef1-8be2-a1d815c9d708/,7b77ebc478711dd9564e48877a606cdb81e69198d799af716edc09343a473494,senate-efd-ocr,explicit,0
F000062,DIANNE FEINSTEIN,senate,Democrat,CA,,False,2018-04-20,2018-05-22,,STARBUCKS CORP (stock),Stock,Purchase,"$500,001 - $1,000,000",750000.5,False,Spouse,7d534d16-8f7d-4ef1-8be2-a1d815c9d708,https://efdsearch.senate.gov/search/view/paper/7d534d16-8f7d-4ef1-8be2-a1d815c9d708/,726cd5579b2468afde741b8c586d26480b50bc2edeeeab3b2f55c318dcfd498f,senate-efd-ocr,explicit,0
F000062,DIANNE FEINSTEIN,senate,Democrat,CA,,False,2018-04-20,2018-05-22,,MLP ENTERPRISE (stock),Stock,Sale,"$500,001 - $1,000,000",750000.5,False,Spouse,7d534d16-8f7d-4ef1-8be2-a1d815c9d708,https://efdsearch.senate.gov/search/view/paper/7d534d16-8f7d-4ef1-8be2-a1d815c9d708/,7814422810aeb8ab1cda8bdd510ee115484ddf848b3b9e23980a5cd206792205,senate-efd-ocr,explicit,0
F000062,DIANNE FEINSTEIN,senate,Democrat,CA,,False,2018-04-20,2018-05-22,,RPM INTL INC (stock),Stock,Purchase,"$500,001 - $1,000,000",750000.5,False,Spouse,7d534d16-8f7d-4ef1-8be2-a1d815c9d708,https://efdsearch.senate.gov/search/view/paper/7d534d16-8f7d-4ef1-8be2-a1d815c9d708/,770de22e1f14fc9f585523ebe2d19f77d762b31e6bf848b44266aeb05b32884c,senate-efd-ocr,explicit,0
F000062,DIANNE FEINSTEIN,senate,Democrat,CA,,False,2018-04-20,2018-05-22,,WASTE CONNECTIONS (stock),Stock,Purchase,"$500,001 - $1,000,000",750000.5,False,Spouse,7d534d16-8f7d-4ef1-8be2-a1d815c9d708,https://efdsearch.senate.gov/search/view/paper/7d534d16-8f7d-4ef1-8be2-a1d815c9d708/,dea9f7f6575b4f2ea980750336df30d71f14645d8a2c0645fb1350b11aad78a4,senate-efd-ocr,explicit,0
F000062,DIANNE FEINSTEIN,senate,Democrat,CA,,False,2018-04-20,2018-05-22,,SERVICEMASTER HLDGS (stock),Stock,Purchase,"$500,001 - $1,000,000",750000.5,False,Spouse,7d534d16-8f7d-4ef1-8be2-a1d815c9d708,https://efdsearch.senate.gov/search/view/paper/7d534d16-8f7d-4ef1-8be2-a1d815c9d708/,c10aed73def72f50379d4b722e35ec0d41db8202295ba8d0b0dca2f393911c1b,senate-efd-ocr,explicit,0
F000062,DIANNE FEINSTEIN,senate,Democrat,CA,,False,2018-04-20,2018-05-22,,NEXTERA ENERGY (stock),Stock,Sale,"$500,001 - $1,000,000",750000.5,False,Spouse,7d534d16-8f7d-4ef1-8be2-a1d815c9d708,https://efdsearch.senate.gov/search/view/paper/7d534d16-8f7d-4ef1-8be2-a1d815c9d708/,2a21b9a6ef6bcd675120b4f2b274b9b5919e7744b15ad1175a210e1cba4e914e,senate-efd-ocr,explicit,0
F000062,DIANNE FEINSTEIN,senate,Democrat,CA,,False,2018-04-20,2018-05-22,,JOHNSON & JOHNSON (stock),Stock,Sale,"$500,001 - $1,000,000",750000.5,False,Spouse,7d534d16-8f7d-4ef1-8be2-a1d815c9d708,https://efdsearch.senate.gov/search/view/paper/7d534d16-8f7d-4ef1-8be2-a1d815c9d708/,59016f38038fda5b1438ae541f0a294f2897666d6a93e78e3222e569bdf68709,senate-efd-ocr,explicit,0
F000062,DIANNE FEINSTEIN,senate,Democrat,CA,,False,2018-04-20,2018-05-22,,TELEFLEX INC (stock),Stock,Purchase,"$250,001 - $500,000",375000.5,False,Spouse,7d534d16-8f7d-4ef1-8be2-a1d815c9d708,https://efdsearch.senate.gov/search/view/paper/7d534d16-8f7d-4ef1-8be2-a1d815c9d708/,260a44da43e6eaf9c98f55c0308b01300e8746ecd2bd272e2c3fba17c2fbf686,senate-efd-ocr,explicit,0
F000062,DIANNE FEINSTEIN,senate,Democrat,CA,,False,2018-04-20,2018-05-22,,TELEFLEX INC (stock),Stock,Purchase,"$500,001 - $1,000,000",750000.5,False,Spouse,7d534d16-8f7d-4ef1-8be2-a1d815c9d708,https://efdsearch.senate.gov/search/view/paper/7d534d16-8f7d-4ef1-8be2-a1d815c9d708/,8aa14b0e2b6009f840018418ef301818bc1e647428a7f0de60917c0e6a9d1a58,senate-efd-ocr,explicit,0
F000062,DIANNE FEINSTEIN,senate,Democrat,CA,,False,2018-04-20,2018-05-22,,IHS MARKIT LTD (stock),Stock,Purchase,"$500,001 - $1,000,000",750000.5,False,Spouse,7d534d16-8f7d-4ef1-8be2-a1d815c9d708,https://efdsearch.senate.gov/search/view/paper/7d534d16-8f7d-4ef1-8be2-a1d815c9d708/,340d54b024a393db010fea05764e58f4f21ab42c8b206779ba20b3e74cc638d8,senate-efd-ocr,explicit,0
F000062,DIANNE FEINSTEIN,senate,Democrat,CA,,False,2018-04-27,2018-05-22,,CHARTER COMM (stock),Stock,Sale,"$500,001 - $1,000,000",750000.5,False,Spouse,7d534d16-8f7d-4ef1-8be2-a1d815c9d708,https://efdsearch.senate.gov/search/view/paper/7d534d16-8f7d-4ef1-8be2-a1d815c9d708/,2b1b1c2c1c35308833c64cb835f81ddb249955d63c35f7e31853d8c9f66adae4,senate-efd-ocr,explicit,0
F000062,DIANNE FEINSTEIN,senate,Democrat,CA,,False,2018-04-27,2018-05-22,,CHARTER COMM (stock),Stock,Purchase,"$100,001 - $250,000",175000.5,False,Spouse,7d534d16-8f7d-4ef1-8be2-a1d815c9d708,https://efdsearch.senate.gov/search/view/paper/7d534d16-8f7d-4ef1-8be2-a1d815c9d708/,172c046c208e3d2777b52b1b9f2fa941da96b59945124cff95ffa89cf8bf56ff,senate-efd-ocr,explicit,0
F000062,DIANNE FEINSTEIN,senate,Democrat,CA,,False,2018-04-27,2018-05-22,,FACEBOOK INC (stock),Stock,Sale,"$15,001 - $50,000",32500.5,False,Spouse,7d534d16-8f7d-4ef1-8be2-a1d815c9d708,https://efdsearch.senate.gov/search/view/paper/7d534d16-8f7d-4ef1-8be2-a1d815c9d708/,5060309b30dff0d814c3df2674d1751cd9b7bd684c82ab5bc9cc0c2bc2c25254,senate-efd-ocr,explicit,0
F000062,DIANNE FEINSTEIN,senate,Democrat,CA,,False,2018-04-27,2018-05-22,,INTEL CORP (stock),Stock,Purchase,"$15,001 - $50,000",32500.5,False,Spouse,7d534d16-8f7d-4ef1-8be2-a1d815c9d708,https://efdsearch.senate.gov/search/view/paper/7d534d16-8f7d-4ef1-8be2-a1d815c9d708/,1c8e8062c27c52d510680c477ad4029be06f1491f5467748d03b869818797ec1,senate-efd-ocr,explicit,0
F000062,DIANNE FEINSTEIN,senate,Democrat,CA,,False,2018-03-21,2018-05-22,,ALLERGEN PLC (stock),Stock,Sale,"$15,001 - $50,000",32500.5,False,Self,298d2c2a-63ac-4d94-8be4-3717a336f30c,https://efdsearch.senate.gov/search/view/paper/298d2c2a-63ac-4d94-8be4-3717a336f30c/,efac8ae8ffeac36a3a8d4cf5478b720452bf7eb521002f0baf0482c03c6229ce,senate-efd-ocr,explicit,0
F000062,DIANNE FEINSTEIN,senate,Democrat,CA,,False,2018-03-21,2018-05-22,,AIR LEASE CORP (stock),Stock,Purchase,"$50,001 - $100,000",75000.5,False,Self,298d2c2a-63ac-4d94-8be4-3717a336f30c,https://efdsearch.senate.gov/search/view/paper/298d2c2a-63ac-4d94-8be4-3717a336f30c/,48bb98b6f33e6755a196e2eaff74686f4883e3f4f044b61d28c82a5bef063d67,senate-efd-ocr,explicit,0
F000062,DIANNE FEINSTEIN,senate,Democrat,CA,,False,2018-03-21,2018-05-22,,BOEING CO (stock),Stock,Purchase,"$100,001 - $250,000",175000.5,False,Self,298d2c2a-63ac-4d94-8be4-3717a336f30c,https://efdsearch.senate.gov/search/view/paper/298d2c2a-63ac-4d94-8be4-3717a336f30c/,ed0e5c49ee838f0476d53e862327837ed6a305f4f6c5e217db4ec6650f35a42d,senate-efd-ocr,explicit,0
F000062,DIANNE FEINSTEIN,senate,Democrat,CA,,False,2018-03-21,2018-05-22,,BROOKFIELD ASSET (stock),Stock,Purchase,"$100,001 - $250,000",175000.5,False,Self,298d2c2a-63ac-4d94-8be4-3717a336f30c,https://efdsearch.senate.gov/search/view/paper/298d2c2a-63ac-4d94-8be4-3717a336f30c/,039d6a234c4a15ab3ffb5b3650d317cb3b23d54ac8aad6bc347d90cd26b0a2a2,senate-efd-ocr,explicit,0
F000062,DIANNE FEINSTEIN,senate,Democrat,CA,,False,2018-03-21,2018-05-22,,BAYER AG (ADR),Stock,Purchase,"$100,001 - $250,000",175000.5,False,Self,298d2c2a-63ac-4d94-8be4-3717a336f30c,https://efdsearch.senate.gov/search/view/paper/298d2c2a-63ac-4d94-8be4-3717a336f30c/,61be305177d53839b3450779cebb684d9fa4ecc13e20225a7f40a306df80b32d,senate-efd-ocr,explicit,0
F000062,DIANNE FEINSTEIN,senate,Democrat,CA,,False,2018-03-21,2018-05-22,,CHUBB LTD (stock),Stock,Purchase,"$100,001 - $250,000",175000.5,False,Self,298d2c2a-63ac-4d94-8be4-3717a336f30c,https://efdsearch.senate.gov/search/view/paper/298d2c2a-63ac-4d94-8be4-3717a336f30c/,659976acb6d92b656ad2ccc009bbe4dedb7576eba6554a0cf51ca1a7609e104e,senate-efd-ocr,explicit,0
F000062,DIANNE FEINSTEIN,senate,Democrat,CA,,False,2018-03-21,2018-05-22,,CROWN CASTLE (stock),Stock,Purchase,"$100,001 - $250,000",175000.5,False,Self,298d2c2a-63ac-4d94-8be4-3717a336f30c,https://efdsearch.senate.gov/search/view/paper/298d2c2a-63ac-4d94-8be4-3717a336f30c/,ff86ec765553ec04cde1c459b1f12000a139bdf83d170abf0ec8a13634b9c2d2,senate-efd-ocr,explicit,0
F000062,DIANNE FEINSTEIN,senate,Democrat,CA,,False,2018-03-21,2018-05-22,,CHARTER COMM (stock),Stock,Purchase,"$100,001 - $250,000",175000.5,False,Self,298d2c2a-63ac-4d94-8be4-3717a336f30c,https://efdsearch.senate.gov/search/view/paper/298d2c2a-63ac-4d94-8be4-3717a336f30c/,8723d86b6de77927eec7210d45015a55b4c39afcc3176a08e2e2b81ce8b6eb18,senate-efd-ocr,explicit,0
F000062,DIANNE FEINSTEIN,senate,Democrat,CA,,False,2018-03-21,2018-05-22,,COGNIZANT TECH (stock),Stock,Purchase,"$100,001 - $250,000",175000.5,False,Self,298d2c2a-63ac-4d94-8be4-3717a336f30c,https://efdsearch.senate.gov/search/view/paper/298d2c2a-63ac-4d94-8be4-3717a336f30c/,23fca725f3ba11ed966788d632fd3ed1c6a440cdb8977c8e5632d6fe7e2dc90c,senate-efd-ocr,explicit,0
F000062,DIANNE FEINSTEIN,senate,Democrat,CA,,False,2018-03-21,2018-05-22,,DANAHER CORP (stock),Stock,Purchase,"$15,001 - $50,000",32500.5,False,Self,298d2c2a-63ac-4d94-8be4-3717a336f30c,https://efdsearch.senate.gov/search/view/paper/298d2c2a-63ac-4d94-8be4-3717a336f30c/,77d833a3ec1da7d0d1a0b48b2c85fa1f61c6383c99f0d92ab06c10ece10aa0ac,senate-efd-ocr,explicit,0
F000062,DIANNE FEINSTEIN,senate,Democrat,CA,,False,2018-03-21,2018-05-22,,DOW DUPONT (stock),Stock,Purchase,"$100,001 - $250,000",175000.5,False,Self,298d2c2a-63ac-4d94-8be4-3717a336f30c,https://efdsearch.senate.gov/search/view/paper/298d2c2a-63ac-4d94-8be4-3717a336f30c/,3aa95a226dd0b7cc501e4af8138b5d9009bf85476d7991b29efcc3d64fe5c8ad,senate-efd-ocr,explicit,0
F000062,DIANNE FEINSTEIN,senate,Democrat,CA,,False,2018-03-21,2018-05-22,,MLP ENTERPRISE (stock),Stock,Purchase,"$100,001 - $250,000",175000.5,False,Self,298d2c2a-63ac-4d94-8be4-3717a336f30c,https://efdsearch.senate.gov/search/view/paper/298d2c2a-63ac-4d94-8be4-3717a336f30c/,6dc35632785e76e087ef53a9b98546492909d920ae981a417a527ae1ced8043c,senate-efd-ocr,explicit,0
F000062,DIANNE FEINSTEIN,senate,Democrat,CA,,False,2018-03-21,2018-05-22,,"FACEBOOK, INC (stock)",Stock,Purchase,"$100,001 - $250,000",175000.5,False,Self,298d2c2a-63ac-4d94-8be4-3717a336f30c,https://efdsearch.senate.gov/search/view/paper/298d2c2a-63ac-4d94-8be4-3717a336f30c/,0a2041392d2b160230439b2a968b80c3657569343828ee350ddefa12fbd70337,senate-efd-ocr,explicit,0
F000062,DIANNE FEINSTEIN,senate,Democrat,CA,,False,2018-03-21,2018-05-22,,MLP CEDAR (stock),Stock,Purchase,"$50,001 - $100,000",75000.5,False,Self,298d2c2a-63ac-4d94-8be4-3717a336f30c,https://efdsearch.senate.gov/search/view/paper/298d2c2a-63ac-4d94-8be4-3717a336f30c/,84cd7488e9307fff32c45a0fef4861bbaf33752e1aa743a8408b84ded5931493,senate-efd-ocr,explicit,0
F000062,DIANNE FEINSTEIN,senate,Democrat,CA,,False,2018-03-21,2018-05-22,,ALPHABET INC (stock),Stock,Purchase,"$50,001 - $100,000",75000.5,False,Self,298d2c2a-63ac-4d94-8be4-3717a336f30c,https://efdsearch.senate.gov/search/view/paper/298d2c2a-63ac-4d94-8be4-3717a336f30c/,9aa082070293814f90c9b3b2074a1ffbda7d30f9cfe0ccbbb48f93be9572b6c8,senate-efd-ocr,explicit,0
F000062,DIANNE FEINSTEIN,senate,Democrat,CA,,False,2018-03-21,2018-05-22,,HOLOGIC INC (stock),Stock,Purchase,"$100,001 - $250,000",175000.5,False,Self,298d2c2a-63ac-4d94-8be4-3717a336f30c,https://efdsearch.senate.gov/search/view/paper/298d2c2a-63ac-4d94-8be4-3717a336f30c/,a0ac08887db567e9a63170c7c2c4b5cc47d471568198e0a05f9d328bbbaf2781,senate-efd-ocr,explicit,0
F000062,DIANNE FEINSTEIN,senate,Democrat,CA,,False,2018-03-21,2018-05-22,,IHS MARKIT LTD (stock),Stock,Purchase,"$100,001 - $250,000",175000.5,False,Self,298d2c2a-63ac-4d94-8be4-3717a336f30c,https://efdsearch.senate.gov/search/view/paper/298d2c2a-63ac-4d94-8be4-3717a336f30c/,55f9ff66a8527dc7a0cc45e3c9a87fbcb2bee9b9e284a4463f871d3f374e831c,senate-efd-ocr,explicit,0
F000062,DIANNE FEINSTEIN,senate,Democrat,CA,,False,2018-03-21,2018-05-22,,INTEL CORP (stock),Stock,Purchase,"$100,001 - $250,000",175000.5,False,Self,298d2c2a-63ac-4d94-8be4-3717a336f30c,https://efdsearch.senate.gov/search/view/paper/298d2c2a-63ac-4d94-8be4-3717a336f30c/,eef408114330f8e374133e621c08ae23e6e9313aca6044cfc5076c78ff82ae64,senate-efd-ocr,explicit,0
F000062,DIANNE FEINSTEIN,senate,Democrat,CA,,False,2018-03-21,2018-05-22,,JOHNSON & JOHNSON (stock),Stock,Purchase,"$50,001 - $100,000",75000.5,False,Self,298d2c2a-63ac-4d94-8be4-3717a336f30c,https://efdsearch.senate.gov/search/view/paper/298d2c2a-63ac-4d94-8be4-3717a336f30c/,48f05ca7c9269e84b0542519d49fbc40e11e37cdce655b6f52490d0a01b36af9,senate-efd-ocr,explicit,0
F000062,DIANNE FEINSTEIN,senate,Democrat,CA,,False,2018-03-21,2018-05-22,,JP MORGAN (stock),Stock,Purchase,"$100,001 - $250,000",175000.5,False,Self,298d2c2a-63ac-4d94-8be4-3717a336f30c,https://efdsearch.senate.gov/search/view/paper/298d2c2a-63ac-4d94-8be4-3717a336f30c/,54a4617ec3249bec72ceb8d031a9be46afacdfbd365303d04d550c1de2c28d86,senate-efd-ocr,explicit,0
F000062,DIANNE FEINSTEIN,senate,Democrat,CA,,False,2018-03-21,2018-05-22,,MICROCHIP TECH (stock),Stock,Purchase,"$100,001 - $250,000",175000.5,False,Self,298d2c2a-63ac-4d94-8be4-3717a336f30c,https://efdsearch.senate.gov/search/view/paper/298d2c2a-63ac-4d94-8be4-3717a336f30c/,ba790a57b56b4feb529aec39cce3dfd735a29e06af96dd02d4aa11ac1aeb5fca,senate-efd-ocr,explicit,0
F000062,DIANNE FEINSTEIN,senate,Democrat,CA,,False,2018-03-21,2018-05-22,,MICROSOFT CORP (stock),Stock,Purchase,"$100,001 - $250,000",175000.5,False,Self,298d2c2a-63ac-4d94-8be4-3717a336f30c,https://efdsearch.senate.gov/search/view/paper/298d2c2a-63ac-4d94-8be4-3717a336f30c/,711a41045903bf1231ef763ae2233a556a80a369d5e32271d3189f777684c571,senate-efd-ocr,explicit,0
F000062,DIANNE FEINSTEIN,senate,Democrat,CA,,False,2018-03-21,2018-05-22,,NEXTERA ENERGY (stock),Stock,Purchase,"$100,001 - $250,000",175000.5,False,Self,298d2c2a-63ac-4d94-8be4-3717a336f30c,https://efdsearch.senate.gov/search/view/paper/298d2c2a-63ac-4d94-8be4-3717a336f30c/,76bbbb2fdddcc04ede3ad1e879cdd556448f361c7c8fc0388213e97b09986ea1,senate-efd-ocr,explicit,0
F000062,DIANNE FEINSTEIN,senate,Democrat,CA,,False,2018-03-21,2018-05-22,,NOVARTIS AG (stock),Stock,Purchase,"$100,001 - $250,000",175000.5,False,Self,298d2c2a-63ac-4d94-8be4-3717a336f30c,https://efdsearch.senate.gov/search/view/paper/298d2c2a-63ac-4d94-8be4-3717a336f30c/,c68247d6418043066333a6ff32af7420fac81a55fb19164b1f5517c195cdcba3,senate-efd-ocr,explicit,0
F000062,DIANNE FEINSTEIN,senate,Democrat,CA,,False,2018-03-21,2018-05-22,,PENTAIR PLC (stock),Stock,Purchase,"$100,001 - $250,000",175000.5,False,Self,298d2c2a-63ac-4d94-8be4-3717a336f30c,https://efdsearch.senate.gov/search/view/paper/298d2c2a-63ac-4d94-8be4-3717a336f30c/,c3d37a06bd73dee30c888e5953b57ad9b85e0d7d33c3ce3fc59f8a702d51abb9,senate-efd-ocr,explicit,0
F000062,DIANNE FEINSTEIN,senate,Democrat,CA,,False,2018-03-21,2018-05-22,,POST HLDGS (stock),Stock,Purchase,"$50,001 - $100,000",75000.5,False,Self,298d2c2a-63ac-4d94-8be4-3717a336f30c,https://efdsearch.senate.gov/search/view/paper/298d2c2a-63ac-4d94-8be4-3717a336f30c/,b547856659854b0300adee1e80912d1c112feba17fda841ebddcdd8f090bfe4a,senate-efd-ocr,explicit,0
F000062,DIANNE FEINSTEIN,senate,Democrat,CA,,False,2018-03-21,2018-05-22,,RPM INTL (stock),Stock,Purchase,"$50,001 - $100,000",75000.5,False,Self,298d2c2a-63ac-4d94-8be4-3717a336f30c,https://efdsearch.senate.gov/search/view/paper/298d2c2a-63ac-4d94-8be4-3717a336f30c/,6cb8cc688976beaf451a28b0ac6e92dd2b080b5b9d3317b9fe0abb9475dd97c6,senate-efd-ocr,explicit,0
F000062,DIANNE FEINSTEIN,senate,Democrat,CA,,False,2018-03-21,2018-05-22,,STARBUCKS CORP (stock),Stock,Purchase,"$50,001 - $100,000",75000.5,False,Self,298d2c2a-63ac-4d94-8be4-3717a336f30c,https://efdsearch.senate.gov/search/view/paper/298d2c2a-63ac-4d94-8be4-3717a336f30c/,1c468b1d9858d4934face65c0e97acbd0ddd9ca754cb0f2eaa44443d18c88d70,senate-efd-ocr,explicit,0
F000062,DIANNE FEINSTEIN,senate,Democrat,CA,,False,2018-03-21,2018-05-22,,SERVICEMASTER HLDGS (stock),Stock,Purchase,"$100,001 - $250,000",175000.5,False,Self,298d2c2a-63ac-4d94-8be4-3717a336f30c,https://efdsearch.senate.gov/search/view/paper/298d2c2a-63ac-4d94-8be4-3717a336f30c/,33346f38df7defd81a36af29d22ef0c78c45ad1068cadb3ab20d0c5338ed0766,senate-efd-ocr,explicit,0
F000062,DIANNE FEINSTEIN,senate,Democrat,CA,,False,2018-03-21,2018-05-22,,TELEFLEX INC (stock),Stock,Purchase,"$50,001 - $100,000",75000.5,False,Self,298d2c2a-63ac-4d94-8be4-3717a336f30c,https://efdsearch.senate.gov/search/view/paper/298d2c2a-63ac-4d94-8be4-3717a336f30c/,1d3e17703550004e7c901185155336538446b2aff31ca95c92608a199a379f22,senate-efd-ocr,explicit,0
F000062,DIANNE FEINSTEIN,senate,Democrat,CA,,False,2018-03-21,2018-05-22,,UNIVAR INC (stock),Stock,Purchase,"$50,001 - $100,000",75000.5,False,Self,298d2c2a-63ac-4d94-8be4-3717a336f30c,https://efdsearch.senate.gov/search/view/paper/298d2c2a-63ac-4d94-8be4-3717a336f30c/,e6409db74d3bb3ef0dfac58eb3e94bc563238310e1b137a496379ce6f336d006,senate-efd-ocr,explicit,0
F000062,DIANNE FEINSTEIN,senate,Democrat,CA,,False,2018-03-21,2018-05-22,,US FOODS CORP (stock),Stock,Purchase,"$50,001 - $100,000",75000.5,False,Self,298d2c2a-63ac-4d94-8be4-3717a336f30c,https://efdsearch.senate.gov/search/view/paper/298d2c2a-63ac-4d94-8be4-3717a336f30c/,5f340459f747339c04a3173d08884908b97f4cfabf4f6eb2b21883ee42304683,senate-efd-ocr,explicit,0
F000062,DIANNE FEINSTEIN,senate,Democrat,CA,,False,2018-03-21,2018-05-22,,"VISA, INC (stock)",Stock,Purchase,"$100,001 - $250,000",175000.5,False,Self,298d2c2a-63ac-4d94-8be4-3717a336f30c,https://efdsearch.senate.gov/search/view/paper/298d2c2a-63ac-4d94-8be4-3717a336f30c/,c79cceb01eda873039f1a9d7d73a0cf58427e54490b0d363124986b71b590331,senate-efd-ocr,explicit,0
F000062,DIANNE FEINSTEIN,senate,Democrat,CA,,False,2018-03-21,2018-05-22,,WASTE CONNECTIONS (stock),Stock,Purchase,"$15,001 - $50,000",32500.5,False,Self,298d2c2a-63ac-4d94-8be4-3717a336f30c,https://efdsearch.senate.gov/search/view/paper/298d2c2a-63ac-4d94-8be4-3717a336f30c/,f48e909b2632126474f22b1997c6eb8da98f2978427011bb648d09ae43f91687,senate-efd-ocr,explicit,0
F000062,DIANNE FEINSTEIN,senate,Democrat,CA,,False,2018-03-21,2018-05-22,,HOLOGIC INC (stock),Stock,Purchase,"$100,001 - $250,000",175000.5,False,Self,298d2c2a-63ac-4d94-8be4-3717a336f30c,https://efdsearch.senate.gov/search/view/paper/298d2c2a-63ac-4d94-8be4-3717a336f30c/,a0ac08887db567e9a63170c7c2c4b5cc47d471568198e0a05f9d328bbbaf2781,senate-efd-ocr,explicit,1
F000062,DIANNE FEINSTEIN,senate,Democrat,CA,,False,2018-03-22,2018-05-22,,BOEING INC (stock),Stock,Purchase,"$250,001 - $500,000",375000.5,False,Self,298d2c2a-63ac-4d94-8be4-3717a336f30c,https://efdsearch.senate.gov/search/view/paper/298d2c2a-63ac-4d94-8be4-3717a336f30c/,1c8bce39715e070b9361b75f50ab79c87c613be079296aa469e8f94d25862add,senate-efd-ocr,explicit,0
F000062,DIANNE FEINSTEIN,senate,Democrat,CA,,False,2018-03-22,2018-05-22,,JOHNSON & JOHNSON (stock),Stock,Purchase,"$250,001 - $500,000",375000.5,False,Self,298d2c2a-63ac-4d94-8be4-3717a336f30c,https://efdsearch.senate.gov/search/view/paper/298d2c2a-63ac-4d94-8be4-3717a336f30c/,a2372aa9ec23a5102c40330d993ea35c396d6d85f8bbe14ea137134241d09b74,senate-efd-ocr,explicit,0
F000062,DIANNE FEINSTEIN,senate,Democrat,CA,,False,2018-03-22,2018-05-22,,SERVICEMASTER HLDGS (stock),Stock,Purchase,"$250,001 - $500,000",375000.5,False,Self,298d2c2a-63ac-4d94-8be4-3717a336f30c,https://efdsearch.senate.gov/search/view/paper/298d2c2a-63ac-4d94-8be4-3717a336f30c/,89845f3fa2bb762fb8d793b422cd67875c19903adaee1204d12ce79b6e0f49a1,senate-efd-ocr,explicit,0
F000062,DIANNE FEINSTEIN,senate,Democrat,CA,,False,2018-03-22,2018-05-22,,PENTAIR PLC (stock),Stock,Purchase,"$250,001 - $500,000",375000.5,False,Self,298d2c2a-63ac-4d94-8be4-3717a336f30c,https://efdsearch.senate.gov/search/view/paper/298d2c2a-63ac-4d94-8be4-3717a336f30c/,cdaa3ad01797fdf5f1a32b6ca7dcbb0d2bea42f8b7a52b9628f09b6c1f427c77,senate-efd-ocr,explicit,0
F000062,DIANNE FEINSTEIN,senate,Democrat,CA,,False,2018-03-22,2018-05-22,,UNIVAR INC (stock),Stock,Purchase,"$250,001 - $500,000",375000.5,False,Self,298d2c2a-63ac-4d94-8be4-3717a336f30c,https://efdsearch.senate.gov/search/view/paper/298d2c2a-63ac-4d94-8be4-3717a336f30c/,73ab74d3e3b25215f42b2a2e2e573c3a032c75b6bc6d525ce32dc2b8f9b4f80e,senate-efd-ocr,explicit,0
F000062,DIANNE FEINSTEIN,senate,Democrat,CA,,False,2018-03-22,2018-05-22,,NEXTERA ENERGY (stock),Stock,Purchase,"$250,001 - $500,000",375000.5,False,Self,298d2c2a-63ac-4d94-8be4-3717a336f30c,https://efdsearch.senate.gov/search/view/paper/298d2c2a-63ac-4d94-8be4-3717a336f30c/,8551db48d966e8b69a1e17dd2ba0d18d6ed23b394d658d3623d66d3099bff269,senate-efd-ocr,explicit,0
F000062,DIANNE FEINSTEIN,senate,Democrat,CA,,False,2018-03-22,2018-05-22,,NOVARTIS AG (stock),Stock,Purchase,"$250,001 - $500,000",375000.5,False,Self,298d2c2a-63ac-4d94-8be4-3717a336f30c,https://efdsearch.senate.gov/search/view/paper/298d2c2a-63ac-4d94-8be4-3717a336f30c/,10c69b84eefd0591e28d8d0a829ef8ccd7d0d206f633fa59d126979034b6e6f1,senate-efd-ocr,explicit,0
F000062,DIANNE FEINSTEIN,senate,Democrat,CA,,False,2018-03-22,2018-05-22,,MICROCHIP TECH (stock),Stock,Purchase,"$250,001 - $500,000",375000.5,False,Self,298d2c2a-63ac-4d94-8be4-3717a336f30c,https://efdsearch.senate.gov/search/view/paper/298d2c2a-63ac-4d94-8be4-3717a336f30c/,10fabc5e7bb880ec9e884b13bd9fb63e9e5c44ddb8dd9ec2ca9af0a2792a9dd8,senate-efd-ocr,explicit,0
F000062,DIANNE FEINSTEIN,senate,Democrat,CA,,False,2018-03-22,2018-05-22,,JP MORGAN (stock),Stock,Purchase,"$250,001 - $500,000",375000.5,False,Self,298d2c2a-63ac-4d94-8be4-3717a336f30c,https://efdsearch.senate.gov/search/view/paper/298d2c2a-63ac-4d94-8be4-3717a336f30c/,fa1416e3fc54332c8c5df27abc3f2f63d75c90c76f90339cd7d48ae10b5dfcc8,senate-efd-ocr,explicit,0
F000062,DIANNE FEINSTEIN,senate,Democrat,CA,,False,2018-03-22,2018-05-22,,CROWN CASTLE (stock),Stock,Purchase,"$250,001 - $500,000",375000.5,False,Self,298d2c2a-63ac-4d94-8be4-3717a336f30c,https://efdsearch.senate.gov/search/view/paper/298d2c2a-63ac-4d94-8be4-3717a336f30c/,112c30601ee5d38cff38e0d3f439594acf90f9b4cf2506404f19616d1f232c30,senate-efd-ocr,explicit,0
F000062,DIANNE FEINSTEIN,senate,Democrat,CA,,False,2018-03-22,2018-05-22,,DANAHER CORP (stock),Stock,Purchase,"$250,001 - $500,000",375000.5,False,Self,298d2c2a-63ac-4d94-8be4-3717a336f30c,https://efdsearch.senate.gov/search/view/paper/298d2c2a-63ac-4d94-8be4-3717a336f30c/,a34c33ccd8f8ddbf6360dad7d78bab4735b54626772b73f85d91f01d817c1528,senate-efd-ocr,explicit,0
F000062,DIANNE FEINSTEIN,senate,Democrat,CA,,False,2018-03-22,2018-05-22,,ALPHABET INC (stock),Stock,Purchase,"$500,001 - $1,000,000",750000.5,False,Self,298d2c2a-63ac-4d94-8be4-3717a336f30c,https://efdsearch.senate.gov/search/view/paper/298d2c2a-63ac-4d94-8be4-3717a336f30c/,f4f9f30f58180beabcff2790b3dcaff09aceae9e1bed4facc0f082646eb26956,senate-efd-ocr,explicit,0
F000062,DIANNE FEINSTEIN,senate,Democrat,CA,,False,2018-03-22,2018-05-22,,CHARTER COMM (stock),Stock,Purchase,"$250,001 - $500,000",375000.5,False,Self,298d2c2a-63ac-4d94-8be4-3717a336f30c,https://efdsearch.senate.gov/search/view/paper/298d2c2a-63ac-4d94-8be4-3717a336f30c/,e018b232b834d0e0bc24d4f14888de4baba79c298e5fec92efdf856567103ec2,senate-efd-ocr,explicit,0
F000062,DIANNE FEINSTEIN,senate,Democrat,CA,,False,2018-03-22,2018-05-22,,DOW DUPONT (stock),Stock,Purchase,"$250,001 - $500,000",375000.5,False,Self,298d2c2a-63ac-4d94-8be4-3717a336f30c,https://efdsearch.senate.gov/search/view/paper/298d2c2a-63ac-4d94-8be4-3717a336f30c/,b07a524290529bcfec9936ad99dd3a4fd2d9bc689f8b5204fffd167d5ca440b0,senate-efd-ocr,explicit,0
F000062,DIANNE FEINSTEIN,senate,Democrat,CA,,False,2018-03-22,2018-05-22,,MICROCHIP TECH (stock),Stock,Purchase,"$250,001 - $500,000",375000.5,False,Self,298d2c2a-63ac-4d94-8be4-3717a336f30c,https://efdsearch.senate.gov/search/view/paper/298d2c2a-63ac-4d94-8be4-3717a336f30c/,10fabc5e7bb880ec9e884b13bd9fb63e9e5c44ddb8dd9ec2ca9af0a2792a9dd8,senate-efd-ocr,explicit,1
F000062,DIANNE FEINSTEIN,senate,Democrat,CA,,False,2018-03-22,2018-05-22,,CHUBB LTD (stock),Stock,Purchase,"$250,001 - $500,000",375000.5,False,Self,298d2c2a-63ac-4d94-8be4-3717a336f30c,https://efdsearch.senate.gov/search/view/paper/298d2c2a-63ac-4d94-8be4-3717a336f30c/,6e539fb0ecceb24a152f9a3dbef4ff38a98276315683702e027285ee132dfaa6,senate-efd-ocr,explicit,0
F000062,DIANNE FEINSTEIN,senate,Democrat,CA,,False,2018-03-22,2018-05-22,,JP MORGAN (stock),Stock,Purchase,"$250,001 - $500,000",375000.5,False,Self,298d2c2a-63ac-4d94-8be4-3717a336f30c,https://efdsearch.senate.gov/search/view/paper/298d2c2a-63ac-4d94-8be4-3717a336f30c/,fa1416e3fc54332c8c5df27abc3f2f63d75c90c76f90339cd7d48ae10b5dfcc8,senate-efd-ocr,explicit,1
F000062,DIANNE FEINSTEIN,senate,Democrat,CA,,False,2018-03-22,2018-05-22,,"FACEBOOK, INC (stock)",Stock,Purchase,"$250,001 - $500,000",375000.5,False,Self,298d2c2a-63ac-4d94-8be4-3717a336f30c,https://efdsearch.senate.gov/search/view/paper/298d2c2a-63ac-4d94-8be4-3717a336f30c/,2b9a3bcacb4b90f2e4c55798bd3c9f26e47738d97acd168c26fe2bdbf728b8e6,senate-efd-ocr,explicit,0
F000062,DIANNE FEINSTEIN,senate,Democrat,CA,,False,2018-03-22,2018-05-22,,MLP CEDAR (stock),Stock,Purchase,"$250,001 - $500,000",375000.5,False,Self,298d2c2a-63ac-4d94-8be4-3717a336f30c,https://efdsearch.senate.gov/search/view/paper/298d2c2a-63ac-4d94-8be4-3717a336f30c/,cfe9984dd2ceee8f0cd13b0001aa9d97ec11010da38ab0953b81d9775af9e257,senate-efd-ocr,explicit,0
F000062,DIANNE FEINSTEIN,senate,Democrat,CA,,False,2018-03-22,2018-05-22,,STARBUCKS CORP (stock),Stock,Purchase,"$250,001 - $500,000",375000.5,False,Self,298d2c2a-63ac-4d94-8be4-3717a336f30c,https://efdsearch.senate.gov/search/view/paper/298d2c2a-63ac-4d94-8be4-3717a336f30c/,1d199ca7fd9f4fa613b35fac0aab51720475f1883fc482a6ac3ccf128b1baaee,senate-efd-ocr,explicit,0
F000062,DIANNE FEINSTEIN,senate,Democrat,CA,,False,2018-03-22,2018-05-22,,BROOKFIELD ASSET (stock),Stock,Purchase,"$250,001 - $500,000",375000.5,False,Self,298d2c2a-63ac-4d94-8be4-3717a336f30c,https://efdsearch.senate.gov/search/view/paper/298d2c2a-63ac-4d94-8be4-3717a336f30c/,2e53069f9a10be4001f3e7506ed0f66523e5c985b9a7af28cd632e06415b5dcc,senate-efd-ocr,explicit,0
F000062,DIANNE FEINSTEIN,senate,Democrat,CA,,False,2018-03-22,2018-05-22,,INTEL CORP (stock),Stock,Purchase,"$100,001 - $250,000",175000.5,False,Self,298d2c2a-63ac-4d94-8be4-3717a336f30c,https://efdsearch.senate.gov/search/view/paper/298d2c2a-63ac-4d94-8be4-3717a336f30c/,adbbaca2ec727f6b4f92e77e8353cdf2f347619022b57e32cdbe9253f17b75be,senate-efd-ocr,explicit,0
F000062,DIANNE FEINSTEIN,senate,Democrat,CA,,False,2018-03-22,2018-05-22,,MICROSOFT INC (stock),Stock,Purchase,"$250,001 - $500,000",375000.5,False,Self,298d2c2a-63ac-4d94-8be4-3717a336f30c,https://efdsearch.senate.gov/search/view/paper/298d2c2a-63ac-4d94-8be4-3717a336f30c/,49968047178339f0219cad1605bfda2a10ade98f09b5f44eb487298dfecbfdb2,senate-efd-ocr,explicit,0
F000062,DIANNE FEINSTEIN,senate,Democrat,CA,,False,2018-03-22,2018-05-22,,AIRLEASE CORP (stock),Stock,Purchase,"$250,001 - $500,000",375000.5,False,Self,298d2c2a-63ac-4d94-8be4-3717a336f30c,https://efdsearch.senate.gov/search/view/paper/298d2c2a-63ac-4d94-8be4-3717a336f30c/,7720f7ab986e8645a2cd3bfa65d15995a5aef854e0f93a059d911ef963624471,senate-efd-ocr,explicit,0
F000062,DIANNE FEINSTEIN,senate,Democrat,CA,,False,2018-03-22,2018-05-22,,US FOODS CORP (stock),Stock,Purchase,"$250,001 - $500,000",375000.5,False,Self,298d2c2a-63ac-4d94-8be4-3717a336f30c,https://efdsearch.senate.gov/search/view/paper/298d2c2a-63ac-4d94-8be4-3717a336f30c/,3e2c0ed4857e1dd3bdac34b87715e590693a086c24d74e2e43bb5598d1e31e8d,senate-efd-ocr,explicit,0
F000062,DIANNE FEINSTEIN,senate,Democrat,CA,,False,2018-03-22,2018-05-22,,MLP ENTERPRISE (stock),Stock,Purchase,"$500,001 - $1,000,000",750000.5,False,Self,298d2c2a-63ac-4d94-8be4-3717a336f30c,https://efdsearch.senate.gov/search/view/paper/298d2c2a-63ac-4d94-8be4-3717a336f30c/,1ba3b18a6206abf4362f9e399f5ea59f0cfbf89cd7d2b23e1cb6199792abfc50,senate-efd-ocr,explicit,0
F000062,DIANNE FEINSTEIN,senate,Democrat,CA,,False,2018-03-22,2018-05-22,,VISA INC (stock),Stock,Purchase,"$250,001 - $500,000",375000.5,False,Self,298d2c2a-63ac-4d94-8be4-3717a336f30c,https://efdsearch.senate.gov/search/view/paper/298d2c2a-63ac-4d94-8be4-3717a336f30c/,036c20c1601f93f46745095285152922d7940e4e0997e47d03a5642a26130825,senate-efd-ocr,explicit,0
F000062,DIANNE FEINSTEIN,senate,Democrat,CA,,False,2018-03-22,2018-05-22,,COGNIZANT INC (stock),Stock,Purchase,"$100,001 - $250,000",175000.5,False,Self,298d2c2a-63ac-4d94-8be4-3717a336f30c,https://efdsearch.senate.gov/search/view/paper/298d2c2a-63ac-4d94-8be4-3717a336f30c/,c50233924260e08b5c0930d12e44e9deac2b08b0da362ea19c8d8d0b2d01906d,senate-efd-ocr,explicit,0
F000062,DIANNE FEINSTEIN,senate,Democrat,CA,,False,2018-03-22,2018-05-22,,IHS MARKIT LTD (stock),Stock,Purchase,"$250,001 - $500,000",375000.5,False,Self,298d2c2a-63ac-4d94-8be4-3717a336f30c,https://efdsearch.senate.gov/search/view/paper/298d2c2a-63ac-4d94-8be4-3717a336f30c/,df49dcbf7a6c8ab71e51abcb95c7a36a6e9528661ef132a34a1c9f4d59fa4c0e,senate-efd-ocr,explicit,0
F000062,DIANNE FEINSTEIN,senate,Democrat,CA,,False,2018-03-22,2018-05-22,,BAYER AG (stock),Stock,Purchase,"$250,001 - $500,000",375000.5,False,Self,298d2c2a-63ac-4d94-8be4-3717a336f30c,https://efdsearch.senate.gov/search/view/paper/298d2c2a-63ac-4d94-8be4-3717a336f30c/,22c63e88cdaf85e46ccb5dffa5959b7615d3b9390f76c9e5263db440ea4707cd,senate-efd-ocr,explicit,0
F000062,DIANNE FEINSTEIN,senate,Democrat,CA,,False,2018-03-22,2018-05-22,,RPM INTL (stock),Stock,Purchase,"$250,001 - $500,000",375000.5,False,Self,298d2c2a-63ac-4d94-8be4-3717a336f30c,https://efdsearch.senate.gov/search/view/paper/298d2c2a-63ac-4d94-8be4-3717a336f30c/,108afecd2510199c2783545de4978e296a5f4d9bc843f5c28002d211836dfefb,senate-efd-ocr,explicit,0
F000062,DIANNE FEINSTEIN,senate,Democrat,CA,,False,2018-03-22,2018-05-22,,ALLERGAN PLC (stock),Stock,Purchase,"$250,001 - $500,000",375000.5,False,Self,298d2c2a-63ac-4d94-8be4-3717a336f30c,https://efdsearch.senate.gov/search/view/paper/298d2c2a-63ac-4d94-8be4-3717a336f30c/,7a55a27d6b738aae8e47c1aeaad25d4856205d72a8b0660e7986a3f0ec97df8a,senate-efd-ocr,explicit,0
F000062,DIANNE FEINSTEIN,senate,Democrat,CA,,False,2018-03-22,2018-05-22,,POST HLDGS (stock),Stock,Purchase,"$250,001 - $500,000",375000.5,False,Self,298d2c2a-63ac-4d94-8be4-3717a336f30c,https://efdsearch.senate.gov/search/view/paper/298d2c2a-63ac-4d94-8be4-3717a336f30c/,bb981fc49cb570cf98b984fb7ee5e410bd1ec08e354d6f293351951cb2b977b3,senate-efd-ocr,explicit,0
F000062,DIANNE FEINSTEIN,senate,Democrat,CA,,False,2018-03-22,2018-05-22,,WASTE CONNECTIONS (stock),Stock,Purchase,"$250,001 - $500,000",375000.5,False,Self,298d2c2a-63ac-4d94-8be4-3717a336f30c,https://efdsearch.senate.gov/search/view/paper/298d2c2a-63ac-4d94-8be4-3717a336f30c/,9bd879b95bec252d9f5131224367efaf99da062af13d5f205aee3f40a59f25b0,senate-efd-ocr,explicit,0
F000062,DIANNE FEINSTEIN,senate,Democrat,CA,,False,2018-03-22,2018-05-22,,WASTE CONNECTIONS (stock),Stock,Purchase,"$15,001 - $50,000",32500.5,False,Self,298d2c2a-63ac-4d94-8be4-3717a336f30c,https://efdsearch.senate.gov/search/view/paper/298d2c2a-63ac-4d94-8be4-3717a336f30c/,a9b7b546513205d0b2d655865fdb31da6c30b0c60e06faba3ae526b662af0900,senate-efd-ocr,explicit,0
F000062,DIANNE FEINSTEIN,senate,Democrat,CA,,False,2018-03-20,2018-05-22,,TELEFLEX INC (stock),Stock,Purchase,"$250,001 - $500,000",375000.5,False,Self,298d2c2a-63ac-4d94-8be4-3717a336f30c,https://efdsearch.senate.gov/search/view/paper/298d2c2a-63ac-4d94-8be4-3717a336f30c/,f3cfe1a193968bcc58611899f6a0cdad1b3f66caed416125b2ce6e0721eb002e,senate-efd-ocr,explicit,0
F000062,DIANNE FEINSTEIN,senate,Democrat,CA,,False,2018-01-03,2018-05-22,,"Intel Corp., Common Stock",Stock,Purchase,"$15,001 - $50,000",32500.5,False,Self,9ac5f227-4b29-480d-9221-4f5468fef9fc,https://efdsearch.senate.gov/search/view/paper/9ac5f227-4b29-480d-9221-4f5468fef9fc/,24bd16daf3986e98f696f0d6e36df1c0cc857d605e798832f036a43939df0ef2,senate-efd-ocr,explicit,0
F000062,DIANNE FEINSTEIN,senate,Democrat,CA,,False,2018-01-10,2018-05-22,,Post Holdings Inc. (Stock),Other,Purchase,"$50,001 - $100,000",75000.5,False,Self,9ac5f227-4b29-480d-9221-4f5468fef9fc,https://efdsearch.senate.gov/search/view/paper/9ac5f227-4b29-480d-9221-4f5468fef9fc/,b9af41a791a9a74fe5733e96814db069a321a12b2b705eb3bb1872f182f313a6,senate-efd-ocr,explicit,0
F000062,DIANNE FEINSTEIN,senate,Democrat,CA,,False,2018-01-11,2018-05-22,,Post Holdings Inc. (Stock),Other,Purchase,"$15,001 - $50,000",32500.5,False,Self,9ac5f227-4b29-480d-9221-4f5468fef9fc,https://efdsearch.senate.gov/search/view/paper/9ac5f227-4b29-480d-9221-4f5468fef9fc/,c96f80981b2e45732658a6124a6c4488571ce81b21cd45ea601b5e9b060f123d,senate-efd-ocr,explicit,0
F000062,DIANNE FEINSTEIN,senate,Democrat,CA,,False,2018-01-11,2018-05-22,,Post Holdings Inc. (Stock),Other,Sale,"$15,001 - $50,000",32500.5,False,Self,9ac5f227-4b29-480d-9221-4f5468fef9fc,https://efdsearch.senate.gov/search/view/paper/9ac5f227-4b29-480d-9221-4f5468fef9fc/,618777b2ba64538db0a6e76c3eb0be4afc47734776c8c49ba98e360ed7a61d9d,senate-efd-ocr,explicit,0
F000062,DIANNE FEINSTEIN,senate,Democrat,CA,,False,2018-01-08,2018-05-22,,Post Holdings Inc. (Stock),Other,Purchase,"$1,001 - $15,000",8000.5,False,Self,9ac5f227-4b29-480d-9221-4f5468fef9fc,https://efdsearch.senate.gov/search/view/paper/9ac5f227-4b29-480d-9221-4f5468fef9fc/,9a5a7afcfd4aacec223d15776132b95b39315e6028be0bd0865259936f737a0c,senate-efd-ocr,explicit,0
F000062,DIANNE FEINSTEIN,senate,Democrat,CA,,False,2018-01-08,2018-05-22,,Post Holdings Inc. (Stock),Other,Sale,"$15,001 - $50,000",32500.5,False,Self,9ac5f227-4b29-480d-9221-4f5468fef9fc,https://efdsearch.senate.gov/search/view/paper/9ac5f227-4b29-480d-9221-4f5468fef9fc/,329c257ab5c27752a0ef68f0b7da7a5e8973f3b2ec19b47fdbe270884b250611,senate-efd-ocr,explicit,0
F000062,DIANNE FEINSTEIN,senate,Democrat,CA,,False,2018-01-09,2018-05-22,,"Advanced Disposal Services Inc., Del Common Stock",Stock,Sale,"$1,001 - $15,000",8000.5,False,Self,9ac5f227-4b29-480d-9221-4f5468fef9fc,https://efdsearch.senate.gov/search/view/paper/9ac5f227-4b29-480d-9221-4f5468fef9fc/,4c255698008b9be7ab5c8ca462956c24a2c0c3a1e08b2290126b8aa04460ddf2,senate-efd-ocr,explicit,0
F000062,DIANNE FEINSTEIN,senate,Democrat,CA,,False,2018-01-09,2018-05-22,,Post Holdings Inc. (Stock),Other,Purchase,"$1,001 - $15,000",8000.5,False,Self,9ac5f227-4b29-480d-9221-4f5468fef9fc,https://efdsearch.senate.gov/search/view/paper/9ac5f227-4b29-480d-9221-4f5468fef9fc/,abd78d8142a7823f540e7a4c845ce8fde13ffb16af5782a89a7084ec1df8917d,senate-efd-ocr,explicit,0
F000062,DIANNE FEINSTEIN,senate,Democrat,CA,,False,2018-01-17,2018-05-22,,Univar Inc. (stock),Stock,Purchase,"$1,001 - $15,000",8000.5,False,Self,9ac5f227-4b29-480d-9221-4f5468fef9fc,https://efdsearch.senate.gov/search/view/paper/9ac5f227-4b29-480d-9221-4f5468fef9fc/,0556c504679e207fe179250a684e5fa44444fc95ec9342de7b60faedfba02103,senate-efd-ocr,explicit,0
F000062,DIANNE FEINSTEIN,senate,Democrat,CA,,False,2018-01-19,2018-05-22,,"JP Morgan Chase and Co., Common Stock",Stock,Purchase,"$1,001 - $15,000",8000.5,False,Self,9ac5f227-4b29-480d-9221-4f5468fef9fc,https://efdsearch.senate.gov/search/view/paper/9ac5f227-4b29-480d-9221-4f5468fef9fc/,dc9e85cb90170725a91f557f39a1082ff7f1cfdd97a0c2c9f2dd105582169f69,senate-efd-ocr,explicit,0
F000062,DIANNE FEINSTEIN,senate,Democrat,CA,,False,2018-01-19,2018-05-22,,Univar Inc. (Stock),Stock,Purchase,"$50,001 - $100,000",75000.5,False,Self,9ac5f227-4b29-480d-9221-4f5468fef9fc,https://efdsearch.senate.gov/search/view/paper/9ac5f227-4b29-480d-9221-4f5468fef9fc/,95d72ee95c219e5b80c21155c5be6c67818b46b097e0556d9d853ce91c9a5d46,senate-efd-ocr,explicit,0
F000062,DIANNE FEINSTEIN,senate,Democrat,CA,,False,2018-01-22,2018-05-22,,Waste Connections Inc. (stock),Stock,Purchase,"$15,001 - $50,000",32500.5,False,Self,9ac5f227-4b29-480d-9221-4f5468fef9fc,https://efdsearch.senate.gov/search/view/paper/9ac5f227-4b29-480d-9221-4f5468fef9fc/,f18ab5993743d2158feda7b9c31f4182cd75d18b030ed4589a8fbe6bc191ffbd,senate-efd-ocr,explicit,0
F000062,DIANNE FEINSTEIN,senate,Democrat,CA,,False,2018-01-10,2018-05-22,,"Advanced Disposal Services Inc., Del Common Stock",Stock,Sale,"$15,001 - $50,000",32500.5,False,Self,9ac5f227-4b29-480d-9221-4f5468fef9fc,https://efdsearch.senate.gov/search/view/paper/9ac5f227-4b29-480d-9221-4f5468fef9fc/,8999939cdc064f423d1f06a14d4bc00bdcfb48b4ad3b867d5334c430891caf0d,senate-efd-ocr,explicit,0
F000062,DIANNE FEINSTEIN,senate,Democrat,CA,,False,2018-01-11,2018-05-22,,"Advanced Disposal Services Inc., Del Common Stock",Stock,Sale,"$15,001 - $50,000",32500.5,False,Self,9ac5f227-4b29-480d-9221-4f5468fef9fc,https://efdsearch.senate.gov/search/view/paper/9ac5f227-4b29-480d-9221-4f5468fef9fc/,de38b91495bd32996a36976504f61cc99fb655c356e01f3dab2cdd6d59096215,senate-efd-ocr,explicit,0
F000062,DIANNE FEINSTEIN,senate,Democrat,CA,,False,2018-01-11,2018-05-22,,"Advanced Disposal Services Inc., Del Common Stock",Stock,Sale,"$15,001 - $50,000",32500.5,False,Self,9ac5f227-4b29-480d-9221-4f5468fef9fc,https://efdsearch.senate.gov/search/view/paper/9ac5f227-4b29-480d-9221-4f5468fef9fc/,de38b91495bd32996a36976504f61cc99fb655c356e01f3dab2cdd6d59096215,senate-efd-ocr,explicit,1
F000062,DIANNE FEINSTEIN,senate,Democrat,CA,,False,2018-01-12,2018-05-22,,"Advanced Disposal Services Inc., Del Common Stock",Stock,Sale,"$15,001 - $50,000",32500.5,False,Self,9ac5f227-4b29-480d-9221-4f5468fef9fc,https://efdsearch.senate.gov/search/view/paper/9ac5f227-4b29-480d-9221-4f5468fef9fc/,67421e76ba52b7ebb34e7945fa37ef0e1c60223e0b5eeb39b2ce306cce6ecb59,senate-efd-ocr,explicit,0
F000062,DIANNE FEINSTEIN,senate,Democrat,CA,,False,2018-01-12,2018-05-22,,Facebook Inc. CL A Stock,Stock,Purchase,"$15,001 - $50,000",32500.5,False,Self,9ac5f227-4b29-480d-9221-4f5468fef9fc,https://efdsearch.senate.gov/search/view/paper/9ac5f227-4b29-480d-9221-4f5468fef9fc/,6aaafdd20456e4f3b8aec8f5be94f206360177d251082e806f959a7838f03c24,senate-efd-ocr,explicit,0
F000062,DIANNE FEINSTEIN,senate,Democrat,CA,,False,2018-01-11,2018-05-22,,"Microsoft Corp., Common Stock",Stock,Purchase,"$15,001 - $50,000",32500.5,False,Self,9ac5f227-4b29-480d-9221-4f5468fef9fc,https://efdsearch.senate.gov/search/view/paper/9ac5f227-4b29-480d-9221-4f5468fef9fc/,6f7fbb75b32e4f20dced95ea3bf3aafa5933f966b316f04dcbea026a66fc6442,senate-efd-ocr,explicit,0
F000062,DIANNE FEINSTEIN,senate,Democrat,CA,,False,2018-01-12,2018-05-22,,"Microsoft Corp., Common Stock",Stock,Purchase,"$100,001 - $250,000",175000.5,False,Self,9ac5f227-4b29-480d-9221-4f5468fef9fc,https://efdsearch.senate.gov/search/view/paper/9ac5f227-4b29-480d-9221-4f5468fef9fc/,c052ea3c02c9e6c5f554a0df47b7a20f4edb20a74b7777100d0359e32ce066f9,senate-efd-ocr,explicit,0
F000062,DIANNE FEINSTEIN,senate,Democrat,CA,,False,2018-01-12,2018-05-22,,"Microchip Technology Inc., Common Stock",Stock,Purchase,"$15,001 - $50,000",32500.5,False,Self,9ac5f227-4b29-480d-9221-4f5468fef9fc,https://efdsearch.senate.gov/search/view/paper/9ac5f227-4b29-480d-9221-4f5468fef9fc/,7d47c159835f9d864b9e93c2a57f864462fb3573970c5431dbceb573d08e201f,senate-efd-ocr,explicit,0
F000062,DIANNE FEINSTEIN,senate,Democrat,CA,,False,2018-01-10,2018-05-22,,Univar Inc. (stock),Stock,Purchase,"$15,001 - $50,000",32500.5,False,Self,9ac5f227-4b29-480d-9221-4f5468fef9fc,https://efdsearch.senate.gov/search/view/paper/9ac5f227-4b29-480d-9221-4f5468fef9fc/,95beb0bbcca757b10cd02906e61076936f319ab84de5289c0a197d8eb5177ec8,senate-efd-ocr,explicit,0
F000062,DIANNE FEINSTEIN,senate,Democrat,CA,,False,2018-01-11,2018-05-22,,Univar Inc. (stock),Stock,Purchase,"$15,001 - $50,000",32500.5,False,Self,9ac5f227-4b29-480d-9221-4f5468fef9fc,https://efdsearch.senate.gov/search/view/paper/9ac5f227-4b29-480d-9221-4f5468fef9fc/,7489f20801d781ff53f780193707699d44ad7c1412bdea51aab5afbc6fdd4284,senate-efd-ocr,explicit,0
F000062,DIANNE FEINSTEIN,senate,Democrat,CA,,False,2018-01-11,2018-05-22,,Univar Inc. (stock),Stock,Purchase,"$15,001 - $50,000",32500.5,False,Self,9ac5f227-4b29-480d-9221-4f5468fef9fc,https://efdsearch.senate.gov/search/view/paper/9ac5f227-4b29-480d-9221-4f5468fef9fc/,7489f20801d781ff53f780193707699d44ad7c1412bdea51aab5afbc6fdd4284,senate-efd-ocr,explicit,1
F000062,DIANNE FEINSTEIN,senate,Democrat,CA,,False,2018-01-12,2018-05-22,,Univar Inc. (stock),Stock,Purchase,"$15,001 - $50,000",32500.5,False,Self,9ac5f227-4b29-480d-9221-4f5468fef9fc,https://efdsearch.senate.gov/search/view/paper/9ac5f227-4b29-480d-9221-4f5468fef9fc/,366fd8e31ef6f1987a9bcef73f0012771e063adb11964506f14820c464ab0ab5,senate-efd-ocr,explicit,0
F000062,DIANNE FEINSTEIN,senate,Democrat,CA,,False,2018-01-12,2018-05-22,,Wells Fargo and Co. (stock),Stock,Purchase,"$100,001 - $250,000",175000.5,False,Self,9ac5f227-4b29-480d-9221-4f5468fef9fc,https://efdsearch.senate.gov/search/view/paper/9ac5f227-4b29-480d-9221-4f5468fef9fc/,654631691883788f531de67e3cd936a848c96d7e442c922602859938255453dd,senate-efd-ocr,explicit,0
F000062,DIANNE FEINSTEIN,senate,Democrat,CA,,False,2018-01-12,2018-05-22,,Univar Inc. (stock),Stock,Purchase,"$1,001 - $15,000",8000.5,False,Self,9ac5f227-4b29-480d-9221-4f5468fef9fc,https://efdsearch.senate.gov/search/view/paper/9ac5f227-4b29-480d-9221-4f5468fef9fc/,79e5b1123a672c821af811460d6b8da066bd920be3e184eeaacdbdfa525504ed,senate-efd-ocr,explicit,0
F000062,DIANNE FEINSTEIN,senate,Democrat,CA,,False,2018-01-16,2018-05-22,,Univar Inc. (stock),Stock,Purchase,"$15,001 - $50,000",32500.5,False,Self,9ac5f227-4b29-480d-9221-4f5468fef9fc,https://efdsearch.senate.gov/search/view/paper/9ac5f227-4b29-480d-9221-4f5468fef9fc/,1381b6141bd00ebdb15a1c25f4ca48bf499e0d2fb8203be4b7a153959df9306d,senate-efd-ocr,explicit,0
F000062,DIANNE FEINSTEIN,senate,Democrat,CA,,False,2018-01-18,2018-05-22,,"JP Morgan Chase and Co., Common Stock",Stock,Purchase,"$1,001 - $15,000",8000.5,False,Self,9ac5f227-4b29-480d-9221-4f5468fef9fc,https://efdsearch.senate.gov/search/view/paper/9ac5f227-4b29-480d-9221-4f5468fef9fc/,bd0de8b4e889a73e89ffdfe8a27396d7032fcffdf7ceca893d88d993130f0fde,senate-efd-ocr,explicit,0
F000062,DIANNE FEINSTEIN,senate,Democrat,CA,,False,2018-01-22,2018-05-22,,"U.S. Foods Holding Group (Corp.), Common Stock",Stock,Sale,"$1,001 - $15,000",8000.5,False,Self,9ac5f227-4b29-480d-9221-4f5468fef9fc,https://efdsearch.senate.gov/search/view/paper/9ac5f227-4b29-480d-9221-4f5468fef9fc/,a773287f8de9dde5d9246ce8ea93f0b4ae085babe59747b1af4482499ca85494,senate-efd-ocr,explicit,0
F000062,DIANNE FEINSTEIN,senate,Democrat,CA,,False,2018-01-22,2018-05-22,,"Allergan PLC, Mandatory Convertible Preferred Shares, Series A Stock",Stock,Sale,"$15,001 - $50,000",32500.5,False,Self,9ac5f227-4b29-480d-9221-4f5468fef9fc,https://efdsearch.senate.gov/search/view/paper/9ac5f227-4b29-480d-9221-4f5468fef9fc/,4df29ab05ec6015110b259fea2ce0914ed116a2c203426d87e08d46f4d166ed6,senate-efd-ocr,explicit,0
F000062,DIANNE FEINSTEIN,senate,Democrat,CA,,False,2018-01-23,2018-05-22,,Waste Connections Inc. (stock),Stock,Purchase,"$15,001 - $50,000",32500.5,False,Self,9ac5f227-4b29-480d-9221-4f5468fef9fc,https://efdsearch.senate.gov/search/view/paper/9ac5f227-4b29-480d-9221-4f5468fef9fc/,d5c101bd19340024f75188f0176fccd3e5ed66ed7cf9e08ba8b4b678eae12137,senate-efd-ocr,explicit,0
F000062,DIANNE FEINSTEIN,senate,Democrat,CA,,False,2018-01-24,2018-05-22,,Waste Connections Inc. (stock),Stock,Purchase,"$1,001 - $15,000",8000.5,False,Self,9ac5f227-4b29-480d-9221-4f5468fef9fc,https://efdsearch.senate.gov/search/view/paper/9ac5f227-4b29-480d-9221-4f5468fef9fc/,c4db80a99867cd94607008742341f4e6d1626715328b9d38a586e074b4c7db53,senate-efd-ocr,explicit,0
F000062,DIANNE FEINSTEIN,senate,Democrat,CA,,False,2018-02-06,2018-05-22,,JP MORGAN (stock),Stock,Purchase,"$500,001 - $1,000,000",750000.5,False,Spouse,1bae21d6-4cec-4c77-9a14-d52256f5ea57,https://efdsearch.senate.gov/search/view/paper/1bae21d6-4cec-4c77-9a14-d52256f5ea57/,a9b43fb8d90716c6a87dde6e933d25d38bd6ff2a3b20ca81225efa8837568934,senate-efd-ocr,explicit,0
F000062,DIANNE FEINSTEIN,senate,Democrat,CA,,False,2018-02-06,2018-05-22,,JP MORGAN (stock),Stock,Sale,"$100,001 - $250,000",175000.5,False,Spouse,1bae21d6-4cec-4c77-9a14-d52256f5ea57,https://efdsearch.senate.gov/search/view/paper/1bae21d6-4cec-4c77-9a14-d52256f5ea57/,247545baa3c40733d3ee3a68d2a581a30c9f516f16ddefad2cec8f5dd7dce32a,senate-efd-ocr,explicit,0
F000062,DIANNE FEINSTEIN,senate,Democrat,CA,,False,2018-02-12,2018-05-22,,WELLS FARGO CO (stock),Stock,Sale,"$100,001 - $250,000",175000.5,False,Spouse,1bae21d6-4cec-4c77-9a14-d52256f5ea57,https://efdsearch.senate.gov/search/view/paper/1bae21d6-4cec-4c77-9a14-d52256f5ea57/,93a37a9f3896552958760369a6de714a83b40a76661ea600b9de7129bff42942,senate-efd-ocr,explicit,0
F000062,DIANNE FEINSTEIN,senate,Democrat,CA,,False,2018-02-20,2018-05-22,,BOEING CO (stock),Stock,Purchase,"$15,001 - $50,000",32500.5,False,Spouse,1bae21d6-4cec-4c77-9a14-d52256f5ea57,https://efdsearch.senate.gov/search/view/paper/1bae21d6-4cec-4c77-9a14-d52256f5ea57/,cbb0366a4c6f0436e960dc67ee05eba10bbc859927b70f275b09d56fb35439ae,senate-efd-ocr,explicit,0
F000062,DIANNE FEINSTEIN,senate,Democrat,CA,,False,2018-02-20,2018-05-22,,COGNIZANT TECH (stock),Stock,Purchase,"$50,001 - $100,000",75000.5,False,Spouse,1bae21d6-4cec-4c77-9a14-d52256f5ea57,https://efdsearch.senate.gov/search/view/paper/1bae21d6-4cec-4c77-9a14-d52256f5ea57/,b08813d7ef77916d415ed4599f9e646e59392445c3af78a80287606ec0411006,senate-efd-ocr,explicit,0
F000062,DIANNE FEINSTEIN,senate,Democrat,CA,,False,2018-02-20,2018-05-22,,VISA INC (stock),Stock,Purchase,"$50,001 - $100,000",75000.5,False,Spouse,1bae21d6-4cec-4c77-9a14-d52256f5ea57,https://efdsearch.senate.gov/search/view/paper/1bae21d6-4cec-4c77-9a14-d52256f5ea57/,6b8ed135299ef0513a1862faa02685550cc0afcf98331fb9282e02e01c453d76,senate-efd-ocr,explicit,0
F000062,DIANNE FEINSTEIN,senate,Democrat,CA,,False,2018-02-21,2018-05-22,,COGNIZANT TECH (stock),Stock,Purchase,"$50,001 - $100,000",75000.5,False,Spouse,1bae21d6-4cec-4c77-9a14-d52256f5ea57,https://efdsearch.senate.gov/search/view/paper/1bae21d6-4cec-4c77-9a14-d52256f5ea57/,7da351d9408d7d53baaf35b9d12a034f62dafd99d956904a530f3046c76e9e6e,senate-efd-ocr,explicit,0
F000062,DIANNE FEINSTEIN,senate,Democrat,CA,,False,2018-02-22,2018-05-22,,HANNON ARMSTRONG (stock),Stock,Purchase,"$15,001 - $50,000",32500.5,False,Spouse,1bae21d6-4cec-4c77-9a14-d52256f5ea57,https://efdsearch.senate.gov/search/view/paper/1bae21d6-4cec-4c77-9a14-d52256f5ea57/,b2916ff805e5bdd3fa00fda9de5d69058d93b9957578c197849bec8e2dbeb116,senate-efd-ocr,explicit,0
F000062,DIANNE FEINSTEIN,senate,Democrat,CA,,False,2017-12-07,2018-05-21,AGN PRA,"Allergan PLC, Mandatory Convertible Preferred Shares, Series A, AGN PRA, NYSE",Stock,Purchase,"$500,001 - $1,000,000",750000.5,False,Spouse,c8cb0053-985a-4619-b522-b8d627e3e4ee,https://efdsearch.senate.gov/search/view/paper/c8cb0053-985a-4619-b522-b8d627e3e4ee/,3cd2df6c1347c119fae63384b08609aa31499676043c68250ac45083cbb149fb,senate-efd-ocr,explicit,0
F000062,DIANNE FEINSTEIN,senate,Democrat,CA,,False,2017-12-07,2018-05-21,INFO,"IHS Markit Ltd., Shares ISIN, INFO, NASDAQ",,Purchase,"$100,001 - $250,000",175000.5,False,Spouse,c8cb0053-985a-4619-b522-b8d627e3e4ee,https://efdsearch.senate.gov/search/view/paper/c8cb0053-985a-4619-b522-b8d627e3e4ee/,8320768621153bdf4fc522a1ee224cd7b9cb6c388608056dd6e777474c3e86d6,senate-efd-ocr,explicit,0
F000062,DIANNE FEINSTEIN,senate,Democrat,CA,,False,2017-12-07,2018-05-21,PNR,"Pentair PLC, Shares, PNR, NYSE",Stock,Purchase,"$100,001 - $250,000",175000.5,False,Spouse,c8cb0053-985a-4619-b522-b8d627e3e4ee,https://efdsearch.senate.gov/search/view/paper/c8cb0053-985a-4619-b522-b8d627e3e4ee/,0673b3ea4cfc794442a8286191a2d94ca61a3e4888a6ad432872d660415ec4c4,senate-efd-ocr,explicit,0
F000062,DIANNE FEINSTEIN,senate,Democrat,CA,,False,2017-12-07,2018-05-21,CB,"Chubb Ltd., Common Stock, CB, NYSE",Stock,Purchase,"$100,001 - $250,000",175000.5,False,Spouse,c8cb0053-985a-4619-b522-b8d627e3e4ee,https://efdsearch.senate.gov/search/view/paper/c8cb0053-985a-4619-b522-b8d627e3e4ee/,34768980353aa038c5e77b3ea0d50333a879e20ea0fa2c80dcd73bd24aa8c5a0,senate-efd-ocr,explicit,0
F000062,DIANNE FEINSTEIN,senate,Democrat,CA,,False,2017-12-07,2018-05-21,AL,"Air Lease Corp., Class A Stock, AL, NYSE",Stock,Purchase,"$100,001 - $250,000",175000.5,False,Spouse,c8cb0053-985a-4619-b522-b8d627e3e4ee,https://efdsearch.senate.gov/search/view/paper/c8cb0053-985a-4619-b522-b8d627e3e4ee/,5200c8d7b63742b9e84453d194a52eaecf99e85af8285a6bc1c7ce5844fe0d30,senate-efd-ocr,explicit,0
F000062,DIANNE FEINSTEIN,senate,Democrat,CA,,False,2017-12-07,2018-05-21,GOOG,"Alphabet Inc., Capital Stock, Class C, Stock, GOOG, NASDAQ",Stock,Purchase,"$100,001 - $250,000",175000.5,False,Spouse,c8cb0053-985a-4619-b522-b8d627e3e4ee,https://efdsearch.senate.gov/search/view/paper/c8cb0053-985a-4619-b522-b8d627e3e4ee/,91d677430d65384563e9b54f4d92401a2be18582bdf11304d633aec6fcfb363d,senate-efd-ocr,explicit,0
F000062,DIANNE FEINSTEIN,senate,Democrat,CA,,False,2017-12-07,2018-05-21,AM,"Antero Midstream Partners, Limited Partnership Unit, AM, NYSE",Other,Purchase,"$50,001 - $100,000",75000.5,False,Spouse,c8cb0053-985a-4619-b522-b8d627e3e4ee,https://efdsearch.senate.gov/search/view/paper/c8cb0053-985a-4619-b522-b8d627e3e4ee/,14c8e4f77b502005bf7aeb21e3bb8a6c8b26469af4e9e2915da2cd1c686a2529,senate-efd-ocr,explicit,0
F000062,DIANNE FEINSTEIN,senate,Democrat,CA,,False,2017-12-07,2018-05-21,BAYRY,"Bayer AG, Sponsored American Depository Receipt [AM, Dep, Receipt (AM. Dep. Rec.), BAYRY, OTC",,Purchase,"$100,001 - $250,000",175000.5,False,Spouse,c8cb0053-985a-4619-b522-b8d627e3e4ee,https://efdsearch.senate.gov/search/view/paper/c8cb0053-985a-4619-b522-b8d627e3e4ee/,8da6d1b8649053c3ad30d76540ce3efd69fbcfcacf17ce925db4a766a497bd78,senate-efd-ocr,explicit,0
F000062,DIANNE FEINSTEIN,senate,Democrat,CA,,False,2017-12-07,2018-05-21,BA,"Boeing Co., Common Stock, BA, NYSE",Stock,Purchase,"$100,001 - $250,000",175000.5,False,Spouse,c8cb0053-985a-4619-b522-b8d627e3e4ee,https://efdsearch.senate.gov/search/view/paper/c8cb0053-985a-4619-b522-b8d627e3e4ee/,7945daebc4fd1a8acee3ef98dfc84661eb8612de2d52c8ead552e4fa0474b052,senate-efd-ocr,explicit,0
F000062,DIANNE FEINSTEIN,senate,Democrat,CA,,False,2017-12-07,2018-05-21,BAM,"Brookfield Asset Management Inc., Vintage MBS, BAM, NYSE",Stock,Purchase,"$100,001 - $250,000",175000.5,False,Spouse,c8cb0053-985a-4619-b522-b8d627e3e4ee,https://efdsearch.senate.gov/search/view/paper/c8cb0053-985a-4619-b522-b8d627e3e4ee/,fd4b583d52d98452f0130048019443654e9c8c44f796154581a6b3788b106f02,senate-efd-ocr,explicit,0
F000062,DIANNE FEINSTEIN,senate,Democrat,CA,,False,2017-12-07,2018-05-21,FUN,"Cedar Fair Limited Partnership Int. [AM, Dep, Rec.], Limited Partnership Unit, FUN, NYSE",Other,Purchase,"$100,001 - $250,000",175000.5,False,Spouse,c8cb0053-985a-4619-b522-b8d627e3e4ee,https://efdsearch.senate.gov/search/view/paper/c8cb0053-985a-4619-b522-b8d627e3e4ee/,d35d3d725b25cf3dbceb3deba65cbc0b71f6cfa0892a83ac503e224e5b2e5f20,senate-efd-ocr,explicit,0
F000062,DIANNE FEINSTEIN,senate,Democrat,CA,,False,2017-12-07,2018-05-21,CHTR,"Charter Communications Inc., Class A Stock, CHTR, NASDAQ",Stock,Purchase,"$100,001 - $250,000",175000.5,False,Spouse,c8cb0053-985a-4619-b522-b8d627e3e4ee,https://efdsearch.senate.gov/search/view/paper/c8cb0053-985a-4619-b522-b8d627e3e4ee/,806b19ce3a82da63e40b0f0166484702908b01218b8e2c95b90d7c88cdae2c82,senate-efd-ocr,explicit,0
F000062,DIANNE FEINSTEIN,senate,Democrat,CA,,False,2017-12-07,2018-05-21,CCI,"Crown Castle International Corp., New Common Stock, CCI, NYSE",Stock,Purchase,"$100,001 - $250,000",175000.5,False,Spouse,c8cb0053-985a-4619-b522-b8d627e3e4ee,https://efdsearch.senate.gov/search/view/paper/c8cb0053-985a-4619-b522-b8d627e3e4ee/,3635ef7933445ac904eaf1c7ec9bfb4b9a0aa320c2f5e4c4ad578c4a0d84b71e,senate-efd-ocr,explicit,0
F000062,DIANNE FEINSTEIN,senate,Democrat,CA,,False,2017-12-07,2018-05-21,DHR,"Danaher Corp., Common Stock, DHR, NYSE",Stock,Purchase,"$100,001 - $250,000",175000.5,False,Spouse,c8cb0053-985a-4619-b522-b8d627e3e4ee,https://efdsearch.senate.gov/search/view/paper/c8cb0053-985a-4619-b522-b8d627e3e4ee/,cbf23a1453ee3378b2b87defc93380b4fc2c021d4978f5f1d40ad4848cc421cd,senate-efd-ocr,explicit,0
F000062,DIANNE FEINSTEIN,senate,Democrat,CA,,False,2017-12-07,2018-05-21,EPD,"Enterprise Products Partners, Limited Partnership Common Stock, EPD, NYSE",Other,Purchase,"$100,001 - $250,000",175000.5,False,Spouse,c8cb0053-985a-4619-b522-b8d627e3e4ee,https://efdsearch.senate.gov/search/view/paper/c8cb0053-985a-4619-b522-b8d627e3e4ee/,d94d65ea33af5105ef71dd7c8759782e832740d2d8bb6c6103f3cb92374ac8ea,senate-efd-ocr,explicit,0
F000062,DIANNE FEINSTEIN,senate,Democrat,CA,,False,2017-12-07,2018-05-21,HAL,"Halliburton Co., Common Stock, HAL, NYSE",Stock,Purchase,"$250,001 - $500,000",375000.5,False,Spouse,c8cb0053-985a-4619-b522-b8d627e3e4ee,https://efdsearch.senate.gov/search/view/paper/c8cb0053-985a-4619-b522-b8d627e3e4ee/,12e8e8c45eb7ce827a50c9e426c3dc31ae9b4abe253c36db54ba4b71b664b9ff,senate-efd-ocr,explicit,0
F000062,DIANNE FEINSTEIN,senate,Democrat,CA,,False,2017-12-07,2018-05-21,HASI,"Hannon Armstrong Sustainable Infrastructure Capital Inc., HASI, NYSE",Stock,Purchase,"$50,001 - $100,000",75000.5,False,Spouse,c8cb0053-985a-4619-b522-b8d627e3e4ee,https://efdsearch.senate.gov/search/view/paper/c8cb0053-985a-4619-b522-b8d627e3e4ee/,d7def5a2de45012ae98018af24a041e36ab5605d062604c6118c9687b2255e43,senate-efd-ocr,explicit,0
F000062,DIANNE FEINSTEIN,senate,Democrat,CA,,False,2017-12-07,2018-05-21,HOLX,"Hologic Inc., Common Stock, HOLX, NASDAQ",Stock,Purchase,"$100,001 - $250,000",175000.5,False,Spouse,c8cb0053-985a-4619-b522-b8d627e3e4ee,https://efdsearch.senate.gov/search/view/paper/c8cb0053-985a-4619-b522-b8d627e3e4ee/,da7b38e4151cb1f206d46ce24ceb5a7105f39b161a1ecdda79efec5aa83d61c3,senate-efd-ocr,explicit,0
F000062,DIANNE FEINSTEIN,senate,Democrat,CA,,False,2017-12-07,2018-05-21,INTC,"Intel Corp., Common Stock, INTC, NYSE",Stock,Purchase,"$50,001 - $100,000",75000.5,False,Spouse,c8cb0053-985a-4619-b522-b8d627e3e4ee,https://efdsearch.senate.gov/search/view/paper/c8cb0053-985a-4619-b522-b8d627e3e4ee/,e60beecfce88d12089711c60ed73b8d7b98ebe67ed918b02b42a7e88c04b8d6f,senate-efd-ocr,explicit,0
F000062,DIANNE FEINSTEIN,senate,Democrat,CA,,False,2017-12-07,2018-05-21,JPM,"JP Morgan Chase and Co., Common Stock, JPM, NYSE",Stock,Purchase,"$100,001 - $250,000",175000.5,False,Spouse,c8cb0053-985a-4619-b522-b8d627e3e4ee,https://efdsearch.senate.gov/search/view/paper/c8cb0053-985a-4619-b522-b8d627e3e4ee/,efe1d738c3dbe772c88a9424ad130caedf2ef529499ec64122705d6f20351199,senate-efd-ocr,explicit,0
F000062,DIANNE FEINSTEIN,senate,Democrat,CA,,False,2017-12-07,2018-05-21,JNJ,"Johnson and Johnson, Common Stock, JNJ, NYSE",Stock,Purchase,"$100,001 - $250,000",175000.5,False,Spouse,c8cb0053-985a-4619-b522-b8d627e3e4ee,https://efdsearch.senate.gov/search/view/paper/c8cb0053-985a-4619-b522-b8d627e3e4ee/,defd58392169aac76706f9d62359f9b4b71d84125d595424854c2896fddd7afd,senate-efd-ocr,explicit,0
F000062,DIANNE FEINSTEIN,senate,Democrat,CA,,False,2017-12-07,2018-05-21,MSFT,"Microsoft Corp., Common Stock, MSFT, NASDAQ",Stock,Purchase,"$100,001 - $250,000",175000.5,False,Spouse,c8cb0053-985a-4619-b522-b8d627e3e4ee,https://efdsearch.senate.gov/search/view/paper/c8cb0053-985a-4619-b522-b8d627e3e4ee/,acb39692944889e02e5776a39e0b55f24f7c8d56823e49aaae234bf0d4fb838c,senate-efd-ocr,explicit,0
F000062,DIANNE FEINSTEIN,senate,Democrat,CA,,False,2017-12-07,2018-05-21,MCHP,"Microchip Technology Inc., Common Stock, MCHP, NASDAQ",Stock,Purchase,"$100,001 - $250,000",175000.5,False,Spouse,c8cb0053-985a-4619-b522-b8d627e3e4ee,https://efdsearch.senate.gov/search/view/paper/c8cb0053-985a-4619-b522-b8d627e3e4ee/,3f2878d1776ebf4c393adb3cf189ad23ba8001056154f4478f48238d829cdc8c,senate-efd-ocr,explicit,0
F000062,DIANNE FEINSTEIN,senate,Democrat,CA,,False,2017-12-15,2018-05-21,ADSW,"Advanced Disposal Services Inc., Del Common Stock, ADSW, NYSE",Stock,Purchase,"$50,001 - $100,000",75000.5,False,Spouse,c8cb0053-985a-4619-b522-b8d627e3e4ee,https://efdsearch.senate.gov/search/view/paper/c8cb0053-985a-4619-b522-b8d627e3e4ee/,80c0bbb68c02ac5e2a5b6c9af4531d3d5d9859437a631377bf3339338a78b40b,senate-efd-ocr,explicit,0
F000062,DIANNE FEINSTEIN,senate,Democrat,CA,,False,2017-12-07,2018-05-21,VICI,"VICI Properties Inc., Common Stock, VICI, NYSE",Stock,Purchase,"$100,001 - $250,000",175000.5,False,Spouse,c8cb0053-985a-4619-b522-b8d627e3e4ee,https://efdsearch.senate.gov/search/view/paper/c8cb0053-985a-4619-b522-b8d627e3e4ee/,816220213a485f8de2ea4cfa1540581596499c44dba4ff9ab27a238c70fd337e,senate-efd-ocr,explicit,0
F000062,DIANNE FEINSTEIN,senate,Democrat,CA,,False,2017-12-07,2018-05-21,USFD,"U.S. Foods Holding Group (Corp.), Common Stock, USFD, NYSE",Stock,Purchase,"$50,001 - $100,000",75000.5,False,Spouse,c8cb0053-985a-4619-b522-b8d627e3e4ee,https://efdsearch.senate.gov/search/view/paper/c8cb0053-985a-4619-b522-b8d627e3e4ee/,54f8596bf1f996eeb5b9d7006a5201f9995341ceed46d167303ee7ceeff989fc,senate-efd-ocr,explicit,0
F000062,DIANNE FEINSTEIN,senate,Democrat,CA,,False,2017-12-07,2018-05-21,TFX,"Teleflex Inc., TFX, NYSE",Stock,Purchase,"$100,001 - $250,000",175000.5,False,Spouse,c8cb0053-985a-4619-b522-b8d627e3e4ee,https://efdsearch.senate.gov/search/view/paper/c8cb0053-985a-4619-b522-b8d627e3e4ee/,2ecc7ddc9f064a2c0fde345bad0e7d9c4ab3316f6d23163a0721f22239c224d7,senate-efd-ocr,explicit,0
F000062,DIANNE FEINSTEIN,senate,Democrat,CA,,False,2017-12-07,2018-05-21,SBUX,"Starbucks Corp., Common Stock, SBUX, NASDAQ",Stock,Purchase,"$100,001 - $250,000",175000.5,False,Spouse,c8cb0053-985a-4619-b522-b8d627e3e4ee,https://efdsearch.senate.gov/search/view/paper/c8cb0053-985a-4619-b522-b8d627e3e4ee/,5ff24455f6202cb9403e676440163e53c2756dec804dec8df918fd611c5362f8,senate-efd-ocr,explicit,0
F000062,DIANNE FEINSTEIN,senate,Democrat,CA,,False,2017-12-07,2018-05-21,SERV,"Servicemaster Global Holdings Inc., Common Stock, SERV, NYSE",Other,Purchase,"$100,001 - $250,000",175000.5,False,Spouse,c8cb0053-985a-4619-b522-b8d627e3e4ee,https://efdsearch.senate.gov/search/view/paper/c8cb0053-985a-4619-b522-b8d627e3e4ee/,cfb0c44db003de01de7218fd91f183ba1849eac827f6c908d202e00ea82cfe04,senate-efd-ocr,explicit,0
F000062,DIANNE FEINSTEIN,senate,Democrat,CA,,False,2017-12-07,2018-05-21,RPM,"RPM International, RPM, NYSE",,Purchase,"$100,001 - $250,000",175000.5,False,Spouse,c8cb0053-985a-4619-b522-b8d627e3e4ee,https://efdsearch.senate.gov/search/view/paper/c8cb0053-985a-4619-b522-b8d627e3e4ee/,fbba85411c7d9418601bd63a1c86ac1d56590ead931ba67d99bd007b9f0a573b,senate-efd-ocr,explicit,0
F000062,DIANNE FEINSTEIN,senate,Democrat,CA,,False,2017-12-17,2018-05-21,NVS,"Novartis AG, Sponsored American Depository Receipt, NVS, NYSE",,Purchase,"$50,001 - $100,000",75000.5,False,Spouse,c8cb0053-985a-4619-b522-b8d627e3e4ee,https://efdsearch.senate.gov/search/view/paper/c8cb0053-985a-4619-b522-b8d627e3e4ee/,63895d5d0e79cb1a11a661bb67c483fa2ea60487c5646a4a8db76015949ccacf,senate-efd-ocr,explicit,0
F000062,DIANNE FEINSTEIN,senate,Democrat,CA,,False,2017-12-08,2018-05-21,VICI,"VICI Properties Inc., Common Stock, VICI, NASDAQ",Stock,Purchase,"$100,001 - $250,000",175000.5,False,Spouse,c8cb0053-985a-4619-b522-b8d627e3e4ee,https://efdsearch.senate.gov/search/view/paper/c8cb0053-985a-4619-b522-b8d627e3e4ee/,3d368778bfe54be2b065ef65b1f0645d2dff10e8bd22d6bd17877e7993dcd12d,senate-efd-ocr,explicit,0
F000062,DIANNE FEINSTEIN,senate,Democrat,CA,,False,2017-12-20,2018-05-21,DWDP,"DowDuPont Inc., Common Stock, DWDP, NYSE",Stock,Purchase,"$100,001 - $250,000",175000.5,False,Spouse,c8cb0053-985a-4619-b522-b8d627e3e4ee,https://efdsearch.senate.gov/search/view/paper/c8cb0053-985a-4619-b522-b8d627e3e4ee/,e7ddfed2ae0b260685cbe6c4f5d6939538850fb4fab9e3679cdd0798a07a06c1,senate-efd-ocr,explicit,0
B001135,RICHARD M BURR,senate,Republican,NC,,False,2018-02-01,2018-05-17,,Halyard Health (stock) NYSE,Stock,Purchase,"$15,001 - $50,000",32500.5,False,Spouse,67ff37f6-b248-437f-bbcb-7cd5f6dfce78,https://efdsearch.senate.gov/search/view/paper/67ff37f6-b248-437f-bbcb-7cd5f6dfce78/,d3063e633d855eb96472ea5d242ca23c48ade3bb63d9caf959f60126b2ed100e,senate-efd-ocr,explicit,0
B001135,RICHARD M BURR,senate,Republican,NC,,False,2018-02-27,2018-05-17,,Halyard Health (stock) NYSE,Stock,Sale,"$500,001 - $1,000,000",750000.5,False,Spouse,67ff37f6-b248-437f-bbcb-7cd5f6dfce78,https://efdsearch.senate.gov/search/view/paper/67ff37f6-b248-437f-bbcb-7cd5f6dfce78/,2c0e192835f21621dbcae4165a8fb51d658c3f7b1d8bb79e40acfebad8e2ed5d,senate-efd-ocr,explicit,0
B001135,RICHARD M BURR,senate,Republican,NC,,False,2018-05-03,2018-05-17,,Halyard Health (stock) NYSE,Stock,Purchase,"$15,001 - $50,000",32500.5,False,Spouse,67ff37f6-b248-437f-bbcb-7cd5f6dfce78,https://efdsearch.senate.gov/search/view/paper/67ff37f6-b248-437f-bbcb-7cd5f6dfce78/,a63d480574470c4620ffcd05958d1a19d93370a4a597c9e7fece57b0ae924e94,senate-efd-ocr,explicit,0
B001135,RICHARD M BURR,senate,Republican,NC,,False,2018-05-03,2018-05-17,,Halyard Health (stock) NYSE,Stock,Purchase,"$100,001 - $250,000",175000.5,False,Self,67ff37f6-b248-437f-bbcb-7cd5f6dfce78,https://efdsearch.senate.gov/search/view/paper/67ff37f6-b248-437f-bbcb-7cd5f6dfce78/,f220719a3978a4740000fe752ed5f7881acbd479e75892d2b218ded483a87963,senate-efd-ocr,explicit,0
B001135,RICHARD M BURR,senate,Republican,NC,,False,2018-02-01,2018-05-10,,Zimmer Biomet Holdings Inc. (stock) NYSE,Other,Purchase,"$15,001 - $50,000",32500.5,False,Self,c439145a-47b1-4146-8838-06cd744d649a,https://efdsearch.senate.gov/search/view/paper/c439145a-47b1-4146-8838-06cd744d649a/,bb1b5ae478636734461cfc8c6b96b1989a62a420d8aa25b297cbf79234c78f70,senate-efd-ocr,explicit,0
B001135,RICHARD M BURR,senate,Republican,NC,,False,2018-02-27,2018-05-10,,Zimmer Biomet Holdings Inc. (stock) NYSE,Other,Sale,"$500,001 - $1,000,000",750000.5,False,Self,c439145a-47b1-4146-8838-06cd744d649a,https://efdsearch.senate.gov/search/view/paper/c439145a-47b1-4146-8838-06cd744d649a/,790a44e651e07fa5478c5699ec28fe0c624c7c6f311e22114a94374e77d4786c,senate-efd-ocr,explicit,0
B001135,RICHARD M BURR,senate,Republican,NC,,False,2018-04-25,2018-05-10,,Zimmer Biomet Holdings Inc. (stock) NYSE,Other,Purchase,"$100,001 - $250,000",175000.5,False,Self,c439145a-47b1-4146-8838-06cd744d649a,https://efdsearch.senate.gov/search/view/paper/c439145a-47b1-4146-8838-06cd744d649a/,03081ea0b2f038c31255c0c312f24bcdcff91113b92eab238a92096ce61fd582,senate-efd-ocr,explicit,0
B001135,RICHARD M BURR,senate,Republican,NC,,False,2018-04-16,2018-05-01,,Chesapeake Energy Corp. (stock) NYSE,Stock,Purchase,"$1,001 - $15,000",8000.5,False,Joint,e787a949-dba2-4b49-8d97-c27a8afce004,https://efdsearch.senate.gov/search/view/paper/e787a949-dba2-4b49-8d97-c27a8afce004/,dc2422e5bd27ea32153b9e1108ba90605ce953aaf27b43b4d0a7be26e3e02728,senate-efd-ocr,explicit,0
B001135,RICHARD M BURR,senate,Republican,NC,,False,2018-04-16,2018-05-01,,Chesapeake Energy Corp. (stock) NYSE,Stock,Sale,"$1,001 - $15,000",8000.5,False,Joint,e787a949-dba2-4b49-8d97-c27a8afce004,https://efdsearch.senate.gov/search/view/paper/e787a949-dba2-4b49-8d97-c27a8afce004/,0445501d12e90f3e79f70218257a78c35745e7b0a49d541c33e43c5af49f29d3,senate-efd-ocr,explicit,0
B001135,RICHARD M BURR,senate,Republican,NC,,False,2018-04-16,2018-05-01,,Park Hotels & Resorts Inc. (stock) NYSE,Stock,Purchase,"$15,001 - $50,000",32500.5,False,Spouse,e787a949-dba2-4b49-8d97-c27a8afce004,https://efdsearch.senate.gov/search/view/paper/e787a949-dba2-4b49-8d97-c27a8afce004/,0434b6d1d34e151149a1860e2cc15ba8c4366a834cd59e49d0ebfd2532ea744c,senate-efd-ocr,explicit,0
B001236,JOHN BOOZMAN,senate,Republican,AR,"Commission on Security and Cooperation in Europe; SSAF13; SSAF14; SSAF15; SSAF16; SSAF17; SSAP02; SSAP18; SSAP19; SSAP20; SSAP23; SSAP24; SSEV08; SSEV10; SSEV15; Senate Committee on Agriculture, Nutrition, and Forestry; Senate Committee on Appropriations; Senate Committee on Environment and Public Works; Senate Committee on Rules and Administration; Senate Committee on Veterans' Affairs",False,2018-03-05,2018-04-20,,Apple Computer Inc,Stock,Sale,"$1,001 - $15,000",8000.5,False,Self,e194954a-ab04-4284-9d79-c830631d348d,https://efdsearch.senate.gov/search/view/paper/e194954a-ab04-4284-9d79-c830631d348d/,d6893659ee4b991bc06367e77373568d77f0539649106bb41045429653011d6b,senate-efd-ocr,explicit,0
B001236,JOHN BOOZMAN,senate,Republican,AR,"Commission on Security and Cooperation in Europe; SSAF13; SSAF14; SSAF15; SSAF16; SSAF17; SSAP02; SSAP18; SSAP19; SSAP20; SSAP23; SSAP24; SSEV08; SSEV10; SSEV15; Senate Committee on Agriculture, Nutrition, and Forestry; Senate Committee on Appropriations; Senate Committee on Environment and Public Works; Senate Committee on Rules and Administration; Senate Committee on Veterans' Affairs",False,2018-03-08,2018-04-20,,Fiserv Inc,Stock,Sale,"$1,001 - $15,000",8000.5,False,Self,e194954a-ab04-4284-9d79-c830631d348d,https://efdsearch.senate.gov/search/view/paper/e194954a-ab04-4284-9d79-c830631d348d/,626867dc360abc6e67d20ec6ceda4f60ff410cadb3f072a798750e667111b1a2,senate-efd-ocr,explicit,0
B001236,JOHN BOOZMAN,senate,Republican,AR,"Commission on Security and Cooperation in Europe; SSAF13; SSAF14; SSAF15; SSAF16; SSAF17; SSAP02; SSAP18; SSAP19; SSAP20; SSAP23; SSAP24; SSEV08; SSEV10; SSEV15; Senate Committee on Agriculture, Nutrition, and Forestry; Senate Committee on Appropriations; Senate Committee on Environment and Public Works; Senate Committee on Rules and Administration; Senate Committee on Veterans' Affairs",False,2018-03-08,2018-04-20,,Abbvie Inc Com,Stock,Purchase,"$1,001 - $15,000",8000.5,False,Self,e194954a-ab04-4284-9d79-c830631d348d,https://efdsearch.senate.gov/search/view/paper/e194954a-ab04-4284-9d79-c830631d348d/,44c118069fc879839bf6ba157d919adffd75d997fa95fb080fcd74a2226d6ce3,senate-efd-ocr,explicit,0
B001236,JOHN BOOZMAN,senate,Republican,AR,"Commission on Security and Cooperation in Europe; SSAF13; SSAF14; SSAF15; SSAF16; SSAF17; SSAP02; SSAP18; SSAP19; SSAP20; SSAP23; SSAP24; SSEV08; SSEV10; SSEV15; Senate Committee on Agriculture, Nutrition, and Forestry; Senate Committee on Appropriations; Senate Committee on Environment and Public Works; Senate Committee on Rules and Administration; Senate Committee on Veterans' Affairs",False,2018-03-05,2018-04-20,,Cisco Systems Inc,Stock,Purchase,"$1,001 - $15,000",8000.5,False,Self,e194954a-ab04-4284-9d79-c830631d348d,https://efdsearch.senate.gov/search/view/paper/e194954a-ab04-4284-9d79-c830631d348d/,cc2317659b402c2dc3dbb1ece7a195d338dd2f5b0622e86f43c039391ebf772f,senate-efd-ocr,explicit,0
B001236,JOHN BOOZMAN,senate,Republican,AR,"Commission on Security and Cooperation in Europe; SSAF13; SSAF14; SSAF15; SSAF16; SSAF17; SSAP02; SSAP18; SSAP19; SSAP20; SSAP23; SSAP24; SSEV08; SSEV10; SSEV15; Senate Committee on Agriculture, Nutrition, and Forestry; Senate Committee on Appropriations; Senate Committee on Environment and Public Works; Senate Committee on Rules and Administration; Senate Committee on Veterans' Affairs",False,2018-03-08,2018-04-20,,Hess Corporation,Stock,Purchase,"$1,001 - $15,000",8000.5,False,Self,e194954a-ab04-4284-9d79-c830631d348d,https://efdsearch.senate.gov/search/view/paper/e194954a-ab04-4284-9d79-c830631d348d/,d3139055a6df95a4ce1a1ed85d5a122b04cb80b94039126854c0acf042565c01,senate-efd-ocr,explicit,0
B001236,JOHN BOOZMAN,senate,Republican,AR,"Commission on Security and Cooperation in Europe; SSAF13; SSAF14; SSAF15; SSAF16; SSAF17; SSAP02; SSAP18; SSAP19; SSAP20; SSAP23; SSAP24; SSEV08; SSEV10; SSEV15; Senate Committee on Agriculture, Nutrition, and Forestry; Senate Committee on Appropriations; Senate Committee on Environment and Public Works; Senate Committee on Rules and Administration; Senate Committee on Veterans' Affairs",False,2018-03-05,2018-04-20,,Lam Research Corp Com,Stock,Purchase,"$1,001 - $15,000",8000.5,False,Self,e194954a-ab04-4284-9d79-c830631d348d,https://efdsearch.senate.gov/search/view/paper/e194954a-ab04-4284-9d79-c830631d348d/,370ea11fec599d90696205f641fb16c90e980f1065b5c5bb9c1425b7b27eeb27,senate-efd-ocr,explicit,0
B001236,JOHN BOOZMAN,senate,Republican,AR,"Commission on Security and Cooperation in Europe; SSAF13; SSAF14; SSAF15; SSAF16; SSAF17; SSAP02; SSAP18; SSAP19; SSAP20; SSAP23; SSAP24; SSEV08; SSEV10; SSEV15; Senate Committee on Agriculture, Nutrition, and Forestry; Senate Committee on Appropriations; Senate Committee on Environment and Public Works; Senate Committee on Rules and Administration; Senate Committee on Veterans' Affairs",False,2018-03-08,2018-04-20,,Lyondellbasell Industries N Shs,,Purchase,"$1,001 - $15,000",8000.5,False,Self,e194954a-ab04-4284-9d79-c830631d348d,https://efdsearch.senate.gov/search/view/paper/e194954a-ab04-4284-9d79-c830631d348d/,b5201b694619c18321090a1f0b524fc18269645701e50699eebd9593e69dc60d,senate-efd-ocr,explicit,0
B001236,JOHN BOOZMAN,senate,Republican,AR,"Commission on Security and Cooperation in Europe; SSAF13; SSAF14; SSAF15; SSAF16; SSAF17; SSAP02; SSAP18; SSAP19; SSAP20; SSAP23; SSAP24; SSEV08; SSEV10; SSEV15; Senate Committee on Agriculture, Nutrition, and Forestry; Senate Committee on Appropriations; Senate Committee on Environment and Public Works; Senate Committee on Rules and Administration; Senate Committee on Veterans' Affairs",False,2018-03-08,2018-04-20,,Verizon Communications Com,,Purchase,"$1,001 - $15,000",8000.5,False,Self,e194954a-ab04-4284-9d79-c830631d348d,https://efdsearch.senate.gov/search/view/paper/e194954a-ab04-4284-9d79-c830631d348d/,435e8daeb5ceadc8cf54c60f4ddadffe0a41e6dda6c60e91e59dc79f4a3d427a,senate-efd-ocr,explicit,0
B001277,RICHARD BLUMENTHAL,senate,Democrat,CT,SSAS13; SSAS14; SSAS17; SSGA01; SSGA20; SSJU01; SSJU22; SSJU25; SSJU28; Senate Committee on Armed Services; Senate Committee on Homeland Security and Governmental Affairs; Senate Committee on Veterans' Affairs; Senate Committee on the Judiciary; United States Senate Caucus on International Narcotics Control,True,2018-02-05,2018-04-02,,Peter L Malkin Family 9 LLC: Brazilian SELIC (LFT) Bonds (held by BTG),Other,Sale,"$250,001 - $500,000",375000.5,False,Spouse,b592b168-6ec8-4ea4-b153-cd3148404c2e,https://efdsearch.senate.gov/search/view/paper/b592b168-6ec8-4ea4-b153-cd3148404c2e/,e043ed3b1a70036f5c0cc1c9a3639152eb9f55f9d66a3be115000695fef94b0d,senate-efd-ocr,explicit,0
B001277,RICHARD BLUMENTHAL,senate,Democrat,CT,SSAS13; SSAS14; SSAS17; SSGA01; SSGA20; SSJU01; SSJU22; SSJU25; SSJU28; Senate Committee on Armed Services; Senate Committee on Homeland Security and Governmental Affairs; Senate Committee on Veterans' Affairs; Senate Committee on the Judiciary; United States Senate Caucus on International Narcotics Control,True,2018-02-05,2018-04-02,,Peter L Malkin Family 9 LLC: Brazilian SELIC (LFT) Bonds (held by BTG),Other,Purchase,"$50,001 - $100,000",75000.5,False,Spouse,b592b168-6ec8-4ea4-b153-cd3148404c2e,https://efdsearch.senate.gov/search/view/paper/b592b168-6ec8-4ea4-b153-cd3148404c2e/,5cdbe60b31acac9fac5aea1cb2e30a319b8187483f97381463e3db65c61e250c,senate-efd-ocr,explicit,0
B001277,RICHARD BLUMENTHAL,senate,Democrat,CT,SSAS13; SSAS14; SSAS17; SSGA01; SSGA20; SSJU01; SSJU22; SSJU25; SSJU28; Senate Committee on Armed Services; Senate Committee on Homeland Security and Governmental Affairs; Senate Committee on Veterans' Affairs; Senate Committee on the Judiciary; United States Senate Caucus on International Narcotics Control,True,2018-02-05,2018-04-02,,CMB 2009 GRAT - Peter L Malkin Family 9 LLC,Other,Purchase,"$50,001 - $100,000",75000.5,False,Spouse,b592b168-6ec8-4ea4-b153-cd3148404c2e,https://efdsearch.senate.gov/search/view/paper/b592b168-6ec8-4ea4-b153-cd3148404c2e/,33b67801dcb51ff886b73a550cee3ac48836dc73e7822093682e152b1a0865d3,senate-efd-ocr,explicit,0
B001277,RICHARD BLUMENTHAL,senate,Democrat,CT,SSAS13; SSAS14; SSAS17; SSGA01; SSGA20; SSJU01; SSJU22; SSJU25; SSJU28; Senate Committee on Armed Services; Senate Committee on Homeland Security and Governmental Affairs; Senate Committee on Veterans' Affairs; Senate Committee on the Judiciary; United States Senate Caucus on International Narcotics Control,True,2018-02-05,2018-04-02,,Xingo Fic Fla 360,,Purchase,,,False,Spouse,b592b168-6ec8-4ea4-b153-cd3148404c2e,https://efdsearch.senate.gov/search/view/paper/b592b168-6ec8-4ea4-b153-cd3148404c2e/,60b705309fefc998d0232752f5e77f7c8840d1655f5eda1a7d0c5217687893c5,senate-efd-ocr,explicit,0
B001277,RICHARD BLUMENTHAL,senate,Democrat,CT,SSAS13; SSAS14; SSAS17; SSGA01; SSGA20; SSJU01; SSJU22; SSJU25; SSJU28; Senate Committee on Armed Services; Senate Committee on Homeland Security and Governmental Affairs; Senate Committee on Veterans' Affairs; Senate Committee on the Judiciary; United States Senate Caucus on International Narcotics Control,True,2018-02-05,2018-04-02,,CMB 2009 GRAT - Peter L Malkin Family 9 LLC,Other,Purchase,,,False,Spouse,b592b168-6ec8-4ea4-b153-cd3148404c2e,https://efdsearch.senate.gov/search/view/paper/b592b168-6ec8-4ea4-b153-cd3148404c2e/,625be679c010db1799e11fcd35aa7140453e797634642f95dabf8aaae96099c7,senate-efd-ocr,explicit,0
B001277,RICHARD BLUMENTHAL,senate,Democrat,CT,SSAS13; SSAS14; SSAS17; SSGA01; SSGA20; SSJU01; SSJU22; SSJU25; SSJU28; Senate Committee on Armed Services; Senate Committee on Homeland Security and Governmental Affairs; Senate Committee on Veterans' Affairs; Senate Committee on the Judiciary; United States Senate Caucus on International Narcotics Control,True,2018-02-05,2018-04-02,,Xingo Fic Fla 360,,Purchase,,,False,Spouse,b592b168-6ec8-4ea4-b153-cd3148404c2e,https://efdsearch.senate.gov/search/view/paper/b592b168-6ec8-4ea4-b153-cd3148404c2e/,60b705309fefc998d0232752f5e77f7c8840d1655f5eda1a7d0c5217687893c5,senate-efd-ocr,explicit,1
B001236,JOHN BOOZMAN,senate,Republican,AR,"Commission on Security and Cooperation in Europe; SSAF13; SSAF14; SSAF15; SSAF16; SSAF17; SSAP02; SSAP18; SSAP19; SSAP20; SSAP23; SSAP24; SSEV08; SSEV10; SSEV15; Senate Committee on Agriculture, Nutrition, and Forestry; Senate Committee on Appropriations; Senate Committee on Environment and Public Works; Senate Committee on Rules and Administration; Senate Committee on Veterans' Affairs",False,2018-02-12,2018-03-07,,iShares Tr Index Barclays,,Sale,"$15,001 - $50,000",32500.5,False,Self,9604cc5c-4cc3-4f3e-8c2d-11199e4ce90f,https://efdsearch.senate.gov/search/view/paper/9604cc5c-4cc3-4f3e-8c2d-11199e4ce90f/,f74129715093f2a67812e590eb457b67a6c47dfda5c924c0bbebdbbf227a6496,senate-efd-ocr,explicit,0
B001236,JOHN BOOZMAN,senate,Republican,AR,"Commission on Security and Cooperation in Europe; SSAF13; SSAF14; SSAF15; SSAF16; SSAF17; SSAP02; SSAP18; SSAP19; SSAP20; SSAP23; SSAP24; SSEV08; SSEV10; SSEV15; Senate Committee on Agriculture, Nutrition, and Forestry; Senate Committee on Appropriations; Senate Committee on Environment and Public Works; Senate Committee on Rules and Administration; Senate Committee on Veterans' Affairs",False,2018-02-20,2018-03-07,,iShares Tr Index Barclays,,Sale,"$15,001 - $50,000",32500.5,False,Self,9604cc5c-4cc3-4f3e-8c2d-11199e4ce90f,https://efdsearch.senate.gov/search/view/paper/9604cc5c-4cc3-4f3e-8c2d-11199e4ce90f/,67fd5bd0c14c13dbabb9e0b83f1a9d572451712647963f41fe893b12b12b4ecc,senate-efd-ocr,explicit,0
B001236,JOHN BOOZMAN,senate,Republican,AR,"Commission on Security and Cooperation in Europe; SSAF13; SSAF14; SSAF15; SSAF16; SSAF17; SSAP02; SSAP18; SSAP19; SSAP20; SSAP23; SSAP24; SSEV08; SSEV10; SSEV15; Senate Committee on Agriculture, Nutrition, and Forestry; Senate Committee on Appropriations; Senate Committee on Environment and Public Works; Senate Committee on Rules and Administration; Senate Committee on Veterans' Affairs",False,2018-02-20,2018-03-07,,iShares Tr Barclys 10-20 Yr,,Purchase,"$1,001 - $15,000",8000.5,False,Self,9604cc5c-4cc3-4f3e-8c2d-11199e4ce90f,https://efdsearch.senate.gov/search/view/paper/9604cc5c-4cc3-4f3e-8c2d-11199e4ce90f/,3fec4b9b140a4a2648ce23f70419e2d94a55aafc44cd01abbb81960cedce440d,senate-efd-ocr,explicit,0
B001236,JOHN BOOZMAN,senate,Republican,AR,"Commission on Security and Cooperation in Europe; SSAF13; SSAF14; SSAF15; SSAF16; SSAF17; SSAP02; SSAP18; SSAP19; SSAP20; SSAP23; SSAP24; SSEV08; SSEV10; SSEV15; Senate Committee on Agriculture, Nutrition, and Forestry; Senate Committee on Appropriations; Senate Committee on Environment and Public Works; Senate Committee on Rules and Administration; Senate Committee on Veterans' Affairs",False,2018-02-20,2018-03-07,,iShares Tr Index Barclys 7-10 Yrs,,Purchase,"$1,001 - $15,000",8000.5,False,Self,9604cc5c-4cc3-4f3e-8c2d-11199e4ce90f,https://efdsearch.senate.gov/search/view/paper/9604cc5c-4cc3-4f3e-8c2d-11199e4ce90f/,d6a4ce5037ff7b6b89ad78c97cdb4cb994bbd6ce4afd221e796bfeb169f922f4,senate-efd-ocr,explicit,0
B001236,JOHN BOOZMAN,senate,Republican,AR,"Commission on Security and Cooperation in Europe; SSAF13; SSAF14; SSAF15; SSAF16; SSAF17; SSAP02; SSAP18; SSAP19; SSAP20; SSAP23; SSAP24; SSEV08; SSEV10; SSEV15; Senate Committee on Agriculture, Nutrition, and Forestry; Senate Committee on Appropriations; Senate Committee on Environment and Public Works; Senate Committee on Rules and Administration; Senate Committee on Veterans' Affairs",False,2018-02-20,2018-03-07,,Powershares Glbl ETF Trust Fdm Hg Yld Rafi,Other,Purchase,"$15,001 - $50,000",32500.5,False,Self,9604cc5c-4cc3-4f3e-8c2d-11199e4ce90f,https://efdsearch.senate.gov/search/view/paper/9604cc5c-4cc3-4f3e-8c2d-11199e4ce90f/,42b21ebd2dc191f0b6ee219c4d88d3e29d1adaebce5298a8a8b9c3a4cf74c74c,senate-efd-ocr,explicit,0
B001236,JOHN BOOZMAN,senate,Republican,AR,"Commission on Security and Cooperation in Europe; SSAF13; SSAF14; SSAF15; SSAF16; SSAF17; SSAP02; SSAP18; SSAP19; SSAP20; SSAP23; SSAP24; SSEV08; SSEV10; SSEV15; Senate Committee on Agriculture, Nutrition, and Forestry; Senate Committee on Appropriations; Senate Committee on Environment and Public Works; Senate Committee on Rules and Administration; Senate Committee on Veterans' Affairs",False,2018-01-19,2018-02-15,,Walgreens Boots Alliance Inc Com,Stock,Sale,"$1,001 - $15,000",8000.5,False,Self,c2888db8-8e5e-4384-97cb-818c5b63268d,https://efdsearch.senate.gov/search/view/paper/c2888db8-8e5e-4384-97cb-818c5b63268d/,a1d7bc2988e1f30d355b93229e956adff6ea60953edfd319d751629f0ba7c3b7,senate-efd-ocr,explicit,0
B001236,JOHN BOOZMAN,senate,Republican,AR,"Commission on Security and Cooperation in Europe; SSAF13; SSAF14; SSAF15; SSAF16; SSAF17; SSAP02; SSAP18; SSAP19; SSAP20; SSAP23; SSAP24; SSEV08; SSEV10; SSEV15; Senate Committee on Agriculture, Nutrition, and Forestry; Senate Committee on Appropriations; Senate Committee on Environment and Public Works; Senate Committee on Rules and Administration; Senate Committee on Veterans' Affairs",False,2018-01-19,2018-02-15,,Abbvie Inc Com,Stock,Purchase,"$1,001 - $15,000",8000.5,False,Self,c2888db8-8e5e-4384-97cb-818c5b63268d,https://efdsearch.senate.gov/search/view/paper/c2888db8-8e5e-4384-97cb-818c5b63268d/,f98d4a84ec715a0ecf2d60b6c2b0758d3aeb149fad25bf672fdb389e1d17c15a,senate-efd-ocr,explicit,0
B001135,RICHARD M BURR,senate,Republican,NC,,False,2018-02-01,2018-02-15,,Orion Engineered Carbons SA (stock) NYSE,Stock,Purchase,"$15,001 - $50,000",32500.5,False,Spouse,65284b1c-0849-4eb2-8c8c-73440c804edd,https://efdsearch.senate.gov/search/view/paper/65284b1c-0849-4eb2-8c8c-73440c804edd/,7c2dd875cc9658a556b057bf40cc79e5e794f1a93eca4f95f126ef48c9bc43b3,senate-efd-ocr,explicit,0
B001135,RICHARD M BURR,senate,Republican,NC,,False,2018-02-01,2018-02-15,,Orion Engineered Carbons SA (stock) NYSE,Stock,Sale,"$15,001 - $50,000",32500.5,False,Spouse,65284b1c-0849-4eb2-8c8c-73440c804edd,https://efdsearch.senate.gov/search/view/paper/65284b1c-0849-4eb2-8c8c-73440c804edd/,387c0b325d6397b73125f8f4b859ecc79f9fffc0d0e3ff42e19c75f818589aa6,senate-efd-ocr,explicit,0
B001135,RICHARD M BURR,senate,Republican,NC,,False,2018-02-01,2018-02-15,BVI-FR,BVI-FR - Bureau Veritas SA (stock),Stock,Purchase,"$1,001 - $15,000",8000.5,False,Self,65284b1c-0849-4eb2-8c8c-73440c804edd,https://efdsearch.senate.gov/search/view/paper/65284b1c-0849-4eb2-8c8c-73440c804edd/,ab9a2293953075d030d1f5f46d9851313b49342e60edb036a5da0c3fe5189b19,senate-efd-ocr,explicit,0
B001135,RICHARD M BURR,senate,Republican,NC,,False,2018-02-27,2018-02-08,,Wynn Resorts LTD (stock) NASDAQ,Stock,Purchase,"$500,001 - $1,000,000",750000.5,False,Self,84bdabd1-9e02-420a-937e-fc7906a75cc4,https://efdsearch.senate.gov/search/view/paper/84bdabd1-9e02-420a-937e-fc7906a75cc4/,0646d96437bfaea5847b96b93724beb5f43205f7af9091d23240455497548379,senate-efd-ocr,explicit,0
B001135,RICHARD M BURR,senate,Republican,NC,,False,2018-02-27,2018-02-08,,Wynn Resorts LTD (stock) NASDAQ,Stock,Sale,"$500,001 - $1,000,000",750000.5,False,Self,84bdabd1-9e02-420a-937e-fc7906a75cc4,https://efdsearch.senate.gov/search/view/paper/84bdabd1-9e02-420a-937e-fc7906a75cc4/,c826599b7f32b16cd86914eaf40f376be7d460cd9f4b02f99a5e83099e279423,senate-efd-ocr,explicit,0
B001135,RICHARD M BURR,senate,Republican,NC,,False,2018-01-29,2018-02-08,,Wynn Resorts LTD (stock) NASDAQ,Stock,Sale,"$15,001 - $50,000",32500.5,False,Self,84bdabd1-9e02-420a-937e-fc7906a75cc4,https://efdsearch.senate.gov/search/view/paper/84bdabd1-9e02-420a-937e-fc7906a75cc4/,4e87f15d4e1084c8fdc0cf80e7ceb656344e2dacf0378ae2bdfb849685c525fb,senate-efd-ocr,explicit,0
B001135,RICHARD M BURR,senate,Republican,NC,,False,2018-01-29,2018-02-08,,Wynn Resorts LTD (stock) NASDAQ,Stock,Sale,"$15,001 - $50,000",32500.5,False,Self,84bdabd1-9e02-420a-937e-fc7906a75cc4,https://efdsearch.senate.gov/search/view/paper/84bdabd1-9e02-420a-937e-fc7906a75cc4/,4e87f15d4e1084c8fdc0cf80e7ceb656344e2dacf0378ae2bdfb849685c525fb,senate-efd-ocr,explicit,1
B001135,RICHARD M BURR,senate,Republican,NC,,False,2018-01-26,2018-02-08,,Wynn Resorts LTD (stock) NASDAQ,Stock,Sale,"$1,001 - $15,000",8000.5,False,Self,84bdabd1-9e02-420a-937e-fc7906a75cc4,https://efdsearch.senate.gov/search/view/paper/84bdabd1-9e02-420a-937e-fc7906a75cc4/,36fad16602144016f14710248c52396712e411bd8611f82026422178422616d3,senate-efd-ocr,explicit,0
B001135,RICHARD M BURR,senate,Republican,NC,,False,2018-01-26,2018-02-08,,Wynn Resorts LTD (stock),Stock,Sale,"$15,001 - $50,000",32500.5,False,Self,84bdabd1-9e02-420a-937e-fc7906a75cc4,https://efdsearch.senate.gov/search/view/paper/84bdabd1-9e02-420a-937e-fc7906a75cc4/,3578e3e43b572fcfd9d15f48e3213bf87c0bb556f7d64f8dd2de21badaef3411,senate-efd-ocr,explicit,0
B001236,JOHN BOOZMAN,senate,Republican,AR,"Commission on Security and Cooperation in Europe; SSAF13; SSAF14; SSAF15; SSAF16; SSAF17; SSAP02; SSAP18; SSAP19; SSAP20; SSAP23; SSAP24; SSEV08; SSEV10; SSEV15; Senate Committee on Agriculture, Nutrition, and Forestry; Senate Committee on Appropriations; Senate Committee on Environment and Public Works; Senate Committee on Rules and Administration; Senate Committee on Veterans' Affairs",False,2017-12-28,2018-01-18,,iShares Tr MSCI EAFE Index Fd MFC,,Sale,"$1,001 - $15,000",8000.5,False,Self,058d2627-f241-431d-a70f-fd71f9168924,https://efdsearch.senate.gov/search/view/paper/058d2627-f241-431d-a70f-fd71f9168924/,bfc093f8195064743023def0f3f701172d96f60c0e5f5c0232f9adad50e5db5e,senate-efd-ocr,explicit,0
B001236,JOHN BOOZMAN,senate,Republican,AR,"Commission on Security and Cooperation in Europe; SSAF13; SSAF14; SSAF15; SSAF16; SSAF17; SSAP02; SSAP18; SSAP19; SSAP20; SSAP23; SSAP24; SSEV08; SSEV10; SSEV15; Senate Committee on Agriculture, Nutrition, and Forestry; Senate Committee on Appropriations; Senate Committee on Environment and Public Works; Senate Committee on Rules and Administration; Senate Committee on Veterans' Affairs",False,2017-12-28,2018-01-18,,iShares Tr MSCI Emerg Mkt MFC,,Sale,"$1,001 - $15,000",8000.5,False,Self,058d2627-f241-431d-a70f-fd71f9168924,https://efdsearch.senate.gov/search/view/paper/058d2627-f241-431d-a70f-fd71f9168924/,2f366931f5abb65782d868323b3f7c8dbb841c72e86f6f9c176a45188a8af7ad,senate-efd-ocr,explicit,0
B001236,JOHN BOOZMAN,senate,Republican,AR,"Commission on Security and Cooperation in Europe; SSAF13; SSAF14; SSAF15; SSAF16; SSAF17; SSAP02; SSAP18; SSAP19; SSAP20; SSAP23; SSAP24; SSEV08; SSEV10; SSEV15; Senate Committee on Agriculture, Nutrition, and Forestry; Senate Committee on Appropriations; Senate Committee on Environment and Public Works; Senate Committee on Rules and Administration; Senate Committee on Veterans' Affairs",False,2017-12-21,2018-01-18,,iShares Tr Rssll 2000 Indx MFC,,Sale,"$1,001 - $15,000",8000.5,False,Self,058d2627-f241-431d-a70f-fd71f9168924,https://efdsearch.senate.gov/search/view/paper/058d2627-f241-431d-a70f-fd71f9168924/,047d2e2af75baa6b9a553f3f18c73001974aa3d924a6da895235d6d4d62e1a3a,senate-efd-ocr,explicit,0
B001236,JOHN BOOZMAN,senate,Republican,AR,"Commission on Security and Cooperation in Europe; SSAF13; SSAF14; SSAF15; SSAF16; SSAF17; SSAP02; SSAP18; SSAP19; SSAP20; SSAP23; SSAP24; SSEV08; SSEV10; SSEV15; Senate Committee on Agriculture, Nutrition, and Forestry; Senate Committee on Appropriations; Senate Committee on Environment and Public Works; Senate Committee on Rules and Administration; Senate Committee on Veterans' Affairs",False,2017-12-21,2018-01-18,,Powershs Db Multi Sect Comm Tr Db Agricult Fd,,Sale,"$1,001 - $15,000",8000.5,False,Self,058d2627-f241-431d-a70f-fd71f9168924,https://efdsearch.senate.gov/search/view/paper/058d2627-f241-431d-a70f-fd71f9168924/,a8cdfce77d22f98140eb9d22733438a35d31bd5cc04fc88e9b1d1ccd75a4acfe,senate-efd-ocr,explicit,0
B001236,JOHN BOOZMAN,senate,Republican,AR,"Commission on Security and Cooperation in Europe; SSAF13; SSAF14; SSAF15; SSAF16; SSAF17; SSAP02; SSAP18; SSAP19; SSAP20; SSAP23; SSAP24; SSEV08; SSEV10; SSEV15; Senate Committee on Agriculture, Nutrition, and Forestry; Senate Committee on Appropriations; Senate Committee on Environment and Public Works; Senate Committee on Rules and Administration; Senate Committee on Veterans' Affairs",False,2017-12-28,2018-01-18,,SPDR S & P Midcap 400 ETF Tr UTSERT,,Sale,"$1,001 - $15,000",8000.5,False,Self,058d2627-f241-431d-a70f-fd71f9168924,https://efdsearch.senate.gov/search/view/paper/058d2627-f241-431d-a70f-fd71f9168924/,540423fe3a6eec1e40d892c1b95319b3e6c5eff934c4a782d4367d36344a83d0,senate-efd-ocr,explicit,0
B001236,JOHN BOOZMAN,senate,Republican,AR,"Commission on Security and Cooperation in Europe; SSAF13; SSAF14; SSAF15; SSAF16; SSAF17; SSAP02; SSAP18; SSAP19; SSAP20; SSAP23; SSAP24; SSEV08; SSEV10; SSEV15; Senate Committee on Agriculture, Nutrition, and Forestry; Senate Committee on Appropriations; Senate Committee on Environment and Public Works; Senate Committee on Rules and Administration; Senate Committee on Veterans' Affairs",False,2017-12-21,2018-01-18,,First Tr Exchange Traded Fd IV No Amer Energy,,Purchase,"$1,001 - $15,000",8000.5,False,Self,058d2627-f241-431d-a70f-fd71f9168924,https://efdsearch.senate.gov/search/view/paper/058d2627-f241-431d-a70f-fd71f9168924/,d814ce22bd57350bccf9ca57af7fc941de28445d36684727ccae76809db6b5ef,senate-efd-ocr,explicit,0
B001236,JOHN BOOZMAN,senate,Republican,AR,"Commission on Security and Cooperation in Europe; SSAF13; SSAF14; SSAF15; SSAF16; SSAF17; SSAP02; SSAP18; SSAP19; SSAP20; SSAP23; SSAP24; SSEV08; SSEV10; SSEV15; Senate Committee on Agriculture, Nutrition, and Forestry; Senate Committee on Appropriations; Senate Committee on Environment and Public Works; Senate Committee on Rules and Administration; Senate Committee on Veterans' Affairs",False,2017-12-28,2018-01-18,,First Tr Exchange Traded Fd IV No Amer Energy,,Purchase,"$1,001 - $15,000",8000.5,False,Self,058d2627-f241-431d-a70f-fd71f9168924,https://efdsearch.senate.gov/search/view/paper/058d2627-f241-431d-a70f-fd71f9168924/,394ad0b1a45ae384aace9c906f755d7d0ebefaf823f6de81837b207780bd7d38,senate-efd-ocr,explicit,0
B001236,JOHN BOOZMAN,senate,Republican,AR,"Commission on Security and Cooperation in Europe; SSAF13; SSAF14; SSAF15; SSAF16; SSAF17; SSAP02; SSAP18; SSAP19; SSAP20; SSAP23; SSAP24; SSEV08; SSEV10; SSEV15; Senate Committee on Agriculture, Nutrition, and Forestry; Senate Committee on Appropriations; Senate Committee on Environment and Public Works; Senate Committee on Rules and Administration; Senate Committee on Veterans' Affairs",False,2017-12-28,2018-01-18,,First Tr Exchange Traded Fd IV No Amer Energy,,Purchase,"$50,001 - $100,000",75000.5,False,Self,058d2627-f241-431d-a70f-fd71f9168924,https://efdsearch.senate.gov/search/view/paper/058d2627-f241-431d-a70f-fd71f9168924/,9ccddd5f3118c9a604b7352bc84c0440bf7f896812122e832e963cfbf644b4d2,senate-efd-ocr,explicit,0
B001236,JOHN BOOZMAN,senate,Republican,AR,"Commission on Security and Cooperation in Europe; SSAF13; SSAF14; SSAF15; SSAF16; SSAF17; SSAP02; SSAP18; SSAP19; SSAP20; SSAP23; SSAP24; SSEV08; SSEV10; SSEV15; Senate Committee on Agriculture, Nutrition, and Forestry; Senate Committee on Appropriations; Senate Committee on Environment and Public Works; Senate Committee on Rules and Administration; Senate Committee on Veterans' Affairs",False,2017-12-28,2018-01-18,,Goldman Sachs Treas Acct ETF,,Purchase,"$1,001 - $15,000",8000.5,False,Self,058d2627-f241-431d-a70f-fd71f9168924,https://efdsearch.senate.gov/search/view/paper/058d2627-f241-431d-a70f-fd71f9168924/,accb4a918a46dfc5738324d2c944501dbdee86c108964c59053610b8771d4689,senate-efd-ocr,explicit,0
B001236,JOHN BOOZMAN,senate,Republican,AR,"Commission on Security and Cooperation in Europe; SSAF13; SSAF14; SSAF15; SSAF16; SSAF17; SSAP02; SSAP18; SSAP19; SSAP20; SSAP23; SSAP24; SSEV08; SSEV10; SSEV15; Senate Committee on Agriculture, Nutrition, and Forestry; Senate Committee on Appropriations; Senate Committee on Environment and Public Works; Senate Committee on Rules and Administration; Senate Committee on Veterans' Affairs",False,2017-12-28,2018-01-18,,iShares Barclays Agency Bond Fd,Corporate Bond,Purchase,"$1,001 - $15,000",8000.5,False,Self,058d2627-f241-431d-a70f-fd71f9168924,https://efdsearch.senate.gov/search/view/paper/058d2627-f241-431d-a70f-fd71f9168924/,a72655f42f97a99cdbd9b86ee0bec9993b8a25b916a31dfeb0fc0f6102e9ec7e,senate-efd-ocr,explicit,0
B001236,JOHN BOOZMAN,senate,Republican,AR,"Commission on Security and Cooperation in Europe; SSAF13; SSAF14; SSAF15; SSAF16; SSAF17; SSAP02; SSAP18; SSAP19; SSAP20; SSAP23; SSAP24; SSEV08; SSEV10; SSEV15; Senate Committee on Agriculture, Nutrition, and Forestry; Senate Committee on Appropriations; Senate Committee on Environment and Public Works; Senate Committee on Rules and Administration; Senate Committee on Veterans' Affairs",False,2017-12-28,2018-01-18,,iShares Barclays Mbs Bond Fd,Corporate Bond,Purchase,"$1,001 - $15,000",8000.5,False,Self,058d2627-f241-431d-a70f-fd71f9168924,https://efdsearch.senate.gov/search/view/paper/058d2627-f241-431d-a70f-fd71f9168924/,ec5d437a93bf83dc4e30f8312521641c6d7365f7c90a7fa5e859a9148ea4cf0f,senate-efd-ocr,explicit,0
B001236,JOHN BOOZMAN,senate,Republican,AR,"Commission on Security and Cooperation in Europe; SSAF13; SSAF14; SSAF15; SSAF16; SSAF17; SSAP02; SSAP18; SSAP19; SSAP20; SSAP23; SSAP24; SSEV08; SSEV10; SSEV15; Senate Committee on Agriculture, Nutrition, and Forestry; Senate Committee on Appropriations; Senate Committee on Environment and Public Works; Senate Committee on Rules and Administration; Senate Committee on Veterans' Affairs",False,2017-12-28,2018-01-18,,iShares Barclays Tips ETF,,Purchase,"$1,001 - $15,000",8000.5,False,Self,058d2627-f241-431d-a70f-fd71f9168924,https://efdsearch.senate.gov/search/view/paper/058d2627-f241-431d-a70f-fd71f9168924/,e6ab9460117206722fd411c72fbfa69e28c3114653f75d6f1af58f5b3ed34186,senate-efd-ocr,explicit,0
B001236,JOHN BOOZMAN,senate,Republican,AR,"Commission on Security and Cooperation in Europe; SSAF13; SSAF14; SSAF15; SSAF16; SSAF17; SSAP02; SSAP18; SSAP19; SSAP20; SSAP23; SSAP24; SSEV08; SSEV10; SSEV15; Senate Committee on Agriculture, Nutrition, and Forestry; Senate Committee on Appropriations; Senate Committee on Environment and Public Works; Senate Committee on Rules and Administration; Senate Committee on Veterans' Affairs",False,2017-12-28,2018-01-18,,iShares Cmbs Bond Fund,Corporate Bond,Purchase,"$1,001 - $15,000",8000.5,False,Self,058d2627-f241-431d-a70f-fd71f9168924,https://efdsearch.senate.gov/search/view/paper/058d2627-f241-431d-a70f-fd71f9168924/,3dae0ff22871c724d5755a4b9b7dd2c916fb4281267f9f45636b39583e770719,senate-efd-ocr,explicit,0
B001236,JOHN BOOZMAN,senate,Republican,AR,"Commission on Security and Cooperation in Europe; SSAF13; SSAF14; SSAF15; SSAF16; SSAF17; SSAP02; SSAP18; SSAP19; SSAP20; SSAP23; SSAP24; SSEV08; SSEV10; SSEV15; Senate Committee on Agriculture, Nutrition, and Forestry; Senate Committee on Appropriations; Senate Committee on Environment and Public Works; Senate Committee on Rules and Administration; Senate Committee on Veterans' Affairs",False,2017-12-28,2018-01-18,,iShares Tr Gs Corp Bd Fd,Stock,Purchase,"$1,001 - $15,000",8000.5,False,Self,058d2627-f241-431d-a70f-fd71f9168924,https://efdsearch.senate.gov/search/view/paper/058d2627-f241-431d-a70f-fd71f9168924/,4fe66833aadbaa22ba3526cddbbb96c2364d334bd06cbb3b7840f398909d8f11,senate-efd-ocr,explicit,0
B001236,JOHN BOOZMAN,senate,Republican,AR,"Commission on Security and Cooperation in Europe; SSAF13; SSAF14; SSAF15; SSAF16; SSAF17; SSAP02; SSAP18; SSAP19; SSAP20; SSAP23; SSAP24; SSEV08; SSEV10; SSEV15; Senate Committee on Agriculture, Nutrition, and Forestry; Senate Committee on Appropriations; Senate Committee on Environment and Public Works; Senate Committee on Rules and Administration; Senate Committee on Veterans' Affairs",False,2017-12-28,2018-01-18,,iShares Tr Index Barclys 1-3 Yr,,Purchase,"$1,001 - $15,000",8000.5,False,Self,058d2627-f241-431d-a70f-fd71f9168924,https://efdsearch.senate.gov/search/view/paper/058d2627-f241-431d-a70f-fd71f9168924/,86babe6b4a72e15f4aa857a3ac79fc830c83ce6cbe67be41c28341f8d0d84393,senate-efd-ocr,explicit,0
B001236,JOHN BOOZMAN,senate,Republican,AR,"Commission on Security and Cooperation in Europe; SSAF13; SSAF14; SSAF15; SSAF16; SSAF17; SSAP02; SSAP18; SSAP19; SSAP20; SSAP23; SSAP24; SSEV08; SSEV10; SSEV15; Senate Committee on Agriculture, Nutrition, and Forestry; Senate Committee on Appropriations; Senate Committee on Environment and Public Works; Senate Committee on Rules and Administration; Senate Committee on Veterans' Affairs",False,2017-12-28,2018-01-18,,iShares Tr Index Barclys 7-10 Yr,,Purchase,"$1,001 - $15,000",8000.5,False,Self,058d2627-f241-431d-a70f-fd71f9168924,https://efdsearch.senate.gov/search/view/paper/058d2627-f241-431d-a70f-fd71f9168924/,5f9dabe49e5f4c4ebb4b2dda2482071e95187e8d8a618d277273887f1d2b0e85,senate-efd-ocr,explicit,0
B001236,JOHN BOOZMAN,senate,Republican,AR,"Commission on Security and Cooperation in Europe; SSAF13; SSAF14; SSAF15; SSAF16; SSAF17; SSAP02; SSAP18; SSAP19; SSAP20; SSAP23; SSAP24; SSEV08; SSEV10; SSEV15; Senate Committee on Agriculture, Nutrition, and Forestry; Senate Committee on Appropriations; Senate Committee on Environment and Public Works; Senate Committee on Rules and Administration; Senate Committee on Veterans' Affairs",False,2017-12-21,2018-01-18,,Vanguard Index Fds REIT ETF,,Purchase,"$1,001 - $15,000",8000.5,False,Self,058d2627-f241-431d-a70f-fd71f9168924,https://efdsearch.senate.gov/search/view/paper/058d2627-f241-431d-a70f-fd71f9168924/,57b05d17121994051511f1d9f449f3862282c3f45a5b5d9fa67b4f92cc006f49,senate-efd-ocr,explicit,0
B001236,JOHN BOOZMAN,senate,Republican,AR,"Commission on Security and Cooperation in Europe; SSAF13; SSAF14; SSAF15; SSAF16; SSAF17; SSAP02; SSAP18; SSAP19; SSAP20; SSAP23; SSAP24; SSEV08; SSEV10; SSEV15; Senate Committee on Agriculture, Nutrition, and Forestry; Senate Committee on Appropriations; Senate Committee on Environment and Public Works; Senate Committee on Rules and Administration; Senate Committee on Veterans' Affairs",False,2017-12-28,2018-01-18,,Vanguard Index Fds REIT ETF,,Purchase,"$1,001 - $15,000",8000.5,False,Self,058d2627-f241-431d-a70f-fd71f9168924,https://efdsearch.senate.gov/search/view/paper/058d2627-f241-431d-a70f-fd71f9168924/,fab1c0303e5ccc28c052c72e2cecff860f74790f77faf52457aeb91e1944d7eb,senate-efd-ocr,explicit,0
B001236,JOHN BOOZMAN,senate,Republican,AR,"Commission on Security and Cooperation in Europe; SSAF13; SSAF14; SSAF15; SSAF16; SSAF17; SSAP02; SSAP18; SSAP19; SSAP20; SSAP23; SSAP24; SSEV08; SSEV10; SSEV15; Senate Committee on Agriculture, Nutrition, and Forestry; Senate Committee on Appropriations; Senate Committee on Environment and Public Works; Senate Committee on Rules and Administration; Senate Committee on Veterans' Affairs",False,2017-12-28,2018-01-18,,Vanguard Scottsdale Fds Sht Trm Corp,Stock,Purchase,"$1,001 - $15,000",8000.5,False,Self,058d2627-f241-431d-a70f-fd71f9168924,https://efdsearch.senate.gov/search/view/paper/058d2627-f241-431d-a70f-fd71f9168924/,377d7d766b7ec9c3f73d3d5e530dcb530abb77a35d3a18c103f14aeb0dce8e52,senate-efd-ocr,explicit,0
B001135,RICHARD M BURR,senate,Republican,NC,,False,2017-12-18,2018-01-04,,Scana Corporation Holding Co. (stock) NYSE,Stock,Sale,"$15,001 - $50,000",32500.5,False,Joint,836382b4-f8ee-4061-aae7-e5b1f8032b9b,https://efdsearch.senate.gov/search/view/paper/836382b4-f8ee-4061-aae7-e5b1f8032b9b/,3ac3e2747f1facc8596964f1d5e36e4664cb6642f79fb88fb0bc6178bd44b7a9,senate-efd-ocr,explicit,0
B001135,RICHARD M BURR,senate,Republican,NC,,False,2017-12-18,2018-01-04,,Scana Corporation Holding Co. (stock) NYSE,Stock,Sale,"$100,001 - $250,000",175000.5,False,Self,836382b4-f8ee-4061-aae7-e5b1f8032b9b,https://efdsearch.senate.gov/search/view/paper/836382b4-f8ee-4061-aae7-e5b1f8032b9b/,0b0b56d1344637ac0c644f97aaf693594e5e2cb50bdc9da290be950b524768f1,senate-efd-ocr,explicit,0
