bioguide_id,declarant_name,chamber,party,state_district,committee_membership,committees_key_flag,transaction_date,disclosure_date,ticker,asset_description,asset_type,operation_type,amount_range,amount_midpoint,amount_split_flag,owner,doc_id,source_url,natural_key_hash,occurrence_index
G000563,Bob Gibbs,house,Republican,OH07,,False,2014-12-30,2014-12-30,INTC,Intel Corporation,,Purchase,"$1,001 - $15,000",8000.5,False,SELF,20002288,https://disclosures-clerk.house.gov/public_disc/ptr-pdfs/2014/20002288.pdf,03148c84301327d0281cfe2d240dd3f4c7eac5dbada42b8eaf67390d67e7ecd4,0
G000563,Bob Gibbs,house,Republican,OH07,,False,2014-12-23,2014-12-30,B,"Barnes Group, Inc.",,Sale,"$1,001 - $15,000",8000.5,False,SELF,20002288,https://disclosures-clerk.house.gov/public_disc/ptr-pdfs/2014/20002288.pdf,d73bb872a89ce0ee2bf7acdf25a4c4a23eaa0353d6556967b429c8a55572dd49,0
G000563,Bob Gibbs,house,Republican,OH07,,False,2014-12-30,2014-12-30,AAPL,apple Inc.,,Purchase,"$1,001 - $15,000",8000.5,False,SELF,20002288,https://disclosures-clerk.house.gov/public_disc/ptr-pdfs/2014/20002288.pdf,560fd99e7998a4b792946c2abed4dd01aefed3d5396066067c773ac41559bc6a,0
N000182,Randy Neugebauer,house,Republican,TX19,,False,2014-12-19,2014-12-30,,"QR ENERGY, LP 9.25% 08/01/2020",,Sale,"$50,001 - $100,000",75000.5,False,SELF,20002287,https://disclosures-clerk.house.gov/public_disc/ptr-pdfs/2014/20002287.pdf,bc0cee8295c573fce7d2fca1210b04de9a02c74aa084bc3e59a1e71ac4358808,0
N000182,Randy Neugebauer,house,Republican,TX19,,False,2014-12-22,2014-12-30,,"QR ENERGY, LP 9.25% 08/01/2020",,Sale,"$100,001 - $250,000",175000.5,False,SELF,20002287,https://disclosures-clerk.house.gov/public_disc/ptr-pdfs/2014/20002287.pdf,73388abdc44c3534e3e710c5bb9dfca0069d01de25e149e80a1d07e74e1dfc12,0
N000182,Randy Neugebauer,house,Republican,TX19,,False,2014-12-19,2014-12-30,,"QR ENERGY, LP 9.25% 08/01/2020",,Sale,"$15,001 - $50,000",32500.5,False,JT,20002287,https://disclosures-clerk.house.gov/public_disc/ptr-pdfs/2014/20002287.pdf,39be58b973266beac02e004a1971ceb4087ed3e90bb9fdab3ce4ba589bf4aae6,0
N000182,Randy Neugebauer,house,Republican,TX19,,False,2014-12-22,2014-12-30,,"QR ENERGY, LP 9.25% 08/01/2020",,Sale,"$50,001 - $100,000",75000.5,False,JT,20002287,https://disclosures-clerk.house.gov/public_disc/ptr-pdfs/2014/20002287.pdf,e978612d0a06738c76cf9c3cc9a21b3ee4dae8c774ef4623007e00827e7852e8,0
F000462,Lois Frankel,house,Democrat,FL22,HSAP04; HSAP07; House Committee on Appropriations,False,2014-12-03,2014-12-26,STJ,"st. Jude Medical, Inc.",,Purchase,"$1,001 - $15,000",8000.5,False,SELF,20002242,https://disclosures-clerk.house.gov/public_disc/ptr-pdfs/2014/20002242.pdf,517be856c81744ba844af206562a76a9abf35b2680b58980b30fd815af35af1f,0
F000462,Lois Frankel,house,Democrat,FL22,HSAP04; HSAP07; House Committee on Appropriations,False,2014-12-10,2014-12-26,MMM,3M Company,,Sale,"$1,001 - $15,000",8000.5,False,SELF,20002242,https://disclosures-clerk.house.gov/public_disc/ptr-pdfs/2014/20002242.pdf,5dc8270c318ce0542a34889991a86ce00821fdc9730aeea90a193e7ab77481a6,0
F000462,Lois Frankel,house,Democrat,FL22,HSAP04; HSAP07; House Committee on Appropriations,False,2014-12-03,2014-12-26,XOM,Exxon Mobil Corporation,,Sale,"$1,001 - $15,000",8000.5,False,SELF,20002242,https://disclosures-clerk.house.gov/public_disc/ptr-pdfs/2014/20002242.pdf,d0d07806f573bff529d7a361cc89e5ffdb321db8ee3c57e2ed7b45c52e0ce22d,0
F000462,Lois Frankel,house,Democrat,FL22,HSAP04; HSAP07; House Committee on Appropriations,False,2014-11-28,2014-12-26,,Liberty broadband Corporation - Class C,,Purchase,"$1,001 - $15,000",8000.5,False,SELF,20002242,https://disclosures-clerk.house.gov/public_disc/ptr-pdfs/2014/20002242.pdf,5e947303a94eefb175975235bd761e9abbf2f7c9d803573d4866bb842c085e21,0
F000462,Lois Frankel,house,Democrat,FL22,HSAP04; HSAP07; House Committee on Appropriations,False,2014-12-01,2014-12-26,,Liberty Media Corporation - series C,,Purchase,"$1,001 - $15,000",8000.5,False,SELF,20002242,https://disclosures-clerk.house.gov/public_disc/ptr-pdfs/2014/20002242.pdf,1a8e1d6d45d25a6e5a0d31278e4cc605f9a89ebed2c2851e2655d29c7a5a13c7,0
F000462,Lois Frankel,house,Democrat,FL22,HSAP04; HSAP07; House Committee on Appropriations,False,2014-12-10,2014-12-26,,"Merck & Company, Inc. Common stock",,Purchase,"$1,001 - $15,000",8000.5,False,SELF,20002242,https://disclosures-clerk.house.gov/public_disc/ptr-pdfs/2014/20002242.pdf,0ff98efc5cac722516c3e2b11c166e895e2b37c3a14a63b3baee9440242ccf3c,0
F000462,Lois Frankel,house,Democrat,FL22,HSAP04; HSAP07; House Committee on Appropriations,False,2014-12-03,2014-12-26,PFE,"Pfizer, Inc.",,Sale,"$1,001 - $15,000",8000.5,False,SELF,20002242,https://disclosures-clerk.house.gov/public_disc/ptr-pdfs/2014/20002242.pdf,a1c9236f2a61e3d011d1f6f4e4268182ec5f680c4d1ee2acdcdfb11113c910b6,0
F000462,Lois Frankel,house,Democrat,FL22,HSAP04; HSAP07; House Committee on Appropriations,False,2014-11-19,2014-12-26,PPG,"PPG Industries, Inc.",,Purchase,"$1,001 - $15,000",8000.5,False,SELF,20002242,https://disclosures-clerk.house.gov/public_disc/ptr-pdfs/2014/20002242.pdf,9a1bcfb760ca564b01e69c739fa955c2a8f0d840ca7522ee741cd302f96bf724,0
F000462,Lois Frankel,house,Democrat,FL22,HSAP04; HSAP07; House Committee on Appropriations,False,2014-12-03,2014-12-26,SLB,schlumberger N.V.,,Purchase,"$1,001 - $15,000",8000.5,False,SELF,20002242,https://disclosures-clerk.house.gov/public_disc/ptr-pdfs/2014/20002242.pdf,272b7e18aa345ce1732ebec2b105726d66df6dee86e9a343c6d6b56ced86895e,0
F000462,Lois Frankel,house,Democrat,FL22,HSAP04; HSAP07; House Committee on Appropriations,False,2014-12-10,2014-12-26,CVS,CVs Health Corporation,,Sale,"$1,001 - $15,000",8000.5,False,SELF,20002242,https://disclosures-clerk.house.gov/public_disc/ptr-pdfs/2014/20002242.pdf,7aa577766aa25599a1e800b5eea05c5ec2d4bed58df72b0317ee4b4de6ca3c02,0
F000462,Lois Frankel,house,Democrat,FL22,HSAP04; HSAP07; House Committee on Appropriations,False,2014-11-19,2014-12-26,TWX,Time Warner Inc. New,,Purchase,"$1,001 - $15,000",8000.5,False,SELF,20002242,https://disclosures-clerk.house.gov/public_disc/ptr-pdfs/2014/20002242.pdf,8b1cf5e015a721d49d93928e0bd330959282616219a82ef98837bce55ff6c6b9,0
F000462,Lois Frankel,house,Democrat,FL22,HSAP04; HSAP07; House Committee on Appropriations,False,2014-11-19,2014-12-26,DIS,Walt Disney Company,,Sale,"$1,001 - $15,000",8000.5,False,SELF,20002242,https://disclosures-clerk.house.gov/public_disc/ptr-pdfs/2014/20002242.pdf,4e14f4d8267800bb265948ea4cdc7b9675a270c3853bac62027e027388727889,0
F000462,Lois Frankel,house,Democrat,FL22,HSAP04; HSAP07; House Committee on Appropriations,False,2014-12-09,2014-12-26,WU,Western union Company,,Purchase,"$1,001 - $15,000",8000.5,False,SELF,20002242,https://disclosures-clerk.house.gov/public_disc/ptr-pdfs/2014/20002242.pdf,96e2bf14e24f106084793791d61a27e25458275e59679a73bd39940e1bc9397f,0
F000462,Lois Frankel,house,Democrat,FL22,HSAP04; HSAP07; House Committee on Appropriations,False,2014-11-28,2014-12-26,LBRDK,Liberty broadband Corporation - Class C,,Purchase,"$1,001 - $15,000",8000.5,False,SELF,20002242,https://disclosures-clerk.house.gov/public_disc/ptr-pdfs/2014/20002242.pdf,5e947303a94eefb175975235bd761e9abbf2f7c9d803573d4866bb842c085e21,1
F000462,Lois Frankel,house,Democrat,FL22,HSAP04; HSAP07; House Committee on Appropriations,False,2014-12-01,2014-12-26,LMCK,Liberty Media Corporation - series C,,Purchase,"$1,001 - $15,000",8000.5,False,SELF,20002242,https://disclosures-clerk.house.gov/public_disc/ptr-pdfs/2014/20002242.pdf,1a8e1d6d45d25a6e5a0d31278e4cc605f9a89ebed2c2851e2655d29c7a5a13c7,1
F000462,Lois Frankel,house,Democrat,FL22,HSAP04; HSAP07; House Committee on Appropriations,False,2014-12-10,2014-12-26,MRK,"Merck & Company, Inc. Common stock",,Purchase,"$1,001 - $15,000",8000.5,False,SELF,20002242,https://disclosures-clerk.house.gov/public_disc/ptr-pdfs/2014/20002242.pdf,0ff98efc5cac722516c3e2b11c166e895e2b37c3a14a63b3baee9440242ccf3c,1
L000579,Alan S. Lowenthal,house,Democrat,CA47,,False,2014-12-12,2014-12-26,TEVA,Teva Pharmaceutical Industries Limited American Depositary Shares,,Purchase,"$15,001 - $50,000",32500.5,False,SP,20002281,https://disclosures-clerk.house.gov/public_disc/ptr-pdfs/2014/20002281.pdf,f28c1da3f062dbf93ffb85c42220ba105f1cb0a185362d2ce2914d64058aedec,0
L000579,Alan S. Lowenthal,house,Democrat,CA47,,False,2014-12-12,2014-12-26,,Teva Pharmaceutical Industries Limited,,Purchase,"$15,001 - $50,000",32500.5,False,SP,20002281,https://disclosures-clerk.house.gov/public_disc/ptr-pdfs/2014/20002281.pdf,5af249fea8bac3cc7b7e5725b5d8f8e2dc4d289cce461027322a95106f7cddb1,0
L000579,Alan S. Lowenthal,house,Democrat,CA47,,False,2014-12-16,2014-12-26,CPN,Calpine Corporation,,Sale,"$15,001 - $50,000",32500.5,False,SP,20002281,https://disclosures-clerk.house.gov/public_disc/ptr-pdfs/2014/20002281.pdf,9b4c3934b9af4294d571b30ee0132bc28c1e1644a9237791d7a75d02459421d4,0
F000462,Lois Frankel,house,Democrat,FL22,HSAP04; HSAP07; House Committee on Appropriations,False,2014-12-10,2014-12-26,USB,u.s. bancorp,,Purchase,"$1,001 - $15,000",8000.5,False,SELF,20002242,https://disclosures-clerk.house.gov/public_disc/ptr-pdfs/2014/20002242.pdf,4e24e9989cad1b0d3e89b648e21ba46766858696d3eb6f5a4b3fed74f772b51a,0
Y000062,John A. Yarmuth,house,Democrat,KY03,,False,2014-11-14,2014-12-22,CMCSA,Comcast Corporation - Class A,,Sale,"$1,001 - $15,000",8000.5,False,SELF,20002262,https://disclosures-clerk.house.gov/public_disc/ptr-pdfs/2014/20002262.pdf,3f1e62b3390041a34192c69bbaaa196e5693eea3affd84e19d5ba33a254c9443,0
Y000062,John A. Yarmuth,house,Democrat,KY03,,False,2014-11-10,2014-12-22,MRK,"Merck & Company, Inc. Common stock",,Sale,"$1,001 - $15,000",8000.5,False,SELF,20002262,https://disclosures-clerk.house.gov/public_disc/ptr-pdfs/2014/20002262.pdf,2350cb2cb3eebdb888eb7c7d59b5d949f4ee0036aae35106bdfe10cba445a3c0,1
Y000062,John A. Yarmuth,house,Democrat,KY03,,False,2014-11-03,2014-12-22,VNQ,Vanguard REIT ETF - DNQ,,Sale,"$1,001 - $15,000",8000.5,False,SELF,20002262,https://disclosures-clerk.house.gov/public_disc/ptr-pdfs/2014/20002262.pdf,4d155eea98f09ec4f58a6041978d9ac4a45322a63b179d83068d5e5124b9d6ba,0
Y000062,John A. Yarmuth,house,Democrat,KY03,,False,2014-11-10,2014-12-22,,"Merck & Company, Inc. Common stock",,Sale,"$1,001 - $15,000",8000.5,False,SELF,20002262,https://disclosures-clerk.house.gov/public_disc/ptr-pdfs/2014/20002262.pdf,2350cb2cb3eebdb888eb7c7d59b5d949f4ee0036aae35106bdfe10cba445a3c0,0
C001101,Katherine M. Clark,house,Democrat,MA05,,False,2014-03-13,2014-12-19,KRFT,"Kraft Foods group, Inc.",,Purchase,"$1,001 - $15,000",8000.5,False,SELF,20002231,https://disclosures-clerk.house.gov/public_disc/ptr-pdfs/2014/20002231.pdf,d72d59a0cba2ff4b044f9f4f51f5e9714d307a596e4f259524914a37fb798463,0
C001101,Katherine M. Clark,house,Democrat,MA05,,False,2014-08-26,2014-12-19,M,Macy's Inc,,Purchase,"$1,001 - $15,000",8000.5,False,SELF,20002231,https://disclosures-clerk.house.gov/public_disc/ptr-pdfs/2014/20002231.pdf,1c95c1e84d45e32edffe49a10f4eef6871d2d39ca573e812a4afce0d7b2e0d38,0
C001101,Katherine M. Clark,house,Democrat,MA05,,False,2014-01-23,2014-12-19,,"Merck & Company, Inc. Common Stock",,Purchase,"$1,001 - $15,000",8000.5,False,SELF,20002231,https://disclosures-clerk.house.gov/public_disc/ptr-pdfs/2014/20002231.pdf,bb3498c49664201f0ba09b9b32545356e11ef3daab39d0af07edee685dfe664b,0
C001101,Katherine M. Clark,house,Democrat,MA05,,False,2014-01-10,2014-12-19,MAT,"Mattel, Inc.",,Sale,"$1,001 - $15,000",8000.5,False,SELF,20002231,https://disclosures-clerk.house.gov/public_disc/ptr-pdfs/2014/20002231.pdf,07999e8757cf79ab8eb4ea702b27c724d6ec652e0016e1eff4b586d21e26c8a2,0
C001101,Katherine M. Clark,house,Democrat,MA05,,False,2014-06-09,2014-12-19,,MaNIToWoC INC gTD SRNT,,Purchase,"$1,001 - $15,000",8000.5,False,SELF,20002231,https://disclosures-clerk.house.gov/public_disc/ptr-pdfs/2014/20002231.pdf,ccc39f81f27afad02d85a8146617ee06dee99ad736cbd5b32293f95a1384a9e1,0
C001101,Katherine M. Clark,house,Democrat,MA05,,False,2014-08-14,2014-12-19,,"Merck & Company, Inc. Common Stock",,Purchase,"$1,001 - $15,000",8000.5,False,SELF,20002231,https://disclosures-clerk.house.gov/public_disc/ptr-pdfs/2014/20002231.pdf,110de0f6e920b66b0f6563a81152995dae97c750bcad061ff098e59f34962a3f,0
C001101,Katherine M. Clark,house,Democrat,MA05,,False,2014-05-29,2014-12-19,M,Macy's Inc,,Purchase,"$1,001 - $15,000",8000.5,False,SELF,20002231,https://disclosures-clerk.house.gov/public_disc/ptr-pdfs/2014/20002231.pdf,53324249e19a3b289c15e800b0ce2627597e3119a5d47b5c0d403a0dc17f0d33,0
C001101,Katherine M. Clark,house,Democrat,MA05,,False,2014-10-27,2014-12-19,,lyondellbasell Industries NV ordinary,,Sale,"$1,001 - $15,000",8000.5,False,SELF,20002231,https://disclosures-clerk.house.gov/public_disc/ptr-pdfs/2014/20002231.pdf,aaa2d609178414ebd437e9f3a3cc77c2906a01c55463b3f46c74c0d228aa9f04,0
C001101,Katherine M. Clark,house,Democrat,MA05,,False,2014-08-14,2014-12-19,KRFT,"Kraft Foods group, Inc.",,Sale,"$1,001 - $15,000",8000.5,False,SELF,20002231,https://disclosures-clerk.house.gov/public_disc/ptr-pdfs/2014/20002231.pdf,a29af6826eec9267b4800fe3734724f2551b15317c5b9a33e2a985271b75b0c1,0
C001101,Katherine M. Clark,house,Democrat,MA05,,False,2014-05-06,2014-12-19,,lyondellbasell Industries NV ordinary,,Purchase,"$1,001 - $15,000",8000.5,False,SELF,20002231,https://disclosures-clerk.house.gov/public_disc/ptr-pdfs/2014/20002231.pdf,afd58a4832615e9854cd923882e627f27ee1e79fe70a417a626a798b104d3c8c,0
C001101,Katherine M. Clark,house,Democrat,MA05,,False,2014-03-13,2014-12-19,,lyondellbasell Industries NV ordinary,,Purchase,"$1,001 - $15,000",8000.5,False,SELF,20002231,https://disclosures-clerk.house.gov/public_disc/ptr-pdfs/2014/20002231.pdf,5f14bba3f203202687d8148002ce15bcfec39f6cba0033d66c252d16ec39cf20,0
C001101,Katherine M. Clark,house,Democrat,MA05,,False,2014-04-09,2014-12-19,LMT,lockheed Martin Corporation,,Sale,"$1,001 - $15,000",8000.5,False,SELF,20002231,https://disclosures-clerk.house.gov/public_disc/ptr-pdfs/2014/20002231.pdf,d16a5c6215122534955a5c8b3ff43c70a5fe51602d7fcb94abe21811687dd2dc,0
C001101,Katherine M. Clark,house,Democrat,MA05,,False,2014-07-30,2014-12-19,LMT,lockheed Martin Corporation,,Purchase,"$1,001 - $15,000",8000.5,False,SELF,20002231,https://disclosures-clerk.house.gov/public_disc/ptr-pdfs/2014/20002231.pdf,c4fefeb6df7928873aea43d2d948558f425c79e86433186ad20dbd84fbc6abdc,0
C001101,Katherine M. Clark,house,Democrat,MA05,,False,2014-06-09,2014-12-19,LVS,las Vegas Sands Corp.,,Sale,"$1,001 - $15,000",8000.5,False,SELF,20002231,https://disclosures-clerk.house.gov/public_disc/ptr-pdfs/2014/20002231.pdf,5a9b4b356cca43ab483801f4766441ebc7ac3fb8b968bacf767e833c9f260455,0
C001101,Katherine M. Clark,house,Democrat,MA05,,False,2014-03-26,2014-12-19,LVS,las Vegas Sands Corp.,,Sale,"$1,001 - $15,000",8000.5,False,SELF,20002231,https://disclosures-clerk.house.gov/public_disc/ptr-pdfs/2014/20002231.pdf,523dbbb6ba99c7791cec460c8c51a962e8a199d4607432e98838eaa0087fe328,0
C001101,Katherine M. Clark,house,Democrat,MA05,,False,2014-04-15,2014-12-19,LVS,las Vegas Sands Corp.,,Sale,"$1,001 - $15,000",8000.5,False,SELF,20002231,https://disclosures-clerk.house.gov/public_disc/ptr-pdfs/2014/20002231.pdf,14490f5618df451d572f87718d443e06bcc6667dccc38848c359f58aa6f6edc6,0
C001101,Katherine M. Clark,house,Democrat,MA05,,False,2014-02-27,2014-12-19,,"Merck & Company, Inc. Common Stock",,Purchase,"$1,001 - $15,000",8000.5,False,SELF,20002231,https://disclosures-clerk.house.gov/public_disc/ptr-pdfs/2014/20002231.pdf,41c5b63a5d32bdfeb33fbc34eb3b31d2e740942acac568b1ec320fa3ea729dc7,0
C001101,Katherine M. Clark,house,Democrat,MA05,,False,2014-10-10,2014-12-19,,WIllIaMS CoS INC SR NT,,Sale,"$1,001 - $15,000",8000.5,False,SELF,20002231,https://disclosures-clerk.house.gov/public_disc/ptr-pdfs/2014/20002231.pdf,1266424edf75697aad2907c9487239fbb10a1d8f10a0d6dd4584a755d722ee0c,0
C001101,Katherine M. Clark,house,Democrat,MA05,,False,2014-08-26,2014-12-19,,"Merck & Company, Inc. Common Stock",,Purchase,"$1,001 - $15,000",8000.5,False,SELF,20002231,https://disclosures-clerk.house.gov/public_disc/ptr-pdfs/2014/20002231.pdf,a5852fc1109f01e65fc3f9de355e2b3f2ceea07a60643ecc05c2fff7244edc9b,0
C001101,Katherine M. Clark,house,Democrat,MA05,,False,2014-09-26,2014-12-19,NSC,Norfolk Southern Corporation,,Purchase,"$1,001 - $15,000",8000.5,False,SELF,20002231,https://disclosures-clerk.house.gov/public_disc/ptr-pdfs/2014/20002231.pdf,329256509e250a91457fc906d7c3371d39414518b8b3d6e75a2e9203ff7c2a75,0
C001101,Katherine M. Clark,house,Democrat,MA05,,False,2014-09-18,2014-12-19,PM,Philip Morris International Inc,,Sale,"$1,001 - $15,000",8000.5,False,SELF,20002231,https://disclosures-clerk.house.gov/public_disc/ptr-pdfs/2014/20002231.pdf,0fb30454cb7efdf38bd66cfc96d9faa9f5439b4c74fc165ce57d953991501663,0
C001101,Katherine M. Clark,house,Democrat,MA05,,False,2014-01-10,2014-12-19,PM,Philip Morris International Inc,,Sale,"$1,001 - $15,000",8000.5,False,SELF,20002231,https://disclosures-clerk.house.gov/public_disc/ptr-pdfs/2014/20002231.pdf,209342049109a38e5aab88bdde226ff2dd40813364e9fc89559986fd24160914,0
C001101,Katherine M. Clark,house,Democrat,MA05,,False,2014-06-12,2014-12-19,PM,Philip Morris International Inc,,Purchase,"$1,001 - $15,000",8000.5,False,SELF,20002231,https://disclosures-clerk.house.gov/public_disc/ptr-pdfs/2014/20002231.pdf,68a6cd6ec9cd26a8f203eea09338a54d0d741e83a8b0e1402855dfd5d88b37d9,0
C001101,Katherine M. Clark,house,Democrat,MA05,,False,2014-05-05,2014-12-19,PFE,"Pfizer, Inc.",,Sale,"$1,001 - $15,000",8000.5,False,SELF,20002231,https://disclosures-clerk.house.gov/public_disc/ptr-pdfs/2014/20002231.pdf,5b69913b14580e6ec32bbc36edb015e4ba4fb9d3d246d5a9cc89383a2c66421e,0
C001101,Katherine M. Clark,house,Democrat,MA05,,False,2014-06-09,2014-12-19,PFE,"Pfizer, Inc.",,Sale,"$1,001 - $15,000",8000.5,False,SELF,20002231,https://disclosures-clerk.house.gov/public_disc/ptr-pdfs/2014/20002231.pdf,8e4411fac41781bc809e402504a9f8477fcf2d3598901d9d3c3380a8b0ef2bb5,0
C001101,Katherine M. Clark,house,Democrat,MA05,,False,2014-05-23,2014-12-19,PFE,"Pfizer, Inc.",,Sale,"$1,001 - $15,000",8000.5,False,SELF,20002231,https://disclosures-clerk.house.gov/public_disc/ptr-pdfs/2014/20002231.pdf,fdccb92c109ac5017bded67423d7f2bf253aa24014fb8df44211c5c3823923a7,0
C001101,Katherine M. Clark,house,Democrat,MA05,,False,2014-07-02,2014-12-19,PKG,Packaging Corporation of america,,Purchase,"$1,001 - $15,000",8000.5,False,SELF,20002231,https://disclosures-clerk.house.gov/public_disc/ptr-pdfs/2014/20002231.pdf,095def30a6815b765fb2a405ad27e0cfbe94e6247d9bf11ddbf20469cc491505,0
C001101,Katherine M. Clark,house,Democrat,MA05,,False,2014-09-17,2014-12-19,NSC,Norfolk Southern Corporation,,Purchase,"$1,001 - $15,000",8000.5,False,SELF,20002231,https://disclosures-clerk.house.gov/public_disc/ptr-pdfs/2014/20002231.pdf,578571135707654ae12dac35417f4773ecd81bf68ae5315cb535c1c094950771,0
C001101,Katherine M. Clark,house,Democrat,MA05,,False,2014-04-28,2014-12-19,KRFT,"Kraft Foods group, Inc.",,Purchase,"$1,001 - $15,000",8000.5,False,SELF,20002231,https://disclosures-clerk.house.gov/public_disc/ptr-pdfs/2014/20002231.pdf,4bc799417efc0a4c6d61d84acf69cc449a6856d51e59b29033b20cb8c8205a16,0
C001101,Katherine M. Clark,house,Democrat,MA05,,False,2014-10-28,2014-12-19,,"Merck & Company, Inc. Common Stock",,Sale,"$1,001 - $15,000",8000.5,False,SELF,20002231,https://disclosures-clerk.house.gov/public_disc/ptr-pdfs/2014/20002231.pdf,5b59123ede744f4106faa3d1bbe636a4fde7162b59c705d6dfcc7b886b52f2ea,0
C001101,Katherine M. Clark,house,Democrat,MA05,,False,2014-02-27,2014-12-19,NSC,Norfolk Southern Corporation,,Sale,"$1,001 - $15,000",8000.5,False,SELF,20002231,https://disclosures-clerk.house.gov/public_disc/ptr-pdfs/2014/20002231.pdf,30e7e7fd02eabb46e34cb522c1cad4851ee31e79cfb7a16b657f689c63213e16,0
C001101,Katherine M. Clark,house,Democrat,MA05,,False,2014-03-13,2014-12-19,NEE,"NextEra Energy, Inc.",,Purchase,"$1,001 - $15,000",8000.5,False,SELF,20002231,https://disclosures-clerk.house.gov/public_disc/ptr-pdfs/2014/20002231.pdf,a48683546b9d1e767fc85d077c6d311bdbf5156be39f688561ada9c5c27e48d2,0
C001101,Katherine M. Clark,house,Democrat,MA05,,False,2014-06-12,2014-12-19,NEE,"NextEra Energy, Inc.",,Sale,"$1,001 - $15,000",8000.5,False,SELF,20002231,https://disclosures-clerk.house.gov/public_disc/ptr-pdfs/2014/20002231.pdf,c75a27267afe4d1c099cd49ce722322930bfab187cf328f00649ffc0850dd649,0
C001101,Katherine M. Clark,house,Democrat,MA05,,False,2014-07-22,2014-12-19,,NEWFIElD EXPl Co FIXED RT SR Sub,,Purchase,"$1,001 - $15,000",8000.5,False,SELF,20002231,https://disclosures-clerk.house.gov/public_disc/ptr-pdfs/2014/20002231.pdf,82cf4616cbe8fe197e68e82ef4727860edb1a736baaa4f0e6cc4ada87cb706b6,0
C001101,Katherine M. Clark,house,Democrat,MA05,,False,2014-05-07,2014-12-19,,NEuSTaR INC gTD FXD RT,,Purchase,"$1,001 - $15,000",8000.5,False,SELF,20002231,https://disclosures-clerk.house.gov/public_disc/ptr-pdfs/2014/20002231.pdf,fdd1644bf74cde27647dd648a8b830a57bd982b505297af395a46b4e599d9ecb,0
C001101,Katherine M. Clark,house,Democrat,MA05,,False,2014-06-16,2014-12-19,,NETaPP INC SR NT,,Purchase,"$1,001 - $15,000",8000.5,False,SELF,20002231,https://disclosures-clerk.house.gov/public_disc/ptr-pdfs/2014/20002231.pdf,92043af084193666bb94f76da6a5feae98b40847a6e65a48e8ea743a72850de3,0
C001101,Katherine M. Clark,house,Democrat,MA05,,False,2014-05-15,2014-12-19,,MICRoSoFT CoRP FXD RT,,Sale,"$1,001 - $15,000",8000.5,False,SELF,20002231,https://disclosures-clerk.house.gov/public_disc/ptr-pdfs/2014/20002231.pdf,8983a04fbb1d1751963d97dfb386e24cb60ed1a5895aa5eb14f89fd2a87b3729,0
C001101,Katherine M. Clark,house,Democrat,MA05,,False,2014-06-25,2014-12-19,,MICRoSoFT CoRP FIXEDRT NT,,Purchase,"$1,001 - $15,000",8000.5,False,SELF,20002231,https://disclosures-clerk.house.gov/public_disc/ptr-pdfs/2014/20002231.pdf,ca24648596b4dbb71781b5759697685751138d6c013af312fe5c65f1ee5734a2,0
C001101,Katherine M. Clark,house,Democrat,MA05,,False,2014-01-23,2014-12-19,NSC,Norfolk Southern Corporation,,Purchase,"$1,001 - $15,000",8000.5,False,SELF,20002231,https://disclosures-clerk.house.gov/public_disc/ptr-pdfs/2014/20002231.pdf,fe4a6dfc9cef6c9a64337301eec4c83dc028597d374e4f61b3612f0082966bf2,0
C001101,Katherine M. Clark,house,Democrat,MA05,,False,2014-02-27,2014-12-19,,JPMoRgaN CHaSE & Co SR NT,,Purchase,"$1,001 - $15,000",8000.5,False,SELF,20002231,https://disclosures-clerk.house.gov/public_disc/ptr-pdfs/2014/20002231.pdf,b212b2fa34c2c7a7e42cca203862a8cf370975841942c34ce708c524c6e986fc,0
C001101,Katherine M. Clark,house,Democrat,MA05,,False,2014-04-03,2014-12-19,KRFT,"Kraft Foods group, Inc.",,Purchase,"$1,001 - $15,000",8000.5,False,SELF,20002231,https://disclosures-clerk.house.gov/public_disc/ptr-pdfs/2014/20002231.pdf,31a66d2f2af54b297aa44f51e81dc5a87eccaab6acb214d22137709083efc6b1,0
C001101,Katherine M. Clark,house,Democrat,MA05,,False,2014-02-20,2014-12-19,HD,"Home Depot, Inc.",,Sale,"$1,001 - $15,000",8000.5,False,SELF,20002231,https://disclosures-clerk.house.gov/public_disc/ptr-pdfs/2014/20002231.pdf,2bb6397d3dd1a8f91c229c6b97e76107b6a270e180ec8d1bedfaa181254f7027,0
C001101,Katherine M. Clark,house,Democrat,MA05,,False,2014-10-28,2014-12-19,INTC,Intel Corporation,,Purchase,"$1,001 - $15,000",8000.5,False,SELF,20002231,https://disclosures-clerk.house.gov/public_disc/ptr-pdfs/2014/20002231.pdf,984a7bd7b0863ef6b11b39021baba7d617e10a81082530d362322d774602a251,0
C001101,Katherine M. Clark,house,Democrat,MA05,,False,2014-04-03,2014-12-19,INTC,Intel Corporation,,Purchase,"$15,001 - $50,000",32500.5,False,SELF,20002231,https://disclosures-clerk.house.gov/public_disc/ptr-pdfs/2014/20002231.pdf,bd913e56c90f0519ae45df8ba1c2eeea4d5d2c7ce3f007c96da7f3c9b87de66b,0
C001101,Katherine M. Clark,house,Democrat,MA05,,False,2014-01-24,2014-12-19,,ICaHN ENTERPRISES l P / ICaHN,,Purchase,"$1,001 - $15,000",8000.5,False,SELF,20002231,https://disclosures-clerk.house.gov/public_disc/ptr-pdfs/2014/20002231.pdf,dc6d1d44645cb2a785817bd40dda20a2b6a33c3eb51d7aab96b9bee8d0bf14b9,0
C001101,Katherine M. Clark,house,Democrat,MA05,,False,2014-11-18,2014-12-19,,HuNTINgToN INgallS INDS INC,,Sale,"$1,001 - $15,000",8000.5,False,SELF,20002231,https://disclosures-clerk.house.gov/public_disc/ptr-pdfs/2014/20002231.pdf,a2a872d2525a87dffcffbc4e90ba12037167042fe323f53eaf55fc7fc4ff1cdf,0
C001101,Katherine M. Clark,house,Democrat,MA05,,False,2014-09-10,2014-12-19,,HuNTINgToN INgallS INDS INC,,Purchase,"$1,001 - $15,000",8000.5,False,SELF,20002231,https://disclosures-clerk.house.gov/public_disc/ptr-pdfs/2014/20002231.pdf,7f5e05e5e385876157d6d460cb394fa379cdafbb9aaf27fd90747e89e9e2107a,0
C001101,Katherine M. Clark,house,Democrat,MA05,,False,2014-08-26,2014-12-19,HD,"Home Depot, Inc.",,Purchase,"$1,001 - $15,000",8000.5,False,SELF,20002231,https://disclosures-clerk.house.gov/public_disc/ptr-pdfs/2014/20002231.pdf,053a2984eec44165aa4040e0a628436b21ad8eea628ce9b5665700f0b5ae35d9,0
C001101,Katherine M. Clark,house,Democrat,MA05,,False,2014-09-26,2014-12-19,HD,"Home Depot, Inc.",,Purchase,"$1,001 - $15,000",8000.5,False,SELF,20002231,https://disclosures-clerk.house.gov/public_disc/ptr-pdfs/2014/20002231.pdf,55a73888bf76ae59a02eed20208ea67a30540fc7a89eeabbec6dad2975a2a3f9,0
C001101,Katherine M. Clark,house,Democrat,MA05,,False,2014-10-15,2014-12-19,HD,"Home Depot, Inc.",,Sale,"$1,001 - $15,000",8000.5,False,SELF,20002231,https://disclosures-clerk.house.gov/public_disc/ptr-pdfs/2014/20002231.pdf,ad6462d148efe01a229dce2e6fb41ac3d003415dd08a220fa263c4277fe9196f,0
C001101,Katherine M. Clark,house,Democrat,MA05,,False,2014-03-26,2014-12-19,HPQ,Hewlett-Packard Company,,Purchase,"$1,001 - $15,000",8000.5,False,SELF,20002231,https://disclosures-clerk.house.gov/public_disc/ptr-pdfs/2014/20002231.pdf,445f1ce369491e5243a81de8f9154e36439e8bc68dbde8c6f325ed77d770864f,0
C001101,Katherine M. Clark,house,Democrat,MA05,,False,2014-05-29,2014-12-19,,International business Machines,,Sale,"$1,001 - $15,000",8000.5,False,SELF,20002231,https://disclosures-clerk.house.gov/public_disc/ptr-pdfs/2014/20002231.pdf,d754d11c0b199cadeedcd10da5abbb70930809a59835b4d95a9e8f0bd83ac3d7,0
C001101,Katherine M. Clark,house,Democrat,MA05,,False,2014-03-18,2014-12-19,HPQ,Hewlett-Packard Company,,Purchase,"$1,001 - $15,000",8000.5,False,SELF,20002231,https://disclosures-clerk.house.gov/public_disc/ptr-pdfs/2014/20002231.pdf,ace3851e3cd892eccfd4501fd9be8b35ec79cf4b36497ea5c67271adee419a8b,0
C001101,Katherine M. Clark,house,Democrat,MA05,,False,2014-04-28,2014-12-19,HPQ,Hewlett-Packard Company,,Purchase,"$1,001 - $15,000",8000.5,False,SELF,20002231,https://disclosures-clerk.house.gov/public_disc/ptr-pdfs/2014/20002231.pdf,1ee7368e2ef56c1edde93a9154bc8d751f5a7e0a4bfe0da9f255bd9dad63777c,0
C001101,Katherine M. Clark,house,Democrat,MA05,,False,2014-10-15,2014-12-19,HPQ,Hewlett-Packard Company,,Purchase,"$1,001 - $15,000",8000.5,False,SELF,20002231,https://disclosures-clerk.house.gov/public_disc/ptr-pdfs/2014/20002231.pdf,1a09b9c876f64a00e423498dc3941fbf9fb08afa9fcc2141e479d9b9d93a5490,0
C001101,Katherine M. Clark,house,Democrat,MA05,,False,2014-10-16,2014-12-19,HP,"Helmerich & Payne, Inc.",,Purchase,"$1,001 - $15,000",8000.5,False,SELF,20002231,https://disclosures-clerk.house.gov/public_disc/ptr-pdfs/2014/20002231.pdf,73d7d8630321de6c5aa28c0aebf5d56f880338c29d1d38667c4e85d65d8ff5d8,0
C001101,Katherine M. Clark,house,Democrat,MA05,,False,2014-05-06,2014-12-19,,HEalTHSouTH CoRP SR NT,,Purchase,"$1,001 - $15,000",8000.5,False,SELF,20002231,https://disclosures-clerk.house.gov/public_disc/ptr-pdfs/2014/20002231.pdf,81a8afa68ceeea3e89df3f29ccd3c381508a560785d7862ba0133268ce9b4566,0
C001101,Katherine M. Clark,house,Democrat,MA05,,False,2014-05-19,2014-12-19,,HaWK aCQuISITIoN SubINC gTD SR,,Purchase,"$1,001 - $15,000",8000.5,False,SELF,20002231,https://disclosures-clerk.house.gov/public_disc/ptr-pdfs/2014/20002231.pdf,985e8ede3ae1330f23aed6ba98ea47d0274b65733a70cf7b0afa0219ad7c5e20,0
C001101,Katherine M. Clark,house,Democrat,MA05,,False,2014-11-13,2014-12-19,HYH,"Halyard Health, Inc.",,Sale,"$1,001 - $15,000",8000.5,False,SELF,20002231,https://disclosures-clerk.house.gov/public_disc/ptr-pdfs/2014/20002231.pdf,05bcf23abb6c62efba69630703440c7a49c32d6860f9feac29b0b138530bc23a,0
C001101,Katherine M. Clark,house,Democrat,MA05,,False,2014-01-23,2014-12-19,GE,general Electric Company,,Sale,"$1,001 - $15,000",8000.5,False,SELF,20002231,https://disclosures-clerk.house.gov/public_disc/ptr-pdfs/2014/20002231.pdf,a617b83d293941f4c724f68eb3f68e75917bb58f4dc56a1e67a9e0a739bf3352,0
C001101,Katherine M. Clark,house,Democrat,MA05,,False,2014-10-15,2014-12-19,INTC,Intel Corporation,,Sale,"$1,001 - $15,000",8000.5,False,SELF,20002231,https://disclosures-clerk.house.gov/public_disc/ptr-pdfs/2014/20002231.pdf,c4bdd5416c31750c2ccf62a0e807cd8f32459f7c19a8bdad6ed292f0d4cb8e3f,0
C001101,Katherine M. Clark,house,Democrat,MA05,,False,2014-05-23,2014-12-19,,International business Machines,,Sale,"$1,001 - $15,000",8000.5,False,SELF,20002231,https://disclosures-clerk.house.gov/public_disc/ptr-pdfs/2014/20002231.pdf,12efb0bcfb3e698cd39a391899b6b73ea6e129fd78b7b4a411e6716c90a87242,0
C001101,Katherine M. Clark,house,Democrat,MA05,,False,2014-03-13,2014-12-19,KLAC,Kla-Tencor Corporation,,Purchase,"$1,001 - $15,000",8000.5,False,SELF,20002231,https://disclosures-clerk.house.gov/public_disc/ptr-pdfs/2014/20002231.pdf,36100224ccfc9f36edba3c77ec5ec3b1202ba43f7214c9ebb467bc603aa471e7,0
C001101,Katherine M. Clark,house,Democrat,MA05,,False,2014-03-13,2014-12-19,KMB,Kimberly-Clark Corporation,,Purchase,"$1,001 - $15,000",8000.5,False,SELF,20002231,https://disclosures-clerk.house.gov/public_disc/ptr-pdfs/2014/20002231.pdf,a0911f3cfc84f8c8e2b574ff5f4da4c305e434cf504b1f4996c7d5487482a8d5,0
C001101,Katherine M. Clark,house,Democrat,MA05,,False,2014-02-05,2014-12-19,KLAC,Kla-Tencor Corporation,,Purchase,"$1,001 - $15,000",8000.5,False,SELF,20002231,https://disclosures-clerk.house.gov/public_disc/ptr-pdfs/2014/20002231.pdf,40ef0fb84e4997aa0ec293b0a1f9a2d8a5457aced4e563a50879913b70ba6303,0
C001101,Katherine M. Clark,house,Democrat,MA05,,False,2014-04-28,2014-12-19,KLAC,Kla-Tencor Corporation,,Sale,"$1,001 - $15,000",8000.5,False,SELF,20002231,https://disclosures-clerk.house.gov/public_disc/ptr-pdfs/2014/20002231.pdf,f2e39c0ba7751f5a6b54916bb242eaf6e0a4d7b124b3bd4018508e71e5dcc35d,0
C001101,Katherine M. Clark,house,Democrat,MA05,,False,2014-05-13,2014-12-19,KLAC,Kla-Tencor Corporation,,Sale,"$1,001 - $15,000",8000.5,False,SELF,20002231,https://disclosures-clerk.house.gov/public_disc/ptr-pdfs/2014/20002231.pdf,eb8f8498cf489acd9e4e51bb3fd2a0e83fd9ec6f9ae2959ee4bad0847b5e4afc,0
C001101,Katherine M. Clark,house,Democrat,MA05,,False,2014-06-09,2014-12-19,KLAC,Kla-Tencor Corporation,,Purchase,"$1,001 - $15,000",8000.5,False,SELF,20002231,https://disclosures-clerk.house.gov/public_disc/ptr-pdfs/2014/20002231.pdf,9d52aa859efa9a240759880e278d46d0d52587e2842b1f819fa7ce21dfbeb5bd,0
C001101,Katherine M. Clark,house,Democrat,MA05,,False,2014-09-18,2014-12-19,KLAC,Kla-Tencor Corporation,,Sale,"$1,001 - $15,000",8000.5,False,SELF,20002231,https://disclosures-clerk.house.gov/public_disc/ptr-pdfs/2014/20002231.pdf,44ce0b71ba603af092d744ef84a0b9c7b1272cb676364a329aa7fe93ee5c6d09,0
C001101,Katherine M. Clark,house,Democrat,MA05,,False,2014-10-10,2014-12-19,KLAC,Kla-Tencor Corporation,,Sale,"$1,001 - $15,000",8000.5,False,SELF,20002231,https://disclosures-clerk.house.gov/public_disc/ptr-pdfs/2014/20002231.pdf,ccb33b2074fac6dc85ee3b74602b432c18a5b60e17a6cade00bfcce6ea8e4a4f,0
C001101,Katherine M. Clark,house,Democrat,MA05,,False,2014-10-15,2014-12-19,KMB,Kimberly-Clark Corporation,,Purchase,"$1,001 - $15,000",8000.5,False,SELF,20002231,https://disclosures-clerk.house.gov/public_disc/ptr-pdfs/2014/20002231.pdf,f3ed108eba6c38c2aaa5d3c1b12240c25f74e805f93eef915d8a756da39c9a95,0
C001101,Katherine M. Clark,house,Democrat,MA05,,False,2014-07-22,2014-12-19,KMB,Kimberly-Clark Corporation,,Sale,"$1,001 - $15,000",8000.5,False,SELF,20002231,https://disclosures-clerk.house.gov/public_disc/ptr-pdfs/2014/20002231.pdf,b7afbc95358e03f7957072f98774a30b804cdf333aaebf5d36e80cb40f053745,0
C001101,Katherine M. Clark,house,Democrat,MA05,,False,2014-02-05,2014-12-19,KMB,Kimberly-Clark Corporation,,Purchase,"$1,001 - $15,000",8000.5,False,SELF,20002231,https://disclosures-clerk.house.gov/public_disc/ptr-pdfs/2014/20002231.pdf,752510ded4902be809e8e54676e5f497597f5112f52b5cb001d37a63097b176c,0
C001101,Katherine M. Clark,house,Democrat,MA05,,False,2014-01-10,2014-12-19,JNJ,Johnson & Johnson,,Purchase,"$1,001 - $15,000",8000.5,False,SELF,20002231,https://disclosures-clerk.house.gov/public_disc/ptr-pdfs/2014/20002231.pdf,42db409b5bfbb688992f2583e4df273dc996db8d4ae675298d9d241169e4ff92,0
C001101,Katherine M. Clark,house,Democrat,MA05,,False,2014-01-02,2014-12-19,,Kb HoME SR NT 7.500%,,Purchase,"$1,001 - $15,000",8000.5,False,SELF,20002231,https://disclosures-clerk.house.gov/public_disc/ptr-pdfs/2014/20002231.pdf,ea113885a73f816843955340a010cc23d0cca9877e3a3fdc878b4cead34e4756,0
C001101,Katherine M. Clark,house,Democrat,MA05,,False,2014-07-02,2014-12-19,PSX,Phillips 66,,Sale,"$1,001 - $15,000",8000.5,False,SELF,20002231,https://disclosures-clerk.house.gov/public_disc/ptr-pdfs/2014/20002231.pdf,e796e3fbd292f0466c6db203fd690969380255bc4d878db30676d36baba26aed,0
C001101,Katherine M. Clark,house,Democrat,MA05,,False,2014-09-18,2014-12-19,JPM,JP Morgan Chase & Co.,,Purchase,"$1,001 - $15,000",8000.5,False,SELF,20002231,https://disclosures-clerk.house.gov/public_disc/ptr-pdfs/2014/20002231.pdf,e16c7e8e650581a43310e9e8e3019379b64adb5c4db336fc9c6d0f9c4f41f782,0
C001101,Katherine M. Clark,house,Democrat,MA05,,False,2014-02-27,2014-12-19,JPM,JP Morgan Chase & Co.,,Sale,"$1,001 - $15,000",8000.5,False,SELF,20002231,https://disclosures-clerk.house.gov/public_disc/ptr-pdfs/2014/20002231.pdf,f770bf6fa4f94315a7643a6d49dbce1932dcfa06bd59052009c0da566fc1adb1,0
C001101,Katherine M. Clark,house,Democrat,MA05,,False,2014-05-23,2014-12-19,JPM,JP Morgan Chase & Co.,,Sale,"$1,001 - $15,000",8000.5,False,SELF,20002231,https://disclosures-clerk.house.gov/public_disc/ptr-pdfs/2014/20002231.pdf,52da30e0f95f0db0d29ede04256d22676fc34099fcc26d2e4123838c018f1b18,0
C001101,Katherine M. Clark,house,Democrat,MA05,,False,2014-04-28,2014-12-19,JCI,"Johnson Controls, Inc.",,Sale,"$1,001 - $15,000",8000.5,False,SELF,20002231,https://disclosures-clerk.house.gov/public_disc/ptr-pdfs/2014/20002231.pdf,8d5cfba6a6e8390db6b53dcfee608bc23292180b7d3e4832ca91a48501b2422a,0
C001101,Katherine M. Clark,house,Democrat,MA05,,False,2014-05-05,2014-12-19,JCI,"Johnson Controls, Inc.",,Sale,"$1,001 - $15,000",8000.5,False,SELF,20002231,https://disclosures-clerk.house.gov/public_disc/ptr-pdfs/2014/20002231.pdf,eabd61df8b48d5831eb770262058568b8fdbccf239bbfa74a140fd490f50abe8,0
C001101,Katherine M. Clark,house,Democrat,MA05,,False,2014-03-13,2014-12-19,JCI,"Johnson Controls, Inc.",,Sale,"$1,001 - $15,000",8000.5,False,SELF,20002231,https://disclosures-clerk.house.gov/public_disc/ptr-pdfs/2014/20002231.pdf,358504678364f9b5b03a267052292573fdc42b03b5c4378eaeb8f6cfd4f4c1e9,0
C001101,Katherine M. Clark,house,Democrat,MA05,,False,2014-09-26,2014-12-19,PM,Philip Morris International Inc,,Sale,"$1,001 - $15,000",8000.5,False,SELF,20002231,https://disclosures-clerk.house.gov/public_disc/ptr-pdfs/2014/20002231.pdf,594077d7f161043165f532157c43ff158bd66b6c4b15803435f4c50b1191b451,0
C001101,Katherine M. Clark,house,Democrat,MA05,,False,2014-10-09,2014-12-19,SPG,"Simon Property group, Inc.",,Purchase,"$1,001 - $15,000",8000.5,False,SELF,20002231,https://disclosures-clerk.house.gov/public_disc/ptr-pdfs/2014/20002231.pdf,fb840c6acadb3e32d1f4eb6178eb862a410d604f9dd9524596cb21fb16bcf615,0
C001101,Katherine M. Clark,house,Democrat,MA05,,False,2014-07-08,2014-12-19,PSX,Phillips 66,,Sale,"$1,001 - $15,000",8000.5,False,SELF,20002231,https://disclosures-clerk.house.gov/public_disc/ptr-pdfs/2014/20002231.pdf,323b0af3a031f135208e7703dd4d58d9d4bfc1a030f722f7acb0e8052c993da1,0
C001101,Katherine M. Clark,house,Democrat,MA05,,False,2014-06-12,2014-12-19,WEC,Wisconsin Energy Corporation,,Sale,"$1,001 - $15,000",8000.5,False,SELF,20002231,https://disclosures-clerk.house.gov/public_disc/ptr-pdfs/2014/20002231.pdf,43d9a674b4c041a06368e96279f2ac223c19d63e27e39a711e253ee80d7f1041,0
C001101,Katherine M. Clark,house,Democrat,MA05,,False,2014-03-13,2014-12-19,WEC,Wisconsin Energy Corporation,,Purchase,"$1,001 - $15,000",8000.5,False,SELF,20002231,https://disclosures-clerk.house.gov/public_disc/ptr-pdfs/2014/20002231.pdf,8652adfc52d5f8266ba44bb4070a1b2b5de55e0b945b0e3a93108cb641925e9d,0
C001101,Katherine M. Clark,house,Democrat,MA05,,False,2014-03-05,2014-12-19,,WIllIaMS CoS INC SR NT,,Purchase,"$1,001 - $15,000",8000.5,False,SELF,20002231,https://disclosures-clerk.house.gov/public_disc/ptr-pdfs/2014/20002231.pdf,12aa754a2d3171111a598e568601bf4345aeb61abe422e76ebe65c5b26dbe69a,0
C001101,Katherine M. Clark,house,Democrat,MA05,,False,2014-07-30,2014-12-19,WMB,"Williams Companies, Inc.",,Sale,"$1,001 - $15,000",8000.5,False,SELF,20002231,https://disclosures-clerk.house.gov/public_disc/ptr-pdfs/2014/20002231.pdf,1f8254b76e91b285c452319d2f37bbc5d0abc27fc207e4183c651147b26652db,0
C001101,Katherine M. Clark,house,Democrat,MA05,,False,2014-02-27,2014-12-19,,WEllS FaRgo & Co NEWMEDIuM,,Purchase,"$1,001 - $15,000",8000.5,False,SELF,20002231,https://disclosures-clerk.house.gov/public_disc/ptr-pdfs/2014/20002231.pdf,967218a935799356117d4115c8e9f95e684e389e3f91061c86f1bf9131e02caa,0
C001101,Katherine M. Clark,house,Democrat,MA05,,False,2014-06-12,2014-12-19,WLP,"WellPoint, Inc.",,Purchase,"$1,001 - $15,000",8000.5,False,SELF,20002231,https://disclosures-clerk.house.gov/public_disc/ptr-pdfs/2014/20002231.pdf,2dad5bd099cfdc6e7731dbceb80b0b328d43acdabc067ef4225561eaa2ec1706,0
C001101,Katherine M. Clark,house,Democrat,MA05,,False,2014-08-14,2014-12-19,WLP,"WellPoint, Inc.",,Purchase,"$1,001 - $15,000",8000.5,False,SELF,20002231,https://disclosures-clerk.house.gov/public_disc/ptr-pdfs/2014/20002231.pdf,160498ed55687cd3335694497320b6917c17321b5540d89f93e12a0deb1f2660,0
C001101,Katherine M. Clark,house,Democrat,MA05,,False,2014-05-05,2014-12-19,WLP,"WellPoint, Inc.",,Purchase,"$1,001 - $15,000",8000.5,False,SELF,20002231,https://disclosures-clerk.house.gov/public_disc/ptr-pdfs/2014/20002231.pdf,ee8abe297f2084c70e98c39c1e6325fc9833e15bd00ab7bf62a08e6e99674844,0
C001101,Katherine M. Clark,house,Democrat,MA05,,False,2014-09-12,2014-12-19,,WEllCaRE gRouP INC FXD RT SR,,Purchase,"$1,001 - $15,000",8000.5,False,SELF,20002231,https://disclosures-clerk.house.gov/public_disc/ptr-pdfs/2014/20002231.pdf,4f31e92bd06bfe016bc92709e15cf97b56458fe2937dc24e6eef1fbcdab50355,0
C001101,Katherine M. Clark,house,Democrat,MA05,,False,2014-06-05,2014-12-19,WPG,Washington Prime group Inc.,,Sale,"$1,001 - $15,000",8000.5,False,SELF,20002231,https://disclosures-clerk.house.gov/public_disc/ptr-pdfs/2014/20002231.pdf,2141f09e6bcc892c7085ded55f1dfe7937fe832288d15fc71da3e9bec684f4af,0
C001101,Katherine M. Clark,house,Democrat,MA05,,False,2014-09-05,2014-12-19,DIS,Walt Disney Company,,Sale,"$1,001 - $15,000",8000.5,False,SELF,20002231,https://disclosures-clerk.house.gov/public_disc/ptr-pdfs/2014/20002231.pdf,a97d4f45396ca3b78317ece38e7332fae2ec892bec2a4d6d7a2fb2f4a31bb31c,0
C001101,Katherine M. Clark,house,Democrat,MA05,,False,2014-09-05,2014-12-19,DIS,Walt Disney Company,,Purchase,"$1,001 - $15,000",8000.5,False,SELF,20002231,https://disclosures-clerk.house.gov/public_disc/ptr-pdfs/2014/20002231.pdf,6b06b67c8c2d095863b43671fdf7eda42d103533c97af2a538ef6b0a55c06d1d,0
C001101,Katherine M. Clark,house,Democrat,MA05,,False,2014-07-22,2014-12-19,VZ,Verizon Communications Inc.,,Purchase,"$1,001 - $15,000",8000.5,False,SELF,20002231,https://disclosures-clerk.house.gov/public_disc/ptr-pdfs/2014/20002231.pdf,5c9f76d1c35c00824955baa24c83d306f060eeec8c1f0287b1f7079d517febcb,0
C001101,Katherine M. Clark,house,Democrat,MA05,,False,2014-10-28,2014-12-19,VZ,Verizon Communications Inc.,,Purchase,"$1,001 - $15,000",8000.5,False,SELF,20002231,https://disclosures-clerk.house.gov/public_disc/ptr-pdfs/2014/20002231.pdf,552b3068d7c2e3db85a8daf22d9cce933a594186669a5cc6459f586ce1db583e,0
C001101,Katherine M. Clark,house,Democrat,MA05,,False,2014-08-25,2014-12-19,VZ,Verizon Communications Inc.,,Sale,"$1,001 - $15,000",8000.5,False,SELF,20002231,https://disclosures-clerk.house.gov/public_disc/ptr-pdfs/2014/20002231.pdf,40e0c8ad1d9916845845054c0e15b43f33971a8c45cc1a3e68384ec788182802,0
C001101,Katherine M. Clark,house,Democrat,MA05,,False,2014-10-02,2014-12-19,VTR,"Ventas, Inc.",,Purchase,"$1,001 - $15,000",8000.5,False,SELF,20002231,https://disclosures-clerk.house.gov/public_disc/ptr-pdfs/2014/20002231.pdf,54bf9967b89e9b175e38b3074c15bc483ad00aa805f02d6ba33f3c0757114c42,0
C001101,Katherine M. Clark,house,Democrat,MA05,,False,2014-06-12,2014-12-19,VTR,"Ventas, Inc.",,Sale,"$1,001 - $15,000",8000.5,False,SELF,20002231,https://disclosures-clerk.house.gov/public_disc/ptr-pdfs/2014/20002231.pdf,a6ba520e8104660112353285484b180c388ff201068cda66f97dd0741e153319,0
C001101,Katherine M. Clark,house,Democrat,MA05,,False,2014-02-27,2014-12-19,VTR,"Ventas, Inc.",,Purchase,"$1,001 - $15,000",8000.5,False,SELF,20002231,https://disclosures-clerk.house.gov/public_disc/ptr-pdfs/2014/20002231.pdf,1a079dea1fa7046285e8f987bbf7c7eb5ee9264f9d42feeefaa89c37652651de,0
C001101,Katherine M. Clark,house,Democrat,MA05,,False,2014-02-20,2014-12-19,WEC,Wisconsin Energy Corporation,,Purchase,"$15,001 - $50,000",32500.5,False,SELF,20002231,https://disclosures-clerk.house.gov/public_disc/ptr-pdfs/2014/20002231.pdf,14c6754cff5580dd7d08a3820f3781347b4965410b8b9a100694746cb7b4517e,0
C001101,Katherine M. Clark,house,Democrat,MA05,,False,2014-05-09,2014-12-19,WEC,Wisconsin Energy Corporation,,Sale,"$1,001 - $15,000",8000.5,False,SELF,20002231,https://disclosures-clerk.house.gov/public_disc/ptr-pdfs/2014/20002231.pdf,605ad195dff5b85f3b6bccb74ddca42847d8ab2efae04b2ebd1f9fc81a1bcbde,0
C001101,Katherine M. Clark,house,Democrat,MA05,,False,2014-04-15,2014-12-19,VTR,"Ventas, Inc.",,Purchase,"$1,001 - $15,000",8000.5,False,SELF,20002231,https://disclosures-clerk.house.gov/public_disc/ptr-pdfs/2014/20002231.pdf,9a8567aa0bbeef4a36c73bbe18cbc5e4ac48f3dff7320c204ae3a665b1448da3,0
C001101,Katherine M. Clark,house,Democrat,MA05,,False,2014-06-24,2014-12-19,,ZIoNS baNCoRPoRaTIoNSub NT,,Purchase,"$1,001 - $15,000",8000.5,False,SELF,20002231,https://disclosures-clerk.house.gov/public_disc/ptr-pdfs/2014/20002231.pdf,06cf4b13dacb1fb632250892f3135637d8f55b388efa4b4e572a08106da3683e,0
C001101,Katherine M. Clark,house,Democrat,MA05,,False,2014-11-24,2014-12-19,VZ,Verizon Communications Inc.,,Sale,"$1,001 - $15,000",8000.5,False,SELF,20002247,https://disclosures-clerk.house.gov/public_disc/ptr-pdfs/2014/20002247.pdf,3161c3ac416ae3197cddeb6a11b60abb984ca20a0d058e93707982a4dde3f788,0
C001101,Katherine M. Clark,house,Democrat,MA05,,False,2014-11-24,2014-12-19,INTC,Intel Corporation,,Purchase,"$1,001 - $15,000",8000.5,False,SELF,20002247,https://disclosures-clerk.house.gov/public_disc/ptr-pdfs/2014/20002247.pdf,db0f7c7c8757bdd835122570e4554f78d40391c190f666b1c762c5a1d8ebc2ad,0
C001101,Katherine M. Clark,house,Democrat,MA05,,False,2014-09-17,2014-12-19,PNC,"PNC Financial Services group, Inc.",,Purchase,"$1,001 - $15,000",8000.5,False,SELF,20002231,https://disclosures-clerk.house.gov/public_disc/ptr-pdfs/2014/20002231.pdf,f45b281d7aa155a389c7af6c062b1c3677b4ab019c35b2b541580debb71890ad,1
C001101,Katherine M. Clark,house,Democrat,MA05,,False,2014-10-28,2014-12-19,MRK,"Merck & Company, Inc. Common Stock",,Sale,"$1,001 - $15,000",8000.5,False,SELF,20002231,https://disclosures-clerk.house.gov/public_disc/ptr-pdfs/2014/20002231.pdf,5b59123ede744f4106faa3d1bbe636a4fde7162b59c705d6dfcc7b886b52f2ea,1
C001101,Katherine M. Clark,house,Democrat,MA05,,False,2014-08-26,2014-12-19,MRK,"Merck & Company, Inc. Common Stock",,Purchase,"$1,001 - $15,000",8000.5,False,SELF,20002231,https://disclosures-clerk.house.gov/public_disc/ptr-pdfs/2014/20002231.pdf,a5852fc1109f01e65fc3f9de355e2b3f2ceea07a60643ecc05c2fff7244edc9b,1
C001101,Katherine M. Clark,house,Democrat,MA05,,False,2014-08-14,2014-12-19,MRK,"Merck & Company, Inc. Common Stock",,Purchase,"$1,001 - $15,000",8000.5,False,SELF,20002231,https://disclosures-clerk.house.gov/public_disc/ptr-pdfs/2014/20002231.pdf,110de0f6e920b66b0f6563a81152995dae97c750bcad061ff098e59f34962a3f,1
C001101,Katherine M. Clark,house,Democrat,MA05,,False,2014-02-27,2014-12-19,MRK,"Merck & Company, Inc. Common Stock",,Purchase,"$1,001 - $15,000",8000.5,False,SELF,20002231,https://disclosures-clerk.house.gov/public_disc/ptr-pdfs/2014/20002231.pdf,41c5b63a5d32bdfeb33fbc34eb3b31d2e740942acac568b1ec320fa3ea729dc7,1
C001101,Katherine M. Clark,house,Democrat,MA05,,False,2014-01-23,2014-12-19,MRK,"Merck & Company, Inc. Common Stock",,Purchase,"$1,001 - $15,000",8000.5,False,SELF,20002231,https://disclosures-clerk.house.gov/public_disc/ptr-pdfs/2014/20002231.pdf,bb3498c49664201f0ba09b9b32545356e11ef3daab39d0af07edee685dfe664b,1
C001101,Katherine M. Clark,house,Democrat,MA05,,False,2014-10-27,2014-12-19,LYB,lyondellbasell Industries NV ordinary Shares Class a,,Sale,"$1,001 - $15,000",8000.5,False,SELF,20002231,https://disclosures-clerk.house.gov/public_disc/ptr-pdfs/2014/20002231.pdf,028771390ad0b9899794b4e4120ce71e969b74b96fd0f082235ecf31a358b99e,0
C001101,Katherine M. Clark,house,Democrat,MA05,,False,2014-05-06,2014-12-19,LYB,lyondellbasell Industries NV ordinary Shares Class a,,Purchase,"$1,001 - $15,000",8000.5,False,SELF,20002231,https://disclosures-clerk.house.gov/public_disc/ptr-pdfs/2014/20002231.pdf,8c3ac84f0cfb331f79f10e5af78faf2813ab71f975ab18971aecf80675851d7f,0
C001101,Katherine M. Clark,house,Democrat,MA05,,False,2014-03-13,2014-12-19,LYB,lyondellbasell Industries NV ordinary Shares Class a,,Purchase,"$1,001 - $15,000",8000.5,False,SELF,20002231,https://disclosures-clerk.house.gov/public_disc/ptr-pdfs/2014/20002231.pdf,744fca6606889668ea8e5d79dac2afdc620bc27748205b2b9b339da665710b9c,0
C001101,Katherine M. Clark,house,Democrat,MA05,,False,2014-05-23,2014-12-19,IBM,International business Machines Corporation,,Sale,"$1,001 - $15,000",8000.5,False,SELF,20002231,https://disclosures-clerk.house.gov/public_disc/ptr-pdfs/2014/20002231.pdf,56fe0c00dac932ec60c14224debe1684cb5520d2a32be3e9294087373dad3433,0
C001101,Katherine M. Clark,house,Democrat,MA05,,False,2014-05-29,2014-12-19,IBM,International business Machines Corporation,,Sale,"$1,001 - $15,000",8000.5,False,SELF,20002231,https://disclosures-clerk.house.gov/public_disc/ptr-pdfs/2014/20002231.pdf,d30db499c8693c168c9e917dbb3a4342ae5a3e5979c9145cd519d97cbd0e38b2,0
C001101,Katherine M. Clark,house,Democrat,MA05,,False,2014-02-05,2014-12-19,ETN,"Eaton Corporation, PlC ordinary Shares",,Sale,"$1,001 - $15,000",8000.5,False,SELF,20002231,https://disclosures-clerk.house.gov/public_disc/ptr-pdfs/2014/20002231.pdf,6888af349001902d985b64a7b2ea6649aef40cc7e30e614a1bcb48c217beea0d,1
C001101,Katherine M. Clark,house,Democrat,MA05,,False,2014-07-30,2014-12-19,ETN,"Eaton Corporation, PlC ordinary Shares",,Sale,"$1,001 - $15,000",8000.5,False,SELF,20002231,https://disclosures-clerk.house.gov/public_disc/ptr-pdfs/2014/20002231.pdf,c4f31e637fc4d6b2f3e915f070515d470742cadb7ab6be9049f724897f90efd7,1
C001101,Katherine M. Clark,house,Democrat,MA05,,False,2014-04-03,2014-12-19,ACN,accenture plc. Class a ordinary Shares,,Sale,"$1,001 - $15,000",8000.5,False,SELF,20002231,https://disclosures-clerk.house.gov/public_disc/ptr-pdfs/2014/20002231.pdf,2c895f2973673c16d48d32c46b0f8a96f9d02c0485dccd5bd4ee889953ddb248,1
C001101,Katherine M. Clark,house,Democrat,MA05,,False,2014-09-17,2014-12-19,ACN,accenture plc. Class a ordinary Shares,,Sale,"$1,001 - $15,000",8000.5,False,SELF,20002231,https://disclosures-clerk.house.gov/public_disc/ptr-pdfs/2014/20002231.pdf,758d4a272d3bf0ef2011ae64261c4935a908d4e5ddaf81da017aebbdd760f741,1
C001101,Katherine M. Clark,house,Democrat,MA05,,False,2014-04-28,2014-12-19,VTR,"Ventas, Inc.",,Purchase,"$1,001 - $15,000",8000.5,False,SELF,20002231,https://disclosures-clerk.house.gov/public_disc/ptr-pdfs/2014/20002231.pdf,4e26081cb55225d90c58f13c63f0cacc4e304d427e9c98cc2b5ee9b480be35df,0
C001101,Katherine M. Clark,house,Democrat,MA05,,False,2014-03-26,2014-12-19,UPS,"united Parcel Service, Inc.",,Sale,"$1,001 - $15,000",8000.5,False,SELF,20002231,https://disclosures-clerk.house.gov/public_disc/ptr-pdfs/2014/20002231.pdf,58e4a137e1c3c30611cd9dc5c9e497efa8983fdd0871f8f49fb453be915379a5,0
C001101,Katherine M. Clark,house,Democrat,MA05,,False,2014-05-29,2014-12-19,PSX,Phillips 66,,Purchase,"$1,001 - $15,000",8000.5,False,SELF,20002231,https://disclosures-clerk.house.gov/public_disc/ptr-pdfs/2014/20002231.pdf,8b733af15062e8e9cf1f031baa0f8ceaa6e50e6eabf1c1f0343022b90045b6fd,0
C001101,Katherine M. Clark,house,Democrat,MA05,,False,2014-10-16,2014-12-19,SE,Spectra Energy Corp,,Purchase,"$1,001 - $15,000",8000.5,False,SELF,20002231,https://disclosures-clerk.house.gov/public_disc/ptr-pdfs/2014/20002231.pdf,6cab15a36c1ad828295b8764c0299d32c4d0d66923f63f8802baab6b79858b11,0
C001101,Katherine M. Clark,house,Democrat,MA05,,False,2014-04-15,2014-12-19,SPG,"Simon Property group, Inc.",,Purchase,"$1,001 - $15,000",8000.5,False,SELF,20002231,https://disclosures-clerk.house.gov/public_disc/ptr-pdfs/2014/20002231.pdf,9dcf84ff9e4e14d2e591945ce4cc6d55edec9eaf167ba08da5289af9f449242b,0
C001101,Katherine M. Clark,house,Democrat,MA05,,False,2014-05-23,2014-12-19,SPG,"Simon Property group, Inc.",,Purchase,"$1,001 - $15,000",8000.5,False,SELF,20002231,https://disclosures-clerk.house.gov/public_disc/ptr-pdfs/2014/20002231.pdf,8e73ece5962c4cca2dd52ba6482f77d09175758311bb6b30cdc9092ca395824a,0
C001101,Katherine M. Clark,house,Democrat,MA05,,False,2014-09-18,2014-12-19,SPG,"Simon Property group, Inc.",,Sale,"$1,001 - $15,000",8000.5,False,SELF,20002231,https://disclosures-clerk.house.gov/public_disc/ptr-pdfs/2014/20002231.pdf,0bfe4c07b6e9f4f2606509f84a8cb6a11060b09b8c42b326fbf04c2c2c380a1a,0
C001101,Katherine M. Clark,house,Democrat,MA05,,False,2014-03-13,2014-12-19,EMR,Emerson Electric Company,,Sale,"$1,001 - $15,000",8000.5,False,SELF,20002231,https://disclosures-clerk.house.gov/public_disc/ptr-pdfs/2014/20002231.pdf,196a4aadf9a53ff4bd9befcbf7c74bffc5c006fd2d92ffc9e3ba82aec49e8365,0
C001101,Katherine M. Clark,house,Democrat,MA05,,False,2014-10-15,2014-12-19,SPG,"Simon Property group, Inc.",,Purchase,"$1,001 - $15,000",8000.5,False,SELF,20002231,https://disclosures-clerk.house.gov/public_disc/ptr-pdfs/2014/20002231.pdf,37826d40b3303a0d144d9a00717bcdc33ff126e3771d8bb19eed2b650d1a2a9b,0
C001101,Katherine M. Clark,house,Democrat,MA05,,False,2014-10-12,2014-12-19,,SaNDRIDgE ENERgY INCgTD SR NT,,Purchase,"$1,001 - $15,000",8000.5,False,SELF,20002231,https://disclosures-clerk.house.gov/public_disc/ptr-pdfs/2014/20002231.pdf,22734b5be8b1bdb1397aad9eeb8e584643696addbabe1b2f6dbb1bbedb313722,0
C001101,Katherine M. Clark,house,Democrat,MA05,,False,2014-07-29,2014-12-19,,RoYal bK SCoTlaND gRouP PlC,,Purchase,"$1,001 - $15,000",8000.5,False,SELF,20002231,https://disclosures-clerk.house.gov/public_disc/ptr-pdfs/2014/20002231.pdf,8f586a8dfc3296427cee5b274cca969776ec39c0640f501cd16f71d96c36c199,0
C001101,Katherine M. Clark,house,Democrat,MA05,,False,2014-02-18,2014-12-19,,RENT a CTR INC NEW gTD FIXED RT,,Purchase,"$1,001 - $15,000",8000.5,False,SELF,20002231,https://disclosures-clerk.house.gov/public_disc/ptr-pdfs/2014/20002231.pdf,7a901a22f98c8132ddc9a9b2d0a400a697cb39a9f527c50a6fa9ce6a993f7b49,0
C001101,Katherine M. Clark,house,Democrat,MA05,,False,2014-05-15,2014-12-19,,RaDIaN gRouP INC SR NT,,Purchase,"$1,001 - $15,000",8000.5,False,SELF,20002231,https://disclosures-clerk.house.gov/public_disc/ptr-pdfs/2014/20002231.pdf,40175ea436e82b82a7f287e113db140e72b127a1ea9c89d3bee47451f806ead3,0
C001101,Katherine M. Clark,house,Democrat,MA05,,False,2014-03-13,2014-12-19,QCOM,QualCoMM Incorporated,,Purchase,"$1,001 - $15,000",8000.5,False,SELF,20002231,https://disclosures-clerk.house.gov/public_disc/ptr-pdfs/2014/20002231.pdf,ddea448563db971b0bd80936a9a4bd4af3c822045b7a9e724a63e2666b64bf58,0
C001101,Katherine M. Clark,house,Democrat,MA05,,False,2014-11-10,2014-12-19,QCOM,QualCoMM Incorporated,,Sale,"$1,001 - $15,000",8000.5,False,SELF,20002231,https://disclosures-clerk.house.gov/public_disc/ptr-pdfs/2014/20002231.pdf,a07afd2a139420e5dfb34621e6e8066b20c3bf81d744e478f3fc1252ef936afb,0
C001101,Katherine M. Clark,house,Democrat,MA05,,False,2014-07-30,2014-12-19,QCOM,QualCoMM Incorporated,,Sale,"$1,001 - $15,000",8000.5,False,SELF,20002231,https://disclosures-clerk.house.gov/public_disc/ptr-pdfs/2014/20002231.pdf,12d05cea4ff0b29262a1007bfd996d0860aaf05993a1f0668837b9e00a51961c,0
C001101,Katherine M. Clark,house,Democrat,MA05,,False,2014-08-25,2014-12-19,QCOM,QualCoMM Incorporated,,Sale,"$1,001 - $15,000",8000.5,False,SELF,20002231,https://disclosures-clerk.house.gov/public_disc/ptr-pdfs/2014/20002231.pdf,832a252e6b0b4879d742b4b95af959957091deef2f03466d98351ba311045aa8,0
C001101,Katherine M. Clark,house,Democrat,MA05,,False,2014-09-26,2014-12-19,PPG,"PPg Industries, Inc.",,Sale,"$1,001 - $15,000",8000.5,False,SELF,20002231,https://disclosures-clerk.house.gov/public_disc/ptr-pdfs/2014/20002231.pdf,568960148dcf5058eb3e58da6f73e204e24aa78055f525b963c006fd60fb1e43,0
C001101,Katherine M. Clark,house,Democrat,MA05,,False,2014-01-24,2014-12-19,,PoST HlDgS INC gTD SR NT,,Sale,"$1,001 - $15,000",8000.5,False,SELF,20002231,https://disclosures-clerk.house.gov/public_disc/ptr-pdfs/2014/20002231.pdf,d731870330f5b7b3819c1bb7e742427aad78c202e1a871681f58c4f446c211ce,0
C001101,Katherine M. Clark,house,Democrat,MA05,,False,2014-07-23,2014-12-19,,PoPulaR INC SR NT,,Purchase,"$1,001 - $15,000",8000.5,False,SELF,20002231,https://disclosures-clerk.house.gov/public_disc/ptr-pdfs/2014/20002231.pdf,9db52740c4fc5c6ca6fbe651c2c94f8a5a607e343048d558a4df6fbc0627b5fa,0
C001101,Katherine M. Clark,house,Democrat,MA05,,False,2014-09-17,2014-12-19,,"PNC Financial Services group, Inc.",,Purchase,"$1,001 - $15,000",8000.5,False,SELF,20002231,https://disclosures-clerk.house.gov/public_disc/ptr-pdfs/2014/20002231.pdf,f45b281d7aa155a389c7af6c062b1c3677b4ab019c35b2b541580debb71890ad,0
C001101,Katherine M. Clark,house,Democrat,MA05,,False,2014-05-23,2014-12-19,SE,Spectra Energy Corp,,Purchase,"$1,001 - $15,000",8000.5,False,SELF,20002231,https://disclosures-clerk.house.gov/public_disc/ptr-pdfs/2014/20002231.pdf,47a9953de92ffcc287556265334f8e09be8f5729031028b4a0d1f4e7e7050424,0
C001101,Katherine M. Clark,house,Democrat,MA05,,False,2014-11-13,2014-12-19,SE,Spectra Energy Corp,,Sale,"$1,001 - $15,000",8000.5,False,SELF,20002231,https://disclosures-clerk.house.gov/public_disc/ptr-pdfs/2014/20002231.pdf,2e67affa574e96740fc90dd0bdade5c402dcb857f88fcf68722345c7b651bc6b,0
C001101,Katherine M. Clark,house,Democrat,MA05,,False,2014-01-23,2014-12-19,UPS,"united Parcel Service, Inc.",,Sale,"$1,001 - $15,000",8000.5,False,SELF,20002231,https://disclosures-clerk.house.gov/public_disc/ptr-pdfs/2014/20002231.pdf,62e60c0b756b38182906692efb40156519a809709221267894595178971d1403,0
C001101,Katherine M. Clark,house,Democrat,MA05,,False,2014-09-17,2014-12-19,,SPECTRuM bRaNDS INC SR NT,,Purchase,"$1,001 - $15,000",8000.5,False,SELF,20002231,https://disclosures-clerk.house.gov/public_disc/ptr-pdfs/2014/20002231.pdf,f5666fb35fd7d0e414891c177d6f5b057bfb672658ee80651f706247204f7f33,0
C001101,Katherine M. Clark,house,Democrat,MA05,,False,2014-10-27,2014-12-19,UPS,"united Parcel Service, Inc.",,Purchase,"$1,001 - $15,000",8000.5,False,SELF,20002231,https://disclosures-clerk.house.gov/public_disc/ptr-pdfs/2014/20002231.pdf,dbfd0d6c448e93cba8d0e51502cae89cf64693810e7314fd94242c904afae63f,0
C001101,Katherine M. Clark,house,Democrat,MA05,,False,2014-10-16,2014-12-19,UNP,union Pacific Corporation,,Purchase,"$1,001 - $15,000",8000.5,False,SELF,20002231,https://disclosures-clerk.house.gov/public_disc/ptr-pdfs/2014/20002231.pdf,2a90110eae76bd1302cc061f65a2dffaf81dd5e80de454a6af083b35ce459e6f,0
C001101,Katherine M. Clark,house,Democrat,MA05,,False,2014-05-05,2014-12-19,USB,u.S. bancorp,,Sale,"$15,001 - $50,000",32500.5,False,SELF,20002231,https://disclosures-clerk.house.gov/public_disc/ptr-pdfs/2014/20002231.pdf,841d61fe5ed17f9b10c55225349a8210b68d3c927e01d8319e2fd4f02f18e1e9,0
C001101,Katherine M. Clark,house,Democrat,MA05,,False,2014-03-13,2014-12-19,USB,u.S. bancorp,,Purchase,"$1,001 - $15,000",8000.5,False,SELF,20002231,https://disclosures-clerk.house.gov/public_disc/ptr-pdfs/2014/20002231.pdf,e39cb090a111d29bd0369de15b251e819bfc65c3ca669e9dbf5f1539e03f5f87,0
C001101,Katherine M. Clark,house,Democrat,MA05,,False,2014-01-10,2014-12-19,USB,u.S. bancorp,,Purchase,"$1,001 - $15,000",8000.5,False,SELF,20002231,https://disclosures-clerk.house.gov/public_disc/ptr-pdfs/2014/20002231.pdf,ac7421b7ae04d3553ed369888f5c3b33f1e7e7e55a7dd40b0a904930bef0b5cc,0
C001101,Katherine M. Clark,house,Democrat,MA05,,False,2014-03-13,2014-12-19,,Toll bRoS FIN CoRP gTD FXD RT,,Sale,"$1,001 - $15,000",8000.5,False,SELF,20002231,https://disclosures-clerk.house.gov/public_disc/ptr-pdfs/2014/20002231.pdf,7989f99994f0b3496a434d4fe13892920dd0f873ac374c6f5feb9d2d86253658,0
C001101,Katherine M. Clark,house,Democrat,MA05,,False,2014-04-09,2014-12-19,TWC,Time Warner Cable Inc,,Sale,"$15,001 - $50,000",32500.5,False,SELF,20002231,https://disclosures-clerk.house.gov/public_disc/ptr-pdfs/2014/20002231.pdf,afdb6f291c48b549544097f46fb6f8b777f99ec0fffd7fc236999f2482857ead,0
C001101,Katherine M. Clark,house,Democrat,MA05,,False,2014-03-13,2014-12-19,TRV,"The Travelers Companies, Inc.",,Sale,"$1,001 - $15,000",8000.5,False,SELF,20002231,https://disclosures-clerk.house.gov/public_disc/ptr-pdfs/2014/20002231.pdf,1ea5f9d59d3446fb76ceb4e6d2c8d9fb43ea1d9a17384b2796bc3508246178de,0
C001101,Katherine M. Clark,house,Democrat,MA05,,False,2014-01-23,2014-12-19,TRV,"The Travelers Companies, Inc.",,Sale,"$1,001 - $15,000",8000.5,False,SELF,20002231,https://disclosures-clerk.house.gov/public_disc/ptr-pdfs/2014/20002231.pdf,840159d013e48667fa4a5cb3d9650e9d833312a136be6af7d01b0478510fdb89,0
C001101,Katherine M. Clark,house,Democrat,MA05,,False,2014-10-10,2014-12-19,TXN,Texas Instruments Incorporated,,Sale,"$1,001 - $15,000",8000.5,False,SELF,20002231,https://disclosures-clerk.house.gov/public_disc/ptr-pdfs/2014/20002231.pdf,ff0b0be3679099a3c55aa52d29281da4cc1902448004de5cfa187455a4bb68a9,0
C001101,Katherine M. Clark,house,Democrat,MA05,,False,2014-10-16,2014-12-19,TXN,Texas Instruments Incorporated,,Purchase,"$1,001 - $15,000",8000.5,False,SELF,20002231,https://disclosures-clerk.house.gov/public_disc/ptr-pdfs/2014/20002231.pdf,292b2aca72f84bea973f87eaac7cb9cc9cd737c46f492e1499c0280100af1724,0
C001101,Katherine M. Clark,house,Democrat,MA05,,False,2014-07-02,2014-12-19,TXN,Texas Instruments Incorporated,,Purchase,"$1,001 - $15,000",8000.5,False,SELF,20002231,https://disclosures-clerk.house.gov/public_disc/ptr-pdfs/2014/20002231.pdf,28d017edc3d89d61e13fdaea121565b9b43b8fc94855b53f223dc5bda465f521,0
C001101,Katherine M. Clark,house,Democrat,MA05,,False,2014-05-12,2014-12-19,TXN,Texas Instruments Incorporated,,Purchase,"$1,001 - $15,000",8000.5,False,SELF,20002231,https://disclosures-clerk.house.gov/public_disc/ptr-pdfs/2014/20002231.pdf,0e2aa5f4069de38412f18ce0dadbe930637534191081300a0c443e42b915e8b5,0
C001101,Katherine M. Clark,house,Democrat,MA05,,False,2014-02-25,2014-12-19,,TEVa PHaRMaCEuTICal FIN IV b V,,Purchase,"$1,001 - $15,000",8000.5,False,SELF,20002231,https://disclosures-clerk.house.gov/public_disc/ptr-pdfs/2014/20002231.pdf,1e648200f8590a4485db2936e1d4dac78fbbb79fb2b3f8f2504f3027bdf13acc,0
C001101,Katherine M. Clark,house,Democrat,MA05,,False,2014-05-21,2014-12-19,,TENNECo INC SR NT,,Purchase,"$1,001 - $15,000",8000.5,False,SELF,20002231,https://disclosures-clerk.house.gov/public_disc/ptr-pdfs/2014/20002231.pdf,f8040be8b009206d3b87c9b16750996822b171d8014435ef2601222feee53e0d,0
C001101,Katherine M. Clark,house,Democrat,MA05,,False,2014-07-15,2014-12-19,,SYNoVuS FINl CoRP Sub NT,,Purchase,"$1,001 - $15,000",8000.5,False,SELF,20002231,https://disclosures-clerk.house.gov/public_disc/ptr-pdfs/2014/20002231.pdf,215405b55ba63a2f793cb17a0f56eb3aa08b41b16c58950353624a5dc67566a6,0
C001101,Katherine M. Clark,house,Democrat,MA05,,False,2014-04-15,2014-12-19,,STaTE STR CoRP SR Sub NT,,Purchase,"$1,001 - $15,000",8000.5,False,SELF,20002231,https://disclosures-clerk.house.gov/public_disc/ptr-pdfs/2014/20002231.pdf,fa77637c8a1f9f44db00e0ab77a53b0db4d649eef8d73b031891bdb2554a232c,0
C001101,Katherine M. Clark,house,Democrat,MA05,,False,2014-04-15,2014-12-19,GCI,"gannett Co., Inc.",,Sale,"$1,001 - $15,000",8000.5,False,SELF,20002231,https://disclosures-clerk.house.gov/public_disc/ptr-pdfs/2014/20002231.pdf,81e6bd7d4d841bd3c3a262f5ece0860a2227726844b78f42c004738b3f30c02f,0
C001101,Katherine M. Clark,house,Democrat,MA05,,False,2014-05-29,2014-12-19,GE,general Electric Company,,Sale,"$1,001 - $15,000",8000.5,False,SELF,20002231,https://disclosures-clerk.house.gov/public_disc/ptr-pdfs/2014/20002231.pdf,f9c68356d28070e951fa9e04698c92174f6465cf2056d29f518a67af7c728d24,0
C001101,Katherine M. Clark,house,Democrat,MA05,,False,2014-02-05,2014-12-19,EMR,Emerson Electric Company,,Sale,"$1,001 - $15,000",8000.5,False,SELF,20002231,https://disclosures-clerk.house.gov/public_disc/ptr-pdfs/2014/20002231.pdf,929fb9c4512b719be415145723418cfc899feb7b7cf6b8df932106168e70bc5d,0
C001101,Katherine M. Clark,house,Democrat,MA05,,False,2014-03-18,2014-12-19,BA,boeing Company,,Sale,"$1,001 - $15,000",8000.5,False,SELF,20002231,https://disclosures-clerk.house.gov/public_disc/ptr-pdfs/2014/20002231.pdf,410319f2d36fe3fefa6c15af6b226f57bae48ab8c78dec41f89b6e333ddd873a,0
C001101,Katherine M. Clark,house,Democrat,MA05,,False,2014-07-30,2014-12-19,AMP,"ameriprise Financial, Inc.",,Purchase,"$1,001 - $15,000",8000.5,False,SELF,20002231,https://disclosures-clerk.house.gov/public_disc/ptr-pdfs/2014/20002231.pdf,42c982e6904d621501397c16ec11457450c1aa994de4b21c80dab66ba113ee52,0
C001101,Katherine M. Clark,house,Democrat,MA05,,False,2014-03-13,2014-12-19,AMGN,amgen Inc.,,Purchase,"$1,001 - $15,000",8000.5,False,SELF,20002231,https://disclosures-clerk.house.gov/public_disc/ptr-pdfs/2014/20002231.pdf,b70cf2402ff3db0dd1d8bd6ea05d999bada18bf998883d29eab5956e7f5dd770,0
C001101,Katherine M. Clark,house,Democrat,MA05,,False,2014-02-20,2014-12-19,AMGN,amgen Inc.,,Purchase,"$1,001 - $15,000",8000.5,False,SELF,20002231,https://disclosures-clerk.house.gov/public_disc/ptr-pdfs/2014/20002231.pdf,ff702595aa342a61f4f76bad924227ea05be97c5097458c8a6c04c8be476f9cb,0
C001101,Katherine M. Clark,house,Democrat,MA05,,False,2014-02-05,2014-12-19,AMGN,amgen Inc.,,Purchase,"$1,001 - $15,000",8000.5,False,SELF,20002231,https://disclosures-clerk.house.gov/public_disc/ptr-pdfs/2014/20002231.pdf,664adeb671f2a8fb7836218e0294bf4aea75c1eddde87a5b54d445ef41c651c7,0
C001101,Katherine M. Clark,house,Democrat,MA05,,False,2014-03-18,2014-12-19,NLY,annaly Capital Management Inc,,Purchase,"$1,001 - $15,000",8000.5,False,SELF,20002231,https://disclosures-clerk.house.gov/public_disc/ptr-pdfs/2014/20002231.pdf,9d36ac4c6915b8afab030ec755d451b6802a3a55364f6090b31caa276b021d8f,0
C001101,Katherine M. Clark,house,Democrat,MA05,,False,2014-05-05,2014-12-19,NLY,annaly Capital Management Inc,,Purchase,"$1,001 - $15,000",8000.5,False,SELF,20002231,https://disclosures-clerk.house.gov/public_disc/ptr-pdfs/2014/20002231.pdf,4e2661b76b3a5cfbc3361fd6026980629d1438204d5b0d049e69157b7cab34d3,0
C001101,Katherine M. Clark,house,Democrat,MA05,,False,2014-09-18,2014-12-19,NLY,annaly Capital Management Inc,,Sale,"$1,001 - $15,000",8000.5,False,SELF,20002231,https://disclosures-clerk.house.gov/public_disc/ptr-pdfs/2014/20002231.pdf,c563b862ecf91f661e3771796c5a41f2e36ca66ffa18fb9d528a90f2629a06b8,0
C001101,Katherine M. Clark,house,Democrat,MA05,,False,2014-09-18,2014-12-19,AAPL,apple Inc.,,Sale,"$1,001 - $15,000",8000.5,False,SELF,20002231,https://disclosures-clerk.house.gov/public_disc/ptr-pdfs/2014/20002231.pdf,171f5959402122d10b4a050ad8884b1a5bbea128a35af949bf1eaaedcd47db74,0
C001101,Katherine M. Clark,house,Democrat,MA05,,False,2014-05-29,2014-12-19,AAPL,apple Inc.,,Purchase,"$1,001 - $15,000",8000.5,False,SELF,20002231,https://disclosures-clerk.house.gov/public_disc/ptr-pdfs/2014/20002231.pdf,9d60524bee4cb733a4190d4d6913c309c6447f4bdd0a9838d25e44e79db38902,0
C001101,Katherine M. Clark,house,Democrat,MA05,,False,2014-06-12,2014-12-19,AAPL,apple Inc.,,Purchase,"$1,001 - $15,000",8000.5,False,SELF,20002231,https://disclosures-clerk.house.gov/public_disc/ptr-pdfs/2014/20002231.pdf,64d1f5721cc5d7a89ddc124664ca60fcb335d7c33ac6c096bfcca2e64c22c1a5,0
C001101,Katherine M. Clark,house,Democrat,MA05,,False,2014-09-16,2014-12-19,,aRaMaRK CoRP gTD SR NT,,Purchase,"$1,001 - $15,000",8000.5,False,SELF,20002231,https://disclosures-clerk.house.gov/public_disc/ptr-pdfs/2014/20002231.pdf,191abbcf6cec1955ea49c0741f76c58499f660b475b535bf6dcc48d7705b8885,0
C001101,Katherine M. Clark,house,Democrat,MA05,,False,2014-10-21,2014-12-19,,aSHlaND INC NEW gTD FIXED RT SR,,Sale,"$1,001 - $15,000",8000.5,False,SELF,20002231,https://disclosures-clerk.house.gov/public_disc/ptr-pdfs/2014/20002231.pdf,da628893ee4b65ebfc7c1f12fb978bd0f254fbdee797c9c1007da7ed3f9dca72,0
C001101,Katherine M. Clark,house,Democrat,MA05,,False,2014-10-21,2014-12-19,,aSHlaND INC NEW gTD FIXED RT SR,,Sale,"$1,001 - $15,000",8000.5,False,SELF,20002231,https://disclosures-clerk.house.gov/public_disc/ptr-pdfs/2014/20002231.pdf,da628893ee4b65ebfc7c1f12fb978bd0f254fbdee797c9c1007da7ed3f9dca72,1
C001101,Katherine M. Clark,house,Democrat,MA05,,False,2014-09-09,2014-12-19,,aTWooD oCEaNICS INC gTD FXD RT,,Purchase,"$1,001 - $15,000",8000.5,False,SELF,20002231,https://disclosures-clerk.house.gov/public_disc/ptr-pdfs/2014/20002231.pdf,c8558ce6beb1d88846d4f36c71d55b3d81b1537ec356f167ab24167b7ac19d99,0
C001101,Katherine M. Clark,house,Democrat,MA05,,False,2014-03-13,2014-12-19,BGS,"b&g Foods, Inc. b&g Foods, Inc.",,Sale,"$1,001 - $15,000",8000.5,False,SELF,20002231,https://disclosures-clerk.house.gov/public_disc/ptr-pdfs/2014/20002231.pdf,de1d5a219424940814b5d9b044c0ddff2ef76d477d166ce69195ea8e7edb3f1e,0
C001101,Katherine M. Clark,house,Democrat,MA05,,False,2014-07-09,2014-12-19,,ball CoRP gTD FIXED RT SR NT,,Purchase,"$1,001 - $15,000",8000.5,False,SELF,20002231,https://disclosures-clerk.house.gov/public_disc/ptr-pdfs/2014/20002231.pdf,c8bb5a735fbd1cb7c1726d47d6382d9ec1e21ff97842c876449c0646063bdb59,0
C001101,Katherine M. Clark,house,Democrat,MA05,,False,2014-09-03,2014-12-19,,baNK aMER CoRP FXD RT Sub NT,,Purchase,"$1,001 - $15,000",8000.5,False,SELF,20002231,https://disclosures-clerk.house.gov/public_disc/ptr-pdfs/2014/20002231.pdf,803aca3a12cac01c9d7d4352e57825779faf3e91cfb4139e15e20beff757e32f,0
C001101,Katherine M. Clark,house,Democrat,MA05,,False,2014-04-28,2014-12-19,AMP,"ameriprise Financial, Inc.",,Sale,"$1,001 - $15,000",8000.5,False,SELF,20002231,https://disclosures-clerk.house.gov/public_disc/ptr-pdfs/2014/20002231.pdf,ec302f9f722d9c83b20e02e694544f2a18bdc07bd71fac1ba58bd1164d8a8a9f,0
C001101,Katherine M. Clark,house,Democrat,MA05,,False,2014-04-15,2014-12-19,AMP,"ameriprise Financial, Inc.",,Sale,"$1,001 - $15,000",8000.5,False,SELF,20002231,https://disclosures-clerk.house.gov/public_disc/ptr-pdfs/2014/20002231.pdf,67a384c93da3e91ee2dd838776449b4f865ab70ed66ac337bc870fdcb9df9cee,0
C001101,Katherine M. Clark,house,Democrat,MA05,,False,2014-09-18,2014-12-19,AMP,"ameriprise Financial, Inc.",,Purchase,"$1,001 - $15,000",8000.5,False,SELF,20002231,https://disclosures-clerk.house.gov/public_disc/ptr-pdfs/2014/20002231.pdf,1c5c9be5d26ec024d843e9c8d3d43a29060e563e267a53bd8871d01f5cd82cc3,0
C001101,Katherine M. Clark,house,Democrat,MA05,,False,2014-03-18,2014-12-19,AMLP,alerian MlP ETF,,Sale,"$1,001 - $15,000",8000.5,False,SELF,20002231,https://disclosures-clerk.house.gov/public_disc/ptr-pdfs/2014/20002231.pdf,34dafde170386b1519abd125aacab8279fd6c4e0e1953a0a672f356eb11f86df,0
C001101,Katherine M. Clark,house,Democrat,MA05,,False,2014-08-26,2014-12-19,LLY,Eli lilly and Company,,Purchase,"$1,001 - $15,000",8000.5,False,SELF,20002231,https://disclosures-clerk.house.gov/public_disc/ptr-pdfs/2014/20002231.pdf,a49ca5c0d042dc9cbe95a84182321b62a6cb22bd832fdca1e0252020de08b5cf,0
C001101,Katherine M. Clark,house,Democrat,MA05,,False,2014-04-09,2014-12-19,MMM,3M Company,,Sale,"$1,001 - $15,000",8000.5,False,SELF,20002231,https://disclosures-clerk.house.gov/public_disc/ptr-pdfs/2014/20002231.pdf,9a32b1803b236b050fd2d4f0e360ff087afa07c7ee82be122100175c242532b4,0
C001101,Katherine M. Clark,house,Democrat,MA05,,False,2014-01-10,2014-12-19,ABBV,abbVie Inc.,,Sale,"$1,001 - $15,000",8000.5,False,SELF,20002231,https://disclosures-clerk.house.gov/public_disc/ptr-pdfs/2014/20002231.pdf,02e93c5a82675f40987e7ab8eeeec7f53660246edf96c32765bbe92d3dd74ded,0
C001101,Katherine M. Clark,house,Democrat,MA05,,False,2014-10-15,2014-12-19,ABBV,abbVie Inc.,,Sale,"$1,001 - $15,000",8000.5,False,SELF,20002231,https://disclosures-clerk.house.gov/public_disc/ptr-pdfs/2014/20002231.pdf,e7844a5411a64c101861ec148234d0f503b4d7fa2fedff6cae5912990ab4d273,0
C001101,Katherine M. Clark,house,Democrat,MA05,,False,2014-10-27,2014-12-19,ABBV,abbVie Inc.,,Purchase,"$1,001 - $15,000",8000.5,False,SELF,20002231,https://disclosures-clerk.house.gov/public_disc/ptr-pdfs/2014/20002231.pdf,cce215f29ee79f7006aae04976ecdd49599e12204f719d75e04f4ee3db6a35d2,0
C001101,Katherine M. Clark,house,Democrat,MA05,,False,2014-11-13,2014-12-19,ABBV,abbVie Inc.,,Purchase,"$1,001 - $15,000",8000.5,False,SELF,20002231,https://disclosures-clerk.house.gov/public_disc/ptr-pdfs/2014/20002231.pdf,2f10408deac113e112646676cc877a6e435bdac1dda5f0ed7c87acff1cb25830,0
C001101,Katherine M. Clark,house,Democrat,MA05,,False,2014-04-03,2014-12-19,,accenture plc. Class a ordinary Shares,,Sale,"$1,001 - $15,000",8000.5,False,SELF,20002231,https://disclosures-clerk.house.gov/public_disc/ptr-pdfs/2014/20002231.pdf,2c895f2973673c16d48d32c46b0f8a96f9d02c0485dccd5bd4ee889953ddb248,0
C001101,Katherine M. Clark,house,Democrat,MA05,,False,2014-10-15,2014-12-19,AMLP,alerian MlP ETF,,Sale,"$1,001 - $15,000",8000.5,False,SELF,20002231,https://disclosures-clerk.house.gov/public_disc/ptr-pdfs/2014/20002231.pdf,55ed3aa2377f798d5986634da907a4424e86398ba86c64607b02c494f4a728c2,0
C001101,Katherine M. Clark,house,Democrat,MA05,,False,2014-11-13,2014-12-19,MO,"altria group, Inc.",,Purchase,"$1,001 - $15,000",8000.5,False,SELF,20002231,https://disclosures-clerk.house.gov/public_disc/ptr-pdfs/2014/20002231.pdf,e3fdc2743dd6260fb71341f397fa706483c610a4fa8ffc78fb49d5110dc1efff,0
C001101,Katherine M. Clark,house,Democrat,MA05,,False,2014-05-07,2014-12-19,,allEgHENY TECHNologIES INC,,Sale,"$1,001 - $15,000",8000.5,False,SELF,20002231,https://disclosures-clerk.house.gov/public_disc/ptr-pdfs/2014/20002231.pdf,431b674b65e2a14539fe9793a71a249494cd254ddc3d1f62a98a639fb499baeb,0
C001101,Katherine M. Clark,house,Democrat,MA05,,False,2014-03-06,2014-12-19,,allY FINl INC gTD SRFXD RT,,Sale,"$1,001 - $15,000",8000.5,False,SELF,20002231,https://disclosures-clerk.house.gov/public_disc/ptr-pdfs/2014/20002231.pdf,e803761e14ee3ff78d83fc04643a4fff2ddcca345baf752cae2c57cde8542e14,0
C001101,Katherine M. Clark,house,Democrat,MA05,,False,2014-03-10,2014-12-19,,allY FINl INC gTD SRFXD RT,,Sale,"$15,001 - $50,000",32500.5,False,SELF,20002231,https://disclosures-clerk.house.gov/public_disc/ptr-pdfs/2014/20002231.pdf,d5b3b6556a91a76f3c82440cbe164529fcdb71b7beb22fb448f1d41b99e3b0b1,0
C001101,Katherine M. Clark,house,Democrat,MA05,,False,2014-09-12,2014-12-19,,allY FINl INC MEDIuMTERM NTS,,Sale,"$1,001 - $15,000",8000.5,False,SELF,20002231,https://disclosures-clerk.house.gov/public_disc/ptr-pdfs/2014/20002231.pdf,b6890eae17f15cd19ffa226c2901ba6e409ba8f9026e6851e2c8e7f229215cee,0
C001101,Katherine M. Clark,house,Democrat,MA05,,False,2014-09-26,2014-12-19,MO,"altria group, Inc.",,Purchase,"$15,001 - $50,000",32500.5,False,SELF,20002231,https://disclosures-clerk.house.gov/public_disc/ptr-pdfs/2014/20002231.pdf,cdd12a28e615532e794cd33980327a98174377dd5d8d337d8e1d1e42317cf6fb,0
C001101,Katherine M. Clark,house,Democrat,MA05,,False,2014-10-09,2014-12-19,MO,"altria group, Inc.",,Purchase,"$1,001 - $15,000",8000.5,False,SELF,20002231,https://disclosures-clerk.house.gov/public_disc/ptr-pdfs/2014/20002231.pdf,d771df14d8f072d7cd54b288805e5350eb1facbc00965e41678525ae3d991a0c,0
C001101,Katherine M. Clark,house,Democrat,MA05,,False,2014-10-15,2014-12-19,MO,"altria group, Inc.",,Purchase,"$1,001 - $15,000",8000.5,False,SELF,20002231,https://disclosures-clerk.house.gov/public_disc/ptr-pdfs/2014/20002231.pdf,3cce2fba5841b01c0b8b324b50e4c6861615af06834826c5bccfeaac5ecbd36b,0
C001101,Katherine M. Clark,house,Democrat,MA05,,False,2014-03-20,2014-12-19,,baRRICK NoRTH aMER FIN llC gTD,,Purchase,"$1,001 - $15,000",8000.5,False,SELF,20002231,https://disclosures-clerk.house.gov/public_disc/ptr-pdfs/2014/20002231.pdf,9bf4a6dae5f9e5089cdb66af0b719a1a3f07b8a9234ec311c60fed1598494170,0
C001101,Katherine M. Clark,house,Democrat,MA05,,False,2014-09-17,2014-12-19,,accenture plc. Class a ordinary Shares,,Sale,"$1,001 - $15,000",8000.5,False,SELF,20002231,https://disclosures-clerk.house.gov/public_disc/ptr-pdfs/2014/20002231.pdf,758d4a272d3bf0ef2011ae64261c4935a908d4e5ddaf81da017aebbdd760f741,0
C001101,Katherine M. Clark,house,Democrat,MA05,,False,2014-03-13,2014-12-19,BA,boeing Company,,Sale,"$1,001 - $15,000",8000.5,False,SELF,20002231,https://disclosures-clerk.house.gov/public_disc/ptr-pdfs/2014/20002231.pdf,a8c79fd842f4d8e44f8515a18f02a2e96fdde6c0d34e3615801b26b6fb24685e,0
C001101,Katherine M. Clark,house,Democrat,MA05,,False,2014-11-04,2014-12-19,,DollaR gEN CoRP NEW SR FXD RT,,Purchase,"$1,001 - $15,000",8000.5,False,SELF,20002231,https://disclosures-clerk.house.gov/public_disc/ptr-pdfs/2014/20002231.pdf,a9d64a85669ff1874dd500a170df5a42fd57294b601033c7e347836266a04af2,0
C001101,Katherine M. Clark,house,Democrat,MA05,,False,2014-05-05,2014-12-19,COP,ConocoPhillips,,Purchase,"$1,001 - $15,000",8000.5,False,SELF,20002231,https://disclosures-clerk.house.gov/public_disc/ptr-pdfs/2014/20002231.pdf,823a06857dee6157eef4191f51af5637cf84953d43706b506181a52e9ab07ea0,0
C001101,Katherine M. Clark,house,Democrat,MA05,,False,2014-05-06,2014-12-19,COP,ConocoPhillips,,Purchase,"$1,001 - $15,000",8000.5,False,SELF,20002231,https://disclosures-clerk.house.gov/public_disc/ptr-pdfs/2014/20002231.pdf,463666acf2df34f1c58e3827f7cc8b2f54c51820deab42ed85ef88a802cdc9e2,0
C001101,Katherine M. Clark,house,Democrat,MA05,,False,2014-10-09,2014-12-19,COP,ConocoPhillips,,Sale,"$1,001 - $15,000",8000.5,False,SELF,20002231,https://disclosures-clerk.house.gov/public_disc/ptr-pdfs/2014/20002231.pdf,e6a93071e1eef445168d3b8ede54a37150e5a6ae456458ca231217569a5e6909,0
C001101,Katherine M. Clark,house,Democrat,MA05,,False,2014-10-16,2014-12-19,COP,ConocoPhillips,,Sale,"$1,001 - $15,000",8000.5,False,SELF,20002231,https://disclosures-clerk.house.gov/public_disc/ptr-pdfs/2014/20002231.pdf,ada4d7472f1fa2875eefa5684be57b7503f8cff0f5725aa9ffbbe3a764c3f307,0
C001101,Katherine M. Clark,house,Democrat,MA05,,False,2014-06-25,2014-12-19,BA,boeing Company,,Sale,"$1,001 - $15,000",8000.5,False,SELF,20002231,https://disclosures-clerk.house.gov/public_disc/ptr-pdfs/2014/20002231.pdf,2bbee7809ba4196b2e675fa8929383ce50fcd3de7558d89abcdfb3a967814c4b,0
C001101,Katherine M. Clark,house,Democrat,MA05,,False,2014-09-18,2014-12-19,DFS,Discover Financial Services,,Purchase,"$1,001 - $15,000",8000.5,False,SELF,20002231,https://disclosures-clerk.house.gov/public_disc/ptr-pdfs/2014/20002231.pdf,35f63b39410eb6d17d33e2d19755e7dd0a76ebddd20815f4f18e49c478e3ff46,0
C001101,Katherine M. Clark,house,Democrat,MA05,,False,2014-09-19,2014-12-19,DFS,Discover Financial Services,,Purchase,"$1,001 - $15,000",8000.5,False,SELF,20002231,https://disclosures-clerk.house.gov/public_disc/ptr-pdfs/2014/20002231.pdf,cb415757538f1b02f77db0208043d6b03325febf9c4f02f5719a9fc80adf8f08,0
C001101,Katherine M. Clark,house,Democrat,MA05,,False,2014-09-26,2014-12-19,DOW,Dow Chemical Company,,Purchase,"$1,001 - $15,000",8000.5,False,SELF,20002231,https://disclosures-clerk.house.gov/public_disc/ptr-pdfs/2014/20002231.pdf,f5d1beee2f53c7e71c0ac39ba444f0861feb5f940cdbafd9e346cefe607d6edd,0
C001101,Katherine M. Clark,house,Democrat,MA05,,False,2014-02-27,2014-12-19,CME,CME group Inc. - Class a,,Sale,"$1,001 - $15,000",8000.5,False,SELF,20002231,https://disclosures-clerk.house.gov/public_disc/ptr-pdfs/2014/20002231.pdf,426f1c501a056e32326612b954793b25d8b51f0b083e820c4445cb7228412f4d,0
C001101,Katherine M. Clark,house,Democrat,MA05,,False,2014-09-17,2014-12-19,DOW,Dow Chemical Company,,Purchase,"$1,001 - $15,000",8000.5,False,SELF,20002231,https://disclosures-clerk.house.gov/public_disc/ptr-pdfs/2014/20002231.pdf,c1c4edef34eabd558dbb70c86ac82a397d8265755ca75a2db2dbb985e9c3eb94,0
C001101,Katherine M. Clark,house,Democrat,MA05,,False,2014-10-15,2014-12-19,DOW,Dow Chemical Company,,Sale,"$1,001 - $15,000",8000.5,False,SELF,20002231,https://disclosures-clerk.house.gov/public_disc/ptr-pdfs/2014/20002231.pdf,4d8768d5412d9dfd48ed3566079b8b93e726f1d3f11d0bc7350b7d9e106f7c48,0
C001101,Katherine M. Clark,house,Democrat,MA05,,False,2014-07-30,2014-12-19,DOW,Dow Chemical Company,,Purchase,"$1,001 - $15,000",8000.5,False,SELF,20002231,https://disclosures-clerk.house.gov/public_disc/ptr-pdfs/2014/20002231.pdf,8285b2a7accd83afcca45b7e0a86bc6f943e147fcc35cfc911d35739ad1ce5b4,0
C001101,Katherine M. Clark,house,Democrat,MA05,,False,2014-07-30,2014-12-19,,"Eaton Corporation, PlC ordinary Shares",,Sale,"$1,001 - $15,000",8000.5,False,SELF,20002231,https://disclosures-clerk.house.gov/public_disc/ptr-pdfs/2014/20002231.pdf,c4f31e637fc4d6b2f3e915f070515d470742cadb7ab6be9049f724897f90efd7,0
C001101,Katherine M. Clark,house,Democrat,MA05,,False,2014-02-05,2014-12-19,,"Eaton Corporation, PlC ordinary Shares",,Sale,"$1,001 - $15,000",8000.5,False,SELF,20002231,https://disclosures-clerk.house.gov/public_disc/ptr-pdfs/2014/20002231.pdf,6888af349001902d985b64a7b2ea6649aef40cc7e30e614a1bcb48c217beea0d,0
C001101,Katherine M. Clark,house,Democrat,MA05,,False,2014-09-17,2014-12-19,LLY,Eli lilly and Company,,Purchase,"$1,001 - $15,000",8000.5,False,SELF,20002231,https://disclosures-clerk.house.gov/public_disc/ptr-pdfs/2014/20002231.pdf,7346ddebc9f222784419e686beb240fc356911222866e76a9143216f025785d2,0
C001101,Katherine M. Clark,house,Democrat,MA05,,False,2014-08-25,2014-12-19,LLY,Eli lilly and Company,,Purchase,"$1,001 - $15,000",8000.5,False,SELF,20002231,https://disclosures-clerk.house.gov/public_disc/ptr-pdfs/2014/20002231.pdf,2667d15a57d65c967dc6fc8921a55b9577bbd779a0911c5b6583db833752392b,0
C001101,Katherine M. Clark,house,Democrat,MA05,,False,2014-02-20,2014-12-19,KO,Coca-Cola Company,,Sale,"$1,001 - $15,000",8000.5,False,SELF,20002231,https://disclosures-clerk.house.gov/public_disc/ptr-pdfs/2014/20002231.pdf,01ea91fea523a287e47390f7ac250a5f1a5f87456c4818c62d9e1b7773b28431,0
C001101,Katherine M. Clark,house,Democrat,MA05,,False,2014-10-03,2014-12-19,DFS,Discover Financial Services,,Purchase,"$1,001 - $15,000",8000.5,False,SELF,20002231,https://disclosures-clerk.house.gov/public_disc/ptr-pdfs/2014/20002231.pdf,11804fbdd96723b1c7062757ac1447533f726684b4e6e164b4ecf2c533b61685,0
C001101,Katherine M. Clark,house,Democrat,MA05,,False,2014-03-13,2014-12-19,CME,CME group Inc. - Class a,,Sale,"$1,001 - $15,000",8000.5,False,SELF,20002231,https://disclosures-clerk.house.gov/public_disc/ptr-pdfs/2014/20002231.pdf,6feab1a1b550ecfb45844b4c6cd04c63781a11ebe7424225b9b8fe9a4c9dc7ba,0
C001101,Katherine M. Clark,house,Democrat,MA05,,False,2014-10-02,2014-12-19,CVX,Chevron Corporation,,Sale,"$1,001 - $15,000",8000.5,False,SELF,20002231,https://disclosures-clerk.house.gov/public_disc/ptr-pdfs/2014/20002231.pdf,29ed20c16a108a9d4c321d175d5564e98c80e5f87fb260d19a06e23871f78325,0
C001101,Katherine M. Clark,house,Democrat,MA05,,False,2014-05-13,2014-12-19,BA,boeing Company,,Purchase,"$1,001 - $15,000",8000.5,False,SELF,20002231,https://disclosures-clerk.house.gov/public_disc/ptr-pdfs/2014/20002231.pdf,82409d114d049333412e6e676f188cf314cab6fadebc60c1045ee8df83a57aa4,0
C001101,Katherine M. Clark,house,Democrat,MA05,,False,2014-05-05,2014-12-19,BP,bP p.l.c.,,Purchase,"$1,001 - $15,000",8000.5,False,SELF,20002231,https://disclosures-clerk.house.gov/public_disc/ptr-pdfs/2014/20002231.pdf,bee57ce0f767624a5ebf10407641d8344eac940d3a1478d79f6dc0d649ca718e,0
C001101,Katherine M. Clark,house,Democrat,MA05,,False,2014-06-09,2014-12-19,CSCO,"Cisco Systems, Inc.",,Purchase,"$1,001 - $15,000",8000.5,False,SELF,20002231,https://disclosures-clerk.house.gov/public_disc/ptr-pdfs/2014/20002231.pdf,c2e7f47c3539905661c42c1cd83d760df7c023cb815f962870bcfe1ebf1a6da6,0
C001101,Katherine M. Clark,house,Democrat,MA05,,False,2014-09-04,2014-12-19,BP,bP p.l.c.,,Sale,"$1,001 - $15,000",8000.5,False,SELF,20002231,https://disclosures-clerk.house.gov/public_disc/ptr-pdfs/2014/20002231.pdf,57d3c34252780696f92cfad6b7dfd2863d60e938c98c200438c8459a45378c58,0
C001101,Katherine M. Clark,house,Democrat,MA05,,False,2014-09-18,2014-12-19,CTL,"Centurylink, Inc.",,Purchase,"$1,001 - $15,000",8000.5,False,SELF,20002231,https://disclosures-clerk.house.gov/public_disc/ptr-pdfs/2014/20002231.pdf,864b8faf164f8bc944e3035799be0433a619c4ccfd6dc981783a7d196c09f7bb,0
C001101,Katherine M. Clark,house,Democrat,MA05,,False,2014-05-16,2014-12-19,,CHESaPEaKE ENERgY CoRP gTD SR,,Sale,"$1,001 - $15,000",8000.5,False,SELF,20002231,https://disclosures-clerk.house.gov/public_disc/ptr-pdfs/2014/20002231.pdf,7dd0923cca84213fd711b7c4d1633014abd905a059c7b23ff4a7f63b2685611f,0
C001101,Katherine M. Clark,house,Democrat,MA05,,False,2014-10-16,2014-12-19,,CHESaPEaKE ENERgY CoRP SR NT,,Sale,"$15,001 - $50,000",32500.5,False,SELF,20002231,https://disclosures-clerk.house.gov/public_disc/ptr-pdfs/2014/20002231.pdf,0dfbd65be93739408eb089fdc8f29f917e2c523fa03ed246aef43b8758d44291,0
C001101,Katherine M. Clark,house,Democrat,MA05,,False,2014-07-30,2014-12-19,BP,bP p.l.c.,,Sale,"$1,001 - $15,000",8000.5,False,SELF,20002231,https://disclosures-clerk.house.gov/public_disc/ptr-pdfs/2014/20002231.pdf,724bab712371d3477940da1230007859c7a63b4d0f023466df6ff6e65ef953e8,0
C001101,Katherine M. Clark,house,Democrat,MA05,,False,2014-05-29,2014-12-19,CVX,Chevron Corporation,,Sale,"$1,001 - $15,000",8000.5,False,SELF,20002231,https://disclosures-clerk.house.gov/public_disc/ptr-pdfs/2014/20002231.pdf,6171e57722b92bc4f0d76e4fc8c44f9c7b3c91e80717b0236ef604cde2eb8c97,0
C001101,Katherine M. Clark,house,Democrat,MA05,,False,2014-05-01,2014-12-19,,CHS / CMNTY HEalTH SYS INC SR,,Purchase,"$1,001 - $15,000",8000.5,False,SELF,20002231,https://disclosures-clerk.house.gov/public_disc/ptr-pdfs/2014/20002231.pdf,8c66dff45c035d3babeb513f4985496e751cbbf7a57171a76cc71d3b42de2754,0
C001101,Katherine M. Clark,house,Democrat,MA05,,False,2014-04-15,2014-12-19,CHD,"Church & Dwight Company, Inc.",,Purchase,"$1,001 - $15,000",8000.5,False,SELF,20002231,https://disclosures-clerk.house.gov/public_disc/ptr-pdfs/2014/20002231.pdf,c7ec88e38dd711e02c2d3dfd01c475b9f3f931702b06d909100140167b58b112,0
C001101,Katherine M. Clark,house,Democrat,MA05,,False,2014-04-28,2014-12-19,CHD,"Church & Dwight Company, Inc.",,Purchase,"$1,001 - $15,000",8000.5,False,SELF,20002231,https://disclosures-clerk.house.gov/public_disc/ptr-pdfs/2014/20002231.pdf,0ef60eec4198d40dd81902adc7e708cf87c2f1ef0de8f8088cce84c9cd87f574,0
C001101,Katherine M. Clark,house,Democrat,MA05,,False,2014-11-07,2014-12-19,CHD,"Church & Dwight Company, Inc.",,Purchase,"$1,001 - $15,000",8000.5,False,SELF,20002231,https://disclosures-clerk.house.gov/public_disc/ptr-pdfs/2014/20002231.pdf,20f5690e803c009345eb0a70ea83321569fa025e569b0c8baadd709634dfe047,0
C001101,Katherine M. Clark,house,Democrat,MA05,,False,2014-11-13,2014-12-19,CSCO,"Cisco Systems, Inc.",,Purchase,"$1,001 - $15,000",8000.5,False,SELF,20002231,https://disclosures-clerk.house.gov/public_disc/ptr-pdfs/2014/20002231.pdf,98aae5cf897015097e2e9862006aa6ed4bd6786e8defedfb14488f44db744ff9,0
C001101,Katherine M. Clark,house,Democrat,MA05,,False,2014-02-05,2014-12-19,CVX,Chevron Corporation,,Sale,"$1,001 - $15,000",8000.5,False,SELF,20002231,https://disclosures-clerk.house.gov/public_disc/ptr-pdfs/2014/20002231.pdf,7c46dcda448589eb744b5efa993fe0e742eaedb70f8fa03a04202a60ca1cfd83,0
C001101,Katherine M. Clark,house,Democrat,MA05,,False,2014-09-17,2014-12-19,CSCO,"Cisco Systems, Inc.",,Purchase,"$1,001 - $15,000",8000.5,False,SELF,20002231,https://disclosures-clerk.house.gov/public_disc/ptr-pdfs/2014/20002231.pdf,67f44fa6fb0cf935f6be19b22a73ba55f25bed6af9681de236b6e68341991a04,0
D000355,John D. Dingell,house,Democrat,MI12,,False,2014-12-05,2014-12-18,T,aT&T Inc.,,Purchase,"$1,001 - $15,000",8000.5,False,SP,20002239,https://disclosures-clerk.house.gov/public_disc/ptr-pdfs/2014/20002239.pdf,171feb4a81f7b3c8321d9a4b9885baa6b05d7e7d5bb7955f9a0bcc9fd818ad14,0
P000595,Gary C. Peters,house,Democrat,MI14,"SSAP01; SSAP14; SSAP16; SSAP19; SSAP22; SSAS14; SSAS20; SSAS21; SSCM34; SSCM36; SSCM37; SSCM38; SSGA01; SSGA20; SSGA22; Senate Committee on Appropriations; Senate Committee on Armed Services; Senate Committee on Commerce, Science, and Transportation; Senate Committee on Homeland Security and Governmental Affairs",False,2014-12-02,2014-12-18,,John Hancock Tax advantaged Dividend,,Purchase,"$1,001 - $15,000",8000.5,False,SELF,20002238,https://disclosures-clerk.house.gov/public_disc/ptr-pdfs/2014/20002238.pdf,0c536f120271bb926759b81486ba865b3470478a5025b26747d1af2e5f1ef54c,0
P000595,Gary C. Peters,house,Democrat,MI14,"SSAP01; SSAP14; SSAP16; SSAP19; SSAP22; SSAS14; SSAS20; SSAS21; SSCM34; SSCM36; SSCM37; SSCM38; SSGA01; SSGA20; SSGA22; Senate Committee on Appropriations; Senate Committee on Armed Services; Senate Committee on Commerce, Science, and Transportation; Senate Committee on Homeland Security and Governmental Affairs",False,2014-11-26,2014-12-18,UBS,UBS aG ordinary Shares,,Exchange,"$15,001 - $50,000",32500.5,False,JT,20002238,https://disclosures-clerk.house.gov/public_disc/ptr-pdfs/2014/20002238.pdf,7f56540faef3492703ce014f135ed96334b1782c6b555748e14bf4f15ce4114f,0
P000595,Gary C. Peters,house,Democrat,MI14,"SSAP01; SSAP14; SSAP16; SSAP19; SSAP22; SSAS14; SSAS20; SSAS21; SSCM34; SSCM36; SSCM37; SSCM38; SSGA01; SSGA20; SSGA22; Senate Committee on Appropriations; Senate Committee on Armed Services; Senate Committee on Commerce, Science, and Transportation; Senate Committee on Homeland Security and Governmental Affairs",False,2014-12-02,2014-12-18,ETG,type Date Eaton Vance Tax-advantaged Global of Beneficial Interest,,Sale,"$1,001 - $15,000",8000.5,False,SELF,20002238,https://disclosures-clerk.house.gov/public_disc/ptr-pdfs/2014/20002238.pdf,049f2fcf18ad7142cdb4f098b66ad40767eb47b774cb6359eb00b5f6c34656b6,0
P000595,Gary C. Peters,house,Democrat,MI14,"SSAP01; SSAP14; SSAP16; SSAP19; SSAP22; SSAS14; SSAS20; SSAS21; SSCM34; SSCM36; SSCM37; SSCM38; SSGA01; SSGA20; SSGA22; Senate Committee on Appropriations; Senate Committee on Armed Services; Senate Committee on Commerce, Science, and Transportation; Senate Committee on Homeland Security and Governmental Affairs",False,2014-12-02,2014-12-18,HTD,John Hancock Tax advantaged Dividend Beneficial Interest,,Purchase,"$1,001 - $15,000",8000.5,False,SELF,20002238,https://disclosures-clerk.house.gov/public_disc/ptr-pdfs/2014/20002238.pdf,49ae6d7a4fd05021cc24237cea459acb4a6df30339e6de1442e82d8c2782a160,0
P000608,Scott H. Peters,house,Democrat,CA52,HSIF03; HSIF16; HSIF18; House Committee on Energy and Commerce; House Committee on the Budget,False,2014-11-04,2014-12-18,,Essex County Bonds,,Sale,"$500,001 - $1,000,000",750000.5,False,SELF,20002212,https://disclosures-clerk.house.gov/public_disc/ptr-pdfs/2014/20002212.pdf,248a17a844ae5491fa1d47609363d18ea8c1e7e729276e561d21630b4f71397b,0
D000355,John D. Dingell,house,Democrat,MI12,,False,2014-12-05,2014-12-18,SLB,schlumberger N.V.,,Purchase,"$1,001 - $15,000",8000.5,False,SP,20002239,https://disclosures-clerk.house.gov/public_disc/ptr-pdfs/2014/20002239.pdf,652b5fcc68ec816f7be4000aca6a5b1e76f65d55410dafe54fda41f1338fd9c3,0
D000355,John D. Dingell,house,Democrat,MI12,,False,2014-12-05,2014-12-18,CCI,Crown Castle International Corp.,,Purchase,"$1,001 - $15,000",8000.5,False,JT,20002239,https://disclosures-clerk.house.gov/public_disc/ptr-pdfs/2014/20002239.pdf,bbc18b856907c15480c6286158024180e7cdd8cbceaa5060e1bcd38b9b3f6a39,0
D000355,John D. Dingell,house,Democrat,MI12,,False,2014-12-05,2014-12-18,HON,Honeywell International Inc.,,Purchase,"$15,001 - $50,000",32500.5,False,SELF,20002239,https://disclosures-clerk.house.gov/public_disc/ptr-pdfs/2014/20002239.pdf,898ce3b278edc63c3cabea13b4b75f7dd8ca7cf09dc2008bd889e460a0ec4449,0
D000355,John D. Dingell,house,Democrat,MI12,,False,2014-12-05,2014-12-18,,seadrill limited Ordinary shares,,Sale,"$1,001 - $15,000",8000.5,False,JT,20002239,https://disclosures-clerk.house.gov/public_disc/ptr-pdfs/2014/20002239.pdf,cb48f4055e11388e408a3b5aa416253329b3f0a8fcfd8d8b8ba549103dfe1245,0
D000355,John D. Dingell,house,Democrat,MI12,,False,2014-12-05,2014-12-18,,The Blackstone group l.P. Common,,Purchase,"$1,001 - $15,000",8000.5,False,SP,20002239,https://disclosures-clerk.house.gov/public_disc/ptr-pdfs/2014/20002239.pdf,958cbf0b4161607f7797d9457cf6663ba43afb821ffcdd57b9256322800a37b0,0
D000355,John D. Dingell,house,Democrat,MI12,,False,2014-12-05,2014-12-18,SDRL,seadrill limited Ordinary shares,,Sale,"$1,001 - $15,000",8000.5,False,JT,20002239,https://disclosures-clerk.house.gov/public_disc/ptr-pdfs/2014/20002239.pdf,cb48f4055e11388e408a3b5aa416253329b3f0a8fcfd8d8b8ba549103dfe1245,1
D000355,John D. Dingell,house,Democrat,MI12,,False,2014-12-05,2014-12-18,BX,The Blackstone group l.P. Common Interests,,Purchase,"$1,001 - $15,000",8000.5,False,SP,20002239,https://disclosures-clerk.house.gov/public_disc/ptr-pdfs/2014/20002239.pdf,7c5ebc24c6a22105132e6c6f00907e725e74586bce233270f03b386fcb959db4,0
P000595,Gary C. Peters,house,Democrat,MI14,"SSAP01; SSAP14; SSAP16; SSAP19; SSAP22; SSAS14; SSAS20; SSAS21; SSCM34; SSCM36; SSCM37; SSCM38; SSGA01; SSGA20; SSGA22; Senate Committee on Appropriations; Senate Committee on Armed Services; Senate Committee on Commerce, Science, and Transportation; Senate Committee on Homeland Security and Governmental Affairs",False,2014-11-28,2014-12-18,EDR,"Education Realty Trust, Inc.",,Exchange,"$1,001 - $15,000",8000.5,False,SELF,20002238,https://disclosures-clerk.house.gov/public_disc/ptr-pdfs/2014/20002238.pdf,1236d417e0be765fa13d533fc0a54ba0d77a8efa3c95d692e472ec3d866dafa7,0
P000595,Gary C. Peters,house,Democrat,MI14,"SSAP01; SSAP14; SSAP16; SSAP19; SSAP22; SSAS14; SSAS20; SSAS21; SSCM34; SSCM36; SSCM37; SSCM38; SSGA01; SSGA20; SSGA22; Senate Committee on Appropriations; Senate Committee on Armed Services; Senate Committee on Commerce, Science, and Transportation; Senate Committee on Homeland Security and Governmental Affairs",False,2014-12-02,2014-12-18,,Eaton Vance Tax-advantaged Global,,Sale,"$1,001 - $15,000",8000.5,False,SELF,20002238,https://disclosures-clerk.house.gov/public_disc/ptr-pdfs/2014/20002238.pdf,a735768197214170f0d18185ce7658b620936aaea244ebf926707663cbe6a3a5,0
P000197,Nancy Pelosi,house,Democrat,CA12,,False,2014-11-28,2014-12-17,DIS,Walt Disney Company,,Purchase,"$1,001 - $15,000",8000.5,False,SELF,20002236,https://disclosures-clerk.house.gov/public_disc/ptr-pdfs/2014/20002236.pdf,682566be39ac3fa8bec871f01895c2bd6c9bf3e95fe5e73ce6917cefa8e4f9b2,0
P000197,Nancy Pelosi,house,Democrat,CA12,,False,2014-11-05,2014-12-17,HTZ,"Hertz global Holdings, Inc",,Purchase,"$15,001 - $50,000",32500.5,False,SELF,20002236,https://disclosures-clerk.house.gov/public_disc/ptr-pdfs/2014/20002236.pdf,e49740ae2dff69579182471046956c31ce0f0a386b6ea0407421b5cf14b31f98,0
P000197,Nancy Pelosi,house,Democrat,CA12,,False,2014-11-25,2014-12-17,HTZ,"Hertz global Holdings, Inc",,Purchase,"$100,001 - $250,000",175000.5,False,SELF,20002236,https://disclosures-clerk.house.gov/public_disc/ptr-pdfs/2014/20002236.pdf,68704f6902813b232a6b1a5289c13268f9ff5fe0aa11198204621bf9ea8a457c,0
P000197,Nancy Pelosi,house,Democrat,CA12,,False,2014-11-28,2014-12-17,HTZ,"Hertz global Holdings, Inc",,Purchase,"$50,001 - $100,000",75000.5,False,SELF,20002236,https://disclosures-clerk.house.gov/public_disc/ptr-pdfs/2014/20002236.pdf,a6738518a4f3b081ec0212994049ace3b86fce8a240c95c6ce79d7ff81fed8a5,0
P000197,Nancy Pelosi,house,Democrat,CA12,,False,2014-11-06,2014-12-17,HTZ,"Hertz global Holdings, Inc",,Purchase,"$50,001 - $100,000",75000.5,False,SELF,20002236,https://disclosures-clerk.house.gov/public_disc/ptr-pdfs/2014/20002236.pdf,8388c2741e273df8f1ef5190fb9598bd7f00c5aade3ef0361f94e700c0cc93e3,0
Y000063,Kevin Yoder,house,Republican,KS03,,False,2014-11-28,2014-12-16,,"Enlink Midstream, llC Common units",,Purchase,"$1,001 - $15,000",8000.5,False,SELF,20002235,https://disclosures-clerk.house.gov/public_disc/ptr-pdfs/2014/20002235.pdf,a43477ac99a42c38696a4e3270a7eb8f6da9be5d077f0da84ad6949065ccd1ac,0
Y000063,Kevin Yoder,house,Republican,KS03,,False,2014-12-11,2014-12-16,,Ngl ENERgY PaRTNERs lP Common,,Sale,"$1,001 - $15,000",8000.5,False,SELF,20002235,https://disclosures-clerk.house.gov/public_disc/ptr-pdfs/2014/20002235.pdf,3fa3cfa82790e48450df27a3cfe154ef867260819efc5ce0a1a651705b137486,0
Y000063,Kevin Yoder,house,Republican,KS03,,False,2014-11-10,2014-12-16,OKS,"ONEOK Partners, l.P.",,Sale,"$1,001 - $15,000",8000.5,False,SELF,20002235,https://disclosures-clerk.house.gov/public_disc/ptr-pdfs/2014/20002235.pdf,1477abea17e10356e9781f374295b0e5bea70995a281942d0e05d449994e3c2d,0
Y000063,Kevin Yoder,house,Republican,KS03,,False,2014-11-10,2014-12-16,,"alliance Resource Partners, l.P.",,Sale,"$1,001 - $15,000",8000.5,False,SELF,20002235,https://disclosures-clerk.house.gov/public_disc/ptr-pdfs/2014/20002235.pdf,a3acade0a469ced8436dabba8c4001b076ac4bec29dec191f1b6404d1eebeeda,0
Y000063,Kevin Yoder,house,Republican,KS03,,False,2014-12-17,2014-12-16,,"summit Midstream Partners, lP",,Sale,"$1,001 - $15,000",8000.5,False,SELF,20002235,https://disclosures-clerk.house.gov/public_disc/ptr-pdfs/2014/20002235.pdf,418ea826fd249df47044be14a1075530806af32ca44c04c47b024c482e3081c1,0
Y000063,Kevin Yoder,house,Republican,KS03,,False,2014-11-10,2014-12-16,ARLP,"type Date alliance Resource Partners, l.P. - Partnership Interests",,Sale,"$1,001 - $15,000",8000.5,False,SELF,20002235,https://disclosures-clerk.house.gov/public_disc/ptr-pdfs/2014/20002235.pdf,20341fb43cc5ff6940e1e37c21382e8650d972bfe072a161cb49d99315790a9d,0
N000182,Randy Neugebauer,house,Republican,TX19,,False,2014-12-11,2014-12-16,,anderson TWP ohio Ltd Tax-Rfdg-Var,,Purchase,"$100,001 - $250,000",175000.5,False,JT,20002233,https://disclosures-clerk.house.gov/public_disc/ptr-pdfs/2014/20002233.pdf,08f96f55f27949a590bccd160c13104300bac932b4d53dba3296ffda6fa2e857,0
N000182,Randy Neugebauer,house,Republican,TX19,,False,2014-12-12,2014-12-16,,PoRT PoRTLaND INTL aRPT REV,,Purchase,"$100,001 - $250,000",175000.5,False,JT,20002237,https://disclosures-clerk.house.gov/public_disc/ptr-pdfs/2014/20002237.pdf,4728bc581cee08025d0e77a0e9ac1ded336e3bd7cdf9096cabb579bfb1af4293,0
Y000063,Kevin Yoder,house,Republican,KS03,,False,2014-12-17,2014-12-16,SMLP,"summit Midstream Partners, lP Partner Interests",,Sale,"$1,001 - $15,000",8000.5,False,SELF,20002235,https://disclosures-clerk.house.gov/public_disc/ptr-pdfs/2014/20002235.pdf,eeef440e64c4a213e3b33bbfb7ebf92c25e61f543440df9b9283d9c3c0fd4fad,0
Y000063,Kevin Yoder,house,Republican,KS03,,False,2014-12-11,2014-12-16,NGL,Ngl ENERgY PaRTNERs lP Common Interests,,Sale,"$1,001 - $15,000",8000.5,False,SELF,20002235,https://disclosures-clerk.house.gov/public_disc/ptr-pdfs/2014/20002235.pdf,a67b72bde6c9ea49ae72bf23cf2ca9518666dd846485d770c41b950cb34ef015,0
Y000063,Kevin Yoder,house,Republican,KS03,,False,2014-11-28,2014-12-16,ENLC,"Enlink Midstream, llC Common units",,Purchase,"$1,001 - $15,000",8000.5,False,SELF,20002235,https://disclosures-clerk.house.gov/public_disc/ptr-pdfs/2014/20002235.pdf,a43477ac99a42c38696a4e3270a7eb8f6da9be5d077f0da84ad6949065ccd1ac,1
S001190,Bradley S. Schneider,house,Democrat,IL10,HSFA17; HSWM04; HSWM05; House Committee on Foreign Affairs; House Committee on Ways and Means,False,2014-11-14,2014-12-15,,RoYal BK SCoTlaND SER Q 6.75%,,Sale,"$1,001 - $15,000",8000.5,False,SP,20002222,https://disclosures-clerk.house.gov/public_disc/ptr-pdfs/2014/20002222.pdf,dffd4a93461686c2d543c4f86f80dec0d9378010e08407876f39089ceb822808,0
S001190,Bradley S. Schneider,house,Democrat,IL10,HSFA17; HSWM04; HSWM05; House Committee on Foreign Affairs; House Committee on Ways and Means,False,2014-11-18,2014-12-15,,RBS CaP FNDg TRuST V 5.9%,,Purchase,"$1,001 - $15,000",8000.5,False,SP,20002222,https://disclosures-clerk.house.gov/public_disc/ptr-pdfs/2014/20002222.pdf,218b39b7f13bee143f94ea77826e7204d38f8713a035493bb3d8a4fd194b9e87,0
S001148,Michael K. Simpson,house,Republican,ID02,HSAP06; HSAP07; HSAP10; House Committee on Appropriations,False,2014-11-05,2014-12-15,VIV,"Telefonica Brasil, S.a. aDS",,Sale,"$1,001 - $15,000",8000.5,False,SELF,20002230,https://disclosures-clerk.house.gov/public_disc/ptr-pdfs/2014/20002230.pdf,afeeb59231775a5b28b6f806e443e22abf138082ccc90718cdc87b9001988d46,0
S001190,Bradley S. Schneider,house,Democrat,IL10,HSFA17; HSWM04; HSWM05; House Committee on Foreign Affairs; House Committee on Ways and Means,False,2014-11-24,2014-12-15,,golDMaN SaCHS gRP INC 5.50%-J,,Purchase,"$1,001 - $15,000",8000.5,False,SP,20002222,https://disclosures-clerk.house.gov/public_disc/ptr-pdfs/2014/20002222.pdf,fb4cb5402313ab84bb657225b5a057ad7ce4b9d601dae695aae76a6b2bd088bd,0
S001148,Michael K. Simpson,house,Republican,ID02,HSAP06; HSAP07; HSAP10; House Committee on Appropriations,False,2014-11-07,2014-12-15,,Euro Pacific Capital International Bond,,Sale,"$1,001 - $15,000",8000.5,False,SELF,20002230,https://disclosures-clerk.house.gov/public_disc/ptr-pdfs/2014/20002230.pdf,8de57c387fccd79135b6578590d48365a411b20b8332a09d5db65e35181b1fc9,0
S001190,Bradley S. Schneider,house,Democrat,IL10,HSFA17; HSWM04; HSWM05; House Committee on Foreign Affairs; House Committee on Ways and Means,False,2014-11-24,2014-12-15,HGH,HaRTFoRD FINl SVC gRP 7.875% To  Ba1/BB+ 7.875% DuE:2042-04,,Purchase,"$1,001 - $15,000",8000.5,False,SP,20002222,https://disclosures-clerk.house.gov/public_disc/ptr-pdfs/2014/20002222.pdf,9b1ef3c9b9134550013550038164068b0b429937d89ff21f18ea633649dcdcfb,0
S001190,Bradley S. Schneider,house,Democrat,IL10,HSFA17; HSWM04; HSWM05; House Committee on Foreign Affairs; House Committee on Ways and Means,False,2014-11-07,2014-12-15,,VIaCoM INC SR DEB 6.87500%,,Purchase,"$1,001 - $15,000",8000.5,False,SP,20002222,https://disclosures-clerk.house.gov/public_disc/ptr-pdfs/2014/20002222.pdf,0019eadde877492900563b1fe6fd9dcb6a8b19bbce083c981c99b368d2ac608b,0
S001190,Bradley S. Schneider,house,Democrat,IL10,HSFA17; HSWM04; HSWM05; House Committee on Foreign Affairs; House Committee on Ways and Means,False,2014-11-20,2014-12-15,,WaSH ST go BDS SER 2006a 5%,,Sale,"$50,001 - $100,000",75000.5,False,SP,20002222,https://disclosures-clerk.house.gov/public_disc/ptr-pdfs/2014/20002222.pdf,8fdac43e630171378486b879d6d3c3c291eb1057276c782f90496a701ac4d6cf,0
S001190,Bradley S. Schneider,house,Democrat,IL10,HSFA17; HSWM04; HSWM05; House Committee on Foreign Affairs; House Committee on Ways and Means,False,2014-11-24,2014-12-15,,HaRTFoRD FINl SVC gRP 7.875% To,,Purchase,"$1,001 - $15,000",8000.5,False,SP,20002222,https://disclosures-clerk.house.gov/public_disc/ptr-pdfs/2014/20002222.pdf,55bffa21ac96f36da69dd831122280c7b0d96ddbdbcef353bf6eb97ce00cd4ed,0
S001190,Bradley S. Schneider,house,Democrat,IL10,HSFA17; HSWM04; HSWM05; House Committee on Foreign Affairs; House Committee on Ways and Means,False,2014-11-25,2014-12-15,,NEW YoRK ST TWY auTH HWY &,,Purchase,"$50,001 - $100,000",75000.5,False,SP,20002222,https://disclosures-clerk.house.gov/public_disc/ptr-pdfs/2014/20002222.pdf,b34140fb2d7f03adfe0bf65b48eee303a4696cccbb1ebf5dd366e5061cedf781,0
S001190,Bradley S. Schneider,house,Democrat,IL10,HSFA17; HSWM04; HSWM05; House Committee on Foreign Affairs; House Committee on Ways and Means,False,2014-11-17,2014-12-15,,EQuITY CoMWlTH SER,,Exchange,"$1,001 - $15,000",8000.5,False,SP,20002222,https://disclosures-clerk.house.gov/public_disc/ptr-pdfs/2014/20002222.pdf,374b53937bd41506486d07c464c29cdac281c6a9a0e5f2b498bad518fad69372,0
S001190,Bradley S. Schneider,house,Democrat,IL10,HSFA17; HSWM04; HSWM05; House Committee on Foreign Affairs; House Committee on Ways and Means,False,2014-11-24,2014-12-15,BYI,Bally Technologies Inc.,,Exchange,"$1,001 - $15,000",8000.5,False,SP,20002222,https://disclosures-clerk.house.gov/public_disc/ptr-pdfs/2014/20002222.pdf,7062bfac893c4742936dddcbaf60163751fecaee75efc464da0559ea19a9dd11,0
S001190,Bradley S. Schneider,house,Democrat,IL10,HSFA17; HSWM04; HSWM05; House Committee on Foreign Affairs; House Committee on Ways and Means,False,2014-11-12,2014-12-15,,DTE ENERgY Co SER I :Baa1/BBB,,Sale,"$1,001 - $15,000",8000.5,False,SP,20002222,https://disclosures-clerk.house.gov/public_disc/ptr-pdfs/2014/20002222.pdf,7ec9e62ade349ef99c36ffff69967a045e02b311781c6c0c7badd638c718c639,0
S001190,Bradley S. Schneider,house,Democrat,IL10,HSFA17; HSWM04; HSWM05; House Committee on Foreign Affairs; House Committee on Ways and Means,False,2014-11-07,2014-12-15,CBI,Chicago Bridge & Iron Company N.V.,,Sale,"$50,001 - $100,000",75000.5,False,SP,20002222,https://disclosures-clerk.house.gov/public_disc/ptr-pdfs/2014/20002222.pdf,a6235aefa28743ba0d13e1f206904bee17ec5520ef265f7aede88d0e50392126,1
S001190,Bradley S. Schneider,house,Democrat,IL10,HSFA17; HSWM04; HSWM05; House Committee on Foreign Affairs; House Committee on Ways and Means,False,2014-11-07,2014-12-15,,alibaba group Holding limited,,Purchase,"$50,001 - $100,000",75000.5,False,SP,20002222,https://disclosures-clerk.house.gov/public_disc/ptr-pdfs/2014/20002222.pdf,1858004463224cc3b2dacae83424dedd4fd3b8c730dd5929745fca6ac104a207,0
S001190,Bradley S. Schneider,house,Democrat,IL10,HSFA17; HSWM04; HSWM05; House Committee on Foreign Affairs; House Committee on Ways and Means,False,2014-11-07,2014-12-15,BABA,Type Date SP alibaba group Holding limited representing one ordinary share,,Purchase,"$50,001 - $100,000",75000.5,False,SELF,20002222,https://disclosures-clerk.house.gov/public_disc/ptr-pdfs/2014/20002222.pdf,16247ecc8eecb68bbaaf16482ec235721c7c1883841c628be92951b7335472aa,0
S001190,Bradley S. Schneider,house,Democrat,IL10,HSFA17; HSWM04; HSWM05; House Committee on Foreign Affairs; House Committee on Ways and Means,False,2014-11-03,2014-12-15,BECN,"Beacon Roofing Supply, Inc.",,Sale,"$1,001 - $15,000",8000.5,False,SP,20002222,https://disclosures-clerk.house.gov/public_disc/ptr-pdfs/2014/20002222.pdf,224c40cba762334dddeb07754847b18d4faf475f44c2072b1347ee70d82e56b2,0
S001190,Bradley S. Schneider,house,Democrat,IL10,HSFA17; HSWM04; HSWM05; House Committee on Foreign Affairs; House Committee on Ways and Means,False,2014-11-14,2014-12-15,CIR,"CIRCoR International, Inc.",,Purchase,"$1,001 - $15,000",8000.5,False,SP,20002222,https://disclosures-clerk.house.gov/public_disc/ptr-pdfs/2014/20002222.pdf,038d33348b2258822e5d109d832f416cbe93b95f110ba6878d001d1f14579032,0
S001190,Bradley S. Schneider,house,Democrat,IL10,HSFA17; HSWM04; HSWM05; House Committee on Foreign Affairs; House Committee on Ways and Means,False,2014-11-07,2014-12-15,,Chicago Bridge & Iron Company N.V.,,Sale,"$50,001 - $100,000",75000.5,False,SP,20002222,https://disclosures-clerk.house.gov/public_disc/ptr-pdfs/2014/20002222.pdf,a6235aefa28743ba0d13e1f206904bee17ec5520ef265f7aede88d0e50392126,0
H001051,Richard L. Hanna,house,Republican,NY22,,False,2014-11-13,2014-12-12,DISCA,"discovery Communications, Inc. - Series A",,Purchase,"$1,001 - $15,000",8000.5,False,SELF,20002218,https://disclosures-clerk.house.gov/public_disc/ptr-pdfs/2014/20002218.pdf,b416cf0dc5b8dac5a87a7b1bc9d6948d3430b6fe2037fb62494d727ea2b86964,0
L000579,Alan S. Lowenthal,house,Democrat,CA47,,False,2014-12-10,2014-12-12,DLPH,Delphi Automotive plc Ordinary Shares,,Sale,"$15,001 - $50,000",32500.5,False,SP,20002217,https://disclosures-clerk.house.gov/public_disc/ptr-pdfs/2014/20002217.pdf,3c7ee64e993cba3e6c75323f85be7e519d9b5519a0a435f0c71dfb7842cada3f,1
L000579,Alan S. Lowenthal,house,Democrat,CA47,,False,2014-12-08,2014-12-12,IHS,IHS Inc. IHS Inc. Class A,,Sale,"$15,001 - $50,000",32500.5,False,SP,20002217,https://disclosures-clerk.house.gov/public_disc/ptr-pdfs/2014/20002217.pdf,b03956d6662ed919b3a05aa10223cdad5171d20be496b5bb822d415449f87e69,0
L000579,Alan S. Lowenthal,house,Democrat,CA47,,False,2014-12-10,2014-12-12,,Delphi Automotive plc Ordinary Shares,,Sale,"$15,001 - $50,000",32500.5,False,SP,20002217,https://disclosures-clerk.house.gov/public_disc/ptr-pdfs/2014/20002217.pdf,3c7ee64e993cba3e6c75323f85be7e519d9b5519a0a435f0c71dfb7842cada3f,0
L000559,James R. Langevin,house,Democrat,RI02,,False,2014-12-08,2014-12-12,ALXN,"alexion Pharmaceuticals, Inc.",,Sale,"$1,001 - $15,000",8000.5,False,SELF,20002214,https://disclosures-clerk.house.gov/public_disc/ptr-pdfs/2014/20002214.pdf,3953b5030f967957f2e66df84108a925789888739d931b1126bee59b059281f3,0
L000559,James R. Langevin,house,Democrat,RI02,,False,2014-12-08,2014-12-12,FB,"Facebook, Inc. - Class a",,Sale,"$1,001 - $15,000",8000.5,False,SELF,20002214,https://disclosures-clerk.house.gov/public_disc/ptr-pdfs/2014/20002214.pdf,e47c3583341926b603bf4ea14dd58c284748a7164e9175387078b5c8a8817cb8,0
H001051,Richard L. Hanna,house,Republican,NY22,,False,2014-11-13,2014-12-12,AUY,Yamana gold Inc. ordinary Shares,,Purchase,"$50,001 - $100,000",75000.5,False,SELF,20002218,https://disclosures-clerk.house.gov/public_disc/ptr-pdfs/2014/20002218.pdf,64d2e1a4ddabb644df80b8b0a1cc609e22caeafba0713f4c6cecfdff831d9f76,1
H001051,Richard L. Hanna,house,Republican,NY22,,False,2014-11-11,2014-12-12,SNI,"Scripps Networks Interactive, Inc Common Class A",,Sale,"$50,001 - $100,000",75000.5,False,SELF,20002218,https://disclosures-clerk.house.gov/public_disc/ptr-pdfs/2014/20002218.pdf,703a22dd241996d5bfb4c7b6687f676a3adb503e55a2e792e91a9b4e2d55274c,0
H001051,Richard L. Hanna,house,Republican,NY22,,False,2014-11-28,2014-12-12,SNY,Sanofi American depositary Shares,,Purchase,"$100,001 - $250,000",175000.5,False,SELF,20002218,https://disclosures-clerk.house.gov/public_disc/ptr-pdfs/2014/20002218.pdf,6076bf371ed6f6a53e96540c7a7c1d68f11660cdd2c9378f4ce6c0a3b214e0ed,1
H001051,Richard L. Hanna,house,Republican,NY22,,False,2014-11-13,2014-12-12,TUP,Tupperware Brands Corporation,,Sale,"$1,001 - $15,000",8000.5,False,SELF,20002218,https://disclosures-clerk.house.gov/public_disc/ptr-pdfs/2014/20002218.pdf,b7b5ae82e75b455ddbcc0c787aefafebc1d704c86e0c06d12ae773da73bb5ad6,0
H001051,Richard L. Hanna,house,Republican,NY22,,False,2014-11-13,2014-12-12,,Yamana gold Inc. ordinary Shares,,Purchase,"$50,001 - $100,000",75000.5,False,SELF,20002218,https://disclosures-clerk.house.gov/public_disc/ptr-pdfs/2014/20002218.pdf,64d2e1a4ddabb644df80b8b0a1cc609e22caeafba0713f4c6cecfdff831d9f76,0
H001051,Richard L. Hanna,house,Republican,NY22,,False,2014-11-11,2014-12-12,,"Scripps Networks Interactive, Inc",,Sale,"$50,001 - $100,000",75000.5,False,SELF,20002218,https://disclosures-clerk.house.gov/public_disc/ptr-pdfs/2014/20002218.pdf,ea29d0cc82a3411e5ae5bdf63d490d8b3c92ad2281ed82445c2eeea471372aff,0
H001051,Richard L. Hanna,house,Republican,NY22,,False,2014-11-28,2014-12-12,,Sanofi American depositary Shares,,Purchase,"$100,001 - $250,000",175000.5,False,SELF,20002218,https://disclosures-clerk.house.gov/public_disc/ptr-pdfs/2014/20002218.pdf,6076bf371ed6f6a53e96540c7a7c1d68f11660cdd2c9378f4ce6c0a3b214e0ed,0
L000579,Alan S. Lowenthal,house,Democrat,CA47,,False,2014-12-11,2014-12-12,ACT,Actavis plc Ordinary Shares,,Purchase,"$15,001 - $50,000",32500.5,False,SP,20002217,https://disclosures-clerk.house.gov/public_disc/ptr-pdfs/2014/20002217.pdf,6f8143e16efe35ac79c4212423edb3e37a254d23aaacf7d639b30d79881497a2,0
H001051,Richard L. Hanna,house,Republican,NY22,,False,2014-11-13,2014-12-12,QCOM,QUALCoMM Incorporated,,Sale,"$1,001 - $15,000",8000.5,False,SELF,20002218,https://disclosures-clerk.house.gov/public_disc/ptr-pdfs/2014/20002218.pdf,2d1e12ae5f7b3f61d2f166fa1cb391ab3f6d4a2b0f944c42ba001d258b48a35b,0
H001051,Richard L. Hanna,house,Republican,NY22,,False,2014-11-19,2014-12-12,MON,Monsanto Company,,Purchase,"$100,001 - $250,000",175000.5,False,SELF,20002218,https://disclosures-clerk.house.gov/public_disc/ptr-pdfs/2014/20002218.pdf,c3c15a083de804715022b1ea0b26ce82d3b093356bd7f0c97751e13863391b38,0
H001051,Richard L. Hanna,house,Republican,NY22,,False,2014-11-19,2014-12-12,BEN,"Franklin Resources, Inc.",,Purchase,"$100,001 - $250,000",175000.5,False,SELF,20002218,https://disclosures-clerk.house.gov/public_disc/ptr-pdfs/2014/20002218.pdf,0ed98a6578b4f4f07310d3ec11fee12e677736bbc7eea7c7eb8c5dae99ed9101,0
H001051,Richard L. Hanna,house,Republican,NY22,,False,2014-11-13,2014-12-12,,"discovery Communications, Inc. - Series",,Purchase,"$1,001 - $15,000",8000.5,False,SELF,20002218,https://disclosures-clerk.house.gov/public_disc/ptr-pdfs/2014/20002218.pdf,235df98580eec48101ae56c1838e2a5096943405923645325363b23f276198c3,0
H001051,Richard L. Hanna,house,Republican,NY22,,False,2014-11-19,2014-12-12,APA,Apache Corporation,,Purchase,"$100,001 - $250,000",175000.5,False,SELF,20002218,https://disclosures-clerk.house.gov/public_disc/ptr-pdfs/2014/20002218.pdf,5d1078e28bb801b70f69a80acd17d0912153a6ec23a2b200cf628c9d3e7b8369,0
L000579,Alan S. Lowenthal,house,Democrat,CA47,,False,2014-12-09,2014-12-12,BLK,"BlackRock, Inc.",,Sale,"$15,001 - $50,000",32500.5,False,SP,20002217,https://disclosures-clerk.house.gov/public_disc/ptr-pdfs/2014/20002217.pdf,2a4ba851f9f4b9ae17d25d2e154de3c4a72e2771d527e0ff459b1948013d9820,0
L000579,Alan S. Lowenthal,house,Democrat,CA47,,False,2014-12-04,2014-12-12,ATVI,"Activision Blizzard, Inc",,Purchase,"$15,001 - $50,000",32500.5,False,SP,20002217,https://disclosures-clerk.house.gov/public_disc/ptr-pdfs/2014/20002217.pdf,956ce62799bd0c1fc9804193feaead1ee3dc97093c128d51223052f21f8c3fd8,0
L000579,Alan S. Lowenthal,house,Democrat,CA47,,False,2014-12-10,2014-12-12,AMZN,"Amazon.com, Inc.",,Sale,"$15,001 - $50,000",32500.5,False,SP,20002217,https://disclosures-clerk.house.gov/public_disc/ptr-pdfs/2014/20002217.pdf,b32bebaf12e426447bec0208c3ab9ebe6a1a4785a277925b78fd3d335338baf7,0
R000011,Nick J. Rahall,house,Democrat,WV03,,False,2014-11-04,2014-12-11,YUM,"Yum! Brands, Inc.",,Sale,"$1,001 - $15,000",8000.5,False,SELF,20002178,https://disclosures-clerk.house.gov/public_disc/ptr-pdfs/2014/20002178.pdf,69e87a130e822901a49a3d99d729e135c5f4fd3ff93720567ddb577c24a983bd,0
M000404,Jim McDermott,house,Democrat,WA07,,False,2014-11-20,2014-12-11,,bank America Corp,,Purchase,"$15,001 - $50,000",32500.5,False,SELF,20002188,https://disclosures-clerk.house.gov/public_disc/ptr-pdfs/2014/20002188.pdf,baed7ef6fe367fe4ca25fd8af66ce3c9e8d211a96acdf08b85a18ee36b1f8a3e,0
R000011,Nick J. Rahall,house,Democrat,WV03,,False,2014-11-12,2014-12-11,MUR,Murphy Oil Corporation,,Purchase,"$1,001 - $15,000",8000.5,False,SELF,20002178,https://disclosures-clerk.house.gov/public_disc/ptr-pdfs/2014/20002178.pdf,5f14ee712d64277a268e93973321a6cd8b03a35a1f078e415e665294324f8578,0
D000617,Suzan K. DelBene,house,Democrat,WA01,HSWM04; HSWM05; HSWM06; House Committee on Ways and Means,False,2014-11-13,2014-12-11,,uS Treasury Note 1.5% Due 07/31/2016,,Purchase,"$250,001 - $500,000",375000.5,False,JT,20002136,https://disclosures-clerk.house.gov/public_disc/ptr-pdfs/2014/20002136.pdf,8dc4c62074b1948e3cfce25861102aa8ec6bef16d63106cdd17bebf17f28d039,0
D000617,Suzan K. DelBene,house,Democrat,WA01,HSWM04; HSWM05; HSWM06; House Committee on Ways and Means,False,2014-11-06,2014-12-11,SZYM,"Solazyme, Inc.",,Sale,"$1,001 - $15,000",8000.5,False,JT,20002136,https://disclosures-clerk.house.gov/public_disc/ptr-pdfs/2014/20002136.pdf,d20923f4a4a05ad6b69747237af8b85b716d640fd48c9487515b4d64ee411594,0
D000617,Suzan K. DelBene,house,Democrat,WA01,HSWM04; HSWM05; HSWM06; House Committee on Ways and Means,False,2014-11-07,2014-12-11,,Monsanto Company 1.15% Due,,Purchase,"$100,001 - $250,000",175000.5,False,JT,20002136,https://disclosures-clerk.house.gov/public_disc/ptr-pdfs/2014/20002136.pdf,68c5e71b2b14f6979a1c4b2a6396716e769bd550bf911c8d59a37972d4b572f7,0
D000617,Suzan K. DelBene,house,Democrat,WA01,HSWM04; HSWM05; HSWM06; House Committee on Ways and Means,False,2014-12-05,2014-12-11,,Monsanto Company 1.15% Due,,Sale,"$100,001 - $250,000",175000.5,False,JT,20002136,https://disclosures-clerk.house.gov/public_disc/ptr-pdfs/2014/20002136.pdf,e06b1e390ca9a3b641fbbecbc4602ef9eab4704c6eb86badcd10b63e7082a609,0
M000404,Jim McDermott,house,Democrat,WA07,,False,2014-11-20,2014-12-11,,Goldman Sachs Group INC,,Sale,"$15,001 - $50,000",32500.5,False,SELF,20002188,https://disclosures-clerk.house.gov/public_disc/ptr-pdfs/2014/20002188.pdf,3bb26ba0e5d2c8d4ff58424dd6a28efe1ea1b6abce3e5da4ef733ce0901c5fe0,0
D000617,Suzan K. DelBene,house,Democrat,WA01,HSWM04; HSWM05; HSWM06; House Committee on Ways and Means,False,2014-11-28,2014-12-11,,global Partnerships SIF 5.0 3%,,Purchase,"$100,001 - $250,000",175000.5,False,JT,20002136,https://disclosures-clerk.house.gov/public_disc/ptr-pdfs/2014/20002136.pdf,5094a1bfdd7e0bd36780dc40adaeedc9ee4bd44615d9159bea268eda6ba01507,0
D000617,Suzan K. DelBene,house,Democrat,WA01,HSWM04; HSWM05; HSWM06; House Committee on Ways and Means,False,2014-11-06,2014-12-11,,Fl State B/E lottery 5% Due 07/01/17,,Sale,"$500,001 - $1,000,000",750000.5,False,JT,20002136,https://disclosures-clerk.house.gov/public_disc/ptr-pdfs/2014/20002136.pdf,d10c3bef678fb34c021ca0f870b1b5ea815580b5506713fc32a2ad32b80fb2ad,0
D000617,Suzan K. DelBene,house,Democrat,WA01,HSWM04; HSWM05; HSWM06; House Committee on Ways and Means,False,2014-11-19,2014-12-11,,FHlB .375% Due 06/24/16,,Purchase,"$500,001 - $1,000,000",750000.5,False,JT,20002136,https://disclosures-clerk.house.gov/public_disc/ptr-pdfs/2014/20002136.pdf,9de7c9d60b2fd836bc5dd93793377480531f7c741895119b15d45813a939fda9,0
D000617,Suzan K. DelBene,house,Democrat,WA01,HSWM04; HSWM05; HSWM06; House Committee on Ways and Means,False,2014-11-12,2014-12-11,,Energy NW Wa Ele 5.25% Due,,Purchase,"$1,001 - $15,000",8000.5,False,JT,20002136,https://disclosures-clerk.house.gov/public_disc/ptr-pdfs/2014/20002136.pdf,2ac825e68cfee6e6fc04638e87c7d8d7cd45a5e80506f6819186d06a8f3ca79b,0
C001075,William M. Cassidy,house,Republican,LA06,"SSEG01; SSEG04; SSEG07; SSFI10; SSFI11; SSFI14; SSHR09; SSHR11; SSHR12; Senate Committee on Energy and Natural Resources; Senate Committee on Finance; Senate Committee on Health, Education, Labor, and Pensions; Senate Committee on Veterans' Affairs",False,2014-09-11,2014-12-11,RIO,Rio Tinto Plc,,Sale,"$1,001 - $15,000",8000.5,False,SP,20002184,https://disclosures-clerk.house.gov/public_disc/ptr-pdfs/2014/20002184.pdf,936fd8656f6d5e3206d8280ac71fe37a80163decdd2b3089805b17528c41bf40,0
D000617,Suzan K. DelBene,house,Democrat,WA01,HSWM04; HSWM05; HSWM06; House Committee on Ways and Means,False,2014-11-18,2014-12-11,,County of Kane 4% Due 12/15/15,,Sale,"$500,001 - $1,000,000",750000.5,False,JT,20002136,https://disclosures-clerk.house.gov/public_disc/ptr-pdfs/2014/20002136.pdf,29b1edf3cae8de907c6a02875762e647172643aa0e92ea79847caa0d5ef0dd80,0
D000617,Suzan K. DelBene,house,Democrat,WA01,HSWM04; HSWM05; HSWM06; House Committee on Ways and Means,False,2014-11-07,2014-12-11,,aIg 5.85% Due 01/16/18,,Purchase,"$250,001 - $500,000",375000.5,False,JT,20002136,https://disclosures-clerk.house.gov/public_disc/ptr-pdfs/2014/20002136.pdf,e0e22dd9644f0fc86de2b0914012710c775755af784f0d4660b76b85a58fa540,0
B001260,Vern Buchanan,house,Republican,FL16,HSWM02; HSWM04; House Committee on Ways and Means; Joint Committee on Taxation,False,2014-11-17,2014-12-10,,Nevada St Unemployme 5.0% 06/01/18,,Purchase,"$100,001 - $250,000",175000.5,False,SELF,20002180,https://disclosures-clerk.house.gov/public_disc/ptr-pdfs/2014/20002180.pdf,fc65e4a0ff05448f79f48b72e7dc559ef342684d51b17c5cc20bb1caa80edc99,0
B001260,Vern Buchanan,house,Republican,FL16,HSWM02; HSWM04; House Committee on Ways and Means; Joint Committee on Taxation,False,2014-11-19,2014-12-10,,Virginia St Resource 5.0% 11/01/21,,Purchase,"$100,001 - $250,000",175000.5,False,SELF,20002180,https://disclosures-clerk.house.gov/public_disc/ptr-pdfs/2014/20002180.pdf,9a0bdcb2199c5c937abaf4cf11248e97a99c272a5a6e34f0e27c4d0ac83f84b8,0
B001260,Vern Buchanan,house,Republican,FL16,HSWM02; HSWM04; House Committee on Ways and Means; Joint Committee on Taxation,False,2014-11-13,2014-12-10,,Socorro TX Indep Sch 5.0% 08/15/23,,Sale,"$50,001 - $100,000",75000.5,False,SELF,20002180,https://disclosures-clerk.house.gov/public_disc/ptr-pdfs/2014/20002180.pdf,2a3d9dd1bac4128e11d0f4b80e66ff03282b296845316fe68d289ab9011c2f0c,0
B001260,Vern Buchanan,house,Republican,FL16,HSWM02; HSWM04; House Committee on Ways and Means; Joint Committee on Taxation,False,2014-11-17,2014-12-10,,Scottsdale aZ Muni 4.5% 7/01/20,,Purchase,"$100,001 - $250,000",175000.5,False,SELF,20002180,https://disclosures-clerk.house.gov/public_disc/ptr-pdfs/2014/20002180.pdf,4df4f89b64104ebab8fb9cb11e1bf0943e7981f230ac711e150f4cfb3c1f96dc,0
B001260,Vern Buchanan,house,Republican,FL16,HSWM02; HSWM04; House Committee on Ways and Means; Joint Committee on Taxation,False,2014-11-10,2014-12-10,,California St Public 5.0% 04/01/17,,Purchase,"$100,001 - $250,000",175000.5,False,SELF,20002180,https://disclosures-clerk.house.gov/public_disc/ptr-pdfs/2014/20002180.pdf,71b1c27e7a4ec4b24ad5b55ddd4d4a7900022b395fb684816a91e918bf2e1537,0
B001260,Vern Buchanan,house,Republican,FL16,HSWM02; HSWM04; House Committee on Ways and Means; Joint Committee on Taxation,False,2014-11-07,2014-12-10,,ohio St Hgr Eductnl Fa 5.0% 01/01/26,,Sale,"$50,001 - $100,000",75000.5,False,SELF,20002180,https://disclosures-clerk.house.gov/public_disc/ptr-pdfs/2014/20002180.pdf,2d28ae68d561a5ff1fa2bab5ffaf2f5ab5f7d609dd79f1d318a34e7d16800b55,0
B001260,Vern Buchanan,house,Republican,FL16,HSWM02; HSWM04; House Committee on Ways and Means; Joint Committee on Taxation,False,2014-11-14,2014-12-10,,San Jose Calif arpt 4.0% 03/01/16,,Purchase,"$100,001 - $250,000",175000.5,False,SELF,20002180,https://disclosures-clerk.house.gov/public_disc/ptr-pdfs/2014/20002180.pdf,9ebcd77a22073d2e0a94c622fae1674bfce9b974c7d3e0c62628460eb5e9a6f1,0
B001260,Vern Buchanan,house,Republican,FL16,HSWM02; HSWM04; House Committee on Ways and Means; Joint Committee on Taxation,False,2014-11-20,2014-12-10,,N TX Tollway auth RE 5.0% 01/01/20,,Purchase,"$100,001 - $250,000",175000.5,False,SELF,20002180,https://disclosures-clerk.house.gov/public_disc/ptr-pdfs/2014/20002180.pdf,8ffa603c5066aff67cc2c9c792501b15c5ae21e96446d070ff62b2b77187aca0,0
B001260,Vern Buchanan,house,Republican,FL16,HSWM02; HSWM04; House Committee on Ways and Means; Joint Committee on Taxation,False,2014-11-13,2014-12-10,,georgia St Rd & Twy au 5.0% 06/01/18,,Sale,"$15,001 - $50,000",32500.5,False,SELF,20002180,https://disclosures-clerk.house.gov/public_disc/ptr-pdfs/2014/20002180.pdf,859e26562e7b09c5a64c9115b12a4a21e4b576ef9f3573bcc3aa387a159af102,0
B001260,Vern Buchanan,house,Republican,FL16,HSWM02; HSWM04; House Committee on Ways and Means; Joint Committee on Taxation,False,2014-11-17,2014-12-10,,California St Public 5.0% 06/01/19,,Purchase,"$100,001 - $250,000",175000.5,False,SELF,20002180,https://disclosures-clerk.house.gov/public_disc/ptr-pdfs/2014/20002180.pdf,b147ec826cd194ee8a1896719d46da01c559d832d7edff5fb843a212df4f9c8d,0
B001260,Vern Buchanan,house,Republican,FL16,HSWM02; HSWM04; House Committee on Ways and Means; Joint Committee on Taxation,False,2014-11-24,2014-12-10,,California St Public 5.0% 11/01/22,,Purchase,"$100,001 - $250,000",175000.5,False,SELF,20002180,https://disclosures-clerk.house.gov/public_disc/ptr-pdfs/2014/20002180.pdf,75811241fc574cf771f01c13eac0701e51549c23e7562d63d592abaf6bb306e5,0
B001260,Vern Buchanan,house,Republican,FL16,HSWM02; HSWM04; House Committee on Ways and Means; Joint Committee on Taxation,False,2014-11-03,2014-12-10,,Charleston SC Eductn 5.0% 12/01/19,,Purchase,"$100,001 - $250,000",175000.5,False,SELF,20002180,https://disclosures-clerk.house.gov/public_disc/ptr-pdfs/2014/20002180.pdf,f68ab1232dbc0b0118ea51bffcc3980d06ac54f2e60f78915187ee63135d171a,0
B001260,Vern Buchanan,house,Republican,FL16,HSWM02; HSWM04; House Committee on Ways and Means; Joint Committee on Taxation,False,2014-11-17,2014-12-10,,Citizens Property Insu 5.0% 06/01/16,,Purchase,"$100,001 - $250,000",175000.5,False,SELF,20002180,https://disclosures-clerk.house.gov/public_disc/ptr-pdfs/2014/20002180.pdf,602f843d2d19c024e2de60b2d26fa6631e4d5bb32ee72ba3f4e5e5965a3e4280,0
B001260,Vern Buchanan,house,Republican,FL16,HSWM02; HSWM04; House Committee on Ways and Means; Joint Committee on Taxation,False,2014-11-19,2014-12-10,,Citizens Property Insu 5.0% 06/01/21,,Purchase,"$100,001 - $250,000",175000.5,False,SELF,20002180,https://disclosures-clerk.house.gov/public_disc/ptr-pdfs/2014/20002180.pdf,45575e54185102f825c4cdc22612e8fa9d2d2b7bd4a99d00a702303f2553bb2a,0
B001260,Vern Buchanan,house,Republican,FL16,HSWM02; HSWM04; House Committee on Ways and Means; Joint Committee on Taxation,False,2014-11-07,2014-12-10,,N Fort Bend TX Wtr a 5.25% 12/15/19,,Purchase,"$100,001 - $250,000",175000.5,False,SELF,20002180,https://disclosures-clerk.house.gov/public_disc/ptr-pdfs/2014/20002180.pdf,142481dc54b4eee04bfd7a07682c3796c8a929c68647eebfbdaa071ce6b668c2,0
B001260,Vern Buchanan,house,Republican,FL16,HSWM02; HSWM04; House Committee on Ways and Means; Joint Committee on Taxation,False,2014-11-05,2014-12-10,,douglas Cnty Co Sch 5.0% 12/15/22,,Purchase,"$250,001 - $500,000",375000.5,False,SELF,20002180,https://disclosures-clerk.house.gov/public_disc/ptr-pdfs/2014/20002180.pdf,ce474ed5ee5ba448942964432d7fd7d16739d015c1dd445e08f7d7e800d58f00,0
B001260,Vern Buchanan,house,Republican,FL16,HSWM02; HSWM04; House Committee on Ways and Means; Joint Committee on Taxation,False,2014-11-07,2014-12-10,,Clark Cnty NV 5.0% 11/01/27,,Sale,"$100,001 - $250,000",175000.5,False,SELF,20002180,https://disclosures-clerk.house.gov/public_disc/ptr-pdfs/2014/20002180.pdf,574ad7bd3c760166aedd8d6b9793c880cbe19f394ba2f8d5e13308bfa248cfd3,0
B001260,Vern Buchanan,house,Republican,FL16,HSWM02; HSWM04; House Committee on Ways and Means; Joint Committee on Taxation,False,2014-11-25,2014-12-10,,Illinois St Unemploy 5.0% 6/15/17,,Purchase,"$100,001 - $250,000",175000.5,False,SELF,20002180,https://disclosures-clerk.house.gov/public_disc/ptr-pdfs/2014/20002180.pdf,ab0dd5ec5113254692beee816a20d79adf60496187882469660e72a0b9038833,0
B001260,Vern Buchanan,house,Republican,FL16,HSWM02; HSWM04; House Committee on Ways and Means; Joint Committee on Taxation,False,2014-11-17,2014-12-10,,Kentucky asset / Liab 5.25% 9/01/19,,Purchase,"$100,001 - $250,000",175000.5,False,SELF,20002180,https://disclosures-clerk.house.gov/public_disc/ptr-pdfs/2014/20002180.pdf,dac578ee4c83d868e62aed7687f64fd529cd87352238302ef3cb07e4e380caf2,0
B001260,Vern Buchanan,house,Republican,FL16,HSWM02; HSWM04; House Committee on Ways and Means; Joint Committee on Taxation,False,2014-11-01,2014-12-10,,Lafayette La Utiliti 5.25% 11/01/18,,Sale,"$50,001 - $100,000",75000.5,False,SELF,20002180,https://disclosures-clerk.house.gov/public_disc/ptr-pdfs/2014/20002180.pdf,fbc4d449969cf5a1815a751a1b52144c9286487934aa925e376064bcc70af229,0
B001260,Vern Buchanan,house,Republican,FL16,HSWM02; HSWM04; House Committee on Ways and Means; Joint Committee on Taxation,False,2014-11-03,2014-12-10,,Los angeles Ca Unif 5.0% 07/01/21,,Purchase,"$100,001 - $250,000",175000.5,False,SELF,20002180,https://disclosures-clerk.house.gov/public_disc/ptr-pdfs/2014/20002180.pdf,7dc05ec1bdb8074fe07043d073d2b75d14db0e819826be6a76197ca3a9557067,0
W000413,Ed Whitfield,house,Republican,KY01,,False,2014-11-03,2014-12-09,MSG,type Date sP The Madison square garden Company - Class a,,Purchase,"$1,001 - $15,000",8000.5,False,SELF,20002179,https://disclosures-clerk.house.gov/public_disc/ptr-pdfs/2014/20002179.pdf,db2babab723bfb466a0bedc8434b561a537fe09e5cdbfd22e8a11c19b739f620,0
W000413,Ed Whitfield,house,Republican,KY01,,False,2014-11-03,2014-12-09,,The Madison square garden Company,,Purchase,"$1,001 - $15,000",8000.5,False,SP,20002179,https://disclosures-clerk.house.gov/public_disc/ptr-pdfs/2014/20002179.pdf,de7e7049efc7bc0b1aa17e727f1324d47e83b531893525c198c1422007a016aa,0
S000583,Lamar Smith,house,Republican,TX21,,False,2014-11-07,2014-12-08,,"Team Health Holdings, Inc. Team",,Sale,"$1,001 - $15,000",8000.5,False,SELF,20002138,https://disclosures-clerk.house.gov/public_disc/ptr-pdfs/2014/20002138.pdf,059ecd5749de78f0fb58f19c60e10eea9d336e41717b2932f660f83836397f2d,0
S000583,Lamar Smith,house,Republican,TX21,,False,2014-11-06,2014-12-08,QCOM,QUaLCoMM Incorporated,,Sale,"$1,001 - $15,000",8000.5,False,SELF,20002138,https://disclosures-clerk.house.gov/public_disc/ptr-pdfs/2014/20002138.pdf,918baa1f1034152cfc181c5477ba8ad1e344ef14cd9f81ddf866548df6f0a0ee,0
S000583,Lamar Smith,house,Republican,TX21,,False,2014-11-14,2014-12-08,BMRN,bioMarin Pharmaceutical Inc.,,Purchase,"$1,001 - $15,000",8000.5,False,SELF,20002138,https://disclosures-clerk.house.gov/public_disc/ptr-pdfs/2014/20002138.pdf,05905121a12869cbfe5923477f96aac63257545fa3c34635ada214c21047d2f8,0
S000583,Lamar Smith,house,Republican,TX21,,False,2014-10-31,2014-12-08,BMY,bristol-Myers Squibb Company,,Purchase,"$1,001 - $15,000",8000.5,False,SELF,20002138,https://disclosures-clerk.house.gov/public_disc/ptr-pdfs/2014/20002138.pdf,57c2884edd0b7bcb84d0fe2b1c7ddc7c2775cadbd8754422444d78e726726dd5,0
S000583,Lamar Smith,house,Republican,TX21,,False,2014-11-11,2014-12-08,COST,Costco Wholesale Corporation,,Sale,"$1,001 - $15,000",8000.5,False,SELF,20002138,https://disclosures-clerk.house.gov/public_disc/ptr-pdfs/2014/20002138.pdf,569c361dcd9c2402ea1f1519aa083d95e8bdf10684db7a8efc16c7893b9b04d8,0
S000583,Lamar Smith,house,Republican,TX21,,False,2014-11-14,2014-12-08,,"Fortune brands Home & Security, Inc.",,Sale,"$1,001 - $15,000",8000.5,False,SELF,20002138,https://disclosures-clerk.house.gov/public_disc/ptr-pdfs/2014/20002138.pdf,245d635bb8a9adec43c8d6364141319b614d5d02d6381e95e5c76ec22685fdf2,0
S000583,Lamar Smith,house,Republican,TX21,,False,2014-11-21,2014-12-08,SBH,"Sally beauty Holdings, Inc.",,Sale,"$1,001 - $15,000",8000.5,False,SELF,20002138,https://disclosures-clerk.house.gov/public_disc/ptr-pdfs/2014/20002138.pdf,a5b43aac09223cfc8909cbb111e2a326eafb59b89c60840f542d5fc297159822,0
S000583,Lamar Smith,house,Republican,TX21,,False,2014-11-05,2014-12-08,,"WageWorks, Inc. Common Stock $0.001",,Purchase,"$1,001 - $15,000",8000.5,False,SELF,20002138,https://disclosures-clerk.house.gov/public_disc/ptr-pdfs/2014/20002138.pdf,f81f642f853adfa11994a6efcd2889c737ad4115a34a662ed7eeadeaa114fe23,0
S000583,Lamar Smith,house,Republican,TX21,,False,2014-11-05,2014-12-08,WAGE,"WageWorks, Inc. Common Stock $0.001 par value",,Purchase,"$1,001 - $15,000",8000.5,False,SELF,20002138,https://disclosures-clerk.house.gov/public_disc/ptr-pdfs/2014/20002138.pdf,68a82725e7722ae50189da1f228a17ec581211f9ded868a50049b7357c8546fd,0
S000583,Lamar Smith,house,Republican,TX21,,False,2014-11-07,2014-12-08,TMH,"Team Health Holdings, Inc. Team Health Holdings, Inc.",,Sale,"$1,001 - $15,000",8000.5,False,SELF,20002138,https://disclosures-clerk.house.gov/public_disc/ptr-pdfs/2014/20002138.pdf,d086ce7d636c5554d42b724327ab2d125650c8a1b856995e11a3da00dc0b8902,0
S000583,Lamar Smith,house,Republican,TX21,,False,2014-11-14,2014-12-08,FBHS,"Fortune brands Home & Security, Inc.",,Sale,"$1,001 - $15,000",8000.5,False,SELF,20002138,https://disclosures-clerk.house.gov/public_disc/ptr-pdfs/2014/20002138.pdf,245d635bb8a9adec43c8d6364141319b614d5d02d6381e95e5c76ec22685fdf2,1
S000583,Lamar Smith,house,Republican,TX21,,False,2014-11-19,2014-12-08,P,"Pandora Media, Inc.",,Purchase,"$1,001 - $15,000",8000.5,False,SELF,20002138,https://disclosures-clerk.house.gov/public_disc/ptr-pdfs/2014/20002138.pdf,b8154e9ae307b950fdd6420af1ddf1c29e14033f8b7353b7053cec2914b94fe8,0
S000583,Lamar Smith,house,Republican,TX21,,False,2014-11-21,2014-12-08,,Perrigo Company plc ordinary Shares,,Purchase,"$1,001 - $15,000",8000.5,False,SELF,20002138,https://disclosures-clerk.house.gov/public_disc/ptr-pdfs/2014/20002138.pdf,2e59299ccdaa49a5ac603b507cdb1d26153622e3a37f67d94131044a70854aaf,0
S000583,Lamar Smith,house,Republican,TX21,,False,2014-11-19,2014-12-08,VRNT,Verint Systems Inc.,,Purchase,"$1,001 - $15,000",8000.5,False,SELF,20002138,https://disclosures-clerk.house.gov/public_disc/ptr-pdfs/2014/20002138.pdf,82a5e151b1812b119e54f940b575a3a3549a9023b94721f9c7d6a96a375a2138,0
S000583,Lamar Smith,house,Republican,TX21,,False,2014-11-21,2014-12-08,PRGO,Perrigo Company plc ordinary Shares,,Purchase,"$1,001 - $15,000",8000.5,False,SELF,20002138,https://disclosures-clerk.house.gov/public_disc/ptr-pdfs/2014/20002138.pdf,2e59299ccdaa49a5ac603b507cdb1d26153622e3a37f67d94131044a70854aaf,1
S000583,Lamar Smith,house,Republican,TX21,,False,2014-10-30,2014-12-08,GILD,"gilead Sciences, Inc.",,Sale,"$1,001 - $15,000",8000.5,False,SELF,20002138,https://disclosures-clerk.house.gov/public_disc/ptr-pdfs/2014/20002138.pdf,67f76db238ac98ead9e50c0c927ed9e44d7f387b2d4a39013fb7963479e7d6bd,0
F000461,Bill Flores,house,Republican,TX17,,False,2014-11-21,2014-12-04,,"Plains group Holdings, l.P. Class a",,Purchase,"$1,001 - $15,000",8000.5,False,SELF,20002146,https://disclosures-clerk.house.gov/public_disc/ptr-pdfs/2014/20002146.pdf,d7dda4ef30074a425d16e336eeaa8acff4fbe3563ab83572e2b8fa99af3d07f4,0
F000461,Bill Flores,house,Republican,TX17,,False,2014-11-18,2014-12-04,,"TPH Partners II, lP",,Purchase,"$15,001 - $50,000",32500.5,False,SELF,20002146,https://disclosures-clerk.house.gov/public_disc/ptr-pdfs/2014/20002146.pdf,864cb252350dab572b1acdd4e38bb9b43d076350bfd71da66baf3d83e22db4e6,0
F000461,Bill Flores,house,Republican,TX17,,False,2014-11-21,2014-12-04,PAGP,"type Date Plains group Holdings, l.P. Class a interests",,Purchase,"$1,001 - $15,000",8000.5,False,SELF,20002146,https://disclosures-clerk.house.gov/public_disc/ptr-pdfs/2014/20002146.pdf,5ead85d5b65996039c3c051d0fbc5264d4e0d7abbec9710a7969fc6a1b7d495c,0
C001062,K. Michael Conaway,house,Republican,TX11,,False,2014-11-17,2014-12-02,LMT,lockheed Martin Corporation,,Sale,"$1,001 - $15,000",8000.5,False,SP,20002132,https://disclosures-clerk.house.gov/public_disc/ptr-pdfs/2014/20002132.pdf,9c433829cdbbd24c1c33150c1a85f543c57bedd5e7e5a33d0b75d51eceef4fe5,0
W000413,Ed Whitfield,house,Republican,KY01,,False,2013-09-16,2014-12-02,LLTI,"laserlock Technologies, Inc.",,Sale,"$15,001 - $50,000",32500.5,False,SP,20002141,https://disclosures-clerk.house.gov/public_disc/ptr-pdfs/2014/20002141.pdf,af6dd6607a9eef7372361813f2cf54695c0fe84ef96ce1adaeda383a17999711,0
C001062,K. Michael Conaway,house,Republican,TX11,,False,2014-11-18,2014-12-02,BAX,baxter International Inc.,,Purchase,"$1,001 - $15,000",8000.5,False,SP,20002132,https://disclosures-clerk.house.gov/public_disc/ptr-pdfs/2014/20002132.pdf,c81e7607deedbac81f6be66d888fc66019dbacb4922a25c1f04beb4896d7d520,0
S000480,Louise McIntosh Slaughter,house,Democrat,NY25,,False,2014-11-12,2014-12-01,PG,Procter & gamble Company,,Purchase,"$1,001 - $15,000",8000.5,False,SELF,20001831,https://disclosures-clerk.house.gov/public_disc/ptr-pdfs/2014/20001831.pdf,e3ef45612a317ae2f23444554d8e15103e4c414b34c33e3348380609ca8677c7,0
D000399,Lloyd Doggett,house,Democrat,TX35,HSWM02; HSWM04; HSWM06; House Committee on Ways and Means; House Committee on the Budget; Joint Committee on Taxation,False,2014-11-18,2014-12-01,PG,Procter & gamble Company,,Purchase,"$1,001 - $15,000",8000.5,False,SELF,20002126,https://disclosures-clerk.house.gov/public_disc/ptr-pdfs/2014/20002126.pdf,789b4d423a1e023ec23d36336858cf43446dee2adb5e8147a40112b4a7208115,0
L000579,Alan S. Lowenthal,house,Democrat,CA47,,False,2014-11-18,2014-12-01,SNDK,SanDisk Corporation,,Purchase,"$15,001 - $50,000",32500.5,False,SP,20002133,https://disclosures-clerk.house.gov/public_disc/ptr-pdfs/2014/20002133.pdf,0c3fd67d637320599f192fbfd206009c2844566b574982531bf1e51b736f7b71,0
F000462,Lois Frankel,house,Democrat,FL22,HSAP04; HSAP07; House Committee on Appropriations,False,2014-10-30,2014-11-24,,"Telephone and Data systems, Inc.",,Sale,"$1,001 - $15,000",8000.5,False,SELF,20002106,https://disclosures-clerk.house.gov/public_disc/ptr-pdfs/2014/20002106.pdf,b1ad7bcb1602e8ca7f4afdf79fd5c35508f777ec995400acac4a7e71df7c462b,0
F000462,Lois Frankel,house,Democrat,FL22,HSAP04; HSAP07; House Committee on Appropriations,False,2014-11-12,2014-11-24,COV,Covidien plc. ordinary shares,,Sale,"$1,001 - $15,000",8000.5,False,SELF,20002106,https://disclosures-clerk.house.gov/public_disc/ptr-pdfs/2014/20002106.pdf,4f50b8461124126b7f1d1e139e8632a3c42ab1b6b56cc8406124c117a941a17b,0
F000462,Lois Frankel,house,Democrat,FL22,HSAP04; HSAP07; House Committee on Appropriations,False,2014-10-22,2014-11-24,CVX,Chevron Corporation,,Sale,"$1,001 - $15,000",8000.5,False,SELF,20002106,https://disclosures-clerk.house.gov/public_disc/ptr-pdfs/2014/20002106.pdf,281c07fc8d0e226e9e66e4413642e0c72f8ec1e54452e7ece2a718b57ae5e175,0
F000462,Lois Frankel,house,Democrat,FL22,HSAP04; HSAP07; House Committee on Appropriations,False,2014-11-14,2014-11-24,STJ,"st. Jude Medical, Inc.",,Purchase,"$1,001 - $15,000",8000.5,False,SELF,20002106,https://disclosures-clerk.house.gov/public_disc/ptr-pdfs/2014/20002106.pdf,fa13e750ab4131e8499559a5e1bdf3334346db7427417bc9ae71a69ba77dfbe7,0
F000462,Lois Frankel,house,Democrat,FL22,HSAP04; HSAP07; House Committee on Appropriations,False,2014-10-16,2014-11-24,MCK,McKesson Corporation,,Sale,"$1,001 - $15,000",8000.5,False,SELF,20002106,https://disclosures-clerk.house.gov/public_disc/ptr-pdfs/2014/20002106.pdf,2ef424f8e6e6a4ea531aa28853ec5cabf50a15e75418a4d4de6dea2fbb98bba5,0
F000462,Lois Frankel,house,Democrat,FL22,HSAP04; HSAP07; House Committee on Appropriations,False,2014-10-30,2014-11-24,TDS,"Telephone and Data systems, Inc. Common shares",,Sale,"$1,001 - $15,000",8000.5,False,SELF,20002106,https://disclosures-clerk.house.gov/public_disc/ptr-pdfs/2014/20002106.pdf,f1884bb4f2971a8d4e55053e3e7f6508f5c512b20f34a3ec5a9043a2eea0f7d9,0
F000462,Lois Frankel,house,Democrat,FL22,HSAP04; HSAP07; House Committee on Appropriations,False,2014-11-05,2014-11-24,,International business Machines,,Sale,"$1,001 - $15,000",8000.5,False,SELF,20002106,https://disclosures-clerk.house.gov/public_disc/ptr-pdfs/2014/20002106.pdf,11434bb8863b9e04818daf7b34a8f328782b3fbd0316a6712cc9106de8b2a56e,0
F000462,Lois Frankel,house,Democrat,FL22,HSAP04; HSAP07; House Committee on Appropriations,False,2014-11-05,2014-11-24,UTX,united Technologies Corporation,,Purchase,"$1,001 - $15,000",8000.5,False,SELF,20002106,https://disclosures-clerk.house.gov/public_disc/ptr-pdfs/2014/20002106.pdf,9ddb8eb3d9decba836d3a4a7043f3f08d307d2d45f52b4e5dd12036ee31428c2,0
F000462,Lois Frankel,house,Democrat,FL22,HSAP04; HSAP07; House Committee on Appropriations,False,2014-11-05,2014-11-24,IBM,International business Machines Corporation,,Sale,"$1,001 - $15,000",8000.5,False,SELF,20002106,https://disclosures-clerk.house.gov/public_disc/ptr-pdfs/2014/20002106.pdf,b82e7066302aa08b122038db981d4979f1a33b86f97db09784ad1272a98818cf,0
F000462,Lois Frankel,house,Democrat,FL22,HSAP04; HSAP07; House Committee on Appropriations,False,2014-10-22,2014-11-24,TXN,Texas Instruments Incorporated,,Purchase,"$1,001 - $15,000",8000.5,False,SELF,20002106,https://disclosures-clerk.house.gov/public_disc/ptr-pdfs/2014/20002106.pdf,e6f0f8b3cb1495a419fdf91831a78821be8f116cdb877d71d500555fc9cbf0ae,0
F000462,Lois Frankel,house,Democrat,FL22,HSAP04; HSAP07; House Committee on Appropriations,False,2014-10-29,2014-11-24,MTB,M&T bank Corporation,,Sale,"$1,001 - $15,000",8000.5,False,SELF,20002106,https://disclosures-clerk.house.gov/public_disc/ptr-pdfs/2014/20002106.pdf,12b8812d01b2beed14eedd532930ff748f71869aaa5b1adfbeb2ba0d8f5ddb74,0
P000595,Gary C. Peters,house,Democrat,MI14,"SSAP01; SSAP14; SSAP16; SSAP19; SSAP22; SSAS14; SSAS20; SSAS21; SSCM34; SSCM36; SSCM37; SSCM38; SSGA01; SSGA20; SSGA22; Senate Committee on Appropriations; Senate Committee on Armed Services; Senate Committee on Commerce, Science, and Transportation; Senate Committee on Homeland Security and Governmental Affairs",False,2014-11-10,2014-11-21,SLB,Schlumberger N.V.,,Purchase,"$1,001 - $15,000",8000.5,False,SELF,20002072,https://disclosures-clerk.house.gov/public_disc/ptr-pdfs/2014/20002072.pdf,b86dd8cb2811e1696015b625346e7cc9b2734f12447c51e24b7e1f655ff57a59,0
P000595,Gary C. Peters,house,Democrat,MI14,"SSAP01; SSAP14; SSAP16; SSAP19; SSAP22; SSAS14; SSAS20; SSAS21; SSCM34; SSCM36; SSCM37; SSCM38; SSGA01; SSGA20; SSGA22; Senate Committee on Appropriations; Senate Committee on Armed Services; Senate Committee on Commerce, Science, and Transportation; Senate Committee on Homeland Security and Governmental Affairs",False,2014-11-10,2014-11-21,MCC,Medley Capital Corporation,,Purchase,"$1,001 - $15,000",8000.5,False,SELF,20002072,https://disclosures-clerk.house.gov/public_disc/ptr-pdfs/2014/20002072.pdf,e710e7038e053a92ff1e96dd6a58a60ec0d7e9df63faeea784775420ff057bd9,0
B000589,John A. Boehner,house,Republican,OH08,,False,2014-11-03,2014-11-21,HYH,"Halyard Health, Inc.",,Exchange,"$1,001 - $15,000",8000.5,False,SELF,20002095,https://disclosures-clerk.house.gov/public_disc/ptr-pdfs/2014/20002095.pdf,1076d6be3bd1cf3ddb9f8e9da4dd7d90041f6b425315239d3b0c326fb80345a3,0
P000595,Gary C. Peters,house,Democrat,MI14,"SSAP01; SSAP14; SSAP16; SSAP19; SSAP22; SSAS14; SSAS20; SSAS21; SSCM34; SSCM36; SSCM37; SSCM38; SSGA01; SSGA20; SSGA22; Senate Committee on Appropriations; Senate Committee on Armed Services; Senate Committee on Commerce, Science, and Transportation; Senate Committee on Homeland Security and Governmental Affairs",False,2014-11-18,2014-11-21,WPC,W.P. Carey Inc. REIT,,Purchase,"$1,001 - $15,000",8000.5,False,SELF,20002072,https://disclosures-clerk.house.gov/public_disc/ptr-pdfs/2014/20002072.pdf,8d4c71f7878ec2733c6a1ef1beff1962057521484df0f661bc5a8b7cd38eba2c,0
P000595,Gary C. Peters,house,Democrat,MI14,"SSAP01; SSAP14; SSAP16; SSAP19; SSAP22; SSAS14; SSAS20; SSAS21; SSCM34; SSCM36; SSCM37; SSCM38; SSGA01; SSGA20; SSGA22; Senate Committee on Appropriations; Senate Committee on Armed Services; Senate Committee on Commerce, Science, and Transportation; Senate Committee on Homeland Security and Governmental Affairs",False,2014-11-10,2014-11-21,EMR,Emerson Electric Company,,Purchase,"$1,001 - $15,000",8000.5,False,SELF,20002072,https://disclosures-clerk.house.gov/public_disc/ptr-pdfs/2014/20002072.pdf,b238c99e5495bc840442e23d3e2a6216147dce669dff7e8aa4be7c924f9723fb,0
D000617,Suzan K. DelBene,house,Democrat,WA01,HSWM04; HSWM05; HSWM06; House Committee on Ways and Means,False,2014-10-09,2014-11-20,SPWR,SunPower Corporation,,Purchase,"$1,001 - $15,000",8000.5,False,JT,20001988,https://disclosures-clerk.house.gov/public_disc/ptr-pdfs/2014/20001988.pdf,87240584e76b1476e70e8c0a86644706633d632aec9014b4ba01293c969616cf,0
D000617,Suzan K. DelBene,house,Democrat,WA01,HSWM04; HSWM05; HSWM06; House Committee on Ways and Means,False,2014-10-17,2014-11-20,SYT,Syngenta ag,,Sale,"$15,001 - $50,000",32500.5,False,JT,20001988,https://disclosures-clerk.house.gov/public_disc/ptr-pdfs/2014/20001988.pdf,dbff60e45831ff23daf61c7742bc40c574dc398ed70a71d9a8e9a16f4f63b6f2,0
D000617,Suzan K. DelBene,house,Democrat,WA01,HSWM04; HSWM05; HSWM06; House Committee on Ways and Means,False,2014-10-17,2014-11-20,SUNE,"SunEdison, Inc.",,Purchase,"$1,001 - $15,000",8000.5,False,JT,20001988,https://disclosures-clerk.house.gov/public_disc/ptr-pdfs/2014/20001988.pdf,43d73d431c282c958bfd39f09bd57d277eac42cfe3181529517a038659c76a1e,0
D000617,Suzan K. DelBene,house,Democrat,WA01,HSWM04; HSWM05; HSWM06; House Committee on Ways and Means,False,2014-10-17,2014-11-20,,Zumtobel group ag (B13WZ26),,Sale,"$1,001 - $15,000",8000.5,False,JT,20001988,https://disclosures-clerk.house.gov/public_disc/ptr-pdfs/2014/20001988.pdf,ae29743255146a00d9c3ac6413faa472e323a2261da7d16383945cd6c5d3ef64,0
D000617,Suzan K. DelBene,house,Democrat,WA01,HSWM04; HSWM05; HSWM06; House Committee on Ways and Means,False,2014-10-22,2014-11-20,,Va Pub Bldg auth 5% Due 08/01/15,,Sale,"$100,001 - $250,000",175000.5,False,JT,20001988,https://disclosures-clerk.house.gov/public_disc/ptr-pdfs/2014/20001988.pdf,ab71709cd4386b88940a573dab2cf91a932c6c89b841cbd0c14e6e1ec2081b6d,0
D000617,Suzan K. DelBene,house,Democrat,WA01,HSWM04; HSWM05; HSWM06; House Committee on Ways and Means,False,2014-10-10,2014-11-20,XYL,Xylem Inc. Common Stock New,,Purchase,"$15,001 - $50,000",32500.5,False,JT,20001988,https://disclosures-clerk.house.gov/public_disc/ptr-pdfs/2014/20001988.pdf,13e2787dc7a37a17d06e01e5739c24852e975e4064d705ef118c6dca7fe89fa9,0
D000617,Suzan K. DelBene,house,Democrat,WA01,HSWM04; HSWM05; HSWM06; House Committee on Ways and Means,False,2014-10-10,2014-11-20,,"Nuverra Environmental Solutions, Inc.",,Sale,"$15,001 - $50,000",32500.5,False,JT,20001988,https://disclosures-clerk.house.gov/public_disc/ptr-pdfs/2014/20001988.pdf,ec66233e87e97a3f0a544661f5c859501497514a3069aad9213fb7e479f95c8a,0
D000617,Suzan K. DelBene,house,Democrat,WA01,HSWM04; HSWM05; HSWM06; House Committee on Ways and Means,False,2014-10-20,2014-11-20,,Zumtobel group ag (B13WZ26),,Sale,"$1,001 - $15,000",8000.5,False,JT,20001988,https://disclosures-clerk.house.gov/public_disc/ptr-pdfs/2014/20001988.pdf,bae61f5c00d2c008d003ab397d71bcd626910053713ec870c2fbd74eaa112bdd,0
D000617,Suzan K. DelBene,house,Democrat,WA01,HSWM04; HSWM05; HSWM06; House Committee on Ways and Means,False,2014-10-21,2014-11-20,,Zumtobel group ag (B13WZ26),,Sale,"$1,001 - $15,000",8000.5,False,JT,20001988,https://disclosures-clerk.house.gov/public_disc/ptr-pdfs/2014/20001988.pdf,fa42b241bb261aac1492424f91c944a272c9f0e26b45e5023db019ae4124c488,0
D000617,Suzan K. DelBene,house,Democrat,WA01,HSWM04; HSWM05; HSWM06; House Committee on Ways and Means,False,2014-10-10,2014-11-20,NES,"Nuverra Environmental Solutions, Inc.",,Sale,"$15,001 - $50,000",32500.5,False,JT,20001988,https://disclosures-clerk.house.gov/public_disc/ptr-pdfs/2014/20001988.pdf,ec66233e87e97a3f0a544661f5c859501497514a3069aad9213fb7e479f95c8a,1
D000617,Suzan K. DelBene,house,Democrat,WA01,HSWM04; HSWM05; HSWM06; House Committee on Ways and Means,False,2014-10-21,2014-11-20,,Port of Seattle 4% Due 06/01/17,,Sale,"$500,001 - $1,000,000",750000.5,False,JT,20001988,https://disclosures-clerk.house.gov/public_disc/ptr-pdfs/2014/20001988.pdf,e691c6073c8378a2f496cbc9e5bcc83eab119ee1d81f4daccac616197a49e444,0
D000617,Suzan K. DelBene,house,Democrat,WA01,HSWM04; HSWM05; HSWM06; House Committee on Ways and Means,False,2014-10-08,2014-11-20,,u Colorado Regents 5% Due 06/01/22,,Sale,"$250,001 - $500,000",375000.5,False,JT,20001988,https://disclosures-clerk.house.gov/public_disc/ptr-pdfs/2014/20001988.pdf,761076bbf89151dcca1ec1114ae7c6e2e266950cfb27d9d3bddd081b7395cca2,0
D000617,Suzan K. DelBene,house,Democrat,WA01,HSWM04; HSWM05; HSWM06; House Committee on Ways and Means,False,2014-10-22,2014-11-20,OMX,NaSDaQ oMX grp 5.25% due 01/16/18,,Purchase,"$250,001 - $500,000",375000.5,False,JT,20001988,https://disclosures-clerk.house.gov/public_disc/ptr-pdfs/2014/20001988.pdf,27d512cb3996e6785a3b1e02b35a470fbd59684d033c4f14f692b0c063c46b70,0
D000617,Suzan K. DelBene,house,Democrat,WA01,HSWM04; HSWM05; HSWM06; House Committee on Ways and Means,False,2014-10-07,2014-11-20,,Dignity Health 2014a 3.812% Due 11-01,,Purchase,"$500,001 - $1,000,000",750000.5,False,JT,20001988,https://disclosures-clerk.house.gov/public_disc/ptr-pdfs/2014/20001988.pdf,4caefa763877445799fc5407730b6262957e43699c049c6caa99eb69c34b0478,0
D000617,Suzan K. DelBene,house,Democrat,WA01,HSWM04; HSWM05; HSWM06; House Committee on Ways and Means,False,2014-10-22,2014-11-20,,Morgan Stanley Sr Nt-F 4.75% Due,,Purchase,"$250,001 - $500,000",375000.5,False,JT,20001988,https://disclosures-clerk.house.gov/public_disc/ptr-pdfs/2014/20001988.pdf,7d15fa0bcf3add0666bc50f7e248ac47d9ff9d6e9bc732f4fcfab21817d019b0,0
D000617,Suzan K. DelBene,house,Democrat,WA01,HSWM04; HSWM05; HSWM06; House Committee on Ways and Means,False,2014-10-17,2014-11-20,ABB,aBB ltd,,Sale,"$15,001 - $50,000",32500.5,False,JT,20001988,https://disclosures-clerk.house.gov/public_disc/ptr-pdfs/2014/20001988.pdf,9239829a66720aa4ddeabb789cca00c4005e01c1b96d5e554fe6ef7e703fc612,0
D000617,Suzan K. DelBene,house,Democrat,WA01,HSWM04; HSWM05; HSWM06; House Committee on Ways and Means,False,2014-10-09,2014-11-20,BIOA,Bioamber Inc.,,Purchase,"$1,001 - $15,000",8000.5,False,JT,20001988,https://disclosures-clerk.house.gov/public_disc/ptr-pdfs/2014/20001988.pdf,6ab5c03934d73190bf251e8af959f29d75f27d6a0e18208c8a76796577dd1835,0
D000617,Suzan K. DelBene,house,Democrat,WA01,HSWM04; HSWM05; HSWM06; House Committee on Ways and Means,False,2014-10-10,2014-11-20,BIOA,Bioamber Inc.,,Purchase,"$1,001 - $15,000",8000.5,False,JT,20001988,https://disclosures-clerk.house.gov/public_disc/ptr-pdfs/2014/20001988.pdf,9cd4264aa9505d16571e96df18777a2b0cfc0a5f60af22a08cb2492e72963de9,0
D000617,Suzan K. DelBene,house,Democrat,WA01,HSWM04; HSWM05; HSWM06; House Committee on Ways and Means,False,2014-10-17,2014-11-20,BWA,BorgWarner Inc.,,Purchase,"$1,001 - $15,000",8000.5,False,JT,20001988,https://disclosures-clerk.house.gov/public_disc/ptr-pdfs/2014/20001988.pdf,99598f5c298e79b1d85529a23a3fb5e94cf721804a802bab2519d1710bf221f4,0
D000617,Suzan K. DelBene,house,Democrat,WA01,HSWM04; HSWM05; HSWM06; House Committee on Ways and Means,False,2014-10-09,2014-11-20,CREE,"Cree, Inc.",,Sale,"$1,001 - $15,000",8000.5,False,JT,20001988,https://disclosures-clerk.house.gov/public_disc/ptr-pdfs/2014/20001988.pdf,a02562ced990ca01ef2bab88a034d4b5c46ef873be6e995a88fd4a3b9e9f5673,0
D000617,Suzan K. DelBene,house,Democrat,WA01,HSWM04; HSWM05; HSWM06; House Committee on Ways and Means,False,2014-10-22,2014-11-20,,Bear Stearns Co 5.55% Due 01/22/17,,Purchase,"$100,001 - $250,000",175000.5,False,JT,20001988,https://disclosures-clerk.house.gov/public_disc/ptr-pdfs/2014/20001988.pdf,980c6e2b89e8ec15da6dc7ecf5d0d26f3aa76b1298146dc39053d6a2fa3c8ffc,0
D000617,Suzan K. DelBene,house,Democrat,WA01,HSWM04; HSWM05; HSWM06; House Committee on Ways and Means,False,2014-10-31,2014-11-20,,global Partnerships SIF 5.0 3%,,Purchase,"$250,001 - $500,000",375000.5,False,JT,20001988,https://disclosures-clerk.house.gov/public_disc/ptr-pdfs/2014/20001988.pdf,880abbda922defb2bf49d4c2601fb5fbe705a701802ebff6e0ec7bf6508de344,0
D000617,Suzan K. DelBene,house,Democrat,WA01,HSWM04; HSWM05; HSWM06; House Committee on Ways and Means,False,2014-10-08,2014-11-20,,Fl State Brd Ed Rev 5% Due 06/01/24,,Sale,"$250,001 - $500,000",375000.5,False,JT,20001988,https://disclosures-clerk.house.gov/public_disc/ptr-pdfs/2014/20001988.pdf,5bc0eb6c2566ec8568dd1369e5cc3ad272823174db5015d75e2ce8c2f3bf0ed2,0
D000617,Suzan K. DelBene,house,Democrat,WA01,HSWM04; HSWM05; HSWM06; House Committee on Ways and Means,False,2014-10-17,2014-11-20,FLS,Flowserve Corporation,,Purchase,"$1,001 - $15,000",8000.5,False,JT,20001988,https://disclosures-clerk.house.gov/public_disc/ptr-pdfs/2014/20001988.pdf,ea4160326cd255bb3abc0817044d16c412efdf7115e97ff8c937546cf82629f9,0
D000617,Suzan K. DelBene,house,Democrat,WA01,HSWM04; HSWM05; HSWM06; House Committee on Ways and Means,False,2014-10-31,2014-11-20,,global Partnerships Microfinance Fund,,Sale,"$100,001 - $250,000",175000.5,False,SP,20001988,https://disclosures-clerk.house.gov/public_disc/ptr-pdfs/2014/20001988.pdf,6dbaa0649384cc87f081e579d8d24438b78c94615c7978c23e0a2d728c3983fb,0
D000617,Suzan K. DelBene,house,Democrat,WA01,HSWM04; HSWM05; HSWM06; House Committee on Ways and Means,False,2014-10-17,2014-11-20,MBLY,Mobileye N.V. ordinary Shares,,Purchase,"$1,001 - $15,000",8000.5,False,JT,20001988,https://disclosures-clerk.house.gov/public_disc/ptr-pdfs/2014/20001988.pdf,103393585c0f8e6bea4ad6b00d95413e75fe730ec812840cdce33675ab21cb3a,0
B000574,Earl Blumenauer,house,Democrat,OR03,,False,2014-11-14,2014-11-19,NWN,type Date sP Northwest Natural gas Company,,Purchase,"$1,001 - $15,000",8000.5,False,SELF,20002073,https://disclosures-clerk.house.gov/public_disc/ptr-pdfs/2014/20002073.pdf,29135732a82fb9bdcc36189da1803d45601a45d87e4f7750e2358cd3566d1611,0
B000574,Earl Blumenauer,house,Democrat,OR03,,False,2014-11-14,2014-11-19,,Northwest Natural gas Company,,Purchase,"$1,001 - $15,000",8000.5,False,SP,20002073,https://disclosures-clerk.house.gov/public_disc/ptr-pdfs/2014/20002073.pdf,423b59c6d76d638d4537ec4195e22536378f517ef14833001e479bdcff60f6e7,0
O000170,Beto O'Rourke,house,Democrat,TX16,,False,2014-10-14,2014-11-14,EPD,Enterprise Products Partners L.P.,,Purchase,"$1,001 - $15,000",8000.5,False,SP,20002063,https://disclosures-clerk.house.gov/public_disc/ptr-pdfs/2014/20002063.pdf,e83ed6615c6c76d97b5643cd7501db5073858bd9d2eb9cdf17e268662c09b499,0
O000170,Beto O'Rourke,house,Democrat,TX16,,False,2014-10-15,2014-11-14,WMB,"Williams Companies, Inc.",,Purchase,"$1,001 - $15,000",8000.5,False,SP,20002063,https://disclosures-clerk.house.gov/public_disc/ptr-pdfs/2014/20002063.pdf,7474bc774c8011877fb8edbb0e81bdb7db09e1ef2335e8d846f40dfd81044d64,0
B001260,Vern Buchanan,house,Republican,FL16,HSWM02; HSWM04; House Committee on Ways and Means; Joint Committee on Taxation,False,2014-10-01,2014-11-13,,Tennessee hsg Dev agy,,Sale,"$1,001 - $15,000",8000.5,False,SELF,20002042,https://disclosures-clerk.house.gov/public_disc/ptr-pdfs/2014/20002042.pdf,d8c051e3b052373d08ac74b706ab8bc234e78bd8eb6fe8da7b0389ee80d584cc,0
W000413,Ed Whitfield,house,Republican,KY01,,False,2014-10-13,2014-11-13,DIS,Walt Disney Company,,Purchase,"$1,001 - $15,000",8000.5,False,SP,20002039,https://disclosures-clerk.house.gov/public_disc/ptr-pdfs/2014/20002039.pdf,8c2cc05aca6c85ae6f8b13ff9e49afd76fd301df8a6f593ea827775ce5a6f36f,0
W000413,Ed Whitfield,house,Republican,KY01,,False,2014-10-28,2014-11-13,MSG,The Madison square garden Company - Class a,,Purchase,"$1,001 - $15,000",8000.5,False,SP,20002039,https://disclosures-clerk.house.gov/public_disc/ptr-pdfs/2014/20002039.pdf,75cab3602a08e78c5917f41363d4e3e57cce6e46784256c40a244eac1f339ae1,0
W000413,Ed Whitfield,house,Republican,KY01,,False,2014-10-28,2014-11-13,,The Madison square garden Company,,Purchase,"$1,001 - $15,000",8000.5,False,SP,20002039,https://disclosures-clerk.house.gov/public_disc/ptr-pdfs/2014/20002039.pdf,c3b916521f18edd94bb3b86e715972988bcf47f8e301654acf10b81d6c138ae3,0
B001260,Vern Buchanan,house,Republican,FL16,HSWM02; HSWM04; House Committee on Ways and Means; Joint Committee on Taxation,False,2014-10-27,2014-11-13,,New York City NY Tra 5.0%,,Purchase,"$100,001 - $250,000",175000.5,False,SELF,20002042,https://disclosures-clerk.house.gov/public_disc/ptr-pdfs/2014/20002042.pdf,4a8c124435d1447d9e96f1b713276281171a07b67749f6d711a578f2f8f93ebc,0
W000413,Ed Whitfield,house,Republican,KY01,,False,2014-10-01,2014-11-13,,"Discovery Communications, Inc. - series",,Purchase,"$1,001 - $15,000",8000.5,False,SP,20002039,https://disclosures-clerk.house.gov/public_disc/ptr-pdfs/2014/20002039.pdf,ec47ebe29f9a2bcc6b21405c93ad60d3aac362feed8b40b910c90793217115ce,0
O000169,William L. Owens,house,Democrat,NY21,,False,2014-11-06,2014-11-13,ONVO,"Organovo holdings, Inc.",,Purchase,"$1,001 - $15,000",8000.5,False,SELF,20002022,https://disclosures-clerk.house.gov/public_disc/ptr-pdfs/2014/20002022.pdf,8b7a7cde9b520d289e85e80e5e649f41103bf0c198a72b4c4e85ab74d30be562,0
B001260,Vern Buchanan,house,Republican,FL16,HSWM02; HSWM04; House Committee on Ways and Means; Joint Committee on Taxation,False,2014-10-28,2014-11-13,,Seminole Cnty Fla S 4.25%,,Purchase,"$100,001 - $250,000",175000.5,False,SELF,20002042,https://disclosures-clerk.house.gov/public_disc/ptr-pdfs/2014/20002042.pdf,8e3afdcbe47cfac60e6992c4506bb6419c375b237ce13123e902213a6ac2e1a2,0
B001260,Vern Buchanan,house,Republican,FL16,HSWM02; HSWM04; House Committee on Ways and Means; Joint Committee on Taxation,False,2014-10-30,2014-11-13,,Georgia St hsg & Fin 2.45%,,Sale,"$50,001 - $100,000",75000.5,False,SELF,20002042,https://disclosures-clerk.house.gov/public_disc/ptr-pdfs/2014/20002042.pdf,f8a68cc42b450104d237fbb21e623d21f5cf5d9e0547cc5f1c2c058902a9247c,0
B001260,Vern Buchanan,house,Republican,FL16,HSWM02; HSWM04; House Committee on Ways and Means; Joint Committee on Taxation,False,2014-10-01,2014-11-13,,Michigan ST hsg Dev auth Renta hsg,,Sale,"$1,001 - $15,000",8000.5,False,SELF,20002042,https://disclosures-clerk.house.gov/public_disc/ptr-pdfs/2014/20002042.pdf,64e24d3f798af4673c6cf8e9410dd0776730de7a0b351b31622311b6972c3064,0
B001260,Vern Buchanan,house,Republican,FL16,HSWM02; HSWM04; House Committee on Ways and Means; Joint Committee on Taxation,False,2014-10-30,2014-11-13,,Massachusette St Wtr 5.0%,,Purchase,"$100,001 - $250,000",175000.5,False,SELF,20002042,https://disclosures-clerk.house.gov/public_disc/ptr-pdfs/2014/20002042.pdf,d7c87caf895995c9c9f50bce503e3b6e78acda81c11cbe5c4061994ad87914b9,0
W000413,Ed Whitfield,house,Republican,KY01,,False,2014-10-01,2014-11-13,DISCK,"type Date sP Discovery Communications, Inc. - series C",,Purchase,"$1,001 - $15,000",8000.5,False,SELF,20002039,https://disclosures-clerk.house.gov/public_disc/ptr-pdfs/2014/20002039.pdf,decac2334ec0255d4900fa3b8b6377e03ef3164a7ab7992d99d447d60cfde837,0
B001260,Vern Buchanan,house,Republican,FL16,HSWM02; HSWM04; House Committee on Ways and Means; Joint Committee on Taxation,False,2014-10-30,2014-11-13,,Chicago IL Brd of Ed 5.0%,,Purchase,"$100,001 - $250,000",175000.5,False,SELF,20002042,https://disclosures-clerk.house.gov/public_disc/ptr-pdfs/2014/20002042.pdf,b3b730c03ae26d4396b04c1a586fd7e5cbff38f65fac7bf07a8b6c2836089972,0
W000413,Ed Whitfield,house,Republican,KY01,,False,2014-10-15,2014-11-13,DIS,Walt Disney Company,,Purchase,"$1,001 - $15,000",8000.5,False,SP,20002039,https://disclosures-clerk.house.gov/public_disc/ptr-pdfs/2014/20002039.pdf,feca39f628b9a722d6473232d1c04e5cbcb7a3566581d136ea805a8cd44ba5a8,0
R000011,Nick J. Rahall,house,Democrat,WV03,,False,2014-10-13,2014-11-12,,"american Realty Capital Properties, Inc.",,Purchase,"$1,001 - $15,000",8000.5,False,SELF,20002021,https://disclosures-clerk.house.gov/public_disc/ptr-pdfs/2014/20002021.pdf,d20ca82e01cab1e17b6f4fc3918642ffacbc3824e7d2dd04787e059de54877b1,0
S000583,Lamar Smith,house,Republican,TX21,,False,2014-10-16,2014-11-12,TW,Towers Watson & Co Common Stock Class a,,Purchase,"$1,001 - $15,000",8000.5,False,SELF,20001990,https://disclosures-clerk.house.gov/public_disc/ptr-pdfs/2014/20001990.pdf,c7d26d80489f161844dfcb8c777dd74d7443095e5dae3a389e8832719f59a23f,0
R000011,Nick J. Rahall,house,Democrat,WV03,,False,2014-10-21,2014-11-12,,"american Realty Capital Properties, Inc.",,Sale,"$1,001 - $15,000",8000.5,False,SELF,20002021,https://disclosures-clerk.house.gov/public_disc/ptr-pdfs/2014/20002021.pdf,6bff5306ac00500fc5edbb2f90cde721dd89d1d88e5fbdfbe4710dce762b4c9e,0
R000011,Nick J. Rahall,house,Democrat,WV03,,False,2014-10-28,2014-11-12,,Powershares DB agriculture Fund,,Purchase,"$1,001 - $15,000",8000.5,False,SELF,20002021,https://disclosures-clerk.house.gov/public_disc/ptr-pdfs/2014/20002021.pdf,ba66d532553bad317813158bdf4e5cb2c88667c0defc3b1535ce5338a7bf9e40,0
G000551,Raúl M. Grijalva,house,Democrat,AZ03,,False,2014-10-30,2014-11-12,EMC,EMC Corporation,,Sale,"$1,001 - $15,000",8000.5,False,SP,20002038,https://disclosures-clerk.house.gov/public_disc/ptr-pdfs/2014/20002038.pdf,c605db9200bf1fa0fd87887b303bdaaeda73555eefc4c1773e9334492c44aa2c,0
G000551,Raúl M. Grijalva,house,Democrat,AZ03,,False,2014-10-02,2014-11-12,JPM,JP Morgan Chase & Co.,,Purchase,"$1,001 - $15,000",8000.5,False,SP,20002038,https://disclosures-clerk.house.gov/public_disc/ptr-pdfs/2014/20002038.pdf,5e2d1546d86caf2892635d3c5ee3ea16f280aedd086902bd3528d79315bc0401,0
S000583,Lamar Smith,house,Republican,TX21,,False,2014-10-24,2014-11-12,ANSS,"aNSYS, Inc.",,Sale,"$1,001 - $15,000",8000.5,False,SELF,20001990,https://disclosures-clerk.house.gov/public_disc/ptr-pdfs/2014/20001990.pdf,9b47ee57b1afd0dd9dae14d5e0945c93f861edb5ef1c4a990b778383221384a3,0
S000583,Lamar Smith,house,Republican,TX21,,False,2014-10-16,2014-11-12,,Towers Watson & Co Common Stock,,Purchase,"$1,001 - $15,000",8000.5,False,SELF,20001990,https://disclosures-clerk.house.gov/public_disc/ptr-pdfs/2014/20001990.pdf,754675463409fbee5ac1668e5c147acc62e65ce8ca42aaeef788b561e86a4dcd,0
S000583,Lamar Smith,house,Republican,TX21,,False,2014-10-17,2014-11-12,CP,Canadian Pacific Railway Limited,,Sale,"$1,001 - $15,000",8000.5,False,SELF,20001990,https://disclosures-clerk.house.gov/public_disc/ptr-pdfs/2014/20001990.pdf,65d4d0fd8522f89f8e9d1c7f05f598c58a1f3a014c49e1213dde4ccc32c2c129,0
G000551,Raúl M. Grijalva,house,Democrat,AZ03,,False,2014-10-02,2014-11-12,MTW,"Manitowoc Company, Inc.",,Sale,"$1,001 - $15,000",8000.5,False,SP,20002038,https://disclosures-clerk.house.gov/public_disc/ptr-pdfs/2014/20002038.pdf,28cada894f1000786241069196294f60192a34769be6276ee6ae117da973b9d8,0
S000583,Lamar Smith,house,Republican,TX21,,False,2014-10-24,2014-11-12,AME,"aMETEK, Inc.",,Purchase,"$1,001 - $15,000",8000.5,False,SELF,20001990,https://disclosures-clerk.house.gov/public_disc/ptr-pdfs/2014/20001990.pdf,cff4b4783bfda8f9a5677ae53ed1cb49e473eaea4b501ecd5dbf64c963bdfb61,0
R000011,Nick J. Rahall,house,Democrat,WV03,,False,2014-10-14,2014-11-12,DBA,Powershares DB agriculture Fund,,Sale,"$1,001 - $15,000",8000.5,False,SELF,20002021,https://disclosures-clerk.house.gov/public_disc/ptr-pdfs/2014/20002021.pdf,8ce48966a62395d00afaca7d88ab3bc3d6889d8a9efe27ac0e0710e13bbf23a4,1
R000011,Nick J. Rahall,house,Democrat,WV03,,False,2014-10-28,2014-11-12,DBA,Powershares DB agriculture Fund,,Purchase,"$1,001 - $15,000",8000.5,False,SELF,20002021,https://disclosures-clerk.house.gov/public_disc/ptr-pdfs/2014/20002021.pdf,ba66d532553bad317813158bdf4e5cb2c88667c0defc3b1535ce5338a7bf9e40,1
R000011,Nick J. Rahall,house,Democrat,WV03,,False,2014-10-21,2014-11-12,ARCP,"american Realty Capital Properties, Inc.",,Sale,"$1,001 - $15,000",8000.5,False,SELF,20002021,https://disclosures-clerk.house.gov/public_disc/ptr-pdfs/2014/20002021.pdf,6bff5306ac00500fc5edbb2f90cde721dd89d1d88e5fbdfbe4710dce762b4c9e,1
S000583,Lamar Smith,house,Republican,TX21,,False,2014-10-08,2014-11-12,LL,"Lumber Liquidators Holdings, Inc",,Purchase,"$1,001 - $15,000",8000.5,False,SELF,20001990,https://disclosures-clerk.house.gov/public_disc/ptr-pdfs/2014/20001990.pdf,1d09bab20ee0fa0e7dd0c9d27325b4dad3db0dcc15923fa39f6e625be04303bd,0
R000011,Nick J. Rahall,house,Democrat,WV03,,False,2014-10-13,2014-11-12,ARCP,"type Date american Realty Capital Properties, Inc.",,Purchase,"$1,001 - $15,000",8000.5,False,SELF,20002021,https://disclosures-clerk.house.gov/public_disc/ptr-pdfs/2014/20002021.pdf,c3a4c6bc8a5e07d13b76e5ffe6deb0727d7bb5c16063d291875a7839ed56276d,0
S000583,Lamar Smith,house,Republican,TX21,,False,2014-10-02,2014-11-12,CP,Canadian Pacific Railway Limited,,Sale,"$1,001 - $15,000",8000.5,False,SELF,20001990,https://disclosures-clerk.house.gov/public_disc/ptr-pdfs/2014/20001990.pdf,b8f3feff18cde015e5099bdfe6a99bc32227d7d6f62b07d3830c790e1802eb6b,0
S000583,Lamar Smith,house,Republican,TX21,,False,2014-10-24,2014-11-12,CHD,"Church & dwight Company, Inc.",,Sale,"$1,001 - $15,000",8000.5,False,SELF,20001990,https://disclosures-clerk.house.gov/public_disc/ptr-pdfs/2014/20001990.pdf,919ebe417d6488a0587dce3b83e3c07d2e161ec79cd58cf8b01814fc87926b0e,0
S000583,Lamar Smith,house,Republican,TX21,,False,2014-10-16,2014-11-12,EXAS,Exact Sciences Corporation,,Purchase,"$1,001 - $15,000",8000.5,False,SELF,20001990,https://disclosures-clerk.house.gov/public_disc/ptr-pdfs/2014/20001990.pdf,ffbcd5eec3f36148218167b7afed14015b2edfd815d17d76836a8809efbefec1,0
S000583,Lamar Smith,house,Republican,TX21,,False,2014-10-15,2014-11-12,FAST,Fastenal Company,,Sale,"$1,001 - $15,000",8000.5,False,SELF,20001990,https://disclosures-clerk.house.gov/public_disc/ptr-pdfs/2014/20001990.pdf,f62e9cc76d1601ea3579bc258383e85f693c3b611ce21c724c2359710f286c96,0
S000583,Lamar Smith,house,Republican,TX21,,False,2014-10-06,2014-11-12,IDXX,"IdEXX Laboratories, Inc.",,Purchase,"$1,001 - $15,000",8000.5,False,SELF,20001990,https://disclosures-clerk.house.gov/public_disc/ptr-pdfs/2014/20001990.pdf,e21f7ad281c52fd1e7df35a4f4d07649c20b5e1a630fa7e27688deeeebaa552b,0
R000011,Nick J. Rahall,house,Democrat,WV03,,False,2014-10-14,2014-11-12,,Powershares DB agriculture Fund,,Sale,"$1,001 - $15,000",8000.5,False,SELF,20002021,https://disclosures-clerk.house.gov/public_disc/ptr-pdfs/2014/20002021.pdf,8ce48966a62395d00afaca7d88ab3bc3d6889d8a9efe27ac0e0710e13bbf23a4,0
H001051,Richard L. Hanna,house,Republican,NY22,,False,2014-10-15,2014-11-11,OXY,occidental Petroleum Corporation,,Sale,"$100,001 - $250,000",175000.5,False,SELF,20002032,https://disclosures-clerk.house.gov/public_disc/ptr-pdfs/2014/20002032.pdf,72410118663aabfa991483d85ad4030015d1c54a17aeb8e6ec727bfa6d8aa018,1
H001051,Richard L. Hanna,house,Republican,NY22,,False,2014-10-15,2014-11-11,TROW,"T. Rowe Price group, Inc.",,Sale,"$100,001 - $250,000",175000.5,False,SELF,20002032,https://disclosures-clerk.house.gov/public_disc/ptr-pdfs/2014/20002032.pdf,c15bf9281120872f6386e89e942dc665c23c3c4ac0a96dd5259776e1b574a23f,0
H001051,Richard L. Hanna,house,Republican,NY22,,False,2014-10-17,2014-11-11,,"Scripps Networks Interactive, Inc",,Purchase,"$15,001 - $50,000",32500.5,False,SELF,20002032,https://disclosures-clerk.house.gov/public_disc/ptr-pdfs/2014/20002032.pdf,24b6e7556528d8d18b56b3129b77520c6db01251bcd0efeafa9cfd01e3469cd6,0
H001051,Richard L. Hanna,house,Republican,NY22,,False,2014-10-17,2014-11-11,SNI,"Scripps Networks Interactive, Inc Common Class a",,Purchase,"$15,001 - $50,000",32500.5,False,SELF,20002032,https://disclosures-clerk.house.gov/public_disc/ptr-pdfs/2014/20002032.pdf,c54109d6313a49270b5aa10aa66f71d783cb5270a0963b53c04dfc551772be8b,0
F000451,Michael G. Fitzpatrick,house,Republican,PA08,,False,2014-10-15,2014-11-11,PNR,Pentair plc. Ordinary Share,,Sale,"$1,001 - $15,000",8000.5,False,SELF,20002034,https://disclosures-clerk.house.gov/public_disc/ptr-pdfs/2014/20002034.pdf,4598bab226fb9ad61125c23feaa3c6bf7428af62a7efa686b0092f341a9813be,0
S001148,Michael K. Simpson,house,Republican,ID02,HSAP06; HSAP07; HSAP10; House Committee on Appropriations,False,2014-09-30,2014-11-11,,asahi group Holdings ltd Ordinary,,Sale,"$1,001 - $15,000",8000.5,False,SELF,20002033,https://disclosures-clerk.house.gov/public_disc/ptr-pdfs/2014/20002033.pdf,f2947e81370c23daab3ea8a1b8de64eebadad894a59271152c23e39433d99283,0
F000451,Michael G. Fitzpatrick,house,Republican,PA08,,False,2014-10-15,2014-11-11,HON,honeywell International Inc.,,Purchase,"$1,001 - $15,000",8000.5,False,SELF,20002034,https://disclosures-clerk.house.gov/public_disc/ptr-pdfs/2014/20002034.pdf,bbd3543a8b8f3dfe704ecade2a435fa2388627d7187649fdf5baabfed2ed5430,0
H001051,Richard L. Hanna,house,Republican,NY22,,False,2014-10-23,2014-11-11,DLR,"digital Realty Trust, Inc.",,Sale,"$1,001 - $15,000",8000.5,False,SELF,20002032,https://disclosures-clerk.house.gov/public_disc/ptr-pdfs/2014/20002032.pdf,ffd9f3c5073a398682725927d1b804675bcc9dbe93ae17a89e5c1625e647369e,0
S001148,Michael K. Simpson,house,Republican,ID02,HSAP06; HSAP07; HSAP10; House Committee on Appropriations,False,2014-10-15,2014-11-11,,leroy Seafood group asa Ordinary,,Sale,"$1,001 - $15,000",8000.5,False,SELF,20002033,https://disclosures-clerk.house.gov/public_disc/ptr-pdfs/2014/20002033.pdf,de60e699bc8a13df876ef60ec93f0851f6a971bce73fb37a766501e4f08e713f,0
S001148,Michael K. Simpson,house,Republican,ID02,HSAP06; HSAP07; HSAP10; House Committee on Appropriations,False,2014-10-02,2014-11-11,,golden agri-Resources limited,,Sale,"$1,001 - $15,000",8000.5,False,SELF,20002033,https://disclosures-clerk.house.gov/public_disc/ptr-pdfs/2014/20002033.pdf,d43a21cbb463d48a997bc23e9d98eb2975bae1dfdcda09382f8904c91a4ae149,0
H001051,Richard L. Hanna,house,Republican,NY22,,False,2014-10-15,2014-11-11,APA,apache Corporation,,Sale,"$100,001 - $250,000",175000.5,False,SELF,20002032,https://disclosures-clerk.house.gov/public_disc/ptr-pdfs/2014/20002032.pdf,45de6cd741748b9353dd111feae9e63d2f11bf50a974f6381de921ec3c0b7d83,0
S001148,Michael K. Simpson,house,Republican,ID02,HSAP06; HSAP07; HSAP10; House Committee on Appropriations,False,2014-10-07,2014-11-11,,golden agri-Resources limited,,Sale,"$1,001 - $15,000",8000.5,False,SELF,20002033,https://disclosures-clerk.house.gov/public_disc/ptr-pdfs/2014/20002033.pdf,be73ed876eecc655b285b8278ef75f2f65d1a2ba284a0744bd82998e96eb2c52,0
S001148,Michael K. Simpson,house,Republican,ID02,HSAP06; HSAP07; HSAP10; House Committee on Appropriations,False,2014-10-09,2014-11-11,GG,goldcorp Inc.,,Purchase,"$1,001 - $15,000",8000.5,False,SELF,20002033,https://disclosures-clerk.house.gov/public_disc/ptr-pdfs/2014/20002033.pdf,7afb57de45c43b0b47beadcc7f218d11737972a8c4a79d359f6ce115a12227c5,0
S001148,Michael K. Simpson,house,Republican,ID02,HSAP06; HSAP07; HSAP10; House Committee on Appropriations,False,2014-10-03,2014-11-11,FOJCF,Fortum Corporation,,Sale,"$1,001 - $15,000",8000.5,False,SELF,20002033,https://disclosures-clerk.house.gov/public_disc/ptr-pdfs/2014/20002033.pdf,3e14d71ba0909c936a0faf0a169ee331271e2963a34b1a2441e84915cd7a45d3,0
B001274,Mo Brooks,house,Republican,AL05,,False,2014-11-03,2014-11-11,SDLP,type Date JT seadrill Partners llC Common units Interests,,Purchase,"$1,001 - $15,000",8000.5,False,SELF,20002031,https://disclosures-clerk.house.gov/public_disc/ptr-pdfs/2014/20002031.pdf,d22e8d1d5a88e1de8aaf90bf57993d50f3249329ee1dc4c9d52db4cadc8ed728,0
H001051,Richard L. Hanna,house,Republican,NY22,,False,2014-10-15,2014-11-11,DGX,Quest diagnostics Incorporated,,Sale,"$1,001 - $15,000",8000.5,False,JT,20002032,https://disclosures-clerk.house.gov/public_disc/ptr-pdfs/2014/20002032.pdf,c10039d4a552f88fb7edc3a0cf8285e0c73a4dcab1d60e1928f85456ee393b3f,0
H001051,Richard L. Hanna,house,Republican,NY22,,False,2014-10-15,2014-11-11,F,Ford Motor Company,,Sale,"$1,001 - $15,000",8000.5,False,JT,20002032,https://disclosures-clerk.house.gov/public_disc/ptr-pdfs/2014/20002032.pdf,b6e4c9dd8bc1d9bfd3fa7b3dca7f831b28b4e8c72a45476eda379e5549d323d3,0
H001051,Richard L. Hanna,house,Republican,NY22,,False,2014-10-15,2014-11-11,BEN,"Franklin Resources, Inc.",,Sale,"$100,001 - $250,000",175000.5,False,SELF,20002032,https://disclosures-clerk.house.gov/public_disc/ptr-pdfs/2014/20002032.pdf,7168fcb0b80cea32cadb615bf2b62f139c38741300f06ac9eb6173f984bc7a41,0
H001051,Richard L. Hanna,house,Republican,NY22,,False,2014-10-21,2014-11-11,HTZ,"Hertz global Holdings, Inc",,Purchase,"$1,001 - $15,000",8000.5,False,SELF,20002032,https://disclosures-clerk.house.gov/public_disc/ptr-pdfs/2014/20002032.pdf,39cdb7399a3fa2370fe458d1ff3fffc0bf2f3e63fa954bc72a2b75e2b2c169e8,0
H001051,Richard L. Hanna,house,Republican,NY22,,False,2014-10-23,2014-11-11,HES,Hess Corporation,,Purchase,"$1,001 - $15,000",8000.5,False,SELF,20002032,https://disclosures-clerk.house.gov/public_disc/ptr-pdfs/2014/20002032.pdf,ea44949f7d5fb414b1d92b6f4ddcb0beb77899e844b96589041135beff5d0b2f,0
H001051,Richard L. Hanna,house,Republican,NY22,,False,2014-10-15,2014-11-11,MRO,Marathon oil Corporation,,Sale,"$1,001 - $15,000",8000.5,False,JT,20002032,https://disclosures-clerk.house.gov/public_disc/ptr-pdfs/2014/20002032.pdf,ec22cce5773fd0c4cb80db3c84b4b3cad9ca1c2b3964a0653dddbfaa2572e4e9,0
S001148,Michael K. Simpson,house,Republican,ID02,HSAP06; HSAP07; HSAP10; House Committee on Appropriations,False,2014-09-30,2014-11-11,ASBRF,type Date asahi group Holdings ltd Ordinary Shares,,Sale,"$1,001 - $15,000",8000.5,False,SELF,20002033,https://disclosures-clerk.house.gov/public_disc/ptr-pdfs/2014/20002033.pdf,4a33c092aef68b6c86cd00079873e0e2d2fe65238ef0771eb4b860675c93a81d,0
H001051,Richard L. Hanna,house,Republican,NY22,,False,2014-10-15,2014-11-11,MON,Monsanto Company,,Sale,"$50,001 - $100,000",75000.5,False,SELF,20002032,https://disclosures-clerk.house.gov/public_disc/ptr-pdfs/2014/20002032.pdf,4087b66b9f4b7e0acdaae5f8b786d77500e6e5edd0101e12a981c683ce68983c,0
H001051,Richard L. Hanna,house,Republican,NY22,,False,2014-10-23,2014-11-11,MON,Monsanto Company,,Purchase,"$1,001 - $15,000",8000.5,False,SELF,20002032,https://disclosures-clerk.house.gov/public_disc/ptr-pdfs/2014/20002032.pdf,b15b65c618fa0e60f7cbbfbdf3cfd78e98058ff0408b6174f52ac81f27a086fa,0
B001274,Mo Brooks,house,Republican,AL05,,False,2014-11-03,2014-11-11,,seadrill Partners llC Common units,,Purchase,"$1,001 - $15,000",8000.5,False,JT,20002031,https://disclosures-clerk.house.gov/public_disc/ptr-pdfs/2014/20002031.pdf,750bc30ec11d215abf3dd2f5b3cc8c32f19833ee62ce30ccb0a3427dbbe088d9,0
S001148,Michael K. Simpson,house,Republican,ID02,HSAP06; HSAP07; HSAP10; House Committee on Appropriations,False,2014-10-07,2014-11-11,GARPF,golden agri-Resources limited Ordinary Shares,,Sale,"$1,001 - $15,000",8000.5,False,SELF,20002033,https://disclosures-clerk.house.gov/public_disc/ptr-pdfs/2014/20002033.pdf,c9f3fcaa36c59db0d8cb1010c0dcab109aafce5c62c38b2bddd27d20b923fb91,0
S001148,Michael K. Simpson,house,Republican,ID02,HSAP06; HSAP07; HSAP10; House Committee on Appropriations,False,2014-10-02,2014-11-11,GARPF,golden agri-Resources limited Ordinary Shares,,Sale,"$1,001 - $15,000",8000.5,False,SELF,20002033,https://disclosures-clerk.house.gov/public_disc/ptr-pdfs/2014/20002033.pdf,1df84f685a9497c33de45d4999e7bf590e948ccf630769904ed00bdb0754d163,0
S001148,Michael K. Simpson,house,Republican,ID02,HSAP06; HSAP07; HSAP10; House Committee on Appropriations,False,2014-10-15,2014-11-11,LYSFF,leroy Seafood group asa Ordinary Shares,,Sale,"$1,001 - $15,000",8000.5,False,SELF,20002033,https://disclosures-clerk.house.gov/public_disc/ptr-pdfs/2014/20002033.pdf,5467935368a4d276e5d0368125051abce8b96c33ea785a016a50e3addab1bdea,0
H001051,Richard L. Hanna,house,Republican,NY22,,False,2014-10-15,2014-11-11,,occidental Petroleum Corporation,,Sale,"$100,001 - $250,000",175000.5,False,SELF,20002032,https://disclosures-clerk.house.gov/public_disc/ptr-pdfs/2014/20002032.pdf,72410118663aabfa991483d85ad4030015d1c54a17aeb8e6ec727bfa6d8aa018,0
F000461,Bill Flores,house,Republican,TX17,,False,2014-10-17,2014-11-10,ACN,Type Date accenture plc. Class a Ordinary shares,,Purchase,"$1,001 - $15,000",8000.5,False,SELF,20002029,https://disclosures-clerk.house.gov/public_disc/ptr-pdfs/2014/20002029.pdf,a801e1d6e924bdcb3795878175762682cf4634ec2ce1d090e6f10dd9647f7c4d,0
F000461,Bill Flores,house,Republican,TX17,,False,2014-10-17,2014-11-10,IBM,International Business Machines Corporation,,Purchase,"$1,001 - $15,000",8000.5,False,SELF,20002029,https://disclosures-clerk.house.gov/public_disc/ptr-pdfs/2014/20002029.pdf,20e1c2f7523738035753696bb91a470caa5a7cfe11c699fb623543bcace52fa3,0
F000461,Bill Flores,house,Republican,TX17,,False,2014-10-17,2014-11-10,ADP,"automatic Data Processing, Inc.",,Purchase,"$1,001 - $15,000",8000.5,False,SELF,20002029,https://disclosures-clerk.house.gov/public_disc/ptr-pdfs/2014/20002029.pdf,6dc56df509fa79107e991ad4caa368196c4e03fa7e26b60608539db55932b8a6,0
F000461,Bill Flores,house,Republican,TX17,,False,2014-10-17,2014-11-10,,"Western gas Equity Partners, lP",,Purchase,"$15,001 - $50,000",32500.5,False,SELF,20002029,https://disclosures-clerk.house.gov/public_disc/ptr-pdfs/2014/20002029.pdf,fd66107b3a87d3b6031a0fc5aa8355bdc21e8f1b5bc1c0583d52e4f96857d72a,0
F000461,Bill Flores,house,Republican,TX17,,False,2014-10-17,2014-11-10,JNJ,Johnson & Johnson,,Purchase,"$1,001 - $15,000",8000.5,False,SELF,20002029,https://disclosures-clerk.house.gov/public_disc/ptr-pdfs/2014/20002029.pdf,264beaac1fdda1108165e9c92d813d1ca7a706589e7ed21c4577214d7e61885c,0
F000461,Bill Flores,house,Republican,TX17,,False,2014-10-17,2014-11-10,,International Business Machines,,Purchase,"$1,001 - $15,000",8000.5,False,SELF,20002029,https://disclosures-clerk.house.gov/public_disc/ptr-pdfs/2014/20002029.pdf,3d33b2d287a58946c1fb12bd01ac71025b2e9a3cfcc939df68ee56e9eafc194d,0
F000461,Bill Flores,house,Republican,TX17,,False,2014-10-17,2014-11-10,INTC,Intel Corporation,,Purchase,"$1,001 - $15,000",8000.5,False,SELF,20002029,https://disclosures-clerk.house.gov/public_disc/ptr-pdfs/2014/20002029.pdf,07ef698038fa9ab1fc24c7e58aaf613be38cc2c21b9064fe6b316368680c6b29,0
F000461,Bill Flores,house,Republican,TX17,,False,2014-10-17,2014-11-10,LLY,Eli lilly and Company,,Purchase,"$1,001 - $15,000",8000.5,False,SELF,20002029,https://disclosures-clerk.house.gov/public_disc/ptr-pdfs/2014/20002029.pdf,4e0ebad025e25998ee1a6a6cececc64375d55b71aa73d2c2d032f85dda278b6a,0
F000461,Bill Flores,house,Republican,TX17,,False,2014-10-17,2014-11-10,CVX,Chevron Corporation,,Sale,"$50,001 - $100,000",75000.5,False,SELF,20002029,https://disclosures-clerk.house.gov/public_disc/ptr-pdfs/2014/20002029.pdf,7081bda1b5fb66c265b4f343a13a82bc89e155e60e0cdc9074953fc15542dbd5,0
F000461,Bill Flores,house,Republican,TX17,,False,2014-10-07,2014-11-10,CDK,"CDK global, Inc.",,Sale,"$1,001 - $15,000",8000.5,False,SELF,20002029,https://disclosures-clerk.house.gov/public_disc/ptr-pdfs/2014/20002029.pdf,3bbe64c3e8da37e16959faf3196483a367e78bf11fbf6c0c6b684978eb8611e9,0
F000461,Bill Flores,house,Republican,TX17,,False,2014-10-17,2014-11-10,,accenture plc. Class a Ordinary shares,,Purchase,"$1,001 - $15,000",8000.5,False,SELF,20002029,https://disclosures-clerk.house.gov/public_disc/ptr-pdfs/2014/20002029.pdf,b77b7121f31b2072798e36e1142c0586756e3d72bfb9a9230bd359e53dbc6c7e,0
L000579,Alan S. Lowenthal,house,Democrat,CA47,,False,2014-10-31,2014-11-10,IACI,IAC/InterActiveCorp,,Sale,"$15,001 - $50,000",32500.5,False,SP,20002020,https://disclosures-clerk.house.gov/public_disc/ptr-pdfs/2014/20002020.pdf,99d5d5f9304625e7572ed9e24f35ed55be9899f8ea975d79f7be813b08bad2a4,0
C001062,K. Michael Conaway,house,Republican,TX11,,False,2014-10-10,2014-11-06,PEG,Public service Enterprise group Incorporated,,Purchase,"$1,001 - $15,000",8000.5,False,SP,20001994,https://disclosures-clerk.house.gov/public_disc/ptr-pdfs/2014/20001994.pdf,0301adc5e551f24410675429db8d87cddf4c3e109728d455e71dd0409b7a0c59,0
F000450,Virginia Foxx,house,Republican,NC05,HSED02; HSGO24; House Committee on Education and Workforce; House Committee on Oversight and Government Reform; House Committee on Rules,False,2014-10-13,2014-11-06,,"Merck & Company, Inc. Common stock",,Sale,"$50,001 - $100,000",75000.5,False,JT,20001995,https://disclosures-clerk.house.gov/public_disc/ptr-pdfs/2014/20001995.pdf,afd2ec238057fe098489d8ff9a6b758d37faaaadd61a62eb989d026cdd7e6885,0
F000450,Virginia Foxx,house,Republican,NC05,HSED02; HSGO24; House Committee on Education and Workforce; House Committee on Oversight and Government Reform; House Committee on Rules,False,2014-10-01,2014-11-06,ORI,Old Republic International Corporation,,Sale,"$15,001 - $50,000",32500.5,False,JT,20001995,https://disclosures-clerk.house.gov/public_disc/ptr-pdfs/2014/20001995.pdf,dbd17592229ef9c0f31f7febc5f2d967be8d2f6f52ced0dc073188293731814f,1
F000450,Virginia Foxx,house,Republican,NC05,HSED02; HSGO24; House Committee on Education and Workforce; House Committee on Oversight and Government Reform; House Committee on Rules,False,2014-10-13,2014-11-06,MRK,"type Date JT Merck & Company, Inc. Common stock",,Sale,"$50,001 - $100,000",75000.5,False,SELF,20001995,https://disclosures-clerk.house.gov/public_disc/ptr-pdfs/2014/20001995.pdf,6a7dc5ee54a5019ae173dd71e749a633468b55d99f909bb0d2073a0cfeef2d0d,0
C001062,K. Michael Conaway,house,Republican,TX11,,False,2014-10-03,2014-11-06,VZ,Verizon Communications Inc.,,Sale,"$1,001 - $15,000",8000.5,False,SP,20001994,https://disclosures-clerk.house.gov/public_disc/ptr-pdfs/2014/20001994.pdf,011d8b923f6acbe2c95d38ed74167833510030c2bcf02ed7f9bbf865e1c8fd22,0
C001062,K. Michael Conaway,house,Republican,TX11,,False,2014-10-10,2014-11-06,UNP,union Pacific Corporation,,Sale,"$1,001 - $15,000",8000.5,False,SP,20001994,https://disclosures-clerk.house.gov/public_disc/ptr-pdfs/2014/20001994.pdf,e0c35510dfaa2cabbe5ab383dee436b2e2171ff88d7f45b4f066a3b786953165,0
C001062,K. Michael Conaway,house,Republican,TX11,,False,2014-10-01,2014-11-06,CRM,salesforce.com Inc,,Purchase,"$1,001 - $15,000",8000.5,False,SP,20001994,https://disclosures-clerk.house.gov/public_disc/ptr-pdfs/2014/20001994.pdf,f01569155fcf70e1230cf2ba0c2314a4ee2f94528ef7c2bfa2231b1902eb649f,0
C001062,K. Michael Conaway,house,Republican,TX11,,False,2014-10-10,2014-11-06,,Public service Enterprise group,,Purchase,"$1,001 - $15,000",8000.5,False,SP,20001994,https://disclosures-clerk.house.gov/public_disc/ptr-pdfs/2014/20001994.pdf,67977a34768773328b309d2aeb327774ad0c3c4864ae479b75803de386b77f3d,0
C001062,K. Michael Conaway,house,Republican,TX11,,False,2014-09-30,2014-11-06,MON,Monsanto Company,,Sale,"$1,001 - $15,000",8000.5,False,SP,20001994,https://disclosures-clerk.house.gov/public_disc/ptr-pdfs/2014/20001994.pdf,6f3dc6f82bc50ea2bfdd66aa146dbd267977a78f6dbf84f3e3e5f92ff8338e63,0
C001062,K. Michael Conaway,house,Republican,TX11,,False,2014-10-21,2014-11-06,MSFT,Microsoft Corporation,,Sale,"$1,001 - $15,000",8000.5,False,SP,20001994,https://disclosures-clerk.house.gov/public_disc/ptr-pdfs/2014/20001994.pdf,16667976968c55b71c60a60afd12698e669808fc19498458f450ae86500ce4f6,1
C001062,K. Michael Conaway,house,Republican,TX11,,False,2014-10-21,2014-11-06,MSFT,Microsoft Corporation,,Sale,"$1,001 - $15,000",8000.5,False,SP,20001994,https://disclosures-clerk.house.gov/public_disc/ptr-pdfs/2014/20001994.pdf,16667976968c55b71c60a60afd12698e669808fc19498458f450ae86500ce4f6,0
C001062,K. Michael Conaway,house,Republican,TX11,,False,2014-10-03,2014-11-06,JNJ,Johnson & Johnson,,Sale,"$1,001 - $15,000",8000.5,False,SP,20001994,https://disclosures-clerk.house.gov/public_disc/ptr-pdfs/2014/20001994.pdf,3a82a9fc82bdf034e956f87e5a6bb0e99467778a43d41265548c32b4ad6a5e9e,0
C001062,K. Michael Conaway,house,Republican,TX11,,False,2014-10-27,2014-11-06,JNJ,Johnson & Johnson,,Sale,"$1,001 - $15,000",8000.5,False,SP,20001994,https://disclosures-clerk.house.gov/public_disc/ptr-pdfs/2014/20001994.pdf,18167d97c02cd5fb930ab1fbd1559d4854f4817e6f7578a6272313ad6330bd9a,0
C001062,K. Michael Conaway,house,Republican,TX11,,False,2014-10-06,2014-11-06,GG,goldcorp Inc.,,Purchase,"$1,001 - $15,000",8000.5,False,SP,20001994,https://disclosures-clerk.house.gov/public_disc/ptr-pdfs/2014/20001994.pdf,b5700548471588bf5a566e18d4cacfd474930034d1f9d441b79c74f578ad5ab4,0
C001062,K. Michael Conaway,house,Republican,TX11,,False,2014-10-03,2014-11-06,GM,general Motors Company,,Purchase,"$1,001 - $15,000",8000.5,False,SP,20001994,https://disclosures-clerk.house.gov/public_disc/ptr-pdfs/2014/20001994.pdf,066f2ad64930384b496fc6e0bb81c1a5482205a0b0cb27f116c930d73fdb7e0c,0
C001062,K. Michael Conaway,house,Republican,TX11,,False,2014-10-03,2014-11-06,FB,"Facebook, Inc. - Class A",,Purchase,"$1,001 - $15,000",8000.5,False,SP,20001994,https://disclosures-clerk.house.gov/public_disc/ptr-pdfs/2014/20001994.pdf,b011e9d751665b6434f746c139e25aa0c6bb06df289e02a8aca1ddd9c79f9d66,0
C001062,K. Michael Conaway,house,Republican,TX11,,False,2014-10-27,2014-11-06,,Alibaba group holding limited,,Purchase,"$1,001 - $15,000",8000.5,False,SP,20001994,https://disclosures-clerk.house.gov/public_disc/ptr-pdfs/2014/20001994.pdf,2b63d0a7851404c3a904afa4dd4b3e6d2bbbbd205f2ffcfe70f15c1bbb1e57b3,0
R000570,Paul Ryan,house,Republican,WI01,,False,2014-10-27,2014-11-06,HD,"Home Depot, Inc.",,Sale,"$50,001 - $100,000",75000.5,False,SELF,20001992,https://disclosures-clerk.house.gov/public_disc/ptr-pdfs/2014/20001992.pdf,5946c4825f787c5fb45a7fed2e8763e03770e0d76f6395e8d6cdf8937658f2e2,0
C001062,K. Michael Conaway,house,Republican,TX11,,False,2014-10-27,2014-11-06,BABA,type Date sP Alibaba group holding limited representing one ordinary share,,Purchase,"$1,001 - $15,000",8000.5,False,SELF,20001994,https://disclosures-clerk.house.gov/public_disc/ptr-pdfs/2014/20001994.pdf,2a29dc9b9a2f4822f52ccccb1ca87f2ddcbc8ea805661b422b26b5a2ebbf98fd,0
F000450,Virginia Foxx,house,Republican,NC05,HSED02; HSGO24; House Committee on Education and Workforce; House Committee on Oversight and Government Reform; House Committee on Rules,False,2014-10-01,2014-11-06,,Old Republic International Corporation,,Sale,"$15,001 - $50,000",32500.5,False,JT,20001995,https://disclosures-clerk.house.gov/public_disc/ptr-pdfs/2014/20001995.pdf,dbd17592229ef9c0f31f7febc5f2d967be8d2f6f52ced0dc073188293731814f,0
F000450,Virginia Foxx,house,Republican,NC05,HSED02; HSGO24; House Committee on Education and Workforce; House Committee on Oversight and Government Reform; House Committee on Rules,False,2014-10-10,2014-11-06,SCHX,schwab u.s. large-Cap ETF,,Sale,"$100,001 - $250,000",175000.5,False,JT,20001995,https://disclosures-clerk.house.gov/public_disc/ptr-pdfs/2014/20001995.pdf,f7e6f4a5b5bae90bf5ace5af9bd8546f314c13c61837f9989e7b0e17e687ed4f,0
C001062,K. Michael Conaway,house,Republican,TX11,,False,2014-10-22,2014-11-06,ABX,barrick gold Corporation,,Purchase,"$1,001 - $15,000",8000.5,False,SP,20001994,https://disclosures-clerk.house.gov/public_disc/ptr-pdfs/2014/20001994.pdf,a8f8c6bf8974367a6e65b98e49b8620e16fab8a4d7a742be41eadc549a324519,0
P000197,Nancy Pelosi,house,Democrat,CA12,,False,2014-10-24,2014-11-05,SUNE,"sunEdison, Inc.",,Purchase,"$100,001 - $250,000",175000.5,False,SP,20001991,https://disclosures-clerk.house.gov/public_disc/ptr-pdfs/2014/20001991.pdf,39fe5388e8ec729f873a3079e8c7740f29e94eabc548c549e25292f95d019ea3,0
P000197,Nancy Pelosi,house,Democrat,CA12,,False,2014-09-22,2014-11-05,RHI,Robert Half International Inc.,,Sale,"$100,001 - $250,000",175000.5,False,SP,20001991,https://disclosures-clerk.house.gov/public_disc/ptr-pdfs/2014/20001991.pdf,019d289625a63b526dbe1a6c77dc711ecd1ec0ca35449a7055f61e5d7a2959c9,0
P000197,Nancy Pelosi,house,Democrat,CA12,,False,2014-10-23,2014-11-05,ELX,Emulex Corporation,,Sale,"$1,001 - $15,000",8000.5,False,SP,20001991,https://disclosures-clerk.house.gov/public_disc/ptr-pdfs/2014/20001991.pdf,a96222854431de4808c0978beb33e783571a04be82d55133bed1e8691044b397,0
P000197,Nancy Pelosi,house,Democrat,CA12,,False,2014-10-23,2014-11-05,AA,alcoa Inc.,,Sale,"$15,001 - $50,000",32500.5,False,SP,20001991,https://disclosures-clerk.house.gov/public_disc/ptr-pdfs/2014/20001991.pdf,646f0224d63a7032ecc47dca112b3a4b112570f8c67602a72c702f6251e02148,0
P000197,Nancy Pelosi,house,Democrat,CA12,,False,2014-10-23,2014-11-05,BCOR,"Blucora, Inc.",,Sale,"$1,001 - $15,000",8000.5,False,SP,20001991,https://disclosures-clerk.house.gov/public_disc/ptr-pdfs/2014/20001991.pdf,6b5727844ab74af7631729473822d57fbb173ac297b17a6ac6408c815e0a32f6,0
P000197,Nancy Pelosi,house,Democrat,CA12,,False,2014-10-23,2014-11-05,SFLY,"shutterfly, Inc.",,Sale,"$15,001 - $50,000",32500.5,False,SP,20001991,https://disclosures-clerk.house.gov/public_disc/ptr-pdfs/2014/20001991.pdf,490725d2a029f036e2405b43c52782de53817c249c38791016419bb91f49315e,0
P000197,Nancy Pelosi,house,Democrat,CA12,,False,2014-10-23,2014-11-05,BRCM,Broadcom Corporation - Class a,,Sale,"$1,001 - $15,000",8000.5,False,SP,20001991,https://disclosures-clerk.house.gov/public_disc/ptr-pdfs/2014/20001991.pdf,bd479eb1a6323344e546db4980c65aadfc46ba779354d436338d2278fbd09842,0
P000197,Nancy Pelosi,house,Democrat,CA12,,False,2014-09-22,2014-11-05,MGRC,Mcgrath RentCorp,,Sale,"$50,001 - $100,000",75000.5,False,SP,20001991,https://disclosures-clerk.house.gov/public_disc/ptr-pdfs/2014/20001991.pdf,0f1c27d62875820c8ef5d6ecfcc64852cf140e71e87fc5020e9ab473175a37b5,0
P000197,Nancy Pelosi,house,Democrat,CA12,,False,2014-10-23,2014-11-05,ENTR,"Entropic Communications, Inc.",,Sale,"$1,001 - $15,000",8000.5,False,SP,20001991,https://disclosures-clerk.house.gov/public_disc/ptr-pdfs/2014/20001991.pdf,0e9e32988db6292d2e24c0f6e2bfe67e473c47040fded368f4e4678e194a13b9,0
P000197,Nancy Pelosi,house,Democrat,CA12,,False,2014-10-23,2014-11-05,DOW,Dow Chemical Company,,Sale,"$15,001 - $50,000",32500.5,False,SP,20001991,https://disclosures-clerk.house.gov/public_disc/ptr-pdfs/2014/20001991.pdf,dc21f24908f57e8c21e13e105fc02bfec6e4aec5302af981bc5c5ac068823cc9,0
G000563,Bob Gibbs,house,Republican,OH07,,False,2014-11-03,2014-11-03,DIS,Walt Disney Company,,Purchase,"$15,001 - $50,000",32500.5,False,SELF,20001983,https://disclosures-clerk.house.gov/public_disc/ptr-pdfs/2014/20001983.pdf,21cf40ae9334452acb891ae21e6f4424b188150bb484075d6e046e8ea8918447,0
B001274,Mo Brooks,house,Republican,AL05,,False,2014-10-20,2014-10-30,DRAD,Digirad Corporation,,Purchase,"$1,001 - $15,000",8000.5,False,JT,20001977,https://disclosures-clerk.house.gov/public_disc/ptr-pdfs/2014/20001977.pdf,3e39b6305f7f7afc6359cd76dbcacc7d3945059a5eaec881166332cbdf481da4,0
G000563,Bob Gibbs,house,Republican,OH07,,False,2014-10-23,2014-10-28,CSX,CSX Corporation,,Purchase,"$1,001 - $15,000",8000.5,False,SELF,20001965,https://disclosures-clerk.house.gov/public_disc/ptr-pdfs/2014/20001965.pdf,ad3c547db8affb81dcf1312025f399a778abdc01075ccef66efd23ce351148d5,0
L000579,Alan S. Lowenthal,house,Democrat,CA47,,False,2014-10-22,2014-10-27,DLPH,Delphi Automotive plc Ordinary Shares,,Purchase,"$1,001 - $15,000",8000.5,False,SP,20001963,https://disclosures-clerk.house.gov/public_disc/ptr-pdfs/2014/20001963.pdf,8e92071ecf3c9b007a33ef79ee2c731ecc4964352619aafbe7ce19290bd9f241,1
L000579,Alan S. Lowenthal,house,Democrat,CA47,,False,2014-10-22,2014-10-27,CMCSK,Comcast Corporation - Class A Special,,Purchase,"$1,001 - $15,000",8000.5,False,SP,20001963,https://disclosures-clerk.house.gov/public_disc/ptr-pdfs/2014/20001963.pdf,9f2b8aa4ef8170493c133b9330e290a87d45401b1bd0eef246bd9ac8fcce05bd,1
L000579,Alan S. Lowenthal,house,Democrat,CA47,,False,2014-10-22,2014-10-27,VRSK,"Verisk Analytics, Inc. - Class A",,Purchase,"$15,001 - $50,000",32500.5,False,SP,20001963,https://disclosures-clerk.house.gov/public_disc/ptr-pdfs/2014/20001963.pdf,64481a5681c98cf577ccef5d50e2bf9b4c1b0265cadc350e2c0125dc0a1155b2,0
L000579,Alan S. Lowenthal,house,Democrat,CA47,,False,2014-10-22,2014-10-27,GOOG,google Inc. - Class C Capital Stock,,Purchase,"$15,001 - $50,000",32500.5,False,SP,20001963,https://disclosures-clerk.house.gov/public_disc/ptr-pdfs/2014/20001963.pdf,334ee0cdd7245e110ada0e3460f17569405049e17ce23d1f83f0afcede56f884,1
L000579,Alan S. Lowenthal,house,Democrat,CA47,,False,2014-10-22,2014-10-27,,google Inc. - Class C Capital Stock,,Purchase,"$15,001 - $50,000",32500.5,False,SP,20001963,https://disclosures-clerk.house.gov/public_disc/ptr-pdfs/2014/20001963.pdf,334ee0cdd7245e110ada0e3460f17569405049e17ce23d1f83f0afcede56f884,0
L000579,Alan S. Lowenthal,house,Democrat,CA47,,False,2014-10-22,2014-10-27,,Delphi Automotive plc Ordinary Shares,,Purchase,"$1,001 - $15,000",8000.5,False,SP,20001963,https://disclosures-clerk.house.gov/public_disc/ptr-pdfs/2014/20001963.pdf,8e92071ecf3c9b007a33ef79ee2c731ecc4964352619aafbe7ce19290bd9f241,0
L000579,Alan S. Lowenthal,house,Democrat,CA47,,False,2014-10-22,2014-10-27,COO,"Cooper Companies, Inc.",,Purchase,"$15,001 - $50,000",32500.5,False,SP,20001963,https://disclosures-clerk.house.gov/public_disc/ptr-pdfs/2014/20001963.pdf,35df4e47729464769e0d14cd109ce96d67e710627edca0f25b9cf6e1ec03e0e8,0
L000579,Alan S. Lowenthal,house,Democrat,CA47,,False,2014-10-22,2014-10-27,,Comcast Corporation - Class A Special,,Purchase,"$1,001 - $15,000",8000.5,False,SP,20001963,https://disclosures-clerk.house.gov/public_disc/ptr-pdfs/2014/20001963.pdf,9f2b8aa4ef8170493c133b9330e290a87d45401b1bd0eef246bd9ac8fcce05bd,0
L000579,Alan S. Lowenthal,house,Democrat,CA47,,False,2014-10-22,2014-10-27,BWA,BorgWarner Inc.,,Purchase,"$15,001 - $50,000",32500.5,False,SP,20001963,https://disclosures-clerk.house.gov/public_disc/ptr-pdfs/2014/20001963.pdf,9b3f58550d58092dc644454a4f34a91c9eb0b771df5265c549507617783da973,0
B001269,Lou Barletta,house,Republican,PA11,,False,2014-10-22,2014-10-22,DDD,3D Systems Corporation,,Sale,"$1,001 - $15,000",8000.5,False,SELF,20001934,https://disclosures-clerk.house.gov/public_disc/ptr-pdfs/2014/20001934.pdf,b39bd95602b54fdf0a1f11395de81b776d874a721a4e4e6b1adf53913e8c3780,0
P000595,Gary C. Peters,house,Democrat,MI14,"SSAP01; SSAP14; SSAP16; SSAP19; SSAP22; SSAS14; SSAS20; SSAS21; SSCM34; SSCM36; SSCM37; SSCM38; SSGA01; SSGA20; SSGA22; Senate Committee on Appropriations; Senate Committee on Armed Services; Senate Committee on Commerce, Science, and Transportation; Senate Committee on Homeland Security and Governmental Affairs",False,2014-10-07,2014-10-22,,oakland County Michigan WTR Supply,,Purchase,"$1,001 - $15,000",8000.5,False,SELF,20001899,https://disclosures-clerk.house.gov/public_disc/ptr-pdfs/2014/20001899.pdf,837479a7bde96879709940d359e66547d3114cf0dfb85d6f339de93a44f3319c,0
G000563,Bob Gibbs,house,Republican,OH07,,False,2014-10-21,2014-10-22,,Blackrock Global Allocation Fund,,Sale,"$1,001 - $15,000",8000.5,False,SELF,20001932,https://disclosures-clerk.house.gov/public_disc/ptr-pdfs/2014/20001932.pdf,6cff75d5f969fd1bec417754d11d8411f93573c63a7ecdd16c602fe6f51ce9a7,0
F000462,Lois Frankel,house,Democrat,FL22,HSAP04; HSAP07; House Committee on Appropriations,False,2014-10-08,2014-10-21,CLX,Clorox Company,,Sale,"$1,001 - $15,000",8000.5,False,SELF,20001930,https://disclosures-clerk.house.gov/public_disc/ptr-pdfs/2014/20001930.pdf,b345f383410190ccb3ff6a9a6cae1fa8b4a892f9b6aca552ba4b01e0443db577,0
F000462,Lois Frankel,house,Democrat,FL22,HSAP04; HSAP07; House Committee on Appropriations,False,2014-09-29,2014-10-21,GS,"Goldman sachs Group, Inc.",,Sale,"$1,001 - $15,000",8000.5,False,SELF,20001930,https://disclosures-clerk.house.gov/public_disc/ptr-pdfs/2014/20001930.pdf,30b0d0c51c8f00b68915082c31ffc0d9dbb1424337870fea679b2f7c7f20d154,0
F000462,Lois Frankel,house,Democrat,FL22,HSAP04; HSAP07; House Committee on Appropriations,False,2014-10-10,2014-10-21,CVX,Chevron Corporation,,Sale,"$1,001 - $15,000",8000.5,False,SELF,20001930,https://disclosures-clerk.house.gov/public_disc/ptr-pdfs/2014/20001930.pdf,0efb820b6169711566b0756ba8644bdc3a962d112dc554175023a19ab2e291e6,0
F000462,Lois Frankel,house,Democrat,FL22,HSAP04; HSAP07; House Committee on Appropriations,False,2014-10-06,2014-10-21,CVX,Chevron Corporation,,Sale,"$1,001 - $15,000",8000.5,False,SELF,20001930,https://disclosures-clerk.house.gov/public_disc/ptr-pdfs/2014/20001930.pdf,94344850a5b6e11d37e753a0f1740454683f9a2a85d81f630080200e23ee2e92,0
F000462,Lois Frankel,house,Democrat,FL22,HSAP04; HSAP07; House Committee on Appropriations,False,2014-09-18,2014-10-21,CTRX,Catamaran Corporation,,Purchase,"$1,001 - $15,000",8000.5,False,SELF,20001930,https://disclosures-clerk.house.gov/public_disc/ptr-pdfs/2014/20001930.pdf,49ba7ed70c36e9792f8cd249d861fbe765f645f20f244f1670fd271e4cf9f41e,0
F000462,Lois Frankel,house,Democrat,FL22,HSAP04; HSAP07; House Committee on Appropriations,False,2014-10-20,2014-10-21,TXN,Texas Instruments Incorporated,,Purchase,"$1,001 - $15,000",8000.5,False,SELF,20001930,https://disclosures-clerk.house.gov/public_disc/ptr-pdfs/2014/20001930.pdf,15ef7d7aedf0196e25e025bf0bc382c28a18f2f30f4ca2a60fbe1b5c2ea31831,0
F000462,Lois Frankel,house,Democrat,FL22,HSAP04; HSAP07; House Committee on Appropriations,False,2014-10-20,2014-10-21,COV,Covidien plc. ordinary shares,,Sale,"$1,001 - $15,000",8000.5,False,SELF,20001930,https://disclosures-clerk.house.gov/public_disc/ptr-pdfs/2014/20001930.pdf,cd0429d50f3f5bd5a62ac47d101b2c3ff8baa4b5a8c4cc65da5c89a02ac67c01,0
F000462,Lois Frankel,house,Democrat,FL22,HSAP04; HSAP07; House Committee on Appropriations,False,2014-09-29,2014-10-21,,Delphi Automotive plc ordinary shares,,Purchase,"$1,001 - $15,000",8000.5,False,SELF,20001930,https://disclosures-clerk.house.gov/public_disc/ptr-pdfs/2014/20001930.pdf,aee8f3e1d4e9c8e78aed1c225575693baf070fadaf5c78af69d88bd59ad57499,0
F000462,Lois Frankel,house,Democrat,FL22,HSAP04; HSAP07; House Committee on Appropriations,False,2014-09-22,2014-10-21,MRK,"Merck & Company, Inc. Common stock",,Purchase,"$1,001 - $15,000",8000.5,False,SELF,20001930,https://disclosures-clerk.house.gov/public_disc/ptr-pdfs/2014/20001930.pdf,90b4b416ff4fcbcd2cc322f694cff05f97218a416897057155eee67f06693764,1
F000462,Lois Frankel,house,Democrat,FL22,HSAP04; HSAP07; House Committee on Appropriations,False,2014-09-22,2014-10-21,LMCK,Liberty Media Corporation - series C,,Purchase,"$1,001 - $15,000",8000.5,False,SELF,20001930,https://disclosures-clerk.house.gov/public_disc/ptr-pdfs/2014/20001930.pdf,45264f7f9f8ff22c79624d0d7da944d50a30c08decabcdd7e1ec5c7705d38469,1
F000462,Lois Frankel,house,Democrat,FL22,HSAP04; HSAP07; House Committee on Appropriations,False,2014-09-29,2014-10-21,DLPH,Delphi Automotive plc ordinary shares,,Purchase,"$1,001 - $15,000",8000.5,False,SELF,20001930,https://disclosures-clerk.house.gov/public_disc/ptr-pdfs/2014/20001930.pdf,aee8f3e1d4e9c8e78aed1c225575693baf070fadaf5c78af69d88bd59ad57499,1
F000462,Lois Frankel,house,Democrat,FL22,HSAP04; HSAP07; House Committee on Appropriations,False,2014-10-20,2014-10-21,ORCL,oracle Corporation,,Sale,"$1,001 - $15,000",8000.5,False,SELF,20001930,https://disclosures-clerk.house.gov/public_disc/ptr-pdfs/2014/20001930.pdf,29e19764c5a9aa698e480198a20b5bfb50783d8374504c682b5b48a43592ff18,0
F000462,Lois Frankel,house,Democrat,FL22,HSAP04; HSAP07; House Committee on Appropriations,False,2014-09-22,2014-10-21,,"Merck & Company, Inc. Common stock",,Purchase,"$1,001 - $15,000",8000.5,False,SELF,20001930,https://disclosures-clerk.house.gov/public_disc/ptr-pdfs/2014/20001930.pdf,90b4b416ff4fcbcd2cc322f694cff05f97218a416897057155eee67f06693764,0
G000563,Bob Gibbs,house,Republican,OH07,,False,2014-10-21,2014-10-21,AAPL,apple Inc.,,Purchase,"$1,001 - $15,000",8000.5,False,SELF,20001928,https://disclosures-clerk.house.gov/public_disc/ptr-pdfs/2014/20001928.pdf,2ef3423835a68118f16d0d825566126f678da312d764bed6510f06e04063a162,0
F000462,Lois Frankel,house,Democrat,FL22,HSAP04; HSAP07; House Committee on Appropriations,False,2014-10-06,2014-10-21,EOG,"EoG Resources, Inc.",,Purchase,"$1,001 - $15,000",8000.5,False,SELF,20001930,https://disclosures-clerk.house.gov/public_disc/ptr-pdfs/2014/20001930.pdf,95af14c82d188db60a33bfe4ab8d3e13d5e1eb7785d9818180e530ff3d73d015,0
F000462,Lois Frankel,house,Democrat,FL22,HSAP04; HSAP07; House Committee on Appropriations,False,2014-09-22,2014-10-21,,Liberty Media Corporation - series C,,Purchase,"$1,001 - $15,000",8000.5,False,SELF,20001930,https://disclosures-clerk.house.gov/public_disc/ptr-pdfs/2014/20001930.pdf,45264f7f9f8ff22c79624d0d7da944d50a30c08decabcdd7e1ec5c7705d38469,0
F000462,Lois Frankel,house,Democrat,FL22,HSAP04; HSAP07; House Committee on Appropriations,False,2014-10-10,2014-10-21,EOG,"EoG Resources, Inc.",,Purchase,"$1,001 - $15,000",8000.5,False,SELF,20001930,https://disclosures-clerk.house.gov/public_disc/ptr-pdfs/2014/20001930.pdf,35806a55724d07aca5951d64f4b1ead1c1fdf03bc4de3472341d13961c90cef1,0
F000462,Lois Frankel,house,Democrat,FL22,HSAP04; HSAP07; House Committee on Appropriations,False,2014-09-22,2014-10-21,JCI,"Johnson Controls, Inc.",,Purchase,"$1,001 - $15,000",8000.5,False,SELF,20001930,https://disclosures-clerk.house.gov/public_disc/ptr-pdfs/2014/20001930.pdf,1feadba336aa78a354ab822970cd7ef18caa011f7a753368b12f9eb530dd38b3,0
F000462,Lois Frankel,house,Democrat,FL22,HSAP04; HSAP07; House Committee on Appropriations,False,2014-09-22,2014-10-21,MMM,3M Company,,Sale,"$1,001 - $15,000",8000.5,False,SELF,20001930,https://disclosures-clerk.house.gov/public_disc/ptr-pdfs/2014/20001930.pdf,40594f337a84b546138fe5cafe6b1ae62c6953d33b519ac8957aabc4227b1310,0
C001078,Gerald E. Connolly,house,Democrat,VA11,,False,2014-09-24,2014-10-20,D,"Dominion Resources, Inc.",,Purchase,"$1,001 - $15,000",8000.5,False,JT,20001925,https://disclosures-clerk.house.gov/public_disc/ptr-pdfs/2014/20001925.pdf,6ca063ad90fd2040ac0e0eea2a95c9c6e1beededa9004e34374cdc302ab93dc5,0
D000617,Suzan K. DelBene,house,Democrat,WA01,HSWM04; HSWM05; HSWM06; House Committee on Ways and Means,False,2014-09-22,2014-10-20,,HYFluX lTD (6320058),,Sale,"$1,001 - $15,000",8000.5,False,JT,20001809,https://disclosures-clerk.house.gov/public_disc/ptr-pdfs/2014/20001809.pdf,5161107f246b3d2e163c667657c762252d5f508c96b4953f0f401a0292069427,0
D000617,Suzan K. DelBene,house,Democrat,WA01,HSWM04; HSWM05; HSWM06; House Committee on Ways and Means,False,2014-09-17,2014-10-20,CDA,lumenPulse Inc,,Purchase,"$1,001 - $15,000",8000.5,False,JT,20001809,https://disclosures-clerk.house.gov/public_disc/ptr-pdfs/2014/20001809.pdf,f3b6929fab71d69be9d5bb0e839300660315a99c80c5e5d9d042c2be530b9150,0
D000617,Suzan K. DelBene,house,Democrat,WA01,HSWM04; HSWM05; HSWM06; House Committee on Ways and Means,False,2014-09-19,2014-10-20,AYI,acuity Brands Inc,,Purchase,"$1,001 - $15,000",8000.5,False,JT,20001809,https://disclosures-clerk.house.gov/public_disc/ptr-pdfs/2014/20001809.pdf,46026947410d7ad44057064a99e1d4d23319e6ebec61c3e02681ce63e77b38ad,0
D000617,Suzan K. DelBene,house,Democrat,WA01,HSWM04; HSWM05; HSWM06; House Committee on Ways and Means,False,2014-09-26,2014-10-20,BWA,BorgWarner Inc.,,Purchase,"$15,001 - $50,000",32500.5,False,JT,20001809,https://disclosures-clerk.house.gov/public_disc/ptr-pdfs/2014/20001809.pdf,48c8f6b23fd0b0b035d27a5f47888f70935abd9f23303a87d1ae1a14a93478b2,0
D000617,Suzan K. DelBene,house,Democrat,WA01,HSWM04; HSWM05; HSWM06; House Committee on Ways and Means,False,2014-09-16,2014-10-20,,Connecticut HSg 2.75% Due 05/15/26,,Purchase,"$500,001 - $1,000,000",750000.5,False,JT,20001809,https://disclosures-clerk.house.gov/public_disc/ptr-pdfs/2014/20001809.pdf,7e70ddcf8736dc8973068d08e8e1373597427022229e42b4cff112e242328286,0
D000617,Suzan K. DelBene,house,Democrat,WA01,HSWM04; HSWM05; HSWM06; House Committee on Ways and Means,False,2014-09-19,2014-10-20,CREE,"Cree, Inc.",,Sale,"$15,001 - $50,000",32500.5,False,JT,20001809,https://disclosures-clerk.house.gov/public_disc/ptr-pdfs/2014/20001809.pdf,bc155450bd37c7c6d301af3342d636a65011108ddd1fd2b1c366b27552eff727,0
D000617,Suzan K. DelBene,house,Democrat,WA01,HSWM04; HSWM05; HSWM06; House Committee on Ways and Means,False,2014-09-17,2014-10-20,,univ Texas System 5% Due 08/15/21,,Sale,"$250,001 - $500,000",375000.5,False,JT,20001809,https://disclosures-clerk.house.gov/public_disc/ptr-pdfs/2014/20001809.pdf,74ae7e9425a02b9e7c27729929dc4eebf82c730853e2312fb5b7ac03073b8f80,0
D000617,Suzan K. DelBene,house,Democrat,WA01,HSWM04; HSWM05; HSWM06; House Committee on Ways and Means,False,2014-09-22,2014-10-20,,ozner Water (BN7Q3g8),,Purchase,"$15,001 - $50,000",32500.5,False,JT,20001809,https://disclosures-clerk.house.gov/public_disc/ptr-pdfs/2014/20001809.pdf,3cbbe3a51691d57387565579cc6ab85acd00aeb4b842ebaa6e97312ec2eda1ae,0
L000579,Alan S. Lowenthal,house,Democrat,CA47,,False,2014-10-07,2014-10-19,BAC,Bank of America Corporation,,Purchase,"$15,001 - $50,000",32500.5,False,SP,20001919,https://disclosures-clerk.house.gov/public_disc/ptr-pdfs/2014/20001919.pdf,5a8d18d1a6001b520235c3910afae35c2875662924cdf7596da82eb8defe0a58,0
L000579,Alan S. Lowenthal,house,Democrat,CA47,,False,2014-10-15,2014-10-19,KSU,Kansas City Southern,,Sale,"$15,001 - $50,000",32500.5,False,SP,20001919,https://disclosures-clerk.house.gov/public_disc/ptr-pdfs/2014/20001919.pdf,b1b5b4931294f5bbd8a2e91939353263c355ae351903c05c36924d87a940bca2,0
Y000063,Kevin Yoder,house,Republican,KS03,,False,2014-09-09,2014-10-18,,"Enable Midstream Partners, lP",,Purchase,"$1,001 - $15,000",8000.5,False,SELF,20001915,https://disclosures-clerk.house.gov/public_disc/ptr-pdfs/2014/20001915.pdf,7c29d181596884ffe5b2e85ee37d30f55ab3c3c7a720c80691ae39ab83df9139,0
Y000063,Kevin Yoder,house,Republican,KS03,,False,2014-09-09,2014-10-18,ENBL,"type Date Enable Midstream Partners, lP partner interests",,Purchase,"$1,001 - $15,000",8000.5,False,SELF,20001915,https://disclosures-clerk.house.gov/public_disc/ptr-pdfs/2014/20001915.pdf,5b80410630338fd8e1894644db5dbe3d4d2ee8623f1cfb54c47c8037f76f8949,0
H001051,Richard L. Hanna,house,Republican,NY22,,False,2014-09-11,2014-10-15,DE,Deere & Company,,Sale,"$100,001 - $250,000",175000.5,False,SELF,20001882,https://disclosures-clerk.house.gov/public_disc/ptr-pdfs/2014/20001882.pdf,6b52ea8149058ef32644b58ae21c08265eb4523f81ba139e3921d7003e7dbb3f,0
H001051,Richard L. Hanna,house,Republican,NY22,,False,2014-09-11,2014-10-15,SCZ,iShares MSCI EAFE Small-Cap ETF,,Sale,"$100,001 - $250,000",175000.5,False,SELF,20001882,https://disclosures-clerk.house.gov/public_disc/ptr-pdfs/2014/20001882.pdf,4176c96e95a402f976f8806486acc100663a8d635be00af646ed8245be2f2b86,1
H001051,Richard L. Hanna,house,Republican,NY22,,False,2014-09-24,2014-10-15,MON,Monsanto Company,,Purchase,"$1,001 - $15,000",8000.5,False,SELF,20001882,https://disclosures-clerk.house.gov/public_disc/ptr-pdfs/2014/20001882.pdf,3de6218997ccec0d35a30023a5652b79cbc8798245fcc0b5c0b64fad9afdc111,0
H001051,Richard L. Hanna,house,Republican,NY22,,False,2014-09-12,2014-10-15,LVS,Las Vegas Sands Corp.,,Purchase,"$1,001 - $15,000",8000.5,False,SELF,20001882,https://disclosures-clerk.house.gov/public_disc/ptr-pdfs/2014/20001882.pdf,66340734b4bca8f6e9ee7cb7f4cb1280798ac5c147a142f0414af3e4cb897c80,0
H001051,Richard L. Hanna,house,Republican,NY22,,False,2014-09-11,2014-10-15,,iShares MSCI EAFE Small-Cap ETF,,Sale,"$100,001 - $250,000",175000.5,False,SELF,20001882,https://disclosures-clerk.house.gov/public_disc/ptr-pdfs/2014/20001882.pdf,4176c96e95a402f976f8806486acc100663a8d635be00af646ed8245be2f2b86,0
B001260,Vern Buchanan,house,Republican,FL16,HSWM02; HSWM04; House Committee on Ways and Means; Joint Committee on Taxation,False,2014-09-30,2014-10-15,,Delaware Pooled TR Emerging Mkts,,Sale,"$100,001 - $250,000",175000.5,False,SELF,20001885,https://disclosures-clerk.house.gov/public_disc/ptr-pdfs/2014/20001885.pdf,5339dc567c400685710904b2f3655186b2a5fef233394cc4febd43c3f523744a,0
B001260,Vern Buchanan,house,Republican,FL16,HSWM02; HSWM04; House Committee on Ways and Means; Joint Committee on Taxation,False,2014-09-01,2014-10-15,,ohio St Fin agy Residentia Mtg Rev B,,Sale,"$1,001 - $15,000",8000.5,False,SELF,20001885,https://disclosures-clerk.house.gov/public_disc/ptr-pdfs/2014/20001885.pdf,3488f2a7364d7f7ce67f33bbd8ccd8e5cd15b70c85758cb8bd2e775b3b9ef16f,0
H001051,Richard L. Hanna,house,Republican,NY22,,False,2014-09-12,2014-10-15,GILD,"gilead Sciences, Inc.",,Sale,"$1,001 - $15,000",8000.5,False,SELF,20001882,https://disclosures-clerk.house.gov/public_disc/ptr-pdfs/2014/20001882.pdf,af0b8572c2c53059acab76aa26246bb8784c71deee3c4e095b06bcdc2b01b2bf,0
H001051,Richard L. Hanna,house,Republican,NY22,,False,2014-09-11,2014-10-15,T,AT&T Inc.,,Sale,"$100,001 - $250,000",175000.5,False,SELF,20001882,https://disclosures-clerk.house.gov/public_disc/ptr-pdfs/2014/20001882.pdf,29869f29ced466716f4c13c65076b478d0bb2f7e675a0c63573db8498a864d49,0
H001051,Richard L. Hanna,house,Republican,NY22,,False,2014-09-11,2014-10-15,GE,general Electric Company,,Sale,"$100,001 - $250,000",175000.5,False,SELF,20001882,https://disclosures-clerk.house.gov/public_disc/ptr-pdfs/2014/20001882.pdf,617344f2d810a0e88a2a8a2260263e29f9aa438002ab31a4e952f50ad3aa1d49,0
M000404,Jim McDermott,house,Democrat,WA07,,False,2014-09-24,2014-10-14,,legacy Reserves lP,,Purchase,"$1,001 - $15,000",8000.5,False,SELF,20001883,https://disclosures-clerk.house.gov/public_disc/ptr-pdfs/2014/20001883.pdf,2d32187756e1737eb1f7dc9269baef318d48a78d5a94d64ba11f83f8fa3d86bb,0
P000523,David E. Price,house,Democrat,NC04,,False,2014-10-06,2014-10-14,SDY,sPDR s&P Dividend ETF,,Purchase,"$1,001 - $15,000",8000.5,False,JT,20001876,https://disclosures-clerk.house.gov/public_disc/ptr-pdfs/2014/20001876.pdf,cf703307bf02fd860efcb26e8000cf0f833d2573220e01f81ceed31ca5b9e2d0,0
R000011,Nick J. Rahall,house,Democrat,WV03,,False,2014-09-19,2014-10-13,DBA,Powershares DB agriculture Fund,,Purchase,"$1,001 - $15,000",8000.5,False,SELF,20001849,https://disclosures-clerk.house.gov/public_disc/ptr-pdfs/2014/20001849.pdf,9c7cff76bb4d8cd91d3cec79e73de1984fd47415bac7f307042bbabc0a936491,1
R000011,Nick J. Rahall,house,Democrat,WV03,,False,2014-09-19,2014-10-13,,Powershares DB agriculture Fund,,Purchase,"$1,001 - $15,000",8000.5,False,SELF,20001849,https://disclosures-clerk.house.gov/public_disc/ptr-pdfs/2014/20001849.pdf,9c7cff76bb4d8cd91d3cec79e73de1984fd47415bac7f307042bbabc0a936491,0
S000583,Lamar Smith,house,Republican,TX21,,False,2014-08-28,2014-10-13,,Mead Johnson Nutrition Company,,Sale,"$1,001 - $15,000",8000.5,False,SELF,20001826,https://disclosures-clerk.house.gov/public_disc/ptr-pdfs/2014/20001826.pdf,e2d9a6ac90a9c7742ebabeb719c950ffc2f479fb3e002a229f544bc8c2660200,0
R000011,Nick J. Rahall,house,Democrat,WV03,,False,2014-09-26,2014-10-13,PBYI,Puma Biotechnology Inc,,Sale,"$1,001 - $15,000",8000.5,False,SELF,20001849,https://disclosures-clerk.house.gov/public_disc/ptr-pdfs/2014/20001849.pdf,90a967d0dab8382ac780821725824f66eb89b70dcc616b61ae63e89f5603ca91,0
S000583,Lamar Smith,house,Republican,TX21,,False,2014-09-12,2014-10-13,VNTV,"Vantiv, Inc. Class a",,Purchase,"$1,001 - $15,000",8000.5,False,SELF,20001826,https://disclosures-clerk.house.gov/public_disc/ptr-pdfs/2014/20001826.pdf,6c6cf48ee27f1a900d6095d062ed47432a9f4950c24af5f2d5d3282c97fa1ce7,0
S000583,Lamar Smith,house,Republican,TX21,,False,2014-09-15,2014-10-13,SPNC,The Spectranetics Corporation,,Purchase,"$1,001 - $15,000",8000.5,False,SELF,20001826,https://disclosures-clerk.house.gov/public_disc/ptr-pdfs/2014/20001826.pdf,52d2501cbf0d3fef2fc9cb78988fc7845f4d1c7076d3dcf36cb074fc5d4c6335,0
R000011,Nick J. Rahall,house,Democrat,WV03,,False,2014-09-10,2014-10-13,PBYI,Puma Biotechnology Inc,,Purchase,"$1,001 - $15,000",8000.5,False,SELF,20001849,https://disclosures-clerk.house.gov/public_disc/ptr-pdfs/2014/20001849.pdf,2f8903a7ee1a382a8f69f3faff0c2f85ca879de8dbb63b0ff6fb35f981263343,0
S000583,Lamar Smith,house,Republican,TX21,,False,2014-08-28,2014-10-13,PCLN,The Priceline group Inc.,,Purchase,"$1,001 - $15,000",8000.5,False,SELF,20001826,https://disclosures-clerk.house.gov/public_disc/ptr-pdfs/2014/20001826.pdf,f4c3df3b02487e142da98b2bf43dcf2b375172dae9e82b3cb37b730066b03d62,0
S000583,Lamar Smith,house,Republican,TX21,,False,2014-08-29,2014-10-13,SBH,"Sally beauty Holdings, Inc.",,Purchase,"$1,001 - $15,000",8000.5,False,SELF,20001826,https://disclosures-clerk.house.gov/public_disc/ptr-pdfs/2014/20001826.pdf,0795cafeedec59962a27a8cba6ca829a4e440df60a38ff8b093d38ecef271599,0
R000011,Nick J. Rahall,house,Democrat,WV03,,False,2014-09-09,2014-10-13,,The Carlyle group l.P. - Common units,,Purchase,"$1,001 - $15,000",8000.5,False,SELF,20001849,https://disclosures-clerk.house.gov/public_disc/ptr-pdfs/2014/20001849.pdf,ee6f144667c1f7bcf7296aac5bcd3f4fe341067fd0cf3d73fa30f008f643237b,0
S000583,Lamar Smith,house,Republican,TX21,,False,2014-08-28,2014-10-13,FDS,FactSet Research Systems Inc.,,Sale,"$1,001 - $15,000",8000.5,False,SELF,20001826,https://disclosures-clerk.house.gov/public_disc/ptr-pdfs/2014/20001826.pdf,3dc33bcf9a960bf4061355084e96945addf0b42d9770b65a71d92817ef0b1f33,0
S000583,Lamar Smith,house,Republican,TX21,,False,2014-09-19,2014-10-13,VRSK,"Verisk analytics, Inc. - Class a",,Purchase,"$1,001 - $15,000",8000.5,False,SELF,20001826,https://disclosures-clerk.house.gov/public_disc/ptr-pdfs/2014/20001826.pdf,0ef81594c0818aec8fb5c17a2778fcab33a89b6b459a7d09bd4d92b58c882091,0
S000583,Lamar Smith,house,Republican,TX21,,False,2014-09-12,2014-10-13,FDS,FactSet Research Systems Inc.,,Sale,"$1,001 - $15,000",8000.5,False,SELF,20001826,https://disclosures-clerk.house.gov/public_disc/ptr-pdfs/2014/20001826.pdf,a4e032ee79a586e61fcb8a6e42fa3c0e95ea6936a7b731d334a69fbebd0c609e,0
S000583,Lamar Smith,house,Republican,TX21,,False,2014-09-10,2014-10-13,CP,Canadian Pacific Railway Limited,,Sale,"$1,001 - $15,000",8000.5,False,SELF,20001826,https://disclosures-clerk.house.gov/public_disc/ptr-pdfs/2014/20001826.pdf,9c79d22c1c0709f0d8e4f1620e4f382d3b37f0b7d3f06d10a1fa210f89a34c8c,0
R000011,Nick J. Rahall,house,Democrat,WV03,,False,2014-09-11,2014-10-13,SLV,ishares silver Trust,,Purchase,"$1,001 - $15,000",8000.5,False,SELF,20001849,https://disclosures-clerk.house.gov/public_disc/ptr-pdfs/2014/20001849.pdf,ad0d8c94fc4a72d9bce048476fb7e80d151998faff7b3a28658dd2f8633acb62,0
R000011,Nick J. Rahall,house,Democrat,WV03,,False,2014-09-09,2014-10-13,CG,The Carlyle group l.P. - Common units,,Purchase,"$1,001 - $15,000",8000.5,False,SELF,20001849,https://disclosures-clerk.house.gov/public_disc/ptr-pdfs/2014/20001849.pdf,ee6f144667c1f7bcf7296aac5bcd3f4fe341067fd0cf3d73fa30f008f643237b,1
S000583,Lamar Smith,house,Republican,TX21,,False,2014-08-28,2014-10-13,MJN,Mead Johnson Nutrition Company,,Sale,"$1,001 - $15,000",8000.5,False,SELF,20001826,https://disclosures-clerk.house.gov/public_disc/ptr-pdfs/2014/20001826.pdf,e2d9a6ac90a9c7742ebabeb719c950ffc2f479fb3e002a229f544bc8c2660200,1
P000523,David E. Price,house,Democrat,NC04,,False,2014-08-12,2014-10-10,,"Valeant Pharmaceuticals International,",,Sale,"$1,001 - $15,000",8000.5,False,JT,20001851,https://disclosures-clerk.house.gov/public_disc/ptr-pdfs/2014/20001851.pdf,70f511851fc262fa35e49a93cfd70a14dc83654589e57e1d6b7fdccf1e91fd07,0
P000523,David E. Price,house,Democrat,NC04,,False,2014-08-12,2014-10-10,MMP,Magellan Midstream Partners l.P. limited Partnership,,Purchase,"$1,001 - $15,000",8000.5,False,JT,20001851,https://disclosures-clerk.house.gov/public_disc/ptr-pdfs/2014/20001851.pdf,b27477dd45a586c88cafca20084900ad947d9f947d42e29957eb604b09d05dac,0
P000523,David E. Price,house,Democrat,NC04,,False,2014-08-12,2014-10-10,VRX,"Valeant Pharmaceuticals International, Inc.",,Sale,"$1,001 - $15,000",8000.5,False,JT,20001851,https://disclosures-clerk.house.gov/public_disc/ptr-pdfs/2014/20001851.pdf,b4728625b8f8bf351c47f9637231ad5c3e79757df2d1bd780d50c6f373b677ee,0
B000589,John A. Boehner,house,Republican,OH08,,False,2014-10-02,2014-10-10,CDK,"CDK global, Inc.",,Sale,"$1,001 - $15,000",8000.5,False,SELF,20001843,https://disclosures-clerk.house.gov/public_disc/ptr-pdfs/2014/20001843.pdf,d5fb1555d1ea86dbfd98c1897c9b25f8e94f319d23da7ac3bb0156d01c26642b,0
B000589,John A. Boehner,house,Republican,OH08,,False,2014-10-01,2014-10-10,CDK,"CDK global, Inc.",,Exchange,"$1,001 - $15,000",8000.5,False,SELF,20001843,https://disclosures-clerk.house.gov/public_disc/ptr-pdfs/2014/20001843.pdf,efc08723adfd1cb3ae2c6c7748b1180b9f288c13f140cde6370e1bb434d0c513,0
P000523,David E. Price,house,Democrat,NC04,,False,2014-08-12,2014-10-10,SPLS,"staples, Inc.",,Purchase,"$1,001 - $15,000",8000.5,False,JT,20001851,https://disclosures-clerk.house.gov/public_disc/ptr-pdfs/2014/20001851.pdf,a47075a2caa710b5cc4416e0990ed06f3686e7a2c0ad768c9b66cc3e24fd93d9,0
P000523,David E. Price,house,Democrat,NC04,,False,2014-08-12,2014-10-10,MSI,"Motorola solutions, Inc.",,Sale,"$1,001 - $15,000",8000.5,False,JT,20001851,https://disclosures-clerk.house.gov/public_disc/ptr-pdfs/2014/20001851.pdf,e5c06eb7d5c52a085842113363bd45bf1a9a6f74a2aa6030653c3c6757d6f385,0
P000523,David E. Price,house,Democrat,NC04,,False,2014-08-12,2014-10-10,MET,"Metlife, Inc.",,Purchase,"$1,001 - $15,000",8000.5,False,JT,20001851,https://disclosures-clerk.house.gov/public_disc/ptr-pdfs/2014/20001851.pdf,12b9a7ffd31166e624cfd946a9c9979948c5305a0f50e29fcdb75411e0865480,0
P000523,David E. Price,house,Democrat,NC04,,False,2014-06-18,2014-10-10,COST,Costco Wholesale Corporation,,Purchase,"$1,001 - $15,000",8000.5,False,JT,20001269,https://disclosures-clerk.house.gov/public_disc/ptr-pdfs/2014/20001269.pdf,746b19b0bb0c1c8f1318b0d75d831e14bbbdefc3c1159ba71043f744a300d166,0
P000523,David E. Price,house,Democrat,NC04,,False,2014-08-12,2014-10-10,,Magellan Midstream Partners l.P.,,Purchase,"$1,001 - $15,000",8000.5,False,JT,20001851,https://disclosures-clerk.house.gov/public_disc/ptr-pdfs/2014/20001851.pdf,883b6a1a7e531d1b7ff16eeac9927c6807a23a72e978b68a1a9b6c1e9cdbeb5d,0
P000523,David E. Price,house,Democrat,NC04,,False,2014-08-12,2014-10-10,HON,Honeywell International Inc.,,Purchase,"$1,001 - $15,000",8000.5,False,JT,20001851,https://disclosures-clerk.house.gov/public_disc/ptr-pdfs/2014/20001851.pdf,b16e5121c7d4861b67a2438d3250b6fc6567f51d3d3dc371548c39b91d4bd7e2,0
P000523,David E. Price,house,Democrat,NC04,,False,2014-08-12,2014-10-10,GILD,"gilead sciences, Inc.",,Purchase,"$1,001 - $15,000",8000.5,False,JT,20001851,https://disclosures-clerk.house.gov/public_disc/ptr-pdfs/2014/20001851.pdf,a3147f05aa7657d9597850cfd6fecb6600aa90a121db1d89faa6d39914e566ed,0
F000451,Michael G. Fitzpatrick,house,Republican,PA08,,False,2014-09-19,2014-10-10,CVX,Chevron Corporation,,Sale,"$1,001 - $15,000",8000.5,False,SELF,20001844,https://disclosures-clerk.house.gov/public_disc/ptr-pdfs/2014/20001844.pdf,e3114aa58c2e2fb327ed8e0ce8bb0af8301762fa61c273c7e40de2d5bf069274,0
F000451,Michael G. Fitzpatrick,house,Republican,PA08,,False,2014-09-19,2014-10-10,PSX,Phillips 66,,Purchase,"$1,001 - $15,000",8000.5,False,SELF,20001844,https://disclosures-clerk.house.gov/public_disc/ptr-pdfs/2014/20001844.pdf,a86e1d5c9f47a1d3f96d9ff280b33a73331454ef6c7b98c0632f06d808d6d9a7,0
P000523,David E. Price,house,Democrat,NC04,,False,2014-06-18,2014-10-10,PRU,"Prudential Financial, Inc.",,Purchase,"$1,001 - $15,000",8000.5,False,JT,20001269,https://disclosures-clerk.house.gov/public_disc/ptr-pdfs/2014/20001269.pdf,b058cecff36b0e98145cce1812a98f59b8b4bb7819f1c62ce474b3a64f374863,0
P000523,David E. Price,house,Democrat,NC04,,False,2014-06-19,2014-10-10,JOSB,"Jos. a. Bank Clothiers, Inc.",,Sale,"$1,001 - $15,000",8000.5,False,JT,20001269,https://disclosures-clerk.house.gov/public_disc/ptr-pdfs/2014/20001269.pdf,04f6583b1cc8299d4bc70cc2ac59a6d2c096f94caeae7af4f56351ae75acf57d,0
W000413,Ed Whitfield,house,Republican,KY01,,False,2014-09-25,2014-10-08,CBI,Type Date sP Chicago Bridge & Iron Company N.V.,,Purchase,"$1,001 - $15,000",8000.5,False,SELF,20001791,https://disclosures-clerk.house.gov/public_disc/ptr-pdfs/2014/20001791.pdf,ba3168ed86371360dab6be37d93d07dee5346fd08c4e49804d7b2aa4e5781d95,0
W000413,Ed Whitfield,house,Republican,KY01,,False,2014-09-25,2014-10-08,IEMG,ishares Core MsCI Emerging Markets ETF,,Purchase,"$1,001 - $15,000",8000.5,False,SP,20001791,https://disclosures-clerk.house.gov/public_disc/ptr-pdfs/2014/20001791.pdf,b700bc5c500ede1ea22340e85a478f488143ac778d74a0966b732d6c2c523ae3,0
D000399,Lloyd Doggett,house,Democrat,TX35,HSWM02; HSWM04; HSWM06; House Committee on Ways and Means; House Committee on the Budget; Joint Committee on Taxation,False,2014-09-11,2014-10-08,IBM,type Date International Business Machines Corporation,,Purchase,"$1,001 - $15,000",8000.5,False,SELF,20001837,https://disclosures-clerk.house.gov/public_disc/ptr-pdfs/2014/20001837.pdf,2f116283c621160cc3ef0e8b44de67bd5f7c12fc40ac5032091ff47d419e92e6,0
W000413,Ed Whitfield,house,Republican,KY01,,False,2014-09-25,2014-10-08,,ishares Core MsCI Emerging Markets,,Purchase,"$1,001 - $15,000",8000.5,False,SP,20001791,https://disclosures-clerk.house.gov/public_disc/ptr-pdfs/2014/20001791.pdf,60b9e93cd5be0e3dcd565261ad2cac7880541d4a2356360e1310cd325f44825f,0
W000413,Ed Whitfield,house,Republican,KY01,,False,2014-09-22,2014-10-08,SLB,schlumberger N.V.,,Purchase,"$1,001 - $15,000",8000.5,False,SP,20001791,https://disclosures-clerk.house.gov/public_disc/ptr-pdfs/2014/20001791.pdf,526ca6b1e5268c2c6bd91fd9f211278e2e466aa79678bdd101111e72ace1397b,0
F000450,Virginia Foxx,house,Republican,NC05,HSED02; HSGO24; House Committee on Education and Workforce; House Committee on Oversight and Government Reform; House Committee on Rules,False,2014-09-19,2014-10-08,PNNT,PennantPark Investment Corporation - common stock,,Sale,"$50,001 - $100,000",75000.5,False,JT,20001812,https://disclosures-clerk.house.gov/public_disc/ptr-pdfs/2014/20001812.pdf,3bdc1a9b4d0f065449181c3479269fae8e4a01d276634be9d229926bee1a0d79,0
F000450,Virginia Foxx,house,Republican,NC05,HSED02; HSGO24; House Committee on Education and Workforce; House Committee on Oversight and Government Reform; House Committee on Rules,False,2014-09-30,2014-10-08,COP,ConocoPhillips,,Sale,"$50,001 - $100,000",75000.5,False,JT,20001812,https://disclosures-clerk.house.gov/public_disc/ptr-pdfs/2014/20001812.pdf,ab7fbf33d55b968bf5a235f10059b66c8bc121a60f023f1135ed7fe2ce6a75f2,0
F000450,Virginia Foxx,house,Republican,NC05,HSED02; HSGO24; House Committee on Education and Workforce; House Committee on Oversight and Government Reform; House Committee on Rules,False,2014-09-26,2014-10-08,,Frontier Communications Corporation,,Sale,"$50,001 - $100,000",75000.5,False,JT,20001812,https://disclosures-clerk.house.gov/public_disc/ptr-pdfs/2014/20001812.pdf,39a751b3dd483d91aeb3f80516c71bac753efb0b6cb2ecdc2d96e3b9625e2150,0
F000450,Virginia Foxx,house,Republican,NC05,HSED02; HSGO24; House Committee on Education and Workforce; House Committee on Oversight and Government Reform; House Committee on Rules,False,2014-09-26,2014-10-08,,Memorial Production Partners lP,,Sale,"$15,001 - $50,000",32500.5,False,JT,20001812,https://disclosures-clerk.house.gov/public_disc/ptr-pdfs/2014/20001812.pdf,27c83768882ec33f7e310b7986ac88aaee977755792b27c7cf8a3c71a35332c9,0
F000450,Virginia Foxx,house,Republican,NC05,HSED02; HSGO24; House Committee on Education and Workforce; House Committee on Oversight and Government Reform; House Committee on Rules,False,2014-09-19,2014-10-08,,PennantPark Investment Corporation,,Sale,"$50,001 - $100,000",75000.5,False,JT,20001812,https://disclosures-clerk.house.gov/public_disc/ptr-pdfs/2014/20001812.pdf,d17f00168fb2ae2ee07a0b3ace88c7e80254385a192360fba6d9299ba78b08ee,0
F000450,Virginia Foxx,house,Republican,NC05,HSED02; HSGO24; House Committee on Education and Workforce; House Committee on Oversight and Government Reform; House Committee on Rules,False,2014-09-15,2014-10-08,PBI,Pitney Bowes Inc.,,Sale,"$1,001 - $15,000",8000.5,False,JT,20001812,https://disclosures-clerk.house.gov/public_disc/ptr-pdfs/2014/20001812.pdf,39346c8cb890281939d0f874f47104e0ad98518bf6cfa42d0063a9d3d4260ac4,0
F000450,Virginia Foxx,house,Republican,NC05,HSED02; HSGO24; House Committee on Education and Workforce; House Committee on Oversight and Government Reform; House Committee on Rules,False,2014-09-25,2014-10-08,SCHA,schwab u.s. small-Cap ETF,,Sale,"$15,001 - $50,000",32500.5,False,JT,20001812,https://disclosures-clerk.house.gov/public_disc/ptr-pdfs/2014/20001812.pdf,f9c3957b178f8b7a496d06836ec7a5328d8fa61457d5f07c47c57978c6b555ad,0
W000413,Ed Whitfield,house,Republican,KY01,,False,2014-09-18,2014-10-08,SJT,san Juan Basin Royalty Trust,,Sale,"$15,001 - $50,000",32500.5,False,SP,20001791,https://disclosures-clerk.house.gov/public_disc/ptr-pdfs/2014/20001791.pdf,765086d5d23235860d39c295a09e825ff42e1ddcaa0dfb10420cf358dd517679,0
F000450,Virginia Foxx,house,Republican,NC05,HSED02; HSGO24; House Committee on Education and Workforce; House Committee on Oversight and Government Reform; House Committee on Rules,False,2014-09-26,2014-10-08,MEMP,Memorial Production Partners lP - Common units,,Sale,"$15,001 - $50,000",32500.5,False,JT,20001812,https://disclosures-clerk.house.gov/public_disc/ptr-pdfs/2014/20001812.pdf,120016fe0950511d7bf4df9e88b87a53cf367bde0903076fe7d6262ead17a238,0
F000450,Virginia Foxx,house,Republican,NC05,HSED02; HSGO24; House Committee on Education and Workforce; House Committee on Oversight and Government Reform; House Committee on Rules,False,2014-09-26,2014-10-08,FTR,Frontier Communications Corporation,,Sale,"$50,001 - $100,000",75000.5,False,JT,20001812,https://disclosures-clerk.house.gov/public_disc/ptr-pdfs/2014/20001812.pdf,39a751b3dd483d91aeb3f80516c71bac753efb0b6cb2ecdc2d96e3b9625e2150,1
W000413,Ed Whitfield,house,Republican,KY01,,False,2014-09-25,2014-10-08,,Chicago Bridge & Iron Company N.V.,,Purchase,"$1,001 - $15,000",8000.5,False,SP,20001791,https://disclosures-clerk.house.gov/public_disc/ptr-pdfs/2014/20001791.pdf,48e7f87c76b61b996fc8f943e78f2ec9b38766e7fb8c0892bba8e484b4b9d310,0
W000413,Ed Whitfield,house,Republican,KY01,,False,2014-09-24,2014-10-08,GE,general Electric Company,,Purchase,"$1,001 - $15,000",8000.5,False,SELF,20001791,https://disclosures-clerk.house.gov/public_disc/ptr-pdfs/2014/20001791.pdf,312c704896b5a83f51aefd33afb843bd118bc9bf96f20f455faf4a2ca4725801,0
W000413,Ed Whitfield,house,Republican,KY01,,False,2014-09-22,2014-10-08,INCY,Incyte Corporation,,Purchase,"$1,001 - $15,000",8000.5,False,SP,20001791,https://disclosures-clerk.house.gov/public_disc/ptr-pdfs/2014/20001791.pdf,914406bdc0059e2e15fbf49d62d121e213dfc0379c2df881fa648f6d9b4a06d5,0
W000413,Ed Whitfield,house,Republican,KY01,,False,2014-09-25,2014-10-08,INGR,Ingredion Incorporated,,Purchase,"$1,001 - $15,000",8000.5,False,SP,20001791,https://disclosures-clerk.house.gov/public_disc/ptr-pdfs/2014/20001791.pdf,b6f27dbc24edb90b080c324af1ce2d4be4dcab164840c7678dbcc0f36af1b357,0
W000413,Ed Whitfield,house,Republican,KY01,,False,2014-09-11,2014-10-08,,Interest in students lofts at st. louis,,Purchase,"$100,001 - $250,000",175000.5,False,SP,20001791,https://disclosures-clerk.house.gov/public_disc/ptr-pdfs/2014/20001791.pdf,817589545eb316bda71f6eb720193c2093c56c7ba2422e96aaf4612c0fc9e28d,0
D000399,Lloyd Doggett,house,Democrat,TX35,HSWM02; HSWM04; HSWM06; House Committee on Ways and Means; House Committee on the Budget; Joint Committee on Taxation,False,2014-09-11,2014-10-08,,International Business Machines,,Purchase,"$1,001 - $15,000",8000.5,False,SELF,20001837,https://disclosures-clerk.house.gov/public_disc/ptr-pdfs/2014/20001837.pdf,5f097e778dbfc867571ef4d55d848bba7a8882f76a11d1a6b57441bc6e96533d,0
W000413,Ed Whitfield,house,Republican,KY01,,False,2014-09-25,2014-10-08,DIS,Walt Disney Company,,Purchase,"$1,001 - $15,000",8000.5,False,SP,20001791,https://disclosures-clerk.house.gov/public_disc/ptr-pdfs/2014/20001791.pdf,cc0c3a6dcb093be076c877b5c767a5dd8c989b86963b970cf61ec1119c1285d0,0
N000182,Randy Neugebauer,house,Republican,TX19,,False,2014-09-30,2014-10-07,SLV,iShares Silver Trust,,Purchase,"$1,001 - $15,000",8000.5,False,SELF,20001811,https://disclosures-clerk.house.gov/public_disc/ptr-pdfs/2014/20001811.pdf,92ec9230771df17717f81553f3c7656aca0669352b8b96aa664c461106fd2f34,0
L000579,Alan S. Lowenthal,house,Democrat,CA47,,False,2014-10-03,2014-10-07,INTU,Intuit Inc.,,Sale,"$15,001 - $50,000",32500.5,False,SP,20001832,https://disclosures-clerk.house.gov/public_disc/ptr-pdfs/2014/20001832.pdf,bb6cc3f00eec8a181faed8775e1b5c6f50d2aab483e0f4eca52bcbd835fad685,0
N000182,Randy Neugebauer,house,Republican,TX19,,False,2014-09-30,2014-10-07,SLV,iShares Silver Trust,,Purchase,"$1,001 - $15,000",8000.5,False,SP,20001811,https://disclosures-clerk.house.gov/public_disc/ptr-pdfs/2014/20001811.pdf,50bcb36e385e83dfe280224e978b16ccd6b334e47c0142f8b4d4c2b0c1c4c959,0
G000551,Raúl M. Grijalva,house,Democrat,AZ03,,False,2014-09-10,2014-10-06,INF,type Date sP Brookfield Global listed Infrastructure Income Fund Closed End Fund,,Sale,"$1,001 - $15,000",8000.5,False,SELF,20001827,https://disclosures-clerk.house.gov/public_disc/ptr-pdfs/2014/20001827.pdf,383c53d4127d0e7d41d9763703f28bca16d9d56d52fa0f2fcf1c070faeb893ba,0
G000551,Raúl M. Grijalva,house,Democrat,AZ03,,False,2014-09-10,2014-10-06,,Brookfield Global listed Infrastructure,,Sale,"$1,001 - $15,000",8000.5,False,SP,20001827,https://disclosures-clerk.house.gov/public_disc/ptr-pdfs/2014/20001827.pdf,5491b701ee40d7f1ff99b8d0671fbd2244c77a82bb59c8b377ab4dcec74c5d24,0
G000551,Raúl M. Grijalva,house,Democrat,AZ03,,False,2014-09-10,2014-10-06,GLW,Corning Incorporated,,Purchase,"$1,001 - $15,000",8000.5,False,SP,20001827,https://disclosures-clerk.house.gov/public_disc/ptr-pdfs/2014/20001827.pdf,9344fb66f7b3d3afd3de44f5f3cffff40a83ddb00d7a9859140fccdef11297c9,0
G000551,Raúl M. Grijalva,house,Democrat,AZ03,,False,2014-09-10,2014-10-06,INTC,Intel Corporation,,Sale,"$1,001 - $15,000",8000.5,False,SP,20001827,https://disclosures-clerk.house.gov/public_disc/ptr-pdfs/2014/20001827.pdf,288915d0d97bdd988476b95248796adafc96a19edaa77dfda9473e8201a1c2c6,0
G000551,Raúl M. Grijalva,house,Democrat,AZ03,,False,2014-09-10,2014-10-06,PEP,"Pepsico, Inc.",,Sale,"$1,001 - $15,000",8000.5,False,SP,20001827,https://disclosures-clerk.house.gov/public_disc/ptr-pdfs/2014/20001827.pdf,67e6ef12ea4e7742daca28f50bf5ab591cc8df889122c7f6363f11b7e25850fb,0
F000461,Bill Flores,house,Republican,TX17,,False,2014-09-08,2014-10-05,,Energy Transfer Partners l.P.,,Purchase,"$15,001 - $50,000",32500.5,False,SELF,20001820,https://disclosures-clerk.house.gov/public_disc/ptr-pdfs/2014/20001820.pdf,4c4df25882476a7ee37773ded275b333acf4973c42e8d83eb80b3d2455ed81c8,0
F000461,Bill Flores,house,Republican,TX17,,False,2014-09-23,2014-10-05,,TPH Partners lP,,Sale,"$1,001 - $15,000",8000.5,False,SELF,20001820,https://disclosures-clerk.house.gov/public_disc/ptr-pdfs/2014/20001820.pdf,015ac071e0608fead1aba339f84525923d0d56156f4990b6b03b7842d0813444,0
F000461,Bill Flores,house,Republican,TX17,,False,2014-09-30,2014-10-05,,TransCanada Pipelines ltd,,Purchase,"$50,001 - $100,000",75000.5,False,SELF,20001820,https://disclosures-clerk.house.gov/public_disc/ptr-pdfs/2014/20001820.pdf,627d9d30f4039b6ea16c98004a5f2163317d68fb19095c4528b72e966ed81992,0
B001269,Lou Barletta,house,Republican,PA11,,False,2014-10-01,2014-10-03,AAPL,Apple Inc.,,Sale,"$15,001 - $50,000",32500.5,False,JT,20001787,https://disclosures-clerk.house.gov/public_disc/ptr-pdfs/2014/20001787.pdf,75bf90f93d28a6e62fc0ab2c727ae87e401a5b09813888063d38a7fe101f1d7d,0
C001062,K. Michael Conaway,house,Republican,TX11,,False,2014-09-17,2014-10-02,SSYS,"stratasys, ltd.",,Purchase,"$1,001 - $15,000",8000.5,False,SP,20001785,https://disclosures-clerk.house.gov/public_disc/ptr-pdfs/2014/20001785.pdf,53963a91e24afdaa73512044958d1ae0752b5eeae1b5e099e9db9f9cdd278782,0
C001062,K. Michael Conaway,house,Republican,TX11,,False,2014-09-17,2014-10-02,PPG,"PPg Industries, Inc.",,Sale,"$1,001 - $15,000",8000.5,False,SP,20001785,https://disclosures-clerk.house.gov/public_disc/ptr-pdfs/2014/20001785.pdf,8820d24e56cfbbb2d70f4e3ae71d9f99ae8a5fdc2267ca93c54d668e02016843,0
C001062,K. Michael Conaway,house,Republican,TX11,,False,2014-09-16,2014-10-02,,Molson Coors brewing Company Class b,,Sale,"$1,001 - $15,000",8000.5,False,SP,20001785,https://disclosures-clerk.house.gov/public_disc/ptr-pdfs/2014/20001785.pdf,0165ddf4bd25bb3d54f0671ee0b6ac28cf8b82135f835fb0afbd7a24094f25b4,0
C001062,K. Michael Conaway,house,Republican,TX11,,False,2014-09-24,2014-10-02,NLSN,Nielsen N.V.,,Sale,"$1,001 - $15,000",8000.5,False,SP,20001785,https://disclosures-clerk.house.gov/public_disc/ptr-pdfs/2014/20001785.pdf,e159ba8182cdef4cd1b55692b678c2aab9a34bb90e6b9bae636f60b2518178cd,0
C001062,K. Michael Conaway,house,Republican,TX11,,False,2014-09-16,2014-10-02,TAP,Molson Coors brewing Company Class b,,Sale,"$1,001 - $15,000",8000.5,False,SP,20001785,https://disclosures-clerk.house.gov/public_disc/ptr-pdfs/2014/20001785.pdf,0165ddf4bd25bb3d54f0671ee0b6ac28cf8b82135f835fb0afbd7a24094f25b4,1
C001062,K. Michael Conaway,house,Republican,TX11,,False,2014-09-23,2014-10-02,ORCL,oracle Corporation,,Sale,"$1,001 - $15,000",8000.5,False,SP,20001785,https://disclosures-clerk.house.gov/public_disc/ptr-pdfs/2014/20001785.pdf,6f9da085824e46a65ba528d22a8662f41ca55b29f4d526aa3e9f3a352490338d,0
C001062,K. Michael Conaway,house,Republican,TX11,,False,2014-09-05,2014-10-02,ORCL,oracle Corporation,,Sale,"$1,001 - $15,000",8000.5,False,SP,20001785,https://disclosures-clerk.house.gov/public_disc/ptr-pdfs/2014/20001785.pdf,233d2456057253d91ec7dc5c08f764bb9be5529e94d7f57c73f72b07db2bcd45,0
C001062,K. Michael Conaway,house,Republican,TX11,,False,2014-09-18,2014-10-02,PFE,"Pfizer, Inc.",,Purchase,"$1,001 - $15,000",8000.5,False,SP,20001785,https://disclosures-clerk.house.gov/public_disc/ptr-pdfs/2014/20001785.pdf,64e2d49e5576eee1a11211274eac1a4a7638cdc1ee919e746f9fffa7b4148a33,0
C001062,K. Michael Conaway,house,Republican,TX11,,False,2014-09-16,2014-10-02,SSYS,"stratasys, ltd.",,Purchase,"$1,001 - $15,000",8000.5,False,SP,20001785,https://disclosures-clerk.house.gov/public_disc/ptr-pdfs/2014/20001785.pdf,68b390a5c97acacde36528819ec88215b1be32646218c78c030d6f3a7a9076a6,0
C001062,K. Michael Conaway,house,Republican,TX11,,False,2014-09-16,2014-10-02,PPG,"PPg Industries, Inc.",,Sale,"$1,001 - $15,000",8000.5,False,SP,20001785,https://disclosures-clerk.house.gov/public_disc/ptr-pdfs/2014/20001785.pdf,36a4ed51d3596c0fa8c1a6c0a388c7205da2cfc89f364d3c8088a3a4c4dbe8c2,0
C001062,K. Michael Conaway,house,Republican,TX11,,False,2014-09-05,2014-10-02,SPLK,splunk Inc.,,Purchase,"$1,001 - $15,000",8000.5,False,SP,20001785,https://disclosures-clerk.house.gov/public_disc/ptr-pdfs/2014/20001785.pdf,dea32ba2ddfa52e0455ce9c6962ac525080e881579931a4d43de4003860c797b,0
C001062,K. Michael Conaway,house,Republican,TX11,,False,2014-09-05,2014-10-02,M,Macy's Inc,,Purchase,"$1,001 - $15,000",8000.5,False,SP,20001785,https://disclosures-clerk.house.gov/public_disc/ptr-pdfs/2014/20001785.pdf,69b93e671f357959bcc26117f081aab08455896716c3ec65dfc0f850d1021195,0
C001062,K. Michael Conaway,house,Republican,TX11,,False,2014-09-05,2014-10-02,TAP,Molson Coors brewing Company Class b,,Sale,"$1,001 - $15,000",8000.5,False,SP,20001785,https://disclosures-clerk.house.gov/public_disc/ptr-pdfs/2014/20001785.pdf,5b957685860e6afb5cfc22e3897957b5e1a5cf1918044c387cb9cb3c59fe3534,1
C001062,K. Michael Conaway,house,Republican,TX11,,False,2014-09-16,2014-10-02,ASML,AsMl holding N.V. - ADs represents 1 ordinary share,,Purchase,"$1,001 - $15,000",8000.5,False,SP,20001785,https://disclosures-clerk.house.gov/public_disc/ptr-pdfs/2014/20001785.pdf,dae3a0d5b7bbcafe05a935d6541960e90404b95fe88881b8af78e7d0703545ee,0
C001062,K. Michael Conaway,house,Republican,TX11,,False,2014-09-24,2014-10-02,CCI,Crown Castle International Corporation,,Sale,"$1,001 - $15,000",8000.5,False,SP,20001785,https://disclosures-clerk.house.gov/public_disc/ptr-pdfs/2014/20001785.pdf,c37ad971599ac757de0f106a3fed9b73bc2274f5d0598b73bcef4bc11affc7e2,1
C001062,K. Michael Conaway,house,Republican,TX11,,False,2014-09-23,2014-10-02,CCI,Crown Castle International Corporation,,Sale,"$1,001 - $15,000",8000.5,False,SP,20001785,https://disclosures-clerk.house.gov/public_disc/ptr-pdfs/2014/20001785.pdf,d1c88e70da62caac5170a82a6417130a82317ca2573b8196a434c4a4bef7cccd,1
C001062,K. Michael Conaway,house,Republican,TX11,,False,2014-09-05,2014-10-02,,Molson Coors brewing Company Class b,,Sale,"$1,001 - $15,000",8000.5,False,SP,20001785,https://disclosures-clerk.house.gov/public_disc/ptr-pdfs/2014/20001785.pdf,5b957685860e6afb5cfc22e3897957b5e1a5cf1918044c387cb9cb3c59fe3534,0
C001062,K. Michael Conaway,house,Republican,TX11,,False,2014-09-18,2014-10-02,KRFT,"Kraft Foods group, Inc.",,Sale,"$1,001 - $15,000",8000.5,False,SP,20001785,https://disclosures-clerk.house.gov/public_disc/ptr-pdfs/2014/20001785.pdf,9f12d28439862c090f8b34285e02897d54415a13e2d3670de8781adbe1b8ec73,0
C001062,K. Michael Conaway,house,Republican,TX11,,False,2014-09-16,2014-10-02,DLPH,Delphi Automotive plc ordinary shares,,Sale,"$1,001 - $15,000",8000.5,False,SP,20001785,https://disclosures-clerk.house.gov/public_disc/ptr-pdfs/2014/20001785.pdf,097d7c76bd469b190610f17c5087cfa4fc2a82c3a803624ead2bf937e1b65ed7,1
C001062,K. Michael Conaway,house,Republican,TX11,,False,2014-09-24,2014-10-02,COST,Costco Wholesale Corporation,,Purchase,"$1,001 - $15,000",8000.5,False,SP,20001785,https://disclosures-clerk.house.gov/public_disc/ptr-pdfs/2014/20001785.pdf,1928a015fad736857514111db86622e7109c0371408daf76fb2aa90fc01ed766,0
C001062,K. Michael Conaway,house,Republican,TX11,,False,2014-09-22,2014-10-02,INTU,Intuit Inc.,,Purchase,"$1,001 - $15,000",8000.5,False,SP,20001785,https://disclosures-clerk.house.gov/public_disc/ptr-pdfs/2014/20001785.pdf,fa2a85eec19d6a62c00ef08d4c74c44ad79b1de2c1c7fe0f0c641e9c35aa7044,0
C001062,K. Michael Conaway,house,Republican,TX11,,False,2014-09-04,2014-10-02,AMZN,"Amazon.com, Inc.",,Purchase,"$1,001 - $15,000",8000.5,False,SP,20001785,https://disclosures-clerk.house.gov/public_disc/ptr-pdfs/2014/20001785.pdf,0f7bf0f6ce65291af61c230d68167dcb9afe4620e0257c4270ce8c47350d11ce,0
C001062,K. Michael Conaway,house,Republican,TX11,,False,2014-09-16,2014-10-02,,AsMl holding N.V. - ADs represents 1,,Purchase,"$1,001 - $15,000",8000.5,False,SP,20001785,https://disclosures-clerk.house.gov/public_disc/ptr-pdfs/2014/20001785.pdf,86a406aab5b2dd9663abdabe7e6aa35758f713f25dc3486ee8b13e286b28f163,0
C001062,K. Michael Conaway,house,Republican,TX11,,False,2014-09-12,2014-10-02,CMA,Comerica Incorporated,,Purchase,"$1,001 - $15,000",8000.5,False,SP,20001785,https://disclosures-clerk.house.gov/public_disc/ptr-pdfs/2014/20001785.pdf,662d53ee092fa0ef8ed5f29224761c990b57a6ac28150e73a61139e68b2f6be6,0
C001062,K. Michael Conaway,house,Republican,TX11,,False,2014-09-18,2014-10-02,ACT,Actavis plc ordinary shares,,Purchase,"$1,001 - $15,000",8000.5,False,SP,20001785,https://disclosures-clerk.house.gov/public_disc/ptr-pdfs/2014/20001785.pdf,aa86e5bc9c42f53b1c2c0fad8f151537b6f9f3807f1f3520c273508932925338,0
C001062,K. Michael Conaway,house,Republican,TX11,,False,2014-09-24,2014-10-02,,Crown Castle International Corporation,,Sale,"$1,001 - $15,000",8000.5,False,SP,20001785,https://disclosures-clerk.house.gov/public_disc/ptr-pdfs/2014/20001785.pdf,c37ad971599ac757de0f106a3fed9b73bc2274f5d0598b73bcef4bc11affc7e2,0
C001062,K. Michael Conaway,house,Republican,TX11,,False,2014-09-23,2014-10-02,,Crown Castle International Corporation,,Sale,"$1,001 - $15,000",8000.5,False,SP,20001785,https://disclosures-clerk.house.gov/public_disc/ptr-pdfs/2014/20001785.pdf,d1c88e70da62caac5170a82a6417130a82317ca2573b8196a434c4a4bef7cccd,0
C001062,K. Michael Conaway,house,Republican,TX11,,False,2014-09-16,2014-10-02,,Delphi Automotive plc ordinary shares,,Sale,"$1,001 - $15,000",8000.5,False,SP,20001785,https://disclosures-clerk.house.gov/public_disc/ptr-pdfs/2014/20001785.pdf,097d7c76bd469b190610f17c5087cfa4fc2a82c3a803624ead2bf937e1b65ed7,0
D000355,John D. Dingell,house,Democrat,MI12,,False,2014-09-18,2014-10-01,EMR,Emerson Electric Company,,Purchase,"$1,001 - $15,000",8000.5,False,SELF,20001781,https://disclosures-clerk.house.gov/public_disc/ptr-pdfs/2014/20001781.pdf,0e8bbbeb328578f788f786c56418b95f9191d0742bd328109ba2fc215ae69b1b,0
C001066,Kathy Castor,house,Democrat,FL14,HSIF03; HSIF16; HSIF17; House Committee on Energy and Commerce; House Select Committee on the Strategic Competition Between the United States and the Chinese Communist Party,False,2014-09-26,2014-09-29,GE,general Electric Company,,Purchase,"$1,001 - $15,000",8000.5,False,SP,20001777,https://disclosures-clerk.house.gov/public_disc/ptr-pdfs/2014/20001777.pdf,fc19baaeed1551cbf6280dcd6970d162ae2bfc2d58a36115321c8f8d9989ed56,0
B001274,Mo Brooks,house,Republican,AL05,,False,2014-09-08,2014-09-26,,Tenn Valley authority Bond,,Purchase,"$15,001 - $50,000",32500.5,False,JT,20001769,https://disclosures-clerk.house.gov/public_disc/ptr-pdfs/2014/20001769.pdf,c835e8c802ea7f6cfac2bbbd26762ac92ab8e8eaa1d554a35ec3c483c0d59aa1,0
B000589,John A. Boehner,house,Republican,OH08,,False,2014-09-04,2014-09-24,UPS,"United Parcel Service, Inc.",,Purchase,"$15,001 - $50,000",32500.5,False,SELF,20001747,https://disclosures-clerk.house.gov/public_disc/ptr-pdfs/2014/20001747.pdf,869556d37d892223f5720d3a3467d40a326da24725d4f8661e53f2c763cbb869,0
B000589,John A. Boehner,house,Republican,OH08,,False,2014-09-03,2014-09-24,MCD,McDonald's Corporation,,Sale,"$15,001 - $50,000",32500.5,False,SELF,20001747,https://disclosures-clerk.house.gov/public_disc/ptr-pdfs/2014/20001747.pdf,8465a021bda02c07ca323de840cbc3e23bc50aed856de80b8a0452284f3d55e1,0
D000622,Tammy Duckworth,house,Democrat,IL08,"SSAS14; SSAS15; SSAS17; SSCM33; SSCM34; SSCM38; SSFR01; SSFR14; SSFR15; Senate Committee on Armed Services; Senate Committee on Commerce, Science, and Transportation; Senate Committee on Foreign Relations; Senate Committee on Veterans' Affairs",False,2014-09-05,2014-09-23,ABBV,abbVie Inc.,,Sale,"$1,001 - $15,000",8000.5,False,JT,20001671,https://disclosures-clerk.house.gov/public_disc/ptr-pdfs/2014/20001671.pdf,c2ccf3015d155a7dfd21485ac7e5dd24b66138347d77001ba917fdc05b6dd402,0
D000622,Tammy Duckworth,house,Democrat,IL08,"SSAS14; SSAS15; SSAS17; SSCM33; SSCM34; SSCM38; SSFR01; SSFR14; SSFR15; Senate Committee on Armed Services; Senate Committee on Commerce, Science, and Transportation; Senate Committee on Foreign Relations; Senate Committee on Veterans' Affairs",False,2014-08-11,2014-09-23,CAT,"Caterpillar, Inc.",,Exchange,"$1,001 - $15,000",8000.5,False,JT,20001671,https://disclosures-clerk.house.gov/public_disc/ptr-pdfs/2014/20001671.pdf,4f8a7943ac8aecb70f98637cfa100a75bab1e49a52c08b25fa5b38ea261ad7b4,0
D000622,Tammy Duckworth,house,Democrat,IL08,"SSAS14; SSAS15; SSAS17; SSCM33; SSCM34; SSCM38; SSFR01; SSFR14; SSFR15; Senate Committee on Armed Services; Senate Committee on Commerce, Science, and Transportation; Senate Committee on Foreign Relations; Senate Committee on Veterans' Affairs",False,2014-08-11,2014-09-23,CAT,"Caterpillar, Inc.",,Exchange,"$1,001 - $15,000",8000.5,False,JT,20001671,https://disclosures-clerk.house.gov/public_disc/ptr-pdfs/2014/20001671.pdf,4f8a7943ac8aecb70f98637cfa100a75bab1e49a52c08b25fa5b38ea261ad7b4,1
D000622,Tammy Duckworth,house,Democrat,IL08,"SSAS14; SSAS15; SSAS17; SSCM33; SSCM34; SSCM38; SSFR01; SSFR14; SSFR15; Senate Committee on Armed Services; Senate Committee on Commerce, Science, and Transportation; Senate Committee on Foreign Relations; Senate Committee on Veterans' Affairs",False,2014-08-11,2014-09-23,GLW,Corning Incorporated,,Exchange,"$1,001 - $15,000",8000.5,False,JT,20001671,https://disclosures-clerk.house.gov/public_disc/ptr-pdfs/2014/20001671.pdf,8e4432a59717e2ef41e20437bdf96f54ec8dc4c58a7ced079d883a3c43cf5295,0
D000622,Tammy Duckworth,house,Democrat,IL08,"SSAS14; SSAS15; SSAS17; SSCM33; SSCM34; SSCM38; SSFR01; SSFR14; SSFR15; Senate Committee on Armed Services; Senate Committee on Commerce, Science, and Transportation; Senate Committee on Foreign Relations; Senate Committee on Veterans' Affairs",False,2014-08-11,2014-09-23,GLW,Corning Incorporated,,Exchange,"$1,001 - $15,000",8000.5,False,JT,20001671,https://disclosures-clerk.house.gov/public_disc/ptr-pdfs/2014/20001671.pdf,8e4432a59717e2ef41e20437bdf96f54ec8dc4c58a7ced079d883a3c43cf5295,1
D000622,Tammy Duckworth,house,Democrat,IL08,"SSAS14; SSAS15; SSAS17; SSCM33; SSCM34; SSCM38; SSFR01; SSFR14; SSFR15; Senate Committee on Armed Services; Senate Committee on Commerce, Science, and Transportation; Senate Committee on Foreign Relations; Senate Committee on Veterans' Affairs",False,2014-08-11,2014-09-23,,Potash Corporation of Saskatchewan,,Exchange,"$1,001 - $15,000",8000.5,False,JT,20001671,https://disclosures-clerk.house.gov/public_disc/ptr-pdfs/2014/20001671.pdf,a4c27cc05d18740a8ab5fae5ca1e916038eab1774042289ebd03431917475c61,0
F000462,Lois Frankel,house,Democrat,FL22,HSAP04; HSAP07; House Committee on Appropriations,False,2014-08-20,2014-09-23,MRK,"Merck & Company, Inc. Common stock",,Purchase,"$1,001 - $15,000",8000.5,False,SELF,20001689,https://disclosures-clerk.house.gov/public_disc/ptr-pdfs/2014/20001689.pdf,fea0af026c1f3db35dd68bee70a713ea69d6152b3b94ab3322edaad357628179,1
F000462,Lois Frankel,house,Democrat,FL22,HSAP04; HSAP07; House Committee on Appropriations,False,2014-08-20,2014-09-23,,"Merck & Company, Inc. Common stock",,Purchase,"$1,001 - $15,000",8000.5,False,SELF,20001689,https://disclosures-clerk.house.gov/public_disc/ptr-pdfs/2014/20001689.pdf,fea0af026c1f3db35dd68bee70a713ea69d6152b3b94ab3322edaad357628179,0
D000622,Tammy Duckworth,house,Democrat,IL08,"SSAS14; SSAS15; SSAS17; SSCM33; SSCM34; SSCM38; SSFR01; SSFR14; SSFR15; Senate Committee on Armed Services; Senate Committee on Commerce, Science, and Transportation; Senate Committee on Foreign Relations; Senate Committee on Veterans' Affairs",False,2014-08-11,2014-09-23,POT,Potash Corporation of Saskatchewan Inc.,,Exchange,"$1,001 - $15,000",8000.5,False,JT,20001671,https://disclosures-clerk.house.gov/public_disc/ptr-pdfs/2014/20001671.pdf,09d2b32cba32f0fce163f29881c53ede57f506457930422544960ab597c868fe,0
F000462,Lois Frankel,house,Democrat,FL22,HSAP04; HSAP07; House Committee on Appropriations,False,2014-09-03,2014-09-23,MRK,"Merck & Company, Inc. Common stock",,Purchase,"$1,001 - $15,000",8000.5,False,SELF,20001689,https://disclosures-clerk.house.gov/public_disc/ptr-pdfs/2014/20001689.pdf,615335b96b0a161b1f1e737248f8084df0077b569672b9454d897b5f764535f6,1
F000462,Lois Frankel,house,Democrat,FL22,HSAP04; HSAP07; House Committee on Appropriations,False,2014-08-15,2014-09-23,BR,"Type Date broadridge Financial solutions, Inc.",,Sale,"$1,001 - $15,000",8000.5,False,SELF,20001689,https://disclosures-clerk.house.gov/public_disc/ptr-pdfs/2014/20001689.pdf,567e02bba65f9b127fa0fc21e1e7ea4c9f6228d891964a37b7fe9626df91f4d8,0
F000462,Lois Frankel,house,Democrat,FL22,HSAP04; HSAP07; House Committee on Appropriations,False,2014-08-29,2014-09-23,WU,Western union Company,,Purchase,"$1,001 - $15,000",8000.5,False,SELF,20001689,https://disclosures-clerk.house.gov/public_disc/ptr-pdfs/2014/20001689.pdf,173a696edbc23571d5de2c5ee4ae4900325c489346177deb6f49eb8ddfa3650f,0
F000462,Lois Frankel,house,Democrat,FL22,HSAP04; HSAP07; House Committee on Appropriations,False,2014-08-20,2014-09-23,DIS,Walt Disney Company,,Sale,"$1,001 - $15,000",8000.5,False,SELF,20001689,https://disclosures-clerk.house.gov/public_disc/ptr-pdfs/2014/20001689.pdf,7e0eb1076b182b73cd79c62e2c03c95848c37840469b0e7135de49d9e9f69779,0
F000462,Lois Frankel,house,Democrat,FL22,HSAP04; HSAP07; House Committee on Appropriations,False,2014-09-04,2014-09-23,SYF,synchrony Financial,,Purchase,"$1,001 - $15,000",8000.5,False,SELF,20001689,https://disclosures-clerk.house.gov/public_disc/ptr-pdfs/2014/20001689.pdf,c09df7a020727b1509c54e5ec642060c6d8ab03d20db0d2b49d98f74ef27a1a7,0
F000462,Lois Frankel,house,Democrat,FL22,HSAP04; HSAP07; House Committee on Appropriations,False,2014-08-25,2014-09-23,SON,sonoco Products Company,,Sale,"$1,001 - $15,000",8000.5,False,SELF,20001689,https://disclosures-clerk.house.gov/public_disc/ptr-pdfs/2014/20001689.pdf,82888c45ec25e2c33a6cdfe00b466c8222c8e9d28924b10697472b50e5aaa279,0
F000462,Lois Frankel,house,Democrat,FL22,HSAP04; HSAP07; House Committee on Appropriations,False,2014-08-15,2014-09-23,,"broadridge Financial solutions, Inc.",,Sale,"$1,001 - $15,000",8000.5,False,SELF,20001689,https://disclosures-clerk.house.gov/public_disc/ptr-pdfs/2014/20001689.pdf,e950886005d29a037fb4318b89fc452083fd08f824a9e9158371b1aa2a98abc4,0
F000462,Lois Frankel,house,Democrat,FL22,HSAP04; HSAP07; House Committee on Appropriations,False,2014-09-15,2014-09-23,CTRX,Catamaran Corporation,,Purchase,"$1,001 - $15,000",8000.5,False,SELF,20001689,https://disclosures-clerk.house.gov/public_disc/ptr-pdfs/2014/20001689.pdf,e68cc23eb314ab7fd3b2de2ecb02f8e5d48119f2e34d3917285442d7d39a0e08,0
F000462,Lois Frankel,house,Democrat,FL22,HSAP04; HSAP07; House Committee on Appropriations,False,2014-08-27,2014-09-23,DBD,"Diebold, Incorporated",,Sale,"$1,001 - $15,000",8000.5,False,SELF,20001689,https://disclosures-clerk.house.gov/public_disc/ptr-pdfs/2014/20001689.pdf,267d8b350dce32e30af7ab0bed216699fb1be7aba5ea63976d75c401fbb1b8d1,0
F000462,Lois Frankel,house,Democrat,FL22,HSAP04; HSAP07; House Committee on Appropriations,False,2014-09-03,2014-09-23,LMT,Lockheed Martin Corporation,,Sale,"$1,001 - $15,000",8000.5,False,SELF,20001689,https://disclosures-clerk.house.gov/public_disc/ptr-pdfs/2014/20001689.pdf,edd18eb8ff3bee15c8d2d3c6efc5ee4c34bfaca7bafeb11fb1a6a6df7056bccb,0
D000622,Tammy Duckworth,house,Democrat,IL08,"SSAS14; SSAS15; SSAS17; SSCM33; SSCM34; SSCM38; SSFR01; SSFR14; SSFR15; Senate Committee on Armed Services; Senate Committee on Commerce, Science, and Transportation; Senate Committee on Foreign Relations; Senate Committee on Veterans' Affairs",False,2014-08-11,2014-09-23,,Potash Corporation of Saskatchewan,,Exchange,"$1,001 - $15,000",8000.5,False,JT,20001671,https://disclosures-clerk.house.gov/public_disc/ptr-pdfs/2014/20001671.pdf,a4c27cc05d18740a8ab5fae5ca1e916038eab1774042289ebd03431917475c61,1
F000462,Lois Frankel,house,Democrat,FL22,HSAP04; HSAP07; House Committee on Appropriations,False,2014-09-03,2014-09-23,,"Merck & Company, Inc. Common stock",,Purchase,"$1,001 - $15,000",8000.5,False,SELF,20001689,https://disclosures-clerk.house.gov/public_disc/ptr-pdfs/2014/20001689.pdf,615335b96b0a161b1f1e737248f8084df0077b569672b9454d897b5f764535f6,0
D000622,Tammy Duckworth,house,Democrat,IL08,"SSAS14; SSAS15; SSAS17; SSCM33; SSCM34; SSCM38; SSFR01; SSFR14; SSFR15; Senate Committee on Armed Services; Senate Committee on Commerce, Science, and Transportation; Senate Committee on Foreign Relations; Senate Committee on Veterans' Affairs",False,2014-08-11,2014-09-23,POT,Potash Corporation of Saskatchewan Inc.,,Exchange,"$1,001 - $15,000",8000.5,False,JT,20001671,https://disclosures-clerk.house.gov/public_disc/ptr-pdfs/2014/20001671.pdf,09d2b32cba32f0fce163f29881c53ede57f506457930422544960ab597c868fe,1
D000617,Suzan K. DelBene,house,Democrat,WA01,HSWM04; HSWM05; HSWM06; House Committee on Ways and Means,False,2014-08-11,2014-09-21,,OSRaM lICHT ag NaMENS-aKTIEN,,Purchase,"$15,001 - $50,000",32500.5,False,JT,20001619,https://disclosures-clerk.house.gov/public_disc/ptr-pdfs/2014/20001619.pdf,0d23b86595c6a1ec7f14d98faaf9dd35d97c7704be2c46cc2fd688f4e0ea0b7a,0
D000617,Suzan K. DelBene,house,Democrat,WA01,HSWM04; HSWM05; HSWM06; House Committee on Ways and Means,False,2014-08-11,2014-09-21,SSNI,"Silver Spring Networks, Inc.",,Sale,"$1,001 - $15,000",8000.5,False,JT,20001619,https://disclosures-clerk.house.gov/public_disc/ptr-pdfs/2014/20001619.pdf,24cd597f25128ef66d22aeb87f589dadd043137afd340fa1789752609413eef0,0
P000595,Gary C. Peters,house,Democrat,MI14,"SSAP01; SSAP14; SSAP16; SSAP19; SSAP22; SSAS14; SSAS20; SSAS21; SSCM34; SSCM36; SSCM37; SSCM38; SSGA01; SSGA20; SSGA22; Senate Committee on Appropriations; Senate Committee on Armed Services; Senate Committee on Commerce, Science, and Transportation; Senate Committee on Homeland Security and Governmental Affairs",False,2014-08-27,2014-09-18,,Kalamazoo MICh Public Schools,,Purchase,"$15,001 - $50,000",32500.5,False,SELF,20001655,https://disclosures-clerk.house.gov/public_disc/ptr-pdfs/2014/20001655.pdf,754d4a17278cbd7f95c2ec24e6778ee1a2f59147ea8a21f7c41e9a3cef66a264,0
H001051,Richard L. Hanna,house,Republican,NY22,,False,2014-08-20,2014-09-16,TROW,"T. Rowe Price group, Inc.",,Purchase,"$15,001 - $50,000",32500.5,False,SELF,20001665,https://disclosures-clerk.house.gov/public_disc/ptr-pdfs/2014/20001665.pdf,e3481ed2b98f41cb835c8c7fbb79fdf144c850cad16a57f32def11a62a45c078,0
W000815,Brad R. Wenstrup,house,Republican,OH02,,False,2014-09-09,2014-09-16,,lenox Wealth Management Inc.,,Sale,"$15,001 - $50,000",32500.5,False,SELF,20001663,https://disclosures-clerk.house.gov/public_disc/ptr-pdfs/2014/20001663.pdf,3c1dfe680bb1459daf2f1a9a30d857d70c4391915cb37f2d69907c467df67eff,0
W000815,Brad R. Wenstrup,house,Republican,OH02,,False,2014-09-09,2014-09-16,LNXW,type Date lenox Wealth Management Inc.,,Sale,"$15,001 - $50,000",32500.5,False,SELF,20001663,https://disclosures-clerk.house.gov/public_disc/ptr-pdfs/2014/20001663.pdf,38bf15d1b120d5e82211a3ce82cda815fe4f7049fac77d23ab403c939e79da17,0
H001051,Richard L. Hanna,house,Republican,NY22,,False,2014-08-19,2014-09-16,UNH,UnitedHealth group Incorporated,,Purchase,"$50,001 - $100,000",75000.5,False,SELF,20001665,https://disclosures-clerk.house.gov/public_disc/ptr-pdfs/2014/20001665.pdf,47ea00ea5e064bb76095534df012e63c48b417e56a10b2c705d1ba430f7d567e,1
H001051,Richard L. Hanna,house,Republican,NY22,,False,2014-08-13,2014-09-16,CTSH,Cognizant Technology Solutions Corporation - Class A,,Purchase,"$1,001 - $15,000",8000.5,False,SELF,20001665,https://disclosures-clerk.house.gov/public_disc/ptr-pdfs/2014/20001665.pdf,8eec0cb5bd3780937c6bb4e0a9e49567e61398aed57a2efc0c0ff78bb6bf13ac,0
H001051,Richard L. Hanna,house,Republican,NY22,,False,2014-08-19,2014-09-16,VZ,Verizon Communications Inc.,,Purchase,"$15,001 - $50,000",32500.5,False,SELF,20001665,https://disclosures-clerk.house.gov/public_disc/ptr-pdfs/2014/20001665.pdf,9ae0b364489528d20c801a27f2d5a35c46527decf896502b1d4662c097cf6dc4,0
H001051,Richard L. Hanna,house,Republican,NY22,,False,2014-08-20,2014-09-16,USG,USg Corporation,,Purchase,"$1,001 - $15,000",8000.5,False,SELF,20001665,https://disclosures-clerk.house.gov/public_disc/ptr-pdfs/2014/20001665.pdf,f7d6c9199b43ec5328ed9c1adc479fd60115d18c41a232d0dbba350d496bff38,0
H001051,Richard L. Hanna,house,Republican,NY22,,False,2014-08-19,2014-09-16,,UnitedHealth group Incorporated,,Purchase,"$50,001 - $100,000",75000.5,False,SELF,20001665,https://disclosures-clerk.house.gov/public_disc/ptr-pdfs/2014/20001665.pdf,47ea00ea5e064bb76095534df012e63c48b417e56a10b2c705d1ba430f7d567e,0
H001051,Richard L. Hanna,house,Republican,NY22,,False,2014-08-19,2014-09-16,RYAM,Rayonier Advanced Materials Inc.,,Sale,"$15,001 - $50,000",32500.5,False,SELF,20001665,https://disclosures-clerk.house.gov/public_disc/ptr-pdfs/2014/20001665.pdf,5f0099abca889ec515f3cf072b32b1cc5a057efed863298c834bdadfc46c2f04,1
H001051,Richard L. Hanna,house,Republican,NY22,,False,2014-08-19,2014-09-16,TROW,"T. Rowe Price group, Inc.",,Purchase,"$50,001 - $100,000",75000.5,False,SELF,20001665,https://disclosures-clerk.house.gov/public_disc/ptr-pdfs/2014/20001665.pdf,6d0e4155096479d3b37bf84d14c2ab14907bc748134f7b89d7d43f67aa24d21f,0
H001051,Richard L. Hanna,house,Republican,NY22,,False,2014-08-26,2014-09-16,MON,Monsanto Company,,Purchase,"$100,001 - $250,000",175000.5,False,SELF,20001665,https://disclosures-clerk.house.gov/public_disc/ptr-pdfs/2014/20001665.pdf,63f0c85df5a9e948ba005b89e3cba113e7c9c6fef2f22e3539815ef2d76d33dd,0
H001051,Richard L. Hanna,house,Republican,NY22,,False,2014-08-20,2014-09-16,APA,Apache Corporation,,Purchase,"$1,001 - $15,000",8000.5,False,SELF,20001665,https://disclosures-clerk.house.gov/public_disc/ptr-pdfs/2014/20001665.pdf,d583ce652a4e83ca7a14eb2e2675a19dfeb96108b42d276ae1800de832455df3,0
H001051,Richard L. Hanna,house,Republican,NY22,,False,2014-08-20,2014-09-16,BA,boeing Company,,Purchase,"$1,001 - $15,000",8000.5,False,SELF,20001665,https://disclosures-clerk.house.gov/public_disc/ptr-pdfs/2014/20001665.pdf,7eab0c14852b2e134ece2fe589b678417c3ffc8773293484ad845cddaf779723,0
H001051,Richard L. Hanna,house,Republican,NY22,,False,2014-08-19,2014-09-16,RYN,Rayonier Inc. REIT,,Sale,"$100,001 - $250,000",175000.5,False,SELF,20001665,https://disclosures-clerk.house.gov/public_disc/ptr-pdfs/2014/20001665.pdf,9ec5c1bbbc1cdd0d0ad0d959b1d90de28f1c5e557610c168472cfdfa8cba0f06,0
H001051,Richard L. Hanna,house,Republican,NY22,,False,2014-08-26,2014-09-16,GS,"goldman Sachs group, Inc.",,Purchase,"$100,001 - $250,000",175000.5,False,SELF,20001665,https://disclosures-clerk.house.gov/public_disc/ptr-pdfs/2014/20001665.pdf,ab2aa9297f0558324b5b2ee03d77d420b15a0a79946560d889ad98fa3960f91a,0
H001051,Richard L. Hanna,house,Republican,NY22,,False,2014-08-13,2014-09-16,,Cognizant Technology Solutions,,Purchase,"$1,001 - $15,000",8000.5,False,SELF,20001665,https://disclosures-clerk.house.gov/public_disc/ptr-pdfs/2014/20001665.pdf,c26561cf3b5f564ab71bdfb327514e3e2cde67cdcb460ea170bf038f312a68df,0
H001051,Richard L. Hanna,house,Republican,NY22,,False,2014-08-20,2014-09-16,MS,Morgan Stanley,,Sale,"$1,001 - $15,000",8000.5,False,SELF,20001665,https://disclosures-clerk.house.gov/public_disc/ptr-pdfs/2014/20001665.pdf,7073531caf216effbe9404edff91a855fae28e741807a66de66d8b81c2c6968b,0
H001051,Richard L. Hanna,house,Republican,NY22,,False,2014-08-19,2014-09-16,QQQ,"PowerShares QQQ Trust, Series 1",,Purchase,"$50,001 - $100,000",75000.5,False,SELF,20001665,https://disclosures-clerk.house.gov/public_disc/ptr-pdfs/2014/20001665.pdf,a3c16d968e142f1486174365e000c1f21e25e55b71e508ef9fa97d1e9d961b57,0
H001051,Richard L. Hanna,house,Republican,NY22,,False,2014-08-19,2014-09-16,PPL,PP&L Corporation,,Sale,"$50,001 - $100,000",75000.5,False,SELF,20001665,https://disclosures-clerk.house.gov/public_disc/ptr-pdfs/2014/20001665.pdf,2a99c860ef3fec6830a03daeebc8715caa651d662630ee67c4b1446a495600a4,0
H001051,Richard L. Hanna,house,Republican,NY22,,False,2014-08-19,2014-09-16,,Rayonier Advanced Materials Inc.,,Sale,"$15,001 - $50,000",32500.5,False,SELF,20001665,https://disclosures-clerk.house.gov/public_disc/ptr-pdfs/2014/20001665.pdf,5f0099abca889ec515f3cf072b32b1cc5a057efed863298c834bdadfc46c2f04,0
L000480,Nita M. Lowey,house,Democrat,NY17,,False,2014-09-02,2014-09-15,,New Silk Route,,Purchase,"$15,001 - $50,000",32500.5,False,SP,20001673,https://disclosures-clerk.house.gov/public_disc/ptr-pdfs/2014/20001673.pdf,faf244961a4cb0182cca4257a5e7b239a163a2d253b29d41599e9faa8f63e2f7,0
B001260,Vern Buchanan,house,Republican,FL16,HSWM02; HSWM04; House Committee on Ways and Means; Joint Committee on Taxation,False,2014-08-28,2014-09-15,,harris assoc Invt Tr oakmark Intl,,Sale,"$1,001 - $15,000",8000.5,False,SP,20001674,https://disclosures-clerk.house.gov/public_disc/ptr-pdfs/2014/20001674.pdf,2cbf49fde5da5199f3e3ca841d6b305042cbef67cade9e4b0e94c8f66bb492f4,0
B001260,Vern Buchanan,house,Republican,FL16,HSWM02; HSWM04; House Committee on Ways and Means; Joint Committee on Taxation,False,2014-08-01,2014-09-15,,Silver Creek Early advantage Fund LP,,Sale,"$15,001 - $50,000",32500.5,False,SELF,20001674,https://disclosures-clerk.house.gov/public_disc/ptr-pdfs/2014/20001674.pdf,cb280decd1ef0d7ebe0c64036b308cb8beea13cd60dd23db14ebb21942c1ec1d,0
B001260,Vern Buchanan,house,Republican,FL16,HSWM02; HSWM04; House Committee on Ways and Means; Joint Committee on Taxation,False,2014-08-01,2014-09-15,,Silver Creek Low Vol Strategies II LP,,Sale,"$100,001 - $250,000",175000.5,False,SELF,20001674,https://disclosures-clerk.house.gov/public_disc/ptr-pdfs/2014/20001674.pdf,df8b09a1f8752ab34a5905bd1bb88d2e8b9e3eb588b9e557501b71c320d58da0,0
W000413,Ed Whitfield,house,Republican,KY01,,False,2014-08-11,2014-09-15,,Virginia Resource Authority Bond,,Sale,"$50,001 - $100,000",75000.5,False,SP,20001669,https://disclosures-clerk.house.gov/public_disc/ptr-pdfs/2014/20001669.pdf,072df2a2aad7988fa8661a09da49e2eae34086cce9d77eb1e2165bc56df7eb30,0
W000413,Ed Whitfield,house,Republican,KY01,,False,2014-08-11,2014-09-15,,Virginia Commonwealth Bond,,Sale,"$50,001 - $100,000",75000.5,False,SP,20001669,https://disclosures-clerk.house.gov/public_disc/ptr-pdfs/2014/20001669.pdf,469ea79accd1a8fbfc00771b5e6266cf3b087ab8557d36db0a5d0a18a87b668b,0
S001148,Michael K. Simpson,house,Republican,ID02,HSAP06; HSAP07; HSAP10; House Committee on Appropriations,False,2014-08-13,2014-09-14,,asustek Computer Inc Ord Ordinary,,Purchase,"$1,001 - $15,000",8000.5,False,SELF,20001668,https://disclosures-clerk.house.gov/public_disc/ptr-pdfs/2014/20001668.pdf,1e2195911462134838a411633482ec0acdacd26b08dcc93182f1020146573b5c,0
P000608,Scott H. Peters,house,Democrat,CA52,HSIF03; HSIF16; HSIF18; House Committee on Energy and Commerce; House Committee on the Budget,False,2014-08-13,2014-09-14,ATMP,Barclays ETN Plus Select MlP,,Sale,"$50,001 - $100,000",75000.5,False,SELF,20001643,https://disclosures-clerk.house.gov/public_disc/ptr-pdfs/2014/20001643.pdf,ab398c776d2630d8032eab1a1cc7a3228ad5f89bdb19987d9aa83849c93209c3,0
P000608,Scott H. Peters,house,Democrat,CA52,HSIF03; HSIF16; HSIF18; House Committee on Energy and Commerce; House Committee on the Budget,False,2014-08-13,2014-09-14,ATMP,Barclays ETN Plus Select MlP,,Sale,"$1,001 - $15,000",8000.5,False,SELF,20001643,https://disclosures-clerk.house.gov/public_disc/ptr-pdfs/2014/20001643.pdf,e0a12e788b4c25301d47a8720b673bf87a93ec7d9b6ff40d8ae335e8cae82469,0
P000608,Scott H. Peters,house,Democrat,CA52,HSIF03; HSIF16; HSIF18; House Committee on Energy and Commerce; House Committee on the Budget,False,2014-08-13,2014-09-14,ATMP,Barclays ETN Plus Select MlP,,Sale,"$1,001 - $15,000",8000.5,False,SELF,20001643,https://disclosures-clerk.house.gov/public_disc/ptr-pdfs/2014/20001643.pdf,e0a12e788b4c25301d47a8720b673bf87a93ec7d9b6ff40d8ae335e8cae82469,1
P000608,Scott H. Peters,house,Democrat,CA52,HSIF03; HSIF16; HSIF18; House Committee on Energy and Commerce; House Committee on the Budget,False,2014-08-01,2014-09-14,,"Huntington Beach, Ca Bonds",,Sale,"$500,001 - $1,000,000",750000.5,False,SELF,20001643,https://disclosures-clerk.house.gov/public_disc/ptr-pdfs/2014/20001643.pdf,17130f0a4b50d069a4bd8c659b67f8877f6ce287e120b7aa0088803fe88658c1,0
P000608,Scott H. Peters,house,Democrat,CA52,HSIF03; HSIF16; HSIF18; House Committee on Energy and Commerce; House Committee on the Budget,False,2014-08-15,2014-09-14,,university of Texas Bonds,,Sale,"$1,000,001 - $5,000,000",3000000.5,False,SELF,20001643,https://disclosures-clerk.house.gov/public_disc/ptr-pdfs/2014/20001643.pdf,43c8123c4b3736cd1cbb2f8ad1dcd8180729889f1f93579877ec32792179bbf1,0
P000608,Scott H. Peters,house,Democrat,CA52,HSIF03; HSIF16; HSIF18; House Committee on Energy and Commerce; House Committee on the Budget,False,2014-08-01,2014-09-14,,"Columbia County, Wis. Bonds",,Sale,"$1,000,001 - $5,000,000",3000000.5,False,SELF,20001643,https://disclosures-clerk.house.gov/public_disc/ptr-pdfs/2014/20001643.pdf,6c104818b4f4290ceb35802eb176160f24b866da73a98493f786b181fd4036db,0
S001148,Michael K. Simpson,house,Republican,ID02,HSAP06; HSAP07; HSAP10; House Committee on Appropriations,False,2014-08-13,2014-09-14,AKCPF,type Date asustek Computer Inc Ord Ordinary Shares,,Purchase,"$1,001 - $15,000",8000.5,False,SELF,20001668,https://disclosures-clerk.house.gov/public_disc/ptr-pdfs/2014/20001668.pdf,63915b7c9d5705fa3f47fb1a5541c8f980addbb0c2d76f5d0bf8d1ab7f482dec,0
O000169,William L. Owens,house,Democrat,NY21,,False,2014-09-08,2014-09-10,XON,Intrexon Corporation,,Sale,"$1,001 - $15,000",8000.5,False,SELF,20001650,https://disclosures-clerk.house.gov/public_disc/ptr-pdfs/2014/20001650.pdf,28da4790b266b4ddd33491261f964f09305b318deea95de4022663c315e18653,0
O000169,William L. Owens,house,Democrat,NY21,,False,2014-09-08,2014-09-10,NFLX,"Netflix, Inc.",,Sale,"$15,001 - $50,000",32500.5,False,SELF,20001650,https://disclosures-clerk.house.gov/public_disc/ptr-pdfs/2014/20001650.pdf,9bf7095797b5c8c1cccfc4464a32fcb9c27c228e3e1e6f98c302c0d90dbd1940,0
F000461,Bill Flores,house,Republican,TX17,,False,2014-08-22,2014-09-10,,"Enlink Midstream, llC Common units",,Sale,"$15,001 - $50,000",32500.5,False,SELF,20001653,https://disclosures-clerk.house.gov/public_disc/ptr-pdfs/2014/20001653.pdf,819a7ff809510732312f693b8ecf1be8dfd665e8bd94bada15ce8e4560345e10,0
F000461,Bill Flores,house,Republican,TX17,,False,2014-08-08,2014-09-10,,"Energy Transfer Equity, l.P. Energy",,Purchase,"$100,001 - $250,000",175000.5,False,SELF,20001653,https://disclosures-clerk.house.gov/public_disc/ptr-pdfs/2014/20001653.pdf,46bea94474d080a5fff6dbbd229815fab308ce2d8cdaca3bc0806050d5dcb437,0
F000461,Bill Flores,house,Republican,TX17,,False,2014-08-22,2014-09-10,,"Energy Transfer Equity, l.P. Energy",,Sale,"$1,001 - $15,000",8000.5,False,SELF,20001653,https://disclosures-clerk.house.gov/public_disc/ptr-pdfs/2014/20001653.pdf,0636831e8ab0dc39adfb4788c3a3d869d31a80a403692867349588374b4a51ef,0
F000461,Bill Flores,house,Republican,TX17,,False,2014-08-08,2014-09-10,,"access Midstream Partners, l.P.",,Sale,"$100,001 - $250,000",175000.5,False,SELF,20001653,https://disclosures-clerk.house.gov/public_disc/ptr-pdfs/2014/20001653.pdf,b5de76811db30b709960efe4e98c9ab3b69fa795da76222232f0c1d5a74155bc,0
F000461,Bill Flores,house,Republican,TX17,,False,2014-08-04,2014-09-10,,"access Midstream Partners, l.P.",,Purchase,"$100,001 - $250,000",175000.5,False,SELF,20001653,https://disclosures-clerk.house.gov/public_disc/ptr-pdfs/2014/20001653.pdf,3f173fb169316e2642ceee495b524ed2838b7a032b7daed246440a2af9d0fdda,0
S000480,Louise McIntosh Slaughter,house,Democrat,NY25,,False,2014-08-12,2014-09-10,PG,Procter & gamble Company,,Purchase,"$1,001 - $15,000",8000.5,False,SELF,20001654,https://disclosures-clerk.house.gov/public_disc/ptr-pdfs/2014/20001654.pdf,abde89c23a91ea55604d7a53bbbbd21cf60e0bacc8aee9626554fd5cec90c2a5,0
O000169,William L. Owens,house,Democrat,NY21,,False,2014-09-08,2014-09-10,BMO,Bank Of Montreal,,Sale,"$1,001 - $15,000",8000.5,False,SELF,20001650,https://disclosures-clerk.house.gov/public_disc/ptr-pdfs/2014/20001650.pdf,b6cb6dacb330c4f24b33dc9c50ecaccf3dab74e78e2f2c402dd5176f97b74278,0
O000169,William L. Owens,house,Democrat,NY21,,False,2014-09-08,2014-09-10,BAC,Bank of America Corporation,,Sale,"$1,001 - $15,000",8000.5,False,SELF,20001650,https://disclosures-clerk.house.gov/public_disc/ptr-pdfs/2014/20001650.pdf,7df0f10953aaaeb7a5e65fa319600aa88207c61537f06eb1b749d8d62afd8988,0
O000169,William L. Owens,house,Democrat,NY21,,False,2014-09-08,2014-09-10,AVA,Avista Corporation,,Sale,"$1,001 - $15,000",8000.5,False,SELF,20001650,https://disclosures-clerk.house.gov/public_disc/ptr-pdfs/2014/20001650.pdf,30c21c896d238ccd6bf745ca33180cfccbbd5d3f513089a25408c9367024626a,0
O000169,William L. Owens,house,Democrat,NY21,,False,2014-09-08,2014-09-10,T,AT&T Inc.,,Sale,"$1,001 - $15,000",8000.5,False,SELF,20001650,https://disclosures-clerk.house.gov/public_disc/ptr-pdfs/2014/20001650.pdf,53dfb15a8816f2be83d2d3c3b29769775a9bd2df96b3292f86196200c8f6478e,0
O000169,William L. Owens,house,Democrat,NY21,,False,2014-09-08,2014-09-10,JNJ,Johnson & Johnson,,Sale,"$1,001 - $15,000",8000.5,False,SELF,20001650,https://disclosures-clerk.house.gov/public_disc/ptr-pdfs/2014/20001650.pdf,0c9913b75f982d13c8a5c3246773514e4ea6e01e8ee2f60e7d2eebc6ab91e4c3,0
O000169,William L. Owens,house,Democrat,NY21,,False,2014-09-08,2014-09-10,JLL,Jones Lang Lasalle Incorporated,,Sale,"$1,001 - $15,000",8000.5,False,SELF,20001650,https://disclosures-clerk.house.gov/public_disc/ptr-pdfs/2014/20001650.pdf,9d3e6ef2da09931a341c1c2e89b2d44901cc92540bddea661af33fa6408ce85b,0
O000169,William L. Owens,house,Democrat,NY21,,False,2014-09-08,2014-09-10,KMB,Kimberly-Clark Corporation,,Sale,"$1,001 - $15,000",8000.5,False,SELF,20001650,https://disclosures-clerk.house.gov/public_disc/ptr-pdfs/2014/20001650.pdf,0c2d3f89c5d51e8dadf4f2acf92cc3e9874b63492e38350faea2d1857e70c1e7,0
O000169,William L. Owens,house,Democrat,NY21,,False,2014-09-08,2014-09-10,NVS,Novartis Ag,,Sale,"$1,001 - $15,000",8000.5,False,SELF,20001650,https://disclosures-clerk.house.gov/public_disc/ptr-pdfs/2014/20001650.pdf,490b6407b280d916f0335e238081b3855aeeb50aa1a83b297e57bd83ebe505c4,0
F000461,Bill Flores,house,Republican,TX17,,False,2014-08-08,2014-09-10,JPM,JP Morgan Chase & Co.,,Sale,"$1,001 - $15,000",8000.5,False,SELF,20001653,https://disclosures-clerk.house.gov/public_disc/ptr-pdfs/2014/20001653.pdf,7cd6d9ba877f4a3e453c51df4fa6503f8c1375f77baf923d239a1d5b7b255b7f,0
O000169,William L. Owens,house,Democrat,NY21,,False,2014-09-08,2014-09-10,PEP,"Pepsico, Inc.",,Sale,"$1,001 - $15,000",8000.5,False,SELF,20001650,https://disclosures-clerk.house.gov/public_disc/ptr-pdfs/2014/20001650.pdf,dd9766ece1d564c5521fdbe4c9be39784b91c2ea99b254fc6ef9eba732e39e3f,0
O000169,William L. Owens,house,Democrat,NY21,,False,2014-09-08,2014-09-10,SGEN,"seattle genetics, Inc.",,Sale,"$1,001 - $15,000",8000.5,False,SELF,20001650,https://disclosures-clerk.house.gov/public_disc/ptr-pdfs/2014/20001650.pdf,f0992a9b9ead635701867adc8201a207d4c971bcdb9b1cc628eda31c559d9623,0
O000169,William L. Owens,house,Democrat,NY21,,False,2014-09-08,2014-09-10,SO,southern Company,,Sale,"$1,001 - $15,000",8000.5,False,SELF,20001650,https://disclosures-clerk.house.gov/public_disc/ptr-pdfs/2014/20001650.pdf,69575b3c24b15c5e2f0ceca287caa280f2027ffa10791759e527d00db31676dd,0
O000169,William L. Owens,house,Democrat,NY21,,False,2014-09-08,2014-09-10,SYY,sysco Corporation,,Sale,"$1,001 - $15,000",8000.5,False,SELF,20001650,https://disclosures-clerk.house.gov/public_disc/ptr-pdfs/2014/20001650.pdf,d81fa93981254303b921f6e9c11791d1941aa494ca4fafa296a6388349bc5bf1,0
O000169,William L. Owens,house,Democrat,NY21,,False,2014-09-08,2014-09-10,TWC,Time Warner Cable Inc,,Sale,"$1,001 - $15,000",8000.5,False,SELF,20001650,https://disclosures-clerk.house.gov/public_disc/ptr-pdfs/2014/20001650.pdf,8ec20804c62a5eb81ffa0caeac7a87d1aa15cf75cf1f07baafd6932591def6c7,0
O000169,William L. Owens,house,Democrat,NY21,,False,2014-09-08,2014-09-10,UFI,"unifi, Inc. New",,Sale,"$1,001 - $15,000",8000.5,False,SELF,20001650,https://disclosures-clerk.house.gov/public_disc/ptr-pdfs/2014/20001650.pdf,06a540d5f2a353626780f42546676047e1f4b638daf39d5037d359d46e4450e9,0
O000169,William L. Owens,house,Democrat,NY21,,False,2014-09-08,2014-09-10,VZ,Verizon Communications Inc.,,Sale,"$1,001 - $15,000",8000.5,False,SELF,20001650,https://disclosures-clerk.house.gov/public_disc/ptr-pdfs/2014/20001650.pdf,5c3c903b47935894963441589a5da5b48e1d2262e0682d1c20a832422edabf05,0
O000169,William L. Owens,house,Democrat,NY21,,False,2014-09-08,2014-09-10,,"Whitecap Resources, Inc. Common",,Sale,"$1,001 - $15,000",8000.5,False,SELF,20001650,https://disclosures-clerk.house.gov/public_disc/ptr-pdfs/2014/20001650.pdf,e147af7bc14f967206217227a963da11de0f59fd59e952e32aa1309d114d807e,0
O000169,William L. Owens,house,Democrat,NY21,,False,2014-09-08,2014-09-10,FUR,Winthrop Realty Trust New,,Sale,"$1,001 - $15,000",8000.5,False,SELF,20001650,https://disclosures-clerk.house.gov/public_disc/ptr-pdfs/2014/20001650.pdf,eb92820a094de7466432496dd04e86fd6eb0f067f102f369455d5e9e507a9370,0
O000169,William L. Owens,house,Democrat,NY21,,False,2014-09-08,2014-09-10,BNS,Bank Nova scotia halifax Pfd 3 Ordinary shares,,Sale,"$1,001 - $15,000",8000.5,False,SELF,20001650,https://disclosures-clerk.house.gov/public_disc/ptr-pdfs/2014/20001650.pdf,9ad9c109dc014308bab34623401dfe029c63caf55d505fae4ed282aac6e941e7,0
O000169,William L. Owens,house,Democrat,NY21,,False,2014-09-08,2014-09-10,BNEFF,Bonterra Energy Corp. Ordinary shares,,Sale,"$1,001 - $15,000",8000.5,False,SELF,20001650,https://disclosures-clerk.house.gov/public_disc/ptr-pdfs/2014/20001650.pdf,228ed12c1fcfd8635572b301f4ea16b329adbfe3be45fd6f737ae4421eb1ae91,1
O000169,William L. Owens,house,Democrat,NY21,,False,2014-09-08,2014-09-10,MO,"Altria group, Inc.",,Sale,"$1,001 - $15,000",8000.5,False,SELF,20001650,https://disclosures-clerk.house.gov/public_disc/ptr-pdfs/2014/20001650.pdf,ec4c50085edaaa5a455ffac7145c5b05a5b47affd12c89bc3e188f194d605538,0
N000182,Randy Neugebauer,house,Republican,TX19,,False,2014-08-15,2014-09-10,,Mesa ariz Utility Sys Rev Fgic-Natl Re,,Purchase,"$100,001 - $250,000",175000.5,False,JT,20001568,https://disclosures-clerk.house.gov/public_disc/ptr-pdfs/2014/20001568.pdf,c3a7b88f93cf887bb6c3a80b22535e95ef291c48b0494fa3889f272b3e2118b7,0
O000169,William L. Owens,house,Democrat,NY21,,False,2014-09-08,2014-09-10,HBAYF,hudsons Bay Co Common shares,,Purchase,"$1,001 - $15,000",8000.5,False,SELF,20001650,https://disclosures-clerk.house.gov/public_disc/ptr-pdfs/2014/20001650.pdf,03f289e3c49db43eb2ead081633028f6e908b934e65bcfb3a2595ac8f3a0a074,1
F000461,Bill Flores,house,Republican,TX17,,False,2014-08-08,2014-09-10,,"Enlink Midstream, llC Common units",,Purchase,"$100,001 - $250,000",175000.5,False,SELF,20001653,https://disclosures-clerk.house.gov/public_disc/ptr-pdfs/2014/20001653.pdf,d5cf61b2d604c3c5be5566edd09f8851e9016570755b186a0ae9c06ae66f9c7e,0
F000461,Bill Flores,house,Republican,TX17,,False,2014-08-04,2014-09-10,,Martin Midstream Partners l.P.,,Purchase,"$100,001 - $250,000",175000.5,False,SELF,20001653,https://disclosures-clerk.house.gov/public_disc/ptr-pdfs/2014/20001653.pdf,ed467642a6dbaf85bfc412a47fa1f857164b789d2843b436f62df8151adb1dc2,0
F000461,Bill Flores,house,Republican,TX17,,False,2014-08-22,2014-09-10,WGP,"Western gas Equity Partners, lP Partner Interests",,Purchase,"$100,001 - $250,000",175000.5,False,SELF,20001653,https://disclosures-clerk.house.gov/public_disc/ptr-pdfs/2014/20001653.pdf,5cb7a913db3b2d62323e6b1bc2fe40ff5a0d45d50facc5760ed153719546dcf4,0
O000169,William L. Owens,house,Democrat,NY21,,False,2014-09-08,2014-09-10,,hudsons Bay Co Common shares,,Purchase,"$1,001 - $15,000",8000.5,False,SELF,20001650,https://disclosures-clerk.house.gov/public_disc/ptr-pdfs/2014/20001650.pdf,03f289e3c49db43eb2ead081633028f6e908b934e65bcfb3a2595ac8f3a0a074,0
F000461,Bill Flores,house,Republican,TX17,,False,2014-08-22,2014-09-10,PAGP,"Plains group Holdings, l.P. Class a interests",,Sale,"$15,001 - $50,000",32500.5,False,SELF,20001653,https://disclosures-clerk.house.gov/public_disc/ptr-pdfs/2014/20001653.pdf,7121928b53b42de3fad1e49c282d4a663ab728137e335782f8c8eb2eec2807ad,0
F000461,Bill Flores,house,Republican,TX17,,False,2014-08-08,2014-09-10,PAGP,"Plains group Holdings, l.P. Class a interests",,Purchase,"$100,001 - $250,000",175000.5,False,SELF,20001653,https://disclosures-clerk.house.gov/public_disc/ptr-pdfs/2014/20001653.pdf,c95b671382eb4f8daedc5f0fec1dd9ece1c726465fbf1bfd05f1a556632e183b,0
F000461,Bill Flores,house,Republican,TX17,,False,2014-08-08,2014-09-10,MMLP,Martin Midstream Partners l.P. - Partnership Interests,,Sale,"$100,001 - $250,000",175000.5,False,SELF,20001653,https://disclosures-clerk.house.gov/public_disc/ptr-pdfs/2014/20001653.pdf,4d2d61b4880425e8e7538dc970311df987f79e8b3b090d0ba2be7d9ebfe69db3,0
F000461,Bill Flores,house,Republican,TX17,,False,2014-08-04,2014-09-10,MMLP,Martin Midstream Partners l.P. - Partnership Interests,,Purchase,"$100,001 - $250,000",175000.5,False,SELF,20001653,https://disclosures-clerk.house.gov/public_disc/ptr-pdfs/2014/20001653.pdf,d094a619004f0f2160714f0db70841f6226633ae621a1e6073e72550790cc91b,0
F000461,Bill Flores,house,Republican,TX17,,False,2014-08-08,2014-09-10,ENLC,"Enlink Midstream, llC Common units",,Purchase,"$100,001 - $250,000",175000.5,False,SELF,20001653,https://disclosures-clerk.house.gov/public_disc/ptr-pdfs/2014/20001653.pdf,d5cf61b2d604c3c5be5566edd09f8851e9016570755b186a0ae9c06ae66f9c7e,1
F000461,Bill Flores,house,Republican,TX17,,False,2014-08-22,2014-09-10,ENLC,"Enlink Midstream, llC Common units",,Sale,"$15,001 - $50,000",32500.5,False,SELF,20001653,https://disclosures-clerk.house.gov/public_disc/ptr-pdfs/2014/20001653.pdf,819a7ff809510732312f693b8ecf1be8dfd665e8bd94bada15ce8e4560345e10,1
F000461,Bill Flores,house,Republican,TX17,,False,2014-08-08,2014-09-10,ETE,"Energy Transfer Equity, l.P. Energy interests",,Purchase,"$100,001 - $250,000",175000.5,False,SELF,20001653,https://disclosures-clerk.house.gov/public_disc/ptr-pdfs/2014/20001653.pdf,b53f6dfcf3093dda4b6c76c1d2aef5f8135596c80a9f9a868ee2ba907ea7e458,0
F000461,Bill Flores,house,Republican,TX17,,False,2014-08-22,2014-09-10,ETE,"Energy Transfer Equity, l.P. Energy interests",,Sale,"$1,001 - $15,000",8000.5,False,SELF,20001653,https://disclosures-clerk.house.gov/public_disc/ptr-pdfs/2014/20001653.pdf,13fb283ffaabf251ded000a9b017a0944ce025690582ba51fc103f463c2054b1,0
F000461,Bill Flores,house,Republican,TX17,,False,2014-08-08,2014-09-10,ACMP,"access Midstream Partners, l.P. Partner Interests",,Sale,"$100,001 - $250,000",175000.5,False,SELF,20001653,https://disclosures-clerk.house.gov/public_disc/ptr-pdfs/2014/20001653.pdf,01a89fa7c23a42c15f8a60248fa9db7860eca0fe6f41080494c48d5a780c7616,0
F000461,Bill Flores,house,Republican,TX17,,False,2014-08-04,2014-09-10,ACMP,"Type Date access Midstream Partners, l.P. Partner Interests",,Purchase,"$100,001 - $250,000",175000.5,False,SELF,20001653,https://disclosures-clerk.house.gov/public_disc/ptr-pdfs/2014/20001653.pdf,7d83f1f947a7afb1af9669fa443b61c4510d857839b1576a81bb05632af1cf7b,0
F000461,Bill Flores,house,Republican,TX17,,False,2014-08-22,2014-09-10,WMB,"Williams Companies, Inc.",,Sale,"$15,001 - $50,000",32500.5,False,SELF,20001653,https://disclosures-clerk.house.gov/public_disc/ptr-pdfs/2014/20001653.pdf,d98964d79b4efd0016e39d2c3d214250a01f835dcd7bf58e113abc896d2c0b97,0
O000169,William L. Owens,house,Democrat,NY21,,False,2014-09-08,2014-09-10,INTC,Intel Corporation,,Sale,"$1,001 - $15,000",8000.5,False,SELF,20001650,https://disclosures-clerk.house.gov/public_disc/ptr-pdfs/2014/20001650.pdf,6796212d54a4f02bdc51cb46ecd88300618b305d2dab6fbae10c608f9602de52,0
O000169,William L. Owens,house,Democrat,NY21,,False,2014-09-08,2014-09-10,,hudsons Bay Co Common shares,,Purchase,"$15,001 - $50,000",32500.5,False,SELF,20001650,https://disclosures-clerk.house.gov/public_disc/ptr-pdfs/2014/20001650.pdf,24bbdcbc5d2ee8deb61f5c353700ada08ab4c5b35e71ba956893b9867a2a1ba6,0
O000169,William L. Owens,house,Democrat,NY21,,False,2014-09-08,2014-09-10,SPGYF,"Whitecap Resources, Inc. Common shares",,Sale,"$1,001 - $15,000",8000.5,False,SELF,20001650,https://disclosures-clerk.house.gov/public_disc/ptr-pdfs/2014/20001650.pdf,3a4505d749d0830c674353dcbf4971297eed0db5140d136f119dd59550fc3062,0
O000169,William L. Owens,house,Democrat,NY21,,False,2014-09-08,2014-09-10,DUK,Duke Energy Corporation,,Sale,"$1,001 - $15,000",8000.5,False,SELF,20001650,https://disclosures-clerk.house.gov/public_disc/ptr-pdfs/2014/20001650.pdf,4ac4f18c26e873463cc78d7f29225d086e3809efe07076d760de913ba218c217,0
F000461,Bill Flores,house,Republican,TX17,,False,2014-08-08,2014-09-10,,Martin Midstream Partners l.P.,,Sale,"$100,001 - $250,000",175000.5,False,SELF,20001653,https://disclosures-clerk.house.gov/public_disc/ptr-pdfs/2014/20001653.pdf,40aee597e8f07e77db96a1d6290d2cdcd6d6aa98eccc2015db99699948d88ced,0
O000169,William L. Owens,house,Democrat,NY21,,False,2014-09-08,2014-09-10,,Bonterra Energy Corp. Ordinary shares,,Sale,"$1,001 - $15,000",8000.5,False,SELF,20001650,https://disclosures-clerk.house.gov/public_disc/ptr-pdfs/2014/20001650.pdf,228ed12c1fcfd8635572b301f4ea16b329adbfe3be45fd6f737ae4421eb1ae91,0
F000461,Bill Flores,house,Republican,TX17,,False,2014-08-08,2014-09-10,WMB,"Williams Companies, Inc.",,Purchase,"$100,001 - $250,000",175000.5,False,SELF,20001653,https://disclosures-clerk.house.gov/public_disc/ptr-pdfs/2014/20001653.pdf,fdfda723e8a85055f5089fa12606bc44ee6667d17cd297a0a59cf750bdc1cbf6,0
F000461,Bill Flores,house,Republican,TX17,,False,2014-08-22,2014-09-10,,"Western gas Equity Partners, lP",,Purchase,"$100,001 - $250,000",175000.5,False,SELF,20001653,https://disclosures-clerk.house.gov/public_disc/ptr-pdfs/2014/20001653.pdf,d9607aa042d96d14e19255dc8c1e4adb6f84c240218f04d3057d845b1e550634,0
F000461,Bill Flores,house,Republican,TX17,,False,2014-08-08,2014-09-10,TGP,Teekay lNg Partners l.P.,,Sale,"$100,001 - $250,000",175000.5,False,SELF,20001653,https://disclosures-clerk.house.gov/public_disc/ptr-pdfs/2014/20001653.pdf,4ef7f864a7b40b3a9b3380afb3cb9b7b97abfc7bc9bd51f775bd691957b2de5e,0
F000461,Bill Flores,house,Republican,TX17,,False,2014-08-22,2014-09-10,TRGP,"Targa Resources, Inc.",,Sale,"$15,001 - $50,000",32500.5,False,SELF,20001653,https://disclosures-clerk.house.gov/public_disc/ptr-pdfs/2014/20001653.pdf,b79d0fa8c22977ae096bf2fe84d19241d24a51ca2b2eef4ba94d522e6ccd3e22,0
F000461,Bill Flores,house,Republican,TX17,,False,2014-08-08,2014-09-10,TRGP,"Targa Resources, Inc.",,Purchase,"$100,001 - $250,000",175000.5,False,SELF,20001653,https://disclosures-clerk.house.gov/public_disc/ptr-pdfs/2014/20001653.pdf,aa952febbab57436b25de52e04d526040702f643ddd27d72dbe007f993da21c8,0
F000461,Bill Flores,house,Republican,TX17,,False,2014-08-08,2014-09-10,SEMG,semgroup Corporation Class a,,Purchase,"$100,001 - $250,000",175000.5,False,SELF,20001653,https://disclosures-clerk.house.gov/public_disc/ptr-pdfs/2014/20001653.pdf,9c2fb54e9a9c982b9d1c8269cf7e8b45a13cdac1f6b4eecc3c5696b96b682ff2,0
F000461,Bill Flores,house,Republican,TX17,,False,2014-08-22,2014-09-10,SEMG,semgroup Corporation Class a,,Sale,"$1,001 - $15,000",8000.5,False,SELF,20001653,https://disclosures-clerk.house.gov/public_disc/ptr-pdfs/2014/20001653.pdf,84d9f14244d6be980442ee096b999c061ba29b224b7dbedd2e5f3c12335fc078,0
F000461,Bill Flores,house,Republican,TX17,,False,2014-08-08,2014-09-10,STX,seagate Technology.,,Purchase,"$1,001 - $15,000",8000.5,False,SELF,20001653,https://disclosures-clerk.house.gov/public_disc/ptr-pdfs/2014/20001653.pdf,80f231e7ee95089d11d800db657a9272448f158b8a462c73902e81c6c8a9c1ab,0
F000461,Bill Flores,house,Republican,TX17,,False,2014-08-08,2014-09-10,,salient MlP Fund--Class I,,Sale,"$250,001 - $500,000",375000.5,False,SELF,20001653,https://disclosures-clerk.house.gov/public_disc/ptr-pdfs/2014/20001653.pdf,b72d154bfaf1888afe0366ccdb202cc10b272100cc3d14ae6a7f5b685cf25127,0
F000461,Bill Flores,house,Republican,TX17,,False,2014-08-22,2014-09-10,,"Plains group Holdings, l.P. Class a",,Sale,"$15,001 - $50,000",32500.5,False,SELF,20001653,https://disclosures-clerk.house.gov/public_disc/ptr-pdfs/2014/20001653.pdf,2713ecf7f70b5564563c33cb0ed63e350143e191293d838f441c66e4fb5e6d3e,0
F000461,Bill Flores,house,Republican,TX17,,False,2014-08-08,2014-09-10,,"Plains group Holdings, l.P. Class a",,Purchase,"$100,001 - $250,000",175000.5,False,SELF,20001653,https://disclosures-clerk.house.gov/public_disc/ptr-pdfs/2014/20001653.pdf,27b8244f4a77b2aaff7c974257fc526f27ccac82fe1923adacad10c6cd1169b4,0
F000461,Bill Flores,house,Republican,TX17,,False,2014-08-08,2014-09-10,OKE,"oNEoK, Inc.",,Purchase,"$100,001 - $250,000",175000.5,False,SELF,20001653,https://disclosures-clerk.house.gov/public_disc/ptr-pdfs/2014/20001653.pdf,fae264dc184210dc06d87fe0e686f8f29d86a354079d2d72dd0eacd72c148a1b,0
F000461,Bill Flores,house,Republican,TX17,,False,2014-08-22,2014-09-10,OKE,"oNEoK, Inc.",,Sale,"$15,001 - $50,000",32500.5,False,SELF,20001653,https://disclosures-clerk.house.gov/public_disc/ptr-pdfs/2014/20001653.pdf,d01fbb3c5791cdb07c4babee468b64c4fc8bcfb9c8be7a06f9508a8e20c8e037,0
O000169,William L. Owens,house,Democrat,NY21,,False,2014-09-08,2014-09-10,HBAYF,hudsons Bay Co Common shares,,Purchase,"$15,001 - $50,000",32500.5,False,SELF,20001650,https://disclosures-clerk.house.gov/public_disc/ptr-pdfs/2014/20001650.pdf,24bbdcbc5d2ee8deb61f5c353700ada08ab4c5b35e71ba956893b9867a2a1ba6,1
O000169,William L. Owens,house,Democrat,NY21,,False,2014-09-08,2014-09-10,,Bank Nova scotia halifax Pfd 3 Ordinary,,Sale,"$1,001 - $15,000",8000.5,False,SELF,20001650,https://disclosures-clerk.house.gov/public_disc/ptr-pdfs/2014/20001650.pdf,52be1940d5056099d0e4ca5a0f2d6dcc826d47022254f1068d6186e2d0e41b2f,0
S000583,Lamar Smith,house,Republican,TX21,,False,2014-07-30,2014-09-10,CP,Canadian Pacific Railway Limited,,Sale,"$1,001 - $15,000",8000.5,False,SELF,20001622,https://disclosures-clerk.house.gov/public_disc/ptr-pdfs/2014/20001622.pdf,011d55e25c78e3a6c9d04201f501cb68e625b3e29b65267a332c3601b9736c06,0
S000583,Lamar Smith,house,Republican,TX21,,False,2014-08-11,2014-09-10,PCLN,The Priceline group Inc.,,Purchase,"$1,001 - $15,000",8000.5,False,SELF,20001622,https://disclosures-clerk.house.gov/public_disc/ptr-pdfs/2014/20001622.pdf,e6bea409a517e39394d2c7e4c396bbf9a008fe17ee3c6b170849dbe594ecdfd3,0
S000583,Lamar Smith,house,Republican,TX21,,False,2014-07-31,2014-09-10,COV,Covidien plc. ordinary Shares,,Sale,"$1,001 - $15,000",8000.5,False,SELF,20001622,https://disclosures-clerk.house.gov/public_disc/ptr-pdfs/2014/20001622.pdf,f980fc7a2a25fd017b16817a52f9a9370d2f228bd969f5182c5511ae2238e03d,0
S000583,Lamar Smith,house,Republican,TX21,,False,2014-07-30,2014-09-10,FAST,Fastenal Company,,Sale,"$1,001 - $15,000",8000.5,False,SELF,20001622,https://disclosures-clerk.house.gov/public_disc/ptr-pdfs/2014/20001622.pdf,2a42235d1713da2e786059b40f25c11bfa294a988e836b6116cb402c756071a4,0
S000583,Lamar Smith,house,Republican,TX21,,False,2014-08-12,2014-09-10,GILD,"gilead Sciences, Inc.",,Sale,"$1,001 - $15,000",8000.5,False,SELF,20001622,https://disclosures-clerk.house.gov/public_disc/ptr-pdfs/2014/20001622.pdf,7fa1431ca65e19a48dadd373d95f5f7947f4c31c67ee171c973fc9380512f3d5,0
S000583,Lamar Smith,house,Republican,TX21,,False,2014-07-30,2014-09-10,JEC,Jacobs Engineering group Inc.,,Sale,"$1,001 - $15,000",8000.5,False,SELF,20001622,https://disclosures-clerk.house.gov/public_disc/ptr-pdfs/2014/20001622.pdf,085c1698281e0e8457cbb3201e35238b96aaf4dc3a454e4b307918e848b3cb92,0
S000583,Lamar Smith,house,Republican,TX21,,False,2014-07-31,2014-09-10,KMT,Kennametal Inc.,,Sale,"$1,001 - $15,000",8000.5,False,SELF,20001622,https://disclosures-clerk.house.gov/public_disc/ptr-pdfs/2014/20001622.pdf,1848409474d4f153010e566e73eb5f9a32765883e1cb10d758fc2b80cc9acca4,0
S000583,Lamar Smith,house,Republican,TX21,,False,2014-07-30,2014-09-10,PCP,Precision Castparts Corporation,,Purchase,"$1,001 - $15,000",8000.5,False,SELF,20001622,https://disclosures-clerk.house.gov/public_disc/ptr-pdfs/2014/20001622.pdf,11c0ef16e6467006e90ef6b8ae5c8f6bd01c67c15368970d485c77e8b675e1e7,0
S000583,Lamar Smith,house,Republican,TX21,,False,2014-08-08,2014-09-10,TRMB,Trimble Navigation Limited,,Purchase,"$1,001 - $15,000",8000.5,False,SELF,20001622,https://disclosures-clerk.house.gov/public_disc/ptr-pdfs/2014/20001622.pdf,a889b301bd26d448387c4e3c61773dc6ec0d5427c3707ba54e9e63c21923f8fb,0
S000583,Lamar Smith,house,Republican,TX21,,False,2014-07-30,2014-09-10,TRMB,Trimble Navigation Limited,,Purchase,"$1,001 - $15,000",8000.5,False,SELF,20001622,https://disclosures-clerk.house.gov/public_disc/ptr-pdfs/2014/20001622.pdf,7cddb2d8fc11da56aafe363627f777371e7c884b70f80663759cdfc65e2d3806,0
S000583,Lamar Smith,house,Republican,TX21,,False,2014-07-31,2014-09-10,TRMB,Trimble Navigation Limited,,Purchase,"$1,001 - $15,000",8000.5,False,SELF,20001622,https://disclosures-clerk.house.gov/public_disc/ptr-pdfs/2014/20001622.pdf,66e89396bec949caee5cbc8b662e3bf647ebb1c1fcdd46f67661e3d2d4234829,0
S000583,Lamar Smith,house,Republican,TX21,,False,2014-08-01,2014-09-10,TRMB,Trimble Navigation Limited,,Purchase,"$1,001 - $15,000",8000.5,False,SELF,20001622,https://disclosures-clerk.house.gov/public_disc/ptr-pdfs/2014/20001622.pdf,ef5ab35344290357f1dd6bc3ae031f918b4c328edf09f26127fd75ccb97a98de,0
S000583,Lamar Smith,house,Republican,TX21,,False,2014-08-07,2014-09-10,YUM,"Yum! brands, Inc.",,Sale,"$1,001 - $15,000",8000.5,False,SELF,20001622,https://disclosures-clerk.house.gov/public_disc/ptr-pdfs/2014/20001622.pdf,fcd11d14ff80968c498ec878f6c44d0808689425fb45114a91721051b27cb318,0
S000583,Lamar Smith,house,Republican,TX21,,False,2014-07-31,2014-09-10,BMY,bristol-Myers Squibb Company,,Purchase,"$1,001 - $15,000",8000.5,False,SELF,20001622,https://disclosures-clerk.house.gov/public_disc/ptr-pdfs/2014/20001622.pdf,1fd5dad79cf6a283c29c987414568d9194d4601bdaecd401ba9788aa07a58fed,0
F000451,Michael G. Fitzpatrick,house,Republican,PA08,,False,2014-08-07,2014-09-08,COV,Covidien plc. Ordinary Shares,,Sale,"$1,001 - $15,000",8000.5,False,SELF,20001644,https://disclosures-clerk.house.gov/public_disc/ptr-pdfs/2014/20001644.pdf,7992a2326c73a7879194c8776bc4fd0c4e4ad369e833f9b03bc9893986365a88,0
F000451,Michael G. Fitzpatrick,house,Republican,PA08,,False,2014-08-07,2014-09-08,LLY,Eli lilly and Company,,Purchase,"$1,001 - $15,000",8000.5,False,SELF,20001644,https://disclosures-clerk.house.gov/public_disc/ptr-pdfs/2014/20001644.pdf,3e35925ce9e0d9ff152bc05621fee8755fd13388cee0ab693b7976af51e3c77a,0
G000551,Raúl M. Grijalva,house,Democrat,AZ03,,False,2014-08-21,2014-09-03,BTO,type Date sP John Hancock Financial Opportunities Fund,,Purchase,"$1,001 - $15,000",8000.5,False,SELF,20001621,https://disclosures-clerk.house.gov/public_disc/ptr-pdfs/2014/20001621.pdf,5de1c96c6410eff7e49e9ca61e3530ab1439004199cbd3b9ae3e503d128f9c11,0
G000551,Raúl M. Grijalva,house,Democrat,AZ03,,False,2014-08-21,2014-09-03,MA,Mastercard Incorporated,,Purchase,"$1,001 - $15,000",8000.5,False,SP,20001621,https://disclosures-clerk.house.gov/public_disc/ptr-pdfs/2014/20001621.pdf,6a3fe31769d54b5bef3aed9127eaaabff21792f567584236bb1d2770daabefbe,0
G000551,Raúl M. Grijalva,house,Democrat,AZ03,,False,2014-08-21,2014-09-03,MBLY,Mobileye N.V. Ordinary shares,,Purchase,"$1,001 - $15,000",8000.5,False,SP,20001621,https://disclosures-clerk.house.gov/public_disc/ptr-pdfs/2014/20001621.pdf,17f3bb8d8d9dee8ec0afdb5080e3263bd8a07b3976a9f282b25e8b3a09cdec1d,0
G000551,Raúl M. Grijalva,house,Democrat,AZ03,,False,2014-08-21,2014-09-03,,John Hancock Financial Opportunities,,Purchase,"$1,001 - $15,000",8000.5,False,SP,20001621,https://disclosures-clerk.house.gov/public_disc/ptr-pdfs/2014/20001621.pdf,0e68bf35198d8de9dcec8f12034c2b0541609d3a43a2bc9e8589c0a3a97cb5c3,0
M001180,David B. McKinley,house,Republican,WV01,,False,2014-08-19,2014-09-02,BBBY,Bed Bath & Beyond Inc.,,Sale,"$1,001 - $15,000",8000.5,False,SELF,20001601,https://disclosures-clerk.house.gov/public_disc/ptr-pdfs/2014/20001601.pdf,a1c848fbf45cdb9143707a5beeb7c54cd0bdb2a8bb2102a45164f11c0c60e17e,0
M001180,David B. McKinley,house,Republican,WV01,,False,2014-08-19,2014-09-02,TMO,Thermo Fisher Scientific Inc,,Purchase,"$1,001 - $15,000",8000.5,False,SELF,20001601,https://disclosures-clerk.house.gov/public_disc/ptr-pdfs/2014/20001601.pdf,8d1dea15fc6fb528264e05093b312e9ae9f99c6fcdf7291cf9975cd145aed8e0,0
M001180,David B. McKinley,house,Republican,WV01,,False,2014-08-19,2014-09-02,CHD,"Church & Dwight Company, Inc.",,Purchase,"$1,001 - $15,000",8000.5,False,SELF,20001601,https://disclosures-clerk.house.gov/public_disc/ptr-pdfs/2014/20001601.pdf,45e1e393075f8fb776060dc9294fbce4e4025d530c8a341e186b4700fba85239,0
M001180,David B. McKinley,house,Republican,WV01,,False,2014-08-19,2014-09-02,COST,Costco Wholesale Corporation,,Sale,"$1,001 - $15,000",8000.5,False,SELF,20001601,https://disclosures-clerk.house.gov/public_disc/ptr-pdfs/2014/20001601.pdf,85b5786fca9ba8af40290b4b3b42b149d4c812612159942e46d896087c6bb5e0,0
M001180,David B. McKinley,house,Republican,WV01,,False,2014-08-19,2014-09-02,DLTR,"Dollar Tree, Inc.",,Purchase,"$1,001 - $15,000",8000.5,False,SELF,20001601,https://disclosures-clerk.house.gov/public_disc/ptr-pdfs/2014/20001601.pdf,e04f503ac0ca8b32cc6f1d0cdd32c8010993f3eba5b846a02a011f7254a109ed,0
M001180,David B. McKinley,house,Republican,WV01,,False,2014-08-19,2014-09-02,AZO,"AutoZone, Inc.",,Sale,"$1,001 - $15,000",8000.5,False,SELF,20001601,https://disclosures-clerk.house.gov/public_disc/ptr-pdfs/2014/20001601.pdf,66c1c21201833936bb72650d038bb320dff4601d7899ba6a5dc88575484e211a,0
M001180,David B. McKinley,house,Republican,WV01,,False,2014-08-19,2014-09-02,ECL,Ecolab Inc.,,Purchase,"$1,001 - $15,000",8000.5,False,SELF,20001601,https://disclosures-clerk.house.gov/public_disc/ptr-pdfs/2014/20001601.pdf,cf9995d4fe3f12633251e02a04b60203303650d1d8aedf839393cd7717b33898,0
M001180,David B. McKinley,house,Republican,WV01,,False,2014-08-19,2014-09-02,HRL,hormel Foods Corporation,,Purchase,"$1,001 - $15,000",8000.5,False,SELF,20001601,https://disclosures-clerk.house.gov/public_disc/ptr-pdfs/2014/20001601.pdf,fa48f7bd7c4a57b27192c01549e5441872fb58b86a4d2d485a8c8efab1955039,0
M001180,David B. McKinley,house,Republican,WV01,,False,2014-08-19,2014-09-02,KMB,Kimberly-Clark Corporation,,Purchase,"$1,001 - $15,000",8000.5,False,SELF,20001601,https://disclosures-clerk.house.gov/public_disc/ptr-pdfs/2014/20001601.pdf,599f10a0323d42862f97fe935e816744388b21a26651db79c6ef4f75f32cad57,0
M001180,David B. McKinley,house,Republican,WV01,,False,2014-08-19,2014-09-02,NKE,"Nike, Inc.",,Purchase,"$1,001 - $15,000",8000.5,False,SELF,20001601,https://disclosures-clerk.house.gov/public_disc/ptr-pdfs/2014/20001601.pdf,cd87fd4a1964a078bca777d21d56313ac9ced5b78376e6399f37defecc9cefb5,0
M001180,David B. McKinley,house,Republican,WV01,,False,2014-08-19,2014-09-02,AMGN,Amgen Inc.,,Purchase,"$1,001 - $15,000",8000.5,False,SELF,20001601,https://disclosures-clerk.house.gov/public_disc/ptr-pdfs/2014/20001601.pdf,40a7715cea0e33bf1ac530d6355051bfe260e1c2b55930bbdf2d6dba96c4f99a,0
M001180,David B. McKinley,house,Republican,WV01,,False,2014-08-19,2014-09-02,PDCO,"Patterson Companies, Inc.",,Sale,"$1,001 - $15,000",8000.5,False,SELF,20001601,https://disclosures-clerk.house.gov/public_disc/ptr-pdfs/2014/20001601.pdf,a9cc7839d2171036a3893a016a9d303c31ea68ad2401acd871bcde4235f7eb13,0
M001180,David B. McKinley,house,Republican,WV01,,False,2014-08-19,2014-09-02,PEP,"Pepsico, Inc.",,Purchase,"$1,001 - $15,000",8000.5,False,SELF,20001601,https://disclosures-clerk.house.gov/public_disc/ptr-pdfs/2014/20001601.pdf,c43c803ecbc71a7ed3df7a47075e2fa499005fb35f42b5aa04f15cf0a9871a77,0
M001180,David B. McKinley,house,Republican,WV01,,False,2014-08-19,2014-09-02,PX,"Praxair, Inc.",,Sale,"$1,001 - $15,000",8000.5,False,SELF,20001601,https://disclosures-clerk.house.gov/public_disc/ptr-pdfs/2014/20001601.pdf,c725ab19fa41da48156b6b37a7adfdbef8ef054326b9e9d2933083c999312bcb,0
M001180,David B. McKinley,house,Republican,WV01,,False,2014-08-19,2014-09-02,ROST,"Ross Stores, Inc.",,Sale,"$1,001 - $15,000",8000.5,False,SELF,20001601,https://disclosures-clerk.house.gov/public_disc/ptr-pdfs/2014/20001601.pdf,5645af93ebfd03f44509b3c493f452ecac5f4479702d6f853c68b516d7a0bc5e,0
C001062,K. Michael Conaway,house,Republican,TX11,,False,2014-08-27,2014-09-02,GOOG,google Inc. - Class C Capital stock,,Sale,"$1,001 - $15,000",8000.5,False,SP,20001614,https://disclosures-clerk.house.gov/public_disc/ptr-pdfs/2014/20001614.pdf,2fd89034ab72534a9f60aa299557ede115e385db8933e498d3e9fec78c4324c4,1
M001180,David B. McKinley,house,Republican,WV01,,False,2014-08-19,2014-09-02,TJX,"TJX Companies, Inc.",,Sale,"$1,001 - $15,000",8000.5,False,SELF,20001601,https://disclosures-clerk.house.gov/public_disc/ptr-pdfs/2014/20001601.pdf,9ca744890cf6a8f26269f04febf651a3d9bf54301d712ee2e19b05f0e20aa9f7,0
M001180,David B. McKinley,house,Republican,WV01,,False,2014-08-19,2014-09-02,UTX,united Technologies Corporation,,Sale,"$1,001 - $15,000",8000.5,False,SELF,20001601,https://disclosures-clerk.house.gov/public_disc/ptr-pdfs/2014/20001601.pdf,7b04a916b290c98bc5714de31a011e77c9dadd325221285eeecdbb630dff701c,0
M001180,David B. McKinley,house,Republican,WV01,,False,2014-08-19,2014-09-02,GWW,"W.W. grainger, Inc.",,Sale,"$1,001 - $15,000",8000.5,False,SELF,20001601,https://disclosures-clerk.house.gov/public_disc/ptr-pdfs/2014/20001601.pdf,67167a00daa1858aa0f2b71505a579bed46b34a03fc55737caf99e3aa12f4a20,0
D000399,Lloyd Doggett,house,Democrat,TX35,HSWM02; HSWM04; HSWM06; House Committee on Ways and Means; House Committee on the Budget; Joint Committee on Taxation,False,2014-08-18,2014-09-02,PG,Procter & gamble Company,,Purchase,"$1,001 - $15,000",8000.5,False,SELF,20001612,https://disclosures-clerk.house.gov/public_disc/ptr-pdfs/2014/20001612.pdf,0243769c63d77372e5a196439f3612caee70e0b04d9aae84feb660c07eb417ee,0
C001062,K. Michael Conaway,house,Republican,TX11,,False,2014-08-28,2014-09-02,DAL,"Delta Air lines, Inc.",,Sale,"$1,001 - $15,000",8000.5,False,SP,20001614,https://disclosures-clerk.house.gov/public_disc/ptr-pdfs/2014/20001614.pdf,bc03c5ac2908ac851a6109b00c644f0af4c7ef117bf5ce16eff0bed43bf7ded1,0
C001062,K. Michael Conaway,house,Republican,TX11,,False,2014-08-27,2014-09-02,FB,"Facebook, Inc. - Class A",,Purchase,"$1,001 - $15,000",8000.5,False,SP,20001614,https://disclosures-clerk.house.gov/public_disc/ptr-pdfs/2014/20001614.pdf,07044d745ac2fd0d0991a0032f9f35f2f0b90f232bcba16e2e0ad96fc78d7177,0
B001274,Mo Brooks,house,Republican,AL05,,False,2014-08-18,2014-09-02,IQNT,"Inteliquent, Inc.",,Purchase,"$1,001 - $15,000",8000.5,False,SELF,20001609,https://disclosures-clerk.house.gov/public_disc/ptr-pdfs/2014/20001609.pdf,7a9ebf7e72dc5723b64c5eb4f95186439a63c0967e987de6941707d334611219,0
B001274,Mo Brooks,house,Republican,AL05,,False,2014-08-11,2014-09-02,,Daphne al Ref Impt Wts,,Sale,"$1,001 - $15,000",8000.5,False,JT,20001609,https://disclosures-clerk.house.gov/public_disc/ptr-pdfs/2014/20001609.pdf,903db3e9075cd0faddc9c9f82f9c1155308324f38fa7c5418270ac1637dda100,0
C001062,K. Michael Conaway,house,Republican,TX11,,False,2014-08-26,2014-09-02,INTC,Intel Corporation,,Sale,"$1,001 - $15,000",8000.5,False,SP,20001614,https://disclosures-clerk.house.gov/public_disc/ptr-pdfs/2014/20001614.pdf,c5baf92d5dadee48d06a962fa539ddc5c8521f1fc3c008a0986ff7d6d451f318,0
C001062,K. Michael Conaway,house,Republican,TX11,,False,2014-08-29,2014-09-02,INTC,Intel Corporation,,Sale,"$1,001 - $15,000",8000.5,False,SP,20001614,https://disclosures-clerk.house.gov/public_disc/ptr-pdfs/2014/20001614.pdf,ca843f77832a55b8d4cb73fcf11e4d05d0e5c0d5e35fc484d1ae5d1b1a8658a7,0
C001062,K. Michael Conaway,house,Republican,TX11,,False,2014-08-27,2014-09-02,M,Macy's Inc,,Purchase,"$1,001 - $15,000",8000.5,False,SP,20001614,https://disclosures-clerk.house.gov/public_disc/ptr-pdfs/2014/20001614.pdf,747e921d8f3d7bfc82f5576ac7a3770f0e5084717806d98a82525777eada0b69,0
C001062,K. Michael Conaway,house,Republican,TX11,,False,2014-08-22,2014-09-02,TGT,Target Corporation,,Purchase,"$1,001 - $15,000",8000.5,False,SP,20001614,https://disclosures-clerk.house.gov/public_disc/ptr-pdfs/2014/20001614.pdf,537b7c6397c95e64b48cf9ea3047bb3a064f1f83546c6150c4b0670bfcab27df,0
C001062,K. Michael Conaway,house,Republican,TX11,,False,2014-08-27,2014-09-02,V,Visa Inc.,,Purchase,"$1,001 - $15,000",8000.5,False,SP,20001614,https://disclosures-clerk.house.gov/public_disc/ptr-pdfs/2014/20001614.pdf,b2df1f7de4a45f0f79894e9be1c6e91ee3970432837094b70cf24b06528ceafb,0
C001062,K. Michael Conaway,house,Republican,TX11,,False,2014-08-28,2014-09-02,V,Visa Inc.,,Purchase,"$1,001 - $15,000",8000.5,False,SP,20001614,https://disclosures-clerk.house.gov/public_disc/ptr-pdfs/2014/20001614.pdf,5d8a4f0ac5c27d60ff56d65267600278a51a4e3eb4e9fc4969b5b19950a3e846,0
C001062,K. Michael Conaway,house,Republican,TX11,,False,2014-08-27,2014-09-02,,google Inc. - Class C Capital stock,,Sale,"$1,001 - $15,000",8000.5,False,SP,20001614,https://disclosures-clerk.house.gov/public_disc/ptr-pdfs/2014/20001614.pdf,2fd89034ab72534a9f60aa299557ede115e385db8933e498d3e9fec78c4324c4,0
S001189,Austin Scott,house,Republican,GA08,HLIG01; HLIG02; HLIG06; HSAG03; HSAG16; HSAG22; HSAS03; HSAS26; HSRU04; House Committee on Agriculture; House Committee on Armed Services; House Committee on Rules; House Permanent Select Committee on Intelligence,True,2013-09-15,2014-08-29,MSFT,Microsoft Corporation,,Purchase,"$15,001 - $50,000",32500.5,False,SP,20001602,https://disclosures-clerk.house.gov/public_disc/ptr-pdfs/2014/20001602.pdf,8a0a202bb255b49f72a4906b54e76f35c506866cd5589d08a3b27cb749275350,0
S001189,Austin Scott,house,Republican,GA08,HLIG01; HLIG02; HLIG06; HSAG03; HSAG16; HSAG22; HSAS03; HSAS26; HSRU04; House Committee on Agriculture; House Committee on Armed Services; House Committee on Rules; House Permanent Select Committee on Intelligence,True,2013-07-19,2014-08-29,MSFT,Microsoft Corporation,,Purchase,"$15,001 - $50,000",32500.5,False,SP,20001602,https://disclosures-clerk.house.gov/public_disc/ptr-pdfs/2014/20001602.pdf,980b2f63c99acd0c985b08c04a5ec05e787e92d3944ace4624aaa544331ee11d,0
S001189,Austin Scott,house,Republican,GA08,HLIG01; HLIG02; HLIG06; HSAG03; HSAG16; HSAG22; HSAS03; HSAS26; HSRU04; House Committee on Agriculture; House Committee on Armed Services; House Committee on Rules; House Permanent Select Committee on Intelligence,True,2013-09-04,2014-08-29,PLUG,"Plug Power, Inc.",,Sale,"$1,001 - $15,000",8000.5,False,SP,20001602,https://disclosures-clerk.house.gov/public_disc/ptr-pdfs/2014/20001602.pdf,48249b13411f13436922f33478a212b0cac515cf7fa9f8314c1a0f34f6b1d979,0
B000589,John A. Boehner,house,Republican,OH08,,False,2014-08-06,2014-08-28,AMP,"Ameriprise Financial, Inc.",,Sale,"$1,001 - $15,000",8000.5,False,SELF,20001575,https://disclosures-clerk.house.gov/public_disc/ptr-pdfs/2014/20001575.pdf,93c3dc36937e51d779c4596d053f592b81d8a89eb9b83700641e60fa0f4eee62,0
Y000062,John A. Yarmuth,house,Democrat,KY03,,False,2013-08-14,2014-08-28,,us Bancorp Del DEPOsITARY sH s g,,Sale,"$1,001 - $15,000",8000.5,False,SELF,20001597,https://disclosures-clerk.house.gov/public_disc/ptr-pdfs/2014/20001597.pdf,e4026d128ea1cd25d7f40197f7bdba7fb747515c6623a8a278e3780eaad1437d,0
Y000062,John A. Yarmuth,house,Democrat,KY03,,False,2013-05-18,2014-08-28,CAT,"Caterpillar, Inc.",,Sale,"$1,001 - $15,000",8000.5,False,SELF,20001597,https://disclosures-clerk.house.gov/public_disc/ptr-pdfs/2014/20001597.pdf,3321b6a5f293bc1d0718c1d0549df0fb53aa796ec18034c20f1b0d27d6297b53,0
Y000062,John A. Yarmuth,house,Democrat,KY03,,False,2013-05-08,2014-08-28,,us Bancorp Del DEPOsITARY sH s g,,Sale,"$1,001 - $15,000",8000.5,False,SELF,20001597,https://disclosures-clerk.house.gov/public_disc/ptr-pdfs/2014/20001597.pdf,86835a9e2208a95e7c8cb8339f06eb23fef64b96b1e6efc9918af3e3813150c0,0
Y000062,John A. Yarmuth,house,Democrat,KY03,,False,2013-08-22,2014-08-28,C,"Citigroup, Inc.",,Purchase,"$1,001 - $15,000",8000.5,False,SELF,20001597,https://disclosures-clerk.house.gov/public_disc/ptr-pdfs/2014/20001597.pdf,5941b738d036bd32de757e84fd63305988caf48d1eb75ff9204a2ce3b1c3b9a0,0
B000589,John A. Boehner,house,Republican,OH08,,False,2014-08-06,2014-08-28,ALL,Allstate Corporation,,Sale,"$1,001 - $15,000",8000.5,False,SELF,20001575,https://disclosures-clerk.house.gov/public_disc/ptr-pdfs/2014/20001575.pdf,db064eac55c20b6473265e64c91ad20301dcdb8ca3b864f94b177b02b01378e5,0
Y000062,John A. Yarmuth,house,Democrat,KY03,,False,2013-05-08,2014-08-28,YUM,"Yum! Brands, Inc.",,Sale,"$1,001 - $15,000",8000.5,False,SELF,20001597,https://disclosures-clerk.house.gov/public_disc/ptr-pdfs/2014/20001597.pdf,98a0106e049075e4b259037e99986c928819e08f462652e8f5612ee7e42c0951,0
B000589,John A. Boehner,house,Republican,OH08,,False,2014-08-06,2014-08-28,WLP,"WellPoint, Inc.",,Sale,"$1,001 - $15,000",8000.5,False,SELF,20001575,https://disclosures-clerk.house.gov/public_disc/ptr-pdfs/2014/20001575.pdf,a1419bf65ed8c4fb74fad86e52084d89881dbd93f17011b0a7a290be3af15d37,0
B000589,John A. Boehner,house,Republican,OH08,,False,2014-08-06,2014-08-28,PPG,"PPg Industries, Inc.",,Sale,"$1,001 - $15,000",8000.5,False,SELF,20001575,https://disclosures-clerk.house.gov/public_disc/ptr-pdfs/2014/20001575.pdf,5f69866b9e9484d51069235559d52ca601dea6df28cda2dbd3eb682fe67d1495,0
B000589,John A. Boehner,house,Republican,OH08,,False,2014-08-06,2014-08-28,MSFT,Microsoft Corporation,,Sale,"$1,001 - $15,000",8000.5,False,SELF,20001575,https://disclosures-clerk.house.gov/public_disc/ptr-pdfs/2014/20001575.pdf,40074313cd2cff00040aafcf8bf0189f7cf1c492db912d860f616da3c7f31add,0
B000589,John A. Boehner,house,Republican,OH08,,False,2014-08-06,2014-08-28,COP,ConocoPhillips,,Sale,"$1,001 - $15,000",8000.5,False,SELF,20001575,https://disclosures-clerk.house.gov/public_disc/ptr-pdfs/2014/20001575.pdf,24306c9ed97cad97da62e2949a31809b624b5c1415920c91dc7e185b726b192b,0
B000589,John A. Boehner,house,Republican,OH08,,False,2014-08-06,2014-08-28,AAPL,Apple Inc.,,Sale,"$1,001 - $15,000",8000.5,False,SELF,20001575,https://disclosures-clerk.house.gov/public_disc/ptr-pdfs/2014/20001575.pdf,3176d0b83a6afba24c47989b89c6d32b35fb6b1494bacccdceef9b06c324a705,0
F000462,Lois Frankel,house,Democrat,FL22,HSAP04; HSAP07; House Committee on Appropriations,False,2014-08-06,2014-08-25,STJ,"st. Jude Medical, Inc.",,Sale,"$1,001 - $15,000",8000.5,False,SELF,20001544,https://disclosures-clerk.house.gov/public_disc/ptr-pdfs/2014/20001544.pdf,d15e8b3513a518ff94337f0b9d14575fe4c82601dde4289720ff459ed0a3dfd8,0
F000462,Lois Frankel,house,Democrat,FL22,HSAP04; HSAP07; House Committee on Appropriations,False,2014-07-31,2014-08-25,VOD,Vodafone Group Plc - American ordinary shares,,Sale,"$1,001 - $15,000",8000.5,False,SELF,20001544,https://disclosures-clerk.house.gov/public_disc/ptr-pdfs/2014/20001544.pdf,32889f94097673733c70a0a0320d93a89566fcc1b735c1593fa339e6c012cbd0,0
F000462,Lois Frankel,house,Democrat,FL22,HSAP04; HSAP07; House Committee on Appropriations,False,2014-08-07,2014-08-25,SAIC,sCIENCE APPLICATIoNs,,Sale,"$1,001 - $15,000",8000.5,False,SELF,20001544,https://disclosures-clerk.house.gov/public_disc/ptr-pdfs/2014/20001544.pdf,1c4678b0e7141ef8680cd1f2fd6d22267b5048bb3ffe357aa61bf4521b7aab26,1
F000462,Lois Frankel,house,Democrat,FL22,HSAP04; HSAP07; House Committee on Appropriations,False,2014-08-13,2014-08-25,NSRGY,Nestle sA sponsored ADR representing Registered shares series b,,Sale,"$1,001 - $15,000",8000.5,False,SELF,20001544,https://disclosures-clerk.house.gov/public_disc/ptr-pdfs/2014/20001544.pdf,b10b6303b0694e93c4033f462d587c65546b437e3998a7082850b925a0e3d7cb,0
F000462,Lois Frankel,house,Democrat,FL22,HSAP04; HSAP07; House Committee on Appropriations,False,2014-08-13,2014-08-25,MRK,"Merck & Company, Inc. Common stock",,Purchase,"$1,001 - $15,000",8000.5,False,SELF,20001544,https://disclosures-clerk.house.gov/public_disc/ptr-pdfs/2014/20001544.pdf,ba2290a41e5a1f1dc310896b0ee930995386d86210a2d914262db630550881ce,1
F000462,Lois Frankel,house,Democrat,FL22,HSAP04; HSAP07; House Committee on Appropriations,False,2014-08-06,2014-08-25,ETN,"Eaton Corporation, PLC ordinary shares",,Purchase,"$1,001 - $15,000",8000.5,False,SELF,20001544,https://disclosures-clerk.house.gov/public_disc/ptr-pdfs/2014/20001544.pdf,8199199d80f306472624557cdbecdfc67ff379958e9f9d072dff3ae8f134d86b,1
F000462,Lois Frankel,house,Democrat,FL22,HSAP04; HSAP07; House Committee on Appropriations,False,2014-08-15,2014-08-25,BR,"type Date broadridge Financial solutions, Inc.",,Sale,"$1,001 - $15,000",8000.5,False,SELF,20001544,https://disclosures-clerk.house.gov/public_disc/ptr-pdfs/2014/20001544.pdf,7566c714d2a1d9f98feaaa95d55547a0579324952cd570c7d486daf5e1ea079e,0
F000462,Lois Frankel,house,Democrat,FL22,HSAP04; HSAP07; House Committee on Appropriations,False,2014-08-08,2014-08-25,WU,Western union Company,,Purchase,"$1,001 - $15,000",8000.5,False,SELF,20001544,https://disclosures-clerk.house.gov/public_disc/ptr-pdfs/2014/20001544.pdf,bb01a646ab690a58b48d70ed86698e2180a218b7b41cde0622e1ee1f50804bdc,0
F000462,Lois Frankel,house,Democrat,FL22,HSAP04; HSAP07; House Committee on Appropriations,False,2014-07-31,2014-08-25,,Vodafone Group Plc - American,,Sale,"$1,001 - $15,000",8000.5,False,SELF,20001544,https://disclosures-clerk.house.gov/public_disc/ptr-pdfs/2014/20001544.pdf,0e6a9488fa29af0af96508a0d12daea5773d307c5d5312edd996f833b992b6f9,0
F000462,Lois Frankel,house,Democrat,FL22,HSAP04; HSAP07; House Committee on Appropriations,False,2014-08-07,2014-08-25,,sCIENCE APPLICATIoNs,,Sale,"$1,001 - $15,000",8000.5,False,SELF,20001544,https://disclosures-clerk.house.gov/public_disc/ptr-pdfs/2014/20001544.pdf,1c4678b0e7141ef8680cd1f2fd6d22267b5048bb3ffe357aa61bf4521b7aab26,0
F000462,Lois Frankel,house,Democrat,FL22,HSAP04; HSAP07; House Committee on Appropriations,False,2014-07-21,2014-08-25,CCJ,Cameco Corporation,,Purchase,"$1,001 - $15,000",8000.5,False,SELF,20001544,https://disclosures-clerk.house.gov/public_disc/ptr-pdfs/2014/20001544.pdf,813c04cd5e599800f91022f5ad5a91299e3271273238d27d8cd1e2f6fcb83312,0
F000462,Lois Frankel,house,Democrat,FL22,HSAP04; HSAP07; House Committee on Appropriations,False,2014-07-28,2014-08-25,SRE,sempra Energy,,Sale,"$1,001 - $15,000",8000.5,False,SELF,20001544,https://disclosures-clerk.house.gov/public_disc/ptr-pdfs/2014/20001544.pdf,804dbaa760e7e37113d68137df2d6aeba73656e0dd930798a7451dd7ab744cc2,0
F000462,Lois Frankel,house,Democrat,FL22,HSAP04; HSAP07; House Committee on Appropriations,False,2014-08-13,2014-08-25,PFE,"Pfizer, Inc.",,Sale,"$1,001 - $15,000",8000.5,False,SELF,20001544,https://disclosures-clerk.house.gov/public_disc/ptr-pdfs/2014/20001544.pdf,9cb3a92dfbc67964bbf6d08514cdceace055ba17503d081e68f27e7c95249400,0
F000462,Lois Frankel,house,Democrat,FL22,HSAP04; HSAP07; House Committee on Appropriations,False,2014-08-08,2014-08-25,NI,Nisource Inc,,Sale,"$1,001 - $15,000",8000.5,False,SELF,20001544,https://disclosures-clerk.house.gov/public_disc/ptr-pdfs/2014/20001544.pdf,4a23e3c7d63ff0938cd5e0c8674a45a3bc1fee85719a32aef33aeda264d9f0ac,0
F000462,Lois Frankel,house,Democrat,FL22,HSAP04; HSAP07; House Committee on Appropriations,False,2014-08-13,2014-08-25,,Nestle sA sponsored ADR representing,,Sale,"$1,001 - $15,000",8000.5,False,SELF,20001544,https://disclosures-clerk.house.gov/public_disc/ptr-pdfs/2014/20001544.pdf,f91f6cf168a0ff0d38aeb3b6763813099b7d993ac89b8c186835dd3e274324fe,0
F000462,Lois Frankel,house,Democrat,FL22,HSAP04; HSAP07; House Committee on Appropriations,False,2014-08-13,2014-08-25,,"Merck & Company, Inc. Common stock",,Purchase,"$1,001 - $15,000",8000.5,False,SELF,20001544,https://disclosures-clerk.house.gov/public_disc/ptr-pdfs/2014/20001544.pdf,ba2290a41e5a1f1dc310896b0ee930995386d86210a2d914262db630550881ce,0
F000462,Lois Frankel,house,Democrat,FL22,HSAP04; HSAP07; House Committee on Appropriations,False,2014-07-31,2014-08-25,LMT,Lockheed Martin Corporation,,Sale,"$1,001 - $15,000",8000.5,False,SELF,20001544,https://disclosures-clerk.house.gov/public_disc/ptr-pdfs/2014/20001544.pdf,df3599c5ec6e702861d9e6f95fd3767a42ceda463b514d520b5cfae95f2e3520,0
F000462,Lois Frankel,house,Democrat,FL22,HSAP04; HSAP07; House Committee on Appropriations,False,2014-07-31,2014-08-25,BEN,"Franklin Resources, Inc.",,Purchase,"$1,001 - $15,000",8000.5,False,SELF,20001544,https://disclosures-clerk.house.gov/public_disc/ptr-pdfs/2014/20001544.pdf,d3e6776e5dcbc8af3d485144122230cefdd280641455a8e699409f7d80046099,0
F000462,Lois Frankel,house,Democrat,FL22,HSAP04; HSAP07; House Committee on Appropriations,False,2014-08-06,2014-08-25,,"Eaton Corporation, PLC ordinary shares",,Purchase,"$1,001 - $15,000",8000.5,False,SELF,20001544,https://disclosures-clerk.house.gov/public_disc/ptr-pdfs/2014/20001544.pdf,8199199d80f306472624557cdbecdfc67ff379958e9f9d072dff3ae8f134d86b,0
F000462,Lois Frankel,house,Democrat,FL22,HSAP04; HSAP07; House Committee on Appropriations,False,2014-07-31,2014-08-25,DHR,Danaher Corporation,,Purchase,"$1,001 - $15,000",8000.5,False,SELF,20001544,https://disclosures-clerk.house.gov/public_disc/ptr-pdfs/2014/20001544.pdf,217273701ef7527ae3562c2a6b06f943f55eb5444119c45127bdca5761c7f8e0,0
F000462,Lois Frankel,house,Democrat,FL22,HSAP04; HSAP07; House Committee on Appropriations,False,2014-08-07,2014-08-25,CB,Chubb Corporation,,Sale,"$1,001 - $15,000",8000.5,False,SELF,20001544,https://disclosures-clerk.house.gov/public_disc/ptr-pdfs/2014/20001544.pdf,fab730939666b101e596fb53df6f0607977d0890174a3cd31ad59d0754fd5b48,0
B000574,Earl Blumenauer,house,Democrat,OR03,,False,2014-08-15,2014-08-21,NWN,type Date sP Northwest Natural gas Company,,Purchase,"$1,001 - $15,000",8000.5,False,SELF,20001572,https://disclosures-clerk.house.gov/public_disc/ptr-pdfs/2014/20001572.pdf,9f138b320409f5b1d161ef7e2ad4c92e3192642661d82e37bdcb89240f44b780,0
B000574,Earl Blumenauer,house,Democrat,OR03,,False,2014-08-15,2014-08-21,,Northwest Natural gas Company,,Purchase,"$1,001 - $15,000",8000.5,False,SP,20001572,https://disclosures-clerk.house.gov/public_disc/ptr-pdfs/2014/20001572.pdf,e6ebfd8771008355db33a4ddf958f8715eb24b02a2b019c104da427d75ca9996,0
N000182,Randy Neugebauer,house,Republican,TX19,,False,2014-08-11,2014-08-20,,The City of New York Fiscal 2014 J and,,Purchase,"$100,001 - $250,000",175000.5,False,JT,20001537,https://disclosures-clerk.house.gov/public_disc/ptr-pdfs/2014/20001537.pdf,0f4767c3fe75907eee3a1c638481bcf89d0f40a873d30bfb5975156b5f5c170c,0
O000170,Beto O'Rourke,house,Democrat,TX16,,False,2014-07-31,2014-08-19,RIGP,type Date SP Transocean Partners LLC Common Company Interests,,Purchase,"$1,001 - $15,000",8000.5,False,SELF,20001503,https://disclosures-clerk.house.gov/public_disc/ptr-pdfs/2014/20001503.pdf,8ad5b508307e986b4dd9823479ed66004ff882fd420146d18ddbb15eb6b69ad2,0
O000170,Beto O'Rourke,house,Democrat,TX16,,False,2014-07-31,2014-08-19,,Transocean Partners LLC Common,,Purchase,"$1,001 - $15,000",8000.5,False,SP,20001503,https://disclosures-clerk.house.gov/public_disc/ptr-pdfs/2014/20001503.pdf,c461eea03026bc3da9523e76f1cc4798e912ff6dbd89df7d8aa9ebb3072d3561,0
C001062,K. Michael Conaway,house,Republican,TX11,,False,2014-04-07,2014-08-18,VZ,Verizon Communications Inc.,,Purchase,"$1,001 - $15,000",8000.5,False,SP,20001539,https://disclosures-clerk.house.gov/public_disc/ptr-pdfs/2014/20001539.pdf,d1a8a5b74d4dd3b52c4353c07c7244a97cb23f16f27e3b3ce0dcb87753989163,0
C001062,K. Michael Conaway,house,Republican,TX11,,False,2014-04-03,2014-08-18,LH,laboratory Corporation of America holdings,,Purchase,"$1,001 - $15,000",8000.5,False,SP,20001539,https://disclosures-clerk.house.gov/public_disc/ptr-pdfs/2014/20001539.pdf,d6d8bf2a99996b6c2e2d9fa23b33f4bb4fb01911f0b80cfe7425ddbe64afbe36,0
C001062,K. Michael Conaway,house,Republican,TX11,,False,2014-03-10,2014-08-18,KO,Coca-Cola Company,,Sale,"$1,001 - $15,000",8000.5,False,SP,20001539,https://disclosures-clerk.house.gov/public_disc/ptr-pdfs/2014/20001539.pdf,08871b7dc81f134cca8dd179a726a5d25025adad110028d79e4aad0364b67dff,0
C001062,K. Michael Conaway,house,Republican,TX11,,False,2014-01-17,2014-08-18,CELG,Celgene Corporation,,Purchase,"$1,001 - $15,000",8000.5,False,SP,20001539,https://disclosures-clerk.house.gov/public_disc/ptr-pdfs/2014/20001539.pdf,fa712db8cf6c14efd217658794e8519ec75167d13bb5f882b26ed8e4a266518b,0
C001062,K. Michael Conaway,house,Republican,TX11,,False,2014-04-22,2014-08-18,BA,boeing Company,,Sale,"$1,001 - $15,000",8000.5,False,SP,20001539,https://disclosures-clerk.house.gov/public_disc/ptr-pdfs/2014/20001539.pdf,cc227042a3c7c9d7fb25b9482baef22b4fcbf20e09f62c7042d502bd9c7ff300,0
C001062,K. Michael Conaway,house,Republican,TX11,,False,2014-04-09,2014-08-18,VZ,Verizon Communications Inc.,,Purchase,"$1,001 - $15,000",8000.5,False,SP,20001539,https://disclosures-clerk.house.gov/public_disc/ptr-pdfs/2014/20001539.pdf,a49ab5bc52c07679dfc04f1972dfd58f67a34571758590cceaa51a606d821b79,0
C001062,K. Michael Conaway,house,Republican,TX11,,False,2014-07-23,2014-08-18,VZ,Verizon Communications Inc.,,Sale,"$1,001 - $15,000",8000.5,False,SP,20001539,https://disclosures-clerk.house.gov/public_disc/ptr-pdfs/2014/20001539.pdf,83d8aca1be72a09ab39dd0933fb43526da837a7e504bbff630ea6fc3c9e4d95a,0
C001062,K. Michael Conaway,house,Republican,TX11,,False,2014-06-27,2014-08-18,WMT,"Wal-Mart stores, Inc.",,Sale,"$1,001 - $15,000",8000.5,False,SP,20001539,https://disclosures-clerk.house.gov/public_disc/ptr-pdfs/2014/20001539.pdf,e28921d246c6fdda89d4b71f984f397d921fb1e05fb1145f18c1bf40f0526e5e,0
C001062,K. Michael Conaway,house,Republican,TX11,,False,2014-07-14,2014-08-18,WFM,"Whole Foods Market, Inc.",,Sale,"$1,001 - $15,000",8000.5,False,SP,20001539,https://disclosures-clerk.house.gov/public_disc/ptr-pdfs/2014/20001539.pdf,ba6adb1b2d6ca9f16005315e2556cadb18738ffbe39402d51ae341535464295d,0
C001062,K. Michael Conaway,house,Republican,TX11,,False,2014-01-17,2014-08-18,BUD,Anheuser-busch Inbev sA sponsored ADR,,Sale,"$1,001 - $15,000",8000.5,False,SP,20001539,https://disclosures-clerk.house.gov/public_disc/ptr-pdfs/2014/20001539.pdf,e6a3aa140fff6716a9a18681de914b28fe6665d1564a5a01f32a2fdce9d89bcf,0
C001062,K. Michael Conaway,house,Republican,TX11,,False,2014-04-01,2014-08-18,DLPH,Delphi Automotive plc ordinary shares,,Purchase,"$1,001 - $15,000",8000.5,False,SP,20001539,https://disclosures-clerk.house.gov/public_disc/ptr-pdfs/2014/20001539.pdf,ae43c057f7f77038e8ab22cc3dfe8a27d542746fb8a5636d600c2d03685f9fbf,1
C001062,K. Michael Conaway,house,Republican,TX11,,False,2014-01-13,2014-08-18,BIIB,biogen Idec Inc.,,Sale,"$1,001 - $15,000",8000.5,False,SP,20001539,https://disclosures-clerk.house.gov/public_disc/ptr-pdfs/2014/20001539.pdf,a99514e5de7f00605392c361a434c7c9ea71f33d2701fab1cb8d7da67a20548c,0
C001062,K. Michael Conaway,house,Republican,TX11,,False,2014-03-21,2014-08-18,T,AT&T Inc.,,Purchase,"$1,001 - $15,000",8000.5,False,SP,20001539,https://disclosures-clerk.house.gov/public_disc/ptr-pdfs/2014/20001539.pdf,8d18fd4d79abd61f12c6b6cbba9cae65d4cd96863eaf702718a2faf21071dbca,0
C001062,K. Michael Conaway,house,Republican,TX11,,False,2014-03-14,2014-08-18,T,AT&T Inc.,,Purchase,"$1,001 - $15,000",8000.5,False,SP,20001539,https://disclosures-clerk.house.gov/public_disc/ptr-pdfs/2014/20001539.pdf,87da972e709e86cc8286d4f69ac24b84abd94bee807e62f4638f6e9df599e084,0
C001062,K. Michael Conaway,house,Republican,TX11,,False,2014-01-30,2014-08-18,IBM,International business Machines Corporation,,Sale,"$1,001 - $15,000",8000.5,False,SP,20001539,https://disclosures-clerk.house.gov/public_disc/ptr-pdfs/2014/20001539.pdf,34fff15b2a76c92123a587a862b31f1731519db84ed3efd44156cca81d3bdd8d,0
C001062,K. Michael Conaway,house,Republican,TX11,,False,2014-05-07,2014-08-18,AZN,Astrazeneca PlC,,Sale,"$1,001 - $15,000",8000.5,False,SP,20001539,https://disclosures-clerk.house.gov/public_disc/ptr-pdfs/2014/20001539.pdf,9d2ff3cf705b3dd67afa835987b990deaff4616b42345212d9a539c41c0cd72d,0
C001062,K. Michael Conaway,house,Republican,TX11,,False,2014-01-27,2014-08-18,COST,Costco Wholesale Corporation,,Purchase,"$1,001 - $15,000",8000.5,False,SP,20001539,https://disclosures-clerk.house.gov/public_disc/ptr-pdfs/2014/20001539.pdf,0d4469a9b617d5b78137d8c7c75805d889269058dd2d2735ce6a6de74c2522e2,0
C001062,K. Michael Conaway,house,Republican,TX11,,False,2014-06-26,2014-08-18,AAPL,Apple Inc.,,Purchase,"$1,001 - $15,000",8000.5,False,SP,20001539,https://disclosures-clerk.house.gov/public_disc/ptr-pdfs/2014/20001539.pdf,aab074372e732a9404263e16d06ce1fa90cb85b00d02d172951ee8ba30a715ab,0
C001062,K. Michael Conaway,house,Republican,TX11,,False,2014-02-11,2014-08-18,LYB,lyondellbasell Industries NV ordinary shares Class A,,Purchase,"$1,001 - $15,000",8000.5,False,SP,20001539,https://disclosures-clerk.house.gov/public_disc/ptr-pdfs/2014/20001539.pdf,56edba4b321de91345a6c8951138da20bcec0254654c59ca1881a46bfc5a9d93,0
C001062,K. Michael Conaway,house,Republican,TX11,,False,2014-06-16,2014-08-18,KORS,Michael Kors holdings limited ordinary shares,,Sale,"$1,001 - $15,000",8000.5,False,SP,20001539,https://disclosures-clerk.house.gov/public_disc/ptr-pdfs/2014/20001539.pdf,6540b03738782128c4761a1bef2d3f5397d931093f70e1b2fdb60ce4ab5d1473,0
C001062,K. Michael Conaway,house,Republican,TX11,,False,2014-06-18,2014-08-18,APA,Apache Corporation,,Purchase,"$1,001 - $15,000",8000.5,False,SP,20001539,https://disclosures-clerk.house.gov/public_disc/ptr-pdfs/2014/20001539.pdf,cffa33575b9c7a15301fbf754bf035f6620724aaa62e974fd22cefd0382e3a81,0
C001062,K. Michael Conaway,house,Republican,TX11,,False,2014-06-17,2014-08-18,APA,Apache Corporation,,Purchase,"$1,001 - $15,000",8000.5,False,SP,20001539,https://disclosures-clerk.house.gov/public_disc/ptr-pdfs/2014/20001539.pdf,8198f56f961f88991f740f2f0cf781090b744d9868b839ff8ffc9909b4eebfd2,0
C001062,K. Michael Conaway,house,Republican,TX11,,False,2014-03-12,2014-08-18,AON,Aon plc Class A ordinary shares,,Sale,"$1,001 - $15,000",8000.5,False,SP,20001539,https://disclosures-clerk.house.gov/public_disc/ptr-pdfs/2014/20001539.pdf,74a84ae90aa790765d8aaf643cebdb718172f488173531620c92ee98cc620b96,0
C001062,K. Michael Conaway,house,Republican,TX11,,False,2014-01-17,2014-08-18,,Anheuser-busch Inbev sA sponsored,,Sale,"$1,001 - $15,000",8000.5,False,SP,20001539,https://disclosures-clerk.house.gov/public_disc/ptr-pdfs/2014/20001539.pdf,915a17fce7b541129f5a8747ddad00771d39ae95af74df893fb1ddeb54a55331,0
C001062,K. Michael Conaway,house,Republican,TX11,,False,2014-02-11,2014-08-18,,lyondellbasell Industries NV ordinary,,Purchase,"$1,001 - $15,000",8000.5,False,SP,20001539,https://disclosures-clerk.house.gov/public_disc/ptr-pdfs/2014/20001539.pdf,608518e66c748881a08f36f74e7d4e82d6d7347a92efc5d606fe1b65a5b48af2,0
C001062,K. Michael Conaway,house,Republican,TX11,,False,2014-07-15,2014-08-18,AA,Alcoa Inc.,,Purchase,"$1,001 - $15,000",8000.5,False,SP,20001539,https://disclosures-clerk.house.gov/public_disc/ptr-pdfs/2014/20001539.pdf,06a59d5b9aa9344c3ac9a541c2feaa53761c1f00afb1dc8873d9b921b17b66a9,0
C001062,K. Michael Conaway,house,Republican,TX11,,False,2014-07-14,2014-08-18,AA,Alcoa Inc.,,Purchase,"$1,001 - $15,000",8000.5,False,SP,20001539,https://disclosures-clerk.house.gov/public_disc/ptr-pdfs/2014/20001539.pdf,9b68928f1f8a664079d5565907f9216fe93e2046e410bd8f8dedf5edab4b288b,0
C001062,K. Michael Conaway,house,Republican,TX11,,False,2014-06-24,2014-08-18,OXY,occidental Petroleum Corporation,,Purchase,"$1,001 - $15,000",8000.5,False,SP,20001539,https://disclosures-clerk.house.gov/public_disc/ptr-pdfs/2014/20001539.pdf,7e32868c6dad92c174d07171ae60109806bd02df451804992f2ec4699ec7f7b8,1
C001062,K. Michael Conaway,house,Republican,TX11,,False,2014-02-28,2014-08-18,PRGO,Perrigo Company plc ordinary shares,,Purchase,"$1,001 - $15,000",8000.5,False,SP,20001539,https://disclosures-clerk.house.gov/public_disc/ptr-pdfs/2014/20001539.pdf,966c00fcd9f918f511dc6a28e3f2e7d8a15c994309afc4cc243ca78a06e6b33a,1
C001062,K. Michael Conaway,house,Republican,TX11,,False,2014-06-17,2014-08-18,HOT,"starwood hotels & Resorts Worldwide, Inc.",,Purchase,"$1,001 - $15,000",8000.5,False,SP,20001539,https://disclosures-clerk.house.gov/public_disc/ptr-pdfs/2014/20001539.pdf,94f5631ca7ee05b204eaa4583be9e3ee35738ef46082c9689ef8f592511eea13,0
C001062,K. Michael Conaway,house,Republican,TX11,,False,2014-05-15,2014-08-18,COP,ConocoPhillips,,Sale,"$1,001 - $15,000",8000.5,False,SP,20001539,https://disclosures-clerk.house.gov/public_disc/ptr-pdfs/2014/20001539.pdf,68a8807d4e5d13eab34f2b3a3cdaf3703db833f931f639be1c2cfee85730de93,0
C001062,K. Michael Conaway,house,Republican,TX11,,False,2014-04-01,2014-08-18,,Delphi Automotive plc ordinary shares,,Purchase,"$1,001 - $15,000",8000.5,False,SP,20001539,https://disclosures-clerk.house.gov/public_disc/ptr-pdfs/2014/20001539.pdf,ae43c057f7f77038e8ab22cc3dfe8a27d542746fb8a5636d600c2d03685f9fbf,0
C001062,K. Michael Conaway,house,Republican,TX11,,False,2014-03-12,2014-08-18,TEVA,Teva Pharmaceutical Industries limited American Depositary shares,,Sale,"$1,001 - $15,000",8000.5,False,SP,20001539,https://disclosures-clerk.house.gov/public_disc/ptr-pdfs/2014/20001539.pdf,be72beb4c85466197286537cb71bf625e14a56e2f785f69e911ddb935c8ff2ec,0
C001062,K. Michael Conaway,house,Republican,TX11,,False,2014-02-28,2014-08-18,,Perrigo Company plc ordinary shares,,Purchase,"$1,001 - $15,000",8000.5,False,SP,20001539,https://disclosures-clerk.house.gov/public_disc/ptr-pdfs/2014/20001539.pdf,966c00fcd9f918f511dc6a28e3f2e7d8a15c994309afc4cc243ca78a06e6b33a,0
C001062,K. Michael Conaway,house,Republican,TX11,,False,2014-04-03,2014-08-18,,laboratory Corporation of America,,Purchase,"$1,001 - $15,000",8000.5,False,SP,20001539,https://disclosures-clerk.house.gov/public_disc/ptr-pdfs/2014/20001539.pdf,ae82e26dedad58da1e0f2842ff3d1bb1aa47781d791c6d8cbb002e8b014ef984,0
C001062,K. Michael Conaway,house,Republican,TX11,,False,2014-06-18,2014-08-18,KMI,"Kinder Morgan, Inc.",,Sale,"$1,001 - $15,000",8000.5,False,SP,20001539,https://disclosures-clerk.house.gov/public_disc/ptr-pdfs/2014/20001539.pdf,a4394782d9b110448d3d41ef0b99b20fdd7a5b41151e308f4d0f024fa013b74a,0
C001062,K. Michael Conaway,house,Republican,TX11,,False,2014-06-17,2014-08-18,KMI,"Kinder Morgan, Inc.",,Sale,"$1,001 - $15,000",8000.5,False,SP,20001539,https://disclosures-clerk.house.gov/public_disc/ptr-pdfs/2014/20001539.pdf,211cada3296d321d62c8c70c11365bcc6f285d592cf7ab7ad1460cbd75f752cb,0
C001062,K. Michael Conaway,house,Republican,TX11,,False,2014-01-30,2014-08-18,,International business Machines,,Sale,"$1,001 - $15,000",8000.5,False,SP,20001539,https://disclosures-clerk.house.gov/public_disc/ptr-pdfs/2014/20001539.pdf,d7b8dad084b182664cab9a584c6a61edceba43baf01d72182c2a84588737aae1,0
C001062,K. Michael Conaway,house,Republican,TX11,,False,2014-07-15,2014-08-18,INTC,Intel Corporation,,Sale,"$1,001 - $15,000",8000.5,False,SP,20001539,https://disclosures-clerk.house.gov/public_disc/ptr-pdfs/2014/20001539.pdf,b64189538fe1c27b99cc424392ac6960627a13253a1ad43a84dbe309b6347353,0
C001062,K. Michael Conaway,house,Republican,TX11,,False,2014-07-23,2014-08-18,MSFT,Microsoft Corporation,,Sale,"$1,001 - $15,000",8000.5,False,SP,20001539,https://disclosures-clerk.house.gov/public_disc/ptr-pdfs/2014/20001539.pdf,87b6f68e2413fc39396bea9f0f52c64267a8316dba22b894a8de3fa2d2f65fc1,0
C001062,K. Michael Conaway,house,Republican,TX11,,False,2014-03-06,2014-08-18,NWL,Newell Rubbermaid Inc.,,Sale,"$1,001 - $15,000",8000.5,False,SP,20001539,https://disclosures-clerk.house.gov/public_disc/ptr-pdfs/2014/20001539.pdf,8bd48269c8f7164a98223a0ff29479f0f45fdcbcc35ab1a4e39dbedd34ba96a3,0
C001062,K. Michael Conaway,house,Republican,TX11,,False,2014-01-31,2014-08-18,NEE,"NextEra Energy, Inc.",,Purchase,"$1,001 - $15,000",8000.5,False,SP,20001539,https://disclosures-clerk.house.gov/public_disc/ptr-pdfs/2014/20001539.pdf,9804216ccb0f22db16aabd676dacfae01f12e4223e418a87006a67c51d0a8520,0
C001062,K. Michael Conaway,house,Republican,TX11,,False,2014-01-30,2014-08-18,NEE,"NextEra Energy, Inc.",,Purchase,"$1,001 - $15,000",8000.5,False,SP,20001539,https://disclosures-clerk.house.gov/public_disc/ptr-pdfs/2014/20001539.pdf,c58ee347b378672c6861c190f4423b3e91325bb7767c230afbd7a918cec9d19c,0
C001062,K. Michael Conaway,house,Republican,TX11,,False,2014-06-24,2014-08-18,,occidental Petroleum Corporation,,Purchase,"$1,001 - $15,000",8000.5,False,SP,20001539,https://disclosures-clerk.house.gov/public_disc/ptr-pdfs/2014/20001539.pdf,7e32868c6dad92c174d07171ae60109806bd02df451804992f2ec4699ec7f7b8,0
C001062,K. Michael Conaway,house,Republican,TX11,,False,2014-01-29,2014-08-18,ORCL,oracle Corporation,,Purchase,"$1,001 - $15,000",8000.5,False,SP,20001539,https://disclosures-clerk.house.gov/public_disc/ptr-pdfs/2014/20001539.pdf,d28cf4b3fa1ca66e0fc5be9a808d034aeb345d1bfafc4646893f5c1c94435dee,0
C001062,K. Michael Conaway,house,Republican,TX11,,False,2014-01-13,2014-08-18,ORCL,oracle Corporation,,Purchase,"$1,001 - $15,000",8000.5,False,SP,20001539,https://disclosures-clerk.house.gov/public_disc/ptr-pdfs/2014/20001539.pdf,817740a11eba396b9f40cb37301e6831c775915092dad62aad23b15fe7d6f385,0
C001062,K. Michael Conaway,house,Republican,TX11,,False,2014-01-10,2014-08-18,PEP,"Pepsico, Inc.",,Purchase,"$1,001 - $15,000",8000.5,False,SP,20001539,https://disclosures-clerk.house.gov/public_disc/ptr-pdfs/2014/20001539.pdf,d311b3c759ecee70fa28830b15f1926ceb16140a97e80d60d24462b769f46d36,0
C001062,K. Michael Conaway,house,Republican,TX11,,False,2014-03-11,2014-08-18,PM,Philip Morris International Inc,,Sale,"$1,001 - $15,000",8000.5,False,SP,20001539,https://disclosures-clerk.house.gov/public_disc/ptr-pdfs/2014/20001539.pdf,015ce72e3d7f675ad9b4a68a7a18f9cb28b8b0bf0576d7e0bfaf445e0f52fa29,0
C001062,K. Michael Conaway,house,Republican,TX11,,False,2014-01-14,2014-08-18,DAL,"Delta Air lines, Inc.",,Purchase,"$1,001 - $15,000",8000.5,False,SP,20001539,https://disclosures-clerk.house.gov/public_disc/ptr-pdfs/2014/20001539.pdf,2db091d4582b1f7989ea88b4b443bb21825a9def5884bc264966ab131c8dde17,0
C001062,K. Michael Conaway,house,Republican,TX11,,False,2014-03-13,2014-08-18,RL,Ralph lauren Corporation,,Purchase,"$1,001 - $15,000",8000.5,False,SP,20001539,https://disclosures-clerk.house.gov/public_disc/ptr-pdfs/2014/20001539.pdf,29956d62352fc1766e76108694246e06b4a56d1bc70487a8c939c59f9247d66a,0
C001062,K. Michael Conaway,house,Republican,TX11,,False,2014-06-17,2014-08-18,,"starwood hotels & Resorts Worldwide,",,Purchase,"$1,001 - $15,000",8000.5,False,SP,20001539,https://disclosures-clerk.house.gov/public_disc/ptr-pdfs/2014/20001539.pdf,7ae3da83f9c63c9062400301fda81f82a69ef8539a655be20dac0f6d1b49ed1b,0
C001062,K. Michael Conaway,house,Republican,TX11,,False,2014-06-18,2014-08-18,,"starwood hotels & Resorts Worldwide,",,Purchase,"$1,001 - $15,000",8000.5,False,SP,20001539,https://disclosures-clerk.house.gov/public_disc/ptr-pdfs/2014/20001539.pdf,731c63e9212f44b1b162a05d5b214e2269d18c444e245216fb08334bc2cb8dd2,0
C001062,K. Michael Conaway,house,Republican,TX11,,False,2014-04-11,2014-08-18,GM,general Motors Company,,Sale,"$1,001 - $15,000",8000.5,False,SP,20001539,https://disclosures-clerk.house.gov/public_disc/ptr-pdfs/2014/20001539.pdf,fe57ba3f9b95437ed9c6d40ee2a01438e7535c18136c7fffca03ee6645c7b410,0
C001062,K. Michael Conaway,house,Republican,TX11,,False,2014-03-12,2014-08-18,,Teva Pharmaceutical Industries limited,,Sale,"$1,001 - $15,000",8000.5,False,SP,20001539,https://disclosures-clerk.house.gov/public_disc/ptr-pdfs/2014/20001539.pdf,3658accdf563ed720da318079842ca63f600bf3741d63b3b82ed4d99e7179361,0
C001062,K. Michael Conaway,house,Republican,TX11,,False,2014-03-06,2014-08-18,,Teva Pharmaceutical Industries limited,,Purchase,"$1,001 - $15,000",8000.5,False,SP,20001539,https://disclosures-clerk.house.gov/public_disc/ptr-pdfs/2014/20001539.pdf,486f66fa9cf2bc0f41d7036220b0b875a314e934c6a121d94be5e891bc622f3a,0
C001062,K. Michael Conaway,house,Republican,TX11,,False,2014-07-25,2014-08-18,GD,general Dynamics Corporation,,Purchase,"$1,001 - $15,000",8000.5,False,SP,20001539,https://disclosures-clerk.house.gov/public_disc/ptr-pdfs/2014/20001539.pdf,c4b32aca1e8968bb8c0cbe5e41db7bef4dd1f290105f66799a8105188d0a8ed0,0
C001062,K. Michael Conaway,house,Republican,TX11,,False,2014-07-24,2014-08-18,GD,general Dynamics Corporation,,Purchase,"$1,001 - $15,000",8000.5,False,SP,20001539,https://disclosures-clerk.house.gov/public_disc/ptr-pdfs/2014/20001539.pdf,65d8d7484b42544c29d9f5c1425e3e16e49cd7a3b28947003c9b46412f6f5234,0
C001062,K. Michael Conaway,house,Republican,TX11,,False,2014-05-15,2014-08-18,F,Ford Motor Company,,Purchase,"$1,001 - $15,000",8000.5,False,SP,20001539,https://disclosures-clerk.house.gov/public_disc/ptr-pdfs/2014/20001539.pdf,eec1d195f61103bd2755cf30ded801516fdbb616a4af8d7e8445a14679d6e493,0
C001062,K. Michael Conaway,house,Republican,TX11,,False,2014-02-10,2014-08-18,FDX,FedEx Corporation,,Sale,"$1,001 - $15,000",8000.5,False,SP,20001539,https://disclosures-clerk.house.gov/public_disc/ptr-pdfs/2014/20001539.pdf,d73c560884d345b261b32540e94cc436666d531d0daae5556f9cf9ccf0ab205f,0
C001062,K. Michael Conaway,house,Republican,TX11,,False,2014-02-25,2014-08-18,FDX,FedEx Corporation,,Sale,"$1,001 - $15,000",8000.5,False,SP,20001539,https://disclosures-clerk.house.gov/public_disc/ptr-pdfs/2014/20001539.pdf,644b4093a3310ad21b097467d6d720c7a949bc21e2700fae59d7aefc34dcba9a,0
C001062,K. Michael Conaway,house,Republican,TX11,,False,2014-02-14,2014-08-18,EW,Edwards lifesciences Corporation,,Sale,"$1,001 - $15,000",8000.5,False,SP,20001539,https://disclosures-clerk.house.gov/public_disc/ptr-pdfs/2014/20001539.pdf,bd3ee17bd9fb1582d38efc8f425184e6e992e791b993c15407460198e85a6aa8,0
C001062,K. Michael Conaway,house,Republican,TX11,,False,2014-01-17,2014-08-18,EBAY,ebay Inc.,,Sale,"$1,001 - $15,000",8000.5,False,SP,20001539,https://disclosures-clerk.house.gov/public_disc/ptr-pdfs/2014/20001539.pdf,a894abc59f97a063a4e82b77f39dd886a165926e090a3aa10a535b0d4b73131d,0
C001062,K. Michael Conaway,house,Republican,TX11,,False,2014-06-18,2014-08-18,HOT,"starwood hotels & Resorts Worldwide, Inc.",,Purchase,"$1,001 - $15,000",8000.5,False,SP,20001539,https://disclosures-clerk.house.gov/public_disc/ptr-pdfs/2014/20001539.pdf,a69c31a0cd1c2beb8870e6f4f7f01876f1b0224e27312bd0ad52f618f07a550e,0
C001062,K. Michael Conaway,house,Republican,TX11,,False,2014-05-06,2014-08-18,AMZN,"Amazon.com, Inc.",,Sale,"$1,001 - $15,000",8000.5,False,SP,20001539,https://disclosures-clerk.house.gov/public_disc/ptr-pdfs/2014/20001539.pdf,46d10174c5599c383f2a5831a655b42619ba68218e6c05b028c8043003eeb1ed,0
C001062,K. Michael Conaway,house,Republican,TX11,,False,2014-03-06,2014-08-18,TEVA,Teva Pharmaceutical Industries limited American Depositary shares,,Purchase,"$1,001 - $15,000",8000.5,False,SP,20001539,https://disclosures-clerk.house.gov/public_disc/ptr-pdfs/2014/20001539.pdf,d19362d34b526d8cb5bb40c2b5885c212db8106b396487016a31ab480c8cfa32,0
C001066,Kathy Castor,house,Democrat,FL14,HSIF03; HSIF16; HSIF17; House Committee on Energy and Commerce; House Select Committee on the Strategic Competition Between the United States and the Chinese Communist Party,False,2014-08-18,2014-08-18,T,aT&T Inc.,,Purchase,"$1,001 - $15,000",8000.5,False,SP,20001540,https://disclosures-clerk.house.gov/public_disc/ptr-pdfs/2014/20001540.pdf,203bc7b53cdde04feb90729a8435b5b1f032a9aedb5cd718cca0aad11548f378,0
C001062,K. Michael Conaway,house,Republican,TX11,,False,2014-06-16,2014-08-18,,Michael Kors holdings limited ordinary,,Sale,"$1,001 - $15,000",8000.5,False,SP,20001539,https://disclosures-clerk.house.gov/public_disc/ptr-pdfs/2014/20001539.pdf,f2b282a8d5b78ecd4be580ecf578a46799c38d3a7446651a4ad37b56b1612486,0
D000617,Suzan K. DelBene,house,Democrat,WA01,HSWM04; HSWM05; HSWM06; House Committee on Ways and Means,False,2014-07-17,2014-08-17,,CITY OF HOuSTON 4% 17 gO lTX,,Sale,"$500,001 - $1,000,000",750000.5,False,JT,20001466,https://disclosures-clerk.house.gov/public_disc/ptr-pdfs/2014/20001466.pdf,95c76b6ae9938041605bc502dfb718ab15445bee02fe13ae0c6e6057aa500ee5,0
D000617,Suzan K. DelBene,house,Democrat,WA01,HSWM04; HSWM05; HSWM06; House Committee on Ways and Means,False,2014-07-24,2014-08-17,BIOA,Bioamber Inc.,,Purchase,"$15,001 - $50,000",32500.5,False,JT,20001466,https://disclosures-clerk.house.gov/public_disc/ptr-pdfs/2014/20001466.pdf,52adbed83b79679cd4c239c3c8d3e98cf06585bbda4c34b0847459a855098106,0
D000617,Suzan K. DelBene,house,Democrat,WA01,HSWM04; HSWM05; HSWM06; House Committee on Ways and Means,False,2014-07-16,2014-08-17,,BaY aREa TOll auT 1.5% 47 TRaN,,Purchase,"$500,001 - $1,000,000",750000.5,False,JT,20001466,https://disclosures-clerk.house.gov/public_disc/ptr-pdfs/2014/20001466.pdf,870a90c028b50f160bb2791298ec0e8cf7ce8f596934d3975a5838e6cd60dc90,0
D000617,Suzan K. DelBene,house,Democrat,WA01,HSWM04; HSWM05; HSWM06; House Committee on Ways and Means,False,2014-07-11,2014-08-17,,Fl DEPT EDuCTION 5% SCH IMPT,,Purchase,"$50,001 - $100,000",75000.5,False,JT,20001466,https://disclosures-clerk.house.gov/public_disc/ptr-pdfs/2014/20001466.pdf,069773a8c1ab672e55b238f144e06c32f85b08a651cf40b713e831ecf9a6265f,0
D000617,Suzan K. DelBene,house,Democrat,WA01,HSWM04; HSWM05; HSWM06; House Committee on Ways and Means,False,2014-07-11,2014-08-17,,COuNTY OF KaNE gO 4.000% uTX,,Purchase,"$15,001 - $50,000",32500.5,False,JT,20001466,https://disclosures-clerk.house.gov/public_disc/ptr-pdfs/2014/20001466.pdf,aa124a648628e60de5421af974a4e6c1e7c087e040d22b0986c61fff5348d3aa,0
D000617,Suzan K. DelBene,house,Democrat,WA01,HSWM04; HSWM05; HSWM06; House Committee on Ways and Means,False,2014-07-16,2014-08-17,SUNE,"SunEdison, Inc.",,Sale,"$15,001 - $50,000",32500.5,False,JT,20001466,https://disclosures-clerk.house.gov/public_disc/ptr-pdfs/2014/20001466.pdf,e159447fa3e47403d3b94966978ad87b088abbe54aeac7af36c20003cc5d93c5,0
W000413,Ed Whitfield,house,Republican,KY01,,False,2014-07-31,2014-08-14,INGR,Ingredion Incorporated,,Purchase,"$1,001 - $15,000",8000.5,False,SP,20001482,https://disclosures-clerk.house.gov/public_disc/ptr-pdfs/2014/20001482.pdf,990a7e570226876ef1e8adc2f11d82b9decd9a139259886ba3e02e082d30f5eb,0
P000608,Scott H. Peters,house,Democrat,CA52,HSIF03; HSIF16; HSIF18; House Committee on Energy and Commerce; House Committee on the Budget,False,2014-07-01,2014-08-14,,los angeles Ca Waste Water Bonds,,Sale,"$500,001 - $1,000,000",750000.5,False,SELF,20001523,https://disclosures-clerk.house.gov/public_disc/ptr-pdfs/2014/20001523.pdf,ac5d33b8344452c0d8c3afa594b7ccd8c165cb4d0cd84f9f0fefe93bc287bcd0,0
W000413,Ed Whitfield,house,Republican,KY01,,False,2014-07-31,2014-08-14,PM,Philip Morris International Inc,,Purchase,"$1,001 - $15,000",8000.5,False,SP,20001482,https://disclosures-clerk.house.gov/public_disc/ptr-pdfs/2014/20001482.pdf,f7babbdbcb0d328e51ec4449fd7ee057b06e08aca7d38a18b984af89e69be359,0
W000413,Ed Whitfield,house,Republican,KY01,,False,2014-07-31,2014-08-14,PETM,"Petsmart, Inc",,Purchase,"$1,001 - $15,000",8000.5,False,SP,20001482,https://disclosures-clerk.house.gov/public_disc/ptr-pdfs/2014/20001482.pdf,9e079b1fdc09a5904c43726b3438f0a63659e6341a6c0f8af10fb5bc33482de8,0
R000011,Nick J. Rahall,house,Democrat,WV03,,False,2014-07-30,2014-08-14,PBYI,Puma Biotechnology Inc,,Purchase,"$1,001 - $15,000",8000.5,False,SELF,20001507,https://disclosures-clerk.house.gov/public_disc/ptr-pdfs/2014/20001507.pdf,10d48f68e1590b5fdf72f8944d224b8f4e0effeb45bbba4ed979079de0744363,0
R000011,Nick J. Rahall,house,Democrat,WV03,,False,2014-07-21,2014-08-14,YUM,"Yum! Brands, Inc.",,Purchase,"$1,001 - $15,000",8000.5,False,SELF,20001507,https://disclosures-clerk.house.gov/public_disc/ptr-pdfs/2014/20001507.pdf,d11412a4f70279dbbd0f11609086ff098a91be40c1c51f9bb10cbdcc468f0fd1,0
W000413,Ed Whitfield,house,Republican,KY01,,False,2014-07-31,2014-08-14,SJM,J.M. smucker Company,,Purchase,"$1,001 - $15,000",8000.5,False,SP,20001482,https://disclosures-clerk.house.gov/public_disc/ptr-pdfs/2014/20001482.pdf,b372d540856a1f5bb009d81bd735a44392f541b8682b25de2358ff32da5ac719,1
W000413,Ed Whitfield,house,Republican,KY01,,False,2014-07-31,2014-08-14,SJM,J.M. smucker Company,,Purchase,"$1,001 - $15,000",8000.5,False,SP,20001482,https://disclosures-clerk.house.gov/public_disc/ptr-pdfs/2014/20001482.pdf,b372d540856a1f5bb009d81bd735a44392f541b8682b25de2358ff32da5ac719,0
W000413,Ed Whitfield,house,Republican,KY01,,False,2014-07-30,2014-08-14,PFF,ishares us Preferred stock ETF,,Purchase,"$1,001 - $15,000",8000.5,False,SP,20001482,https://disclosures-clerk.house.gov/public_disc/ptr-pdfs/2014/20001482.pdf,c853117eb7452db9dbf10d73f685cfe16769ab8efb114081e76e9fd89bdeb40e,0
W000413,Ed Whitfield,house,Republican,KY01,,False,2014-07-29,2014-08-14,PFF,ishares us Preferred stock ETF,,Purchase,"$1,001 - $15,000",8000.5,False,SP,20001482,https://disclosures-clerk.house.gov/public_disc/ptr-pdfs/2014/20001482.pdf,f212f4b5c185ae555d67f4264fef2e071fc5e939f82432fb0509776a965f8a01,0
W000413,Ed Whitfield,house,Republican,KY01,,False,2014-07-25,2014-08-14,DEO,Diageo plc,,Purchase,"$1,001 - $15,000",8000.5,False,SP,20001482,https://disclosures-clerk.house.gov/public_disc/ptr-pdfs/2014/20001482.pdf,5d462fb66de2d347173f256090b7f17d65fcbb40dbf4c74f1cd5067dbe3f8fe0,0
W000413,Ed Whitfield,house,Republican,KY01,,False,2014-07-10,2014-08-14,DEO,Diageo plc,,Purchase,"$1,001 - $15,000",8000.5,False,SP,20001482,https://disclosures-clerk.house.gov/public_disc/ptr-pdfs/2014/20001482.pdf,636cb8b2b3873db461bdc9afef2f9acef66780ee60c91aace96d5376d561264b,0
R000011,Nick J. Rahall,house,Democrat,WV03,,False,2014-07-24,2014-08-14,PBYI,Puma Biotechnology Inc,,Purchase,"$15,001 - $50,000",32500.5,False,SELF,20001507,https://disclosures-clerk.house.gov/public_disc/ptr-pdfs/2014/20001507.pdf,0c5e25a99f077b473f487fbeac0f2f66c98061f78d30afab761d8f3ede5368e8,0
R000011,Nick J. Rahall,house,Democrat,WV03,,False,2014-07-23,2014-08-14,PBYI,Puma Biotechnology Inc,,Sale,"$15,001 - $50,000",32500.5,False,SELF,20001507,https://disclosures-clerk.house.gov/public_disc/ptr-pdfs/2014/20001507.pdf,fe5e380705ff57245833e45a3ee02aaa9000b7ec2e4b7d2af5b47687150bb702,0
R000011,Nick J. Rahall,house,Democrat,WV03,,False,2014-07-30,2014-08-14,HLF,Herbalife ltd.,,Sale,"$1,001 - $15,000",8000.5,False,SELF,20001507,https://disclosures-clerk.house.gov/public_disc/ptr-pdfs/2014/20001507.pdf,f4d57e4b31363d25a98fb9aedf7c9e71adb70f2750d7504a8da3aec208d03349,0
P000608,Scott H. Peters,house,Democrat,CA52,HSIF03; HSIF16; HSIF18; House Committee on Energy and Commerce; House Committee on the Budget,False,2014-07-01,2014-08-14,,los angeles County Met Trans Bonds,,Sale,"$500,001 - $1,000,000",750000.5,False,SELF,20001523,https://disclosures-clerk.house.gov/public_disc/ptr-pdfs/2014/20001523.pdf,ce865340d43cff6ab2876dc7040eba0e003b232c7d31ec8c5d5e0a4411a488e6,0
W000413,Ed Whitfield,house,Republican,KY01,,False,2014-07-10,2014-08-14,PM,Philip Morris International Inc,,Purchase,"$1,001 - $15,000",8000.5,False,SP,20001482,https://disclosures-clerk.house.gov/public_disc/ptr-pdfs/2014/20001482.pdf,f2dcb7ce4ebb3856f2c3cd3223f024579acd04945b7325a459d1bc36fc6826b0,0
P000608,Scott H. Peters,house,Democrat,CA52,HSIF03; HSIF16; HSIF18; House Committee on Energy and Commerce; House Committee on the Budget,False,2014-07-01,2014-08-14,,los angeles unified Sch Dist Bonds,,Sale,"$500,001 - $1,000,000",750000.5,False,SELF,20001523,https://disclosures-clerk.house.gov/public_disc/ptr-pdfs/2014/20001523.pdf,5810e0ea73ad0aa33b016a30fd8e222d2b9cae4925c7f15ba3f0d89842e26380,0
W000413,Ed Whitfield,house,Republican,KY01,,False,2014-07-30,2014-08-14,PM,Philip Morris International Inc,,Purchase,"$1,001 - $15,000",8000.5,False,SP,20001482,https://disclosures-clerk.house.gov/public_disc/ptr-pdfs/2014/20001482.pdf,19998edd2ebe3b3ee930d8bdd4c928cc7df3a5d3c5ba46f35893e3bb24e56411,0
P000608,Scott H. Peters,house,Democrat,CA52,HSIF03; HSIF16; HSIF18; House Committee on Energy and Commerce; House Committee on the Budget,False,2014-07-01,2014-08-14,,San Francisco Ca Rev. Bonds,,Sale,"$500,001 - $1,000,000",750000.5,False,SELF,20001523,https://disclosures-clerk.house.gov/public_disc/ptr-pdfs/2014/20001523.pdf,2743a32e7a827cf1a504eb14742a90fd758f5784df1cb56f66f1c5ee3133dd61,0
H001051,Richard L. Hanna,house,Republican,NY22,,False,2014-07-09,2014-08-13,SIRI,Sirius XM Holdings Inc.,,Purchase,"$1,001 - $15,000",8000.5,False,SELF,20001510,https://disclosures-clerk.house.gov/public_disc/ptr-pdfs/2014/20001510.pdf,5a6dd4f4b9a572a982ababdc86d4642285b9bfe7b02b4e9eb67849bf1935870c,0
S001148,Michael K. Simpson,house,Republican,ID02,HSAP06; HSAP07; HSAP10; House Committee on Appropriations,False,2014-07-24,2014-08-13,MLYNF,type Date Malayan Banking Ord Singapore Ordinary Shares,,Purchase,"$1,001 - $15,000",8000.5,False,SELF,20001526,https://disclosures-clerk.house.gov/public_disc/ptr-pdfs/2014/20001526.pdf,fd16ca7fab49017cb6ae019362c394db84a93083e8a687986f1b303f6592db6d,0
S001148,Michael K. Simpson,house,Republican,ID02,HSAP06; HSAP07; HSAP10; House Committee on Appropriations,False,2014-07-01,2014-08-13,TKC,Turkcell Iletisim Hizmetleri aS,,Purchase,"$1,001 - $15,000",8000.5,False,SELF,20001526,https://disclosures-clerk.house.gov/public_disc/ptr-pdfs/2014/20001526.pdf,019d68ad0f27f3a244a61e0621bce234a9ace029fbc47e56263849d37e945573,0
S001148,Michael K. Simpson,house,Republican,ID02,HSAP06; HSAP07; HSAP10; House Committee on Appropriations,False,2014-07-24,2014-08-13,,Malayan Banking Ord Singapore,,Purchase,"$1,001 - $15,000",8000.5,False,SELF,20001526,https://disclosures-clerk.house.gov/public_disc/ptr-pdfs/2014/20001526.pdf,ef67593883b7763b87ae2ed52687c6f3c3c0a0d0b4fed3ed5c4365558efeabfb,0
H001051,Richard L. Hanna,house,Republican,NY22,,False,2014-07-22,2014-08-13,,iShares MSCI EAFE Small-Cap ETF,,Sale,"$15,001 - $50,000",32500.5,False,SELF,20001510,https://disclosures-clerk.house.gov/public_disc/ptr-pdfs/2014/20001510.pdf,001cfcdc79934bab70429651900a80829099037735c3104352a7938aabdf26b4,0
H001051,Richard L. Hanna,house,Republican,NY22,,False,2014-07-28,2014-08-13,MCD,Mcdonald's Corporation,,Sale,"$50,001 - $100,000",75000.5,False,SELF,20001510,https://disclosures-clerk.house.gov/public_disc/ptr-pdfs/2014/20001510.pdf,adf47a17513286215a5deb44c4928ac2404767757740a2fc4ba0b80afbf7ac03,0
H001051,Richard L. Hanna,house,Republican,NY22,,False,2014-07-28,2014-08-13,QQQ,"PowerShares QQQ Trust, Series 1",,Purchase,"$50,001 - $100,000",75000.5,False,SELF,20001510,https://disclosures-clerk.house.gov/public_disc/ptr-pdfs/2014/20001510.pdf,467a0c98387fedd35b5a3afa4f591636126ef7c2f70261b2ab297b22bab2416f,0
H001051,Richard L. Hanna,house,Republican,NY22,,False,2014-07-28,2014-08-13,QCOM,QUALCoMM Incorporated,,Purchase,"$1,001 - $15,000",8000.5,False,SELF,20001510,https://disclosures-clerk.house.gov/public_disc/ptr-pdfs/2014/20001510.pdf,13465c0c7d3802e6e7ace2966cc2dbe7ea9eb6872253d244eea6b545ed36ba06,0
H001051,Richard L. Hanna,house,Republican,NY22,,False,2014-07-22,2014-08-13,SIRI,Sirius XM Holdings Inc.,,Purchase,"$1,001 - $15,000",8000.5,False,SELF,20001510,https://disclosures-clerk.house.gov/public_disc/ptr-pdfs/2014/20001510.pdf,a4b25b2d0c7072a349d803ccc86ba5cc2c299839324118c1600e521a71f2b2ec,0
H001051,Richard L. Hanna,house,Republican,NY22,,False,2014-07-22,2014-08-13,MAS,Masco Corporation,,Sale,"$1,001 - $15,000",8000.5,False,SELF,20001510,https://disclosures-clerk.house.gov/public_disc/ptr-pdfs/2014/20001510.pdf,40ff169455645d12ad110eea2b87ac9218b546f8a215dfd735d1a17f5fc11b19,0
H001051,Richard L. Hanna,house,Republican,NY22,,False,2014-07-31,2014-08-13,SPY,SPdR S&P 500,,Purchase,"$15,001 - $50,000",32500.5,False,SELF,20001510,https://disclosures-clerk.house.gov/public_disc/ptr-pdfs/2014/20001510.pdf,e598d32b228154ce1fcb10359c84abb291a53b8a27a47d294c91e3f86fb9ad70,0
H001051,Richard L. Hanna,house,Republican,NY22,,False,2014-07-22,2014-08-13,CTSH,Type Date Cognizant Technology Solutions Corporation - Class A,,Purchase,"$1,001 - $15,000",8000.5,False,SELF,20001510,https://disclosures-clerk.house.gov/public_disc/ptr-pdfs/2014/20001510.pdf,b0803dc4445fa2cc499d33d67fbb97e29ee92bb55feb44f0deec70bc3e3a5c1d,0
H001051,Richard L. Hanna,house,Republican,NY22,,False,2014-07-23,2014-08-13,GS,"goldman Sachs group, Inc.",,Sale,"$15,001 - $50,000",32500.5,False,SELF,20001510,https://disclosures-clerk.house.gov/public_disc/ptr-pdfs/2014/20001510.pdf,3ec024e69c66a8aac66bb74db4d7b72e55529f8d68d0fc7ad78bf69c611b5744,0
H001051,Richard L. Hanna,house,Republican,NY22,,False,2014-07-31,2014-08-13,FDO,"Family dollar Stores, Inc.",,Sale,"$15,001 - $50,000",32500.5,False,SELF,20001510,https://disclosures-clerk.house.gov/public_disc/ptr-pdfs/2014/20001510.pdf,e0e060111263199fe1b2f6fe71edebe728f1886589eb36f1ebee13e37a0eea4c,0
H001051,Richard L. Hanna,house,Republican,NY22,,False,2014-07-28,2014-08-13,CMCSA,Comcast Corporation - Class A,,Sale,"$1,001 - $15,000",8000.5,False,SELF,20001510,https://disclosures-clerk.house.gov/public_disc/ptr-pdfs/2014/20001510.pdf,9d927c49cc2dfc230d1ea2591594363ef02569ed85138a6156e7cb90a8fbae61,0
H001051,Richard L. Hanna,house,Republican,NY22,,False,2014-07-22,2014-08-13,,Cognizant Technology Solutions,,Purchase,"$1,001 - $15,000",8000.5,False,SELF,20001510,https://disclosures-clerk.house.gov/public_disc/ptr-pdfs/2014/20001510.pdf,57497890edb3648bd1d4aad3bc7ce72df89a8e05071a649a51e3704e1bcc5d1a,0
H001051,Richard L. Hanna,house,Republican,NY22,,False,2014-07-28,2014-08-13,UNH,UnitedHealth group Incorporated,,Purchase,"$15,001 - $50,000",32500.5,False,SELF,20001510,https://disclosures-clerk.house.gov/public_disc/ptr-pdfs/2014/20001510.pdf,03b267698ddceaea41ce5ecc94384a2b279acf057cdd6ce8b44f0c858451dbc6,1
H001051,Richard L. Hanna,house,Republican,NY22,,False,2014-07-08,2014-08-13,UNH,UnitedHealth group Incorporated,,Purchase,"$100,001 - $250,000",175000.5,False,SELF,20001510,https://disclosures-clerk.house.gov/public_disc/ptr-pdfs/2014/20001510.pdf,eedd22d2832ef3cf0eee404bd8af690cda52ab79be2e661bbb08806dec4a5a50,1
H001051,Richard L. Hanna,house,Republican,NY22,,False,2014-07-22,2014-08-13,SCZ,iShares MSCI EAFE Small-Cap ETF,,Sale,"$15,001 - $50,000",32500.5,False,SELF,20001510,https://disclosures-clerk.house.gov/public_disc/ptr-pdfs/2014/20001510.pdf,001cfcdc79934bab70429651900a80829099037735c3104352a7938aabdf26b4,1
H001051,Richard L. Hanna,house,Republican,NY22,,False,2014-07-28,2014-08-13,TROW,"T. Rowe Price group, Inc.",,Purchase,"$50,001 - $100,000",75000.5,False,SELF,20001510,https://disclosures-clerk.house.gov/public_disc/ptr-pdfs/2014/20001510.pdf,f73b56c7bdb76053bab0b2d6adf785841dd15b2a1180fdcefd724bcb1c79db6a,0
L000579,Alan S. Lowenthal,house,Democrat,CA47,,False,2014-07-30,2014-08-13,BA,Boeing Company,,Sale,"$15,001 - $50,000",32500.5,False,SP,20001525,https://disclosures-clerk.house.gov/public_disc/ptr-pdfs/2014/20001525.pdf,3e4dee5e4c36c8102856537500ed0522cf3165e65da20e6994ad19a3e702b11f,0
H001051,Richard L. Hanna,house,Republican,NY22,,False,2014-07-08,2014-08-13,,UnitedHealth group Incorporated,,Purchase,"$100,001 - $250,000",175000.5,False,SELF,20001510,https://disclosures-clerk.house.gov/public_disc/ptr-pdfs/2014/20001510.pdf,eedd22d2832ef3cf0eee404bd8af690cda52ab79be2e661bbb08806dec4a5a50,0
H001051,Richard L. Hanna,house,Republican,NY22,,False,2014-07-16,2014-08-13,TFM,"The Fresh Market, Inc.",,Sale,"$15,001 - $50,000",32500.5,False,SELF,20001510,https://disclosures-clerk.house.gov/public_disc/ptr-pdfs/2014/20001510.pdf,21ea74cd1b48cc00d4c566fa26f0637c76c6bba5db80f8fb990eb83d71578e90,0
H001051,Richard L. Hanna,house,Republican,NY22,,False,2014-07-28,2014-08-13,,UnitedHealth group Incorporated,,Purchase,"$15,001 - $50,000",32500.5,False,SELF,20001510,https://disclosures-clerk.house.gov/public_disc/ptr-pdfs/2014/20001510.pdf,03b267698ddceaea41ce5ecc94384a2b279acf057cdd6ce8b44f0c858451dbc6,0
H001051,Richard L. Hanna,house,Republican,NY22,,False,2014-07-09,2014-08-13,GWW,"W.W. grainger, Inc.",,Purchase,"$15,001 - $50,000",32500.5,False,SELF,20001510,https://disclosures-clerk.house.gov/public_disc/ptr-pdfs/2014/20001510.pdf,67cca553a9cdeabfea9a0fa0881d091e650bd652ddf92c28920203215995f096,0
F000461,Bill Flores,house,Republican,TX17,,False,2014-07-08,2014-08-12,PFE,"Pfizer, Inc.",,Sale,"$50,001 - $100,000",75000.5,False,SELF,20001516,https://disclosures-clerk.house.gov/public_disc/ptr-pdfs/2014/20001516.pdf,6f2159ffeac67f30826361ff2cd5c4551f04203004e9b41e38c2b0c676afa377,0
F000461,Bill Flores,house,Republican,TX17,,False,2014-07-25,2014-08-12,,seadrill Partners llC Common units,,Sale,"$100,001 - $250,000",175000.5,False,SELF,20001516,https://disclosures-clerk.house.gov/public_disc/ptr-pdfs/2014/20001516.pdf,51a3aaaeed6be0fe5dfdaffae2aeb829b1ec555d6409adca5f44a26853e6914d,0
F000461,Bill Flores,house,Republican,TX17,,False,2014-07-18,2014-08-12,TGP,Teekay lNg Partners l.P.,,Purchase,"$100,001 - $250,000",175000.5,False,SELF,20001516,https://disclosures-clerk.house.gov/public_disc/ptr-pdfs/2014/20001516.pdf,69e2ef5248e2dce9f79335726fe0bce1bbf1094b7305a8cb1fef0c00d77c1025,0
F000461,Bill Flores,house,Republican,TX17,,False,2014-07-09,2014-08-12,TJX,"TJX Companies, Inc.",,Purchase,"$15,001 - $50,000",32500.5,False,SELF,20001516,https://disclosures-clerk.house.gov/public_disc/ptr-pdfs/2014/20001516.pdf,83a20c58af152cbdaa7d4a5305dad6c9fb80d9f57c8e93cd9ddc9f6089308134,0
F000461,Bill Flores,house,Republican,TX17,,False,2014-07-28,2014-08-12,,Ngl ENERgY PaRTNERs lP Common,,Sale,"$100,001 - $250,000",175000.5,False,SELF,20001516,https://disclosures-clerk.house.gov/public_disc/ptr-pdfs/2014/20001516.pdf,ad51b751d353f713ab2fe8b299600f1c5a78ff1cde4f7ff3a2210744f775e4a1,0
P000608,Scott H. Peters,house,Democrat,CA52,HSIF03; HSIF16; HSIF18; House Committee on Energy and Commerce; House Committee on the Budget,False,2013-02-19,2014-08-12,MLPN,Credit Suisse Equal Weight MlP Index Cushing 30 MlP Index,,Purchase,"$1,001 - $15,000",8000.5,False,SELF,20001511,https://disclosures-clerk.house.gov/public_disc/ptr-pdfs/2014/20001511.pdf,7fa640e0c26fbee2828337db8558a207d51ea9dddaa607616c4e703bdbc5c629,0
F000461,Bill Flores,house,Republican,TX17,,False,2014-07-28,2014-08-12,APU,"amerigas Partners, l.P.",,Sale,"$100,001 - $250,000",175000.5,False,SELF,20001516,https://disclosures-clerk.house.gov/public_disc/ptr-pdfs/2014/20001516.pdf,661ee085a883d265a54720d06d54a3b87d0b9e5f68596fd5f8539ca2ddcf6819,0
F000461,Bill Flores,house,Republican,TX17,,False,2014-07-08,2014-08-12,MMM,3M Company,,Purchase,"$1,001 - $15,000",8000.5,False,SELF,20001516,https://disclosures-clerk.house.gov/public_disc/ptr-pdfs/2014/20001516.pdf,261873c48797bcf440e3fbf6d44bee3994d19f355424b5c82af69f14bea45291,0
F000461,Bill Flores,house,Republican,TX17,,False,2014-07-08,2014-08-12,MSFT,Microsoft Corporation,,Purchase,"$15,001 - $50,000",32500.5,False,SELF,20001516,https://disclosures-clerk.house.gov/public_disc/ptr-pdfs/2014/20001516.pdf,33334a1789874ff036d353f03ed54c0fec2e65c53fd2245680401129df9de593,0
F000461,Bill Flores,house,Republican,TX17,,False,2014-07-08,2014-08-12,MCD,McDonald's Corporation,,Purchase,"$1,001 - $15,000",8000.5,False,SELF,20001516,https://disclosures-clerk.house.gov/public_disc/ptr-pdfs/2014/20001516.pdf,1ac87fad922035eed6023973eaf2d9be458609b2dadba92557ee2a0f1009bcb8,0
F000461,Bill Flores,house,Republican,TX17,,False,2014-07-08,2014-08-12,GIS,"general Mills, Inc.",,Purchase,"$15,001 - $50,000",32500.5,False,SELF,20001516,https://disclosures-clerk.house.gov/public_disc/ptr-pdfs/2014/20001516.pdf,784adb8409866aac2d4a779a3fe0b5c8eca380035619f66118d17ea413a3cd18,0
P000608,Scott H. Peters,house,Democrat,CA52,HSIF03; HSIF16; HSIF18; House Committee on Energy and Commerce; House Committee on the Budget,False,2013-03-15,2014-08-12,MLPN,Credit Suisse Equal Weight MlP Index Cushing 30 MlP Index,,Sale,"$1,001 - $15,000",8000.5,False,SELF,20001511,https://disclosures-clerk.house.gov/public_disc/ptr-pdfs/2014/20001511.pdf,f9db19af308c0a9cac7101b47db3b1dcfeb5340a0f9ffb1625c781ce17def72c,0
F000461,Bill Flores,house,Republican,TX17,,False,2014-07-08,2014-08-12,CL,Colgate-Palmolive Company,,Purchase,"$15,001 - $50,000",32500.5,False,SELF,20001516,https://disclosures-clerk.house.gov/public_disc/ptr-pdfs/2014/20001516.pdf,e6b73f3e56a475adfabcba20da794175b15db7a22ccb6899802fa13d4401f8ea,0
F000461,Bill Flores,house,Republican,TX17,,False,2014-07-08,2014-08-12,VZ,Verizon Communications Inc.,,Sale,"$15,001 - $50,000",32500.5,False,SELF,20001516,https://disclosures-clerk.house.gov/public_disc/ptr-pdfs/2014/20001516.pdf,1707dbba534d6b77c681f800984df7dc05a8df511b0c6f9adbc642d43ae3b2d3,0
F000461,Bill Flores,house,Republican,TX17,,False,2014-07-08,2014-08-12,UPS,"united Parcel service, Inc.",,Purchase,"$15,001 - $50,000",32500.5,False,SELF,20001516,https://disclosures-clerk.house.gov/public_disc/ptr-pdfs/2014/20001516.pdf,6ee0c413b09fc88b948edb07f84b2a4bcb963044f66409e9d574acffbefe5a23,0
F000461,Bill Flores,house,Republican,TX17,,False,2014-07-18,2014-08-12,WMB,"Williams Companies, Inc.",,Sale,"$100,001 - $250,000",175000.5,False,SELF,20001516,https://disclosures-clerk.house.gov/public_disc/ptr-pdfs/2014/20001516.pdf,609a6c4dd688ce9720654eea715bc810c09f0f582006bdd34feba9a5b6303276,0
F000461,Bill Flores,house,Republican,TX17,,False,2014-07-28,2014-08-12,NGL,Ngl ENERgY PaRTNERs lP Common Interests,,Sale,"$100,001 - $250,000",175000.5,False,SELF,20001516,https://disclosures-clerk.house.gov/public_disc/ptr-pdfs/2014/20001516.pdf,43033568d68da5f06d8f048d251080b7d876f6a4af20ae9fa4b528fa33b32a24,0
P000608,Scott H. Peters,house,Democrat,CA52,HSIF03; HSIF16; HSIF18; House Committee on Energy and Commerce; House Committee on the Budget,False,2013-02-13,2014-08-12,,Credit Suisse Equal Weight MlP Index,,Purchase,"$1,001 - $15,000",8000.5,False,SELF,20001511,https://disclosures-clerk.house.gov/public_disc/ptr-pdfs/2014/20001511.pdf,4c3d1f2e52a558496cb17ff694aaa7acfa476e6caeffa0652ec52a019cb8451c,0
P000608,Scott H. Peters,house,Democrat,CA52,HSIF03; HSIF16; HSIF18; House Committee on Energy and Commerce; House Committee on the Budget,False,2013-02-19,2014-08-12,MLPN,Type Date Credit Suisse Equal Weight MlP Index Cushing 30 MlP Index,,Purchase,"$1,001 - $15,000",8000.5,False,SELF,20001511,https://disclosures-clerk.house.gov/public_disc/ptr-pdfs/2014/20001511.pdf,ab245c0779a8786974795747c68b2a526c756fa7afb6aef9fa7839693e70c560,0
P000608,Scott H. Peters,house,Democrat,CA52,HSIF03; HSIF16; HSIF18; House Committee on Energy and Commerce; House Committee on the Budget,False,2013-02-13,2014-08-12,MLPN,Credit Suisse Equal Weight MlP Index Cushing 30 MlP Index,,Purchase,"$1,001 - $15,000",8000.5,False,SELF,20001511,https://disclosures-clerk.house.gov/public_disc/ptr-pdfs/2014/20001511.pdf,15e6ebfe163fd3b00d499d5dde5146aa4c5f3d103df18f814838b9a1f2f2d246,1
P000608,Scott H. Peters,house,Democrat,CA52,HSIF03; HSIF16; HSIF18; House Committee on Energy and Commerce; House Committee on the Budget,False,2013-02-13,2014-08-12,MLPN,Credit Suisse Equal Weight MlP Index Cushing 30 MlP Index,,Purchase,"$1,001 - $15,000",8000.5,False,SELF,20001511,https://disclosures-clerk.house.gov/public_disc/ptr-pdfs/2014/20001511.pdf,15e6ebfe163fd3b00d499d5dde5146aa4c5f3d103df18f814838b9a1f2f2d246,0
P000608,Scott H. Peters,house,Democrat,CA52,HSIF03; HSIF16; HSIF18; House Committee on Energy and Commerce; House Committee on the Budget,False,2013-03-15,2014-08-12,,Credit Suisse Equal Weight MlP Index,,Sale,"$1,001 - $15,000",8000.5,False,SELF,20001511,https://disclosures-clerk.house.gov/public_disc/ptr-pdfs/2014/20001511.pdf,17c157929a6789824c2f0b56a5923c31320474f67737a7fc865c83ecada83bb2,0
P000608,Scott H. Peters,house,Democrat,CA52,HSIF03; HSIF16; HSIF18; House Committee on Energy and Commerce; House Committee on the Budget,False,2013-02-19,2014-08-12,,Credit Suisse Equal Weight MlP Index,,Purchase,"$1,001 - $15,000",8000.5,False,SELF,20001511,https://disclosures-clerk.house.gov/public_disc/ptr-pdfs/2014/20001511.pdf,855e011306afb74b104c1fe835b607e054f1dec7b9e3ad19e0d461feff8b9187,1
P000608,Scott H. Peters,house,Democrat,CA52,HSIF03; HSIF16; HSIF18; House Committee on Energy and Commerce; House Committee on the Budget,False,2013-02-19,2014-08-12,,Credit Suisse Equal Weight MlP Index,,Purchase,"$1,001 - $15,000",8000.5,False,SELF,20001511,https://disclosures-clerk.house.gov/public_disc/ptr-pdfs/2014/20001511.pdf,855e011306afb74b104c1fe835b607e054f1dec7b9e3ad19e0d461feff8b9187,0
P000608,Scott H. Peters,house,Democrat,CA52,HSIF03; HSIF16; HSIF18; House Committee on Energy and Commerce; House Committee on the Budget,False,2013-02-13,2014-08-12,,Credit Suisse Equal Weight MlP Index,,Purchase,"$1,001 - $15,000",8000.5,False,SELF,20001511,https://disclosures-clerk.house.gov/public_disc/ptr-pdfs/2014/20001511.pdf,4c3d1f2e52a558496cb17ff694aaa7acfa476e6caeffa0652ec52a019cb8451c,1
P000608,Scott H. Peters,house,Democrat,CA52,HSIF03; HSIF16; HSIF18; House Committee on Energy and Commerce; House Committee on the Budget,False,2014-06-09,2014-08-12,ATMP,Barclays ETN Plus Select MlP,,Purchase,"$1,001 - $15,000",8000.5,False,SELF,20001511,https://disclosures-clerk.house.gov/public_disc/ptr-pdfs/2014/20001511.pdf,d758af7e0422b1bb5d210cfef24a041ca99ce7f06bd252eb910042e3f12acb3e,0
P000608,Scott H. Peters,house,Democrat,CA52,HSIF03; HSIF16; HSIF18; House Committee on Energy and Commerce; House Committee on the Budget,False,2014-06-05,2014-08-12,ATMP,Barclays ETN Plus Select MlP,,Purchase,"$50,001 - $100,000",75000.5,False,SELF,20001511,https://disclosures-clerk.house.gov/public_disc/ptr-pdfs/2014/20001511.pdf,f2322e2c77c16317ab227ee6a2b422882204043761d22e5d9ce61080b8fc3229,0
P000608,Scott H. Peters,house,Democrat,CA52,HSIF03; HSIF16; HSIF18; House Committee on Energy and Commerce; House Committee on the Budget,False,2013-03-15,2014-08-12,ATMP,Barclays ETN Plus Select MlP,,Purchase,"$1,001 - $15,000",8000.5,False,SELF,20001511,https://disclosures-clerk.house.gov/public_disc/ptr-pdfs/2014/20001511.pdf,20640f55be33e9c03f8db565a57399c01454d81501e5ab57d83b37c82ed006f8,2
P000608,Scott H. Peters,house,Democrat,CA52,HSIF03; HSIF16; HSIF18; House Committee on Energy and Commerce; House Committee on the Budget,False,2013-03-15,2014-08-12,ATMP,Barclays ETN Plus Select MlP,,Purchase,"$1,001 - $15,000",8000.5,False,SELF,20001511,https://disclosures-clerk.house.gov/public_disc/ptr-pdfs/2014/20001511.pdf,20640f55be33e9c03f8db565a57399c01454d81501e5ab57d83b37c82ed006f8,1
P000608,Scott H. Peters,house,Democrat,CA52,HSIF03; HSIF16; HSIF18; House Committee on Energy and Commerce; House Committee on the Budget,False,2013-03-12,2014-08-12,ATMP,Barclays ETN Plus Select MlP,,Purchase,"$1,001 - $15,000",8000.5,False,SELF,20001511,https://disclosures-clerk.house.gov/public_disc/ptr-pdfs/2014/20001511.pdf,96d6bf29303a362447de6236da2e86d16b28a632e54013583e655e89be37cc86,0
P000608,Scott H. Peters,house,Democrat,CA52,HSIF03; HSIF16; HSIF18; House Committee on Energy and Commerce; House Committee on the Budget,False,2013-03-15,2014-08-12,ATMP,Barclays ETN Plus Select MlP,,Purchase,"$1,001 - $15,000",8000.5,False,SELF,20001511,https://disclosures-clerk.house.gov/public_disc/ptr-pdfs/2014/20001511.pdf,20640f55be33e9c03f8db565a57399c01454d81501e5ab57d83b37c82ed006f8,0
S000583,Lamar Smith,house,Republican,TX21,,False,2014-06-30,2014-08-09,,Perrigo Company plc ordinary Shares,,Sale,"$1,001 - $15,000",8000.5,False,SELF,20001469,https://disclosures-clerk.house.gov/public_disc/ptr-pdfs/2014/20001469.pdf,996ee0cb4d413d2cb6f66298648cafd5666fcf8d371ab7175e93a1d301725135,0
S000583,Lamar Smith,house,Republican,TX21,,False,2014-06-30,2014-08-09,PRGO,Perrigo Company plc ordinary Shares,,Sale,"$1,001 - $15,000",8000.5,False,SELF,20001469,https://disclosures-clerk.house.gov/public_disc/ptr-pdfs/2014/20001469.pdf,996ee0cb4d413d2cb6f66298648cafd5666fcf8d371ab7175e93a1d301725135,1
S000583,Lamar Smith,house,Republican,TX21,,False,2014-07-17,2014-08-09,SU,Suncor Energy Inc.,,Purchase,"$1,001 - $15,000",8000.5,False,SELF,20001469,https://disclosures-clerk.house.gov/public_disc/ptr-pdfs/2014/20001469.pdf,f0f5a0a8dbb8c42ead2b70b16c7852d7f040ec64097b96486bf20b09e81fd733,0
S000583,Lamar Smith,house,Republican,TX21,,False,2014-07-15,2014-08-09,SLB,Schlumberger N.V.,,Sale,"$1,001 - $15,000",8000.5,False,SELF,20001469,https://disclosures-clerk.house.gov/public_disc/ptr-pdfs/2014/20001469.pdf,05997686daafbe567a844d34c0dd7f3860c508d8d8d68e9421f7c8c065fd75a2,0
S000583,Lamar Smith,house,Republican,TX21,,False,2014-06-30,2014-08-09,CL,Colgate-Palmolive Company,,Purchase,"$1,001 - $15,000",8000.5,False,SELF,20001469,https://disclosures-clerk.house.gov/public_disc/ptr-pdfs/2014/20001469.pdf,065a30c5a56a8343a39c9d617ec30a5a0a425ccd05c4fb35c4e16be2782ba27f,0
S000583,Lamar Smith,house,Republican,TX21,,False,2014-07-15,2014-08-09,MA,Mastercard Incorporated,,Purchase,"$1,001 - $15,000",8000.5,False,SELF,20001469,https://disclosures-clerk.house.gov/public_disc/ptr-pdfs/2014/20001469.pdf,b0d8b68d1d305ecbd5504fa688b00ffdfaf4cc9f1f7362a4820c00b086dbc26f,0
S000583,Lamar Smith,house,Republican,TX21,,False,2014-07-16,2014-08-09,FAST,Fastenal Company,,Sale,"$1,001 - $15,000",8000.5,False,SELF,20001469,https://disclosures-clerk.house.gov/public_disc/ptr-pdfs/2014/20001469.pdf,6bbf6ccd5ba4a037b5209cd29e94e2d6f930fb5cd51aeb16944d4ab8da3d25f3,0
S000583,Lamar Smith,house,Republican,TX21,,False,2014-06-27,2014-08-09,FFIV,"F5 Networks, Inc.",,Sale,"$1,001 - $15,000",8000.5,False,SELF,20001469,https://disclosures-clerk.house.gov/public_disc/ptr-pdfs/2014/20001469.pdf,a63a17054b739a1c98f63aad99f669902d4eb8210cd3f8c8a11f359fec3634e6,0
S000583,Lamar Smith,house,Republican,TX21,,False,2014-07-02,2014-08-09,COV,Covidien plc. ordinary Shares,,Sale,"$1,001 - $15,000",8000.5,False,SELF,20001469,https://disclosures-clerk.house.gov/public_disc/ptr-pdfs/2014/20001469.pdf,f6af1074527177c45437424c37ba7b9580c10596caa4d24218ab3cd53b62fc0a,0
S000583,Lamar Smith,house,Republican,TX21,,False,2014-06-30,2014-08-09,ANSS,"aNSYS, Inc.",,Purchase,"$1,001 - $15,000",8000.5,False,SELF,20001469,https://disclosures-clerk.house.gov/public_disc/ptr-pdfs/2014/20001469.pdf,c9b00941fc583d109dd5cae78288e371d717bac4ad5fa699e5264165f4a92acb,0
G000551,Raúl M. Grijalva,house,Democrat,AZ03,,False,2014-07-30,2014-08-07,BPAQF,BP PlC Ordinary shares,,Sale,"$1,001 - $15,000",8000.5,False,SP,20001483,https://disclosures-clerk.house.gov/public_disc/ptr-pdfs/2014/20001483.pdf,5a8f890c170ce294313f8c8d714951f94755d0fc152f86f621952b07c53c68aa,0
G000551,Raúl M. Grijalva,house,Democrat,AZ03,,False,2014-07-30,2014-08-07,,E.I. du Pont de Nemours and Company,,Sale,"$1,001 - $15,000",8000.5,False,SP,20001483,https://disclosures-clerk.house.gov/public_disc/ptr-pdfs/2014/20001483.pdf,402ca13b1116eda1d960f73e676427c704f0d137415a9be9ea42e0296f7c9d06,0
G000551,Raúl M. Grijalva,house,Democrat,AZ03,,False,2014-02-21,2014-08-07,SDRL,type Date 2000000951 sP seadrill limited Ordinary shares,,Purchase,"$1,001 - $15,000",8000.5,False,SELF,20001484,https://disclosures-clerk.house.gov/public_disc/ptr-pdfs/2014/20001484.pdf,1040d94c8e481f41b6e5def567900f175a6e511764b0cd2cfba054cb29620f46,0
F000450,Virginia Foxx,house,Republican,NC05,HSED02; HSGO24; House Committee on Education and Workforce; House Committee on Oversight and Government Reform; House Committee on Rules,False,2014-07-21,2014-08-07,,Powershares High Yield Corporate Bond,,Sale,"$1,001 - $15,000",8000.5,False,JT,20001468,https://disclosures-clerk.house.gov/public_disc/ptr-pdfs/2014/20001468.pdf,e93db964c89bbc9aafe3b105105752fc944343bf7c9228a43e92e4acf0d55f9c,0
G000551,Raúl M. Grijalva,house,Democrat,AZ03,,False,2014-07-30,2014-08-07,CMLP,Crestwood Midstream Partners lP,,Sale,"$1,001 - $15,000",8000.5,False,SP,20001483,https://disclosures-clerk.house.gov/public_disc/ptr-pdfs/2014/20001483.pdf,bc949b939e5cf78227c98d0712cec8467d8cb289c5de7073f54aec4b927b799c,1
G000551,Raúl M. Grijalva,house,Democrat,AZ03,,False,2014-07-30,2014-08-07,WMB,"Williams Companies, Inc.",,Sale,"$1,001 - $15,000",8000.5,False,SP,20001483,https://disclosures-clerk.house.gov/public_disc/ptr-pdfs/2014/20001483.pdf,9f74e7d84afc4a3a5d9789e84c092f9c92710a0fcb6751de9948d5102961839a,0
G000551,Raúl M. Grijalva,house,Democrat,AZ03,,False,2014-07-30,2014-08-07,V,Visa Inc.,,Purchase,"$1,001 - $15,000",8000.5,False,SP,20001483,https://disclosures-clerk.house.gov/public_disc/ptr-pdfs/2014/20001483.pdf,799102b2390d696676aba237b63a4a78fc50c1470c46ebf262d7c903a90a8fc3,0
F000450,Virginia Foxx,house,Republican,NC05,HSED02; HSGO24; House Committee on Education and Workforce; House Committee on Oversight and Government Reform; House Committee on Rules,False,2014-07-21,2014-08-07,SCHF,schwab International Equity ETF,,Purchase,"$15,001 - $50,000",32500.5,False,JT,20001468,https://disclosures-clerk.house.gov/public_disc/ptr-pdfs/2014/20001468.pdf,e62a3d6b8e6c7ac416417b0eb0e2fdf6e161c0452d1bfed16c97945138973df1,1
F000450,Virginia Foxx,house,Republican,NC05,HSED02; HSGO24; House Committee on Education and Workforce; House Committee on Oversight and Government Reform; House Committee on Rules,False,2014-07-21,2014-08-07,SCHE,schwab Emerging Markets Equity ETF,,Purchase,"$15,001 - $50,000",32500.5,False,JT,20001468,https://disclosures-clerk.house.gov/public_disc/ptr-pdfs/2014/20001468.pdf,902192f481aaaa39eeec78d2e47ac0ae1f845e2716369b6eb08dd3f303575ab0,1
G000551,Raúl M. Grijalva,house,Democrat,AZ03,,False,2014-07-30,2014-08-07,,Crestwood Midstream Partners lP,,Sale,"$1,001 - $15,000",8000.5,False,SP,20001483,https://disclosures-clerk.house.gov/public_disc/ptr-pdfs/2014/20001483.pdf,bc949b939e5cf78227c98d0712cec8467d8cb289c5de7073f54aec4b927b799c,0
F000450,Virginia Foxx,house,Republican,NC05,HSED02; HSGO24; House Committee on Education and Workforce; House Committee on Oversight and Government Reform; House Committee on Rules,False,2014-07-02,2014-08-07,PNNT,PennantPark Investment Corporation - common stock,,Purchase,"$1,001 - $15,000",8000.5,False,JT,20001468,https://disclosures-clerk.house.gov/public_disc/ptr-pdfs/2014/20001468.pdf,e61c5600a1a04f78ab9b0fd03518fd4e4b40ba42efdcc33a2c13813133ab1ec5,0
F000450,Virginia Foxx,house,Republican,NC05,HSED02; HSGO24; House Committee on Education and Workforce; House Committee on Oversight and Government Reform; House Committee on Rules,False,2014-07-21,2014-08-07,BWX,sPDR Barclays Intl Treasury Bd,,Sale,"$1,001 - $15,000",8000.5,False,JT,20001468,https://disclosures-clerk.house.gov/public_disc/ptr-pdfs/2014/20001468.pdf,48c60f3a1fd4bb96b48448327e2aca0f5b15465d9f92686f57bae294821cb288,0
F000450,Virginia Foxx,house,Republican,NC05,HSED02; HSGO24; House Committee on Education and Workforce; House Committee on Oversight and Government Reform; House Committee on Rules,False,2014-07-21,2014-08-07,SCHZ,schwab us aggregate Bond ETF,,Sale,"$50,001 - $100,000",75000.5,False,JT,20001468,https://disclosures-clerk.house.gov/public_disc/ptr-pdfs/2014/20001468.pdf,89fb5cf586320f29cbfa978baf1f5125b091014959b97668fed625b5e10023ed,0
F000450,Virginia Foxx,house,Republican,NC05,HSED02; HSGO24; House Committee on Education and Workforce; House Committee on Oversight and Government Reform; House Committee on Rules,False,2014-07-21,2014-08-07,,schwab International Equity ETF,,Purchase,"$15,001 - $50,000",32500.5,False,JT,20001468,https://disclosures-clerk.house.gov/public_disc/ptr-pdfs/2014/20001468.pdf,e62a3d6b8e6c7ac416417b0eb0e2fdf6e161c0452d1bfed16c97945138973df1,0
F000450,Virginia Foxx,house,Republican,NC05,HSED02; HSGO24; House Committee on Education and Workforce; House Committee on Oversight and Government Reform; House Committee on Rules,False,2014-07-21,2014-08-07,,schwab Emerging Markets Equity ETF,,Purchase,"$15,001 - $50,000",32500.5,False,JT,20001468,https://disclosures-clerk.house.gov/public_disc/ptr-pdfs/2014/20001468.pdf,902192f481aaaa39eeec78d2e47ac0ae1f845e2716369b6eb08dd3f303575ab0,0
F000450,Virginia Foxx,house,Republican,NC05,HSED02; HSGO24; House Committee on Education and Workforce; House Committee on Oversight and Government Reform; House Committee on Rules,False,2014-07-02,2014-08-07,,PennantPark Investment Corporation,,Purchase,"$1,001 - $15,000",8000.5,False,JT,20001468,https://disclosures-clerk.house.gov/public_disc/ptr-pdfs/2014/20001468.pdf,89cce05c0bfa736c56bfcb3de1690b717c740330e34f1fd79188bab006c848d6,0
G000551,Raúl M. Grijalva,house,Democrat,AZ03,,False,2014-07-30,2014-08-07,HR,Healthcare Realty Trust Incorporated,,Purchase,"$1,001 - $15,000",8000.5,False,SP,20001483,https://disclosures-clerk.house.gov/public_disc/ptr-pdfs/2014/20001483.pdf,bf356746bc34e5bdeb8eab5110b19b6cbdcecea7487210fd3a4f10ff4794a188,1
F000450,Virginia Foxx,house,Republican,NC05,HSED02; HSGO24; House Committee on Education and Workforce; House Committee on Oversight and Government Reform; House Committee on Rules,False,2014-07-25,2014-08-07,FDX,FedEx Corporation,,Purchase,"$15,001 - $50,000",32500.5,False,JT,20001468,https://disclosures-clerk.house.gov/public_disc/ptr-pdfs/2014/20001468.pdf,e48f569d57dac259f51fde831ca30dba3db75441377be4370a8712ef0598df5d,0
F000450,Virginia Foxx,house,Republican,NC05,HSED02; HSGO24; House Committee on Education and Workforce; House Committee on Oversight and Government Reform; House Committee on Rules,False,2014-07-30,2014-08-07,CAT,"Caterpillar, Inc.",,Purchase,"$1,001 - $15,000",8000.5,False,JT,20001468,https://disclosures-clerk.house.gov/public_disc/ptr-pdfs/2014/20001468.pdf,3aa761a2183629f3142ff4e59a4e4c35e1bfce5071ccc7b6b56b2730aa3a899c,0
F000450,Virginia Foxx,house,Republican,NC05,HSED02; HSGO24; House Committee on Education and Workforce; House Committee on Oversight and Government Reform; House Committee on Rules,False,2014-07-24,2014-08-07,CAT,"Caterpillar, Inc.",,Purchase,"$15,001 - $50,000",32500.5,False,JT,20001468,https://disclosures-clerk.house.gov/public_disc/ptr-pdfs/2014/20001468.pdf,dd24d250f3903e8014168ac2a2548c564594d3687097b5ad74b8c4bbc0151dcd,0
F000450,Virginia Foxx,house,Republican,NC05,HSED02; HSGO24; House Committee on Education and Workforce; House Committee on Oversight and Government Reform; House Committee on Rules,False,2014-07-24,2014-08-07,T,aT&T Inc.,,Sale,"$15,001 - $50,000",32500.5,False,JT,20001468,https://disclosures-clerk.house.gov/public_disc/ptr-pdfs/2014/20001468.pdf,e0f43268ea914ed1b86f0bb8ccfddd217f68bcefc23c24c4d5cfb7e172d93eae,0
G000551,Raúl M. Grijalva,house,Democrat,AZ03,,False,2014-07-30,2014-08-07,UTX,united Technologies Corporation,,Purchase,"$1,001 - $15,000",8000.5,False,SP,20001483,https://disclosures-clerk.house.gov/public_disc/ptr-pdfs/2014/20001483.pdf,5e7f8a91594f4ca60266953fd0bb973e49572b50b1464eb073283e24460e1f7d,0
G000551,Raúl M. Grijalva,house,Democrat,AZ03,,False,2014-07-30,2014-08-07,TEX,Terex Corporation,,Sale,"$1,001 - $15,000",8000.5,False,SP,20001483,https://disclosures-clerk.house.gov/public_disc/ptr-pdfs/2014/20001483.pdf,86695ff349e5db4e1427c21aba7538ba1bf46e9aed486f0234949d5390eef0f9,0
G000551,Raúl M. Grijalva,house,Democrat,AZ03,,False,2014-07-30,2014-08-07,,seadrill limited Ordinary shares,,Sale,"$1,001 - $15,000",8000.5,False,SP,20001483,https://disclosures-clerk.house.gov/public_disc/ptr-pdfs/2014/20001483.pdf,4ed5d14e0b072e438c60c27f6af1ffd92da22f1add1c9048bf6939ca9423df25,0
G000551,Raúl M. Grijalva,house,Democrat,AZ03,,False,2014-07-30,2014-08-07,QCOM,QualCOMM Incorporated,,Purchase,"$1,001 - $15,000",8000.5,False,SP,20001483,https://disclosures-clerk.house.gov/public_disc/ptr-pdfs/2014/20001483.pdf,47b83d0685d027127228d684a3935817575b4363f146f06785ac7839760f4d3b,0
G000551,Raúl M. Grijalva,house,Democrat,AZ03,,False,2014-07-30,2014-08-07,NKE,"Nike, Inc.",,Purchase,"$1,001 - $15,000",8000.5,False,SP,20001483,https://disclosures-clerk.house.gov/public_disc/ptr-pdfs/2014/20001483.pdf,37580ae15cebd129611f3b2b3bd8f677c925bdf638561dd53e57127ac8d012ce,0
G000551,Raúl M. Grijalva,house,Democrat,AZ03,,False,2014-07-30,2014-08-07,MYL,Mylan Inc.,,Purchase,"$1,001 - $15,000",8000.5,False,SP,20001483,https://disclosures-clerk.house.gov/public_disc/ptr-pdfs/2014/20001483.pdf,9edee4d114ca42414e3dc58ac046895b761d3471de0a7003e59b946784ee0bc4,0
G000551,Raúl M. Grijalva,house,Democrat,AZ03,,False,2014-07-30,2014-08-07,,Healthcare Realty Trust Incorporated,,Purchase,"$1,001 - $15,000",8000.5,False,SP,20001483,https://disclosures-clerk.house.gov/public_disc/ptr-pdfs/2014/20001483.pdf,bf356746bc34e5bdeb8eab5110b19b6cbdcecea7487210fd3a4f10ff4794a188,0
G000551,Raúl M. Grijalva,house,Democrat,AZ03,,False,2014-07-30,2014-08-07,DD,E.I. du Pont de Nemours and Company,,Sale,"$1,001 - $15,000",8000.5,False,SP,20001483,https://disclosures-clerk.house.gov/public_disc/ptr-pdfs/2014/20001483.pdf,402ca13b1116eda1d960f73e676427c704f0d137415a9be9ea42e0296f7c9d06,1
F000450,Virginia Foxx,house,Republican,NC05,HSED02; HSGO24; House Committee on Education and Workforce; House Committee on Oversight and Government Reform; House Committee on Rules,False,2014-07-21,2014-08-07,PHB,Powershares High Yield Corporate Bond Portfolio,,Sale,"$1,001 - $15,000",8000.5,False,JT,20001468,https://disclosures-clerk.house.gov/public_disc/ptr-pdfs/2014/20001468.pdf,cc7dc3b92a6ec144dc055294e047521d49e39d9fbb597a13a62e0b85f408e8cc,0
G000551,Raúl M. Grijalva,house,Democrat,AZ03,,False,2014-02-21,2014-08-07,,2000000951 sP seadrill limited Ordinary shares,,Purchase,"$1,001 - $15,000",8000.5,False,SELF,20001484,https://disclosures-clerk.house.gov/public_disc/ptr-pdfs/2014/20001484.pdf,289ef51cdce5601e8c73d5528728a75be91189f46fedbbe5853ddca783aa2175,0
G000551,Raúl M. Grijalva,house,Democrat,AZ03,,False,2014-07-30,2014-08-07,EMC,EMC Corporation,,Purchase,"$1,001 - $15,000",8000.5,False,SP,20001483,https://disclosures-clerk.house.gov/public_disc/ptr-pdfs/2014/20001483.pdf,21ca879e2676105561f0d1d3226050a4d15dc993f19a7603b9926ebbf0ed87ac,0
B001284,Susan W. Brooks,house,Republican,IN05,,False,2014-06-18,2014-08-04,,"aLEXaR THERaPEUTICS, INC.",,Purchase,"$1,001 - $15,000",8000.5,False,SP,20001428,https://disclosures-clerk.house.gov/public_disc/ptr-pdfs/2014/20001428.pdf,016d816e45b5819d1c86cf40612b1d6e9e5f6dbaba063a8be877248fe44722f3,0
B001284,Susan W. Brooks,house,Republican,IN05,,False,2013-11-25,2014-08-04,,"aLEXaR THERaPEUTICS, INC.",,Purchase,"$1,001 - $15,000",8000.5,False,SP,20001428,https://disclosures-clerk.house.gov/public_disc/ptr-pdfs/2014/20001428.pdf,652d089a3b24bc920e2ffe570362e4f59307aa3686f3bfc281aff3a40fd03408,0
B001248,Michael C. Burgess,house,Republican,TX26,,False,2013-01-01,2014-08-01,ABBV,AbbVie Inc.,,Exchange,"$1,001 - $15,000",8000.5,False,SELF,20000868,https://disclosures-clerk.house.gov/public_disc/ptr-pdfs/2014/20000868.pdf,8540dbe66fc18c1d95bbbaae466a0ca5ee60ac8d3a8ed0bbc5c1aa8fd543b98f,0
S000583,Lamar Smith,house,Republican,TX21,,False,2014-01-28,2014-07-30,FFIV,"2000000609 F5 Networks, Inc.",,Purchase,$976,976.0,False,SELF,20001429,https://disclosures-clerk.house.gov/public_disc/ptr-pdfs/2014/20001429.pdf,b624765f6c32e363357fb201e9c05ff3be8467c38c8b4c5f549e97d0d2654267,0
S000583,Lamar Smith,house,Republican,TX21,,False,2013-05-02,2014-07-30,ARG,"airgas, Inc.",,Sale,"$1,001 - $15,000",8000.5,False,SELF,20001429,https://disclosures-clerk.house.gov/public_disc/ptr-pdfs/2014/20001429.pdf,00fcfee9aac32122bf07a6700217d680e78e45281ac452da085b2bcc8e99c321,0
S000583,Lamar Smith,house,Republican,TX21,,False,2014-01-09,2014-07-30,AKAM,"2000000597 akamai Technologies, Inc.",,Purchase,$758,758.0,False,SELF,20001429,https://disclosures-clerk.house.gov/public_disc/ptr-pdfs/2014/20001429.pdf,bf0e24dc9eeea24019fcbf4026b85a79a6d3119e387db03540902f4d0431d1e1,0
S000583,Lamar Smith,house,Republican,TX21,,False,2014-01-09,2014-07-30,BWA,2000000598 borgWarner Inc.,,Purchase,$839,839.0,False,SELF,20001429,https://disclosures-clerk.house.gov/public_disc/ptr-pdfs/2014/20001429.pdf,0e6e00e616045964aa58e486390300656f4dd4a76a27bcdf30f0303ddc09eb94,0
S000583,Lamar Smith,house,Republican,TX21,,False,2014-01-15,2014-07-30,EBAY,2000000601 ebay Inc.,,Sale,$696,696.0,False,SELF,20001429,https://disclosures-clerk.house.gov/public_disc/ptr-pdfs/2014/20001429.pdf,d9151a1b79fe07085e5e8add6edaf766697a1050af71aece7d431c1072caf7b5,0
S000583,Lamar Smith,house,Republican,TX21,,False,2013-04-29,2014-07-30,QCOM,QUaLCoMM Incorporated,,Sale,"$1,001 - $15,000",8000.5,False,SELF,20001429,https://disclosures-clerk.house.gov/public_disc/ptr-pdfs/2014/20001429.pdf,8e1c5ab9559793303b0c3be2ea9ebb55506f9fa30bedd8305b018d4941b37234,0
S000583,Lamar Smith,house,Republican,TX21,,False,2014-01-15,2014-07-30,IPGP,2000000602 IPg Photonics Corporation,,Purchase,$748,748.0,False,SELF,20001429,https://disclosures-clerk.house.gov/public_disc/ptr-pdfs/2014/20001429.pdf,1036364730a7e8ac1badaf0a2d76dfb09151b9af7693602d6031600a5342a0bc,0
S000583,Lamar Smith,house,Republican,TX21,,False,2014-01-21,2014-07-30,MA,2000000603 Mastercard Incorporated,,Sale,$821,821.0,False,SELF,20001429,https://disclosures-clerk.house.gov/public_disc/ptr-pdfs/2014/20001429.pdf,306d795dd771ea0b36d25c23fde4fd5a61287fa7c8e2c00cad45d2de0a081b38,0
S000583,Lamar Smith,house,Republican,TX21,,False,2013-05-03,2014-07-30,,Vanguard Long-Term Corporate,,Purchase,"$1,001 - $15,000",8000.5,False,SELF,20001429,https://disclosures-clerk.house.gov/public_disc/ptr-pdfs/2014/20001429.pdf,225db3746d414f5620e20fc4a165a9b39150c26a04963f088422a3534d22318e,0
S000583,Lamar Smith,house,Republican,TX21,,False,2013-05-20,2014-07-30,SWI,"Solarwinds, Inc.",,Purchase,"$1,001 - $15,000",8000.5,False,SELF,20001429,https://disclosures-clerk.house.gov/public_disc/ptr-pdfs/2014/20001429.pdf,9e1f9bcde81774a3303ab5c99f3a29e0c6824d2fbd203b97a77322e83922c88a,0
S000583,Lamar Smith,house,Republican,TX21,,False,2013-05-10,2014-07-30,TSCO,Tractor Supply Company,,Sale,"$1,001 - $15,000",8000.5,False,SELF,20001429,https://disclosures-clerk.house.gov/public_disc/ptr-pdfs/2014/20001429.pdf,afb0fc0996645afbf42600850438a29d31f045f723881acabcfd48b75e065515,0
S000583,Lamar Smith,house,Republican,TX21,,False,2013-05-03,2014-07-30,VCLT,Vanguard Long-Term Corporate bond ETF,,Purchase,"$1,001 - $15,000",8000.5,False,SELF,20001429,https://disclosures-clerk.house.gov/public_disc/ptr-pdfs/2014/20001429.pdf,39be163033470266a69dc41f3053d9be7855e64a9e503b7dd9ad7d408bbe980a,0
S000583,Lamar Smith,house,Republican,TX21,,False,2014-01-22,2014-07-30,SRCL,"2000000606 Stericycle, Inc.",,Purchase,$955,955.0,False,SELF,20001429,https://disclosures-clerk.house.gov/public_disc/ptr-pdfs/2014/20001429.pdf,1d3f5acfa073c64e40553230cf1e1249054e932143c0ca2800357db3fe749727,0
S000583,Lamar Smith,house,Republican,TX21,,False,2013-05-29,2014-07-30,,US TREaSURY NoTE 1.375%,,Sale,"$1,001 - $15,000",8000.5,False,SELF,20001429,https://disclosures-clerk.house.gov/public_disc/ptr-pdfs/2014/20001429.pdf,c75fd4c4feeff4d9352aec39d3b2f13cd15435800ca1941c430fd8cb68ccc06b,0
N000186,Alan Nunnelee,house,Republican,MS01,,False,2014-07-18,2014-07-27,,Allied Funeral Insurance PA,,Sale,"$15,001 - $50,000",32500.5,False,JT,20001409,https://disclosures-clerk.house.gov/public_disc/ptr-pdfs/2014/20001409.pdf,d25f5e23bf83d5d9c1ce2fa35dbb2078a924b41d7b7a71cd2fe9fce72dc125f5,0
N000186,Alan Nunnelee,house,Republican,MS01,,False,2014-07-18,2014-07-27,,Allied Funeral Holdings,,Sale,"$15,001 - $50,000",32500.5,False,JT,20001409,https://disclosures-clerk.house.gov/public_disc/ptr-pdfs/2014/20001409.pdf,7d27e0a1526687fe81001ff9dd556e3ba17b2568d5354f724772f1ab4eb82f81,0
C001062,K. Michael Conaway,house,Republican,TX11,,False,2014-06-26,2014-07-26,,SX5E LIRN Issurer RBC Part 145.5%,,Purchase,"$15,001 - $50,000",32500.5,False,SP,20001407,https://disclosures-clerk.house.gov/public_disc/ptr-pdfs/2014/20001407.pdf,9c994b82764be81b967d92832cb0522616ff463306050519fdfbed2e6d7f79b5,2
C001062,K. Michael Conaway,house,Republican,TX11,,False,2014-06-26,2014-07-26,,SX5E LIRN Issurer RBC Part 145.5%,,Purchase,"$15,001 - $50,000",32500.5,False,SP,20001407,https://disclosures-clerk.house.gov/public_disc/ptr-pdfs/2014/20001407.pdf,9c994b82764be81b967d92832cb0522616ff463306050519fdfbed2e6d7f79b5,1
C001062,K. Michael Conaway,house,Republican,TX11,,False,2014-06-26,2014-07-26,,SX5E LIRN Issurer RBC Part 145.5%,,Purchase,"$50,001 - $100,000",75000.5,False,SP,20001407,https://disclosures-clerk.house.gov/public_disc/ptr-pdfs/2014/20001407.pdf,d8af003e413f9ea3677d472d14847b4c4e94fc793d3c003604a8fee93b09d222,0
C001062,K. Michael Conaway,house,Republican,TX11,,False,2014-06-26,2014-07-26,,SX5E LIRN Issurer RBC Part 145.5%,,Purchase,"$15,001 - $50,000",32500.5,False,SP,20001407,https://disclosures-clerk.house.gov/public_disc/ptr-pdfs/2014/20001407.pdf,9c994b82764be81b967d92832cb0522616ff463306050519fdfbed2e6d7f79b5,0
L000579,Alan S. Lowenthal,house,Democrat,CA47,,False,2014-07-18,2014-07-26,ESRX,Express Scripts Holding Company,,Sale,"$1,001 - $15,000",8000.5,False,SP,20001406,https://disclosures-clerk.house.gov/public_disc/ptr-pdfs/2014/20001406.pdf,946f4e69a05811915bc8ba634d0c5b6bcf9d987745727199a485bb55b1b60822,1
L000579,Alan S. Lowenthal,house,Democrat,CA47,,False,2014-07-17,2014-07-26,ESRX,type Date SP Express Scripts Holding Company,,Sale,"$15,001 - $50,000",32500.5,False,SELF,20001406,https://disclosures-clerk.house.gov/public_disc/ptr-pdfs/2014/20001406.pdf,48e269550a6864d008133a8698e61f289716b5336955d9ba36cd3201cc7d0baf,0
L000579,Alan S. Lowenthal,house,Democrat,CA47,,False,2014-07-17,2014-07-26,,Express Scripts Holding Company,,Sale,"$15,001 - $50,000",32500.5,False,SP,20001406,https://disclosures-clerk.house.gov/public_disc/ptr-pdfs/2014/20001406.pdf,322ee5740ddf5519fb8f996c7fbc6697ba7bcc3807e5cbff7b0d42c6f45caffd,0
L000579,Alan S. Lowenthal,house,Democrat,CA47,,False,2014-07-18,2014-07-26,,Express Scripts Holding Company,,Sale,"$1,001 - $15,000",8000.5,False,SP,20001406,https://disclosures-clerk.house.gov/public_disc/ptr-pdfs/2014/20001406.pdf,946f4e69a05811915bc8ba634d0c5b6bcf9d987745727199a485bb55b1b60822,0
O000169,William L. Owens,house,Democrat,NY21,,False,2014-07-23,2014-07-24,TWX,Time Warner Inc. New,,Purchase,"$15,001 - $50,000",32500.5,False,SELF,20001386,https://disclosures-clerk.house.gov/public_disc/ptr-pdfs/2014/20001386.pdf,8ec42a10ef99389e04bd19711b15dd882e348f44761a9a6996dcf90cb5322204,0
D000598,Susan A. Davis,house,Democrat,CA53,,False,2014-06-30,2014-07-24,SCHW,Charles Schwab Corporation,,Purchase,"$15,001 - $50,000",32500.5,False,SELF,20001402,https://disclosures-clerk.house.gov/public_disc/ptr-pdfs/2014/20001402.pdf,030e4c486635bef3257db930c1b1285cbe8adadc4ccb0a296ace75fd84c12fea,0
O000169,William L. Owens,house,Democrat,NY21,,False,2014-07-21,2014-07-22,NFLX,"Netflix, Inc.",,Sale,"$1,001 - $15,000",8000.5,False,SELF,20001378,https://disclosures-clerk.house.gov/public_disc/ptr-pdfs/2014/20001378.pdf,8449ef1e625654b31d52340e010f6e0aedea002e4672b558e3d03d9980cd2872,0
F000462,Lois Frankel,house,Democrat,FL22,HSAP04; HSAP07; House Committee on Appropriations,False,2014-06-18,2014-07-18,CCE,"Coca-Cola Enterprises, Inc.",,Sale,"$1,001 - $15,000",8000.5,False,SELF,20001350,https://disclosures-clerk.house.gov/public_disc/ptr-pdfs/2014/20001350.pdf,38d500bdea1cd5eeb7808225efa545f54a14c1df834dfe453a0ccc2a23440b94,0
F000462,Lois Frankel,house,Democrat,FL22,HSAP04; HSAP07; House Committee on Appropriations,False,2014-06-25,2014-07-18,TWX,Time Warner Inc. New,,Purchase,"$1,001 - $15,000",8000.5,False,SELF,20001350,https://disclosures-clerk.house.gov/public_disc/ptr-pdfs/2014/20001350.pdf,8eb6401a80d56b4ad64ab057d2f93f1f45bb01c361638703cc3babdefeda3a46,0
F000462,Lois Frankel,house,Democrat,FL22,HSAP04; HSAP07; House Committee on Appropriations,False,2014-06-18,2014-07-18,MCD,McDonald's Corporation,,Purchase,"$1,001 - $15,000",8000.5,False,SELF,20001350,https://disclosures-clerk.house.gov/public_disc/ptr-pdfs/2014/20001350.pdf,503233d2821caf6c3269765fc2dda7631603929dcc8b56a3c4adc20e85ba0643,0
C001078,Gerald E. Connolly,house,Democrat,VA11,,False,2014-06-25,2014-07-18,D,"Dominion Resources, Inc.",,Purchase,"$1,001 - $15,000",8000.5,False,JT,20001352,https://disclosures-clerk.house.gov/public_disc/ptr-pdfs/2014/20001352.pdf,d7ede4347c0099f774ea2e66a501f4711dbfa8dea8332c1cc818c44e7c4b5d07,0
F000462,Lois Frankel,house,Democrat,FL22,HSAP04; HSAP07; House Committee on Appropriations,False,2014-07-09,2014-07-18,MCD,McDonald's Corporation,,Purchase,"$1,001 - $15,000",8000.5,False,SELF,20001350,https://disclosures-clerk.house.gov/public_disc/ptr-pdfs/2014/20001350.pdf,27d1487cb799abfd896a6b54a7ccc03ac150346cc730f0e624fb971d082105b0,0
F000462,Lois Frankel,house,Democrat,FL22,HSAP04; HSAP07; House Committee on Appropriations,False,2014-06-19,2014-07-18,BEN,"Franklin Resources, Inc.",,Purchase,"$1,001 - $15,000",8000.5,False,SELF,20001350,https://disclosures-clerk.house.gov/public_disc/ptr-pdfs/2014/20001350.pdf,45c58244fddde4f821da6e36a655099c7ef0fee7c33ae329e6d6edd22d0eead3,0
F000462,Lois Frankel,house,Democrat,FL22,HSAP04; HSAP07; House Committee on Appropriations,False,2014-06-25,2014-07-18,CVS,CVS Caremark Corporation,,Sale,"$1,001 - $15,000",8000.5,False,SELF,20001350,https://disclosures-clerk.house.gov/public_disc/ptr-pdfs/2014/20001350.pdf,0a6f3a45ef51714f5bb072c162748a435f5e41f294882f9016e843c6993e7e73,0
F000462,Lois Frankel,house,Democrat,FL22,HSAP04; HSAP07; House Committee on Appropriations,False,2014-07-09,2014-07-18,GS,"Goldman Sachs Group, Inc.",,Sale,"$1,001 - $15,000",8000.5,False,SELF,20001350,https://disclosures-clerk.house.gov/public_disc/ptr-pdfs/2014/20001350.pdf,6d022a2dd732612655824ef2c89d3762a5c5db7ef4b1f35635a968bb7a259341,0
M001182,Mick Mulvaney,house,Republican,SC05,,False,2014-07-01,2014-07-17,CDE,"Coeur Mining, Inc.",,Sale,"$1,001 - $15,000",8000.5,False,SELF,20001345,https://disclosures-clerk.house.gov/public_disc/ptr-pdfs/2014/20001345.pdf,0563d2e721cb114488456365211b4ca14a960e2a06ea5fc52cc18597826889b4,0
M001182,Mick Mulvaney,house,Republican,SC05,,False,2014-07-01,2014-07-17,SLW,silver Wheaton Corp Common shares,,Sale,"$1,001 - $15,000",8000.5,False,SELF,20001345,https://disclosures-clerk.house.gov/public_disc/ptr-pdfs/2014/20001345.pdf,cda6b32b82f990bbebebb10bd1917e0eca8fd73d570c620bbea21d43079420de,1
M001182,Mick Mulvaney,house,Republican,SC05,,False,2014-07-01,2014-07-17,NEM,Newmont Mining Corporation,,Sale,"$1,001 - $15,000",8000.5,False,SELF,20001345,https://disclosures-clerk.house.gov/public_disc/ptr-pdfs/2014/20001345.pdf,3c042224e29cab54188a5d289a2894e7e4fd33b1f291bd72ef6a37b9beab5b26,0
M001182,Mick Mulvaney,house,Republican,SC05,,False,2014-07-01,2014-07-17,,First Trust IsE-Revere Natural gas,,Sale,"$15,001 - $50,000",32500.5,False,SELF,20001345,https://disclosures-clerk.house.gov/public_disc/ptr-pdfs/2014/20001345.pdf,74899cb868440a7c7a1fd63300866f74cb939f814951460644932aa77b29278e,0
M001182,Mick Mulvaney,house,Republican,SC05,,False,2014-07-01,2014-07-17,,silver Wheaton Corp Common shares,,Sale,"$1,001 - $15,000",8000.5,False,SELF,20001345,https://disclosures-clerk.house.gov/public_disc/ptr-pdfs/2014/20001345.pdf,cda6b32b82f990bbebebb10bd1917e0eca8fd73d570c620bbea21d43079420de,0
M001182,Mick Mulvaney,house,Republican,SC05,,False,2014-07-09,2014-07-17,,"519 Marvin Road Property, 100%",,Purchase,"$100,001 - $250,000",175000.5,False,SP,20001345,https://disclosures-clerk.house.gov/public_disc/ptr-pdfs/2014/20001345.pdf,a26e2665d66e376bd2d0ed6f07ff74419ee59627df0c7368445fa7f1af9c43c7,0
M000404,Jim McDermott,house,Democrat,WA07,,False,2014-06-11,2014-07-17,,Legacy Reserves LP,,Purchase,"$1,001 - $15,000",8000.5,False,SELF,20001347,https://disclosures-clerk.house.gov/public_disc/ptr-pdfs/2014/20001347.pdf,101afc0895bc14aa87c0df5ce52832dadc6e9a067627a6a95538cb15e92bc9aa,0
M001182,Mick Mulvaney,house,Republican,SC05,,False,2014-07-01,2014-07-17,FCG,First Trust IsE-Revere Natural gas,,Sale,"$15,001 - $50,000",32500.5,False,SELF,20001345,https://disclosures-clerk.house.gov/public_disc/ptr-pdfs/2014/20001345.pdf,74899cb868440a7c7a1fd63300866f74cb939f814951460644932aa77b29278e,1
M001182,Mick Mulvaney,house,Republican,SC05,,False,2014-07-01,2014-07-17,REMX,Market Vectors Rare Earth strategic Metals ETF,,Sale,"$1,001 - $15,000",8000.5,False,SELF,20001345,https://disclosures-clerk.house.gov/public_disc/ptr-pdfs/2014/20001345.pdf,9e6b062fc7f88bdce47d25e8628707e1ab916fa6ddbd30a9057affb4a91eeb09,0
M001182,Mick Mulvaney,house,Republican,SC05,,False,2014-07-01,2014-07-17,IHI,ishares u.s. Medical Devices ETF,,Sale,"$15,001 - $50,000",32500.5,False,SELF,20001345,https://disclosures-clerk.house.gov/public_disc/ptr-pdfs/2014/20001345.pdf,2ce7ebe9c0ba9e945015e145bc08fd7ef13a2fa532c01582ad594d5585eaf7a4,0
M001182,Mick Mulvaney,house,Republican,SC05,,False,2014-07-01,2014-07-17,IDU,ishares u.s. utilities ETF,,Sale,"$15,001 - $50,000",32500.5,False,SELF,20001345,https://disclosures-clerk.house.gov/public_disc/ptr-pdfs/2014/20001345.pdf,4100b1e1b263bfcfa88c6c1db9f6d356822a80eea3bf1752f61c40d29e67e57a,0
M001182,Mick Mulvaney,house,Republican,SC05,,False,2014-07-01,2014-07-17,,John Hancock life Insurance Co. Bond,,Sale,"$15,001 - $50,000",32500.5,False,SELF,20001345,https://disclosures-clerk.house.gov/public_disc/ptr-pdfs/2014/20001345.pdf,2d9e04de483b3d1649ea743e5104759d1f595994610a96e1476aa2841d3cf55e,0
M001182,Mick Mulvaney,house,Republican,SC05,,False,2014-07-01,2014-07-17,,Market Vectors Rare Earth strategic,,Sale,"$1,001 - $15,000",8000.5,False,SELF,20001345,https://disclosures-clerk.house.gov/public_disc/ptr-pdfs/2014/20001345.pdf,bad96808a6231b6b62199ee681858dc5a660a3a21eb2cc095a6d79504f7b055d,0
M001182,Mick Mulvaney,house,Republican,SC05,,False,2014-07-01,2014-07-17,CEF,Central Fund of Canada limited,,Sale,"$1,001 - $15,000",8000.5,False,SELF,20001345,https://disclosures-clerk.house.gov/public_disc/ptr-pdfs/2014/20001345.pdf,34b43d810330921bbaed3769512c890044ef627f7c4a0f647840bf6fe8e53c51,0
H001051,Richard L. Hanna,house,Republican,NY22,,False,2014-06-13,2014-07-15,HAS,"Hasbro, Inc.",,Sale,"$50,001 - $100,000",75000.5,False,SELF,20001247,https://disclosures-clerk.house.gov/public_disc/ptr-pdfs/2014/20001247.pdf,d7805578885f752f177a30a1ad8bac991e59a8057d826536dcb9cdd6271f6dfe,0
H001051,Richard L. Hanna,house,Republican,NY22,,False,2014-06-13,2014-07-15,GS,"goldman Sachs group, Inc.",,Sale,"$50,001 - $100,000",75000.5,False,SELF,20001247,https://disclosures-clerk.house.gov/public_disc/ptr-pdfs/2014/20001247.pdf,277adc6ceefcfbc210b3e1919663f08e1fc47bd7bb540d5e412e552a247125f6,0
H001051,Richard L. Hanna,house,Republican,NY22,,False,2014-06-13,2014-07-15,JPM,JP Morgan Chase & Co.,,Sale,"$100,001 - $250,000",175000.5,False,SELF,20001247,https://disclosures-clerk.house.gov/public_disc/ptr-pdfs/2014/20001247.pdf,a0bf01ac36529f57bf273dd07c47ff0e6806cd06b4a50c33811b12ea3c82a776,0
O000169,William L. Owens,house,Democrat,NY21,,False,2014-07-09,2014-07-15,SPGYF,"Whitecap Resources, Inc. Common shares",,Purchase,"$1,001 - $15,000",8000.5,False,SELF,20001274,https://disclosures-clerk.house.gov/public_disc/ptr-pdfs/2014/20001274.pdf,eb2a0b7a205b74d6792e35ae943af14fb27bdf8b19f9b0f9520aea30f9abf171,0
O000169,William L. Owens,house,Democrat,NY21,,False,2014-07-09,2014-07-15,,Bonterra Energy Corp. Ordinary shares,,Purchase,"$1,001 - $15,000",8000.5,False,SELF,20001274,https://disclosures-clerk.house.gov/public_disc/ptr-pdfs/2014/20001274.pdf,5cec7c4d329ec6a255914ccc80478fc43dc8a0af519a47b61904359df6f3dbe7,0
H001051,Richard L. Hanna,house,Republican,NY22,,False,2014-06-11,2014-07-15,SIRI,Sirius XM Holdings Inc.,,Purchase,"$1,001 - $15,000",8000.5,False,SELF,20001247,https://disclosures-clerk.house.gov/public_disc/ptr-pdfs/2014/20001247.pdf,08bbb1a0bd3cc46d08f74415ab9755224f2b16ee6dce0689fe6df2e5bbd644e5,0
H001051,Richard L. Hanna,house,Republican,NY22,,False,2014-06-13,2014-07-15,COH,"Coach, Inc.",,Sale,"$100,001 - $250,000",175000.5,False,SELF,20001247,https://disclosures-clerk.house.gov/public_disc/ptr-pdfs/2014/20001247.pdf,48b0022cc1ed4c53701b37ffb913a85210e96d235c28196cc0e9b3c4038e9d48,0
O000169,William L. Owens,house,Democrat,NY21,,False,2014-07-09,2014-07-15,,Bonterra Energy Corp. Ordinary shares,,Purchase,"$1,001 - $15,000",8000.5,False,SELF,20001274,https://disclosures-clerk.house.gov/public_disc/ptr-pdfs/2014/20001274.pdf,5cec7c4d329ec6a255914ccc80478fc43dc8a0af519a47b61904359df6f3dbe7,1
H001051,Richard L. Hanna,house,Republican,NY22,,False,2014-06-25,2014-07-15,POT,Type Date Potash Corporation of Saskatchewan Inc.,,Sale,"$1,001 - $15,000",8000.5,False,SELF,20001247,https://disclosures-clerk.house.gov/public_disc/ptr-pdfs/2014/20001247.pdf,4fe3478b4257744aa969c2d891770c8066f13ff5dbc7552a64d9e91805a6eacf,0
O000169,William L. Owens,house,Democrat,NY21,,False,2014-07-09,2014-07-15,NFLX,"Netflix, Inc.",,Purchase,"$15,001 - $50,000",32500.5,False,SELF,20001274,https://disclosures-clerk.house.gov/public_disc/ptr-pdfs/2014/20001274.pdf,5273a1c511fc55ef2aef843422394337d97b91da319e8dcf17c2019817fb1f16,0
H001051,Richard L. Hanna,house,Republican,NY22,,False,2014-06-13,2014-07-15,DNOW,NoW Inc.,,Sale,"$1,001 - $15,000",8000.5,False,SELF,20001247,https://disclosures-clerk.house.gov/public_disc/ptr-pdfs/2014/20001247.pdf,56ce91b9d6cbaa25f16310de3ce0a0ea1b0d79b5f59c8c8e7f7bc3030cf6c4a3,0
O000169,William L. Owens,house,Democrat,NY21,,False,2014-07-15,2014-07-15,NVS,Novartis Ag,,Purchase,"$15,001 - $50,000",32500.5,False,SELF,20001274,https://disclosures-clerk.house.gov/public_disc/ptr-pdfs/2014/20001274.pdf,344dc7ee212b7fd131ba0a24b479f57dbc89f8b866d71c917598c4d9e78031fc,0
O000169,William L. Owens,house,Democrat,NY21,,False,2014-07-09,2014-07-15,,"Whitecap Resources, Inc. Common",,Purchase,"$1,001 - $15,000",8000.5,False,SELF,20001274,https://disclosures-clerk.house.gov/public_disc/ptr-pdfs/2014/20001274.pdf,5238d2c2d88b19f42c76b4867c476ebdc54262b3f8486f7a2ae1dd871cc79b49,0
O000169,William L. Owens,house,Democrat,NY21,,False,2014-07-09,2014-07-15,BNEFF,type Date Bonterra Energy Corp. Ordinary shares,,Purchase,"$1,001 - $15,000",8000.5,False,SELF,20001274,https://disclosures-clerk.house.gov/public_disc/ptr-pdfs/2014/20001274.pdf,c962777b4c71faaacfa783b7c6a50297626c1ba219e01c82784244bd6f3a2ef9,0
H001051,Richard L. Hanna,house,Republican,NY22,,False,2014-06-13,2014-07-15,FDO,"Family dollar Stores, Inc.",,Sale,"$15,001 - $50,000",32500.5,False,SELF,20001247,https://disclosures-clerk.house.gov/public_disc/ptr-pdfs/2014/20001247.pdf,455776853b8e51035aad7646c8d9970b16e185cb5f8b489c00f04539c07508c3,0
O000169,William L. Owens,house,Democrat,NY21,,False,2014-07-09,2014-07-15,BNEFF,Bonterra Energy Corp. Ordinary shares,,Purchase,"$1,001 - $15,000",8000.5,False,SELF,20001274,https://disclosures-clerk.house.gov/public_disc/ptr-pdfs/2014/20001274.pdf,5cec7c4d329ec6a255914ccc80478fc43dc8a0af519a47b61904359df6f3dbe7,2
H001051,Richard L. Hanna,house,Republican,NY22,,False,2014-06-25,2014-07-15,,Potash Corporation of Saskatchewan,,Sale,"$1,001 - $15,000",8000.5,False,SELF,20001247,https://disclosures-clerk.house.gov/public_disc/ptr-pdfs/2014/20001247.pdf,1223267b998079af40ad6da213dd8718283c15ebeb0a5309a51014f3d71fca88,0
H001051,Richard L. Hanna,house,Republican,NY22,,False,2014-06-25,2014-07-15,GM,general Motors Company,,Sale,"$1,001 - $15,000",8000.5,False,SELF,20001247,https://disclosures-clerk.house.gov/public_disc/ptr-pdfs/2014/20001247.pdf,85b897ed8d8c0eb3198041ddf11756b0eb5b36b0d4136ac626c619cbc4cca3c7,0
B001260,Vern Buchanan,house,Republican,FL16,HSWM02; HSWM04; House Committee on Ways and Means; Joint Committee on Taxation,False,2014-06-01,2014-07-14,,Massachusetts St hsg Fin agy,,Sale,"$15,001 - $50,000",32500.5,False,SELF,20001312,https://disclosures-clerk.house.gov/public_disc/ptr-pdfs/2014/20001312.pdf,57c249cc3a4b48c569b37166db9e9e900b745f8c82aba0746775003bbf2a2380,0
B001260,Vern Buchanan,house,Republican,FL16,HSWM02; HSWM04; House Committee on Ways and Means; Joint Committee on Taxation,False,2014-06-04,2014-07-14,,Cook Cnty Ill Sch Dist No 083,,Purchase,"$50,001 - $100,000",75000.5,False,SELF,20001312,https://disclosures-clerk.house.gov/public_disc/ptr-pdfs/2014/20001312.pdf,59d127f1b70d6654c1c11df742c43060357d1b41612b3f8bb1881ea07d68303f,0
H000636,Rubén Hinojosa,house,Democrat,TX15,,False,2014-06-09,2014-07-12,RRTS,"Roadrunner Transportation Systems, Inc",,Sale,"$1,001 - $15,000",8000.5,False,SP,20001308,https://disclosures-clerk.house.gov/public_disc/ptr-pdfs/2014/20001308.pdf,a88bc5d580586573c39fc3fda47bd39cc9b39f95a4c9916b9ea7bf0ec0f8ab00,2
H000636,Rubén Hinojosa,house,Democrat,TX15,,False,2014-06-09,2014-07-12,,"Roadrunner Transportation Systems, Inc",,Sale,"$1,001 - $15,000",8000.5,False,SP,20001308,https://disclosures-clerk.house.gov/public_disc/ptr-pdfs/2014/20001308.pdf,a88bc5d580586573c39fc3fda47bd39cc9b39f95a4c9916b9ea7bf0ec0f8ab00,0
H000636,Rubén Hinojosa,house,Democrat,TX15,,False,2014-06-16,2014-07-12,,"Roadrunner Transportation Systems, Inc",,Sale,"$1,001 - $15,000",8000.5,False,SP,20001308,https://disclosures-clerk.house.gov/public_disc/ptr-pdfs/2014/20001308.pdf,b74d5d52debfe85ca17069c023273e0eaee652f9d5aeab5f2f8f3b3dde05d0bc,0
H000636,Rubén Hinojosa,house,Democrat,TX15,,False,2014-06-09,2014-07-12,,"Roadrunner Transportation Systems, Inc",,Sale,"$1,001 - $15,000",8000.5,False,SP,20001308,https://disclosures-clerk.house.gov/public_disc/ptr-pdfs/2014/20001308.pdf,a88bc5d580586573c39fc3fda47bd39cc9b39f95a4c9916b9ea7bf0ec0f8ab00,1
H000636,Rubén Hinojosa,house,Democrat,TX15,,False,2014-06-09,2014-07-12,RRTS,"type Date SP Roadrunner Transportation Systems, Inc",,Sale,"$1,001 - $15,000",8000.5,False,SELF,20001308,https://disclosures-clerk.house.gov/public_disc/ptr-pdfs/2014/20001308.pdf,dd49bb53ab86eafd30472c1e0bfafa2df660d419988704d9d1324fb780c95ba1,0
H000636,Rubén Hinojosa,house,Democrat,TX15,,False,2014-06-16,2014-07-12,RRTS,"Roadrunner Transportation Systems, Inc",,Sale,"$1,001 - $15,000",8000.5,False,SP,20001308,https://disclosures-clerk.house.gov/public_disc/ptr-pdfs/2014/20001308.pdf,b74d5d52debfe85ca17069c023273e0eaee652f9d5aeab5f2f8f3b3dde05d0bc,1
S000583,Lamar Smith,house,Republican,TX21,,False,2014-06-02,2014-07-10,AGN,"allergan, Inc.",,Sale,"$1,001 - $15,000",8000.5,False,SELF,20001111,https://disclosures-clerk.house.gov/public_disc/ptr-pdfs/2014/20001111.pdf,4df1c0c0c1eb28c64d11acfc204e7b21fcaa0bdf6e034bf69a908305c6f7df91,0
S000583,Lamar Smith,house,Republican,TX21,,False,2014-06-12,2014-07-10,FFIV,"F5 Networks, Inc.",,Sale,"$1,001 - $15,000",8000.5,False,SELF,20001111,https://disclosures-clerk.house.gov/public_disc/ptr-pdfs/2014/20001111.pdf,10b27b22281938ff8eaf5083355b944e17014942fa422456b655dcca8531e160,0
S001148,Michael K. Simpson,house,Republican,ID02,HSAP06; HSAP07; HSAP10; House Committee on Appropriations,False,2014-06-25,2014-07-10,OGFGF,Origin Energy ltd Ordinary Shares,,Sale,"$1,001 - $15,000",8000.5,False,SELF,20001273,https://disclosures-clerk.house.gov/public_disc/ptr-pdfs/2014/20001273.pdf,d57e9651070efff643fdee5d101363ca58f59965a416ff92ee77870089d8e675,1
F000461,Bill Flores,house,Republican,TX17,,False,2014-06-10,2014-07-10,T,aT&T Inc.,,Purchase,"$1,001 - $15,000",8000.5,False,SELF,20001276,https://disclosures-clerk.house.gov/public_disc/ptr-pdfs/2014/20001276.pdf,ddd52430be814796bfa6d70682c6c85b91ed24cc6f03f69574956ac522ea34c5,0
F000461,Bill Flores,house,Republican,TX17,,False,2014-06-23,2014-07-10,APU,"amerigas Partners, l.P.",,Purchase,"$50,001 - $100,000",75000.5,False,SELF,20001276,https://disclosures-clerk.house.gov/public_disc/ptr-pdfs/2014/20001276.pdf,6a8448f7b8793c07b87444ce472d16328884017bfef2929a886e0dff6454b810,0
F000461,Bill Flores,house,Republican,TX17,,False,2014-06-18,2014-07-10,APU,"amerigas Partners, l.P.",,Purchase,"$50,001 - $100,000",75000.5,False,SELF,20001276,https://disclosures-clerk.house.gov/public_disc/ptr-pdfs/2014/20001276.pdf,463a17b4dae6d3244bbee236d2cd4cddf8ba5037d5449eccf241d0c4990922a8,0
F000461,Bill Flores,house,Republican,TX17,,False,2014-06-10,2014-07-10,AFL,aFlaC Incorporated,,Purchase,"$15,001 - $50,000",32500.5,False,SELF,20001276,https://disclosures-clerk.house.gov/public_disc/ptr-pdfs/2014/20001276.pdf,635df950f3fc1c99c16deb9af038118e1cc2f842a446e26018122631cb004d94,0
F000461,Bill Flores,house,Republican,TX17,,False,2014-06-10,2014-07-10,ABT,abbott laboratories,,Sale,"$15,001 - $50,000",32500.5,False,SELF,20001276,https://disclosures-clerk.house.gov/public_disc/ptr-pdfs/2014/20001276.pdf,099c37969e738067147bf0cf8bb9e1d309a3ec68cd04fb5ab075d5743cd9e1e9,0
S000583,Lamar Smith,house,Republican,TX21,,False,2014-06-03,2014-07-10,SLB,Schlumberger N.V.,,Purchase,"$1,001 - $15,000",8000.5,False,SELF,20001111,https://disclosures-clerk.house.gov/public_disc/ptr-pdfs/2014/20001111.pdf,03ab89daee8348046d641cb71172b81e949e85db9bcd4bf7f273044d461f80eb,0
S000583,Lamar Smith,house,Republican,TX21,,False,2014-05-29,2014-07-10,YUM,"Yum! brands, Inc.",,Purchase,"$1,001 - $15,000",8000.5,False,SELF,20001111,https://disclosures-clerk.house.gov/public_disc/ptr-pdfs/2014/20001111.pdf,a5bddcaea2291a53ae71d702079b2ee7187580e2060872178ac1663f5d88b765,0
S000583,Lamar Smith,house,Republican,TX21,,False,2014-06-05,2014-07-10,PRGO,Perrigo Company plc ordinary Shares,,Sale,"$1,001 - $15,000",8000.5,False,SELF,20001111,https://disclosures-clerk.house.gov/public_disc/ptr-pdfs/2014/20001111.pdf,cf123f7b2e5a187c3d4c3699b935b91b304aa1a6b49bd24c86c2f709ff16e5c5,1
S001148,Michael K. Simpson,house,Republican,ID02,HSAP06; HSAP07; HSAP10; House Committee on Appropriations,False,2014-06-20,2014-07-10,YRAIF,Yara International aSa Ordinary Shares,,Sale,"$1,001 - $15,000",8000.5,False,SELF,20001273,https://disclosures-clerk.house.gov/public_disc/ptr-pdfs/2014/20001273.pdf,40172ad83ebea994224a23910b568c0b383ef4ceafa30d500a6fd6fde7f4bf6f,1
S001148,Michael K. Simpson,house,Republican,ID02,HSAP06; HSAP07; HSAP10; House Committee on Appropriations,False,2014-06-16,2014-07-10,,Nestle Sa Sponsored aDR representing,,Sale,"$1,001 - $15,000",8000.5,False,SELF,20001273,https://disclosures-clerk.house.gov/public_disc/ptr-pdfs/2014/20001273.pdf,5c09a1e40bdf86ac476f28369df9019a9396dc069dc59551dad070e55d3830bd,0
S001148,Michael K. Simpson,house,Republican,ID02,HSAP06; HSAP07; HSAP10; House Committee on Appropriations,False,2014-06-23,2014-07-10,SNGNF,Singapore Telecommunications ltd,,Sale,"$1,001 - $15,000",8000.5,False,SELF,20001273,https://disclosures-clerk.house.gov/public_disc/ptr-pdfs/2014/20001273.pdf,09d62d0e24d1c2534e280a000bc8f709e4714785d7fe683494892ed8fc484d33,1
S001148,Michael K. Simpson,house,Republican,ID02,HSAP06; HSAP07; HSAP10; House Committee on Appropriations,False,2014-06-25,2014-07-10,NCMGF,Newcrest Mining ltd Ord Ordinary Shares,,Purchase,"$1,001 - $15,000",8000.5,False,SELF,20001273,https://disclosures-clerk.house.gov/public_disc/ptr-pdfs/2014/20001273.pdf,1805e8b6db2e2bf927cb707d272d4d96970ce75891125ec401bc1763ce6843d1,0
F000461,Bill Flores,house,Republican,TX17,,False,2014-06-10,2014-07-10,LMT,lockheed Martin Corporation,,Purchase,"$15,001 - $50,000",32500.5,False,SELF,20001276,https://disclosures-clerk.house.gov/public_disc/ptr-pdfs/2014/20001276.pdf,0f525b735ae4be60ab6a392a18fd9f8d62099480ccc1f8fa9809827604c47fe4,0
S001148,Michael K. Simpson,house,Republican,ID02,HSAP06; HSAP07; HSAP10; House Committee on Appropriations,False,2014-06-16,2014-07-10,NSRGY,Nestle Sa Sponsored aDR representing Registered Shares Series B,,Sale,"$1,001 - $15,000",8000.5,False,SELF,20001273,https://disclosures-clerk.house.gov/public_disc/ptr-pdfs/2014/20001273.pdf,afeb7fee892a6a32e8a20f9b18179fd062c618043e6af7e32c308b9e7bd84d82,0
S001148,Michael K. Simpson,house,Republican,ID02,HSAP06; HSAP07; HSAP10; House Committee on Appropriations,False,2014-06-16,2014-07-10,CEMCF,Cia Energetica De Minas gerais Cemig Pref Shares,,Sale,"$1,001 - $15,000",8000.5,False,SELF,20001273,https://disclosures-clerk.house.gov/public_disc/ptr-pdfs/2014/20001273.pdf,9fe5ef967f975a5876cc8583f603518633aa66931879f8f83bb79f4ccc4381e2,0
S001148,Michael K. Simpson,house,Republican,ID02,HSAP06; HSAP07; HSAP10; House Committee on Appropriations,False,2014-06-20,2014-07-10,,Yara International aSa Ordinary Shares,,Sale,"$1,001 - $15,000",8000.5,False,SELF,20001273,https://disclosures-clerk.house.gov/public_disc/ptr-pdfs/2014/20001273.pdf,40172ad83ebea994224a23910b568c0b383ef4ceafa30d500a6fd6fde7f4bf6f,0
S001148,Michael K. Simpson,house,Republican,ID02,HSAP06; HSAP07; HSAP10; House Committee on Appropriations,False,2014-06-10,2014-07-10,,Woolworths ltd Ord Ordinary Shares,,Sale,"$1,001 - $15,000",8000.5,False,SELF,20001273,https://disclosures-clerk.house.gov/public_disc/ptr-pdfs/2014/20001273.pdf,275278356c28b1727bb081131667ba73b4cd56a24ed56c921000f262a663dfb1,0
S001148,Michael K. Simpson,house,Republican,ID02,HSAP06; HSAP07; HSAP10; House Committee on Appropriations,False,2014-06-26,2014-07-10,TELNF,Telenor aSa Ordinary Shares,,Sale,"$1,001 - $15,000",8000.5,False,SELF,20001273,https://disclosures-clerk.house.gov/public_disc/ptr-pdfs/2014/20001273.pdf,13faf34dae35d8cd2efb1d4737cffc1b2da37bf5bfd327dc29f8aa0d3eaf9c53,0
S001148,Michael K. Simpson,house,Republican,ID02,HSAP06; HSAP07; HSAP10; House Committee on Appropriations,False,2014-06-23,2014-07-10,,Singapore Telecommunications ltd,,Sale,"$1,001 - $15,000",8000.5,False,SELF,20001273,https://disclosures-clerk.house.gov/public_disc/ptr-pdfs/2014/20001273.pdf,09d62d0e24d1c2534e280a000bc8f709e4714785d7fe683494892ed8fc484d33,0
S001148,Michael K. Simpson,house,Republican,ID02,HSAP06; HSAP07; HSAP10; House Committee on Appropriations,False,2014-06-16,2014-07-10,PDS,Precision Drilling Corporation,,Sale,"$1,001 - $15,000",8000.5,False,SELF,20001273,https://disclosures-clerk.house.gov/public_disc/ptr-pdfs/2014/20001273.pdf,8b44f33728b45e342da8d68125045530a8c2508961ddeab12df7ceab047ca1b9,0
S001148,Michael K. Simpson,house,Republican,ID02,HSAP06; HSAP07; HSAP10; House Committee on Appropriations,False,2014-06-25,2014-07-10,,Origin Energy ltd Ordinary Shares,,Sale,"$1,001 - $15,000",8000.5,False,SELF,20001273,https://disclosures-clerk.house.gov/public_disc/ptr-pdfs/2014/20001273.pdf,d57e9651070efff643fdee5d101363ca58f59965a416ff92ee77870089d8e675,0
S001148,Michael K. Simpson,house,Republican,ID02,HSAP06; HSAP07; HSAP10; House Committee on Appropriations,False,2014-06-02,2014-07-10,,Callon Petroleum Company Preferred,,Sale,"$15,001 - $50,000",32500.5,False,SELF,20001273,https://disclosures-clerk.house.gov/public_disc/ptr-pdfs/2014/20001273.pdf,eab8fb06a6a44e9e1e154ea2829c2b1690200ccc5707d1d77d76fca6366cacf6,0
S001148,Michael K. Simpson,house,Republican,ID02,HSAP06; HSAP07; HSAP10; House Committee on Appropriations,False,2014-06-16,2014-07-10,,Cia Energetica De Minas gerais Cemig,,Sale,"$1,001 - $15,000",8000.5,False,SELF,20001273,https://disclosures-clerk.house.gov/public_disc/ptr-pdfs/2014/20001273.pdf,ccb1ca56829e95182446feb5f882bcf847051601c17de755e8f8c8c087875ce7,0
S001148,Michael K. Simpson,house,Republican,ID02,HSAP06; HSAP07; HSAP10; House Committee on Appropriations,False,2014-06-25,2014-07-10,,Newcrest Mining ltd Ord Ordinary,,Purchase,"$1,001 - $15,000",8000.5,False,SELF,20001273,https://disclosures-clerk.house.gov/public_disc/ptr-pdfs/2014/20001273.pdf,7daf77cf6ddbde4b1986032b9d61012da50ffa6f5937c4b0c3475dcd126261d0,0
F000461,Bill Flores,house,Republican,TX17,,False,2014-06-10,2014-07-10,LLY,Eli lilly and Company,,Purchase,"$15,001 - $50,000",32500.5,False,SELF,20001276,https://disclosures-clerk.house.gov/public_disc/ptr-pdfs/2014/20001276.pdf,6b0276a5fb55753773d23a0774f7a335005cd9a2c5b7579698dd02e3fee074aa,0
S001148,Michael K. Simpson,house,Republican,ID02,HSAP06; HSAP07; HSAP10; House Committee on Appropriations,False,2014-06-10,2014-07-10,WOLWF,Woolworths ltd Ord Ordinary Shares,,Sale,"$1,001 - $15,000",8000.5,False,SELF,20001273,https://disclosures-clerk.house.gov/public_disc/ptr-pdfs/2014/20001273.pdf,275278356c28b1727bb081131667ba73b4cd56a24ed56c921000f262a663dfb1,1
F000461,Bill Flores,house,Republican,TX17,,False,2014-06-10,2014-07-10,MCD,McDonald's Corporation,,Purchase,"$15,001 - $50,000",32500.5,False,SELF,20001276,https://disclosures-clerk.house.gov/public_disc/ptr-pdfs/2014/20001276.pdf,fe48e319cdd4c234ae61556c39aa07b95d872ba7584dd750f53bce163ff8afe7,0
F000461,Bill Flores,house,Republican,TX17,,False,2014-06-23,2014-07-10,NGL,Ngl ENERgY PaRTNERs lP Partner Interests,,Purchase,"$15,001 - $50,000",32500.5,False,SELF,20001276,https://disclosures-clerk.house.gov/public_disc/ptr-pdfs/2014/20001276.pdf,e5132c9999c0fe1f516f805ed91aa40909e21b15fa7906100409018bf3a3c0dd,0
S000583,Lamar Smith,house,Republican,TX21,,False,2014-06-18,2014-07-10,CP,Canadian Pacific Railway Limited,,Sale,"$1,001 - $15,000",8000.5,False,SELF,20001111,https://disclosures-clerk.house.gov/public_disc/ptr-pdfs/2014/20001111.pdf,1f53316535ea547cb00fcc1d64fde1edab5ea45da39a4fd5cce3b89d483b1ffe,0
S000583,Lamar Smith,house,Republican,TX21,,False,2014-06-16,2014-07-10,CVLT,"CommVault Systems, Inc.",,Sale,"$1,001 - $15,000",8000.5,False,SELF,20001111,https://disclosures-clerk.house.gov/public_disc/ptr-pdfs/2014/20001111.pdf,f24bd47bee86b04457ff897679410d1f51e53ebfff02a0dd7fe4154dea7d02f4,0
F000461,Bill Flores,house,Republican,TX17,,False,2014-06-23,2014-07-10,,Ngl ENERgY PaRTNERs lP,,Purchase,"$15,001 - $50,000",32500.5,False,SELF,20001276,https://disclosures-clerk.house.gov/public_disc/ptr-pdfs/2014/20001276.pdf,8434126fea452c4c0e917b7cd4ae0094e66f7efe77fef1b273e2be93afbd600f,0
S000583,Lamar Smith,house,Republican,TX21,,False,2014-06-04,2014-07-10,LULU,lululemon athletica inc.,,Sale,"$1,001 - $15,000",8000.5,False,SELF,20001111,https://disclosures-clerk.house.gov/public_disc/ptr-pdfs/2014/20001111.pdf,3016c50518cbfd159e9cd0a19773b2228483505058f1f816967740dbd2056ef3,0
S000583,Lamar Smith,house,Republican,TX21,,False,2014-06-05,2014-07-10,,Perrigo Company plc ordinary Shares,,Sale,"$1,001 - $15,000",8000.5,False,SELF,20001111,https://disclosures-clerk.house.gov/public_disc/ptr-pdfs/2014/20001111.pdf,cf123f7b2e5a187c3d4c3699b935b91b304aa1a6b49bd24c86c2f709ff16e5c5,0
S000583,Lamar Smith,house,Republican,TX21,,False,2014-05-28,2014-07-10,PCP,Precision Castparts Corporation,,Purchase,"$1,001 - $15,000",8000.5,False,SELF,20001111,https://disclosures-clerk.house.gov/public_disc/ptr-pdfs/2014/20001111.pdf,a4c8a67652b39bdac3f74add0c0b7aeea917540d1338765b7c4526e5c0120ddd,0
S000583,Lamar Smith,house,Republican,TX21,,False,2014-06-03,2014-07-10,PCP,Precision Castparts Corporation,,Purchase,"$1,001 - $15,000",8000.5,False,SELF,20001111,https://disclosures-clerk.house.gov/public_disc/ptr-pdfs/2014/20001111.pdf,f24b29860485d5552bf7249a4d3bf55859a16f9cdb5f2012ddaca9adff81d2a8,0
S000583,Lamar Smith,house,Republican,TX21,,False,2014-06-03,2014-07-10,QCOM,QUaLCoMM Incorporated,,Purchase,"$1,001 - $15,000",8000.5,False,SELF,20001111,https://disclosures-clerk.house.gov/public_disc/ptr-pdfs/2014/20001111.pdf,8b3d1a74e01d504230a3831f2fc456c2b4a06c460e9aa906fcdf53ec963cd9bd,0
F000461,Bill Flores,house,Republican,TX17,,False,2014-06-19,2014-07-10,SDLP,seadrill Partners llC Common units Company Interests,,Purchase,"$100,001 - $250,000",175000.5,False,SELF,20001276,https://disclosures-clerk.house.gov/public_disc/ptr-pdfs/2014/20001276.pdf,a500d1fa365f7c17eff9537011691ee306042fb17a1b19bf8a872e364b623f7f,0
F000461,Bill Flores,house,Republican,TX17,,False,2014-06-18,2014-07-10,NGL,Ngl ENERgY PaRTNERs lP Partner Interests,,Purchase,"$50,001 - $100,000",75000.5,False,SELF,20001276,https://disclosures-clerk.house.gov/public_disc/ptr-pdfs/2014/20001276.pdf,3481c37fb47ba875a8029ad414a661bc19dd5b2467ca0d88598807d87d6ed5fd,0
S001148,Michael K. Simpson,house,Republican,ID02,HSAP06; HSAP07; HSAP10; House Committee on Appropriations,False,2014-06-10,2014-07-10,ITOCF,Itochu Corp Ordinary Shares,,Sale,"$1,001 - $15,000",8000.5,False,SELF,20001273,https://disclosures-clerk.house.gov/public_disc/ptr-pdfs/2014/20001273.pdf,77f9c58679a07f966b5c3e6248feaebfdaffa1456f10f37bf660edb906ae25f9,0
F000461,Bill Flores,house,Republican,TX17,,False,2014-06-23,2014-07-10,WMB,"Williams Companies, Inc.",,Purchase,"$50,001 - $100,000",75000.5,False,SELF,20001276,https://disclosures-clerk.house.gov/public_disc/ptr-pdfs/2014/20001276.pdf,86a2173a4ab73485fe74223f237997eedf1b611e9b1370134a376945cb478926,0
F000461,Bill Flores,house,Republican,TX17,,False,2014-06-19,2014-07-10,,seadrill Partners llC Common units,,Purchase,"$100,001 - $250,000",175000.5,False,SELF,20001276,https://disclosures-clerk.house.gov/public_disc/ptr-pdfs/2014/20001276.pdf,1c2f991a03ec38bfe68d757d8ed17c5922052c63b116fd8a48c4efd3de1dfa5e,0
F000461,Bill Flores,house,Republican,TX17,,False,2014-06-18,2014-07-10,WMB,"Williams Companies, Inc.",,Purchase,"$50,001 - $100,000",75000.5,False,SELF,20001276,https://disclosures-clerk.house.gov/public_disc/ptr-pdfs/2014/20001276.pdf,1cad3cd2989c60f239a6752941d62c9e0c87193304003f22d4b22d54d5da1ee0,0
F000461,Bill Flores,house,Republican,TX17,,False,2014-06-10,2014-07-10,PG,Procter & gamble Company,,Sale,"$50,001 - $100,000",75000.5,False,SELF,20001276,https://disclosures-clerk.house.gov/public_disc/ptr-pdfs/2014/20001276.pdf,85a36d7904852c6f4bf22481320f2dd958f28c5dfb2398313419e18f794277e7,0
F000461,Bill Flores,house,Republican,TX17,,False,2014-06-18,2014-07-10,,salient MlP Fund -- Class I,,Purchase,"$250,001 - $500,000",375000.5,False,SELF,20001276,https://disclosures-clerk.house.gov/public_disc/ptr-pdfs/2014/20001276.pdf,7c51cf92dcb431ed7f00089e76ea04f3c8a7da37dfc9a4d827c771a21593e0c0,0
F000461,Bill Flores,house,Republican,TX17,,False,2014-06-18,2014-07-10,,Ngl ENERgY PaRTNERs lP,,Purchase,"$50,001 - $100,000",75000.5,False,SELF,20001276,https://disclosures-clerk.house.gov/public_disc/ptr-pdfs/2014/20001276.pdf,0c6127ede40bf5dfe099f20e327417054d99be2d731df8980cd20b9daeb925ec,0
F000461,Bill Flores,house,Republican,TX17,,False,2014-06-10,2014-07-10,TGT,Target Corporation,,Sale,"$15,001 - $50,000",32500.5,False,SELF,20001276,https://disclosures-clerk.house.gov/public_disc/ptr-pdfs/2014/20001276.pdf,86b3ab9bd867f076923ee378d0876381a4fe1e4088cb86706efa07c7beb52ec8,0
F000461,Bill Flores,house,Republican,TX17,,False,2014-06-10,2014-07-10,TJX,"TJX Companies, Inc.",,Purchase,"$1,001 - $15,000",8000.5,False,SELF,20001276,https://disclosures-clerk.house.gov/public_disc/ptr-pdfs/2014/20001276.pdf,3bc20fad78fe69baea0b6b5dd8cc0a5dfad2c4664d90569810a5eb3d13f4043e,0
F000461,Bill Flores,house,Republican,TX17,,False,2014-05-27,2014-07-10,,2000002294 TPH Partners lP,,Purchase,"$15,001 - $50,000",32500.5,False,SELF,20001276,https://disclosures-clerk.house.gov/public_disc/ptr-pdfs/2014/20001276.pdf,44059c56b0fecc4773366a2b84d739eb927efcd50431520fd2c6ec49ed21ae2c,0
F000461,Bill Flores,house,Republican,TX17,,False,2014-05-27,2014-07-10,,2000002295 TPH Partners lP II,,Purchase,"$1,001 - $15,000",8000.5,False,SELF,20001276,https://disclosures-clerk.house.gov/public_disc/ptr-pdfs/2014/20001276.pdf,7591ac231a68367f8f2678c4e5599edf9913f8022fddb9630ddadf47e3fca1a3,0
F000451,Michael G. Fitzpatrick,house,Republican,PA08,,False,2014-06-04,2014-07-09,PNR,Pentair plc. Ordinary Share,,Purchase,"$1,001 - $15,000",8000.5,False,SELF,20001271,https://disclosures-clerk.house.gov/public_disc/ptr-pdfs/2014/20001271.pdf,ef257a6d6add89274fe36433669bdcd5f0f72e84137abb5670ee59abbd4469c9,0
F000451,Michael G. Fitzpatrick,house,Republican,PA08,,False,2014-06-04,2014-07-09,KMB,Kimberly-Clark Corporation,,Purchase,"$1,001 - $15,000",8000.5,False,SELF,20001271,https://disclosures-clerk.house.gov/public_disc/ptr-pdfs/2014/20001271.pdf,ac88dca1e90a5264eb3baface54bfe3ac3c1e6b913081726a664d2505cd82865,0
F000451,Michael G. Fitzpatrick,house,Republican,PA08,,False,2014-06-04,2014-07-09,CAG,"Conagra Foods, Inc.",,Sale,"$1,001 - $15,000",8000.5,False,SELF,20001271,https://disclosures-clerk.house.gov/public_disc/ptr-pdfs/2014/20001271.pdf,577b1d46618f57496dbf33f8dd1e0c5c6571b7895cec5d48a39f197491f9d822,0
G000551,Raúl M. Grijalva,house,Democrat,AZ03,,False,2014-06-27,2014-07-09,DE,Deere & Company,,Sale,"$1,001 - $15,000",8000.5,False,SP,20001267,https://disclosures-clerk.house.gov/public_disc/ptr-pdfs/2014/20001267.pdf,7709451d1d401ad4f85e5bc31c26d4c4e953d1f0be97e4e6d3cf0d570d001831,0
G000551,Raúl M. Grijalva,house,Democrat,AZ03,,False,2014-06-16,2014-07-09,MMM,3M Company,,Sale,"$1,001 - $15,000",8000.5,False,SP,20001267,https://disclosures-clerk.house.gov/public_disc/ptr-pdfs/2014/20001267.pdf,21d9df819a473a3a087040fb8c7641055852bb37b7521c5242edc2f112cdb309,0
G000551,Raúl M. Grijalva,house,Democrat,AZ03,,False,2014-06-27,2014-07-09,AXP,american Express Company,,Sale,"$1,001 - $15,000",8000.5,False,SP,20001267,https://disclosures-clerk.house.gov/public_disc/ptr-pdfs/2014/20001267.pdf,30eb4602015396bd605cdac3505800220486a0173e5a0143d8b6c8a073a778de,0
G000551,Raúl M. Grijalva,house,Democrat,AZ03,,False,2014-06-27,2014-07-09,AXP,american Express Company,,Sale,"$1,001 - $15,000",8000.5,False,SP,20001267,https://disclosures-clerk.house.gov/public_disc/ptr-pdfs/2014/20001267.pdf,30eb4602015396bd605cdac3505800220486a0173e5a0143d8b6c8a073a778de,1
G000551,Raúl M. Grijalva,house,Democrat,AZ03,,False,2014-06-16,2014-07-09,AMGN,amgen Inc.,,Purchase,"$1,001 - $15,000",8000.5,False,SP,20001267,https://disclosures-clerk.house.gov/public_disc/ptr-pdfs/2014/20001267.pdf,be35bdd80ddee861391ead6dcbd461e89e8a119528370c18b4442e183b0c9d39,0
G000551,Raúl M. Grijalva,house,Democrat,AZ03,,False,2014-06-16,2014-07-09,AAPL,apple Inc.,,Sale,"$1,001 - $15,000",8000.5,False,SP,20001267,https://disclosures-clerk.house.gov/public_disc/ptr-pdfs/2014/20001267.pdf,fe3fbf079ea4800523de967ffcb9899dfe617aedca13c697dff967112678ead6,0
G000551,Raúl M. Grijalva,house,Democrat,AZ03,,False,2014-06-16,2014-07-09,BPAQF,BP PlC Ordinary shares,,Purchase,"$1,001 - $15,000",8000.5,False,SP,20001267,https://disclosures-clerk.house.gov/public_disc/ptr-pdfs/2014/20001267.pdf,cdf8a85a5b28a4234516a2f2f52767aef7d3b6e5f3b9ebb673ffc265ff2fab88,0
G000551,Raúl M. Grijalva,house,Democrat,AZ03,,False,2014-06-16,2014-07-09,,Brookfield Global listed Infrastructure,,Purchase,"$1,001 - $15,000",8000.5,False,SP,20001267,https://disclosures-clerk.house.gov/public_disc/ptr-pdfs/2014/20001267.pdf,f9ea594736fe9fee18717b28ef9785f687da84344cb0178fc5fec7362f18d766,0
G000551,Raúl M. Grijalva,house,Democrat,AZ03,,False,2014-06-27,2014-07-09,PETM,"Petsmart, Inc",,Purchase,"$1,001 - $15,000",8000.5,False,SP,20001267,https://disclosures-clerk.house.gov/public_disc/ptr-pdfs/2014/20001267.pdf,6b561f7a2d761f23f0a4335c72c7bd9e5d20a02222eded8722ec8ae9bf621421,0
G000551,Raúl M. Grijalva,house,Democrat,AZ03,,False,2014-06-27,2014-07-09,DE,Deere & Company,,Sale,"$1,001 - $15,000",8000.5,False,SP,20001267,https://disclosures-clerk.house.gov/public_disc/ptr-pdfs/2014/20001267.pdf,7709451d1d401ad4f85e5bc31c26d4c4e953d1f0be97e4e6d3cf0d570d001831,1
G000551,Raúl M. Grijalva,house,Democrat,AZ03,,False,2014-06-16,2014-07-09,MTW,"Manitowoc Company, Inc.",,Purchase,"$1,001 - $15,000",8000.5,False,SP,20001267,https://disclosures-clerk.house.gov/public_disc/ptr-pdfs/2014/20001267.pdf,a2805c25bf70bb311e793568f4b2388a3f279187d6ccf4c38c947315a16240ae,0
G000551,Raúl M. Grijalva,house,Democrat,AZ03,,False,2014-06-16,2014-07-09,,"Oppenheimer Holdings, Inc. Class a",,Purchase,"$1,001 - $15,000",8000.5,False,SP,20001267,https://disclosures-clerk.house.gov/public_disc/ptr-pdfs/2014/20001267.pdf,39ebf38b19984e8e751a5da3454738655b8018705cb5c1b9934aaa3cfac25872,0
G000551,Raúl M. Grijalva,house,Democrat,AZ03,,False,2014-06-27,2014-07-09,PETM,"Petsmart, Inc",,Purchase,"$1,001 - $15,000",8000.5,False,SP,20001267,https://disclosures-clerk.house.gov/public_disc/ptr-pdfs/2014/20001267.pdf,6b561f7a2d761f23f0a4335c72c7bd9e5d20a02222eded8722ec8ae9bf621421,1
G000551,Raúl M. Grijalva,house,Democrat,AZ03,,False,2014-06-16,2014-07-09,PFE,"Pfizer, Inc.",,Sale,"$1,001 - $15,000",8000.5,False,SP,20001267,https://disclosures-clerk.house.gov/public_disc/ptr-pdfs/2014/20001267.pdf,b62141357844d7042477bb02e6abb78368ac857765ab1d6f78c7e751f696721b,0
G000551,Raúl M. Grijalva,house,Democrat,AZ03,,False,2014-06-16,2014-07-09,SYK,stryker Corporation,,Sale,"$1,001 - $15,000",8000.5,False,SP,20001267,https://disclosures-clerk.house.gov/public_disc/ptr-pdfs/2014/20001267.pdf,1d995d7a99dd7c36d718ce366bc10994c85795434b9ca6465826f971a1923f28,0
G000551,Raúl M. Grijalva,house,Democrat,AZ03,,False,2014-06-16,2014-07-09,WMB,"Williams Companies, Inc.",,Sale,"$1,001 - $15,000",8000.5,False,SP,20001267,https://disclosures-clerk.house.gov/public_disc/ptr-pdfs/2014/20001267.pdf,105cbc2d61628f5d9ba73c70848938c2668dafee79aaa5d8fd3f7f97a3d0361a,0
G000551,Raúl M. Grijalva,house,Democrat,AZ03,,False,2014-06-16,2014-07-09,INF,Brookfield Global listed Infrastructure Income Fund Closed End Fund,,Purchase,"$1,001 - $15,000",8000.5,False,SP,20001267,https://disclosures-clerk.house.gov/public_disc/ptr-pdfs/2014/20001267.pdf,bacf53d14c94195f79216687bb67358067dce2d621433372691c6fffcb73e023,0
G000551,Raúl M. Grijalva,house,Democrat,AZ03,,False,2014-06-16,2014-07-09,,2000002584 sP Brookfield Global listed,,Purchase,"$1,001 - $15,000",8000.5,False,SELF,20001268,https://disclosures-clerk.house.gov/public_disc/ptr-pdfs/2014/20001268.pdf,db968c8b78ce2b14ef24a27c30b5abb75c783e7dc20e7b2a8fd4b653390c79da,0
G000551,Raúl M. Grijalva,house,Democrat,AZ03,,False,2014-06-16,2014-07-09,,"2000002585 sP Oppenheimer Holdings, Inc. Class a",,Purchase,"$1,001 - $15,000",8000.5,False,SELF,20001268,https://disclosures-clerk.house.gov/public_disc/ptr-pdfs/2014/20001268.pdf,542c2d30020cdd0f94cc80b5f7cb2a605d4480aa8dfd6c42601b9fa90ea55819,0
G000551,Raúl M. Grijalva,house,Democrat,AZ03,,False,2014-06-16,2014-07-09,INF,type Date 2000002584 sP Brookfield Global listed End Fund,,Purchase,"$1,001 - $15,000",8000.5,False,SELF,20001268,https://disclosures-clerk.house.gov/public_disc/ptr-pdfs/2014/20001268.pdf,2118e97a0b65bc2a0e199daaac7db4a78166f394abd548319f290283925bc646,0
G000551,Raúl M. Grijalva,house,Democrat,AZ03,,False,2014-06-16,2014-07-09,OPY,"2000002585 sP Oppenheimer Holdings, Inc. Class a Common stock",,Purchase,"$1,001 - $15,000",8000.5,False,SELF,20001268,https://disclosures-clerk.house.gov/public_disc/ptr-pdfs/2014/20001268.pdf,62d4af5ff03fffdaa4e212ed2b46d7564bb3eb8dd48166b0845e8e15140b16ce,0
G000551,Raúl M. Grijalva,house,Democrat,AZ03,,False,2014-06-16,2014-07-09,OPY,"Oppenheimer Holdings, Inc. Class a Common stock",,Purchase,"$1,001 - $15,000",8000.5,False,SP,20001267,https://disclosures-clerk.house.gov/public_disc/ptr-pdfs/2014/20001267.pdf,81c570a97bec1a44fb876b1b848811eeaebac3101c8f5f2472e82cc7ba5cc351,0
L000559,James R. Langevin,house,Democrat,RI02,,False,2014-06-03,2014-07-09,CSX,CsX Corporation,,Sale,"$1,001 - $15,000",8000.5,False,SELF,20001270,https://disclosures-clerk.house.gov/public_disc/ptr-pdfs/2014/20001270.pdf,06d1c4a56a555e4ee36f075940fd27cf4b21afc0bf1d9fcdd5763ac79e9bc447,0
B000589,John A. Boehner,house,Republican,OH08,,False,2014-06-24,2014-07-09,COV,Covidien plc. Ordinary Shares,,Sale,"$15,001 - $50,000",32500.5,False,SELF,20001259,https://disclosures-clerk.house.gov/public_disc/ptr-pdfs/2014/20001259.pdf,60c897655dc0fc1cf15e5401f8af0723a253173466bca54ebd1e74becf63cc04,0
D000617,Suzan K. DelBene,house,Democrat,WA01,HSWM04; HSWM05; HSWM06; House Committee on Ways and Means,False,2014-06-27,2014-07-09,,COuNTY OF KaNE gO 4.000% uTX,,Purchase,"$15,001 - $50,000",32500.5,False,JT,20001223,https://disclosures-clerk.house.gov/public_disc/ptr-pdfs/2014/20001223.pdf,edcf3ce6ccbf6e1c6b701012a39ee8bb21d11d0fe2fd63ad342c0e38d4cd300c,0
F000030,Sam Farr,house,Democrat,CA20,,False,2013-10-01,2014-07-09,ACT,actavis plc ordinary Shares,,Sale,"$15,001 - $50,000",32500.5,False,SELF,20001219,https://disclosures-clerk.house.gov/public_disc/ptr-pdfs/2014/20001219.pdf,0594d8ed294910aed296ccf2287a5b2de53aef1fc84faa17e9e49ef648d62486,0
D000617,Suzan K. DelBene,house,Democrat,WA01,HSWM04; HSWM05; HSWM06; House Committee on Ways and Means,False,2014-06-18,2014-07-09,WTS,"Watts Water Technologies, Inc. Class a",,Purchase,"$15,001 - $50,000",32500.5,False,JT,20001223,https://disclosures-clerk.house.gov/public_disc/ptr-pdfs/2014/20001223.pdf,9a48a73188601fb3a8057b51030b743c77fd333034928cb0f3ce27d9cf71d3e6,1
D000617,Suzan K. DelBene,house,Democrat,WA01,HSWM04; HSWM05; HSWM06; House Committee on Ways and Means,False,2014-06-18,2014-07-09,CBI,type Date JT Chicago Bridge & Iron Company N.V.,,Sale,"$15,001 - $50,000",32500.5,False,SELF,20001223,https://disclosures-clerk.house.gov/public_disc/ptr-pdfs/2014/20001223.pdf,7cc5ceeaad3edbb3d79c9d91ae46f2fcb54223007c0019c305b280c2df14722a,0
D000617,Suzan K. DelBene,house,Democrat,WA01,HSWM04; HSWM05; HSWM06; House Committee on Ways and Means,False,2014-06-18,2014-07-09,,"Watts Water Technologies, Inc. Class a",,Purchase,"$15,001 - $50,000",32500.5,False,JT,20001223,https://disclosures-clerk.house.gov/public_disc/ptr-pdfs/2014/20001223.pdf,9a48a73188601fb3a8057b51030b743c77fd333034928cb0f3ce27d9cf71d3e6,0
D000617,Suzan K. DelBene,house,Democrat,WA01,HSWM04; HSWM05; HSWM06; House Committee on Ways and Means,False,2014-06-30,2014-07-09,ERII,"Energy Recovery, Inc.",,Sale,"$1,001 - $15,000",8000.5,False,JT,20001223,https://disclosures-clerk.house.gov/public_disc/ptr-pdfs/2014/20001223.pdf,c2809ee2a3d8f34512bdbc8028c4ce9d077434cfee7591dc492c5dc1efeea7ca,0
B001274,Mo Brooks,house,Republican,AL05,,False,2014-06-18,2014-07-09,,Pike Road al OID,,Purchase,"$1,001 - $15,000",8000.5,False,JT,20000606,https://disclosures-clerk.house.gov/public_disc/ptr-pdfs/2014/20000606.pdf,ad95e3b36044fa9ab282f851a3dce2325ebc37f3ff255aedd50007ab59de6c9d,0
B001274,Mo Brooks,house,Republican,AL05,,False,2014-03-28,2014-07-09,,Phenix City al sch WTs gENl OBlIg,,Purchase,"$15,001 - $50,000",32500.5,False,JT,20000606,https://disclosures-clerk.house.gov/public_disc/ptr-pdfs/2014/20000606.pdf,6ad55b286a00e2e0500444eda3c98a8bf3a61e0beeff12e0c63010f81ff9c711,0
B001274,Mo Brooks,house,Republican,AL05,,False,2014-05-05,2014-07-09,,Morgan stanley Cap Tr V gtd Cap secs,,Sale,"$1,001 - $15,000",8000.5,False,JT,20000606,https://disclosures-clerk.house.gov/public_disc/ptr-pdfs/2014/20000606.pdf,dfd146d485d7b697e7e00c7958d47c216a1a60595b672dace8189e6408034779,0
B001274,Mo Brooks,house,Republican,AL05,,False,2014-04-16,2014-07-09,,Mobile County ala Brd sch Commrscap,,Purchase,"$1,001 - $15,000",8000.5,False,JT,20000606,https://disclosures-clerk.house.gov/public_disc/ptr-pdfs/2014/20000606.pdf,21040bff3e7c4bab319e3acc86101182df2d9fba0596f85c5f6d26176c1efb7c,0
D000617,Suzan K. DelBene,house,Democrat,WA01,HSWM04; HSWM05; HSWM06; House Committee on Ways and Means,False,2014-06-24,2014-07-09,ERII,"Energy Recovery, Inc.",,Sale,"$1,001 - $15,000",8000.5,False,JT,20001223,https://disclosures-clerk.house.gov/public_disc/ptr-pdfs/2014/20001223.pdf,1de08adb61274e49c76f25a3abc0131ee23b5708cb58ccb22c2b91d6327a6b48,0
D000617,Suzan K. DelBene,house,Democrat,WA01,HSWM04; HSWM05; HSWM06; House Committee on Ways and Means,False,2014-06-27,2014-07-09,CREE,"Cree, Inc.",,Purchase,"$1,001 - $15,000",8000.5,False,JT,20001223,https://disclosures-clerk.house.gov/public_disc/ptr-pdfs/2014/20001223.pdf,c2ebed73f0e874783ee8119af5ae48d634add9cf450db802c062fb8f70582d6f,0
B001274,Mo Brooks,house,Republican,AL05,,False,2014-05-05,2014-07-09,MWO,Morgan stanley Cap Tr V gtd Cap secs,,Sale,"$1,001 - $15,000",8000.5,False,JT,20000606,https://disclosures-clerk.house.gov/public_disc/ptr-pdfs/2014/20000606.pdf,dfd146d485d7b697e7e00c7958d47c216a1a60595b672dace8189e6408034779,1
D000617,Suzan K. DelBene,house,Democrat,WA01,HSWM04; HSWM05; HSWM06; House Committee on Ways and Means,False,2014-06-18,2014-07-09,,Chicago Bridge & Iron Company N.V.,,Sale,"$15,001 - $50,000",32500.5,False,JT,20001223,https://disclosures-clerk.house.gov/public_disc/ptr-pdfs/2014/20001223.pdf,6df9901103cac8b195465400428360ebc2d1bc23ac3f669fccd30564ec6a5613,0
B001274,Mo Brooks,house,Republican,AL05,,False,2014-04-11,2014-07-09,,Etowah Cnty ala Brd Ed Cap Outlay Wts,,Purchase,"$1,001 - $15,000",8000.5,False,JT,20000606,https://disclosures-clerk.house.gov/public_disc/ptr-pdfs/2014/20000606.pdf,c67e794237aaa874ec2c38a1f7d23ceaa840c204c4654dc1de3f60c8947d5959,0
B001274,Mo Brooks,house,Republican,AL05,,False,2014-07-03,2014-07-09,,Decatur ala City Brd Ed spl Tax sch Wts,,Purchase,"$15,001 - $50,000",32500.5,False,JT,20000606,https://disclosures-clerk.house.gov/public_disc/ptr-pdfs/2014/20000606.pdf,57b93a495e15eaa9609efbd10ac9ac098f13c0958a9462482468bce019d4045c,0
P000595,Gary C. Peters,house,Democrat,MI14,"SSAP01; SSAP14; SSAP16; SSAP19; SSAP22; SSAS14; SSAS20; SSAS21; SSCM34; SSCM36; SSCM37; SSCM38; SSGA01; SSGA20; SSGA22; Senate Committee on Appropriations; Senate Committee on Armed Services; Senate Committee on Commerce, Science, and Transportation; Senate Committee on Homeland Security and Governmental Affairs",False,2014-06-25,2014-07-09,,TEVa PhaRMa FIN IV llC,,Purchase,"$1,001 - $15,000",8000.5,False,SELF,20001244,https://disclosures-clerk.house.gov/public_disc/ptr-pdfs/2014/20001244.pdf,99267403a7ae7f221142d412ca696063c3e2510e0d1fad08ab4c374e0595135c,0
P000595,Gary C. Peters,house,Democrat,MI14,"SSAP01; SSAP14; SSAP16; SSAP19; SSAP22; SSAS14; SSAS20; SSAS21; SSCM34; SSCM36; SSCM37; SSCM38; SSGA01; SSGA20; SSGA22; Senate Committee on Appropriations; Senate Committee on Armed Services; Senate Committee on Commerce, Science, and Transportation; Senate Committee on Homeland Security and Governmental Affairs",False,2014-06-30,2014-07-09,,Ford Motor Credit Co llC,,Purchase,"$15,001 - $50,000",32500.5,False,SELF,20001244,https://disclosures-clerk.house.gov/public_disc/ptr-pdfs/2014/20001244.pdf,c6fee8753587b92a35f6f492d276bcd07b8b49197e0ee8bffc31efd401505f14,0
W000413,Ed Whitfield,house,Republican,KY01,,False,2014-06-13,2014-07-09,DOM,type Date sP Dominion Resources Black Warrior Trust,,Sale,"$1,001 - $15,000",8000.5,False,SELF,20001250,https://disclosures-clerk.house.gov/public_disc/ptr-pdfs/2014/20001250.pdf,4a41cd58d54c3695f4ab13da53b83ed22ead5f6f83d661c2178d20974d146608,0
W000413,Ed Whitfield,house,Republican,KY01,,False,2014-06-13,2014-07-09,,Dominion Resources Black Warrior,,Sale,"$1,001 - $15,000",8000.5,False,SP,20001250,https://disclosures-clerk.house.gov/public_disc/ptr-pdfs/2014/20001250.pdf,479f2a15f8d501e7475837e2b0428a3a63149f028b54ddd704131fe6d97df266,0
F000030,Sam Farr,house,Democrat,CA20,,False,2013-10-01,2014-07-09,ACT,actavis plc ordinary Shares,,Purchase,"$15,001 - $50,000",32500.5,False,SELF,20001219,https://disclosures-clerk.house.gov/public_disc/ptr-pdfs/2014/20001219.pdf,1e34d407f8d8592c95be524290037355d134ee6f3fa1d6b272b74c9cc0fccf83,0
D000622,Tammy Duckworth,house,Democrat,IL08,"SSAS14; SSAS15; SSAS17; SSCM33; SSCM34; SSCM38; SSFR01; SSFR14; SSFR15; Senate Committee on Armed Services; Senate Committee on Commerce, Science, and Transportation; Senate Committee on Foreign Relations; Senate Committee on Veterans' Affairs",False,2013-04-05,2014-07-08,,archer-Daniels-Midland Company,,Sale,"$1,001 - $15,000",8000.5,False,JT,20000923,https://disclosures-clerk.house.gov/public_disc/ptr-pdfs/2014/20000923.pdf,31629a0072e2696d909d1e2261faf0e02c088064aec54c67e03e93f806b478cd,0
F000450,Virginia Foxx,house,Republican,NC05,HSED02; HSGO24; House Committee on Education and Workforce; House Committee on Oversight and Government Reform; House Committee on Rules,False,2014-06-24,2014-07-08,PWE,Penn West Petroleum ltd,,Sale,"$15,001 - $50,000",32500.5,False,JT,20001225,https://disclosures-clerk.house.gov/public_disc/ptr-pdfs/2014/20001225.pdf,0edb4dfc28ee14429f496839b85146a2424e3cb2ff18c352e14a2fc09daa166b,0
F000450,Virginia Foxx,house,Republican,NC05,HSED02; HSGO24; House Committee on Education and Workforce; House Committee on Oversight and Government Reform; House Committee on Rules,False,2014-06-24,2014-07-08,,"PIMCO strategic Income Fund, Inc.",,Sale,"$50,001 - $100,000",75000.5,False,JT,20001225,https://disclosures-clerk.house.gov/public_disc/ptr-pdfs/2014/20001225.pdf,69eb0eb82c50467deb46923e95d9ca3ec20f0efbfdfe1bcc23bba0c43d201b44,0
F000450,Virginia Foxx,house,Republican,NC05,HSED02; HSGO24; House Committee on Education and Workforce; House Committee on Oversight and Government Reform; House Committee on Rules,False,2014-06-20,2014-07-08,RNDY,"Roundy's, Inc.",,Sale,"$15,001 - $50,000",32500.5,False,JT,20001225,https://disclosures-clerk.house.gov/public_disc/ptr-pdfs/2014/20001225.pdf,61c5aa9e4864e1a75193a0873f8b0643bca04771bdfb01c645f24f6b6f95a65a,0
F000450,Virginia Foxx,house,Republican,NC05,HSED02; HSGO24; House Committee on Education and Workforce; House Committee on Oversight and Government Reform; House Committee on Rules,False,2014-06-02,2014-07-08,TAL,"Tal International group, Inc.",,Sale,"$15,001 - $50,000",32500.5,False,JT,20001225,https://disclosures-clerk.house.gov/public_disc/ptr-pdfs/2014/20001225.pdf,ec5cf8f41b0519afaf4974c8dba76e56e5a24ed83c90c774c59a78c7c752d0d6,0
F000450,Virginia Foxx,house,Republican,NC05,HSED02; HSGO24; House Committee on Education and Workforce; House Committee on Oversight and Government Reform; House Committee on Rules,False,2014-06-24,2014-07-08,RCS,"PIMCO strategic Income Fund, Inc.",,Sale,"$50,001 - $100,000",75000.5,False,JT,20001225,https://disclosures-clerk.house.gov/public_disc/ptr-pdfs/2014/20001225.pdf,69eb0eb82c50467deb46923e95d9ca3ec20f0efbfdfe1bcc23bba0c43d201b44,1
D000622,Tammy Duckworth,house,Democrat,IL08,"SSAS14; SSAS15; SSAS17; SSCM33; SSCM34; SSCM38; SSFR01; SSFR14; SSFR15; Senate Committee on Armed Services; Senate Committee on Commerce, Science, and Transportation; Senate Committee on Foreign Relations; Senate Committee on Veterans' Affairs",False,2013-01-02,2014-07-08,ABBV,abbVie Inc.,,Purchase,"$1,001 - $15,000",8000.5,False,JT,20000923,https://disclosures-clerk.house.gov/public_disc/ptr-pdfs/2014/20000923.pdf,94bc7bbbff7c049b65ac986566f38035c890f7fe29441fb3ec1e47d360333398,0
D000622,Tammy Duckworth,house,Democrat,IL08,"SSAS14; SSAS15; SSAS17; SSCM33; SSCM34; SSCM38; SSFR01; SSFR14; SSFR15; Senate Committee on Armed Services; Senate Committee on Commerce, Science, and Transportation; Senate Committee on Foreign Relations; Senate Committee on Veterans' Affairs",False,2013-07-12,2014-07-08,CSCO,"Cisco Systems, Inc.",,Sale,"$1,001 - $15,000",8000.5,False,JT,20000923,https://disclosures-clerk.house.gov/public_disc/ptr-pdfs/2014/20000923.pdf,70f8bfb8ff3f747130793a9a11b2daefb9f5c62f73375aa9c50a81598a53a680,0
D000622,Tammy Duckworth,house,Democrat,IL08,"SSAS14; SSAS15; SSAS17; SSCM33; SSCM34; SSCM38; SSFR01; SSFR14; SSFR15; Senate Committee on Armed Services; Senate Committee on Commerce, Science, and Transportation; Senate Committee on Foreign Relations; Senate Committee on Veterans' Affairs",False,2013-02-13,2014-07-08,CCL,Carnival Corporation,,Sale,"$1,001 - $15,000",8000.5,False,JT,20000923,https://disclosures-clerk.house.gov/public_disc/ptr-pdfs/2014/20000923.pdf,35463e50c3cc064a55e2ee48bf2ed1f8d3f94e75f716c21644941bf63894bf6a,0
D000622,Tammy Duckworth,house,Democrat,IL08,"SSAS14; SSAS15; SSAS17; SSCM33; SSCM34; SSCM38; SSFR01; SSFR14; SSFR15; Senate Committee on Armed Services; Senate Committee on Commerce, Science, and Transportation; Senate Committee on Foreign Relations; Senate Committee on Veterans' Affairs",False,2012-11-13,2014-07-08,LMT,Lockheed Martin Corporation,,Sale,"$1,001 - $15,000",8000.5,False,JT,20000923,https://disclosures-clerk.house.gov/public_disc/ptr-pdfs/2014/20000923.pdf,c2322e4da26e3c5200e147aea8e92cb7ce50d90feefe3873fbf83be9f257f384,0
D000622,Tammy Duckworth,house,Democrat,IL08,"SSAS14; SSAS15; SSAS17; SSCM33; SSCM34; SSCM38; SSFR01; SSFR14; SSFR15; Senate Committee on Armed Services; Senate Committee on Commerce, Science, and Transportation; Senate Committee on Foreign Relations; Senate Committee on Veterans' Affairs",False,2013-07-01,2014-07-08,POT,Potash Corporation of Saskatchewan Inc.,,Purchase,"$1,001 - $15,000",8000.5,False,JT,20000923,https://disclosures-clerk.house.gov/public_disc/ptr-pdfs/2014/20000923.pdf,d0819ee756c9e02580ded6c22d85619f766bc6106535191dfb79693c91d8077c,0
D000622,Tammy Duckworth,house,Democrat,IL08,"SSAS14; SSAS15; SSAS17; SSCM33; SSCM34; SSCM38; SSFR01; SSFR14; SSFR15; Senate Committee on Armed Services; Senate Committee on Commerce, Science, and Transportation; Senate Committee on Foreign Relations; Senate Committee on Veterans' Affairs",False,2013-04-05,2014-07-08,ADM,archer-Daniels-Midland Company,,Sale,"$1,001 - $15,000",8000.5,False,JT,20000923,https://disclosures-clerk.house.gov/public_disc/ptr-pdfs/2014/20000923.pdf,31629a0072e2696d909d1e2261faf0e02c088064aec54c67e03e93f806b478cd,1
D000622,Tammy Duckworth,house,Democrat,IL08,"SSAS14; SSAS15; SSAS17; SSCM33; SSCM34; SSCM38; SSFR01; SSFR14; SSFR15; Senate Committee on Armed Services; Senate Committee on Commerce, Science, and Transportation; Senate Committee on Foreign Relations; Senate Committee on Veterans' Affairs",False,2013-02-20,2014-07-08,UIS,Unisys Corporation New,,Sale,"$1,001 - $15,000",8000.5,False,JT,20000923,https://disclosures-clerk.house.gov/public_disc/ptr-pdfs/2014/20000923.pdf,55313bba7e2acf533938906b7d1f3f400d165aafec566d6721e64645fa2ee0bf,0
D000622,Tammy Duckworth,house,Democrat,IL08,"SSAS14; SSAS15; SSAS17; SSCM33; SSCM34; SSCM38; SSFR01; SSFR14; SSFR15; Senate Committee on Armed Services; Senate Committee on Commerce, Science, and Transportation; Senate Committee on Foreign Relations; Senate Committee on Veterans' Affairs",False,2012-07-26,2014-07-08,CAT,"Caterpillar, Inc.",,Purchase,"$1,001 - $15,000",8000.5,False,JT,20000923,https://disclosures-clerk.house.gov/public_disc/ptr-pdfs/2014/20000923.pdf,a5020c961cbe5ab34e650fecbabc33e50d9d39f77e46a4d1463678ef1697d555,0
D000622,Tammy Duckworth,house,Democrat,IL08,"SSAS14; SSAS15; SSAS17; SSCM33; SSCM34; SSCM38; SSFR01; SSFR14; SSFR15; Senate Committee on Armed Services; Senate Committee on Commerce, Science, and Transportation; Senate Committee on Foreign Relations; Senate Committee on Veterans' Affairs",False,2013-07-01,2014-07-08,,Potash Corporation of Saskatchewan,,Purchase,"$1,001 - $15,000",8000.5,False,JT,20000923,https://disclosures-clerk.house.gov/public_disc/ptr-pdfs/2014/20000923.pdf,6935d85ffdbf5229072f936d3df33ffa6d685868d27c915f2df10127532d1fef,0
D000622,Tammy Duckworth,house,Democrat,IL08,"SSAS14; SSAS15; SSAS17; SSCM33; SSCM34; SSCM38; SSFR01; SSFR14; SSFR15; Senate Committee on Armed Services; Senate Committee on Commerce, Science, and Transportation; Senate Committee on Foreign Relations; Senate Committee on Veterans' Affairs",False,2013-06-28,2014-07-08,NTRI,NutriSystem Inc,,Sale,"$1,001 - $15,000",8000.5,False,JT,20000923,https://disclosures-clerk.house.gov/public_disc/ptr-pdfs/2014/20000923.pdf,e1a5bc093cfa21b603c569ac47878448c89f2811195ecfabdd0544726001b22a,0
D000622,Tammy Duckworth,house,Democrat,IL08,"SSAS14; SSAS15; SSAS17; SSCM33; SSCM34; SSCM38; SSFR01; SSFR14; SSFR15; Senate Committee on Armed Services; Senate Committee on Commerce, Science, and Transportation; Senate Committee on Foreign Relations; Senate Committee on Veterans' Affairs",False,2012-07-24,2014-07-08,PG,Procter & gamble Company,,Sale,"$1,001 - $15,000",8000.5,False,JT,20000923,https://disclosures-clerk.house.gov/public_disc/ptr-pdfs/2014/20000923.pdf,7db075c1c54388ab6f2933706d0979e547d1ec305db0b76ce97929ec925545b0,0
D000622,Tammy Duckworth,house,Democrat,IL08,"SSAS14; SSAS15; SSAS17; SSCM33; SSCM34; SSCM38; SSFR01; SSFR14; SSFR15; Senate Committee on Armed Services; Senate Committee on Commerce, Science, and Transportation; Senate Committee on Foreign Relations; Senate Committee on Veterans' Affairs",False,2013-02-26,2014-07-08,CSCO,"Cisco Systems, Inc.",,Sale,"$1,001 - $15,000",8000.5,False,JT,20000923,https://disclosures-clerk.house.gov/public_disc/ptr-pdfs/2014/20000923.pdf,b6b24bb498f1ef2497cfc383652320d8e939bf43556bd262f5d3f472baa04909,1
D000622,Tammy Duckworth,house,Democrat,IL08,"SSAS14; SSAS15; SSAS17; SSCM33; SSCM34; SSCM38; SSFR01; SSFR14; SSFR15; Senate Committee on Armed Services; Senate Committee on Commerce, Science, and Transportation; Senate Committee on Foreign Relations; Senate Committee on Veterans' Affairs",False,2013-02-26,2014-07-08,CSCO,"Cisco Systems, Inc.",,Sale,"$1,001 - $15,000",8000.5,False,JT,20000923,https://disclosures-clerk.house.gov/public_disc/ptr-pdfs/2014/20000923.pdf,b6b24bb498f1ef2497cfc383652320d8e939bf43556bd262f5d3f472baa04909,0
G000563,Bob Gibbs,house,Republican,OH07,,False,2014-07-07,2014-07-08,VFC,V.F. Corporation,,Purchase,"$1,001 - $15,000",8000.5,False,SELF,20001261,https://disclosures-clerk.house.gov/public_disc/ptr-pdfs/2014/20001261.pdf,1dc87714c5151cb22ec75f3f39855eef27ccb352195baffa741f1e3d44633ea8,0
D000622,Tammy Duckworth,house,Democrat,IL08,"SSAS14; SSAS15; SSAS17; SSCM33; SSCM34; SSCM38; SSFR01; SSFR14; SSFR15; Senate Committee on Armed Services; Senate Committee on Commerce, Science, and Transportation; Senate Committee on Foreign Relations; Senate Committee on Veterans' Affairs",False,2012-08-16,2014-07-08,PG,Procter & gamble Company,,Sale,"$1,001 - $15,000",8000.5,False,JT,20000923,https://disclosures-clerk.house.gov/public_disc/ptr-pdfs/2014/20000923.pdf,a8f30852a88d6a44e1fb48f0d677bdd30000e167456133d385e3325e3636118b,0
G000563,Bob Gibbs,house,Republican,OH07,,False,2014-06-30,2014-07-03,TMST,Timken Steel Corporation Common Shares,,Exchange,"$1,001 - $15,000",8000.5,False,SELF,20001237,https://disclosures-clerk.house.gov/public_disc/ptr-pdfs/2014/20001237.pdf,d636358e6ca14603a3a6768c6f0c2d9e9b48a03f2df783ceac02300d97a5231b,0
G000563,Bob Gibbs,house,Republican,OH07,,False,2014-06-30,2014-07-03,,Timken Steel Corporation Common,,Exchange,"$1,001 - $15,000",8000.5,False,SELF,20001237,https://disclosures-clerk.house.gov/public_disc/ptr-pdfs/2014/20001237.pdf,530b3b00efd048c25d4f063b84b4d09b622cc9fdf08de419c5940cda6a8591fd,0
G000563,Bob Gibbs,house,Republican,OH07,,False,2014-06-30,2014-07-03,TKR,Timken Company,,Exchange,"$1,001 - $15,000",8000.5,False,SELF,20001237,https://disclosures-clerk.house.gov/public_disc/ptr-pdfs/2014/20001237.pdf,2c6db77b824a0fd74b9f733b6afce46bd6a5d71da839a3a2945c87dc78f23146,0
G000551,Raúl M. Grijalva,house,Democrat,AZ03,,False,2014-06-16,2014-07-01,INF,type Date sP Brookfield Global listed Infrastructure Income Fund Closed End Fund,,Purchase,"$1,001 - $15,000",8000.5,False,SELF,20001226,https://disclosures-clerk.house.gov/public_disc/ptr-pdfs/2014/20001226.pdf,9e4c47097c760bb07f8317b23769d02edaa5ee5af5205eed7d618fa8af6ec6c3,0
L000579,Alan S. Lowenthal,house,Democrat,CA47,,False,2014-06-17,2014-06-27,IACI,IAC/InterActiveCorp,,Purchase,"$15,001 - $50,000",32500.5,False,SELF,20001217,https://disclosures-clerk.house.gov/public_disc/ptr-pdfs/2014/20001217.pdf,760d3d5f1e8480f35503bd53bea8720b51d53783c7b29276bc5bebecc2244d42,0
L000579,Alan S. Lowenthal,house,Democrat,CA47,,False,2014-06-25,2014-06-27,INTU,Intuit Inc.,,Purchase,"$1,001 - $15,000",8000.5,False,SELF,20001217,https://disclosures-clerk.house.gov/public_disc/ptr-pdfs/2014/20001217.pdf,4c4110b4d37e0ef12570597d77ca20afea7057c95c0fc847e139033e9657fbb1,0
N000182,Randy Neugebauer,house,Republican,TX19,,False,2014-06-24,2014-06-20,QRE,"type Date QR Energy, LP Common Units",,Sale,"$15,001 - $50,000",32500.5,False,SELF,20001179,https://disclosures-clerk.house.gov/public_disc/ptr-pdfs/2014/20001179.pdf,418c784ad5a99cbd528e6b90d133dafdf126fb8b058a15cbce5d5851fc9b948e,0
N000182,Randy Neugebauer,house,Republican,TX19,,False,2014-06-24,2014-06-20,,"QR Energy, LP Common Units",,Sale,"$15,001 - $50,000",32500.5,False,SELF,20001179,https://disclosures-clerk.house.gov/public_disc/ptr-pdfs/2014/20001179.pdf,78c6814a259801e1610e2e97b502f63b79fae667ae73105ab71577927b7fa476,0
F000462,Lois Frankel,house,Democrat,FL22,HSAP04; HSAP07; House Committee on Appropriations,False,2014-06-12,2014-06-18,MCHP,Microchip Technology Incorporated,,Sale,"$1,001 - $15,000",8000.5,False,SELF,20001158,https://disclosures-clerk.house.gov/public_disc/ptr-pdfs/2014/20001158.pdf,9faf935d1f0631272e813a79ed1fd812dcca816ffc750dfa7b82f0030703c825,1
F000462,Lois Frankel,house,Democrat,FL22,HSAP04; HSAP07; House Committee on Appropriations,False,2014-06-12,2014-06-18,BIIB,biogen Idec Inc.,,Sale,"$1,001 - $15,000",8000.5,False,SELF,20001158,https://disclosures-clerk.house.gov/public_disc/ptr-pdfs/2014/20001158.pdf,88e724796ad25983953716e7b42221f20f6cf558dac809bce38b053f4136aba1,0
F000462,Lois Frankel,house,Democrat,FL22,HSAP04; HSAP07; House Committee on Appropriations,False,2014-06-12,2014-06-18,,"Eaton Corporation, PLC ordinary shares",,Sale,"$1,001 - $15,000",8000.5,False,SELF,20001158,https://disclosures-clerk.house.gov/public_disc/ptr-pdfs/2014/20001158.pdf,76e8a3737ef5e53e356806cae036d6ff38643b7585ce20741e4fbcc8058ce374,0
F000462,Lois Frankel,house,Democrat,FL22,HSAP04; HSAP07; House Committee on Appropriations,False,2014-06-12,2014-06-18,NBR,Nabors Industries Ltd.,,Sale,"$1,001 - $15,000",8000.5,False,SELF,20001158,https://disclosures-clerk.house.gov/public_disc/ptr-pdfs/2014/20001158.pdf,dae1a241dd548b18bf73d1a5381794f0cf4dd5b62527ef8bab9fb2e01cd32e06,0
F000462,Lois Frankel,house,Democrat,FL22,HSAP04; HSAP07; House Committee on Appropriations,False,2014-06-12,2014-06-18,,Naspers Limited N shs sponsored,,Sale,"$1,001 - $15,000",8000.5,False,SELF,20001158,https://disclosures-clerk.house.gov/public_disc/ptr-pdfs/2014/20001158.pdf,5e190f1b48982df653a0f3763cd144d2f7ec3eeaba2390db8cc4f87d320f005c,0
F000462,Lois Frankel,house,Democrat,FL22,HSAP04; HSAP07; House Committee on Appropriations,False,2014-06-12,2014-06-18,,Nestle sA sponsored ADR representing,,Sale,"$1,001 - $15,000",8000.5,False,SELF,20001158,https://disclosures-clerk.house.gov/public_disc/ptr-pdfs/2014/20001158.pdf,e5c1d06237bac058737cec4048381847505a792626f944935bb348bbf529afba,0
F000462,Lois Frankel,house,Democrat,FL22,HSAP04; HSAP07; House Committee on Appropriations,False,2014-06-12,2014-06-18,NEE,"NextEra Energy, Inc.",,Sale,"$1,001 - $15,000",8000.5,False,SELF,20001158,https://disclosures-clerk.house.gov/public_disc/ptr-pdfs/2014/20001158.pdf,4573286e06311705a80b9c9f3dae65e2b8b7a8584e96df5efd97a6acfc5e0e74,0
F000462,Lois Frankel,house,Democrat,FL22,HSAP04; HSAP07; House Committee on Appropriations,False,2014-06-12,2014-06-18,NE,Noble Corporation ordinary shares,,Sale,"$1,001 - $15,000",8000.5,False,SELF,20001158,https://disclosures-clerk.house.gov/public_disc/ptr-pdfs/2014/20001158.pdf,0fa3a995839a8635b6be77654b19e8fdd41359c63a1fdcbbde5461694d24dfe6,0
F000462,Lois Frankel,house,Democrat,FL22,HSAP04; HSAP07; House Committee on Appropriations,False,2014-06-12,2014-06-18,NVS,Novartis AG,,Sale,"$1,001 - $15,000",8000.5,False,SELF,20001158,https://disclosures-clerk.house.gov/public_disc/ptr-pdfs/2014/20001158.pdf,99530d48a037eb92d667d8457985b3143356dc73e3f90de9880724669050df91,0
F000462,Lois Frankel,house,Democrat,FL22,HSAP04; HSAP07; House Committee on Appropriations,False,2014-06-12,2014-06-18,NXPI,NXP semiconductors N.V.,,Sale,"$1,001 - $15,000",8000.5,False,SELF,20001158,https://disclosures-clerk.house.gov/public_disc/ptr-pdfs/2014/20001158.pdf,bb64e285bc186d75e058b89424ca805b254689e7fb49a523c1b88dcd53e26bf6,0
F000462,Lois Frankel,house,Democrat,FL22,HSAP04; HSAP07; House Committee on Appropriations,False,2014-06-09,2014-06-18,NXPI,NXP semiconductors N.V.,,Purchase,"$1,001 - $15,000",8000.5,False,SELF,20001158,https://disclosures-clerk.house.gov/public_disc/ptr-pdfs/2014/20001158.pdf,f68ba1ff612602356fdd4fd9f7ea9cab7f18edf9e7b715b547226efd69814e52,0
F000462,Lois Frankel,house,Democrat,FL22,HSAP04; HSAP07; House Committee on Appropriations,False,2014-06-05,2014-06-18,NXPI,NXP semiconductors N.V.,,Purchase,"$1,001 - $15,000",8000.5,False,SELF,20001158,https://disclosures-clerk.house.gov/public_disc/ptr-pdfs/2014/20001158.pdf,fc3a20c775711b945a8aa14d366e1f35447e8704539a46b9a2bd651be839f20c,0
F000462,Lois Frankel,house,Democrat,FL22,HSAP04; HSAP07; House Committee on Appropriations,False,2014-06-12,2014-06-18,,Pacific Rubiales Energy Corp New,,Sale,"$1,001 - $15,000",8000.5,False,SELF,20001158,https://disclosures-clerk.house.gov/public_disc/ptr-pdfs/2014/20001158.pdf,200cec1149d408889bdbfb176fa4e567ba027b5709f34b4ab1de65907dd7d82e,0
F000462,Lois Frankel,house,Democrat,FL22,HSAP04; HSAP07; House Committee on Appropriations,False,2014-06-12,2014-06-18,PRE,PartnerRe Ltd.,,Sale,"$1,001 - $15,000",8000.5,False,SELF,20001158,https://disclosures-clerk.house.gov/public_disc/ptr-pdfs/2014/20001158.pdf,cc120b488d5575afb233b61e3216be090bfa7d9035a9e43dd476848c95fbb48b,0
F000462,Lois Frankel,house,Democrat,FL22,HSAP04; HSAP07; House Committee on Appropriations,False,2014-06-12,2014-06-18,VALE,VALE s.A. American Depositary shares,,Sale,"$1,001 - $15,000",8000.5,False,SELF,20001158,https://disclosures-clerk.house.gov/public_disc/ptr-pdfs/2014/20001158.pdf,9a2d05ac9ca944989b9ac9c2287d38df63371b5bcf5578dd2e00a6d3822aeff7,1
F000462,Lois Frankel,house,Democrat,FL22,HSAP04; HSAP07; House Committee on Appropriations,False,2014-06-12,2014-06-18,TS,Tenaris s.A. American Depositary shares,,Sale,"$1,001 - $15,000",8000.5,False,SELF,20001158,https://disclosures-clerk.house.gov/public_disc/ptr-pdfs/2014/20001158.pdf,ef061ba1cd0fc0da2ed91b19dedc13d3d649132268ebc29d65123446d77fbb3b,1
F000462,Lois Frankel,house,Democrat,FL22,HSAP04; HSAP07; House Committee on Appropriations,False,2014-06-12,2014-06-18,TCK,Teck Resources Ltd ordinary shares,,Sale,"$1,001 - $15,000",8000.5,False,SELF,20001158,https://disclosures-clerk.house.gov/public_disc/ptr-pdfs/2014/20001158.pdf,9d673e7444dbbfa7791b33aebb58104d5c31b9ba400560bbd13c89c7c236b085,1
F000462,Lois Frankel,house,Democrat,FL22,HSAP04; HSAP07; House Committee on Appropriations,False,2014-06-12,2014-06-18,TTM,Tata Motors Ltd Tata Motors Limited,,Sale,"$1,001 - $15,000",8000.5,False,SELF,20001158,https://disclosures-clerk.house.gov/public_disc/ptr-pdfs/2014/20001158.pdf,6120078351f3027830147319017b2f8e29ab77f44014b2ef976164a57f40d6e3,1
F000462,Lois Frankel,house,Democrat,FL22,HSAP04; HSAP07; House Committee on Appropriations,False,2014-06-12,2014-06-18,TSM,Taiwan semiconductor Manufacturing Company Ltd.,,Sale,"$1,001 - $15,000",8000.5,False,SELF,20001158,https://disclosures-clerk.house.gov/public_disc/ptr-pdfs/2014/20001158.pdf,73ff8ad151f1e1cb03d717e7c76346734dcab0571aa79a8c12a71805522049c8,0
F000462,Lois Frankel,house,Democrat,FL22,HSAP04; HSAP07; House Committee on Appropriations,False,2014-06-12,2014-06-18,POT,Potash Corporation of saskatchewan Inc.,,Sale,"$1,001 - $15,000",8000.5,False,SELF,20001158,https://disclosures-clerk.house.gov/public_disc/ptr-pdfs/2014/20001158.pdf,3bfeda560f6cd45da99d2b3d7ba250b947faf56386426437c27f61fa68a0f5fd,0
F000462,Lois Frankel,house,Democrat,FL22,HSAP04; HSAP07; House Committee on Appropriations,False,2014-06-12,2014-06-18,PEGFF,Pacific Rubiales Energy Corp New ordinary shares,,Sale,"$1,001 - $15,000",8000.5,False,SELF,20001158,https://disclosures-clerk.house.gov/public_disc/ptr-pdfs/2014/20001158.pdf,9a34e2f2159af4ce26b02967825362f572ac36dcb19144305b7ea9d9a915eee4,0
F000462,Lois Frankel,house,Democrat,FL22,HSAP04; HSAP07; House Committee on Appropriations,False,2014-06-12,2014-06-18,NSRGY,Nestle sA sponsored ADR representing Registered shares series b,,Sale,"$1,001 - $15,000",8000.5,False,SELF,20001158,https://disclosures-clerk.house.gov/public_disc/ptr-pdfs/2014/20001158.pdf,102bfc5d4fdf778356bd0d776bc802b2d1238c2874a474e81965a2277bdeb77e,0
F000462,Lois Frankel,house,Democrat,FL22,HSAP04; HSAP07; House Committee on Appropriations,False,2014-06-12,2014-06-18,NPSNY,Naspers Limited N shs sponsored Representing Class N shares,,Sale,"$1,001 - $15,000",8000.5,False,SELF,20001158,https://disclosures-clerk.house.gov/public_disc/ptr-pdfs/2014/20001158.pdf,efd02fcc06f997669ad95341642ae0e2205197b379b5b92d259b6eafc6dd4897,0
F000462,Lois Frankel,house,Democrat,FL22,HSAP04; HSAP07; House Committee on Appropriations,False,2014-06-12,2014-06-18,PFE,"Pfizer, Inc.",,Sale,"$1,001 - $15,000",8000.5,False,SELF,20001158,https://disclosures-clerk.house.gov/public_disc/ptr-pdfs/2014/20001158.pdf,841b3ec51969fa5d970665ec5790445088ae79e4b73e97f0e957cff26f62939e,0
F000462,Lois Frankel,house,Democrat,FL22,HSAP04; HSAP07; House Committee on Appropriations,False,2014-06-12,2014-06-18,MS,Morgan stanley,,Sale,"$1,001 - $15,000",8000.5,False,SELF,20001158,https://disclosures-clerk.house.gov/public_disc/ptr-pdfs/2014/20001158.pdf,8b74f557984aeb6b6117cbfd228d2c80c264667bf6c944f1c1f34e42f4c88974,0
F000462,Lois Frankel,house,Democrat,FL22,HSAP04; HSAP07; House Committee on Appropriations,False,2014-06-12,2014-06-18,MSFT,Microsoft Corporation,,Sale,"$1,001 - $15,000",8000.5,False,SELF,20001158,https://disclosures-clerk.house.gov/public_disc/ptr-pdfs/2014/20001158.pdf,2e03a4bbb149244cbc6c3f0fa0b1ca8ea0cd0d8e40967baffb014f9a30d505c3,0
F000462,Lois Frankel,house,Democrat,FL22,HSAP04; HSAP07; House Committee on Appropriations,False,2014-06-12,2014-06-18,,Microchip Technology Incorporated,,Sale,"$1,001 - $15,000",8000.5,False,SELF,20001158,https://disclosures-clerk.house.gov/public_disc/ptr-pdfs/2014/20001158.pdf,9faf935d1f0631272e813a79ed1fd812dcca816ffc750dfa7b82f0030703c825,0
F000462,Lois Frankel,house,Democrat,FL22,HSAP04; HSAP07; House Committee on Appropriations,False,2014-06-12,2014-06-18,HTZ,"Hertz Global Holdings, Inc",,Sale,"$1,001 - $15,000",8000.5,False,SELF,20001158,https://disclosures-clerk.house.gov/public_disc/ptr-pdfs/2014/20001158.pdf,0352915b9dbbd7cdda2062f04bfbe77591da1642f0bee159c081630a2b10531b,0
F000462,Lois Frankel,house,Democrat,FL22,HSAP04; HSAP07; House Committee on Appropriations,False,2014-06-12,2014-06-18,ESV,Ensco plc Class A ordinary shares,,Sale,"$1,001 - $15,000",8000.5,False,SELF,20001158,https://disclosures-clerk.house.gov/public_disc/ptr-pdfs/2014/20001158.pdf,b1a12637f8c9c9fc193d334f096cf8b4a493d102fa04c386f632908a4ff8eb54,0
F000462,Lois Frankel,house,Democrat,FL22,HSAP04; HSAP07; House Committee on Appropriations,False,2014-06-12,2014-06-18,EOG,"EoG Resources, Inc.",,Sale,"$1,001 - $15,000",8000.5,False,SELF,20001158,https://disclosures-clerk.house.gov/public_disc/ptr-pdfs/2014/20001158.pdf,a36f7c9cb794c0459913e31fb5562bd96a72f725d0f278346edc76447646450d,0
F000462,Lois Frankel,house,Democrat,FL22,HSAP04; HSAP07; House Committee on Appropriations,False,2014-05-21,2014-06-18,XOM,Exxon Mobil Corporation,,Sale,"$1,001 - $15,000",8000.5,False,SELF,20001158,https://disclosures-clerk.house.gov/public_disc/ptr-pdfs/2014/20001158.pdf,46efb6e74a1c10d89d49ceda3e38d19312e428e6e5e2540fc202d0b8221478f2,0
F000462,Lois Frankel,house,Democrat,FL22,HSAP04; HSAP07; House Committee on Appropriations,False,2014-06-12,2014-06-18,,Fanuc Corporation unsponsored ADR,,Sale,"$1,001 - $15,000",8000.5,False,SELF,20001158,https://disclosures-clerk.house.gov/public_disc/ptr-pdfs/2014/20001158.pdf,22e7949c7ad8702ac28b032aa330da286c0bb9c0372183138710f0390abc35c0,0
F000462,Lois Frankel,house,Democrat,FL22,HSAP04; HSAP07; House Committee on Appropriations,False,2014-06-12,2014-06-18,FLS,Flowserve Corporation,,Sale,"$1,001 - $15,000",8000.5,False,SELF,20001158,https://disclosures-clerk.house.gov/public_disc/ptr-pdfs/2014/20001158.pdf,5475c7bb0f0afb1b199a617c505e4649354b1a597f8c063aa2697e92b8507d0b,0
F000462,Lois Frankel,house,Democrat,FL22,HSAP04; HSAP07; House Committee on Appropriations,False,2014-06-12,2014-06-18,GNW,Genworth Financial Inc,,Sale,"$1,001 - $15,000",8000.5,False,SELF,20001158,https://disclosures-clerk.house.gov/public_disc/ptr-pdfs/2014/20001158.pdf,af664fe991b8d04bbe7db54ebe264d26848976a9ffcf745ab56583e9a9d5eb0b,0
F000462,Lois Frankel,house,Democrat,FL22,HSAP04; HSAP07; House Committee on Appropriations,False,2014-06-09,2014-06-18,GNW,Genworth Financial Inc,,Purchase,"$1,001 - $15,000",8000.5,False,SELF,20001158,https://disclosures-clerk.house.gov/public_disc/ptr-pdfs/2014/20001158.pdf,a80d6c95b3a5310b438f4cbf0a12365f3b5ed4184516bdda1fca1928f0b19b72,0
F000462,Lois Frankel,house,Democrat,FL22,HSAP04; HSAP07; House Committee on Appropriations,False,2014-06-05,2014-06-18,GNC,"GNC Holdings, Inc. Class A",,Sale,"$1,001 - $15,000",8000.5,False,SELF,20001158,https://disclosures-clerk.house.gov/public_disc/ptr-pdfs/2014/20001158.pdf,0b75349def51da8efef2e7ffea9336c516bc789c2e20e2cd897e8c05eb69385d,0
F000462,Lois Frankel,house,Democrat,FL22,HSAP04; HSAP07; House Committee on Appropriations,False,2014-06-09,2014-06-18,HTZ,"Hertz Global Holdings, Inc",,Sale,"$1,001 - $15,000",8000.5,False,SELF,20001158,https://disclosures-clerk.house.gov/public_disc/ptr-pdfs/2014/20001158.pdf,8b16eac0dbc012a877e7babdde32449a6e9098f2c1146198d32d66d99a6dc40a,0
F000462,Lois Frankel,house,Democrat,FL22,HSAP04; HSAP07; House Committee on Appropriations,False,2014-06-12,2014-06-18,HES,Hess Corporation,,Sale,"$1,001 - $15,000",8000.5,False,SELF,20001158,https://disclosures-clerk.house.gov/public_disc/ptr-pdfs/2014/20001158.pdf,24d2fc546e3494c5b3732bfbdb2bf8c0494f6c753ffdef8f1abb1ff5e94524de,0
F000462,Lois Frankel,house,Democrat,FL22,HSAP04; HSAP07; House Committee on Appropriations,False,2014-06-12,2014-06-18,,"Merck & Company, Inc. Common stock",,Sale,"$1,001 - $15,000",8000.5,False,SELF,20001158,https://disclosures-clerk.house.gov/public_disc/ptr-pdfs/2014/20001158.pdf,edb07264f3a79434e5450006a9e8a7404e7f842d63b4a71ad010b1451e237bdc,0
F000462,Lois Frankel,house,Democrat,FL22,HSAP04; HSAP07; House Committee on Appropriations,False,2014-06-12,2014-06-18,HD,"Home Depot, Inc.",,Sale,"$1,001 - $15,000",8000.5,False,SELF,20001158,https://disclosures-clerk.house.gov/public_disc/ptr-pdfs/2014/20001158.pdf,fdf8eec3f8cbe612908803a65495e52e8fd96e7121d93fce9f2fbbf57fd05bd2,0
F000462,Lois Frankel,house,Democrat,FL22,HSAP04; HSAP07; House Committee on Appropriations,False,2014-06-12,2014-06-18,,Industrial & Commercial bank of China,,Sale,"$1,001 - $15,000",8000.5,False,SELF,20001158,https://disclosures-clerk.house.gov/public_disc/ptr-pdfs/2014/20001158.pdf,442316c746d97bc34b56a3b532d25b8d90534ed83ed74239aaa827acebe08dca,0
F000462,Lois Frankel,house,Democrat,FL22,HSAP04; HSAP07; House Committee on Appropriations,False,2014-06-12,2014-06-18,,Infosys Limited American Depositary,,Sale,"$1,001 - $15,000",8000.5,False,SELF,20001158,https://disclosures-clerk.house.gov/public_disc/ptr-pdfs/2014/20001158.pdf,445d0f01b73a5e23a96b1048ac9b95e620f89657542569a551838bd58e99435f,0
F000462,Lois Frankel,house,Democrat,FL22,HSAP04; HSAP07; House Committee on Appropriations,False,2014-06-12,2014-06-18,IR,Ingersoll-Rand plc,,Sale,"$1,001 - $15,000",8000.5,False,SELF,20001158,https://disclosures-clerk.house.gov/public_disc/ptr-pdfs/2014/20001158.pdf,f467b07bc398fabbf1023a481bf147b53e2da77afcba7b65c058b156d16a6947,0
F000462,Lois Frankel,house,Democrat,FL22,HSAP04; HSAP07; House Committee on Appropriations,False,2014-06-12,2014-06-18,,Itau unibanco banco Holding sA,,Sale,"$1,001 - $15,000",8000.5,False,SELF,20001158,https://disclosures-clerk.house.gov/public_disc/ptr-pdfs/2014/20001158.pdf,804ee6cd1da753e3c441f11c1043da3c9665b60c231a06ae0a474d40e5b883e1,0
F000462,Lois Frankel,house,Democrat,FL22,HSAP04; HSAP07; House Committee on Appropriations,False,2014-06-12,2014-06-18,KSU,Kansas City southern,,Sale,"$1,001 - $15,000",8000.5,False,SELF,20001158,https://disclosures-clerk.house.gov/public_disc/ptr-pdfs/2014/20001158.pdf,e1322aadfaeb8fe8883df6138b28122a8527c5ec350742bcb3bad05ba596b754,0
F000462,Lois Frankel,house,Democrat,FL22,HSAP04; HSAP07; House Committee on Appropriations,False,2014-06-12,2014-06-18,,"Kinder Morgan Management, LLC",,Sale,"$1,001 - $15,000",8000.5,False,SELF,20001158,https://disclosures-clerk.house.gov/public_disc/ptr-pdfs/2014/20001158.pdf,29aac3bba5348b0c8ecd773dbeab392532b20f61acd0a0be5f1c1d71c92273b3,0
F000462,Lois Frankel,house,Democrat,FL22,HSAP04; HSAP07; House Committee on Appropriations,False,2014-06-11,2014-06-18,LMT,Lockheed Martin Corporation,,Sale,"$1,001 - $15,000",8000.5,False,SELF,20001158,https://disclosures-clerk.house.gov/public_disc/ptr-pdfs/2014/20001158.pdf,b0fe1376c6d0133f03f4fc19f41ef23461626e05141fc1402425e9ce43292b63,0
F000462,Lois Frankel,house,Democrat,FL22,HSAP04; HSAP07; House Committee on Appropriations,False,2014-06-12,2014-06-18,,Lyondellbasell Industries NV ordinary,,Sale,"$1,001 - $15,000",8000.5,False,SELF,20001158,https://disclosures-clerk.house.gov/public_disc/ptr-pdfs/2014/20001158.pdf,ffbdb9bb563e87073c21b55306e9a85c00a729de5834751f50c2d1fb5b225648,0
F000462,Lois Frankel,house,Democrat,FL22,HSAP04; HSAP07; House Committee on Appropriations,False,2014-06-12,2014-06-18,MRK,"Merck & Company, Inc. Common stock",,Sale,"$1,001 - $15,000",8000.5,False,SELF,20001158,https://disclosures-clerk.house.gov/public_disc/ptr-pdfs/2014/20001158.pdf,edb07264f3a79434e5450006a9e8a7404e7f842d63b4a71ad010b1451e237bdc,1
F000462,Lois Frankel,house,Democrat,FL22,HSAP04; HSAP07; House Committee on Appropriations,False,2014-06-12,2014-06-18,LYB,Lyondellbasell Industries NV ordinary shares Class A,,Sale,"$1,001 - $15,000",8000.5,False,SELF,20001158,https://disclosures-clerk.house.gov/public_disc/ptr-pdfs/2014/20001158.pdf,21e80c81251564aa8cf88418a4acac79ca98c22a0f3675a2d12dedd70641fe57,0
F000462,Lois Frankel,house,Democrat,FL22,HSAP04; HSAP07; House Committee on Appropriations,False,2014-06-12,2014-06-18,KMR,"type Date Kinder Morgan Management, LLC",,Sale,"$1,001 - $15,000",8000.5,False,SELF,20001158,https://disclosures-clerk.house.gov/public_disc/ptr-pdfs/2014/20001158.pdf,bd2d873b2d5d56323000be21d073b36f92c8849cdedd1ae74c7dd61d95d5733a,0
F000462,Lois Frankel,house,Democrat,FL22,HSAP04; HSAP07; House Committee on Appropriations,False,2014-06-12,2014-06-18,,Tenaris s.A. American Depositary shares,,Sale,"$1,001 - $15,000",8000.5,False,SELF,20001158,https://disclosures-clerk.house.gov/public_disc/ptr-pdfs/2014/20001158.pdf,ef061ba1cd0fc0da2ed91b19dedc13d3d649132268ebc29d65123446d77fbb3b,0
F000462,Lois Frankel,house,Democrat,FL22,HSAP04; HSAP07; House Committee on Appropriations,False,2014-06-12,2014-06-18,WFC,Wells Fargo & Company,,Sale,"$1,001 - $15,000",8000.5,False,SELF,20001158,https://disclosures-clerk.house.gov/public_disc/ptr-pdfs/2014/20001158.pdf,48b4834cb8bd7d770dc5c842c03e7ee71dd7fae165ea523366552b553e66c8a2,0
F000462,Lois Frankel,house,Democrat,FL22,HSAP04; HSAP07; House Committee on Appropriations,False,2014-06-12,2014-06-18,WFT,"Weatherford International, Ltd",,Sale,"$1,001 - $15,000",8000.5,False,SELF,20001158,https://disclosures-clerk.house.gov/public_disc/ptr-pdfs/2014/20001158.pdf,b212448fd07b67700e8e63a886b2fd2c4ab72fbb2512fb64b4c458a62c772ebf,1
F000462,Lois Frankel,house,Democrat,FL22,HSAP04; HSAP07; House Committee on Appropriations,False,2014-06-12,2014-06-18,WFT,"Weatherford International, Ltd",,Sale,"$1,001 - $15,000",8000.5,False,SELF,20001158,https://disclosures-clerk.house.gov/public_disc/ptr-pdfs/2014/20001158.pdf,b212448fd07b67700e8e63a886b2fd2c4ab72fbb2512fb64b4c458a62c772ebf,0
F000462,Lois Frankel,house,Democrat,FL22,HSAP04; HSAP07; House Committee on Appropriations,False,2014-06-12,2014-06-18,V,Visa Inc.,,Sale,"$1,001 - $15,000",8000.5,False,SELF,20001158,https://disclosures-clerk.house.gov/public_disc/ptr-pdfs/2014/20001158.pdf,6a0ba4b7a95dec5ab4d3d7af24bb3fcb9697bcdcc9f414fcb1326f2a027000fb,0
F000462,Lois Frankel,house,Democrat,FL22,HSAP04; HSAP07; House Committee on Appropriations,False,2014-06-12,2014-06-18,,VALE s.A. American Depositary shares,,Sale,"$1,001 - $15,000",8000.5,False,SELF,20001158,https://disclosures-clerk.house.gov/public_disc/ptr-pdfs/2014/20001158.pdf,9a2d05ac9ca944989b9ac9c2287d38df63371b5bcf5578dd2e00a6d3822aeff7,0
F000462,Lois Frankel,house,Democrat,FL22,HSAP04; HSAP07; House Committee on Appropriations,False,2014-06-12,2014-06-18,UN,unilever NV,,Sale,"$1,001 - $15,000",8000.5,False,SELF,20001158,https://disclosures-clerk.house.gov/public_disc/ptr-pdfs/2014/20001158.pdf,ff24a70fe8c577ec1bc1866510cd0a8984f9024863b5e9e20efc22cff7cd98fa,0
F000462,Lois Frankel,house,Democrat,FL22,HSAP04; HSAP07; House Committee on Appropriations,False,2014-06-12,2014-06-18,UBS,ubs AG,,Sale,"$1,001 - $15,000",8000.5,False,SELF,20001158,https://disclosures-clerk.house.gov/public_disc/ptr-pdfs/2014/20001158.pdf,925a292efdb6fa966c221d58bfe4c97c817f798290b406be9e836b79ee478e52,0
F000462,Lois Frankel,house,Democrat,FL22,HSAP04; HSAP07; House Committee on Appropriations,False,2014-06-12,2014-06-18,TKR,Timken Company,,Sale,"$1,001 - $15,000",8000.5,False,SELF,20001158,https://disclosures-clerk.house.gov/public_disc/ptr-pdfs/2014/20001158.pdf,f13cd9ab8b2ee7bbacd682647eb9c75741034068946b6ab05478d34bf9d8f5d4,0
F000462,Lois Frankel,house,Democrat,FL22,HSAP04; HSAP07; House Committee on Appropriations,False,2014-06-11,2014-06-18,TWX,Time Warner Inc. New,,Purchase,"$1,001 - $15,000",8000.5,False,SELF,20001158,https://disclosures-clerk.house.gov/public_disc/ptr-pdfs/2014/20001158.pdf,2c2d7cb3c05ec31d3537434223d7308f06dcf76628a9f23eb3ace236ccda2434,0
F000462,Lois Frankel,house,Democrat,FL22,HSAP04; HSAP07; House Committee on Appropriations,False,2014-06-12,2014-06-18,,Teck Resources Ltd ordinary shares,,Sale,"$1,001 - $15,000",8000.5,False,SELF,20001158,https://disclosures-clerk.house.gov/public_disc/ptr-pdfs/2014/20001158.pdf,9d673e7444dbbfa7791b33aebb58104d5c31b9ba400560bbd13c89c7c236b085,0
F000462,Lois Frankel,house,Democrat,FL22,HSAP04; HSAP07; House Committee on Appropriations,False,2014-06-12,2014-06-18,AAGIY,"AIA Group, Ltd. sponsored American Depository Receipt",,Sale,"$1,001 - $15,000",8000.5,False,SELF,20001158,https://disclosures-clerk.house.gov/public_disc/ptr-pdfs/2014/20001158.pdf,1c6806f537b0483c577be97171cf7256de56d5cf387e282bf6be0c061c72ab81,0
F000462,Lois Frankel,house,Democrat,FL22,HSAP04; HSAP07; House Committee on Appropriations,False,2014-06-12,2014-06-18,,Tata Motors Ltd Tata Motors Limited,,Sale,"$1,001 - $15,000",8000.5,False,SELF,20001158,https://disclosures-clerk.house.gov/public_disc/ptr-pdfs/2014/20001158.pdf,6120078351f3027830147319017b2f8e29ab77f44014b2ef976164a57f40d6e3,0
F000462,Lois Frankel,house,Democrat,FL22,HSAP04; HSAP07; House Committee on Appropriations,False,2014-06-12,2014-06-18,,Taiwan semiconductor Manufacturing,,Sale,"$1,001 - $15,000",8000.5,False,SELF,20001158,https://disclosures-clerk.house.gov/public_disc/ptr-pdfs/2014/20001158.pdf,be440706e2d6d2798fcf2ca68cec11af597fdb78ce34e90b6b528042a9fdac56,0
F000462,Lois Frankel,house,Democrat,FL22,HSAP04; HSAP07; House Committee on Appropriations,False,2014-06-12,2014-06-18,SU,suncor Energy Inc.,,Sale,"$1,001 - $15,000",8000.5,False,SELF,20001158,https://disclosures-clerk.house.gov/public_disc/ptr-pdfs/2014/20001158.pdf,40415796faa2f9670199b9f6dfe05217f9ab128ebda2c3287cd54f121a266fc8,0
F000462,Lois Frankel,house,Democrat,FL22,HSAP04; HSAP07; House Committee on Appropriations,False,2014-06-12,2014-06-18,SSYS,"stratasys, Ltd.",,Sale,"$1,001 - $15,000",8000.5,False,SELF,20001158,https://disclosures-clerk.house.gov/public_disc/ptr-pdfs/2014/20001158.pdf,96895dc60551e3ddc4207b364e3606c37bb8e2463b068a984e7735d3c3ee5636,0
F000462,Lois Frankel,house,Democrat,FL22,HSAP04; HSAP07; House Committee on Appropriations,False,2014-06-12,2014-06-18,SLB,schlumberger N.V.,,Sale,"$1,001 - $15,000",8000.5,False,SELF,20001158,https://disclosures-clerk.house.gov/public_disc/ptr-pdfs/2014/20001158.pdf,6306c59cf16d718947682900e590946f1443f651a01e4fa99cf3a8c6a8a42270,0
F000462,Lois Frankel,house,Democrat,FL22,HSAP04; HSAP07; House Committee on Appropriations,False,2014-06-12,2014-06-18,RIO,Rio Tinto Plc,,Sale,"$1,001 - $15,000",8000.5,False,SELF,20001158,https://disclosures-clerk.house.gov/public_disc/ptr-pdfs/2014/20001158.pdf,4dc7bc92afc1591a9ad05998c415bf04021f63b104e56de01fc28832073ba5ea,0
F000462,Lois Frankel,house,Democrat,FL22,HSAP04; HSAP07; House Committee on Appropriations,False,2014-06-12,2014-06-18,RTN,Raytheon Company,,Sale,"$1,001 - $15,000",8000.5,False,SELF,20001158,https://disclosures-clerk.house.gov/public_disc/ptr-pdfs/2014/20001158.pdf,044672278618f09d5cb95ef247c0150ff9ff50f45ed016644f181d04a0ccfc40,0
F000462,Lois Frankel,house,Democrat,FL22,HSAP04; HSAP07; House Committee on Appropriations,False,2014-06-12,2014-06-18,,Potash Corporation of saskatchewan,,Sale,"$1,001 - $15,000",8000.5,False,SELF,20001158,https://disclosures-clerk.house.gov/public_disc/ptr-pdfs/2014/20001158.pdf,223d58ebe398ff6792e1100c13b277e64cc16273beaf2e1073d3a21f4f8ec75e,0
F000462,Lois Frankel,house,Democrat,FL22,HSAP04; HSAP07; House Committee on Appropriations,False,2014-05-27,2014-06-18,BDN,brandywine Realty Trust,,Sale,"$1,001 - $15,000",8000.5,False,SELF,20001158,https://disclosures-clerk.house.gov/public_disc/ptr-pdfs/2014/20001158.pdf,d66c0e4cad8e4efe3afa198b0552dbe4977433b0c63d0c34e414002643f30cda,0
F000462,Lois Frankel,house,Democrat,FL22,HSAP04; HSAP07; House Committee on Appropriations,False,2014-06-12,2014-06-18,ASX,"type Date Advanced semiconductor Engineering, Inc.",,Sale,"$1,001 - $15,000",8000.5,False,SELF,20001158,https://disclosures-clerk.house.gov/public_disc/ptr-pdfs/2014/20001158.pdf,166fba00e0b7f56cf355acfdaa544267835df6f054b6862072ac894026c54c20,0
F000462,Lois Frankel,house,Democrat,FL22,HSAP04; HSAP07; House Committee on Appropriations,False,2014-06-12,2014-06-18,AIG,"American International Group, Inc. New",,Sale,"$1,001 - $15,000",8000.5,False,SELF,20001158,https://disclosures-clerk.house.gov/public_disc/ptr-pdfs/2014/20001158.pdf,99f75d4dafaa6514597b4f7b86d43818491f954c74f666fa3ceda2bc7c0bc925,1
F000462,Lois Frankel,house,Democrat,FL22,HSAP04; HSAP07; House Committee on Appropriations,False,2014-06-12,2014-06-18,ITUB,Itau unibanco banco Holding sA American Depositary shares,,Sale,"$1,001 - $15,000",8000.5,False,SELF,20001158,https://disclosures-clerk.house.gov/public_disc/ptr-pdfs/2014/20001158.pdf,bfe1d2bd4d427d4fa408ce12c5ce45655940546825dc52caae140bcd093ce30c,0
F000462,Lois Frankel,house,Democrat,FL22,HSAP04; HSAP07; House Committee on Appropriations,False,2014-06-12,2014-06-18,CAOVY,China overseas Land&Invt Ltd unsponsored ADR,,Sale,"$1,001 - $15,000",8000.5,False,SELF,20001158,https://disclosures-clerk.house.gov/public_disc/ptr-pdfs/2014/20001158.pdf,3a5d456751a8dffaf0db6dec165d1aeeb08cef68ebf68a9dd1a09823b94e8bf0,0
F000462,Lois Frankel,house,Democrat,FL22,HSAP04; HSAP07; House Committee on Appropriations,False,2014-06-12,2014-06-18,INFY,Infosys Limited American Depositary shares,,Sale,"$1,001 - $15,000",8000.5,False,SELF,20001158,https://disclosures-clerk.house.gov/public_disc/ptr-pdfs/2014/20001158.pdf,8885eeacd93f6ba4881f4b257934b9a558eb9e3adeb8e19175147885a6a6fb53,0
F000462,Lois Frankel,house,Democrat,FL22,HSAP04; HSAP07; House Committee on Appropriations,False,2014-06-12,2014-06-18,IDCBY,Industrial & Commercial bank of China ADR,,Sale,"$1,001 - $15,000",8000.5,False,SELF,20001158,https://disclosures-clerk.house.gov/public_disc/ptr-pdfs/2014/20001158.pdf,edbf17daf25f92577f59374bc538fa0114eb8067581de5ba1430e868627ae072,0
F000462,Lois Frankel,house,Democrat,FL22,HSAP04; HSAP07; House Committee on Appropriations,False,2014-06-12,2014-06-18,FANUY,Fanuc Corporation unsponsored ADR,,Sale,"$1,001 - $15,000",8000.5,False,SELF,20001158,https://disclosures-clerk.house.gov/public_disc/ptr-pdfs/2014/20001158.pdf,22e7949c7ad8702ac28b032aa330da286c0bb9c0372183138710f0390abc35c0,1
F000462,Lois Frankel,house,Democrat,FL22,HSAP04; HSAP07; House Committee on Appropriations,False,2014-06-12,2014-06-18,ETN,"Eaton Corporation, PLC ordinary shares",,Sale,"$1,001 - $15,000",8000.5,False,SELF,20001158,https://disclosures-clerk.house.gov/public_disc/ptr-pdfs/2014/20001158.pdf,76e8a3737ef5e53e356806cae036d6ff38643b7585ce20741e4fbcc8058ce374,3
F000462,Lois Frankel,house,Democrat,FL22,HSAP04; HSAP07; House Committee on Appropriations,False,2014-06-12,2014-06-18,ETN,"Eaton Corporation, PLC ordinary shares",,Sale,"$1,001 - $15,000",8000.5,False,SELF,20001158,https://disclosures-clerk.house.gov/public_disc/ptr-pdfs/2014/20001158.pdf,76e8a3737ef5e53e356806cae036d6ff38643b7585ce20741e4fbcc8058ce374,2
F000462,Lois Frankel,house,Democrat,FL22,HSAP04; HSAP07; House Committee on Appropriations,False,2014-06-12,2014-06-18,DNFGY,Dongfeng Motor Group Co. Ltd,,Sale,"$1,001 - $15,000",8000.5,False,SELF,20001158,https://disclosures-clerk.house.gov/public_disc/ptr-pdfs/2014/20001158.pdf,1f12c76fd5152b7c8f9cb5bd507b1b26be9a3343a9379c62a909ef15b6a5d789,1
F000462,Lois Frankel,house,Democrat,FL22,HSAP04; HSAP07; House Committee on Appropriations,False,2014-06-12,2014-06-18,CIG,Comp En De Mn Cemig ADs American Depositary shares,,Sale,"$1,001 - $15,000",8000.5,False,SELF,20001158,https://disclosures-clerk.house.gov/public_disc/ptr-pdfs/2014/20001158.pdf,8c72c148fcd8089fe7b440a51f0a3bd7c0033bd5fda0165a9799cfc47e5f3da4,0
F000462,Lois Frankel,house,Democrat,FL22,HSAP04; HSAP07; House Committee on Appropriations,False,2014-06-12,2014-06-18,CMCSK,Comcast Corporation - Class A special,,Sale,"$1,001 - $15,000",8000.5,False,SELF,20001158,https://disclosures-clerk.house.gov/public_disc/ptr-pdfs/2014/20001158.pdf,fdc5672bb22509fc3befd684b73ba4f6c266a1206403967844d20df6b2326b7e,1
F000462,Lois Frankel,house,Democrat,FL22,HSAP04; HSAP07; House Committee on Appropriations,False,2014-06-12,2014-06-18,CTSH,Cognizant Technology solutions Corporation - Class A,,Sale,"$1,001 - $15,000",8000.5,False,SELF,20001158,https://disclosures-clerk.house.gov/public_disc/ptr-pdfs/2014/20001158.pdf,db59118de6a0290fb75c78a5953ec19fbfd4feb9cd9c231bb055da7224274cab,0
F000462,Lois Frankel,house,Democrat,FL22,HSAP04; HSAP07; House Committee on Appropriations,False,2014-06-12,2014-06-18,CICHY,China Construction bank Corporation shares,,Sale,"$1,001 - $15,000",8000.5,False,SELF,20001158,https://disclosures-clerk.house.gov/public_disc/ptr-pdfs/2014/20001158.pdf,64555ea1966ff4fdd462428f8c0d57cbb2527ed43b512eff6738441d2513310f,0
F000462,Lois Frankel,house,Democrat,FL22,HSAP04; HSAP07; House Committee on Appropriations,False,2014-06-12,2014-06-18,ADM,Archer-Daniels-Midland Company,,Sale,"$1,001 - $15,000",8000.5,False,SELF,20001158,https://disclosures-clerk.house.gov/public_disc/ptr-pdfs/2014/20001158.pdf,d13e993ea0aec292d10ca85de50a8fe31d3a1cefcb30bbb970277bb55235ee84,1
F000462,Lois Frankel,house,Democrat,FL22,HSAP04; HSAP07; House Committee on Appropriations,False,2014-06-12,2014-06-18,CCCGY,China Communications Constructions,,Sale,"$1,001 - $15,000",8000.5,False,SELF,20001158,https://disclosures-clerk.house.gov/public_disc/ptr-pdfs/2014/20001158.pdf,29d20d505821550de904fecc77d0f56c1681ceea6b66b224e52bed99ac53f922,1
F000462,Lois Frankel,house,Democrat,FL22,HSAP04; HSAP07; House Committee on Appropriations,False,2014-06-12,2014-06-18,CBI,Chicago bridge & Iron Company N.V.,,Sale,"$1,001 - $15,000",8000.5,False,SELF,20001158,https://disclosures-clerk.house.gov/public_disc/ptr-pdfs/2014/20001158.pdf,b41b09d6a854363c88f9016046ca0841c7d681a0297abb8a7b009ac140c98ed8,1
F000462,Lois Frankel,house,Democrat,FL22,HSAP04; HSAP07; House Committee on Appropriations,False,2014-06-12,2014-06-18,CNQ,Canadian Natural Resources Limited,,Sale,"$1,001 - $15,000",8000.5,False,SELF,20001158,https://disclosures-clerk.house.gov/public_disc/ptr-pdfs/2014/20001158.pdf,5646ced1dc1d0bc697b2588fe67df60a0286f9c69a52c7a9664f82adaafb936d,1
F000462,Lois Frankel,house,Democrat,FL22,HSAP04; HSAP07; House Committee on Appropriations,False,2014-06-12,2014-06-18,CNI,Canadian National Railway Company,,Sale,"$1,001 - $15,000",8000.5,False,SELF,20001158,https://disclosures-clerk.house.gov/public_disc/ptr-pdfs/2014/20001158.pdf,793536f399e33b1fe167a0ef41dc58641c8baceafd443a43ef860e66cae12da9,1
F000462,Lois Frankel,house,Democrat,FL22,HSAP04; HSAP07; House Committee on Appropriations,False,2014-06-12,2014-06-18,BAM,brookfield Asset Management Inc.,,Sale,"$1,001 - $15,000",8000.5,False,SELF,20001158,https://disclosures-clerk.house.gov/public_disc/ptr-pdfs/2014/20001158.pdf,2225ec315b36103bbfc7b38727cb3fcd0158a6bdf1ee38231f42089c28094c2d,1
F000462,Lois Frankel,house,Democrat,FL22,HSAP04; HSAP07; House Committee on Appropriations,False,2014-06-12,2014-06-18,BRCM,broadcom Corporation - Class A,,Sale,"$1,001 - $15,000",8000.5,False,SELF,20001158,https://disclosures-clerk.house.gov/public_disc/ptr-pdfs/2014/20001158.pdf,34e6a8990fa13392882cc99d8fae190686c8ead0e323248ea74abde8faefb429,1
F000462,Lois Frankel,house,Democrat,FL22,HSAP04; HSAP07; House Committee on Appropriations,False,2014-06-12,2014-06-18,BTI,"british American Tobacco Industries, p.l.c. Common stock ADR",,Sale,"$1,001 - $15,000",8000.5,False,SELF,20001158,https://disclosures-clerk.house.gov/public_disc/ptr-pdfs/2014/20001158.pdf,c5725c684475595b2adc608f01006cd34500f2d19181ce47b830ffae0dc1e70f,0
F000462,Lois Frankel,house,Democrat,FL22,HSAP04; HSAP07; House Committee on Appropriations,False,2014-06-12,2014-06-18,BASFY,bAsF sE American Depositary shares,,Sale,"$1,001 - $15,000",8000.5,False,SELF,20001158,https://disclosures-clerk.house.gov/public_disc/ptr-pdfs/2014/20001158.pdf,3db773c78bebd670a4e07dce6472c3d5c4075c1acf9c2d61cbcc248711b9153a,1
F000462,Lois Frankel,house,Democrat,FL22,HSAP04; HSAP07; House Committee on Appropriations,False,2014-06-12,2014-06-18,BIDU,"baidu, Inc. - American Depositary Class A ordinary share",,Sale,"$1,001 - $15,000",8000.5,False,SELF,20001158,https://disclosures-clerk.house.gov/public_disc/ptr-pdfs/2014/20001158.pdf,6079d3ab8619c07480dfaaf31e363743df2cd8c76a87f27bf28bfaa001418d57,0
F000462,Lois Frankel,house,Democrat,FL22,HSAP04; HSAP07; House Committee on Appropriations,False,2014-06-12,2014-06-18,,"Eaton Corporation, PLC ordinary shares",,Sale,"$1,001 - $15,000",8000.5,False,SELF,20001158,https://disclosures-clerk.house.gov/public_disc/ptr-pdfs/2014/20001158.pdf,76e8a3737ef5e53e356806cae036d6ff38643b7585ce20741e4fbcc8058ce374,1
F000462,Lois Frankel,house,Democrat,FL22,HSAP04; HSAP07; House Committee on Appropriations,False,2014-06-12,2014-06-18,FB,"Facebook, Inc. - Class A",,Sale,"$1,001 - $15,000",8000.5,False,SELF,20001158,https://disclosures-clerk.house.gov/public_disc/ptr-pdfs/2014/20001158.pdf,422600a0dafbed762b7a3f89a0a89081cccfcc20b60844c01858f24e107c21d3,0
F000462,Lois Frankel,house,Democrat,FL22,HSAP04; HSAP07; House Committee on Appropriations,False,2014-06-12,2014-06-18,,"Advanced semiconductor Engineering,",,Sale,"$1,001 - $15,000",8000.5,False,SELF,20001158,https://disclosures-clerk.house.gov/public_disc/ptr-pdfs/2014/20001158.pdf,b6cc2b0425d13d57dc63dd3339606e508d245b6dc3005ce31781305c34ae2f9d,0
F000462,Lois Frankel,house,Democrat,FL22,HSAP04; HSAP07; House Committee on Appropriations,False,2014-06-12,2014-06-18,,Comp En De Mn Cemig ADs American,,Sale,"$1,001 - $15,000",8000.5,False,SELF,20001158,https://disclosures-clerk.house.gov/public_disc/ptr-pdfs/2014/20001158.pdf,aa93e551b47dddf2471a1fcc29f01ebe24477211c58b7f77892bd5cd24757463,0
F000462,Lois Frankel,house,Democrat,FL22,HSAP04; HSAP07; House Committee on Appropriations,False,2014-06-12,2014-06-18,,Chicago bridge & Iron Company N.V.,,Sale,"$1,001 - $15,000",8000.5,False,SELF,20001158,https://disclosures-clerk.house.gov/public_disc/ptr-pdfs/2014/20001158.pdf,b41b09d6a854363c88f9016046ca0841c7d681a0297abb8a7b009ac140c98ed8,0
F000462,Lois Frankel,house,Democrat,FL22,HSAP04; HSAP07; House Committee on Appropriations,False,2014-06-12,2014-06-18,,China Communications Constructions,,Sale,"$1,001 - $15,000",8000.5,False,SELF,20001158,https://disclosures-clerk.house.gov/public_disc/ptr-pdfs/2014/20001158.pdf,29d20d505821550de904fecc77d0f56c1681ceea6b66b224e52bed99ac53f922,0
F000462,Lois Frankel,house,Democrat,FL22,HSAP04; HSAP07; House Committee on Appropriations,False,2014-06-12,2014-06-18,,China Construction bank Corporation,,Sale,"$1,001 - $15,000",8000.5,False,SELF,20001158,https://disclosures-clerk.house.gov/public_disc/ptr-pdfs/2014/20001158.pdf,575452b0d8fdf81ecc328abf8b6c0d470bd11ff7a6bf9065e4e48dedced65290,0
F000462,Lois Frankel,house,Democrat,FL22,HSAP04; HSAP07; House Committee on Appropriations,False,2014-06-12,2014-06-18,,China overseas Land&Invt Ltd,,Sale,"$1,001 - $15,000",8000.5,False,SELF,20001158,https://disclosures-clerk.house.gov/public_disc/ptr-pdfs/2014/20001158.pdf,afd0ada9a58dca3a6606bc1ffd8281f8dd4cf125a8c0445e32f6bd436c9e6477,0
F000462,Lois Frankel,house,Democrat,FL22,HSAP04; HSAP07; House Committee on Appropriations,False,2014-06-12,2014-06-18,CIT,CIT Group Inc,,Sale,"$1,001 - $15,000",8000.5,False,SELF,20001158,https://disclosures-clerk.house.gov/public_disc/ptr-pdfs/2014/20001158.pdf,c0217a2532569ef41c42b05b902a8bf8b914c15e98e1d48e8827e9e69138435a,0
F000462,Lois Frankel,house,Democrat,FL22,HSAP04; HSAP07; House Committee on Appropriations,False,2014-06-12,2014-06-18,CME,CME Group Inc. - Class A,,Sale,"$1,001 - $15,000",8000.5,False,SELF,20001158,https://disclosures-clerk.house.gov/public_disc/ptr-pdfs/2014/20001158.pdf,389fd4b67bb288abf1d0e12c76492ff9508228d851acca71efc2789171643e79,0
F000462,Lois Frankel,house,Democrat,FL22,HSAP04; HSAP07; House Committee on Appropriations,False,2014-06-12,2014-06-18,,Cognizant Technology solutions,,Sale,"$1,001 - $15,000",8000.5,False,SELF,20001158,https://disclosures-clerk.house.gov/public_disc/ptr-pdfs/2014/20001158.pdf,7014c1e138344717439622b3c9b15f4ce035819080508858cab4512133019cdb,0
F000462,Lois Frankel,house,Democrat,FL22,HSAP04; HSAP07; House Committee on Appropriations,False,2014-06-12,2014-06-18,,Comcast Corporation - Class A special,,Sale,"$1,001 - $15,000",8000.5,False,SELF,20001158,https://disclosures-clerk.house.gov/public_disc/ptr-pdfs/2014/20001158.pdf,fdc5672bb22509fc3befd684b73ba4f6c266a1206403967844d20df6b2326b7e,0
F000462,Lois Frankel,house,Democrat,FL22,HSAP04; HSAP07; House Committee on Appropriations,False,2014-06-12,2014-06-18,CLB,Core Laboratories N.V.,,Sale,"$1,001 - $15,000",8000.5,False,SELF,20001158,https://disclosures-clerk.house.gov/public_disc/ptr-pdfs/2014/20001158.pdf,c924318a0d9489a37bd6693d99b3e5cc81a27116b102e2510f2e8d28bc47dab1,0
F000462,Lois Frankel,house,Democrat,FL22,HSAP04; HSAP07; House Committee on Appropriations,False,2014-06-12,2014-06-18,DFS,Discover Financial services,,Sale,"$1,001 - $15,000",8000.5,False,SELF,20001158,https://disclosures-clerk.house.gov/public_disc/ptr-pdfs/2014/20001158.pdf,a241b9ae1287a0ed91562a8eabb6102780e8b4dd935a102e7fd9c559f0ec024d,0
F000462,Lois Frankel,house,Democrat,FL22,HSAP04; HSAP07; House Committee on Appropriations,False,2014-06-12,2014-06-18,CVS,CVs Caremark Corporation,,Sale,"$1,001 - $15,000",8000.5,False,SELF,20001158,https://disclosures-clerk.house.gov/public_disc/ptr-pdfs/2014/20001158.pdf,96344d6b30056169562bcbce9c66b6a9fafdfbadbc1915dcc7f87f2bdf0d2fc6,0
F000462,Lois Frankel,house,Democrat,FL22,HSAP04; HSAP07; House Committee on Appropriations,False,2014-05-20,2014-06-18,AAPL,Apple Inc.,,Purchase,"$1,001 - $15,000",8000.5,False,SELF,20001158,https://disclosures-clerk.house.gov/public_disc/ptr-pdfs/2014/20001158.pdf,e24a42079e662e7fd9ce10a11cc7766c3443eb9d9c14a1d1a28dc04451636416,0
F000462,Lois Frankel,house,Democrat,FL22,HSAP04; HSAP07; House Committee on Appropriations,False,2014-06-12,2014-06-18,AAPL,Apple Inc.,,Sale,"$1,001 - $15,000",8000.5,False,SELF,20001158,https://disclosures-clerk.house.gov/public_disc/ptr-pdfs/2014/20001158.pdf,5c5c3eec799476540817cca91fd787b7fd4b78ac2a3e396456ff9e6f4d6443ac,0
F000462,Lois Frankel,house,Democrat,FL22,HSAP04; HSAP07; House Committee on Appropriations,False,2014-06-12,2014-06-18,,"American International Group, Inc. New",,Sale,"$1,001 - $15,000",8000.5,False,SELF,20001158,https://disclosures-clerk.house.gov/public_disc/ptr-pdfs/2014/20001158.pdf,99f75d4dafaa6514597b4f7b86d43818491f954c74f666fa3ceda2bc7c0bc925,0
F000462,Lois Frankel,house,Democrat,FL22,HSAP04; HSAP07; House Committee on Appropriations,False,2014-06-12,2014-06-18,ALLE,Allegion plc ordinary shares,,Sale,"$1,001 - $15,000",8000.5,False,SELF,20001158,https://disclosures-clerk.house.gov/public_disc/ptr-pdfs/2014/20001158.pdf,98106226234383396b024bcff0566f5a8b6e9781a65e7eace32d12d881cb77e1,0
F000462,Lois Frankel,house,Democrat,FL22,HSAP04; HSAP07; House Committee on Appropriations,False,2014-06-12,2014-06-18,AGU,Agrium Inc.,,Sale,"$1,001 - $15,000",8000.5,False,SELF,20001158,https://disclosures-clerk.house.gov/public_disc/ptr-pdfs/2014/20001158.pdf,15d2faf53705a90445ed4a9406da9b62f9a5bacbc17df35bd6b721860e3378fb,0
F000462,Lois Frankel,house,Democrat,FL22,HSAP04; HSAP07; House Committee on Appropriations,False,2014-06-12,2014-06-18,,"AIA Group, Ltd. sponsored American",,Sale,"$1,001 - $15,000",8000.5,False,SELF,20001158,https://disclosures-clerk.house.gov/public_disc/ptr-pdfs/2014/20001158.pdf,f0d3d84d67c3408fab392c1c48ce1c816b8a85f48b2123ca2ae7a2abfd7519fb,0
F000462,Lois Frankel,house,Democrat,FL22,HSAP04; HSAP07; House Committee on Appropriations,False,2014-06-12,2014-06-18,DEO,Diageo plc,,Sale,"$1,001 - $15,000",8000.5,False,SELF,20001158,https://disclosures-clerk.house.gov/public_disc/ptr-pdfs/2014/20001158.pdf,47d9d3393c722c6a16826ce887c7bc98b6c1718544027e3276d8b3676edacd6e,0
F000462,Lois Frankel,house,Democrat,FL22,HSAP04; HSAP07; House Committee on Appropriations,False,2014-06-12,2014-06-18,CELG,Celgene Corporation,,Sale,"$1,001 - $15,000",8000.5,False,SELF,20001158,https://disclosures-clerk.house.gov/public_disc/ptr-pdfs/2014/20001158.pdf,dcf912d279b927a908f3193b69c40fb784ecbb2ef70d1df6fbe8c99f0adc4bcd,0
F000462,Lois Frankel,house,Democrat,FL22,HSAP04; HSAP07; House Committee on Appropriations,False,2014-05-23,2014-06-18,CTRX,Catamaran Corporation,,Purchase,"$1,001 - $15,000",8000.5,False,SELF,20001158,https://disclosures-clerk.house.gov/public_disc/ptr-pdfs/2014/20001158.pdf,0aa84230aaa7c3dc6856f8c007c83382541dc262df168eef82e21b0a5209d19b,0
F000462,Lois Frankel,house,Democrat,FL22,HSAP04; HSAP07; House Committee on Appropriations,False,2014-06-12,2014-06-18,,"british American Tobacco Industries,",,Sale,"$1,001 - $15,000",8000.5,False,SELF,20001158,https://disclosures-clerk.house.gov/public_disc/ptr-pdfs/2014/20001158.pdf,2560a1e5b3ce94e7bd46a9e82e929336aa0fec899982638f509c53ff714faef5,0
F000462,Lois Frankel,house,Democrat,FL22,HSAP04; HSAP07; House Committee on Appropriations,False,2014-06-12,2014-06-18,,Canadian Natural Resources Limited,,Sale,"$1,001 - $15,000",8000.5,False,SELF,20001158,https://disclosures-clerk.house.gov/public_disc/ptr-pdfs/2014/20001158.pdf,5646ced1dc1d0bc697b2588fe67df60a0286f9c69a52c7a9664f82adaafb936d,0
F000462,Lois Frankel,house,Democrat,FL22,HSAP04; HSAP07; House Committee on Appropriations,False,2014-06-12,2014-06-18,BHP,bHP billiton Limited,,Sale,"$1,001 - $15,000",8000.5,False,SELF,20001158,https://disclosures-clerk.house.gov/public_disc/ptr-pdfs/2014/20001158.pdf,4776c6178341d3484e7e4483923e556238a76f9399982361f3fad6962b276bbf,0
F000462,Lois Frankel,house,Democrat,FL22,HSAP04; HSAP07; House Committee on Appropriations,False,2014-06-12,2014-06-18,,bAsF sE American Depositary shares,,Sale,"$1,001 - $15,000",8000.5,False,SELF,20001158,https://disclosures-clerk.house.gov/public_disc/ptr-pdfs/2014/20001158.pdf,3db773c78bebd670a4e07dce6472c3d5c4075c1acf9c2d61cbcc248711b9153a,0
F000462,Lois Frankel,house,Democrat,FL22,HSAP04; HSAP07; House Committee on Appropriations,False,2014-06-12,2014-06-18,,"baidu, Inc. - American Depositary",,Sale,"$1,001 - $15,000",8000.5,False,SELF,20001158,https://disclosures-clerk.house.gov/public_disc/ptr-pdfs/2014/20001158.pdf,9e7ddb5b2b371d69e4a16975d8c98e03533a095aad4f7544145d367bcf2bfe36,0
F000462,Lois Frankel,house,Democrat,FL22,HSAP04; HSAP07; House Committee on Appropriations,False,2014-06-12,2014-06-18,,Archer-Daniels-Midland Company,,Sale,"$1,001 - $15,000",8000.5,False,SELF,20001158,https://disclosures-clerk.house.gov/public_disc/ptr-pdfs/2014/20001158.pdf,d13e993ea0aec292d10ca85de50a8fe31d3a1cefcb30bbb970277bb55235ee84,0
F000462,Lois Frankel,house,Democrat,FL22,HSAP04; HSAP07; House Committee on Appropriations,False,2014-06-12,2014-06-18,,broadcom Corporation - Class A,,Sale,"$1,001 - $15,000",8000.5,False,SELF,20001158,https://disclosures-clerk.house.gov/public_disc/ptr-pdfs/2014/20001158.pdf,34e6a8990fa13392882cc99d8fae190686c8ead0e323248ea74abde8faefb429,0
F000462,Lois Frankel,house,Democrat,FL22,HSAP04; HSAP07; House Committee on Appropriations,False,2014-06-12,2014-06-18,,brookfield Asset Management Inc.,,Sale,"$1,001 - $15,000",8000.5,False,SELF,20001158,https://disclosures-clerk.house.gov/public_disc/ptr-pdfs/2014/20001158.pdf,2225ec315b36103bbfc7b38727cb3fcd0158a6bdf1ee38231f42089c28094c2d,0
F000462,Lois Frankel,house,Democrat,FL22,HSAP04; HSAP07; House Committee on Appropriations,False,2014-06-12,2014-06-18,BG,bunge Limited bunge Limited,,Sale,"$1,001 - $15,000",8000.5,False,SELF,20001158,https://disclosures-clerk.house.gov/public_disc/ptr-pdfs/2014/20001158.pdf,1b070944c48b175f3622c74215195bd585c4aa2b71b38dc2415e160e85dca62a,0
F000462,Lois Frankel,house,Democrat,FL22,HSAP04; HSAP07; House Committee on Appropriations,False,2014-06-12,2014-06-18,,Canadian National Railway Company,,Sale,"$1,001 - $15,000",8000.5,False,SELF,20001158,https://disclosures-clerk.house.gov/public_disc/ptr-pdfs/2014/20001158.pdf,793536f399e33b1fe167a0ef41dc58641c8baceafd443a43ef860e66cae12da9,0
F000462,Lois Frankel,house,Democrat,FL22,HSAP04; HSAP07; House Committee on Appropriations,False,2014-06-12,2014-06-18,,Dongfeng Motor Group Co. Ltd,,Sale,"$1,001 - $15,000",8000.5,False,SELF,20001158,https://disclosures-clerk.house.gov/public_disc/ptr-pdfs/2014/20001158.pdf,1f12c76fd5152b7c8f9cb5bd507b1b26be9a3343a9379c62a909ef15b6a5d789,0
F000462,Lois Frankel,house,Democrat,FL22,HSAP04; HSAP07; House Committee on Appropriations,False,2014-06-12,2014-06-18,CP,Canadian Pacific Railway Limited,,Sale,"$1,001 - $15,000",8000.5,False,SELF,20001158,https://disclosures-clerk.house.gov/public_disc/ptr-pdfs/2014/20001158.pdf,711d19ff614589a0098d21fe88fa65fdf22e07b466ae5a397407eb0b9feee6fd,0
L000579,Alan S. Lowenthal,house,Democrat,CA47,,False,2014-06-05,2014-06-14,,Comcast Corporation - Class A Special,,Purchase,"$15,001 - $50,000",32500.5,False,SELF,20001146,https://disclosures-clerk.house.gov/public_disc/ptr-pdfs/2014/20001146.pdf,f21b4ded46330756ccc1fc5f52610839c80fdc1534dda08ce15fa48d828305b9,0
L000579,Alan S. Lowenthal,house,Democrat,CA47,,False,2014-06-03,2014-06-14,BCR,"C.R. bard, Inc.",,Sale,"$1,001 - $15,000",8000.5,False,SELF,20001146,https://disclosures-clerk.house.gov/public_disc/ptr-pdfs/2014/20001146.pdf,e928fe16afe2d638bc4892dbda92ce00937cee68a6957db72db624c8399ac133,0
L000579,Alan S. Lowenthal,house,Democrat,CA47,,False,2014-06-04,2014-06-14,BCR,"C.R. bard, Inc.",,Sale,"$1,001 - $15,000",8000.5,False,SELF,20001146,https://disclosures-clerk.house.gov/public_disc/ptr-pdfs/2014/20001146.pdf,002bc237c54bd37f9af6979adb0a469036c0bb3bf00c5e6b1e359ae7b785c3f8,0
L000579,Alan S. Lowenthal,house,Democrat,CA47,,False,2014-06-05,2014-06-14,CMCSK,Comcast Corporation - Class A Special,,Purchase,"$15,001 - $50,000",32500.5,False,SELF,20001146,https://disclosures-clerk.house.gov/public_disc/ptr-pdfs/2014/20001146.pdf,f21b4ded46330756ccc1fc5f52610839c80fdc1534dda08ce15fa48d828305b9,1
R000011,Nick J. Rahall,house,Democrat,WV03,,False,2014-05-08,2014-06-13,GIMO,gigamon Inc.,,Sale,"$1,001 - $15,000",8000.5,False,SELF,20001109,https://disclosures-clerk.house.gov/public_disc/ptr-pdfs/2014/20001109.pdf,c5edf8790665824c2fe266e656a5d477e235711a98212c80f014cd2898618009,0
H000636,Rubén Hinojosa,house,Democrat,TX15,,False,2014-05-05,2014-06-13,,Erie Indemnity Company - Class a,,Sale,"$1,001 - $15,000",8000.5,False,SP,20000981,https://disclosures-clerk.house.gov/public_disc/ptr-pdfs/2014/20000981.pdf,bb3b5a12e3a81838f65f2377b062b71098e9537a596dd4f9836165753b4542f5,0
H000636,Rubén Hinojosa,house,Democrat,TX15,,False,2014-05-12,2014-06-13,GM,general Motors Company,,Sale,"$1,001 - $15,000",8000.5,False,DC,20000981,https://disclosures-clerk.house.gov/public_disc/ptr-pdfs/2014/20000981.pdf,439f3cb47bf1ae510f1f33cd22eb13b5c55b6e9b297c7c224468481ec5ea96da,0
H000636,Rubén Hinojosa,house,Democrat,TX15,,False,2014-05-05,2014-06-13,ERIE,type Date SP Erie Indemnity Company - Class a,,Sale,"$1,001 - $15,000",8000.5,False,SELF,20000981,https://disclosures-clerk.house.gov/public_disc/ptr-pdfs/2014/20000981.pdf,301d02ee0f095c883a148e435e045cddbca0d940ce9cc493664f10596af80d92,0
F000461,Bill Flores,house,Republican,TX17,,False,2014-05-14,2014-06-12,,TPH Partners lP,,Purchase,"$15,001 - $50,000",32500.5,False,SELF,20000910,https://disclosures-clerk.house.gov/public_disc/ptr-pdfs/2014/20000910.pdf,0c2ef8ab9bc3cf721b38855e5cf13385ef739c087ecc46646523310b43af2c85,0
F000461,Bill Flores,house,Republican,TX17,,False,2014-05-14,2014-06-12,,TPH Partners lP II,,Purchase,"$1,001 - $15,000",8000.5,False,SELF,20000910,https://disclosures-clerk.house.gov/public_disc/ptr-pdfs/2014/20000910.pdf,c72895b18a52199d7a42eed54f8b5f58fec2336fbfbd2757de7a5e1da0bc0633,0
B001260,Vern Buchanan,house,Republican,FL16,HSWM02; HSWM04; House Committee on Ways and Means; Joint Committee on Taxation,False,2014-05-22,2014-06-12,,Lower Colo Riv auth Tex Rev,,Sale,"$1,001 - $15,000",8000.5,False,SELF,20001090,https://disclosures-clerk.house.gov/public_disc/ptr-pdfs/2014/20001090.pdf,99905d0bc23ee92a2f744cd35ad856e5defbad06444307f3e89d6b41ea41e229,0
B001260,Vern Buchanan,house,Republican,FL16,HSWM02; HSWM04; House Committee on Ways and Means; Joint Committee on Taxation,False,2014-05-15,2014-06-12,,New Jersey Economic Dev auth E,,Sale,"$15,001 - $50,000",32500.5,False,SELF,20001090,https://disclosures-clerk.house.gov/public_disc/ptr-pdfs/2014/20001090.pdf,925314425a2c0fc669774f2cab06d2af7170fe7f73f8d5e3017644c489e73502,0
M000404,Jim McDermott,house,Democrat,WA07,,False,2014-05-28,2014-06-12,AMAT,"Applied Materials, Inc.",,Sale,"$1,001 - $15,000",8000.5,False,SELF,20001112,https://disclosures-clerk.house.gov/public_disc/ptr-pdfs/2014/20001112.pdf,d4d613d85d06feb280af7c53638506430e4f8bf01148d9f4b7a38077d6031b39,0
M000404,Jim McDermott,house,Democrat,WA07,,False,2014-05-19,2014-06-12,,CITIgRoUP INC,,Purchase,"$15,001 - $50,000",32500.5,False,SELF,20001112,https://disclosures-clerk.house.gov/public_disc/ptr-pdfs/2014/20001112.pdf,989c8c56659b05904b8aa27df4fb45e58cfd22ecf87bbf3307bc95e0f7d875bb,0
M000404,Jim McDermott,house,Democrat,WA07,,False,2014-05-20,2014-06-12,,CITIgRoUP INC,,Purchase,"$100,001 - $250,000",175000.5,False,SELF,20001112,https://disclosures-clerk.house.gov/public_disc/ptr-pdfs/2014/20001112.pdf,5215bedefcd597c4e8cfd47a6f374cac853ca10d4faaaa000aca434a6ec6c850,0
B001260,Vern Buchanan,house,Republican,FL16,HSWM02; HSWM04; House Committee on Ways and Means; Joint Committee on Taxation,False,2014-05-22,2014-06-12,,Florida St Brd Ed Pub Ed,,Sale,"$15,001 - $50,000",32500.5,False,SELF,20001090,https://disclosures-clerk.house.gov/public_disc/ptr-pdfs/2014/20001090.pdf,d9d35d290b97394d299cb4db638d3cf7bf5015689134cdd8550c4f4075741400,0
M000404,Jim McDermott,house,Democrat,WA07,,False,2014-05-28,2014-06-12,,EVEREST REINSURANCE hoLDINgS,,Sale,"$15,001 - $50,000",32500.5,False,SELF,20001112,https://disclosures-clerk.house.gov/public_disc/ptr-pdfs/2014/20001112.pdf,85da3b99ccf62aef96c97da34cd183e6fed9bffbbf7fcaa530af9a73aae84040,0
M000404,Jim McDermott,house,Democrat,WA07,,False,2014-05-28,2014-06-12,,NATIoNWIDE FINANCIAL,,Sale,"$15,001 - $50,000",32500.5,False,SELF,20001112,https://disclosures-clerk.house.gov/public_disc/ptr-pdfs/2014/20001112.pdf,938a6a4fff6858ee1fa7633b43094850adb864ea3613cbc19c7343dbd40a529a,0
M000404,Jim McDermott,house,Democrat,WA07,,False,2014-05-19,2014-06-12,,REINSURANCE gRoUP AMERICA INC,,Sale,"$15,001 - $50,000",32500.5,False,SELF,20001112,https://disclosures-clerk.house.gov/public_disc/ptr-pdfs/2014/20001112.pdf,d09d7e686fda8b9890b5b9f7d286c3ee3e7077e7eb300fb09843c77ea167eb0d,0
B001260,Vern Buchanan,house,Republican,FL16,HSWM02; HSWM04; House Committee on Ways and Means; Joint Committee on Taxation,False,2014-05-01,2014-06-12,,Silver Creek Early advantage Fund LP,,Sale,"$1,001 - $15,000",8000.5,False,SELF,20001090,https://disclosures-clerk.house.gov/public_disc/ptr-pdfs/2014/20001090.pdf,381ece3fe15ac2843c071a77dc8a800c230d5ddf07d5cc4a3ec9c7e38538ceed,0
B001260,Vern Buchanan,house,Republican,FL16,HSWM02; HSWM04; House Committee on Ways and Means; Joint Committee on Taxation,False,2014-05-01,2014-06-12,,Silver Creek Low Vol Strategies II LP,,Sale,"$100,001 - $250,000",175000.5,False,SELF,20001090,https://disclosures-clerk.house.gov/public_disc/ptr-pdfs/2014/20001090.pdf,def09e4164dbfc8345d595d9fae7548496ce920cc9f8c7a288a8b5cd7b79a82c,0
B001260,Vern Buchanan,house,Republican,FL16,HSWM02; HSWM04; House Committee on Ways and Means; Joint Committee on Taxation,False,2014-05-19,2014-06-12,,Kentucky assett/Liability CoM,,Purchase,"$50,001 - $100,000",75000.5,False,SELF,20001090,https://disclosures-clerk.house.gov/public_disc/ptr-pdfs/2014/20001090.pdf,fb5b2e85b8c0e10d384815be476b1bf9a8048629c5a4a3a53923e5622c24a445,0
M000404,Jim McDermott,house,Democrat,WA07,,False,2014-05-20,2014-06-12,,CITIgRoUP INC,,Sale,"$15,001 - $50,000",32500.5,False,SELF,20001112,https://disclosures-clerk.house.gov/public_disc/ptr-pdfs/2014/20001112.pdf,6ec1c579e3bd8239669845ffbe27c79c962fd804240fdfcbfad65cef0e5e0fd9,0
D000617,Suzan K. DelBene,house,Democrat,WA01,HSWM04; HSWM05; HSWM06; House Committee on Ways and Means,False,2014-05-12,2014-06-12,,ARIZoNA STATE BRD REGENTS uNIV,,Sale,"$250,001 - $500,000",375000.5,False,JT,20001077,https://disclosures-clerk.house.gov/public_disc/ptr-pdfs/2014/20001077.pdf,ff1bb1383eba5c6e594cb9679dbb95b8b0a6185dd1975dd47a1a4946878ab731,0
D000617,Suzan K. DelBene,house,Democrat,WA01,HSWM04; HSWM05; HSWM06; House Committee on Ways and Means,False,2014-05-12,2014-06-12,ABB,ABB ltd,,Purchase,"$15,001 - $50,000",32500.5,False,JT,20001077,https://disclosures-clerk.house.gov/public_disc/ptr-pdfs/2014/20001077.pdf,8bf2aad061139849bc17bde53dca82a9da33a6ff47af1309f01da75c3e5b648a,0
D000617,Suzan K. DelBene,house,Democrat,WA01,HSWM04; HSWM05; HSWM06; House Committee on Ways and Means,False,2014-05-12,2014-06-12,AYI,Acuity Brands Inc,,Purchase,"$15,001 - $50,000",32500.5,False,JT,20001077,https://disclosures-clerk.house.gov/public_disc/ptr-pdfs/2014/20001077.pdf,93488e973d620fa7469bc78d2d8ce36721e45048cf6f6496f0afab7751d58043,0
D000617,Suzan K. DelBene,house,Democrat,WA01,HSWM04; HSWM05; HSWM06; House Committee on Ways and Means,False,2014-05-12,2014-06-12,RAVN,"Raven Industries, Inc.",,Purchase,"$15,001 - $50,000",32500.5,False,JT,20001077,https://disclosures-clerk.house.gov/public_disc/ptr-pdfs/2014/20001077.pdf,604221e2cb27302d27f9e5d928271308a44120c35a24ba4030c2505a27bff227,0
D000617,Suzan K. DelBene,house,Democrat,WA01,HSWM04; HSWM05; HSWM06; House Committee on Ways and Means,False,2014-05-13,2014-06-12,,SGS SA-REG (4824778),,Purchase,"$15,001 - $50,000",32500.5,False,JT,20001077,https://disclosures-clerk.house.gov/public_disc/ptr-pdfs/2014/20001077.pdf,1f0bdc177357be54e3fa7869976069573e4a956b2a56b89cbcade83f6c357992,0
D000617,Suzan K. DelBene,house,Democrat,WA01,HSWM04; HSWM05; HSWM06; House Committee on Ways and Means,False,2014-05-12,2014-06-12,SSNI,"Silver Spring Networks, Inc.",,Purchase,"$15,001 - $50,000",32500.5,False,JT,20001077,https://disclosures-clerk.house.gov/public_disc/ptr-pdfs/2014/20001077.pdf,964cb99a0311fe4a352a59a64c9c2f769c3b828671966cb885c7803978a3ebc4,0
D000617,Suzan K. DelBene,house,Democrat,WA01,HSWM04; HSWM05; HSWM06; House Committee on Ways and Means,False,2014-05-12,2014-06-12,SZYM,"Solazyme, Inc.",,Purchase,"$1,001 - $15,000",8000.5,False,JT,20001077,https://disclosures-clerk.house.gov/public_disc/ptr-pdfs/2014/20001077.pdf,4b3c0210f421e976f75256b8685ad835d60c5e4f04b9edda31a79bd691d63185,0
D000617,Suzan K. DelBene,house,Democrat,WA01,HSWM04; HSWM05; HSWM06; House Committee on Ways and Means,False,2014-05-12,2014-06-12,SWN,Southwestern Energy Company,,Purchase,"$15,001 - $50,000",32500.5,False,JT,20001077,https://disclosures-clerk.house.gov/public_disc/ptr-pdfs/2014/20001077.pdf,e83771e622913c59ed4d3b07fe00931673d0b6a0a50b098c75034dac2256d9d8,0
D000617,Suzan K. DelBene,house,Democrat,WA01,HSWM04; HSWM05; HSWM06; House Committee on Ways and Means,False,2014-05-27,2014-06-12,,STATE oF WASHINGToN 4% CoPS,,Purchase,"$15,001 - $50,000",32500.5,False,JT,20001077,https://disclosures-clerk.house.gov/public_disc/ptr-pdfs/2014/20001077.pdf,a047ac7617360daf97f2ec5f51382398429287940989cb3de2758684681d1db0,0
D000617,Suzan K. DelBene,house,Democrat,WA01,HSWM04; HSWM05; HSWM06; House Committee on Ways and Means,False,2014-05-12,2014-06-12,SUNE,"SunEdison, Inc.",,Purchase,"$15,001 - $50,000",32500.5,False,JT,20001077,https://disclosures-clerk.house.gov/public_disc/ptr-pdfs/2014/20001077.pdf,941a96396a9ac1b9b72614cd1f75a2467cbd025e782c6a9505b3f3ed0dc7857f,0
D000617,Suzan K. DelBene,house,Democrat,WA01,HSWM04; HSWM05; HSWM06; House Committee on Ways and Means,False,2014-05-12,2014-06-12,SPWR,SunPower Corporation,,Purchase,"$50,001 - $100,000",75000.5,False,JT,20001077,https://disclosures-clerk.house.gov/public_disc/ptr-pdfs/2014/20001077.pdf,6929662004594f2c45b5e0c7e42b732f93b83f9e1956d3b484d199bb7a625fde,0
D000617,Suzan K. DelBene,house,Democrat,WA01,HSWM04; HSWM05; HSWM06; House Committee on Ways and Means,False,2014-05-20,2014-06-12,SPWR,SunPower Corporation,,Sale,"$15,001 - $50,000",32500.5,False,JT,20001077,https://disclosures-clerk.house.gov/public_disc/ptr-pdfs/2014/20001077.pdf,eb31c37835302f49c8a8e3b4cfede072fda490e82c69268f0cf9a317241f3ced,0
D000617,Suzan K. DelBene,house,Democrat,WA01,HSWM04; HSWM05; HSWM06; House Committee on Ways and Means,False,2014-05-12,2014-06-12,SYT,Syngenta AG,,Purchase,"$15,001 - $50,000",32500.5,False,JT,20001077,https://disclosures-clerk.house.gov/public_disc/ptr-pdfs/2014/20001077.pdf,b027bed0ea5bbe16ddbcc4926bc14383bb1bcc2ed2881ac7208c17aafb61f3c2,0
D000617,Suzan K. DelBene,house,Democrat,WA01,HSWM04; HSWM05; HSWM06; House Committee on Ways and Means,False,2014-05-13,2014-06-12,,ToRAY IND INC (6897143),,Purchase,"$15,001 - $50,000",32500.5,False,JT,20001077,https://disclosures-clerk.house.gov/public_disc/ptr-pdfs/2014/20001077.pdf,d84561c25b34daafd722e03c69e2316216882ca698bd124f7fa91489d8f8ebc2,0
D000617,Suzan K. DelBene,house,Democrat,WA01,HSWM04; HSWM05; HSWM06; House Committee on Ways and Means,False,2014-05-22,2014-06-12,VMI,"Valmont Industries, Inc.",,Sale,"$15,001 - $50,000",32500.5,False,JT,20001077,https://disclosures-clerk.house.gov/public_disc/ptr-pdfs/2014/20001077.pdf,2b0fb47b4a0387631fbfac1bcde30775e99b80df2a09aa0e3ff03eecb351978b,0
D000617,Suzan K. DelBene,house,Democrat,WA01,HSWM04; HSWM05; HSWM06; House Committee on Ways and Means,False,2014-05-12,2014-06-12,VMI,"Valmont Industries, Inc.",,Purchase,"$15,001 - $50,000",32500.5,False,JT,20001077,https://disclosures-clerk.house.gov/public_disc/ptr-pdfs/2014/20001077.pdf,01e6106667e05408916bc15800b97092f2bbb737f3e2983358f98bf7e006efe2,0
D000617,Suzan K. DelBene,house,Democrat,WA01,HSWM04; HSWM05; HSWM06; House Committee on Ways and Means,False,2014-05-13,2014-06-12,,WASIoN GRouP HlDGS lTD,,Purchase,"$15,001 - $50,000",32500.5,False,JT,20001077,https://disclosures-clerk.house.gov/public_disc/ptr-pdfs/2014/20001077.pdf,6999ea435096ebb5fd371e596498a83764c07827b921ba7a3b56277fa186d774,0
D000617,Suzan K. DelBene,house,Democrat,WA01,HSWM04; HSWM05; HSWM06; House Committee on Ways and Means,False,2014-05-13,2014-06-12,,ZuMToBEl AG (B13WZ26),,Purchase,"$15,001 - $50,000",32500.5,False,JT,20001077,https://disclosures-clerk.house.gov/public_disc/ptr-pdfs/2014/20001077.pdf,ab40d60d2ee95b2e485acb14b36dda058a7632a8bfff9e26ef20395011eaa45c,0
D000617,Suzan K. DelBene,house,Democrat,WA01,HSWM04; HSWM05; HSWM06; House Committee on Ways and Means,False,2014-05-20,2014-06-12,CSIQ,Canadian Solar Inc. - common shares,,Purchase,"$15,001 - $50,000",32500.5,False,JT,20001077,https://disclosures-clerk.house.gov/public_disc/ptr-pdfs/2014/20001077.pdf,d6e6e2ff86da29ef2a37c6f2dbe654ad8f2425f0f1c1208c64ceec60b736db43,1
D000617,Suzan K. DelBene,house,Democrat,WA01,HSWM04; HSWM05; HSWM06; House Committee on Ways and Means,False,2014-05-12,2014-06-12,CBI,Chicago Bridge & Iron Company N.V.,,Purchase,"$15,001 - $50,000",32500.5,False,JT,20001077,https://disclosures-clerk.house.gov/public_disc/ptr-pdfs/2014/20001077.pdf,22bfd58302a3ea607600b848e2e38282d355a29d696479038d774c1fec5ce64e,1
D000617,Suzan K. DelBene,house,Democrat,WA01,HSWM04; HSWM05; HSWM06; House Committee on Ways and Means,False,2014-05-12,2014-06-12,FLTX,Fleetmatics Group PlC ordinary Shares,,Purchase,"$1,001 - $15,000",8000.5,False,JT,20001077,https://disclosures-clerk.house.gov/public_disc/ptr-pdfs/2014/20001077.pdf,6992aee40abbc726bf495116640bf4ebe0f0691a59b00805d3d455dce3e35bdf,1
D000617,Suzan K. DelBene,house,Democrat,WA01,HSWM04; HSWM05; HSWM06; House Committee on Ways and Means,False,2014-05-12,2014-06-12,HASI,"Hannon Armstrong Sustainable Infrastructure Capital, Inc.",,Purchase,"$15,001 - $50,000",32500.5,False,JT,20001077,https://disclosures-clerk.house.gov/public_disc/ptr-pdfs/2014/20001077.pdf,1e69fd572e4ca62218da30756c0397216ea135d1250cc3c4bda3cb7e883248cf,0
D000617,Suzan K. DelBene,house,Democrat,WA01,HSWM04; HSWM05; HSWM06; House Committee on Ways and Means,False,2014-05-12,2014-06-12,MIXT,MiX Telematics limited American ordinary Shares,,Purchase,"$15,001 - $50,000",32500.5,False,JT,20001077,https://disclosures-clerk.house.gov/public_disc/ptr-pdfs/2014/20001077.pdf,fcd37e3c031b971f2da066b3d6c2190c2e6e26b7ce871bd23027ee937aaa65ff,0
D000617,Suzan K. DelBene,house,Democrat,WA01,HSWM04; HSWM05; HSWM06; House Committee on Ways and Means,False,2014-05-12,2014-06-12,NES,"Nuverra Environmental Solutions, Inc.",,Purchase,"$15,001 - $50,000",32500.5,False,JT,20001077,https://disclosures-clerk.house.gov/public_disc/ptr-pdfs/2014/20001077.pdf,bc9ed95d43d6c3dbdd9d9cc749393081f05a30bd5e7ffd218919edd816654d2b,1
D000617,Suzan K. DelBene,house,Democrat,WA01,HSWM04; HSWM05; HSWM06; House Committee on Ways and Means,False,2014-05-13,2014-06-12,,PSI AG (5522714),,Purchase,"$15,001 - $50,000",32500.5,False,JT,20001077,https://disclosures-clerk.house.gov/public_disc/ptr-pdfs/2014/20001077.pdf,17286c1e2036ffb5fcaa9b9c1cdf8438398871a06e658edcaa7b2ace895fbd78,0
D000617,Suzan K. DelBene,house,Democrat,WA01,HSWM04; HSWM05; HSWM06; House Committee on Ways and Means,False,2014-05-12,2014-06-12,,oRlANDo & oRANGE CNTY EXPWY,,Purchase,"$500,001 - $1,000,000",750000.5,False,JT,20001077,https://disclosures-clerk.house.gov/public_disc/ptr-pdfs/2014/20001077.pdf,e791a2a75eb8059da9d31f79df13d09dbd4a77e88a50d1d7abfe6fc2cc8e1f82,0
D000617,Suzan K. DelBene,house,Democrat,WA01,HSWM04; HSWM05; HSWM06; House Committee on Ways and Means,False,2014-05-12,2014-06-12,,"Nuverra Environmental Solutions, Inc.",,Purchase,"$15,001 - $50,000",32500.5,False,JT,20001077,https://disclosures-clerk.house.gov/public_disc/ptr-pdfs/2014/20001077.pdf,bc9ed95d43d6c3dbdd9d9cc749393081f05a30bd5e7ffd218919edd816654d2b,0
D000617,Suzan K. DelBene,house,Democrat,WA01,HSWM04; HSWM05; HSWM06; House Committee on Ways and Means,False,2014-05-14,2014-06-12,,NDAKoTA HSG FIN A 1.3% DuE,,Purchase,"$250,001 - $500,000",375000.5,False,JT,20001077,https://disclosures-clerk.house.gov/public_disc/ptr-pdfs/2014/20001077.pdf,adcee01ba9712cde383c152f43f395452df4f2a5972a5f493eb6d9c4ccbb3a4c,0
D000617,Suzan K. DelBene,house,Democrat,WA01,HSWM04; HSWM05; HSWM06; House Committee on Ways and Means,False,2014-05-12,2014-06-12,BMI,"Badger Meter, Inc.",,Purchase,"$15,001 - $50,000",32500.5,False,JT,20001077,https://disclosures-clerk.house.gov/public_disc/ptr-pdfs/2014/20001077.pdf,07caf4b8f4ff55cbde3127f9b4539946946f61b36bd559a77d62682c027e97ae,0
D000617,Suzan K. DelBene,house,Democrat,WA01,HSWM04; HSWM05; HSWM06; House Committee on Ways and Means,False,2014-05-15,2014-06-12,,BoE CHICAGo 4.25 DuE 12/01/18,,Sale,"$250,001 - $500,000",375000.5,False,JT,20001077,https://disclosures-clerk.house.gov/public_disc/ptr-pdfs/2014/20001077.pdf,66786f921ce9be28e902f9edaef4444c8d5f1b5cbe2bb51b36587d9866ae344e,0
D000617,Suzan K. DelBene,house,Democrat,WA01,HSWM04; HSWM05; HSWM06; House Committee on Ways and Means,False,2014-05-12,2014-06-12,CCC,Calgon Carbon Corporation,,Purchase,"$15,001 - $50,000",32500.5,False,JT,20001077,https://disclosures-clerk.house.gov/public_disc/ptr-pdfs/2014/20001077.pdf,7ed0d3bf86ade1e3cd9ef6df27f86369d83eded189cfed91cb3b97edf41f5099,0
D000617,Suzan K. DelBene,house,Democrat,WA01,HSWM04; HSWM05; HSWM06; House Committee on Ways and Means,False,2014-05-20,2014-06-12,,Canadian Solar Inc. - common shares,,Purchase,"$15,001 - $50,000",32500.5,False,JT,20001077,https://disclosures-clerk.house.gov/public_disc/ptr-pdfs/2014/20001077.pdf,d6e6e2ff86da29ef2a37c6f2dbe654ad8f2425f0f1c1208c64ceec60b736db43,0
D000617,Suzan K. DelBene,house,Democrat,WA01,HSWM04; HSWM05; HSWM06; House Committee on Ways and Means,False,2014-05-12,2014-06-12,,Chicago Bridge & Iron Company N.V.,,Purchase,"$15,001 - $50,000",32500.5,False,JT,20001077,https://disclosures-clerk.house.gov/public_disc/ptr-pdfs/2014/20001077.pdf,22bfd58302a3ea607600b848e2e38282d355a29d696479038d774c1fec5ce64e,0
D000617,Suzan K. DelBene,house,Democrat,WA01,HSWM04; HSWM05; HSWM06; House Committee on Ways and Means,False,2014-05-12,2014-06-12,CREE,"Cree, Inc.",,Purchase,"$15,001 - $50,000",32500.5,False,JT,20001077,https://disclosures-clerk.house.gov/public_disc/ptr-pdfs/2014/20001077.pdf,4818a18c273d68d6054686c3fa7ccab102de4ecce54013c6487661befb1f0194,0
D000617,Suzan K. DelBene,house,Democrat,WA01,HSWM04; HSWM05; HSWM06; House Committee on Ways and Means,False,2014-05-13,2014-06-12,,DIAlIGHT,,Purchase,"$15,001 - $50,000",32500.5,False,JT,20001077,https://disclosures-clerk.house.gov/public_disc/ptr-pdfs/2014/20001077.pdf,11928bd3fdff346afe317d8d34acacd60ab490e4241f3af2c2615efd985a063c,0
D000617,Suzan K. DelBene,house,Democrat,WA01,HSWM04; HSWM05; HSWM06; House Committee on Ways and Means,False,2014-05-12,2014-06-12,ERII,"Energy Recovery, Inc.",,Purchase,"$15,001 - $50,000",32500.5,False,JT,20001077,https://disclosures-clerk.house.gov/public_disc/ptr-pdfs/2014/20001077.pdf,342bf6e9b6db7f8c46cfe90204d9e6c3b7ba24984a5b4b965dbedd6f8ba4b344,0
D000617,Suzan K. DelBene,house,Democrat,WA01,HSWM04; HSWM05; HSWM06; House Committee on Ways and Means,False,2014-05-12,2014-06-12,EOG,"EoG Resources, Inc.",,Purchase,"$15,001 - $50,000",32500.5,False,JT,20001077,https://disclosures-clerk.house.gov/public_disc/ptr-pdfs/2014/20001077.pdf,330eafa444ccc1c1788ef6bc52f40274c2f9a30b55ecf0618cf9f56042ae62b5,0
D000617,Suzan K. DelBene,house,Democrat,WA01,HSWM04; HSWM05; HSWM06; House Committee on Ways and Means,False,2014-05-12,2014-06-12,FSLR,"First Solar, Inc.",,Purchase,"$15,001 - $50,000",32500.5,False,JT,20001077,https://disclosures-clerk.house.gov/public_disc/ptr-pdfs/2014/20001077.pdf,e3eb0e26a4f036f094a8dce8ed3dce5c4804afebe3edc3b9962371a96cdb337b,0
D000617,Suzan K. DelBene,house,Democrat,WA01,HSWM04; HSWM05; HSWM06; House Committee on Ways and Means,False,2014-05-12,2014-06-12,,Fleetmatics Group PlC ordinary Shares,,Purchase,"$1,001 - $15,000",8000.5,False,JT,20001077,https://disclosures-clerk.house.gov/public_disc/ptr-pdfs/2014/20001077.pdf,6992aee40abbc726bf495116640bf4ebe0f0691a59b00805d3d455dce3e35bdf,0
D000617,Suzan K. DelBene,house,Democrat,WA01,HSWM04; HSWM05; HSWM06; House Committee on Ways and Means,False,2014-05-12,2014-06-12,,Hannon Armstrong Sustainable,,Purchase,"$15,001 - $50,000",32500.5,False,JT,20001077,https://disclosures-clerk.house.gov/public_disc/ptr-pdfs/2014/20001077.pdf,6842c265e69a7a1e98a94e5a37ca9137fee5430fe6de7ecc00d4ec367fa3e268,0
D000617,Suzan K. DelBene,house,Democrat,WA01,HSWM04; HSWM05; HSWM06; House Committee on Ways and Means,False,2014-05-14,2014-06-12,,HYFluX lTD (6320058),,Purchase,"$1,001 - $15,000",8000.5,False,JT,20001077,https://disclosures-clerk.house.gov/public_disc/ptr-pdfs/2014/20001077.pdf,88cc41e80512f89d83169e640fad17d05de4bbc02ee27b168123f66fdf27e428,0
D000617,Suzan K. DelBene,house,Democrat,WA01,HSWM04; HSWM05; HSWM06; House Committee on Ways and Means,False,2014-05-12,2014-06-12,JCI,"Johnson Controls, Inc.",,Purchase,"$15,001 - $50,000",32500.5,False,JT,20001077,https://disclosures-clerk.house.gov/public_disc/ptr-pdfs/2014/20001077.pdf,f928b903e57494b1e17c441021770611c16732939621e7cae4ae69476b90d16f,0
D000617,Suzan K. DelBene,house,Democrat,WA01,HSWM04; HSWM05; HSWM06; House Committee on Ways and Means,False,2014-05-13,2014-06-12,,KINGSPAN GRP PlC (4491235),,Purchase,"$15,001 - $50,000",32500.5,False,JT,20001077,https://disclosures-clerk.house.gov/public_disc/ptr-pdfs/2014/20001077.pdf,bca04de909fa5208ba08793792e5e811f889d508e6f04417f3086fb6cbeaa3e6,0
D000617,Suzan K. DelBene,house,Democrat,WA01,HSWM04; HSWM05; HSWM06; House Committee on Ways and Means,False,2014-05-12,2014-06-12,LKQ,lKQ Corporation,,Purchase,"$15,001 - $50,000",32500.5,False,JT,20001077,https://disclosures-clerk.house.gov/public_disc/ptr-pdfs/2014/20001077.pdf,4af35a303bfa299d47f595b4e0ecd188a60305d28bd614a5ccacfeceedd9e2ec,0
D000617,Suzan K. DelBene,house,Democrat,WA01,HSWM04; HSWM05; HSWM06; House Committee on Ways and Means,False,2014-05-13,2014-06-12,CDA,luMENPulSE INC,,Purchase,"$1,001 - $15,000",8000.5,False,JT,20001077,https://disclosures-clerk.house.gov/public_disc/ptr-pdfs/2014/20001077.pdf,ef3037a4aae9ae34d70a3bb65377611b8bd263947550dddd05e332feee23b981,0
D000617,Suzan K. DelBene,house,Democrat,WA01,HSWM04; HSWM05; HSWM06; House Committee on Ways and Means,False,2014-05-13,2014-06-12,,MEYER BuRGER (B5NC0D0),,Purchase,"$15,001 - $50,000",32500.5,False,JT,20001077,https://disclosures-clerk.house.gov/public_disc/ptr-pdfs/2014/20001077.pdf,79effde93eacb06c0a58a98f0d92acb53c4415cf8893d95fb75de4c43094f5a2,0
D000617,Suzan K. DelBene,house,Democrat,WA01,HSWM04; HSWM05; HSWM06; House Committee on Ways and Means,False,2014-05-12,2014-06-12,,MiX Telematics limited American,,Purchase,"$15,001 - $50,000",32500.5,False,JT,20001077,https://disclosures-clerk.house.gov/public_disc/ptr-pdfs/2014/20001077.pdf,a656ed20feca447cc9e91f4febacca198764b25a9ef85db211eefdc8107adce1,0
D000617,Suzan K. DelBene,house,Democrat,WA01,HSWM04; HSWM05; HSWM06; House Committee on Ways and Means,False,2014-05-12,2014-06-12,MYRG,"MYR Group, Inc.",,Purchase,"$15,001 - $50,000",32500.5,False,JT,20001077,https://disclosures-clerk.house.gov/public_disc/ptr-pdfs/2014/20001077.pdf,c48f50986051d8847bddc833634269c057f678b6173bc252a6b30ff45ffeb981,0
F000461,Bill Flores,house,Republican,TX17,,False,2014-05-29,2014-06-12,,american Infrastructure MlP assoc.,,Sale,"$1,001 - $15,000",8000.5,False,SELF,20000910,https://disclosures-clerk.house.gov/public_disc/ptr-pdfs/2014/20000910.pdf,c6ad546a687b6af44b92fe5d811ac66e836a15aafd4db060a13f4382fbe66304,0
G000551,Raúl M. Grijalva,house,Democrat,AZ03,,False,2014-05-08,2014-06-11,CMLP,Crestwood Midstream Partners lP,,Purchase,"$1,001 - $15,000",8000.5,False,SP,20001110,https://disclosures-clerk.house.gov/public_disc/ptr-pdfs/2014/20001110.pdf,d00601c937fe39822006253cd3b9e3ebffd484e31b2b802b7120cca7c98ee90e,1
G000551,Raúl M. Grijalva,house,Democrat,AZ03,,False,2014-05-08,2014-06-11,DD,E.I. du Pont de Nemours and Company,,Purchase,"$1,001 - $15,000",8000.5,False,SP,20001110,https://disclosures-clerk.house.gov/public_disc/ptr-pdfs/2014/20001110.pdf,f3dda3e80f677dc3c7705625f3bf564d9134c75e92f7d1eb0fe446c9bc8f5360,1
H001051,Richard L. Hanna,house,Republican,NY22,,False,2014-05-02,2014-06-11,,"Eaton Corporation, PLC ordinary",,Purchase,"$1,001 - $15,000",8000.5,False,SELF,20001107,https://disclosures-clerk.house.gov/public_disc/ptr-pdfs/2014/20001107.pdf,f892837077de8dcdbb475270cf85628c72be708d1c6667db072ba6a62c7669ec,0
H001051,Richard L. Hanna,house,Republican,NY22,,False,2014-05-21,2014-06-11,ESRX,Express Scripts Holding Company,,Purchase,"$15,001 - $50,000",32500.5,False,SELF,20001107,https://disclosures-clerk.house.gov/public_disc/ptr-pdfs/2014/20001107.pdf,e3b93f622d59d60a92e8147729e2a451f75168926f867d1f64471435f41ccf87,1
H001051,Richard L. Hanna,house,Republican,NY22,,False,2014-05-02,2014-06-11,ETN,"Eaton Corporation, PLC ordinary Shares",,Purchase,"$1,001 - $15,000",8000.5,False,SELF,20001107,https://disclosures-clerk.house.gov/public_disc/ptr-pdfs/2014/20001107.pdf,74de1315e0e9f81f90978a54eaf554b7e64a3fbac607f72861fef117bea54693,0
H001051,Richard L. Hanna,house,Republican,NY22,,False,2014-05-20,2014-06-11,TFM,"The Fresh Market, Inc.",,Sale,"$1,001 - $15,000",8000.5,False,SELF,20001107,https://disclosures-clerk.house.gov/public_disc/ptr-pdfs/2014/20001107.pdf,83a0ad9ce73baa1f0f5dd17e37554dacf947d64eb59f0463b6d6a022c87fc654,0
H001051,Richard L. Hanna,house,Republican,NY22,,False,2014-05-13,2014-06-11,TFM,"The Fresh Market, Inc.",,Purchase,"$15,001 - $50,000",32500.5,False,SELF,20001107,https://disclosures-clerk.house.gov/public_disc/ptr-pdfs/2014/20001107.pdf,71484bfe71d253dcab200b2dbb3ca2dfbcf2d2c3f53e275b457f0b7005896900,0
H001051,Richard L. Hanna,house,Republican,NY22,,False,2014-05-21,2014-06-11,,Potash Corporation of Saskatchewan,,Sale,"$1,001 - $15,000",8000.5,False,SELF,20001107,https://disclosures-clerk.house.gov/public_disc/ptr-pdfs/2014/20001107.pdf,1628a3a57d28b3960a554ae06cf56e240223635987ff90de5610f2f6a8d54dcb,0
H001051,Richard L. Hanna,house,Republican,NY22,,False,2014-05-21,2014-06-11,,Panera bread Company - Class A,,Purchase,"$15,001 - $50,000",32500.5,False,SELF,20001107,https://disclosures-clerk.house.gov/public_disc/ptr-pdfs/2014/20001107.pdf,c9d814a07973e4b22b8e7da5fee21f78f96cd780622bb752e59af266f2021fab,0
H001051,Richard L. Hanna,house,Republican,NY22,,False,2014-05-21,2014-06-11,MAS,Masco Corporation,,Purchase,"$1,001 - $15,000",8000.5,False,SELF,20001107,https://disclosures-clerk.house.gov/public_disc/ptr-pdfs/2014/20001107.pdf,22a6b459cc1f3a964191ce645d1bef3126d3dab90cab1854ebf2e2b58563d22f,0
H001051,Richard L. Hanna,house,Republican,NY22,,False,2014-05-06,2014-06-11,BEN,"Franklin Resources, Inc.",,Purchase,"$100,001 - $250,000",175000.5,False,SELF,20001107,https://disclosures-clerk.house.gov/public_disc/ptr-pdfs/2014/20001107.pdf,f70cf05efce34a5ff48a7a09d840f406c4c3d901b2f078cbb3b97369910c852e,0
H001051,Richard L. Hanna,house,Republican,NY22,,False,2014-05-21,2014-06-11,,Express Scripts Holding Company,,Purchase,"$15,001 - $50,000",32500.5,False,SELF,20001107,https://disclosures-clerk.house.gov/public_disc/ptr-pdfs/2014/20001107.pdf,e3b93f622d59d60a92e8147729e2a451f75168926f867d1f64471435f41ccf87,0
H001051,Richard L. Hanna,house,Republican,NY22,,False,2014-05-06,2014-06-11,,Express Scripts Holding Company,,Purchase,"$50,001 - $100,000",75000.5,False,SELF,20001107,https://disclosures-clerk.house.gov/public_disc/ptr-pdfs/2014/20001107.pdf,4f987a501d41290de3878238474b013f326646e0aae1c6459dd2c1c3a14e48a1,0
P000595,Gary C. Peters,house,Democrat,MI14,"SSAP01; SSAP14; SSAP16; SSAP19; SSAP22; SSAS14; SSAS20; SSAS21; SSCM34; SSCM36; SSCM37; SSCM38; SSGA01; SSGA20; SSGA22; Senate Committee on Appropriations; Senate Committee on Armed Services; Senate Committee on Commerce, Science, and Transportation; Senate Committee on Homeland Security and Governmental Affairs",False,2014-06-03,2014-06-11,GM,General Motors Company,,Purchase,"$1,001 - $15,000",8000.5,False,SELF,20001082,https://disclosures-clerk.house.gov/public_disc/ptr-pdfs/2014/20001082.pdf,97cd38207b86f605214171895f1ad9d927c2aedf0c825dddc74a927ae0fdaf47,0
H001051,Richard L. Hanna,house,Republican,NY22,,False,2014-05-02,2014-06-11,BDX,"becton, Dickinson and Company",,Purchase,"$1,001 - $15,000",8000.5,False,SELF,20001107,https://disclosures-clerk.house.gov/public_disc/ptr-pdfs/2014/20001107.pdf,5c108810fc64bcc57351a92882d336cd515c42dc6019380dec7133abf03e4a35,0
H001051,Richard L. Hanna,house,Republican,NY22,,False,2014-05-13,2014-06-11,APA,Apache Corporation,,Purchase,"$1,001 - $15,000",8000.5,False,SELF,20001107,https://disclosures-clerk.house.gov/public_disc/ptr-pdfs/2014/20001107.pdf,57efcb34c878d2730be74504161c10e8fa66110e8b2972f493400b06c882ade4,0
D000399,Lloyd Doggett,house,Democrat,TX35,HSWM02; HSWM04; HSWM06; House Committee on Ways and Means; House Committee on the Budget; Joint Committee on Taxation,False,2014-05-15,2014-06-11,PG,Procter & gamble Company,,Purchase,"$1,001 - $15,000",8000.5,False,SELF,20001114,https://disclosures-clerk.house.gov/public_disc/ptr-pdfs/2014/20001114.pdf,48a027fafecb6a9599b6760ee871271d8a4a43c83b1f5a033400f98a810e37c9,0
H001051,Richard L. Hanna,house,Republican,NY22,,False,2014-05-06,2014-06-11,ESRX,Express Scripts Holding Company,,Purchase,"$50,001 - $100,000",75000.5,False,SELF,20001107,https://disclosures-clerk.house.gov/public_disc/ptr-pdfs/2014/20001107.pdf,4f987a501d41290de3878238474b013f326646e0aae1c6459dd2c1c3a14e48a1,1
H001051,Richard L. Hanna,house,Republican,NY22,,False,2014-05-21,2014-06-11,PNRA,Panera bread Company - Class A,,Purchase,"$15,001 - $50,000",32500.5,False,SELF,20001107,https://disclosures-clerk.house.gov/public_disc/ptr-pdfs/2014/20001107.pdf,c9d814a07973e4b22b8e7da5fee21f78f96cd780622bb752e59af266f2021fab,1
G000551,Raúl M. Grijalva,house,Democrat,AZ03,,False,2014-05-08,2014-06-11,,E.I. du Pont de Nemours and Company,,Purchase,"$1,001 - $15,000",8000.5,False,SP,20001110,https://disclosures-clerk.house.gov/public_disc/ptr-pdfs/2014/20001110.pdf,f3dda3e80f677dc3c7705625f3bf564d9134c75e92f7d1eb0fe446c9bc8f5360,0
G000551,Raúl M. Grijalva,house,Democrat,AZ03,,False,2014-05-08,2014-06-11,,Crestwood Midstream Partners lP,,Purchase,"$1,001 - $15,000",8000.5,False,SP,20001110,https://disclosures-clerk.house.gov/public_disc/ptr-pdfs/2014/20001110.pdf,d00601c937fe39822006253cd3b9e3ebffd484e31b2b802b7120cca7c98ee90e,0
H001051,Richard L. Hanna,house,Republican,NY22,,False,2014-05-21,2014-06-11,POT,Potash Corporation of Saskatchewan Inc.,,Sale,"$1,001 - $15,000",8000.5,False,SELF,20001107,https://disclosures-clerk.house.gov/public_disc/ptr-pdfs/2014/20001107.pdf,3784d63edd64e3c61756569f6d793c2adb6441ff968a1b3c3e00ac3ecf3c8c85,0
G000551,Raúl M. Grijalva,house,Democrat,AZ03,,False,2014-05-08,2014-06-11,BPAQF,BP PlC Ordinary shares,,Purchase,"$1,001 - $15,000",8000.5,False,SP,20001110,https://disclosures-clerk.house.gov/public_disc/ptr-pdfs/2014/20001110.pdf,18d55f59286dea45b8162de30edf6e9a7f8e7f8aa4db5aa38bb58584906f098c,0
G000551,Raúl M. Grijalva,house,Democrat,AZ03,,False,2014-05-08,2014-06-11,BAC,Bank of america Corporation,,Sale,"$1,001 - $15,000",8000.5,False,SP,20001110,https://disclosures-clerk.house.gov/public_disc/ptr-pdfs/2014/20001110.pdf,09a9804665989256b65238f1b40391856573a2d0bda9276dbb10002c43c0ce75,0
G000551,Raúl M. Grijalva,house,Democrat,AZ03,,False,2014-05-08,2014-06-11,AA,alcoa Inc.,,Sale,"$1,001 - $15,000",8000.5,False,SP,20001110,https://disclosures-clerk.house.gov/public_disc/ptr-pdfs/2014/20001110.pdf,32628f3e9893bd17e5fb89df5f8bad9ca8b323dec694160cdf5afb83f6fe4f3d,0
F000450,Virginia Foxx,house,Republican,NC05,HSED02; HSGO24; House Committee on Education and Workforce; House Committee on Oversight and Government Reform; House Committee on Rules,False,2014-05-30,2014-06-10,,Natural Resource Partners lP limited,,Sale,"$15,001 - $50,000",32500.5,False,JT,20001099,https://disclosures-clerk.house.gov/public_disc/ptr-pdfs/2014/20001099.pdf,f4d2cddb35199270316b220598de5daa47b85473dbf8a783212bcaaf59fbb6c0,0
F000450,Virginia Foxx,house,Republican,NC05,HSED02; HSGO24; House Committee on Education and Workforce; House Committee on Oversight and Government Reform; House Committee on Rules,False,2014-05-28,2014-06-10,,Voya Prime Rate Trust shares of,,Sale,"$15,001 - $50,000",32500.5,False,JT,20001099,https://disclosures-clerk.house.gov/public_disc/ptr-pdfs/2014/20001099.pdf,bdad1a407fdabaa4f74b62e52ac627604065f23774e7c5465c9e5fd2fe2e99c9,0
B000589,John A. Boehner,house,Republican,OH08,,False,2014-05-20,2014-06-10,KN,Knowles Corporation,,Sale,"$1,001 - $15,000",8000.5,False,SELF,20001087,https://disclosures-clerk.house.gov/public_disc/ptr-pdfs/2014/20001087.pdf,8ecb744f96996cca80585454b5f3d2d3e94da82ab8b6f615b7378103f579ebfe,0
B000589,John A. Boehner,house,Republican,OH08,,False,2014-05-22,2014-06-10,QCOM,QUAlCOMM Incorporated,,Purchase,"$15,001 - $50,000",32500.5,False,SELF,20001087,https://disclosures-clerk.house.gov/public_disc/ptr-pdfs/2014/20001087.pdf,8dc35885a10dd9e87524aee29f659678decc34ee9cee955a1a5d777a977ca967,0
F000450,Virginia Foxx,house,Republican,NC05,HSED02; HSGO24; House Committee on Education and Workforce; House Committee on Oversight and Government Reform; House Committee on Rules,False,2014-05-28,2014-06-10,PPR,Voya Prime Rate Trust shares of Beneficial Interest,,Sale,"$15,001 - $50,000",32500.5,False,JT,20001099,https://disclosures-clerk.house.gov/public_disc/ptr-pdfs/2014/20001099.pdf,a61487d70fa56db6e9cc06f91acbb4b7152ab90c0a70b2bde10260ab1f6e222c,0
F000450,Virginia Foxx,house,Republican,NC05,HSED02; HSGO24; House Committee on Education and Workforce; House Committee on Oversight and Government Reform; House Committee on Rules,False,2014-05-30,2014-06-10,NRP,type Date JT Natural Resource Partners lP limited Partnership,,Sale,"$15,001 - $50,000",32500.5,False,SELF,20001099,https://disclosures-clerk.house.gov/public_disc/ptr-pdfs/2014/20001099.pdf,277c0fd76a6d7da1fcbabea24806ad8a9e81b17731d56d331fd58506c118628e,0
S000583,Lamar Smith,house,Republican,TX21,,False,2014-05-27,2014-06-09,ICE,Intercontinental Exchange Inc.,,Sale,"$1,001 - $15,000",8000.5,False,SELF,20001067,https://disclosures-clerk.house.gov/public_disc/ptr-pdfs/2014/20001067.pdf,2c9119a841a66fc46eebef5eb3abfa9e4959f48c4ebad8248f6563d9856da34e,0
S000583,Lamar Smith,house,Republican,TX21,,False,2014-05-27,2014-06-09,,Transdigm group Incorporated,,Sale,"$1,001 - $15,000",8000.5,False,SELF,20001067,https://disclosures-clerk.house.gov/public_disc/ptr-pdfs/2014/20001067.pdf,fe27c427d4f47204b16d46c316a24eff00f2cb57ead417476cc85495f003aa25,0
S000583,Lamar Smith,house,Republican,TX21,,False,2014-04-28,2014-06-09,COV,Covidien plc. ordinary Shares,,Purchase,"$1,001 - $15,000",8000.5,False,SELF,20001067,https://disclosures-clerk.house.gov/public_disc/ptr-pdfs/2014/20001067.pdf,63636ab2c73625daf6001efe219dbcc657092f06b00b49b037c15bc5f2dbb704,0
S000583,Lamar Smith,house,Republican,TX21,,False,2014-04-28,2014-06-09,AGN,"allergan, Inc.",,Sale,"$1,001 - $15,000",8000.5,False,SELF,20001067,https://disclosures-clerk.house.gov/public_disc/ptr-pdfs/2014/20001067.pdf,b0312fc28fdd11aecbd920ccb9b6513cfad8b616627ade9eed2d68b8b33d8485,0
S000583,Lamar Smith,house,Republican,TX21,,False,2014-04-29,2014-06-09,FDS,FactSet Research Systems Inc.,,Purchase,"$1,001 - $15,000",8000.5,False,SELF,20001067,https://disclosures-clerk.house.gov/public_disc/ptr-pdfs/2014/20001067.pdf,d0f6b409e5964140d832cb05124ffc09c3865044d2ae9504b0891ad3f87a2dcd,0
S000583,Lamar Smith,house,Republican,TX21,,False,2014-05-27,2014-06-09,TDG,Transdigm group Incorporated Transdigm group Inc.,,Sale,"$1,001 - $15,000",8000.5,False,SELF,20001067,https://disclosures-clerk.house.gov/public_disc/ptr-pdfs/2014/20001067.pdf,cd6c6ca904ea3bb06c5452428325337429507b90d86af18689c474d50eeedca4,0
N000182,Randy Neugebauer,house,Republican,TX19,,False,2014-06-09,2014-06-09,,YaKIMa WaSH Go 5.0000% BoND,,Purchase,"$50,001 - $100,000",75000.5,False,JT,20001101,https://disclosures-clerk.house.gov/public_disc/ptr-pdfs/2014/20001101.pdf,5ad00cdd2fa4090c835ac1214d08b0e7d1ba0ecf8859731d93303dd94e430058,0
W000413,Ed Whitfield,house,Republican,KY01,,False,2014-05-30,2014-06-09,,Chicago Bridge & Iron Company N.V.,,Purchase,"$1,001 - $15,000",8000.5,False,SP,20001059,https://disclosures-clerk.house.gov/public_disc/ptr-pdfs/2014/20001059.pdf,d872a7c8d85543ab960c8d9a1ba05a4c52ad69bcdea8d2602db3fc96d20c14ac,0
W000413,Ed Whitfield,house,Republican,KY01,,False,2014-05-30,2014-06-09,,Dominion Resources Black Warrior,,Sale,"$1,001 - $15,000",8000.5,False,SP,20001059,https://disclosures-clerk.house.gov/public_disc/ptr-pdfs/2014/20001059.pdf,f2dc3fb7489b5446ef8bf04b8b5083075f81fba1c8673b33b93de2d4fee2d1a8,0
W000413,Ed Whitfield,house,Republican,KY01,,False,2014-05-22,2014-06-09,LO,"lorillard, Inc",,Purchase,"$1,001 - $15,000",8000.5,False,SP,20001059,https://disclosures-clerk.house.gov/public_disc/ptr-pdfs/2014/20001059.pdf,8d0d7a94a8daf87b880c8c478589f8027365d733f1af50bdbf17f97f5f4c352e,0
W000413,Ed Whitfield,house,Republican,KY01,,False,2014-05-30,2014-06-09,,us Bancorp Del DEPOsITaRY sH s g,,Purchase,"$1,001 - $15,000",8000.5,False,SP,20001059,https://disclosures-clerk.house.gov/public_disc/ptr-pdfs/2014/20001059.pdf,e941f1be6fb94ced551973198949ba5b035b1071b7ccc89289815fe0c5efa732,0
W000413,Ed Whitfield,house,Republican,KY01,,False,2014-05-30,2014-06-09,VZ,Verizon Communications Inc.,,Sale,"$1,001 - $15,000",8000.5,False,SP,20001059,https://disclosures-clerk.house.gov/public_disc/ptr-pdfs/2014/20001059.pdf,952f2587a1d524adbbce539aa51d30261fc9156c664a7a42e4214fab28a2fd58,0
W000413,Ed Whitfield,house,Republican,KY01,,False,2014-05-30,2014-06-09,CBI,type Date sP Chicago Bridge & Iron Company N.V.,,Purchase,"$1,001 - $15,000",8000.5,False,SELF,20001059,https://disclosures-clerk.house.gov/public_disc/ptr-pdfs/2014/20001059.pdf,043bc7c1500d13121cebbb5e788fd7fc0de3b378eefae5191f362c3c6f9169c2,0
W000413,Ed Whitfield,house,Republican,KY01,,False,2014-05-30,2014-06-09,DOM,Dominion Resources Black Warrior Trust,,Sale,"$1,001 - $15,000",8000.5,False,SP,20001059,https://disclosures-clerk.house.gov/public_disc/ptr-pdfs/2014/20001059.pdf,87d97bbdaa18d64ebebed60b1dfdb6867a578bd504be61c79c583f2f5d0ed955,0
S000480,Louise McIntosh Slaughter,house,Democrat,NY25,,False,2014-05-15,2014-06-09,PG,Procter & gamble Company,,Purchase,"$1,001 - $15,000",8000.5,False,SELF,20001104,https://disclosures-clerk.house.gov/public_disc/ptr-pdfs/2014/20001104.pdf,1b91d7a1039abe8a3069097d3296da611795edebe91e62cc220923459a91fca2,0
C001062,K. Michael Conaway,house,Republican,TX11,,False,2014-05-12,2014-06-04,,bexar Cnty Tex Rev 4.000% 08/15/2033,,Sale,"$50,001 - $100,000",75000.5,False,SP,20001081,https://disclosures-clerk.house.gov/public_disc/ptr-pdfs/2014/20001081.pdf,6d90e725a832a673baa2931b93a76546f13fa9170f8c67d28de0a01ee8e91a9a,0
C001062,K. Michael Conaway,house,Republican,TX11,,False,2014-05-13,2014-06-04,,Dallas Fort Worth TexIntl airport,,Purchase,"$50,001 - $100,000",75000.5,False,SP,20001081,https://disclosures-clerk.house.gov/public_disc/ptr-pdfs/2014/20001081.pdf,8d7117ca571fc8f9ac063979a0751eadd5508beb4ef81b5733dd383c3171180f,0
C001062,K. Michael Conaway,house,Republican,TX11,,False,2014-05-12,2014-06-04,,Marble Falls Tex CTFS oblig 5.000%,,Purchase,"$50,001 - $100,000",75000.5,False,SP,20001081,https://disclosures-clerk.house.gov/public_disc/ptr-pdfs/2014/20001081.pdf,d5aa41652fe4d913e8729dd0f27ac1c95eb5f178dceefffbbfb320f598f9f5a9,0
G000563,Bob Gibbs,house,Republican,OH07,,False,2014-05-23,2014-06-03,MSFT,Microsoft Corporation,,Sale,"$1,001 - $15,000",8000.5,False,SELF,20001065,https://disclosures-clerk.house.gov/public_disc/ptr-pdfs/2014/20001065.pdf,31db8591a4e94db9f8c89dcbc01dca60b3247f52e3ee4a357d4ee3baf942ed93,0
G000563,Bob Gibbs,house,Republican,OH07,,False,2014-05-23,2014-06-03,GOOGL,Google Inc. - Class A,,Purchase,"$1,001 - $15,000",8000.5,False,SELF,20001065,https://disclosures-clerk.house.gov/public_disc/ptr-pdfs/2014/20001065.pdf,b21d3da7a42b000152d9252baca6d51afd092fddf66a3fe4305cb577ce62ce95,0
O000170,Beto O'Rourke,house,Democrat,TX16,,False,2013-03-04,2014-06-01,COH,"Coach, Inc.",,Sale,"$1,001 - $15,000",8000.5,False,SP,20001024,https://disclosures-clerk.house.gov/public_disc/ptr-pdfs/2014/20001024.pdf,f95ef0a3d644d2e5d9733d6760825b80b8fee2151a1d0aa1f4ab744b5e7e95e4,0
O000170,Beto O'Rourke,house,Democrat,TX16,,False,2013-03-05,2014-06-01,IYG,iShares U.S. Financial Services ETF,,Purchase,"$15,001 - $50,000",32500.5,False,SP,20001024,https://disclosures-clerk.house.gov/public_disc/ptr-pdfs/2014/20001024.pdf,76553db6c0b83bc80424e6208407f8b440f47d8917f8d69d5610ee4054b24a50,1
O000170,Beto O'Rourke,house,Democrat,TX16,,False,2013-03-04,2014-06-01,GLW,Corning Incorporated,,Sale,"$1,001 - $15,000",8000.5,False,SP,20001024,https://disclosures-clerk.house.gov/public_disc/ptr-pdfs/2014/20001024.pdf,bf42679b577699bcc032bea28daaca9efd08be3ddc39d951855793bd4743e01d,0
O000170,Beto O'Rourke,house,Democrat,TX16,,False,2013-03-05,2014-06-01,,iShares U.S. Financial Services ETF,,Purchase,"$15,001 - $50,000",32500.5,False,SP,20001024,https://disclosures-clerk.house.gov/public_disc/ptr-pdfs/2014/20001024.pdf,76553db6c0b83bc80424e6208407f8b440f47d8917f8d69d5610ee4054b24a50,0
O000170,Beto O'Rourke,house,Democrat,TX16,,False,2013-01-15,2014-06-01,KMI,"Kinder Morgan, Inc.",,Purchase,"$1,001 - $15,000",8000.5,False,SP,20001024,https://disclosures-clerk.house.gov/public_disc/ptr-pdfs/2014/20001024.pdf,50f633df1db307fad2ef27aab51ef3d9ce27a5ff8d0a47f121406d60c389fc1c,0
O000170,Beto O'Rourke,house,Democrat,TX16,,False,2013-03-28,2014-06-01,PAA,"Plains all american Pipeline, L.P.",,Sale,"$1,001 - $15,000",8000.5,False,SP,20001024,https://disclosures-clerk.house.gov/public_disc/ptr-pdfs/2014/20001024.pdf,b85b39b9c25e14176b242e6eb3d611d2a88d89813f6c48bac256fcf7c4a73342,0
O000170,Beto O'Rourke,house,Democrat,TX16,,False,2013-03-04,2014-06-01,FEZ,SPdR dJ Euro STOXX 50 Etf,,Purchase,"$15,001 - $50,000",32500.5,False,SP,20001024,https://disclosures-clerk.house.gov/public_disc/ptr-pdfs/2014/20001024.pdf,5a530bc1162d5a184b5ded3daae3707eed517c094c8ce11fb536edddc496fd5b,0
O000170,Beto O'Rourke,house,Democrat,TX16,,False,2013-03-04,2014-06-01,STJ,"St. Jude Medical, Inc.",,Sale,"$1,001 - $15,000",8000.5,False,SP,20001024,https://disclosures-clerk.house.gov/public_disc/ptr-pdfs/2014/20001024.pdf,8ae28ed0623f9a012c29e198993d819cd1693010decc95db13a87e9892b976d5,0
L000579,Alan S. Lowenthal,house,Democrat,CA47,,False,2014-05-16,2014-05-31,NMFC,New Mountain Finance Corporation,,Sale,"$1,001 - $15,000",8000.5,False,SP,20001056,https://disclosures-clerk.house.gov/public_disc/ptr-pdfs/2014/20001056.pdf,d5a3fe42a8befcc954dc93b3c5deddbcfe5480a5cd5ff1ceb6d3474317bf6a56,1
L000579,Alan S. Lowenthal,house,Democrat,CA47,,False,2014-05-14,2014-05-31,SWAY,Starwood Waypoint Residential Trust,,Sale,"$1,001 - $15,000",8000.5,False,SP,20001056,https://disclosures-clerk.house.gov/public_disc/ptr-pdfs/2014/20001056.pdf,de92a8bc20c8ab96e7048a21fec9e548795dd8f4859eee813f79f25369a6e442,1
L000579,Alan S. Lowenthal,house,Democrat,CA47,,False,2014-05-16,2014-05-31,GBDC,"golub Capital BDC, Inc.",,Sale,"$15,001 - $50,000",32500.5,False,SP,20001056,https://disclosures-clerk.house.gov/public_disc/ptr-pdfs/2014/20001056.pdf,5de8f181c54e69dc2f56b9c972db731d3104d665063bb8ebe2958c21c5c9031e,0
L000579,Alan S. Lowenthal,house,Democrat,CA47,,False,2014-05-16,2014-05-31,,New Mountain Finance Corporation,,Sale,"$1,001 - $15,000",8000.5,False,SP,20001056,https://disclosures-clerk.house.gov/public_disc/ptr-pdfs/2014/20001056.pdf,d5a3fe42a8befcc954dc93b3c5deddbcfe5480a5cd5ff1ceb6d3474317bf6a56,0
L000579,Alan S. Lowenthal,house,Democrat,CA47,,False,2014-05-14,2014-05-31,,Starwood Waypoint Residential Trust,,Sale,"$1,001 - $15,000",8000.5,False,SP,20001056,https://disclosures-clerk.house.gov/public_disc/ptr-pdfs/2014/20001056.pdf,de92a8bc20c8ab96e7048a21fec9e548795dd8f4859eee813f79f25369a6e442,0
N000182,Randy Neugebauer,house,Republican,TX19,,False,2014-05-23,2014-05-29,QRE,"BRoKERaGE aCCoUNT - GoLDMaN SaCHS QR Energy, LP Common Units",,Sale,"$15,001 - $50,000",32500.5,False,SELF,20001019,https://disclosures-clerk.house.gov/public_disc/ptr-pdfs/2014/20001019.pdf,5a2e8cc89e49a9cf1a185a149aed4f1095700b78f8e0920f04933ced6969baca,0
N000182,Randy Neugebauer,house,Republican,TX19,,False,2014-05-28,2014-05-29,,"QR ENERGY, LP SER B SR LIEN",,Purchase,"$100,001 - $250,000",175000.5,False,JT,20001019,https://disclosures-clerk.house.gov/public_disc/ptr-pdfs/2014/20001019.pdf,e2bf2d203401b21fa43b15aec0988b7fe981e6e3ce7201d3ced54adfe67ec20c,0
N000182,Randy Neugebauer,house,Republican,TX19,,False,2014-05-23,2014-05-29,,"QR Energy, LP Common Units",,Sale,"$15,001 - $50,000",32500.5,False,SELF,20001019,https://disclosures-clerk.house.gov/public_disc/ptr-pdfs/2014/20001019.pdf,5c717d72739bd8978dd1652770f37f5955b1ceb846095ce197b27b3641334a03,0
N000182,Randy Neugebauer,house,Republican,TX19,,False,2014-05-28,2014-05-29,,"QR Energy, LP Common Units",,Sale,"$50,001 - $100,000",75000.5,False,JT,20001019,https://disclosures-clerk.house.gov/public_disc/ptr-pdfs/2014/20001019.pdf,11fc091dee53ec4d31f3e6a783d4155a2149c1fa25769087e50b159d545d376a,0
N000182,Randy Neugebauer,house,Republican,TX19,,False,2014-05-28,2014-05-29,QRE,"type Date JT QR Energy, LP Common Units",,Sale,"$50,001 - $100,000",75000.5,False,SELF,20001019,https://disclosures-clerk.house.gov/public_disc/ptr-pdfs/2014/20001019.pdf,3a4c14278785870891598708dac9dcdf448b6c9f19fac722224068d5fde15142,0
P000595,Gary C. Peters,house,Democrat,MI14,"SSAP01; SSAP14; SSAP16; SSAP19; SSAP22; SSAS14; SSAS20; SSAS21; SSCM34; SSCM36; SSCM37; SSCM38; SSGA01; SSGA20; SSGA22; Senate Committee on Appropriations; Senate Committee on Armed Services; Senate Committee on Commerce, Science, and Transportation; Senate Committee on Homeland Security and Governmental Affairs",False,2014-05-15,2014-05-23,,DOW ChEMICal CO/ThE NTS,,Purchase,"$1,001 - $15,000",8000.5,False,SELF,20001017,https://disclosures-clerk.house.gov/public_disc/ptr-pdfs/2014/20001017.pdf,ffa34dbc502c9fa7b8b209993b3ab5327584c9cce8416b7b904d4f4700ac705e,0
C001066,Kathy Castor,house,Democrat,FL14,HSIF03; HSIF16; HSIF17; House Committee on Energy and Commerce; House Select Committee on the Strategic Competition Between the United States and the Chinese Communist Party,False,2014-05-23,2014-05-23,DOW,Dow Chemical Company,,Sale,"$1,001 - $15,000",8000.5,False,SP,20001015,https://disclosures-clerk.house.gov/public_disc/ptr-pdfs/2014/20001015.pdf,9d2da7bf2b0ae98cbdf3c6fa3e9ac8fa7cb0494c78b083606dfe6969a46a9598,0
C001066,Kathy Castor,house,Democrat,FL14,HSIF03; HSIF16; HSIF17; House Committee on Energy and Commerce; House Select Committee on the Strategic Competition Between the United States and the Chinese Communist Party,False,2014-05-23,2014-05-23,BEN,"Franklin Resources, Inc.",,Purchase,"$1,001 - $15,000",8000.5,False,SP,20001015,https://disclosures-clerk.house.gov/public_disc/ptr-pdfs/2014/20001015.pdf,165e43a04e27918eea72a12ef6ef62a8bdac421a2f8036c2e20a9986d4c54cc6,0
P000595,Gary C. Peters,house,Democrat,MI14,"SSAP01; SSAP14; SSAP16; SSAP19; SSAP22; SSAS14; SSAS20; SSAS21; SSCM34; SSCM36; SSCM37; SSCM38; SSGA01; SSGA20; SSGA22; Senate Committee on Appropriations; Senate Committee on Armed Services; Senate Committee on Commerce, Science, and Transportation; Senate Committee on Homeland Security and Governmental Affairs",False,2014-04-23,2014-05-23,UNP,Union Pacific Corporation,,Purchase,"$1,001 - $15,000",8000.5,False,SELF,20001017,https://disclosures-clerk.house.gov/public_disc/ptr-pdfs/2014/20001017.pdf,b40ea8f44027d74c5da4d3b064c498327cc05b7b90cc315b9d66afc044bef5ee,0
P000595,Gary C. Peters,house,Democrat,MI14,"SSAP01; SSAP14; SSAP16; SSAP19; SSAP22; SSAS14; SSAS20; SSAS21; SSCM34; SSCM36; SSCM37; SSCM38; SSGA01; SSGA20; SSGA22; Senate Committee on Appropriations; Senate Committee on Armed Services; Senate Committee on Commerce, Science, and Transportation; Senate Committee on Homeland Security and Governmental Affairs",False,2014-04-24,2014-05-23,,Prospect CPTl CORP,,Purchase,"$15,001 - $50,000",32500.5,False,SELF,20001017,https://disclosures-clerk.house.gov/public_disc/ptr-pdfs/2014/20001017.pdf,2c7c9acfcfe374cc79aba0a082f5c1530faadf9ccebdbe26cc4761894e367259,0
P000595,Gary C. Peters,house,Democrat,MI14,"SSAP01; SSAP14; SSAP16; SSAP19; SSAP22; SSAS14; SSAS20; SSAS21; SSCM34; SSCM36; SSCM37; SSCM38; SSGA01; SSGA20; SSGA22; Senate Committee on Appropriations; Senate Committee on Armed Services; Senate Committee on Commerce, Science, and Transportation; Senate Committee on Homeland Security and Governmental Affairs",False,2014-04-23,2014-05-23,CSQ,type Date Calamos Strategic Total Return Fund,,Purchase,"$1,001 - $15,000",8000.5,False,SELF,20001017,https://disclosures-clerk.house.gov/public_disc/ptr-pdfs/2014/20001017.pdf,e288555734e1dffec43773d0c7d250bad92c16d2ec0f88c6a45dba65211e2510,0
P000595,Gary C. Peters,house,Democrat,MI14,"SSAP01; SSAP14; SSAP16; SSAP19; SSAP22; SSAS14; SSAS20; SSAS21; SSCM34; SSCM36; SSCM37; SSCM38; SSGA01; SSGA20; SSGA22; Senate Committee on Appropriations; Senate Committee on Armed Services; Senate Committee on Commerce, Science, and Transportation; Senate Committee on Homeland Security and Governmental Affairs",False,2014-05-16,2014-05-23,,ClIFF NaT RESOURCES INC,,Purchase,"$1,001 - $15,000",8000.5,False,SELF,20001017,https://disclosures-clerk.house.gov/public_disc/ptr-pdfs/2014/20001017.pdf,02c9e88a26189fd2b66632ca80862345ddc9aa4f5124ad644734d847fcf8d87d,0
P000595,Gary C. Peters,house,Democrat,MI14,"SSAP01; SSAP14; SSAP16; SSAP19; SSAP22; SSAS14; SSAS20; SSAS21; SSCM34; SSCM36; SSCM37; SSCM38; SSGA01; SSGA20; SSGA22; Senate Committee on Appropriations; Senate Committee on Armed Services; Senate Committee on Commerce, Science, and Transportation; Senate Committee on Homeland Security and Governmental Affairs",False,2014-04-23,2014-05-23,,Calamos Strategic Total Return Fund,,Purchase,"$1,001 - $15,000",8000.5,False,SELF,20001017,https://disclosures-clerk.house.gov/public_disc/ptr-pdfs/2014/20001017.pdf,7cf8040bed0ef1e9efd08c7aff789d9dc7203dc24611ed7e8788d043f9e8c2e5,0
B001269,Lou Barletta,house,Republican,PA11,,False,2014-05-22,2014-05-22,GIMO,gigamon Inc.,,Sale,"$1,001 - $15,000",8000.5,False,JT,20000998,https://disclosures-clerk.house.gov/public_disc/ptr-pdfs/2014/20000998.pdf,6de91d149590634eda3c14e4eb236a20b63164669002b73d0b8227ab5c509983,0
B001269,Lou Barletta,house,Republican,PA11,,False,2014-05-22,2014-05-22,DNKN,"Dunkin' Brands group, Inc.",,Sale,"$1,001 - $15,000",8000.5,False,JT,20000998,https://disclosures-clerk.house.gov/public_disc/ptr-pdfs/2014/20000998.pdf,5cc09065157a485c1230b364c74971eba30b9820fbc2119211f4adc5a9e30e91,0
F000462,Lois Frankel,house,Democrat,FL22,HSAP04; HSAP07; House Committee on Appropriations,False,2014-05-06,2014-05-21,DOX,Amdocs Limited - ordinary shares,,Purchase,"$1,001 - $15,000",8000.5,False,SELF,20000991,https://disclosures-clerk.house.gov/public_disc/ptr-pdfs/2014/20000991.pdf,e1c6d1bc790b96ac819dede69b82c5d2548c93db4898bd9f071139aa0c467936,1
F000462,Lois Frankel,house,Democrat,FL22,HSAP04; HSAP07; House Committee on Appropriations,False,2014-04-28,2014-05-21,BRCM,broadcom Corporation - Class A,,Sale,"$1,001 - $15,000",8000.5,False,SELF,20000991,https://disclosures-clerk.house.gov/public_disc/ptr-pdfs/2014/20000991.pdf,9b1adef8b03031e43fac15e0f7853ae9f2e707e45d2550ec61b2d0a7c9288d5e,1
F000462,Lois Frankel,house,Democrat,FL22,HSAP04; HSAP07; House Committee on Appropriations,False,2014-04-28,2014-05-21,ADM,Archer-Daniels-Midland Company,,Sale,"$1,001 - $15,000",8000.5,False,SELF,20000991,https://disclosures-clerk.house.gov/public_disc/ptr-pdfs/2014/20000991.pdf,966f8d8831204af4cf49e3d3309185a5b26b9ea477342e839c21c211cd31a65d,1
F000462,Lois Frankel,house,Democrat,FL22,HSAP04; HSAP07; House Committee on Appropriations,False,2014-04-24,2014-05-21,PFE,"Pfizer, Inc.",,Sale,"$1,001 - $15,000",8000.5,False,SELF,20000991,https://disclosures-clerk.house.gov/public_disc/ptr-pdfs/2014/20000991.pdf,b278f47ffc1632f09318fbe28b337113eb231ef2251946f5d096ab7dc6d09b24,0
F000462,Lois Frankel,house,Democrat,FL22,HSAP04; HSAP07; House Committee on Appropriations,False,2014-04-15,2014-05-21,NMR,type Date Nomura holdings Inc ADR American Depositary shares,,Sale,"$1,001 - $15,000",8000.5,False,SELF,20000991,https://disclosures-clerk.house.gov/public_disc/ptr-pdfs/2014/20000991.pdf,6cefa806f758d3c18ae7e1e009eb69e0cf9fc9c99f0df8f002f5028f32a0cb0e,0
F000462,Lois Frankel,house,Democrat,FL22,HSAP04; HSAP07; House Committee on Appropriations,False,2014-04-16,2014-05-21,WFT,"Weatherford International, Ltd",,Purchase,"$1,001 - $15,000",8000.5,False,SELF,20000991,https://disclosures-clerk.house.gov/public_disc/ptr-pdfs/2014/20000991.pdf,d0e2ac92897d4a29c00cab3519f0654b6461f9c3988cadebf9b9d4111009850d,0
F000462,Lois Frankel,house,Democrat,FL22,HSAP04; HSAP07; House Committee on Appropriations,False,2014-04-25,2014-05-21,PRLB,"Proto Labs, Inc. Common stock",,Sale,"$1,001 - $15,000",8000.5,False,SELF,20000991,https://disclosures-clerk.house.gov/public_disc/ptr-pdfs/2014/20000991.pdf,52fc8639bd8259050600222dd451d58bd9b2cecaba20424096616b701fb4f7b0,0
F000462,Lois Frankel,house,Democrat,FL22,HSAP04; HSAP07; House Committee on Appropriations,False,2014-05-01,2014-05-21,WFT,"Weatherford International, Ltd",,Purchase,"$1,001 - $15,000",8000.5,False,SELF,20000991,https://disclosures-clerk.house.gov/public_disc/ptr-pdfs/2014/20000991.pdf,9896304ede13752eff2898605fee1c6446796afe82886fb894317fa57fd77132,0
F000462,Lois Frankel,house,Democrat,FL22,HSAP04; HSAP07; House Committee on Appropriations,False,2014-05-08,2014-05-21,WDAY,"Workday, Inc.",,Sale,"$1,001 - $15,000",8000.5,False,SELF,20000991,https://disclosures-clerk.house.gov/public_disc/ptr-pdfs/2014/20000991.pdf,4bd3fc5ed2b913c99773c0789b55a6a4c34ad3994a7fa2eb47359ce6491556df,0
F000462,Lois Frankel,house,Democrat,FL22,HSAP04; HSAP07; House Committee on Appropriations,False,2014-05-14,2014-05-21,LMT,Lockheed Martin Corporation,,Sale,"$1,001 - $15,000",8000.5,False,SELF,20000991,https://disclosures-clerk.house.gov/public_disc/ptr-pdfs/2014/20000991.pdf,92a574faabf1680a6d25b39e9a758461b4ea0e5dcf9c74ead396c6e27377e3bf,0
F000462,Lois Frankel,house,Democrat,FL22,HSAP04; HSAP07; House Committee on Appropriations,False,2014-05-07,2014-05-21,ACN,type Date Accenture plc. Class A ordinary shares,,Purchase,"$1,001 - $15,000",8000.5,False,SELF,20000991,https://disclosures-clerk.house.gov/public_disc/ptr-pdfs/2014/20000991.pdf,713b74c231b600c329320bc459be4309a85ec8cf47ac370236c681e5ac52ea52,0
F000462,Lois Frankel,house,Democrat,FL22,HSAP04; HSAP07; House Committee on Appropriations,False,2014-05-19,2014-05-21,HD,"home Depot, Inc.",,Sale,"$1,001 - $15,000",8000.5,False,SELF,20000991,https://disclosures-clerk.house.gov/public_disc/ptr-pdfs/2014/20000991.pdf,2e68bf9c51ad015f02e46729fd43f35c882a3face90310e1bc6f66fa2ba5ab90,0
F000462,Lois Frankel,house,Democrat,FL22,HSAP04; HSAP07; House Committee on Appropriations,False,2014-04-28,2014-05-21,WDAY,"Workday, Inc.",,Sale,"$1,001 - $15,000",8000.5,False,SELF,20000991,https://disclosures-clerk.house.gov/public_disc/ptr-pdfs/2014/20000991.pdf,91c2a699557ee9d59b16da460dd44c51d6ed96f728704c070cc02f49dfbc2639,0
F000462,Lois Frankel,house,Democrat,FL22,HSAP04; HSAP07; House Committee on Appropriations,False,2014-04-28,2014-05-21,,broadcom Corporation - Class A,,Sale,"$1,001 - $15,000",8000.5,False,SELF,20000991,https://disclosures-clerk.house.gov/public_disc/ptr-pdfs/2014/20000991.pdf,9b1adef8b03031e43fac15e0f7853ae9f2e707e45d2550ec61b2d0a7c9288d5e,0
F000462,Lois Frankel,house,Democrat,FL22,HSAP04; HSAP07; House Committee on Appropriations,False,2014-04-30,2014-05-21,HES,hess Corporation,,Purchase,"$1,001 - $15,000",8000.5,False,SELF,20000991,https://disclosures-clerk.house.gov/public_disc/ptr-pdfs/2014/20000991.pdf,bbc4c78659183ed466efdd7adabd02f4c7fc2459895b24b492630a734b40e5be,0
F000462,Lois Frankel,house,Democrat,FL22,HSAP04; HSAP07; House Committee on Appropriations,False,2014-04-15,2014-05-21,,Nomura holdings Inc ADR American,,Sale,"$1,001 - $15,000",8000.5,False,SELF,20000991,https://disclosures-clerk.house.gov/public_disc/ptr-pdfs/2014/20000991.pdf,8d1155db3dcea274e5325d25d1c34b4190f00029bed2d0a1462ec793294889a3,0
F000462,Lois Frankel,house,Democrat,FL22,HSAP04; HSAP07; House Committee on Appropriations,False,2014-05-07,2014-05-21,,Accenture plc. Class A ordinary shares,,Purchase,"$1,001 - $15,000",8000.5,False,SELF,20000991,https://disclosures-clerk.house.gov/public_disc/ptr-pdfs/2014/20000991.pdf,9ea604b9970ec9911ecf6d43659821640aa0ae740baf5322473cca804b4331e7,0
F000462,Lois Frankel,house,Democrat,FL22,HSAP04; HSAP07; House Committee on Appropriations,False,2014-04-24,2014-05-21,ALB,Albemarle Corporation,,Purchase,"$1,001 - $15,000",8000.5,False,SELF,20000991,https://disclosures-clerk.house.gov/public_disc/ptr-pdfs/2014/20000991.pdf,4d9d109f1770aa6a95d2ca54fcce98ff0be07e9adf9d47bfc6d9b240ebef1f7e,0
F000462,Lois Frankel,house,Democrat,FL22,HSAP04; HSAP07; House Committee on Appropriations,False,2014-05-06,2014-05-21,,Amdocs Limited - ordinary shares,,Purchase,"$1,001 - $15,000",8000.5,False,SELF,20000991,https://disclosures-clerk.house.gov/public_disc/ptr-pdfs/2014/20000991.pdf,e1c6d1bc790b96ac819dede69b82c5d2548c93db4898bd9f071139aa0c467936,0
F000462,Lois Frankel,house,Democrat,FL22,HSAP04; HSAP07; House Committee on Appropriations,False,2014-04-29,2014-05-21,LO,"Lorillard, Inc",,Sale,"$1,001 - $15,000",8000.5,False,SELF,20000991,https://disclosures-clerk.house.gov/public_disc/ptr-pdfs/2014/20000991.pdf,8c78b85c869ad83339bee6f7f3601060216424d5ad2d057d0324a5d7eeb67023,0
F000462,Lois Frankel,house,Democrat,FL22,HSAP04; HSAP07; House Committee on Appropriations,False,2014-04-29,2014-05-21,,"Merck & Company, Inc. Common stock",,Purchase,"$1,001 - $15,000",8000.5,False,SELF,20000991,https://disclosures-clerk.house.gov/public_disc/ptr-pdfs/2014/20000991.pdf,0447a454587692502b58102477439b04f68bc18b56bec879809dfcebfc174caf,0
F000462,Lois Frankel,house,Democrat,FL22,HSAP04; HSAP07; House Committee on Appropriations,False,2014-04-24,2014-05-21,,"Merck & Company, Inc. Common stock",,Purchase,"$1,001 - $15,000",8000.5,False,SELF,20000991,https://disclosures-clerk.house.gov/public_disc/ptr-pdfs/2014/20000991.pdf,f4ed49156232bb4c02e9d8620b556f5c6fa8c469135918417085d4541e685031,0
F000462,Lois Frankel,house,Democrat,FL22,HSAP04; HSAP07; House Committee on Appropriations,False,2014-04-30,2014-05-21,MSFT,Microsoft Corporation,,Purchase,"$1,001 - $15,000",8000.5,False,SELF,20000991,https://disclosures-clerk.house.gov/public_disc/ptr-pdfs/2014/20000991.pdf,b73d603877b478015eab1cf2aee2924066c9f7824cccfdea8c1f81cb534b24b5,0
F000462,Lois Frankel,house,Democrat,FL22,HSAP04; HSAP07; House Committee on Appropriations,False,2014-05-12,2014-05-21,AAPL,Apple Inc.,,Purchase,"$1,001 - $15,000",8000.5,False,SELF,20000991,https://disclosures-clerk.house.gov/public_disc/ptr-pdfs/2014/20000991.pdf,3f12b020e8866f3d4f291818309f4f25c7c4d6f73fa47f47dad7efdd73d188c7,0
F000462,Lois Frankel,house,Democrat,FL22,HSAP04; HSAP07; House Committee on Appropriations,False,2014-04-28,2014-05-21,,Archer-Daniels-Midland Company,,Sale,"$1,001 - $15,000",8000.5,False,SELF,20000991,https://disclosures-clerk.house.gov/public_disc/ptr-pdfs/2014/20000991.pdf,966f8d8831204af4cf49e3d3309185a5b26b9ea477342e839c21c211cd31a65d,0
F000462,Lois Frankel,house,Democrat,FL22,HSAP04; HSAP07; House Committee on Appropriations,False,2014-04-24,2014-05-21,MRK,"Merck & Company, Inc. Common stock",,Purchase,"$1,001 - $15,000",8000.5,False,SELF,20000991,https://disclosures-clerk.house.gov/public_disc/ptr-pdfs/2014/20000991.pdf,f4ed49156232bb4c02e9d8620b556f5c6fa8c469135918417085d4541e685031,1
F000462,Lois Frankel,house,Democrat,FL22,HSAP04; HSAP07; House Committee on Appropriations,False,2014-04-28,2014-05-21,CCK,"Crown holdings, Inc.",,Purchase,"$1,001 - $15,000",8000.5,False,SELF,20000991,https://disclosures-clerk.house.gov/public_disc/ptr-pdfs/2014/20000991.pdf,5dc2cd769c8f33892dd825dace42782a178252a5c25f3e1486d910873d6dca55,0
F000462,Lois Frankel,house,Democrat,FL22,HSAP04; HSAP07; House Committee on Appropriations,False,2014-05-15,2014-05-21,CCK,"Crown holdings, Inc.",,Purchase,"$1,001 - $15,000",8000.5,False,SELF,20000991,https://disclosures-clerk.house.gov/public_disc/ptr-pdfs/2014/20000991.pdf,1919358caee2be0e4eed04c27516dd1f317597ad3217245d46a24f8610ca13e0,0
F000462,Lois Frankel,house,Democrat,FL22,HSAP04; HSAP07; House Committee on Appropriations,False,2014-05-07,2014-05-21,XOM,Exxon Mobil Corporation,,Sale,"$1,001 - $15,000",8000.5,False,SELF,20000991,https://disclosures-clerk.house.gov/public_disc/ptr-pdfs/2014/20000991.pdf,1cd9ca7500e8822a5cf50f1442cd372b3a673ba049d151debed07c8f637301b7,0
F000462,Lois Frankel,house,Democrat,FL22,HSAP04; HSAP07; House Committee on Appropriations,False,2014-05-09,2014-05-21,GNC,"GNC holdings, Inc. Class A",,Sale,"$1,001 - $15,000",8000.5,False,SELF,20000991,https://disclosures-clerk.house.gov/public_disc/ptr-pdfs/2014/20000991.pdf,c00953dc486360c71ca1ccda7ac577404cfaa18402b4fd86f0bc3377dd6e151e,0
F000462,Lois Frankel,house,Democrat,FL22,HSAP04; HSAP07; House Committee on Appropriations,False,2014-04-29,2014-05-21,MRK,"Merck & Company, Inc. Common stock",,Purchase,"$1,001 - $15,000",8000.5,False,SELF,20000991,https://disclosures-clerk.house.gov/public_disc/ptr-pdfs/2014/20000991.pdf,0447a454587692502b58102477439b04f68bc18b56bec879809dfcebfc174caf,1
O000169,William L. Owens,house,Democrat,NY21,,False,2014-05-12,2014-05-20,GRPN,"groupon, Inc. - Class A",,Sale,"$1,001 - $15,000",8000.5,False,SELF,20000990,https://disclosures-clerk.house.gov/public_disc/ptr-pdfs/2014/20000990.pdf,f0fd97b1027ef838a39e5868c252348dcb3f565e4946df67e77e40b0c6853985,0
B000574,Earl Blumenauer,house,Democrat,OR03,,False,2014-05-15,2014-05-20,NWN,type Date sP Northwest Natural gas Company,,Purchase,"$1,001 - $15,000",8000.5,False,SELF,20000987,https://disclosures-clerk.house.gov/public_disc/ptr-pdfs/2014/20000987.pdf,f1a8c8cdb1dfb21657e22f1f2e6219ebadae07a113c755949fb08cd77f988e31,0
B000574,Earl Blumenauer,house,Democrat,OR03,,False,2014-05-15,2014-05-20,,Northwest Natural gas Company,,Purchase,"$1,001 - $15,000",8000.5,False,SP,20000987,https://disclosures-clerk.house.gov/public_disc/ptr-pdfs/2014/20000987.pdf,7a18049d65300c615f73cadc07bd5340ea1e77f085c3f78292428b372c70d472,0
O000169,William L. Owens,house,Democrat,NY21,,False,2014-05-12,2014-05-20,INTC,Intel Corporation,,Sale,"$1,001 - $15,000",8000.5,False,SELF,20000990,https://disclosures-clerk.house.gov/public_disc/ptr-pdfs/2014/20000990.pdf,5f8f9c94635ea995d0f6b2a6ddb552e25ea0a1e3069318098f53842d9e006378,0
O000169,William L. Owens,house,Democrat,NY21,,False,2014-05-12,2014-05-20,MO,"Altria group, Inc.",,Sale,"$1,001 - $15,000",8000.5,False,SELF,20000990,https://disclosures-clerk.house.gov/public_disc/ptr-pdfs/2014/20000990.pdf,a2be11e232d1c7d3b6ff7333f71a8d2569fb9457b15e7e7488aeb29ffefb79aa,0
O000169,William L. Owens,house,Democrat,NY21,,False,2014-05-12,2014-05-20,UFI,"unifi, Inc. New",,Sale,"$1,001 - $15,000",8000.5,False,SELF,20000990,https://disclosures-clerk.house.gov/public_disc/ptr-pdfs/2014/20000990.pdf,54ec4cb505ee40514ec3c4f1174538a672c3272071e0d5e2c1e3946616162674,0
O000169,William L. Owens,house,Democrat,NY21,,False,2014-05-12,2014-05-20,AVA,Avista Corporation,,Sale,"$1,001 - $15,000",8000.5,False,SELF,20000990,https://disclosures-clerk.house.gov/public_disc/ptr-pdfs/2014/20000990.pdf,a4654752bb0b12ed6acf996ecbab9b7c94cd611a29a6fb48301be22e87e39ecb,0
O000169,William L. Owens,house,Democrat,NY21,,False,2014-05-12,2014-05-20,T,AT&T Inc.,,Sale,"$1,001 - $15,000",8000.5,False,SELF,20000990,https://disclosures-clerk.house.gov/public_disc/ptr-pdfs/2014/20000990.pdf,a19d4289c594052128bf5078f45c0db428c243a109ddf98ccc3a070e8abba53b,0
O000169,William L. Owens,house,Democrat,NY21,,False,2014-05-12,2014-05-20,BNS,Bank Nova scotia halifax Pfd 3 Ordinary shares,,Sale,"$1,001 - $15,000",8000.5,False,SELF,20000990,https://disclosures-clerk.house.gov/public_disc/ptr-pdfs/2014/20000990.pdf,1372f07c0b80faeb1cfa708236993f8e46d4f55d63757ad176ad09de353475c6,0
O000169,William L. Owens,house,Democrat,NY21,,False,2014-05-12,2014-05-20,XON,Intrexon Corporation,,Sale,"$1,001 - $15,000",8000.5,False,SELF,20000990,https://disclosures-clerk.house.gov/public_disc/ptr-pdfs/2014/20000990.pdf,cd6731bd64af73debb4065516a51db27475ce508717400f022341f32708b8984,0
O000169,William L. Owens,house,Democrat,NY21,,False,2014-05-12,2014-05-20,BMO,Bank Of Montreal,,Sale,"$1,001 - $15,000",8000.5,False,SELF,20000990,https://disclosures-clerk.house.gov/public_disc/ptr-pdfs/2014/20000990.pdf,7eca45ef4072d329534e0c3234ee543f6f1085f05cc7ed39d1e1c87902ac9cff,0
O000169,William L. Owens,house,Democrat,NY21,,False,2014-05-12,2014-05-20,JNJ,Johnson & Johnson,,Sale,"$1,001 - $15,000",8000.5,False,SELF,20000990,https://disclosures-clerk.house.gov/public_disc/ptr-pdfs/2014/20000990.pdf,3563836a930dc387c5b3a987495e4070046b468b15a8d7f613d1a6aa7f813d82,0
O000169,William L. Owens,house,Democrat,NY21,,False,2014-05-12,2014-05-20,JLL,Jones Lang Lasalle Incorporated,,Sale,"$1,001 - $15,000",8000.5,False,SELF,20000990,https://disclosures-clerk.house.gov/public_disc/ptr-pdfs/2014/20000990.pdf,5d3c5d1da462e5ac6d398728a6731e5a4be6c5a3eaa5e54d85023a54b4c22958,0
O000169,William L. Owens,house,Democrat,NY21,,False,2014-05-12,2014-05-20,KMB,Kimberly-Clark Corporation,,Sale,"$1,001 - $15,000",8000.5,False,SELF,20000990,https://disclosures-clerk.house.gov/public_disc/ptr-pdfs/2014/20000990.pdf,e2483063bc9221b9bf9c6ce4ed25e263080348d01502ab0893f4830aa9f57dea,0
O000169,William L. Owens,house,Democrat,NY21,,False,2014-05-12,2014-05-20,PEP,"Pepsico, Inc.",,Sale,"$1,001 - $15,000",8000.5,False,SELF,20000990,https://disclosures-clerk.house.gov/public_disc/ptr-pdfs/2014/20000990.pdf,6b10c0f16a17db0d118092463f8b8553b34c4ab2dc0036707831c3046e985954,0
O000169,William L. Owens,house,Democrat,NY21,,False,2014-05-12,2014-05-20,SGEN,"seattle genetics, Inc.",,Sale,"$1,001 - $15,000",8000.5,False,SELF,20000990,https://disclosures-clerk.house.gov/public_disc/ptr-pdfs/2014/20000990.pdf,07908ecb4b2b72a2cbbd4c2ce62435c48b35aca23c470f4e638335928ead9435,0
O000169,William L. Owens,house,Democrat,NY21,,False,2014-05-12,2014-05-20,SYY,sysco Corporation,,Sale,"$1,001 - $15,000",8000.5,False,SELF,20000990,https://disclosures-clerk.house.gov/public_disc/ptr-pdfs/2014/20000990.pdf,f2c3131be0b961680de0b4c3a977f766851f56049d46529b4fadd5e29c68a2dd,0
O000169,William L. Owens,house,Democrat,NY21,,False,2014-05-12,2014-05-20,SO,southern Company,,Sale,"$1,001 - $15,000",8000.5,False,SELF,20000990,https://disclosures-clerk.house.gov/public_disc/ptr-pdfs/2014/20000990.pdf,05cbc2d73035aa2419e04e29ce6c4039f02231f1c54bddd5a952bb894cf60cb9,0
O000169,William L. Owens,house,Democrat,NY21,,False,2014-05-12,2014-05-20,VZ,Verizon Communications Inc.,,Sale,"$1,001 - $15,000",8000.5,False,SELF,20000990,https://disclosures-clerk.house.gov/public_disc/ptr-pdfs/2014/20000990.pdf,538c09e546462b2f86b1e50af7d4e9e30a00df6138683a453096b260ae712e6e,0
O000169,William L. Owens,house,Democrat,NY21,,False,2014-05-12,2014-05-20,BAC,Bank of America Corporation,,Sale,"$1,001 - $15,000",8000.5,False,SELF,20000990,https://disclosures-clerk.house.gov/public_disc/ptr-pdfs/2014/20000990.pdf,1332a4bc6bd48af6c19da98c77dcca4714a7fd6117d61ca28f016b5a19138532,0
O000169,William L. Owens,house,Democrat,NY21,,False,2014-05-12,2014-05-20,DUK,Duke Energy Corporation,,Sale,"$1,001 - $15,000",8000.5,False,SELF,20000990,https://disclosures-clerk.house.gov/public_disc/ptr-pdfs/2014/20000990.pdf,45b1d24d8b0b4f6e91438f2725292227a2a994f2c110fca2f2ebeddb75b8a24c,0
O000169,William L. Owens,house,Democrat,NY21,,False,2014-05-12,2014-05-20,,Bank Nova scotia halifax Pfd 3 Ordinary,,Sale,"$1,001 - $15,000",8000.5,False,SELF,20000990,https://disclosures-clerk.house.gov/public_disc/ptr-pdfs/2014/20000990.pdf,88349045a86f9c1b7f0b52f94cedf7aabe401e3913bc81c404034e9cd597def0,0
O000169,William L. Owens,house,Democrat,NY21,,False,2014-05-12,2014-05-20,,Federated government Obligation FD,,Purchase,"$100,001 - $250,000",175000.5,False,SELF,20000990,https://disclosures-clerk.house.gov/public_disc/ptr-pdfs/2014/20000990.pdf,b4d9e350740dd407fe6a235992fc0fd32c138777bd85775c0d0037ccd158e5e4,0
H001051,Richard L. Hanna,house,Republican,NY22,,False,2014-04-11,2014-05-19,PNRA,Panera bread Company - Class A,,Purchase,"$1,001 - $15,000",8000.5,False,SELF,20000882,https://disclosures-clerk.house.gov/public_disc/ptr-pdfs/2014/20000882.pdf,639e9b3d7d0d39057ce0e3914d51b92228b2140e61054f8d38d419fc03dbf59c,1
H001051,Richard L. Hanna,house,Republican,NY22,,False,2014-04-30,2014-05-19,JPM,JP Morgan Chase & Co.,,Purchase,"$50,001 - $100,000",75000.5,False,SELF,20000882,https://disclosures-clerk.house.gov/public_disc/ptr-pdfs/2014/20000882.pdf,d3ff59ff2657ea30e692b9d4674aef210689e7e191b49389f4da6f2e8cf4d169,0
H001051,Richard L. Hanna,house,Republican,NY22,,False,2014-04-23,2014-05-19,,Express Scripts Holding Company,,Purchase,"$15,001 - $50,000",32500.5,False,SELF,20000882,https://disclosures-clerk.house.gov/public_disc/ptr-pdfs/2014/20000882.pdf,285e8f432e59ec0295701f58a2729c4b832b2df44e925232bef47e87cc816ec3,0
H001051,Richard L. Hanna,house,Republican,NY22,,False,2014-04-29,2014-05-19,,"Eaton Corporation, PLC ordinary",,Purchase,"$1,001 - $15,000",8000.5,False,SELF,20000882,https://disclosures-clerk.house.gov/public_disc/ptr-pdfs/2014/20000882.pdf,2ce74577a2af4d0fd66b59a8c51b1579fe4c3ba7756d4b7e7b34fa9f11f53171,0
H001051,Richard L. Hanna,house,Republican,NY22,,False,2014-04-23,2014-05-19,MS,Morgan Stanley,,Purchase,"$1,001 - $15,000",8000.5,False,SELF,20000882,https://disclosures-clerk.house.gov/public_disc/ptr-pdfs/2014/20000882.pdf,e12e0cad284fb4f2edcb21f47b011bd0694b34213b1c80ef83269ecf08b9436d,0
H001051,Richard L. Hanna,house,Republican,NY22,,False,2014-04-11,2014-05-19,,Panera bread Company - Class A,,Purchase,"$1,001 - $15,000",8000.5,False,SELF,20000882,https://disclosures-clerk.house.gov/public_disc/ptr-pdfs/2014/20000882.pdf,639e9b3d7d0d39057ce0e3914d51b92228b2140e61054f8d38d419fc03dbf59c,0
H001051,Richard L. Hanna,house,Republican,NY22,,False,2014-04-29,2014-05-19,BDX,"becton, Dickinson and Company",,Purchase,"$1,001 - $15,000",8000.5,False,SELF,20000882,https://disclosures-clerk.house.gov/public_disc/ptr-pdfs/2014/20000882.pdf,d9bae5264fa7e8056df260ab7490e337af969b3dbf076def1da13b39e0bbacb2,0
H001051,Richard L. Hanna,house,Republican,NY22,,False,2014-04-09,2014-05-19,BAC,bank of America Corporation,,Purchase,"$15,001 - $50,000",32500.5,False,SELF,20000882,https://disclosures-clerk.house.gov/public_disc/ptr-pdfs/2014/20000882.pdf,7d29bd18f4ee3824059080b45ff85bbdf471a49bb365eb2de74de7be02457e1f,0
H001051,Richard L. Hanna,house,Republican,NY22,,False,2014-04-17,2014-05-19,AMZN,"Amazon.com, Inc.",,Purchase,"$1,001 - $15,000",8000.5,False,SELF,20000882,https://disclosures-clerk.house.gov/public_disc/ptr-pdfs/2014/20000882.pdf,f55535fbf2593debe3adfda3de0414b076c72e694233f68462fe1dbc1e489353,0
H001051,Richard L. Hanna,house,Republican,NY22,,False,2014-04-29,2014-05-19,ETN,"Eaton Corporation, PLC ordinary Shares",,Purchase,"$1,001 - $15,000",8000.5,False,SELF,20000882,https://disclosures-clerk.house.gov/public_disc/ptr-pdfs/2014/20000882.pdf,ed479c4052516732a3d8754412db4726ea6702d0b62a3010aca26af91f831e4a,0
H001051,Richard L. Hanna,house,Republican,NY22,,False,2014-04-23,2014-05-19,ESRX,Express Scripts Holding Company,,Purchase,"$15,001 - $50,000",32500.5,False,SELF,20000882,https://disclosures-clerk.house.gov/public_disc/ptr-pdfs/2014/20000882.pdf,285e8f432e59ec0295701f58a2729c4b832b2df44e925232bef47e87cc816ec3,1
H001051,Richard L. Hanna,house,Republican,NY22,,False,2014-04-11,2014-05-19,UPS,"United Parcel Service, Inc.",,Purchase,"$1,001 - $15,000",8000.5,False,SELF,20000882,https://disclosures-clerk.house.gov/public_disc/ptr-pdfs/2014/20000882.pdf,d9c1ccaa832b531a6ec6d2badd6cb0665e36e43b1b015addded1c01014fca39e,0
F000462,Lois Frankel,house,Democrat,FL22,HSAP04; HSAP07; House Committee on Appropriations,False,2013-12-19,2014-05-15,V,Visa Inc.,,Purchase,"$1,001 - $15,000",8000.5,False,SELF,20000927,https://disclosures-clerk.house.gov/public_disc/ptr-pdfs/2014/20000927.pdf,192c3157dd054706ffd634bcf05f6acdc944922a7ae603b4c3df8a42951119cb,0
L000579,Alan S. Lowenthal,house,Democrat,CA47,,False,2012-06-06,2014-05-15,KSU,Kansas City Southern,,Purchase,"$1,001 - $15,000",8000.5,False,SP,20000945,https://disclosures-clerk.house.gov/public_disc/ptr-pdfs/2014/20000945.pdf,2e48cb74097bc4699aa8382f5a84800e2e2f780a7bdf0408251e7c1e2bf33d0a,0
L000579,Alan S. Lowenthal,house,Democrat,CA47,,False,2013-04-24,2014-05-15,,Delphi Automotive plc Ordinary Shares,,Purchase,"$15,001 - $50,000",32500.5,False,SP,20000945,https://disclosures-clerk.house.gov/public_disc/ptr-pdfs/2014/20000945.pdf,9dcd04a3041061465d9dd0b4beb0bbe9aa585edf80913f78e141f0ab6defdb78,0
F000462,Lois Frankel,house,Democrat,FL22,HSAP04; HSAP07; House Committee on Appropriations,False,2013-09-27,2014-05-15,,Cognizant Technology solutions,,Purchase,"$1,001 - $15,000",8000.5,False,SELF,20000927,https://disclosures-clerk.house.gov/public_disc/ptr-pdfs/2014/20000927.pdf,64c759dcd6b2c05817962a6a980e66d2a1848c03f327d384fd2e016d126eced0,0
F000462,Lois Frankel,house,Democrat,FL22,HSAP04; HSAP07; House Committee on Appropriations,False,2013-09-27,2014-05-15,CTSH,type Date Cognizant Technology solutions Corporation - Class A,,Purchase,"$1,001 - $15,000",8000.5,False,SELF,20000927,https://disclosures-clerk.house.gov/public_disc/ptr-pdfs/2014/20000927.pdf,e1de1b9640f84c152053e1c58a40d8d81903d1534ab8803fbe4265fa166c1570,0
L000579,Alan S. Lowenthal,house,Democrat,CA47,,False,2012-03-20,2014-05-15,,El Paso Corporation Preferred Stock,,Sale,"$1,001 - $15,000",8000.5,False,SP,20000945,https://disclosures-clerk.house.gov/public_disc/ptr-pdfs/2014/20000945.pdf,43623ff76e722b8ea7e0d01e8fb4c014868ee1ff5fd9ae3779b053006f8f7522,0
L000579,Alan S. Lowenthal,house,Democrat,CA47,,False,2013-01-17,2014-05-15,GOOGL,google Inc. - Class A,,Sale,"$1,001 - $15,000",8000.5,False,SP,20000945,https://disclosures-clerk.house.gov/public_disc/ptr-pdfs/2014/20000945.pdf,4b21e6c7d979fe27adef44265457ce8c34481769b3553eb32494a1c8706e31ef,0
L000579,Alan S. Lowenthal,house,Democrat,CA47,,False,2012-02-27,2014-05-15,,El Paso Corporation Preferred Stock,,Sale,"$1,001 - $15,000",8000.5,False,SP,20000945,https://disclosures-clerk.house.gov/public_disc/ptr-pdfs/2014/20000945.pdf,e01c31c759f558071d356015a9d89a63d2cb78cc3b4e7f06805eaf56e23990f0,0
L000579,Alan S. Lowenthal,house,Democrat,CA47,,False,2012-11-01,2014-05-15,,Trustees of California State university,,Sale,"$15,001 - $50,000",32500.5,False,SP,20000945,https://disclosures-clerk.house.gov/public_disc/ptr-pdfs/2014/20000945.pdf,09b6987418e21bfac9c9686803b61a7419286a4000ca566a72e0db68f9c7d3d8,0
L000579,Alan S. Lowenthal,house,Democrat,CA47,,False,2013-04-24,2014-05-15,DLPH,type Date SP Delphi Automotive plc Ordinary Shares,,Purchase,"$15,001 - $50,000",32500.5,False,SELF,20000945,https://disclosures-clerk.house.gov/public_disc/ptr-pdfs/2014/20000945.pdf,4d35de71b175b9d461cd56f4bdb715b77cd16183eb70f61f3ba0f67cdd3752f3,0
G000563,Bob Gibbs,house,Republican,OH07,,False,2014-05-15,2014-05-15,TKR,Timken Company,,Purchase,"$1,001 - $15,000",8000.5,False,SELF,20000967,https://disclosures-clerk.house.gov/public_disc/ptr-pdfs/2014/20000967.pdf,bf91f5b3f18017387f77945a30e0e20559e67a8c13b59757f64e8a7471b4d43a,0
G000563,Bob Gibbs,house,Republican,OH07,,False,2014-05-05,2014-05-15,VZ,Verizon Communications Inc.,,Purchase,"$1,001 - $15,000",8000.5,False,SELF,20000754,https://disclosures-clerk.house.gov/public_disc/ptr-pdfs/2014/20000754.pdf,3181f3d4d618db804e800ced6daafd2d1debffaf509e6ba4a4866fd66a0c8640,0
W000413,Ed Whitfield,house,Republican,KY01,,False,2014-04-08,2014-05-14,VOO,Vanguard s&P 500 ETF,,Sale,"$1,001 - $15,000",8000.5,False,SELF,20000881,https://disclosures-clerk.house.gov/public_disc/ptr-pdfs/2014/20000881.pdf,539c10d27d6bc86496cd17d22d6cd27e5d54a96cb1d0f336332186556d9504ba,0
M001188,Grace Meng,house,Democrat,NY06,HSAP04; HSAP19; House Committee on Appropriations,False,2014-03-07,2014-05-14,,147-14 34th Avenue Realty (3%),,Sale,"$500,001 - $1,000,000",750000.5,False,SELF,20000959,https://disclosures-clerk.house.gov/public_disc/ptr-pdfs/2014/20000959.pdf,2f6c46f24d5da4decc01cd46aea5f75e1da8e50b99b8dd26d43f4ea875ee13cb,0
W000413,Ed Whitfield,house,Republican,KY01,,False,2014-04-07,2014-05-14,VODPD,Vodafone group Plc Ordinary shares,,Purchase,"$1,001 - $15,000",8000.5,False,SP,20000881,https://disclosures-clerk.house.gov/public_disc/ptr-pdfs/2014/20000881.pdf,fdb521224cf4a06e476c8391bb2f79d05feb3794716d4452c04e49a18ef6e872,1
W000413,Ed Whitfield,house,Republican,KY01,,False,2014-04-08,2014-05-14,VXUS,Vanguard Total International stock ETF,,Purchase,"$1,001 - $15,000",8000.5,False,SELF,20000881,https://disclosures-clerk.house.gov/public_disc/ptr-pdfs/2014/20000881.pdf,1e93d10824c03353a19918f91080808227940e5f14d1251791c0ed5498f4ca8a,1
W000413,Ed Whitfield,house,Republican,KY01,,False,2014-04-07,2014-05-14,LBTYA,liberty global plc - Class a Ordinary shares,,Purchase,"$1,001 - $15,000",8000.5,False,SP,20000881,https://disclosures-clerk.house.gov/public_disc/ptr-pdfs/2014/20000881.pdf,e47a264675c52a32dd366cf888481c7c0c04c8ec5853984caad9e50d32933918,0
W000413,Ed Whitfield,house,Republican,KY01,,False,2014-04-01,2014-05-14,LBTYA,liberty global plc - Class a Ordinary shares,,Purchase,"$1,001 - $15,000",8000.5,False,SP,20000881,https://disclosures-clerk.house.gov/public_disc/ptr-pdfs/2014/20000881.pdf,6d257e43c5a5d12ae593844f383665ed6f107b56e508ddd6a83f95bffd757ea0,0
W000413,Ed Whitfield,house,Republican,KY01,,False,2014-04-07,2014-05-14,,Vodafone group Plc Ordinary shares,,Purchase,"$1,001 - $15,000",8000.5,False,SP,20000881,https://disclosures-clerk.house.gov/public_disc/ptr-pdfs/2014/20000881.pdf,fdb521224cf4a06e476c8391bb2f79d05feb3794716d4452c04e49a18ef6e872,0
W000413,Ed Whitfield,house,Republican,KY01,,False,2014-04-08,2014-05-14,,Vanguard Total International stock ETF,,Purchase,"$1,001 - $15,000",8000.5,False,SELF,20000881,https://disclosures-clerk.house.gov/public_disc/ptr-pdfs/2014/20000881.pdf,1e93d10824c03353a19918f91080808227940e5f14d1251791c0ed5498f4ca8a,0
N000182,Randy Neugebauer,house,Republican,TX19,,False,2014-05-15,2014-05-14,,"QR ENERGY, LP, SER B SR LIEN",,Purchase,"$100,001 - $250,000",175000.5,False,SELF,20000757,https://disclosures-clerk.house.gov/public_disc/ptr-pdfs/2014/20000757.pdf,3620dd9a88729b69c7fc8e4bda86da4d27d5e1fc63a2a511c1c045478043127a,0
W000413,Ed Whitfield,house,Republican,KY01,,False,2014-04-08,2014-05-14,VUG,Vanguard growth ETF - DNQ,,Purchase,"$1,001 - $15,000",8000.5,False,SELF,20000881,https://disclosures-clerk.house.gov/public_disc/ptr-pdfs/2014/20000881.pdf,8ab30687f1afa145685999e1a786446d5991d10f79a46424c752f689a938d525,0
W000413,Ed Whitfield,house,Republican,KY01,,False,2014-04-08,2014-05-14,,schering-Plough,,Sale,"$1,001 - $15,000",8000.5,False,SELF,20000881,https://disclosures-clerk.house.gov/public_disc/ptr-pdfs/2014/20000881.pdf,7b5690c5d948406fab8265ed27a0f7d5dab03863257427648a12d0f6b1904e82,0
W000413,Ed Whitfield,house,Republican,KY01,,False,2014-04-07,2014-05-14,,liberty global plc - Class a Ordinary,,Purchase,"$1,001 - $15,000",8000.5,False,SP,20000881,https://disclosures-clerk.house.gov/public_disc/ptr-pdfs/2014/20000881.pdf,df061871ad10e537b7c23be0447bb66a5988374c98e5c42231293695c6fe010e,0
W000413,Ed Whitfield,house,Republican,KY01,,False,2014-04-01,2014-05-14,,liberty global plc - Class a Ordinary,,Purchase,"$1,001 - $15,000",8000.5,False,SP,20000881,https://disclosures-clerk.house.gov/public_disc/ptr-pdfs/2014/20000881.pdf,eb0121f7305ee9a1875adcd9e2a71acc1726fb250b598f6e113cfb4af04f09a6,0
W000413,Ed Whitfield,house,Republican,KY01,,False,2014-04-01,2014-05-14,IP,International Paper Company,,Purchase,"$1,001 - $15,000",8000.5,False,SP,20000881,https://disclosures-clerk.house.gov/public_disc/ptr-pdfs/2014/20000881.pdf,4f0aae37eb3593863ffbd8c9843842b9ee1d98e56771cb4352cc0c8531e207a1,0
W000413,Ed Whitfield,house,Republican,KY01,,False,2014-04-07,2014-05-14,IP,International Paper Company,,Purchase,"$1,001 - $15,000",8000.5,False,SP,20000881,https://disclosures-clerk.house.gov/public_disc/ptr-pdfs/2014/20000881.pdf,f4b4201d4fe1a62de52349df4be5b92b0c037fb8ea13427370f2c77f16b59037,0
W000413,Ed Whitfield,house,Republican,KY01,,False,2014-04-01,2014-05-14,,Harbor Bond Fund,,Sale,"$1,001 - $15,000",8000.5,False,SP,20000881,https://disclosures-clerk.house.gov/public_disc/ptr-pdfs/2014/20000881.pdf,8943a475d60cec43647a70d606d90f70826a17cd715f280956092a06ea6f3332,0
W000413,Ed Whitfield,house,Republican,KY01,,False,2014-04-07,2014-05-14,ABC,amerisourceBergen Corporation,,Purchase,"$1,001 - $15,000",8000.5,False,SP,20000881,https://disclosures-clerk.house.gov/public_disc/ptr-pdfs/2014/20000881.pdf,1bbefd2f2c3fd261b96a346c0bd1ea338edfd9ca77ed9f6aa76fe60ada9202d8,0
W000413,Ed Whitfield,house,Republican,KY01,,False,2014-04-30,2014-05-14,AEM,agnico Eagle Mines limited,,Sale,"$1,001 - $15,000",8000.5,False,SP,20000881,https://disclosures-clerk.house.gov/public_disc/ptr-pdfs/2014/20000881.pdf,6b50baf802e3c2ee3bf6139d60e7833b5a1831ccdf227654d61af3e383d9f5b5,0
B001260,Vern Buchanan,house,Republican,FL16,HSWM02; HSWM04; House Committee on Ways and Means; Joint Committee on Taxation,False,2014-04-01,2014-05-13,,Michigan St hsg Dev auth Renta hsg,,Sale,"$1,001 - $15,000",8000.5,False,SELF,20000933,https://disclosures-clerk.house.gov/public_disc/ptr-pdfs/2014/20000933.pdf,9ac8f2074be28bf335166a57e6c0a4176e186e680e342fe655c3d1b237eac48c,0
R000011,Nick J. Rahall,house,Democrat,WV03,,False,2014-04-08,2014-05-12,GIMO,gigamon Inc.,,Purchase,"$1,001 - $15,000",8000.5,False,SELF,20000889,https://disclosures-clerk.house.gov/public_disc/ptr-pdfs/2014/20000889.pdf,df9bacc9a7ccef2e3b28f57ce0598de4b56183e7fda748d1b910481215fbd599,0
L000579,Alan S. Lowenthal,house,Democrat,CA47,,False,2014-05-02,2014-05-12,VRSK,"Verisk Analytics, Inc. - Class A",,Purchase,"$15,001 - $50,000",32500.5,False,SP,20000922,https://disclosures-clerk.house.gov/public_disc/ptr-pdfs/2014/20000922.pdf,62619ee532e73dfb5c58ae02935ae62bcbe0e83eef0fc1e4049c7f982f292219,0
L000579,Alan S. Lowenthal,house,Democrat,CA47,,False,2014-04-30,2014-05-12,,Nielsen Fin LLC/Nielsen Fin,,Purchase,"$15,001 - $50,000",32500.5,False,SP,20000922,https://disclosures-clerk.house.gov/public_disc/ptr-pdfs/2014/20000922.pdf,3b6e3645e3bb1c2bd5af2645d7fab146ae6742abca1f7dd737e43e2f4a5321cf,0
L000579,Alan S. Lowenthal,house,Democrat,CA47,,False,2014-05-05,2014-05-12,JPM,JP Morgan Chase & Co.,,Sale,"$15,001 - $50,000",32500.5,False,SP,20000922,https://disclosures-clerk.house.gov/public_disc/ptr-pdfs/2014/20000922.pdf,ad3edd24f674fc8664560907c01c72449c6bc6dd8ddb9b3e0de34689fc77c5b5,0
L000579,Alan S. Lowenthal,house,Democrat,CA47,,False,2014-05-05,2014-05-12,EBAY,eBay Inc.,,Sale,"$15,001 - $50,000",32500.5,False,SP,20000922,https://disclosures-clerk.house.gov/public_disc/ptr-pdfs/2014/20000922.pdf,7ee64636ccdc80d9b63674e6c231f6ff6611d3de755621ba4c95a031fb568fe2,0
F000461,Bill Flores,house,Republican,TX17,,False,2014-04-24,2014-05-09,,Legacy Reserves LP - units Representing,,Sale,"$100,001 - $250,000",175000.5,False,SELF,20000909,https://disclosures-clerk.house.gov/public_disc/ptr-pdfs/2014/20000909.pdf,a2df763ca34a7f0c37f5956d95e287513df37f42b2a22cc0f6dfb11b21ee03b0,0
F000461,Bill Flores,house,Republican,TX17,,False,2014-04-24,2014-05-09,,"Linn Energy, LLC - Common units",,Sale,"$50,001 - $100,000",75000.5,False,SELF,20000909,https://disclosures-clerk.house.gov/public_disc/ptr-pdfs/2014/20000909.pdf,07ff60e161c19cc4ec1894a9ae6fca5c9daf2a6a9754a1db5b64f12717232893,0
F000461,Bill Flores,house,Republican,TX17,,False,2014-04-24,2014-05-09,,"access Midstream Partners, L.P.",,Sale,"$50,001 - $100,000",75000.5,False,SELF,20000909,https://disclosures-clerk.house.gov/public_disc/ptr-pdfs/2014/20000909.pdf,98b48e107e5aec20e452f3bbc9df92cb0b7c7104acd8a6c17012b3c938707269,0
F000461,Bill Flores,house,Republican,TX17,,False,2014-04-24,2014-05-09,,"EnLink Midstream, LLC Common units",,Sale,"$100,001 - $250,000",175000.5,False,SELF,20000909,https://disclosures-clerk.house.gov/public_disc/ptr-pdfs/2014/20000909.pdf,57669d9f9977837dd2321033f1cfbf71568117679b25934d10270dd7fb47f3da,0
F000461,Bill Flores,house,Republican,TX17,,False,2014-04-24,2014-05-09,,"EV Energy Partners, L.P. - common",,Sale,"$100,001 - $250,000",175000.5,False,SELF,20000909,https://disclosures-clerk.house.gov/public_disc/ptr-pdfs/2014/20000909.pdf,3d21931d7dcaf5e431636169b2a95881077e675b3746f3e49a23c967e86219df,0
F000461,Bill Flores,house,Republican,TX17,,False,2014-04-22,2014-05-09,SMLP,"summit Midstream Partners, LP Partner Interests",,Sale,"$100,001 - $250,000",175000.5,False,SELF,20000909,https://disclosures-clerk.house.gov/public_disc/ptr-pdfs/2014/20000909.pdf,b8c2ba556561ab959cc732ac6cbf37db55566e1749789d7b6acaeb3bb0117f88,0
F000461,Bill Flores,house,Republican,TX17,,False,2014-04-24,2014-05-09,,"Kinder Morgan Energy Partners, L.P.",,Sale,"$100,001 - $250,000",175000.5,False,SELF,20000909,https://disclosures-clerk.house.gov/public_disc/ptr-pdfs/2014/20000909.pdf,55dd267292297a3c9d17a1bbf3ce0bf805e3bb1582cde30311a6fab935171c6d,0
F000461,Bill Flores,house,Republican,TX17,,False,2014-04-24,2014-05-09,KMP,"Kinder Morgan Energy Partners, L.P.",,Sale,"$100,001 - $250,000",175000.5,False,SELF,20000909,https://disclosures-clerk.house.gov/public_disc/ptr-pdfs/2014/20000909.pdf,55dd267292297a3c9d17a1bbf3ce0bf805e3bb1582cde30311a6fab935171c6d,1
F000461,Bill Flores,house,Republican,TX17,,False,2014-04-24,2014-05-09,EVEP,"EV Energy Partners, L.P. - common interest",,Sale,"$100,001 - $250,000",175000.5,False,SELF,20000909,https://disclosures-clerk.house.gov/public_disc/ptr-pdfs/2014/20000909.pdf,d6ca178894f2b463f4b3c30a3b5b22f3ec22a4a599cdb74f8098519bbb393c60,0
F000461,Bill Flores,house,Republican,TX17,,False,2014-04-24,2014-05-09,ENLC,"EnLink Midstream, LLC Common units",,Sale,"$100,001 - $250,000",175000.5,False,SELF,20000909,https://disclosures-clerk.house.gov/public_disc/ptr-pdfs/2014/20000909.pdf,57669d9f9977837dd2321033f1cfbf71568117679b25934d10270dd7fb47f3da,1
F000461,Bill Flores,house,Republican,TX17,,False,2014-04-24,2014-05-09,ACMP,"access Midstream Partners, L.P. Partner Interests",,Sale,"$50,001 - $100,000",75000.5,False,SELF,20000909,https://disclosures-clerk.house.gov/public_disc/ptr-pdfs/2014/20000909.pdf,771d997a8af17deadb5684a4bebde32c5b1428bb5d6df9dadbce802d3573d366,0
F000461,Bill Flores,house,Republican,TX17,,False,2014-04-21,2014-05-09,ACMP,"Type Date access Midstream Partners, L.P. Partner Interests",,Sale,"$50,001 - $100,000",75000.5,False,SELF,20000909,https://disclosures-clerk.house.gov/public_disc/ptr-pdfs/2014/20000909.pdf,8df1bb1486c7655c834255c151037515d04f45f8f6f621632f1f418638ef47df,0
F000461,Bill Flores,house,Republican,TX17,,False,2014-04-07,2014-05-09,VZ,Verizon Communications Inc.,,Sale,"$15,001 - $50,000",32500.5,False,SELF,20000909,https://disclosures-clerk.house.gov/public_disc/ptr-pdfs/2014/20000909.pdf,8cf8ba1c0cd2b5bfa46dfb1cb0021e6d0e276155e942569a724c8f18d248fccb,0
F000461,Bill Flores,house,Republican,TX17,,False,2014-04-07,2014-05-09,UPS,"united Parcel service, Inc.",,Purchase,"$1,001 - $15,000",8000.5,False,SELF,20000909,https://disclosures-clerk.house.gov/public_disc/ptr-pdfs/2014/20000909.pdf,53460b67559f141a43ecdd38e56c7f64f648f4a6dc0b8762cc650c955912fab5,0
F000461,Bill Flores,house,Republican,TX17,,False,2014-04-17,2014-05-09,,TPH Partners LP,,Purchase,"$1,001 - $15,000",8000.5,False,SELF,20000909,https://disclosures-clerk.house.gov/public_disc/ptr-pdfs/2014/20000909.pdf,0f80c634771714d19b95967a7aa771f6d6a852c8152d78b6aeaf19f334efb57e,0
F000461,Bill Flores,house,Republican,TX17,,False,2014-04-22,2014-05-09,,"summit Midstream Partners, LP",,Sale,"$100,001 - $250,000",175000.5,False,SELF,20000909,https://disclosures-clerk.house.gov/public_disc/ptr-pdfs/2014/20000909.pdf,2f12d88a28797fc0117381462cbca135fde760a6e76e022a9517771253f3931b,0
F000461,Bill Flores,house,Republican,TX17,,False,2014-04-21,2014-05-09,,"access Midstream Partners, L.P.",,Sale,"$50,001 - $100,000",75000.5,False,SELF,20000909,https://disclosures-clerk.house.gov/public_disc/ptr-pdfs/2014/20000909.pdf,9fc6041030d49e6233852c2869ec29f8538f2b4197f89f72853735f78c517327,0
F000461,Bill Flores,house,Republican,TX17,,False,2014-04-24,2014-05-09,LGCY,Legacy Reserves LP - units Representing Limited Partner Interests,,Sale,"$100,001 - $250,000",175000.5,False,SELF,20000909,https://disclosures-clerk.house.gov/public_disc/ptr-pdfs/2014/20000909.pdf,a2fc1157ccf46d022c578e1ce5fa288eb88c7337f292f77828d9ccbb14c26941,0
F000450,Virginia Foxx,house,Republican,NC05,HSED02; HSGO24; House Committee on Education and Workforce; House Committee on Oversight and Government Reform; House Committee on Rules,False,2014-04-02,2014-05-07,PNNT,type Date JT PennantPark Investment Corporation - common stock,,Purchase,"$1,001 - $15,000",8000.5,False,SELF,20000864,https://disclosures-clerk.house.gov/public_disc/ptr-pdfs/2014/20000864.pdf,e88e5238234f0f454c4e601ed1ef0a479087ac74564148319fc8821246e66748,0
F000450,Virginia Foxx,house,Republican,NC05,HSED02; HSGO24; House Committee on Education and Workforce; House Committee on Oversight and Government Reform; House Committee on Rules,False,2014-04-02,2014-05-07,,PennantPark Investment Corporation,,Purchase,"$1,001 - $15,000",8000.5,False,JT,20000864,https://disclosures-clerk.house.gov/public_disc/ptr-pdfs/2014/20000864.pdf,75a84a2cb4e9aee5b80fb786166f09fc6e0da652b604feaaff680a85fbd854c7,0
S000583,Lamar Smith,house,Republican,TX21,,False,2014-04-07,2014-05-06,,"Williams-Sonoma, Inc. Common Stock",,Sale,"$1,001 - $15,000",8000.5,False,SELF,20000863,https://disclosures-clerk.house.gov/public_disc/ptr-pdfs/2014/20000863.pdf,64ff5b52ea2d6e17e26955c7423b8cb401692218fc882e93ba8f4d8d31df8431,0
S000583,Lamar Smith,house,Republican,TX21,,False,2014-04-24,2014-05-06,COST,Costco Wholesale Corporation,,Sale,"$1,001 - $15,000",8000.5,False,SELF,20000863,https://disclosures-clerk.house.gov/public_disc/ptr-pdfs/2014/20000863.pdf,57981c47cd95da115533d6e8ccb50f9b5fab523d37a875e9a4011333af72e3fc,0
P000595,Gary C. Peters,house,Democrat,MI14,"SSAP01; SSAP14; SSAP16; SSAP19; SSAP22; SSAS14; SSAS20; SSAS21; SSCM34; SSCM36; SSCM37; SSCM38; SSGA01; SSGA20; SSGA22; Senate Committee on Appropriations; Senate Committee on Armed Services; Senate Committee on Commerce, Science, and Transportation; Senate Committee on Homeland Security and Governmental Affairs",False,2014-04-21,2014-05-06,,Fifth Street Senior Floating Rate Corp.,,Purchase,"$1,001 - $15,000",8000.5,False,SELF,20000869,https://disclosures-clerk.house.gov/public_disc/ptr-pdfs/2014/20000869.pdf,c72a8873392e0b7b50bf42188754cc7184e2164a83833b4644e37e2d527040b2,0
P000595,Gary C. Peters,house,Democrat,MI14,"SSAP01; SSAP14; SSAP16; SSAP19; SSAP22; SSAS14; SSAS20; SSAS21; SSCM34; SSCM36; SSCM37; SSCM38; SSGA01; SSGA20; SSGA22; Senate Committee on Appropriations; Senate Committee on Armed Services; Senate Committee on Commerce, Science, and Transportation; Senate Committee on Homeland Security and Governmental Affairs",False,2014-04-21,2014-05-06,,"Blackstone Mortgage Trust, Inc.",,Purchase,"$1,001 - $15,000",8000.5,False,SELF,20000869,https://disclosures-clerk.house.gov/public_disc/ptr-pdfs/2014/20000869.pdf,709b4cc0f8f69a34b8840f34dcb75e07294072a1deab060a135dfa1caddbf1b3,0
S000583,Lamar Smith,house,Republican,TX21,,False,2014-03-27,2014-05-06,AGN,"allergan, Inc.",,Sale,"$1,001 - $15,000",8000.5,False,SELF,20000863,https://disclosures-clerk.house.gov/public_disc/ptr-pdfs/2014/20000863.pdf,d9019bc2649a6d160dda13a35d4caa812de35015c37200950488c948ec81f430,0
S000583,Lamar Smith,house,Republican,TX21,,False,2014-04-21,2014-05-06,AGN,"allergan, Inc.",,Sale,"$1,001 - $15,000",8000.5,False,SELF,20000863,https://disclosures-clerk.house.gov/public_disc/ptr-pdfs/2014/20000863.pdf,c126fc621e8a6bdf606b6b540838a57c5e48b594666da9d542f064669e2f546a,0
S000583,Lamar Smith,house,Republican,TX21,,False,2014-04-03,2014-05-06,AMZN,"amazon.com, Inc.",,Purchase,"$1,001 - $15,000",8000.5,False,SELF,20000863,https://disclosures-clerk.house.gov/public_disc/ptr-pdfs/2014/20000863.pdf,93bd73275f66fe1ef2af65d9b96236c74dab23efdf53e86b45eac20fce3b801c,0
S000583,Lamar Smith,house,Republican,TX21,,False,2014-03-27,2014-05-06,CVLT,"CommVault Systems, Inc.",,Purchase,"$1,001 - $15,000",8000.5,False,SELF,20000863,https://disclosures-clerk.house.gov/public_disc/ptr-pdfs/2014/20000863.pdf,80438ca484a8f458657fb12c178f26bc7e9160b2703e62177270c70f76b28995,0
S000583,Lamar Smith,house,Republican,TX21,,False,2014-04-24,2014-05-06,CSGP,"CoStar group, Inc.",,Purchase,"$1,001 - $15,000",8000.5,False,SELF,20000863,https://disclosures-clerk.house.gov/public_disc/ptr-pdfs/2014/20000863.pdf,821932574aace80d0589807baf39c47cbbf3408478cf17a4a6aa3e51d7ed7cb5,0
S000583,Lamar Smith,house,Republican,TX21,,False,2014-04-02,2014-05-06,IDXX,"IdEXX Laboratories, Inc.",,Sale,"$1,001 - $15,000",8000.5,False,SELF,20000863,https://disclosures-clerk.house.gov/public_disc/ptr-pdfs/2014/20000863.pdf,203f6d37048dd2ff8ad2f10eb0306054a2886f986ce9fe645b79a0b70a9ebaa0,0
S000583,Lamar Smith,house,Republican,TX21,,False,2014-04-25,2014-05-06,HOG,"Harley-davidson, Inc.",,Sale,"$1,001 - $15,000",8000.5,False,SELF,20000863,https://disclosures-clerk.house.gov/public_disc/ptr-pdfs/2014/20000863.pdf,452dd665cd7c15f88e034d62b53203e78afa90f4d7da9f8d303e198cd516b90c,0
P000595,Gary C. Peters,house,Democrat,MI14,"SSAP01; SSAP14; SSAP16; SSAP19; SSAP22; SSAS14; SSAS20; SSAS21; SSCM34; SSCM36; SSCM37; SSCM38; SSGA01; SSGA20; SSGA22; Senate Committee on Appropriations; Senate Committee on Armed Services; Senate Committee on Commerce, Science, and Transportation; Senate Committee on Homeland Security and Governmental Affairs",False,2014-04-11,2014-05-06,,Newport Mining Corp B/E,,Purchase,"$1,001 - $15,000",8000.5,False,SELF,20000869,https://disclosures-clerk.house.gov/public_disc/ptr-pdfs/2014/20000869.pdf,43b5ff87f8cd914f2d6da568de56940bf250f760c96b4c2d506cf31e8d04fca0,0
S000583,Lamar Smith,house,Republican,TX21,,False,2014-04-11,2014-05-06,KMT,Kennametal Inc.,,Purchase,"$1,001 - $15,000",8000.5,False,SELF,20000863,https://disclosures-clerk.house.gov/public_disc/ptr-pdfs/2014/20000863.pdf,85709cb2c7f04943b285b78dbe61f9bed7cffa13442339965f8317019bdcb802,0
S000583,Lamar Smith,house,Republican,TX21,,False,2014-03-27,2014-05-06,LULU,lululemon athletica inc.,,Purchase,"$1,001 - $15,000",8000.5,False,SELF,20000863,https://disclosures-clerk.house.gov/public_disc/ptr-pdfs/2014/20000863.pdf,3a44269817d866c9c038294f709ce7eb21b411e7a2fd90c3466a704eba6957d2,0
S000583,Lamar Smith,house,Republican,TX21,,False,2014-04-02,2014-05-06,RHT,"Red Hat, Inc.",,Purchase,"$1,001 - $15,000",8000.5,False,SELF,20000863,https://disclosures-clerk.house.gov/public_disc/ptr-pdfs/2014/20000863.pdf,9780f9312fbb646f80b5c0260d736e2bb1879416bec10d61d69b7ddae9bb964d,0
S000583,Lamar Smith,house,Republican,TX21,,False,2014-04-21,2014-05-06,SLB,Schlumberger N.V.,,Purchase,"$1,001 - $15,000",8000.5,False,SELF,20000863,https://disclosures-clerk.house.gov/public_disc/ptr-pdfs/2014/20000863.pdf,18d0dde856821423c6b31686e37d4c55810a9af26bd6c4867f802dd8384c2193,0
S000583,Lamar Smith,house,Republican,TX21,,False,2014-04-07,2014-05-06,,Transdigm group Incorporated,,Sale,"$1,001 - $15,000",8000.5,False,SELF,20000863,https://disclosures-clerk.house.gov/public_disc/ptr-pdfs/2014/20000863.pdf,d41cddd05b07389241e4747ebc3370390ac460457e56f2fc4f77f5feb81e3ac4,0
S000583,Lamar Smith,house,Republican,TX21,,False,2014-04-25,2014-05-06,YUM,"Yum! brands, Inc.",,Purchase,"$1,001 - $15,000",8000.5,False,SELF,20000863,https://disclosures-clerk.house.gov/public_disc/ptr-pdfs/2014/20000863.pdf,0917b188021324d3cd5572060986539ab05990ad7bb64c35e82a680a5823b933,0
S000583,Lamar Smith,house,Republican,TX21,,False,2014-04-07,2014-05-06,WSM,"Williams-Sonoma, Inc. Common Stock",,Sale,"$1,001 - $15,000",8000.5,False,SELF,20000863,https://disclosures-clerk.house.gov/public_disc/ptr-pdfs/2014/20000863.pdf,64ff5b52ea2d6e17e26955c7423b8cb401692218fc882e93ba8f4d8d31df8431,1
P000595,Gary C. Peters,house,Democrat,MI14,"SSAP01; SSAP14; SSAP16; SSAP19; SSAP22; SSAS14; SSAS20; SSAS21; SSCM34; SSCM36; SSCM37; SSCM38; SSGA01; SSGA20; SSGA22; Senate Committee on Appropriations; Senate Committee on Armed Services; Senate Committee on Commerce, Science, and Transportation; Senate Committee on Homeland Security and Governmental Affairs",False,2014-04-22,2014-05-06,,Holland Michigan Electric,,Purchase,"$1,001 - $15,000",8000.5,False,SELF,20000869,https://disclosures-clerk.house.gov/public_disc/ptr-pdfs/2014/20000869.pdf,fa3738206c7bba4f1c7111c2ba6613851b633393b2808c4147c78022310c621e,0
B000574,Earl Blumenauer,house,Democrat,OR03,,False,2013-11-01,2014-05-06,,The Joinery (part interest) - Company,,Purchase,"$100,001 - $250,000",175000.5,False,SELF,20000800,https://disclosures-clerk.house.gov/public_disc/ptr-pdfs/2014/20000800.pdf,2487b70d7431240baba3be16c5f26c0fb2e91b9b184064b475a93677ef3c7bee,0
P000595,Gary C. Peters,house,Democrat,MI14,"SSAP01; SSAP14; SSAP16; SSAP19; SSAP22; SSAS14; SSAS20; SSAS21; SSCM34; SSCM36; SSCM37; SSCM38; SSGA01; SSGA20; SSGA22; Senate Committee on Appropriations; Senate Committee on Armed Services; Senate Committee on Commerce, Science, and Transportation; Senate Committee on Homeland Security and Governmental Affairs",False,2014-04-11,2014-05-06,,Transocean Inc B/E,,Purchase,"$1,001 - $15,000",8000.5,False,SELF,20000869,https://disclosures-clerk.house.gov/public_disc/ptr-pdfs/2014/20000869.pdf,58348f313d5b254abdf260793be5c1ff87414d1bb5649c24b487a5af1e2f0779,0
M000404,Jim McDermott,house,Democrat,WA07,,False,2014-04-15,2014-05-06,,Morgan Stanley Medium Term Senior,,Sale,"$15,001 - $50,000",32500.5,False,SELF,20000858,https://disclosures-clerk.house.gov/public_disc/ptr-pdfs/2014/20000858.pdf,494a2aa24a367fc0d1938c03f8fdab6862111072bd0f30bfd58dca1fa336dba3,0
M000404,Jim McDermott,house,Democrat,WA07,,False,2014-04-15,2014-05-06,,Citigroup Inc,,Purchase,"$15,001 - $50,000",32500.5,False,SELF,20000858,https://disclosures-clerk.house.gov/public_disc/ptr-pdfs/2014/20000858.pdf,b2aee8ac69fa4381262955bd21fbc604152558405b9d52fff57d388c013244ef,0
P000595,Gary C. Peters,house,Democrat,MI14,"SSAP01; SSAP14; SSAP16; SSAP19; SSAP22; SSAS14; SSAS20; SSAS21; SSCM34; SSCM36; SSCM37; SSCM38; SSGA01; SSGA20; SSGA22; Senate Committee on Appropriations; Senate Committee on Armed Services; Senate Committee on Commerce, Science, and Transportation; Senate Committee on Homeland Security and Governmental Affairs",False,2014-04-21,2014-05-06,FSFR,Fifth Street Senior Floating Rate Corp.,,Purchase,"$1,001 - $15,000",8000.5,False,SELF,20000869,https://disclosures-clerk.house.gov/public_disc/ptr-pdfs/2014/20000869.pdf,c72a8873392e0b7b50bf42188754cc7184e2164a83833b4644e37e2d527040b2,1
P000595,Gary C. Peters,house,Democrat,MI14,"SSAP01; SSAP14; SSAP16; SSAP19; SSAP22; SSAS14; SSAS20; SSAS21; SSCM34; SSCM36; SSCM37; SSCM38; SSGA01; SSGA20; SSGA22; Senate Committee on Appropriations; Senate Committee on Armed Services; Senate Committee on Commerce, Science, and Transportation; Senate Committee on Homeland Security and Governmental Affairs",False,2014-04-21,2014-05-06,BXMT,"type Date Blackstone Mortgage Trust, Inc.",,Purchase,"$1,001 - $15,000",8000.5,False,SELF,20000869,https://disclosures-clerk.house.gov/public_disc/ptr-pdfs/2014/20000869.pdf,32f05dac6afd2d435fcf29f567cc97ddfb8ff3bdc2f0c5487966a08ac298e148,0
S000583,Lamar Smith,house,Republican,TX21,,False,2014-04-07,2014-05-06,TDG,Transdigm group Incorporated Transdigm group Inc.,,Sale,"$1,001 - $15,000",8000.5,False,SELF,20000863,https://disclosures-clerk.house.gov/public_disc/ptr-pdfs/2014/20000863.pdf,d9094d52e5f3a8dce8a65b68f7057907386440b40ad570b8ae1cbab5d9a1e786,0
P000595,Gary C. Peters,house,Democrat,MI14,"SSAP01; SSAP14; SSAP16; SSAP19; SSAP22; SSAS14; SSAS20; SSAS21; SSCM34; SSCM36; SSCM37; SSCM38; SSGA01; SSGA20; SSGA22; Senate Committee on Appropriations; Senate Committee on Armed Services; Senate Committee on Commerce, Science, and Transportation; Senate Committee on Homeland Security and Governmental Affairs",False,2014-04-11,2014-05-06,,US Bancorp Medium Term Bond,,Purchase,"$1,001 - $15,000",8000.5,False,SELF,20000869,https://disclosures-clerk.house.gov/public_disc/ptr-pdfs/2014/20000869.pdf,711f9a3d369383b40038abb8b20716394e0441a2c40b468ea939a8a90119a900,0
S001148,Michael K. Simpson,house,Republican,ID02,HSAP06; HSAP07; HSAP10; House Committee on Appropriations,False,2014-04-08,2014-05-03,,Metro ag Ord Dem 5 Ordinary Shares,,Sale,"$1,001 - $15,000",8000.5,False,SELF,20000826,https://disclosures-clerk.house.gov/public_disc/ptr-pdfs/2014/20000826.pdf,173c4e38a1086267d4bb05ba0dc1e18768ff2e4ddcb94c813bef1bc0c8490632,0
S001148,Michael K. Simpson,house,Republican,ID02,HSAP06; HSAP07; HSAP10; House Committee on Appropriations,False,2014-04-25,2014-05-03,AZN,astrazeneca PlC,,Sale,"$1,001 - $15,000",8000.5,False,SELF,20000826,https://disclosures-clerk.house.gov/public_disc/ptr-pdfs/2014/20000826.pdf,c87422e63b95e3fc9286354b3997872e87286174e6abf06a02d12d9ed2fbe278,0
S001148,Michael K. Simpson,house,Republican,ID02,HSAP06; HSAP07; HSAP10; House Committee on Appropriations,False,2014-04-08,2014-05-03,MTAGF,Metro ag Ord Dem 5 Ordinary Shares,,Sale,"$1,001 - $15,000",8000.5,False,SELF,20000826,https://disclosures-clerk.house.gov/public_disc/ptr-pdfs/2014/20000826.pdf,173c4e38a1086267d4bb05ba0dc1e18768ff2e4ddcb94c813bef1bc0c8490632,1
T000465,Niki Tsongas,house,Democrat,MA03,,False,2014-03-03,2014-05-02,,MassaCusETTs sT gO BDs,,Sale,"$15,001 - $50,000",32500.5,False,SELF,20000815,https://disclosures-clerk.house.gov/public_disc/ptr-pdfs/2014/20000815.pdf,b8437a17987973eb1010a683a19a33fdca8b0ecb043e3fa7afa825b2c18e6b4a,0
M000725,George Miller,house,Democrat,CA11,,False,2014-04-11,2014-05-01,VOD,Vodafone Group Plc - American ordinary shares,,Purchase,"$1,001 - $15,000",8000.5,False,SELF,20000813,https://disclosures-clerk.house.gov/public_disc/ptr-pdfs/2014/20000813.pdf,d27ada998ff83af9da270d5c5bda1d4217d46b35486b7a2d5790ae3889274abe,0
M000725,George Miller,house,Democrat,CA11,,False,2014-04-11,2014-05-01,,Vodafone Group Plc - American,,Purchase,"$1,001 - $15,000",8000.5,False,SELF,20000813,https://disclosures-clerk.house.gov/public_disc/ptr-pdfs/2014/20000813.pdf,47864830d9054873e13c5b7c61e29665909bfe9aeafbd13230d43d3a3e94fde6,0
M000725,George Miller,house,Democrat,CA11,,False,2014-04-15,2014-05-01,VZ,Verizon Communications Inc.,,Purchase,"$1,001 - $15,000",8000.5,False,SELF,20000813,https://disclosures-clerk.house.gov/public_disc/ptr-pdfs/2014/20000813.pdf,43368b12241dd74cbb3db701130f2b131371daf381b0387ad9f85e2af9914731,0
C001078,Gerald E. Connolly,house,Democrat,VA11,,False,2014-03-26,2014-04-29,D,"Dominion Resources, Inc.",,Purchase,"$1,001 - $15,000",8000.5,False,JT,20000790,https://disclosures-clerk.house.gov/public_disc/ptr-pdfs/2014/20000790.pdf,fc8d91a19a77fe75b6bf9a1eec7fdde730dc2a5fefce6ee10735e45fb8fc911d,0
B001284,Susan W. Brooks,house,Republican,IN05,,False,2014-04-17,2014-04-28,,aRLINgToN WaREhoUSE,,Sale,"$1,001 - $15,000",8000.5,False,SP,20000780,https://disclosures-clerk.house.gov/public_disc/ptr-pdfs/2014/20000780.pdf,edb199c16d62bbc502d6e29c1ff8b2d510f5d58a49b014a3f0b8ecc38a92b508,0
L000579,Alan S. Lowenthal,house,Democrat,CA47,,False,2014-04-16,2014-04-26,,Bay Area Toll Auth Calif Toll,,Purchase,"$1,001 - $15,000",8000.5,False,SP,20000742,https://disclosures-clerk.house.gov/public_disc/ptr-pdfs/2014/20000742.pdf,c4d60dd7552f7b166216f162c3bbbf1e08f10589968e467417793274383b617e,0
L000579,Alan S. Lowenthal,house,Democrat,CA47,,False,2014-04-15,2014-04-26,,Regency Energy Partners LP,,Sale,"$1,001 - $15,000",8000.5,False,SP,20000742,https://disclosures-clerk.house.gov/public_disc/ptr-pdfs/2014/20000742.pdf,13059dcc2c6ce41576becd0432e229d792e28c53a0efab9fa7580da696f24da8,0
L000579,Alan S. Lowenthal,house,Democrat,CA47,,False,2014-04-22,2014-04-26,,CIT group Inc,,Purchase,"$1,001 - $15,000",8000.5,False,SP,20000742,https://disclosures-clerk.house.gov/public_disc/ptr-pdfs/2014/20000742.pdf,4b2f05671df32c287e61622f46dd5eaf697860850811c1ea33ccc61f82a974df,0
L000579,Alan S. Lowenthal,house,Democrat,CA47,,False,2014-04-15,2014-04-26,,Crown Castle Intl Corp,,Purchase,"$15,001 - $50,000",32500.5,False,SP,20000742,https://disclosures-clerk.house.gov/public_disc/ptr-pdfs/2014/20000742.pdf,cfc2357cbdede26fc1f0a1166fecb7f4774f2fbf15def27f2106fc2ecb86f8ac,0
L000579,Alan S. Lowenthal,house,Democrat,CA47,,False,2014-04-16,2014-04-26,,united Rentals North Amer Inc,,Purchase,"$15,001 - $50,000",32500.5,False,SP,20000742,https://disclosures-clerk.house.gov/public_disc/ptr-pdfs/2014/20000742.pdf,7cd434989212e6afe83941c0c72eedc47a41fd0e1714e22a9229ba337b10f0fa,0
L000579,Alan S. Lowenthal,house,Democrat,CA47,,False,2014-04-07,2014-04-26,,2000001492 SP genesis Energy LP/ genesis,,Purchase,"$1,001 - $15,000",8000.5,False,SELF,20000742,https://disclosures-clerk.house.gov/public_disc/ptr-pdfs/2014/20000742.pdf,b33b3e3aae91d828352f299de906b5e55900d7a44bdcda318576773a91782ab9,0
R000580,Peter J. Roskam,house,Republican,IL06,,False,2014-01-02,2014-04-24,,ShoRT-TERM boND FUND oF,,Sale,"$15,001 - $50,000",32500.5,False,SELF,20000684,https://disclosures-clerk.house.gov/public_disc/ptr-pdfs/2014/20000684.pdf,2fa3aa42296c29f26f0ae3d33313ecf8b846cdf01b9bcf24445187dab75554a3,1
R000580,Peter J. Roskam,house,Republican,IL06,,False,2014-01-02,2014-04-24,,ShoRT-TERM boND FUND oF,,Sale,"$15,001 - $50,000",32500.5,False,SELF,20000684,https://disclosures-clerk.house.gov/public_disc/ptr-pdfs/2014/20000684.pdf,2fa3aa42296c29f26f0ae3d33313ecf8b846cdf01b9bcf24445187dab75554a3,0
H000636,Rubén Hinojosa,house,Democrat,TX15,,False,2013-09-16,2014-04-23,BA,Boeing Company,,Sale,"$1,001 - $15,000",8000.5,False,DC,20000758,https://disclosures-clerk.house.gov/public_disc/ptr-pdfs/2014/20000758.pdf,0381db39fcb21366bef1949253c6c43db04f76c81de953ad9be6932e33bcc429,0
H000636,Rubén Hinojosa,house,Democrat,TX15,,False,2013-09-20,2014-04-23,MMM,3M Company,,Sale,"$1,001 - $15,000",8000.5,False,DC,20000758,https://disclosures-clerk.house.gov/public_disc/ptr-pdfs/2014/20000758.pdf,2c4ceadf3ca07f74966fecd9b57658a1c11318c1ed5d6c0b3f6eeda5a6fcd884,0
H000636,Rubén Hinojosa,house,Democrat,TX15,,False,2013-09-20,2014-04-23,DD,E.I. du Pont de Nemours and Company,,Sale,"$1,001 - $15,000",8000.5,False,DC,20000758,https://disclosures-clerk.house.gov/public_disc/ptr-pdfs/2014/20000758.pdf,3743d280d7f7dc13cb99edf039eaf0c736bcc45f57b699c5478b5e884e966b55,1
H000636,Rubén Hinojosa,house,Democrat,TX15,,False,2013-09-20,2014-04-23,,E.I. du Pont de Nemours and Company,,Sale,"$1,001 - $15,000",8000.5,False,DC,20000758,https://disclosures-clerk.house.gov/public_disc/ptr-pdfs/2014/20000758.pdf,3743d280d7f7dc13cb99edf039eaf0c736bcc45f57b699c5478b5e884e966b55,0
H000636,Rubén Hinojosa,house,Democrat,TX15,,False,2013-09-20,2014-04-23,BA,Boeing Company,,Sale,"$1,001 - $15,000",8000.5,False,DC,20000758,https://disclosures-clerk.house.gov/public_disc/ptr-pdfs/2014/20000758.pdf,82e0b58086e01f8a12945fe74be8f876c22d0bd9c64b22fe030e333c627b5906,0
H000636,Rubén Hinojosa,house,Democrat,TX15,,False,2013-09-20,2014-04-23,AOS,a.O. smith Corporation,,Sale,"$1,001 - $15,000",8000.5,False,DC,20000758,https://disclosures-clerk.house.gov/public_disc/ptr-pdfs/2014/20000758.pdf,26b19341c186e0c6b4653909fe093affc7b6ebd058f909f7b14cd34d7f3672ad,0
H000636,Rubén Hinojosa,house,Democrat,TX15,,False,2013-09-16,2014-04-23,AOS,a.O. smith Corporation,,Sale,"$1,001 - $15,000",8000.5,False,DC,20000758,https://disclosures-clerk.house.gov/public_disc/ptr-pdfs/2014/20000758.pdf,241c02545dc66792fc16fc2c1a79bc640947d53c1dfbcac928e51347dae50247,0
G000563,Bob Gibbs,house,Republican,OH07,,False,2014-04-15,2014-04-22,,Vodafone Group Plc - american,,Sale,"$1,001 - $15,000",8000.5,False,SELF,20000753,https://disclosures-clerk.house.gov/public_disc/ptr-pdfs/2014/20000753.pdf,e04065d1ddb1a4506a21eabb0124db368881f3d4f4f890037437aec4499454f7,0
G000563,Bob Gibbs,house,Republican,OH07,,False,2014-04-15,2014-04-22,VOD,type Date Vodafone Group Plc - american Ordinary shares,,Sale,"$1,001 - $15,000",8000.5,False,SELF,20000753,https://disclosures-clerk.house.gov/public_disc/ptr-pdfs/2014/20000753.pdf,71bbd330582866ccd90d87afbe911d9ff0806b62526a14552fe6cfad7c40fdf5,0
L000579,Alan S. Lowenthal,house,Democrat,CA47,,False,2014-04-09,2014-04-19,,united Rentals North Amer Inc,,Purchase,"$1,001 - $15,000",8000.5,False,SP,20000741,https://disclosures-clerk.house.gov/public_disc/ptr-pdfs/2014/20000741.pdf,e543b9385919d0a7df79850ed9c5b870e67da3276f0056caccf1afab4e287857,0
L000480,Nita M. Lowey,house,Democrat,NY17,,False,2014-04-07,2014-04-16,,New Silk Route,,Purchase,"$1,001 - $15,000",8000.5,False,SP,20000709,https://disclosures-clerk.house.gov/public_disc/ptr-pdfs/2014/20000709.pdf,1419233607b6e35ccbfc6ab594a65ccf51dc5da2f3151d3a6d533b8e6de6eba2,0
S001148,Michael K. Simpson,house,Republican,ID02,HSAP06; HSAP07; HSAP10; House Committee on Appropriations,False,2014-03-11,2014-04-15,TSCDF,Tesco Plc Ord Ordinary Shares,,Purchase,"$1,001 - $15,000",8000.5,False,SELF,20000715,https://disclosures-clerk.house.gov/public_disc/ptr-pdfs/2014/20000715.pdf,d8706f6597e018b319a4612ba39f1004294acad70277947477f5972ed4e4543c,0
S001148,Michael K. Simpson,house,Republican,ID02,HSAP06; HSAP07; HSAP10; House Committee on Appropriations,False,2014-03-17,2014-04-15,AOZOY,Type Date aozora Bank ltd Sponsored aDR,,Purchase,"$1,001 - $15,000",8000.5,False,SELF,20000715,https://disclosures-clerk.house.gov/public_disc/ptr-pdfs/2014/20000715.pdf,9cd033b96561761235a00539a8074172944a4df8cb829d06924b6fc5da89e0d9,0
S001148,Michael K. Simpson,house,Republican,ID02,HSAP06; HSAP07; HSAP10; House Committee on Appropriations,False,2014-03-12,2014-04-15,AETUF,arc Resources ltd. Ordinary Shares,,Sale,"$1,001 - $15,000",8000.5,False,SELF,20000715,https://disclosures-clerk.house.gov/public_disc/ptr-pdfs/2014/20000715.pdf,09230d102fd65f9d1c85d5d282923d463a3a7519e0ce848ba776ec7e1469de16,1
S001148,Michael K. Simpson,house,Republican,ID02,HSAP06; HSAP07; HSAP10; House Committee on Appropriations,False,2014-03-04,2014-04-15,CHLKF,China Mobile Hong Kong ltd Ordinary Shares,,Purchase,"$1,001 - $15,000",8000.5,False,SELF,20000715,https://disclosures-clerk.house.gov/public_disc/ptr-pdfs/2014/20000715.pdf,1a5d9d6bd9b7011bcd6f3c65b570dfd9c58520eefdab62276478ac81b6dd005c,0
S001148,Michael K. Simpson,house,Republican,ID02,HSAP06; HSAP07; HSAP10; House Committee on Appropriations,False,2014-03-10,2014-04-15,ERIC,Ericsson - aDS each representing 1 underlying Class B share,,Purchase,"$1,001 - $15,000",8000.5,False,SELF,20000715,https://disclosures-clerk.house.gov/public_disc/ptr-pdfs/2014/20000715.pdf,cdd257a33050b6446bc0b9fc4c76a386b8720f22cb5f41b76621081fcc525dc1,0
L000579,Alan S. Lowenthal,house,Democrat,CA47,,False,2014-04-04,2014-04-15,,SLM Corp,,Purchase,"$1,001 - $15,000",8000.5,False,SP,20000598,https://disclosures-clerk.house.gov/public_disc/ptr-pdfs/2014/20000598.pdf,eecf88471801cc1acdd7948a71b4aa650f6905f547a74bbad2fa85cc0a2ba4a5,0
S001148,Michael K. Simpson,house,Republican,ID02,HSAP06; HSAP07; HSAP10; House Committee on Appropriations,False,2014-03-18,2014-04-15,STO,Statoil aSa,,Sale,"$1,001 - $15,000",8000.5,False,SELF,20000715,https://disclosures-clerk.house.gov/public_disc/ptr-pdfs/2014/20000715.pdf,c9bce2336311d6e0ff7e1bb51496ac8d75245c9e9989e46691910ca1281513e7,0
S001148,Michael K. Simpson,house,Republican,ID02,HSAP06; HSAP07; HSAP10; House Committee on Appropriations,False,2014-03-17,2014-04-15,FOEAF,Fred Olsen Energy asa Ord Ordinary Shares,,Purchase,"$1,001 - $15,000",8000.5,False,SELF,20000715,https://disclosures-clerk.house.gov/public_disc/ptr-pdfs/2014/20000715.pdf,647c0d34988cb1e354f09c4ecb0e4dbb7f72b64d509cc99222e90f77ad8c92f6,0
S001148,Michael K. Simpson,house,Republican,ID02,HSAP06; HSAP07; HSAP10; House Committee on Appropriations,False,2014-03-17,2014-04-15,OGFGF,Origin Energy ltd Ordinary Shares,,Sale,"$1,001 - $15,000",8000.5,False,SELF,20000715,https://disclosures-clerk.house.gov/public_disc/ptr-pdfs/2014/20000715.pdf,cc71ab45005b2187d18128855693aa47c36de574d0b24892d7717e63254da0e2,1
S001148,Michael K. Simpson,house,Republican,ID02,HSAP06; HSAP07; HSAP10; House Committee on Appropriations,False,2014-03-18,2014-04-15,RDS.A,Royal Dutch Shell PlC Royal Dutch,,Purchase,"$1,001 - $15,000",8000.5,False,SELF,20000715,https://disclosures-clerk.house.gov/public_disc/ptr-pdfs/2014/20000715.pdf,6f827fb28184f53d9f2cf8936fd70f5988731d87925eebc7452b04553001c356,1
S001148,Michael K. Simpson,house,Republican,ID02,HSAP06; HSAP07; HSAP10; House Committee on Appropriations,False,2014-03-17,2014-04-15,NZTCF,Telecom Corp New Zealand Ord Ordinary Shares,,Sale,"$1,001 - $15,000",8000.5,False,SELF,20000715,https://disclosures-clerk.house.gov/public_disc/ptr-pdfs/2014/20000715.pdf,45b192cf7181ced1cd1e977550f5eb38429847a8093e67fbdfe8254c6d8eb1f4,0
L000579,Alan S. Lowenthal,house,Democrat,CA47,,False,2014-04-07,2014-04-15,,Genesis Energy LP/ Genesis,,Purchase,"$1,001 - $15,000",8000.5,False,SP,20000717,https://disclosures-clerk.house.gov/public_disc/ptr-pdfs/2014/20000717.pdf,5f5c702a1ad5b650a50f1e648908572d9e2dd94ea36b8f65d2490619bf0d4c63,0
S001148,Michael K. Simpson,house,Republican,ID02,HSAP06; HSAP07; HSAP10; House Committee on Appropriations,False,2014-03-17,2014-04-15,,Telecom Corp New Zealand Ord,,Sale,"$1,001 - $15,000",8000.5,False,SELF,20000715,https://disclosures-clerk.house.gov/public_disc/ptr-pdfs/2014/20000715.pdf,c4fff3711f8bc60e49c7072d795661e4672e5430fbb2dee09551b96c4ef4e8a3,0
S001148,Michael K. Simpson,house,Republican,ID02,HSAP06; HSAP07; HSAP10; House Committee on Appropriations,False,2014-03-18,2014-04-15,AZNCF,astrazeneca Plc Ordinary Shares,,Sale,"$1,001 - $15,000",8000.5,False,SELF,20000715,https://disclosures-clerk.house.gov/public_disc/ptr-pdfs/2014/20000715.pdf,189a2535eb236e5cc26a4c60d93a03be14b2c0b726259941ec4f2d665ba743ea,1
S001148,Michael K. Simpson,house,Republican,ID02,HSAP06; HSAP07; HSAP10; House Committee on Appropriations,False,2014-03-18,2014-04-15,,Royal Dutch Shell PlC Royal Dutch,,Purchase,"$1,001 - $15,000",8000.5,False,SELF,20000715,https://disclosures-clerk.house.gov/public_disc/ptr-pdfs/2014/20000715.pdf,6f827fb28184f53d9f2cf8936fd70f5988731d87925eebc7452b04553001c356,0
S001148,Michael K. Simpson,house,Republican,ID02,HSAP06; HSAP07; HSAP10; House Committee on Appropriations,False,2014-03-17,2014-04-15,,Fred Olsen Energy asa Ord Ordinary,,Purchase,"$1,001 - $15,000",8000.5,False,SELF,20000715,https://disclosures-clerk.house.gov/public_disc/ptr-pdfs/2014/20000715.pdf,e20acc9b9c024c020d0319b8b3c69206fdee31801c35e4e559c9f59ab144aecd,0
S001148,Michael K. Simpson,house,Republican,ID02,HSAP06; HSAP07; HSAP10; House Committee on Appropriations,False,2014-03-17,2014-04-15,,aozora Bank ltd Sponsored aDR,,Purchase,"$1,001 - $15,000",8000.5,False,SELF,20000715,https://disclosures-clerk.house.gov/public_disc/ptr-pdfs/2014/20000715.pdf,3fb6d6f59b2a6a932055712964e1ccc1efcc09e4f7564acb5dc1272f82e39a99,0
S001148,Michael K. Simpson,house,Republican,ID02,HSAP06; HSAP07; HSAP10; House Committee on Appropriations,False,2014-03-12,2014-04-15,,arc Resources ltd. Ordinary Shares,,Sale,"$1,001 - $15,000",8000.5,False,SELF,20000715,https://disclosures-clerk.house.gov/public_disc/ptr-pdfs/2014/20000715.pdf,09230d102fd65f9d1c85d5d282923d463a3a7519e0ce848ba776ec7e1469de16,0
S001148,Michael K. Simpson,house,Republican,ID02,HSAP06; HSAP07; HSAP10; House Committee on Appropriations,False,2014-03-18,2014-04-15,,astrazeneca Plc Ordinary Shares,,Sale,"$1,001 - $15,000",8000.5,False,SELF,20000715,https://disclosures-clerk.house.gov/public_disc/ptr-pdfs/2014/20000715.pdf,189a2535eb236e5cc26a4c60d93a03be14b2c0b726259941ec4f2d665ba743ea,0
S001148,Michael K. Simpson,house,Republican,ID02,HSAP06; HSAP07; HSAP10; House Committee on Appropriations,False,2014-03-11,2014-04-15,PDS,Precision Drilling Corporation,,Sale,"$1,001 - $15,000",8000.5,False,SELF,20000715,https://disclosures-clerk.house.gov/public_disc/ptr-pdfs/2014/20000715.pdf,ee268405b5416d22c1697953be048b6447700dfa12b397a52dc7e0cc5041a608,0
S001148,Michael K. Simpson,house,Republican,ID02,HSAP06; HSAP07; HSAP10; House Committee on Appropriations,False,2014-03-10,2014-04-15,,Ericsson - aDS each representing 1,,Purchase,"$1,001 - $15,000",8000.5,False,SELF,20000715,https://disclosures-clerk.house.gov/public_disc/ptr-pdfs/2014/20000715.pdf,ed35b3208eeb79462906cbf732f67db008d0157aa60cfc07a8e33c6cf95d66ae,0
S001148,Michael K. Simpson,house,Republican,ID02,HSAP06; HSAP07; HSAP10; House Committee on Appropriations,False,2014-03-17,2014-04-15,FOJCF,Fortum Corporation,,Sale,"$1,001 - $15,000",8000.5,False,SELF,20000715,https://disclosures-clerk.house.gov/public_disc/ptr-pdfs/2014/20000715.pdf,26e44f23e36e5778eb8f6c46352df2fb21d39f81dc2ec24625e28c10d0fde6ab,0
S001148,Michael K. Simpson,house,Republican,ID02,HSAP06; HSAP07; HSAP10; House Committee on Appropriations,False,2014-03-04,2014-04-15,,China Mobile Hong Kong ltd Ordinary,,Purchase,"$1,001 - $15,000",8000.5,False,SELF,20000715,https://disclosures-clerk.house.gov/public_disc/ptr-pdfs/2014/20000715.pdf,af48c48ff800c3a4fcb6d9d9e57127d4b15d6f539b3dc3500823383138e927b4,0
S001148,Michael K. Simpson,house,Republican,ID02,HSAP06; HSAP07; HSAP10; House Committee on Appropriations,False,2014-03-17,2014-04-15,,Origin Energy ltd Ordinary Shares,,Sale,"$1,001 - $15,000",8000.5,False,SELF,20000715,https://disclosures-clerk.house.gov/public_disc/ptr-pdfs/2014/20000715.pdf,cc71ab45005b2187d18128855693aa47c36de574d0b24892d7717e63254da0e2,0
B001248,Michael C. Burgess,house,Republican,TX26,,False,2014-03-10,2014-04-14,PFE,"Pfizer, Inc.",,Sale,"$1,001 - $15,000",8000.5,False,SELF,20000708,https://disclosures-clerk.house.gov/public_disc/ptr-pdfs/2014/20000708.pdf,1099c7ead10ea98de673291326f7ccc90d6d093b33866577f47689c60ba6f6c9,0
B000574,Earl Blumenauer,house,Democrat,OR03,,False,2014-03-21,2014-04-14,NWN,type Date sP Northwest Natural gas Company,,Purchase,"$1,001 - $15,000",8000.5,False,SELF,20000710,https://disclosures-clerk.house.gov/public_disc/ptr-pdfs/2014/20000710.pdf,9b6122ef27068a00d6bf9b588d236d964ec75cb6ed7e4116f25c7ec53a056add,0
B000574,Earl Blumenauer,house,Democrat,OR03,,False,2014-03-21,2014-04-14,,Northwest Natural gas Company,,Purchase,"$1,001 - $15,000",8000.5,False,SP,20000710,https://disclosures-clerk.house.gov/public_disc/ptr-pdfs/2014/20000710.pdf,70c62d10fa19997f3e5a4c4740a5e628c51609c6e2d01e299d6dcb3e1b83cd12,0
B001248,Michael C. Burgess,house,Republican,TX26,,False,2014-03-10,2014-04-14,UPS,"united Parcel service, Inc.",,Sale,"$1,001 - $15,000",8000.5,False,SELF,20000708,https://disclosures-clerk.house.gov/public_disc/ptr-pdfs/2014/20000708.pdf,f204400ecf30ae950314012c2fa95bfbd0cff56d2e38b8435429ba818a14f0cf,0
B001248,Michael C. Burgess,house,Republican,TX26,,False,2014-03-10,2014-04-14,VZ,Verizon Communications Inc.,,Sale,"$1,001 - $15,000",8000.5,False,SELF,20000708,https://disclosures-clerk.house.gov/public_disc/ptr-pdfs/2014/20000708.pdf,1bbd19570b9ae41aff162f69a15335ce135bb8a0e1b1e6f675c589b7aa32cee0,0
B001248,Michael C. Burgess,house,Republican,TX26,,False,2014-03-10,2014-04-14,GE,general Electric Company,,Sale,"$1,001 - $15,000",8000.5,False,SELF,20000708,https://disclosures-clerk.house.gov/public_disc/ptr-pdfs/2014/20000708.pdf,88e0866b7fd38602607de19c31933558ce969a2e19fc3cd95454acfe34a07b4b,0
B001248,Michael C. Burgess,house,Republican,TX26,,False,2014-03-10,2014-04-14,MSFT,Microsoft Corporation,,Sale,"$1,001 - $15,000",8000.5,False,SELF,20000708,https://disclosures-clerk.house.gov/public_disc/ptr-pdfs/2014/20000708.pdf,cf224b57fa5f58a403374d472ee520d0ac91a15d445a6e7b8fc4ca980b4d9605,0
B001248,Michael C. Burgess,house,Republican,TX26,,False,2014-03-10,2014-04-14,MSFT,Microsoft Corporation,,Sale,"$1,001 - $15,000",8000.5,False,SELF,20000708,https://disclosures-clerk.house.gov/public_disc/ptr-pdfs/2014/20000708.pdf,cf224b57fa5f58a403374d472ee520d0ac91a15d445a6e7b8fc4ca980b4d9605,1
R000011,Nick J. Rahall,house,Democrat,WV03,,False,2014-03-14,2014-04-11,FB,"Facebook, Inc. - Class a",,Sale,"$1,001 - $15,000",8000.5,False,SELF,20000605,https://disclosures-clerk.house.gov/public_disc/ptr-pdfs/2014/20000605.pdf,958f3ccb62c13e822a4e1074036be8cd98d91f0e8d48084874ed8d18c2465dc6,0
F000461,Bill Flores,house,Republican,TX17,,False,2014-03-21,2014-04-10,,legacy Reserves lP - units Representing,,Purchase,"$100,001 - $250,000",175000.5,False,SELF,20000628,https://disclosures-clerk.house.gov/public_disc/ptr-pdfs/2014/20000628.pdf,0674b186989fb186278c34efd459d884351fcef73d8b3269cd8e5cd2a45d2d4f,0
F000461,Bill Flores,house,Republican,TX17,,False,2014-03-12,2014-04-10,SMLP,"summit Midstream Partners, lP Partner Interests",,Purchase,"$100,001 - $250,000",175000.5,False,SELF,20000628,https://disclosures-clerk.house.gov/public_disc/ptr-pdfs/2014/20000628.pdf,97f933ec7b064d5633adafe8d4830dcc19e0a23bb6a67ba192fbc7bab5c7868a,0
F000461,Bill Flores,house,Republican,TX17,,False,2014-03-11,2014-04-10,NMM,Navios Maritime Partners lP Common Interests,,Sale,"$50,001 - $100,000",75000.5,False,SELF,20000628,https://disclosures-clerk.house.gov/public_disc/ptr-pdfs/2014/20000628.pdf,1162e7161448e8e00adb9e0a69017f78eafa86488153b566a5519eddd5bc314c,0
F000461,Bill Flores,house,Republican,TX17,,False,2014-03-04,2014-04-10,NMM,Navios Maritime Partners lP Common Interests,,Sale,"$15,001 - $50,000",32500.5,False,SELF,20000628,https://disclosures-clerk.house.gov/public_disc/ptr-pdfs/2014/20000628.pdf,aa13f11fd66a958a1e00acd5524f05d9408808f33ac257aa2ec2e7cf424735f5,0
F000461,Bill Flores,house,Republican,TX17,,False,2014-03-21,2014-04-10,MWE,"MarkWest Energy Partners, lP Common units",,Sale,"$100,001 - $250,000",175000.5,False,SELF,20000628,https://disclosures-clerk.house.gov/public_disc/ptr-pdfs/2014/20000628.pdf,07fb0ee718625e47e9a89c826a0189970ec0739bb284bdeb83e02dab1d97349e,0
F000461,Bill Flores,house,Republican,TX17,,False,2014-03-04,2014-04-10,MWE,"MarkWest Energy Partners, lP Common units",,Purchase,"$100,001 - $250,000",175000.5,False,SELF,20000628,https://disclosures-clerk.house.gov/public_disc/ptr-pdfs/2014/20000628.pdf,809177e7625f39e143574b1f193ee390c77d2c2bdbc58d7bdc46d0198921dab6,0
F000461,Bill Flores,house,Republican,TX17,,False,2014-03-11,2014-04-10,LINE,"linn Energy, llC - Common units interests",,Purchase,"$50,001 - $100,000",75000.5,False,SELF,20000628,https://disclosures-clerk.house.gov/public_disc/ptr-pdfs/2014/20000628.pdf,b019c111f1a9b62637e61ba432b39ed3ff6b4fbb9822e0974831316e7d771254,0
F000461,Bill Flores,house,Republican,TX17,,False,2014-03-21,2014-04-10,LGCY,legacy Reserves lP - units Representing limited Partner Interests,,Purchase,"$100,001 - $250,000",175000.5,False,SELF,20000628,https://disclosures-clerk.house.gov/public_disc/ptr-pdfs/2014/20000628.pdf,35589079a432ec5ec7ad5eed70d78118b96364e64d46eabea4b8238b58c7ce12,0
F000461,Bill Flores,house,Republican,TX17,,False,2014-03-04,2014-04-10,,"EV Energy Partners, l.P. - common",,Sale,"$50,001 - $100,000",75000.5,False,SELF,20000628,https://disclosures-clerk.house.gov/public_disc/ptr-pdfs/2014/20000628.pdf,10a4aab8ae82814ee689fc32555293dc4be4bfa2f00558965329d8f485d4f519,0
F000461,Bill Flores,house,Republican,TX17,,False,2014-03-11,2014-04-10,,"linn Energy, llC - Common units",,Purchase,"$50,001 - $100,000",75000.5,False,SELF,20000628,https://disclosures-clerk.house.gov/public_disc/ptr-pdfs/2014/20000628.pdf,5e939890e49054dc8f38e11d9e33b1916cadb6ce5a1f44ef8a4941916f5e07b0,0
F000461,Bill Flores,house,Republican,TX17,,False,2014-03-04,2014-04-10,KMP,"Kinder Morgan Energy Partners, l.P.",,Sale,"$100,001 - $250,000",175000.5,False,SELF,20000628,https://disclosures-clerk.house.gov/public_disc/ptr-pdfs/2014/20000628.pdf,e60f7a63b5ba90f10a46efe76c908477e8fe0b90b8c388499d6497babace131b,1
F000461,Bill Flores,house,Republican,TX17,,False,2014-03-04,2014-04-10,EVEP,"EV Energy Partners, l.P. - common interest",,Sale,"$50,001 - $100,000",75000.5,False,SELF,20000628,https://disclosures-clerk.house.gov/public_disc/ptr-pdfs/2014/20000628.pdf,30dd2077281d49030e02dd55ed929e1daa1d06cdedbb45f28a5d1d7dcb8253aa,0
F000461,Bill Flores,house,Republican,TX17,,False,2014-03-04,2014-04-10,,"Kinder Morgan Energy Partners, l.P.",,Sale,"$100,001 - $250,000",175000.5,False,SELF,20000628,https://disclosures-clerk.house.gov/public_disc/ptr-pdfs/2014/20000628.pdf,e60f7a63b5ba90f10a46efe76c908477e8fe0b90b8c388499d6497babace131b,0
F000461,Bill Flores,house,Republican,TX17,,False,2014-03-11,2014-04-10,ACMP,"Type Date access Midstream Partners, l.P. Partner Interests",,Purchase,"$100,001 - $250,000",175000.5,False,SELF,20000628,https://disclosures-clerk.house.gov/public_disc/ptr-pdfs/2014/20000628.pdf,e0509716e167ac7840c8e73dfbf899edc288dd014ac945d20739e702d1bc7a5f,0
F000461,Bill Flores,house,Republican,TX17,,False,2014-03-12,2014-04-10,,"summit Midstream Partners, lP",,Purchase,"$100,001 - $250,000",175000.5,False,SELF,20000628,https://disclosures-clerk.house.gov/public_disc/ptr-pdfs/2014/20000628.pdf,0f875e42d4ed469970bb3496e63d16f13dec8d89d6a42fa216ce37c68213c551,0
F000461,Bill Flores,house,Republican,TX17,,False,2014-03-11,2014-04-10,,Navios Maritime Partners lP Common,,Sale,"$50,001 - $100,000",75000.5,False,SELF,20000628,https://disclosures-clerk.house.gov/public_disc/ptr-pdfs/2014/20000628.pdf,46c3cbaff0a2f2459d95a957472e2b90de19e8512397c1e38ac5c382d3888427,0
F000461,Bill Flores,house,Republican,TX17,,False,2014-03-04,2014-04-10,,Navios Maritime Partners lP Common,,Sale,"$15,001 - $50,000",32500.5,False,SELF,20000628,https://disclosures-clerk.house.gov/public_disc/ptr-pdfs/2014/20000628.pdf,be730446750abc3c659b2d085a1258541612e9e4ae37c6c56f0f965aa37453c4,0
F000461,Bill Flores,house,Republican,TX17,,False,2014-03-21,2014-04-10,,"MarkWest Energy Partners, lP Common",,Sale,"$100,001 - $250,000",175000.5,False,SELF,20000628,https://disclosures-clerk.house.gov/public_disc/ptr-pdfs/2014/20000628.pdf,33440e801875ce2d239665cea627a690df1ebf600bd11a0066126a603a9cd965,0
F000461,Bill Flores,house,Republican,TX17,,False,2014-03-04,2014-04-10,,"MarkWest Energy Partners, lP Common",,Purchase,"$100,001 - $250,000",175000.5,False,SELF,20000628,https://disclosures-clerk.house.gov/public_disc/ptr-pdfs/2014/20000628.pdf,2dbe127141ed067056cf3955df25b2de58b4e5c3d63abc9afa5437218ace0d61,0
F000461,Bill Flores,house,Republican,TX17,,False,2014-03-10,2014-04-10,ENLC,"Enlink Midstream, llC Common units",,Purchase,"$100,001 - $250,000",175000.5,False,SELF,20000628,https://disclosures-clerk.house.gov/public_disc/ptr-pdfs/2014/20000628.pdf,ff973462683744238ce31298ffcdfe5bca6deebe0fa1e0ebb18f0b19fe35f162,1
D000399,Lloyd Doggett,house,Democrat,TX35,HSWM02; HSWM04; HSWM06; House Committee on Ways and Means; House Committee on the Budget; Joint Committee on Taxation,False,2014-03-11,2014-04-10,,International Business Machines,,Purchase,"$1,001 - $15,000",8000.5,False,SELF,20000629,https://disclosures-clerk.house.gov/public_disc/ptr-pdfs/2014/20000629.pdf,29e087c85e1a510dbdb9614d5f2eeb163a18b6a1fb1cf237f0b85f2e0f979007,0
G000535,Luis V. Gutierrez,house,Democrat,IL04,,False,2014-03-31,2014-04-10,CMCSA,Comcast Corporation - Class a,,Sale,"$15,001 - $50,000",32500.5,False,JT,20000612,https://disclosures-clerk.house.gov/public_disc/ptr-pdfs/2014/20000612.pdf,f561df12c72d85ffd715fdfb5d8678d6af6cf059d6af27d067e8e96d2fc0033b,0
F000461,Bill Flores,house,Republican,TX17,,False,2014-03-11,2014-04-10,,"access Midstream Partners, l.P.",,Purchase,"$100,001 - $250,000",175000.5,False,SELF,20000628,https://disclosures-clerk.house.gov/public_disc/ptr-pdfs/2014/20000628.pdf,2452b2704bd809b6efd2718310f62454d2672a9a42cd67fd667664000e7d9507,0
F000461,Bill Flores,house,Republican,TX17,,False,2014-03-10,2014-04-10,,"Enlink Midstream, llC Common units",,Purchase,"$100,001 - $250,000",175000.5,False,SELF,20000628,https://disclosures-clerk.house.gov/public_disc/ptr-pdfs/2014/20000628.pdf,ff973462683744238ce31298ffcdfe5bca6deebe0fa1e0ebb18f0b19fe35f162,0
F000461,Bill Flores,house,Republican,TX17,,False,2014-03-05,2014-04-10,,Enterprise Products operating llC 7.0%,,Purchase,"$15,001 - $50,000",32500.5,False,SELF,20000628,https://disclosures-clerk.house.gov/public_disc/ptr-pdfs/2014/20000628.pdf,98c6616419468dc14527c10efac16179c3d15ffe85efc6425ffe8a442c456f35,0
D000399,Lloyd Doggett,house,Democrat,TX35,HSWM02; HSWM04; HSWM06; House Committee on Ways and Means; House Committee on the Budget; Joint Committee on Taxation,False,2014-03-11,2014-04-10,IBM,type Date International Business Machines Corporation,,Purchase,"$1,001 - $15,000",8000.5,False,SELF,20000629,https://disclosures-clerk.house.gov/public_disc/ptr-pdfs/2014/20000629.pdf,2683601d106b35fbc1b551abad99a5a4f0a96a77ffb22980ed1d6ccc680b4a49,0
F000461,Bill Flores,house,Republican,TX17,,False,2014-03-07,2014-04-10,,american Infrastructure MlP,,Purchase,"$15,001 - $50,000",32500.5,False,SELF,20000628,https://disclosures-clerk.house.gov/public_disc/ptr-pdfs/2014/20000628.pdf,7c980e31185c01443dee6720943eb8921a4579c152b1c650479f0ce2827866f1,0
M000404,Jim McDermott,house,Democrat,WA07,,False,2014-03-24,2014-04-10,,JPMorgan Chase,,Purchase,"$1,001 - $15,000",8000.5,False,SELF,20000626,https://disclosures-clerk.house.gov/public_disc/ptr-pdfs/2014/20000626.pdf,2b554daffddb282f84e1fd7bfeb9505c05d4ed9272b3c2abb3ab075a8dfd4af6,0
H001051,Richard L. Hanna,house,Republican,NY22,,False,2014-03-19,2014-04-09,GM,general Motors Company,,Sale,"$1,001 - $15,000",8000.5,False,SELF,20000617,https://disclosures-clerk.house.gov/public_disc/ptr-pdfs/2014/20000617.pdf,c34bb1860163b2695a1521aa6267f5f3bcf4b27fe47d7e6214779df7d2eadd3f,0
H001051,Richard L. Hanna,house,Republican,NY22,,False,2014-03-26,2014-04-09,GILD,"gilead Sciences, Inc.",,Purchase,"$15,001 - $50,000",32500.5,False,SELF,20000617,https://disclosures-clerk.house.gov/public_disc/ptr-pdfs/2014/20000617.pdf,1486a61275947f09f6b9365575217907cbaeb3b6384e14e3c1f733b9f6fb1788,0
H001051,Richard L. Hanna,house,Republican,NY22,,False,2014-03-27,2014-04-09,PNRA,Panera bread Company - Class A,,Sale,"$1,001 - $15,000",8000.5,False,SELF,20000617,https://disclosures-clerk.house.gov/public_disc/ptr-pdfs/2014/20000617.pdf,57acc06e92ba44fa1bb122676edba06dbc0aed470c56a6689a78010a7e9d3574,1
H001051,Richard L. Hanna,house,Republican,NY22,,False,2014-03-27,2014-04-09,UPS,"United Parcel Service, Inc.",,Sale,"$1,001 - $15,000",8000.5,False,SELF,20000617,https://disclosures-clerk.house.gov/public_disc/ptr-pdfs/2014/20000617.pdf,b4ad00994a820ae46bcb0c4b925ce81bb5d4d836072ea082d7f8a4904176e4c6,0
H001051,Richard L. Hanna,house,Republican,NY22,,False,2014-03-26,2014-04-09,,"Scripps Networks Interactive, Inc",,Purchase,"$50,001 - $100,000",75000.5,False,SELF,20000617,https://disclosures-clerk.house.gov/public_disc/ptr-pdfs/2014/20000617.pdf,ebdb948815971341ebd1a18c0e8f274bb83a479cf3f300a0954d9b9c7695b1ac,0
H001051,Richard L. Hanna,house,Republican,NY22,,False,2014-03-27,2014-04-09,,Panera bread Company - Class A,,Sale,"$1,001 - $15,000",8000.5,False,SELF,20000617,https://disclosures-clerk.house.gov/public_disc/ptr-pdfs/2014/20000617.pdf,57acc06e92ba44fa1bb122676edba06dbc0aed470c56a6689a78010a7e9d3574,0
H001051,Richard L. Hanna,house,Republican,NY22,,False,2014-03-21,2014-04-09,MRO,Marathon oil Corporation,,Sale,"$1,001 - $15,000",8000.5,False,SELF,20000617,https://disclosures-clerk.house.gov/public_disc/ptr-pdfs/2014/20000617.pdf,04f774024e7430ddf7eaf58ac7ee5b900a391b7be7ff9086a724aeff70c55ef1,0
H001051,Richard L. Hanna,house,Republican,NY22,,False,2014-03-12,2014-04-09,BIG,"big Lots, Inc.",,Sale,"$1,001 - $15,000",8000.5,False,SELF,20000617,https://disclosures-clerk.house.gov/public_disc/ptr-pdfs/2014/20000617.pdf,7c431e60feea4736d37333eaa061a5cb957913e4bb9e327c2286e671afd069f5,0
H001051,Richard L. Hanna,house,Republican,NY22,,False,2014-03-21,2014-04-09,DE,Deere & Company,,Sale,"$15,001 - $50,000",32500.5,False,SELF,20000617,https://disclosures-clerk.house.gov/public_disc/ptr-pdfs/2014/20000617.pdf,15dfc5de2729f689b39755878017c3c774322b376d3c0cf809deb4b8c7f09c28,0
H001051,Richard L. Hanna,house,Republican,NY22,,False,2014-03-26,2014-04-09,SNI,"Scripps Networks Interactive, Inc Common Class A",,Purchase,"$50,001 - $100,000",75000.5,False,SELF,20000617,https://disclosures-clerk.house.gov/public_disc/ptr-pdfs/2014/20000617.pdf,2c56ba01ce09fdb06a04d674f78373c61910e7045350b199ff862532707d2c1f,0
H001051,Richard L. Hanna,house,Republican,NY22,,False,2014-03-27,2014-04-09,AAPL,Apple Inc.,,Sale,"$1,001 - $15,000",8000.5,False,SELF,20000617,https://disclosures-clerk.house.gov/public_disc/ptr-pdfs/2014/20000617.pdf,8620b6a52917ccc48676c33ca1b0a6759dc3727393e657b4e870ca2ff87c4dac,0
H001051,Richard L. Hanna,house,Republican,NY22,,False,2014-03-21,2014-04-09,GM,general Motors Company,,Purchase,"$15,001 - $50,000",32500.5,False,SELF,20000617,https://disclosures-clerk.house.gov/public_disc/ptr-pdfs/2014/20000617.pdf,40f0f5bffe8f2a28733759d0adb4651b80de83f037bb3190069d6a7addf0419c,0
C001062,K. Michael Conaway,house,Republican,TX11,,False,2014-03-27,2014-04-09,,North Tex TW1 auth Proj 5.5%,,Purchase,"$50,001 - $100,000",75000.5,False,SP,20000621,https://disclosures-clerk.house.gov/public_disc/ptr-pdfs/2014/20000621.pdf,023946315889feafd16345477c1f0a9297fdbe71cbf097f5a4da65db6f40d700,0
C001062,K. Michael Conaway,house,Republican,TX11,,False,2014-03-27,2014-04-09,,austin Tex Cmnty College Dist Rev,,Sale,"$50,001 - $100,000",75000.5,False,SP,20000621,https://disclosures-clerk.house.gov/public_disc/ptr-pdfs/2014/20000621.pdf,d7658ceacceb8c5517d3e87a17c3fb4bdb675fc64430471dedb0d1f9b6efc892,0
F000451,Michael G. Fitzpatrick,house,Republican,PA08,,False,2014-03-20,2014-04-08,,Vodafone Group Plc - american,,Sale,"$1,001 - $15,000",8000.5,False,SELF,20000599,https://disclosures-clerk.house.gov/public_disc/ptr-pdfs/2014/20000599.pdf,e193c348469c2b88a044353a5ca4b9df2ce6a8bc39e452af6fac5f9c829c2b22,0
F000451,Michael G. Fitzpatrick,house,Republican,PA08,,False,2014-03-20,2014-04-08,VOD,Vodafone Group Plc - american Ordinary shares,,Sale,"$1,001 - $15,000",8000.5,False,SELF,20000599,https://disclosures-clerk.house.gov/public_disc/ptr-pdfs/2014/20000599.pdf,d6fca30770a154ee2ac08f0cd5e97687a70fde2569f5465f3b7a3ecc37fb95bd,0
F000451,Michael G. Fitzpatrick,house,Republican,PA08,,False,2014-03-20,2014-04-08,COV,Covidien plc. Ordinary shares,,Purchase,"$1,001 - $15,000",8000.5,False,SELF,20000599,https://disclosures-clerk.house.gov/public_disc/ptr-pdfs/2014/20000599.pdf,9fb380646c26458c2d6fd4f69f8e4d0a6222cde0b26e7910b46ea265afc1a2ac,0
H000636,Rubén Hinojosa,house,Democrat,TX15,,False,2014-03-05,2014-04-07,,susser Petroleum Partners lP Common,,Sale,"$1,001 - $15,000",8000.5,False,SP,20000611,https://disclosures-clerk.house.gov/public_disc/ptr-pdfs/2014/20000611.pdf,7e381ed3e20a2f78d772e058b13b41aecd03eaecb407f91505093324b96b925d,0
S000583,Lamar Smith,house,Republican,TX21,,False,2014-02-28,2014-04-07,FAST,Fastenal Company,,Purchase,"$1,001 - $15,000",8000.5,False,SELF,20000587,https://disclosures-clerk.house.gov/public_disc/ptr-pdfs/2014/20000587.pdf,ab069ee0cbb09e798763685caaaf0923fc6e5bdccc60e854abac7ac30a209e17,0
H000636,Rubén Hinojosa,house,Democrat,TX15,,False,2014-03-05,2014-04-07,SUSP,susser Petroleum Partners lP Common interests,,Sale,"$1,001 - $15,000",8000.5,False,DC,20000611,https://disclosures-clerk.house.gov/public_disc/ptr-pdfs/2014/20000611.pdf,f323ba37f5597d87dca45c5aa7c6dfbb392210dd7723e1868e2c6f1c840f6f00,0
H000636,Rubén Hinojosa,house,Democrat,TX15,,False,2014-03-05,2014-04-07,,susser Petroleum Partners lP Common,,Sale,"$1,001 - $15,000",8000.5,False,DC,20000611,https://disclosures-clerk.house.gov/public_disc/ptr-pdfs/2014/20000611.pdf,ca0e3c0f2480b38e257f754fba63cd79d6a881d51e5043f81ee2a2b77472f55e,0
H000636,Rubén Hinojosa,house,Democrat,TX15,,False,2014-03-04,2014-04-07,PRU,"Prudential Financial, Inc.",,Sale,"$1,001 - $15,000",8000.5,False,DC,20000611,https://disclosures-clerk.house.gov/public_disc/ptr-pdfs/2014/20000611.pdf,cb2e82b016ca45c24f1aa1209a2fd638936c62824eaeee1e9194aae3ac40766c,0
H000636,Rubén Hinojosa,house,Democrat,TX15,,False,2014-03-11,2014-04-07,MCD,McDonald's Corporation,,Sale,"$15,001 - $50,000",32500.5,False,DC,20000611,https://disclosures-clerk.house.gov/public_disc/ptr-pdfs/2014/20000611.pdf,80ba4ccd080a97ba3eec8871cbcaa2438e694a5b4a40bf476898022a5fedc400,0
H000636,Rubén Hinojosa,house,Democrat,TX15,,False,2014-03-11,2014-04-07,MCD,McDonald's Corporation,,Sale,"$1,001 - $15,000",8000.5,False,SP,20000611,https://disclosures-clerk.house.gov/public_disc/ptr-pdfs/2014/20000611.pdf,2f67b14d13f67305d03f7c3434f9606ea482505245ed87b2f268831314e86c1a,0
H000636,Rubén Hinojosa,house,Democrat,TX15,,False,2014-03-11,2014-04-07,MCD,McDonald's Corporation,,Sale,"$15,001 - $50,000",32500.5,False,SP,20000611,https://disclosures-clerk.house.gov/public_disc/ptr-pdfs/2014/20000611.pdf,9525ce3c426be342f20690c61cbde0b99eb7138420a02716a700a2772bdedd75,0
H000636,Rubén Hinojosa,house,Democrat,TX15,,False,2014-03-04,2014-04-07,FFG,"FBl Financial group, Inc.",,Sale,"$1,001 - $15,000",8000.5,False,SP,20000611,https://disclosures-clerk.house.gov/public_disc/ptr-pdfs/2014/20000611.pdf,2800944ca6d80f7e9bd77ae4b0e17d8a2d18200d7411c25d5620a8e83c82584a,0
H000636,Rubén Hinojosa,house,Democrat,TX15,,False,2014-03-05,2014-04-07,BAC,Bank of america Corporation,,Sale,"$1,001 - $15,000",8000.5,False,SP,20000611,https://disclosures-clerk.house.gov/public_disc/ptr-pdfs/2014/20000611.pdf,fd5b73531eae87d9b3858af2ffecc14d3a2abfd13314b5138dd860363a52b287,1
H000636,Rubén Hinojosa,house,Democrat,TX15,,False,2014-03-05,2014-04-07,BAC,Bank of america Corporation,,Sale,"$1,001 - $15,000",8000.5,False,SP,20000611,https://disclosures-clerk.house.gov/public_disc/ptr-pdfs/2014/20000611.pdf,fd5b73531eae87d9b3858af2ffecc14d3a2abfd13314b5138dd860363a52b287,0
H000636,Rubén Hinojosa,house,Democrat,TX15,,False,2014-03-05,2014-04-07,,susser Petroleum Partners lP Common,,Sale,"$1,001 - $15,000",8000.5,False,DC,20000611,https://disclosures-clerk.house.gov/public_disc/ptr-pdfs/2014/20000611.pdf,ca0e3c0f2480b38e257f754fba63cd79d6a881d51e5043f81ee2a2b77472f55e,1
H000636,Rubén Hinojosa,house,Democrat,TX15,,False,2014-03-05,2014-04-07,,susser Petroleum Partners lP Common,,Sale,"$1,001 - $15,000",8000.5,False,SP,20000611,https://disclosures-clerk.house.gov/public_disc/ptr-pdfs/2014/20000611.pdf,7e381ed3e20a2f78d772e058b13b41aecd03eaecb407f91505093324b96b925d,1
S000583,Lamar Smith,house,Republican,TX21,,False,2014-03-06,2014-04-07,G,genpact Limited,,Sale,"$1,001 - $15,000",8000.5,False,SELF,20000587,https://disclosures-clerk.house.gov/public_disc/ptr-pdfs/2014/20000587.pdf,aac1fa7e54c432d7e1481fb5ed9043a3c24c7987c957f18fb4ac538c32b79ee9,0
H000636,Rubén Hinojosa,house,Democrat,TX15,,False,2014-03-05,2014-04-07,SUSP,susser Petroleum Partners lP Common interests,,Sale,"$1,001 - $15,000",8000.5,False,SP,20000611,https://disclosures-clerk.house.gov/public_disc/ptr-pdfs/2014/20000611.pdf,bc2d2c4b4b544263df959458b8942d62d933f988f3ec3734bfec5048d5a4584f,0
S000583,Lamar Smith,house,Republican,TX21,,False,2014-03-11,2014-04-07,IDXX,"IdEXX Laboratories, Inc.",,Sale,"$1,001 - $15,000",8000.5,False,SELF,20000587,https://disclosures-clerk.house.gov/public_disc/ptr-pdfs/2014/20000587.pdf,fd6bb7916cc940515540a284589924e160c8cae6ba076fc89af1ff71cdcc8f30,0
S000583,Lamar Smith,house,Republican,TX21,,False,2014-03-05,2014-04-07,LOW,"Lowe's Companies, Inc.",,Purchase,"$1,001 - $15,000",8000.5,False,SELF,20000587,https://disclosures-clerk.house.gov/public_disc/ptr-pdfs/2014/20000587.pdf,707594f2e4978d626444723ecdde4269cba207d0becda0911b4086378745d329,0
H000636,Rubén Hinojosa,house,Democrat,TX15,,False,2014-03-05,2014-04-07,SUSP,susser Petroleum Partners lP Common interests,,Sale,"$1,001 - $15,000",8000.5,False,SP,20000611,https://disclosures-clerk.house.gov/public_disc/ptr-pdfs/2014/20000611.pdf,bc2d2c4b4b544263df959458b8942d62d933f988f3ec3734bfec5048d5a4584f,1
S000583,Lamar Smith,house,Republican,TX21,,False,2014-02-28,2014-04-07,MDVN,"Medivation, Inc.",,Purchase,"$1,001 - $15,000",8000.5,False,SELF,20000587,https://disclosures-clerk.house.gov/public_disc/ptr-pdfs/2014/20000587.pdf,ba897faceb9f4dfbcfcc1369aaf144ee13b9058ce7942bd4d2bb3a53f3b601ab,0
S000583,Lamar Smith,house,Republican,TX21,,False,2014-02-27,2014-04-07,RP,"RealPage, Inc.",,Sale,"$1,001 - $15,000",8000.5,False,SELF,20000587,https://disclosures-clerk.house.gov/public_disc/ptr-pdfs/2014/20000587.pdf,70fee555a048f9a9a53160d16273ecfd6c47344ec116a987f50f16728b4e5183,0
S000583,Lamar Smith,house,Republican,TX21,,False,2014-03-07,2014-04-07,SRCL,"Stericycle, Inc.",,Purchase,"$1,001 - $15,000",8000.5,False,SELF,20000587,https://disclosures-clerk.house.gov/public_disc/ptr-pdfs/2014/20000587.pdf,4298818285c537e97b7e431bd53a3b8cfe7cef81944103fb75a923afaacda45e,0
S000583,Lamar Smith,house,Republican,TX21,,False,2014-03-20,2014-04-07,SRCL,"Stericycle, Inc.",,Purchase,"$1,001 - $15,000",8000.5,False,SELF,20000587,https://disclosures-clerk.house.gov/public_disc/ptr-pdfs/2014/20000587.pdf,812ef091d0f699e33e12e2f06e033324d0916ddd01cba0de650210b6f1eb5361,0
S000583,Lamar Smith,house,Republican,TX21,,False,2014-02-27,2014-04-07,TCBI,"Texas Capital bancshares, Inc.",,Purchase,"$1,001 - $15,000",8000.5,False,SELF,20000587,https://disclosures-clerk.house.gov/public_disc/ptr-pdfs/2014/20000587.pdf,07973aea7b408e6e039d8c0a2e0efdf7618813ee23fac4246caa44af3f5f1c18,0
S000583,Lamar Smith,house,Republican,TX21,,False,2014-03-19,2014-04-07,VFC,V.F. Corporation,,Sale,"$1,001 - $15,000",8000.5,False,SELF,20000587,https://disclosures-clerk.house.gov/public_disc/ptr-pdfs/2014/20000587.pdf,cc02128017bdea3d563822863a3c0340679a88a8195f95223d5a765028ebe547,0
F000451,Michael G. Fitzpatrick,house,Republican,PA08,,False,2014-02-21,2014-04-05,,BlaCKRoCK GloBal alloCaTIoN,,Purchase,"$1,001 - $15,000",8000.5,False,SELF,20000420,https://disclosures-clerk.house.gov/public_disc/ptr-pdfs/2014/20000420.pdf,d20343144877d3413238e69001661fd57b11059add9bd7b90d04024b4344ae83,0
F000451,Michael G. Fitzpatrick,house,Republican,PA08,,False,2014-02-21,2014-04-05,CVX,Chevron Corporation,,Purchase,"$1,001 - $15,000",8000.5,False,SELF,20000420,https://disclosures-clerk.house.gov/public_disc/ptr-pdfs/2014/20000420.pdf,d45ca5100f02be0bf5bab9456cf34b5cd58ff0b9e6056f58fbaeb06cb3abf5dd,0
F000451,Michael G. Fitzpatrick,house,Republican,PA08,,False,2014-02-21,2014-04-05,XLU,sPDR select sector Fund - utilities,,Purchase,"$1,001 - $15,000",8000.5,False,SELF,20000420,https://disclosures-clerk.house.gov/public_disc/ptr-pdfs/2014/20000420.pdf,c4036eee2a1fba796235fd8e0188dc6d6c988791b80145832391de9de3ba2b09,1
F000451,Michael G. Fitzpatrick,house,Republican,PA08,,False,2014-02-21,2014-04-05,,FRaNKlIN FloaTING RaTE DaIlY,,Sale,"$1,001 - $15,000",8000.5,False,SELF,20000420,https://disclosures-clerk.house.gov/public_disc/ptr-pdfs/2014/20000420.pdf,69e53db163d8134b0c07792bf25e73c9cb839868febad1c8a665ced913cc997c,0
F000451,Michael G. Fitzpatrick,house,Republican,PA08,,False,2014-02-21,2014-04-05,,GolDMaN saCHs RIsING DIVIDEND,,Sale,"$15,001 - $50,000",32500.5,False,SELF,20000420,https://disclosures-clerk.house.gov/public_disc/ptr-pdfs/2014/20000420.pdf,f06cc5acdcc5a90f24f5fca287a625fe7a7465bd030c41110fcf34398c3e6ca6,0
F000451,Michael G. Fitzpatrick,house,Republican,PA08,,False,2014-02-21,2014-04-05,IVW,ishares s&P 500 Growth ETF,,Sale,"$15,001 - $50,000",32500.5,False,SELF,20000420,https://disclosures-clerk.house.gov/public_disc/ptr-pdfs/2014/20000420.pdf,463223a0ae3e6bdd65a422452f119fc412e304aed6b3af3598c6b654a327a975,0
F000451,Michael G. Fitzpatrick,house,Republican,PA08,,False,2014-02-21,2014-04-05,,MaINsTaY laRGE CaP GRoWTH,,Purchase,"$15,001 - $50,000",32500.5,False,SELF,20000420,https://disclosures-clerk.house.gov/public_disc/ptr-pdfs/2014/20000420.pdf,43836c6f08cc83b9c199770e3501e4cef241aa0a58b71da173d42677cd19b6f4,0
F000451,Michael G. Fitzpatrick,house,Republican,PA08,,False,2014-02-21,2014-04-05,,sPDR select sector Fund - utilities,,Purchase,"$1,001 - $15,000",8000.5,False,SELF,20000420,https://disclosures-clerk.house.gov/public_disc/ptr-pdfs/2014/20000420.pdf,c4036eee2a1fba796235fd8e0188dc6d6c988791b80145832391de9de3ba2b09,0
F000451,Michael G. Fitzpatrick,house,Republican,PA08,,False,2014-02-21,2014-04-05,WFC,Wells Fargo & Company,,Purchase,"$1,001 - $15,000",8000.5,False,SELF,20000420,https://disclosures-clerk.house.gov/public_disc/ptr-pdfs/2014/20000420.pdf,9be243b123efea58439a8bb6e163a8d570121af31b505b0da801df20bffed9d4,0
F000451,Michael G. Fitzpatrick,house,Republican,PA08,,False,2014-02-21,2014-04-05,TD,Toronto Dominion Bank,,Purchase,"$1,001 - $15,000",8000.5,False,SELF,20000420,https://disclosures-clerk.house.gov/public_disc/ptr-pdfs/2014/20000420.pdf,4fbabbc963916033fdba023cd2e01d7d69e3fe632b667d6d5c65030c8a9d3e04,0
M001182,Mick Mulvaney,house,Republican,SC05,,False,2014-03-28,2014-04-02,AMLP,Alerian MlP ETF,,Purchase,"$15,001 - $50,000",32500.5,False,JT,20000567,https://disclosures-clerk.house.gov/public_disc/ptr-pdfs/2014/20000567.pdf,f4911cfa54dcd94536e9b9a83cc9d004d97bd16420b39d50b6ec05415250ed6a,0
M001182,Mick Mulvaney,house,Republican,SC05,,False,2014-03-28,2014-04-02,AMLP,Alerian MlP ETF,,Purchase,"$15,001 - $50,000",32500.5,False,SELF,20000567,https://disclosures-clerk.house.gov/public_disc/ptr-pdfs/2014/20000567.pdf,122669617fd991628b61ec73b3a80a44c187ab09f262527de863c83f1faf9e88,0
H001051,Richard L. Hanna,house,Republican,NY22,,False,2014-02-21,2014-03-28,DE,deere & Company,,Sale,"$1,001 - $15,000",8000.5,False,JT,20000422,https://disclosures-clerk.house.gov/public_disc/ptr-pdfs/2014/20000422.pdf,bc5a94093721e17015ea38dd896f5a6028811e21d16193d74598fad5927ebb41,0
H001051,Richard L. Hanna,house,Republican,NY22,,False,2014-02-21,2014-03-28,QQQ,"PowerShares QQQ Trust, Series 1",,Purchase,"$1,001 - $15,000",8000.5,False,JT,20000422,https://disclosures-clerk.house.gov/public_disc/ptr-pdfs/2014/20000422.pdf,7e3e8ec539ac024d925897b644a45b7c15e65655b5e2bdbed7e0c319bb9ff203,0
H001051,Richard L. Hanna,house,Republican,NY22,,False,2014-02-14,2014-03-28,SNI,"Scripps Networks Interactive, Inc Common Class a",,Purchase,"$1,001 - $15,000",8000.5,False,SELF,20000422,https://disclosures-clerk.house.gov/public_disc/ptr-pdfs/2014/20000422.pdf,7ebe0546b5d66d7afa07b25911776f35efcd9311f33128f9d1ac8422eb8a40c8,0
H001051,Richard L. Hanna,house,Republican,NY22,,False,2014-02-26,2014-03-28,UPS,"United Parcel Service, Inc.",,Purchase,"$50,001 - $100,000",75000.5,False,SELF,20000422,https://disclosures-clerk.house.gov/public_disc/ptr-pdfs/2014/20000422.pdf,aea737dab5ede5de4793b4cf40bc1cc434a49efc9824aa1acd0e40f75c5a999f,0
H001051,Richard L. Hanna,house,Republican,NY22,,False,2014-02-14,2014-03-28,,"Scripps Networks Interactive, Inc",,Purchase,"$1,001 - $15,000",8000.5,False,SELF,20000422,https://disclosures-clerk.house.gov/public_disc/ptr-pdfs/2014/20000422.pdf,2686954aeb4c414cf643242efd6d09bbff6892a2081d5e769f772f753837aafe,0
H001051,Richard L. Hanna,house,Republican,NY22,,False,2014-02-26,2014-03-28,PPL,PP&L Corporation,,Sale,"$50,001 - $100,000",75000.5,False,SELF,20000422,https://disclosures-clerk.house.gov/public_disc/ptr-pdfs/2014/20000422.pdf,0769f1a4d8989a5fd954194cb68f26591391d3618627791f9f8e832dbeef8485,0
H001051,Richard L. Hanna,house,Republican,NY22,,False,2014-02-28,2014-03-28,AMZN,"amazon.com, Inc.",,Purchase,"$1,001 - $15,000",8000.5,False,SELF,20000422,https://disclosures-clerk.house.gov/public_disc/ptr-pdfs/2014/20000422.pdf,801c1e19bc3758e6214b5f68d3c7d6f5facdfbdb47674d63cd2dea66ff3767ea,0
H001051,Richard L. Hanna,house,Republican,NY22,,False,2014-02-28,2014-03-28,QQQ,"PowerShares QQQ Trust, Series 1",,Purchase,"$1,001 - $15,000",8000.5,False,SELF,20000422,https://disclosures-clerk.house.gov/public_disc/ptr-pdfs/2014/20000422.pdf,a9712cbf63d85a2feddc3ce03c1f904dc069a644995d0550573bfedc53a5d3f9,0
H001051,Richard L. Hanna,house,Republican,NY22,,False,2014-02-21,2014-03-28,MRO,Marathon oil Corporation,,Purchase,"$1,001 - $15,000",8000.5,False,JT,20000422,https://disclosures-clerk.house.gov/public_disc/ptr-pdfs/2014/20000422.pdf,4e972c34884a9d603a39bb1334290b36be89bba53e1d7e512ec7afe46a2a05dc,0
H001051,Richard L. Hanna,house,Republican,NY22,,False,2014-02-21,2014-03-28,LVS,Las Vegas Sands Corp.,,Sale,"$1,001 - $15,000",8000.5,False,SELF,20000422,https://disclosures-clerk.house.gov/public_disc/ptr-pdfs/2014/20000422.pdf,11bc461b581a0a91e695202bd33cebea8295a74d5949713975fb99e003dbe362,0
H001051,Richard L. Hanna,house,Republican,NY22,,False,2014-02-26,2014-03-28,GS,"goldman Sachs group, Inc.",,Purchase,"$15,001 - $50,000",32500.5,False,SELF,20000422,https://disclosures-clerk.house.gov/public_disc/ptr-pdfs/2014/20000422.pdf,9cd168912860b1e07ac157c2771213f4be1ea7c5519503e972442f0c052b83f1,0
H001051,Richard L. Hanna,house,Republican,NY22,,False,2014-02-26,2014-03-28,GS,"goldman Sachs group, Inc.",,Purchase,"$100,001 - $250,000",175000.5,False,SELF,20000422,https://disclosures-clerk.house.gov/public_disc/ptr-pdfs/2014/20000422.pdf,6f8d1f22cfbf6ea0ffc146bdcad55779a144ddb8bfd46353c951b1214ccd950c,0
H001051,Richard L. Hanna,house,Republican,NY22,,False,2014-02-21,2014-03-28,GILD,"gilead Sciences, Inc.",,Purchase,"$1,001 - $15,000",8000.5,False,SELF,20000422,https://disclosures-clerk.house.gov/public_disc/ptr-pdfs/2014/20000422.pdf,bd1b6d4b14ff3c9bce0ba40f09b6f65e4659433baedff1a74ff28a45e2eae95e,0
H001051,Richard L. Hanna,house,Republican,NY22,,False,2014-02-26,2014-03-28,GPS,"gap, Inc.",,Sale,"$50,001 - $100,000",75000.5,False,SELF,20000422,https://disclosures-clerk.house.gov/public_disc/ptr-pdfs/2014/20000422.pdf,a52df1fd0203d94a4b280fbc88edb558684af35c493d3ec443858ade1ec70e1f,0
O000170,Beto O'Rourke,house,Democrat,TX16,,False,2014-02-28,2014-03-24,,"DCP Midstream Partners, LP DCP",,Purchase,"$1,001 - $15,000",8000.5,False,SP,20000495,https://disclosures-clerk.house.gov/public_disc/ptr-pdfs/2014/20000495.pdf,857b2c3e4fc0b4cdba8d3b1593c5166c31c9cc9a1b61683e2994b4a540bf3ee7,0
O000170,Beto O'Rourke,house,Democrat,TX16,,False,2014-02-24,2014-03-24,KMI,"Kinder Morgan, Inc.",,Sale,"$1,001 - $15,000",8000.5,False,SP,20000495,https://disclosures-clerk.house.gov/public_disc/ptr-pdfs/2014/20000495.pdf,c1184e55bcc92e72d3519ab344fc81c23c70286de41041a4588f22c959fab76f,0
O000170,Beto O'Rourke,house,Democrat,TX16,,False,2014-02-28,2014-03-24,DPM,"type Date SP DCP Midstream Partners, LP DCP Units",,Purchase,"$1,001 - $15,000",8000.5,False,SELF,20000495,https://disclosures-clerk.house.gov/public_disc/ptr-pdfs/2014/20000495.pdf,36c131e9261eafce71d5244bd0b4f80709b37f7f67a85b2824fdb074c8a969eb,0
L000579,Alan S. Lowenthal,house,Democrat,CA47,,False,2014-02-03,2014-03-21,SWAY,Starwood Waypoint Residential Trust,,Purchase,"$1,001 - $15,000",8000.5,False,SP,20000501,https://disclosures-clerk.house.gov/public_disc/ptr-pdfs/2014/20000501.pdf,fce71e83a8610492b5a59687eb8a7edc630f0e690db55da6b8db5dfa68ce0a8c,1
L000579,Alan S. Lowenthal,house,Democrat,CA47,,False,2014-03-11,2014-03-21,,Regal Cinemas Corp gTD SR,,Sale,"$1,001 - $15,000",8000.5,False,SP,20000501,https://disclosures-clerk.house.gov/public_disc/ptr-pdfs/2014/20000501.pdf,de0319010caf6cacb15ec705e1d0b22bca4c9d9360d188567d0f0a460645a524,0
L000579,Alan S. Lowenthal,house,Democrat,CA47,,False,2014-02-03,2014-03-21,,Starwood Waypoint Residential Trust,,Purchase,"$1,001 - $15,000",8000.5,False,SP,20000501,https://disclosures-clerk.house.gov/public_disc/ptr-pdfs/2014/20000501.pdf,fce71e83a8610492b5a59687eb8a7edc630f0e690db55da6b8db5dfa68ce0a8c,0
S001148,Michael K. Simpson,house,Republican,ID02,HSAP06; HSAP07; HSAP10; House Committee on Appropriations,False,2014-02-05,2014-03-13,,leroy Seafood group asa Ordinary,,Sale,"$1,001 - $15,000",8000.5,False,JT,20000473,https://disclosures-clerk.house.gov/public_disc/ptr-pdfs/2014/20000473.pdf,965e4ff6d7fdcb9a3e4b46c6c4d50510c4721a13df91d95fb86e31c32dbc3729,0
S001148,Michael K. Simpson,house,Republican,ID02,HSAP06; HSAP07; HSAP10; House Committee on Appropriations,False,2014-02-05,2014-03-13,LYSFF,type Date JT leroy Seafood group asa Ordinary Shares,,Sale,"$1,001 - $15,000",8000.5,False,SELF,20000473,https://disclosures-clerk.house.gov/public_disc/ptr-pdfs/2014/20000473.pdf,169965719fa8a87fb14dd472bae6429421ab3a29213c29d3bcc96b893cf06a35,0
F000461,Bill Flores,house,Republican,TX17,,False,2014-02-05,2014-03-12,ADP,"automatic Data Processing, Inc.",,Purchase,"$1,001 - $15,000",8000.5,False,SELF,20000471,https://disclosures-clerk.house.gov/public_disc/ptr-pdfs/2014/20000471.pdf,d82ed5b8c34e813d23b05e9179a65258c3c24ead90e01564ceb0cccd094f03d0,0
R000011,Nick J. Rahall,house,Democrat,WV03,,False,2014-02-27,2014-03-12,CE,Celanese Corporation Celanese Corporation series a,,Sale,"$1,001 - $15,000",8000.5,False,SELF,20000456,https://disclosures-clerk.house.gov/public_disc/ptr-pdfs/2014/20000456.pdf,d6882fcd6a85d3b695e9cddac85ff593b4d930e79f786d2d5169afe862abfa46,0
F000461,Bill Flores,house,Republican,TX17,,False,2014-02-03,2014-03-12,,"Tortoise Pipeline & Energy Fund, Inc.",,Sale,"$100,001 - $250,000",175000.5,False,SELF,20000471,https://disclosures-clerk.house.gov/public_disc/ptr-pdfs/2014/20000471.pdf,880579002d41e12a7204c8cf79c7eed0e419b2256257ca957e186acc349a74d3,0
F000461,Bill Flores,house,Republican,TX17,,False,2014-02-05,2014-03-12,TGT,Target Corporation,,Purchase,"$1,001 - $15,000",8000.5,False,SELF,20000471,https://disclosures-clerk.house.gov/public_disc/ptr-pdfs/2014/20000471.pdf,817ce9c64141e05a7edcc3567c39ae4dbd2fe9e8c17f91887032648a26d57bf1,0
S000583,Lamar Smith,house,Republican,TX21,,False,2014-02-03,2014-03-12,NSR,"Neustar, Inc. Neustar, Inc. Class a",,Purchase,"$1,001 - $15,000",8000.5,False,SELF,20000406,https://disclosures-clerk.house.gov/public_disc/ptr-pdfs/2014/20000406.pdf,4f14c4255609cc0fd00393305cdc8b7bc850b23d640322c9a0326d512bd5ea74,1
S000583,Lamar Smith,house,Republican,TX21,,False,2014-02-06,2014-03-12,VFC,V.F. Corporation,,Sale,"$1,001 - $15,000",8000.5,False,SELF,20000406,https://disclosures-clerk.house.gov/public_disc/ptr-pdfs/2014/20000406.pdf,44a7b26855f173eae4c18d0bc9600063ae3f3526e42c204587dbb37c8034635c,0
F000461,Bill Flores,house,Republican,TX17,,False,2014-02-05,2014-03-12,BMY,Bristol-Myers squibb Company,,Sale,"$50,001 - $100,000",75000.5,False,SELF,20000471,https://disclosures-clerk.house.gov/public_disc/ptr-pdfs/2014/20000471.pdf,07575f56480bb1e7cad363c7c717fb71df70c8cdb713c5e5df9b1b093ff1ecbc,0
S000583,Lamar Smith,house,Republican,TX21,,False,2014-02-18,2014-03-12,P,"Pandora Media, Inc.",,Sale,"$1,001 - $15,000",8000.5,False,SELF,20000406,https://disclosures-clerk.house.gov/public_disc/ptr-pdfs/2014/20000406.pdf,1d65da92cfed0e80caa1814b88e85d83a603cbaf7889d4c63daee170617a1919,0
S000583,Lamar Smith,house,Republican,TX21,,False,2014-02-03,2014-03-12,,"Neustar, Inc. Neustar, Inc. Class a",,Purchase,"$1,001 - $15,000",8000.5,False,SELF,20000406,https://disclosures-clerk.house.gov/public_disc/ptr-pdfs/2014/20000406.pdf,4f14c4255609cc0fd00393305cdc8b7bc850b23d640322c9a0326d512bd5ea74,0
F000461,Bill Flores,house,Republican,TX17,,False,2014-02-05,2014-03-12,MMM,3M Company,,Purchase,"$1,001 - $15,000",8000.5,False,SELF,20000471,https://disclosures-clerk.house.gov/public_disc/ptr-pdfs/2014/20000471.pdf,601687f8f96f616d0f3ca273e427a52cbc3b5da165949e5cc4e4c9c64d0dffaf,0
F000461,Bill Flores,house,Republican,TX17,,False,2014-02-05,2014-03-12,ABT,abbott laboratories,,Purchase,"$1,001 - $15,000",8000.5,False,SELF,20000471,https://disclosures-clerk.house.gov/public_disc/ptr-pdfs/2014/20000471.pdf,172368c1a2e7070aec0169b057a361a090ebaafaaf0bf9c5f1e0e1f0e8abb4f7,0
F000461,Bill Flores,house,Republican,TX17,,False,2014-02-07,2014-03-12,APU,"amerigas Partners, l.P.",,Purchase,"$250,001 - $500,000",375000.5,False,SELF,20000471,https://disclosures-clerk.house.gov/public_disc/ptr-pdfs/2014/20000471.pdf,73e36afeb76fb964846f22a52ad278d37838be28b0e61a056d5983548766e8cc,0
F000461,Bill Flores,house,Republican,TX17,,False,2014-02-20,2014-03-12,APU,"amerigas Partners, l.P.",,Sale,"$250,001 - $500,000",375000.5,False,SELF,20000471,https://disclosures-clerk.house.gov/public_disc/ptr-pdfs/2014/20000471.pdf,46250cfed838a23dcfe45286879c41d4716a76e1b3353dff0079a0db758d23de,0
F000461,Bill Flores,house,Republican,TX17,,False,2014-02-05,2014-03-12,T,aT&T Inc.,,Purchase,"$1,001 - $15,000",8000.5,False,SELF,20000471,https://disclosures-clerk.house.gov/public_disc/ptr-pdfs/2014/20000471.pdf,c0ea9235e76537f4252c3670c39457412e2083f0e2050b2e5987554f5d919c50,0
F000461,Bill Flores,house,Republican,TX17,,False,2014-02-05,2014-03-12,PM,Philip Morris International Inc,,Purchase,"$1,001 - $15,000",8000.5,False,SELF,20000471,https://disclosures-clerk.house.gov/public_disc/ptr-pdfs/2014/20000471.pdf,66314f65ebbcf7d7e1cb40d41147634586e3e3b898ddf867a73d4ea0d049a862,0
F000461,Bill Flores,house,Republican,TX17,,False,2014-02-03,2014-03-12,MIE,"Cohen & steers MlP Income and Energy opportunity Fund, Inc.",,Sale,"$100,001 - $250,000",175000.5,False,SELF,20000471,https://disclosures-clerk.house.gov/public_disc/ptr-pdfs/2014/20000471.pdf,23cafea74ab5c5cfe35108d660d52abb671c88bbffb3e675b68a447e544c6289,0
F000461,Bill Flores,house,Republican,TX17,,False,2014-02-05,2014-03-12,,"TPH Partners II, l.P.",,Purchase,"$15,001 - $50,000",32500.5,False,SELF,20000471,https://disclosures-clerk.house.gov/public_disc/ptr-pdfs/2014/20000471.pdf,8b106b2cc2d0a5b7969ed4cc4a9aa9fc8f678cdff6998be0dddb4ba1142d2f4c,0
F000461,Bill Flores,house,Republican,TX17,,False,2014-02-05,2014-03-12,,"TPH Partners, l.P.",,Purchase,"$1,001 - $15,000",8000.5,False,SELF,20000471,https://disclosures-clerk.house.gov/public_disc/ptr-pdfs/2014/20000471.pdf,1a1e3986aff43d8323e2751f7e5119ec9b84d2e679fdace47f0c814d977f72ad,0
F000461,Bill Flores,house,Republican,TX17,,False,2014-02-03,2014-03-12,TTP,"Tortoise Pipeline & Energy Fund, Inc.",,Sale,"$100,001 - $250,000",175000.5,False,SELF,20000471,https://disclosures-clerk.house.gov/public_disc/ptr-pdfs/2014/20000471.pdf,880579002d41e12a7204c8cf79c7eed0e419b2256257ca957e186acc349a74d3,1
F000461,Bill Flores,house,Republican,TX17,,False,2014-02-03,2014-03-12,JMF,Nuveen Energy MlP Total Return Fund,,Sale,"$100,001 - $250,000",175000.5,False,SELF,20000471,https://disclosures-clerk.house.gov/public_disc/ptr-pdfs/2014/20000471.pdf,ecb1d459d0d1ead73f23bc810d4c0ec5601e2660e14928b6157cbda7ea1a06ca,1
F000461,Bill Flores,house,Republican,TX17,,False,2014-02-03,2014-03-12,NML,Neuberger Berman MlP Income Fund Inc.,,Sale,"$100,001 - $250,000",175000.5,False,SELF,20000471,https://disclosures-clerk.house.gov/public_disc/ptr-pdfs/2014/20000471.pdf,a9d782ae5af7738bc985caff83e7c0430c207ce332654c26dd9e060f65fb81a0,0
F000461,Bill Flores,house,Republican,TX17,,False,2014-02-26,2014-03-12,NMM,Navios Maritime Partners lP Common Interests,,Purchase,"$100,001 - $250,000",175000.5,False,SELF,20000471,https://disclosures-clerk.house.gov/public_disc/ptr-pdfs/2014/20000471.pdf,e2a3dc75c6affe0763817818294cfeacbca4981846032a0f6d948216e8e4841a,0
F000461,Bill Flores,house,Republican,TX17,,False,2014-02-11,2014-03-12,NMM,Navios Maritime Partners lP Common Interests,,Purchase,"$250,001 - $500,000",375000.5,False,SELF,20000471,https://disclosures-clerk.house.gov/public_disc/ptr-pdfs/2014/20000471.pdf,4d7c52d43e06036cf0c31db149cb575a83211a7d80a92ce4e71dca4d9616e726,0
F000461,Bill Flores,house,Republican,TX17,,False,2014-02-20,2014-03-12,NMM,Navios Maritime Partners lP Common Interests,,Sale,"$250,001 - $500,000",375000.5,False,SELF,20000471,https://disclosures-clerk.house.gov/public_disc/ptr-pdfs/2014/20000471.pdf,bb9c534f34d81bc4ce2820f84361fa3237767b4cc87ccc139c427768a3fdbda8,0
F000461,Bill Flores,house,Republican,TX17,,False,2014-02-24,2014-03-12,KMP,"Type Date Kinder Morgan Energy Partners, l.P.",,Purchase,"$250,001 - $500,000",375000.5,False,SELF,20000471,https://disclosures-clerk.house.gov/public_disc/ptr-pdfs/2014/20000471.pdf,d56045aaaa0ab82439f4f06d0a1a43e7024b8532c642d39b05c693fa4309cd53,0
F000461,Bill Flores,house,Republican,TX17,,False,2014-02-05,2014-03-12,IBM,International Business Machines Corporation,,Purchase,"$1,001 - $15,000",8000.5,False,SELF,20000471,https://disclosures-clerk.house.gov/public_disc/ptr-pdfs/2014/20000471.pdf,3cb652c538ac2f687d529a20033f7ee7fba93baa937e719745fcf640a1fdce58,0
F000461,Bill Flores,house,Republican,TX17,,False,2014-02-03,2014-03-12,FEI,First Trust MlP and Energy Income Interest,,Sale,"$100,001 - $250,000",175000.5,False,SELF,20000471,https://disclosures-clerk.house.gov/public_disc/ptr-pdfs/2014/20000471.pdf,e0b3290a2cfda484728760dda055cdaf74457a23bd60cde4392bc44458fe559c,0
F000461,Bill Flores,house,Republican,TX17,,False,2014-02-21,2014-03-12,EVEP,"EV Energy Partners, l.P. - common interest",,Purchase,"$100,001 - $250,000",175000.5,False,SELF,20000471,https://disclosures-clerk.house.gov/public_disc/ptr-pdfs/2014/20000471.pdf,5d399e48f5a2a09b7001316121488278d8f02873320f0f9324f38decdaa6b88c,0
F000461,Bill Flores,house,Republican,TX17,,False,2014-02-05,2014-03-12,DD,E.I. du Pont de Nemours and Company,,Sale,"$50,001 - $100,000",75000.5,False,SELF,20000471,https://disclosures-clerk.house.gov/public_disc/ptr-pdfs/2014/20000471.pdf,91fe18af794d7e11de79f8241f84feb25a115d2ad66f0a78cf56f0b9851ee62e,1
R000011,Nick J. Rahall,house,Democrat,WV03,,False,2014-02-03,2014-03-12,CE,Celanese Corporation Celanese Corporation series a,,Purchase,"$1,001 - $15,000",8000.5,False,SELF,20000456,https://disclosures-clerk.house.gov/public_disc/ptr-pdfs/2014/20000456.pdf,08591324a947bca9d632d24ff6928fc57ab4b0092e674b98dd9afa4ea28247b4,0
F000461,Bill Flores,house,Republican,TX17,,False,2014-02-03,2014-03-12,CBA,ClearBridge american Energy MlP Fund Inc.,,Sale,"$250,001 - $500,000",375000.5,False,SELF,20000471,https://disclosures-clerk.house.gov/public_disc/ptr-pdfs/2014/20000471.pdf,7d0c1195568e0b899e5c7692ba01ec5032932957a415f35d37dce54ddca65995,0
F000461,Bill Flores,house,Republican,TX17,,False,2014-02-03,2014-03-12,CEN,Center Coast MlP & Infrastructure Interest,,Sale,"$100,001 - $250,000",175000.5,False,SELF,20000471,https://disclosures-clerk.house.gov/public_disc/ptr-pdfs/2014/20000471.pdf,437e33c19773f542c92b6bf4d0196813fbca1d6c3e7534c70bc730b2dc7f7b18,0
F000461,Bill Flores,house,Republican,TX17,,False,2014-02-05,2014-03-12,WMB,"Williams Companies, Inc.",,Purchase,"$1,001 - $15,000",8000.5,False,SELF,20000471,https://disclosures-clerk.house.gov/public_disc/ptr-pdfs/2014/20000471.pdf,10c29e45647f80263d40608ad5542fa3eea1e9115a2edf666c9af79947e59ad8,0
R000011,Nick J. Rahall,house,Democrat,WV03,,False,2014-02-24,2014-03-12,CE,Celanese Corporation Celanese Corporation series a,,Sale,"$1,001 - $15,000",8000.5,False,SELF,20000456,https://disclosures-clerk.house.gov/public_disc/ptr-pdfs/2014/20000456.pdf,ccbfe7a2fb4552649adf3fb071fd0da37fffb064bb0779f1049de9428fbc9289,0
F000461,Bill Flores,house,Republican,TX17,,False,2014-02-05,2014-03-12,OKE,"oNEoK, Inc.",,Purchase,"$1,001 - $15,000",8000.5,False,SELF,20000471,https://disclosures-clerk.house.gov/public_disc/ptr-pdfs/2014/20000471.pdf,a59aa021b2149a197383e48b157eedf9c3159ca7a6e8dc5a65806227f004a1f5,0
R000011,Nick J. Rahall,house,Democrat,WV03,,False,2014-02-11,2014-03-12,CNQ,Canadian Natural Resources limited,,Sale,"$1,001 - $15,000",8000.5,False,SELF,20000456,https://disclosures-clerk.house.gov/public_disc/ptr-pdfs/2014/20000456.pdf,c73f8cf4e781f7d3dd9b773337c9943c8debacf5603a1d7f5fd27d9d37b0a57f,1
S000583,Lamar Smith,house,Republican,TX21,,False,2014-01-30,2014-03-12,AAPL,apple Inc.,,Sale,"$1,001 - $15,000",8000.5,False,SELF,20000406,https://disclosures-clerk.house.gov/public_disc/ptr-pdfs/2014/20000406.pdf,21d90654d7b15065d7a9a0906cd4e8c08ab84e17211f18b1e00585aefa7b6438,0
F000461,Bill Flores,house,Republican,TX17,,False,2014-02-05,2014-03-12,,E.I. du Pont de Nemours and Company,,Sale,"$50,001 - $100,000",75000.5,False,SELF,20000471,https://disclosures-clerk.house.gov/public_disc/ptr-pdfs/2014/20000471.pdf,91fe18af794d7e11de79f8241f84feb25a115d2ad66f0a78cf56f0b9851ee62e,0
F000461,Bill Flores,house,Republican,TX17,,False,2014-02-05,2014-03-12,CL,Colgate-Palmolive Company,,Purchase,"$1,001 - $15,000",8000.5,False,SELF,20000471,https://disclosures-clerk.house.gov/public_disc/ptr-pdfs/2014/20000471.pdf,7144e93a2b319c296f7b18058ce8f7f4ff362fa033c6a84d6ce1ce94d31f4281,0
F000461,Bill Flores,house,Republican,TX17,,False,2014-02-03,2014-03-12,,Cohen & steers MlP Income and,,Sale,"$100,001 - $250,000",175000.5,False,SELF,20000471,https://disclosures-clerk.house.gov/public_disc/ptr-pdfs/2014/20000471.pdf,e65c243140060b0de4cc69c4dff28d6255192c82f673cc4d2af579d299a2f534,0
F000461,Bill Flores,house,Republican,TX17,,False,2014-02-03,2014-03-12,,ClearBridge american Energy MlP,,Sale,"$250,001 - $500,000",375000.5,False,SELF,20000471,https://disclosures-clerk.house.gov/public_disc/ptr-pdfs/2014/20000471.pdf,e6fe15ef42f0f3437c7f2a2c5f9aebe8fca19e83de684dea2eb71c3cb4c65f93,0
F000461,Bill Flores,house,Republican,TX17,,False,2014-02-03,2014-03-12,,Center Coast MlP & Infrastructure,,Sale,"$100,001 - $250,000",175000.5,False,SELF,20000471,https://disclosures-clerk.house.gov/public_disc/ptr-pdfs/2014/20000471.pdf,187887c2c1ac99fbe771f7a5a7e1da52e24ea8b9e345c409b50316d18db1c2cc,0
F000461,Bill Flores,house,Republican,TX17,,False,2014-02-05,2014-03-12,OGS,"oNE gas, Inc.",,Sale,"$1,001 - $15,000",8000.5,False,SELF,20000471,https://disclosures-clerk.house.gov/public_disc/ptr-pdfs/2014/20000471.pdf,a5a0b824e6fbdac42dd26b8aee2cecc30d87462f2fb9e99189381041c37f9894,0
S000583,Lamar Smith,house,Republican,TX21,,False,2014-02-03,2014-03-12,ALOG,analogic Corporation,,Purchase,"$1,001 - $15,000",8000.5,False,SELF,20000406,https://disclosures-clerk.house.gov/public_disc/ptr-pdfs/2014/20000406.pdf,5afc89b31f307c1c21c541d2e076d1464daa450a1fc0c768a201b421b0d59b33,0
S000583,Lamar Smith,house,Republican,TX21,,False,2014-02-03,2014-03-12,COV,Covidien plc. ordinary Shares,,Purchase,"$1,001 - $15,000",8000.5,False,SELF,20000406,https://disclosures-clerk.house.gov/public_disc/ptr-pdfs/2014/20000406.pdf,a48a47b0ced6f779e178e3581dfad15cfe781dc49a44047ecb71d1dc8c1d29b9,0
R000011,Nick J. Rahall,house,Democrat,WV03,,False,2014-02-10,2014-03-12,WFC,Wells Fargo & Company,,Sale,"$1,001 - $15,000",8000.5,False,SELF,20000456,https://disclosures-clerk.house.gov/public_disc/ptr-pdfs/2014/20000456.pdf,41d5967ba8fa072eb2d80298f63950d0079aa7eff97d3d66d7c288c972665634,0
S000583,Lamar Smith,house,Republican,TX21,,False,2014-02-05,2014-03-12,EBAY,ebay Inc.,,Sale,"$1,001 - $15,000",8000.5,False,SELF,20000406,https://disclosures-clerk.house.gov/public_disc/ptr-pdfs/2014/20000406.pdf,70320acf16f6ed40fb153b016ce835bfdafe0621d5f805d957e4d70566a37d32,0
S000583,Lamar Smith,house,Republican,TX21,,False,2014-02-19,2014-03-12,EBAY,ebay Inc.,,Sale,"$1,001 - $15,000",8000.5,False,SELF,20000406,https://disclosures-clerk.house.gov/public_disc/ptr-pdfs/2014/20000406.pdf,b90b6889857e83316e0f15332bc8318507423220a2a08f32ed000b7d466e8a88,0
S000583,Lamar Smith,house,Republican,TX21,,False,2014-02-06,2014-03-12,FAST,Fastenal Company,,Purchase,"$1,001 - $15,000",8000.5,False,SELF,20000406,https://disclosures-clerk.house.gov/public_disc/ptr-pdfs/2014/20000406.pdf,02c182e0759c0db287cd0f65b083b9ba71e76bf132825c457a1722c900fe4866,0
S000583,Lamar Smith,house,Republican,TX21,,False,2014-02-10,2014-03-12,FOSL,"Fossil group, Inc.",,Purchase,"$1,001 - $15,000",8000.5,False,SELF,20000406,https://disclosures-clerk.house.gov/public_disc/ptr-pdfs/2014/20000406.pdf,adc5a0635562fd6dd0f0021b19476fa126bc3f868640110c7758efa315bb05d3,0
S000583,Lamar Smith,house,Republican,TX21,,False,2014-02-13,2014-03-12,G,genpact Limited,,Sale,"$1,001 - $15,000",8000.5,False,SELF,20000406,https://disclosures-clerk.house.gov/public_disc/ptr-pdfs/2014/20000406.pdf,7789c0bd75474747b688d4a454fb753082d3f6f81c537909a69e1f11e575762c,0
S000583,Lamar Smith,house,Republican,TX21,,False,2014-02-06,2014-03-12,GILD,"gilead Sciences, Inc.",,Purchase,"$1,001 - $15,000",8000.5,False,SELF,20000406,https://disclosures-clerk.house.gov/public_disc/ptr-pdfs/2014/20000406.pdf,c34465bfcca9e416ca42d3e86725301fc09781eadd9d3db48ee019fa91aabdcc,0
S000583,Lamar Smith,house,Republican,TX21,,False,2014-02-18,2014-03-12,IDXX,"IdEXX Laboratories, Inc.",,Sale,"$1,001 - $15,000",8000.5,False,SELF,20000406,https://disclosures-clerk.house.gov/public_disc/ptr-pdfs/2014/20000406.pdf,28e59a1db4901297b8f22706e3dfd4c5c4ba5fa61e4b667c5a051e951683f758,0
F000461,Bill Flores,house,Republican,TX17,,False,2014-02-05,2014-03-12,LLY,Eli lilly and Company,,Purchase,"$1,001 - $15,000",8000.5,False,SELF,20000471,https://disclosures-clerk.house.gov/public_disc/ptr-pdfs/2014/20000471.pdf,ce139f778fe890afc18838b3f0f09bfd580781aaa4391f0b99931a447551da60,0
F000461,Bill Flores,house,Republican,TX17,,False,2014-02-27,2014-03-12,,"Energy Transfer Partners, l.P. FRN 01",,Purchase,"$15,001 - $50,000",32500.5,False,SELF,20000471,https://disclosures-clerk.house.gov/public_disc/ptr-pdfs/2014/20000471.pdf,a02b368af8cd8565b1f4fc08b2b9d515b3d6a7a2882cd1ba2c79302b75c7d41e,0
F000461,Bill Flores,house,Republican,TX17,,False,2014-02-21,2014-03-12,,"EV Energy Partners, l.P. - common",,Purchase,"$100,001 - $250,000",175000.5,False,SELF,20000471,https://disclosures-clerk.house.gov/public_disc/ptr-pdfs/2014/20000471.pdf,abce3a7fa83f43886a54d3927bda26fde0412c2f25d9a08a908ecf57f87ebb67,0
F000461,Bill Flores,house,Republican,TX17,,False,2014-02-03,2014-03-12,,First Trust MlP and Energy Income,,Sale,"$100,001 - $250,000",175000.5,False,SELF,20000471,https://disclosures-clerk.house.gov/public_disc/ptr-pdfs/2014/20000471.pdf,ff491d2d5033facbbcf38798ca65081aa5df2c39784750763785f77b07b047fa,0
F000461,Bill Flores,house,Republican,TX17,,False,2014-02-03,2014-03-12,,Nuveen Energy MlP Total Return Fund,,Sale,"$100,001 - $250,000",175000.5,False,SELF,20000471,https://disclosures-clerk.house.gov/public_disc/ptr-pdfs/2014/20000471.pdf,ecb1d459d0d1ead73f23bc810d4c0ec5601e2660e14928b6157cbda7ea1a06ca,0
F000461,Bill Flores,house,Republican,TX17,,False,2014-02-03,2014-03-12,,Neuberger Berman MlP Income Fund,,Sale,"$100,001 - $250,000",175000.5,False,SELF,20000471,https://disclosures-clerk.house.gov/public_disc/ptr-pdfs/2014/20000471.pdf,49829bdd93fa0868956a223225c9c3c31ae2fb79082cbe59c6bf26cf5c28fb4c,0
F000461,Bill Flores,house,Republican,TX17,,False,2014-02-26,2014-03-12,,Navios Maritime Partners lP Common,,Purchase,"$100,001 - $250,000",175000.5,False,SELF,20000471,https://disclosures-clerk.house.gov/public_disc/ptr-pdfs/2014/20000471.pdf,f5c6de902acdda58433d870b7355959d393e5bad1a4b7b715da65f62aef56d16,0
F000461,Bill Flores,house,Republican,TX17,,False,2014-02-11,2014-03-12,,Navios Maritime Partners lP Common,,Purchase,"$250,001 - $500,000",375000.5,False,SELF,20000471,https://disclosures-clerk.house.gov/public_disc/ptr-pdfs/2014/20000471.pdf,c8e06da273d9eb6c246fa0d4378fa41f5c007f7337e797eb9e750b92b56fd5ee,0
F000461,Bill Flores,house,Republican,TX17,,False,2014-02-20,2014-03-12,,Navios Maritime Partners lP Common,,Sale,"$250,001 - $500,000",375000.5,False,SELF,20000471,https://disclosures-clerk.house.gov/public_disc/ptr-pdfs/2014/20000471.pdf,bd032291bf0adc75cc6baf3e450d376910d6b20f70f501a0e935009bdfa18bf7,0
F000461,Bill Flores,house,Republican,TX17,,False,2014-02-05,2014-03-12,MCD,McDonald's Corporation,,Purchase,"$1,001 - $15,000",8000.5,False,SELF,20000471,https://disclosures-clerk.house.gov/public_disc/ptr-pdfs/2014/20000471.pdf,89aa2669daf76f73f3ab678fb7ac9f9d1b2c3db966168e3f5c86a3164ff2ff73,0
F000461,Bill Flores,house,Republican,TX17,,False,2014-02-05,2014-03-12,MA,Mastercard Incorporated,,Purchase,"$1,001 - $15,000",8000.5,False,SELF,20000471,https://disclosures-clerk.house.gov/public_disc/ptr-pdfs/2014/20000471.pdf,488b8c8cf60b9e43516ba6d08e317b77a7e549db6e9f4ede200f4b6b35900f82,0
F000461,Bill Flores,house,Republican,TX17,,False,2014-02-05,2014-03-12,LMT,lockheed Martin Corporation,,Purchase,"$1,001 - $15,000",8000.5,False,SELF,20000471,https://disclosures-clerk.house.gov/public_disc/ptr-pdfs/2014/20000471.pdf,69c88452b247d77409dbde457d4da657fd340168bf32c9044fe82ea7bb6afd95,0
F000461,Bill Flores,house,Republican,TX17,,False,2014-02-20,2014-03-12,KMI,"Kinder Morgan, Inc.",,Sale,"$250,001 - $500,000",375000.5,False,SELF,20000471,https://disclosures-clerk.house.gov/public_disc/ptr-pdfs/2014/20000471.pdf,a35998b303256a7c7f0a50bd244e608ce4cd5f800a79eadc282b805ba1c367cc,0
F000461,Bill Flores,house,Republican,TX17,,False,2014-02-07,2014-03-12,KMI,"Kinder Morgan, Inc.",,Purchase,"$250,001 - $500,000",375000.5,False,SELF,20000471,https://disclosures-clerk.house.gov/public_disc/ptr-pdfs/2014/20000471.pdf,aacf42db46d8a8334ac02d540db75b241d2f51247039fc5a62eba64e50a4bf0f,0
F000461,Bill Flores,house,Republican,TX17,,False,2014-02-24,2014-03-12,,"Kinder Morgan Energy Partners, l.P.",,Purchase,"$250,001 - $500,000",375000.5,False,SELF,20000471,https://disclosures-clerk.house.gov/public_disc/ptr-pdfs/2014/20000471.pdf,ffa74aa93f0d07b7add1ee40bd2ffff9b4d9e46b75ffaf82f0d6f9349c86ace3,0
F000461,Bill Flores,house,Republican,TX17,,False,2014-02-05,2014-03-12,JNJ,Johnson & Johnson,,Purchase,"$1,001 - $15,000",8000.5,False,SELF,20000471,https://disclosures-clerk.house.gov/public_disc/ptr-pdfs/2014/20000471.pdf,dce5afc807ff8f29c72f3cd98b1602f1a7ff2dabf10cec669be44566d0b50d51,0
F000461,Bill Flores,house,Republican,TX17,,False,2014-02-05,2014-03-12,,International Business Machines,,Purchase,"$1,001 - $15,000",8000.5,False,SELF,20000471,https://disclosures-clerk.house.gov/public_disc/ptr-pdfs/2014/20000471.pdf,48b28738b7b25133070b7a736c3733d5ac78bb67ac526d0dd64a13559406d0d6,0
F000461,Bill Flores,house,Republican,TX17,,False,2014-02-05,2014-03-12,INTC,Intel Corporation,,Purchase,"$1,001 - $15,000",8000.5,False,SELF,20000471,https://disclosures-clerk.house.gov/public_disc/ptr-pdfs/2014/20000471.pdf,975001c5bafceed7933926a755b35c4e42652959c9fafac3152e5982fb1278a6,0
F000461,Bill Flores,house,Republican,TX17,,False,2014-02-05,2014-03-12,GIS,"general Mills, Inc.",,Purchase,"$1,001 - $15,000",8000.5,False,SELF,20000471,https://disclosures-clerk.house.gov/public_disc/ptr-pdfs/2014/20000471.pdf,36e2223e370ba65531cf48c709ce381f0d4816b4f900a49a74561c6c7f0312c3,0
S000583,Lamar Smith,house,Republican,TX21,,False,2014-02-25,2014-03-12,IPGP,IPg Photonics Corporation,,Purchase,"$1,001 - $15,000",8000.5,False,SELF,20000406,https://disclosures-clerk.house.gov/public_disc/ptr-pdfs/2014/20000406.pdf,4e8763e42ac9c20401b4b14f484f69c690a613e4e0a544b70d73c32b336f9693,0
S000583,Lamar Smith,house,Republican,TX21,,False,2014-02-11,2014-03-12,LPLA,LPL Financial Holdings Inc.,,Sale,"$1,001 - $15,000",8000.5,False,SELF,20000406,https://disclosures-clerk.house.gov/public_disc/ptr-pdfs/2014/20000406.pdf,c81a9009311f564e286f3fe05da9b20efe47011849f9923b00316736a9574b14,0
S000583,Lamar Smith,house,Republican,TX21,,False,2014-01-29,2014-03-12,SWI,"Solarwinds, Inc.",,Sale,"$1,001 - $15,000",8000.5,False,SELF,20000406,https://disclosures-clerk.house.gov/public_disc/ptr-pdfs/2014/20000406.pdf,f73acd89928a9e28b2d7a36e5350376bb6bbf9178d88389f71942516053405e7,0
R000011,Nick J. Rahall,house,Democrat,WV03,,False,2014-02-10,2014-03-12,AGU,agrium Inc.,,Sale,"$1,001 - $15,000",8000.5,False,SELF,20000456,https://disclosures-clerk.house.gov/public_disc/ptr-pdfs/2014/20000456.pdf,b86c28338390a3078f08784ddcdbf79cfba91bc46bf4ce23c77f7da4df6a6430,0
R000011,Nick J. Rahall,house,Democrat,WV03,,False,2014-02-20,2014-03-12,AGU,agrium Inc.,,Sale,"$15,001 - $50,000",32500.5,False,SELF,20000456,https://disclosures-clerk.house.gov/public_disc/ptr-pdfs/2014/20000456.pdf,2c046a5b7029abc590d88230474e119d6852d520a6c81878becfacd619924ded,0
R000011,Nick J. Rahall,house,Democrat,WV03,,False,2014-02-11,2014-03-12,,Canadian Natural Resources limited,,Sale,"$1,001 - $15,000",8000.5,False,SELF,20000456,https://disclosures-clerk.house.gov/public_disc/ptr-pdfs/2014/20000456.pdf,c73f8cf4e781f7d3dd9b773337c9943c8debacf5603a1d7f5fd27d9d37b0a57f,0
R000011,Nick J. Rahall,house,Democrat,WV03,,False,2014-02-03,2014-03-12,,Celanese Corporation Celanese,,Purchase,"$1,001 - $15,000",8000.5,False,SELF,20000456,https://disclosures-clerk.house.gov/public_disc/ptr-pdfs/2014/20000456.pdf,d07433ae42009aed8c25a4443fe0b1b5de574a6e4edbfe0958a337d5106b732a,0
R000011,Nick J. Rahall,house,Democrat,WV03,,False,2014-02-24,2014-03-12,,Celanese Corporation Celanese,,Sale,"$1,001 - $15,000",8000.5,False,SELF,20000456,https://disclosures-clerk.house.gov/public_disc/ptr-pdfs/2014/20000456.pdf,2507c523ad683df3da183ee9953670299957d40ec748b822efdb6d6d8f799547,0
R000011,Nick J. Rahall,house,Democrat,WV03,,False,2014-02-27,2014-03-12,,Celanese Corporation Celanese,,Sale,"$1,001 - $15,000",8000.5,False,SELF,20000456,https://disclosures-clerk.house.gov/public_disc/ptr-pdfs/2014/20000456.pdf,8331297ed945aa5946f56a6f5b410b1a08f2ef9bf539f3eda884b93a29242c25,0
R000011,Nick J. Rahall,house,Democrat,WV03,,False,2014-02-10,2014-03-12,C,"Citigroup, Inc.",,Sale,"$1,001 - $15,000",8000.5,False,SELF,20000456,https://disclosures-clerk.house.gov/public_disc/ptr-pdfs/2014/20000456.pdf,6f5572660a2c344907ae528bbd55e9b9bc136c365285ee7c072af9ba0fb4425e,0
R000011,Nick J. Rahall,house,Democrat,WV03,,False,2014-03-20,2014-03-12,FB,"Facebook, Inc. - Class a",,Purchase,"$1,001 - $15,000",8000.5,False,SELF,20000456,https://disclosures-clerk.house.gov/public_disc/ptr-pdfs/2014/20000456.pdf,5278dfb90e65b483510d2844a6f82b24e805cbe9090c1bb295e40de72ba9b4e7,0
R000011,Nick J. Rahall,house,Democrat,WV03,,False,2014-02-05,2014-03-12,AGU,agrium Inc.,,Purchase,"$1,001 - $15,000",8000.5,False,SELF,20000456,https://disclosures-clerk.house.gov/public_disc/ptr-pdfs/2014/20000456.pdf,1c4de9cb417421f46431302392784465f1cf186b0ddb6410a2242738071295fd,0
R000011,Nick J. Rahall,house,Democrat,WV03,,False,2014-02-10,2014-03-12,GCI,"gannett Co., Inc.",,Sale,"$1,001 - $15,000",8000.5,False,SELF,20000456,https://disclosures-clerk.house.gov/public_disc/ptr-pdfs/2014/20000456.pdf,829277902a67c0286499032a9237532aab01bbbd45baddb861ed2186ccd3e37e,0
R000011,Nick J. Rahall,house,Democrat,WV03,,False,2014-02-18,2014-03-12,SLV,ishares silver Trust,,Sale,"$1,001 - $15,000",8000.5,False,SELF,20000456,https://disclosures-clerk.house.gov/public_disc/ptr-pdfs/2014/20000456.pdf,cc122624d9709fa7f801151679060f84368c4a87041d9caa29e53e16e1615921,0
R000011,Nick J. Rahall,house,Democrat,WV03,,False,2014-02-03,2014-03-12,MOG.A,Moog Inc. Class a,,Purchase,"$1,001 - $15,000",8000.5,False,SELF,20000456,https://disclosures-clerk.house.gov/public_disc/ptr-pdfs/2014/20000456.pdf,99f3b852204d248b530a024198558712393494ce0f04a5e66178c6066d07b395,0
R000011,Nick J. Rahall,house,Democrat,WV03,,False,2014-02-12,2014-03-12,MOG.A,Moog Inc. Class a,,Sale,"$1,001 - $15,000",8000.5,False,SELF,20000456,https://disclosures-clerk.house.gov/public_disc/ptr-pdfs/2014/20000456.pdf,d1c2fa39cc8bbc159c11a70a01d13beeb5f08453a61f957817f6c78ca1b0385e,0
R000011,Nick J. Rahall,house,Democrat,WV03,,False,2014-02-12,2014-03-12,MOG.A,Moog Inc. Class a,,Sale,"$1,001 - $15,000",8000.5,False,SELF,20000456,https://disclosures-clerk.house.gov/public_disc/ptr-pdfs/2014/20000456.pdf,d1c2fa39cc8bbc159c11a70a01d13beeb5f08453a61f957817f6c78ca1b0385e,1
R000011,Nick J. Rahall,house,Democrat,WV03,,False,2014-02-26,2014-03-12,TSLA,"Tesla Motors, Inc.",,Purchase,"$1,001 - $15,000",8000.5,False,SELF,20000456,https://disclosures-clerk.house.gov/public_disc/ptr-pdfs/2014/20000456.pdf,ea080e3e9f40157fa76aba4fc8d24b78f0a92432a5a6e7abea947cbb80e88534,0
R000011,Nick J. Rahall,house,Democrat,WV03,,False,2014-02-26,2014-03-12,TSLA,"Tesla Motors, Inc.",,Sale,"$1,001 - $15,000",8000.5,False,SELF,20000456,https://disclosures-clerk.house.gov/public_disc/ptr-pdfs/2014/20000456.pdf,45e4ebff0994e43f5f456479dd7ed9ef5dd2c341c1a3f1e4e447113f5f516c40,0
L000579,Alan S. Lowenthal,house,Democrat,CA47,,False,2014-02-18,2014-03-08,KSU,Kansas City Southern,,Sale,"$1,001 - $15,000",8000.5,False,SP,20000453,https://disclosures-clerk.house.gov/public_disc/ptr-pdfs/2014/20000453.pdf,61097c8096221ee37346804461c529b3c889b14bd518f450906e1a6223618edd,0
L000579,Alan S. Lowenthal,house,Democrat,CA47,,False,2014-03-04,2014-03-08,BA,Boeing Company,,Sale,"$1,001 - $15,000",8000.5,False,SP,20000453,https://disclosures-clerk.house.gov/public_disc/ptr-pdfs/2014/20000453.pdf,bf5d79c4efdfcbe85c1643cfca93e35097f003e0afd98dcee4d887d556ff811a,0
S000480,Louise McIntosh Slaughter,house,Democrat,NY25,,False,2014-02-18,2014-03-06,PG,Procter & gamble Company,,Purchase,"$1,001 - $15,000",8000.5,False,SELF,20000409,https://disclosures-clerk.house.gov/public_disc/ptr-pdfs/2014/20000409.pdf,400d68630fc09b7fa41181a4dcff590a2da1c9971fc2c31a35b48f8874018da9,0
B000589,John A. Boehner,house,Republican,OH08,,False,2014-02-25,2014-03-04,WMT,"Wal-Mart stores, Inc.",,Sale,"$15,001 - $50,000",32500.5,False,SELF,20000404,https://disclosures-clerk.house.gov/public_disc/ptr-pdfs/2014/20000404.pdf,70d3d20e496cef3a8f97896717b9ca802ba15bfa528426cef9a46fa6c951b8a9,0
B000589,John A. Boehner,house,Republican,OH08,,False,2014-02-26,2014-03-04,SLB,schlumberger N.V.,,Purchase,"$15,001 - $50,000",32500.5,False,SELF,20000404,https://disclosures-clerk.house.gov/public_disc/ptr-pdfs/2014/20000404.pdf,f3abc601a65c0b19dcbd4def2f5e0d11756fee1edfd3580dcc7450b5a4403bee,0
B000589,John A. Boehner,house,Republican,OH08,,False,2014-02-07,2014-03-04,MRK,"Merck & Company, Inc. Common stock",,Purchase,"$15,001 - $50,000",32500.5,False,SELF,20000404,https://disclosures-clerk.house.gov/public_disc/ptr-pdfs/2014/20000404.pdf,ab930de12817a3bad506b70aeb155e094e832269b2303dfe7eb5bab63d1f78de,1
B000589,John A. Boehner,house,Republican,OH08,,False,2014-02-07,2014-03-04,,"Merck & Company, Inc. Common stock",,Purchase,"$15,001 - $50,000",32500.5,False,SELF,20000404,https://disclosures-clerk.house.gov/public_disc/ptr-pdfs/2014/20000404.pdf,ab930de12817a3bad506b70aeb155e094e832269b2303dfe7eb5bab63d1f78de,0
B000589,John A. Boehner,house,Republican,OH08,,False,2014-02-27,2014-03-04,CAH,"Cardinal Health, Inc.",,Sale,"$1,001 - $15,000",8000.5,False,SELF,20000404,https://disclosures-clerk.house.gov/public_disc/ptr-pdfs/2014/20000404.pdf,5266a4b12fc52064e6ff5e95c1970e14e59a392fd1585071cd00019dbb29a9ed,0
H000636,Rubén Hinojosa,house,Democrat,TX15,,False,2014-02-27,2014-03-03,PCLN,priceline.com Incorporated,,Sale,"$15,001 - $50,000",32500.5,False,DC,20000399,https://disclosures-clerk.house.gov/public_disc/ptr-pdfs/2014/20000399.pdf,ebcc777ad46f4aa198a242d1ee53f2b2ef76104ff2e273dd1feafeaa584e3042,0
H000636,Rubén Hinojosa,house,Democrat,TX15,,False,2014-02-27,2014-03-03,HBI,Hanesbrands Inc.,,Sale,"$1,001 - $15,000",8000.5,False,SP,20000399,https://disclosures-clerk.house.gov/public_disc/ptr-pdfs/2014/20000399.pdf,6793b78290dcd7948158f6b3ece30e2e612ec2eb7427c4ebf96169c5dafcb0eb,1
G000551,Raúl M. Grijalva,house,Democrat,AZ03,,False,2014-02-21,2014-03-03,,seadrill Partners llC Common units,,Purchase,"$1,001 - $15,000",8000.5,False,SP,20000400,https://disclosures-clerk.house.gov/public_disc/ptr-pdfs/2014/20000400.pdf,08b325124679db8bb9c43f89fe11f1c7699ce24d06050f8edc7bc993338f7cd5,0
G000551,Raúl M. Grijalva,house,Democrat,AZ03,,False,2014-02-21,2014-03-03,SDLP,seadrill Partners llC Common units Interests,,Purchase,"$1,001 - $15,000",8000.5,False,SP,20000400,https://disclosures-clerk.house.gov/public_disc/ptr-pdfs/2014/20000400.pdf,7c4175d0b478a3c68cdb52ad8e93a311b584550e8fb14b546242c1c164a2f5f3,0
G000551,Raúl M. Grijalva,house,Democrat,AZ03,,False,2014-02-21,2014-03-03,HQL,H&Q life sciences Investors,,Purchase,"$1,001 - $15,000",8000.5,False,SP,20000400,https://disclosures-clerk.house.gov/public_disc/ptr-pdfs/2014/20000400.pdf,8aab3955f3fc8aa4919ed17721f32a9f46a845b0350e7d98fe69a4b66ad33d02,0
G000551,Raúl M. Grijalva,house,Democrat,AZ03,,False,2014-02-21,2014-03-03,,"Enbridge Energy, l.P. Class a Common",,Sale,"$1,001 - $15,000",8000.5,False,SP,20000400,https://disclosures-clerk.house.gov/public_disc/ptr-pdfs/2014/20000400.pdf,fc09bbca8f3271e09ffb98b282e6b61143e778ec57a90bbd10cb2327fefa1187,0
H000636,Rubén Hinojosa,house,Democrat,TX15,,False,2014-02-19,2014-03-03,SIX,six Flags Entertainment Corporation New,,Sale,"$15,001 - $50,000",32500.5,False,SP,20000399,https://disclosures-clerk.house.gov/public_disc/ptr-pdfs/2014/20000399.pdf,00a10859567b96cf90dc2a990b8d9cb7acdb1a941e762c459bd1543d6aef8b69,0
H000636,Rubén Hinojosa,house,Democrat,TX15,,False,2014-02-19,2014-03-03,SIX,six Flags Entertainment Corporation New,,Sale,"$15,001 - $50,000",32500.5,False,SP,20000399,https://disclosures-clerk.house.gov/public_disc/ptr-pdfs/2014/20000399.pdf,00a10859567b96cf90dc2a990b8d9cb7acdb1a941e762c459bd1543d6aef8b69,1
G000551,Raúl M. Grijalva,house,Democrat,AZ03,,False,2014-02-21,2014-03-03,EEP,"type Date sP Enbridge Energy, l.P. Class a Common units",,Sale,"$1,001 - $15,000",8000.5,False,SELF,20000400,https://disclosures-clerk.house.gov/public_disc/ptr-pdfs/2014/20000400.pdf,8e0491141ff208c1779ead56f69edb1d01c0bd4e47c58690c14967ee4b35a91a,0
H000636,Rubén Hinojosa,house,Democrat,TX15,,False,2014-02-27,2014-03-03,GMCR,"green Mountain Coffee Roasters, Inc.",,Sale,"$1,001 - $15,000",8000.5,False,SP,20000399,https://disclosures-clerk.house.gov/public_disc/ptr-pdfs/2014/20000399.pdf,1f511c53b4b975eb486693572e76ff7d7c9b52258fd6ed585d839d40794f0709,3
H000636,Rubén Hinojosa,house,Democrat,TX15,,False,2014-02-27,2014-03-03,GMCR,"green Mountain Coffee Roasters, Inc.",,Sale,"$1,001 - $15,000",8000.5,False,SP,20000399,https://disclosures-clerk.house.gov/public_disc/ptr-pdfs/2014/20000399.pdf,1f511c53b4b975eb486693572e76ff7d7c9b52258fd6ed585d839d40794f0709,2
H000636,Rubén Hinojosa,house,Democrat,TX15,,False,2014-02-19,2014-03-03,,six Flags Entertainment Corporation,,Sale,"$1,001 - $15,000",8000.5,False,DC,20000399,https://disclosures-clerk.house.gov/public_disc/ptr-pdfs/2014/20000399.pdf,624a0e668e9917dae39740b80f6627bb05d4603ce7c5bb1033d996a3e179efc5,0
H000636,Rubén Hinojosa,house,Democrat,TX15,,False,2014-02-19,2014-03-03,,six Flags Entertainment Corporation,,Sale,"$15,001 - $50,000",32500.5,False,SP,20000399,https://disclosures-clerk.house.gov/public_disc/ptr-pdfs/2014/20000399.pdf,ff16c90c903790723e8eea1ded7b439adadf5ae64bc6f7ca59ac05e740a51e1b,1
H000636,Rubén Hinojosa,house,Democrat,TX15,,False,2014-02-19,2014-03-03,SIX,six Flags Entertainment Corporation New,,Sale,"$1,001 - $15,000",8000.5,False,DC,20000399,https://disclosures-clerk.house.gov/public_disc/ptr-pdfs/2014/20000399.pdf,68cd6ad124823879ceee0e9b904a245410bfb9c940b9ca8b0881597ded13df32,0
H000636,Rubén Hinojosa,house,Democrat,TX15,,False,2014-02-19,2014-03-03,,six Flags Entertainment Corporation,,Sale,"$15,001 - $50,000",32500.5,False,SP,20000399,https://disclosures-clerk.house.gov/public_disc/ptr-pdfs/2014/20000399.pdf,ff16c90c903790723e8eea1ded7b439adadf5ae64bc6f7ca59ac05e740a51e1b,0
H000636,Rubén Hinojosa,house,Democrat,TX15,,False,2014-02-27,2014-03-03,PCLN,priceline.com Incorporated,,Sale,"$15,001 - $50,000",32500.5,False,SP,20000399,https://disclosures-clerk.house.gov/public_disc/ptr-pdfs/2014/20000399.pdf,d5dfc2d01324e5182084d7256d453ba0a5726252c4dfca1d7cf9558f757c0a4e,0
H000636,Rubén Hinojosa,house,Democrat,TX15,,False,2014-02-27,2014-03-03,BIIB,Biogen Idec Inc.,,Sale,"$1,001 - $15,000",8000.5,False,DC,20000399,https://disclosures-clerk.house.gov/public_disc/ptr-pdfs/2014/20000399.pdf,9d67934684dcef6b1ca63179127eec9cd77e4ae8629817038616150e08e69fee,0
H000636,Rubén Hinojosa,house,Democrat,TX15,,False,2014-02-27,2014-03-03,BIIB,Biogen Idec Inc.,,Sale,"$1,001 - $15,000",8000.5,False,SP,20000399,https://disclosures-clerk.house.gov/public_disc/ptr-pdfs/2014/20000399.pdf,077ee6f187f869306a0a390c9c551e202a6cac9a4e14d8307af1dd457d89f06a,0
H000636,Rubén Hinojosa,house,Democrat,TX15,,False,2014-02-27,2014-03-03,BIIB,Biogen Idec Inc.,,Sale,"$1,001 - $15,000",8000.5,False,SP,20000399,https://disclosures-clerk.house.gov/public_disc/ptr-pdfs/2014/20000399.pdf,077ee6f187f869306a0a390c9c551e202a6cac9a4e14d8307af1dd457d89f06a,1
H000636,Rubén Hinojosa,house,Democrat,TX15,,False,2014-02-27,2014-03-03,,"green Mountain Coffee Roasters, Inc.",,Sale,"$1,001 - $15,000",8000.5,False,SP,20000399,https://disclosures-clerk.house.gov/public_disc/ptr-pdfs/2014/20000399.pdf,1f511c53b4b975eb486693572e76ff7d7c9b52258fd6ed585d839d40794f0709,0
H000636,Rubén Hinojosa,house,Democrat,TX15,,False,2014-02-27,2014-03-03,,"green Mountain Coffee Roasters, Inc.",,Sale,"$1,001 - $15,000",8000.5,False,SP,20000399,https://disclosures-clerk.house.gov/public_disc/ptr-pdfs/2014/20000399.pdf,1f511c53b4b975eb486693572e76ff7d7c9b52258fd6ed585d839d40794f0709,1
H000636,Rubén Hinojosa,house,Democrat,TX15,,False,2014-02-27,2014-03-03,PCLN,priceline.com Incorporated,,Sale,"$15,001 - $50,000",32500.5,False,DC,20000399,https://disclosures-clerk.house.gov/public_disc/ptr-pdfs/2014/20000399.pdf,ebcc777ad46f4aa198a242d1ee53f2b2ef76104ff2e273dd1feafeaa584e3042,1
H000636,Rubén Hinojosa,house,Democrat,TX15,,False,2014-02-27,2014-03-03,HBI,Hanesbrands Inc.,,Sale,"$1,001 - $15,000",8000.5,False,SP,20000399,https://disclosures-clerk.house.gov/public_disc/ptr-pdfs/2014/20000399.pdf,6793b78290dcd7948158f6b3ece30e2e612ec2eb7427c4ebf96169c5dafcb0eb,0
M000404,Jim McDermott,house,Democrat,WA07,,False,2014-01-30,2014-02-28,,Morgan Stanley,,Purchase,"$50,001 - $100,000",75000.5,False,SELF,20000394,https://disclosures-clerk.house.gov/public_disc/ptr-pdfs/2014/20000394.pdf,f591a67ae393e4ee22332d432f70cc3ccf5a3403fc93288221b0a3266e997637,0
L000579,Alan S. Lowenthal,house,Democrat,CA47,,False,2014-02-14,2014-02-16,KMP,"Kinder Morgan Energy Partners, L.P.",,Sale,"$1,001 - $15,000",8000.5,False,SP,20000325,https://disclosures-clerk.house.gov/public_disc/ptr-pdfs/2014/20000325.pdf,93a28f9a4eceff4ea8dc5cf1bb78cb1cdae7b06ff746de9eb5ac0df53b0c013f,1
L000579,Alan S. Lowenthal,house,Democrat,CA47,,False,2014-02-14,2014-02-16,,Enbridge Energy Management LLC,,Sale,"$15,001 - $50,000",32500.5,False,SP,20000325,https://disclosures-clerk.house.gov/public_disc/ptr-pdfs/2014/20000325.pdf,38777265efdaf9ad927751af2a9828a8b7a81855a06f434965316575610f2a54,0
L000579,Alan S. Lowenthal,house,Democrat,CA47,,False,2014-02-14,2014-02-16,,"Kinder Morgan Energy Partners, L.P.",,Sale,"$1,001 - $15,000",8000.5,False,SP,20000325,https://disclosures-clerk.house.gov/public_disc/ptr-pdfs/2014/20000325.pdf,93a28f9a4eceff4ea8dc5cf1bb78cb1cdae7b06ff746de9eb5ac0df53b0c013f,0
L000579,Alan S. Lowenthal,house,Democrat,CA47,,False,2014-02-14,2014-02-16,EEQ,type Date SP Enbridge Energy Management LLC interests,,Sale,"$15,001 - $50,000",32500.5,False,SELF,20000325,https://disclosures-clerk.house.gov/public_disc/ptr-pdfs/2014/20000325.pdf,48c4b8c7098ed3a5809de95092a6ada7f380df021ebdf3845bd05cd6f13b150c,0
H001051,Richard L. Hanna,house,Republican,NY22,,False,2014-01-27,2014-02-14,COH,"Coach, Inc.",,Sale,"$1,001 - $15,000",8000.5,False,JT,20000320,https://disclosures-clerk.house.gov/public_disc/ptr-pdfs/2014/20000320.pdf,58f5d26ea4e0e51d77e375e7725c38bf5ee0ba4284d57098002a7bac697c61e1,0
R000011,Nick J. Rahall,house,Democrat,WV03,,False,2014-01-22,2014-02-14,AGU,agrium Inc.,,Purchase,"$15,001 - $50,000",32500.5,False,SELF,20000287,https://disclosures-clerk.house.gov/public_disc/ptr-pdfs/2014/20000287.pdf,25b38f4c696c207c65041898721dc0721dd292a9aada92020d59e2b83530e645,0
R000011,Nick J. Rahall,house,Democrat,WV03,,False,2014-01-23,2014-02-14,AMGN,amgen Inc.,,Sale,"$1,001 - $15,000",8000.5,False,SELF,20000287,https://disclosures-clerk.house.gov/public_disc/ptr-pdfs/2014/20000287.pdf,1f60dc24e9e0329229bf6b72b657c1d602272c34ea196293f596e85753fd37cf,0
R000011,Nick J. Rahall,house,Democrat,WV03,,False,2014-01-08,2014-02-14,AMGN,amgen Inc.,,Sale,"$15,001 - $50,000",32500.5,False,SELF,20000287,https://disclosures-clerk.house.gov/public_disc/ptr-pdfs/2014/20000287.pdf,86cdd9c70f62d7bb6e3c4f80b5fd30dc412e82b44d0c77648fd5e395f0219de5,0
R000011,Nick J. Rahall,house,Democrat,WV03,,False,2014-01-15,2014-02-14,,First Data Corporation 11.250%,,Sale,"$1,001 - $15,000",8000.5,False,SELF,20000287,https://disclosures-clerk.house.gov/public_disc/ptr-pdfs/2014/20000287.pdf,6173538ddfc1c9e381e73d194ed6b266ff6a4615c1d6c44e099690e8e8ccdb42,0
R000011,Nick J. Rahall,house,Democrat,WV03,,False,2014-01-08,2014-02-14,GE,general Electric Company,,Sale,"$1,001 - $15,000",8000.5,False,SELF,20000287,https://disclosures-clerk.house.gov/public_disc/ptr-pdfs/2014/20000287.pdf,69a16a1a5fd8ca0d5438863eeb4703c4ef5213d21cf2daaca9424994c1f1d649,0
H001051,Richard L. Hanna,house,Republican,NY22,,False,2014-01-27,2014-02-14,SCZ,iShares MSCI EaFE Small-Cap ETF,,Purchase,"$50,001 - $100,000",75000.5,False,SELF,20000320,https://disclosures-clerk.house.gov/public_disc/ptr-pdfs/2014/20000320.pdf,16977208839fedae25a3a8587eac2c9755ab279f70f2523abf971d188680c140,1
R000011,Nick J. Rahall,house,Democrat,WV03,,False,2014-01-29,2014-02-14,HPQ,Hewlett-Packard Company,,Sale,"$1,001 - $15,000",8000.5,False,SELF,20000287,https://disclosures-clerk.house.gov/public_disc/ptr-pdfs/2014/20000287.pdf,3631440cb6423e72b5c62cc273eff385ca3565d45d0b2529c4fac367aa419688,0
R000011,Nick J. Rahall,house,Democrat,WV03,,False,2014-01-29,2014-02-14,SLV,ishares silver Trust,,Purchase,"$1,001 - $15,000",8000.5,False,SELF,20000287,https://disclosures-clerk.house.gov/public_disc/ptr-pdfs/2014/20000287.pdf,ec29011a9a4f0a95238dee669ba86896e1d518a6b1cd801f68eddca61d674bc4,0
R000011,Nick J. Rahall,house,Democrat,WV03,,False,2014-01-07,2014-02-14,MTZ,"MasTec, Inc.",,Sale,"$1,001 - $15,000",8000.5,False,SELF,20000287,https://disclosures-clerk.house.gov/public_disc/ptr-pdfs/2014/20000287.pdf,b280e46949a26ed650d08704ed0abcd0219c191ce35148b28c1a7e2856c35b15,0
R000011,Nick J. Rahall,house,Democrat,WV03,,False,2014-01-07,2014-02-14,MEG,"Media general, Inc.",,Sale,"$1,001 - $15,000",8000.5,False,SELF,20000287,https://disclosures-clerk.house.gov/public_disc/ptr-pdfs/2014/20000287.pdf,374da4ff1718699e46eb1fb7b717981149d6198cf59ea44a66e754d996ae18ee,0
R000011,Nick J. Rahall,house,Democrat,WV03,,False,2014-01-23,2014-02-14,OTTR,otter Tail Corporation,,Sale,"$1,001 - $15,000",8000.5,False,SELF,20000287,https://disclosures-clerk.house.gov/public_disc/ptr-pdfs/2014/20000287.pdf,48e56a426cd5e6d17f66a146dffc8c1d029548d51e9a5a343666d2c312f4f984,0
H001051,Richard L. Hanna,house,Republican,NY22,,False,2014-01-03,2014-02-14,SCZ,iShares MSCI EaFE Small-Cap ETF,,Purchase,"$15,001 - $50,000",32500.5,False,SELF,20000320,https://disclosures-clerk.house.gov/public_disc/ptr-pdfs/2014/20000320.pdf,74ba07d532dca759b223e7f71b63d6daedcaccd711143423f8f94472a9e8cdde,1
R000011,Nick J. Rahall,house,Democrat,WV03,,False,2014-01-27,2014-02-14,TSLA,"Tesla Motors, Inc.",,Sale,"$1,001 - $15,000",8000.5,False,SELF,20000287,https://disclosures-clerk.house.gov/public_disc/ptr-pdfs/2014/20000287.pdf,4bbdec7104c129d5a309fc1d635b61af3238f074b4124c036b88fd82e7f6d2da,0
R000011,Nick J. Rahall,house,Democrat,WV03,,False,2014-01-13,2014-02-14,HPQ,Hewlett-Packard Company,,Sale,"$1,001 - $15,000",8000.5,False,SELF,20000287,https://disclosures-clerk.house.gov/public_disc/ptr-pdfs/2014/20000287.pdf,c8a16eaebdbc55d533603cc516dcde8d0518aa2e964e605c54383c214201c6d7,0
H001051,Richard L. Hanna,house,Republican,NY22,,False,2014-01-27,2014-02-14,CSX,CSX Corporation,,Sale,"$15,001 - $50,000",32500.5,False,SELF,20000320,https://disclosures-clerk.house.gov/public_disc/ptr-pdfs/2014/20000320.pdf,0cd18b40077c618a6c067342be4b27b6e6cfc6e42a6958cfdc516dccf03154a8,0
H001051,Richard L. Hanna,house,Republican,NY22,,False,2014-01-23,2014-02-14,,"Scripps Networks Interactive, Inc",,Sale,"$1,001 - $15,000",8000.5,False,SELF,20000320,https://disclosures-clerk.house.gov/public_disc/ptr-pdfs/2014/20000320.pdf,a69d46e7acd5cba23b7b36bc409b1b24cef9a450081c4830cd8e11173496e6eb,0
H001051,Richard L. Hanna,house,Republican,NY22,,False,2014-01-27,2014-02-14,FDO,"Family dollar Stores, Inc.",,Sale,"$1,001 - $15,000",8000.5,False,JT,20000320,https://disclosures-clerk.house.gov/public_disc/ptr-pdfs/2014/20000320.pdf,fca9610a5ac358ed25eb9c0f712a2a825b1efb13dba8f048b0cf6f71b745b82a,0
H001051,Richard L. Hanna,house,Republican,NY22,,False,2014-01-23,2014-02-14,SNI,"Scripps Networks Interactive, Inc Common Class a",,Sale,"$1,001 - $15,000",8000.5,False,SELF,20000320,https://disclosures-clerk.house.gov/public_disc/ptr-pdfs/2014/20000320.pdf,bc3dc8daad36050c7beca87f56da3b30b26f98eaa1f483a873c27007231fc89d,0
H001051,Richard L. Hanna,house,Republican,NY22,,False,2014-01-27,2014-02-14,SNI,"Scripps Networks Interactive, Inc Common Class a",,Purchase,"$1,001 - $15,000",8000.5,False,JT,20000320,https://disclosures-clerk.house.gov/public_disc/ptr-pdfs/2014/20000320.pdf,ca7f96c508e50a33d397793ba2d2072453d015d81b2da1ce08d874a6ff7dd11c,0
H001051,Richard L. Hanna,house,Republican,NY22,,False,2014-01-23,2014-02-14,VWO,Vanguard FTSE Emerging Markets ETF,,Purchase,"$15,001 - $50,000",32500.5,False,SELF,20000320,https://disclosures-clerk.house.gov/public_disc/ptr-pdfs/2014/20000320.pdf,a1333767dcd469fc7bf689445267175c3a735a60410929da552db17885bfda1f,1
H001051,Richard L. Hanna,house,Republican,NY22,,False,2014-01-23,2014-02-14,,Vanguard FTSE Emerging Markets ETF,,Purchase,"$15,001 - $50,000",32500.5,False,SELF,20000320,https://disclosures-clerk.house.gov/public_disc/ptr-pdfs/2014/20000320.pdf,a1333767dcd469fc7bf689445267175c3a735a60410929da552db17885bfda1f,0
H001051,Richard L. Hanna,house,Republican,NY22,,False,2014-01-23,2014-02-14,UPS,"United Parcel Service, Inc.",,Sale,"$1,001 - $15,000",8000.5,False,SELF,20000320,https://disclosures-clerk.house.gov/public_disc/ptr-pdfs/2014/20000320.pdf,003d8fb204aa84b0c63cf82eb499f492fb1aecd30b80b872dc87789c1b270bc0,0
H001051,Richard L. Hanna,house,Republican,NY22,,False,2014-01-31,2014-02-14,SPY,SPdR S&P 500,,Purchase,"$15,001 - $50,000",32500.5,False,SELF,20000320,https://disclosures-clerk.house.gov/public_disc/ptr-pdfs/2014/20000320.pdf,7a7d0c90898c0b3f38bd6c6bd5811f6cbed20cd285bf4085d0c8c087d8ae397c,0
H001051,Richard L. Hanna,house,Republican,NY22,,False,2014-01-27,2014-02-14,,"Scripps Networks Interactive, Inc",,Purchase,"$1,001 - $15,000",8000.5,False,JT,20000320,https://disclosures-clerk.house.gov/public_disc/ptr-pdfs/2014/20000320.pdf,daa74eabd21bd583ed9cd0367ac1581a43136d008da259ca14fbad79a8f2b9c1,0
R000011,Nick J. Rahall,house,Democrat,WV03,,False,2014-01-23,2014-02-14,TSLA,"Tesla Motors, Inc.",,Purchase,"$1,001 - $15,000",8000.5,False,SELF,20000287,https://disclosures-clerk.house.gov/public_disc/ptr-pdfs/2014/20000287.pdf,07205b13af19ae82ed09a8900f1e07e6c4717e3082e4d7a5355b27dc2cc25d97,0
H001051,Richard L. Hanna,house,Republican,NY22,,False,2014-01-23,2014-02-14,PPL,PP&L Corporation,,Sale,"$1,001 - $15,000",8000.5,False,SELF,20000320,https://disclosures-clerk.house.gov/public_disc/ptr-pdfs/2014/20000320.pdf,e13e482fa9e571e7b872cb41587136c42ee987b340e259151e7969343eb95426,0
H001051,Richard L. Hanna,house,Republican,NY22,,False,2014-01-27,2014-02-14,QQQ,"PowerShares QQQ Trust, Series 1",,Purchase,"$1,001 - $15,000",8000.5,False,JT,20000320,https://disclosures-clerk.house.gov/public_disc/ptr-pdfs/2014/20000320.pdf,861ba7b245bfa2b3cd0fc2874ccbd31a83ad1168b7126c12c4a22daafc02ddcf,0
H001051,Richard L. Hanna,house,Republican,NY22,,False,2014-01-27,2014-02-14,QQQ,"PowerShares QQQ Trust, Series 1",,Purchase,"$50,001 - $100,000",75000.5,False,SELF,20000320,https://disclosures-clerk.house.gov/public_disc/ptr-pdfs/2014/20000320.pdf,66e03f57cc766cd60673925b6c9c001c91a756086661018b691db82dda3a9c2d,0
H001051,Richard L. Hanna,house,Republican,NY22,,False,2014-01-03,2014-02-14,QQQ,"PowerShares QQQ Trust, Series 1",,Purchase,"$15,001 - $50,000",32500.5,False,SELF,20000320,https://disclosures-clerk.house.gov/public_disc/ptr-pdfs/2014/20000320.pdf,fde2d9221202e4fb7f46d58a8a84ecf9ab2aae25dd79b2cc741721035e852f95,0
H001051,Richard L. Hanna,house,Republican,NY22,,False,2014-01-03,2014-02-14,,iShares MSCI EaFE Small-Cap ETF,,Purchase,"$15,001 - $50,000",32500.5,False,SELF,20000320,https://disclosures-clerk.house.gov/public_disc/ptr-pdfs/2014/20000320.pdf,74ba07d532dca759b223e7f71b63d6daedcaccd711143423f8f94472a9e8cdde,0
H001051,Richard L. Hanna,house,Republican,NY22,,False,2014-01-27,2014-02-14,,iShares MSCI EaFE Small-Cap ETF,,Purchase,"$50,001 - $100,000",75000.5,False,SELF,20000320,https://disclosures-clerk.house.gov/public_disc/ptr-pdfs/2014/20000320.pdf,16977208839fedae25a3a8587eac2c9755ab279f70f2523abf971d188680c140,0
H001051,Richard L. Hanna,house,Republican,NY22,,False,2014-01-23,2014-02-14,GPS,"gap, Inc.",,Sale,"$1,001 - $15,000",8000.5,False,SELF,20000320,https://disclosures-clerk.house.gov/public_disc/ptr-pdfs/2014/20000320.pdf,bd8722e707f3af5b92394f6e5fc532c10af979a6c9a6ff6f5515d251dc4ebe1a,0
F000451,Michael G. Fitzpatrick,house,Republican,PA08,,False,2014-01-09,2014-02-13,PM,Philip Morris International Inc,,Sale,"$1,001 - $15,000",8000.5,False,SELF,20000318,https://disclosures-clerk.house.gov/public_disc/ptr-pdfs/2014/20000318.pdf,adcf00bc8f5f3440eacae6e38303fa174ee533775409bc4bfd63ba58cf4b9184,0
F000451,Michael G. Fitzpatrick,house,Republican,PA08,,False,2014-01-09,2014-02-13,BCE,"BCE, Inc.",,Sale,"$1,001 - $15,000",8000.5,False,SELF,20000318,https://disclosures-clerk.house.gov/public_disc/ptr-pdfs/2014/20000318.pdf,13f2f95c70d33d19b5080ddd6d727efe17ce1dcb6794d7f5237629786ba77575,0
F000451,Michael G. Fitzpatrick,house,Republican,PA08,,False,2014-01-09,2014-02-13,PEP,"Pepsico, Inc.",,Purchase,"$1,001 - $15,000",8000.5,False,SELF,20000318,https://disclosures-clerk.house.gov/public_disc/ptr-pdfs/2014/20000318.pdf,873522d6fb49a515623f0d8b7351c17d9b84fcf03ce0367b1535e9bb861a3b6a,0
F000451,Michael G. Fitzpatrick,house,Republican,PA08,,False,2014-01-09,2014-02-13,INTC,Intel Corporation,,Purchase,"$1,001 - $15,000",8000.5,False,SELF,20000318,https://disclosures-clerk.house.gov/public_disc/ptr-pdfs/2014/20000318.pdf,cbe8776ec37bafa2dafbddce595049155b8cca20cfe75454300b1156b1ee8d91,0
F000461,Bill Flores,house,Republican,TX17,,False,2014-01-27,2014-02-12,,Nuveen Energy MlP Total Return Fund,,Purchase,"$100,001 - $250,000",175000.5,False,SELF,20000313,https://disclosures-clerk.house.gov/public_disc/ptr-pdfs/2014/20000313.pdf,3c795d90e0f2bd9ee9e3707db1e09ad41e6f53620d42d15ca8f1fe481646a739,0
C001062,K. Michael Conaway,house,Republican,TX11,,False,2014-01-13,2014-02-12,AAL,"american airlines group, Inc.",,Purchase,"$1,001 - $15,000",8000.5,False,SP,20000317,https://disclosures-clerk.house.gov/public_disc/ptr-pdfs/2014/20000317.pdf,2f1b92545e574c37c146ea03c9c4ffbb94905cdd9faef93f98091e464626cad5,0
F000461,Bill Flores,house,Republican,TX17,,False,2014-01-14,2014-02-12,APU,"amerigas Partners, l.P.",,Purchase,"$250,001 - $500,000",375000.5,False,SELF,20000313,https://disclosures-clerk.house.gov/public_disc/ptr-pdfs/2014/20000313.pdf,797794e6dbc88aae8fd6ad4c70d32f1f4a4862a52a800e5067099fa73cb0ade1,0
F000461,Bill Flores,house,Republican,TX17,,False,2014-01-29,2014-02-12,APU,"amerigas Partners, l.P.",,Sale,"$250,001 - $500,000",375000.5,False,SELF,20000313,https://disclosures-clerk.house.gov/public_disc/ptr-pdfs/2014/20000313.pdf,ce0bb42e2ffdf9f98bd433e401f0a671f32ec16704e04b6e46962c7123d070ce,0
F000461,Bill Flores,house,Republican,TX17,,False,2014-01-07,2014-02-12,AAPL,apple Inc.,,Purchase,"$1,001 - $15,000",8000.5,False,SELF,20000313,https://disclosures-clerk.house.gov/public_disc/ptr-pdfs/2014/20000313.pdf,3f4264113600a7dff7eefc7acebec5539b39d4748d42fc2022170ee2a70ee433,0
F000461,Bill Flores,house,Republican,TX17,,False,2014-01-27,2014-02-12,,Center Coast MlP & Infrastructure Fund,,Purchase,"$100,001 - $250,000",175000.5,False,SELF,20000313,https://disclosures-clerk.house.gov/public_disc/ptr-pdfs/2014/20000313.pdf,7a1586ba1d5dad60ae8fcc4063c47cf58424e02580b6610f90dc6e9dfc8a5d3c,0
F000461,Bill Flores,house,Republican,TX17,,False,2014-01-06,2014-02-12,,ClearBridge american Energy MlP Fund,,Purchase,"$250,001 - $500,000",375000.5,False,SELF,20000313,https://disclosures-clerk.house.gov/public_disc/ptr-pdfs/2014/20000313.pdf,b84f5af59863f9ce5d1d594a797017bb209ab5e31dbc180a0986a7d34611aede,0
F000461,Bill Flores,house,Republican,TX17,,False,2014-01-14,2014-02-12,,"EV Energy Partners, l.P. - common",,Sale,"$250,001 - $500,000",375000.5,False,SELF,20000313,https://disclosures-clerk.house.gov/public_disc/ptr-pdfs/2014/20000313.pdf,9cc731a8021c0720fb34ee85a3882c781b4537a68f5c2e0f0fb8a41cb6582465,0
F000461,Bill Flores,house,Republican,TX17,,False,2014-01-24,2014-02-12,,Targa Resources Partners lP Common,,Sale,"$250,001 - $500,000",375000.5,False,SELF,20000313,https://disclosures-clerk.house.gov/public_disc/ptr-pdfs/2014/20000313.pdf,44c34ca02ecf58a7f06c8f5a3da85f36c8e8a10a883a2f8bb5295ba5b4c5e182,0
F000461,Bill Flores,house,Republican,TX17,,False,2014-01-24,2014-02-12,,"MarkWest Energy Partners, lP Common",,Sale,"$250,001 - $500,000",375000.5,False,SELF,20000313,https://disclosures-clerk.house.gov/public_disc/ptr-pdfs/2014/20000313.pdf,1636cf2d7550562807c55c6ea0120cfdc1e2715e11a051b0c81897738f9390bb,0
F000461,Bill Flores,house,Republican,TX17,,False,2014-01-07,2014-02-12,GIS,"general Mills, Inc.",,Purchase,"$1,001 - $15,000",8000.5,False,SELF,20000313,https://disclosures-clerk.house.gov/public_disc/ptr-pdfs/2014/20000313.pdf,cf095e1d01a06227ed734417359db3fc23394cf0ad9077f506c0ee91a6ec82cb,0
F000461,Bill Flores,house,Republican,TX17,,False,2014-01-27,2014-02-12,TTP,"Tortoise Pipeline & Energy Fund, Inc.",,Purchase,"$100,001 - $250,000",175000.5,False,SELF,20000313,https://disclosures-clerk.house.gov/public_disc/ptr-pdfs/2014/20000313.pdf,8d232f3c5ea16d9c1a495fa4b3866bef68afcce97ad66c1557cca260945b23f9,1
F000461,Bill Flores,house,Republican,TX17,,False,2014-01-06,2014-02-12,CBA,ClearBridge american Energy MlP Fund Inc.,,Purchase,"$250,001 - $500,000",375000.5,False,SELF,20000313,https://disclosures-clerk.house.gov/public_disc/ptr-pdfs/2014/20000313.pdf,774fc06c9e339f2f21cd854bf33ecdca71d16e201d340f241ad72bc28446f8eb,0
F000461,Bill Flores,house,Republican,TX17,,False,2014-01-06,2014-02-12,,Tesoro logistics lP Common units,,Sale,"$250,001 - $500,000",375000.5,False,SELF,20000313,https://disclosures-clerk.house.gov/public_disc/ptr-pdfs/2014/20000313.pdf,4eeeea726d24826fbf72fdf1e0214d387e2febb5c31482c2864d48c4eccb4c9e,0
F000461,Bill Flores,house,Republican,TX17,,False,2014-01-06,2014-02-12,TLLP,Tesoro logistics lP Common units,,Sale,"$250,001 - $500,000",375000.5,False,SELF,20000313,https://disclosures-clerk.house.gov/public_disc/ptr-pdfs/2014/20000313.pdf,4eeeea726d24826fbf72fdf1e0214d387e2febb5c31482c2864d48c4eccb4c9e,1
F000461,Bill Flores,house,Republican,TX17,,False,2014-01-27,2014-02-12,CEN,Center Coast MlP & Infrastructure Fund,,Purchase,"$100,001 - $250,000",175000.5,False,SELF,20000313,https://disclosures-clerk.house.gov/public_disc/ptr-pdfs/2014/20000313.pdf,7a1586ba1d5dad60ae8fcc4063c47cf58424e02580b6610f90dc6e9dfc8a5d3c,1
F000461,Bill Flores,house,Republican,TX17,,False,2014-01-27,2014-02-12,,"Tortoise Pipeline & Energy Fund, Inc.",,Purchase,"$100,001 - $250,000",175000.5,False,SELF,20000313,https://disclosures-clerk.house.gov/public_disc/ptr-pdfs/2014/20000313.pdf,8d232f3c5ea16d9c1a495fa4b3866bef68afcce97ad66c1557cca260945b23f9,0
F000461,Bill Flores,house,Republican,TX17,,False,2014-01-14,2014-02-12,EVEP,"EV Energy Partners, l.P. - common interest",,Sale,"$250,001 - $500,000",375000.5,False,SELF,20000313,https://disclosures-clerk.house.gov/public_disc/ptr-pdfs/2014/20000313.pdf,46fa3845210128443ba16e38acbbfad83f3cbdd67998d65ec292c4d224f12046,0
F000461,Bill Flores,house,Republican,TX17,,False,2014-01-24,2014-02-12,MWE,"MarkWest Energy Partners, lP Common units",,Sale,"$250,001 - $500,000",375000.5,False,SELF,20000313,https://disclosures-clerk.house.gov/public_disc/ptr-pdfs/2014/20000313.pdf,a61f5e840109d567fc2181f596664c1ed8fcc3b0647a00cbe9e9ac88d71295e4,0
F000461,Bill Flores,house,Republican,TX17,,False,2014-01-27,2014-02-12,JMF,Nuveen Energy MlP Total Return Fund,,Purchase,"$100,001 - $250,000",175000.5,False,SELF,20000313,https://disclosures-clerk.house.gov/public_disc/ptr-pdfs/2014/20000313.pdf,3c795d90e0f2bd9ee9e3707db1e09ad41e6f53620d42d15ca8f1fe481646a739,1
F000461,Bill Flores,house,Republican,TX17,,False,2014-01-24,2014-02-12,NGLS,Targa Resources Partners lP Common Interests,,Sale,"$250,001 - $500,000",375000.5,False,SELF,20000313,https://disclosures-clerk.house.gov/public_disc/ptr-pdfs/2014/20000313.pdf,e4b130fefb5ea485bfe3676701a8251d079f82fbc9f526b286a67a53c38e1198,0
B000589,John A. Boehner,house,Republican,OH08,,False,2014-02-06,2014-02-07,DO,"Diamond Offshore Drilling, Inc.",,Sale,"$1,001 - $15,000",8000.5,False,SELF,20000284,https://disclosures-clerk.house.gov/public_disc/ptr-pdfs/2014/20000284.pdf,c7176850f647e3a9901df37ea34df3baa1fda0506fe5877ccc02e7ee38a49311,0
S000583,Lamar Smith,house,Republican,TX21,,False,2014-01-14,2014-02-06,LOW,"Lowe's Companies, Inc.",,Purchase,"$1,001 - $15,000",8000.5,False,SELF,20000237,https://disclosures-clerk.house.gov/public_disc/ptr-pdfs/2014/20000237.pdf,afebfac04bdb06c7c7dda0890b20f948c690419c04d1b837562180a9519b8b5c,0
S000583,Lamar Smith,house,Republican,TX21,,False,2014-01-09,2014-02-06,CTSH,Cognizant Technology Solutions Corporation - Class a,,Sale,"$1,001 - $15,000",8000.5,False,SELF,20000237,https://disclosures-clerk.house.gov/public_disc/ptr-pdfs/2014/20000237.pdf,2fea701672adda5cdae10b51bdd4a603b591037a194ba1c4d0380cde24096f30,0
S000583,Lamar Smith,house,Republican,TX21,,False,2014-01-22,2014-02-06,SRCL,"Stericycle, Inc.",,Purchase,"$1,001 - $15,000",8000.5,False,SELF,20000237,https://disclosures-clerk.house.gov/public_disc/ptr-pdfs/2014/20000237.pdf,3b2488004fd4d2ea88a328a3a12eb55e21eaabca7ba683e1c7ea8bd2c6e06f26,0
S000583,Lamar Smith,house,Republican,TX21,,False,2014-01-22,2014-02-06,SWI,"Solarwinds, Inc.",,Sale,"$1,001 - $15,000",8000.5,False,SELF,20000237,https://disclosures-clerk.house.gov/public_disc/ptr-pdfs/2014/20000237.pdf,c5a9c264125ce604ab97a23388a220fb3dc6bf50f302479e765a251d02df7c05,0
S000583,Lamar Smith,house,Republican,TX21,,False,2014-01-22,2014-02-06,PCP,Precision Castparts Corporation,,Sale,"$1,001 - $15,000",8000.5,False,SELF,20000237,https://disclosures-clerk.house.gov/public_disc/ptr-pdfs/2014/20000237.pdf,a835b8777dfb38177ff9e5888bf3a32ff990c018710c65e6f6f5ab20d0fa941d,0
S000583,Lamar Smith,house,Republican,TX21,,False,2014-01-21,2014-02-06,MA,Mastercard Incorporated,,Sale,"$1,001 - $15,000",8000.5,False,SELF,20000237,https://disclosures-clerk.house.gov/public_disc/ptr-pdfs/2014/20000237.pdf,adbe2c8fc26c3e9382a390f4150bf348f1c023d6dcb066471b4ab52253323e0f,0
S000583,Lamar Smith,house,Republican,TX21,,False,2014-01-22,2014-02-06,FFIV,"F5 Networks, Inc.",,Purchase,"$1,001 - $15,000",8000.5,False,SELF,20000237,https://disclosures-clerk.house.gov/public_disc/ptr-pdfs/2014/20000237.pdf,d258e4ae42ab1ddfd355dab4f28ef9aeef5b86e48f0acffa258bff69f7c1e472,0
S000583,Lamar Smith,house,Republican,TX21,,False,2014-01-15,2014-02-06,IPGP,IPg Photonics Corporation,,Purchase,"$1,001 - $15,000",8000.5,False,SELF,20000237,https://disclosures-clerk.house.gov/public_disc/ptr-pdfs/2014/20000237.pdf,49dd15bbb4de39799c33588deb26934d291bf2f176eaade1df22260fda352aa6,0
S000583,Lamar Smith,house,Republican,TX21,,False,2014-01-28,2014-02-06,FFIV,"F5 Networks, Inc.",,Purchase,"$1,001 - $15,000",8000.5,False,SELF,20000237,https://disclosures-clerk.house.gov/public_disc/ptr-pdfs/2014/20000237.pdf,dd110e992274a6b0818de1f7bd920788ee3b21b4a63c6468e6e890baded3c707,0
S000583,Lamar Smith,house,Republican,TX21,,False,2014-01-23,2014-02-06,EBAY,ebay Inc.,,Sale,"$1,001 - $15,000",8000.5,False,SELF,20000237,https://disclosures-clerk.house.gov/public_disc/ptr-pdfs/2014/20000237.pdf,712aa886255256b7ae8be51d665bcfe67d24273eca50f98aa57c97252d7ea5fc,0
S000583,Lamar Smith,house,Republican,TX21,,False,2014-01-15,2014-02-06,EBAY,ebay Inc.,,Sale,"$1,001 - $15,000",8000.5,False,SELF,20000237,https://disclosures-clerk.house.gov/public_disc/ptr-pdfs/2014/20000237.pdf,3ce6e738b65275ef7e2213682de8f7afbadbb3d23d2d45529e2b10260cdd8c00,0
S000583,Lamar Smith,house,Republican,TX21,,False,2014-01-07,2014-02-06,EBAY,ebay Inc.,,Sale,"$1,001 - $15,000",8000.5,False,SELF,20000237,https://disclosures-clerk.house.gov/public_disc/ptr-pdfs/2014/20000237.pdf,7864267f2e8abdf312151a07a7b39ed5412c441b28f311a0431092e97509a6ae,0
S000583,Lamar Smith,house,Republican,TX21,,False,2014-01-09,2014-02-06,,Cognizant Technology Solutions,,Sale,"$1,001 - $15,000",8000.5,False,SELF,20000237,https://disclosures-clerk.house.gov/public_disc/ptr-pdfs/2014/20000237.pdf,a7908a0222cfa1e06ceee49cb0a328d38ae850deb74a52254cbd9c07ea5d133e,0
S000583,Lamar Smith,house,Republican,TX21,,False,2014-01-09,2014-02-06,BWA,borgWarner Inc.,,Purchase,"$1,001 - $15,000",8000.5,False,SELF,20000237,https://disclosures-clerk.house.gov/public_disc/ptr-pdfs/2014/20000237.pdf,138cb8a5c054210ecefe3ab942b1cde110c629bd72d08597f73a839579cef6c2,0
S000583,Lamar Smith,house,Republican,TX21,,False,2014-01-09,2014-02-06,AKAM,"akamai Technologies, Inc.",,Purchase,"$1,001 - $15,000",8000.5,False,SELF,20000237,https://disclosures-clerk.house.gov/public_disc/ptr-pdfs/2014/20000237.pdf,7963a1e8e997b16394e075edd0fce5f251343ca68ebd3127b130993ca033c77f,0
S000583,Lamar Smith,house,Republican,TX21,,False,2014-01-07,2014-02-06,GWRE,"guidewire Software, Inc.",,Purchase,"$1,001 - $15,000",8000.5,False,SELF,20000237,https://disclosures-clerk.house.gov/public_disc/ptr-pdfs/2014/20000237.pdf,fa84cc5b6bef50b76f99e9787929473e9a8989823ab1a3620afb9f41ec7fb2fd,0
G000551,Raúl M. Grijalva,house,Democrat,AZ03,,False,2014-01-29,2014-02-05,BAC,Bank of america Corporation,,Purchase,"$1,001 - $15,000",8000.5,False,SP,20000236,https://disclosures-clerk.house.gov/public_disc/ptr-pdfs/2014/20000236.pdf,f454fb6119fbd8b2e9804d9617c4bda0a87c9ef9426460e8cf9fba3f60ccc214,0
G000551,Raúl M. Grijalva,house,Democrat,AZ03,,False,2014-01-29,2014-02-05,,Nuveen Diversified Dividend and,,Sale,"$1,001 - $15,000",8000.5,False,SP,20000236,https://disclosures-clerk.house.gov/public_disc/ptr-pdfs/2014/20000236.pdf,543cee328ac6d02a1d48c03f94dd5e50830cbdea7baa8914a2f848fc8adb7a21,0
G000551,Raúl M. Grijalva,house,Democrat,AZ03,,False,2014-01-15,2014-02-05,,Qwest Corporation 6.125% Notes due,,Sale,"$1,001 - $15,000",8000.5,False,SP,20000236,https://disclosures-clerk.house.gov/public_disc/ptr-pdfs/2014/20000236.pdf,9b29769f895bc8469ee28fffc0a54c9cb81f7324dfdcc6d3cdbe85959d5e2dd3,0
G000551,Raúl M. Grijalva,house,Democrat,AZ03,,False,2014-01-29,2014-02-05,IBM,International Business Machines Corporation,,Sale,"$1,001 - $15,000",8000.5,False,SP,20000236,https://disclosures-clerk.house.gov/public_disc/ptr-pdfs/2014/20000236.pdf,09fb3c6db3d02e309e451e0cdec3f4d66e0991cd87cd9978f07ca55e69935968,0
G000551,Raúl M. Grijalva,house,Democrat,AZ03,,False,2014-01-29,2014-02-05,JDD,Nuveen Diversified Dividend and Interest,,Sale,"$1,001 - $15,000",8000.5,False,SP,20000236,https://disclosures-clerk.house.gov/public_disc/ptr-pdfs/2014/20000236.pdf,6082e55bce8fa74d493d0fdeeb8014047aa796b3b557db374de707767d3b5b01,0
G000551,Raúl M. Grijalva,house,Democrat,AZ03,,False,2014-01-15,2014-02-05,CTY,Qwest Corporation 6.125% Notes due 2053,,Sale,"$1,001 - $15,000",8000.5,False,SP,20000236,https://disclosures-clerk.house.gov/public_disc/ptr-pdfs/2014/20000236.pdf,7b176bd41b60f8961fc14cb6a8a1d8041a62bdd35d28f0265bf60ea2a83a7d47,0
G000551,Raúl M. Grijalva,house,Democrat,AZ03,,False,2014-01-15,2014-02-05,AA,alcoa Inc.,,Purchase,"$1,001 - $15,000",8000.5,False,SP,20000236,https://disclosures-clerk.house.gov/public_disc/ptr-pdfs/2014/20000236.pdf,c4160d412a8044cd2ee3ec1158a1fb1b86bd58ed865675a6205fcc3f92fd9ab8,0
G000551,Raúl M. Grijalva,house,Democrat,AZ03,,False,2014-01-29,2014-02-05,AAPL,apple Inc.,,Purchase,"$1,001 - $15,000",8000.5,False,SP,20000236,https://disclosures-clerk.house.gov/public_disc/ptr-pdfs/2014/20000236.pdf,4b85c4d9a3920d6a7c84427218c0cba28e53256d0329b6096c8499fdb3e8c372,0
G000551,Raúl M. Grijalva,house,Democrat,AZ03,,False,2014-01-15,2014-02-05,INTC,Intel Corporation,,Purchase,"$1,001 - $15,000",8000.5,False,SP,20000236,https://disclosures-clerk.house.gov/public_disc/ptr-pdfs/2014/20000236.pdf,9bd5b5ac06767f18c98491b907056de8a5e311f6620c68232e4e71014d930011,0
G000551,Raúl M. Grijalva,house,Democrat,AZ03,,False,2014-01-29,2014-02-05,,International Business Machines,,Sale,"$1,001 - $15,000",8000.5,False,SP,20000236,https://disclosures-clerk.house.gov/public_disc/ptr-pdfs/2014/20000236.pdf,6d1bb26adb7c7a12f18f3da49a88036134992f5ecdc50dcf6081bd35686edf84,0
H000636,Rubén Hinojosa,house,Democrat,TX15,,False,2014-01-24,2014-02-04,TM,Toyota Motor Corporation,,Sale,"$1,001 - $15,000",8000.5,False,SP,20000229,https://disclosures-clerk.house.gov/public_disc/ptr-pdfs/2014/20000229.pdf,791894ab5ce752c2d54c766041b5ba38ff443818207450a383498615e217ff9d,0
H000636,Rubén Hinojosa,house,Democrat,TX15,,False,2014-01-16,2014-02-04,BAC,Bank of america Corporation,,Purchase,"$1,001 - $15,000",8000.5,False,SP,20000229,https://disclosures-clerk.house.gov/public_disc/ptr-pdfs/2014/20000229.pdf,5e3b722f446bf737b863c47e801d4a3492352b25665c5ef3e7ba6021afd38271,0
H000636,Rubén Hinojosa,house,Democrat,TX15,,False,2014-01-16,2014-02-04,BAC,Bank of america Corporation,,Purchase,"$1,001 - $15,000",8000.5,False,SP,20000229,https://disclosures-clerk.house.gov/public_disc/ptr-pdfs/2014/20000229.pdf,5e3b722f446bf737b863c47e801d4a3492352b25665c5ef3e7ba6021afd38271,1
H000636,Rubén Hinojosa,house,Democrat,TX15,,False,2014-01-24,2014-02-04,BIIB,Biogen Idec Inc.,,Purchase,"$1,001 - $15,000",8000.5,False,SP,20000229,https://disclosures-clerk.house.gov/public_disc/ptr-pdfs/2014/20000229.pdf,4640ded1fcebf06116f225893ad7a639062bc96eb106e9106708afb4a58c3822,0
H000636,Rubén Hinojosa,house,Democrat,TX15,,False,2014-01-24,2014-02-04,BIIB,Biogen Idec Inc.,,Purchase,"$1,001 - $15,000",8000.5,False,SP,20000229,https://disclosures-clerk.house.gov/public_disc/ptr-pdfs/2014/20000229.pdf,4640ded1fcebf06116f225893ad7a639062bc96eb106e9106708afb4a58c3822,1
H000636,Rubén Hinojosa,house,Democrat,TX15,,False,2014-01-24,2014-02-04,BIIB,Biogen Idec Inc.,,Purchase,"$1,001 - $15,000",8000.5,False,DC,20000229,https://disclosures-clerk.house.gov/public_disc/ptr-pdfs/2014/20000229.pdf,98d1c601f8a4ccbfbcbb44d52f8cffd02ec1dc9ea97052168b3f7d362fc093c3,0
H000636,Rubén Hinojosa,house,Democrat,TX15,,False,2014-01-24,2014-02-04,SPHQ,Powershares s&P 500 High Quality Portfolio,,Purchase,"$1,001 - $15,000",8000.5,False,SP,20000229,https://disclosures-clerk.house.gov/public_disc/ptr-pdfs/2014/20000229.pdf,fa792383791da625e0bbc1541e712655e00fd82829fa1686a7de112eced10e5a,0
H000636,Rubén Hinojosa,house,Democrat,TX15,,False,2014-01-24,2014-02-04,BIDU,"Baidu, Inc. - american Depositary Class a ordinary share",,Purchase,"$1,001 - $15,000",8000.5,False,DC,20000229,https://disclosures-clerk.house.gov/public_disc/ptr-pdfs/2014/20000229.pdf,0ab69eccd77e563c8f6dc127d06bda9ddf6e6495950c5b782c48928aec912fe7,0
H000636,Rubén Hinojosa,house,Democrat,TX15,,False,2014-01-16,2014-02-04,PRU,"Prudential Financial, Inc.",,Purchase,"$1,001 - $15,000",8000.5,False,DC,20000229,https://disclosures-clerk.house.gov/public_disc/ptr-pdfs/2014/20000229.pdf,edd549d43e7fc7d6b84e6dfba505bdf6bb86601b54b76e5bcaa989d1980697ae,0
H000636,Rubén Hinojosa,house,Democrat,TX15,,False,2014-01-24,2014-02-04,AMZN,"amazon.com, Inc.",,Purchase,"$1,001 - $15,000",8000.5,False,DC,20000229,https://disclosures-clerk.house.gov/public_disc/ptr-pdfs/2014/20000229.pdf,40a254b3a1ef1553e848c276ee9b1c04c667e7871f35b38911a4203d21979993,0
H000636,Rubén Hinojosa,house,Democrat,TX15,,False,2014-01-10,2014-02-04,PCLN,priceline.com Incorporated,,Purchase,"$15,001 - $50,000",32500.5,False,SP,20000229,https://disclosures-clerk.house.gov/public_disc/ptr-pdfs/2014/20000229.pdf,df692970c3af5cffdc7577f532af30012d0cb8f88bcf83e88c04dcc5ad293ce9,0
H000636,Rubén Hinojosa,house,Democrat,TX15,,False,2014-01-24,2014-02-04,BIIB,Biogen Idec Inc.,,Purchase,"$1,001 - $15,000",8000.5,False,DC,20000229,https://disclosures-clerk.house.gov/public_disc/ptr-pdfs/2014/20000229.pdf,98d1c601f8a4ccbfbcbb44d52f8cffd02ec1dc9ea97052168b3f7d362fc093c3,1
H000636,Rubén Hinojosa,house,Democrat,TX15,,False,2014-01-24,2014-02-04,CSCO,"Cisco systems, Inc.",,Sale,"$1,001 - $15,000",8000.5,False,DC,20000229,https://disclosures-clerk.house.gov/public_disc/ptr-pdfs/2014/20000229.pdf,8da5385e54a8f291ad3799e21483f69d93754ea309b3b76991d56fcf84c0533c,0
H000636,Rubén Hinojosa,house,Democrat,TX15,,False,2014-01-24,2014-02-04,CMI,Cummins Inc.,,Purchase,"$1,001 - $15,000",8000.5,False,DC,20000229,https://disclosures-clerk.house.gov/public_disc/ptr-pdfs/2014/20000229.pdf,e6921c8114d9f4c1f451569a2f890b9ab8b0671193fe7b942b78115e982aecbb,0
H000636,Rubén Hinojosa,house,Democrat,TX15,,False,2014-01-23,2014-02-04,HBI,Hanesbrands Inc.,,Purchase,"$1,001 - $15,000",8000.5,False,SP,20000229,https://disclosures-clerk.house.gov/public_disc/ptr-pdfs/2014/20000229.pdf,f582d7ca1377e3a6e8af1ea4269d0e6e7eede33aff20f8e5402034ebd1e362b8,0
H000636,Rubén Hinojosa,house,Democrat,TX15,,False,2014-01-23,2014-02-04,HBI,Hanesbrands Inc.,,Purchase,"$1,001 - $15,000",8000.5,False,SP,20000229,https://disclosures-clerk.house.gov/public_disc/ptr-pdfs/2014/20000229.pdf,f582d7ca1377e3a6e8af1ea4269d0e6e7eede33aff20f8e5402034ebd1e362b8,1
H000636,Rubén Hinojosa,house,Democrat,TX15,,False,2014-01-24,2014-02-04,,Powershares s&P 500 High Quality,,Purchase,"$1,001 - $15,000",8000.5,False,SP,20000229,https://disclosures-clerk.house.gov/public_disc/ptr-pdfs/2014/20000229.pdf,497e613f4e924bb9ff876942849cb715cab909f3362abe1bb19e3ba6d4e3182a,0
H000636,Rubén Hinojosa,house,Democrat,TX15,,False,2014-01-24,2014-02-04,,"Baidu, Inc. - american Depositary",,Purchase,"$1,001 - $15,000",8000.5,False,DC,20000229,https://disclosures-clerk.house.gov/public_disc/ptr-pdfs/2014/20000229.pdf,560b9c4cba909cc36392b6181d9f775f54ad3b531115f70b18bd4e0f066392b9,0
H000636,Rubén Hinojosa,house,Democrat,TX15,,False,2014-01-10,2014-02-04,PCLN,priceline.com Incorporated,,Purchase,"$1,001 - $15,000",8000.5,False,DC,20000229,https://disclosures-clerk.house.gov/public_disc/ptr-pdfs/2014/20000229.pdf,a865ea36b499c02a98996bc53a8079e530c991305699084688a4c8b8814b3157,0
C001046,Eric Cantor,house,Republican,VA07,,False,2014-01-31,2014-02-03,,"Omega advisors, Inc. Multi-Market",,Sale,"$15,001 - $50,000",32500.5,False,SELF,20000228,https://disclosures-clerk.house.gov/public_disc/ptr-pdfs/2014/20000228.pdf,23efd402a1259ed84a201b5a7137334bf2645303f3df757136c7bac16dadebf0,0
L000579,Alan S. Lowenthal,house,Democrat,CA47,,False,2014-01-15,2014-01-26,IHS,IHS Inc. IHS Inc. Class A,,Purchase,"$1,001 - $15,000",8000.5,False,SP,20000168,https://disclosures-clerk.house.gov/public_disc/ptr-pdfs/2014/20000168.pdf,9aa688f96f7dee979ec164bb9e8c1afb0c80437f87de7943cc44210735112842,0
C001046,Eric Cantor,house,Republican,VA07,,False,2014-01-16,2014-01-24,,"Plum Creek Timber Company, Inc.",,Sale,"$15,001 - $50,000",32500.5,False,SELF,20000165,https://disclosures-clerk.house.gov/public_disc/ptr-pdfs/2014/20000165.pdf,665d942cf29f35768ca3c957bcf9645ca4650f7d66ce8553f9ddb5be2b962791,0
C001046,Eric Cantor,house,Republican,VA07,,False,2014-01-16,2014-01-24,PCL,"Plum Creek Timber Company, Inc.",,Sale,"$15,001 - $50,000",32500.5,False,SELF,20000165,https://disclosures-clerk.house.gov/public_disc/ptr-pdfs/2014/20000165.pdf,665d942cf29f35768ca3c957bcf9645ca4650f7d66ce8553f9ddb5be2b962791,1
C001046,Eric Cantor,house,Republican,VA07,,False,2014-01-16,2014-01-24,SLB,schlumberger N.V.,,Sale,"$15,001 - $50,000",32500.5,False,SELF,20000165,https://disclosures-clerk.house.gov/public_disc/ptr-pdfs/2014/20000165.pdf,082da1a0e23fcc33d5386a02167fab9114a62dd26a508fcf243b94e7b51c26dc,0
C001046,Eric Cantor,house,Republican,VA07,,False,2014-01-16,2014-01-24,STI,"sunTrust Banks, Inc.",,Sale,"$1,001 - $15,000",8000.5,False,SELF,20000165,https://disclosures-clerk.house.gov/public_disc/ptr-pdfs/2014/20000165.pdf,6d0c94fe3d10dd9cf185ac5d81425ca0fe18cc19f18eff3eea0e61438350cc5e,0
C001046,Eric Cantor,house,Republican,VA07,,False,2014-01-16,2014-01-24,,Royal Dutch shell PlC Royal Dutch,,Sale,"$1,001 - $15,000",8000.5,False,SELF,20000165,https://disclosures-clerk.house.gov/public_disc/ptr-pdfs/2014/20000165.pdf,f2b1f2130206e61f02aedf24776875f5b2b5a0ee1a5e782f945c38b28e71b106,0
C001046,Eric Cantor,house,Republican,VA07,,False,2014-01-01,2014-01-24,,"Thirteen Partners Private Equity 3 gP,",,Purchase,"$15,001 - $50,000",32500.5,False,SELF,20000165,https://disclosures-clerk.house.gov/public_disc/ptr-pdfs/2014/20000165.pdf,aa5d1613fd6b906565068d6221bb69919b579e4a78c470c37185da9a6a86ed86,0
C001046,Eric Cantor,house,Republican,VA07,,False,2014-01-16,2014-01-24,DIS,Walt Disney Company,,Sale,"$15,001 - $50,000",32500.5,False,SELF,20000165,https://disclosures-clerk.house.gov/public_disc/ptr-pdfs/2014/20000165.pdf,98943cb12d3626978bccd84f6ab867d85219a09f54f5bb0ec5dcfb13242f6671,0
C001046,Eric Cantor,house,Republican,VA07,,False,2014-01-16,2014-01-24,WY,Weyerhaeuser Company,,Sale,"$1,001 - $15,000",8000.5,False,SELF,20000165,https://disclosures-clerk.house.gov/public_disc/ptr-pdfs/2014/20000165.pdf,830bc8d837975c96532d980d319a82ddaa50c6a9136e9ae6b9291a9f6f100330,0
C001046,Eric Cantor,house,Republican,VA07,,False,2014-01-16,2014-01-24,ADM,Type Date archer-Daniels-Midland Company,,Sale,"$1,001 - $15,000",8000.5,False,SELF,20000165,https://disclosures-clerk.house.gov/public_disc/ptr-pdfs/2014/20000165.pdf,91fe0ae5a55f0ba8f375ef63ff3d06c88dcc9521ad839412e1bf3c40e3779d29,0
C001046,Eric Cantor,house,Republican,VA07,,False,2014-01-16,2014-01-24,RDS.A,Royal Dutch shell PlC Royal Dutch,,Sale,"$1,001 - $15,000",8000.5,False,SELF,20000165,https://disclosures-clerk.house.gov/public_disc/ptr-pdfs/2014/20000165.pdf,f2b1f2130206e61f02aedf24776875f5b2b5a0ee1a5e782f945c38b28e71b106,1
C001046,Eric Cantor,house,Republican,VA07,,False,2014-01-16,2014-01-24,MRH,Montpelier Re Holdings ltd.,,Sale,"$1,001 - $15,000",8000.5,False,SELF,20000165,https://disclosures-clerk.house.gov/public_disc/ptr-pdfs/2014/20000165.pdf,c94d85d847f4a37e79360af6fe1e3dd81e6b9c13f10595b116a4a3d52e9fa06c,0
C001046,Eric Cantor,house,Republican,VA07,,False,2014-01-16,2014-01-24,,archer-Daniels-Midland Company,,Sale,"$1,001 - $15,000",8000.5,False,SELF,20000165,https://disclosures-clerk.house.gov/public_disc/ptr-pdfs/2014/20000165.pdf,95c258f623b6952b88f39dfe76b0ba972e3db0fc3cfe812ef35b7bfb469abaad,0
C001046,Eric Cantor,house,Republican,VA07,,False,2014-01-16,2014-01-24,CPHD,CEPHEID,,Sale,"$1,001 - $15,000",8000.5,False,SELF,20000165,https://disclosures-clerk.house.gov/public_disc/ptr-pdfs/2014/20000165.pdf,b66e3052de8b2f3072b19f1cbc429b6e47bb2ff910dd4403577296d952d27434,0
C001046,Eric Cantor,house,Republican,VA07,,False,2014-01-16,2014-01-24,MSB,Mesabi Trust,,Purchase,"$15,001 - $50,000",32500.5,False,SELF,20000165,https://disclosures-clerk.house.gov/public_disc/ptr-pdfs/2014/20000165.pdf,941939e1b9273474b93878bb3e07b87b93940d90300b6c00ef4c4a516b6ac58d,0
L000480,Nita M. Lowey,house,Democrat,NY17,,False,2014-01-13,2014-01-23,,Parkstone Capital Partners III LP PEF,,Purchase,"$100,001 - $250,000",175000.5,False,SP,20000162,https://disclosures-clerk.house.gov/public_disc/ptr-pdfs/2014/20000162.pdf,ca129ad0cabb0848f33cfa60e3ff42fd4e634d0ed5d908baa8f22bbf3264c968,0
G000563,Bob Gibbs,house,Republican,OH07,,False,2014-01-15,2014-01-22,B,"Barnes Group, Inc.",,Purchase,"$1,001 - $15,000",8000.5,False,SELF,20000134,https://disclosures-clerk.house.gov/public_disc/ptr-pdfs/2014/20000134.pdf,a3e53cd102a42194704bc3d448dfa46286ecfade2e8f545b856b9ccae20748ff,0
S000583,Lamar Smith,house,Republican,TX21,,False,2013-12-11,2014-01-16,CAM,Cameron International Corporation,,Sale,"$1,001 - $15,000",8000.5,False,SELF,20000029,https://disclosures-clerk.house.gov/public_disc/ptr-pdfs/2014/20000029.pdf,700f95471e23a83e6a9e1daea36e57e856448ad14658ab00a6f36e0f395d93c0,1
S000583,Lamar Smith,house,Republican,TX21,,False,2013-12-13,2014-01-16,TDG,Transdigm group Incorporated Transdigm group Inc.,,Purchase,"$1,001 - $15,000",8000.5,False,SELF,20000029,https://disclosures-clerk.house.gov/public_disc/ptr-pdfs/2014/20000029.pdf,c23b1fa9a4a7d8df52ac28af4de70c87b1f1cfcf3b5332c9d7c9113efdf97768,0
S000583,Lamar Smith,house,Republican,TX21,,False,2013-12-20,2014-01-16,AAPL,apple Inc.,,Sale,"$1,001 - $15,000",8000.5,False,SELF,20000029,https://disclosures-clerk.house.gov/public_disc/ptr-pdfs/2014/20000029.pdf,1a4036a1d8e3359c280980cba6fd3259c8245fba18523e70c10948366ccd3e23,0
S000583,Lamar Smith,house,Republican,TX21,,False,2013-12-11,2014-01-16,BWA,borgWarner Inc.,,Purchase,"$1,001 - $15,000",8000.5,False,SELF,20000029,https://disclosures-clerk.house.gov/public_disc/ptr-pdfs/2014/20000029.pdf,a2dc7d3f5f4e767cf53f0e0e205c370bc42ff1a702bc12a0eb6768f21108bea0,0
S000583,Lamar Smith,house,Republican,TX21,,False,2013-12-10,2014-01-16,AAPL,apple Inc.,,Sale,"$1,001 - $15,000",8000.5,False,SELF,20000029,https://disclosures-clerk.house.gov/public_disc/ptr-pdfs/2014/20000029.pdf,a29fd8f439b8faac1914f722f7bc86b1521841a586467a6683792ee05bfd868d,0
S000583,Lamar Smith,house,Republican,TX21,,False,2013-12-11,2014-01-16,WLL,Whiting Petroleum Corporation,,Sale,"$1,001 - $15,000",8000.5,False,SELF,20000029,https://disclosures-clerk.house.gov/public_disc/ptr-pdfs/2014/20000029.pdf,eb16679868e1156ea4dfa583b29dd98a716243ec28501bf0ada890ee264df1f8,0
S000583,Lamar Smith,house,Republican,TX21,,False,2013-12-06,2014-01-16,DKS,dick's Sporting goods Inc,,Sale,"$1,001 - $15,000",8000.5,False,SELF,20000029,https://disclosures-clerk.house.gov/public_disc/ptr-pdfs/2014/20000029.pdf,9f503214466cc1d06822b3f97930f8e18348be7e1c121d85a3a6502e0a763da1,0
S000583,Lamar Smith,house,Republican,TX21,,False,2013-12-13,2014-01-16,,Transdigm group Incorporated,,Purchase,"$1,001 - $15,000",8000.5,False,SELF,20000029,https://disclosures-clerk.house.gov/public_disc/ptr-pdfs/2014/20000029.pdf,881e34cf5527a0b97f1cfddb84eaaa4bb6fd983818792e1c36f5e05bf4b673c9,0
S000583,Lamar Smith,house,Republican,TX21,,False,2013-12-11,2014-01-16,,Cameron International Corporation,,Sale,"$1,001 - $15,000",8000.5,False,SELF,20000029,https://disclosures-clerk.house.gov/public_disc/ptr-pdfs/2014/20000029.pdf,700f95471e23a83e6a9e1daea36e57e856448ad14658ab00a6f36e0f395d93c0,0
S000583,Lamar Smith,house,Republican,TX21,,False,2013-12-18,2014-01-16,CTRX,Catamaran Corporation,,Purchase,"$1,001 - $15,000",8000.5,False,SELF,20000029,https://disclosures-clerk.house.gov/public_disc/ptr-pdfs/2014/20000029.pdf,0d87911d526782d8062622d0c3150d641d6ec90e2ef2df6712bd3a7e22f806b5,0
S000583,Lamar Smith,house,Republican,TX21,,False,2013-12-18,2014-01-16,CTXS,"Citrix Systems, Inc.",,Sale,"$1,001 - $15,000",8000.5,False,SELF,20000029,https://disclosures-clerk.house.gov/public_disc/ptr-pdfs/2014/20000029.pdf,cc2d4bd0edc752e273587f0c7d90e968079b8602be36b96ca43c5d8d0d12a329,0
S000583,Lamar Smith,house,Republican,TX21,,False,2013-12-19,2014-01-16,CTXS,"Citrix Systems, Inc.",,Sale,"$1,001 - $15,000",8000.5,False,SELF,20000029,https://disclosures-clerk.house.gov/public_disc/ptr-pdfs/2014/20000029.pdf,b0e201fea40965d88a17a840d0f079e794dbbd44aa55a93f836b0e7b76608da1,0
S000583,Lamar Smith,house,Republican,TX21,,False,2013-12-24,2014-01-16,CTRX,Catamaran Corporation,,Purchase,"$1,001 - $15,000",8000.5,False,SELF,20000029,https://disclosures-clerk.house.gov/public_disc/ptr-pdfs/2014/20000029.pdf,a053981743abf5388a0dbad12595352d6bb64847ec7896a345b8d523eaa41702,0
S000583,Lamar Smith,house,Republican,TX21,,False,2013-12-24,2014-01-16,FAST,Fastenal Company,,Purchase,"$1,001 - $15,000",8000.5,False,SELF,20000029,https://disclosures-clerk.house.gov/public_disc/ptr-pdfs/2014/20000029.pdf,c35efb49a50a25a0d67b3a43eb3e2bb8c5961010b0fd7c219da10922073aca19,0
S000583,Lamar Smith,house,Republican,TX21,,False,2013-12-11,2014-01-16,JEC,Jacobs Engineering group Inc.,,Purchase,"$1,001 - $15,000",8000.5,False,SELF,20000029,https://disclosures-clerk.house.gov/public_disc/ptr-pdfs/2014/20000029.pdf,3e50707be4cb45ca6766bb48ab948a80bb6d2e1222fc7cc2d531779b7c221cf0,0
S000583,Lamar Smith,house,Republican,TX21,,False,2013-12-30,2014-01-16,RPXC,RPX Corporation,,Purchase,"$1,001 - $15,000",8000.5,False,SELF,20000029,https://disclosures-clerk.house.gov/public_disc/ptr-pdfs/2014/20000029.pdf,e0609a42053d57a54d4ba9330f260b5b6bcd53aa69468575d8515e94a8fd62bc,0
H001051,Richard L. Hanna,house,Republican,NY22,,False,2013-12-05,2014-01-15,MCD,McDonald's Corporation,,Sale,"$15,001 - $50,000",32500.5,False,SELF,20000070,https://disclosures-clerk.house.gov/public_disc/ptr-pdfs/2014/20000070.pdf,88b67f5c2b6fb504b9bb5b671ab4552877404ead5ab002d913ebef8aa8889175,0
H001051,Richard L. Hanna,house,Republican,NY22,,False,2013-12-30,2014-01-15,DGX,Quest Diagnostics Incorporated,,Sale,"$1,001 - $15,000",8000.5,False,SELF,20000070,https://disclosures-clerk.house.gov/public_disc/ptr-pdfs/2014/20000070.pdf,d6f6c69ac1090acd93ba3da48182df781bb3c5931791a042b1deb5b4259f52ab,0
H001051,Richard L. Hanna,house,Republican,NY22,,False,2013-12-24,2014-01-15,NOV,"National oilwell Varco, Inc.",,Purchase,"$15,001 - $50,000",32500.5,False,SELF,20000070,https://disclosures-clerk.house.gov/public_disc/ptr-pdfs/2014/20000070.pdf,9d65f5e32ebe7516f97c1cee6302dde411cfe5292c3aeb01f3ca1782cd0468e5,0
H001051,Richard L. Hanna,house,Republican,NY22,,False,2013-12-26,2014-01-15,NOV,"National oilwell Varco, Inc.",,Purchase,"$15,001 - $50,000",32500.5,False,SELF,20000070,https://disclosures-clerk.house.gov/public_disc/ptr-pdfs/2014/20000070.pdf,189a95405ceb9b16464b4454a04f55a447ef78fae4544d1dd8648526b2083081,0
H001051,Richard L. Hanna,house,Republican,NY22,,False,2013-12-26,2014-01-15,KKD,"Krispy Kreme Doughnuts, Inc.",,Purchase,"$15,001 - $50,000",32500.5,False,SELF,20000070,https://disclosures-clerk.house.gov/public_disc/ptr-pdfs/2014/20000070.pdf,c71d6eac8990556cb7d6324c070efbebcac3a6d7bdff0b4850c43cfdd4bd90e7,0
H001051,Richard L. Hanna,house,Republican,NY22,,False,2013-12-30,2014-01-15,,"PNC Financial Services group, Inc.",,Sale,"$1,001 - $15,000",8000.5,False,SELF,20000070,https://disclosures-clerk.house.gov/public_disc/ptr-pdfs/2014/20000070.pdf,0a67f235793dc10dd0beb8e6bbcbbe012d02761d2b0121d58511238f36eb346e,0
H001051,Richard L. Hanna,house,Republican,NY22,,False,2013-12-27,2014-01-15,QQQ,"PowerShares QQQ Trust, Series 1",,Purchase,"$100,001 - $250,000",175000.5,False,SELF,20000070,https://disclosures-clerk.house.gov/public_disc/ptr-pdfs/2014/20000070.pdf,d8e733d430ffe61980f25a43b1d24ed3ccfd6efd823266bd31ef25ba06a54ef3,0
H001051,Richard L. Hanna,house,Republican,NY22,,False,2013-12-30,2014-01-15,QQQ,"PowerShares QQQ Trust, Series 1",,Purchase,"$15,001 - $50,000",32500.5,False,SELF,20000070,https://disclosures-clerk.house.gov/public_disc/ptr-pdfs/2014/20000070.pdf,f78ce5116d3711882aef4c0a88423a55cbe413a534d1185fc09b13aac4eebd06,0
H001051,Richard L. Hanna,house,Republican,NY22,,False,2013-12-27,2014-01-15,DGX,Quest Diagnostics Incorporated,,Sale,"$100,001 - $250,000",175000.5,False,SELF,20000070,https://disclosures-clerk.house.gov/public_disc/ptr-pdfs/2014/20000070.pdf,a48f0763fa40cd77914c41259ee5d37fe9bc293e1e6efcf628c6c31b40b8bdb6,0
H001051,Richard L. Hanna,house,Republican,NY22,,False,2013-12-30,2014-01-15,,"Scripps Networks Interactive, Inc",,Sale,"$1,001 - $15,000",8000.5,False,SELF,20000070,https://disclosures-clerk.house.gov/public_disc/ptr-pdfs/2014/20000070.pdf,7da250501d60d86be5b7cd2043b44607bc7b14e79d9a387e09045c248d9a7f3c,0
H001051,Richard L. Hanna,house,Republican,NY22,,False,2013-12-23,2014-01-15,SLB,Schlumberger N.V.,,Purchase,"$15,001 - $50,000",32500.5,False,SELF,20000070,https://disclosures-clerk.house.gov/public_disc/ptr-pdfs/2014/20000070.pdf,68cf69a8a39dd73f328464812d494abbe4dbc9fe5608e25d951b04ad09575f9a,0
H001051,Richard L. Hanna,house,Republican,NY22,,False,2013-12-30,2014-01-15,SNI,"Scripps Networks Interactive, Inc Common Class a",,Sale,"$1,001 - $15,000",8000.5,False,SELF,20000070,https://disclosures-clerk.house.gov/public_disc/ptr-pdfs/2014/20000070.pdf,0015345110f79f190bc31855d305c64bec4603b59e15af0fb3bdc8874d17e205,0
H001051,Richard L. Hanna,house,Republican,NY22,,False,2013-12-30,2014-01-15,PNC,"PNC Financial Services group, Inc.",,Sale,"$1,001 - $15,000",8000.5,False,SELF,20000070,https://disclosures-clerk.house.gov/public_disc/ptr-pdfs/2014/20000070.pdf,0a67f235793dc10dd0beb8e6bbcbbe012d02761d2b0121d58511238f36eb346e,1
H001051,Richard L. Hanna,house,Republican,NY22,,False,2013-12-19,2014-01-15,SLB,Schlumberger N.V.,,Sale,"$1,001 - $15,000",8000.5,False,SELF,20000070,https://disclosures-clerk.house.gov/public_disc/ptr-pdfs/2014/20000070.pdf,0237d29d0c1c780e8b3eee1114840f06f98e9a17c5bd9743a95481a52e14b35d,0
H001051,Richard L. Hanna,house,Republican,NY22,,False,2013-12-26,2014-01-15,,Vanguard FTSE Emerging Markets ETF,,Purchase,"$15,001 - $50,000",32500.5,False,SELF,20000070,https://disclosures-clerk.house.gov/public_disc/ptr-pdfs/2014/20000070.pdf,fc0d9021e04631f88414a9d00fbfb2d2e312a1a18590c4501d9b1fc3f8361d7a,0
H001051,Richard L. Hanna,house,Republican,NY22,,False,2013-12-23,2014-01-15,SCZ,iShares MSCI EaFE Small-Cap ETF,,Purchase,"$50,001 - $100,000",75000.5,False,SELF,20000070,https://disclosures-clerk.house.gov/public_disc/ptr-pdfs/2014/20000070.pdf,f8d3210ab3f0a91a1bbb4b2a88e7b39ca33ab0fed70bc6a187ee27a22081d954,1
H001051,Richard L. Hanna,house,Republican,NY22,,False,2013-12-30,2014-01-15,SCZ,iShares MSCI EaFE Small-Cap ETF,,Purchase,"$15,001 - $50,000",32500.5,False,SELF,20000070,https://disclosures-clerk.house.gov/public_disc/ptr-pdfs/2014/20000070.pdf,02c3a8677cb4321730de65e9405d418d4e295d4ccd4ca8e81d30454b099c4fc7,1
H001051,Richard L. Hanna,house,Republican,NY22,,False,2013-12-30,2014-01-15,,iShares MSCI EaFE Small-Cap ETF,,Purchase,"$15,001 - $50,000",32500.5,False,SELF,20000070,https://disclosures-clerk.house.gov/public_disc/ptr-pdfs/2014/20000070.pdf,02c3a8677cb4321730de65e9405d418d4e295d4ccd4ca8e81d30454b099c4fc7,0
H001051,Richard L. Hanna,house,Republican,NY22,,False,2013-12-30,2014-01-15,JPM,JP Morgan Chase & Co.,,Sale,"$1,001 - $15,000",8000.5,False,SELF,20000070,https://disclosures-clerk.house.gov/public_disc/ptr-pdfs/2014/20000070.pdf,d2d866c39b2da4655705b82f202c2e00755995a34868d183b995bac1971cd602,0
H001051,Richard L. Hanna,house,Republican,NY22,,False,2013-12-26,2014-01-15,VWO,Vanguard FTSE Emerging Markets ETF,,Purchase,"$15,001 - $50,000",32500.5,False,SELF,20000070,https://disclosures-clerk.house.gov/public_disc/ptr-pdfs/2014/20000070.pdf,fc0d9021e04631f88414a9d00fbfb2d2e312a1a18590c4501d9b1fc3f8361d7a,1
H001051,Richard L. Hanna,house,Republican,NY22,,False,2013-12-23,2014-01-15,,iShares MSCI EaFE Small-Cap ETF,,Purchase,"$50,001 - $100,000",75000.5,False,SELF,20000070,https://disclosures-clerk.house.gov/public_disc/ptr-pdfs/2014/20000070.pdf,f8d3210ab3f0a91a1bbb4b2a88e7b39ca33ab0fed70bc6a187ee27a22081d954,0
H001051,Richard L. Hanna,house,Republican,NY22,,False,2013-12-05,2014-01-15,BMR,Biomed Realty Trust,,Sale,"$100,001 - $250,000",175000.5,False,SELF,20000070,https://disclosures-clerk.house.gov/public_disc/ptr-pdfs/2014/20000070.pdf,0c969eecc1bb3032badad5ca4fd4496940c8dd8aee1e838d7b8334756241fbca,0
H001051,Richard L. Hanna,house,Republican,NY22,,False,2013-12-26,2014-01-15,APA,apache Corporation,,Purchase,"$50,001 - $100,000",75000.5,False,SELF,20000070,https://disclosures-clerk.house.gov/public_disc/ptr-pdfs/2014/20000070.pdf,7e1fa2bd71c581fc598f1225d78a8c800acf0109f9fa243f9926676f2cbd62be,0
M000404,Jim McDermott,house,Democrat,WA07,,False,2013-12-10,2014-01-15,,Citigroup Inc 1/25th Perpetual Non,,Purchase,"$1,001 - $15,000",8000.5,False,SELF,20000087,https://disclosures-clerk.house.gov/public_disc/ptr-pdfs/2014/20000087.pdf,5bbda19ef6fa2202e78e31308b9ee92ae8fa61db5a9798bd528b3e962827dabe,0
H001051,Richard L. Hanna,house,Republican,NY22,,False,2013-12-30,2014-01-15,GS,"goldman Sachs group, Inc.",,Sale,"$1,001 - $15,000",8000.5,False,SELF,20000070,https://disclosures-clerk.house.gov/public_disc/ptr-pdfs/2014/20000070.pdf,291f65496037db9937c3d0c6a3ea4633d474d53cdaf44921efe748a20f638f91,0
H001051,Richard L. Hanna,house,Republican,NY22,,False,2013-12-23,2014-01-15,AAPL,apple Inc.,,Purchase,"$1,001 - $15,000",8000.5,False,JT,20000070,https://disclosures-clerk.house.gov/public_disc/ptr-pdfs/2014/20000070.pdf,e5acf76524f159abe0ef885a42800512db2a5523ad76946ea49a34bf5ada3b9f,0
H001051,Richard L. Hanna,house,Republican,NY22,,False,2013-12-26,2014-01-15,AAPL,apple Inc.,,Sale,"$15,001 - $50,000",32500.5,False,SELF,20000070,https://disclosures-clerk.house.gov/public_disc/ptr-pdfs/2014/20000070.pdf,7f4738bc521d2722221f3261b2684658a1558fe7f51fa3027315aad98bcd8450,0
H001051,Richard L. Hanna,house,Republican,NY22,,False,2013-12-30,2014-01-15,AAPL,apple Inc.,,Sale,"$1,001 - $15,000",8000.5,False,SELF,20000070,https://disclosures-clerk.house.gov/public_disc/ptr-pdfs/2014/20000070.pdf,d486b408ae685a74c5cebe032378407f60d05318845435d49441675c8b1315f6,0
H001051,Richard L. Hanna,house,Republican,NY22,,False,2013-12-05,2014-01-15,CSCO,"Cisco Systems, Inc.",,Sale,"$100,001 - $250,000",175000.5,False,SELF,20000070,https://disclosures-clerk.house.gov/public_disc/ptr-pdfs/2014/20000070.pdf,10e12b6959630276d1441d2fea3ca6c268b51dd5e2285222297e1c6af0e6e4fb,0
H001051,Richard L. Hanna,house,Republican,NY22,,False,2013-12-23,2014-01-15,CSCO,"Cisco Systems, Inc.",,Sale,"$1,001 - $15,000",8000.5,False,JT,20000070,https://disclosures-clerk.house.gov/public_disc/ptr-pdfs/2014/20000070.pdf,90bd3d5ea6c8e46f7d8e0c4aabb3579fadf168b1392bf3bc7a5aa333a4cbce0e,0
H001051,Richard L. Hanna,house,Republican,NY22,,False,2013-12-27,2014-01-15,DLR,"Digital Realty Trust, Inc.",,Sale,"$100,001 - $250,000",175000.5,False,SELF,20000070,https://disclosures-clerk.house.gov/public_disc/ptr-pdfs/2014/20000070.pdf,c3017e0a5ce2ef06291c995fa78648898810b699d84aa8a2f701dcd37fd3244e,0
H001051,Richard L. Hanna,house,Republican,NY22,,False,2013-12-23,2014-01-15,DFS,Discover Financial Services,,Purchase,"$1,001 - $15,000",8000.5,False,JT,20000070,https://disclosures-clerk.house.gov/public_disc/ptr-pdfs/2014/20000070.pdf,e14731ca7aae8b9c22aeec5f993d4d6809782ee1c258d1fc00c6e823e5c39529,0
H001051,Richard L. Hanna,house,Republican,NY22,,False,2013-12-26,2014-01-15,FDX,FedEx Corporation,,Sale,"$1,001 - $15,000",8000.5,False,SELF,20000070,https://disclosures-clerk.house.gov/public_disc/ptr-pdfs/2014/20000070.pdf,114df1ca453728e2a973e76c0dd09f34965e49da5a526eeae1e7d700f469116e,0
F000451,Michael G. Fitzpatrick,house,Republican,PA08,,False,2013-12-13,2014-01-14,CMS,CMs Energy Corporation,,Sale,"$1,001 - $15,000",8000.5,False,SELF,20000082,https://disclosures-clerk.house.gov/public_disc/ptr-pdfs/2014/20000082.pdf,ae39dc2a4134bb211e32798fcd78bd6d53345717adcdbb15a5a9698e8457f896,0
F000451,Michael G. Fitzpatrick,house,Republican,PA08,,False,2013-12-13,2014-01-14,DLR,"Digital Realty Trust, Inc.",,Sale,"$1,001 - $15,000",8000.5,False,SELF,20000082,https://disclosures-clerk.house.gov/public_disc/ptr-pdfs/2014/20000082.pdf,286f4740753550ab66a1d9f0653e341bb0d1c9e9f42f7dc85f16c2e32ecd4b8d,0
F000451,Michael G. Fitzpatrick,house,Republican,PA08,,False,2013-12-13,2014-01-14,IYR,ishares u.s. Real Estate ETF,,Purchase,"$1,001 - $15,000",8000.5,False,SELF,20000082,https://disclosures-clerk.house.gov/public_disc/ptr-pdfs/2014/20000082.pdf,5ff1ac064356db6029f7f0ae2bab76eaf286595687bd2a1a64da617ef2729f7c,0
F000451,Michael G. Fitzpatrick,house,Republican,PA08,,False,2013-12-13,2014-01-14,VTR,"Ventas, Inc.",,Sale,"$1,001 - $15,000",8000.5,False,SELF,20000082,https://disclosures-clerk.house.gov/public_disc/ptr-pdfs/2014/20000082.pdf,4987af65012978d4741aa09fb1a911f32dd23ecb03eaeceffda39e689fbb19b9,0
F000451,Michael G. Fitzpatrick,house,Republican,PA08,,False,2013-12-13,2014-01-14,WFC,Wells Fargo & Company,,Purchase,"$1,001 - $15,000",8000.5,False,SELF,20000082,https://disclosures-clerk.house.gov/public_disc/ptr-pdfs/2014/20000082.pdf,ec4e65b3e3779f749e636022b67197e93626cd46f560b071abf57b82326e967c,0
L000579,Alan S. Lowenthal,house,Democrat,CA47,,False,2014-01-07,2014-01-14,INTU,Intuit Inc.,,Purchase,"$15,001 - $50,000",32500.5,False,SP,20000085,https://disclosures-clerk.house.gov/public_disc/ptr-pdfs/2014/20000085.pdf,1e62c9064a1af0b9ebe92395a62206e3ec49e86cebea2bc256075a72c59d3ce0,0
M001188,Grace Meng,house,Democrat,NY06,HSAP04; HSAP19; House Committee on Appropriations,False,2014-01-08,2014-01-14,XLS,Exelis Inc. Common stock New,,Purchase,"$1,001 - $15,000",8000.5,False,SELF,20000083,https://disclosures-clerk.house.gov/public_disc/ptr-pdfs/2014/20000083.pdf,345d1da931ca72fcb949c4af02a42616f6dccb5b92dbe29182d4ccfd15c68fde,0
F000451,Michael G. Fitzpatrick,house,Republican,PA08,,False,2013-12-13,2014-01-14,TXN,Texas Instruments Incorporated,,Purchase,"$1,001 - $15,000",8000.5,False,SELF,20000082,https://disclosures-clerk.house.gov/public_disc/ptr-pdfs/2014/20000082.pdf,85732f71fcc8eddf2e9683894ed2dff4c92796970f583a4e195055789a44cd7c,0
A000210,Robert E. Andrews,house,Democrat,NJ01,,False,2013-12-26,2014-01-13,HIL,"Hill International, Inc.",,Sale,"$15,001 - $50,000",32500.5,False,SP,20000077,https://disclosures-clerk.house.gov/public_disc/ptr-pdfs/2014/20000077.pdf,244ed565c1b184dd877eeb924449e4a7d091ab8212afe0ff04fff0fa19f0447b,0
F000461,Bill Flores,house,Republican,TX17,,False,2013-12-30,2014-01-07,TJX,"TJX Companies, Inc.",,Purchase,"$1,001 - $15,000",8000.5,False,SELF,20000036,https://disclosures-clerk.house.gov/public_disc/ptr-pdfs/2014/20000036.pdf,bddaa9c9af5d3d123acad29857936b5f23960891206f1d3825637f0be3da50bb,0
H000636,Rubén Hinojosa,house,Democrat,TX15,,False,2013-12-20,2014-01-07,SUSP,susser Petroleum Partners lP Common interests,,Sale,"$15,001 - $50,000",32500.5,False,SP,20000037,https://disclosures-clerk.house.gov/public_disc/ptr-pdfs/2014/20000037.pdf,fb25fe355105156e40df6a18e17cab3a3c58f43509a3aacae4ab0f6f6094a3b7,0
F000461,Bill Flores,house,Republican,TX17,,False,2013-12-27,2014-01-07,EVEP,"EV Energy Partners, L.P. - common interest",,Purchase,"$50,001 - $100,000",75000.5,False,SELF,20000036,https://disclosures-clerk.house.gov/public_disc/ptr-pdfs/2014/20000036.pdf,0aa50e5f38d63d793bc209b0217ddf64b01e38e3f9acc8deec4af9b82444cef4,0
F000461,Bill Flores,house,Republican,TX17,,False,2013-12-30,2014-01-07,DD,E.I. du Pont de Nemours and Company,,Sale,"$15,001 - $50,000",32500.5,False,SELF,20000036,https://disclosures-clerk.house.gov/public_disc/ptr-pdfs/2014/20000036.pdf,cac6583806bf5c2929565d200a80601f4987188683783649add3d0f3a0af399a,1
F000461,Bill Flores,house,Republican,TX17,,False,2013-12-20,2014-01-07,MIE,"Cohen & steers MLP Income and Energy Opportunity Fund, Inc.",,Purchase,"$15,001 - $50,000",32500.5,False,SELF,20000036,https://disclosures-clerk.house.gov/public_disc/ptr-pdfs/2014/20000036.pdf,7bea4ed69fd735b9b14a78494f2d8b24ed95fb89740721abcb0d224606bd0e6d,0
F000461,Bill Flores,house,Republican,TX17,,False,2013-12-09,2014-01-07,MIE,"Cohen & steers MLP Income and Energy Opportunity Fund, Inc.",,Purchase,"$100,001 - $250,000",175000.5,False,SELF,20000036,https://disclosures-clerk.house.gov/public_disc/ptr-pdfs/2014/20000036.pdf,73ad5a4fc2387946aee6d8402f47fe684ed5d216d23e9a2655b49459955194dd,0
G000563,Bob Gibbs,house,Republican,OH07,,False,2014-01-03,2014-01-07,NOV,"National Oilwell Varco, Inc.",,Purchase,"$1,001 - $15,000",8000.5,False,SELF,20000032,https://disclosures-clerk.house.gov/public_disc/ptr-pdfs/2014/20000032.pdf,61164cf4d94412683e61afb287eddd0c0d5c6684b07d791cc87ab63c788583b0,0
H000636,Rubén Hinojosa,house,Democrat,TX15,,False,2013-12-20,2014-01-07,RRTS,"Roadrunner Transportation systems, Inc",,Sale,"$1,001 - $15,000",8000.5,False,SP,20000037,https://disclosures-clerk.house.gov/public_disc/ptr-pdfs/2014/20000037.pdf,14f2e2696995358c1d4fe5c5609a4eea88d79f25f9fa548905ccc7a3baa7fff7,2
H000636,Rubén Hinojosa,house,Democrat,TX15,,False,2013-12-20,2014-01-07,RRTS,"Roadrunner Transportation systems, Inc",,Sale,"$1,001 - $15,000",8000.5,False,SP,20000037,https://disclosures-clerk.house.gov/public_disc/ptr-pdfs/2014/20000037.pdf,14f2e2696995358c1d4fe5c5609a4eea88d79f25f9fa548905ccc7a3baa7fff7,3
H000636,Rubén Hinojosa,house,Democrat,TX15,,False,2013-12-20,2014-01-07,SUSP,susser Petroleum Partners lP Common interests,,Sale,"$1,001 - $15,000",8000.5,False,DC,20000037,https://disclosures-clerk.house.gov/public_disc/ptr-pdfs/2014/20000037.pdf,db81b0510f38b3db687e51037d6c2a18ded744ea4c04ab648627c8cffb6f1ad1,0
H000636,Rubén Hinojosa,house,Democrat,TX15,,False,2013-12-20,2014-01-07,SUSP,susser Petroleum Partners lP Common interests,,Sale,"$1,001 - $15,000",8000.5,False,DC,20000037,https://disclosures-clerk.house.gov/public_disc/ptr-pdfs/2014/20000037.pdf,db81b0510f38b3db687e51037d6c2a18ded744ea4c04ab648627c8cffb6f1ad1,1
F000461,Bill Flores,house,Republican,TX17,,False,2013-12-30,2014-01-07,MMM,3M Company,,Purchase,"$1,001 - $15,000",8000.5,False,SELF,20000036,https://disclosures-clerk.house.gov/public_disc/ptr-pdfs/2014/20000036.pdf,a9ddc4fc10b1cfd31c5c3f03f092afb6d4098123712268c026d1cce558a0f45f,0
F000461,Bill Flores,house,Republican,TX17,,False,2013-12-09,2014-01-07,,Cohen & steers MLP Income and Energy,,Purchase,"$100,001 - $250,000",175000.5,False,SELF,20000036,https://disclosures-clerk.house.gov/public_disc/ptr-pdfs/2014/20000036.pdf,fd1a4cd39083a180dcd7bfcc38c2111495ae18d1962d18fe3d5ca574723b4154,0
F000461,Bill Flores,house,Republican,TX17,,False,2013-12-30,2014-01-07,ABT,Abbott Laboratories,,Purchase,"$15,001 - $50,000",32500.5,False,SELF,20000036,https://disclosures-clerk.house.gov/public_disc/ptr-pdfs/2014/20000036.pdf,439c6328ef3944cba30569296c28158de8fd2b29861e01ff001e7757ddad0230,0
F000461,Bill Flores,house,Republican,TX17,,False,2013-12-30,2014-01-07,,Accenture plc. Class A Ordinary shares,,Purchase,"$1,001 - $15,000",8000.5,False,SELF,20000036,https://disclosures-clerk.house.gov/public_disc/ptr-pdfs/2014/20000036.pdf,976af3724fb0893bf767049bb05c893ec522f17041a85fbd017a7a5b4805a89d,0
F000461,Bill Flores,house,Republican,TX17,,False,2013-11-27,2014-01-07,,AIM Bridge MLP Associates Fund LP,,Sale,"$1,001 - $15,000",8000.5,False,SELF,20000036,https://disclosures-clerk.house.gov/public_disc/ptr-pdfs/2014/20000036.pdf,4d0c4a94e99c4da1eb2d5f1b042793c1e14d906dfb0c02bce42df806431ea47e,0
F000461,Bill Flores,house,Republican,TX17,,False,2013-12-17,2014-01-07,,AIM Bridge MLP Associates Fund LP,,Sale,"$1,001 - $15,000",8000.5,False,SELF,20000036,https://disclosures-clerk.house.gov/public_disc/ptr-pdfs/2014/20000036.pdf,6251f36ad43c575b4adfa9f66ed30ade5761e6ef66c4915d3ffef58706f082a8,0
F000461,Bill Flores,house,Republican,TX17,,False,2013-12-30,2014-01-07,AAPL,Apple Inc.,,Purchase,"$1,001 - $15,000",8000.5,False,SELF,20000036,https://disclosures-clerk.house.gov/public_disc/ptr-pdfs/2014/20000036.pdf,a3a63ad4b8fc7c9bfb4aca2e875d81bde23c47864a293162b90288310ffdfd48,0
F000461,Bill Flores,house,Republican,TX17,,False,2013-12-30,2014-01-07,T,AT&T Inc.,,Sale,"$15,001 - $50,000",32500.5,False,SELF,20000036,https://disclosures-clerk.house.gov/public_disc/ptr-pdfs/2014/20000036.pdf,0e08d4eb9d877a60e571116b81b05a6db0b6d1b95db117602dbd2a6a2f6758f0,0
F000461,Bill Flores,house,Republican,TX17,,False,2013-12-30,2014-01-07,ADP,"Automatic Data Processing, Inc.",,Purchase,"$1,001 - $15,000",8000.5,False,SELF,20000036,https://disclosures-clerk.house.gov/public_disc/ptr-pdfs/2014/20000036.pdf,7a680ddbf21cc723085f7fa390b75aa01aedd519fd2786570b1301360a88f7d0,0
F000461,Bill Flores,house,Republican,TX17,,False,2013-12-04,2014-01-07,,"BreitBurn Energy Partners, L.P.",,Sale,"$250,001 - $500,000",375000.5,False,SELF,20000036,https://disclosures-clerk.house.gov/public_disc/ptr-pdfs/2014/20000036.pdf,0b9cf3090fdde648a44696d4d6b043e8ca1ea4a3d51e395248e09a21ccef3a04,0
F000461,Bill Flores,house,Republican,TX17,,False,2013-12-30,2014-01-07,,ClearBridge American Energy MLP Fund,,Purchase,"$15,001 - $50,000",32500.5,False,SELF,20000036,https://disclosures-clerk.house.gov/public_disc/ptr-pdfs/2014/20000036.pdf,7abcc01b132bd63bf7bd9c4f640b04d20825efed37cb1177dc97092c93164718,0
F000461,Bill Flores,house,Republican,TX17,,False,2013-12-20,2014-01-07,EVEP,"EV Energy Partners, L.P. - common interest",,Purchase,"$250,001 - $500,000",375000.5,False,SELF,20000036,https://disclosures-clerk.house.gov/public_disc/ptr-pdfs/2014/20000036.pdf,f96975ae224336bc7f44cfdd8ac85efe65ad0c3d5ff20c7b66610f397bf967ea,0
H000636,Rubén Hinojosa,house,Democrat,TX15,,False,2013-12-20,2014-01-07,GMCR,"green Mountain Coffee Roasters, Inc.",,Sale,"$1,001 - $15,000",8000.5,False,SP,20000037,https://disclosures-clerk.house.gov/public_disc/ptr-pdfs/2014/20000037.pdf,00bed93f6cec6ab044a607848ecdf35c7fc9a996efdaee28d70c5624a171062b,3
H000636,Rubén Hinojosa,house,Democrat,TX15,,False,2013-12-20,2014-01-07,GMCR,"green Mountain Coffee Roasters, Inc.",,Sale,"$1,001 - $15,000",8000.5,False,SP,20000037,https://disclosures-clerk.house.gov/public_disc/ptr-pdfs/2014/20000037.pdf,00bed93f6cec6ab044a607848ecdf35c7fc9a996efdaee28d70c5624a171062b,2
H000636,Rubén Hinojosa,house,Democrat,TX15,,False,2013-12-20,2014-01-07,,susser Petroleum Partners lP Common,,Sale,"$15,001 - $50,000",32500.5,False,SP,20000037,https://disclosures-clerk.house.gov/public_disc/ptr-pdfs/2014/20000037.pdf,38a0d85179760dce8c7f7ba5d097da62782e87995d710baf90abf2489ff81cf2,0
H000636,Rubén Hinojosa,house,Democrat,TX15,,False,2013-12-20,2014-01-07,GM,general Motors Company,,Sale,"$1,001 - $15,000",8000.5,False,DC,20000037,https://disclosures-clerk.house.gov/public_disc/ptr-pdfs/2014/20000037.pdf,a79e827dcbcb6f9ace50e36ab5d23dcbb86d1499d7121aabf87a352e8c09567a,0
G000563,Bob Gibbs,house,Republican,OH07,,False,2013-12-17,2014-01-07,,Blackrock Global allocation,,Purchase,"$1,001 - $15,000",8000.5,False,SELF,20000034,https://disclosures-clerk.house.gov/public_disc/ptr-pdfs/2014/20000034.pdf,5a44e684ab1ccc6d6306ec776fc89968ec15d0b891dc5762949327acc7ba81da,0
H000636,Rubén Hinojosa,house,Democrat,TX15,,False,2013-12-20,2014-01-07,,"green Mountain Coffee Roasters, Inc.",,Sale,"$1,001 - $15,000",8000.5,False,SP,20000037,https://disclosures-clerk.house.gov/public_disc/ptr-pdfs/2014/20000037.pdf,00bed93f6cec6ab044a607848ecdf35c7fc9a996efdaee28d70c5624a171062b,0
H000636,Rubén Hinojosa,house,Democrat,TX15,,False,2013-12-20,2014-01-07,,"green Mountain Coffee Roasters, Inc.",,Sale,"$1,001 - $15,000",8000.5,False,SP,20000037,https://disclosures-clerk.house.gov/public_disc/ptr-pdfs/2014/20000037.pdf,00bed93f6cec6ab044a607848ecdf35c7fc9a996efdaee28d70c5624a171062b,1
H000636,Rubén Hinojosa,house,Democrat,TX15,,False,2013-12-20,2014-01-07,,"Roadrunner Transportation systems, Inc",,Sale,"$1,001 - $15,000",8000.5,False,SP,20000037,https://disclosures-clerk.house.gov/public_disc/ptr-pdfs/2014/20000037.pdf,14f2e2696995358c1d4fe5c5609a4eea88d79f25f9fa548905ccc7a3baa7fff7,0
F000461,Bill Flores,house,Republican,TX17,,False,2013-12-02,2014-01-07,NGLS,Targa Resources Partners LP Common Interests,,Purchase,"$1,001 - $15,000",8000.5,False,SELF,20000036,https://disclosures-clerk.house.gov/public_disc/ptr-pdfs/2014/20000036.pdf,f5fda04586164e981bc95145ed37ef54b5a2b5d137b32aafa65804fc63f3906c,0
F000461,Bill Flores,house,Republican,TX17,,False,2013-12-30,2014-01-07,RDS.A,Royal Dutch shell PLC Royal Dutch,,Sale,"$50,001 - $100,000",75000.5,False,SELF,20000036,https://disclosures-clerk.house.gov/public_disc/ptr-pdfs/2014/20000036.pdf,9849bf0fae01b7e6436587d895a24c81b04fac6ed1dd9038516c554329d64557,1
F000461,Bill Flores,house,Republican,TX17,,False,2013-12-19,2014-01-07,NGL,NgL ENERgY PARTNERs LP Common Interests,,Sale,"$250,001 - $500,000",375000.5,False,SELF,20000036,https://disclosures-clerk.house.gov/public_disc/ptr-pdfs/2014/20000036.pdf,30d1bdf7a1fc29b8502bbeba047d59ac437154345c46817ae3f63c03808c42ef,0
F000461,Bill Flores,house,Republican,TX17,,False,2013-12-06,2014-01-07,NGL,NgL ENERgY PARTNERs LP Common Interests,,Purchase,"$250,001 - $500,000",375000.5,False,SELF,20000036,https://disclosures-clerk.house.gov/public_disc/ptr-pdfs/2014/20000036.pdf,935f9d3b01c6160e463f2119e1882fa26b89482cbe0a31f5e47448f7510689e6,0
F000461,Bill Flores,house,Republican,TX17,,False,2013-12-09,2014-01-07,NML,Neuberger Berman MLP Income Fund Inc.,,Purchase,"$100,001 - $250,000",175000.5,False,SELF,20000036,https://disclosures-clerk.house.gov/public_disc/ptr-pdfs/2014/20000036.pdf,79200d6310c7fa0a9d11993803c037de54897a92b1163f4fffed54507dfe6536,0
F000461,Bill Flores,house,Republican,TX17,,False,2013-12-20,2014-01-07,NML,Neuberger Berman MLP Income Fund Inc.,,Purchase,"$15,001 - $50,000",32500.5,False,SELF,20000036,https://disclosures-clerk.house.gov/public_disc/ptr-pdfs/2014/20000036.pdf,fc51ddfa27d7f33c323068f186bc5b894c89e62893ba59567f3e6c888b513f2c,0
F000461,Bill Flores,house,Republican,TX17,,False,2013-12-27,2014-01-07,MWE,"MarkWest Energy Partners, LP Common units",,Purchase,"$50,001 - $100,000",75000.5,False,SELF,20000036,https://disclosures-clerk.house.gov/public_disc/ptr-pdfs/2014/20000036.pdf,b6fff5b4e10347f679cc184df8b55e5c89c9a111b79f958421b404261bdd5646,0
F000461,Bill Flores,house,Republican,TX17,,False,2013-12-13,2014-01-07,MWE,"MarkWest Energy Partners, LP Common units",,Purchase,"$15,001 - $50,000",32500.5,False,SELF,20000036,https://disclosures-clerk.house.gov/public_disc/ptr-pdfs/2014/20000036.pdf,aba042ef1345e6ab415e95a013be86ff9e35bc4832d05a7f9fc062c65a39e873,0
F000461,Bill Flores,house,Republican,TX17,,False,2013-12-30,2014-01-07,IBM,International Business Machines Corporation,,Purchase,"$15,001 - $50,000",32500.5,False,SELF,20000036,https://disclosures-clerk.house.gov/public_disc/ptr-pdfs/2014/20000036.pdf,8a668ec8c0721314c736aa977236fe158f23ac3e2c63cd7c56b186e0d89e4846,0
F000461,Bill Flores,house,Republican,TX17,,False,2013-12-27,2014-01-07,GMLP,golar LNg Partners LP - Common units,,Sale,"$250,001 - $500,000",375000.5,False,SELF,20000036,https://disclosures-clerk.house.gov/public_disc/ptr-pdfs/2014/20000036.pdf,8121b35d4e6f5c0c879f2dff4a2970cbf72c5f29e3cb641ba56faab083c1447e,1
F000461,Bill Flores,house,Republican,TX17,,False,2013-12-06,2014-01-07,GMLP,golar LNg Partners LP - Common units,,Purchase,"$250,001 - $500,000",375000.5,False,SELF,20000036,https://disclosures-clerk.house.gov/public_disc/ptr-pdfs/2014/20000036.pdf,3ae8cdb05ec16d1e16aa7c66494dd88e959b3d84f43bb13daa1133173a6bb242,1
H000636,Rubén Hinojosa,house,Democrat,TX15,,False,2013-12-20,2014-01-07,,"Roadrunner Transportation systems, Inc",,Sale,"$1,001 - $15,000",8000.5,False,SP,20000037,https://disclosures-clerk.house.gov/public_disc/ptr-pdfs/2014/20000037.pdf,14f2e2696995358c1d4fe5c5609a4eea88d79f25f9fa548905ccc7a3baa7fff7,1
H000636,Rubén Hinojosa,house,Democrat,TX15,,False,2013-12-20,2014-01-07,,susser Petroleum Partners lP Common,,Sale,"$1,001 - $15,000",8000.5,False,DC,20000037,https://disclosures-clerk.house.gov/public_disc/ptr-pdfs/2014/20000037.pdf,12c1069ed4179236cdf3cd30c23c625fbd688e184c44a641b9d2fdd9e2a6ab5f,0
H000636,Rubén Hinojosa,house,Democrat,TX15,,False,2013-12-20,2014-01-07,,susser Petroleum Partners lP Common,,Sale,"$1,001 - $15,000",8000.5,False,DC,20000037,https://disclosures-clerk.house.gov/public_disc/ptr-pdfs/2014/20000037.pdf,12c1069ed4179236cdf3cd30c23c625fbd688e184c44a641b9d2fdd9e2a6ab5f,1
F000461,Bill Flores,house,Republican,TX17,,False,2013-12-27,2014-01-07,,ClearBridge American Energy MLP Fund,,Purchase,"$50,001 - $100,000",75000.5,False,SELF,20000036,https://disclosures-clerk.house.gov/public_disc/ptr-pdfs/2014/20000036.pdf,1e51f3abb803124d0fdb67ebe8f53407b54f161cecd78715053e43c57e290b63,0
F000461,Bill Flores,house,Republican,TX17,,False,2013-12-30,2014-01-07,MCD,McDonald's Corporation,,Sale,"$15,001 - $50,000",32500.5,False,SELF,20000036,https://disclosures-clerk.house.gov/public_disc/ptr-pdfs/2014/20000036.pdf,1416cf56f697abc0ace644a9920658e53aafc16e7a0695d9fc4fd3bd419d1bae,0
F000461,Bill Flores,house,Republican,TX17,,False,2013-12-11,2014-01-07,,TPH Partners LP,,Purchase,"$1,001 - $15,000",8000.5,False,SELF,20000036,https://disclosures-clerk.house.gov/public_disc/ptr-pdfs/2014/20000036.pdf,7a3da5f880d28e58e8aa7332d4c3a195fba236bb8227f828d2493f1a7dd11bbe,0
F000461,Bill Flores,house,Republican,TX17,,False,2013-12-30,2014-01-07,MSFT,Microsoft Corporation,,Purchase,"$1,001 - $15,000",8000.5,False,SELF,20000036,https://disclosures-clerk.house.gov/public_disc/ptr-pdfs/2014/20000036.pdf,f633bd6aa198eabf287df8a013a8de7356b02ece0b9a477adaf1278e656189a1,0
F000461,Bill Flores,house,Republican,TX17,,False,2013-12-09,2014-01-07,,Neuberger Berman MLP Income Fund,,Purchase,"$100,001 - $250,000",175000.5,False,SELF,20000036,https://disclosures-clerk.house.gov/public_disc/ptr-pdfs/2014/20000036.pdf,a5766dd9b02f90ee5b2589f4f74ad542b4d162ccf510eee5967caeb81c929987,0
F000461,Bill Flores,house,Republican,TX17,,False,2013-12-06,2014-01-07,,NgL ENERgY PARTNERs LP Common,,Purchase,"$250,001 - $500,000",375000.5,False,SELF,20000036,https://disclosures-clerk.house.gov/public_disc/ptr-pdfs/2014/20000036.pdf,27a29de22ba37ed7278c26ca83b082b8335dd84520939ccdacefc84028b804d7,0
F000461,Bill Flores,house,Republican,TX17,,False,2013-12-19,2014-01-07,,NgL ENERgY PARTNERs LP Common,,Sale,"$250,001 - $500,000",375000.5,False,SELF,20000036,https://disclosures-clerk.house.gov/public_disc/ptr-pdfs/2014/20000036.pdf,0d9554fa154345f89553b8cc153050727af17b9292cab123d8860aa42acf5255,0
F000461,Bill Flores,house,Republican,TX17,,False,2013-12-30,2014-01-07,OKE,"ONEOK, Inc.",,Purchase,"$15,001 - $50,000",32500.5,False,SELF,20000036,https://disclosures-clerk.house.gov/public_disc/ptr-pdfs/2014/20000036.pdf,7bc31b2af4b0ebe5b95eb4894ad320a842ba24d0898a4f34cd1d8afd1397cf4f,0
F000461,Bill Flores,house,Republican,TX17,,False,2013-12-30,2014-01-07,PM,Philip Morris International Inc,,Sale,"$15,001 - $50,000",32500.5,False,SELF,20000036,https://disclosures-clerk.house.gov/public_disc/ptr-pdfs/2014/20000036.pdf,2a5a847b987950a68c08b0fc894ba28bf12407da689feb9c0da04ab9a7ea53e7,0
F000461,Bill Flores,house,Republican,TX17,,False,2013-12-30,2014-01-07,,Royal Dutch shell PLC Royal Dutch,,Sale,"$50,001 - $100,000",75000.5,False,SELF,20000036,https://disclosures-clerk.house.gov/public_disc/ptr-pdfs/2014/20000036.pdf,9849bf0fae01b7e6436587d895a24c81b04fac6ed1dd9038516c554329d64557,0
F000461,Bill Flores,house,Republican,TX17,,False,2013-12-02,2014-01-07,,Targa Resources Partners LP Common,,Purchase,"$1,001 - $15,000",8000.5,False,SELF,20000036,https://disclosures-clerk.house.gov/public_disc/ptr-pdfs/2014/20000036.pdf,73ea05b5b71271f0158502fffed6385eaa22390e45a936cb60929c58cbe57b8b,0
H000636,Rubén Hinojosa,house,Democrat,TX15,,False,2013-12-31,2014-01-07,UHAL,amerco,,Sale,"$1,001 - $15,000",8000.5,False,SP,20000037,https://disclosures-clerk.house.gov/public_disc/ptr-pdfs/2014/20000037.pdf,79beaececb92fa6c28df9b3406760e007490676b4444f96eb99d54f5d2456833,0
F000461,Bill Flores,house,Republican,TX17,,False,2013-12-30,2014-01-07,TGT,Target Corporation,,Purchase,"$15,001 - $50,000",32500.5,False,SELF,20000036,https://disclosures-clerk.house.gov/public_disc/ptr-pdfs/2014/20000036.pdf,55f8e76fa3294f71c65a4b035fc1490c47f362493ff7b5f70dd154b442ad8d76,0
H000636,Rubén Hinojosa,house,Democrat,TX15,,False,2013-12-20,2014-01-07,BIIB,Biogen Idec Inc.,,Sale,"$1,001 - $15,000",8000.5,False,DC,20000037,https://disclosures-clerk.house.gov/public_disc/ptr-pdfs/2014/20000037.pdf,7ae9619a1d8d68573ae0eb7b0317bd4e93b1792d27ded7b9802ddb5586e3ae59,0
H000636,Rubén Hinojosa,house,Democrat,TX15,,False,2013-12-31,2014-01-07,BIIB,Biogen Idec Inc.,,Sale,"$1,001 - $15,000",8000.5,False,DC,20000037,https://disclosures-clerk.house.gov/public_disc/ptr-pdfs/2014/20000037.pdf,40d4cbb58133e1b03c8acf33c29eb09c93b5afd45c1c96ace1fad77c38c1d856,0
H000636,Rubén Hinojosa,house,Democrat,TX15,,False,2013-12-20,2014-01-07,CMI,Cummins Inc.,,Sale,"$1,001 - $15,000",8000.5,False,DC,20000037,https://disclosures-clerk.house.gov/public_disc/ptr-pdfs/2014/20000037.pdf,ee7ff83b549a7cafa3eb715ac99303bbde04f6ddbe63e28f10d82c5f2f568fc3,0
F000461,Bill Flores,house,Republican,TX17,,False,2013-12-27,2014-01-07,CBA,ClearBridge American Energy MLP Fund Inc.,,Purchase,"$50,001 - $100,000",75000.5,False,SELF,20000036,https://disclosures-clerk.house.gov/public_disc/ptr-pdfs/2014/20000036.pdf,4ed56122d78d4d9faa6cdf4013f88ed33bbb241161496ec365a287e69c10419e,0
F000461,Bill Flores,house,Republican,TX17,,False,2013-12-30,2014-01-07,CBA,ClearBridge American Energy MLP Fund Inc.,,Purchase,"$15,001 - $50,000",32500.5,False,SELF,20000036,https://disclosures-clerk.house.gov/public_disc/ptr-pdfs/2014/20000036.pdf,a97bba35029c0f30955a291bec56c419d8e437d207e38a6d466cb4356886f15f,0
F000461,Bill Flores,house,Republican,TX17,,False,2013-12-04,2014-01-07,BBEP,"Type Date BreitBurn Energy Partners, L.P. - Partnership",,Sale,"$250,001 - $500,000",375000.5,False,SELF,20000036,https://disclosures-clerk.house.gov/public_disc/ptr-pdfs/2014/20000036.pdf,5b274789ea3ef0c3f602fa1d3799d7f54f44b4892ba5316fff8c93ea50ddb345,0
F000461,Bill Flores,house,Republican,TX17,,False,2013-12-30,2014-01-07,ACN,Accenture plc. Class A Ordinary shares,,Purchase,"$1,001 - $15,000",8000.5,False,SELF,20000036,https://disclosures-clerk.house.gov/public_disc/ptr-pdfs/2014/20000036.pdf,976af3724fb0893bf767049bb05c893ec522f17041a85fbd017a7a5b4805a89d,1
F000461,Bill Flores,house,Republican,TX17,,False,2013-12-30,2014-01-07,WMB,"Williams Companies, Inc.",,Purchase,"$1,001 - $15,000",8000.5,False,SELF,20000036,https://disclosures-clerk.house.gov/public_disc/ptr-pdfs/2014/20000036.pdf,511aa9cb006dce7141be0dff5824663aebf6ae42450c6f74804c1652a87fbdee,0
F000461,Bill Flores,house,Republican,TX17,,False,2013-12-04,2014-01-07,WMB,"Williams Companies, Inc.",,Sale,"$250,001 - $500,000",375000.5,False,SELF,20000036,https://disclosures-clerk.house.gov/public_disc/ptr-pdfs/2014/20000036.pdf,d7db3a597a51354db15215aabdfc920e0974ddf361bc9870477ab2b6c6001f95,0
F000461,Bill Flores,house,Republican,TX17,,False,2013-12-19,2014-01-07,,TPH Partners LP II,,Sale,"$1,001 - $15,000",8000.5,False,SELF,20000036,https://disclosures-clerk.house.gov/public_disc/ptr-pdfs/2014/20000036.pdf,8e47313209e1e85845f18500d3d4742ece4955da8cdc8f0b9b4d122a16877015,0
F000461,Bill Flores,house,Republican,TX17,,False,2013-12-20,2014-01-07,,Neuberger Berman MLP Income Fund,,Purchase,"$15,001 - $50,000",32500.5,False,SELF,20000036,https://disclosures-clerk.house.gov/public_disc/ptr-pdfs/2014/20000036.pdf,c4cf864a545c66fb725674ebe112ff52cf303538e1d743cfcba2e9b6d5250e21,0
F000461,Bill Flores,house,Republican,TX17,,False,2013-12-30,2014-01-07,MA,Mastercard Incorporated,,Purchase,"$1,001 - $15,000",8000.5,False,SELF,20000036,https://disclosures-clerk.house.gov/public_disc/ptr-pdfs/2014/20000036.pdf,68fb8727607ab4c68f05167dd5c10198323fc9add70a85b62938bfe2f787f07d,0
F000461,Bill Flores,house,Republican,TX17,,False,2013-12-30,2014-01-07,GIS,"general Mills, Inc.",,Purchase,"$15,001 - $50,000",32500.5,False,SELF,20000036,https://disclosures-clerk.house.gov/public_disc/ptr-pdfs/2014/20000036.pdf,028921debf0a29e4bf5444aeb2664a1c1f17f344f05a04e686f4e104aec637d4,0
F000461,Bill Flores,house,Republican,TX17,,False,2013-12-27,2014-01-07,,"MarkWest Energy Partners, LP Common",,Purchase,"$50,001 - $100,000",75000.5,False,SELF,20000036,https://disclosures-clerk.house.gov/public_disc/ptr-pdfs/2014/20000036.pdf,18cca38f3fda0ec8261f6fc67f6b37e85922355c54313aa519fbbefcd0c5112a,0
F000461,Bill Flores,house,Republican,TX17,,False,2013-12-30,2014-01-07,CL,Colgate-Palmolive Company,,Purchase,"$15,001 - $50,000",32500.5,False,SELF,20000036,https://disclosures-clerk.house.gov/public_disc/ptr-pdfs/2014/20000036.pdf,8e5f80745c1f842253caf47e6970f8ef90a4778f39809cb7378a91fcc9c053cd,0
F000461,Bill Flores,house,Republican,TX17,,False,2013-12-30,2014-01-07,,E.I. du Pont de Nemours and Company,,Sale,"$15,001 - $50,000",32500.5,False,SELF,20000036,https://disclosures-clerk.house.gov/public_disc/ptr-pdfs/2014/20000036.pdf,cac6583806bf5c2929565d200a80601f4987188683783649add3d0f3a0af399a,0
F000461,Bill Flores,house,Republican,TX17,,False,2013-12-30,2014-01-07,LLY,Eli Lilly and Company,,Purchase,"$1,001 - $15,000",8000.5,False,SELF,20000036,https://disclosures-clerk.house.gov/public_disc/ptr-pdfs/2014/20000036.pdf,2b81c8124c5ddd2d8c49670d3003ae8bfbf47ad656822809d69ad3fcb130ecbb,0
F000461,Bill Flores,house,Republican,TX17,,False,2013-12-09,2014-01-07,EPD,Enterprise Products Partners L.P.,,Sale,"$250,001 - $500,000",375000.5,False,SELF,20000036,https://disclosures-clerk.house.gov/public_disc/ptr-pdfs/2014/20000036.pdf,8042865403a2d4cbf56d5fad562bc6e3d0bf862eb5923a3d5159a0ec2c967510,0
F000461,Bill Flores,house,Republican,TX17,,False,2013-12-27,2014-01-07,,"EV Energy Partners, L.P. - common",,Purchase,"$50,001 - $100,000",75000.5,False,SELF,20000036,https://disclosures-clerk.house.gov/public_disc/ptr-pdfs/2014/20000036.pdf,c2fbc71c427c26c291b376a7a1d4946ef0b5e61bb9e19b1c007eb41390ad927b,0
H000636,Rubén Hinojosa,house,Democrat,TX15,,False,2013-12-31,2014-01-07,XOM,Exxon Mobil Corporation,,Sale,"$1,001 - $15,000",8000.5,False,SP,20000037,https://disclosures-clerk.house.gov/public_disc/ptr-pdfs/2014/20000037.pdf,a2df519a053ad282166b73d91475994bec468f8daa83986517b009dc79de4a9d,0
F000461,Bill Flores,house,Republican,TX17,,False,2013-12-20,2014-01-07,,"EV Energy Partners, L.P. - common",,Purchase,"$250,001 - $500,000",375000.5,False,SELF,20000036,https://disclosures-clerk.house.gov/public_disc/ptr-pdfs/2014/20000036.pdf,7b9b2b6a266393e18257495e3e4fbcbb9731de541d5c61d19f8f559e7a939447,0
F000461,Bill Flores,house,Republican,TX17,,False,2013-12-09,2014-01-07,,First Trust MLP and Energy Income,,Purchase,"$100,001 - $250,000",175000.5,False,SELF,20000036,https://disclosures-clerk.house.gov/public_disc/ptr-pdfs/2014/20000036.pdf,a2d34db01b25ae0f0c7bc67c762b7c904d7b64a2c07352725f084ef92efc1eba,0
F000461,Bill Flores,house,Republican,TX17,,False,2013-12-06,2014-01-07,,golar LNg Partners LP - Common units,,Purchase,"$250,001 - $500,000",375000.5,False,SELF,20000036,https://disclosures-clerk.house.gov/public_disc/ptr-pdfs/2014/20000036.pdf,3ae8cdb05ec16d1e16aa7c66494dd88e959b3d84f43bb13daa1133173a6bb242,0
H000636,Rubén Hinojosa,house,Democrat,TX15,,False,2013-12-20,2014-01-07,UHAL,amerco,,Sale,"$1,001 - $15,000",8000.5,False,SP,20000037,https://disclosures-clerk.house.gov/public_disc/ptr-pdfs/2014/20000037.pdf,ebda6ebb21b19ab6564179eb091ac888394aee3a3c1218daef4c452a44875ccc,0
F000461,Bill Flores,house,Republican,TX17,,False,2013-12-27,2014-01-07,,golar LNg Partners LP - Common units,,Sale,"$250,001 - $500,000",375000.5,False,SELF,20000036,https://disclosures-clerk.house.gov/public_disc/ptr-pdfs/2014/20000036.pdf,8121b35d4e6f5c0c879f2dff4a2970cbf72c5f29e3cb641ba56faab083c1447e,0
F000461,Bill Flores,house,Republican,TX17,,False,2013-12-30,2014-01-07,INTC,Intel Corporation,,Sale,"$15,001 - $50,000",32500.5,False,SELF,20000036,https://disclosures-clerk.house.gov/public_disc/ptr-pdfs/2014/20000036.pdf,255be1269aefc975e67d3d902acc2e6f97f6cc59c0446718feab27378a809957,0
F000461,Bill Flores,house,Republican,TX17,,False,2013-12-30,2014-01-07,,International Business Machines,,Purchase,"$15,001 - $50,000",32500.5,False,SELF,20000036,https://disclosures-clerk.house.gov/public_disc/ptr-pdfs/2014/20000036.pdf,effe2eb6cef1170283b90113b3a240407897f34fc039bc7a6296a4f7bb48fe77,0
F000461,Bill Flores,house,Republican,TX17,,False,2013-12-30,2014-01-07,JNJ,Johnson & Johnson,,Purchase,"$15,001 - $50,000",32500.5,False,SELF,20000036,https://disclosures-clerk.house.gov/public_disc/ptr-pdfs/2014/20000036.pdf,695a9d568b98a3b2def441055118f4854865c729a191d10c72a44d5c15de1823,0
F000461,Bill Flores,house,Republican,TX17,,False,2013-12-30,2014-01-07,JPM,JP Morgan Chase & Co.,,Purchase,"$1,001 - $15,000",8000.5,False,SELF,20000036,https://disclosures-clerk.house.gov/public_disc/ptr-pdfs/2014/20000036.pdf,073632dd13724e0b20a67a7a87d37da8a4a45f5d07797fc98f9ce979cbd07470,0
F000461,Bill Flores,house,Republican,TX17,,False,2013-12-30,2014-01-07,KMI,"Kinder Morgan, Inc.",,Sale,"$15,001 - $50,000",32500.5,False,SELF,20000036,https://disclosures-clerk.house.gov/public_disc/ptr-pdfs/2014/20000036.pdf,d71262602f6c54a96b5513862f5bad9c0e0d3bbb4f2bb6d53950d0bb71573a0e,0
F000461,Bill Flores,house,Republican,TX17,,False,2013-12-30,2014-01-07,LMT,Lockheed Martin Corporation,,Purchase,"$1,001 - $15,000",8000.5,False,SELF,20000036,https://disclosures-clerk.house.gov/public_disc/ptr-pdfs/2014/20000036.pdf,e57983caf7fa9d4c8c919131fca116d8cd91ffb97e2ef0610e6f56ffccf5b19c,0
F000461,Bill Flores,house,Republican,TX17,,False,2013-12-13,2014-01-07,,"MarkWest Energy Partners, LP Common",,Purchase,"$15,001 - $50,000",32500.5,False,SELF,20000036,https://disclosures-clerk.house.gov/public_disc/ptr-pdfs/2014/20000036.pdf,a09f002855e80dc9b601c0f4a964abe30a29374325458ab37a1fe96e8982128d,0
F000461,Bill Flores,house,Republican,TX17,,False,2013-12-20,2014-01-07,,Cohen & steers MLP Income and Energy,,Purchase,"$15,001 - $50,000",32500.5,False,SELF,20000036,https://disclosures-clerk.house.gov/public_disc/ptr-pdfs/2014/20000036.pdf,db9796935c4915387e639c90215acca2111bc1dc2ff492ffbd70b504de0d6a8e,0
G000563,Bob Gibbs,house,Republican,OH07,,False,2014-01-03,2014-01-03,TEG,"Integrys Energy Group, Inc.",,Sale,"$1,001 - $15,000",8000.5,False,SELF,20000022,https://disclosures-clerk.house.gov/public_disc/ptr-pdfs/2014/20000022.pdf,d7e5f046d524c6deed728b231b2243330e980c4f7f2bfad79be2ff4654b254fd,0
G000563,Bob Gibbs,house,Republican,OH07,,False,2013-12-18,2014-01-03,TKR,Timken Company,,Purchase,"$1,001 - $15,000",8000.5,False,SELF,20000022,https://disclosures-clerk.house.gov/public_disc/ptr-pdfs/2014/20000022.pdf,f707daa2879ebfdae5bda22a5522ff709ea756de36a0f2a7dc372b2202c0408d,0
