Date,close
1985-05-23,0.33546897768974304
1985-05-24,0.33546897768974304
1985-05-28,0.3413887619972229
1985-05-29,0.3453353941440582
1985-05-30,0.3453353941440582
1985-05-31,0.34336209297180176
1985-06-03,0.35717564821243286
1985-06-04,0.35717564821243286
1985-06-05,0.35717564821243286
1985-06-06,0.36309555172920227
1985-06-07,0.36506879329681396
1985-06-10,0.36309555172920227
1985-06-11,0.36506879329681396
1985-06-12,0.36309555172920227
1985-06-13,0.361122190952301
1985-06-14,0.35125571489334106
1985-06-17,0.34336209297180176
1985-06-18,0.34730878472328186
1985-06-19,0.3591489791870117
1985-06-20,0.3552021384239197
1985-06-21,0.361122190952301
1985-06-24,0.35717564821243286
1985-06-25,0.3552021384239197
1985-06-26,0.35717564821243286
1985-06-27,0.3552021384239197
1985-06-28,0.35125571489334106
1985-07-01,0.35717564821243286
1985-07-02,0.35717564821243286
1985-07-03,0.35717564821243286
1985-07-05,0.3591489791870117
1985-07-08,0.361122190952301
1985-07-09,0.36309555172920227
1985-07-10,0.35717564821243286
1985-07-11,0.3591489791870117
1985-07-12,0.3591489791870117
1985-07-15,0.36309555172920227
1985-07-16,0.361122190952301
1985-07-17,0.361122190952301
1985-07-18,0.361122190952301
1985-07-19,0.3591489791870117
1985-07-22,0.3591489791870117
1985-07-23,0.361122190952301
1985-07-24,0.36309555172920227
1985-07-25,0.3591489791870117
1985-07-26,0.35717564821243286
1985-07-29,0.3552021384239197
1985-07-30,0.3552021384239197
1985-07-31,0.3532288372516632
1985-08-01,0.35717564821243286
1985-08-02,0.35717564821243286
1985-08-05,0.3552021384239197
1985-08-06,0.3552021384239197
1985-08-07,0.34928223490715027
1985-08-08,0.34730878472328186
1985-08-09,0.34336209297180176
1985-08-12,0.3453353941440582
1985-08-13,0.34336209297180176
1985-08-14,0.34336209297180176
1985-08-15,0.34730878472328186
1985-08-16,0.34336209297180176
1985-08-19,0.34336209297180176
1985-08-20,0.33349522948265076
1985-08-21,0.33546897768974304
1985-08-22,0.33941546082496643
1985-08-23,0.33941546082496643
1985-08-26,0.3374422788619995
1985-08-27,0.33941546082496643
1985-08-28,0.3374422788619995
1985-08-29,0.3374422788619995
1985-08-30,0.3374422788619995
1985-09-03,0.33546897768974304
1985-09-04,0.33546897768974304
1985-09-05,0.33546897768974304
1985-09-06,0.33546897768974304
1985-09-09,0.33349522948265076
1985-09-10,0.31573519110679626
1985-09-11,0.3275753855705261
1985-09-12,0.3196820616722107
1985-09-13,0.3216552734375
1985-09-16,0.32362866401672363
1985-09-17,0.3196820616722107
1985-09-18,0.3295486569404602
1985-09-19,0.3256019651889801
1985-09-20,0.3216552734375
1985-09-23,0.3275753855705261
1985-09-24,0.32362866401672363
1985-09-25,0.32362866401672363
1985-09-26,0.3196820616722107
1985-09-30,0.3216552734375
1985-10-01,0.31770870089530945
1985-10-02,0.30192187428474426
1985-10-03,0.32362866401672363
1985-10-04,0.3196820616722107
1985-10-07,0.31770870089530945
1985-10-08,0.31770870089530945
1985-10-09,0.31178876757621765
1985-10-10,0.31573519110679626
1985-10-11,0.31573519110679626
1985-10-14,0.3137619197368622
1985-10-15,0.3216552734375
1985-10-16,0.32362866401672363
1985-10-17,0.3196820616722107
1985-10-18,0.3216552734375
1985-10-21,0.3216552734375
1985-10-22,0.3256019651889801
1985-10-23,0.3275753855705261
1985-10-24,0.3256019651889801
1985-10-25,0.3295486569404602
1985-10-28,0.3256019651889801
1985-10-29,0.32362866401672363
1985-10-30,0.32362866401672363
1985-10-31,0.32362866401672363
1985-11-01,0.3216552734375
1985-11-04,0.3315219581127167
1985-11-05,0.3315219581127167
1985-11-06,0.3315219581127167
1985-11-07,0.3315219581127167
1985-11-08,0.3315219581127167
1985-11-11,0.33349522948265076
1985-11-12,0.33941546082496643
1985-11-13,0.3374422788619995
1985-11-14,0.33546897768974304
1985-11-15,0.3374422788619995
1985-11-18,0.3374422788619995
1985-11-19,0.3374422788619995
1985-11-20,0.34336209297180176
1985-11-21,0.33941546082496643
1985-11-22,0.34336209297180176
1985-11-25,0.33941546082496643
1985-11-26,0.33941546082496643
1985-11-27,0.33546897768974304
1985-11-29,0.33546897768974304
1985-12-02,0.33941546082496643
1985-12-03,0.33349522948265076
1985-12-04,0.3374422788619995
1985-12-05,0.3413887619972229
1985-12-06,0.33941546082496643
1985-12-09,0.33941546082496643
1985-12-10,0.33941546082496643
1985-12-11,0.3295486569404602
1985-12-12,0.3275753855705261
1985-12-13,0.32362866401672363
1985-12-16,0.31573519110679626
1985-12-17,0.31573519110679626
1985-12-18,0.31573519110679626
1985-12-19,0.31573519110679626
1985-12-20,0.31573519110679626
1985-12-23,0.3137619197368622
1985-12-24,0.31573519110679626
1985-12-26,0.31770870089530945
1985-12-27,0.3256019651889801
1985-12-30,0.3275753855705261
1985-12-31,0.3295486569404602
1986-01-02,0.3374422788619995
1986-01-03,0.33546897768974304
1986-01-06,0.3413887619972229
1986-01-07,0.34336209297180176
1986-01-08,0.3413887619972229
1986-01-09,0.33349522948265076
1986-01-10,0.3315219581127167
1986-01-13,0.32362866401672363
1986-01-14,0.3295486569404602
1986-01-15,0.3275753855705261
1986-01-16,0.3256019651889801
1986-01-17,0.3196820616722107
1986-01-20,0.3256019651889801
1986-01-21,0.3275753855705261
1986-01-22,0.3256019651889801
1986-01-23,0.3295486569404602
1986-01-24,0.3413887619972229
1986-01-27,0.35125571489334106
1986-01-28,0.3532288372516632
1986-01-29,0.3532288372516632
1986-01-30,0.3591489791870117
1986-01-31,0.3532288372516632
1986-02-03,0.3532288372516632
1986-02-04,0.3532288372516632
1986-02-05,0.3532288372516632
1986-02-06,0.36309555172920227
1986-02-07,0.3591489791870117
1986-02-10,0.3591489791870117
1986-02-11,0.3591489791870117
1986-02-12,0.3591489791870117
1986-02-13,0.36506879329681396
1986-02-14,0.37296247482299805
1986-02-18,0.3828292191028595
1986-02-19,0.38677552342414856
1986-02-20,0.36309555172920227
1986-02-21,0.38085559010505676
1986-02-24,0.3828292191028595
1986-02-25,0.3848024308681488
1986-02-26,0.3848024308681488
1986-02-27,0.38085559010505676
1986-02-28,0.38677552342414856
1986-03-03,0.3848024308681488
1986-03-04,0.3788822889328003
1986-03-05,0.3788822889328003
1986-03-06,0.38085559010505676
1986-03-07,0.38677552342414856
1986-03-10,0.39466917514801025
1986-03-11,0.4104558229446411
1986-03-12,0.4065091013908386
1986-03-13,0.4065091013908386
1986-03-14,0.4084828794002533
1986-03-17,0.41242915391921997
1986-03-18,0.4084828794002533
1986-03-19,0.40058931708335876
1986-03-20,0.4065091013908386
1986-03-21,0.41242915391921997
1986-03-24,0.4084828794002533
1986-03-25,0.4025624692440033
1986-03-26,0.4025624692440033
1986-03-27,0.3986159563064575
1986-03-31,0.39466917514801025
1986-04-01,0.39072248339653015
1986-04-02,0.39072248339653015
1986-04-03,0.3926960825920105
1986-04-04,0.38677552342414856
1986-04-07,0.3887491524219513
1986-04-08,0.3887491524219513
1986-04-09,0.38677552342414856
1986-04-10,0.3848024308681488
1986-04-11,0.39072248339653015
1986-04-14,0.3926960825920105
1986-04-15,0.39072248339653015
1986-04-16,0.39072248339653015
1986-04-17,0.39466917514801025
1986-04-18,0.4065091013908386
1986-04-21,0.4045356214046478
1986-04-22,0.4065091013908386
1986-04-23,0.41242915391921997
1986-04-24,0.41242915391921997
1986-04-25,0.4025624692440033
1986-04-28,0.4084828794002533
1986-04-29,0.4084828794002533
1986-04-30,0.4045356214046478
1986-05-01,0.4045356214046478
1986-05-02,0.4084828794002533
1986-05-05,0.4065091013908386
1986-05-06,0.40058931708335876
1986-05-07,0.4045356214046478
1986-05-08,0.3986159563064575
1986-05-09,0.4025624692440033
1986-05-12,0.4045356214046478
1986-05-13,0.4084828794002533
1986-05-14,0.4084828794002533
1986-05-15,0.4084828794002533
1986-05-16,0.4084828794002533
1986-05-19,0.4065091013908386
1986-05-20,0.4065091013908386
1986-05-21,0.4084828794002533
1986-05-22,0.4084828794002533
1986-05-23,0.4084828794002533
1986-05-27,0.4084828794002533
1986-05-28,0.4084828794002533
1986-05-29,0.4025624692440033
1986-05-30,0.4065091013908386
1986-06-02,0.4045356214046478
1986-06-03,0.4045356214046478
1986-06-04,0.4025624692440033
1986-06-05,0.4025624692440033
1986-06-06,0.4045356214046478
1986-06-09,0.4025624692440033
1986-06-10,0.39466917514801025
1986-06-11,0.3986159563064575
1986-06-12,0.4025624692440033
1986-06-13,0.4045356214046478
1986-06-16,0.4065091013908386
1986-06-17,0.4045356214046478
1986-06-18,0.4045356214046478
1986-06-19,0.3986159563064575
1986-06-20,0.4065091013908386
1986-06-23,0.4084828794002533
1986-06-24,0.4104558229446411
1986-06-25,0.4301894009113312
1986-06-26,0.4282161593437195
1986-06-27,0.4242692291736603
1986-06-30,0.42624303698539734
1986-07-01,0.43610942363739014
1986-07-02,0.4459761381149292
1986-07-03,0.4538693428039551
1986-07-07,0.4459761381149292
1986-07-08,0.42624303698539734
1986-07-09,0.43808266520500183
1986-07-10,0.4341360628604889
1986-07-11,0.43808266520500183
1986-07-14,0.44202953577041626
1986-07-15,0.43610942363739014
1986-07-16,0.4301894009113312
1986-07-17,0.4341360628604889
1986-07-18,0.42624303698539734
1986-07-21,0.44005608558654785
1986-07-22,0.4459761381149292
1986-07-23,0.45584309101104736
1986-07-24,0.4578162729740143
1986-07-25,0.46373623609542847
1986-07-28,0.44794896245002747
1986-07-29,0.44794896245002747
1986-07-30,0.4459761381149292
1986-07-31,0.43808266520500183
1986-08-01,0.4341360628604889
1986-08-04,0.43216294050216675
1986-08-05,0.43610942363739014
1986-08-06,0.4341360628604889
1986-08-07,0.4341360628604889
1986-08-08,0.42624303698539734
1986-08-11,0.42624303698539734
1986-08-12,0.4282161593437195
1986-08-13,0.4282161593437195
1986-08-14,0.4341360628604889
1986-08-15,0.43808266520500183
1986-08-18,0.43808266520500183
1986-08-19,0.43808266520500183
1986-08-20,0.4440028667449951
1986-08-21,0.46373623609542847
1986-08-22,0.47360295057296753
1986-08-25,0.4696562588214874
1986-08-26,0.4696562588214874
1986-08-27,0.4578162729740143
1986-08-28,0.4578162729740143
1986-08-29,0.47162944078445435
1986-09-02,0.47360295057296753
1986-09-03,0.47754955291748047
1986-09-04,0.47754955291748047
1986-09-05,0.4696562588214874
1986-09-08,0.4617629945278168
1986-09-09,0.45978960394859314
1986-09-10,0.4578162729740143
1986-09-11,0.4301894009113312
1986-09-12,0.43808266520500183
1986-09-15,0.44992268085479736
1986-09-16,0.43808266520500183
1986-09-17,0.4459761381149292
1986-09-18,0.44202953577041626
1986-09-19,0.44005608558654785
1986-09-22,0.44992268085479736
1986-09-23,0.4538693428039551
1986-09-24,0.4518960416316986
1986-09-25,0.44992268085479736
1986-09-26,0.4617629945278168
1986-09-29,0.4657096266746521
1986-09-30,0.4657096266746521
1986-10-01,0.4696562588214874
1986-10-02,0.4617629945278168
1986-10-03,0.4578162729740143
1986-10-06,0.4538693428039551
1986-10-07,0.44992268085479736
1986-10-08,0.4518960416316986
1986-10-09,0.45584309101104736
1986-10-10,0.4578162729740143
1986-10-13,0.4578162729740143
1986-10-14,0.4696562588214874
1986-10-15,0.49333640933036804
1986-10-16,0.4657096266746521
1986-10-17,0.4657096266746521
1986-10-20,0.4676828384399414
1986-10-21,0.4578162729740143
1986-10-22,0.47360295057296753
1986-10-23,0.47162944078445435
1986-10-24,0.47360295057296753
1986-10-27,0.4795229136943817
1986-10-28,0.4696562588214874
1986-10-29,0.4696562588214874
1986-10-30,0.4676828384399414
1986-10-31,0.47360295057296753
1986-11-03,0.4696562588214874
1986-11-04,0.4676828384399414
1986-11-05,0.4676828384399414
1986-11-06,0.45978960394859314
1986-11-07,0.46373623609542847
1986-11-10,0.4617629945278168
1986-11-11,0.45584309101104736
1986-11-12,0.46373623609542847
1986-11-13,0.45978960394859314
1986-11-14,0.4617629945278168
1986-11-17,0.4617629945278168
1986-11-18,0.4578162729740143
1986-11-19,0.4578162729740143
1986-11-20,0.4538693428039551
1986-11-21,0.4578162729740143
1986-11-24,0.4518960416316986
1986-11-25,0.4578162729740143
1986-11-26,0.4518960416316986
1986-11-28,0.45584309101104736
1986-12-01,0.4578162729740143
1986-12-02,0.4538693428039551
1986-12-03,0.45978960394859314
1986-12-04,0.4578162729740143
1986-12-05,0.45584309101104736
1986-12-08,0.4578162729740143
1986-12-09,0.4578162729740143
1986-12-10,0.4538693428039551
1986-12-11,0.4518960416316986
1986-12-12,0.44794896245002747
1986-12-15,0.44202953577041626
1986-12-16,0.44005608558654785
1986-12-17,0.4301894009113312
1986-12-18,0.4242692291736603
1986-12-19,0.42229583859443665
1986-12-22,0.43610942363739014
1986-12-23,0.44005608558654785
1986-12-24,0.44992268085479736
1986-12-26,0.44992268085479736
1986-12-29,0.45584309101104736
1986-12-30,0.4617629945278168
1986-12-31,0.45978960394859314
1987-01-02,0.45978960394859314
1987-01-05,0.4657096266746521
1987-01-06,0.47162944078445435
1987-01-07,0.4696562588214874
1987-01-08,0.46373623609542847
1987-01-09,0.4578162729740143
1987-01-12,0.45584309101104736
1987-01-13,0.45978960394859314
1987-01-14,0.47162944078445435
1987-01-15,0.4696562588214874
1987-01-16,0.4657096266746521
1987-01-19,0.4696562588214874
1987-01-20,0.45978960394859314
1987-01-21,0.45978960394859314
1987-01-22,0.45978960394859314
1987-01-23,0.4578162729740143
1987-01-26,0.4617629945278168
1987-01-27,0.4694187343120575
1987-01-28,0.457330584526062
1987-01-29,0.445242702960968
1987-01-30,0.445242702960968
1987-02-02,0.45531585812568665
1987-02-03,0.457330584526062
1987-02-04,0.465389221906662
1987-02-05,0.4593452215194702
1987-02-06,0.46740397810935974
1987-02-09,0.46740397810935974
1987-02-10,0.46337461471557617
1987-02-11,0.46136006712913513
1987-02-12,0.4694187343120575
1987-02-13,0.47143349051475525
1987-02-17,0.465389221906662
1987-02-18,0.46740397810935974
1987-02-19,0.457330584526062
1987-02-20,0.483521044254303
1987-02-23,0.47143349051475525
1987-02-24,0.4794919490814209
1987-02-25,0.4855359196662903
1987-02-26,0.505682647228241
1987-02-27,0.49963894486427307
1987-03-02,0.4875505566596985
1987-03-03,0.483521044254303
1987-03-04,0.483521044254303
1987-03-05,0.4794919490814209
1987-03-06,0.47546279430389404
1987-03-09,0.46740397810935974
1987-03-10,0.4593452215194702
1987-03-11,0.46740397810935974
1987-03-12,0.4734480082988739
1987-03-13,0.4794919490814209
1987-03-16,0.47747746109962463
1987-03-17,0.483521044254303
1987-03-18,0.483521044254303
1987-03-19,0.4734480082988739
1987-03-20,0.46740397810935974
1987-03-23,0.46740397810935974
1987-03-24,0.4734480082988739
1987-03-25,0.47747746109962463
1987-03-26,0.4794919490814209
1987-03-27,0.47747746109962463
1987-03-30,0.4734480082988739
1987-03-31,0.47546279430389404
1987-04-01,0.47143349051475525
1987-04-02,0.46337461471557617
1987-04-03,0.483521044254303
1987-04-06,0.4875505566596985
1987-04-07,0.4875505566596985
1987-04-08,0.48150673508644104
1987-04-09,0.47143349051475525
1987-04-10,0.47546279430389404
1987-04-13,0.47747746109962463
1987-04-14,0.46740397810935974
1987-04-15,0.46740397810935974
1987-04-16,0.4794919490814209
1987-04-20,0.47747746109962463
1987-04-21,0.47143349051475525
1987-04-22,0.4734480082988739
1987-04-23,0.46740397810935974
1987-04-24,0.46740397810935974
1987-04-27,0.46740397810935974
1987-04-28,0.47333070635795593
1987-04-29,0.4650990068912506
1987-04-30,0.4630412757396698
1987-05-01,0.4609832465648651
1987-05-04,0.4568673074245453
1987-05-05,0.4506932497024536
1987-05-06,0.452751100063324
1987-05-07,0.4548092782497406
1987-05-08,0.4568673074245453
1987-05-11,0.4465774893760681
1987-05-12,0.44451943039894104
1987-05-13,0.44040346145629883
1987-05-14,0.43834570050239563
1987-05-15,0.43011367321014404
1987-05-18,0.42393988370895386
1987-05-19,0.4218822121620178
1987-05-20,0.4177660644054413
1987-05-21,0.4218822121620178
1987-05-22,0.4177660644054413
1987-05-26,0.42805561423301697
1987-05-27,0.44451943039894104
1987-05-28,0.4424615502357483
1987-05-29,0.43628770112991333
1987-06-01,0.42805561423301697
1987-06-02,0.4218822121620178
1987-06-03,0.42393988370895386
1987-06-04,0.42393988370895386
1987-06-05,0.42393988370895386
1987-06-08,0.42393988370895386
1987-06-09,0.41570788621902466
1987-06-10,0.4218822121620178
1987-06-11,0.4321717321872711
1987-06-12,0.43628770112991333
1987-06-15,0.43834570050239563
1987-06-16,0.44451943039894104
1987-06-17,0.43834570050239563
1987-06-18,0.43628770112991333
1987-06-19,0.43834570050239563
1987-06-22,0.4506932497024536
1987-06-23,0.452751100063324
1987-06-24,0.4568673074245453
1987-06-25,0.452751100063324
1987-06-26,0.4548092782497406
1987-06-29,0.452751100063324
1987-06-30,0.4568673074245453
1987-07-01,0.4568673074245453
1987-07-02,0.4609832465648651
1987-07-06,0.4568673074245453
1987-07-07,0.45892518758773804
1987-07-08,0.4506932497024536
1987-07-09,0.452751100063324
1987-07-10,0.4568673074245453
1987-07-13,0.45892518758773804
1987-07-14,0.45892518758773804
1987-07-15,0.4630412757396698
1987-07-16,0.4609832465648651
1987-07-17,0.4609832465648651
1987-07-20,0.4609832465648651
1987-07-21,0.45892518758773804
1987-07-22,0.47333070635795593
1987-07-23,0.4650990068912506
1987-07-24,0.46921488642692566
1987-07-27,0.46715688705444336
1987-07-28,0.46917688846588135
1987-07-29,0.46917688846588135
1987-07-30,0.46917688846588135
1987-07-31,0.47759246826171875
1987-08-03,0.47969645261764526
1987-08-04,0.4712807536125183
1987-08-05,0.46076101064682007
1987-08-06,0.46286478638648987
1987-08-07,0.46286478638648987
1987-08-10,0.46286478638648987
1987-08-11,0.46286478638648987
1987-08-12,0.46076101064682007
1987-08-13,0.4586571753025055
1987-08-14,0.4586571753025055
1987-08-17,0.4586571753025055
1987-08-18,0.46076101064682007
1987-08-19,0.4586571753025055
1987-08-20,0.46076101064682007
1987-08-21,0.45444920659065247
1987-08-24,0.45234519243240356
1987-08-25,0.4502413868904114
1987-08-26,0.4502413868904114
1987-08-27,0.45234519243240356
1987-08-28,0.44813773036003113
1987-08-31,0.45234519243240356
1987-09-01,0.45234519243240356
1987-09-02,0.4502413868904114
1987-09-03,0.45234519243240356
1987-09-04,0.4502413868904114
1987-09-08,0.43761780858039856
1987-09-09,0.4334101378917694
1987-09-10,0.41237086057662964
1987-09-11,0.4207864999771118
1987-09-14,0.4207864999771118
1987-09-15,0.4081628918647766
1987-09-16,0.4081628918647766
1987-09-17,0.40185099840164185
1987-09-18,0.39133137464523315
1987-09-21,0.3829156458377838
1987-09-22,0.4039548933506012
1987-09-23,0.4060586392879486
1987-09-24,0.4039548933506012
1987-09-25,0.40185099840164185
1987-09-28,0.4060586392879486
1987-09-29,0.4060586392879486
1987-09-30,0.40185099840164185
1987-10-01,0.4039548933506012
1987-10-02,0.395539253950119
1987-10-05,0.4039548933506012
1987-10-06,0.4102666974067688
1987-10-07,0.4186824858188629
1987-10-08,0.43761780858039856
1987-10-09,0.42709842324256897
1987-10-12,0.42920204997062683
1987-10-13,0.42920204997062683
1987-10-14,0.4207864999771118
1987-10-15,0.4207864999771118
1987-10-16,0.41447439789772034
1987-10-19,0.3850193917751312
1987-10-20,0.37449994683265686
1987-10-21,0.37449994683265686
1987-10-22,0.3702920377254486
1987-10-23,0.4039548933506012
1987-10-26,0.39133137464523315
1987-10-27,0.395539253950119
1987-10-28,0.3934635818004608
1987-10-29,0.404273122549057
1987-10-30,0.4194065034389496
1987-11-02,0.4323779344558716
1987-11-03,0.43670156598091125
1987-11-04,0.44102534651756287
1987-11-05,0.44534915685653687
1987-11-06,0.443187415599823
1987-11-09,0.44102534651756287
1987-11-10,0.4323779344558716
1987-11-11,0.4388633370399475
1987-11-12,0.4345397651195526
1987-11-13,0.4475111961364746
1987-11-16,0.44967275857925415
1987-11-17,0.44967275857925415
1987-11-18,0.45399677753448486
1987-11-19,0.45183485746383667
1987-11-20,0.4475111961364746
1987-11-23,0.4583207070827484
1987-11-24,0.47561532258987427
1987-11-25,0.47561532258987427
1987-11-27,0.46696794033050537
1987-11-30,0.4583207070827484
1987-12-01,0.4583207070827484
1987-12-02,0.44967275857925415
1987-12-03,0.44102534651756287
1987-12-04,0.4323779344558716
1987-12-07,0.44967275857925415
1987-12-08,0.44534915685653687
1987-12-09,0.443187415599823
1987-12-10,0.44534915685653687
1987-12-11,0.44102534651756287
1987-12-14,0.4561590552330017
1987-12-15,0.47129178047180176
1987-12-16,0.47561532258987427
1987-12-17,0.4777776300907135
1987-12-18,0.46696794033050537
1987-12-21,0.4777776300907135
1987-12-22,0.48426327109336853
1987-12-23,0.48426327109336853
1987-12-24,0.48426327109336853
1987-12-28,0.46696794033050537
1987-12-29,0.47129178047180176
1987-12-30,0.46264445781707764
1987-12-31,0.47561532258987427
1988-01-04,0.47561532258987427
1988-01-05,0.48426327109336853
1988-01-06,0.4799395799636841
1988-01-07,0.47561532258987427
1988-01-08,0.47561532258987427
1988-01-11,0.47561532258987427
1988-01-12,0.46696794033050537
1988-01-13,0.46264445781707764
1988-01-14,0.4777776300907135
1988-01-15,0.4799395799636841
1988-01-18,0.47345390915870667
1988-01-19,0.47129178047180176
1988-01-20,0.46696794033050537
1988-01-21,0.46913033723831177
1988-01-22,0.47561532258987427
1988-01-25,0.4799395799636841
1988-01-26,0.47345390915870667
1988-01-27,0.4777776300907135
1988-01-28,0.4799395799636841
1988-01-29,0.4799395799636841
1988-02-01,0.4868433475494385
1988-02-02,0.4868433475494385
1988-02-03,0.47799184918403625
1988-02-04,0.48463067412376404
1988-02-05,0.4824182391166687
1988-02-08,0.4824182391166687
1988-02-09,0.47799184918403625
1988-02-10,0.48463067412376404
1988-02-11,0.4868433475494385
1988-02-12,0.4912697672843933
1988-02-16,0.48905661702156067
1988-02-17,0.49790820479393005
1988-02-18,0.4912697672843933
1988-02-19,0.48905661702156067
1988-02-22,0.48905661702156067
1988-02-23,0.48905661702156067
1988-02-24,0.4824182391166687
1988-02-25,0.4824182391166687
1988-02-26,0.4868433475494385
1988-02-29,0.47799184918403625
1988-03-01,0.4802051782608032
1988-03-02,0.4824182391166687
1988-03-03,0.4868433475494385
1988-03-04,0.4868433475494385
1988-03-07,0.4912697672843933
1988-03-08,0.4824182391166687
1988-03-09,0.4824182391166687
1988-03-10,0.48463067412376404
1988-03-11,0.4868433475494385
1988-03-14,0.49348267912864685
1988-03-15,0.4912697672843933
1988-03-16,0.4956955015659332
1988-03-17,0.4956955015659332
1988-03-18,0.49790820479393005
1988-03-21,0.4956955015659332
1988-03-22,0.48905661702156067
1988-03-23,0.4868433475494385
1988-03-24,0.49348267912864685
1988-03-25,0.49348267912864685
1988-03-28,0.4802051782608032
1988-03-29,0.4802051782608032
1988-03-30,0.47799184918403625
1988-03-31,0.4868433475494385
1988-04-04,0.4868433475494385
1988-04-05,0.4824182391166687
1988-04-06,0.4824182391166687
1988-04-07,0.4824182391166687
1988-04-08,0.4802051782608032
1988-04-11,0.47799184918403625
1988-04-12,0.4824182391166687
1988-04-13,0.47799184918403625
1988-04-14,0.4757789969444275
1988-04-15,0.4735662341117859
1988-04-18,0.4713534712791443
1988-04-19,0.4713534712791443
1988-04-20,0.4757789969444275
1988-04-21,0.4735662341117859
1988-04-22,0.4802051782608032
1988-04-25,0.4824182391166687
1988-04-26,0.4802051782608032
1988-04-27,0.4802051782608032
1988-04-28,0.48296239972114563
1988-04-29,0.4874967038631439
1988-05-02,0.48069503903388977
1988-05-03,0.4738924205303192
1988-05-04,0.47162479162216187
1988-05-05,0.4738924205303192
1988-05-06,0.4784274995326996
1988-05-09,0.4693576693534851
1988-05-10,0.4693576693534851
1988-05-11,0.4648226499557495
1988-05-12,0.46028783917427063
1988-05-13,0.4580204486846924
1988-05-16,0.45575305819511414
1988-05-17,0.44668304920196533
1988-05-18,0.43534621596336365
1988-05-19,0.43081143498420715
1988-05-20,0.43081143498420715
1988-05-23,0.43081143498420715
1988-05-24,0.43081143498420715
1988-05-25,0.4376136362552643
1988-05-26,0.4534856081008911
1988-05-27,0.45575305819511414
1988-05-31,0.46028783917427063
1988-06-01,0.4534856081008911
1988-06-02,0.442148357629776
1988-06-03,0.4534856081008911
1988-06-06,0.46028783917427063
1988-06-07,0.4648226499557495
1988-06-08,0.4693576693534851
1988-06-09,0.4693576693534851
1988-06-10,0.47162479162216187
1988-06-13,0.48069503903388977
1988-06-14,0.4874967038631439
1988-06-15,0.48296239972114563
1988-06-16,0.48069503903388977
1988-06-17,0.4738924205303192
1988-06-20,0.4738924205303192
1988-06-21,0.4784274995326996
1988-06-22,0.4761597514152527
1988-06-23,0.48069503903388977
1988-06-24,0.48522958159446716
1988-06-27,0.48069503903388977
1988-06-28,0.4784274995326996
1988-06-29,0.4670902490615845
1988-06-30,0.4693576693534851
1988-07-01,0.47162479162216187
1988-07-05,0.4670902490615845
1988-07-06,0.4693576693534851
1988-07-07,0.4670902490615845
1988-07-08,0.47162479162216187
1988-07-11,0.4670902490615845
1988-07-12,0.4693576693534851
1988-07-13,0.47162479162216187
1988-07-14,0.47162479162216187
1988-07-15,0.47162479162216187
1988-07-18,0.4625551998615265
1988-07-19,0.4625551998615265
1988-07-20,0.4625551998615265
1988-07-21,0.4580204486846924
1988-07-22,0.4625551998615265
1988-07-25,0.4648226499557495
1988-07-26,0.47022315859794617
1988-07-27,0.47022315859794617
1988-07-28,0.47022315859794617
1988-07-29,0.4678954482078552
1988-08-01,0.47022315859794617
1988-08-02,0.47022315859794617
1988-08-03,0.4655676782131195
1988-08-04,0.47022315859794617
1988-08-05,0.4678954482078552
1988-08-08,0.47022315859794617
1988-08-09,0.4725511968135834
1988-08-10,0.47022315859794617
1988-08-11,0.4678954482078552
1988-08-12,0.46323999762535095
1988-08-15,0.4655676782131195
1988-08-16,0.47022315859794617
1988-08-17,0.4655676782131195
1988-08-18,0.4772069454193115
1988-08-19,0.47487911581993103
1988-08-22,0.4888458549976349
1988-08-23,0.4888458549976349
1988-08-24,0.4841902256011963
1988-08-25,0.4818626046180725
1988-08-26,0.48651835322380066
1988-08-29,0.49582958221435547
1988-08-30,0.5028126835823059
1988-08-31,0.5097965598106384
1988-09-01,0.5028126835823059
1988-09-02,0.5028126835823059
1988-09-06,0.4981571435928345
1988-09-07,0.5004849433898926
1988-09-08,0.4981571435928345
1988-09-09,0.5097965598106384
1988-09-12,0.5028126835823059
1988-09-13,0.5074687600135803
1988-09-14,0.5121241807937622
1988-09-15,0.5191081166267395
1988-09-16,0.5121241807937622
1988-09-19,0.5121241807937622
1988-09-20,0.5051408410072327
1988-09-21,0.5074687600135803
1988-09-22,0.5097965598106384
1988-09-23,0.5121241807937622
1988-09-26,0.5004849433898926
1988-09-27,0.5028126835823059
1988-09-28,0.5028126835823059
1988-09-29,0.5028126835823059
1988-09-30,0.5051408410072327
1988-10-03,0.5028126835823059
1988-10-04,0.5028126835823059
1988-10-05,0.5004849433898926
1988-10-06,0.5028126835823059
1988-10-07,0.5028126835823059
1988-10-10,0.5028126835823059
1988-10-11,0.5004849433898926
1988-10-12,0.5028126835823059
1988-10-13,0.5028126835823059
1988-10-14,0.5028126835823059
1988-10-17,0.5028126835823059
1988-10-18,0.5028126835823059
1988-10-19,0.5028126835823059
1988-10-20,0.5028126835823059
1988-10-21,0.5004849433898926
1988-10-24,0.5028126835823059
1988-10-25,0.5004849433898926
1988-10-26,0.5038664937019348
1988-10-27,0.513418436050415
1988-10-28,0.5110305547714233
1988-10-31,0.5062547922134399
1988-11-01,0.5158061385154724
1988-11-02,0.5086427927017212
1988-11-03,0.5110305547714233
1988-11-04,0.5110305547714233
1988-11-07,0.513418436050415
1988-11-08,0.513418436050415
1988-11-09,0.5110305547714233
1988-11-10,0.5086427927017212
1988-11-11,0.5110305547714233
1988-11-14,0.5110305547714233
1988-11-15,0.513418436050415
1988-11-16,0.513418436050415
1988-11-17,0.513418436050415
1988-11-18,0.5110305547714233
1988-11-21,0.5110305547714233
1988-11-22,0.5062547922134399
1988-11-23,0.5086427927017212
1988-11-25,0.5038664937019348
1988-11-28,0.5014784932136536
1988-11-29,0.49670255184173584
1988-11-30,0.4919266998767853
1988-12-01,0.4871506690979004
1988-12-02,0.4847625195980072
1988-12-05,0.47998636960983276
1988-12-06,0.47998636960983276
1988-12-07,0.4847625195980072
1988-12-08,0.4871506690979004
1988-12-09,0.4871506690979004
1988-12-12,0.4871506690979004
1988-12-13,0.4871506690979004
1988-12-14,0.4847625195980072
1988-12-15,0.4895389974117279
1988-12-16,0.4895389974117279
1988-12-19,0.4943147301673889
1988-12-20,0.4919266998767853
1988-12-21,0.4895389974117279
1988-12-22,0.4871506690979004
1988-12-23,0.4871506690979004
1988-12-27,0.4871506690979004
1988-12-28,0.4871506690979004
1988-12-29,0.4895389974117279
1988-12-30,0.4943147301673889
1989-01-03,0.4895389974117279
1989-01-04,0.4871506690979004
1989-01-05,0.4895389974117279
1989-01-06,0.4895389974117279
1989-01-09,0.4847625195980072
1989-01-10,0.4871506690979004
1989-01-11,0.4895389974117279
1989-01-12,0.4919266998767853
1989-01-13,0.4943147301673889
1989-01-16,0.5014784932136536
1989-01-17,0.49909064173698425
1989-01-18,0.49909064173698425
1989-01-19,0.5038664937019348
1989-01-20,0.5062547922134399
1989-01-23,0.5014784932136536
1989-01-24,0.5014784932136536
1989-01-25,0.49909064173698425
1989-01-26,0.49546048045158386
1989-01-27,0.4979133605957031
1989-01-30,0.5003662705421448
1989-01-31,0.4905550479888916
1989-02-01,0.48810213804244995
1989-02-02,0.4905550479888916
1989-02-03,0.48810213804244995
1989-02-06,0.4930078089237213
1989-02-07,0.5052717328071594
1989-02-08,0.5052717328071594
1989-02-09,0.5052717328071594
1989-02-10,0.5052717328071594
1989-02-13,0.5028192400932312
1989-02-14,0.4979133605957031
1989-02-15,0.49546048045158386
1989-02-16,0.4979133605957031
1989-02-17,0.4979133605957031
1989-02-21,0.49546048045158386
1989-02-22,0.4905550479888916
1989-02-23,0.4930078089237213
1989-02-24,0.4930078089237213
1989-02-27,0.4930078089237213
1989-02-28,0.5003662705421448
1989-03-01,0.51263028383255
1989-03-02,0.5175354480743408
1989-03-03,0.5175354480743408
1989-03-06,0.5175354480743408
1989-03-07,0.5199883580207825
1989-03-08,0.51263028383255
1989-03-09,0.5175354480743408
1989-03-10,0.51263028383255
1989-03-13,0.51263028383255
1989-03-14,0.51263028383255
1989-03-15,0.5175354480743408
1989-03-16,0.51263028383255
1989-03-17,0.5150826573371887
1989-03-20,0.5003662705421448
1989-03-21,0.4979133605957031
1989-03-22,0.4979133605957031
1989-03-23,0.4979133605957031
1989-03-27,0.5028192400932312
1989-03-28,0.5028192400932312
1989-03-29,0.5028192400932312
1989-03-30,0.4979133605957031
1989-03-31,0.5052717328071594
1989-04-03,0.505411684513092
1989-04-04,0.5079137682914734
1989-04-05,0.5079137682914734
1989-04-06,0.5079137682914734
1989-04-07,0.5079137682914734
1989-04-10,0.5079137682914734
1989-04-11,0.5079137682914734
1989-04-12,0.5104159712791443
1989-04-13,0.5079137682914734
1989-04-14,0.5104159712791443
1989-04-17,0.5079137682914734
1989-04-18,0.5104159712791443
1989-04-19,0.5104159712791443
1989-04-20,0.5104159712791443
1989-04-21,0.5079137682914734
1989-04-24,0.5129176378250122
1989-04-25,0.5104159712791443
1989-04-26,0.5143492221832275
1989-04-27,0.5118280649185181
1989-04-28,0.5118280649185181
1989-05-01,0.5118280649185181
1989-05-02,0.5168704390525818
1989-05-03,0.5143492221832275
1989-05-04,0.5168704390525818
1989-05-05,0.5168704390525818
1989-05-08,0.5143492221832275
1989-05-09,0.5143492221832275
1989-05-10,0.5193919539451599
1989-05-11,0.5168704390525818
1989-05-12,0.5345196723937988
1989-05-15,0.5345196723937988
1989-05-16,0.5319984555244446
1989-05-17,0.5345196723937988
1989-05-18,0.5345196723937988
1989-05-19,0.5395625829696655
1989-05-22,0.5521687269210815
1989-05-23,0.5496478080749512
1989-05-24,0.5446047782897949
1989-05-25,0.542083740234375
1989-05-26,0.542083740234375
1989-05-30,0.542083740234375
1989-05-31,0.542083740234375
1989-06-01,0.542083740234375
1989-06-02,0.5395625829696655
1989-06-05,0.5395625829696655
1989-06-06,0.542083740234375
1989-06-07,0.5446047782897949
1989-06-08,0.5723394751548767
1989-06-09,0.5698180198669434
1989-06-12,0.5773818492889404
1989-06-13,0.5723394751548767
1989-06-14,0.5748606324195862
1989-06-15,0.5748606324195862
1989-06-16,0.5723394751548767
1989-06-19,0.5874671936035156
1989-06-20,0.5950315594673157
1989-06-21,0.5899884700775146
1989-06-22,0.6025950908660889
1989-06-23,0.6000738143920898
1989-06-26,0.6025950908660889
1989-06-27,0.6101592779159546
1989-06-28,0.605116605758667
1989-06-29,0.6000738143920898
1989-06-30,0.6000738143920898
1989-07-03,0.6025950908660889
1989-07-05,0.6101592779159546
1989-07-06,0.6076380610466003
1989-07-07,0.6126806139945984
1989-07-10,0.620244562625885
1989-07-11,0.6252871751785278
1989-07-12,0.620244562625885
1989-07-13,0.6101592779159546
1989-07-14,0.6101592779159546
1989-07-17,0.6101592779159546
1989-07-18,0.605116605758667
1989-07-19,0.6076380610466003
1989-07-20,0.605116605758667
1989-07-21,0.6025950908660889
1989-07-24,0.6076380610466003
1989-07-25,0.6025950908660889
1989-07-26,0.6025950908660889
1989-07-27,0.605116605758667
1989-07-28,0.6147247552871704
1989-07-31,0.6147247552871704
1989-08-01,0.6224736571311951
1989-08-02,0.6224736571311951
1989-08-03,0.6250565052032471
1989-08-04,0.6224736571311951
1989-08-07,0.6250565052032471
1989-08-08,0.6250565052032471
1989-08-09,0.6302223801612854
1989-08-10,0.6302223801612854
1989-08-11,0.6379708647727966
1989-08-14,0.6379708647727966
1989-08-15,0.6328049302101135
1989-08-16,0.6353878974914551
1989-08-17,0.6276392936706543
1989-08-18,0.6250565052032471
1989-08-21,0.6276392936706543
1989-08-22,0.6276392936706543
1989-08-23,0.6328049302101135
1989-08-24,0.6379708647727966
1989-08-25,0.6457192301750183
1989-08-28,0.6457192301750183
1989-08-29,0.6457192301750183
1989-08-30,0.6457192301750183
1989-08-31,0.6560508608818054
1989-09-01,0.6612167954444885
1989-09-05,0.6483021974563599
1989-09-06,0.6405538320541382
1989-09-07,0.643136739730835
1989-09-08,0.6457192301750183
1989-09-11,0.643136739730835
1989-09-12,0.6457192301750183
1989-09-13,0.6353878974914551
1989-09-14,0.643136739730835
1989-09-15,0.6405538320541382
1989-09-18,0.6405538320541382
1989-09-19,0.6353878974914551
1989-09-20,0.6405538320541382
1989-09-21,0.6405538320541382
1989-09-22,0.6405538320541382
1989-09-25,0.6328049302101135
1989-09-26,0.6379708647727966
1989-09-27,0.6379708647727966
1989-09-28,0.6379708647727966
1989-09-29,0.6379708647727966
1989-10-02,0.6379708647727966
1989-10-03,0.6457192301750183
1989-10-04,0.6483021974563599
1989-10-05,0.6508853435516357
1989-10-06,0.653468132019043
1989-10-09,0.6560508608818054
1989-10-10,0.653468132019043
1989-10-11,0.6405538320541382
1989-10-12,0.643136739730835
1989-10-13,0.6302223801612854
1989-10-16,0.6353878974914551
1989-10-17,0.6353878974914551
1989-10-18,0.6198906898498535
1989-10-19,0.6250565052032471
1989-10-20,0.6353878974914551
1989-10-23,0.6302223801612854
1989-10-24,0.6353878974914551
1989-10-25,0.6302223801612854
1989-10-26,0.6250565052032471
1989-10-27,0.6198906898498535
1989-10-30,0.6246979236602783
1989-10-31,0.6273446679115295
1989-11-01,0.6273446679115295
1989-11-02,0.6326384544372559
1989-11-03,0.6273446679115295
1989-11-06,0.6326384544372559
1989-11-07,0.6246979236602783
1989-11-08,0.6273446679115295
1989-11-09,0.6273446679115295
1989-11-10,0.6273446679115295
1989-11-13,0.6246979236602783
1989-11-14,0.6246979236602783
1989-11-15,0.629991352558136
1989-11-16,0.6273446679115295
1989-11-17,0.6220507621765137
1989-11-20,0.6167569160461426
1989-11-21,0.6167569160461426
1989-11-22,0.6220507621765137
1989-11-24,0.6273446679115295
1989-11-27,0.629991352558136
1989-11-28,0.6405795216560364
1989-11-29,0.6352853178977966
1989-11-30,0.6379326581954956
1989-12-01,0.6379326581954956
1989-12-04,0.6405795216560364
1989-12-05,0.6379326581954956
1989-12-06,0.6273446679115295
1989-12-07,0.6246979236602783
1989-12-08,0.6326384544372559
1989-12-11,0.6379326581954956
1989-12-12,0.6432268619537354
1989-12-13,0.6511682271957397
1989-12-14,0.648520827293396
1989-12-15,0.6511682271957397
1989-12-18,0.6538150310516357
1989-12-19,0.6538150310516357
1989-12-20,0.6564621329307556
1989-12-21,0.6591090559959412
1989-12-22,0.6644030809402466
1989-12-26,0.6617560982704163
1989-12-27,0.6670498847961426
1989-12-28,0.6670498847961426
1989-12-29,0.6696969866752625
1990-01-02,0.674991250038147
1990-01-03,0.6696969866752625
1990-01-04,0.6723440885543823
1990-01-05,0.6670498847961426
1990-01-08,0.677638053894043
1990-01-09,0.6696969866752625
1990-01-10,0.6670498847961426
1990-01-11,0.674991250038147
1990-01-12,0.6696969866752625
1990-01-15,0.6670498847961426
1990-01-16,0.6670498847961426
1990-01-17,0.6670498847961426
1990-01-18,0.6723440885543823
1990-01-19,0.674991250038147
1990-01-22,0.6723440885543823
1990-01-23,0.6617560982704163
1990-01-24,0.6564621329307556
1990-01-25,0.6564621329307556
1990-01-26,0.6564621329307556
1990-01-29,0.6511682271957397
1990-01-30,0.6401020288467407
1990-01-31,0.6265403032302856
1990-02-01,0.6292526125907898
1990-02-02,0.623828113079071
1990-02-05,0.6211157441139221
1990-02-06,0.6102666854858398
1990-02-07,0.6156909465789795
1990-02-08,0.6156909465789795
1990-02-09,0.6211157441139221
1990-02-12,0.6184032559394836
1990-02-13,0.6211157441139221
1990-02-14,0.6129788160324097
1990-02-15,0.6211157441139221
1990-02-16,0.6156909465789795
1990-02-20,0.6129788160324097
1990-02-21,0.6075546741485596
1990-02-22,0.6156909465789795
1990-02-23,0.6075546741485596
1990-02-26,0.6156909465789795
1990-02-27,0.6184032559394836
1990-02-28,0.6156909465789795
1990-03-01,0.6184032559394836
1990-03-02,0.6184032559394836
1990-03-05,0.6184032559394836
1990-03-06,0.6211157441139221
1990-03-07,0.6211157441139221
1990-03-08,0.6184032559394836
1990-03-09,0.6184032559394836
1990-03-12,0.6211157441139221
1990-03-13,0.6184032559394836
1990-03-14,0.6184032559394836
1990-03-15,0.6156909465789795
1990-03-16,0.6129788160324097
1990-03-19,0.6211157441139221
1990-03-20,0.623828113079071
1990-03-21,0.6292526125907898
1990-03-22,0.6292526125907898
1990-03-23,0.6319650411605835
1990-03-26,0.6292526125907898
1990-03-27,0.6292526125907898
1990-03-28,0.623828113079071
1990-03-29,0.6292526125907898
1990-03-30,0.6346766948699951
1990-04-02,0.623828113079071
1990-04-03,0.623828113079071
1990-04-04,0.623828113079071
1990-04-05,0.6184032559394836
1990-04-06,0.6292526125907898
1990-04-09,0.623828113079071
1990-04-10,0.6319650411605835
1990-04-11,0.6292526125907898
1990-04-12,0.6265403032302856
1990-04-16,0.6346766948699951
1990-04-17,0.6346766948699951
1990-04-18,0.6292526125907898
1990-04-19,0.6373895406723022
1990-04-20,0.6401020288467407
1990-04-23,0.6346766948699951
1990-04-24,0.6455259323120117
1990-04-25,0.642814040184021
1990-04-26,0.6346766948699951
1990-04-27,0.642814040184021
1990-04-30,0.648424506187439
1990-05-01,0.6595560908317566
1990-05-02,0.6512067317962646
1990-05-03,0.6456413269042969
1990-05-04,0.648424506187439
1990-05-07,0.6512067317962646
1990-05-08,0.6512067317962646
1990-05-09,0.6456413269042969
1990-05-10,0.648424506187439
1990-05-11,0.6428582668304443
1990-05-14,0.6456413269042969
1990-05-15,0.6456413269042969
1990-05-16,0.6428582668304443
1990-05-17,0.6539903879165649
1990-05-18,0.6595560908317566
1990-05-21,0.6679046154022217
1990-05-22,0.6734707951545715
1990-05-23,0.6706876754760742
1990-05-24,0.6818196177482605
1990-05-25,0.6818196177482605
1990-05-29,0.6790366768836975
1990-05-30,0.6846027970314026
1990-05-31,0.6818196177482605
1990-06-01,0.6818196177482605
1990-06-04,0.6846027970314026
1990-06-05,0.6957343816757202
1990-06-06,0.6818196177482605
1990-06-07,0.6818196177482605
1990-06-08,0.6790366768836975
1990-06-11,0.687385618686676
1990-06-12,0.6790366768836975
1990-06-13,0.6846027970314026
1990-06-14,0.687385618686676
1990-06-15,0.6985173225402832
1990-06-18,0.692951500415802
1990-06-19,0.6985173225402832
1990-06-20,0.692951500415802
1990-06-21,0.6985173225402832
1990-06-22,0.7068659067153931
1990-06-25,0.7124316692352295
1990-06-26,0.7152144908905029
1990-06-27,0.7124316692352295
1990-06-28,0.7124316692352295
1990-06-29,0.692951500415802
1990-07-02,0.7013000249862671
1990-07-03,0.7068659067153931
1990-07-05,0.7013000249862671
1990-07-06,0.7040829062461853
1990-07-09,0.7068659067153931
1990-07-10,0.7040829062461853
1990-07-11,0.7068659067153931
1990-07-12,0.7096489071846008
1990-07-13,0.7207804918289185
1990-07-16,0.7179975509643555
1990-07-17,0.7263467907905579
1990-07-18,0.723563551902771
1990-07-19,0.729129433631897
1990-07-20,0.7263467907905579
1990-07-23,0.7124316692352295
1990-07-24,0.723563551902771
1990-07-25,0.7486096024513245
1990-07-26,0.7486096024513245
1990-07-27,0.7430440187454224
1990-07-30,0.726296603679657
1990-07-31,0.7348408699035645
1990-08-01,0.7462338805198669
1990-08-02,0.7348408699035645
1990-08-03,0.7291446328163147
1990-08-06,0.712055504322052
1990-08-07,0.7149038910865784
1990-08-08,0.7177517414093018
1990-08-09,0.7092075347900391
1990-08-10,0.7092075347900391
1990-08-13,0.7035110592842102
1990-08-14,0.7177517414093018
1990-08-15,0.7348408699035645
1990-08-16,0.7291446328163147
1990-08-17,0.7206000089645386
1990-08-20,0.7177517414093018
1990-08-21,0.7063593864440918
1990-08-22,0.7063593864440918
1990-08-23,0.6835730671882629
1990-08-24,0.6807248592376709
1990-08-27,0.7035110592842102
1990-08-28,0.697814404964447
1990-08-29,0.7035110592842102
1990-08-30,0.7092075347900391
1990-08-31,0.712055504322052
1990-09-04,0.697814404964447
1990-09-05,0.7177517414093018
1990-09-06,0.726296603679657
1990-09-07,0.7319927215576172
1990-09-10,0.7234482169151306
1990-09-11,0.7177517414093018
1990-09-12,0.7177517414093018
1990-09-13,0.7177517414093018
1990-09-14,0.712055504322052
1990-09-17,0.712055504322052
1990-09-18,0.712055504322052
1990-09-19,0.7149038910865784
1990-09-20,0.7177517414093018
1990-09-21,0.7092075347900391
1990-09-24,0.712055504322052
1990-09-25,0.7149038910865784
1990-09-26,0.7149038910865784
1990-09-27,0.7063593864440918
1990-09-28,0.7092075347900391
1990-10-01,0.7035110592842102
1990-10-02,0.7035110592842102
1990-10-03,0.7006629705429077
1990-10-04,0.697814404964447
1990-10-05,0.6949662566184998
1990-10-08,0.7035110592842102
1990-10-09,0.697814404964447
1990-10-10,0.7063593864440918
1990-10-11,0.7035110592842102
1990-10-12,0.712055504322052
1990-10-15,0.712055504322052
1990-10-16,0.7149038910865784
1990-10-17,0.7149038910865784
1990-10-18,0.7149038910865784
1990-10-19,0.7348408699035645
1990-10-22,0.7519306540489197
1990-10-23,0.7490818500518799
1990-10-24,0.740537703037262
1990-10-25,0.7376893758773804
1990-10-26,0.740537703037262
1990-10-29,0.7353320717811584
1990-10-30,0.7440859079360962
1990-10-31,0.7411679625511169
1990-11-01,0.7411679625511169
1990-11-02,0.7440859079360962
1990-11-05,0.7470040321350098
1990-11-06,0.7440859079360962
1990-11-07,0.7440859079360962
1990-11-08,0.7440859079360962
1990-11-09,0.7470040321350098
1990-11-12,0.758675754070282
1990-11-13,0.7645117044448853
1990-11-14,0.7615935802459717
1990-11-15,0.7528396844863892
1990-11-16,0.758675754070282
1990-11-19,0.7645117044448853
1990-11-20,0.7674300074577332
1990-11-21,0.7615935802459717
1990-11-23,0.7703477740287781
1990-11-26,0.7645117044448853
1990-11-27,0.7732656002044678
1990-11-28,0.7761842608451843
1990-11-29,0.779102087020874
1990-11-30,0.7878561019897461
1990-12-03,0.7907735109329224
1990-12-04,0.779102087020874
1990-12-05,0.7820199728012085
1990-12-06,0.779102087020874
1990-12-07,0.7820199728012085
1990-12-10,0.7907735109329224
1990-12-11,0.7995278835296631
1990-12-12,0.7878561019897461
1990-12-13,0.7878561019897461
1990-12-14,0.7849376201629639
1990-12-17,0.7849376201629639
1990-12-18,0.779102087020874
1990-12-19,0.7849376201629639
1990-12-20,0.7878561019897461
1990-12-21,0.79660964012146
1990-12-24,0.7936921119689941
1990-12-26,0.79660964012146
1990-12-27,0.7907735109329224
1990-12-28,0.779102087020874
1990-12-31,0.7732656002044678
1991-01-02,0.7878561019897461
1991-01-03,0.7907735109329224
1991-01-04,0.7820199728012085
1991-01-07,0.7820199728012085
1991-01-08,0.7820199728012085
1991-01-09,0.7878561019897461
1991-01-10,0.7878561019897461
1991-01-11,0.7878561019897461
1991-01-14,0.7820199728012085
1991-01-15,0.7878561019897461
1991-01-16,0.7849376201629639
1991-01-17,0.7878561019897461
1991-01-18,0.7849376201629639
1991-01-21,0.7820199728012085
1991-01-22,0.7878561019897461
1991-01-23,0.7878561019897461
1991-01-24,0.7995278835296631
1991-01-25,0.8024455308914185
1991-01-28,0.808281421661377
1991-01-29,0.8170352578163147
1991-01-30,0.8359026312828064
1991-01-31,0.8418737053871155
1991-02-01,0.8329175710678101
1991-02-04,0.8418737053871155
1991-02-05,0.8627715706825256
1991-02-06,0.8627715706825256
1991-02-07,0.8448591232299805
1991-02-08,0.8418737053871155
1991-02-11,0.8508301377296448
1991-02-12,0.8418737053871155
1991-02-13,0.8538157343864441
1991-02-14,0.8418737053871155
1991-02-15,0.8418737053871155
1991-02-19,0.8359026312828064
1991-02-20,0.8329175710678101
1991-02-21,0.8359026312828064
1991-02-22,0.8359026312828064
1991-02-25,0.8359026312828064
1991-02-26,0.8269468545913696
1991-02-27,0.8209760189056396
1991-02-28,0.8299320936203003
1991-03-01,0.8269468545913696
1991-03-04,0.8269468545913696
1991-03-05,0.8239613175392151
1991-03-06,0.8209760189056396
1991-03-07,0.8209760189056396
1991-03-08,0.8269468545913696
1991-03-11,0.8359026312828064
1991-03-12,0.8508301377296448
1991-03-13,0.871727466583252
1991-03-14,0.8747130632400513
1991-03-15,0.8776983022689819
1991-03-18,0.8687415719032288
1991-03-19,0.8747130632400513
1991-03-20,0.871727466583252
1991-03-21,0.8747130632400513
1991-03-22,0.871727466583252
1991-03-25,0.8836687803268433
1991-03-26,0.8776983022689819
1991-03-27,0.8836687803268433
1991-03-28,0.9045669436454773
1991-04-01,0.8985962867736816
1991-04-02,0.9045669436454773
1991-04-03,0.9165080785751343
1991-04-04,0.919493556022644
1991-04-05,0.9045669436454773
1991-04-08,0.9045669436454773
1991-04-09,0.9135226011276245
1991-04-10,0.919493556022644
1991-04-11,0.9254637360572815
1991-04-12,0.9224787950515747
1991-04-15,0.937405526638031
1991-04-16,0.9403911232948303
1991-04-17,0.9523326754570007
1991-04-18,0.9493467807769775
1991-04-19,0.9403911232948303
1991-04-22,0.9314347505569458
1991-04-23,0.9314347505569458
1991-04-24,0.937405526638031
1991-04-25,0.937405526638031
1991-04-26,0.937405526638031
1991-04-29,0.9356257915496826
1991-04-30,0.929530680179596
1991-05-01,0.9508638381958008
1991-05-02,0.9508638381958008
1991-05-03,0.9569592475891113
1991-05-06,0.9569592475891113
1991-05-07,0.9478161334991455
1991-05-08,0.953911542892456
1991-05-09,0.9417209029197693
1991-05-10,0.9508638381958008
1991-05-13,0.9447683691978455
1991-05-14,0.9325776696205139
1991-05-15,0.9325776696205139
1991-05-16,0.9417209029197693
1991-05-17,0.9478161334991455
1991-05-20,0.9447683691978455
1991-05-21,0.9478161334991455
1991-05-22,0.9386733174324036
1991-05-23,0.9356257915496826
1991-05-24,0.9417209029197693
1991-05-28,0.9569592475891113
1991-05-29,0.9508638381958008
1991-05-30,0.9569592475891113
1991-05-31,0.9569592475891113
1991-06-03,0.9478161334991455
1991-06-04,0.9447683691978455
1991-06-05,0.9508638381958008
1991-06-06,0.9417209029197693
1991-06-07,0.9478161334991455
1991-06-10,0.9386733174324036
1991-06-11,0.9447683691978455
1991-06-12,0.953911542892456
1991-06-13,0.9478161334991455
1991-06-14,0.9508638381958008
1991-06-17,0.9447683691978455
1991-06-18,0.953911542892456
1991-06-19,0.9508638381958008
1991-06-20,0.9478161334991455
1991-06-21,0.9447683691978455
1991-06-24,0.9386733174324036
1991-06-25,0.9386733174324036
1991-06-26,0.9356257915496826
1991-06-27,0.9417209029197693
1991-06-28,0.9447683691978455
1991-07-01,0.9417209029197693
1991-07-02,0.9386733174324036
1991-07-03,0.9447683691978455
1991-07-05,0.929530680179596
1991-07-08,0.9325776696205139
1991-07-09,0.9447683691978455
1991-07-10,0.9417209029197693
1991-07-11,0.9630553722381592
1991-07-12,0.9600068926811218
1991-07-15,0.9752451181411743
1991-07-16,0.969149649143219
1991-07-17,0.9630553722381592
1991-07-18,0.984388530254364
1991-07-19,0.9935306906700134
1991-07-22,0.9965787529945374
1991-07-23,0.9965787529945374
1991-07-24,0.9996262192726135
1991-07-25,0.9965787529945374
1991-07-26,0.9965787529945374
1991-07-29,0.9965787529945374
1991-07-30,0.9950859546661377
1991-07-31,0.9826473593711853
1991-08-01,0.9795375466346741
1991-08-02,0.9764280319213867
1991-08-05,0.9639894366264343
1991-08-06,0.9795375466346741
1991-08-07,0.9950859546661377
1991-08-08,0.9981955289840698
1991-08-09,0.9826473593711853
1991-08-12,0.9919764995574951
1991-08-13,0.9950859546661377
1991-08-14,0.9981955289840698
1991-08-15,0.9919764995574951
1991-08-16,1.0013054609298706
1991-08-19,0.9733185768127441
1991-08-20,1.0168535709381104
1991-08-21,1.0510590076446533
1991-08-22,1.0417306423187256
1991-08-23,1.0355116128921509
1991-08-26,1.0261825323104858
1991-08-27,1.0137438774108887
1991-08-28,1.0230730772018433
1991-08-29,0.9919764995574951
1991-08-30,0.9826473593711853
1991-09-03,0.9826473593711853
1991-09-04,0.9795375466346741
1991-09-05,0.9950859546661377
1991-09-06,0.9826473593711853
1991-09-09,0.9950859546661377
1991-09-10,0.9888663291931152
1991-09-11,0.985757052898407
1991-09-12,1.0137438774108887
1991-09-13,1.0013054609298706
1991-09-16,0.9981955289840698
1991-09-17,1.019963264465332
1991-09-18,1.019963264465332
1991-09-19,1.0168535709381104
1991-09-20,1.0137438774108887
1991-09-23,1.0355116128921509
1991-09-24,1.0386213064193726
1991-09-25,1.0417306423187256
1991-09-26,1.0417306423187256
1991-09-27,1.0417306423187256
1991-09-30,1.0386213064193726
1991-10-01,1.03240168094635
1991-10-02,1.0417306423187256
1991-10-03,1.0386213064193726
1991-10-04,1.0386213064193726
1991-10-07,1.019963264465332
1991-10-08,0.9981955289840698
1991-10-09,1.0075247287750244
1991-10-10,1.0013054609298706
1991-10-11,1.0013054609298706
1991-10-14,0.9919764995574951
1991-10-15,0.9950859546661377
1991-10-16,0.9919764995574951
1991-10-17,0.9950859546661377
1991-10-18,0.985757052898407
1991-10-21,0.9888663291931152
1991-10-22,1.0013054609298706
1991-10-23,1.0137438774108887
1991-10-24,1.0137438774108887
1991-10-25,1.0137438774108887
1991-10-28,1.0315696001052856
1991-10-29,1.028395652770996
1991-10-30,1.028395652770996
1991-10-31,1.028395652770996
1991-11-01,1.0569617748260498
1991-11-04,1.0379174947738647
1991-11-05,1.0410916805267334
1991-11-06,1.060136318206787
1991-11-07,1.063309669494629
1991-11-08,1.0569617748260498
1991-11-11,1.0569617748260498
1991-11-12,1.060136318206787
1991-11-13,1.0569617748260498
1991-11-14,1.0569617748260498
1991-11-15,1.0569617748260498
1991-11-18,1.0569617748260498
1991-11-19,1.0569617748260498
1991-11-20,1.0537877082824707
1991-11-21,1.050613522529602
1991-11-22,1.0410916805267334
1991-11-25,1.025221347808838
1991-11-26,1.0442661046981812
1991-11-27,1.0379174947738647
1991-11-29,1.0410916805267334
1991-12-02,1.0474395751953125
1991-12-03,1.060136318206787
1991-12-04,1.050613522529602
1991-12-05,1.0569617748260498
1991-12-06,1.0474395751953125
1991-12-09,1.0569617748260498
1991-12-10,1.066483974456787
1991-12-11,1.0855289697647095
1991-12-12,1.1140953302383423
1991-12-13,1.139487385749817
1991-12-16,1.139487385749817
1991-12-17,1.1236168146133423
1991-12-18,1.1077473163604736
1991-12-19,1.1140953302383423
1991-12-20,1.12996506690979
1991-12-23,1.1267908811569214
1991-12-24,1.149009346961975
1991-12-26,1.1870982646942139
1991-12-27,1.1934465169906616
1991-12-30,1.2220133543014526
1991-12-31,1.2378828525543213
1992-01-02,1.2093161344528198
1992-01-03,1.174402117729187
1992-01-06,1.196619987487793
1992-01-07,1.2315359115600586
1992-01-08,1.2188390493392944
1992-01-09,1.2251869440078735
1992-01-10,1.2283614873886108
1992-01-13,1.2283614873886108
1992-01-14,1.2505793571472168
1992-01-15,1.2315359115600586
1992-01-16,1.2505793571472168
1992-01-17,1.2759722471237183
1992-01-20,1.26962411403656
1992-01-21,1.2461220026016235
1992-01-22,1.226752519607544
1992-01-23,1.2396655082702637
1992-01-24,1.226752519607544
1992-01-27,1.2396655082702637
1992-01-28,1.2461220026016235
1992-01-29,1.233208179473877
1992-01-30,1.233208179473877
1992-01-31,1.2235239744186401
1992-02-03,1.2202955484390259
1992-02-04,1.2202955484390259
1992-02-05,1.213839054107666
1992-02-06,1.204154133796692
1992-02-07,1.213839054107666
1992-02-10,1.2106112241744995
1992-02-11,1.2073817253112793
1992-02-12,1.2106112241744995
1992-02-13,1.2073817253112793
1992-02-14,1.2106112241744995
1992-02-18,1.2009258270263672
1992-02-19,1.2009258270263672
1992-02-20,1.2073817253112793
1992-02-21,1.1944692134857178
1992-02-24,1.1589581966400146
1992-02-25,1.136360764503479
1992-02-26,1.116990566253662
1992-02-27,1.1202181577682495
1992-02-28,1.116990566253662
1992-03-02,1.116990566253662
1992-03-03,1.0943917036056519
1992-03-04,1.1105328798294067
1992-03-05,1.116990566253662
1992-03-06,1.1202181577682495
1992-03-09,1.113762378692627
1992-03-10,1.116990566253662
1992-03-11,1.1105328798294067
1992-03-12,1.1073050498962402
1992-03-13,1.116990566253662
1992-03-16,1.1202181577682495
1992-03-17,1.116990566253662
1992-03-18,1.113762378692627
1992-03-19,1.126675009727478
1992-03-20,1.1040772199630737
1992-03-23,1.10084867477417
1992-03-24,1.1073050498962402
1992-03-25,1.1105328798294067
1992-03-26,1.0943917036056519
1992-03-27,1.0976203680038452
1992-03-30,1.0847071409225464
1992-03-31,1.0782508850097656
1992-04-01,1.0621095895767212
1992-04-02,1.0847071409225464
1992-04-03,1.0943917036056519
1992-04-06,1.0653377771377563
1992-04-07,1.0136849880218506
1992-04-08,1.0621095895767212
1992-04-09,1.0750224590301514
1992-04-10,1.087935447692871
1992-04-13,1.0943917036056519
1992-04-14,1.1040772199630737
1992-04-15,1.1040772199630737
1992-04-16,1.10084867477417
1992-04-20,1.0976203680038452
1992-04-21,1.113762378692627
1992-04-22,1.1040772199630737
1992-04-23,1.1105328798294067
1992-04-24,1.1234464645385742
1992-04-27,1.116990566253662
1992-04-28,1.146104097366333
1992-04-29,1.1263436079025269
1992-04-30,1.1329301595687866
1992-05-01,1.1263436079025269
1992-05-04,1.1362240314483643
1992-05-05,1.139517068862915
1992-05-06,1.146104097366333
1992-05-07,1.139517068862915
1992-05-08,1.1493974924087524
1992-05-11,1.1625709533691406
1992-05-12,1.1922115087509155
1992-05-13,1.1856249570846558
1992-05-14,1.1757444143295288
1992-05-15,1.1790380477905273
1992-05-18,1.1823314428329468
1992-05-19,1.1790380477905273
1992-05-20,1.1922115087509155
1992-05-21,1.2185587882995605
1992-05-22,1.2383191585540771
1992-05-26,1.205385684967041
1992-05-27,1.2185587882995605
1992-05-28,1.2514925003051758
1992-05-29,1.2712526321411133
1992-06-01,1.2712526321411133
1992-06-02,1.2712526321411133
1992-06-03,1.2317320108413696
1992-06-04,1.16586434841156
1992-06-05,1.172451376914978
1992-06-08,1.1790380477905273
1992-06-09,1.205385684967041
1992-06-10,1.2317320108413696
1992-06-11,1.2119723558425903
1992-06-12,1.2251449823379517
1992-06-15,1.2185587882995605
1992-06-16,1.2119723558425903
1992-06-17,1.2119723558425903
1992-06-18,1.198798418045044
1992-06-19,1.2119723558425903
1992-06-22,1.205385684967041
1992-06-23,1.205385684967041
1992-06-24,1.2251449823379517
1992-06-25,1.2646667957305908
1992-06-26,1.205385684967041
1992-06-29,1.2317320108413696
1992-06-30,1.2514925003051758
1992-07-01,1.2383191585540771
1992-07-02,1.2514925003051758
1992-07-06,1.2712526321411133
1992-07-07,1.2778397798538208
1992-07-08,1.3041871786117554
1992-07-09,1.3107737302780151
1992-07-10,1.2976001501083374
1992-07-13,1.3041871786117554
1992-07-14,1.2910138368606567
1992-07-15,1.2844269275665283
1992-07-16,1.2976001501083374
1992-07-17,1.3041871786117554
1992-07-20,1.2778397798538208
1992-07-21,1.2844269275665283
1992-07-22,1.3107737302780151
1992-07-23,1.3041871786117554
1992-07-24,1.2910138368606567
1992-07-27,1.2844269275665283
1992-07-28,1.294352412223816
1992-07-29,1.2876458168029785
1992-07-30,1.3010584115982056
1992-07-31,1.3010584115982056
1992-08-03,1.294352412223816
1992-08-04,1.3077647686004639
1992-08-05,1.3211780786514282
1992-08-06,1.3077647686004639
1992-08-07,1.3077647686004639
1992-08-10,1.3345911502838135
1992-08-11,1.3278851509094238
1992-08-12,1.3211780786514282
1992-08-13,1.3345911502838135
1992-08-14,1.3278851509094238
1992-08-17,1.3211780786514282
1992-08-18,1.3211780786514282
1992-08-19,1.3345911502838135
1992-08-20,1.3345911502838135
1992-08-21,1.3278851509094238
1992-08-24,1.3144718408584595
1992-08-25,1.3278851509094238
1992-08-26,1.3278851509094238
1992-08-27,1.3614174127578735
1992-08-28,1.3748310804367065
1992-08-31,1.3748310804367065
1992-09-01,1.3547109365463257
1992-09-02,1.3614174127578735
1992-09-03,1.3614174127578735
1992-09-04,1.3681243658065796
1992-09-08,1.3748310804367065
1992-09-09,1.3949508666992188
1992-09-10,1.401656150817871
1992-09-11,1.4150694608688354
1992-09-14,1.3949508666992188
1992-09-15,1.3614174127578735
1992-09-16,1.388243556022644
1992-09-17,1.4083627462387085
1992-09-18,1.441894769668579
1992-09-21,1.4217756986618042
1992-09-22,1.4083627462387085
1992-09-23,1.4083627462387085
1992-09-24,1.401656150817871
1992-09-25,1.401656150817871
1992-09-28,1.401656150817871
1992-09-29,1.3815364837646484
1992-09-30,1.388243556022644
1992-10-01,1.4217756986618042
1992-10-02,1.4217756986618042
1992-10-05,1.4083627462387085
1992-10-06,1.388243556022644
1992-10-07,1.3681243658065796
1992-10-08,1.3278851509094238
1992-10-09,1.2876458168029785
1992-10-12,1.2876458168029785
1992-10-13,1.3211780786514282
1992-10-14,1.3345911502838135
1992-10-15,1.3211780786514282
1992-10-16,1.3010584115982056
1992-10-19,1.3077647686004639
1992-10-20,1.2876458168029785
1992-10-21,1.294352412223816
1992-10-22,1.294352412223816
1992-10-23,1.3077647686004639
1992-10-26,1.2809394598007202
1992-10-27,1.2809394598007202
1992-10-28,1.2777678966522217
1992-10-29,1.3119341135025024
1992-10-30,1.305100917816162
1992-11-02,1.3119341135025024
1992-11-03,1.3119341135025024
1992-11-04,1.2914347648620605
1992-11-05,1.2777678966522217
1992-11-06,1.2982670068740845
1992-11-09,1.2982670068740845
1992-11-10,1.2914347648620605
1992-11-11,1.2641030550003052
1992-11-12,1.2777678966522217
1992-11-13,1.2641030550003052
1992-11-16,1.2914347648620605
1992-11-17,1.3324329853057861
1992-11-18,1.3392651081085205
1992-11-19,1.346098780632019
1992-11-20,1.3392651081085205
1992-11-23,1.3870967626571655
1992-11-24,1.434927225112915
1992-11-25,1.4280952215194702
1992-11-27,1.4280952215194702
1992-11-30,1.4417604207992554
1992-12-01,1.434927225112915
1992-12-02,1.4417604207992554
1992-12-03,1.4622602462768555
1992-12-04,1.4622602462768555
1992-12-07,1.4622602462768555
1992-12-08,1.4212626218795776
1992-12-09,1.4212626218795776
1992-12-10,1.4212626218795776
1992-12-11,1.4007635116577148
1992-12-14,1.4144281148910522
1992-12-15,1.4144281148910522
1992-12-16,1.3802636861801147
1992-12-17,1.3939299583435059
1992-12-18,1.3665977716445923
1992-12-21,1.3734304904937744
1992-12-22,1.3734304904937744
1992-12-23,1.3870967626571655
1992-12-24,1.407594919204712
1992-12-28,1.3665977716445923
1992-12-29,1.3597643375396729
1992-12-30,1.3734304904937744
1992-12-31,1.3802636861801147
1993-01-04,1.407594919204712
1993-01-05,1.3734304904937744
1993-01-06,1.3119341135025024
1993-01-07,1.3802636861801147
1993-01-08,1.3665977716445923
1993-01-11,1.3597643375396729
1993-01-12,1.3734304904937744
1993-01-13,1.4007635116577148
1993-01-14,1.4212626218795776
1993-01-15,1.4280952215194702
1993-01-18,1.4280952215194702
1993-01-19,1.4280952215194702
1993-01-20,1.4417604207992554
1993-01-21,1.4485933780670166
1993-01-22,1.4622602462768555
1993-01-25,1.4622602462768555
1993-01-26,1.4417604207992554
1993-01-27,1.469092607498169
1993-01-28,1.4732615947723389
1993-01-29,1.501059651374817
1993-02-01,1.5288567543029785
1993-02-02,1.5080087184906006
1993-02-03,1.5497056245803833
1993-02-04,1.5914008617401123
1993-02-05,1.6261476278305054
1993-02-08,1.612248182296753
1993-02-09,1.6261476278305054
1993-02-10,1.5775014162063599
1993-02-11,1.58445143699646
1993-02-12,1.605299711227417
1993-02-16,1.605299711227417
1993-02-17,1.5983504056930542
1993-02-18,1.612248182296753
1993-02-19,1.5636053085327148
1993-02-22,1.494110107421875
1993-02-23,1.4454654455184937
1993-02-24,1.5080087184906006
1993-02-25,1.5427554845809937
1993-02-26,1.5358054637908936
1993-03-01,1.5427554845809937
1993-03-02,1.5775014162063599
1993-03-03,1.612248182296753
1993-03-04,1.612248182296753
1993-03-05,1.6191983222961426
1993-03-08,1.6678434610366821
1993-03-09,1.7025898694992065
1993-03-10,1.7164900302886963
1993-03-11,1.7234387397766113
1993-03-12,1.6886926889419556
1993-03-15,1.6886926889419556
1993-03-16,1.6886926889419556
1993-03-17,1.6886926889419556
1993-03-18,1.7303873300552368
1993-03-19,1.7720844745635986
1993-03-22,1.7303873300552368
1993-03-23,1.7095403671264648
1993-03-24,1.7095403671264648
1993-03-25,1.751234531402588
1993-03-26,1.7303873300552368
1993-03-29,1.7234387397766113
1993-03-30,1.7095403671264648
1993-03-31,1.7442858219146729
1993-04-01,1.7651350498199463
1993-04-02,1.7234387397766113
1993-04-05,1.7373371124267578
1993-04-06,1.6956413984298706
1993-04-07,1.7025898694992065
1993-04-08,1.7095403671264648
1993-04-12,1.7581861019134521
1993-04-13,1.7373371124267578
1993-04-14,1.7303873300552368
1993-04-15,1.7651350498199463
1993-04-16,1.7373371124267578
1993-04-19,1.7025898694992065
1993-04-20,1.7025898694992065
1993-04-21,1.6469963788986206
1993-04-22,1.633097529411316
1993-04-23,1.633097529411316
1993-04-26,1.6261476278305054
1993-04-27,1.5813615322113037
1993-04-28,1.5884217023849487
1993-04-29,1.5672423839569092
1993-04-30,1.5954813957214355
1993-05-03,1.6095998287200928
1993-05-04,1.5813615322113037
1993-05-05,1.63783860206604
1993-05-06,1.63783860206604
1993-05-07,1.6307798624038696
1993-05-10,1.6025407314300537
1993-05-11,1.5672423839569092
1993-05-12,1.5954813957214355
1993-05-13,1.6237199306488037
1993-05-14,1.6095998287200928
1993-05-17,1.6237199306488037
1993-05-18,1.6237199306488037
1993-05-19,1.6166599988937378
1993-05-20,1.6237199306488037
1993-05-21,1.5884217023849487
1993-05-24,1.6237199306488037
1993-05-25,1.6166599988937378
1993-05-26,1.6166599988937378
1993-05-27,1.5884217023849487
1993-05-28,1.6025407314300537
1993-06-01,1.6166599988937378
1993-06-02,1.5884217023849487
1993-06-03,1.5672423839569092
1993-06-04,1.5672423839569092
1993-06-07,1.5743021965026855
1993-06-08,1.560181975364685
1993-06-09,1.560181975364685
1993-06-10,1.5813615322113037
1993-06-11,1.6025407314300537
1993-06-14,1.5954813957214355
1993-06-15,1.5954813957214355
1993-06-16,1.6025407314300537
1993-06-17,1.6660770177841187
1993-06-18,1.6590176820755005
1993-06-21,1.6731375455856323
1993-06-22,1.6731375455856323
1993-06-23,1.5954813957214355
1993-06-24,1.6025407314300537
1993-06-25,1.6307798624038696
1993-06-28,1.63783860206604
1993-06-29,1.63783860206604
1993-06-30,1.6519583463668823
1993-07-01,1.6660770177841187
1993-07-02,1.6801966428756714
1993-07-06,1.6872565746307373
1993-07-07,1.7225546836853027
1993-07-08,1.7296136617660522
1993-07-09,1.7154957056045532
1993-07-12,1.7225546836853027
1993-07-13,1.7225546836853027
1993-07-14,1.694315791130066
1993-07-15,1.708435297012329
1993-07-16,1.694315791130066
1993-07-19,1.7366747856140137
1993-07-20,1.7649123668670654
1993-07-21,1.771972417831421
1993-07-22,1.7366747856140137
1993-07-23,1.7296136617660522
1993-07-26,1.743733525276184
1993-07-27,1.7154957056045532
1993-07-28,1.7636735439300537
1993-07-29,1.7851818799972534
1993-07-30,1.7565033435821533
1993-08-02,1.742165446281433
1993-08-03,1.742165446281433
1993-08-04,1.7349954843521118
1993-08-05,1.7349954843521118
1993-08-06,1.7493345737457275
1993-08-09,1.7493345737457275
1993-08-10,1.742165446281433
1993-08-11,1.7349954843521118
1993-08-12,1.6991487741470337
1993-08-13,1.70631742477417
1993-08-16,1.727826476097107
1993-08-17,1.70631742477417
1993-08-18,1.7134875059127808
1993-08-19,1.7134875059127808
1993-08-20,1.691978931427002
1993-08-23,1.6991487741470337
1993-08-24,1.7134875059127808
1993-08-25,1.7349954843521118
1993-08-26,1.7206567525863647
1993-08-27,1.727826476097107
1993-08-30,1.691978931427002
1993-08-31,1.6489627361297607
1993-09-01,1.656132698059082
1993-09-02,1.6704715490341187
1993-09-03,1.6848101615905762
1993-09-07,1.6991487741470337
1993-09-08,1.691978931427002
1993-09-09,1.677640438079834
1993-09-10,1.70631742477417
1993-09-13,1.691978931427002
1993-09-14,1.691978931427002
1993-09-15,1.691978931427002
1993-09-16,1.6848101615905762
1993-09-17,1.691978931427002
1993-09-20,1.6848101615905762
1993-09-21,1.677640438079834
1993-09-22,1.6848101615905762
1993-09-23,1.691978931427002
1993-09-24,1.7134875059127808
1993-09-27,1.7206567525863647
1993-09-28,1.7636735439300537
1993-09-29,1.7851818799972534
1993-09-30,1.7851818799972534
1993-10-01,1.7851818799972534
1993-10-04,1.7923507690429688
1993-10-05,1.7636735439300537
1993-10-06,1.8138588666915894
1993-10-07,1.821028470993042
1993-10-08,1.7995203733444214
1993-10-11,1.821028470993042
1993-10-12,1.849705696105957
1993-10-13,1.849705696105957
1993-10-14,1.8712133169174194
1993-10-15,1.8783822059631348
1993-10-18,1.907060980796814
1993-10-19,1.9214003086090088
1993-10-20,1.8998908996582031
1993-10-21,1.907060980796814
1993-10-22,1.8998908996582031
1993-10-25,1.8855534791946411
1993-10-26,1.856876015663147
1993-10-27,1.8783822059631348
1993-10-28,1.818560242652893
1993-10-29,1.7967385053634644
1993-11-01,1.8040103912353516
1993-11-02,1.7967385053634644
1993-11-03,1.7821887731552124
1993-11-04,1.7312699556350708
1993-11-05,1.7458175420761108
1993-11-08,1.7312699556350708
1993-11-09,1.723995566368103
1993-11-10,1.7385433912277222
1993-11-11,1.7458175420761108
1993-11-12,1.7312699556350708
1993-11-15,1.687624216079712
1993-11-16,1.665801763534546
1993-11-17,1.6294305324554443
1993-11-18,1.6585272550582886
1993-11-19,1.6585272550582886
1993-11-22,1.600333571434021
1993-11-23,1.600333571434021
1993-11-24,1.6294305324554443
1993-11-26,1.6294305324554443
1993-11-29,1.607607126235962
1993-11-30,1.6148817539215088
1993-12-01,1.6294305324554443
1993-12-02,1.6294305324554443
1993-12-03,1.5857844352722168
1993-12-06,1.6294305324554443
1993-12-07,1.607607126235962
1993-12-08,1.607607126235962
1993-12-09,1.600333571434021
1993-12-10,1.5712361335754395
1993-12-13,1.578510046005249
1993-12-14,1.5712361335754395
1993-12-15,1.5275911092758179
1993-12-16,1.498494029045105
1993-12-17,1.5639619827270508
1993-12-20,1.5930582284927368
1993-12-21,1.6148817539215088
1993-12-22,1.600333571434021
1993-12-23,1.5930582284927368
1993-12-27,1.5930582284927368
1993-12-28,1.5421392917633057
1993-12-29,1.578510046005249
1993-12-30,1.5930582284927368
1993-12-31,1.578510046005249
1994-01-03,1.600333571434021
1994-01-04,1.607607126235962
1994-01-05,1.6148817539215088
1994-01-06,1.6148817539215088
1994-01-07,1.6148817539215088
1994-01-10,1.6148817539215088
1994-01-11,1.6148817539215088
1994-01-12,1.5857844352722168
1994-01-13,1.6730759143829346
1994-01-14,1.687624216079712
1994-01-17,1.702172040939331
1994-01-18,1.7312699556350708
1994-01-19,1.702172040939331
1994-01-20,1.6730759143829346
1994-01-21,1.665801763534546
1994-01-24,1.687624216079712
1994-01-25,1.665801763534546
1994-01-26,1.665801763534546
1994-01-27,1.6948989629745483
1994-01-28,1.6789227724075317
1994-01-31,1.7011107206344604
1994-02-01,1.671526551246643
1994-02-02,1.6789227724075317
1994-02-03,1.6567339897155762
1994-02-04,1.6493382453918457
1994-02-07,1.6641305685043335
1994-02-08,1.69371497631073
1994-02-09,1.7306946516036987
1994-02-10,1.7602803707122803
1994-02-11,1.7602803707122803
1994-02-14,1.7306946516036987
1994-02-15,1.7232993841171265
1994-02-16,1.7454878091812134
1994-02-17,1.7528836727142334
1994-02-18,1.7528836727142334
1994-02-22,1.7750719785690308
1994-02-23,1.7676761150360107
1994-02-24,1.7750719785690308
1994-02-25,1.797260046005249
1994-02-28,1.797260046005249
1994-03-01,1.7750719785690308
1994-03-02,1.797260046005249
1994-03-03,1.8120527267456055
1994-03-04,1.8120527267456055
1994-03-07,1.88601553440094
1994-03-08,1.8638254404067993
1994-03-09,1.8712215423583984
1994-03-10,1.8638254404067993
1994-03-11,1.841637372970581
1994-03-14,1.841637372970581
1994-03-15,1.8638254404067993
1994-03-16,1.8786187171936035
1994-03-17,1.8786187171936035
1994-03-18,1.8712215423583984
1994-03-21,1.8342413902282715
1994-03-22,1.8342413902282715
1994-03-23,1.8564298152923584
1994-03-24,1.8638254404067993
1994-03-25,1.8712215423583984
1994-03-28,1.8564298152923584
1994-03-29,1.8342413902282715
1994-03-30,1.826845407485962
1994-03-31,1.8046574592590332
1994-04-04,1.7824684381484985
1994-04-05,1.8342413902282715
1994-04-06,1.8638254404067993
1994-04-07,1.841637372970581
1994-04-08,1.826845407485962
1994-04-11,1.826845407485962
1994-04-12,1.8120527267456055
1994-04-13,1.8342413902282715
1994-04-14,1.8564298152923584
1994-04-15,1.8490344285964966
1994-04-18,1.841637372970581
1994-04-19,1.826845407485962
1994-04-20,1.7750719785690308
1994-04-21,1.819449782371521
1994-04-22,1.819449782371521
1994-04-25,1.8120527267456055
1994-04-26,1.826845407485962
1994-04-28,1.8036975860595703
1994-04-29,1.8112133741378784
1994-05-02,1.8112133741378784
1994-05-03,1.8112133741378784
1994-05-04,1.8187285661697388
1994-05-05,1.8337604999542236
1994-05-06,1.8638211488723755
1994-05-09,1.8938825130462646
1994-05-10,1.8788517713546753
1994-05-11,1.9013983011245728
1994-05-12,1.9164283275604248
1994-05-13,1.923944115638733
1994-05-16,1.9540060758590698
1994-05-17,1.9389755725860596
1994-05-18,1.923944115638733
1994-05-19,1.9089139699935913
1994-05-20,1.9089139699935913
1994-05-23,1.9089139699935913
1994-05-24,1.9013983011245728
1994-05-25,1.9089139699935913
1994-05-26,1.9089139699935913
1994-05-27,1.9013983011245728
1994-05-31,1.8638211488723755
1994-06-01,1.9013983011245728
1994-06-02,1.9013983011245728
1994-06-03,1.8938825130462646
1994-06-06,1.9389755725860596
1994-06-07,1.923944115638733
1994-06-08,1.923944115638733
1994-06-09,1.9089139699935913
1994-06-10,1.9089139699935913
1994-06-13,1.923944115638733
1994-06-14,1.9164283275604248
1994-06-15,1.9164283275604248
1994-06-16,1.9013983011245728
1994-06-17,1.9013983011245728
1994-06-20,1.8938825130462646
1994-06-21,1.8863674402236938
1994-06-22,1.8788517713546753
1994-06-23,1.8713358640670776
1994-06-24,1.8863674402236938
1994-06-27,1.8863674402236938
1994-06-28,1.841274619102478
1994-06-29,1.8638211488723755
1994-06-30,1.8487902879714966
1994-07-01,1.8563058376312256
1994-07-05,1.826244592666626
1994-07-06,1.7736355066299438
1994-07-07,1.7886656522750854
1994-07-08,1.8112133741378784
1994-07-11,1.8036975860595703
1994-07-12,1.8112133741378784
1994-07-13,1.7736355066299438
1994-07-14,1.7961817979812622
1994-07-15,1.8112133741378784
1994-07-18,1.8187285661697388
1994-07-19,1.7886656522750854
1994-07-20,1.7886656522750854
1994-07-21,1.781152606010437
1994-07-22,1.7510908842086792
1994-07-25,1.7435745000839233
1994-07-26,1.7210288047790527
1994-07-27,1.6984822750091553
1994-07-28,1.7443870306015015
1994-07-29,1.7137837409973145
1994-08-01,1.7137837409973145
1994-08-02,1.721435308456421
1994-08-03,1.721435308456421
1994-08-04,1.7443870306015015
1994-08-05,1.7520382404327393
1994-08-08,1.8055939674377441
1994-08-09,1.8132442235946655
1994-08-10,1.8132442235946655
1994-08-11,1.8361964225769043
1994-08-12,1.8132442235946655
1994-08-15,1.8055939674377441
1994-08-16,1.8132442235946655
1994-08-17,1.8132442235946655
1994-08-18,1.8208945989608765
1994-08-19,1.866801142692566
1994-08-22,1.8744511604309082
1994-08-23,1.8591502904891968
1994-08-24,1.8208945989608765
1994-08-25,1.8055939674377441
1994-08-26,1.8208945989608765
1994-08-29,1.8132442235946655
1994-08-30,1.8132442235946655
1994-08-31,1.8361964225769043
1994-09-01,1.8132442235946655
1994-09-02,1.790291666984558
1994-09-06,1.8361964225769043
1994-09-07,1.8361964225769043
1994-09-08,1.8361964225769043
1994-09-09,1.8361964225769043
1994-09-12,1.8361964225769043
1994-09-13,1.8285448551177979
1994-09-14,1.7979422807693481
1994-09-15,1.8132442235946655
1994-09-16,1.8285448551177979
1994-09-19,1.8285448551177979
1994-09-20,1.8055939674377441
1994-09-21,1.790291666984558
1994-09-22,1.8055939674377441
1994-09-23,1.8055939674377441
1994-09-26,1.8285448551177979
1994-09-27,1.8208945989608765
1994-09-28,1.8132442235946655
1994-09-29,1.8208945989608765
1994-09-30,1.8285448551177979
1994-10-03,1.8208945989608765
1994-10-04,1.8361964225769043
1994-10-05,1.8285448551177979
1994-10-06,1.8285448551177979
1994-10-07,1.8285448551177979
1994-10-10,1.8285448551177979
1994-10-11,1.8361964225769043
1994-10-12,1.8514991998672485
1994-10-13,1.8821022510528564
1994-10-14,1.8744511604309082
1994-10-17,1.866801142692566
1994-10-18,1.8591502904891968
1994-10-19,1.8514991998672485
1994-10-20,1.8591502904891968
1994-10-21,1.8361964225769043
1994-10-24,1.7979422807693481
1994-10-25,1.7749909162521362
1994-10-26,1.7826411724090576
1994-10-27,1.7826411724090576
1994-10-28,1.8132442235946655
1994-10-31,1.7979422807693481
1994-11-01,1.7596886157989502
1994-11-02,1.744734287261963
1994-11-03,1.744734287261963
1994-11-04,1.7369458675384521
1994-11-07,1.7291561365127563
1994-11-08,1.744734287261963
1994-11-09,1.7369458675384521
1994-11-10,1.7369458675384521
1994-11-11,1.705788254737854
1994-11-14,1.7213664054870605
1994-11-15,1.6979997158050537
1994-11-16,1.6902110576629639
1994-11-17,1.6824228763580322
1994-11-18,1.6668440103530884
1994-11-21,1.6668440103530884
1994-11-22,1.6512656211853027
1994-11-23,1.6668440103530884
1994-11-25,1.6824228763580322
1994-11-28,1.6979997158050537
1994-11-29,1.674631953239441
1994-11-30,1.6668440103530884
1994-12-01,1.674631953239441
1994-12-02,1.6590551137924194
1994-12-05,1.6824228763580322
1994-12-06,1.6668440103530884
1994-12-07,1.6668440103530884
1994-12-08,1.674631953239441
1994-12-09,1.674631953239441
1994-12-12,1.6824228763580322
1994-12-13,1.7213664054870605
1994-12-14,1.7213664054870605
1994-12-15,1.8304123878479004
1994-12-16,1.8615682125091553
1994-12-19,1.8459911346435547
1994-12-20,1.8382010459899902
1994-12-21,1.8459911346435547
1994-12-22,1.8771461248397827
1994-12-23,1.8771461248397827
1994-12-27,1.8849354982376099
1994-12-28,1.9005143642425537
1994-12-29,1.8771461248397827
1994-12-30,1.8771461248397827
1995-01-03,1.8771461248397827
1995-01-04,1.8771461248397827
1995-01-05,1.8382010459899902
1995-01-06,1.8226238489151
1995-01-09,1.8226238489151
1995-01-10,1.8070456981658936
1995-01-11,1.8148345947265625
1995-01-12,1.8070456981658936
1995-01-13,1.8304123878479004
1995-01-16,1.8304123878479004
1995-01-17,1.807893991470337
1995-01-18,1.799964427947998
1995-01-19,1.8396104574203491
1995-01-20,1.815821886062622
1995-01-23,1.799964427947998
1995-01-24,1.815821886062622
1995-01-25,1.7920345067977905
1995-01-26,1.7841050624847412
1995-01-27,1.7920345067977905
1995-01-30,1.799964427947998
1995-01-31,1.807893991470337
1995-02-01,1.8237515687942505
1995-02-02,1.8396104574203491
1995-02-03,1.847540020942688
1995-02-06,1.847540020942688
1995-02-07,1.847540020942688
1995-02-08,1.847540020942688
1995-02-09,1.8554699420928955
1995-02-10,1.8633981943130493
1995-02-13,1.8633981943130493
1995-02-14,1.8554699420928955
1995-02-15,1.8871870040893555
1995-02-16,1.879258155822754
1995-02-17,1.8871870040893555
1995-02-21,1.871327519416809
1995-02-22,1.8871870040893555
1995-02-23,1.8871870040893555
1995-02-24,1.9030452966690063
1995-02-27,1.879258155822754
1995-02-28,1.9030452966690063
1995-03-01,1.8871870040893555
1995-03-02,1.8951163291931152
1995-03-03,1.8871870040893555
1995-03-06,1.8951163291931152
1995-03-07,1.8951163291931152
1995-03-08,1.8871870040893555
1995-03-09,1.9030452966690063
1995-03-10,1.879258155822754
1995-03-13,1.871327519416809
1995-03-14,1.8396104574203491
1995-03-15,1.871327519416809
1995-03-16,1.8871870040893555
1995-03-17,1.871327519416809
1995-03-20,1.879258155822754
1995-03-21,1.8871870040893555
1995-03-22,1.8951163291931152
1995-03-23,1.9030452966690063
1995-03-24,1.910974383354187
1995-03-27,1.910974383354187
1995-03-28,1.9030452966690063
1995-03-29,1.9030452966690063
1995-03-30,1.9030452966690063
1995-03-31,1.879258155822754
1995-04-03,1.8951163291931152
1995-04-04,1.910974383354187
1995-04-05,1.9268338680267334
1995-04-06,1.9189033508300781
1995-04-07,1.9189033508300781
1995-04-10,1.9189033508300781
1995-04-11,1.9030452966690063
1995-04-12,1.9030452966690063
1995-04-13,1.910974383354187
1995-04-17,1.9030452966690063
1995-04-18,1.9030452966690063
1995-04-19,1.9030452966690063
1995-04-20,1.9189033508300781
1995-04-21,1.910974383354187
1995-04-24,1.9189033508300781
1995-04-25,1.9347631931304932
1995-04-26,1.9268338680267334
1995-04-27,1.9610509872436523
1995-04-28,1.952980637550354
1995-05-01,1.952980637550354
1995-05-02,1.9449107646942139
1995-05-03,1.9449107646942139
1995-05-04,1.9207005500793457
1995-05-05,1.9207005500793457
1995-05-08,1.952980637550354
1995-05-09,2.0256130695343018
1995-05-10,2.017542600631714
1995-05-11,2.001401901245117
1995-05-12,1.9933326244354248
1995-05-15,2.009471893310547
1995-05-16,2.017542600631714
1995-05-17,2.0256130695343018
1995-05-18,2.009471893310547
1995-05-19,1.9933326244354248
1995-05-22,2.017542600631714
1995-05-23,2.009471893310547
1995-05-24,2.041752815246582
1995-05-25,2.017542600631714
1995-05-26,2.009471893310547
1995-05-30,1.9933326244354248
1995-05-31,2.0498228073120117
1995-06-01,2.0578930377960205
1995-06-02,2.0982441902160645
1995-06-05,2.0982441902160645
1995-06-06,2.0982441902160645
1995-06-07,2.0982441902160645
1995-06-08,2.082103967666626
1995-06-09,2.07403302192688
1995-06-12,2.0498228073120117
1995-06-13,2.041752815246582
1995-06-14,2.033682346343994
1995-06-15,2.0578930377960205
1995-06-16,2.0578930377960205
1995-06-19,2.0498228073120117
1995-06-20,2.0498228073120117
1995-06-21,2.033682346343994
1995-06-22,2.033682346343994
1995-06-23,2.0256130695343018
1995-06-26,2.017542600631714
1995-06-27,2.017542600631714
1995-06-28,2.041752815246582
1995-06-29,2.0256130695343018
1995-06-30,2.065962791442871
1995-07-03,2.0578930377960205
1995-07-05,2.0578930377960205
1995-07-06,2.07403302192688
1995-07-07,2.065962791442871
1995-07-10,2.07403302192688
1995-07-11,2.07403302192688
1995-07-12,2.082103967666626
1995-07-13,2.0982441902160645
1995-07-14,2.1063148975372314
1995-07-17,2.1305248737335205
1995-07-18,2.122454881668091
1995-07-19,2.1063148975372314
1995-07-20,2.122454881668091
1995-07-21,2.1305248737335205
1995-07-24,2.1063148975372314
1995-07-25,2.1143836975097656
1995-07-26,2.090174674987793
1995-07-27,2.1063148975372314
1995-07-28,2.1143836975097656
1995-07-31,2.090174674987793
1995-08-01,2.084592819213867
1995-08-02,2.109215021133423
1995-08-03,2.1010067462921143
1995-08-04,2.1010067462921143
1995-08-07,2.1174213886260986
1995-08-08,2.1010067462921143
1995-08-09,2.1010067462921143
1995-08-10,2.1010067462921143
1995-08-11,2.1010067462921143
1995-08-14,2.1010067462921143
1995-08-15,2.1010067462921143
1995-08-16,2.0928003787994385
1995-08-17,2.0928003787994385
1995-08-18,2.109215021133423
1995-08-21,2.142042636871338
1995-08-22,2.0928003787994385
1995-08-23,2.1256282329559326
1995-08-24,2.1256282329559326
1995-08-25,2.1256282329559326
1995-08-28,2.142042636871338
1995-08-29,2.1338353157043457
1995-08-30,2.1256282329559326
1995-08-31,2.1256282329559326
1995-09-01,2.142042636871338
1995-09-05,2.150250196456909
1995-09-06,2.158456802368164
1995-09-07,2.1748709678649902
1995-09-08,2.2159059047698975
1995-09-11,2.2241134643554688
1995-09-12,2.2487337589263916
1995-09-13,2.2487337589263916
1995-09-14,2.2651479244232178
1995-09-15,2.2323195934295654
1995-09-18,2.2241134643554688
1995-09-19,2.2405264377593994
1995-09-20,2.2405264377593994
1995-09-21,2.2241134643554688
1995-09-22,2.2323195934295654
1995-09-25,2.2241134643554688
1995-09-26,2.2323195934295654
1995-09-27,2.2405264377593994
1995-09-28,2.2323195934295654
1995-09-29,2.2241134643554688
1995-10-02,2.207700252532959
1995-10-03,2.207700252532959
1995-10-04,2.199492931365967
1995-10-05,2.191284656524658
1995-10-06,2.191284656524658
1995-10-09,2.191284656524658
1995-10-10,2.191284656524658
1995-10-11,2.191284656524658
1995-10-12,2.199492931365967
1995-10-13,2.199492931365967
1995-10-16,2.207700252532959
1995-10-17,2.199492931365967
1995-10-18,2.207700252532959
1995-10-19,2.207700252532959
1995-10-20,2.207700252532959
1995-10-23,2.2159059047698975
1995-10-24,2.2159059047698975
1995-10-25,2.207700252532959
1995-10-26,2.207700252532959
1995-10-27,2.2159059047698975
1995-10-30,2.2159059047698975
1995-10-31,2.2241134643554688
1995-11-01,2.2107653617858887
1995-11-02,2.194080352783203
1995-11-03,2.194080352783203
1995-11-06,2.1773951053619385
1995-11-07,2.1857376098632812
1995-11-08,2.1857376098632812
1995-11-09,2.1857376098632812
1995-11-10,2.152366876602173
1995-11-13,2.1106553077697754
1995-11-14,2.152366876602173
1995-11-15,2.1690523624420166
1995-11-16,2.1690523624420166
1995-11-17,2.160709857940674
1995-11-20,2.160709857940674
1995-11-21,2.2024223804473877
1995-11-22,2.1773951053619385
1995-11-24,2.1857376098632812
1995-11-27,2.2107653617858887
1995-11-28,2.2024223804473877
1995-11-29,2.235792636871338
1995-11-30,2.235792636871338
1995-12-01,2.2858474254608154
1995-12-04,2.2775051593780518
1995-12-05,2.335902690887451
1995-12-06,2.3192176818847656
1995-12-07,2.344245195388794
1995-12-08,2.344245195388794
1995-12-11,2.344245195388794
1995-12-12,2.335902690887451
1995-12-13,2.335902690887451
1995-12-14,2.3192176818847656
1995-12-15,2.3108747005462646
1995-12-18,2.2524783611297607
1995-12-19,2.3108747005462646
1995-12-20,2.302532196044922
1995-12-21,2.2608206272125244
1995-12-22,2.2524783611297607
1995-12-26,2.2941904067993164
1995-12-27,2.302532196044922
1995-12-28,2.327561378479004
1995-12-29,2.344245195388794
1996-01-02,2.335902690887451
1996-01-03,2.344245195388794
1996-01-04,2.3192176818847656
1996-01-05,2.335902690887451
1996-01-08,2.335902690887451
1996-01-09,2.3192176818847656
1996-01-10,2.3192176818847656
1996-01-11,2.3192176818847656
1996-01-12,2.2941904067993164
1996-01-15,2.302532196044922
1996-01-16,2.3192176818847656
1996-01-17,2.327561378479004
1996-01-18,2.352588653564453
1996-01-19,2.335902690887451
1996-01-22,2.327561378479004
1996-01-23,2.335902690887451
1996-01-24,2.335902690887451
1996-01-25,2.327561378479004
1996-01-26,2.3192176818847656
1996-01-29,2.335902690887451
1996-01-30,2.352588653564453
1996-01-31,2.3692731857299805
1996-02-01,2.38181734085083
1996-02-02,2.3648650646209717
1996-02-05,2.3479135036468506
1996-02-06,2.3479135036468506
1996-02-07,2.3648650646209717
1996-02-08,2.38181734085083
1996-02-09,2.3902933597564697
1996-02-12,2.3733415603637695
1996-02-13,2.3648650646209717
1996-02-14,2.3648650646209717
1996-02-15,2.38181734085083
1996-02-16,2.3563883304595947
1996-02-20,2.297056198120117
1996-02-21,2.297056198120117
1996-02-22,2.3648650646209717
1996-02-23,2.3648650646209717
1996-02-26,2.330960273742676
1996-02-27,2.3055315017700195
1996-02-28,2.297056198120117
1996-02-29,2.2716283798217773
1996-03-01,2.297056198120117
1996-03-04,2.322483539581299
1996-03-05,2.3479135036468506
1996-03-06,2.3394362926483154
1996-03-07,2.322483539581299
1996-03-08,2.3055315017700195
1996-03-11,2.322483539581299
1996-03-12,2.3479135036468506
1996-03-13,2.322483539581299
1996-03-14,2.322483539581299
1996-03-15,2.3055315017700195
1996-03-18,2.2716283798217773
1996-03-19,2.263150930404663
1996-03-20,2.263150930404663
1996-03-21,2.263150930404663
1996-03-22,2.263150930404663
1996-03-25,2.246198892593384
1996-03-26,2.3055315017700195
1996-03-27,2.237722396850586
1996-03-28,2.2038164138793945
1996-03-29,2.13600754737854
1996-04-01,2.2038164138793945
1996-04-02,2.2716283798217773
1996-04-03,2.2716283798217773
1996-04-04,2.2122933864593506
1996-04-08,2.1868643760681152
1996-04-09,2.220768690109253
1996-04-10,2.1868643760681152
1996-04-11,2.1529600620269775
1996-04-12,2.1529600620269775
1996-04-15,2.1699111461639404
1996-04-16,2.1699111461639404
1996-04-17,2.1699111461639404
1996-04-18,2.1444835662841797
1996-04-19,2.127530574798584
1996-04-22,2.1699111461639404
1996-04-23,2.1444835662841797
1996-04-24,2.161435604095459
1996-04-25,2.1699111461639404
1996-04-26,2.161435604095459
1996-04-29,2.1529600620269775
1996-04-30,2.13600754737854
1996-05-01,2.166738748550415
1996-05-02,2.140841245651245
1996-05-03,2.158106565475464
1996-05-06,2.1494743824005127
1996-05-07,2.140841245651245
1996-05-08,2.140841245651245
1996-05-09,2.175370454788208
1996-05-10,2.2012691497802734
1996-05-13,2.2185328006744385
1996-05-14,2.2357983589172363
1996-05-15,2.2185328006744385
1996-05-16,2.2012691497802734
1996-05-17,2.20989990234375
1996-05-20,2.2616944313049316
1996-05-21,2.278960943222046
1996-05-22,2.2444300651550293
1996-05-23,2.2616944313049316
1996-05-24,2.278960943222046
1996-05-28,2.2616944313049316
1996-05-29,2.2703287601470947
1996-05-30,2.278960943222046
1996-05-31,2.2616944313049316
1996-06-03,2.2616944313049316
1996-06-04,2.313490867614746
1996-06-05,2.313490867614746
1996-06-06,2.2962236404418945
1996-06-07,2.2703287601470947
1996-06-10,2.278960943222046
1996-06-11,2.2444300651550293
1996-06-12,2.2444300651550293
1996-06-13,2.2444300651550293
1996-06-14,2.2616944313049316
1996-06-17,2.313490867614746
1996-06-18,2.2703287601470947
1996-06-19,2.287593364715576
1996-06-20,2.2703287601470947
1996-06-21,2.2962236404418945
1996-06-24,2.313490867614746
1996-06-25,2.3221235275268555
1996-06-26,2.2962236404418945
1996-06-27,2.339387893676758
1996-06-28,2.330754280090332
1996-07-01,2.339387893676758
1996-07-02,2.3825490474700928
1996-07-03,2.3566505908966064
1996-07-05,2.3566505908966064
1996-07-08,2.313490867614746
1996-07-09,2.3048582077026367
1996-07-10,2.2703287601470947
1996-07-11,2.2703287601470947
1996-07-12,2.287593364715576
1996-07-15,2.2962236404418945
1996-07-16,2.287593364715576
1996-07-17,2.2962236404418945
1996-07-18,2.2962236404418945
1996-07-19,2.2962236404418945
1996-07-22,2.2962236404418945
1996-07-23,2.287593364715576
1996-07-24,2.287593364715576
1996-07-25,2.278960943222046
1996-07-26,2.2962236404418945
1996-07-29,2.313490867614746
1996-07-30,2.3221235275268555
1996-07-31,2.3716633319854736
1996-08-01,2.3453125953674316
1996-08-02,2.398014783859253
1996-08-05,2.3716633319854736
1996-08-06,2.362880229949951
1996-08-07,2.336526870727539
1996-08-08,2.327744722366333
1996-08-09,2.3453125953674316
1996-08-12,2.318960428237915
1996-08-13,2.310176134109497
1996-08-14,2.318960428237915
1996-08-15,2.336526870727539
1996-08-16,2.362880229949951
1996-08-19,2.3540966510772705
1996-08-20,2.362880229949951
1996-08-21,2.3716633319854736
1996-08-22,2.3892319202423096
1996-08-23,2.4067983627319336
1996-08-26,2.3716633319854736
1996-08-27,2.3892319202423096
1996-08-28,2.3892319202423096
1996-08-29,2.3804478645324707
1996-08-30,2.3804478645324707
1996-09-03,2.398014783859253
1996-09-04,2.3892319202423096
1996-09-05,2.3892319202423096
1996-09-06,2.398014783859253
1996-09-09,2.3804478645324707
1996-09-10,2.3804478645324707
1996-09-11,2.3892319202423096
1996-09-12,2.362880229949951
1996-09-13,2.3804478645324707
1996-09-16,2.3804478645324707
1996-09-17,2.362880229949951
1996-09-18,2.3540966510772705
1996-09-19,2.3453125953674316
1996-09-20,2.3540966510772705
1996-09-23,2.3804478645324707
1996-09-24,2.3453125953674316
1996-09-25,2.318960428237915
1996-09-26,2.318960428237915
1996-09-27,2.310176134109497
1996-09-30,2.2926082611083984
1996-10-01,2.2838242053985596
1996-10-02,2.327744722366333
1996-10-03,2.3540966510772705
1996-10-04,2.327744722366333
1996-10-07,2.327744722366333
1996-10-08,2.362880229949951
1996-10-09,2.3540966510772705
1996-10-10,2.3540966510772705
1996-10-11,2.3892319202423096
1996-10-14,2.3892319202423096
1996-10-15,2.4155831336975098
1996-10-16,2.4507195949554443
1996-10-17,2.4419350624084473
1996-10-18,2.4419350624084473
1996-10-21,2.4067983627319336
1996-10-22,2.398014783859253
1996-10-23,2.433151960372925
1996-10-24,2.424367904663086
1996-10-25,2.4682867527008057
1996-10-28,2.4419350624084473
1996-10-29,2.424367904663086
1996-10-30,2.433151960372925
1996-10-31,2.511075496673584
1996-11-01,2.4663949012756348
1996-11-04,2.511075496673584
1996-11-05,2.555755376815796
1996-11-06,2.6272459030151367
1996-11-07,2.61830997467041
1996-11-08,2.6808629035949707
1996-11-11,2.671926498413086
1996-11-12,2.654055595397949
1996-11-13,2.6451187133789062
1996-11-14,2.582564115524292
1996-11-15,2.591501474380493
1996-11-18,2.537883758544922
1996-11-19,2.528947114944458
1996-11-20,2.528947114944458
1996-11-21,2.546818733215332
1996-11-22,2.511075496673584
1996-11-25,2.4932026863098145
1996-11-26,2.439584493637085
1996-11-27,2.448521375656128
1996-11-29,2.439584493637085
1996-12-02,2.448521375656128
1996-12-03,2.4842662811279297
1996-12-04,2.439584493637085
1996-12-05,2.448521375656128
1996-12-06,2.448521375656128
1996-12-09,2.4663949012756348
1996-12-10,2.4842662811279297
1996-12-11,2.448521375656128
1996-12-12,2.4663949012756348
1996-12-13,2.4663949012756348
1996-12-16,2.439584493637085
1996-12-17,2.430649757385254
1996-12-18,2.430649757385254
1996-12-19,2.4127767086029053
1996-12-20,2.430649757385254
1996-12-23,2.439584493637085
1996-12-24,2.4574577808380127
1996-12-26,2.448521375656128
1996-12-27,2.439584493637085
1996-12-30,2.502139091491699
1996-12-31,2.502139091491699
1997-01-02,2.4932026863098145
1997-01-03,2.502139091491699
1997-01-06,2.4932026863098145
1997-01-07,2.600437879562378
1997-01-08,2.591501474380493
1997-01-09,2.5736286640167236
1997-01-10,2.5646934509277344
1997-01-13,2.582564115524292
1997-01-14,2.61830997467041
1997-01-15,2.654055595397949
1997-01-16,2.6272459030151367
1997-01-17,2.6361823081970215
1997-01-20,2.6361823081970215
1997-01-21,2.654055595397949
1997-01-22,2.6361823081970215
1997-01-23,2.609373092651367
1997-01-24,2.61830997467041
1997-01-27,2.609373092651367
1997-01-28,2.591501474380493
1997-01-29,2.5736286640167236
1997-01-30,2.5899860858917236
1997-01-31,2.544548273086548
1997-02-03,2.571810722351074
1997-02-04,2.544548273086548
1997-02-05,2.5354602336883545
1997-02-06,2.553636074066162
1997-02-07,2.571810722351074
1997-02-10,2.5354602336883545
1997-02-11,2.553636074066162
1997-02-12,2.5354602336883545
1997-02-13,2.5354602336883545
1997-02-14,2.4991085529327393
1997-02-18,2.5081982612609863
1997-02-19,2.5263724327087402
1997-02-20,2.4991085529327393
1997-02-21,2.490021228790283
1997-02-24,2.4991085529327393
1997-02-25,2.5172860622406006
1997-02-26,2.544548273086548
1997-02-27,2.5172860622406006
1997-02-28,2.480933666229248
1997-03-03,2.490021228790283
1997-03-04,2.4991085529327393
1997-03-05,2.471846103668213
1997-03-06,2.471846103668213
1997-03-07,2.4991085529327393
1997-03-10,2.5263724327087402
1997-03-11,2.5081982612609863
1997-03-12,2.490021228790283
1997-03-13,2.4445841312408447
1997-03-14,2.462759256362915
1997-03-17,2.4445841312408447
1997-03-18,2.453671455383301
1997-03-19,2.462759256362915
1997-03-20,2.462759256362915
1997-03-21,2.4445841312408447
1997-03-24,2.453671455383301
1997-03-25,2.462759256362915
1997-03-26,2.453671455383301
1997-03-27,2.4354968070983887
1997-03-31,2.4082348346710205
1997-04-01,2.3991456031799316
1997-04-02,2.3900582790374756
1997-04-03,2.380969762802124
1997-04-04,2.380969762802124
1997-04-07,2.371882200241089
1997-04-08,2.3900582790374756
1997-04-09,2.380969762802124
1997-04-10,2.3627943992614746
1997-04-11,2.3264429569244385
1997-04-14,2.344618797302246
1997-04-15,2.3900582790374756
1997-04-16,2.4082348346710205
1997-04-17,2.4082348346710205
1997-04-18,2.3991456031799316
1997-04-21,2.426408052444458
1997-04-22,2.4082348346710205
1997-04-23,2.380969762802124
1997-04-24,2.4082348346710205
1997-04-25,2.4082348346710205
1997-04-28,2.4173195362091064
1997-04-29,2.4173195362091064
1997-04-30,2.453239917755127
1997-05-01,2.4439826011657715
1997-05-02,2.434725522994995
1997-05-05,2.4162096977233887
1997-05-06,2.388437271118164
1997-05-07,2.4439826011657715
1997-05-08,2.434725522994995
1997-05-09,2.453239917755127
1997-05-12,2.462496519088745
1997-05-13,2.481011390686035
1997-05-14,2.4902689456939697
1997-05-15,2.5087857246398926
1997-05-16,2.5087857246398926
1997-05-19,2.4995269775390625
1997-05-20,2.5180420875549316
1997-05-21,2.5458145141601562
1997-05-22,2.5180420875549316
1997-05-23,2.4995269775390625
1997-05-27,2.5180420875549316
1997-05-28,2.4902689456939697
1997-05-29,2.5087857246398926
1997-05-30,2.4995269775390625
1997-06-02,2.5180420875549316
1997-06-03,2.4902689456939697
1997-06-04,2.4717555046081543
1997-06-05,2.4902689456939697
1997-06-06,2.4902689456939697
1997-06-09,2.481011390686035
1997-06-10,2.5180420875549316
1997-06-11,2.5273008346557617
1997-06-12,2.5365569591522217
1997-06-13,2.5273008346557617
1997-06-16,2.5180420875549316
1997-06-17,2.4995269775390625
1997-06-18,2.5273008346557617
1997-06-19,2.5365569591522217
1997-06-20,2.5273008346557617
1997-06-23,2.5180420875549316
1997-06-24,2.559701919555664
1997-06-25,2.5550713539123535
1997-06-26,2.615245819091797
1997-06-27,2.647646188735962
1997-06-30,2.61061692237854
1997-07-01,2.6569056510925293
1997-07-02,2.693934679031372
1997-07-03,2.6985652446746826
1997-07-07,2.6707911491394043
1997-07-08,2.684677839279175
1997-07-09,2.693934679031372
1997-07-10,2.7031915187835693
1997-07-11,2.68930721282959
1997-07-14,2.693934679031372
1997-07-15,2.6707911491394043
1997-07-16,2.6985652446746826
1997-07-17,2.68930721282959
1997-07-18,2.684677839279175
1997-07-21,2.693934679031372
1997-07-22,2.680049180984497
1997-07-23,2.675420045852661
1997-07-24,2.68930721282959
1997-07-25,2.684677839279175
1997-07-28,2.6569056510925293
1997-07-29,2.652275562286377
1997-07-30,2.693934679031372
1997-07-31,2.712393283843994
1997-08-01,2.712393283843994
1997-08-04,2.7406487464904785
1997-08-05,2.7218129634857178
1997-08-06,2.768904447555542
1997-08-07,2.7594854831695557
1997-08-08,2.7641942501068115
1997-08-11,2.7406487464904785
1997-08-12,2.7218129634857178
1997-08-13,2.731231689453125
1997-08-14,2.7453577518463135
1997-08-15,2.731231689453125
1997-08-18,2.7406487464904785
1997-08-19,2.7453577518463135
1997-08-20,2.750065565109253
1997-08-21,2.7641942501068115
1997-08-22,2.7830288410186768
1997-08-25,2.768904447555542
1997-08-26,2.792447566986084
1997-08-27,2.7877371311187744
1997-08-28,2.792447566986084
1997-08-29,2.801865339279175
1997-09-02,2.7971572875976562
1997-09-03,2.811284303665161
1997-09-04,2.8065760135650635
1997-09-05,2.7877371311187744
1997-09-08,2.7877371311187744
1997-09-09,2.891338348388672
1997-09-10,2.853665828704834
1997-09-11,2.8065760135650635
1997-09-12,2.8065760135650635
1997-09-15,2.8065760135650635
1997-09-16,2.83012056350708
1997-09-17,2.844247579574585
1997-09-18,2.844247579574585
1997-09-19,2.844247579574585
1997-09-22,2.863083600997925
1997-09-23,2.853665828704834
1997-09-24,2.87250018119812
1997-09-25,2.853665828704834
1997-09-26,2.863083600997925
1997-09-29,2.844247579574585
1997-09-30,2.919591188430786
1997-10-01,2.938427448272705
1997-10-02,2.9242990016937256
1997-10-03,2.9431352615356445
1997-10-06,2.9572629928588867
1997-10-07,3.0137722492218018
1997-10-08,2.96197247505188
1997-10-09,2.9101736545562744
1997-10-10,2.980809450149536
1997-10-13,2.9572629928588867
1997-10-14,2.9713897705078125
1997-10-15,3.0373167991638184
1997-10-16,3.0043535232543945
1997-10-17,2.938427448272705
1997-10-20,2.919591188430786
1997-10-21,2.938427448272705
1997-10-22,2.9431352615356445
1997-10-23,2.9337191581726074
1997-10-24,2.9007558822631836
1997-10-27,2.891338348388672
1997-10-28,2.891338348388672
1997-10-29,2.891338348388672
1997-10-30,2.925232172012329
1997-10-31,2.9395971298217773
1997-11-03,3.006622791290283
1997-11-04,3.0305614471435547
1997-11-05,3.035348892211914
1997-11-06,2.99704647064209
1997-11-07,2.9539594650268555
1997-11-10,2.9731082916259766
1997-11-11,2.9778969287872314
1997-11-12,2.9491724967956543
1997-11-13,2.9108710289001465
1997-11-14,2.9108710289001465
1997-11-17,2.958747148513794
1997-11-18,2.9491724967956543
1997-11-19,2.9683220386505127
1997-11-20,3.0209853649139404
1997-11-21,3.0161983966827393
1997-11-24,2.9874727725982666
1997-11-25,3.0305614471435547
1997-11-26,3.0209853649139404
1997-11-28,3.025773525238037
1997-12-01,3.025773525238037
1997-12-02,3.01141095161438
1997-12-03,3.006622791290283
1997-12-04,3.006622791290283
1997-12-05,3.01141095161438
1997-12-08,2.9874727725982666
1997-12-09,2.9731082916259766
1997-12-10,2.9348087310791016
1997-12-11,2.925232172012329
1997-12-12,2.9108710289001465
1997-12-15,2.9348087310791016
1997-12-16,2.9108710289001465
1997-12-17,2.906083345413208
1997-12-18,2.9012961387634277
1997-12-19,2.896507978439331
1997-12-22,2.9012961387634277
1997-12-23,2.882145881652832
1997-12-24,2.882145881652832
1997-12-26,2.8773577213287354
1997-12-29,2.906083345413208
1997-12-30,2.920445680618286
1997-12-31,2.896507978439331
1998-01-02,2.930020809173584
1998-01-05,2.9156575202941895
1998-01-06,2.920445680618286
1998-01-07,2.930020809173584
1998-01-08,2.9348087310791016
1998-01-09,2.920445680618286
1998-01-12,2.9108710289001465
1998-01-13,2.9348087310791016
1998-01-14,2.9635353088378906
1998-01-15,3.0018365383148193
1998-01-16,3.006622791290283
1998-01-20,2.9778969287872314
1998-01-21,3.006622791290283
1998-01-22,2.958747148513794
1998-01-23,2.9443845748901367
1998-01-26,2.9395971298217773
1998-01-27,2.9348087310791016
1998-01-28,2.958747148513794
1998-01-29,2.9922590255737305
1998-01-30,2.9731082916259766
1998-02-02,2.958747148513794
1998-02-03,2.920445680618286
1998-02-04,2.9156575202941895
1998-02-05,2.8924801349639893
1998-02-06,2.9216959476470947
1998-02-09,2.9411752223968506
1998-02-10,2.9411752223968506
1998-02-11,2.9070887565612793
1998-02-12,2.9216959476470947
1998-02-13,2.911958694458008
1998-02-17,2.93143630027771
1998-02-18,2.9265661239624023
1998-02-19,2.8827381134033203
1998-02-20,2.824307680130005
1998-02-23,2.8486545085906982
1998-02-24,2.834045648574829
1998-02-25,2.843782901763916
1998-02-26,2.8827381134033203
1998-02-27,2.8924801349639893
1998-03-02,2.853524684906006
1998-03-03,2.8924801349639893
1998-03-04,2.8827381134033203
1998-03-05,2.853524684906006
1998-03-06,2.8924801349639893
1998-03-09,2.8827381134033203
1998-03-10,2.8876099586486816
1998-03-11,2.8778703212738037
1998-03-12,2.8583931922912598
1998-03-13,2.804827928543091
1998-03-16,2.8291778564453125
1998-03-17,2.8096981048583984
1998-03-18,2.790219306945801
1998-03-19,2.7999582290649414
1998-03-20,2.8583931922912598
1998-03-23,2.824307680130005
1998-03-24,2.8827381134033203
1998-03-25,2.8827381134033203
1998-03-26,2.8778703212738037
1998-03-27,2.8778703212738037
1998-03-30,2.863264322280884
1998-03-31,2.8778703212738037
1998-04-01,2.8681318759918213
1998-04-02,2.8681318759918213
1998-04-03,2.863264322280884
1998-04-06,2.873002767562866
1998-04-07,2.8778703212738037
1998-04-08,2.834045648574829
1998-04-09,2.8096981048583984
1998-04-13,2.834045648574829
1998-04-14,2.8194375038146973
1998-04-15,2.8389155864715576
1998-04-16,2.8194375038146973
1998-04-17,2.814567804336548
1998-04-20,2.804827928543091
1998-04-21,2.770742654800415
1998-04-22,2.7804806232452393
1998-04-23,2.7415263652801514
1998-04-24,2.7074384689331055
1998-04-27,2.653873920440674
1998-04-28,2.6684823036193848
1998-04-29,2.692830801010132
1998-04-30,2.6799256801605225
1998-05-01,2.724593162536621
1998-05-04,2.724593162536621
1998-05-05,2.7047412395477295
1998-05-06,2.689852476119995
1998-05-07,2.6551127433776855
1998-05-08,2.6799256801605225
1998-05-11,2.7196297645568848
1998-05-12,2.699777364730835
1998-05-13,2.674964666366577
1998-05-14,2.699777364730835
1998-05-15,2.7394816875457764
1998-05-18,2.774221420288086
1998-05-19,2.7891082763671875
1998-05-20,2.7891082763671875
1998-05-21,2.8288114070892334
1998-05-22,2.8337738513946533
1998-05-26,2.799034595489502
1998-05-27,2.843700408935547
1998-05-28,2.7891082763671875
1998-05-29,2.794072151184082
1998-06-01,2.8188860416412354
1998-06-02,2.799034595489502
1998-06-03,2.8139238357543945
1998-06-04,2.8089609146118164
1998-06-05,2.8288114070892334
1998-06-08,2.843700408935547
1998-06-09,2.843700408935547
1998-06-10,2.843700408935547
1998-06-11,2.8188860416412354
1998-06-12,2.8089609146118164
1998-06-15,2.8089609146118164
1998-06-16,2.823850393295288
1998-06-17,2.868514060974121
1998-06-18,2.868514060974121
1998-06-19,2.8883652687072754
1998-06-22,2.9032537937164307
1998-06-23,2.937992811203003
1998-06-24,2.928068161010742
1998-06-25,2.8933298587799072
1998-06-26,2.8536264896392822
1998-06-29,2.848663806915283
1998-06-30,2.863551139831543
1998-07-01,2.8585891723632812
1998-07-02,2.928068161010742
1998-07-06,2.918142795562744
1998-07-07,2.937992811203003
1998-07-08,2.9479196071624756
1998-07-09,2.9479196071624756
1998-07-10,2.918142795562744
1998-07-13,2.923105239868164
1998-07-14,2.942955493927002
1998-07-15,2.96777081489563
1998-07-16,2.977696180343628
1998-07-17,2.9479196071624756
1998-07-20,2.977696180343628
1998-07-21,2.952883005142212
1998-07-22,2.937992811203003
1998-07-23,2.9479196071624756
1998-07-24,2.928068161010742
1998-07-27,2.937992811203003
1998-07-28,2.8883652687072754
1998-07-29,2.8933298587799072
1998-07-30,2.855724334716797
1998-07-31,2.8102352619171143
1998-08-03,2.7900168895721436
1998-08-04,2.74452805519104
1998-08-05,2.749582052230835
1998-08-06,2.7091469764709473
1998-08-07,2.749582052230835
1998-08-10,2.739471912384033
1998-08-11,2.6586029529571533
1998-08-12,2.5878419876098633
1998-08-13,2.517080783843994
1998-08-14,2.5474064350128174
1998-08-17,2.5575156211853027
1998-08-18,2.5524609088897705
1998-08-19,2.5524609088897705
1998-08-20,2.5474064350128174
1998-08-21,2.5979506969451904
1998-08-24,2.6333320140838623
1998-08-25,2.6586029529571533
1998-08-26,2.6687119007110596
1998-08-27,2.6333320140838623
1998-08-28,2.6030046939849854
1998-08-31,2.5474064350128174
1998-09-01,2.577732563018799
1998-09-02,2.5575156211853027
1998-09-03,2.572679281234741
1998-09-04,2.506972074508667
1998-09-08,2.5019171237945557
1998-09-09,2.44126558303833
1998-09-10,2.4715917110443115
1998-09-11,2.446319580078125
1998-09-14,2.4665372371673584
1998-09-15,2.47664475440979
1998-09-16,2.4968645572662354
1998-09-17,2.47664475440979
1998-09-18,2.461482286453247
1998-09-21,2.4665372371673584
1998-09-22,2.6181671619415283
1998-09-23,2.7091469764709473
1998-09-24,2.6737654209136963
1998-09-25,2.6535489559173584
1998-09-28,2.6636574268341064
1998-09-29,2.678821563720703
1998-09-30,2.6687119007110596
1998-10-01,2.592895984649658
1998-10-02,2.6232221126556396
1998-10-05,2.5625696182250977
1998-10-06,2.5423529148101807
1998-10-07,2.5372986793518066
1998-10-08,2.5271894931793213
1998-10-09,2.5474064350128174
1998-10-12,2.5878419876098633
1998-10-13,2.648495674133301
1998-10-14,2.6737654209136963
1998-10-15,2.74452805519104
1998-10-16,2.759690046310425
1998-10-19,2.7900168895721436
1998-10-20,2.7799079418182373
1998-10-21,2.7900168895721436
1998-10-22,2.795072078704834
1998-10-23,2.800126314163208
1998-10-26,2.8759422302246094
1998-10-27,2.8102352619171143
1998-10-28,2.7900168895721436
1998-10-29,2.7900168895721436
1998-10-30,2.7731096744537354
1998-11-02,2.7782652378082275
1998-11-03,2.742182493209839
1998-11-04,2.7576467990875244
1998-11-05,2.742182493209839
1998-11-06,2.7215654850006104
1998-11-09,2.706101655960083
1998-11-10,2.747337818145752
1998-11-11,2.639094591140747
1998-11-12,2.7009482383728027
1998-11-13,2.675175189971924
1998-11-16,2.675175189971924
1998-11-17,2.633939027786255
1998-11-18,2.6081666946411133
1998-11-19,2.613321542739868
1998-11-20,2.5978572368621826
1998-11-23,2.587549924850464
1998-11-24,2.5978572368621826
1998-11-25,2.577240467071533
1998-11-27,2.56693172454834
1998-11-30,2.603013038635254
1998-12-01,2.5566227436065674
1998-12-02,2.541158437728882
1998-12-03,2.5978572368621826
1998-12-04,2.5514681339263916
1998-12-07,2.4947688579559326
1998-12-08,2.422605276107788
1998-12-09,2.443223237991333
1998-12-10,2.453531503677368
1998-12-11,2.5050771236419678
1998-12-14,2.448378324508667
1998-12-15,2.5153863430023193
1998-12-16,2.4741499423980713
1998-12-17,2.4741499423980713
1998-12-18,2.453531503677368
1998-12-21,2.417450428009033
1998-12-22,2.3813698291778564
1998-12-23,2.432915687561035
1998-12-24,2.422605276107788
1998-12-28,2.432915687561035
1998-12-29,2.448378324508667
1998-12-30,2.4999213218688965
1998-12-31,2.5360043048858643
1999-01-04,2.587549924850464
1999-01-05,2.577240467071533
1999-01-06,2.541158437728882
1999-01-07,2.4896137714385986
1999-01-08,2.5102314949035645
1999-01-11,2.453531503677368
1999-01-12,2.432915687561035
1999-01-13,2.4638404846191406
1999-01-14,2.4741499423980713
1999-01-15,2.4741499423980713
1999-01-19,2.5102314949035645
1999-01-20,2.4947688579559326
1999-01-21,2.4741499423980713
1999-01-22,2.4689950942993164
1999-01-25,2.4638404846191406
1999-01-26,2.4638404846191406
1999-01-27,2.432915687561035
1999-01-28,2.432915687561035
1999-01-29,2.443223237991333
1999-02-01,2.43731427192688
1999-02-02,2.389834403991699
1999-02-03,2.3423550128936768
1999-02-04,2.300150156021118
1999-02-05,2.31597638130188
1999-02-08,2.3265280723571777
1999-02-09,2.300150156021118
1999-02-10,2.3423550128936768
1999-02-11,2.279048442840576
1999-02-12,2.2473933696746826
1999-02-16,2.284322738647461
1999-02-17,2.279048442840576
1999-02-18,2.284322738647461
1999-02-19,2.2895989418029785
1999-02-22,2.3423550128936768
1999-02-23,2.4214866161346436
1999-02-24,2.4214866161346436
1999-02-25,2.468967914581299
1999-02-26,2.479518175125122
1999-03-01,2.5006210803985596
1999-03-02,2.5269992351531982
1999-03-03,2.5006210803985596
1999-03-04,2.484795093536377
1999-03-05,2.5481014251708984
1999-03-08,2.479518175125122
1999-03-09,2.5111727714538574
1999-03-10,2.5639283657073975
1999-03-11,2.5375516414642334
1999-03-12,2.5111727714538574
1999-03-15,2.49006986618042
1999-03-16,2.4953458309173584
1999-03-17,2.5322751998901367
1999-03-18,2.4584169387817383
1999-03-19,2.468967914581299
1999-03-22,2.468967914581299
1999-03-23,2.4478657245635986
1999-03-24,2.4531431198120117
1999-03-25,2.4742443561553955
1999-03-26,2.4584169387817383
1999-03-29,2.4584169387817383
1999-03-30,2.4162137508392334
1999-03-31,2.426762104034424
1999-04-01,2.40566086769104
1999-04-05,2.38455867767334
1999-04-06,2.379284381866455
1999-04-07,2.426762104034424
1999-04-08,2.4162137508392334
1999-04-09,2.4214866161346436
1999-04-12,2.43731427192688
1999-04-13,2.4425907135009766
1999-04-14,2.4531431198120117
1999-04-15,2.4531431198120117
1999-04-16,2.5533788204193115
1999-04-19,2.669440269470215
1999-04-20,2.690542697906494
1999-04-21,2.7696754932403564
1999-04-22,2.780225992202759
1999-04-23,2.780225992202759
1999-04-26,2.685267925262451
1999-04-27,2.653613328933716
1999-04-28,2.648338794708252
1999-04-29,2.653947591781616
1999-04-30,2.664736747741699
1999-05-03,2.675525188446045
1999-05-04,2.632371425628662
1999-05-05,2.621582269668579
1999-05-06,2.6485540866851807
1999-05-07,2.6593410968780518
1999-05-10,2.675525188446045
1999-05-11,2.664736747741699
1999-05-12,2.697101593017578
1999-05-13,2.6485540866851807
1999-05-14,2.643159866333008
1999-05-17,2.600005865097046
1999-05-18,2.556851863861084
1999-05-19,2.5784287452697754
1999-05-20,2.664736747741699
1999-05-21,2.653947591781616
1999-05-24,2.6161887645721436
1999-05-25,2.5946123600006104
1999-05-26,2.600005865097046
1999-05-27,2.6053993701934814
1999-05-28,2.6161887645721436
1999-06-01,2.6053993701934814
1999-06-02,2.546062707901001
1999-06-03,2.535273790359497
1999-06-04,2.535273790359497
1999-06-07,2.524486541748047
1999-06-08,2.5190935134887695
1999-06-09,2.5029098987579346
1999-06-10,2.4813315868377686
1999-06-11,2.470545530319214
1999-06-14,2.4597554206848145
1999-06-15,2.4597554206848145
1999-06-16,2.4867265224456787
1999-06-17,2.4597554206848145
1999-06-18,2.4381792545318604
1999-06-21,2.4489667415618896
1999-06-22,2.4166030883789062
1999-06-23,2.3896310329437256
1999-06-24,2.357267141342163
1999-06-25,2.4597554206848145
1999-06-28,2.4489667415618896
1999-06-29,2.4381792545318604
1999-06-30,2.4921209812164307
1999-07-01,2.465151071548462
1999-07-02,2.465151071548462
1999-07-06,2.4435737133026123
1999-07-07,2.3896310329437256
1999-07-08,2.4058139324188232
1999-07-09,2.4112088680267334
1999-07-12,2.38423752784729
1999-07-13,2.373447895050049
1999-07-14,2.351872682571411
1999-07-15,2.378843307495117
1999-07-16,2.4004194736480713
1999-07-19,2.3896310329437256
1999-07-20,2.357267141342163
1999-07-21,2.362661600112915
1999-07-22,2.3464791774749756
1999-07-23,2.3410837650299072
1999-07-26,2.3680548667907715
1999-07-27,2.3680548667907715
1999-07-28,2.351872682571411
1999-07-29,2.352979898452759
1999-07-30,2.3363707065582275
1999-08-02,2.33083438873291
1999-08-03,2.292079448699951
1999-08-04,2.2311785221099854
1999-08-05,2.2311785221099854
1999-08-06,2.242250680923462
1999-08-09,2.1924235820770264
1999-08-10,2.1924235820770264
1999-08-11,2.1979596614837646
1999-08-12,2.2034966945648193
1999-08-13,2.1924235820770264
1999-08-16,2.18688702583313
1999-08-17,2.2367143630981445
1999-08-18,2.2145676612854004
1999-08-19,2.26993465423584
1999-08-20,2.258859872817993
1999-08-23,2.3031508922576904
1999-08-24,2.308687925338745
1999-08-25,2.3142244815826416
1999-08-26,2.286543130874634
1999-08-27,2.2367143630981445
1999-08-30,2.258859872817993
1999-08-31,2.3031508922576904
1999-09-01,2.281006336212158
1999-09-02,2.264397382736206
1999-09-03,2.26993465423584
1999-09-07,2.2754695415496826
1999-09-08,2.264397382736206
1999-09-09,2.258859872817993
1999-09-10,2.2477879524230957
1999-09-13,2.253324270248413
1999-09-14,2.2754695415496826
1999-09-15,2.33083438873291
1999-09-16,2.264397382736206
1999-09-17,2.286543130874634
1999-09-20,2.264397382736206
1999-09-21,2.2367143630981445
1999-09-22,2.2367143630981445
1999-09-23,2.26993465423584
1999-09-24,2.264397382736206
1999-09-27,2.264397382736206
1999-09-28,2.281006336212158
1999-09-29,2.286543130874634
1999-09-30,2.3252980709075928
1999-10-01,2.292079448699951
1999-10-04,2.3252980709075928
1999-10-05,2.3142244815826416
1999-10-06,2.319760322570801
1999-10-07,2.308687925338745
1999-10-08,2.3142244815826416
1999-10-11,2.308687925338745
1999-10-12,2.3031508922576904
1999-10-13,2.319760322570801
1999-10-14,2.3363707065582275
1999-10-15,2.319760322570801
1999-10-18,2.352979898452759
1999-10-19,2.4289772510528564
1999-10-20,2.4460434913635254
1999-10-21,2.4460434913635254
1999-10-22,2.434666633605957
1999-10-25,2.3777811527252197
1999-10-26,2.3720927238464355
1999-10-27,2.3664050102233887
1999-10-28,2.3664050102233887
1999-10-29,2.38915753364563
1999-11-01,2.417600154876709
1999-11-02,2.468797206878662
1999-11-03,2.4119131565093994
1999-11-04,2.38915753364563
1999-11-05,2.383469581604004
1999-11-08,2.4005355834960938
1999-11-09,2.3607161045074463
1999-11-10,2.332275152206421
1999-11-11,2.3208961486816406
1999-11-12,2.2981436252593994
1999-11-15,2.2810776233673096
1999-11-16,2.2867648601531982
1999-11-17,2.27538800239563
1999-11-18,2.3379621505737305
1999-11-19,2.332275152206421
1999-11-22,2.423288583755493
1999-11-23,2.3948466777801514
1999-11-24,2.3777811527252197
1999-11-26,2.3436508178710938
1999-11-29,2.355027914047241
1999-11-30,2.3607161045074463
1999-12-01,2.332275152206421
1999-12-02,2.241257667541504
1999-12-03,2.2526347637176514
1999-12-06,2.2526347637176514
1999-12-07,2.2867648601531982
1999-12-08,2.178684949874878
1999-12-09,2.1161112785339355
1999-12-10,2.0706043243408203
1999-12-13,2.047849655151367
1999-12-14,2.0194075107574463
1999-12-15,1.9966543912887573
1999-12-16,2.002342462539673
1999-12-17,2.002342462539673
1999-12-20,2.0706043243408203
1999-12-21,2.0762925148010254
1999-12-22,2.1047348976135254
1999-12-23,2.0819814205169678
1999-12-27,2.0706043243408203
1999-12-28,2.1331777572631836
1999-12-29,2.178684949874878
1999-12-30,2.1445541381835938
1999-12-31,2.1729960441589355
2000-01-03,2.178684949874878
2000-01-04,2.1729960441589355
2000-01-05,2.2128162384033203
2000-01-06,2.2924556732177734
2000-01-07,2.3436508178710938
2000-01-10,2.355027914047241
2000-01-11,2.3265862464904785
2000-01-12,2.349339008331299
2000-01-13,2.3664050102233887
2000-01-14,2.349339008331299
2000-01-18,2.2924556732177734
2000-01-19,2.332275152206421
2000-01-20,2.3436508178710938
2000-01-21,2.3664050102233887
2000-01-24,2.3265862464904785
2000-01-25,2.3436508178710938
2000-01-26,2.3436508178710938
2000-01-27,2.3607161045074463
2000-01-28,2.303830146789551
2000-01-31,2.3265862464904785
2000-02-01,2.3413355350494385
2000-02-02,2.353041172027588
2000-02-03,2.347188949584961
2000-02-04,2.353041172027588
2000-02-07,2.3413355350494385
2000-02-08,2.347188949584961
2000-02-09,2.3413355350494385
2000-02-10,2.347188949584961
2000-02-11,2.3179216384887695
2000-02-14,2.276949405670166
2000-02-15,2.288656711578369
2000-02-16,2.2652406692504883
2000-02-17,2.3296282291412354
2000-02-18,2.2945075035095215
2000-02-22,2.312067985534668
2000-02-23,2.2710957527160645
2000-02-24,2.218414545059204
2000-02-25,2.282801628112793
2000-02-28,2.3296282291412354
2000-02-29,2.3296282291412354
2000-03-01,2.3003628253936768
2000-03-02,2.312067985534668
2000-03-03,2.312067985534668
2000-03-06,2.3003628253936768
2000-03-07,2.2945075035095215
2000-03-08,2.306215524673462
2000-03-09,2.306215524673462
2000-03-10,2.2945075035095215
2000-03-13,2.3003628253936768
2000-03-14,2.3003628253936768
2000-03-15,2.3237764835357666
2000-03-16,2.3881630897521973
2000-03-17,2.411576747894287
2000-03-20,2.4174296855926514
2000-03-21,2.4232828617095947
2000-03-22,2.3940157890319824
2000-03-23,2.3881630897521973
2000-03-24,2.3881630897521973
2000-03-27,2.3881630897521973
2000-03-28,2.3881630897521973
2000-03-29,2.370600700378418
2000-03-30,2.364748477935791
2000-03-31,2.3823087215423584
2000-04-03,2.364748477935791
2000-04-04,2.3413355350494385
2000-04-05,2.364748477935791
2000-04-06,2.347188949584961
2000-04-07,2.358895778656006
2000-04-10,2.364748477935791
2000-04-11,2.3764572143554688
2000-04-12,2.464254856109619
2000-04-13,2.4349896907806396
2000-04-14,2.464254856109619
2000-04-17,2.5052297115325928
2000-04-18,2.534494638442993
2000-04-19,2.528642416000366
2000-04-20,2.540348529815674
2000-04-24,2.563762903213501
2000-04-25,2.5813231468200684
2000-04-26,2.5696165561676025
2000-04-27,2.610589027404785
2000-04-28,2.610589027404785
2000-05-01,2.6387197971343994
2000-05-02,2.5966451168060303
2000-05-03,2.5966451168060303
2000-05-04,2.5906333923339844
2000-05-05,2.614677906036377
2000-05-08,2.5966451168060303
2000-05-09,2.5966451168060303
2000-05-10,2.5966451168060303
2000-05-11,2.6567516326904297
2000-05-12,2.6206881999969482
2000-05-15,2.614677906036377
2000-05-16,2.6327099800109863
2000-05-17,2.5846240520477295
2000-05-18,2.5726020336151123
2000-05-19,2.5846240520477295
2000-05-22,2.6327099800109863
2000-05-23,2.6026551723480225
2000-05-24,2.6266980171203613
2000-05-25,2.5966451168060303
2000-05-26,2.5906333923339844
2000-05-30,2.6086645126342773
2000-05-31,2.566591262817383
2000-06-01,2.6206881999969482
2000-06-02,2.6447296142578125
2000-06-05,2.614677906036377
2000-06-06,2.6206881999969482
2000-06-07,2.6567516326904297
2000-06-08,2.6447296142578125
2000-06-09,2.6507411003112793
2000-06-12,2.6507411003112793
2000-06-13,2.6747848987579346
2000-06-14,2.704838991165161
2000-06-15,2.716860294342041
2000-06-16,2.722870349884033
2000-06-19,2.746913194656372
2000-06-20,2.782977819442749
2000-06-21,2.7649433612823486
2000-06-22,2.74090313911438
2000-06-23,2.722870349884033
2000-06-26,2.7529232501983643
2000-06-27,2.7649433612823486
2000-06-28,2.788990020751953
2000-06-29,2.758936643600464
2000-06-30,2.6191840171813965
2000-07-03,2.716860294342041
2000-07-05,2.758936643600464
2000-07-06,2.788990020751953
2000-07-07,2.794999599456787
2000-07-10,2.794999599456787
2000-07-11,2.794999599456787
2000-07-12,2.794999599456787
2000-07-13,2.801008462905884
2000-07-14,2.794999599456787
2000-07-17,2.801008462905884
2000-07-18,2.788990020751953
2000-07-19,2.782977819442749
2000-07-20,2.8190412521362305
2000-07-21,2.788990020751953
2000-07-24,2.7769668102264404
2000-07-25,2.7769668102264404
2000-07-26,2.788990020751953
2000-07-27,2.801008462905884
2000-07-28,2.788990020751953
2000-07-31,2.8611180782318115
2000-08-01,2.866295337677002
2000-08-02,2.8539671897888184
2000-08-03,2.835472822189331
2000-08-04,2.8169829845428467
2000-08-07,2.829312562942505
2000-08-08,2.7984910011291504
2000-08-09,2.7615044116973877
2000-08-10,2.7553417682647705
2000-08-11,2.7615044116973877
2000-08-14,2.7553417682647705
2000-08-15,2.749178171157837
2000-08-16,2.7676684856414795
2000-08-17,2.749178171157837
2000-08-18,2.7553417682647705
2000-08-21,2.7368500232696533
2000-08-22,2.6813747882843018
2000-08-23,2.706028699874878
2000-08-24,2.6690447330474854
2000-08-25,2.6813747882843018
2000-08-28,2.6628808975219727
2000-08-29,2.607403039932251
2000-08-30,2.6012399196624756
2000-08-31,2.613568067550659
2000-09-01,2.6012399196624756
2000-09-05,2.6813747882843018
2000-09-06,2.773834228515625
2000-09-07,2.8169829845428467
2000-09-08,2.7984910011291504
2000-09-11,2.786163330078125
2000-09-12,2.7923262119293213
2000-09-13,2.7799980640411377
2000-09-14,2.7984910011291504
2000-09-15,2.7615044116973877
2000-09-18,2.7676684856414795
2000-09-19,2.835472822189331
2000-09-20,2.835472822189331
2000-09-21,2.829312562942505
2000-09-22,2.872457981109619
2000-09-25,2.8786234855651855
2000-09-26,2.866295337677002
2000-09-27,2.897115468978882
2000-09-28,3.0080695152282715
2000-09-29,2.92177152633667
2000-10-02,2.8601319789886475
2000-10-03,2.829312562942505
2000-10-04,2.8539671897888184
2000-10-05,2.841637372970581
2000-10-06,2.841637372970581
2000-10-09,2.8478026390075684
2000-10-10,2.8847875595092773
2000-10-11,2.915609359741211
2000-10-12,2.897115468978882
2000-10-13,2.92177152633667
2000-10-16,2.866295337677002
2000-10-17,2.8478026390075684
2000-10-18,2.903280258178711
2000-10-19,2.903280258178711
2000-10-20,2.8786234855651855
2000-10-23,2.866295337677002
2000-10-24,2.835472822189331
2000-10-25,2.8169829845428467
2000-10-26,2.8539671897888184
2000-10-27,2.8539671897888184
2000-10-30,2.897115468978882
2000-10-31,2.897115468978882
2000-11-01,2.8718137741088867
2000-11-02,2.8971147537231445
2000-11-03,2.8528363704681396
2000-11-06,2.8275341987609863
2000-11-07,2.846510887145996
2000-11-08,2.8528363704681396
2000-11-09,2.8528363704681396
2000-11-10,2.795905590057373
2000-11-13,2.8591625690460205
2000-11-14,2.846510887145996
2000-11-15,2.8528363704681396
2000-11-16,2.840184211730957
2000-11-17,2.884464740753174
2000-11-20,2.878138542175293
2000-11-21,2.890789747238159
2000-11-22,2.8718137741088867
2000-11-24,2.8528363704681396
2000-11-27,2.8275341987609863
2000-11-28,2.7895805835723877
2000-11-29,2.7642781734466553
2000-11-30,2.757953643798828
2000-12-01,2.783254623413086
2000-12-04,2.783254623413086
2000-12-05,2.8718137741088867
2000-12-06,2.8528363704681396
2000-12-07,2.81488299369812
2000-12-08,2.903442859649658
2000-12-11,2.890789747238159
2000-12-12,2.840184211730957
2000-12-13,2.81488299369812
2000-12-14,2.8022305965423584
2000-12-15,2.8275341987609863
2000-12-18,2.8971147537231445
2000-12-19,2.8654870986938477
2000-12-20,2.878138542175293
2000-12-21,2.890789747238159
2000-12-22,2.935070514678955
2000-12-26,2.922417402267456
2000-12-27,2.947719097137451
2000-12-28,3.029953956604004
2000-12-29,3.023627281188965
2001-01-02,2.9920005798339844
2001-01-03,3.1058595180511475
2001-01-04,3.131161689758301
2001-01-05,3.1121840476989746
2001-01-08,3.213395118713379
2001-01-09,3.207068920135498
2001-01-10,3.226046562194824
2001-01-11,3.2323718070983887
2001-01-12,3.226046562194824
2001-01-16,3.2323718070983887
2001-01-17,3.2323718070983887
2001-01-18,3.2450222969055176
2001-01-19,3.2513487339019775
2001-01-22,3.2450222969055176
2001-01-23,3.2639994621276855
2001-01-24,3.2703261375427246
2001-01-25,3.2639994621276855
2001-01-26,3.226046562194824
2001-01-29,3.247805595397949
2001-01-30,3.2528655529022217
2001-01-31,3.212383985519409
2001-02-01,3.2455639839172363
2001-02-02,3.206160545349121
2001-02-05,3.204087257385254
2001-02-06,3.2559335231781006
2001-02-07,3.227935791015625
2001-02-08,3.1968281269073486
2001-02-09,3.185422420501709
2001-02-12,3.2455639839172363
2001-02-13,3.177128553390503
2001-02-14,3.212383985519409
2001-02-15,3.2331204414367676
2001-02-16,3.2196414470672607
2001-02-20,3.2414162158966064
2001-02-21,3.2403781414031982
2001-02-22,3.2320852279663086
2001-02-23,3.2310469150543213
2001-02-26,3.2351937294006348
2001-02-27,3.188533306121826
2001-02-28,3.246600866317749
2001-03-01,3.30259370803833
2001-03-02,3.3803634643554688
2001-03-05,3.3907337188720703
2001-03-06,3.3648085594177246
2001-03-07,3.400066375732422
2001-03-08,3.4529495239257812
2001-03-09,3.4042136669158936
2001-03-12,3.443614959716797
2001-03-13,3.4633166790008545
2001-03-14,3.4052493572235107
2001-03-15,3.3896961212158203
2001-03-16,3.3699951171875
2001-03-19,3.473686695098877
2001-03-20,3.3699951171875
2001-03-21,3.4425787925720215
2001-03-22,3.467465400695801
2001-03-23,3.5286431312561035
2001-03-26,3.5773766040802
2001-03-27,3.5441977977752686
2001-03-28,3.5099780559539795
2001-03-29,3.515162229537964
2001-03-30,3.5172364711761475
2001-04-02,3.5566399097442627
2001-04-03,3.551455497741699
2001-04-04,3.551455497741699
2001-04-05,3.5804898738861084
2001-04-06,3.5224225521087646
2001-04-09,3.5773766040802
2001-04-10,3.5504186153411865
2001-04-11,3.5566399097442627
2001-04-12,3.588785171508789
2001-04-16,3.5649380683898926
2001-04-17,3.598116874694824
2001-04-18,3.629223585128784
2001-04-19,3.6240415573120117
2001-04-20,3.5276060104370117
2001-04-23,3.546271562576294
2001-04-24,3.5877492427825928
2001-04-25,3.691439628601074
2001-04-26,3.7318809032440186
2001-04-27,3.805500030517578
2001-04-30,3.74328351020813
2001-05-01,3.72845458984375
2001-05-02,3.699847459793091
2001-05-03,3.704083204269409
2001-05-04,3.7708325386047363
2001-05-07,3.784606456756592
2001-05-08,3.6871304512023926
2001-05-09,3.6977269649505615
2001-05-10,3.6871304512023926
2001-05-11,3.678654909133911
2001-05-14,3.653226852416992
2001-05-15,3.6850123405456543
2001-05-16,3.6553475856781006
2001-05-17,3.6553475856781006
2001-05-18,3.6818339824676514
2001-05-21,3.6807737350463867
2001-05-22,3.682893991470337
2001-05-23,3.6860718727111816
2001-05-24,3.695608615875244
2001-05-25,3.678654909133911
2001-05-29,3.6595840454101562
2001-05-30,3.612966537475586
2001-05-31,3.6150851249694824
2001-06-01,3.6617047786712646
2001-06-04,3.695608615875244
2001-06-05,3.7030251026153564
2001-06-06,3.678654909133911
2001-06-07,3.692429304122925
2001-06-08,3.6765363216400146
2001-06-11,3.7348103523254395
2001-06-12,3.764476776123047
2001-06-13,3.7379894256591797
2001-06-14,3.779310941696167
2001-06-15,3.77189302444458
2001-06-18,3.82275128364563
2001-06-19,3.7909655570983887
2001-06-20,3.8354625701904297
2001-06-21,3.7856645584106445
2001-06-22,3.749643564224243
2001-06-25,3.7083232402801514
2001-06-26,3.7665951251983643
2001-06-27,3.7295114994049072
2001-06-28,3.755998373031616
2001-06-29,3.6447505950927734
2001-07-02,3.7538819313049316
2001-07-03,3.7856645584106445
2001-07-05,3.7602384090423584
2001-07-06,3.7443430423736572
2001-07-09,3.7252731323242188
2001-07-10,3.721035957336426
2001-07-11,3.719975471496582
2001-07-12,3.733750581741333
2001-07-13,3.7528235912323
2001-07-16,3.77189302444458
2001-07-17,3.826988458633423
2001-07-18,3.819570779800415
2001-07-19,3.7930824756622314
2001-07-20,3.7612996101379395
2001-07-23,3.7464635372161865
2001-07-24,3.7475240230560303
2001-07-25,3.7602384090423584
2001-07-26,3.8142716884613037
2001-07-27,3.7835469245910645
2001-07-30,3.7665951251983643
2001-07-31,3.780367851257324
2001-08-01,3.7847025394439697
2001-08-02,3.7901148796081543
2001-08-03,3.7857868671417236
2001-08-06,3.7792861461639404
2001-08-07,3.7792861461639404
2001-08-08,3.7901148796081543
2001-08-09,3.791201114654541
2001-08-10,3.7890357971191406
2001-08-13,3.791201114654541
2001-08-14,3.791201114654541
2001-08-15,3.807448148727417
2001-08-16,3.7901148796081543
2001-08-17,3.7901148796081543
2001-08-20,3.792285442352295
2001-08-21,3.845362901687622
2001-08-22,3.823697805404663
2001-08-23,3.823697805404663
2001-08-24,3.829113245010376
2001-08-27,3.852945327758789
2001-08-28,3.845362901687622
2001-08-29,3.8561933040618896
2001-08-30,3.8616089820861816
2001-08-31,3.8410274982452393
2001-09-04,3.791201114654541
2001-09-05,3.7890357971191406
2001-09-06,3.758704662322998
2001-09-07,3.7305407524108887
2001-09-10,3.7088782787323
2001-09-17,3.7316246032714844
2001-09-18,3.8540267944335938
2001-09-19,3.8724400997161865
2001-09-20,3.8756930828094482
2001-09-21,3.913604497909546
2001-09-24,3.9287683963775635
2001-09-25,3.9515140056610107
2001-09-26,4.15515661239624
2001-09-27,4.116163730621338
2001-09-28,4.164903163909912
2001-10-01,4.169238090515137
2001-10-02,4.108579635620117
2001-10-03,4.104245662689209
2001-10-04,4.100996971130371
2001-10-05,4.092330455780029
2001-10-08,4.12157678604126
2001-10-09,4.0977463722229
2001-10-10,4.096663475036621
2001-10-11,4.110745429992676
2001-10-12,4.126993179321289
2001-10-15,4.09449577331543
2001-10-16,4.092330455780029
2001-10-17,4.033838748931885
2001-10-18,4.0305891036987305
2001-10-19,3.9861769676208496
2001-10-22,3.958015203475952
2001-10-23,4.0024237632751465
2001-10-24,3.9915931224823
2001-10-25,4.020839691162109
2001-10-26,4.005673408508301
2001-10-29,4.016506195068359
2001-10-30,4.074999809265137
2001-10-31,4.118149757385254
2001-11-01,4.317309379577637
2001-11-02,4.274158477783203
2001-11-05,4.25313663482666
2001-11-06,4.273050308227539
2001-11-07,4.286330223083496
2001-11-08,4.290754318237305
2001-11-09,4.259774684906006
2001-11-12,4.243175983428955
2001-11-13,4.2442851066589355
2001-11-14,4.235432147979736
2001-11-15,4.232112884521484
2001-11-16,4.2287917137146
2001-11-19,4.193386554718018
2001-11-20,4.115937232971191
2001-11-21,4.120363712310791
2001-11-23,4.121470928192139
2001-11-26,4.1491312980651855
2001-11-27,4.120363712310791
2001-11-28,4.120363712310791
2001-11-29,4.13806676864624
2001-11-30,4.1092987060546875
2001-12-03,4.115937232971191
2001-12-04,4.13806676864624
2001-12-05,4.093807220458984
2001-12-06,4.099340438842773
2001-12-07,4.0838494300842285
2001-12-10,4.051764488220215
2001-12-11,4.021891117095947
2001-12-12,3.9842729568481445
2001-12-13,3.9555039405822754
2001-12-14,4.004189491271973
2001-12-17,3.9909098148345947
2001-12-18,4.005293369293213
2001-12-19,3.989804267883301
2001-12-20,3.9831650257110596
2001-12-21,3.916778802871704
2001-12-24,3.9322688579559326
2001-12-26,3.9123547077178955
2001-12-27,3.966568946838379
2001-12-28,3.9820590019226074
2001-12-31,4.006401062011719
2002-01-02,4.0395941734313965
2002-01-03,4.071680068969727
2002-01-04,4.077210426330566
2002-01-07,4.093807220458984
2002-01-08,4.086067199707031
2002-01-09,4.087172031402588
2002-01-10,4.089382171630859
2002-01-11,4.110405921936035
2002-01-14,4.13142728805542
2002-01-15,4.202239513397217
2002-01-16,4.179006099700928
2002-01-17,4.160196781158447
2002-01-18,4.148024082183838
2002-01-22,4.1590895652771
2002-01-23,4.1491312980651855
2002-01-24,4.13806676864624
2002-01-25,4.206668376922607
2002-01-28,4.248711585998535
2002-01-29,4.2398576736450195
2002-01-30,4.258669376373291
2002-01-31,4.2903056144714355
2002-02-01,4.254148483276367
2002-02-04,4.2597975730896
2002-02-05,4.246238708496094
2002-02-06,4.224771022796631
2002-02-07,4.2089524269104
2002-02-08,4.214598655700684
2002-02-11,4.214598655700684
2002-02-12,4.1897430419921875
2002-02-13,4.201042175292969
2002-02-14,4.180702209472656
2002-02-15,4.203301429748535
2002-02-19,4.197652339935303
2002-02-20,4.193131923675537
2002-02-21,4.243978977203369
2002-02-22,4.2903056144714355
2002-02-25,4.283525466918945
2002-02-26,4.312904357910156
2002-02-27,4.3332414627075195
2002-02-28,4.2710981369018555
2002-03-01,4.293697834014893
2002-03-04,4.314034461975098
2002-03-05,4.352450370788574
2002-03-06,4.359230995178223
2002-03-07,4.315164566040039
2002-03-08,4.341152667999268
2002-03-11,4.288046360015869
2002-03-12,4.304996967315674
2002-03-13,4.35019063949585
2002-03-14,4.395387172698975
2002-03-15,4.434937000274658
2002-03-18,4.484651565551758
2002-03-19,4.489170074462891
2002-03-20,4.502731800079346
2002-03-21,4.533239364624023
2002-03-22,4.545669078826904
2002-03-25,4.581827640533447
2002-03-26,4.639449596405029
2002-03-27,4.63267183303833
2002-03-28,4.581827640533447
2002-04-01,4.593124866485596
2002-04-02,4.587473392486572
2002-04-03,4.60894250869751
2002-04-04,4.66317892074585
2002-04-05,4.73436164855957
2002-04-08,4.754702568054199
2002-04-09,4.824758052825928
2002-04-10,4.891425132751465
2002-04-11,4.869954586029053
2002-04-12,4.947919845581055
2002-04-15,4.890294075012207
2002-04-16,4.6778717041015625
2002-04-17,4.576175689697266
2002-04-18,4.60668420791626
2002-04-19,4.576175689697266
2002-04-22,4.552446365356445
2002-04-23,4.521939277648926
2002-04-24,4.625890254974365
2002-04-25,4.614593029022217
2002-04-26,4.564876079559326
2002-04-29,4.620243072509766
2002-04-30,4.613462924957275
2002-05-01,4.621374130249023
2002-05-02,4.668635368347168
2002-05-03,4.7055230140686035
2002-05-06,4.680161952972412
2002-05-07,4.670940399169922
2002-05-08,4.643275260925293
2002-05-09,4.6455793380737305
2002-05-10,4.635204792022705
2002-05-13,4.634052753448486
2002-05-14,4.66171932220459
2002-05-15,4.727425575256348
2002-05-16,4.668635368347168
2002-05-17,4.7055230140686035
2002-05-20,4.651343822479248
2002-05-21,4.668635368347168
2002-05-22,4.672093868255615
2002-05-23,4.7055230140686035
2002-05-24,4.740104675292969
2002-05-28,4.740104675292969
2002-05-29,4.749326705932617
2002-05-30,4.812727928161621
2002-05-31,4.815034866333008
2002-06-03,4.874978065490723
2002-06-04,4.887660026550293
2002-06-05,4.888810157775879
2002-06-06,4.917627334594727
2002-06-07,4.916475772857666
2002-06-10,4.933767318725586
2002-06-11,4.956822872161865
2002-06-12,4.956822872161865
2002-06-13,4.98564338684082
2002-06-14,4.972960472106934
2002-06-17,5.002932548522949
2002-06-18,4.974114894866943
2002-06-19,4.972960472106934
2002-06-20,5.037515640258789
2002-06-21,5.016763210296631
2002-06-24,4.98564338684082
2002-06-25,5.002932548522949
2002-06-26,4.93491792678833
2002-06-27,4.945292949676514
2002-06-28,4.945292949676514
2002-07-01,4.900339603424072
2002-07-02,4.818493366241455
2002-07-03,4.708980560302734
2002-07-05,4.72627067565918
2002-07-08,4.740104675292969
2002-07-09,4.743562698364258
2002-07-10,4.720507621765137
2002-07-11,4.5533599853515625
2002-07-12,4.554512977600098
2002-07-15,4.513012886047363
2002-07-16,4.5533599853515625
2002-07-17,4.630593776702881
2002-07-18,4.674398422241211
2002-07-19,4.84154748916626
2002-07-22,4.640965938568115
2002-07-23,4.457682132720947
2002-07-24,4.612147808074951
2002-07-25,4.856533527374268
2002-07-26,4.84154748916626
2002-07-29,5.067487716674805
2002-07-30,5.057112216949463
2002-07-31,5.05019474029541
2002-08-01,5.115980625152588
2002-08-02,5.091311454772949
2002-08-05,4.998504638671875
2002-08-06,4.936245441436768
2002-08-07,5.010253429412842
2002-08-08,5.039619445800781
2002-08-09,5.012601852416992
2002-08-12,5.030223369598389
2002-08-13,4.933894634246826
2002-08-14,4.845790386199951
2002-08-15,4.854012489318848
2002-08-16,4.992633819580078
2002-08-19,4.932720184326172
2002-08-20,4.8634114265441895
2002-08-21,4.928023338317871
2002-08-22,4.9186224937438965
2002-08-23,4.908049583435059
2002-08-26,4.9515156745910645
2002-08-27,4.920973300933838
2002-08-28,5.033748149871826
2002-08-29,4.989109039306641
2002-08-30,5.0513691902160645
2002-09-03,4.9949846267700195
2002-09-04,4.998504638671875
2002-09-05,4.993807792663574
2002-09-06,5.016127109527588
2002-09-09,5.004379749298096
2002-09-10,4.997331619262695
2002-09-11,4.998504638671875
2002-09-12,5.004379749298096
2002-09-13,4.996155738830566
2002-09-16,4.965612411499023
2002-09-17,4.92214822769165
2002-09-18,4.875158309936523
2002-09-19,4.825822830200195
2002-09-20,4.886905670166016
2002-09-23,4.851663112640381
2002-09-24,4.794103622436523
2002-09-25,4.850490570068359
2002-09-26,4.939767837524414
2002-09-27,4.963263034820557
2002-09-30,5.004379749298096
2002-10-01,5.004379749298096
2002-10-02,5.05019474029541
2002-10-03,5.057243347167969
2002-10-04,4.969136714935303
2002-10-07,4.866934776306152
2002-10-08,4.844613552093506
2002-10-09,4.718918323516846
2002-10-10,4.704820156097412
2002-10-11,4.750635623931885
2002-10-14,4.704820156097412
2002-10-15,4.868109226226807
2002-10-16,4.871634006500244
2002-10-17,4.925673961639404
2002-10-18,4.992633819580078
2002-10-21,4.980886936187744
2002-10-22,5.000854969024658
2002-10-23,5.004379749298096
2002-10-24,5.108933448791504
2002-10-25,5.181766986846924
2002-10-28,5.170018672943115
2002-10-29,5.182942867279053
2002-10-30,5.213481903076172
2002-10-31,5.074864387512207
2002-11-01,5.101880073547363
2002-11-04,5.22875452041626
2002-11-05,5.26869535446167
2002-11-06,5.218426704406738
2002-11-07,5.146615505218506
2002-11-08,5.101129531860352
2002-11-11,5.059237957000732
2002-11-12,5.073603630065918
2002-11-13,5.030516147613525
2002-11-14,5.062830448150635
2002-11-15,5.068814277648926
2002-11-18,5.059237957000732
2002-11-19,5.068814277648926
2002-11-20,5.036499977111816
2002-11-21,5.081981658935547
2002-11-22,5.110706806182861
2002-11-25,5.116689682006836
2002-11-26,5.146615505218506
2002-11-27,5.206456661224365
2002-11-29,5.217230796813965
2002-12-02,5.283057689666748
2002-12-03,4.805500030517578
2002-12-04,4.787544250488281
2002-12-05,4.64272403717041
2002-12-06,4.568515777587891
2002-12-09,4.5697150230407715
2002-12-10,4.497901916503906
2002-12-11,4.488325595855713
2002-12-12,4.611605167388916
2002-12-13,4.66905403137207
2002-12-16,4.639133453369141
2002-12-17,4.581683158874512
2002-12-18,4.576896667480469
2002-12-19,4.487126350402832
2002-12-20,4.488325595855713
2002-12-23,4.5697150230407715
2002-12-24,4.574501037597656
2002-12-26,4.529021739959717
2002-12-27,4.560139179229736
2002-12-30,4.566123008728027
2002-12-31,4.584076881408691
2003-01-02,4.55774450302124
2003-01-03,4.655888080596924
2003-01-06,4.706158638000488
2003-01-07,4.643919467926025
2003-01-08,4.616393566131592
2003-01-09,4.597243309020996
2003-01-10,4.575699806213379
2003-01-13,4.608016014099121
2003-01-14,4.60561990737915
2003-01-15,4.592456340789795
2003-01-16,4.530218124389648
2003-01-17,4.499099254608154
2003-01-21,4.49431037902832
2003-01-22,4.427285194396973
2003-01-23,4.422496795654297
2003-01-24,4.404542922973633
2003-01-27,4.242962837219238
2003-01-28,4.183121204376221
2003-01-29,4.296822547912598
2003-01-30,4.338713645935059
2003-01-31,4.409328937530518
2003-02-03,4.448825836181641
2003-02-04,4.397410869598389
2003-02-05,4.43168830871582
2003-02-06,4.419447422027588
2003-02-07,4.364356994628906
2003-02-10,4.413325309753418
2003-02-11,4.35945987701416
2003-02-12,4.310490131378174
2003-02-13,4.297025680541992
2003-02-14,4.21744966506958
2003-02-18,4.26641845703125
2003-02-19,4.320285797119141
2003-02-20,4.2602972984313965
2003-02-21,4.2835564613342285
2003-02-24,4.321509838104248
2003-02-25,4.363133430480957
2003-02-26,4.333749771118164
2003-02-27,4.364356994628906
2003-02-28,4.327630519866943
2003-03-03,4.327630519866943
2003-03-04,4.2602972984313965
2003-03-05,4.309266090393066
2003-03-06,4.2602972984313965
2003-03-07,4.229693412780762
2003-03-10,4.174602508544922
2003-03-11,4.166031837463379
2003-03-12,4.123184680938721
2003-03-13,4.147669315338135
2003-03-14,4.16970682144165
2003-03-17,4.248055934906006
2003-03-18,4.227243900299072
2003-03-19,4.208883762359619
2003-03-20,4.192965984344482
2003-03-21,4.1990861892700195
2003-03-24,4.125631809234619
2003-03-25,4.1562395095825195
2003-03-26,4.229693412780762
2003-03-27,4.162360668182373
2003-03-28,4.10114860534668
2003-03-31,4.082784652709961
2003-04-01,4.117063522338867
2003-04-02,4.143996238708496
2003-04-03,4.141547203063965
2003-04-04,4.131753444671631
2003-04-07,4.148892879486084
2003-04-08,4.102373123168945
2003-04-09,4.150116443634033
2003-04-10,4.139098644256592
2003-04-11,4.186844825744629
2003-04-14,4.2419352531433105
2003-04-15,4.338648796081543
2003-04-16,4.370477199554443
2003-04-17,4.407203674316406
2003-04-21,4.497796058654785
2003-04-22,4.4622931480407715
2003-04-23,4.630014419555664
2003-04-24,4.585940361022949
2003-04-25,4.5418701171875
2003-04-28,4.5663533210754395
2003-04-29,4.5908379554748535
2003-04-30,4.556560516357422
2003-05-01,4.632940292358398
2003-05-02,4.708069324493408
2003-05-05,4.789459705352783
2003-05-06,4.822014331817627
2003-05-07,4.793215274810791
2003-05-08,4.783197402954102
2003-05-09,4.82076358795166
2003-05-12,4.840796947479248
2003-05-13,4.814499855041504
2003-05-14,4.82076358795166
2003-05-15,4.840796947479248
2003-05-16,4.895892143249512
2003-05-19,4.880868434906006
2003-05-20,4.878360748291016
2003-05-21,4.943473815917969
2003-05-22,5.033627033233643
2003-05-23,5.014843463897705
2003-05-27,4.994811058044434
2003-05-28,4.954741954803467
2003-05-29,4.7644171714782715
2003-05-30,4.909664154052734
2003-06-02,4.964762210845947
2003-06-03,4.992309093475342
2003-06-04,5.077451705932617
2003-06-05,5.092478275299072
2003-06-06,5.14130973815918
2003-06-09,5.12878942489624
2003-06-10,5.215188503265381
2003-06-11,5.304090976715088
2003-06-12,5.302839279174805
2003-06-13,5.227710723876953
2003-06-16,5.280304431915283
2003-06-17,5.223956108093262
2003-06-18,5.208928108215332
2003-06-19,5.227710723876953
2003-06-20,5.2214484214782715
2003-06-23,5.121277809143066
2003-06-24,5.202667236328125
2003-06-25,5.198909282684326
2003-06-26,5.252752304077148
2003-06-27,5.250251293182373
2003-06-30,5.302839279174805
2003-07-01,5.307847499847412
2003-07-02,5.384230136871338
2003-07-03,5.446834087371826
2003-07-07,5.499425411224365
2003-07-08,5.438070774078369
2003-07-09,5.459355354309082
2003-07-10,5.428053855895996
2003-07-11,5.471879959106445
2003-07-14,5.499425411224365
2003-07-15,5.471879959106445
2003-07-16,5.577060222625732
2003-07-17,5.4781389236450195
2003-07-18,5.534486293792725
2003-07-21,5.49692440032959
2003-07-22,5.446834087371826
2003-07-23,5.5069403648376465
2003-07-24,5.440574645996094
2003-07-25,5.459355354309082
2003-07-28,5.463114261627197
2003-07-29,5.528225898742676
2003-07-30,5.659700393676758
2003-07-31,5.590823173522949
2003-08-01,5.510459899902344
2003-08-04,5.440301895141602
2003-08-05,5.424995422363281
2003-08-06,5.408415794372559
2003-08-07,5.442853927612305
2003-08-08,5.386730194091797
2003-08-11,5.316572666168213
2003-08-12,5.344634532928467
2003-08-13,5.325501441955566
2003-08-14,5.390555381774902
2003-08-15,5.408415794372559
2003-08-18,5.389280319213867
2003-08-19,5.370150089263916
2003-08-20,5.328054428100586
2003-08-21,5.41478967666626
2003-08-22,5.362493991851807
2003-08-25,5.3548383712768555
2003-08-26,5.345910549163818
2003-08-27,5.389280319213867
2003-08-28,5.33570671081543
2003-08-29,5.363766670227051
2003-09-02,5.486222743988037
2003-09-03,5.580615997314453
2003-09-04,5.604851245880127
2003-09-05,5.553829669952393
2003-09-08,5.567859649658203
2003-09-09,5.534694671630859
2003-09-10,5.437750816345215
2003-09-11,5.468364715576172
2003-09-12,5.520663261413574
2003-09-15,5.629086494445801
2003-09-16,5.603579044342041
2003-09-17,5.574239730834961
2003-09-18,5.640566349029541
2003-09-19,5.728583812713623
2003-09-22,5.73623514175415
2003-09-23,5.788532257080078
2003-09-24,5.714547157287598
2003-09-25,5.788532257080078
2003-09-26,5.755367755889893
2003-09-29,5.816596984863281
2003-09-30,5.9569091796875
2003-10-01,5.955632209777832
2003-10-02,5.995175361633301
2003-10-03,6.062779426574707
2003-10-06,6.129108905792236
2003-10-07,6.099769115447998
2003-10-08,6.084462642669678
2003-10-09,6.1227335929870605
2003-10-10,6.1227335929870605
2003-10-13,6.111252307891846
2003-10-14,6.1189069747924805
2003-10-15,6.094667911529541
2003-10-16,6.094667911529541
2003-10-17,6.071712017059326
2003-10-20,6.078085899353027
2003-10-21,6.093395709991455
2003-10-22,6.078085899353027
2003-10-23,6.03981876373291
2003-10-24,5.982417583465576
2003-10-27,6.024515151977539
2003-10-28,6.0972208976745605
2003-10-29,6.125281810760498
2003-10-30,6.144414901733398
2003-10-31,6.052262783050537
2003-11-03,6.050963401794434
2003-11-04,6.100289344787598
2003-11-05,6.058755874633789
2003-11-06,6.0029449462890625
2003-11-07,6.039283752441406
2003-11-10,6.0224103927612305
2003-11-11,6.044473171234131
2003-11-12,6.145715236663818
2003-11-13,6.093797206878662
2003-11-14,6.109373092651367
2003-11-17,6.0743279457092285
2003-11-18,6.026304721832275
2003-11-19,6.0029449462890625
2003-11-20,5.892614841461182
2003-11-21,5.844593524932861
2003-11-24,5.905595779418945
2003-11-25,5.976984977722168
2003-11-26,6.054858207702637
2003-11-28,6.0795207023620605
2003-12-01,6.1846513748168945
2003-12-02,6.189845561981201
2003-12-03,6.0743279457092285
2003-12-04,6.152203559875488
2003-12-05,6.252145767211914
2003-12-08,6.301468372344971
2003-12-09,6.392322540283203
2003-12-10,6.317042827606201
2003-12-11,6.346894264221191
2003-12-12,6.346894264221191
2003-12-15,6.359873294830322
2003-12-16,6.411792755126953
2003-12-17,6.411792755126953
2003-12-18,6.411792755126953
2003-12-19,6.402703762054443
2003-12-22,6.5117292404174805
2003-12-23,6.487070560455322
2003-12-24,6.502645969390869
2003-12-26,6.54937219619751
2003-12-29,6.623354434967041
2003-12-30,6.653205871582031
2003-12-31,6.593501091003418
2004-01-02,6.567543983459473
2004-01-05,6.606479644775391
2004-01-06,6.707718849182129
2004-01-07,6.679163932800293
2004-01-08,6.6583967208862305
2004-01-09,6.749256610870361
2004-01-12,6.788192272186279
2004-01-13,6.866067886352539
2004-01-14,6.892025470733643
2004-01-15,6.834918975830078
2004-01-16,6.749256610870361
2004-01-20,6.715506553649902
2004-01-21,6.834918975830078
2004-01-22,7.0464768409729
2004-01-23,6.950431823730469
2004-01-26,7.0672478675842285
2004-01-27,7.261936664581299
2004-01-28,7.254150390625
2004-01-29,7.203530311584473
2004-01-30,7.298279762268066
2004-02-02,7.441229343414307
2004-02-03,7.377989292144775
2004-02-04,7.213303089141846
2004-02-05,7.279176712036133
2004-02-06,7.4965643882751465
2004-02-09,7.422783374786377
2004-02-10,7.4306864738464355
2004-02-11,7.47680139541626
2004-02-12,7.404339790344238
2004-02-13,7.401704788208008
2004-02-17,7.380626678466797
2004-02-18,7.279176712036133
2004-02-19,7.279176712036133
2004-02-20,7.285761833190918
2004-02-23,7.312113285064697
2004-02-24,7.354270935058594
2004-02-25,7.463622570037842
2004-02-26,7.383260726928711
2004-02-27,7.335826873779297
2004-03-01,7.470211505889893
2004-03-02,7.572973728179932
2004-03-03,7.665205478668213
2004-03-04,7.62567663192749
2004-03-05,7.588788032531738
2004-03-08,7.575612545013428
2004-03-09,7.56243896484375
2004-03-10,7.433322906494141
2004-03-11,7.225155830383301
2004-03-12,7.3674516677856445
2004-03-15,7.251507759094238
2004-03-16,7.256781101226807
2004-03-17,7.343735218048096
2004-03-18,7.4122443199157715
2004-03-19,7.401704788208008
2004-03-22,7.480751037597656
2004-03-23,7.549265384674072
2004-03-24,7.409607410430908
2004-03-25,7.4306864738464355
2004-03-26,7.385890960693359
2004-03-29,7.5571699142456055
2004-03-30,7.509736061096191
2004-03-31,7.4570441246032715
2004-04-01,7.536087512969971
2004-04-02,7.417510986328125
2004-04-05,6.874703407287598
2004-04-06,6.482088088989258
2004-04-07,6.7482218742370605
2004-04-08,6.619109153747559
2004-04-12,6.313449382781982
2004-04-13,6.165889739990234
2004-04-14,6.192242622375488
2004-04-15,6.4004058837890625
2004-04-16,6.542695045471191
2004-04-19,6.574313640594482
2004-04-20,6.242305755615234
2004-04-21,6.144811153411865
2004-04-22,6.329258441925049
2004-04-23,6.258116245269775
2004-04-26,6.321353912353516
2004-04-27,6.316082954406738
2004-04-28,6.310814380645752
2004-04-29,6.244939804077148
2004-04-30,6.297638893127441
2004-05-03,6.334530830383301
2004-05-04,6.401035308837891
2004-05-05,6.325949668884277
2004-05-06,6.216001510620117
2004-05-07,5.937114715576172
2004-05-10,5.813758373260498
2004-05-11,5.912975311279297
2004-05-12,5.8754353523254395
2004-05-13,5.845936298370361
2004-05-14,5.899570941925049
2004-05-17,5.902254104614258
2004-05-18,6.012198448181152
2004-05-19,5.899570941925049
2004-05-20,6.055106163024902
2004-05-21,5.971973419189453
2004-05-24,6.033649444580078
2004-05-25,6.207956790924072
2004-05-26,6.29645299911499
2004-05-27,6.342034816741943
2004-05-28,6.443940162658691
2004-06-01,6.293770790100098
2004-06-02,6.39567232131958
2004-06-03,6.3527655601501465
2004-06-04,6.309861660003662
2004-06-07,6.417122840881348
2004-06-08,6.3876237869262695
2004-06-09,6.350083351135254
2004-06-10,6.358128547668457
2004-06-14,6.226729869842529
2004-06-15,6.291088104248047
2004-06-16,6.392990589141846
2004-06-17,6.398349761962891
2004-06-18,6.454668998718262
2004-06-21,6.540482521057129
2004-06-22,6.449302673339844
2004-06-23,6.537797451019287
2004-06-24,6.516345977783203
2004-06-25,6.516345977783203
2004-06-28,6.510977745056152
2004-06-29,6.3876237869262695
2004-06-30,6.446622371673584
2004-07-01,6.484164714813232
2004-07-02,6.696011543273926
2004-07-06,6.661151885986328
2004-07-07,6.81400203704834
2004-07-08,6.7013773918151855
2004-07-09,6.717464923858643
2004-07-12,6.7845072746276855
2004-07-13,6.66383171081543
2004-07-14,6.7845072746276855
2004-07-15,6.851545810699463
2004-07-16,6.902498245239258
2004-07-19,6.918583393096924
2004-07-20,6.918583393096924
2004-07-21,6.851545810699463
2004-07-22,6.677238464355469
2004-07-23,6.637016773223877
2004-07-26,6.575338363647461
2004-07-27,6.628970623016357
2004-07-28,6.655790328979492
2004-07-29,6.6236066818237305
2004-07-30,6.693333625793457
2004-08-02,6.760968208312988
2004-08-03,6.6846022605896
2004-08-04,6.6655097007751465
2004-08-05,6.515511512756348
2004-08-06,6.540057182312012
2004-08-09,6.559150218963623
2004-08-10,6.630054950714111
2004-08-11,6.681875705718994
2004-08-12,6.608242034912109
2004-08-13,6.627328872680664
2004-08-16,6.736422538757324
2004-08-17,6.861878395080566
2004-08-18,6.90006160736084
2004-08-19,6.668242454528809
2004-08-20,6.867333889007568
2004-08-23,6.823693752288818
2004-08-24,6.965511322021484
2004-08-25,6.856424808502197
2004-08-26,6.927333831787109
2004-08-27,6.870057582855225
2004-08-30,6.886423587799072
2004-08-31,6.913697719573975
2004-09-01,6.883697032928467
2004-09-02,6.951879501342773
2004-09-03,6.995518684387207
2004-09-07,7.071882724761963
2004-09-08,7.0227861404418945
2004-09-09,6.981877326965332
2004-09-10,6.9982428550720215
2004-09-13,6.875516414642334
2004-09-14,6.8046040534973145
2004-09-15,6.919148921966553
2004-09-16,7.08278751373291
2004-09-17,7.000967502593994
2004-09-20,6.908243656158447
2004-09-21,6.9846062660217285
2004-09-22,6.968243598937988
2004-09-23,6.946422576904297
2004-09-24,6.960062503814697
2004-09-27,6.987335205078125
2004-09-28,7.06369686126709
2004-09-29,7.085517406463623
2004-09-30,7.09097146987915
2004-10-01,7.172789573669434
2004-10-04,7.194608211517334
2004-10-05,7.265517234802246
2004-10-06,7.287339210510254
2004-10-07,7.167335510253906
2004-10-08,7.265517234802246
2004-10-11,7.240973949432373
2004-10-12,7.328247547149658
2004-10-13,7.322788715362549
2004-10-14,7.478246212005615
2004-10-15,7.500061511993408
2004-10-18,7.58188533782959
2004-10-19,7.513700008392334
2004-10-20,7.418243408203125
2004-10-21,7.595521926879883
2004-10-22,7.579155445098877
2004-10-25,7.516429424285889
2004-10-26,7.86824893951416
2004-10-27,7.81097412109375
2004-10-28,7.7182464599609375
2004-10-29,7.590064525604248
2004-11-01,7.650069713592529
2004-11-02,7.562795639038086
2004-11-03,7.69915771484375
2004-11-04,7.717987060546875
2004-11-05,7.46329927444458
2004-11-08,7.438388347625732
2004-11-09,7.3747124671936035
2004-11-10,7.419005870819092
2004-11-11,7.468835830688477
2004-11-12,7.6377034187316895
2004-11-15,7.7428975105285645
2004-11-16,7.717987060546875
2004-11-17,7.499287128448486
2004-11-18,7.446689128875732
2004-11-19,7.247371673583984
2004-11-22,7.394094467163086
2004-11-23,7.424544334411621
2004-11-24,7.499287128448486
2004-11-26,7.446689128875732
2004-11-29,7.446689128875732
2004-11-30,7.427311897277832
2004-12-01,7.568495273590088
2004-12-02,7.529735565185547
2004-12-03,7.6736860275268555
2004-12-06,7.657078742980957
2004-12-07,7.507592678070068
2004-12-08,7.634932518005371
2004-12-09,7.662617206573486
2004-12-10,7.643237590789795
2004-12-13,7.598947525024414
2004-12-14,7.62662935256958
2004-12-15,7.643237590789795
2004-12-16,7.532506465911865
2004-12-17,7.643237590789795
2004-12-20,7.665388584136963
2004-12-21,7.781656742095947
2004-12-22,7.837017059326172
2004-12-23,7.726285934448242
2004-12-27,7.717987060546875
2004-12-28,7.709677696228027
2004-12-29,7.704141616821289
2004-12-30,7.70136833190918
2004-12-31,7.665388584136963
2005-01-03,7.598947525024414
2005-01-04,7.493750095367432
2005-01-05,7.2390618324279785
2005-01-06,7.297203540802002
2005-01-07,7.247371673583984
2005-01-10,7.200311660766602
2005-01-11,7.053595066070557
2005-01-12,7.000994682312012
2005-01-13,7.08681058883667
2005-01-14,7.167095184326172
2005-01-18,7.258443355560303
2005-01-19,7.272289276123047
2005-01-20,7.2390618324279785
2005-01-21,7.299971103668213
2005-01-24,7.250138282775879
2005-01-25,7.142177104949951
2005-01-26,7.150484561920166
2005-01-27,7.103422164916992
2005-01-28,7.064666748046875
2005-01-31,7.186469078063965
2005-02-01,7.225226879119873
2005-02-02,7.388553619384766
2005-02-03,7.312616348266602
2005-02-04,7.368868827819824
2005-02-07,7.312616348266602
2005-02-08,7.374490737915039
2005-02-09,7.368868827819824
2005-02-10,7.3801164627075195
2005-02-11,7.382931709289551
2005-02-14,7.388553619384766
2005-02-15,7.349179744720459
2005-02-16,7.312616348266602
2005-02-17,7.2507405281066895
2005-02-18,7.124176025390625
2005-02-22,6.949794769287109
2005-02-23,6.966672420501709
2005-02-24,6.901986598968506
2005-02-25,7.05948543548584
2005-02-28,7.087615489959717
2005-03-01,7.14667272567749
2005-03-02,7.011672496795654
2005-03-03,7.05948543548584
2005-03-04,7.17479944229126
2005-03-07,7.214177131652832
2005-03-08,7.0988664627075195
2005-03-09,6.8176093101501465
2005-03-10,6.9610514640808105
2005-03-11,6.803548812866211
2005-03-14,7.008862018585205
2005-03-15,6.8710455894470215
2005-03-16,6.775422096252441
2005-03-17,6.882298469543457
2005-03-18,6.795106887817383
2005-03-21,6.78666877746582
2005-03-22,6.654481887817383
2005-03-23,6.61510705947876
2005-03-24,6.595417022705078
2005-03-28,6.6657304763793945
2005-03-29,6.651668548583984
2005-03-30,6.702294826507568
2005-03-31,6.601038932800293
2005-04-01,6.699483871459961
2005-04-04,6.595417022705078
2005-04-05,6.609482765197754
2005-04-06,6.595417022705078
2005-04-07,6.691043853759766
2005-04-08,6.693857192993164
2005-04-11,6.730423450469971
2005-04-12,6.803548812866211
2005-04-13,6.795106887817383
2005-04-14,6.783860683441162
2005-04-15,6.775422096252441
2005-04-18,6.792296409606934
2005-04-19,6.8710455894470215
2005-04-20,6.840110778808594
2005-04-21,6.831672191619873
2005-04-22,6.930110931396484
2005-04-25,7.031363010406494
2005-04-26,7.051051616668701
2005-04-27,7.0988664627075195
2005-04-28,7.101678371429443
2005-04-29,7.21136474609375
2005-05-02,7.21136474609375
2005-05-03,7.134162425994873
2005-05-04,7.174195766448975
2005-05-05,7.25139856338501
2005-05-06,7.177052021026611
2005-05-09,7.302865505218506
2005-05-10,7.3543314933776855
2005-05-11,7.468709945678711
2005-05-12,7.41152286529541
2005-05-13,7.405804634094238
2005-05-16,7.505880832672119
2005-05-17,7.5087432861328125
2005-05-18,7.703182220458984
2005-05-19,7.6860246658325195
2005-05-20,7.766084671020508
2005-05-23,7.731772422790527
2005-05-24,7.654571056365967
2005-05-25,7.517321586608887
2005-05-26,7.548771858215332
2005-05-27,7.651711940765381
2005-05-31,7.77466344833374
2005-06-01,8.129227638244629
2005-06-02,7.80897855758667
2005-06-03,7.748928070068359
2005-06-06,7.70603609085083
2005-06-07,7.748928070068359
2005-06-08,7.76322603225708
2005-06-09,7.748928070068359
2005-06-10,7.720335483551025
2005-06-13,7.806117057800293
2005-06-14,7.849009990692139
2005-06-15,7.83757209777832
2005-06-16,7.80897855758667
2005-06-17,7.9490861892700195
2005-06-20,7.8347086906433105
2005-06-21,7.79182243347168
2005-06-22,7.794680118560791
2005-06-23,7.720335483551025
2005-06-24,7.611677646636963
2005-06-27,7.605963706970215
2005-06-28,7.631693363189697
2005-06-29,7.703182220458984
2005-06-30,7.731772422790527
2005-07-01,7.78610372543335
2005-07-05,7.877601623535156
2005-07-06,7.783240795135498
2005-07-07,7.877601623535156
2005-07-08,7.960521697998047
2005-07-11,8.089198112487793
2005-07-12,8.114931106567383
2005-07-13,8.097776412963867
2005-07-14,7.877601623535156
2005-07-15,7.914771556854248
2005-07-18,7.914771556854248
2005-07-19,8.020572662353516
2005-07-20,8.103493690490723
2005-07-21,7.863305568695068
2005-07-22,7.943370819091797
2005-07-25,7.966244697570801
2005-07-26,8.000555992126465
2005-07-27,8.003416061401367
2005-07-28,8.052026748657227
2005-07-29,7.966244697570801
2005-08-01,8.029145240783691
2005-08-02,8.172117233276367
2005-08-03,8.200712203979492
2005-08-04,8.052718162536621
2005-08-05,7.756726264953613
2005-08-08,7.367874622344971
2005-08-09,7.420105934143066
2005-08-10,7.454928398132324
2005-08-11,7.501358985900879
2005-08-12,7.527477264404297
2005-08-15,7.594217777252197
2005-08-16,7.623237133026123
2005-08-17,7.562301158905029
2005-08-18,7.617434978485107
2005-08-19,7.460732936859131
2005-08-22,7.5245771408081055
2005-08-23,7.568101406097412
2005-08-24,7.669666290283203
2005-08-25,7.748022079467773
2005-08-26,7.608725070953369
2005-08-29,7.640649318695068
2005-08-30,7.666766166687012
2005-08-31,7.88440465927124
2005-09-01,7.97146463394165
2005-09-02,7.922130107879639
2005-09-06,8.067229270935059
2005-09-07,7.95405387878418
2005-09-08,7.991774559020996
2005-09-09,7.922130107879639
2005-09-12,7.98016881942749
2005-09-13,7.922130107879639
2005-09-14,7.965661525726318
2005-09-15,7.97146463394165
2005-09-16,7.942442893981934
2005-09-19,7.803161144256592
2005-09-20,7.7973527908325195
2005-09-21,7.626141548156738
2005-09-22,7.745121479034424
2005-09-23,7.721902847290039
2005-09-26,7.721902847290039
2005-09-27,7.649355888366699
2005-09-28,7.597121715545654
2005-09-29,7.730610370635986
2005-09-30,7.832172870635986
2005-10-03,7.835075855255127
2005-10-04,7.707389831542969
2005-10-05,7.66096305847168
2005-10-06,7.611633777618408
2005-10-07,7.623237133026123
2005-10-10,7.393992900848389
2005-10-11,7.286619663238525
2005-10-12,7.182157039642334
2005-10-13,7.092196941375732
2005-10-14,7.335953712463379
2005-10-17,7.324347019195557
2005-10-18,7.251799583435059
2005-10-19,7.388188362121582
2005-10-20,7.298227310180664
2005-10-21,7.417208194732666
2005-10-24,7.4723405838012695
2005-10-25,7.446224212646484
2005-10-26,7.367874622344971
2005-10-27,7.185054779052734
2005-10-28,7.3707733154296875
2005-10-31,7.385286808013916
2005-11-01,7.289525032043457
2005-11-02,7.483949661254883
2005-11-03,7.436751365661621
2005-11-04,7.439699172973633
2005-11-07,7.619645118713379
2005-11-08,7.581297397613525
2005-11-09,7.634395599365234
2005-11-10,7.784839630126953
2005-11-11,7.885140419006348
2005-11-14,7.805488586425781
2005-11-15,7.787789344787598
2005-11-16,7.719937801361084
2005-11-17,7.74943733215332
2005-11-18,7.770087242126465
2005-11-21,7.852686405181885
2005-11-22,7.873339653015137
2005-11-23,7.920541763305664
2005-11-25,7.952981948852539
2005-11-28,7.8910369873046875
2005-11-29,7.858589172363281
2005-11-30,7.74943733215332
2005-12-01,7.820240497589111
2005-12-02,7.817289352416992
2005-12-05,7.808436870574951
2005-12-06,7.74943733215332
2005-12-07,7.737642765045166
2005-12-08,7.805488586425781
2005-12-09,7.74943733215332
2005-12-12,7.805488586425781
2005-12-13,7.834988117218018
2005-12-14,7.8821868896484375
2005-12-15,7.787789344787598
2005-12-16,7.817289352416992
2005-12-19,7.7612409591674805
2005-12-20,7.660946846008301
2005-12-21,7.7110915184021
2005-12-22,7.714041233062744
2005-12-23,7.705191612243652
2005-12-27,7.657993793487549
2005-12-28,7.666837692260742
2005-12-29,7.619645118713379
2005-12-30,7.5399980545043945
2006-01-03,7.637343406677246
2006-01-04,7.699295520782471
2006-01-05,7.7789387702941895
2006-01-06,7.964788436889648
2006-01-09,8.079833030700684
2006-01-10,8.100481033325195
2006-01-11,8.135878562927246
2006-01-12,8.124078750610352
2006-01-13,7.938235759735107
2006-01-17,7.970686912536621
2006-01-18,7.964788436889648
2006-01-19,8.138832092285156
2006-01-20,7.938235759735107
2006-01-23,8.003134727478027
2006-01-24,8.124078750610352
2006-01-25,8.109333992004395
2006-01-26,8.09753131866455
2006-01-27,8.22732925415039
2006-01-30,8.24207592010498
2006-01-31,8.186031341552734
2006-02-01,8.088680267333984
2006-02-02,8.076884269714355
2006-02-03,7.997232437133789
2006-02-06,8.020833015441895
2006-02-07,7.994284629821777
2006-02-08,7.973637580871582
2006-02-09,7.987121105194092
2006-02-10,7.978128433227539
2006-02-13,8.023087501525879
2006-02-14,8.133975982666016
2006-02-15,8.184927940368652
2006-02-16,8.20290470123291
2006-02-17,8.322790145874023
2006-02-21,8.295816421508789
2006-02-22,8.430682182312012
2006-02-23,8.307806015014648
2006-02-24,8.247865676879883
2006-02-27,8.250860214233398
2006-02-28,8.232880592346191
2006-03-01,8.286825180053711
2006-03-02,8.241868019104004
2006-03-03,8.142966270446777
2006-03-06,8.3048095703125
2006-03-07,8.196916580200195
2006-03-08,8.196916580200195
2006-03-09,8.36175537109375
2006-03-10,8.44866943359375
2006-03-13,8.39771842956543
2006-03-14,8.436677932739258
2006-03-15,8.523592948913574
2006-03-16,8.544571876525879
2006-03-17,8.634478569030762
2006-03-20,8.58952522277832
2006-03-21,8.424688339233398
2006-03-22,8.436677932739258
2006-03-23,8.442673683166504
2006-03-24,8.391722679138184
2006-03-27,8.388729095458984
2006-03-28,8.421693801879883
2006-03-29,8.532585144042969
2006-03-30,8.352763175964355
2006-03-31,8.511600494384766
2006-04-03,8.337777137756348
2006-04-04,8.29281997680664
2006-04-05,8.337777137756348
2006-04-06,8.31679916381836
2006-04-07,8.235877990722656
2006-04-10,8.157951354980469
2006-04-11,8.098014831542969
2006-04-12,8.187923431396484
2006-04-13,8.050060272216797
2006-04-17,8.047067642211914
2006-04-18,8.232880592346191
2006-04-19,8.31679916381836
2006-04-20,8.31679916381836
2006-04-21,8.29881477355957
2006-04-24,8.25385570526123
2006-04-25,8.163947105407715
2006-04-26,8.092020034790039
2006-04-27,8.190918922424316
2006-04-28,8.21789264678955
2006-05-01,8.047067642211914
2006-05-02,7.843259334564209
2006-05-03,7.837267875671387
2006-05-04,7.939327239990234
2006-05-05,8.08861255645752
2006-05-08,8.289679527282715
2006-05-09,8.213521003723145
2006-05-10,8.13126277923584
2006-05-11,7.921048164367676
2006-05-12,7.78395414352417
2006-05-15,7.8966755867004395
2006-05-16,7.863168239593506
2006-05-17,7.729116439819336
2006-05-18,7.844886779785156
2006-05-19,7.860119819641113
2006-05-22,7.890584468841553
2006-05-23,7.796139717102051
2006-05-24,7.78395414352417
2006-05-25,7.960653305053711
2006-05-26,8.0093994140625
2006-05-30,7.936281681060791
2006-05-31,7.966741561889648
2006-06-01,8.012446403503418
2006-06-02,8.073379516601562
2006-06-05,8.134310722351074
2006-06-06,7.957606792449951
2006-06-07,8.01854133605957
2006-06-08,8.036819458007812
2006-06-09,8.055099487304688
2006-06-12,7.997214317321777
2006-06-13,7.936281681060791
2006-06-14,7.866211891174316
2006-06-15,7.921048164367676
2006-06-16,7.95151948928833
2006-06-19,7.838794708251953
2006-06-20,7.838794708251953
2006-06-21,7.978935241699219
2006-06-22,7.890584468841553
2006-06-23,7.829656600952148
2006-06-26,7.960653305053711
2006-06-27,7.847931385040283
2006-06-28,7.924093723297119
2006-06-29,8.128217697143555
2006-06-30,8.14649486541748
2006-07-03,8.2561674118042
2006-07-05,8.225706100463867
2006-07-06,8.134310722351074
2006-07-07,8.128217697143555
2006-07-10,8.271401405334473
2006-07-11,8.161726951599121
2006-07-12,8.195239067077637
2006-07-13,8.119072914123535
2006-07-14,8.042914390563965
2006-07-17,8.070334434509277
2006-07-18,8.094703674316406
2006-07-19,8.332334518432617
2006-07-20,8.192194938659668
2006-07-21,8.100796699523926
2006-07-24,8.271401405334473
2006-07-25,8.286641120910645
2006-07-26,8.271401405334473
2006-07-27,8.271401405334473
2006-07-28,8.353659629821777
2006-07-31,8.353659629821777
2006-08-01,8.2561674118042
2006-08-02,8.259217262268066
2006-08-03,8.316473007202148
2006-08-04,8.536226272583008
2006-08-07,8.635269165039062
2006-08-08,8.573366165161133
2006-08-09,8.619792938232422
2006-08-10,8.697168350219727
2006-08-11,8.666221618652344
2006-08-14,8.768356323242188
2006-08-15,8.845734596252441
2006-08-16,8.892158508300781
2006-08-17,8.904537200927734
2006-08-18,8.780733108520508
2006-08-21,8.89835262298584
2006-08-22,8.944779396057129
2006-08-23,8.882877349853516
2006-08-24,8.935493469238281
2006-08-25,8.889065742492676
2006-08-28,9.05929183959961
2006-08-29,9.189287185668945
2006-08-30,9.24499797821045
2006-08-31,9.313089370727539
2006-09-01,9.251191139221191
2006-09-05,9.37808895111084
2006-09-06,9.316186904907227
2006-09-07,9.28833293914795
2006-09-08,9.368800163269043
2006-09-11,9.362611770629883
2006-09-12,9.436890602111816
2006-09-13,9.409037590026855
2006-09-14,9.393561363220215
2006-09-15,9.44308090209961
2006-09-18,9.41832447052002
2006-09-19,9.492606163024902
2006-09-20,9.371898651123047
2006-09-21,9.254283905029297
2006-09-22,9.374993324279785
2006-09-25,9.393561363220215
2006-09-26,9.43998908996582
2006-09-27,9.573073387145996
2006-09-28,9.566889762878418
2006-09-29,9.610218048095703
2006-10-02,9.597843170166016
2006-10-03,9.607123374938965
2006-10-04,9.721644401550293
2006-10-05,9.87949275970459
2006-10-06,9.792832374572754
2006-10-09,10.105433464050293
2006-10-10,9.990917205810547
2006-10-11,9.99400806427002
2006-10-12,10.071388244628906
2006-10-13,10.068292617797852
2006-10-16,10.130193710327148
2006-10-17,10.071388244628906
2006-10-18,10.096146583557129
2006-10-19,9.826874732971191
2006-10-20,9.76497745513916
2006-10-23,9.808307647705078
2006-10-24,9.76497745513916
2006-10-25,9.752596855163574
2006-10-26,9.823780059814453
2006-10-27,9.746408462524414
2006-10-30,9.650455474853516
2006-10-31,9.718544006347656
2006-11-01,9.61971378326416
2006-11-02,9.597750663757324
2006-11-03,9.52558708190918
2006-11-06,9.444013595581055
2006-11-07,10.008769989013672
2006-11-08,10.008769989013672
2006-11-09,10.118584632873535
2006-11-10,10.040143966674805
2006-11-13,10.093486785888672
2006-11-14,10.149962425231934
2006-11-15,10.134273529052734
2006-11-16,10.20329761505127
2006-11-17,10.250360488891602
2006-11-20,10.542152404785156
2006-11-21,10.680203437805176
2006-11-22,10.865321159362793
2006-11-24,10.96258544921875
2006-11-27,10.871591567993164
2006-11-28,10.840218544006348
2006-11-29,11.138291358947754
2006-11-30,11.379878044128418
2006-12-01,11.426945686340332
2006-12-04,11.480276107788086
2006-12-05,11.571267127990723
2006-12-06,11.442625999450684
2006-12-07,11.401838302612305
2006-12-08,11.34850025177002
2006-12-11,11.3955659866333
2006-12-12,11.292023658752441
2006-12-13,11.295162200927734
2006-12-14,11.292023658752441
2006-12-15,11.317127227783203
2006-12-18,11.216729164123535
2006-12-19,11.219860076904297
2006-12-20,11.383013725280762
2006-12-21,11.288884162902832
2006-12-22,11.201037406921387
2006-12-26,11.216729164123535
2006-12-27,11.342229843139648
2006-12-28,11.38929271697998
2006-12-29,11.552438735961914
2007-01-03,11.57754135131836
2007-01-04,11.762657165527344
2007-01-05,11.765793800354004
2007-01-08,11.957182884216309
2007-01-09,12.019941329956055
2007-01-10,12.339970588684082
2007-01-11,12.339970588684082
2007-01-12,12.355656623840332
2007-01-16,12.361929893493652
2007-01-17,12.142300605773926
2007-01-18,12.19564151763916
2007-01-19,12.264665603637695
2007-01-22,12.261529922485352
2007-01-23,12.32114028930664
2007-01-24,12.29918384552002
2007-01-25,12.427820205688477
2007-01-26,12.462328910827637
2007-01-29,12.638031005859375
2007-01-30,12.807463645935059
2007-01-31,12.942377090454102
2007-02-01,13.074007987976074
2007-02-02,13.03911304473877
2007-02-05,13.058141708374023
2007-02-06,13.08351993560791
2007-02-07,13.283341407775879
2007-02-08,13.162817001342773
2007-02-09,12.972503662109375
2007-02-12,12.668021202087402
2007-02-13,12.779026985168457
2007-02-14,12.633129119873047
2007-02-15,12.528465270996094
2007-02-16,12.503085136413574
2007-02-20,12.696561813354492
2007-02-21,12.525289535522461
2007-02-22,12.319125175476074
2007-02-23,12.093923568725586
2007-02-26,11.963884353637695
2007-02-27,11.583272933959961
2007-02-28,11.640364646911621
2007-03-01,11.60230541229248
2007-03-02,11.583272933959961
2007-03-05,11.113852500915527
2007-03-06,11.63719654083252
2007-03-07,11.564241409301758
2007-03-08,11.88776683807373
2007-03-09,12.001944541931152
2007-03-12,12.138338088989258
2007-03-13,11.67208480834961
2007-03-14,11.519842147827148
2007-03-15,11.656225204467773
2007-03-16,11.55156135559082
2007-03-19,11.646703720092773
2007-03-20,11.60230541229248
2007-03-21,11.687945365905762
2007-03-22,11.611823081970215
2007-03-23,11.649883270263672
2007-03-26,11.57692813873291
2007-03-27,11.380280494689941
2007-03-28,11.323192596435547
2007-03-29,11.27243709564209
2007-03-30,11.42785358428955
2007-04-02,11.567414283752441
2007-04-03,11.57692813873291
2007-04-04,11.570591926574707
2007-04-05,11.497634887695312
2007-04-09,11.583272933959961
2007-04-10,11.67208480834961
2007-04-11,11.627681732177734
2007-04-12,11.48177719116211
2007-04-13,11.5166654586792
2007-04-16,11.60230541229248
2007-04-17,11.691115379333496
2007-04-18,11.745035171508789
2007-04-19,11.665739059448242
2007-04-20,11.57692813873291
2007-04-23,11.668909072875977
2007-04-24,11.50080680847168
2007-04-25,11.402483940124512
2007-04-26,11.399314880371094
2007-04-27,11.415172576904297
2007-04-30,11.224868774414062
2007-05-01,11.056766510009766
2007-05-02,11.14874267578125
2007-05-03,11.201744079589844
2007-05-04,11.041131019592285
2007-05-07,11.009002685546875
2007-05-08,11.07967758178711
2007-05-09,11.070042610168457
2007-05-10,10.803400039672852
2007-05-11,10.890141487121582
2007-05-14,10.687760353088379
2007-05-15,10.572108268737793
2007-05-16,10.302267074584961
2007-05-17,10.18983268737793
2007-05-18,10.119156837463379
2007-05-21,10.083822250366211
2007-05-22,10.218748092651367
2007-05-23,10.083822250366211
2007-05-24,10.006725311279297
2007-05-25,10.02278995513916
2007-05-29,10.292633056640625
2007-05-30,10.597810745239258
2007-05-31,10.495012283325195
2007-06-01,10.41148853302002
2007-06-04,10.360091209411621
2007-06-05,10.135224342346191
2007-06-06,10.164135932922363
2007-06-07,9.81076431274414
2007-06-08,9.801128387451172
2007-06-11,9.65014362335205
2007-06-12,9.499163627624512
2007-06-13,9.637295722961426
2007-06-14,9.460611343383789
2007-06-15,9.563410758972168
2007-06-18,9.303205490112305
2007-06-19,9.31605052947998
2007-06-20,9.184343338012695
2007-06-21,9.299989700317383
2007-06-22,9.251801490783691
2007-06-25,9.16185188293457
2007-06-26,9.120092391967773
2007-06-27,9.396361351013184
2007-06-28,9.422059059143066
2007-06-29,9.293563842773438
2007-07-02,9.54092025756836
2007-07-03,9.646932601928711
2007-07-05,9.781855583190918
2007-07-06,9.907136917114258
2007-07-09,9.894291877746582
2007-07-10,9.675843238830566
2007-07-11,9.556987762451172
2007-07-12,9.672628402709961
2007-07-13,9.8075532913208
2007-07-16,9.643717765808105
2007-07-17,9.576260566711426
2007-07-18,9.585897445678711
2007-07-19,9.589110374450684
2007-07-20,9.40278434753418
2007-07-23,9.084756851196289
2007-07-24,8.81812572479248
2007-07-25,8.670352935791016
2007-07-26,8.4872465133667
2007-07-27,8.275223731994629
2007-07-30,8.426207542419434
2007-07-31,8.750664710998535
2007-08-01,8.663930892944336
2007-08-02,8.789681434631348
2007-08-03,8.44018268585205
2007-08-06,8.6622953414917
2007-08-07,8.962796211242676
2007-08-08,9.456013679504395
2007-08-09,9.1685791015625
2007-08-10,9.11631965637207
2007-08-13,8.763550758361816
2007-08-14,8.590435028076172
2007-08-15,8.574103355407715
2007-08-16,8.574103355407715
2007-08-17,9.129380226135254
2007-08-20,9.305760383605957
2007-08-21,9.217565536499023
2007-08-22,9.48867416381836
2007-08-23,9.586665153503418
2007-08-24,9.557265281677246
2007-08-27,9.534404754638672
2007-08-28,9.171839714050293
2007-08-29,9.54419994354248
2007-08-30,9.77610969543457
2007-08-31,9.936161041259766
2007-09-04,10.0308837890625
2007-09-05,9.942695617675781
2007-09-06,9.936161041259766
2007-09-07,9.785911560058594
2007-09-10,9.740182876586914
2007-09-11,10.190939903259277
2007-09-12,10.207270622253418
2007-09-13,10.465307235717773
2007-09-14,10.853998184204102
2007-09-17,10.798469543457031
2007-09-18,11.066306114196777
2007-09-19,10.778875350952148
2007-09-20,10.55675983428955
2007-09-21,10.615561485290527
2007-09-24,10.850735664367676
2007-09-25,10.729878425598145
2007-09-26,10.690682411193848
2007-09-27,10.75600814819336
2007-09-28,10.834399223327637
2007-10-01,11.177366256713867
2007-10-02,11.428871154785156
2007-10-03,11.076107025146484
2007-10-04,11.131638526916504
2007-10-05,11.357012748718262
2007-10-08,11.353743553161621
2007-10-09,11.366816520690918
2007-10-10,11.347211837768555
2007-10-11,11.350479125976562
2007-10-12,11.314546585083008
2007-10-15,11.095705032348633
2007-10-16,10.916056632995605
2007-10-17,10.935654640197754
2007-10-18,10.814801216125488
2007-10-19,10.386909484863281
2007-10-22,10.703749656677246
2007-10-23,10.958524703979492
2007-10-24,10.899726867675781
2007-10-25,11.017313003540039
2007-10-26,11.154500961303711
2007-10-29,11.174098014831543
2007-10-30,11.040175437927246
2007-10-31,11.118570327758789
2007-11-01,10.574141502380371
2007-11-02,10.319305419921875
2007-11-05,10.246495246887207
2007-11-06,10.441764831542969
2007-11-07,10.12734603881836
2007-11-08,10.286211013793945
2007-11-09,10.226633071899414
2007-11-12,10.395429611206055
2007-11-13,10.9613676071167
2007-11-14,10.822365760803223
2007-11-15,10.617165565490723
2007-11-16,10.74954605102539
2007-11-19,10.272970199584961
2007-11-20,10.074397087097168
2007-11-21,10.349091529846191
2007-11-23,10.574141502380371
2007-11-26,10.176992416381836
2007-11-27,10.392110824584961
2007-11-28,10.994465827941895
2007-11-29,10.92165470123291
2007-11-30,11.070582389831543
2007-12-03,10.875310897827148
2007-12-04,10.454997062683105
2007-12-05,10.8422212600708
2007-12-06,11.384994506835938
2007-12-07,11.40153694152832
2007-12-10,11.629903793334961
2007-12-11,10.95805549621582
2007-12-12,10.875310897827148
2007-12-13,10.756172180175781
2007-12-14,10.431828498840332
2007-12-17,9.965176582336426
2007-12-18,9.862576484680176
2007-12-19,10.226633071899414
2007-12-20,10.521190643310547
2007-12-21,10.660197257995605
2007-12-24,11.351898193359375
2007-12-26,11.358518600463867
2007-12-27,11.318799018859863
2007-12-28,11.361827850341797
2007-12-31,11.51075267791748
2008-01-02,11.384994506835938
2008-01-03,10.792574882507324
2008-01-04,10.206778526306152
2008-01-07,10.190232276916504
2008-01-08,9.829483985900879
2008-01-09,9.935393333435059
2008-01-10,10.332547187805176
2008-01-11,10.345782279968262
2008-01-14,10.441764831542969
2008-01-15,10.233256340026855
2008-01-16,10.282896995544434
2008-01-17,10.12734603881836
2008-01-18,9.981727600097656
2008-01-22,10.322611808776855
2008-01-23,11.179797172546387
2008-01-24,10.809126853942871
2008-01-25,10.574141502380371
2008-01-28,10.706531524658203
2008-01-29,10.292828559875488
2008-01-30,10.031373023986816
2008-01-31,10.051229476928711
2008-02-01,10.458307266235352
2008-02-04,10.213395118713379
2008-02-05,9.778393745422363
2008-02-06,9.795188903808594
2008-02-07,10.2352294921875
2008-02-08,10.114301681518555
2008-02-11,9.8556489944458
2008-02-12,9.707847595214844
2008-02-13,9.912755966186523
2008-02-14,9.728009223937988
2008-02-15,9.956426620483398
2008-02-19,9.704492568969727
2008-02-20,10.013531684875488
2008-02-21,9.593642234802246
2008-02-22,9.862372398376465
2008-02-25,9.96985912322998
2008-02-26,9.909398078918457
2008-02-27,9.828775405883789
2008-02-28,9.818702697753906
2008-02-29,9.801905632019043
2008-03-03,9.875804901123047
2008-03-04,9.81198787689209
2008-03-05,9.717933654785156
2008-03-06,9.281243324279785
2008-03-07,9.388731956481934
2008-03-10,9.30475902557373
2008-03-11,9.959784507751465
2008-03-12,9.8556489944458
2008-03-13,9.764952659606934
2008-03-14,10.050479888916016
2008-03-17,10.117663383483887
2008-03-18,10.574503898620605
2008-03-19,10.356158256530762
2008-03-20,10.661839485168457
2008-03-24,11.12204647064209
2008-03-25,11.192581176757812
2008-03-26,11.421001434326172
2008-03-27,11.437793731689453
2008-03-28,11.024624824523926
2008-03-31,11.357176780700684
2008-04-01,11.612470626831055
2008-04-02,11.763632774353027
2008-04-03,12.076031684875488
2008-04-04,12.149927139282227
2008-04-07,12.045798301696777
2008-04-08,11.93494701385498
2008-04-09,11.837533950805664
2008-04-10,12.123055458068848
2008-04-11,11.99205207824707
2008-04-14,11.884554862976074
2008-04-15,11.99205207824707
2008-04-16,12.479125022888184
2008-04-17,12.68738842010498
2008-04-18,12.475761413574219
2008-04-21,12.33803939819336
2008-04-22,12.277570724487305
2008-04-23,12.432095527648926
2008-04-24,12.848626136779785
2008-04-25,12.882217407226562
2008-04-28,12.882217407226562
2008-04-29,12.344758033752441
2008-04-30,11.99205207824707
2008-05-01,12.18088436126709
2008-05-02,12.14686107635498
2008-05-05,12.095827102661133
2008-05-06,12.123048782348633
2008-05-07,11.677322387695312
2008-05-08,11.718148231506348
2008-05-09,11.731758117675781
2008-05-12,11.986945152282715
2008-05-13,11.94611644744873
2008-05-14,11.986945152282715
2008-05-15,12.17067813873291
2008-05-16,11.806612968444824
2008-05-19,12.024375915527344
2008-05-20,11.745376586914062
2008-05-21,11.408522605895996
2008-05-22,11.398322105407715
2008-05-23,11.483380317687988
2008-05-27,11.653505325317383
2008-05-28,11.724956512451172
2008-05-29,11.769183158874512
2008-05-30,11.65690803527832
2008-06-02,11.568440437316895
2008-06-03,11.646695137023926
2008-06-04,11.619483947753906
2008-06-05,11.959729194641113
2008-06-06,11.48678207397461
2008-06-09,11.231598854064941
2008-06-10,11.374503135681152
2008-06-11,11.1703519821167
2008-06-12,11.391510963439941
2008-06-13,11.690930366516113
2008-06-16,11.735161781311035
2008-06-17,11.248608589172363
2008-06-18,11.054670333862305
2008-06-19,11.371099472045898
2008-06-20,11.13292121887207
2008-06-23,10.932182312011719
2008-06-24,10.966202735900879
2008-06-25,11.119316101074219
2008-06-26,10.80968952178955
2008-06-27,10.724625587463379
2008-06-30,10.823304176330566
2008-07-01,10.860726356506348
2008-07-02,10.81989574432373
2008-07-03,10.714424133300781
2008-07-07,10.544297218322754
2008-07-08,11.16014289855957
2008-07-09,10.374167442321777
2008-07-10,10.673590660095215
2008-07-11,10.921969413757324
2008-07-14,10.595333099365234
2008-07-15,10.700810432434082
2008-07-16,11.55142879486084
2008-07-17,11.874669075012207
2008-07-18,11.973335266113281
2008-07-21,11.93591022491455
2008-07-22,12.177484512329102
2008-07-23,12.310184478759766
2008-07-24,11.483380317687988
2008-07-25,11.752176284790039
2008-07-28,11.531014442443848
2008-07-29,12.116240501403809
2008-07-30,12.221720695495605
2008-07-31,12.272754669189453
2008-08-01,12.225122451782227
2008-08-04,12.133252143859863
2008-08-05,12.527939796447754
2008-08-06,11.762385368347168
2008-08-07,11.771001815795898
2008-08-08,12.426093101501465
2008-08-11,12.674341201782227
2008-08-12,12.053728103637695
2008-08-13,11.995116233825684
2008-08-14,12.25025463104248
2008-08-15,12.19163990020752
2008-08-18,12.133028030395508
2008-08-19,11.884781837463379
2008-08-20,12.022690773010254
2008-08-21,11.802032470703125
2008-08-22,12.226118087768555
2008-08-25,11.753766059875488
2008-08-26,12.015800476074219
2008-08-27,12.174402236938477
2008-08-28,12.570903778076172
2008-08-29,12.488161087036133
2008-09-02,12.453678131103516
2008-09-03,12.408855438232422
2008-09-04,11.908920288085938
2008-09-05,11.826171875
2008-09-08,12.11923599243164
2008-09-09,11.667569160461426
2008-09-10,11.819272994995117
2008-09-11,12.05717658996582
2008-09-12,12.160613059997559
2008-09-15,11.557234764099121
2008-09-16,12.346796035766602
2008-09-17,11.812376976013184
2008-09-18,14.222433090209961
2008-09-19,13.836274147033691
2008-09-22,12.519190788269043
2008-09-23,12.488161087036133
2008-09-24,12.526083946228027
2008-09-25,12.88811206817627
2008-09-26,13.608713150024414
2008-09-29,12.812256813049316
2008-09-30,13.836274147033691
2008-10-01,13.443217277526855
2008-10-02,13.10187816619873
2008-10-03,12.281283378601074
2008-10-06,11.636541366577148
2008-10-07,10.867664337158203
2008-10-08,10.447026252746582
2008-10-09,9.6229829788208
2008-10-10,11.150391578674316
2008-10-13,11.571022987365723
2008-10-14,11.133145332336426
2008-10-15,9.774685859680176
2008-10-16,10.488397598266602
2008-10-17,10.395303726196289
2008-10-20,10.771121978759766
2008-10-21,10.674583435058594
2008-10-22,9.829853057861328
2008-10-23,10.178092002868652
2008-10-24,9.405766487121582
2008-10-27,9.01960563659668
2008-10-28,10.333244323730469
2008-10-29,10.126371383666992
2008-10-30,10.322896957397461
2008-10-31,10.316006660461426
2008-11-03,9.498860359191895
2008-11-04,10.343587875366211
2008-11-05,9.22303295135498
2008-11-06,8.621495246887207
2008-11-07,9.45979118347168
2008-11-10,8.842469215393066
2008-11-11,8.067304611206055
2008-11-12,7.432445526123047
2008-11-13,8.460147857666016
2008-11-14,7.569235324859619
2008-11-17,7.3026628494262695
2008-11-18,6.986984729766846
2008-11-19,6.173239231109619
2008-11-20,5.541885852813721
2008-11-21,5.9277143478393555
2008-11-24,7.278112888336182
2008-11-25,7.372815132141113
2008-11-26,7.558710098266602
2008-11-28,7.250049591064453
2008-12-01,6.092568874359131
2008-12-02,6.762506008148193
2008-12-03,6.955417633056641
2008-12-04,6.545038223266602
2008-12-05,7.621851921081543
2008-12-08,8.653060913085938
2008-12-09,7.867374897003174
2008-12-10,8.78283977508545
2008-12-11,7.33072566986084
2008-12-12,7.948048114776611
2008-12-15,7.688492298126221
2008-12-16,9.165156364440918
2008-12-17,9.635168075561523
2008-12-18,8.502235412597656
2008-12-19,9.182694435119629
2008-12-22,8.83896255493164
2008-12-23,8.94067668914795
2008-12-24,9.116055488586426
2008-12-26,9.2774019241333
2008-12-29,8.94067668914795
2008-12-30,9.358075141906738
2008-12-31,9.740395545959473
2009-01-02,9.210756301879883
2009-01-05,8.97224235534668
2009-01-06,9.021347999572754
2009-01-07,8.716192245483398
2009-01-08,8.484696388244629
2009-01-09,7.884913921356201
2009-01-12,7.621851921081543
2009-01-13,7.9305100440979
2009-01-14,7.597293853759766
2009-01-15,7.96207857131958
2009-01-16,8.162006378173828
2009-01-20,7.260570049285889
2009-01-21,8.144469261169434
2009-01-22,7.8989434242248535
2009-01-23,7.944537162780762
2009-01-26,7.944537162780762
2009-01-27,8.221638679504395
2009-01-28,9.172172546386719
2009-01-29,8.55134105682373
2009-01-30,8.186561584472656
2009-02-02,8.239171981811523
2009-02-03,8.537314414978027
2009-02-04,8.453126907348633
2009-02-05,8.220706939697266
2009-02-06,8.928711891174316
2009-02-09,9.107498168945312
2009-02-10,8.002584457397461
2009-02-11,8.045494079589844
2009-02-12,7.705792427062988
2009-02-13,7.176578998565674
2009-02-17,6.804697036743164
2009-02-18,6.908395290374756
2009-02-19,6.490033149719238
2009-02-20,7.208763122558594
2009-02-23,6.6616692543029785
2009-02-24,7.358946323394775
2009-02-25,7.2480974197387695
2009-02-26,6.747486114501953
2009-02-27,6.532939434051514
2009-03-02,6.0966949462890625
2009-03-03,6.121726989746094
2009-03-04,6.2611823081970215
2009-03-05,5.778450012207031
2009-03-06,5.749846458435059
2009-03-09,5.882148265838623
2009-03-10,6.693849086761475
2009-03-11,6.5114827156066895
2009-03-12,7.094336986541748
2009-03-13,6.708153247833252
2009-03-16,6.211119651794434
2009-03-17,6.690275192260742
2009-03-18,7.019245624542236
2009-03-19,6.672394275665283
2009-03-20,6.053788185119629
2009-03-23,7.194457530975342
2009-03-24,6.575849533081055
2009-03-25,6.575849533081055
2009-03-26,6.504333972930908
2009-03-27,6.207542896270752
2009-03-30,5.8857221603393555
2009-03-31,6.382758617401123
2009-04-01,6.178937911987305
2009-04-02,6.647365093231201
2009-04-03,7.212339401245117
2009-04-06,7.2480974197387695
2009-04-07,6.536515235900879
2009-04-08,6.604456424713135
2009-04-09,7.569913864135742
2009-04-13,7.598521709442139
2009-04-14,6.89051628112793
2009-04-15,7.619973182678223
2009-04-16,7.881008625030518
2009-04-17,7.7916154861450195
2009-04-20,6.904821872711182
2009-04-21,7.484095573425293
2009-04-22,7.108640193939209
2009-04-23,7.60924768447876
2009-04-24,7.881008625030518
2009-04-27,7.634277820587158
2009-04-28,7.881008625030518
2009-04-29,8.238585472106934
2009-04-30,7.8488240242004395
2009-05-01,7.655251502990723
2009-05-04,8.429543495178223
2009-05-05,7.9949188232421875
2009-05-06,8.1264009475708
2009-05-07,7.764822483062744
2009-05-08,8.393020629882812
2009-05-11,7.940135955810547
2009-05-12,8.013178825378418
2009-05-13,7.669863224029541
2009-05-14,7.874391078948975
2009-05-15,7.523768901824951
2009-05-18,8.235973358154297
2009-05-19,8.024136543273926
2009-05-20,7.819605827331543
2009-05-21,7.874391078948975
2009-05-22,7.71734094619751
2009-05-26,8.235973358154297
2009-05-27,7.8342132568359375
2009-05-28,8.141008377075195
2009-05-29,8.48432731628418
2009-06-01,8.59024429321289
2009-06-02,8.338237762451172
2009-06-03,8.414935111999512
2009-06-04,8.758252143859863
2009-06-05,8.57198429107666
2009-06-08,8.677898406982422
2009-06-09,8.666945457458496
2009-06-10,8.473371505737305
2009-06-11,8.279800415039062
2009-06-12,8.550069808959961
2009-06-15,7.885350704193115
2009-06-16,7.830564498901367
2009-06-17,7.604119300842285
2009-06-18,7.633337497711182
2009-06-19,7.578553676605225
2009-06-22,7.206017971038818
2009-06-23,7.282715320587158
2009-06-24,7.534727096557617
2009-06-25,7.662553787231445
2009-06-26,7.706384658813477
2009-06-29,7.699082374572754
2009-06-30,7.739260673522949
2009-07-01,7.914565086364746
2009-07-02,7.454373359680176
2009-07-06,7.8488240242004395
2009-07-07,7.618727207183838
2009-07-08,7.571249008178711
2009-07-09,7.384981155395508
2009-07-10,7.439766883850098
2009-07-13,7.808648586273193
2009-07-14,7.907266616821289
2009-07-15,8.166576385498047
2009-07-16,8.235973358154297
2009-07-17,8.049703598022461
2009-07-20,8.378414154052734
2009-07-21,8.371108055114746
2009-07-22,8.371108055114746
2009-07-23,8.754598617553711
2009-07-24,8.915300369262695
2009-07-27,9.02121639251709
2009-07-28,9.097917556762695
2009-07-29,8.973739624023438
2009-07-30,9.590980529785156
2009-07-31,9.408366203308105
2009-08-03,9.5836763381958
2009-08-04,9.829030990600586
2009-08-05,9.81415843963623
2009-08-06,9.858768463134766
2009-08-07,10.438695907592773
2009-08-10,10.289999961853027
2009-08-11,10.25654125213623
2009-08-12,10.457284927368164
2009-08-13,10.47959041595459
2009-08-14,10.602266311645508
2009-08-17,9.962857246398926
2009-08-18,10.044642448425293
2009-08-19,9.988885879516602
2009-08-20,10.327171325683594
2009-08-21,10.579961776733398
2009-08-24,10.390371322631836
2009-08-25,10.550223350524902
2009-08-26,10.561378479003906
2009-08-27,10.873639106750488
2009-08-28,10.851338386535645
2009-08-31,10.587393760681152
2009-09-01,9.858768463134766
2009-09-02,9.71006965637207
2009-09-03,9.895943641662598
2009-09-04,9.903382301330566
2009-09-08,10.316017150878906
2009-09-09,10.539064407348633
2009-09-10,10.546501159667969
2009-09-11,10.431262016296387
2009-09-14,10.706352233886719
2009-09-15,10.877363204956055
2009-09-16,10.992599487304688
2009-09-17,10.955427169799805
2009-09-18,11.171039581298828
2009-09-21,11.018621444702148
2009-09-22,11.33460807800293
2009-09-23,10.851338386535645
2009-09-24,10.613419532775879
2009-09-25,10.5836820602417
2009-09-28,10.981451988220215
2009-09-29,10.784423828125
2009-09-30,10.684053421020508
2009-10-01,10.289999961853027
2009-10-02,10.122714042663574
2009-10-05,10.353194236755371
2009-10-06,10.360629081726074
2009-10-07,10.36806583404541
2009-10-08,10.650590896606445
2009-10-09,10.90338134765625
2009-10-12,10.884795188903809
2009-10-13,10.895947456359863
2009-10-14,11.390377044677734
2009-10-15,11.423830032348633
2009-10-16,11.200780868530273
2009-10-19,11.44985294342041
2009-10-20,11.185909271240234
2009-10-21,10.988883972167969
2009-10-22,11.208216667175293
2009-10-23,11.137579917907715
2009-10-26,11.197065353393555
2009-10-27,11.148736000061035
2009-10-28,10.691488265991211
2009-10-29,11.263980865478516
2009-10-30,11.000032424926758
2009-11-02,11.141298294067383
2009-11-03,11.033493995666504
2009-11-04,10.55765438079834
2009-11-05,10.735255241394043
2009-11-06,10.485860824584961
2009-11-09,10.901516914367676
2009-11-10,10.799493789672852
2009-11-11,11.045109748840332
2009-11-12,10.856169700622559
2009-11-13,11.011099815368652
2009-11-16,11.188694953918457
2009-11-17,11.154687881469727
2009-11-18,11.34740924835205
2009-11-19,11.249157905578613
2009-11-20,11.34740924835205
2009-11-23,11.513664245605469
2009-11-24,11.5098876953125
2009-11-25,11.54767894744873
2009-11-27,11.234039306640625
2009-11-30,11.827296257019043
2009-12-01,11.940661430358887
2009-12-02,12.03134822845459
2009-12-03,12.208943367004395
2009-12-04,12.409214973449707
2009-12-07,12.099364280700684
2009-12-08,11.989777565002441
2009-12-09,11.925545692443848
2009-12-10,11.846190452575684
2009-12-11,11.891534805297852
2009-12-14,12.023783683776855
2009-12-15,11.800847053527832
2009-12-16,11.808403968811035
2009-12-17,11.645919799804688
2009-12-18,11.611907958984375
2009-12-21,11.713939666748047
2009-12-22,11.78573226928711
2009-12-23,11.865081787109375
2009-12-24,12.023783683776855
2009-12-28,12.004892349243164
2009-12-29,11.770614624023438
2009-12-30,11.812182426452637
2009-12-31,11.54011058807373
2010-01-04,11.362518310546875
2010-01-05,11.332287788391113
2010-01-06,11.264266967773438
2010-01-07,11.419197082519531
2010-01-08,11.494773864746094
2010-01-11,11.623246192932129
2010-01-12,11.426753997802734
2010-01-13,11.513664245605469
2010-01-14,11.47965145111084
2010-01-15,11.468324661254883
2010-01-19,11.823519706726074
2010-01-20,11.608135223388672
2010-01-21,11.264266967773438
2010-01-22,11.090448379516602
2010-01-25,11.094230651855469
2010-01-26,10.761707305908203
2010-01-27,10.852396011352539
2010-01-28,10.7957124710083
2010-01-29,10.712579727172852
2010-02-01,10.931750297546387
2010-02-02,11.184920310974121
2010-02-03,11.045109748840332
2010-02-04,10.49341869354248
2010-02-05,10.59166145324707
2010-02-08,10.30826473236084
2010-02-09,10.402449607849121
2010-02-10,10.602348327636719
2010-02-11,10.779178619384766
2010-02-12,10.586967468261719
2010-02-16,11.125162124633789
2010-02-17,11.26355266571045
2010-02-18,11.440382957458496
2010-02-19,11.486512184143066
2010-02-22,11.367342948913574
2010-02-23,11.148224830627441
2010-02-24,11.294306755065918
2010-02-25,11.152070999145508
2010-02-26,11.063655853271484
2010-03-01,11.163601875305176
2010-03-02,11.2443265914917
2010-03-03,11.24048900604248
2010-03-04,11.375031471252441
2010-03-05,11.686417579650879
2010-03-08,11.74023151397705
2010-03-09,11.751763343811035
2010-03-10,11.955513000488281
2010-03-11,12.174626350402832
2010-03-12,12.35146713256836
2010-03-15,12.35146713256836
2010-03-16,12.689757347106934
2010-03-17,12.99344539642334
2010-03-18,12.878121376037598
2010-03-19,12.72819709777832
2010-03-22,13.062643051147461
2010-03-23,13.004973411560059
2010-03-24,13.024203300476074
2010-03-25,12.905031204223633
2010-03-26,12.828145980834961
2010-03-29,12.735885620117188
2010-03-30,12.739731788635254
2010-03-31,12.6859130859375
2010-04-01,12.670531272888184
2010-04-05,12.793549537658691
2010-04-06,12.920412063598633
2010-04-07,12.535980224609375
2010-04-08,12.593650817871094
2010-04-09,12.785857200622559
2010-04-12,12.647470474243164
2010-04-13,12.716663360595703
2010-04-14,12.532139778137207
2010-04-15,12.174626350402832
2010-04-16,11.98241901397705
2010-04-19,12.09005355834961
2010-04-20,12.259204864501953
2010-04-21,12.386063575744629
2010-04-22,12.601335525512695
2010-04-23,12.720507621765137
2010-04-26,12.939630508422852
2010-04-27,12.366842269897461
2010-04-28,12.405274391174316
2010-04-29,12.828474998474121
2010-04-30,12.528141021728516
2010-05-03,12.949394226074219
2010-05-04,12.563250541687012
2010-05-05,12.403338432312012
2010-05-06,12.056195259094238
2010-05-07,12.099102973937988
2010-05-10,13.152209281921387
2010-05-11,13.167808532714844
2010-05-12,13.25362777709961
2010-05-13,13.054705619812012
2010-05-14,12.711462020874023
2010-05-17,12.727066993713379
2010-05-18,12.422830581665039
2010-05-19,12.340925216674805
2010-05-20,11.705154418945312
2010-05-21,12.106901168823242
2010-05-24,11.911879539489746
2010-05-25,12.024989128112793
2010-05-26,11.98598861694336
2010-05-27,12.664661407470703
2010-05-28,12.426740646362305
2010-06-01,12.227814674377441
2010-06-02,12.602254867553711
2010-06-03,12.403338432312012
2010-06-04,11.771462440490723
2010-06-07,11.75976276397705
2010-06-08,12.114704132080078
2010-06-09,12.063997268676758
2010-06-10,12.660762786865234
2010-06-11,12.812875747680664
2010-06-14,13.04300308227539
2010-06-15,13.397936820983887
2010-06-16,13.335530281066895
2010-06-17,13.397936820983887
2010-06-18,12.762171745300293
2010-06-21,12.676359176635742
2010-06-22,12.500845909118652
2010-06-23,12.641257286071777
2010-06-24,12.49694538116455
2010-06-25,12.773877143859863
2010-06-28,12.672457695007324
2010-06-29,12.578852653503418
2010-06-30,12.578852653503418
2010-07-01,12.532052993774414
2010-07-02,12.383827209472656
2010-07-06,12.255115509033203
2010-07-07,12.808975219726562
2010-07-08,12.805071830749512
2010-07-09,13.070306777954102
2010-07-12,13.085901260375977
2010-07-13,13.390141487121582
2010-07-14,13.378436088562012
2010-07-15,13.331634521484375
2010-07-16,13.05080509185791
2010-07-19,13.300426483154297
2010-07-20,13.530552864074707
2010-07-21,13.160013198852539
2010-07-22,13.635863304138184
2010-07-23,13.702170372009277
2010-07-26,14.018110275268555
2010-07-27,13.87769603729248
2010-07-28,13.768475532531738
2010-07-29,13.768475532531738
2010-07-30,13.834787368774414
2010-08-02,14.349642753601074
2010-08-03,14.088306427001953
2010-08-04,14.220926284790039
2010-08-05,13.930542945861816
2010-08-06,13.946346282958984
2010-08-09,14.07276439666748
2010-08-10,13.914740562438965
2010-08-11,13.744853019714355
2010-08-12,13.590768814086914
2010-08-13,13.634228706359863
2010-08-16,13.646088600158691
2010-08-17,13.906838417053223
2010-08-18,13.768563270568848
2010-08-19,13.49990177154541
2010-08-20,13.50780200958252
2010-08-23,13.468300819396973
2010-08-24,13.36162281036377
2010-08-25,13.60657787322998
2010-08-26,13.555219650268555
2010-08-27,13.871278762817383
2010-08-30,13.96610164642334
2010-08-31,13.914740562438965
2010-09-01,14.408583641052246
2010-09-02,14.51526165008545
2010-09-03,14.736504554748535
2010-09-07,14.412540435791016
2010-09-08,14.51526165008545
2010-09-09,14.337477684020996
2010-09-10,14.400689125061035
2010-09-13,14.594281196594238
2010-09-14,14.562676429748535
2010-09-15,14.645638465881348
2010-09-16,14.50736141204834
2010-09-17,14.661438941955566
2010-09-20,15.001213073730469
2010-09-21,14.554770469665527
2010-09-22,14.408583641052246
2010-09-23,14.0332670211792
2010-09-24,14.483651161193848
2010-09-27,14.274260520935059
2010-09-28,14.309818267822266
2010-09-29,14.199198722839355
2010-09-30,14.215002059936523
2010-10-01,14.163637161254883
2010-10-04,14.124127388000488
2010-10-05,14.313775062561035
2010-10-06,14.392786979675293
2010-10-07,14.341425895690918
2010-10-08,14.341425895690918
2010-10-11,14.274260520935059
2010-10-12,14.361185073852539
2010-10-13,14.50736141204834
2010-10-14,14.357232093811035
2010-10-15,14.337477684020996
2010-10-18,14.554770469665527
2010-10-19,14.483651161193848
2010-10-20,14.720699310302734
2010-10-21,14.68910026550293
2010-10-22,14.369081497192383
2010-10-25,14.65749740600586
2010-10-26,14.57452392578125
2010-10-27,14.250557899475098
2010-10-28,14.203147888183594
2010-10-29,14.226847648620605
2010-11-01,14.353285789489746
2010-11-02,14.499460220336914
2010-11-03,14.222902297973633
2010-11-04,14.529092788696289
2010-11-05,14.565116882324219
2010-11-08,14.421030044555664
2010-11-09,13.644543647766113
2010-11-10,13.868682861328125
2010-11-11,13.664552688598633
2010-11-12,13.516458511352539
2010-11-15,13.280311584472656
2010-11-16,12.848043441772461
2010-11-17,12.97612190246582
2010-11-18,13.060172080993652
2010-11-19,13.032157897949219
2010-11-22,13.080187797546387
2010-11-23,12.912080764770508
2010-11-24,13.18025016784668
2010-11-26,13.104198455810547
2010-11-29,13.156232833862305
2010-11-30,13.18025016784668
2010-12-01,13.17225456237793
2010-12-02,13.492450714111328
2010-12-03,13.440414428710938
2010-12-06,13.416396141052246
2010-12-07,13.50845718383789
2010-12-08,13.156232833862305
2010-12-09,12.948103904724121
2010-12-10,12.952103614807129
2010-12-13,13.016148567199707
2010-12-14,13.192255020141602
2010-12-15,13.624526023864746
2010-12-16,13.688565254211426
2010-12-17,13.904705047607422
2010-12-20,14.064800262451172
2010-12-21,14.248921394348145
2010-12-22,14.409019470214844
2010-12-23,14.40101432800293
2010-12-27,14.693199157714844
2010-12-28,14.75723648071289
2010-12-29,14.661173820495605
2010-12-30,14.733221054077148
2010-12-31,14.725215911865234
2011-01-03,14.965370178222656
2011-01-04,14.881321907043457
2011-01-05,14.909335136413574
2011-01-06,14.681192398071289
2011-01-07,14.601140022277832
2011-01-10,14.489073753356934
2011-01-11,14.565116882324219
2011-01-12,14.433032035827637
2011-01-13,14.557109832763672
2011-01-14,14.501082420349121
2011-01-18,14.497072219848633
2011-01-19,14.389005661010742
2011-01-20,14.46104907989502
2011-01-21,14.381002426147461
2011-01-24,14.429034233093262
2011-01-25,14.609142303466797
2011-01-26,14.605141639709473
2011-01-27,14.793258666992188
2011-01-28,14.62915325164795
2011-01-31,14.845293045043945
2011-02-01,14.889321327209473
2011-02-02,14.825281143188477
2011-02-03,14.933340072631836
2011-02-04,14.717207908630371
2011-02-07,14.813272476196289
2011-02-08,14.934920310974121
2011-02-09,14.86193561553955
2011-02-10,14.890317916870117
2011-02-11,14.955201148986816
2011-02-14,15.097123146057129
2011-02-15,15.21472454071045
2011-02-16,15.190391540527344
2011-02-17,14.95114803314209
2011-02-18,15.080904006958008
2011-02-22,14.902484893798828
2011-02-23,14.91870403289795
2011-02-24,14.84976863861084
2011-02-25,15.020082473754883
2011-02-28,15.409368515014648
2011-03-01,14.809213638305664
2011-03-02,14.776773452758789
2011-03-03,15.056578636169434
2011-03-04,14.979536056518555
2011-03-07,14.886260032653809
2011-03-08,15.1863431930542
2011-03-09,15.275551795959473
2011-03-10,15.10523796081543
2011-03-11,15.417486190795898
2011-03-14,15.30393123626709
2011-03-15,15.235004425048828
2011-03-16,14.886260032653809
2011-03-17,15.028197288513184
2011-03-18,15.348546981811523
2011-03-21,15.247159004211426
2011-03-22,15.036300659179688
2011-03-23,14.943035125732422
2011-03-24,14.91870403289795
2011-03-25,14.89437484741211
2011-03-28,14.938977241516113
2011-03-29,15.007911682128906
2011-03-30,15.328267097473145
2011-03-31,15.385042190551758
2011-04-01,15.299888610839844
2011-04-04,15.328267097473145
2011-04-05,15.299888610839844
2011-04-06,15.230952262878418
2011-04-07,15.125511169433594
2011-04-08,15.076855659484863
2011-04-11,15.020082473754883
2011-04-12,14.98358154296875
2011-04-13,14.910593032836914
2011-04-14,15.206612586975098
2011-04-15,15.421530723571777
2011-04-18,15.255274772644043
2011-04-19,15.36070728302002
2011-04-20,15.506695747375488
2011-04-21,15.648627281188965
2011-04-25,15.818940162658691
2011-04-26,16.01358413696289
2011-04-27,16.228500366210938
2011-04-28,16.463701248168945
2011-04-29,16.06629180908203
2011-05-02,16.123065948486328
2011-05-03,15.83920955657959
2011-05-04,15.681060791015625
2011-05-05,15.652318954467773
2011-05-06,15.496283531188965
2011-05-09,15.405956268310547
2011-05-10,15.533246994018555
2011-05-11,15.319725036621094
2011-05-12,15.451126098632812
2011-05-13,15.110318183898926
2011-05-16,15.114425659179688
2011-05-17,15.176013946533203
2011-05-18,15.233500480651855
2011-05-19,15.262240409851074
2011-05-20,15.176013946533203
2011-05-23,15.044622421264648
2011-05-24,15.134963989257812
2011-05-25,15.085684776306152
2011-05-26,15.233500480651855
2011-05-27,15.282771110534668
2011-05-31,15.578409194946289
2011-06-01,15.134963989257812
2011-06-02,15.110318183898926
2011-06-03,15.143170356750488
2011-06-06,14.929651260375977
2011-06-07,14.958395004272461
2011-06-08,14.974813461303711
2011-06-09,14.79004192352295
2011-06-10,14.383546829223633
2011-06-13,14.621699333190918
2011-06-14,14.933760643005371
2011-06-15,14.75719928741455
2011-06-16,15.065154075622559
2011-06-17,15.229395866394043
2011-06-20,15.483966827392578
2011-06-21,15.541457176208496
2011-06-22,15.463436126708984
2011-06-23,14.999454498291016
2011-06-24,15.007665634155273
2011-06-27,15.04051399230957
2011-06-28,15.065154075622559
2011-06-29,15.163694381713867
2011-06-30,15.065154075622559
2011-07-01,15.286872863769531
2011-07-05,15.397738456726074
2011-07-06,15.471653938293457
2011-07-07,15.648210525512695
2011-07-08,15.685173988342285
2011-07-11,15.336151123046875
2011-07-12,15.451126098632812
2011-07-13,15.405956268310547
2011-07-14,15.20886516571045
2011-07-15,15.381316184997559
2011-07-18,15.262240409851074
2011-07-19,15.397738456726074
2011-07-20,15.459330558776855
2011-07-21,15.525030136108398
2011-07-22,15.566089630126953
2011-07-25,15.311514854431152
2011-07-26,15.405956268310547
2011-07-27,15.032304763793945
2011-07-28,15.048730850219727
2011-07-29,15.081575393676758
2011-08-01,14.223411560058594
2011-08-02,14.153600692749023
2011-08-03,14.149497985839844
2011-08-04,13.508234977722168
2011-08-05,13.329178810119629
2011-08-08,11.980024337768555
2011-08-09,13.47492504119873
2011-08-10,13.091825485229492
2011-08-11,13.54987621307373
2011-08-12,13.808051109313965
2011-08-15,14.503446578979492
2011-08-16,14.34521770477295
2011-08-17,14.449310302734375
2011-08-18,13.91214656829834
2011-08-19,13.837193489074707
2011-08-22,13.978775024414062
2011-08-23,14.411834716796875
2011-08-24,14.744963645935059
2011-08-25,14.574235916137695
2011-08-26,14.886541366577148
2011-08-29,15.294618606567383
2011-08-30,15.365409851074219
2011-08-31,15.523646354675293
2011-09-01,15.115567207336426
2011-09-02,14.79909896850586
2011-09-06,14.77410888671875
2011-09-07,15.473673820495605
2011-09-08,15.019783973693848
2011-09-09,14.549249649047852
2011-09-12,14.753286361694336
2011-09-13,14.77410888671875
2011-09-14,14.940672874450684
2011-09-15,15.298784255981445
2011-09-16,15.581937789916992
2011-09-19,15.377897262573242
2011-09-20,15.636070251464844
2011-09-21,14.77410888671875
2011-09-22,14.570074081420898
2011-09-23,14.636697769165039
2011-09-26,14.948996543884277
2011-09-27,14.982314109802246
2011-09-28,14.515942573547363
2011-09-29,14.986474990844727
2011-09-30,14.59921646118164
2011-10-03,14.087041854858398
2011-10-04,14.511781692504883
2011-10-05,14.582559585571289
2011-10-06,14.899032592773438
2011-10-07,14.66168212890625
2011-10-10,15.473673820495605
2011-10-11,15.157204627990723
2011-10-12,15.19051456451416
2011-10-13,14.886541366577148
2011-10-14,15.169696807861328
2011-10-17,14.874053001403809
2011-10-18,15.344589233398438
2011-10-19,15.19051456451416
2011-10-20,15.377897262573242
2011-10-21,15.810959815979004
2011-10-24,15.981689453125
2011-10-25,15.727676391601562
2011-10-26,15.865094184875488
2011-10-27,16.518844604492188
2011-10-28,16.73538589477539
2011-10-31,16.593812942504883
2011-11-01,16.123262405395508
2011-11-02,16.323144912719727
2011-11-03,16.64352798461914
2011-11-04,16.023832321166992
2011-11-07,16.116580963134766
2011-11-08,16.344223022460938
2011-11-09,15.80882740020752
2011-11-10,15.897356033325195
2011-11-11,16.38216209411621
2011-11-14,16.032257080078125
2011-11-15,16.112356185913086
2011-11-16,16.04490852355957
2011-11-17,15.758246421813965
2011-11-18,15.90157413482666
2011-11-21,15.480006217956543
2011-11-22,15.517948150634766
2011-11-23,15.146968841552734
2011-11-25,15.214415550231934
2011-11-28,15.534810066223145
2011-11-29,15.496870994567871
2011-11-30,16.29363441467285
2011-12-01,16.0533390045166
2011-12-02,15.88891887664795
2011-12-05,15.931078910827637
2011-12-06,16.01961326599121
2011-12-07,16.217756271362305
2011-12-08,16.011184692382812
2011-12-09,16.361082077026367
2011-12-12,16.13343048095703
2011-12-13,16.12079429626465
2011-12-14,16.26833724975586
2011-12-15,16.399032592773438
2011-12-16,16.445402145385742
2011-12-19,16.272554397583008
2011-12-20,16.727846145629883
2011-12-21,16.883834838867188
2011-12-22,17.187360763549805
2011-12-23,17.360206604003906
2011-12-27,17.56255531311035
2011-12-28,17.45294952392578
2011-12-29,17.604711532592773
2011-12-30,17.465593338012695
2012-01-03,17.65529441833496
2012-01-04,17.014507293701172
2012-01-05,17.052452087402344
2012-01-06,17.006086349487305
2012-01-09,17.0313777923584
2012-01-10,17.326475143432617
2012-01-11,17.32225799560547
2012-01-12,17.2042236328125
2012-01-13,17.3306941986084
2012-01-17,17.520401000976562
2012-01-18,17.554126739501953
2012-01-19,17.44451904296875
2012-01-20,17.221084594726562
2012-01-23,17.36863136291504
2012-01-24,17.28010368347168
2012-01-25,17.431867599487305
2012-01-26,17.71854019165039
2012-01-27,17.672164916992188
2012-01-30,17.554126739501953
2012-01-31,17.71854019165039
2012-02-01,17.739614486694336
2012-02-02,17.586027145385742
2012-02-03,17.807872772216797
2012-02-06,17.778011322021484
2012-02-07,18.08092498779297
2012-02-08,18.132118225097656
2012-02-09,17.876144409179688
2012-02-10,17.65428924560547
2012-02-13,17.790807723999023
2012-02-14,17.487892150878906
2012-02-15,17.120990753173828
2012-02-16,17.09538459777832
2012-02-17,17.227651596069336
2012-02-21,16.771150588989258
2012-02-22,16.634624481201172
2012-02-23,16.90340232849121
2012-02-24,16.67301368713379
2012-02-27,16.843673706054688
2012-02-28,16.839405059814453
2012-02-29,16.85220718383789
2012-03-01,16.97166633605957
2012-03-02,16.907672882080078
2012-03-05,16.890596389770508
2012-03-06,16.7071533203125
2012-03-07,16.822338104248047
2012-03-08,16.660215377807617
2012-03-09,16.65168571472168
2012-03-12,17.014326095581055
2012-03-13,17.41963768005371
2012-03-14,17.312976837158203
2012-03-15,17.20205307006836
2012-03-16,17.15511703491211
2012-03-19,17.347105026245117
2012-03-20,17.274580001831055
2012-03-21,17.253244400024414
2012-03-22,16.85220718383789
2012-03-23,16.865005493164062
2012-03-26,16.933265686035156
2012-03-27,17.02286148071289
2012-03-28,16.988733291625977
2012-03-29,16.87779426574707
2012-03-30,16.83513832092285
2012-04-02,16.975936889648438
2012-04-03,16.762619018554688
2012-04-04,16.566360473632812
2012-04-05,16.476762771606445
2012-04-09,16.35730743408203
2012-04-10,16.156782150268555
2012-04-11,16.42556381225586
2012-04-12,16.67301368713379
2012-04-13,16.609025955200195
2012-04-16,16.779680252075195
2012-04-17,16.886337280273438
2012-04-18,16.749820709228516
2012-04-19,16.66875457763672
2012-04-20,16.894865036010742
2012-04-23,16.843673706054688
2012-04-24,17.082590103149414
2012-04-25,17.385507583618164
2012-04-26,17.645755767822266
2012-04-27,17.632949829101562
2012-04-30,17.684146881103516
2012-05-01,17.705482482910156
2012-05-02,17.69268035888672
2012-05-03,17.60630989074707
2012-05-04,17.580408096313477
2012-05-07,17.766096115112305
2012-05-08,17.66677474975586
2012-05-09,17.722902297973633
2012-05-10,17.86110496520996
2012-05-11,17.895641326904297
2012-05-14,17.817914962768555
2012-05-15,17.774730682373047
2012-05-16,17.649490356445312
2012-05-17,17.424943923950195
2012-05-18,17.27379608154297
2012-05-21,17.563125610351562
2012-05-22,17.62790298461914
2012-05-23,17.649490356445312
2012-05-24,17.835187911987305
2012-05-25,17.697002410888672
2012-05-29,17.895641326904297
2012-05-30,17.519941329956055
2012-05-31,17.636545181274414
2012-06-01,17.105371475219727
2012-06-04,16.98013687133789
2012-06-05,17.30834197998047
2012-06-06,17.722902297973633
2012-06-07,17.593366622924805
2012-06-08,18.012245178222656
2012-06-11,17.645179748535156
2012-06-12,17.800649642944336
2012-06-13,17.84814453125
2012-06-14,18.374996185302734
2012-06-15,18.517505645751953
2012-06-18,18.837074279785156
2012-06-19,18.39226722717285
2012-06-20,18.46569061279297
2012-06-21,18.323177337646484
2012-06-22,18.331809997558594
2012-06-25,18.379323959350586
2012-06-26,18.409547805786133
2012-06-27,18.504547119140625
2012-06-28,18.698884963989258
2012-06-29,19.06595802307129
2012-07-02,19.238683700561523
2012-07-03,19.2818660736084
2012-07-05,19.040037155151367
2012-07-06,19.17823028564453
2012-07-09,19.247329711914062
2012-07-10,18.927766799926758
2012-07-11,19.11345100402832
2012-07-12,19.32505226135254
2012-07-13,19.605756759643555
2012-07-16,19.614395141601562
2012-07-17,19.882137298583984
2012-07-18,19.88646125793457
2012-07-19,19.705087661743164
2012-07-20,19.515066146850586
2012-07-23,19.64893913269043
2012-07-24,19.769861221313477
2012-07-25,19.89509391784668
2012-07-26,20.054872512817383
2012-07-27,20.370126724243164
2012-07-30,20.35716438293457
2012-07-31,20.38740348815918
2012-08-01,20.270797729492188
2012-08-02,20.209688186645508
2012-08-03,20.266433715820312
2012-08-06,20.200958251953125
2012-08-07,19.88231658935547
2012-08-08,19.860490798950195
2012-08-09,19.891050338745117
2012-08-10,19.838666915893555
2012-08-13,19.821208953857422
2012-08-14,19.816844940185547
2012-08-15,19.773195266723633
2012-08-16,19.76882553100586
2012-08-17,19.637887954711914
2012-08-20,19.729551315307617
2012-08-21,19.76446533203125
2012-08-22,19.77756118774414
2012-08-23,19.38035011291504
2012-08-24,19.568042755126953
2012-08-27,19.64224624633789
2012-08-28,19.751365661621094
2012-08-29,19.720808029174805
2012-08-30,19.9172420501709
2012-08-31,20.01763153076172
2012-09-04,20.209688186645508
2012-09-05,20.262069702148438
2012-09-06,20.528331756591797
2012-09-07,20.35809326171875
2012-09-10,20.200958251953125
2012-09-11,20.397382736206055
2012-09-12,20.39301109313965
2012-09-13,20.51523208618164
2012-09-14,20.262069702148438
2012-09-17,20.25333595275879
2012-09-18,19.773195266723633
2012-09-19,19.716453552246094
2012-09-20,19.672800064086914
2012-09-21,19.611696243286133
2012-09-24,19.61605453491211
2012-09-25,19.30177879333496
2012-09-26,19.349794387817383
2012-09-27,19.41526985168457
2012-09-28,19.41526985168457
2012-10-01,19.35852813720703
2012-10-02,19.598596572875977
2012-10-03,19.77756118774414
2012-10-04,19.755725860595703
2012-10-05,19.86485481262207
2012-10-08,19.829940795898438
2012-10-09,19.829940795898438
2012-10-10,19.860490798950195
2012-10-11,19.76009178161621
2012-10-12,19.720808029174805
2012-10-15,19.869220733642578
2012-10-16,20.043827056884766
2012-10-17,19.506927490234375
2012-10-18,19.829940795898438
2012-10-19,19.67716407775879
2012-10-22,19.60296058654785
2012-10-23,19.46327781677246
2012-10-24,19.554941177368164
2012-10-25,19.332334518432617
2012-10-26,19.21446990966797
2012-10-31,19.35852813720703
2012-11-01,19.16868782043457
2012-11-02,19.376182556152344
2012-11-05,19.199596405029297
2012-11-06,19.415912628173828
2012-11-07,19.570430755615234
2012-11-08,19.411497116088867
2012-11-09,19.490970611572266
2012-11-12,19.58367347717285
2012-11-13,19.755844116210938
2012-11-14,19.36294174194336
2012-11-15,19.327617645263672
2012-11-16,19.671968460083008
2012-11-19,19.994239807128906
2012-11-20,20.144346237182617
2012-11-21,20.029558181762695
2012-11-23,20.17082405090332
2012-11-26,20.21497344970703
2012-11-27,19.910358428955078
2012-11-28,19.85297393798828
2012-11-29,19.85297393798828
2012-11-30,19.888282775878906
2012-12-03,19.85297393798828
2012-12-04,19.86621856689453
2012-12-05,19.786746978759766
2012-12-06,19.883869171142578
2012-12-07,20.029558181762695
2012-12-10,20.029558181762695
2012-12-11,20.042800903320312
2012-12-12,19.958913803100586
2012-12-13,19.64105987548828
2012-12-14,19.508623123168945
2012-12-17,19.48654556274414
2012-12-18,19.738183975219727
2012-12-19,19.64989471435547
2012-12-20,19.86621856689453
2012-12-21,19.769088745117188
2012-12-24,19.919193267822266
2012-12-26,19.8397274017334
2012-12-27,19.928022384643555
2012-12-28,19.795574188232422
2012-12-31,19.936847686767578
2013-01-02,20.1046142578125
2013-01-03,20.131099700927734
2013-01-04,20.210569381713867
2013-01-07,20.086950302124023
2013-01-08,20.166410446166992
2013-01-09,20.12226676940918
2013-01-10,20.28560447692871
2013-01-11,20.307682037353516
2013-01-14,20.360671997070312
2013-01-15,20.378328323364258
2013-01-16,20.29444694519043
2013-01-17,20.418058395385742
2013-01-18,20.519588470458984
2013-01-22,20.57257080078125
2013-01-23,20.510759353637695
2013-01-24,20.5328426361084
2013-01-25,20.749155044555664
2013-01-28,20.713844299316406
2013-01-29,20.87718391418457
2013-01-30,20.75798988342285
2013-01-31,20.711109161376953
2013-02-01,20.845041275024414
2013-02-04,20.84951400756836
2013-02-05,20.76468276977539
2013-02-06,20.782535552978516
2013-02-07,20.746826171875
2013-02-08,20.84951400756836
2013-02-11,20.94327163696289
2013-02-12,21.01915740966797
2013-02-13,21.099523544311523
2013-02-14,21.0504150390625
2013-02-15,21.340612411499023
2013-02-19,21.54151725769043
2013-02-20,21.420976638793945
2013-02-21,21.49687385559082
2013-02-22,21.70224380493164
2013-02-25,21.269180297851562
2013-02-26,21.545974731445312
2013-02-27,21.769208908081055
2013-02-28,21.82279396057129
2013-03-01,21.83172035217285
2013-03-04,22.081727981567383
2013-03-05,22.157625198364258
2013-03-06,22.081727981567383
2013-03-07,21.925472259521484
2013-03-08,21.84065055847168
2013-03-11,21.82724952697754
2013-03-12,21.894216537475586
2013-03-13,21.769208908081055
2013-03-14,21.83172035217285
2013-03-15,21.733489990234375
2013-03-18,21.57276725769043
2013-03-19,21.537046432495117
2013-03-20,21.64866828918457
2013-03-21,21.63526725769043
2013-03-22,21.83617401123047
2013-03-25,21.85849952697754
2013-03-26,22.041555404663086
2013-03-27,22.05940818786621
2013-03-28,22.260303497314453
2013-04-01,22.438892364501953
2013-04-02,22.53264808654785
2013-04-03,22.452289581298828
2013-04-04,22.724626541137695
2013-04-05,22.836238861083984
2013-04-08,23.028217315673828
2013-04-09,23.081787109375
2013-04-10,23.184478759765625
2013-04-11,22.974641799926758
2013-04-12,23.224658966064453
2013-04-15,22.858556747436523
2013-04-16,23.43001937866211
2013-04-17,23.19340705871582
2013-04-18,23.014816284179688
2013-04-19,23.53270721435547
2013-04-22,23.537179946899414
2013-04-23,23.684505462646484
2013-04-24,23.796117782592773
2013-04-25,23.62200164794922
2013-04-26,23.559499740600586
2013-04-29,23.693437576293945
2013-04-30,23.796117782592773
2013-05-01,23.800588607788086
2013-05-02,23.924589157104492
2013-05-03,24.109455108642578
2013-05-06,24.18160057067871
2013-05-07,24.321374893188477
2013-05-08,23.68561363220215
2013-05-09,23.33841896057129
2013-05-10,23.428598403930664
2013-05-13,23.500741958618164
2013-05-14,24.104944229125977
2013-05-15,24.50623893737793
2013-05-16,24.416059494018555
2013-05-17,24.51976776123047
2013-05-20,24.66856575012207
2013-05-21,24.925569534301758
2013-05-22,24.429582595825195
2013-05-23,23.392534255981445
2013-05-24,22.919082641601562
2013-05-28,22.3464412689209
2013-05-29,21.584428787231445
2013-05-30,21.593448638916016
2013-05-31,21.363487243652344
2013-06-03,21.65657615661621
2013-06-04,21.1966609954834
2013-06-05,21.00728416442871
2013-06-06,21.52581024169922
2013-06-07,21.444656372070312
2013-06-10,21.029823303222656
2013-06-11,20.6871395111084
2013-06-12,20.452682495117188
2013-06-13,20.73674964904785
2013-06-14,20.718708038330078
2013-06-17,20.637537002563477
2013-06-18,20.732229232788086
2013-06-19,19.91160011291504
2013-06-20,18.888063430786133
2013-06-21,19.47422981262207
2013-06-24,19.113515853881836
2013-06-25,19.80790138244629
2013-06-26,20.38053321838379
2013-06-27,20.596965789794922
2013-06-28,20.48874855041504
2013-07-01,20.267810821533203
2013-07-02,20.74124526977539
2013-07-03,20.258798599243164
2013-07-05,20.0423583984375
2013-07-08,20.091960906982422
2013-07-09,20.326425552368164
2013-07-10,20.29035186767578
2013-07-11,20.989246368408203
2013-07-12,20.91259002685547
2013-07-15,21.02531623840332
2013-07-16,20.881032943725586
2013-07-17,21.31839942932129
2013-07-18,21.120014190673828
2013-07-19,20.962188720703125
2013-07-22,20.993759155273438
2013-07-23,20.862995147705078
2013-07-24,20.272327423095703
2013-07-25,20.367002487182617
2013-07-26,20.439151763916016
2013-07-29,20.321914672851562
2013-07-30,20.141565322875977
2013-07-31,19.780841827392578
2013-08-01,19.20354652404785
2013-08-02,19.536684036254883
2013-08-05,19.609710693359375
2013-08-06,19.32220458984375
2013-08-07,19.189861297607422
2013-08-08,19.198986053466797
2013-08-09,19.340452194213867
2013-08-12,19.26287269592285
2013-08-13,18.770008087158203
2013-08-14,18.57377815246582
2013-08-15,18.354724884033203
2013-08-16,17.97594451904297
2013-08-19,17.98050880432129
2013-08-20,18.245195388793945
2013-08-21,18.459688186645508
2013-08-22,18.38666534423828
2013-08-23,18.6878662109375
2013-08-26,18.500751495361328
2013-08-27,18.674171447753906
2013-08-28,18.801950454711914
2013-08-29,18.610286712646484
2013-08-30,18.587467193603516
2013-09-03,18.477941513061523
2013-09-04,18.482501983642578
2013-09-05,18.12198257446289
2013-09-06,18.66048812866211
2013-09-09,19.011886596679688
2013-09-10,18.71068000793457
2013-09-11,18.91605567932129
2013-09-12,18.815649032592773
2013-09-13,18.90692138671875
2013-09-16,19.267438888549805
2013-09-17,19.057518005371094
2013-09-18,20.05693244934082
2013-09-19,19.792251586914062
2013-09-20,19.208112716674805
2013-09-23,19.002744674682617
2013-09-24,18.89322280883789
2013-09-25,19.016443252563477
2013-09-26,19.071205139160156
2013-09-27,18.961679458618164
2013-09-30,18.6878662109375
2013-10-01,19.125978469848633
2013-10-02,19.062076568603516
2013-10-03,18.172183990478516
2013-10-04,17.820785522460938
2013-10-07,18.19043731689453
2013-10-08,18.327341079711914
2013-10-09,18.350154876708984
2013-10-10,18.65135383605957
2013-10-11,18.95711326599121
2013-10-14,18.91605567932129
2013-10-15,18.797391891479492
2013-10-16,19.198986053466797
2013-10-17,19.55038070678711
2013-10-18,19.42716407775879
2013-10-21,19.198986053466797
2013-10-22,19.404348373413086
2013-10-23,19.43172836303711
2013-10-24,19.345016479492188
2013-10-25,19.64621353149414
2013-10-28,19.55494499206543
2013-10-29,19.235492706298828
2013-10-30,19.308509826660156
2013-10-31,19.176816940307617
2013-11-01,19.27385139465332
2013-11-04,19.352405548095703
2013-11-05,18.848735809326172
2013-11-06,18.927282333374023
2013-11-07,18.691621780395508
2013-11-08,18.312707901000977
2013-11-11,18.243391036987305
2013-11-12,18.155595779418945
2013-11-13,18.229524612426758
2013-11-14,18.289596557617188
2013-11-15,18.39588165283203
2013-11-18,18.34966468811035
2013-11-19,17.993864059448242
2013-11-20,17.94303321838379
2013-11-21,17.984619140625
2013-11-22,17.68425941467285
2013-11-25,17.420869827270508
2013-11-26,17.125125885009766
2013-11-27,17.26837921142578
2013-11-29,16.991127014160156
2013-12-02,16.792421340942383
2013-12-03,16.663040161132812
2013-12-04,16.861736297607422
2013-12-05,16.861736297607422
2013-12-06,16.89870262145996
2013-12-09,17.03732681274414
2013-12-10,17.032711029052734
2013-12-11,16.561376571655273
2013-12-12,16.478195190429688
2013-12-13,16.52902603149414
2013-12-16,16.663040161132812
2013-12-17,16.78317642211914
2013-12-18,17.023469924926758
2013-12-19,16.54289436340332
2013-12-20,16.67228126525879
2013-12-23,16.736974716186523
2013-12-24,16.801666259765625
2013-12-26,16.85711097717285
2013-12-27,16.86635971069336
2013-12-30,16.912565231323242
2013-12-31,16.78317642211914
2014-01-02,16.73235511779785
2014-01-03,16.71848487854004
2014-01-06,17.009601593017578
2014-01-07,17.300729751586914
2014-01-08,17.26375389099121
2014-01-09,17.2868595123291
2014-01-10,17.961515426635742
2014-01-13,17.61031723022461
2014-01-14,17.55487060546875
2014-01-15,17.577978134155273
2014-01-16,17.744333267211914
2014-01-17,17.577978134155273
2014-01-21,17.739704132080078
2014-01-22,17.76280975341797
2014-01-23,17.80440330505371
2014-01-24,17.836746215820312
2014-01-27,17.748952865600586
2014-01-28,18.07703399658203
2014-01-29,17.94303321838379
2014-01-30,17.97075843811035
2014-01-31,18.09090232849121
2014-02-03,17.94303321838379
2014-02-04,18.03082847595215
2014-02-05,17.836746215820312
2014-02-06,17.876590728759766
2014-02-07,18.00782585144043
2014-02-10,18.1953125
2014-02-11,17.71723175048828
2014-02-12,17.62347984313965
2014-02-13,17.754718780517578
2014-02-14,17.66567039489746
2014-02-18,17.75003433227539
2014-02-19,17.87190818786621
2014-02-20,17.7359676361084
2014-02-21,17.39381980895996
2014-02-24,17.726604461669922
2014-02-25,17.548494338989258
2014-02-26,17.81565284729004
2014-02-27,17.975017547607422
2014-02-28,18.171875
2014-03-03,18.134374618530273
2014-03-04,18.47653579711914
2014-03-05,18.396860122680664
2014-03-06,18.082828521728516
2014-03-07,17.66098403930664
2014-03-10,17.431316375732422
2014-03-11,17.553180694580078
2014-03-12,17.62347984313965
2014-03-13,17.40788459777832
2014-03-14,17.41725730895996
2014-03-17,17.370384216308594
2014-03-18,17.370384216308594
2014-03-19,17.018848419189453
2014-03-20,16.986047744750977
2014-03-21,17.281328201293945
2014-03-24,17.201644897460938
2014-03-25,17.431316375732422
2014-03-26,17.39850616455078
2014-03-27,17.70316505432129
2014-03-28,17.890655517578125
2014-03-31,18.18124771118164
2014-04-01,18.1953125
2014-04-02,18.284364700317383
2014-04-03,18.284364700317383
2014-04-04,18.49997329711914
2014-04-07,18.84681510925293
2014-04-08,19.071794509887695
2014-04-09,18.945247650146484
2014-04-10,18.76714324951172
2014-04-11,18.85150146484375
2014-04-14,18.996803283691406
2014-04-15,19.32489776611328
2014-04-16,19.254594802856445
2014-04-17,18.996803283691406
2014-04-21,19.132736206054688
2014-04-22,19.048364639282227
2014-04-23,19.12336540222168
2014-04-24,19.170225143432617
2014-04-25,19.104610443115234
2014-04-28,19.503015518188477
2014-04-29,19.596750259399414
2014-04-30,19.620187759399414
2014-05-01,19.77018165588379
2014-05-02,19.71861457824707
2014-05-05,19.779552459716797
2014-05-06,19.67174530029297
2014-05-07,19.90142250061035
2014-05-08,20.122201919555664
2014-05-09,19.99399757385254
2014-05-12,19.90378189086914
2014-05-13,19.861055374145508
2014-05-14,20.036727905273438
2014-05-15,20.065223693847656
2014-05-16,20.259891510009766
2014-05-19,20.08421516418457
2014-05-20,20.08896255493164
2014-05-21,19.87055206298828
2014-05-22,19.789838790893555
2014-05-23,19.99399757385254
2014-05-27,19.99399757385254
2014-05-28,19.680635452270508
2014-05-29,19.75659942626953
2014-05-30,19.823070526123047
2014-06-02,19.96076774597168
2014-06-03,20.022491455078125
2014-06-04,19.861055374145508
2014-06-05,20.24564552307129
2014-06-06,20.14594078063965
2014-06-09,19.808834075927734
2014-06-10,19.63789176940918
2014-06-11,19.680635452270508
2014-06-12,19.675880432128906
2014-06-13,19.699623107910156
2014-06-16,19.51919937133789
2014-06-17,19.205829620361328
2014-06-18,19.30079460144043
2014-06-19,19.30553436279297
2014-06-20,19.55242919921875
2014-06-23,19.557186126708984
2014-06-24,19.576171875
2014-06-25,19.471721649169922
2014-06-26,19.656890869140625
2014-06-27,19.61416244506836
2014-06-30,19.64739227294922
2014-07-01,19.685380935668945
2014-07-02,19.595165252685547
2014-07-03,19.36726188659668
2014-07-07,19.443225860595703
2014-07-08,19.55242919921875
2014-07-09,19.62364959716797
2014-07-10,19.72336196899414
2014-07-11,19.561933517456055
2014-07-14,19.675880432128906
2014-07-15,19.728113174438477
2014-07-16,19.880046844482422
2014-07-17,19.87055206298828
2014-07-18,20.027238845825195
2014-07-21,20.017744064331055
2014-07-22,20.022491455078125
2014-07-23,20.06996726989746
2014-07-24,20.15542984008789
2014-07-25,20.093711853027344
2014-07-28,20.240909576416016
2014-07-29,20.183931350708008
2014-07-30,19.908533096313477
2014-07-31,19.71861457824707
2014-08-01,19.832571029663086
2014-08-04,19.813579559326172
2014-08-05,19.533449172973633
2014-08-06,19.51919937133789
2014-08-07,19.58897590637207
2014-08-08,19.68039894104004
2014-08-11,19.709260940551758
2014-08-12,19.71407699584961
2014-08-13,20.031660079956055
2014-08-14,20.209693908691406
2014-08-15,20.156766891479492
2014-08-18,20.329986572265625
2014-08-19,20.435850143432617
2014-08-20,20.4647216796875
2014-08-21,20.474348068237305
2014-08-22,20.329986572265625
2014-08-25,20.35886001586914
2014-08-26,20.459911346435547
2014-08-27,20.604263305664062
2014-08-28,20.738996505737305
2014-08-29,20.849660873413086
2014-09-02,20.734182357788086
2014-09-03,20.840036392211914
2014-09-04,20.897785186767578
2014-09-05,21.04213523864746
2014-09-08,20.88334846496582
2014-09-09,20.772680282592773
2014-09-10,20.40216636657715
2014-09-11,20.426225662231445
2014-09-12,19.511985778808594
2014-09-15,19.4879150390625
2014-09-16,19.60821533203125
2014-09-17,19.47829818725586
2014-09-18,19.165531158447266
2014-09-19,19.24251937866211
2014-09-22,19.112600326538086
2014-09-23,19.016359329223633
2014-09-24,18.99230194091797
2014-09-25,19.112600326538086
2014-09-26,19.25695037841797
2014-09-29,19.247329711914062
2014-09-30,19.107786178588867
2014-10-01,19.247329711914062
2014-10-02,19.199207305908203
2014-10-03,19.295448303222656
2014-10-06,19.343564987182617
2014-10-07,19.32912826538086
2014-10-08,19.69964027404785
2014-10-09,19.79587745666504
2014-10-10,20.1663875579834
2014-10-13,20.325180053710938
2014-10-14,20.6475772857666
2014-10-15,20.56096076965332
2014-10-16,20.50322723388672
2014-10-17,20.450288772583008
2014-10-20,20.6475772857666
2014-10-21,20.48878288269043
2014-10-22,20.493595123291016
2014-10-23,20.599454879760742
2014-10-24,20.628326416015625
2014-10-27,20.849660873413086
2014-10-28,20.86892318725586
2014-10-29,20.763057708740234
2014-10-30,20.974775314331055
2014-10-31,21.157629013061523
2014-11-03,21.14800453186035
2014-11-04,21.354915618896484
2014-11-05,21.40784454345703
2014-11-06,21.005945205688477
2014-11-07,21.040042877197266
2014-11-10,21.176441192626953
2014-11-11,21.12773895263672
2014-11-12,21.0936279296875
2014-11-13,21.39566421508789
2014-11-14,21.230030059814453
2014-11-17,21.5174560546875
2014-11-18,21.454126358032227
2014-11-19,21.05465316772461
2014-11-20,21.03516960144043
2014-11-21,21.361557006835938
2014-11-24,21.303102493286133
2014-11-25,21.322593688964844
2014-11-26,21.66359519958496
2014-11-28,21.82435417175293
2014-12-01,22.126388549804688
2014-12-02,22.131261825561523
2014-12-03,22.145872116088867
2014-12-04,22.199464797973633
2014-12-05,21.58078384399414
2014-12-08,21.838970184326172
2014-12-09,21.9364070892334
2014-12-10,22.04844093322754
2014-12-11,22.067928314208984
2014-12-12,22.092288970947266
2014-12-15,21.77076530456543
2014-12-16,21.68796157836914
2014-12-17,22.014341354370117
2014-12-18,21.873069763183594
2014-12-19,21.965620040893555
2014-12-22,22.20433235168457
2014-12-23,21.653852462768555
2014-12-24,21.434635162353516
2014-12-26,21.566164016723633
2014-12-29,21.717182159423828
2014-12-30,21.77076530456543
2014-12-31,21.44924545288086
2015-01-02,21.84871482849121
2015-01-05,22.067928314208984
2015-01-06,22.486881256103516
2015-01-07,22.964282989501953
2015-01-08,22.657384872436523
2015-01-09,22.68173599243164
2015-01-12,23.042232513427734
2015-01-13,22.998390197753906
2015-01-14,23.256572723388672
2015-01-15,23.461185455322266
2015-01-16,23.48554039001465
2015-01-20,23.46605110168457
2015-01-21,23.129924774169922
2015-01-22,23.39785385131836
2015-01-23,23.456314086914062
2015-01-26,23.42708396911621
2015-01-27,23.363752365112305
2015-01-28,23.324777603149414
2015-01-29,23.35887908935547
2015-01-30,23.037355422973633
2015-02-02,22.9837703704834
2015-02-03,22.803531646728516
2015-02-04,22.09716033935547
2015-02-05,22.296937942504883
2015-02-06,21.616199493408203
2015-02-09,21.527406692504883
2015-02-10,21.0538387298584
2015-02-11,21.009445190429688
2015-02-12,21.04891014099121
2015-02-13,21.14756202697754
2015-02-17,21.20182228088379
2015-02-18,21.48301124572754
2015-02-19,21.19196128845215
2015-02-20,21.438610076904297
2015-02-23,21.571796417236328
2015-02-24,20.79732322692871
2015-02-25,20.86638069152832
2015-02-26,20.609872817993164
2015-02-27,20.895980834960938
2015-03-02,20.807191848754883
2015-03-03,20.826919555664062
2015-03-04,20.609872817993164
2015-03-05,20.688806533813477
2015-03-06,19.899532318115234
2015-03-09,20.04751205444336
2015-03-10,20.04258155822754
2015-03-11,19.721939086914062
2015-03-12,19.894594192504883
2015-03-13,19.82553482055664
2015-03-16,20.008054733276367
2015-03-17,20.101778030395508
2015-03-18,20.55068588256836
2015-03-19,20.343494415283203
2015-03-20,20.935449600219727
2015-03-23,20.92558479309082
2015-03-24,20.94532012939453
2015-03-25,20.624671936035156
2015-03-26,20.644407272338867
2015-03-27,20.79239845275879
2015-03-30,21.611265182495117
2015-03-31,21.315288543701172
2015-04-01,21.507678985595703
2015-04-02,21.70005989074707
2015-04-06,21.996028900146484
2015-04-07,21.818449020385742
2015-04-08,21.665529251098633
2015-04-09,21.122896194458008
2015-04-10,21.034107208251953
2015-04-13,20.905851364135742
2015-04-14,21.063711166381836
2015-04-15,21.216632843017578
2015-04-16,21.241289138793945
2015-04-17,21.320219039916992
2015-04-20,21.374473571777344
2015-04-21,21.1377010345459
2015-04-22,20.812122344970703
2015-04-23,20.99957275390625
2015-04-24,20.94038200378418
2015-04-27,20.920652389526367
2015-04-28,20.900915145874023
2015-04-29,20.363235473632812
2015-04-30,19.87486457824707
2015-05-01,20.027793884277344
2015-05-04,20.101778030395508
2015-05-05,19.509830474853516
2015-05-06,19.337177276611328
2015-05-07,19.639982223510742
2015-05-08,19.930278778076172
2015-05-11,19.604948043823242
2015-05-12,19.644989013671875
2015-05-13,19.319658279418945
2015-05-14,19.649991989135742
2015-05-15,19.920269012451172
2015-05-18,19.930278778076172
2015-05-19,19.935283660888672
2015-05-20,19.910255432128906
2015-05-21,19.795143127441406
2015-05-22,19.790132522583008
2015-05-26,19.579923629760742
2015-05-27,19.745092391967773
2015-05-28,19.579923629760742
2015-05-29,19.379716873168945
2015-06-01,19.574920654296875
2015-06-02,19.474807739257812
2015-06-03,19.13947296142578
2015-06-04,19.16449546813965
2015-06-05,18.699020385742188
2015-06-08,18.648971557617188
2015-06-09,18.61393928527832
2015-06-10,18.919252395629883
2015-06-11,19.044374465942383
2015-06-12,19.049381256103516
2015-06-15,18.794116973876953
2015-06-16,18.90423583984375
2015-06-17,19.08942222595215
2015-06-18,19.23457145690918
2015-06-19,18.884212493896484
2015-06-22,18.804128646850586
2015-06-23,18.668987274169922
2015-06-24,18.433752059936523
2015-06-25,18.18850326538086
2015-06-26,18.463783264160156
2015-06-29,18.388710021972656
2015-06-30,18.25357437133789
2015-07-01,18.478796005249023
2015-07-02,18.50882911682129
2015-07-06,18.588909149169922
2015-07-07,18.994325637817383
2015-07-08,18.954280853271484
2015-07-09,18.839168548583984
2015-07-10,18.91423988342285
2015-07-13,18.98931884765625
2015-07-14,18.92425537109375
2015-07-15,18.74406623840332
2015-07-16,18.919252395629883
2015-07-17,18.76909828186035
2015-07-20,18.884212493896484
2015-07-21,18.78911590576172
2015-07-22,18.99932861328125
2015-07-23,18.884212493896484
2015-07-24,19.02935791015625
2015-07-27,19.179508209228516
2015-07-28,19.339677810668945
2015-07-29,19.399734497070312
2015-07-30,19.14447593688965
2015-07-31,19.339677810668945
2015-08-03,19.449787139892578
2015-08-04,19.449787139892578
2015-08-05,19.309650421142578
2015-08-06,19.27662467956543
2015-08-07,19.3172664642334
2015-08-10,19.21567726135254
2015-08-11,19.322345733642578
2015-08-12,20.109663009643555
2015-08-13,20.1655330657959
2015-08-14,20.404273986816406
2015-08-17,20.683645248413086
2015-08-18,20.64809226989746
2015-08-19,20.673484802246094
2015-08-20,20.576974868774414
2015-08-21,20.282371520996094
2015-08-24,19.500120162963867
2015-08-25,18.692489624023438
2015-08-26,19.05313491821289
2015-08-27,19.271547317504883
2015-08-28,19.149639129638672
2015-08-31,18.824552536010742
2015-09-01,18.606136322021484
2015-09-02,18.65693473815918
2015-09-03,18.580739974975586
2015-09-04,18.123580932617188
2015-09-08,18.5604190826416
2015-09-09,18.301372528076172
2015-09-10,18.20993995666504
2015-09-11,18.331844329833984
2015-09-14,18.504554748535156
2015-09-15,18.79916000366211
2015-09-16,19.139484405517578
2015-09-17,19.49504280090332
2015-09-18,19.606796264648438
2015-09-21,19.632184982299805
2015-09-22,19.45441246032715
2015-09-23,19.586477279663086
2015-09-24,19.510286331176758
2015-09-25,19.505210876464844
2015-09-28,18.70265007019043
2015-09-29,18.951541900634766
2015-09-30,18.92106819152832
2015-10-01,18.941383361816406
2015-10-02,19.07344627380371
2015-10-05,19.530611038208008
2015-10-06,19.581396102905273
2015-10-07,19.733783721923828
2015-10-08,19.962358474731445
2015-10-09,19.865854263305664
2015-10-12,19.916637420654297
2015-10-13,19.754106521606445
2015-10-14,19.43917465209961
2015-10-15,19.57123565673828
2015-10-16,19.80489158630371
2015-10-19,19.96744728088379
2015-10-20,19.906490325927734
2015-10-21,20.01315689086914
2015-10-22,20.20109748840332
2015-10-23,19.627117156982422
2015-10-26,19.586477279663086
2015-10-27,19.57123565673828
2015-10-28,19.337583541870117
2015-10-29,19.42392921447754
2015-10-30,18.895673751831055
2015-11-02,19.154720306396484
2015-11-03,18.65693473815918
2015-11-04,18.347087860107422
2015-11-05,18.478666305541992
2015-11-06,17.529193878173828
2015-11-09,17.059614181518555
2015-11-10,17.111215591430664
2015-11-11,17.06992530822754
2015-11-12,17.095739364624023
2015-11-13,16.89965057373047
2015-11-16,17.27118682861328
2015-11-17,17.240219116210938
2015-11-18,17.601436614990234
2015-11-19,17.874929428100586
2015-11-20,18.04004669189453
2015-11-23,18.24129867553711
2015-11-24,18.220664978027344
2015-11-25,18.292898178100586
2015-11-27,18.442543029785156
2015-11-30,18.334184646606445
2015-12-01,18.643798828125
2015-12-02,18.334184646606445
2015-12-03,18.107139587402344
2015-12-04,18.463186264038086
2015-12-07,18.648958206176758
2015-12-08,18.721202850341797
2015-12-09,18.550912857055664
2015-12-10,18.163898468017578
2015-12-11,18.365142822265625
2015-12-14,18.514785766601562
2015-12-15,18.705717086791992
2015-12-16,19.170127868652344
2015-12-17,19.216577529907227
2015-12-18,18.721202850341797
2015-12-21,18.968889236450195
2015-12-22,19.113372802734375
2015-12-23,19.464265823364258
2015-12-24,19.515865325927734
2015-12-28,19.71711540222168
2015-12-29,19.923526763916016
2015-12-30,19.94415855407715
2015-12-31,19.732593536376953
2016-01-04,19.727436065673828
2016-01-05,20.155731201171875
2016-01-06,19.345582962036133
2016-01-07,18.829557418823242
2016-01-08,18.777963638305664
2016-01-11,19.072093963623047
2016-01-12,19.01532554626465
2016-01-13,18.67991828918457
2016-01-14,18.55606460571289
2016-01-15,18.700557708740234
2016-01-19,18.86568260192871
2016-01-20,18.04521369934082
2016-01-21,18.385786056518555
2016-01-22,19.072093963623047
2016-01-25,18.90696144104004
2016-01-26,19.118532180786133
2016-01-27,18.169052124023438
2016-01-28,18.060688018798828
2016-01-29,18.545747756958008
2016-02-01,18.69540023803711
2016-02-02,18.494155883789062
2016-02-03,18.90696144104004
2016-02-04,18.778528213500977
2016-02-05,18.663188934326172
2016-02-08,17.81915855407715
2016-02-09,14.851912498474121
2016-02-10,14.264758110046387
2016-02-11,13.698575019836426
2016-02-12,13.766721725463867
2016-02-16,14.112725257873535
2016-02-17,14.348637580871582
2016-02-18,14.720850944519043
2016-02-19,14.88861083984375
2016-02-22,15.187429428100586
2016-02-23,14.972495079040527
2016-02-24,15.145487785339355
2016-02-25,15.549160957336426
2016-02-26,15.674983024597168
2016-02-29,15.507227897644043
2016-03-01,16.1153507232666
2016-03-02,16.241167068481445
2016-03-03,16.450868606567383
2016-03-04,16.51378059387207
2016-03-07,17.022296905517578
2016-03-08,16.817852020263672
2016-03-09,16.933170318603516
2016-03-10,16.623868942260742
2016-03-11,17.12714958190918
2016-03-14,17.10618019104004
2016-03-15,16.854536056518555
2016-03-16,16.912208557128906
2016-03-17,17.26344871520996
2016-03-18,17.38402557373047
2016-03-21,17.001323699951172
2016-03-22,16.870267868041992
2016-03-23,16.581926345825195
2016-03-24,16.61338233947754
2016-03-28,16.870267868041992
2016-03-29,17.26869010925293
2016-03-30,17.006567001342773
2016-03-31,17.079957962036133
2016-04-01,17.095691680908203
2016-04-04,17.284423828125
2016-04-05,17.342084884643555
2016-04-06,17.65139389038086
2016-04-07,17.845361709594727
2016-04-08,18.165163040161133
2016-04-11,18.180883407592773
2016-04-12,18.338153839111328
2016-04-13,18.40106964111328
2016-04-14,18.374858856201172
2016-04-15,18.31194496154785
2016-04-18,18.416793823242188
2016-04-19,18.474462509155273
2016-04-20,17.934492111206055
2016-04-21,17.32111930847168
2016-04-22,17.698572158813477
2016-04-25,17.829635620117188
2016-04-26,18.086519241333008
2016-04-27,17.94497299194336
2016-04-28,17.7772159576416
2016-04-29,17.735275268554688
2016-05-02,18.007877349853516
2016-05-03,18.2647647857666
2016-05-04,18.542612075805664
2016-05-05,18.236188888549805
2016-05-06,18.412050247192383
2016-05-09,19.179443359375
2016-05-10,18.497314453125
2016-05-11,18.172239303588867
2016-05-12,18.246843338012695
2016-05-13,18.225534439086914
2016-05-16,18.31079864501953
2016-05-17,17.895130157470703
2016-05-18,17.3355712890625
2016-05-19,17.19169044494629
2016-05-20,17.234317779541016
2016-05-23,17.298269271850586
2016-05-24,17.351558685302734
2016-05-25,17.362213134765625
2016-05-26,17.415504455566406
2016-05-27,17.607357025146484
2016-05-31,17.516759872436523
2016-06-01,17.64466094970703
2016-06-02,17.78321647644043
2016-06-03,17.889795303344727
2016-06-06,17.80986785888672
2016-06-07,18.150922775268555
2016-06-08,18.316123962402344
2016-06-09,18.37474822998047
2016-06-10,18.348098754882812
2016-06-13,18.433364868164062
2016-06-14,18.385404586791992
2016-06-15,18.545278549194336
2016-06-16,18.619884490966797
2016-06-17,18.747787475585938
2016-06-20,18.582582473754883
2016-06-21,18.657190322875977
2016-06-22,18.145593643188477
2016-06-23,18.177570343017578
2016-06-24,18.241519927978516
2016-06-27,18.214879989624023
2016-06-28,18.63587188720703
2016-06-29,18.84903907775879
2016-06-30,18.854366302490234
2016-07-01,18.822383880615234
2016-07-05,19.040884017944336
2016-07-06,18.93430519104004
2016-07-07,18.58790397644043
2016-07-08,19.15279769897461
2016-07-11,19.472543716430664
2016-07-12,19.73366928100586
2016-07-13,19.94683265686035
2016-07-14,19.6910343170166
2016-07-15,19.94683265686035
2016-07-18,19.91486167907715
2016-07-19,20.319866180419922
2016-07-20,20.431785583496094
2016-07-21,20.543689727783203
2016-07-22,20.730209350585938
2016-07-25,20.826128005981445
2016-07-26,20.687578201293945
2016-07-27,20.607633590698242
2016-07-28,20.794170379638672
2016-07-29,20.906068801879883
2016-08-01,21.02330780029297
2016-08-02,20.762182235717773
2016-08-03,20.831462860107422
2016-08-04,20.823345184326172
2016-08-05,20.774667739868164
2016-08-08,20.790897369384766
2016-08-09,21.06673812866211
2016-08-10,21.364213943481445
2016-08-11,20.855802536010742
2016-08-12,21.16409683227539
2016-08-15,21.358814239501953
2016-08-16,21.218183517456055
2016-08-17,21.4237117767334
2016-08-18,21.548107147216797
2016-08-19,21.34798812866211
2016-08-22,21.32094955444336
2016-08-23,21.51565170288086
2016-08-24,21.342580795288086
2016-08-25,21.407487869262695
2016-08-26,20.953157424926758
2016-08-29,21.16409683227539
2016-08-30,21.32094955444336
2016-08-31,21.27227210998535
2016-09-01,20.98560905456543
2016-09-02,21.137048721313477
2016-09-06,21.70496368408203
2016-09-07,21.81313705444336
2016-09-08,21.41830062866211
2016-09-09,20.623231887817383
2016-09-12,20.60700798034668
2016-09-13,19.985002517700195
2016-09-14,19.979597091674805
2016-09-15,20.028278350830078
2016-09-16,20.098588943481445
2016-09-19,20.25003433227539
2016-09-20,20.358205795288086
2016-09-21,20.634042739868164
2016-09-22,21.04509925842285
2016-09-23,21.245227813720703
2016-09-26,21.41830062866211
2016-09-27,20.963977813720703
2016-09-28,21.27767562866211
2016-09-29,20.84498405456543
2016-09-30,20.52587127685547
2016-10-03,20.34197998046875
2016-10-04,19.925512313842773
2016-10-05,19.638853073120117
2016-10-06,19.444141387939453
2016-10-07,19.422508239746094
2016-10-10,19.503637313842773
2016-10-11,19.335975646972656
2016-10-12,19.519865036010742
2016-10-13,19.725393295288086
2016-10-14,19.60099220275879
2016-10-17,19.644262313842773
2016-10-18,19.844385147094727
2016-10-19,19.930919647216797
2016-10-20,19.828163146972656
2016-10-21,19.390060424804688
2016-10-24,19.514453887939453
2016-10-25,19.24942970275879
2016-10-26,18.968181610107422
2016-10-27,18.43272590637207
2016-10-28,18.465177536010742
2016-10-31,18.5246639251709
2016-11-01,18.095252990722656
2016-11-02,17.35885238647461
2016-11-03,17.02627944946289
2016-11-04,17.53108024597168
2016-11-07,17.970539093017578
2016-11-08,17.862319946289062
2016-11-09,17.333248138427734
2016-11-10,16.798154830932617
2016-11-11,16.89435577392578
2016-11-14,17.675939559936523
2016-11-15,17.681955337524414
2016-11-16,17.627843856811523
2016-11-17,17.291160583496094
2016-11-18,17.243057250976562
2016-11-21,17.237043380737305
2016-11-22,17.675939559936523
2016-11-23,17.742074966430664
2016-11-25,17.59177017211914
2016-11-28,17.663917541503906
2016-11-29,17.796188354492188
2016-11-30,17.754100799560547
2016-12-01,17.200977325439453
2016-12-02,17.483549118041992
2016-12-05,17.573732376098633
2016-12-06,17.6939754486084
2016-12-07,18.114835739135742
2016-12-08,18.10280990600586
2016-12-09,18.06072425842285
2016-12-12,18.247108459472656
2016-12-13,18.27115249633789
2016-12-14,17.44146728515625
2016-12-15,17.080734252929688
2016-12-16,17.519624710083008
2016-12-19,18.217039108276367
2016-12-20,18.0487003326416
2016-12-21,17.65790557861328
2016-12-22,17.54367446899414
2016-12-23,17.59177017211914
2016-12-27,17.65790557861328
2016-12-28,17.44146728515625
2016-12-29,17.651897430419922
2016-12-30,17.868328094482422
2017-01-03,17.90440559387207
2017-01-04,18.301212310791016
2017-01-05,18.72808074951172
2017-01-06,18.770164489746094
2017-01-09,18.52366828918457
2017-01-10,18.066736221313477
2017-01-11,18.277164459228516
2017-01-12,18.28317642211914
2017-01-13,18.168947219848633
2017-01-17,18.445507049560547
2017-01-18,18.36734390258789
2017-01-19,18.012619018554688
2017-01-20,18.07876205444336
2017-01-23,18.235074996948242
2017-01-24,18.180965423583984
2017-01-25,17.964534759521484
2017-01-26,17.796188354492188
2017-01-27,17.77213478088379
2017-01-30,18.07876205444336
2017-01-31,18.229061126708984
2017-02-01,18.06072425842285
2017-02-02,18.457530975341797
2017-02-03,18.487592697143555
2017-02-06,18.589797973632812
2017-02-07,18.487592697143555
2017-02-08,18.583784103393555
2017-02-09,18.445507049560547
2017-02-10,18.457530975341797
2017-02-13,18.77397918701172
2017-02-14,18.506214141845703
2017-02-15,18.512300491333008
2017-02-16,18.853092193603516
2017-02-17,18.907867431640625
2017-02-21,19.108684539794922
2017-02-22,19.254737854003906
2017-02-23,19.55293846130371
2017-02-24,19.863296508789062
2017-02-27,19.918066024780273
2017-02-28,19.954578399658203
2017-03-01,19.595529556274414
2017-03-02,19.540761947631836
2017-03-03,19.595529556274414
2017-03-06,19.169544219970703
2017-03-07,19.047828674316406
2017-03-08,18.475784301757812
2017-03-09,18.104568481445312
2017-03-10,18.110652923583984
2017-03-13,18.122825622558594
2017-03-14,17.958513259887695
2017-03-15,18.305389404296875
2017-03-16,18.268878936767578
2017-03-17,18.32973289489746
2017-03-20,18.36016273498535
2017-03-21,18.262792587280273
2017-03-22,18.554903030395508
2017-03-23,18.60358238220215
2017-03-24,18.627927780151367
2017-03-27,18.737468719482422
2017-03-28,18.865262985229492
2017-03-29,18.8774356842041
2017-03-30,18.859172821044922
2017-03-31,19.035659790039062
2017-04-03,18.92612075805664
2017-04-04,18.895687103271484
2017-04-05,18.950464248657227
2017-04-06,19.108684539794922
2017-04-07,19.346023559570312
2017-04-10,19.419050216674805
2017-04-11,19.358190536499023
2017-04-12,19.4129581451416
2017-04-13,19.4129581451416
2017-04-17,19.63813018798828
2017-04-18,19.954578399658203
2017-04-19,19.71724510192871
2017-04-20,19.790271759033203
2017-04-21,19.77809715270996
2017-04-24,19.479907989501953
2017-04-25,19.49816131591797
2017-04-26,19.248659133911133
2017-04-27,19.175630569458008
2017-04-28,19.078262329101562
2017-05-01,19.139110565185547
2017-05-02,19.02349090576172
2017-05-03,18.579242706298828
2017-05-04,18.41907501220703
2017-05-05,18.536121368408203
2017-05-08,18.560760498046875
2017-05-09,18.41291618347168
2017-05-10,18.72092628479004
2017-05-11,19.072065353393555
2017-05-12,19.275354385375977
2017-05-15,19.158308029174805
2017-05-16,19.096694946289062
2017-05-17,19.31846809387207
2017-05-18,19.540237426757812
2017-05-19,19.540237426757812
2017-05-22,19.638805389404297
2017-05-23,19.546398162841797
2017-05-24,19.521757125854492
2017-05-25,19.42935562133789
2017-05-26,19.238388061523438
2017-05-30,19.232227325439453
2017-05-31,19.306148529052734
2017-06-01,19.386232376098633
2017-06-02,19.65111541748047
2017-06-05,19.55255889892578
2017-06-06,19.423194885253906
2017-06-07,19.34310531616211
2017-06-08,19.072065353393555
2017-06-09,19.207582473754883
2017-06-12,19.478633880615234
2017-06-13,19.503273010253906
2017-06-14,19.694238662719727
2017-06-15,19.817447662353516
2017-06-16,20.026899337768555
2017-06-19,20.23018455505371
2017-06-20,20.38418960571289
2017-06-21,20.35955238342285
2017-06-22,20.43962860107422
2017-06-23,20.568986892700195
2017-06-26,20.562835693359375
2017-06-27,20.17473602294922
2017-06-28,20.1685848236084
2017-06-29,19.70039939880371
2017-06-30,19.688077926635742
2017-07-03,20.05153465270996
2017-07-05,19.805130004882812
2017-07-06,19.18910789489746
2017-07-07,19.22606086730957
2017-07-10,19.028940200805664
2017-07-11,19.06590461730957
2017-07-12,19.386232376098633
2017-07-13,19.299989700317383
2017-07-14,19.56487464904785
2017-07-17,19.718887329101562
2017-07-18,19.74968147277832
2017-07-19,19.8112850189209
2017-07-20,19.55255889892578
2017-07-21,19.46014976501465
2017-07-24,19.306148529052734
2017-07-25,19.527912139892578
2017-07-26,19.70656394958496
2017-07-27,19.65728187561035
2017-07-28,19.60799789428711
2017-07-31,19.497114181518555
2017-08-01,18.63468360900879
2017-08-02,18.499164581298828
2017-08-03,18.729936599731445
2017-08-04,18.617660522460938
2017-08-07,18.436784744262695
2017-08-08,18.467973709106445
2017-08-09,18.324520111083984
2017-08-10,18.206016540527344
2017-08-11,18.25592041015625
2017-08-14,18.586477279663086
2017-08-15,18.181074142456055
2017-08-16,18.29957389831543
2017-08-17,18.21225929260254
2017-08-18,17.99395751953125
2017-08-21,18.324520111083984
2017-08-22,18.056325912475586
2017-08-23,18.37441635131836
2017-08-24,18.34323501586914
2017-08-25,18.424314498901367
2017-08-28,18.26215171813965
2017-08-29,18.40559959411621
2017-08-30,18.424314498901367
2017-08-31,18.592714309692383
2017-09-01,18.798534393310547
2017-09-05,18.817249298095703
2017-09-06,18.786062240600586
2017-09-07,18.804777145385742
2017-09-08,18.842193603515625
2017-09-11,18.917041778564453
2017-09-12,18.586477279663086
2017-09-13,18.380651473999023
2017-09-14,18.38689613342285
2017-09-15,18.368179321289062
2017-09-18,18.3619441986084
2017-09-19,18.149879455566406
2017-09-20,18.11246109008789
2017-09-21,17.81932258605957
2017-09-22,17.382726669311523
2017-09-25,17.55112648010254
2017-09-26,17.476282119750977
2017-09-27,17.25174331665039
2017-09-28,17.370248794555664
2017-09-29,17.357770919799805
2017-10-02,16.659221649169922
2017-10-03,16.840099334716797
2017-10-04,16.87752342224121
2017-10-05,16.927419662475586
2017-10-06,16.790197372436523
2017-10-09,16.73406410217285
2017-10-10,16.490825653076172
2017-10-11,16.5032901763916
2017-10-12,16.48458480834961
2017-10-13,16.447162628173828
2017-10-16,16.35361099243164
2017-10-17,16.515775680541992
2017-10-18,16.509532928466797
2017-10-19,16.440921783447266
2017-10-20,16.440921783447266
2017-10-23,16.203914642333984
2017-10-24,15.98562240600586
2017-10-25,15.817217826843262
2017-10-26,15.723665237426758
2017-10-27,15.948199272155762
2017-10-30,15.966902732849121
2017-10-31,16.11659812927246
2017-11-01,16.228862762451172
2017-11-02,16.80891227722168
2017-11-03,17.163053512573242
2017-11-06,16.973331451416016
2017-11-07,17.07452392578125
2017-11-08,17.068199157714844
2017-11-09,17.087162017822266
2017-11-10,17.080839157104492
2017-11-13,17.219966888427734
2017-11-14,17.087162017822266
2017-11-15,17.017602920532227
2017-11-16,16.973331451416016
2017-11-17,16.948034286499023
2017-11-20,16.948034286499023
2017-11-21,16.948034286499023
2017-11-22,16.89112663269043
2017-11-24,16.998626708984375
2017-11-27,16.878477096557617
2017-11-28,16.789939880371094
2017-11-29,17.011276245117188
2017-11-30,16.720378875732422
2017-12-01,16.859500885009766
2017-12-04,16.695079803466797
2017-12-05,16.796262741088867
2017-12-06,16.82788848876953
2017-12-07,16.92906379699707
2017-12-08,16.935392379760742
2017-12-11,16.89744758605957
2017-12-12,17.163053512573242
2017-12-13,17.0555419921875
2017-12-14,16.954360961914062
2017-12-15,16.96700668334961
2017-12-18,17.061864852905273
2017-12-19,16.505367279052734
2017-12-20,16.340944290161133
2017-12-21,16.189170837402344
2017-12-22,16.23343849182129
2017-12-26,16.41050910949707
2017-12-27,16.35991096496582
2017-12-28,16.461097717285156
2017-12-29,16.492717742919922
2018-01-02,16.38520622253418
2018-01-03,16.378887176513672
2018-01-04,15.974154472351074
2018-01-05,15.816059112548828
2018-01-08,15.828709602355957
2018-01-09,15.493536949157715
2018-01-10,15.405007362365723
2018-01-11,15.284856796264648
2018-01-12,14.949687004089355
2018-01-16,15.000273704528809
2018-01-17,15.000273704528809
2018-01-18,14.753647804260254
2018-01-19,14.810563087463379
2018-01-22,14.956013679504395
2018-01-23,15.354416847229004
2018-01-24,15.310145378112793
2018-01-25,15.417654037475586
2018-01-26,15.322795867919922
2018-01-29,15.183672904968262
2018-01-30,14.911744117736816
2018-01-31,15.22793960571289
2018-02-01,14.90541934967041
2018-02-02,15.088813781738281
2018-02-05,14.703055381774902
2018-02-06,14.83586597442627
2018-02-07,14.785266876220703
2018-02-08,14.317293167114258
2018-02-09,14.67776107788086
2018-02-12,14.450101852416992
2018-02-13,14.418481826782227
2018-02-14,13.994222640991211
2018-02-15,14.328486442565918
2018-02-16,14.57918643951416
2018-02-20,14.431337356567383
2018-02-21,14.013501167297363
2018-02-22,14.071357727050781
2018-02-23,14.373483657836914
2018-02-26,14.424909591674805
2018-02-27,13.981356620788574
2018-02-28,13.910651206970215
2018-03-01,14.09707260131836
2018-03-02,14.039216041564941
2018-03-05,14.309199333190918
2018-03-06,14.328486442565918
2018-03-07,14.54704475402832
2018-03-08,14.694893836975098
2018-03-09,14.527764320373535
2018-03-12,14.862027168273926
2018-03-13,14.784891128540039
2018-03-14,14.7527494430542
2018-03-15,14.7527494430542
2018-03-16,14.907028198242188
2018-03-19,14.829882621765137
2018-03-20,14.57918643951416
2018-03-21,14.47633171081543
2018-03-22,14.534183502197266
2018-03-23,14.328486442565918
2018-03-26,14.341344833374023
2018-03-27,14.649896621704102
2018-03-28,15.035590171813965
2018-03-29,14.93273639678955
2018-04-02,14.900601387023926
2018-04-03,14.7527494430542
2018-04-04,15.022732734680176
2018-04-05,14.887736320495605
2018-04-06,14.913448333740234
2018-04-09,14.874882698059082
2018-04-10,14.797746658325195
2018-04-11,14.707752227783203
2018-04-12,14.296343803405762
2018-04-13,14.412053108215332
2018-04-16,14.48276424407959
2018-04-17,14.643465042114258
2018-04-18,14.57275104522705
2018-04-19,14.373483657836914
2018-04-20,14.064927101135254
2018-04-23,14.090641975402832
2018-04-24,14.341344833374023
2018-04-25,14.36062240600586
2018-04-26,14.38633918762207
2018-04-27,15.003449440002441
2018-04-30,15.016305923461914
2018-05-01,15.215577125549316
2018-05-02,15.067728996276855
2018-05-03,15.12558650970459
2018-05-04,15.308453559875488
2018-05-07,15.530494689941406
2018-05-08,15.360692024230957
2018-05-09,15.595808029174805
2018-05-10,15.713364601135254
2018-05-11,15.72642707824707
2018-05-14,15.537030220031738
2018-05-15,15.26273250579834
2018-05-16,15.23660945892334
2018-05-17,15.112520217895508
2018-05-18,15.034152030944824
2018-05-21,15.105993270874023
2018-05-22,15.08639144897461
2018-05-23,15.158236503601074
2018-05-24,15.092930793762207
2018-05-25,15.360692024230957
2018-05-29,15.478253364562988
2018-05-30,15.654590606689453
2018-05-31,15.654590606689453
2018-06-01,15.889694213867188
2018-06-04,15.883166313171387
2018-06-05,15.79826545715332
2018-06-06,15.693772315979004
2018-06-07,15.85704517364502
2018-06-08,15.896230697631836
2018-06-11,15.791731834411621
2018-06-12,15.850513458251953
2018-06-13,15.360692024230957
2018-06-14,15.58928108215332
2018-06-15,15.687241554260254
2018-06-18,15.641529083251953
2018-06-19,15.674178123474121
2018-06-20,16.000728607177734
2018-06-21,16.0791015625
2018-06-22,16.209712982177734
2018-06-25,16.307676315307617
2018-06-26,16.405641555786133
2018-06-27,16.37298583984375
2018-06-28,16.784440994262695
2018-06-29,16.862804412841797
2018-07-02,16.68647003173828
2018-07-03,16.882402420043945
2018-07-05,17.104450225830078
2018-07-06,17.137104034423828
2018-07-09,16.934648513793945
2018-07-10,16.986892700195312
2018-07-11,16.934648513793945
2018-07-12,16.90199089050293
2018-07-13,16.875864028930664
2018-07-16,16.83668327331543
2018-07-17,16.699535369873047
2018-07-18,16.65381622314453
2018-07-19,16.993427276611328
2018-07-20,16.967300415039062
2018-07-23,16.999956130981445
2018-07-24,16.895465850830078
2018-07-25,17.130571365356445
2018-07-26,17.208946228027344
2018-07-27,16.62116050720215
2018-07-30,16.640748977661133
2018-07-31,16.915048599243164
2018-08-01,16.980361938476562
2018-08-02,17.006484985351562
2018-08-03,17.529861450195312
2018-08-06,17.39735984802246
2018-08-07,17.536489486694336
2018-08-08,17.284732818603516
2018-08-09,17.33110809326172
2018-08-10,17.21186065673828
2018-08-13,17.25823211669922
2018-08-14,17.410614013671875
2018-08-15,17.794862747192383
2018-08-16,17.874361038208008
2018-08-17,18.03337287902832
2018-08-20,17.933988571166992
2018-08-21,17.841243743896484
2018-08-22,17.715360641479492
2018-08-23,17.695491790771484
2018-08-24,17.702110290527344
2018-08-27,17.702110290527344
2018-08-28,17.907493591308594
2018-08-29,17.9273681640625
2018-08-30,17.841243743896484
2018-08-31,17.907493591308594
2018-09-04,17.582868576049805
2018-09-05,17.64911460876465
2018-09-06,17.874361038208008
2018-09-07,17.523235321044922
2018-09-10,17.642488479614258
2018-09-11,17.66236686706543
2018-09-12,17.642488479614258
2018-09-13,17.76836585998535
2018-09-14,17.423866271972656
2018-09-17,17.715360641479492
2018-09-18,17.410614013671875
2018-09-19,17.30461311340332
2018-09-20,17.45699119567871
2018-09-21,17.483488082885742
2018-09-24,17.026363372802734
2018-09-25,17.15886116027832
2018-09-26,16.933612823486328
2018-09-27,16.993236541748047
2018-09-28,17.437110900878906
2018-10-01,17.085987091064453
2018-10-02,16.973358154296875
2018-10-03,16.814359664916992
2018-10-04,16.774606704711914
2018-10-05,16.69510841369629
2018-10-08,16.99985694885254
2018-10-09,17.165491104125977
2018-10-10,17.092605590820312
2018-10-11,16.436737060546875
2018-10-12,16.3704776763916
2018-10-15,16.549360275268555
2018-10-16,17.013107299804688
2018-10-17,17.079360961914062
2018-10-18,17.15224266052246
2018-10-19,17.4901123046875
2018-10-22,17.191991806030273
2018-10-23,17.311237335205078
2018-10-24,17.755115509033203
2018-10-25,17.907493591308594
2018-10-26,17.54973793029785
2018-10-29,17.900861740112305
2018-10-30,18.119487762451172
2018-10-31,18.25199317932129
2018-11-01,18.636241912841797
2018-11-02,18.528833389282227
2018-11-05,18.945058822631836
2018-11-06,19.12632179260254
2018-11-07,19.280725479125977
2018-11-08,19.314292907714844
2018-11-09,19.34786605834961
2018-11-12,19.34786605834961
2018-11-13,19.321006774902344
2018-11-14,19.106178283691406
2018-11-15,19.072614669799805
2018-11-16,19.180030822753906
2018-11-19,19.24044418334961
2018-11-20,19.428422927856445
2018-11-21,19.374710083007812
2018-11-23,19.30757713317871
2018-11-26,19.294153213500977
2018-11-27,19.50897789001465
2018-11-28,19.401569366455078
2018-11-29,19.334434509277344
2018-11-30,19.643245697021484
2018-12-03,19.576112747192383
2018-12-04,19.522411346435547
2018-12-06,20.294437408447266
2018-12-07,20.052764892578125
2018-12-10,20.00576400756836
2018-12-11,19.871503829956055
2018-12-12,19.40827751159668
2018-12-13,19.468692779541016
2018-12-14,19.435136795043945
2018-12-17,18.783937454223633
2018-12-18,19.173311233520508
2018-12-19,19.02562141418457
2018-12-20,19.314292907714844
2018-12-21,18.978626251220703
2018-12-24,17.97162628173828
2018-12-26,18.7570858001709
2018-12-27,18.669815063476562
2018-12-28,18.71680450439453
2018-12-31,18.7503719329834
2019-01-02,18.112600326538086
2019-01-03,18.763795852661133
2019-01-04,18.7772274017334
2019-01-07,18.998769760131836
2019-01-08,19.206880569458008
2019-01-09,19.13974380493164
2019-01-10,19.381425857543945
2019-01-11,19.47541618347168
2019-01-14,19.44855308532715
2019-01-15,19.784229278564453
2019-01-16,19.931921005249023
2019-01-17,20.012481689453125
2019-01-18,20.05947494506836
2019-01-22,20.072900772094727
2019-01-23,20.066186904907227
2019-01-24,20.019197463989258
2019-01-25,20.388425827026367
2019-01-28,20.562971115112305
2019-01-29,20.65024757385254
2019-01-30,20.75094223022461
2019-01-31,21.173891067504883
2019-02-01,20.938919067382812
2019-02-04,20.959064483642578
2019-02-05,21.032909393310547
2019-02-06,20.87178611755371
2019-02-07,21.05976676940918
2019-02-08,20.97248077392578
2019-02-11,20.87178611755371
2019-02-12,20.401851654052734
2019-02-13,20.64352798461914
2019-02-14,20.771089553833008
2019-02-15,20.954544067382812
2019-02-19,21.036073684692383
2019-02-20,20.947751998901367
2019-02-21,21.070051193237305
2019-02-22,21.233121871948242
2019-02-25,20.9273624420166
2019-02-26,21.008901596069336
2019-02-27,20.913772583007812
2019-02-28,20.906984329223633
2019-03-01,20.737117767333984
2019-03-04,20.791475296020508
2019-03-05,20.879798889160156
2019-03-06,20.68955421447754
2019-03-07,20.65558624267578
2019-03-08,20.635196685791016
2019-03-11,21.022491455078125
2019-03-12,21.131208419799805
2019-03-13,21.21953773498535
2019-03-14,21.2670955657959
2019-03-15,21.151582717895508
2019-03-18,20.70314598083496
2019-03-19,20.594432830810547
2019-03-20,20.845834732055664
2019-03-21,21.50490379333496
2019-03-22,21.50490379333496
2019-03-25,21.532085418701172
2019-03-26,21.640798568725586
2019-03-27,21.40978240966797
2019-03-28,21.532085418701172
2019-03-29,21.2670955657959
2019-04-01,21.185562133789062
2019-04-02,21.233121871948242
2019-04-03,21.21953773498535
2019-04-04,21.097232818603516
2019-04-05,21.205942153930664
2019-04-08,21.008901596069336
2019-04-09,20.920564651489258
2019-04-10,21.04287338256836
2019-04-11,20.974931716918945
2019-04-12,20.96813201904297
2019-04-15,20.934160232543945
2019-04-16,20.268291473388672
2019-04-17,19.806257247924805
2019-04-18,20.268291473388672
2019-04-22,19.887792587280273
2019-04-23,20.091632843017578
2019-04-24,20.247907638549805
2019-04-25,20.329437255859375
2019-04-26,20.553661346435547
2019-04-29,20.078039169311523
2019-04-30,20.23431396484375
2019-05-01,20.336238861083984
2019-05-02,20.75070571899414
2019-05-03,21.108352661132812
2019-05-06,20.82636070251465
2019-05-07,20.496219635009766
2019-05-08,20.42056655883789
2019-05-09,20.63378143310547
2019-05-10,20.860754013061523
2019-05-13,21.28718376159668
2019-05-14,21.239032745361328
2019-05-15,21.452253341674805
2019-05-16,21.69985580444336
2019-05-17,21.741127014160156
2019-05-20,21.33533477783203
2019-05-21,21.49352264404297
2019-05-22,21.548545837402344
2019-05-23,21.864933013916016
2019-05-24,21.892440795898438
2019-05-28,21.59668731689453
2019-05-29,21.452253341674805
2019-05-30,21.59668731689453
2019-05-31,21.809904098510742
2019-06-03,21.87868309020996
2019-06-04,21.30093765258789
2019-06-05,21.68610382080078
2019-06-06,21.899320602416992
2019-06-07,21.82366371154785
2019-06-10,21.62420082092285
2019-06-11,21.68610382080078
2019-06-12,21.734251022338867
2019-06-13,21.968101501464844
2019-06-14,22.091894149780273
2019-06-17,22.325756072998047
2019-06-18,22.181324005126953
2019-06-19,22.30512046813965
2019-06-20,22.896617889404297
2019-06-21,22.490819931030273
2019-06-24,22.559606552124023
2019-06-25,22.167566299438477
2019-06-26,21.734251022338867
2019-06-27,21.87180519104004
2019-06-28,21.9956111907959
2019-07-01,21.713623046875
2019-07-02,22.394529342651367
2019-07-03,22.662769317626953
2019-07-05,22.47706413269043
2019-07-08,22.745302200317383
2019-07-09,22.77281951904297
2019-07-10,22.88286590576172
2019-07-11,22.44267463684082
2019-07-12,22.40140724182129
2019-07-15,22.22258186340332
2019-07-16,22.195066452026367
2019-07-17,22.387653350830078
2019-07-18,22.449546813964844
2019-07-19,21.830535888671875
2019-07-22,21.7548828125
2019-07-23,22.11941146850586
2019-07-24,21.974973678588867
2019-07-25,21.864933013916016
2019-07-26,22.064393997192383
2019-07-29,22.064393997192383
2019-07-30,22.181324005126953
2019-07-31,21.961225509643555
2019-08-01,22.525209426879883
2019-08-02,22.879993438720703
2019-08-05,22.57390785217285
2019-08-06,22.803470611572266
2019-08-07,23.45043182373047
2019-08-08,23.798250198364258
2019-08-09,23.721729278564453
2019-08-12,23.457382202148438
2019-08-13,23.387821197509766
2019-08-14,23.297386169433594
2019-08-15,23.86086082458496
2019-08-16,23.986080169677734
2019-08-19,24.09042739868164
2019-08-20,23.64520835876465
2019-08-21,23.826082229614258
2019-08-22,24.020858764648438
2019-08-23,23.756515502929688
2019-08-26,23.9652099609375
2019-08-27,24.06260108947754
2019-08-28,24.09042739868164
2019-08-29,24.173906326293945
2019-08-30,24.14607810974121
2019-09-03,24.723474502563477
2019-09-04,25.036514282226562
2019-09-05,24.59130096435547
2019-09-06,24.751300811767578
2019-09-09,24.49390411376953
2019-09-10,24.132164001464844
2019-09-11,24.06955909729004
2019-09-12,24.076509475708008
2019-09-13,23.471302032470703
2019-09-16,23.721729278564453
2019-09-17,24.424345016479492
2019-09-18,24.313034057617188
2019-09-19,24.410436630249023
2019-09-20,24.354772567749023
2019-09-23,24.389556884765625
2019-09-24,24.59130096435547
2019-09-25,24.410436630249023
2019-09-26,24.612167358398438
2019-09-27,24.709564208984375
2019-09-30,24.786081314086914
2019-10-01,24.841739654541016
2019-10-02,24.95998764038086
2019-10-03,25.17564582824707
2019-10-04,25.31477165222168
2019-10-07,25.26607894897461
2019-10-08,25.35651206970215
2019-10-09,25.35651206970215
2019-10-10,25.426076889038086
2019-10-11,25.286945343017578
2019-10-14,25.495651245117188
2019-10-15,25.537384033203125
2019-10-16,25.627824783325195
2019-10-17,25.73912811279297
2019-10-18,26.010417938232422
2019-10-21,26.135652542114258
2019-10-22,26.10086441040039
2019-10-23,26.38608741760254
2019-10-24,26.14955711364746
2019-10-25,25.252166748046875
2019-10-28,25.147825241088867
2019-10-29,25.321733474731445
2019-10-30,25.6626033782959
2019-10-31,26.170429229736328
2019-11-01,25.791038513183594
2019-11-04,25.137664794921875
2019-11-05,25.137664794921875
2019-11-06,24.25945472717285
2019-11-07,23.63418197631836
2019-11-08,23.669309616088867
2019-11-11,23.47258758544922
2019-11-12,23.36017608642578
2019-11-13,23.823871612548828
2019-11-14,23.88007164001465
2019-11-15,24.2032527923584
2019-11-18,24.41402816772461
2019-11-19,24.589656829833984
2019-11-20,24.65290069580078
2019-11-21,24.125965118408203
2019-11-22,24.168123245239258
2019-11-25,24.17514991760254
2019-11-26,24.491300582885742
2019-11-27,24.65992546081543
2019-11-29,24.505352020263672
2019-12-02,23.767669677734375
2019-12-03,24.154069900512695
2019-12-04,24.161100387573242
2019-12-05,24.25945472717285
2019-12-06,24.125965118408203
2019-12-09,24.02058982849121
2019-12-10,23.64120101928711
2019-12-11,23.318029403686523
2019-12-12,22.699771881103516
2019-12-13,22.65761947631836
2019-12-16,22.78407859802246
2019-12-17,22.503049850463867
2019-12-18,22.78407859802246
2019-12-19,23.107263565063477
2019-12-20,23.648229598999023
2019-12-23,23.479616165161133
2019-12-24,23.535823822021484
2019-12-26,23.676334381103516
2019-12-27,23.88007164001465
2019-12-30,23.92925453186035
2019-12-31,24.217296600341797
2020-01-02,23.66228485107422
2020-01-03,24.118946075439453
2020-01-06,24.343769073486328
2020-01-07,24.1892032623291
2020-01-08,24.231359481811523
2020-01-09,24.364850997924805
2020-01-10,24.540483474731445
2020-01-13,24.821502685546875
2020-01-14,24.730178833007812
2020-01-15,25.004167556762695
2020-01-16,25.59432601928711
2020-01-17,25.467864990234375
2020-01-21,25.833202362060547
2020-01-22,25.65052604675293
2020-01-23,26.015865325927734
2020-01-24,25.99478530883789
2020-01-27,25.854270935058594
2020-01-28,25.791038513183594
2020-01-29,25.75591468811035
2020-01-30,25.65052604675293
2020-01-31,25.285194396972656
2020-02-03,25.369510650634766
2020-02-04,25.608373641967773
2020-02-05,25.495973587036133
2020-02-06,25.51704978942871
2020-02-07,25.5100154876709
2020-02-10,25.924531936645508
2020-02-11,25.70672607421875
2020-02-12,25.819150924682617
2020-02-13,26.191497802734375
2020-02-14,26.4753475189209
2020-02-18,26.48953628540039
2020-02-19,26.127643585205078
2020-02-20,26.461149215698242
2020-02-21,26.3618106842041
2020-02-24,26.32632827758789
2020-02-25,25.30449867248535
2020-02-26,24.800676345825195
2020-02-27,23.25374412536621
2020-02-28,22.45188331604004
2020-03-02,23.29631805419922
2020-03-03,23.58016014099121
2020-03-04,24.531028747558594
2020-03-05,24.56650733947754
2020-03-06,23.927865982055664
2020-03-09,22.16804313659668
2020-03-10,22.778301239013672
2020-03-11,20.606916427612305
2020-03-12,17.82526397705078
2020-03-13,20.479188919067383
2020-03-16,15.802897453308105
2020-03-17,16.5479736328125
2020-03-18,14.795255661010742
2020-03-19,14.248857498168945
2020-03-20,14.873309135437012
2020-03-23,14.156611442565918
2020-03-24,15.015229225158691
2020-03-25,15.540336608886719
2020-03-26,17.257579803466797
2020-03-27,17.761402130126953
2020-03-30,17.278873443603516
2020-03-31,16.924072265625
2020-04-01,15.107479095458984
2020-04-02,14.483027458190918
2020-04-03,14.397872924804688
2020-04-06,16.406051635742188
2020-04-07,16.959552764892578
2020-04-08,18.932249069213867
2020-04-09,20.117292404174805
2020-04-13,19.052881240844727
2020-04-14,19.400588989257812
2020-04-15,18.094911575317383
2020-04-16,17.555620193481445
2020-04-17,18.63421630859375
2020-04-20,18.016857147216797
2020-04-21,17.37821388244629
2020-04-22,17.65496253967285
2020-04-23,17.257579803466797
2020-04-24,17.1937198638916
2020-04-27,17.96718406677246
2020-04-28,18.811616897583008
2020-04-29,19.379301071166992
2020-04-30,18.549062728881836
2020-05-01,17.846555709838867
2020-05-04,17.83235740661621
2020-05-05,17.882034301757812
2020-05-06,17.051799774169922
2020-05-07,16.90045166015625
2020-05-08,17.477014541625977
2020-05-11,17.10944938659668
2020-05-12,15.812192916870117
2020-05-13,15.531115531921387
2020-05-14,16.021198272705078
2020-05-15,15.812192916870117
2020-05-18,17.340076446533203
2020-05-19,17.34728240966797
2020-05-20,17.25359344482422
2020-05-21,17.45538902282715
2020-05-22,17.69322395324707
2020-05-26,18.406719207763672
2020-05-27,18.543649673461914
2020-05-28,18.4427490234375
2020-05-29,17.758085250854492
2020-06-01,18.392303466796875
2020-06-02,18.795888900756836
2020-06-03,19.891361236572266
2020-06-04,20.021087646484375
2020-06-05,21.152585983276367
2020-06-08,21.491317749023438
2020-06-09,21.087726593017578
2020-06-10,20.29495620727539
2020-06-11,18.911205291748047
2020-06-12,19.804880142211914
2020-06-15,20.29495620727539
2020-06-16,20.576026916503906
2020-06-17,20.158016204833984
2020-06-18,20.179645538330078
2020-06-19,18.96886444091797
2020-06-22,19.36525535583496
2020-06-23,19.437318801879883
2020-06-24,18.731033325195312
2020-06-25,19.163455963134766
2020-06-26,19.091379165649414
2020-06-29,19.58866310119629
2020-06-30,19.862533569335938
2020-07-01,20.770614624023438
2020-07-02,20.518367767333984
2020-07-06,19.956220626831055
2020-07-07,19.494976043701172
2020-07-08,19.35083770751953
2020-07-09,19.358036041259766
2020-07-10,19.213895797729492
2020-07-13,18.976072311401367
2020-07-14,18.86796760559082
2020-07-15,19.35083770751953
2020-07-16,18.911205291748047
2020-07-17,19.5382137298584
2020-07-20,18.51482582092285
2020-07-21,18.644550323486328
2020-07-22,19.322006225585938
2020-07-23,19.1562442779541
2020-07-24,18.911205291748047
2020-07-27,19.069759368896484
2020-07-28,19.696765899658203
2020-07-29,20.107574462890625
2020-07-30,20.021087646484375
2020-07-31,19.667943954467773
2020-08-03,19.37965965270996
2020-08-04,19.682357788085938
2020-08-05,19.58866310119629
2020-08-06,20.215673446655273
2020-08-07,20.61927032470703
2020-08-10,20.92196273803711
2020-08-11,20.33819580078125
2020-08-12,20.640884399414062
2020-08-13,20.02758026123047
2020-08-14,19.720922470092773
2020-08-17,20.07868766784668
2020-08-18,20.210113525390625
2020-08-19,19.70631980895996
2020-08-20,20.012975692749023
2020-08-21,20.042179107666016
2020-08-24,20.399946212768555
2020-08-25,20.23931312561035
2020-08-26,19.932659149169922
2020-08-27,20.480260848999023
2020-08-28,20.779613494873047
2020-08-31,20.18090057373047
2020-09-01,20.049482345581055
2020-09-02,20.852628707885742
2020-09-03,20.74310874938965
2020-09-04,20.699304580688477
2020-09-08,20.2612247467041
2020-09-09,20.516767501831055
2020-09-10,20.392650604248047
2020-09-11,20.363441467285156
2020-09-14,20.998659133911133
2020-09-15,21.02056121826172
2020-09-16,20.940242767333984
2020-09-17,20.516767501831055
2020-09-18,19.42156219482422
2020-09-21,19.195226669311523
2020-09-22,19.42156219482422
2020-09-23,18.67683219909668
2020-09-24,18.968887329101562
2020-09-25,19.516483306884766
2020-09-28,19.95456886291504
2020-09-29,19.750125885009766
2020-09-30,19.823143005371094
2020-10-01,20.472959518432617
2020-10-02,20.80882453918457
2020-10-05,20.648195266723633
2020-10-06,20.62628746032715
2020-10-07,20.691997528076172
2020-10-08,21.20309066772461
2020-10-09,20.90374183654785
2020-10-12,20.81612205505371
2020-10-13,20.348840713500977
2020-10-14,20.085983276367188
2020-10-15,20.166301727294922
2020-10-16,19.735525131225586
2020-10-19,19.377756118774414
2020-10-20,19.77933692932129
2020-10-21,20.012975692749023
2020-10-22,20.78692054748535
2020-10-23,21.005958557128906
2020-10-26,20.399946212768555
2020-10-27,19.969167709350586
2020-10-28,19.406967163085938
2020-10-29,20.093290328979492
2020-10-30,19.69171905517578
2020-11-02,20.62628746032715
2020-11-03,20.83072280883789
2020-11-04,20.823427200317383
2020-11-05,20.92564582824707
2020-11-06,20.502164840698242
2020-11-09,21.254207611083984
2020-11-10,21.71271514892578
2020-11-11,21.505647659301758
2020-11-12,21.13588523864746
2020-11-13,21.971555709838867
2020-11-16,22.725875854492188
2020-11-17,22.785037994384766
2020-11-18,22.444854736328125
2020-11-19,22.629735946655273
2020-11-20,22.607547760009766
2020-11-23,22.56317901611328
2020-11-24,22.755456924438477
2020-11-25,22.56317901611328
2020-11-27,22.097274780273438
2020-11-30,21.342945098876953
2020-12-01,21.93457794189453
2020-12-02,21.816247940063477
2020-12-03,22.237783432006836
2020-12-04,22.622337341308594
2020-12-07,22.7332763671875
2020-12-08,22.836807250976562
2020-12-09,22.548389434814453
2020-12-10,21.8458309173584
2020-12-11,21.69053077697754
2020-12-14,21.35773468017578
2020-12-15,22.1490421295166
2020-12-16,22.467039108276367
2020-12-17,22.548389434814453
2020-12-18,22.06029510498047
2020-12-21,21.727506637573242
2020-12-22,21.941967010498047
2020-12-23,21.831043243408203
2020-12-24,22.00853157043457
2020-12-28,22.126853942871094
2020-12-29,22.00853157043457
2020-12-30,22.082481384277344
2020-12-31,22.356107711791992
2021-01-04,21.365129470825195
2021-01-05,21.513044357299805
2021-01-06,21.59439468383789
2021-01-07,21.017553329467773
2021-01-08,21.143272399902344
2021-01-11,21.054529190063477
2021-01-12,21.158061981201172
2021-01-13,21.771875381469727
2021-01-14,22.075088500976562
2021-01-15,22.156435012817383
2021-01-19,21.55741310119629
2021-01-20,22.304340362548828
2021-01-21,22.134246826171875
2021-01-22,22.31913185119629
2021-01-25,22.474435806274414
2021-01-26,22.282150268554688
2021-01-27,21.57220458984375
2021-01-28,22.193410873413086
2021-01-29,21.92717742919922
2021-02-01,22.467039108276367
2021-02-02,22.437456130981445
2021-02-03,22.592758178710938
2021-02-04,22.6962947845459
2021-02-05,22.5557861328125
2021-02-08,22.378292083740234
2021-02-09,22.126853942871094
2021-02-10,22.65931510925293
2021-02-11,23.073457717895508
2021-02-12,22.88117790222168
2021-02-16,22.296945571899414
2021-02-17,22.407875061035156
2021-02-18,22.356107711791992
2021-02-19,22.244062423706055
2021-02-22,22.542844772338867
2021-02-23,22.946197509765625
2021-02-24,23.379426956176758
2021-02-25,22.244062423706055
2021-02-26,21.728679656982422
2021-03-01,22.09467887878418
2021-03-02,22.23659896850586
2021-03-03,21.855655670166016
2021-03-04,22.02745246887207
2021-03-05,22.2664737701416
2021-03-08,22.587657928466797
2021-03-09,22.58019256591797
2021-03-10,22.983545303344727
2021-03-11,23.252445220947266
2021-03-12,23.723020553588867
2021-03-15,23.954574584960938
2021-03-16,23.999387741088867
2021-03-17,24.26828956604004
2021-03-18,23.96204376220703
2021-03-19,23.850000381469727
2021-03-22,23.633386611938477
2021-03-23,23.708086013793945
2021-03-24,23.409305572509766
2021-03-25,23.50640296936035
2021-03-26,23.947105407714844
2021-03-29,23.693143844604492
2021-03-30,23.88735008239746
2021-03-31,23.708086013793945
2021-04-01,24.432619094848633
2021-04-05,24.111434936523438
2021-04-06,24.328048706054688
2021-04-07,24.372861862182617
2021-04-08,24.372861862182617
2021-04-09,24.193601608276367
2021-04-12,24.529726028442383
2021-04-13,24.679113388061523
2021-04-14,24.283235549926758
2021-04-15,24.76127052307129
2021-04-16,24.835975646972656
2021-04-19,24.910667419433594
2021-04-20,25.433528900146484
2021-04-21,25.63520622253418
2021-04-22,25.426061630249023
2021-04-23,25.388710021972656
2021-04-26,25.52315902709961
2021-04-27,25.3364315032959
2021-04-28,25.08246421813965
2021-04-29,25.29907989501953
2021-04-30,25.650135040283203
2021-05-03,25.508224487304688
2021-05-04,25.4185848236084
2021-05-05,24.716461181640625
2021-05-06,25.060060501098633
2021-05-07,25.263559341430664
2021-05-10,25.25601577758789
2021-05-11,24.743513107299805
2021-05-12,24.200851440429688
2021-05-13,24.547548294067383
2021-05-14,24.931934356689453
2021-05-17,25.11281394958496
2021-05-18,25.17310905456543
2021-05-19,25.060060501098633
2021-05-20,25.007293701171875
2021-05-21,24.8264102935791
2021-05-24,25.21079444885254
2021-05-25,25.28615951538086
2021-05-26,25.075132369995117
2021-05-27,24.8264102935791
2021-05-28,25.158042907714844
2021-06-01,25.678077697753906
2021-06-02,25.760984420776367
2021-06-03,25.51980209350586
2021-06-04,25.391677856445312
2021-06-07,25.69314956665039
2021-06-08,25.828811645507812
2021-06-09,26.085063934326172
2021-06-10,26.333782196044922
2021-06-11,26.213191986083984
2021-06-14,26.60511589050293
2021-06-15,26.205656051635742
2021-06-16,25.798667907714844
2021-06-17,25.738367080688477
2021-06-18,24.939468383789062
2021-06-21,25.504732131958008
2021-06-22,25.384138107299805
2021-06-23,25.504732131958008
2021-06-24,25.51980209350586
2021-06-25,25.617782592773438
2021-06-28,25.28615951538086
2021-06-29,25.384138107299805
2021-06-30,25.090208053588867
2021-07-01,25.105276107788086
2021-07-02,25.180644989013672
2021-07-06,25.602710723876953
2021-07-07,25.88157081604004
2021-07-08,25.760984420776367
2021-07-09,26.198110580444336
2021-07-12,26.371471405029297
2021-07-13,25.987091064453125
2021-07-14,26.356395721435547
2021-07-15,26.59003448486328
2021-07-16,26.801071166992188
2021-07-19,26.333782196044922
2021-07-20,27.1326961517334
2021-07-21,27.230669021606445
2021-07-22,27.17790985107422
2021-07-23,27.3361873626709
2021-07-26,27.4266357421875
2021-07-27,27.863767623901367
2021-07-28,27.765789031982422
2021-07-29,27.991893768310547
2021-07-30,27.863767623901367
2021-08-02,27.630130767822266
2021-08-03,27.69041633605957
2021-08-04,27.848691940307617
2021-08-05,28.15770149230957
2021-08-06,27.618253707885742
2021-08-09,27.45870018005371
2021-08-10,26.873668670654297
2021-08-11,26.767295837402344
2021-08-12,26.744495391845703
2021-08-13,27.22317123413086
2021-08-16,27.07120704650879
2021-08-17,27.109193801879883
2021-08-18,26.82807731628418
2021-08-19,26.70651626586914
2021-08-20,26.714113235473633
2021-08-23,26.546953201293945
2021-08-24,26.70651626586914
2021-08-25,26.767295837402344
2021-08-26,26.714113235473633
2021-08-27,26.972440719604492
2021-08-30,27.200368881225586
2021-08-31,27.35233497619629
2021-09-01,27.755014419555664
2021-09-02,27.823392868041992
2021-09-03,27.618253707885742
2021-09-07,27.17757797241211
2021-09-08,27.618253707885742
2021-09-09,27.056013107299805
2021-09-10,26.85846710205078
2021-09-13,26.957244873046875
2021-09-14,26.873668670654297
2021-09-15,26.79768180847168
2021-09-16,26.82048225402832
2021-09-17,26.470975875854492
2021-09-20,26.387401580810547
2021-09-21,26.174657821655273
2021-09-22,26.303821563720703
2021-09-23,26.21265411376953
2021-09-24,25.863149642944336
2021-09-27,25.544034957885742
2021-09-28,25.544034957885742
2021-09-29,25.84035301208496
2021-09-30,25.437665939331055
2021-10-01,25.74917984008789
2021-10-04,25.923931121826172
2021-10-05,25.4908504486084
2021-10-06,25.72638702392578
2021-10-07,25.665599822998047
2021-10-08,25.544034957885742
2021-10-11,25.658008575439453
2021-10-12,25.635211944580078
2021-10-13,25.825159072875977
2021-10-14,26.159467697143555
2021-10-15,26.319015502929688
2021-10-18,26.29622459411621
2021-10-19,26.167064666748047
2021-10-20,26.501367568969727
2021-10-21,26.425386428833008
2021-10-22,26.37980842590332
2021-10-25,26.167064666748047
2021-10-26,26.645729064941406
2021-10-27,27.09400177001953
2021-10-28,27.45870018005371
2021-10-29,26.98003578186035
2021-11-01,27.033226013183594
2021-11-02,26.881271362304688
2021-11-03,26.554555892944336
2021-11-04,26.053096771240234
2021-11-05,26.24471664428711
2021-11-08,26.06076431274414
2021-11-09,26.04543685913086
2021-11-10,26.053096771240234
2021-11-11,26.19873046875
2021-11-12,25.91513442993164
2021-11-15,26.183399200439453
2021-11-16,26.19873046875
2021-11-17,26.8195858001709
2021-11-18,26.69694709777832
2021-11-19,26.221723556518555
2021-11-22,25.968780517578125
2021-11-23,26.229389190673828
2021-11-24,26.589637756347656
2021-11-26,25.984107971191406
2021-11-29,26.106752395629883
2021-11-30,25.18695831298828
2021-12-01,24.918685913085938
2021-12-02,25.69285011291504
2021-12-03,25.66985321044922
2021-12-06,26.122081756591797
2021-12-07,26.19873046875
2021-12-08,26.466997146606445
2021-12-09,26.16806983947754
2021-12-10,25.899797439575195
2021-12-13,26.3826904296875
2021-12-14,26.06842613220215
2021-12-15,26.398019790649414
2021-12-16,26.635631561279297
2021-12-17,26.76593589782715
2021-12-20,26.742938995361328
2021-12-21,26.965227127075195
2021-12-22,27.149181365966797
2021-12-23,26.972881317138672
2021-12-27,27.36379051208496
2021-12-28,27.50177574157715
2021-12-29,27.670391082763672
2021-12-30,27.593751907348633
2021-12-31,27.662729263305664
2022-01-03,27.693384170532227
2022-01-04,28.099632263183594
2022-01-05,27.593751907348633
2022-01-06,27.56308937072754
2022-01-07,27.570756912231445
2022-01-10,27.463449478149414
2022-01-11,27.53242301940918
2022-01-12,27.593751907348633
2022-01-13,27.816022872924805
2022-01-14,27.655071258544922
2022-01-18,27.655071258544922
2022-01-19,27.36379051208496
2022-01-20,26.788930892944336
2022-01-21,26.857912063598633
2022-01-24,26.71994400024414
2022-01-25,26.94989585876465
2022-01-26,26.589637756347656
2022-01-27,26.321365356445312
2022-01-28,26.781261444091797
2022-01-31,27.11086082458496
2022-02-01,26.735271453857422
2022-02-02,26.597305297851562
2022-02-03,26.06076431274414
2022-02-04,25.309595108032227
2022-02-07,24.949344635009766
2022-02-08,25.00299644470215
2022-02-09,25.60086441040039
2022-02-10,24.88156509399414
2022-02-11,25.098134994506836
2022-02-14,24.827421188354492
2022-02-15,24.71141242980957
2022-02-16,24.76555061340332
2022-02-17,24.641799926757812
2022-02-18,24.54125213623047
2022-02-22,24.579927444458008
2022-02-23,23.883827209472656
2022-02-24,23.89156150817871
2022-02-25,24.471641540527344
2022-02-28,24.023046493530273
2022-03-01,23.78327751159668
2022-03-02,24.363359451293945
2022-03-03,24.91250228881836
2022-03-04,25.49258041381836
2022-03-07,24.87383270263672
2022-03-08,24.85062599182129
2022-03-09,24.927974700927734
2022-03-10,25.25282096862793
2022-03-11,25.067195892333984
2022-03-14,24.98211097717285
2022-03-15,25.25282096862793
2022-03-16,25.63180160522461
2022-03-17,25.7246150970459
2022-03-18,25.647266387939453
2022-03-21,25.662736892700195
2022-03-22,25.887033462524414
2022-03-23,25.778757095336914
2022-03-24,26.1113338470459
2022-03-25,26.505786895751953
2022-03-28,26.722349166870117
2022-03-29,27.294702529907227
2022-03-30,26.93891143798828
2022-03-31,26.552196502685547
2022-04-01,27.078128814697266
2022-04-04,27.263757705688477
2022-04-05,26.567663192749023
2022-04-06,27.348838806152344
2022-04-07,27.085865020751953
2022-04-08,27.240562438964844
2022-04-11,26.946645736694336
2022-04-12,27.132272720336914
2022-04-13,27.155479431152344
2022-04-14,27.09360694885254
2022-04-18,26.83063316345215
2022-04-19,26.9698486328125
2022-04-20,27.302431106567383
2022-04-21,27.379785537719727
2022-04-22,26.652740478515625
2022-04-25,26.51352310180664
2022-04-26,26.412979125976562
2022-04-27,26.11907386779785
2022-04-28,26.482589721679688
2022-04-29,25.37656593322754
2022-05-02,24.920236587524414
2022-05-03,25.55445671081543
2022-05-04,24.966644287109375
2022-05-05,24.34789276123047
2022-05-06,23.934024810791016
2022-05-09,23.44207000732422
2022-05-10,22.903261184692383
2022-05-11,23.098482131958008
2022-05-12,23.278087615966797
2022-05-13,23.488924026489258
2022-05-16,23.5748233795166
2022-05-17,24.121435165405273
2022-05-18,23.481111526489258
2022-05-19,22.864219665527344
2022-05-20,22.973543167114258
2022-05-23,22.981348037719727
2022-05-24,23.004776000976562
2022-05-25,23.0360107421875
2022-05-26,22.903261184692383
2022-05-27,23.488924026489258
2022-05-31,23.184375762939453
2022-06-01,22.903261184692383
2022-06-02,22.864219665527344
2022-06-03,22.40349769592285
2022-06-06,22.247316360473633
2022-06-07,22.450349807739258
2022-06-08,21.44300651550293
2022-06-09,20.271684646606445
2022-06-10,20.01399803161621
2022-06-13,18.772396087646484
2022-06-14,18.30386734008789
2022-06-15,19.030086517333984
2022-06-16,18.827056884765625
2022-06-17,18.912960052490234
2022-06-21,19.42833709716797
2022-06-22,19.6626033782959
2022-06-23,19.764116287231445
2022-06-24,20.381013870239258
2022-06-27,20.31854248046875
2022-06-28,19.88905906677246
2022-06-29,20.17798614501953
2022-06-30,20.23264503479004
2022-07-01,20.755842208862305
2022-07-05,20.57623291015625
2022-07-06,20.708984375
2022-07-07,20.615280151367188
2022-07-08,20.47471809387207
2022-07-11,20.52938461303711
2022-07-12,20.599658966064453
2022-07-13,20.271684646606445
2022-07-14,20.17017364501953
2022-07-15,20.47471809387207
2022-07-18,20.302927017211914
2022-07-19,20.654315948486328
2022-07-20,20.552804946899414
2022-07-21,20.81830406188965
2022-07-22,20.927629470825195
2022-07-25,20.880779266357422
2022-07-26,20.88858413696289
2022-07-27,21.005714416503906
2022-07-28,21.466440200805664
2022-07-29,21.575761795043945
2022-08-01,21.513290405273438
2022-08-02,21.318065643310547
2022-08-03,21.036954879760742
2022-08-04,20.990097045898438
2022-08-05,20.93482208251953
2022-08-08,21.495508193969727
2022-08-09,21.779802322387695
2022-08-10,22.25361442565918
2022-08-11,21.945634841918945
2022-08-12,22.403654098510742
2022-08-15,22.285200119018555
2022-08-16,22.308889389038086
2022-08-17,22.214130401611328
2022-08-18,22.198335647583008
2022-08-19,21.969322204589844
2022-08-22,21.9614315032959
2022-08-23,21.26649284362793
2022-08-24,21.392845153808594
2022-08-25,21.64554786682129
2022-08-26,21.18752098083496
2022-08-29,21.100656509399414
2022-08-30,20.761093139648438
2022-08-31,20.729503631591797
2022-09-01,20.761093139648438
2022-09-02,20.421524047851562
2022-09-06,20.66632843017578
2022-09-07,21.155942916870117
2022-09-08,21.053274154663086
2022-09-09,21.606061935424805
2022-09-12,21.74820899963379
2022-09-13,21.155942916870117
2022-09-14,20.863752365112305
2022-09-15,20.2951717376709
2022-09-16,20.31096649169922
2022-09-19,20.066158294677734
2022-09-20,19.47389030456543
2022-09-21,19.300153732299805
2022-09-22,19.387022018432617
2022-09-23,19.17380142211914
2022-09-26,18.510454177856445
2022-09-27,18.005050659179688
2022-09-28,18.431486129760742
2022-09-29,17.83131980895996
2022-09-30,18.099817276000977
2022-10-03,18.76316261291504
2022-10-04,18.857925415039062
2022-10-05,18.392009735107422
2022-10-06,17.83922004699707
2022-10-07,17.294326782226562
2022-10-10,17.06531524658203
2022-10-11,17.531240463256836
2022-10-12,17.499649047851562
2022-10-13,17.94977378845215
2022-10-14,17.58651351928711
2022-10-17,18.044538497924805
2022-10-18,18.289342880249023
2022-10-19,17.81552505493164
2022-10-20,17.728660583496094
2022-10-21,17.720766067504883
2022-10-24,17.554922103881836
2022-10-25,18.194583892822266
2022-10-26,18.162992477416992
2022-10-27,18.21826934814453
2022-10-28,18.771060943603516
2022-10-31,18.739469528198242
2022-11-01,18.79474639892578
2022-11-02,18.676292419433594
2022-11-03,18.944795608520508
2022-11-04,19.200695037841797
2022-11-07,19.352632522583008
2022-11-08,19.32863998413086
2022-11-09,19.112720489501953
2022-11-10,20.272289276123047
2022-11-11,20.328262329101562
2022-11-14,19.80046272277832
2022-11-15,20.152328491210938
2022-11-16,19.648521423339844
2022-11-17,19.5125732421875
2022-11-18,19.712501525878906
2022-11-21,20.14433479309082
2022-11-22,20.312267303466797
2022-11-23,20.2003116607666
2022-11-25,20.360252380371094
2022-11-28,19.84844398498535
2022-11-29,20.504196166992188
2022-11-30,21.000009536743164
2022-12-01,20.91204071044922
2022-12-02,20.936037063598633
2022-12-05,20.81608009338379
2022-12-06,20.64014434814453
2022-12-07,20.272289276123047
2022-12-08,20.408239364624023
2022-12-09,20.272289276123047
2022-12-12,20.232303619384766
2022-12-13,20.496198654174805
2022-12-14,20.384246826171875
2022-12-15,20.39223861694336
2022-12-16,20.112348556518555
2022-12-19,19.912418365478516
2022-12-20,19.784475326538086
2022-12-21,20.016380310058594
2022-12-22,19.936410903930664
2022-12-23,20.128339767456055
2022-12-27,20.24029541015625
2022-12-28,19.760482788085938
2022-12-29,20.152328491210938
2022-12-30,20.048368453979492
2023-01-03,20.344263076782227
2023-01-04,21.103967666625977
2023-01-05,20.76009750366211
2023-01-06,21.38386344909668
2023-01-09,21.008012771606445
2023-01-10,20.91204071044922
2023-01-11,21.655763626098633
2023-01-12,21.847686767578125
2023-01-13,21.631765365600586
2023-01-17,21.607778549194336
2023-01-18,21.38386344909668
2023-01-19,21.2799015045166
2023-01-20,21.471834182739258
2023-01-23,21.839689254760742
2023-01-24,21.751724243164062
2023-01-25,21.655763626098633
2023-01-26,21.823694229125977
2023-01-27,22.0156192779541
2023-01-30,21.7037410736084
2023-01-31,21.975637435913086
2023-02-01,21.927658081054688
2023-02-02,22.583402633666992
2023-02-03,22.09558868408203
2023-02-06,21.927658081054688
2023-02-07,21.775714874267578
2023-02-08,21.605907440185547
2023-02-09,21.274381637573242
2023-02-10,21.557388305664062
2023-02-13,21.41992950439453
2023-02-14,20.975196838378906
2023-02-15,21.06414222717285
2023-02-16,20.991365432739258
2023-02-17,21.128826141357422
2023-02-21,20.70026969909668
2023-02-22,20.28788185119629
2023-02-23,20.255538940429688
2023-02-24,19.851232528686523
2023-02-27,19.673341751098633
2023-02-28,19.455015182495117
2023-03-01,19.115406036376953
2023-03-02,19.244779586791992
2023-03-03,19.63291358947754
2023-03-06,19.56014060974121
2023-03-07,18.864742279052734
2023-03-08,19.01028823852539
2023-03-09,18.557470321655273
2023-03-10,17.3203067779541
2023-03-13,17.360736846923828
2023-03-14,17.433509826660156
2023-03-15,17.409252166748047
2023-03-16,17.296043395996094
2023-03-17,16.77045440673828
2023-03-20,16.980690002441406
2023-03-21,16.899831771850586
2023-03-22,16.358062744140625
2023-03-23,16.414663314819336
2023-03-24,16.907917022705078
2023-03-27,16.827054977416992
2023-03-28,16.8836612701416
2023-03-29,17.271791458129883
2023-03-30,17.53862953186035
2023-03-31,17.765033721923828
2023-04-03,17.562885284423828
2023-04-04,17.53054428100586
2023-04-05,17.368824005126953
2023-04-06,17.336475372314453
2023-04-10,17.53054428100586
2023-04-11,17.781206130981445
2023-04-12,17.409252166748047
2023-04-13,17.35264778137207
2023-04-14,16.9887752532959
2023-04-17,17.384994506835938
2023-04-18,17.15049934387207
2023-04-19,17.279874801635742
2023-04-20,17.029205322265625
2023-04-21,17.085805892944336
2023-04-24,17.142410278320312
2023-04-25,17.06963539123535
2023-04-26,16.794708251953125
2023-04-27,17.15049934387207
2023-04-28,17.765033721923828
2023-05-01,17.498193740844727
2023-05-02,17.12624168395996
2023-05-03,17.207103729248047
2023-05-04,17.287960052490234
2023-05-05,17.616008758544922
2023-05-08,17.40277862548828
2023-05-09,17.271556854248047
2023-05-10,17.287960052490234
2023-05-11,17.287960052490234
2023-05-12,17.1977481842041
2023-05-15,17.17314338684082
2023-05-16,16.631872177124023
2023-05-17,16.738483428955078
2023-05-18,16.566259384155273
2023-05-19,16.320226669311523
2023-05-22,16.484251022338867
2023-05-23,16.52525520324707
2023-05-24,16.10700035095215
2023-05-25,15.811758041381836
2023-05-26,15.967577934265137
2023-05-30,16.336627960205078
2023-05-31,16.369434356689453
2023-06-01,16.517053604125977
2023-06-02,16.99272346496582
2023-06-05,16.869699478149414
2023-06-06,17.369972229003906
2023-06-07,17.50118637084961
2023-06-08,17.16494369506836
2023-06-09,16.968116760253906
2023-06-12,17.01732635498047
2023-06-13,17.05832862854004
2023-06-14,16.976318359375
2023-06-15,17.025522232055664
2023-06-16,16.95171546936035
2023-06-20,16.54985809326172
2023-06-21,16.295623779296875
2023-06-22,16.024986267089844
2023-06-23,15.803560256958008
2023-06-26,16.295623779296875
2023-06-27,16.52525520324707
2023-06-28,16.254619598388672
2023-06-29,16.385833740234375
2023-06-30,16.484251022338867
2023-07-03,16.877904891967773
2023-07-05,17.033723831176758
2023-07-06,16.99272346496582
2023-07-07,16.853303909301758
2023-07-10,16.886106491088867
2023-07-11,17.30436134338379
2023-07-12,17.1977481842041
2023-07-13,17.533994674682617
2023-07-14,17.55039405822754
2023-07-17,17.361766815185547
2023-07-18,17.140342712402344
2023-07-19,17.566801071166992
2023-07-20,17.75542640686035
2023-07-21,17.837434768676758
2023-07-24,18.1408748626709
2023-07-25,18.0506649017334
2023-07-26,18.214685440063477
2023-07-27,17.89484405517578
2023-07-28,17.821035385131836
2023-07-31,17.903043746948242
2023-08-01,17.78822898864746
2023-08-02,17.722620010375977
2023-08-03,17.648805618286133
2023-08-04,17.657121658325195
2023-08-07,17.873369216918945
2023-08-08,17.515735626220703
2023-08-09,17.59890365600586
2023-08-10,17.41593360900879
2023-08-11,17.382665634155273
2023-08-14,17.174734115600586
2023-08-15,16.908592224121094
2023-08-16,16.8337345123291
2023-08-17,16.867008209228516
2023-08-18,16.708982467651367
2023-08-21,16.526004791259766
2023-08-22,16.492733001708984
2023-08-23,16.842056274414062
2023-08-24,16.817106246948242
2023-08-25,16.825416564941406
2023-08-28,16.950176239013672
2023-08-29,17.02503204345703
2023-08-30,17.2080078125
2023-08-31,17.116518020629883
2023-09-01,17.174734115600586
2023-09-05,16.966808319091797
2023-09-06,16.975126266479492
2023-09-07,16.74224853515625
2023-09-08,16.6507625579834
2023-09-11,16.43451690673828
2023-09-12,16.575902938842773
2023-09-13,16.517690658569336
2023-09-14,16.94186019897461
2023-09-15,16.958494186401367
2023-09-18,16.534318923950195
2023-09-19,16.584226608276367
2023-09-20,16.550954818725586
2023-09-21,15.852324485778809
2023-09-22,15.661029815673828
2023-09-25,15.56954574584961
2023-09-26,15.311716079711914
2023-09-27,15.012299537658691
2023-09-28,15.020617485046387
2023-09-29,15.270129203796387
2023-10-02,14.812688827514648
2023-10-03,14.405153274536133
2023-10-04,14.546547889709473
2023-10-05,14.463375091552734
2023-10-06,14.36357307434082
2023-10-09,14.588129997253418
2023-10-10,14.904178619384766
2023-10-11,15.087154388427734
2023-10-12,14.588129997253418
2023-10-13,14.463375091552734
2023-10-16,14.571494102478027
2023-10-17,14.480009078979492
2023-10-18,14.147323608398438
2023-10-19,13.872861862182617
2023-10-20,13.822957992553711
2023-10-23,13.723154067993164
2023-10-24,14.105744361877441
2023-10-25,13.639985084533691
2023-10-26,13.922764778137207
2023-10-27,13.656620025634766
2023-10-30,13.290666580200195
2023-10-31,12.933035850524902
2023-11-01,12.95798397064209
2023-11-02,13.99761962890625
2023-11-03,14.313667297363281
2023-11-06,14.195160865783691
2023-11-07,13.85657787322998
2023-11-08,13.958151817321777
2023-11-09,13.31484317779541
2023-11-10,13.492598533630371
2023-11-13,13.179408073425293
2023-11-14,14.33906078338623
2023-11-15,14.347522735595703
2023-11-16,14.008940696716309
2023-11-17,13.941222190856934
2023-11-20,14.085122108459473
2023-11-21,13.85657787322998
2023-11-22,14.07665729522705
2023-11-24,14.093585968017578
2023-11-27,14.186700820922852
2023-11-28,14.406776428222656
2023-11-29,14.508350372314453
2023-11-30,14.660715103149414
2023-12-01,15.40560245513916
2023-12-04,15.634148597717285
2023-12-05,15.54103946685791
2023-12-06,15.574893951416016
2023-12-07,15.88808536529541
2023-12-08,15.871158599853516
2023-12-11,15.88808536529541
2023-12-12,15.5241060256958
2023-12-13,16.24359703063965
2023-12-14,17.030807495117188
2023-12-15,16.548324584960938
2023-12-18,16.49753761291504
2023-12-19,16.77686882019043
2023-12-20,16.47214126586914
2023-12-21,16.421356201171875
2023-12-22,16.675294876098633
2023-12-26,16.895374298095703
2023-12-27,16.946163177490234
2023-12-28,17.08159637451172
2023-12-29,16.75994300842285
2024-01-02,16.954627990722656
2024-01-03,16.57372283935547
2024-01-04,16.641433715820312
2024-01-05,16.616043090820312
2024-01-08,16.912303924560547
2024-01-09,16.84458351135254
2024-01-10,16.903837203979492
2024-01-11,17.17470932006836
2024-01-12,17.6402587890625
2024-01-16,17.547151565551758
2024-01-17,16.96309471130371
2024-01-18,16.590648651123047
2024-01-19,16.717615127563477
2024-01-22,16.68376350402832
2024-01-23,16.395965576171875
2024-01-24,16.192813873291016
2024-01-25,16.387502670288086
2024-01-26,16.438289642333984
2024-01-29,16.26899528503418
2024-01-30,15.761117935180664
2024-01-31,15.659541130065918
2024-02-01,15.930405616760254
2024-02-02,15.498713493347168
2024-02-05,15.075479507446289
2024-02-06,15.304024696350098
2024-02-07,15.126270294189453
2024-02-08,15.227846145629883
2024-02-09,14.67764949798584
2024-02-12,14.846939086914062
2024-02-13,14.45079231262207
2024-02-14,14.51968765258789
2024-02-15,15.036398887634277
2024-02-16,14.778044700622559
2024-02-20,14.571356773376465
2024-02-21,14.485236167907715
2024-02-22,14.459402084350586
2024-02-23,14.321610450744629
2024-02-26,13.934076309204102
2024-02-27,13.98574447631836
2024-02-28,14.252715110778809
2024-02-29,14.424954414367676
2024-03-01,14.726372718811035
2024-03-04,14.511073112487793
2024-03-05,14.674699783325195
2024-03-06,15.131131172180176
2024-03-07,15.10529613494873
2024-03-08,15.277533531188965
2024-03-11,15.165579795837402
2024-03-12,14.976114273071289
2024-03-13,14.846939086914062
2024-03-14,14.562746047973633
2024-03-15,14.846939086914062
2024-03-18,14.915833473205566
2024-03-19,15.07085132598877
2024-03-20,15.13974380493164
2024-03-21,15.346426010131836
2024-03-22,15.10529613494873
2024-03-25,15.10529613494873
2024-03-26,15.122516632080078
2024-03-27,15.768410682678223
2024-03-28,16.147342681884766
2024-04-01,15.966485977172852
2024-04-02,15.716739654541016
2024-04-03,15.828696250915527
2024-04-04,15.785637855529785
2024-04-05,16.04399299621582
2024-04-08,16.34540557861328
2024-04-09,16.655437469482422
2024-04-10,16.087053298950195
2024-04-11,16.087053298950195
2024-04-12,15.949262619018555
2024-04-15,15.751191139221191
2024-04-16,15.346426010131836
2024-04-17,15.561727523803711
2024-04-18,15.51005744934082
2024-04-19,15.484219551086426
2024-04-22,15.699516296386719
2024-04-23,15.888980865478516
2024-04-24,16.04399299621582
2024-04-25,15.794246673583984
2024-04-26,16.190399169921875
2024-04-29,16.310964584350586
2024-04-30,16.02677345275879
2024-05-01,16.259292602539062
2024-05-02,16.509035110473633
2024-05-03,16.59652328491211
2024-05-06,16.59652328491211
2024-05-07,16.79775047302246
2024-05-08,16.754005432128906
2024-05-09,17.016468048095703
2024-05-10,17.10395622253418
2024-05-13,17.121456146240234
2024-05-14,17.34017562866211
2024-05-15,17.716373443603516
2024-05-16,17.47140884399414
2024-05-17,17.401416778564453
2024-05-20,17.313932418823242
2024-05-21,17.278932571411133
2024-05-22,17.07771110534668
2024-05-23,16.65777015686035
2024-05-24,16.710264205932617
2024-05-28,16.54403305053711
2024-05-29,16.58777618408203
2024-05-30,16.981477737426758
2024-05-31,17.410167694091797
2024-06-03,17.296430587768555
2024-06-04,17.270185470581055
2024-06-05,17.121456146240234
2024-06-06,17.086462020874023
2024-06-07,16.876487731933594
2024-06-10,16.823993682861328
2024-06-11,16.78900146484375
2024-06-12,16.972726821899414
2024-06-13,17.121456146240234
2024-06-14,17.191448211669922
2024-06-17,16.93773078918457
2024-06-18,17.042715072631836
2024-06-20,16.95522689819336
2024-06-21,16.832740783691406
2024-06-24,17.191448211669922
2024-06-25,16.78900146484375
2024-06-26,16.94647789001465
2024-06-27,16.832740783691406
2024-06-28,17.147701263427734
2024-07-01,17.03396987915039
2024-07-02,17.086462020874023
2024-07-03,17.042715072631836
2024-07-05,17.26143455505371
2024-07-08,17.173946380615234
2024-07-09,17.182695388793945
2024-07-10,17.34017562866211
2024-07-11,17.79511833190918
2024-07-12,17.970088958740234
2024-07-15,18.0750789642334
2024-07-16,18.442527770996094
2024-07-17,18.49502182006836
2024-07-18,18.31130027770996
2024-07-19,18.285045623779297
2024-07-22,18.381284713745117
2024-07-23,18.390039443969727
2024-07-24,18.16257095336914
2024-07-25,18.16257095336914
2024-07-26,19.159931182861328
2024-07-29,19.116188049316406
2024-07-30,19.10743522644043
2024-07-31,19.08994483947754
2024-08-01,19.011199951171875
2024-08-02,18.8449764251709
2024-08-05,18.401351928710938
2024-08-06,18.96918487548828
2024-08-07,18.836101531982422
2024-08-08,18.995807647705078
2024-08-09,19.19099998474121
2024-08-12,19.093399047851562
2024-08-13,19.466045379638672
2024-08-14,19.332958221435547
2024-08-15,19.146635055541992
2024-08-16,19.057912826538086
2024-08-19,19.25310516357422
2024-08-20,19.341833114624023
2024-08-21,19.42167854309082
2024-08-22,19.625747680664062
2024-08-23,19.927410125732422
2024-08-26,19.954023361206055
2024-08-27,19.767704010009766
2024-08-28,19.554763793945312
2024-08-29,19.634614944458008
2024-08-30,19.767704010009766
2024-09-03,19.696725845336914
2024-09-04,19.678977966308594
2024-09-05,19.599132537841797
2024-09-06,19.510404586791992
2024-09-09,19.634614944458008
2024-09-10,19.71446990966797
2024-09-11,19.652360916137695
2024-09-12,19.883045196533203
2024-09-13,20.033870697021484
2024-09-16,19.883045196533203
2024-09-17,19.466045379638672
2024-09-18,19.625747680664062
2024-09-19,19.430553436279297
2024-09-20,19.528146743774414
2024-09-23,20.02500343322754
2024-09-24,20.20245361328125
2024-09-25,20.22907066345215
2024-09-26,19.962892532348633
2024-09-27,20.051624298095703
2024-09-30,20.29117202758789
2024-10-01,20.113727569580078
2024-10-02,19.820940017700195
2024-10-03,19.71446990966797
2024-10-04,19.625747680664062
2024-10-07,19.528146743774414
2024-10-08,19.359575271606445
2024-10-09,19.32408332824707
2024-10-10,19.07565689086914
2024-10-11,19.226486206054688
2024-10-14,19.41280746459961
2024-10-15,19.803194046020508
2024-10-16,20.131473541259766
2024-10-17,19.7943172454834
2024-10-18,20.087106704711914
2024-10-21,19.678977966308594
2024-10-22,19.900793075561523
2024-10-23,20.512985229492188
2024-10-24,20.40651512145996
2024-10-25,19.77657699584961
2024-10-28,20.04274559020996
2024-10-29,19.98063850402832
2024-10-30,20.1580867767334
2024-10-31,19.918535232543945
2024-11-01,19.501527786254883
2024-11-04,19.780384063720703
2024-11-05,20.248130798339844
2024-11-06,20.086217880249023
2024-11-07,20.293109893798828
2024-11-08,20.473007202148438
2024-11-11,20.104209899902344
2024-11-12,19.600479125976562
2024-11-13,19.47454261779785
2024-11-14,19.114736557006836
2024-11-15,18.763927459716797
2024-11-18,18.772924423217773
2024-11-19,19.24966812133789
2024-11-20,19.276653289794922
2024-11-21,19.52851676940918
2024-11-22,19.447561264038086
2024-11-25,19.77138328552246
2024-11-26,20.07722282409668
2024-11-27,20.005264282226562
2024-11-29,19.780384063720703
2024-12-02,19.47454261779785
2024-12-03,19.348613739013672
2024-12-04,19.159717559814453
2024-12-05,19.33061981201172
2024-12-06,19.231670379638672
2024-12-09,19.519521713256836
2024-12-10,19.285646438598633
2024-12-11,19.13273048400879
2024-12-12,18.826894760131836
2024-12-13,18.673974990844727
2024-12-16,18.62900161743164
2024-12-17,18.772924423217773
2024-12-18,17.972347259521484
2024-12-19,17.774457931518555
2024-12-20,18.098291397094727
2024-12-23,18.152257919311523
2024-12-24,18.34115219116211
2024-12-26,18.22421646118164
2024-12-27,18.062305450439453
2024-12-30,17.972347259521484
2024-12-31,18.23320960998535
2025-01-02,18.13426399230957
2025-01-03,18.368141174316406
2025-01-06,18.00833511352539
2025-01-07,17.909381866455078
2025-01-08,18.278186798095703
2025-01-10,17.68450927734375
2025-01-13,17.99034309387207
2025-01-14,18.116270065307617
2025-01-15,18.278186798095703
2025-01-16,18.62000274658203
2025-01-17,18.691967010498047
2025-01-21,18.997800827026367
2025-01-22,18.485074996948242
2025-01-23,18.57502555847168
2025-01-24,18.736940383911133
2025-01-27,19.069765090942383
2025-01-28,18.584022521972656
2025-01-29,18.179244995117188
2025-01-30,18.4490966796875
2025-01-31,18.584022521972656
2025-02-03,18.332155227661133
2025-02-04,18.0443115234375
2025-02-05,18.026323318481445
2025-02-06,18.098291397094727
2025-02-07,17.864410400390625
2025-02-10,17.621543884277344
2025-02-11,17.639528274536133
2025-02-12,17.504602432250977
2025-02-13,17.95435905456543
2025-02-14,17.894990921020508
2025-02-18,17.88585090637207
2025-02-19,17.812772750854492
2025-02-20,18.059412002563477
2025-02-21,18.032005310058594
2025-02-24,18.114219665527344
2025-02-25,18.461339950561523
2025-02-26,18.287782669067383
2025-02-27,18.433935165405273
2025-02-28,18.689712524414062
2025-03-03,18.63490104675293
2025-03-04,18.497879028320312
2025-03-05,18.65317153930664
2025-03-06,18.388259887695312
2025-03-07,18.735383987426758
2025-03-10,18.88153839111328
2025-03-11,18.56182098388672
2025-03-12,18.452205657958984
2025-03-13,18.296911239624023
2025-03-14,18.69884490966797
2025-03-17,18.735383987426758
2025-03-18,18.69884490966797
2025-03-19,18.662303924560547
2025-03-20,18.5892276763916
2025-03-21,18.296911239624023
2025-03-24,18.68057632446289
2025-03-25,18.415666580200195
2025-03-26,18.552684783935547
2025-03-27,18.47047233581543
2025-03-28,18.443071365356445
2025-03-31,18.47047233581543
2025-04-01,18.287782669067383
2025-04-02,18.324317932128906
2025-04-03,17.776235580444336
2025-04-04,16.835355758666992
2025-04-07,16.625255584716797
2025-04-08,16.433422088623047
2025-04-09,17.027185440063477
2025-04-10,16.597854614257812
2025-04-11,16.58871078491211
2025-04-14,17.091123580932617
2025-04-15,17.145936965942383
2025-04-16,16.97237777709961
2025-04-17,17.22221565246582
2025-04-21,16.9466552734375
2025-04-22,17.277318954467773
2025-04-23,17.2865047454834
2025-04-24,17.277318954467773
2025-04-25,16.37717628479004
2025-04-28,16.303695678710938
2025-04-29,16.312877655029297
2025-04-30,16.386362075805664
2025-05-01,16.33125114440918
2025-05-02,16.35880470275879
2025-05-05,16.147546768188477
2025-05-06,16.018953323364258
2025-05-07,15.844436645507812
2025-05-08,15.973028182983398
2025-05-09,16.046504974365234
2025-05-12,16.1199893951416
2025-05-13,15.844436645507812
2025-05-14,15.587252616882324
2025-05-15,15.899544715881348
2025-05-16,16.285322189331055
2025-05-19,16.370319366455078
2025-05-20,16.157835006713867
2025-05-21,15.54810619354248
2025-05-22,15.538865089416504
2025-05-23,15.557342529296875
2025-05-27,16.02849769592285
2025-05-28,16.083927154541016
2025-05-29,16.185550689697266
2025-05-30,16.083927154541016
2025-06-02,16.083927154541016
2025-06-03,15.843729972839355
2025-06-04,15.797538757324219
2025-06-05,15.779062271118164
2025-06-06,15.945356369018555
2025-06-09,15.95458984375
2025-06-10,16.25945472717285
2025-06-11,16.176311492919922
2025-06-12,16.167078018188477
2025-06-13,16.056215286254883
2025-06-16,15.927973747253418
2025-06-17,15.80716609954834
2025-06-18,15.84433650970459
2025-06-20,15.890801429748535
2025-06-23,16.253223419189453
2025-06-24,16.253223419189453
2025-06-25,16.085948944091797
2025-06-26,16.24393081665039
2025-06-27,16.132417678833008
2025-06-30,16.271804809570312
2025-07-01,16.615638732910156
2025-07-02,17.015235900878906
2025-07-03,16.931598663330078
2025-07-07,16.708572387695312
2025-07-08,16.92230796813965
2025-07-09,16.968774795532227
2025-07-10,17.228975296020508
2025-07-11,17.145336151123047
2025-07-14,17.228975296020508
2025-07-15,16.940893173217773
2025-07-16,16.968774795532227
2025-07-17,17.06169891357422
2025-07-18,17.119640350341797
2025-07-21,17.19439697265625
2025-07-22,17.745738983154297
2025-07-23,17.801807403564453
2025-07-24,17.63360595703125
2025-07-25,16.44681167602539
2025-07-28,16.12909507751465
2025-07-29,16.231887817382812
2025-07-30,16.091711044311523
2025-07-31,15.830058097839355
2025-08-01,15.671197891235352
2025-08-04,15.792679786682129
2025-08-05,16.06368064880371
2025-08-06,15.745957374572754
2025-08-07,15.848746299743652
2025-08-08,15.848746299743652
2025-08-11,15.671197891235352
2025-08-12,15.886130332946777
2025-08-13,16.016956329345703
2025-08-14,15.923508644104004
2025-08-15,16.17581558227539
2025-08-18,16.036693572998047
2025-08-19,16.187095642089844
2025-08-20,16.187095642089844
2025-08-21,16.243499755859375
2025-08-22,16.685306549072266
2025-08-25,16.5913028717041
2025-08-26,16.47850227355957
2025-08-27,16.826311111450195
2025-08-28,16.78870964050293
2025-08-29,16.863908767700195
2025-09-02,16.87331199645996
2025-09-03,16.66650390625
2025-09-04,16.920310974121094
2025-09-05,17.286914825439453
2025-09-08,17.202314376831055
2025-09-09,16.97671127319336
2025-09-10,16.87331199645996
2025-09-11,17.051912307739258
2025-09-12,16.995513916015625
2025-09-15,17.155311584472656
2025-09-16,17.136510848999023
2025-09-17,17.117713928222656
2025-09-18,17.456117630004883
2025-09-19,17.458009719848633
2025-09-22,17.48636817932129
2025-09-23,17.854999542236328
2025-09-24,17.62814712524414
2025-09-25,17.5241756439209
2025-09-26,17.902259826660156
2025-09-29,17.968427658081055
2025-09-30,18.10075569152832
2025-10-01,18.12911033630371
2025-10-02,18.12911033630371
2025-10-03,18.308698654174805
2025-10-06,18.185821533203125
2025-10-07,18.091299057006836
2025-10-08,17.81719207763672
2025-10-09,17.439105987548828
2025-10-10,17.061023712158203
2025-10-13,16.975955963134766
2025-10-14,17.14609146118164
2025-10-15,17.495819091796875
2025-10-16,17.439105987548828
2025-10-17,17.6310977935791
2025-10-20,17.79267692565918
2025-10-21,17.65961456298828
2025-10-22,17.6976318359375
2025-10-23,17.62159538269043
2025-10-24,17.83069610595703
2025-10-27,18.1158390045166
2025-10-28,17.13686180114746
2025-10-29,16.709150314331055
2025-10-30,16.69964599609375
2025-10-31,17.06082534790039
2025-11-03,16.813701629638672
2025-11-04,16.671133041381836
2025-11-05,16.984786987304688
2025-11-06,16.69013786315918
2025-11-07,16.9372615814209
2025-11-10,16.823204040527344
2025-11-11,17.0132999420166
2025-11-12,16.766178131103516
2025-11-13,16.64261817932129
2025-11-14,16.587167739868164
2025-11-17,16.52980613708496
2025-11-18,16.912220001220703
2025-11-19,16.835737228393555
2025-11-20,16.63496971130371
2025-11-21,17.05562400817871
2025-11-24,17.065185546875
2025-11-25,17.313753128051758
2025-11-26,17.418916702270508
2025-11-28,17.457155227661133
2025-12-01,17.39023780822754
2025-12-02,17.2468318939209
2025-12-03,16.52980613708496
2025-12-04,16.42464256286621
2025-12-05,16.271678924560547
2025-12-08,16.00398826599121
2025-12-09,15.76498031616211
2025-12-10,15.898821830749512
2025-12-11,15.946626663208008
2025-12-12,15.889264106750488
2025-12-15,15.92750358581543
2025-12-16,15.640695571899414
2025-12-17,15.678935050964355
2025-12-18,15.688495635986328
2025-12-19,15.382577896118164
2025-12-22,15.430679321289062
2025-12-23,15.180553436279297
2025-12-24,15.421059608459473
2025-12-26,15.498019218444824
2025-12-29,15.449918746948242
2025-12-30,15.565359115600586
2025-12-31,15.469158172607422
2026-01-02,15.584602355957031
2026-01-05,15.767383575439453
2026-01-06,15.873205184936523
2026-01-07,16.29648780822754
2026-01-08,16.392688751220703
2026-01-09,16.075223922729492
2026-01-12,16.171428680419922
2026-01-13,16.29648780822754
2026-01-14,16.604333877563477
2026-01-15,16.883317947387695
2026-01-16,17.25295639038086
2026-01-20,17.25295639038086
2026-01-21,17.330364227294922
2026-01-22,17.214252471923828
2026-01-23,17.494863510131836
2026-01-26,17.18522071838379
2026-01-27,17.136838912963867
2026-01-28,16.594961166381836
2026-01-29,16.585285186767578
2026-01-30,16.682048797607422
2026-02-02,16.372407913208008
2026-02-03,15.917617797851562
2026-02-04,16.236934661865234
2026-02-05,16.140172958374023
2026-02-06,16.304670333862305
2026-02-09,16.294994354248047
2026-02-10,16.44981575012207
2026-02-11,16.411109924316406
2026-02-12,15.753119468688965
2026-02-13,16.261409759521484
2026-02-17,16.767751693725586
2026-02-18,16.670379638671875
2026-02-19,16.611953735351562
2026-02-20,16.54378890991211
2026-02-23,16.84564971923828
2026-02-24,16.79696273803711
2026-02-25,17.05013656616211
2026-02-26,17.05013656616211
2026-02-27,17.215669631958008
2026-03-02,17.16698455810547
2026-03-03,17.030662536621094
2026-03-04,17.18645668029785
2026-03-05,16.9527645111084
2026-03-06,16.826175689697266
2026-03-09,16.962499618530273
2026-03-10,16.943023681640625
2026-03-11,16.62169075012207
2026-03-12,16.456157684326172
2026-03-13,16.534055709838867
2026-03-16,16.90407371520996
2026-03-17,17.288034439086914
2026-03-18,17.033367156982422
2026-03-19,17.366392135620117
2026-03-20,16.700340270996094
2026-03-23,16.817880630493164
2026-03-24,16.357521057128906
2026-03-25,16.46526336669922
2026-03-26,16.4456729888916
2026-03-27,16.249773025512695
2026-03-30,16.210596084594727
2026-03-31,16.09305763244629
2026-04-01,16.04408073425293
2026-04-02,16.181211471557617
2026-04-06,16.32813262939453
2026-04-07,16.533824920654297
2026-04-08,16.33793067932129
2026-04-09,16.34772300720215
2026-04-10,16.396697998046875
2026-04-13,16.16162109375
2026-04-14,16.52403450012207
2026-04-15,16.847265243530273
2026-04-16,16.827674865722656
2026-04-17,17.11539649963379
2026-04-20,16.849353790283203
2026-04-21,16.228586196899414
2026-04-22,16.090639114379883
2026-04-23,16.169466018676758
2026-04-24,16.18917465209961
2026-04-27,15.962546348571777
2026-04-28,15.814743041992188
2026-04-29,15.755622863769531
2026-04-30,15.9329833984375
2026-05-01,16.179319381713867
2026-05-04,16.051225662231445
2026-05-05,16.268001556396484
2026-05-06,19.214174270629883
2026-05-07,19.371828079223633
2026-05-08,19.352121353149414
2026-05-11,19.47036361694336
2026-05-12,19.49007225036621
2026-05-13,19.263439178466797
2026-05-14,19.27329444885254
2026-05-15,19.07622718811035
2026-05-18,19.3060359954834
2026-05-19,19.117830276489258
2026-05-20,19.474430084228516
2026-05-21,19.454620361328125
2026-05-22,19.54376983642578
2026-05-26,19.840938568115234
2026-05-27,19.682449340820312
2026-05-28,19.325847625732422
2026-05-29,18.96924591064453
2026-06-01,18.820659637451172
2026-06-02,19.266414642333984
2026-06-03,18.889999389648438
2026-06-04,19.41499900817871
2026-06-05,19.603206634521484
2026-06-08,19.583393096923828
2026-06-09,20.306503295898438
2026-06-10,20.276784896850586
2026-06-11,20.306503295898438
2026-06-12,20.494709014892578
2026-06-15,20.337425231933594
2026-06-16,19.998966217041016
2026-06-17,19.312091827392578
2026-06-18,19.47136688232422
2026-06-22,19.889463424682617
2026-06-23,20.466835021972656
2026-06-24,20.725658416748047
2026-06-25,21.133798599243164
2026-06-26,21.452348709106445
2026-06-29,21.77090072631836
2026-06-30,21.303030014038086
2026-07-01,21.541940689086914
2026-07-02,21.790809631347656
2026-07-06,21.651443481445312
2026-07-07,21.83062744140625
2026-07-08,21.671354293823242
2026-07-09,21.472259521484375
2026-07-10,21.551897048950195
2026-07-13,21.631534576416016
2026-07-14,21.561851501464844
2026-07-15,21.641489028930664
2026-07-16,22.22881507873535
2026-07-17,22.408000946044922
2026-07-20,22.290000915527344
2026-07-21,22.600000381469727
2026-07-22,22.190000534057617
2026-07-23,22.079999923706055
