bioguide_id,declarant_name,chamber,party,state_district,committee_membership,committees_key_flag,transaction_date,disclosure_date,ticker,asset_description,asset_type,operation_type,amount_range,amount_midpoint,amount_split_flag,owner,doc_id,source_url,natural_key_hash,provenance,ticker_source,occurrence_index
K000383,"Angus S King, Jr.",senate,Independent,ME,SSAS13; SSAS14; SSAS16; SSEG01; SSEG03; SSEG04; Senate Committee on Armed Services; Senate Committee on Energy and Natural Resources; Senate Committee on Veterans' Affairs; Senate Select Committee on Intelligence,True,2015-02-18,2015-03-12,,Maine St Hsg Auth 11/15/2017 4.4%  Rate/Coupon: 4.40 %  Matures: 11/15/2017,Municipal Security,Sale (Full),"$15,001 - $50,000",32500.5,False,Spouse,9f5e5cdf-3dbe-4d19-b7ab-405682118d2f,https://efdsearch.senate.gov/search/view/ptr/9f5e5cdf-3dbe-4d19-b7ab-405682118d2f/,315c4829608ed56da420908c367f425d16452b77352a05e7c3b7cbd8ed6ff7b4,senate-efd-electronic,none,0
K000383,"Angus S King, Jr.",senate,Independent,ME,SSAS13; SSAS14; SSAS16; SSEG01; SSEG03; SSEG04; Senate Committee on Armed Services; Senate Committee on Energy and Natural Resources; Senate Committee on Veterans' Affairs; Senate Select Committee on Intelligence,True,2015-03-02,2015-04-09,,Augusta ME 12/01/2016 4.00%  Rate/Coupon: 4.00%  Matures: 12/01/2016,Municipal Security,Sale (Full),"$15,001 - $50,000",32500.5,False,Spouse,d506f19f-5919-44ea-940c-a9b440b82495,https://efdsearch.senate.gov/search/view/ptr/d506f19f-5919-44ea-940c-a9b440b82495/,dd5c9aa457e61cd17ef5d26074d64feb8892a3919e24ae34bed76c5a48ddac05,senate-efd-electronic,none,0
K000383,"Angus S King, Jr.",senate,Independent,ME,SSAS13; SSAS14; SSAS16; SSEG01; SSEG03; SSEG04; Senate Committee on Armed Services; Senate Committee on Energy and Natural Resources; Senate Committee on Veterans' Affairs; Senate Select Committee on Intelligence,True,2015-04-01,2015-05-20,,Muni Bond Cape Elizabeth ME  Rate/Coupon: 3.75%  Matures: 04/01/2016,Municipal Security,Sale (Full),"$15,001 - $50,000",32500.5,False,Spouse,f3195f71-6d23-460d-89d0-9acf5862ebf5,https://efdsearch.senate.gov/search/view/ptr/f3195f71-6d23-460d-89d0-9acf5862ebf5/,64b966a767370a82a306b3a175102be519574aebd230d1b7e68ac2b76ae181e8,senate-efd-electronic,none,0
K000383,"Angus S King, Jr.",senate,Independent,ME,SSAS13; SSAS14; SSAS16; SSEG01; SSEG03; SSEG04; Senate Committee on Armed Services; Senate Committee on Energy and Natural Resources; Senate Committee on Veterans' Affairs; Senate Select Committee on Intelligence,True,2015-05-05,2015-06-12,,Muni Bond Ellsworth ME GO  Rate/Coupon: 2.25%  Matures: 12/01/2024,Municipal Security,Purchase,"$15,001 - $50,000",32500.5,False,Spouse,747d3ab6-0b72-4dad-b2ae-e76d3cff5976,https://efdsearch.senate.gov/search/view/ptr/747d3ab6-0b72-4dad-b2ae-e76d3cff5976/,47efa0a2eaba549289fa7abea950b54cbc100767f813984f7c076a4f2bd7fcd7,senate-efd-electronic,none,0
K000383,"Angus S King, Jr.",senate,Independent,ME,SSAS13; SSAS14; SSAS16; SSEG01; SSEG03; SSEG04; Senate Committee on Armed Services; Senate Committee on Energy and Natural Resources; Senate Committee on Veterans' Affairs; Senate Select Committee on Intelligence,True,2015-05-08,2015-06-12,,"A Woman, A Part LLC - 1/5 of 1 Share Company: A Woman, A Part LLC  (Ulster Park, NY)  Description: Movie Production Company",Non-Public Stock,Purchase,"$1,001 - $15,000",8000.5,False,Spouse,747d3ab6-0b72-4dad-b2ae-e76d3cff5976,https://efdsearch.senate.gov/search/view/ptr/747d3ab6-0b72-4dad-b2ae-e76d3cff5976/,b8bc6e99ec0096bfb5c87530049e8d6654caf809adaf3954a39be1d1fd27b59a,senate-efd-electronic,none,0
K000383,"Angus S King, Jr.",senate,Independent,ME,SSAS13; SSAS14; SSAS16; SSEG01; SSEG03; SSEG04; Senate Committee on Armed Services; Senate Committee on Energy and Natural Resources; Senate Committee on Veterans' Affairs; Senate Select Committee on Intelligence,True,2015-06-10,2015-07-10,,Maine Health & Higher Ed Bond  Rate/Coupon: 3.25%  Matures: 07/01/2027,Municipal Security,Purchase,"$15,001 - $50,000",32500.5,False,Spouse,e1501d00-a4ee-456d-9cf8-1fdb52e3390b,https://efdsearch.senate.gov/search/view/ptr/e1501d00-a4ee-456d-9cf8-1fdb52e3390b/,80a71338d6415ed27804b86e2dee2f1d09b313e23b33bb0a0ff63badc7627edf,senate-efd-electronic,none,0
K000383,"Angus S King, Jr.",senate,Independent,ME,SSAS13; SSAS14; SSAS16; SSEG01; SSEG03; SSEG04; Senate Committee on Armed Services; Senate Committee on Energy and Natural Resources; Senate Committee on Veterans' Affairs; Senate Select Committee on Intelligence,True,2015-06-17,2015-07-10,,Maine State Hsg Authority Bond  Rate/Coupon: 2.60%  Matures: 11/15/2022,Municipal Security,Purchase,"$15,001 - $50,000",32500.5,False,Spouse,e1501d00-a4ee-456d-9cf8-1fdb52e3390b,https://efdsearch.senate.gov/search/view/ptr/e1501d00-a4ee-456d-9cf8-1fdb52e3390b/,19c338ac886fe96f5af9b48ff60c7fae9a3f979951c937b51b27a4b3acba18b8,senate-efd-electronic,none,0
K000383,"Angus S King, Jr.",senate,Independent,ME,SSAS13; SSAS14; SSAS16; SSEG01; SSEG03; SSEG04; Senate Committee on Armed Services; Senate Committee on Energy and Natural Resources; Senate Committee on Veterans' Affairs; Senate Select Committee on Intelligence,True,2015-07-16,2015-08-24,,Maine Health & Higher Ed Rev Bond  Rate/Coupon: 3.25%  Matures: 07/01/2027,Municipal Security,Purchase,"$15,001 - $50,000",32500.5,False,Spouse,d8acedb9-0db9-4f5e-a07d-4d017b52611f,https://efdsearch.senate.gov/search/view/ptr/d8acedb9-0db9-4f5e-a07d-4d017b52611f/,21c7d44a6ce572e02b5083ba5e0ce0b838467c8e556d734eef511e6ca7fa6af2,senate-efd-electronic,none,0
K000383,"Angus S King, Jr.",senate,Independent,ME,SSAS13; SSAS14; SSAS16; SSEG01; SSEG03; SSEG04; Senate Committee on Armed Services; Senate Committee on Energy and Natural Resources; Senate Committee on Veterans' Affairs; Senate Select Committee on Intelligence,True,2015-10-15,2015-11-16,,Regional School Unit No 5 ME  Rate/Coupon: 2.50%  Matures: 11/01/2026,Municipal Security,Purchase,"$15,001 - $50,000",32500.5,False,Spouse,f0eee818-0996-410e-ad06-762e8956db67,https://efdsearch.senate.gov/search/view/ptr/f0eee818-0996-410e-ad06-762e8956db67/,ed13e95aadb0046ae0e03ceaaf39cddb0451e5068680b1e4fd4337cfa78df554,senate-efd-electronic,none,0
K000383,"Angus S King, Jr.",senate,Independent,ME,SSAS13; SSAS14; SSAS16; SSEG01; SSEG03; SSEG04; Senate Committee on Armed Services; Senate Committee on Energy and Natural Resources; Senate Committee on Veterans' Affairs; Senate Select Committee on Intelligence,True,2015-11-05,2015-12-14,,QCOM - Qualcomm Inc,Stock,Sale (Full),"$1,001 - $15,000",8000.5,False,Spouse,2da30c4c-254e-4482-83af-afbf6ddbd96e,https://efdsearch.senate.gov/search/view/ptr/2da30c4c-254e-4482-83af-afbf6ddbd96e/,34e7bc7398033c701b93c7efa72030093b24ff16ed9fe02212d9929ab1308545,senate-efd-electronic,none,0
K000383,"Angus S King, Jr.",senate,Independent,ME,SSAS13; SSAS14; SSAS16; SSEG01; SSEG03; SSEG04; Senate Committee on Armed Services; Senate Committee on Energy and Natural Resources; Senate Committee on Veterans' Affairs; Senate Select Committee on Intelligence,True,2015-11-18,2015-12-14,,SIAL - Sigma Aldrich Corp,Stock,Sale (Full),"$15,001 - $50,000",32500.5,False,Spouse,2da30c4c-254e-4482-83af-afbf6ddbd96e,https://efdsearch.senate.gov/search/view/ptr/2da30c4c-254e-4482-83af-afbf6ddbd96e/,bce7cced8f7f250d7b863d221d8fd0c4cb6c3dbbda1b03a0b490f55c41cb2b75,senate-efd-electronic,none,0
C000141,Benjamin L Cardin,senate,Democrat,MD,,False,2015-02-27,2015-03-14,,"Ventur BG, LLC  Company: Venture BG, LLC  (Baltimore, Maryland)  Description: Real Estate",Other,Purchase,"$50,001 - $100,000",75000.5,False,Spouse,5ae38317-9652-4124-8f2f-092637c215f8,https://efdsearch.senate.gov/search/view/ptr/5ae38317-9652-4124-8f2f-092637c215f8/,278abe8aad334e0c7d936dd06b778ef63d394e2d196ec9f32e094bd1abe5e363,senate-efd-electronic,none,0
C000141,Benjamin L Cardin,senate,Democrat,MD,,False,2015-02-27,2015-03-14,,"Venture BG, LLC  Company: Venture BG, LLC  (Baltimore, Maryland)  Description: Real Estate",Other,Sale (Full),"$50,001 - $100,000",75000.5,False,Self,5ae38317-9652-4124-8f2f-092637c215f8,https://efdsearch.senate.gov/search/view/ptr/5ae38317-9652-4124-8f2f-092637c215f8/,3afe3e9044bbfc0309bdd366c4b4e6e87247d159c6c3e9e78e093fde05288b02,senate-efd-electronic,none,0
P000612,"David A Perdue , Jr",senate,Republican,GA,,False,2015-01-06,2015-06-04,,Gainesville GA WTR & SWR REV  Rate/Coupon: 5.0%  Matures: 11/15/21,Municipal Security,Purchase,"$500,001 - $1,000,000",750000.5,False,Joint,112fdda9-70c4-4cc5-a386-5c9491ba2d9b,https://efdsearch.senate.gov/search/view/ptr/112fdda9-70c4-4cc5-a386-5c9491ba2d9b/,4672fd0c9ce430ef14293411f4df0ed54a463531fba512d2ad9b531a33c942c1,senate-efd-electronic,none,0
P000612,"David A Perdue , Jr",senate,Republican,GA,,False,2015-01-07,2015-06-04,AM,Antero Midstream Partners LP (NYSE),Stock,Purchase,"$1,001 - $15,000",8000.5,False,Joint,112fdda9-70c4-4cc5-a386-5c9491ba2d9b,https://efdsearch.senate.gov/search/view/ptr/112fdda9-70c4-4cc5-a386-5c9491ba2d9b/,1206e36a0974360ce5e6400851c2a8a62fe0a6f441d0accd35335cadc3dcfecd,senate-efd-electronic,explicit,0
P000612,"David A Perdue , Jr",senate,Republican,GA,,False,2015-01-08,2015-06-04,AAN,"Aaron's, Inc. (NYSE)",Stock,Sale (Partial),"$1,001 - $15,000",8000.5,False,Joint,112fdda9-70c4-4cc5-a386-5c9491ba2d9b,https://efdsearch.senate.gov/search/view/ptr/112fdda9-70c4-4cc5-a386-5c9491ba2d9b/,aa1c1d1fab5a5b2634f85b51b0f8706c6bedf4ea1fd3f1d1a55036dc6affdab9,senate-efd-electronic,explicit,1
P000612,"David A Perdue , Jr",senate,Republican,GA,,False,2015-01-08,2015-06-04,KN,Knowles Corporation (NYSE),Stock,Purchase,"$1,001 - $15,000",8000.5,False,Joint,112fdda9-70c4-4cc5-a386-5c9491ba2d9b,https://efdsearch.senate.gov/search/view/ptr/112fdda9-70c4-4cc5-a386-5c9491ba2d9b/,b7df92bacbd075277511dbd92f315ebe522fc92daeec8e6f9eb0dcf7884cb42d,senate-efd-electronic,explicit,0
P000612,"David A Perdue , Jr",senate,Republican,GA,,False,2015-01-08,2015-06-04,AAN,"Aaron's, Inc. (NYSE)",Stock,Sale (Partial),"$1,001 - $15,000",8000.5,False,Joint,112fdda9-70c4-4cc5-a386-5c9491ba2d9b,https://efdsearch.senate.gov/search/view/ptr/112fdda9-70c4-4cc5-a386-5c9491ba2d9b/,aa1c1d1fab5a5b2634f85b51b0f8706c6bedf4ea1fd3f1d1a55036dc6affdab9,senate-efd-electronic,explicit,0
P000612,"David A Perdue , Jr",senate,Republican,GA,,False,2015-01-09,2015-06-04,CBS,CBS Corporation (NYSE),Stock,Purchase,"$15,001 - $50,000",32500.5,False,Joint,112fdda9-70c4-4cc5-a386-5c9491ba2d9b,https://efdsearch.senate.gov/search/view/ptr/112fdda9-70c4-4cc5-a386-5c9491ba2d9b/,1d0a6b86ee5dcf6d0d269897623900d3839c787a0c99dc1c360ff356c5973721,senate-efd-electronic,explicit,0
P000612,"David A Perdue , Jr",senate,Republican,GA,,False,2015-01-12,2015-06-04,,Atlanta GA GO  Rate/Coupon: 5.0%  Matures: 12/01/21,Municipal Security,Purchase,"$500,001 - $1,000,000",750000.5,False,Joint,112fdda9-70c4-4cc5-a386-5c9491ba2d9b,https://efdsearch.senate.gov/search/view/ptr/112fdda9-70c4-4cc5-a386-5c9491ba2d9b/,9b6adcb566a1e690cb58ca02fa63a9ca65e7bd68e029c7a2fb06616da0fdd16e,senate-efd-electronic,none,0
P000612,"David A Perdue , Jr",senate,Republican,GA,,False,2015-01-13,2015-06-04,AAN,"Aaron's, Inc. (NYSE)",Stock,Sale (Partial),"$1,001 - $15,000",8000.5,False,Joint,112fdda9-70c4-4cc5-a386-5c9491ba2d9b,https://efdsearch.senate.gov/search/view/ptr/112fdda9-70c4-4cc5-a386-5c9491ba2d9b/,1a6854af15dbbbe9fb4742faa2055fab4677228d3c490feed7213767adaba3c6,senate-efd-electronic,explicit,0
P000612,"David A Perdue , Jr",senate,Republican,GA,,False,2015-01-13,2015-06-04,CBS,CBS Corporation (NYSE),Stock,Purchase,"$1,001 - $15,000",8000.5,False,Joint,112fdda9-70c4-4cc5-a386-5c9491ba2d9b,https://efdsearch.senate.gov/search/view/ptr/112fdda9-70c4-4cc5-a386-5c9491ba2d9b/,df12106d1df7520e1d7145f430929d4b2c9784f547285da4cb231ff03efda2bc,senate-efd-electronic,explicit,0
P000612,"David A Perdue , Jr",senate,Republican,GA,,False,2015-01-13,2015-06-04,BK,The Bank of New York Mellon Corporation (NYSE),Stock,Sale (Partial),"$1,001 - $15,000",8000.5,False,Joint,112fdda9-70c4-4cc5-a386-5c9491ba2d9b,https://efdsearch.senate.gov/search/view/ptr/112fdda9-70c4-4cc5-a386-5c9491ba2d9b/,d08cc82c4a7dc3636b314c18bd3c2e27d5a3b6c8163ff29dedac1606952b5560,senate-efd-electronic,explicit,0
P000612,"David A Perdue , Jr",senate,Republican,GA,,False,2015-01-14,2015-06-04,AR,Antero Resources Corporation (NYSE),Stock,Purchase,"$1,001 - $15,000",8000.5,False,Joint,112fdda9-70c4-4cc5-a386-5c9491ba2d9b,https://efdsearch.senate.gov/search/view/ptr/112fdda9-70c4-4cc5-a386-5c9491ba2d9b/,f0f8e1da0c058f1affe8636af13f4f9990b8214c129a1c09f55e20610842b009,senate-efd-electronic,explicit,0
P000612,"David A Perdue , Jr",senate,Republican,GA,,False,2015-01-14,2015-06-04,ZTS,Zoetis Inc. (NYSE),Stock,Sale (Partial),"$1,001 - $15,000",8000.5,False,Joint,112fdda9-70c4-4cc5-a386-5c9491ba2d9b,https://efdsearch.senate.gov/search/view/ptr/112fdda9-70c4-4cc5-a386-5c9491ba2d9b/,8943365d2836c25f4427736599f205da5aff58b7f54da8361a2fc8eb946e1237,senate-efd-electronic,explicit,0
P000612,"David A Perdue , Jr",senate,Republican,GA,,False,2015-01-14,2015-06-04,WPX,"WPX Energy, Inc. (NYSE)",Stock,Purchase,"$1,001 - $15,000",8000.5,False,Joint,112fdda9-70c4-4cc5-a386-5c9491ba2d9b,https://efdsearch.senate.gov/search/view/ptr/112fdda9-70c4-4cc5-a386-5c9491ba2d9b/,217703cde66a0a9972e0962c91e1a6307c0e36ff4adaf5c3b9b60cea3bda8dbe,senate-efd-electronic,explicit,0
P000612,"David A Perdue , Jr",senate,Republican,GA,,False,2015-01-14,2015-06-04,CBS,CBS Corporation (NYSE),Stock,Purchase,"$1,001 - $15,000",8000.5,False,Joint,112fdda9-70c4-4cc5-a386-5c9491ba2d9b,https://efdsearch.senate.gov/search/view/ptr/112fdda9-70c4-4cc5-a386-5c9491ba2d9b/,22c5b0fbf03ccffd8e0dcb8fa34e794e30004d36ecee7ba7d89df16a40ac5912,senate-efd-electronic,explicit,0
P000612,"David A Perdue , Jr",senate,Republican,GA,,False,2015-01-15,2015-06-04,BPL,"Buckeye Partners, L.P. (NYSE)",Stock,Purchase,"$1,001 - $15,000",8000.5,False,Joint,112fdda9-70c4-4cc5-a386-5c9491ba2d9b,https://efdsearch.senate.gov/search/view/ptr/112fdda9-70c4-4cc5-a386-5c9491ba2d9b/,748085987c1eaf30a025a850eb7faa2557fcbd712c1e878a743930d3b7bd9e85,senate-efd-electronic,explicit,0
P000612,"David A Perdue , Jr",senate,Republican,GA,,False,2015-01-15,2015-06-04,CLX,The Clorox Company (NYSE),Stock,Sale (Partial),"$1,001 - $15,000",8000.5,False,Joint,112fdda9-70c4-4cc5-a386-5c9491ba2d9b,https://efdsearch.senate.gov/search/view/ptr/112fdda9-70c4-4cc5-a386-5c9491ba2d9b/,10598b77d75497dc595b7236d7940d442e6f2769d760107f86286c0d99e81fae,senate-efd-electronic,explicit,0
P000612,"David A Perdue , Jr",senate,Republican,GA,,False,2015-01-21,2015-06-04,KN,Knowles Corporation (NYSE),Stock,Purchase,"$1,001 - $15,000",8000.5,False,Joint,112fdda9-70c4-4cc5-a386-5c9491ba2d9b,https://efdsearch.senate.gov/search/view/ptr/112fdda9-70c4-4cc5-a386-5c9491ba2d9b/,2a86dca514f02ce226c76468d8a64c954ae42ea38684d6a438ed8c9ab515545a,senate-efd-electronic,explicit,0
P000612,"David A Perdue , Jr",senate,Republican,GA,,False,2015-01-22,2015-06-04,BCR,CR Bard Inc. (NYSE),Stock,Sale (Partial),"$1,001 - $15,000",8000.5,False,Joint,112fdda9-70c4-4cc5-a386-5c9491ba2d9b,https://efdsearch.senate.gov/search/view/ptr/112fdda9-70c4-4cc5-a386-5c9491ba2d9b/,a9282a57533ceb4cbd0dbaaca59e6ae73fa4bad9052c3bb4ae3d44b4595523f0,senate-efd-electronic,explicit,0
P000612,"David A Perdue , Jr",senate,Republican,GA,,False,2015-01-23,2015-06-04,AAN,"Aaron's, Inc. (NYSE)",Stock,Sale (Partial),"$1,001 - $15,000",8000.5,False,Joint,112fdda9-70c4-4cc5-a386-5c9491ba2d9b,https://efdsearch.senate.gov/search/view/ptr/112fdda9-70c4-4cc5-a386-5c9491ba2d9b/,ea797a52a4bebbb3790cae9702af6f61ebc1aee0f301ea925acb80d185afa8ff,senate-efd-electronic,explicit,0
P000612,"David A Perdue , Jr",senate,Republican,GA,,False,2015-01-26,2015-06-04,BK,The Bank of New York Mellon Corporation (NYSE),Stock,Sale (Partial),"$1,001 - $15,000",8000.5,False,Joint,112fdda9-70c4-4cc5-a386-5c9491ba2d9b,https://efdsearch.senate.gov/search/view/ptr/112fdda9-70c4-4cc5-a386-5c9491ba2d9b/,b4e21a727af056294fbf5d5797a6e6af86bcec14f77467ec0943a987ba8b5eeb,senate-efd-electronic,explicit,0
P000612,"David A Perdue , Jr",senate,Republican,GA,,False,2015-01-27,2015-06-04,TAP,Molson Coors Brewing Company (NYSE),Stock,Sale (Partial),"$1,001 - $15,000",8000.5,False,Joint,112fdda9-70c4-4cc5-a386-5c9491ba2d9b,https://efdsearch.senate.gov/search/view/ptr/112fdda9-70c4-4cc5-a386-5c9491ba2d9b/,a701e64b6890b6e2e7a87f1b063163a6c633b408347eb87f77cbdd5954efa8ad,senate-efd-electronic,explicit,0
P000612,"David A Perdue , Jr",senate,Republican,GA,,False,2015-01-27,2015-06-04,KN,Knowles Corporation (NYSE),Stock,Purchase,"$1,001 - $15,000",8000.5,False,Joint,112fdda9-70c4-4cc5-a386-5c9491ba2d9b,https://efdsearch.senate.gov/search/view/ptr/112fdda9-70c4-4cc5-a386-5c9491ba2d9b/,beee7f81dd7aee9e0d45e0b92fec0606a0dd47518e89a70230c8a9ee6e2462b2,senate-efd-electronic,explicit,0
P000612,"David A Perdue , Jr",senate,Republican,GA,,False,2015-01-29,2015-06-04,ZTS,Zoetis Inc. (NYSE),Stock,Sale (Partial),"$1,001 - $15,000",8000.5,False,Joint,112fdda9-70c4-4cc5-a386-5c9491ba2d9b,https://efdsearch.senate.gov/search/view/ptr/112fdda9-70c4-4cc5-a386-5c9491ba2d9b/,035a9db7545f864c463578bfcbf9e7f83fa979b3f9a2126f18422f2cb1674608,senate-efd-electronic,explicit,0
P000612,"David A Perdue , Jr",senate,Republican,GA,,False,2015-01-29,2015-06-04,TAP,Molson Coors Brewing Company (NYSE),Stock,Sale (Partial),"$1,001 - $15,000",8000.5,False,Joint,112fdda9-70c4-4cc5-a386-5c9491ba2d9b,https://efdsearch.senate.gov/search/view/ptr/112fdda9-70c4-4cc5-a386-5c9491ba2d9b/,87761fc34a72786a96c53bafdcc8cd980b016db7181027b3ebed6c49dc5c8484,senate-efd-electronic,explicit,0
P000612,"David A Perdue , Jr",senate,Republican,GA,,False,2015-01-30,2015-06-04,ZTS,Zoetis Inc. (NYSE),Stock,Sale (Full),"$15,001 - $50,000",32500.5,False,Joint,112fdda9-70c4-4cc5-a386-5c9491ba2d9b,https://efdsearch.senate.gov/search/view/ptr/112fdda9-70c4-4cc5-a386-5c9491ba2d9b/,dc01bf47c7402d7b1ca819d6b5320421aa9c6a49712b3c41cf82eeebdcd7a829,senate-efd-electronic,explicit,0
P000612,"David A Perdue , Jr",senate,Republican,GA,,False,2015-02-02,2015-06-04,WPZ,Williams Partners L.P. (NYSE),Stock,Sale (Partial),"$1,001 - $15,000",8000.5,False,Joint,112fdda9-70c4-4cc5-a386-5c9491ba2d9b,https://efdsearch.senate.gov/search/view/ptr/112fdda9-70c4-4cc5-a386-5c9491ba2d9b/,4e7491ea9a30a0ce58d0f959f589599c6bf67b385b242f899a1ac1e69806eaf1,senate-efd-electronic,explicit,0
P000612,"David A Perdue , Jr",senate,Republican,GA,,False,2015-02-03,2015-06-04,TAP,Molson Coors Brewing Company (NYSE),Stock,Sale (Partial),"$1,001 - $15,000",8000.5,False,Joint,112fdda9-70c4-4cc5-a386-5c9491ba2d9b,https://efdsearch.senate.gov/search/view/ptr/112fdda9-70c4-4cc5-a386-5c9491ba2d9b/,7ab0963cff17001d362a2285c106be954078d28082b40ce43aad6e5c3a38c3dc,senate-efd-electronic,explicit,0
P000612,"David A Perdue , Jr",senate,Republican,GA,,False,2015-02-04,2015-06-04,AAN,"Aaron's, Inc. (NYSE)",Stock,Sale (Partial),"$1,001 - $15,000",8000.5,False,Joint,112fdda9-70c4-4cc5-a386-5c9491ba2d9b,https://efdsearch.senate.gov/search/view/ptr/112fdda9-70c4-4cc5-a386-5c9491ba2d9b/,2c6eb9bd2132e15de61d49d6fc843ad80aa7e139fbd02bfcf8b6955c26740986,senate-efd-electronic,explicit,1
P000612,"David A Perdue , Jr",senate,Republican,GA,,False,2015-02-04,2015-06-04,AAN,"Aaron's, Inc. (NYSE)",Stock,Sale (Partial),"$1,001 - $15,000",8000.5,False,Joint,112fdda9-70c4-4cc5-a386-5c9491ba2d9b,https://efdsearch.senate.gov/search/view/ptr/112fdda9-70c4-4cc5-a386-5c9491ba2d9b/,2c6eb9bd2132e15de61d49d6fc843ad80aa7e139fbd02bfcf8b6955c26740986,senate-efd-electronic,explicit,0
P000612,"David A Perdue , Jr",senate,Republican,GA,,False,2015-02-04,2015-06-04,TAP,Molson Coors Brewing Company (NYSE),Stock,Sale (Partial),"$1,001 - $15,000",8000.5,False,Joint,112fdda9-70c4-4cc5-a386-5c9491ba2d9b,https://efdsearch.senate.gov/search/view/ptr/112fdda9-70c4-4cc5-a386-5c9491ba2d9b/,20a07123bb714dde4c7f44695273596c06bc71c5072f73f00e4b903e18596023,senate-efd-electronic,explicit,0
P000612,"David A Perdue , Jr",senate,Republican,GA,,False,2015-02-05,2015-06-04,KN,Knowles Corporation (NYSE),Stock,Purchase,"$1,001 - $15,000",8000.5,False,Joint,112fdda9-70c4-4cc5-a386-5c9491ba2d9b,https://efdsearch.senate.gov/search/view/ptr/112fdda9-70c4-4cc5-a386-5c9491ba2d9b/,f26fea72f9229dbfa121d4c43a55b8eaab2decb8c4cb12ec9f4727befbfc0ec9,senate-efd-electronic,explicit,0
P000612,"David A Perdue , Jr",senate,Republican,GA,,False,2015-02-05,2015-06-04,CIT,CIT Group Inc. (NYSE),Stock,Purchase,"$1,001 - $15,000",8000.5,False,Joint,112fdda9-70c4-4cc5-a386-5c9491ba2d9b,https://efdsearch.senate.gov/search/view/ptr/112fdda9-70c4-4cc5-a386-5c9491ba2d9b/,3f9d5aad56fe6e82a8e6bcac7e4970a36063d51dc56b0bc41d2eecc7420155da,senate-efd-electronic,explicit,0
P000612,"David A Perdue , Jr",senate,Republican,GA,,False,2015-02-05,2015-06-04,CBS,CBS Corporation (NYSE),Stock,Purchase,"$1,001 - $15,000",8000.5,False,Joint,112fdda9-70c4-4cc5-a386-5c9491ba2d9b,https://efdsearch.senate.gov/search/view/ptr/112fdda9-70c4-4cc5-a386-5c9491ba2d9b/,573d5bbf05e5b27c4582406573ff99b50fe05fedd852d47a869fc22313d7ef1e,senate-efd-electronic,explicit,0
P000612,"David A Perdue , Jr",senate,Republican,GA,,False,2015-02-05,2015-06-04,AAN,"Aaron's, Inc. (NYSE)",Stock,Sale (Partial),"$1,001 - $15,000",8000.5,False,Joint,112fdda9-70c4-4cc5-a386-5c9491ba2d9b,https://efdsearch.senate.gov/search/view/ptr/112fdda9-70c4-4cc5-a386-5c9491ba2d9b/,c442a59d041c493ee584317859132c994f29477a4d5cb6ae0c1a419cfdbb5d8a,senate-efd-electronic,explicit,0
P000612,"David A Perdue , Jr",senate,Republican,GA,,False,2015-02-06,2015-06-04,AAN,"Aaron's, Inc. (NYSE)",Stock,Sale (Partial),"$1,001 - $15,000",8000.5,False,Joint,112fdda9-70c4-4cc5-a386-5c9491ba2d9b,https://efdsearch.senate.gov/search/view/ptr/112fdda9-70c4-4cc5-a386-5c9491ba2d9b/,300a8868ce3a75b7cf26c5516daf563e59989ac3ee7a08cf61838a47a94c1ba2,senate-efd-electronic,explicit,0
P000612,"David A Perdue , Jr",senate,Republican,GA,,False,2015-02-09,2015-06-04,CBS,CBS Corporation (NYSE),Stock,Purchase,"$1,001 - $15,000",8000.5,False,Joint,112fdda9-70c4-4cc5-a386-5c9491ba2d9b,https://efdsearch.senate.gov/search/view/ptr/112fdda9-70c4-4cc5-a386-5c9491ba2d9b/,d162883acea117baa44c6567dd8c3441d2dac0cfa2ee911a87e689e3ca51d50b,senate-efd-electronic,explicit,0
P000612,"David A Perdue , Jr",senate,Republican,GA,,False,2015-02-10,2015-06-04,WOOF,VCA Inc. (NASDAQ),Stock,Sale (Partial),"$1,001 - $15,000",8000.5,False,Joint,112fdda9-70c4-4cc5-a386-5c9491ba2d9b,https://efdsearch.senate.gov/search/view/ptr/112fdda9-70c4-4cc5-a386-5c9491ba2d9b/,7dca27e0ecad275d9c80e3560b6f5d34e7adc4a4f57853897f2fdbd1e3990099,senate-efd-electronic,explicit,0
P000612,"David A Perdue , Jr",senate,Republican,GA,,False,2015-02-10,2015-06-04,WPZ,Williams Partners L.P. (NYSE),Stock,Sale (Partial),"$1,001 - $15,000",8000.5,False,Joint,112fdda9-70c4-4cc5-a386-5c9491ba2d9b,https://efdsearch.senate.gov/search/view/ptr/112fdda9-70c4-4cc5-a386-5c9491ba2d9b/,31019ce03b4d25ce9a4257f02aeab8e6ef0ea3fd4336ad85f412f77e9ae533c8,senate-efd-electronic,explicit,0
P000612,"David A Perdue , Jr",senate,Republican,GA,,False,2015-02-11,2015-06-04,TAP,Molson Coors Brewing Company (NYSE),Stock,Sale (Partial),"$1,001 - $15,000",8000.5,False,Joint,112fdda9-70c4-4cc5-a386-5c9491ba2d9b,https://efdsearch.senate.gov/search/view/ptr/112fdda9-70c4-4cc5-a386-5c9491ba2d9b/,33d3b39f55a11d1f31073459a2f7953ab4723321285dc40d650138865f601c1b,senate-efd-electronic,explicit,0
P000612,"David A Perdue , Jr",senate,Republican,GA,,False,2015-02-11,2015-06-04,WPZ,Williams Partners L.P. (NYSE),Stock,Sale (Partial),"$1,001 - $15,000",8000.5,False,Joint,112fdda9-70c4-4cc5-a386-5c9491ba2d9b,https://efdsearch.senate.gov/search/view/ptr/112fdda9-70c4-4cc5-a386-5c9491ba2d9b/,23b1e99a4bf9e477023a5faf2a36c6da40ebb3d4f1ef82003738b669b23681ee,senate-efd-electronic,explicit,0
P000612,"David A Perdue , Jr",senate,Republican,GA,,False,2015-02-12,2015-06-04,CIT,CIT Group Inc. (NYSE),Stock,Purchase,"$1,001 - $15,000",8000.5,False,Joint,112fdda9-70c4-4cc5-a386-5c9491ba2d9b,https://efdsearch.senate.gov/search/view/ptr/112fdda9-70c4-4cc5-a386-5c9491ba2d9b/,a6c76d7b81f5e5a743b3183a9ebe9c41b5f751bb0ebf94edaa7640757b234e63,senate-efd-electronic,explicit,0
P000612,"David A Perdue , Jr",senate,Republican,GA,,False,2015-02-12,2015-06-04,XLS-WI,Exelis Inc. Common Stock Ex-Dis (NYSE),Stock,Sale (Partial),"$1,001 - $15,000",8000.5,False,Joint,112fdda9-70c4-4cc5-a386-5c9491ba2d9b,https://efdsearch.senate.gov/search/view/ptr/112fdda9-70c4-4cc5-a386-5c9491ba2d9b/,b6e02561e279ad4d8f6d2e34ec26cd713d305fe633da39fdaed8cdd9f2b90c87,senate-efd-electronic,explicit,0
P000612,"David A Perdue , Jr",senate,Republican,GA,,False,2015-02-12,2015-06-04,WPZ,Williams Partners L.P. (NYSE),Stock,Sale (Partial),"$1,001 - $15,000",8000.5,False,Joint,112fdda9-70c4-4cc5-a386-5c9491ba2d9b,https://efdsearch.senate.gov/search/view/ptr/112fdda9-70c4-4cc5-a386-5c9491ba2d9b/,b918ea48d6eda1ce965e8a0adc5cd52707a638bc5c7e6fa7f1f1f166e0ba92b9,senate-efd-electronic,explicit,0
P000612,"David A Perdue , Jr",senate,Republican,GA,,False,2015-02-13,2015-06-04,CBS,CBS Corporation (NYSE),Stock,Purchase,"$15,001 - $50,000",32500.5,False,Joint,112fdda9-70c4-4cc5-a386-5c9491ba2d9b,https://efdsearch.senate.gov/search/view/ptr/112fdda9-70c4-4cc5-a386-5c9491ba2d9b/,99e3d36f0b61bf8f334c7e9257d3f9f94e92f58643a8625491ead20e6173c62c,senate-efd-electronic,explicit,0
P000612,"David A Perdue , Jr",senate,Republican,GA,,False,2015-02-13,2015-06-04,CBS,CBS Corporation (NYSE),Stock,Purchase,"$1,001 - $15,000",8000.5,False,Joint,112fdda9-70c4-4cc5-a386-5c9491ba2d9b,https://efdsearch.senate.gov/search/view/ptr/112fdda9-70c4-4cc5-a386-5c9491ba2d9b/,eaeb8f980b252d819ec1bb5115024645fbc1f7b3d656efa87feb59980b48e1fb,senate-efd-electronic,explicit,1
P000612,"David A Perdue , Jr",senate,Republican,GA,,False,2015-02-13,2015-06-04,CBS,CBS Corporation (NYSE),Stock,Purchase,"$1,001 - $15,000",8000.5,False,Joint,112fdda9-70c4-4cc5-a386-5c9491ba2d9b,https://efdsearch.senate.gov/search/view/ptr/112fdda9-70c4-4cc5-a386-5c9491ba2d9b/,eaeb8f980b252d819ec1bb5115024645fbc1f7b3d656efa87feb59980b48e1fb,senate-efd-electronic,explicit,0
P000612,"David A Perdue , Jr",senate,Republican,GA,,False,2015-02-13,2015-06-04,WPZ,Williams Partners L.P. (NYSE),Stock,Sale (Partial),"$1,001 - $15,000",8000.5,False,Joint,112fdda9-70c4-4cc5-a386-5c9491ba2d9b,https://efdsearch.senate.gov/search/view/ptr/112fdda9-70c4-4cc5-a386-5c9491ba2d9b/,31115e8c8efc84273c9d0be5d370161a49dabc20027a77c9afd75bc2dd2e5b2a,senate-efd-electronic,explicit,0
P000612,"David A Perdue , Jr",senate,Republican,GA,,False,2015-02-17,2015-06-04,CBS,CBS Corporation (NYSE),Stock,Purchase,"$1,001 - $15,000",8000.5,False,Joint,112fdda9-70c4-4cc5-a386-5c9491ba2d9b,https://efdsearch.senate.gov/search/view/ptr/112fdda9-70c4-4cc5-a386-5c9491ba2d9b/,eb88b33973306e42372b16b18db0bfdab2cdcc256e8c9fc43c92dead82ee3d30,senate-efd-electronic,explicit,0
P000612,"David A Perdue , Jr",senate,Republican,GA,,False,2015-02-17,2015-06-04,CIT,CIT Group Inc. (NYSE),Stock,Purchase,"$1,001 - $15,000",8000.5,False,Joint,112fdda9-70c4-4cc5-a386-5c9491ba2d9b,https://efdsearch.senate.gov/search/view/ptr/112fdda9-70c4-4cc5-a386-5c9491ba2d9b/,484c36f299c508217c8e7d3cb75a41dce54dfe36710e2c449908176fa95c001e,senate-efd-electronic,explicit,0
P000612,"David A Perdue , Jr",senate,Republican,GA,,False,2015-02-17,2015-06-04,WPZ,Williams Partners L.P. (NYSE),Stock,Sale (Partial),"$1,001 - $15,000",8000.5,False,Joint,112fdda9-70c4-4cc5-a386-5c9491ba2d9b,https://efdsearch.senate.gov/search/view/ptr/112fdda9-70c4-4cc5-a386-5c9491ba2d9b/,087e485a672f2fd5db109fc2d814518f94f1cc20ab373cf6a986525188d160c4,senate-efd-electronic,explicit,0
P000612,"David A Perdue , Jr",senate,Republican,GA,,False,2015-02-18,2015-06-04,WPZ,Williams Partners L.P. (NYSE),Stock,Sale (Partial),"$1,001 - $15,000",8000.5,False,Joint,112fdda9-70c4-4cc5-a386-5c9491ba2d9b,https://efdsearch.senate.gov/search/view/ptr/112fdda9-70c4-4cc5-a386-5c9491ba2d9b/,c7dd6d1b439b6bceaf5a7b147bf1301bc1fcd9ab1efffea42a62db6edd700a2c,senate-efd-electronic,explicit,0
P000612,"David A Perdue , Jr",senate,Republican,GA,,False,2015-02-19,2015-06-04,WPZ,Williams Partners L.P. (NYSE),Stock,Sale (Partial),"$1,001 - $15,000",8000.5,False,Joint,112fdda9-70c4-4cc5-a386-5c9491ba2d9b,https://efdsearch.senate.gov/search/view/ptr/112fdda9-70c4-4cc5-a386-5c9491ba2d9b/,5a4bb4d32c9f358a616653bf925d880e7b4475cf7871349319690b5b48098da8,senate-efd-electronic,explicit,0
P000612,"David A Perdue , Jr",senate,Republican,GA,,False,2015-02-20,2015-06-04,CBS,CBS Corporation (NYSE),Stock,Purchase,"$1,001 - $15,000",8000.5,False,Joint,112fdda9-70c4-4cc5-a386-5c9491ba2d9b,https://efdsearch.senate.gov/search/view/ptr/112fdda9-70c4-4cc5-a386-5c9491ba2d9b/,f94d7202865fe7550b848bdbc8a059438dddbe5a2d88e6a6a3892d6c6b4393c2,senate-efd-electronic,explicit,0
P000612,"David A Perdue , Jr",senate,Republican,GA,,False,2015-02-23,2015-06-04,BA,The Boeing Company (NYSE),Stock,Sale (Full),"$15,001 - $50,000",32500.5,False,Joint,112fdda9-70c4-4cc5-a386-5c9491ba2d9b,https://efdsearch.senate.gov/search/view/ptr/112fdda9-70c4-4cc5-a386-5c9491ba2d9b/,5c27bd984d007cb31643b0887b4030f637f9c64b26db51a8a2d2e571d90d00e6,senate-efd-electronic,explicit,0
P000612,"David A Perdue , Jr",senate,Republican,GA,,False,2015-02-24,2015-06-04,SMEZ,SPDR EURO STOXX Small Cap ETF (NYSEArca),Stock,Sale (Partial),"$15,001 - $50,000",32500.5,False,Joint,112fdda9-70c4-4cc5-a386-5c9491ba2d9b,https://efdsearch.senate.gov/search/view/ptr/112fdda9-70c4-4cc5-a386-5c9491ba2d9b/,423a622696297f135243f9e753482ae45ff0bf84c4376102e449b79b13edfad4,senate-efd-electronic,explicit,0
P000612,"David A Perdue , Jr",senate,Republican,GA,,False,2015-02-26,2015-06-04,KN,Knowles Corporation (NYSE),Stock,Purchase,"$1,001 - $15,000",8000.5,False,Joint,112fdda9-70c4-4cc5-a386-5c9491ba2d9b,https://efdsearch.senate.gov/search/view/ptr/112fdda9-70c4-4cc5-a386-5c9491ba2d9b/,3f7581b7a6cb72021d90743510e809a6206e89ba99b47f91e287397428aed939,senate-efd-electronic,explicit,0
P000612,"David A Perdue , Jr",senate,Republican,GA,,False,2015-02-26,2015-06-04,PAA,"Plains All American Pipeline, L.P. (NYSE)",Stock,Purchase,"$15,001 - $50,000",32500.5,False,Joint,112fdda9-70c4-4cc5-a386-5c9491ba2d9b,https://efdsearch.senate.gov/search/view/ptr/112fdda9-70c4-4cc5-a386-5c9491ba2d9b/,af67d236461712cd39d544c843804a24a090a2d558426b0bac8e9360334889e9,senate-efd-electronic,explicit,0
P000612,"David A Perdue , Jr",senate,Republican,GA,,False,2015-03-02,2015-06-04,CIT,CIT Group Inc. (NYSE),Stock,Purchase,"$1,001 - $15,000",8000.5,False,Joint,112fdda9-70c4-4cc5-a386-5c9491ba2d9b,https://efdsearch.senate.gov/search/view/ptr/112fdda9-70c4-4cc5-a386-5c9491ba2d9b/,ce9768d294ff66d98f9205624b6338d39d5c368c9cfdee21365ca8ff411ec2aa,senate-efd-electronic,explicit,0
P000612,"David A Perdue , Jr",senate,Republican,GA,,False,2015-03-02,2015-06-04,NGLS,Targa Resources Partners LP (NYSE),Stock,Sale (Partial),"$1,001 - $15,000",8000.5,False,Joint,112fdda9-70c4-4cc5-a386-5c9491ba2d9b,https://efdsearch.senate.gov/search/view/ptr/112fdda9-70c4-4cc5-a386-5c9491ba2d9b/,d5fd1da39b792c49621955f765c68b1421e1f4fd853b31651ff16836edec5d8e,senate-efd-electronic,explicit,0
P000612,"David A Perdue , Jr",senate,Republican,GA,,False,2015-03-03,2015-06-04,WPX,"WPX Energy, Inc. (NYSE)",Stock,Purchase,"$1,001 - $15,000",8000.5,False,Joint,112fdda9-70c4-4cc5-a386-5c9491ba2d9b,https://efdsearch.senate.gov/search/view/ptr/112fdda9-70c4-4cc5-a386-5c9491ba2d9b/,e2fca520a9bbd814bd908268ed1defaadc0ab77549fa93a7091a87d6d16c7d41,senate-efd-electronic,explicit,0
P000612,"David A Perdue , Jr",senate,Republican,GA,,False,2015-03-03,2015-06-04,XLS-WI,Exelis Inc. Common Stock Ex-Dis (NYSE),Stock,Sale (Partial),"$1,001 - $15,000",8000.5,False,Joint,112fdda9-70c4-4cc5-a386-5c9491ba2d9b,https://efdsearch.senate.gov/search/view/ptr/112fdda9-70c4-4cc5-a386-5c9491ba2d9b/,284edef2570883878fd92543d468c3d3941731e2708906da00060e242950366d,senate-efd-electronic,explicit,0
P000612,"David A Perdue , Jr",senate,Republican,GA,,False,2015-03-03,2015-06-04,NGLS,Targa Resources Partners LP (NYSE),Stock,Sale (Partial),"$1,001 - $15,000",8000.5,False,Joint,112fdda9-70c4-4cc5-a386-5c9491ba2d9b,https://efdsearch.senate.gov/search/view/ptr/112fdda9-70c4-4cc5-a386-5c9491ba2d9b/,f8cc7b29fa51577e497f35158e098d1873c0f592577845cbe17bb5200f07aa7d,senate-efd-electronic,explicit,0
P000612,"David A Perdue , Jr",senate,Republican,GA,,False,2015-03-04,2015-06-04,NGLS,Targa Resources Partners LP (NYSE),Stock,Sale (Partial),"$1,001 - $15,000",8000.5,False,Joint,112fdda9-70c4-4cc5-a386-5c9491ba2d9b,https://efdsearch.senate.gov/search/view/ptr/112fdda9-70c4-4cc5-a386-5c9491ba2d9b/,fb2ef3f4cf4bdefd6966c23d9ed335da9b5ca295863ecfb5fb6dc77c91180c42,senate-efd-electronic,explicit,0
P000612,"David A Perdue , Jr",senate,Republican,GA,,False,2015-03-05,2015-06-04,XLS-WI,Exelis Inc. Common Stock Ex-Dis (NYSE),Stock,Sale (Partial),"$1,001 - $15,000",8000.5,False,Joint,112fdda9-70c4-4cc5-a386-5c9491ba2d9b,https://efdsearch.senate.gov/search/view/ptr/112fdda9-70c4-4cc5-a386-5c9491ba2d9b/,6b0d7e83c3494c9ce3803a2990a9d3b8d8ac65277f9a5dd9872c666ac163fe25,senate-efd-electronic,explicit,0
P000612,"David A Perdue , Jr",senate,Republican,GA,,False,2015-03-06,2015-06-04,KN,Knowles Corporation (NYSE),Stock,Purchase,"$1,001 - $15,000",8000.5,False,Joint,112fdda9-70c4-4cc5-a386-5c9491ba2d9b,https://efdsearch.senate.gov/search/view/ptr/112fdda9-70c4-4cc5-a386-5c9491ba2d9b/,576fd20506cefc239c0aa938a16be5ab6d8d3b455e599bad5dce359f0254fb4d,senate-efd-electronic,explicit,0
P000612,"David A Perdue , Jr",senate,Republican,GA,,False,2015-03-09,2015-06-04,KN,Knowles Corporation (NYSE),Stock,Purchase,"$1,001 - $15,000",8000.5,False,Joint,112fdda9-70c4-4cc5-a386-5c9491ba2d9b,https://efdsearch.senate.gov/search/view/ptr/112fdda9-70c4-4cc5-a386-5c9491ba2d9b/,39f8d7559e93aa480d919b5bdb105f87128a77527d4d80725359567c75c27117,senate-efd-electronic,explicit,0
P000612,"David A Perdue , Jr",senate,Republican,GA,,False,2015-03-09,2015-06-04,XLS-WI,Exelis Inc. Common Stock Ex-Dis (NYSE),Stock,Sale (Partial),"$15,001 - $50,000",32500.5,False,Joint,112fdda9-70c4-4cc5-a386-5c9491ba2d9b,https://efdsearch.senate.gov/search/view/ptr/112fdda9-70c4-4cc5-a386-5c9491ba2d9b/,21b7536cd6af2e1f0ae40f7c8d3b0466a7ab77ba861057b7cf08fc889a2467b0,senate-efd-electronic,explicit,0
P000612,"David A Perdue , Jr",senate,Republican,GA,,False,2015-03-10,2015-06-04,KN,Knowles Corporation (NYSE),Stock,Purchase,"$1,001 - $15,000",8000.5,False,Joint,112fdda9-70c4-4cc5-a386-5c9491ba2d9b,https://efdsearch.senate.gov/search/view/ptr/112fdda9-70c4-4cc5-a386-5c9491ba2d9b/,c0a9568220f770a8b0fcfdcde7b3cab0d304376229a34d7cdffa8e408327d3ee,senate-efd-electronic,explicit,0
P000612,"David A Perdue , Jr",senate,Republican,GA,,False,2015-03-11,2015-06-04,XLS-WI,Exelis Inc. Common Stock Ex-Dis (NYSE),Stock,Sale (Partial),"$1,001 - $15,000",8000.5,False,Joint,112fdda9-70c4-4cc5-a386-5c9491ba2d9b,https://efdsearch.senate.gov/search/view/ptr/112fdda9-70c4-4cc5-a386-5c9491ba2d9b/,8c0042870da8c59d9eada35844f0f13d096546e2e113ad3962a19a0a64543cab,senate-efd-electronic,explicit,0
P000612,"David A Perdue , Jr",senate,Republican,GA,,False,2015-03-11,2015-06-04,KN,Knowles Corporation (NYSE),Stock,Purchase,"$1,001 - $15,000",8000.5,False,Joint,112fdda9-70c4-4cc5-a386-5c9491ba2d9b,https://efdsearch.senate.gov/search/view/ptr/112fdda9-70c4-4cc5-a386-5c9491ba2d9b/,d3ab3126732cb500751757c05e3d07082769fff39c66a254ce01a5d4982e7e2a,senate-efd-electronic,explicit,0
P000612,"David A Perdue , Jr",senate,Republican,GA,,False,2015-03-11,2015-06-04,WPX,"WPX Energy, Inc. (NYSE)",Stock,Purchase,"$1,001 - $15,000",8000.5,False,Joint,112fdda9-70c4-4cc5-a386-5c9491ba2d9b,https://efdsearch.senate.gov/search/view/ptr/112fdda9-70c4-4cc5-a386-5c9491ba2d9b/,5e9b89204adcef8fa87b84d74c459406419d93ea48eb4f894f3eeb3fbdbdd0e7,senate-efd-electronic,explicit,0
P000612,"David A Perdue , Jr",senate,Republican,GA,,False,2015-03-11,2015-06-04,CAT,Caterpillar Inc. (NYSE),Stock,Sale (Full),"$15,001 - $50,000",32500.5,False,Joint,112fdda9-70c4-4cc5-a386-5c9491ba2d9b,https://efdsearch.senate.gov/search/view/ptr/112fdda9-70c4-4cc5-a386-5c9491ba2d9b/,9e1022a70f8956d774f4b18442947cf3401e7b35eb5f98f268b256d2203b6356,senate-efd-electronic,explicit,0
P000612,"David A Perdue , Jr",senate,Republican,GA,,False,2015-03-12,2015-06-04,WPX,"WPX Energy, Inc. (NYSE)",Stock,Purchase,"$1,001 - $15,000",8000.5,False,Joint,112fdda9-70c4-4cc5-a386-5c9491ba2d9b,https://efdsearch.senate.gov/search/view/ptr/112fdda9-70c4-4cc5-a386-5c9491ba2d9b/,27e39ae709824f7e70cfaf3413cb2a3008a6afd58be5e2dc869343fe1267925e,senate-efd-electronic,explicit,0
P000612,"David A Perdue , Jr",senate,Republican,GA,,False,2015-03-12,2015-06-04,WPX,"WPX Energy, Inc. (NYSE)",Stock,Purchase,"$1,001 - $15,000",8000.5,False,Joint,112fdda9-70c4-4cc5-a386-5c9491ba2d9b,https://efdsearch.senate.gov/search/view/ptr/112fdda9-70c4-4cc5-a386-5c9491ba2d9b/,27e39ae709824f7e70cfaf3413cb2a3008a6afd58be5e2dc869343fe1267925e,senate-efd-electronic,explicit,1
P000612,"David A Perdue , Jr",senate,Republican,GA,,False,2015-03-12,2015-06-04,CIT,CIT Group Inc. (NYSE),Stock,Purchase,"$1,001 - $15,000",8000.5,False,Joint,112fdda9-70c4-4cc5-a386-5c9491ba2d9b,https://efdsearch.senate.gov/search/view/ptr/112fdda9-70c4-4cc5-a386-5c9491ba2d9b/,d6ebb914ee1defb4934cb1178cac93010d1f8ca8f3150e8eff2ed50300b058bb,senate-efd-electronic,explicit,0
P000612,"David A Perdue , Jr",senate,Republican,GA,,False,2015-03-12,2015-06-04,ETE,"Energy Transfer Equity, L.P. (NYSE)",Stock,Sale (Partial),"$1,001 - $15,000",8000.5,False,Joint,112fdda9-70c4-4cc5-a386-5c9491ba2d9b,https://efdsearch.senate.gov/search/view/ptr/112fdda9-70c4-4cc5-a386-5c9491ba2d9b/,69ff56e0dadbd826bd783606a18cf51a8f215330ee6328b8cee5b84bb30d7fb9,senate-efd-electronic,explicit,0
P000612,"David A Perdue , Jr",senate,Republican,GA,,False,2015-03-13,2015-06-04,DISCA,"Discovery Communications, Inc. (NASDAQ)",Stock,Purchase,"$1,001 - $15,000",8000.5,False,Joint,112fdda9-70c4-4cc5-a386-5c9491ba2d9b,https://efdsearch.senate.gov/search/view/ptr/112fdda9-70c4-4cc5-a386-5c9491ba2d9b/,a2ed4ef182b22d41cdaaef0087d0a52fbb2c214a834a88d9c916c154d8af4a67,senate-efd-electronic,explicit,0
P000612,"David A Perdue , Jr",senate,Republican,GA,,False,2015-03-13,2015-06-04,DISCA,"Discovery Communications, Inc. (NASDAQ)",Stock,Purchase,"$1,001 - $15,000",8000.5,False,Joint,112fdda9-70c4-4cc5-a386-5c9491ba2d9b,https://efdsearch.senate.gov/search/view/ptr/112fdda9-70c4-4cc5-a386-5c9491ba2d9b/,a2ed4ef182b22d41cdaaef0087d0a52fbb2c214a834a88d9c916c154d8af4a67,senate-efd-electronic,explicit,1
P000612,"David A Perdue , Jr",senate,Republican,GA,,False,2015-03-13,2015-06-04,ETE,"Energy Transfer Equity, L.P. (NYSE)",Stock,Sale (Partial),"$1,001 - $15,000",8000.5,False,Joint,112fdda9-70c4-4cc5-a386-5c9491ba2d9b,https://efdsearch.senate.gov/search/view/ptr/112fdda9-70c4-4cc5-a386-5c9491ba2d9b/,67370b3c42d81932ed87078ef17dac7b80484464ff19da3e73ff6fc89489f0f1,senate-efd-electronic,explicit,0
P000612,"David A Perdue , Jr",senate,Republican,GA,,False,2015-03-13,2015-06-04,ETE,"Energy Transfer Equity, L.P. (NYSE)",Stock,Sale (Partial),"$1,001 - $15,000",8000.5,False,Joint,112fdda9-70c4-4cc5-a386-5c9491ba2d9b,https://efdsearch.senate.gov/search/view/ptr/112fdda9-70c4-4cc5-a386-5c9491ba2d9b/,67370b3c42d81932ed87078ef17dac7b80484464ff19da3e73ff6fc89489f0f1,senate-efd-electronic,explicit,1
P000612,"David A Perdue , Jr",senate,Republican,GA,,False,2015-03-16,2015-06-04,WPX,"WPX Energy, Inc. (NYSE)",Stock,Purchase,"$1,001 - $15,000",8000.5,False,Joint,112fdda9-70c4-4cc5-a386-5c9491ba2d9b,https://efdsearch.senate.gov/search/view/ptr/112fdda9-70c4-4cc5-a386-5c9491ba2d9b/,e84a4fb7a89287e47d8d64281b986414f0fbe649551cac286e653592049eb7c1,senate-efd-electronic,explicit,0
P000612,"David A Perdue , Jr",senate,Republican,GA,,False,2015-03-16,2015-06-04,DISCA,"Discovery Communications, Inc. (NASDAQ)",Stock,Purchase,"$15,001 - $50,000",32500.5,False,Joint,112fdda9-70c4-4cc5-a386-5c9491ba2d9b,https://efdsearch.senate.gov/search/view/ptr/112fdda9-70c4-4cc5-a386-5c9491ba2d9b/,659ae24ccd7d8286f3b94c492496814ad89f81fe61d44d70bb61bcfd7dc1637c,senate-efd-electronic,explicit,0
P000612,"David A Perdue , Jr",senate,Republican,GA,,False,2015-03-16,2015-06-04,XLS-WI,Exelis Inc. Common Stock Ex-Dis (NYSE),Stock,Sale (Full),"$1,001 - $15,000",8000.5,False,Joint,112fdda9-70c4-4cc5-a386-5c9491ba2d9b,https://efdsearch.senate.gov/search/view/ptr/112fdda9-70c4-4cc5-a386-5c9491ba2d9b/,643262cbe9779e344f634927504e83fcf96971f770bf3cb2a5271526b8bb9e67,senate-efd-electronic,explicit,0
P000612,"David A Perdue , Jr",senate,Republican,GA,,False,2015-03-16,2015-06-04,WPX,"WPX Energy, Inc. (NYSE)",Stock,Purchase,"$1,001 - $15,000",8000.5,False,Joint,112fdda9-70c4-4cc5-a386-5c9491ba2d9b,https://efdsearch.senate.gov/search/view/ptr/112fdda9-70c4-4cc5-a386-5c9491ba2d9b/,e84a4fb7a89287e47d8d64281b986414f0fbe649551cac286e653592049eb7c1,senate-efd-electronic,explicit,1
P000612,"David A Perdue , Jr",senate,Republican,GA,,False,2015-03-18,2015-06-04,DISCA,"Discovery Communications, Inc. (NASDAQ)",Stock,Purchase,"$1,001 - $15,000",8000.5,False,Joint,112fdda9-70c4-4cc5-a386-5c9491ba2d9b,https://efdsearch.senate.gov/search/view/ptr/112fdda9-70c4-4cc5-a386-5c9491ba2d9b/,6ec3b23090e734433ebfa1fed662a1c6c20efb7abdd19a5d88e059e1ccb037da,senate-efd-electronic,explicit,1
P000612,"David A Perdue , Jr",senate,Republican,GA,,False,2015-03-18,2015-06-04,DISCA,"Discovery Communications, Inc. (NASDAQ)",Stock,Purchase,"$1,001 - $15,000",8000.5,False,Joint,112fdda9-70c4-4cc5-a386-5c9491ba2d9b,https://efdsearch.senate.gov/search/view/ptr/112fdda9-70c4-4cc5-a386-5c9491ba2d9b/,6ec3b23090e734433ebfa1fed662a1c6c20efb7abdd19a5d88e059e1ccb037da,senate-efd-electronic,explicit,0
P000612,"David A Perdue , Jr",senate,Republican,GA,,False,2015-03-19,2015-06-04,BK,The Bank of New York Mellon Corporation (NYSE),Stock,Sale (Partial),"$1,001 - $15,000",8000.5,False,Joint,112fdda9-70c4-4cc5-a386-5c9491ba2d9b,https://efdsearch.senate.gov/search/view/ptr/112fdda9-70c4-4cc5-a386-5c9491ba2d9b/,7bdb676770c28c109ac3819f9de47df9beb8872a20daa0d61075c7cd664825f7,senate-efd-electronic,explicit,0
P000612,"David A Perdue , Jr",senate,Republican,GA,,False,2015-03-20,2015-06-04,KN,Knowles Corporation (NYSE),Stock,Purchase,"$1,001 - $15,000",8000.5,False,Joint,112fdda9-70c4-4cc5-a386-5c9491ba2d9b,https://efdsearch.senate.gov/search/view/ptr/112fdda9-70c4-4cc5-a386-5c9491ba2d9b/,7a25bc7dd8118abee35b790c585b1d136bafb6e18064f7f0c2d76a5282906c20,senate-efd-electronic,explicit,0
P000612,"David A Perdue , Jr",senate,Republican,GA,,False,2015-03-25,2015-06-04,SPY,SPDR S&P 500 ETF Trust (NYSEArca),Stock,Sale (Full),"$15,001 - $50,000",32500.5,False,Joint,112fdda9-70c4-4cc5-a386-5c9491ba2d9b,https://efdsearch.senate.gov/search/view/ptr/112fdda9-70c4-4cc5-a386-5c9491ba2d9b/,c7ece27aef130d426947880776c8591bdcd45f9a8e29e1a113cf0a91e18c8d74,senate-efd-electronic,explicit,0
P000612,"David A Perdue , Jr",senate,Republican,GA,,False,2015-03-27,2015-06-04,DISCA,"Discovery Communications, Inc. (NASDAQ)",Stock,Purchase,"$1,001 - $15,000",8000.5,False,Joint,112fdda9-70c4-4cc5-a386-5c9491ba2d9b,https://efdsearch.senate.gov/search/view/ptr/112fdda9-70c4-4cc5-a386-5c9491ba2d9b/,8ba0981d2f85da63a2f507a12fa84997e32076d6cd5e3354f3154416cbb6e4f3,senate-efd-electronic,explicit,0
P000612,"David A Perdue , Jr",senate,Republican,GA,,False,2015-03-27,2015-06-04,WPX,"WPX Energy, Inc. (NYSE)",Stock,Purchase,"$1,001 - $15,000",8000.5,False,Joint,112fdda9-70c4-4cc5-a386-5c9491ba2d9b,https://efdsearch.senate.gov/search/view/ptr/112fdda9-70c4-4cc5-a386-5c9491ba2d9b/,170a3e1414d7e13de1818d3e69dd8635c8a8ea59db1b3c3d44004e8bf4c1a205,senate-efd-electronic,explicit,0
P000612,"David A Perdue , Jr",senate,Republican,GA,,False,2015-04-02,2015-06-04,MSFT,Microsoft Corporation (NASDAQ),Stock,Sale (Partial),"$1,001 - $15,000",8000.5,False,Joint,112fdda9-70c4-4cc5-a386-5c9491ba2d9b,https://efdsearch.senate.gov/search/view/ptr/112fdda9-70c4-4cc5-a386-5c9491ba2d9b/,4fb661c7e6d233a1ceebb2e1b80494861fdd50680d20e04d422aadfa7504e8a6,senate-efd-electronic,explicit,0
P000612,"David A Perdue , Jr",senate,Republican,GA,,False,2015-04-02,2015-06-04,KO,The Coca-Cola Company (NYSE),Stock,Purchase,"$1,001 - $15,000",8000.5,False,Joint,112fdda9-70c4-4cc5-a386-5c9491ba2d9b,https://efdsearch.senate.gov/search/view/ptr/112fdda9-70c4-4cc5-a386-5c9491ba2d9b/,0987b5159da919bc5684f79dd82974a467421e3d15025bd7b4ea1b4acc0b6aa2,senate-efd-electronic,explicit,0
P000612,"David A Perdue , Jr",senate,Republican,GA,,False,2015-04-02,2015-06-04,JNJ,Johnson & Johnson (NYSE),Stock,Purchase,"$1,001 - $15,000",8000.5,False,Joint,112fdda9-70c4-4cc5-a386-5c9491ba2d9b,https://efdsearch.senate.gov/search/view/ptr/112fdda9-70c4-4cc5-a386-5c9491ba2d9b/,4a4f0f4fef4fd12e630bcafb3a70f81f57805e7e11c6789b83a99bbc4a80386e,senate-efd-electronic,explicit,0
P000612,"David A Perdue , Jr",senate,Republican,GA,,False,2015-04-02,2015-06-04,FOXA,"Twenty-First Century Fox, Inc. (NASDAQ)",Stock,Sale (Partial),"$1,001 - $15,000",8000.5,False,Joint,112fdda9-70c4-4cc5-a386-5c9491ba2d9b,https://efdsearch.senate.gov/search/view/ptr/112fdda9-70c4-4cc5-a386-5c9491ba2d9b/,e53acbd781b7c1cde1eff4e0fd22875f891392bf6132c3660a4bca77c74ccd65,senate-efd-electronic,explicit,0
P000612,"David A Perdue , Jr",senate,Republican,GA,,False,2015-04-02,2015-06-04,AVP,Avon Products Inc. (NYSE),Stock,Purchase,"$1,001 - $15,000",8000.5,False,Joint,112fdda9-70c4-4cc5-a386-5c9491ba2d9b,https://efdsearch.senate.gov/search/view/ptr/112fdda9-70c4-4cc5-a386-5c9491ba2d9b/,faf62d14acdaf7b0e20d29e1ca92e57eb5c40eaaae8be43299e19c1f484ae9f6,senate-efd-electronic,explicit,0
P000612,"David A Perdue , Jr",senate,Republican,GA,,False,2015-04-02,2015-06-04,FOX,"Twenty-First Century Fox, Inc. (NASDAQ)",Stock,Purchase,"$15,001 - $50,000",32500.5,False,Joint,112fdda9-70c4-4cc5-a386-5c9491ba2d9b,https://efdsearch.senate.gov/search/view/ptr/112fdda9-70c4-4cc5-a386-5c9491ba2d9b/,4a2abe91051299e0e98a39d6c529eb16fe2d4653976f1f7d43b6a8b01eea800c,senate-efd-electronic,explicit,0
P000612,"David A Perdue , Jr",senate,Republican,GA,,False,2015-04-02,2015-06-04,PG,The Procter & Gamble Company (NYSE),Stock,Purchase,"$1,001 - $15,000",8000.5,False,Joint,112fdda9-70c4-4cc5-a386-5c9491ba2d9b,https://efdsearch.senate.gov/search/view/ptr/112fdda9-70c4-4cc5-a386-5c9491ba2d9b/,a6ba2ce72b3e79e55966e52c671619d504bac69a80f44235175c0c9e409ceea2,senate-efd-electronic,explicit,0
P000612,"David A Perdue , Jr",senate,Republican,GA,,False,2015-04-02,2015-06-04,SYY,Sysco Corporation (NYSE),Stock,Purchase,"$1,001 - $15,000",8000.5,False,Joint,112fdda9-70c4-4cc5-a386-5c9491ba2d9b,https://efdsearch.senate.gov/search/view/ptr/112fdda9-70c4-4cc5-a386-5c9491ba2d9b/,9074d85a1f4e3059269b4bc2dbe21c115c1bcff3ef762a660483b7a246fbac0b,senate-efd-electronic,explicit,0
P000612,"David A Perdue , Jr",senate,Republican,GA,,False,2015-04-15,2015-06-04,MOS,The Mosaic Company (NYSE),Stock,Purchase,"$1,001 - $15,000",8000.5,False,Joint,112fdda9-70c4-4cc5-a386-5c9491ba2d9b,https://efdsearch.senate.gov/search/view/ptr/112fdda9-70c4-4cc5-a386-5c9491ba2d9b/,416fe5e7da602a3c2907440a2f3d04864cd04750b3cc76be5e3e818ff0c89fef,senate-efd-electronic,explicit,0
P000612,"David A Perdue , Jr",senate,Republican,GA,,False,2015-04-17,2015-06-04,KN,Knowles Corporation (NYSE),Stock,Purchase,"$1,001 - $15,000",8000.5,False,Joint,112fdda9-70c4-4cc5-a386-5c9491ba2d9b,https://efdsearch.senate.gov/search/view/ptr/112fdda9-70c4-4cc5-a386-5c9491ba2d9b/,67ac9cf644ba059513643c9a4895ac344188dba0202a5ec9d6ec08c158002f93,senate-efd-electronic,explicit,0
P000612,"David A Perdue , Jr",senate,Republican,GA,,False,2015-04-23,2015-06-04,KN,Knowles Corporation (NYSE),Stock,Purchase,"$1,001 - $15,000",8000.5,False,Joint,112fdda9-70c4-4cc5-a386-5c9491ba2d9b,https://efdsearch.senate.gov/search/view/ptr/112fdda9-70c4-4cc5-a386-5c9491ba2d9b/,e8315dc029e16bb714da829ac675099bd5d808e14e15aaae4ba94ee281823be3,senate-efd-electronic,explicit,0
P000612,"David A Perdue , Jr",senate,Republican,GA,,False,2015-04-24,2015-06-04,KN,Knowles Corporation (NYSE),Stock,Purchase,"$1,001 - $15,000",8000.5,False,Joint,112fdda9-70c4-4cc5-a386-5c9491ba2d9b,https://efdsearch.senate.gov/search/view/ptr/112fdda9-70c4-4cc5-a386-5c9491ba2d9b/,6ded9468e35e38ae67e161bd03476a5d106138c68c37ca8cf28e95145f352f26,senate-efd-electronic,explicit,1
P000612,"David A Perdue , Jr",senate,Republican,GA,,False,2015-04-24,2015-06-04,KN,Knowles Corporation (NYSE),Stock,Purchase,"$1,001 - $15,000",8000.5,False,Joint,112fdda9-70c4-4cc5-a386-5c9491ba2d9b,https://efdsearch.senate.gov/search/view/ptr/112fdda9-70c4-4cc5-a386-5c9491ba2d9b/,6ded9468e35e38ae67e161bd03476a5d106138c68c37ca8cf28e95145f352f26,senate-efd-electronic,explicit,0
P000612,"David A Perdue , Jr",senate,Republican,GA,,False,2015-04-29,2015-06-04,PFE,Pfizer Inc. (NYSE),Stock,Sale (Partial),"$1,001 - $15,000",8000.5,False,Joint,112fdda9-70c4-4cc5-a386-5c9491ba2d9b,https://efdsearch.senate.gov/search/view/ptr/112fdda9-70c4-4cc5-a386-5c9491ba2d9b/,9929ef7556ba4628bc764f277be7d78b4edf73706c4c87de11644257eca1845d,senate-efd-electronic,explicit,0
P000612,"David A Perdue , Jr",senate,Republican,GA,,False,2015-05-06,2015-06-04,PFE,Pfizer Inc. (NYSE),Stock,Sale (Partial),"$1,001 - $15,000",8000.5,False,Joint,112fdda9-70c4-4cc5-a386-5c9491ba2d9b,https://efdsearch.senate.gov/search/view/ptr/112fdda9-70c4-4cc5-a386-5c9491ba2d9b/,79e4c192bc3123bce64778c7dc8d1aeaeace9e8ef8143190799241c8702bfe62,senate-efd-electronic,explicit,0
P000612,"David A Perdue , Jr",senate,Republican,GA,,False,2015-05-06,2015-06-04,PFE,Pfizer Inc. (NYSE),Stock,Sale (Partial),"$1,001 - $15,000",8000.5,False,Joint,112fdda9-70c4-4cc5-a386-5c9491ba2d9b,https://efdsearch.senate.gov/search/view/ptr/112fdda9-70c4-4cc5-a386-5c9491ba2d9b/,79e4c192bc3123bce64778c7dc8d1aeaeace9e8ef8143190799241c8702bfe62,senate-efd-electronic,explicit,1
P000612,"David A Perdue , Jr",senate,Republican,GA,,False,2015-05-06,2015-06-04,SYY,Sysco Corporation (NYSE),Stock,Purchase,"$15,001 - $50,000",32500.5,False,Joint,112fdda9-70c4-4cc5-a386-5c9491ba2d9b,https://efdsearch.senate.gov/search/view/ptr/112fdda9-70c4-4cc5-a386-5c9491ba2d9b/,030fb7f9be680a1c80f9a015d45959ac144f2c12cae3b5b2cd49bfbf17b32c45,senate-efd-electronic,explicit,0
P000612,"David A Perdue , Jr",senate,Republican,GA,,False,2015-05-07,2015-06-04,TAP,Molson Coors Brewing Company (NYSE),Stock,Sale (Partial),"$1,001 - $15,000",8000.5,False,Joint,112fdda9-70c4-4cc5-a386-5c9491ba2d9b,https://efdsearch.senate.gov/search/view/ptr/112fdda9-70c4-4cc5-a386-5c9491ba2d9b/,a99ef7f5d25a88a4e15ffbe2fc3c24f42d7713fe97760e650dd27308e54ba5d0,senate-efd-electronic,explicit,0
P000612,"David A Perdue , Jr",senate,Republican,GA,,False,2015-05-07,2015-06-04,PFE,Pfizer Inc. (NYSE),Stock,Sale (Partial),"$1,001 - $15,000",8000.5,False,Joint,112fdda9-70c4-4cc5-a386-5c9491ba2d9b,https://efdsearch.senate.gov/search/view/ptr/112fdda9-70c4-4cc5-a386-5c9491ba2d9b/,ddaed570d781a772e841ab735e08371288321b472367f5d1f8ce5edcc8e9f48f,senate-efd-electronic,explicit,0
P000612,"David A Perdue , Jr",senate,Republican,GA,,False,2015-05-11,2015-06-04,FOX,"Twenty-First Century Fox, Inc. (NASDAQ)",Stock,Purchase,"$1,001 - $15,000",8000.5,False,Joint,112fdda9-70c4-4cc5-a386-5c9491ba2d9b,https://efdsearch.senate.gov/search/view/ptr/112fdda9-70c4-4cc5-a386-5c9491ba2d9b/,2ea6da2a1bb401453e13413cc3db194c17138a7b2c7a81ff7088e5e67ccc97da,senate-efd-electronic,explicit,0
P000612,"David A Perdue , Jr",senate,Republican,GA,,False,2015-05-11,2015-06-04,CMCSK,Comcast Corporation (NASDAQ),Stock,Sale (Partial),"$1,001 - $15,000",8000.5,False,Joint,112fdda9-70c4-4cc5-a386-5c9491ba2d9b,https://efdsearch.senate.gov/search/view/ptr/112fdda9-70c4-4cc5-a386-5c9491ba2d9b/,9c6d53af93c9ddd99f895d549480e920e51018973729b4bd2f204f161ee7191e,senate-efd-electronic,explicit,0
P000612,"David A Perdue , Jr",senate,Republican,GA,,False,2015-05-12,2015-06-04,DISCA,"Discovery Communications, Inc. (NASDAQ)",Stock,Purchase,"$1,001 - $15,000",8000.5,False,Joint,112fdda9-70c4-4cc5-a386-5c9491ba2d9b,https://efdsearch.senate.gov/search/view/ptr/112fdda9-70c4-4cc5-a386-5c9491ba2d9b/,4a6d6a29ca90fab16c7fbc86cee50ef69402d12a29f7ca9c3bb1d130325a9934,senate-efd-electronic,explicit,0
P000612,"David A Perdue , Jr",senate,Republican,GA,,False,2015-05-12,2015-06-04,FOX,"Twenty-First Century Fox, Inc. (NASDAQ)",Stock,Purchase,"$15,001 - $50,000",32500.5,False,Joint,112fdda9-70c4-4cc5-a386-5c9491ba2d9b,https://efdsearch.senate.gov/search/view/ptr/112fdda9-70c4-4cc5-a386-5c9491ba2d9b/,cc2038a33464e6179edf564e096e6b3b14057fded709e385d0656a5a403c149f,senate-efd-electronic,explicit,0
P000612,"David A Perdue , Jr",senate,Republican,GA,,False,2015-05-12,2015-06-04,CMCSK,Comcast Corporation (NASDAQ),Stock,Sale (Full),"$15,001 - $50,000",32500.5,False,Joint,112fdda9-70c4-4cc5-a386-5c9491ba2d9b,https://efdsearch.senate.gov/search/view/ptr/112fdda9-70c4-4cc5-a386-5c9491ba2d9b/,c8ce9cac1afb2f104004a68e37da2b21a2606f48e353d5d8fd28c3560492b5c8,senate-efd-electronic,explicit,0
P000612,"David A Perdue , Jr",senate,Republican,GA,,False,2015-05-13,2015-06-04,DISCA,"Discovery Communications, Inc. (NASDAQ)",Stock,Purchase,"$1,001 - $15,000",8000.5,False,Joint,112fdda9-70c4-4cc5-a386-5c9491ba2d9b,https://efdsearch.senate.gov/search/view/ptr/112fdda9-70c4-4cc5-a386-5c9491ba2d9b/,0ec21bb3041d6ab745e019457063cc4f5db9d5eadbae9a39c96a017be092a834,senate-efd-electronic,explicit,0
P000612,"David A Perdue , Jr",senate,Republican,GA,,False,2015-05-14,2015-06-04,TAP,Molson Coors Brewing Company (NYSE),Stock,Sale (Full),"$1,001 - $15,000",8000.5,False,Joint,112fdda9-70c4-4cc5-a386-5c9491ba2d9b,https://efdsearch.senate.gov/search/view/ptr/112fdda9-70c4-4cc5-a386-5c9491ba2d9b/,6d8c440446ef7355705835d02d8cb588bfc7e1706204d24428e46a106d0fe1cc,senate-efd-electronic,explicit,0
P000612,"David A Perdue , Jr",senate,Republican,GA,,False,2015-05-14,2015-06-04,DISCA,"Discovery Communications, Inc. (NASDAQ)",Stock,Purchase,"$1,001 - $15,000",8000.5,False,Joint,112fdda9-70c4-4cc5-a386-5c9491ba2d9b,https://efdsearch.senate.gov/search/view/ptr/112fdda9-70c4-4cc5-a386-5c9491ba2d9b/,1c2b6530cc2cdb151c4f0b0f28d94025c98780d9713f5e3ffbaee972be50a27d,senate-efd-electronic,explicit,0
P000612,"David A Perdue , Jr",senate,Republican,GA,,False,2015-05-14,2015-06-04,PFE,Pfizer Inc. (NYSE),Stock,Sale (Partial),"$1,001 - $15,000",8000.5,False,Joint,112fdda9-70c4-4cc5-a386-5c9491ba2d9b,https://efdsearch.senate.gov/search/view/ptr/112fdda9-70c4-4cc5-a386-5c9491ba2d9b/,cce7f61108f021804be20687caebfd4ed99b3f384bba4602ac59300397b643f6,senate-efd-electronic,explicit,0
P000612,"David A Perdue , Jr",senate,Republican,GA,,False,2015-05-15,2015-06-04,AXLL,Axiall Corporation (NYSE),Stock,Purchase,"$1,001 - $15,000",8000.5,False,Joint,112fdda9-70c4-4cc5-a386-5c9491ba2d9b,https://efdsearch.senate.gov/search/view/ptr/112fdda9-70c4-4cc5-a386-5c9491ba2d9b/,6b6a45b93cc9f9eae5e7e0d618a0c0bc43f284bab79fe88b6ab3f40abb41aff5,senate-efd-electronic,explicit,0
P000612,"David A Perdue , Jr",senate,Republican,GA,,False,2015-05-20,2015-06-04,CL,Colgate-Palmolive Co. (NYSE),Stock,Sale (Full),"$15,001 - $50,000",32500.5,False,Joint,112fdda9-70c4-4cc5-a386-5c9491ba2d9b,https://efdsearch.senate.gov/search/view/ptr/112fdda9-70c4-4cc5-a386-5c9491ba2d9b/,24faa159cf66b6eec431c6fdfeec39a48b32059237aadf2c12e51d58bdb66cc6,senate-efd-electronic,explicit,0
P000612,"David A Perdue , Jr",senate,Republican,GA,,False,2015-05-20,2015-06-04,RF,Regions Financial Corporation (NYSE),Stock,Purchase,"$15,001 - $50,000",32500.5,False,Joint,112fdda9-70c4-4cc5-a386-5c9491ba2d9b,https://efdsearch.senate.gov/search/view/ptr/112fdda9-70c4-4cc5-a386-5c9491ba2d9b/,0e99519f96ffd5d9bb9d13baf3dd3083c511cec7c55af389f255d2dbe7a3d603,senate-efd-electronic,explicit,0
P000612,"David A Perdue , Jr",senate,Republican,GA,,False,2015-05-21,2015-06-04,PAA,"Plains All American Pipeline, L.P. (NYSE)",Stock,Sale (Partial),"$1,001 - $15,000",8000.5,False,Joint,112fdda9-70c4-4cc5-a386-5c9491ba2d9b,https://efdsearch.senate.gov/search/view/ptr/112fdda9-70c4-4cc5-a386-5c9491ba2d9b/,18821ac0b7123fa62c935a94c1d75f590de27962b27febae7bab8715d0ebc5c8,senate-efd-electronic,explicit,1
P000612,"David A Perdue , Jr",senate,Republican,GA,,False,2015-05-21,2015-06-04,PAA,"Plains All American Pipeline, L.P. (NYSE)",Stock,Sale (Partial),"$1,001 - $15,000",8000.5,False,Joint,112fdda9-70c4-4cc5-a386-5c9491ba2d9b,https://efdsearch.senate.gov/search/view/ptr/112fdda9-70c4-4cc5-a386-5c9491ba2d9b/,18821ac0b7123fa62c935a94c1d75f590de27962b27febae7bab8715d0ebc5c8,senate-efd-electronic,explicit,0
P000612,"David A Perdue , Jr",senate,Republican,GA,,False,2015-05-22,2015-06-04,PAA,"Plains All American Pipeline, L.P. (NYSE)",Stock,Sale (Partial),"$1,001 - $15,000",8000.5,False,Joint,112fdda9-70c4-4cc5-a386-5c9491ba2d9b,https://efdsearch.senate.gov/search/view/ptr/112fdda9-70c4-4cc5-a386-5c9491ba2d9b/,5d377ae6c8f51ebcaad66f30c9ac8087abe50714e9bdfde5511b5bb62ecfe5e0,senate-efd-electronic,explicit,0
P000612,"David A Perdue , Jr",senate,Republican,GA,,False,2015-05-22,2015-06-04,PAA,"Plains All American Pipeline, L.P. (NYSE)",Stock,Sale (Partial),"$1,001 - $15,000",8000.5,False,Joint,112fdda9-70c4-4cc5-a386-5c9491ba2d9b,https://efdsearch.senate.gov/search/view/ptr/112fdda9-70c4-4cc5-a386-5c9491ba2d9b/,5d377ae6c8f51ebcaad66f30c9ac8087abe50714e9bdfde5511b5bb62ecfe5e0,senate-efd-electronic,explicit,1
P000612,"David A Perdue , Jr",senate,Republican,GA,,False,2015-05-29,2015-06-26,DISCA,"Discovery Communications, Inc. (NASDAQ)",Stock,Purchase,"$1,001 - $15,000",8000.5,False,Joint,e79a3e3f-b470-425f-9a39-4f7ea900b1cb,https://efdsearch.senate.gov/search/view/ptr/e79a3e3f-b470-425f-9a39-4f7ea900b1cb/,92618007c64b9b4b0340282523e150b6ba576453484ffca89c0247a8033ed074,senate-efd-electronic,explicit,0
P000612,"David A Perdue , Jr",senate,Republican,GA,,False,2015-06-03,2015-06-26,AXLL,Axiall Corporation (NYSE),Stock,Purchase,"$1,001 - $15,000",8000.5,False,Joint,e79a3e3f-b470-425f-9a39-4f7ea900b1cb,https://efdsearch.senate.gov/search/view/ptr/e79a3e3f-b470-425f-9a39-4f7ea900b1cb/,6f9c6ee8f90c508264fcb8ff0c6e8cebf7f8a7bb2f3086a7887285cbede4535e,senate-efd-electronic,explicit,0
P000612,"David A Perdue , Jr",senate,Republican,GA,,False,2015-06-04,2015-06-26,PG,The Procter & Gamble Company (NYSE),Stock,Purchase,"$1,001 - $15,000",8000.5,False,Joint,e79a3e3f-b470-425f-9a39-4f7ea900b1cb,https://efdsearch.senate.gov/search/view/ptr/e79a3e3f-b470-425f-9a39-4f7ea900b1cb/,59ab2d04ae34881f66c5968d051b483013343ee93e97bc43e806cf9d2d41ab44,senate-efd-electronic,explicit,0
P000612,"David A Perdue , Jr",senate,Republican,GA,,False,2015-06-11,2015-06-26,ANTM,"Anthem, Inc. (NYSE)",Stock,Sale (Partial),"$1,001 - $15,000",8000.5,False,Joint,e79a3e3f-b470-425f-9a39-4f7ea900b1cb,https://efdsearch.senate.gov/search/view/ptr/e79a3e3f-b470-425f-9a39-4f7ea900b1cb/,a3a0160c0a2f19b8670067285603ebdbabf6c2f22f63fcfd1a07c4c44bb6b687,senate-efd-electronic,explicit,0
P000612,"David A Perdue , Jr",senate,Republican,GA,,False,2015-06-19,2015-06-26,CVC,Cablevision Systems Corporation (NYSE),Stock,Sale (Partial),"$1,001 - $15,000",8000.5,False,Joint,e79a3e3f-b470-425f-9a39-4f7ea900b1cb,https://efdsearch.senate.gov/search/view/ptr/e79a3e3f-b470-425f-9a39-4f7ea900b1cb/,71e4f3e9ce780aa6382d6e93adf7b32a2eb2c34197a3a3aed3bbc17fe6fe9e71,senate-efd-electronic,explicit,0
P000612,"David A Perdue , Jr",senate,Republican,GA,,False,2015-06-29,2015-07-28,DISCA,"Discovery Communications, Inc. (NASDAQ)",Stock,Purchase,"$1,001 - $15,000",8000.5,False,Joint,81a6cb3e-068f-432f-9cf4-1f49c84f3865,https://efdsearch.senate.gov/search/view/ptr/81a6cb3e-068f-432f-9cf4-1f49c84f3865/,027d86f7fa73656e28976020247c74d942e9c26840c9d3b71952780dba811db8,senate-efd-electronic,explicit,0
P000612,"David A Perdue , Jr",senate,Republican,GA,,False,2015-06-29,2015-07-28,CBS,CBS Corporation (NYSE),Stock,Purchase,"$1,001 - $15,000",8000.5,False,Joint,81a6cb3e-068f-432f-9cf4-1f49c84f3865,https://efdsearch.senate.gov/search/view/ptr/81a6cb3e-068f-432f-9cf4-1f49c84f3865/,4d19edb440fb3f81ec6a7850062eb90630d7bd315522fc6223f3774ec6b20218,senate-efd-electronic,explicit,0
P000612,"David A Perdue , Jr",senate,Republican,GA,,False,2015-07-07,2015-07-28,CVC,Cablevision Systems Corporation (NYSE),Stock,Sale (Partial),"$1,001 - $15,000",8000.5,False,Joint,81a6cb3e-068f-432f-9cf4-1f49c84f3865,https://efdsearch.senate.gov/search/view/ptr/81a6cb3e-068f-432f-9cf4-1f49c84f3865/,3912700d0ccb156b38958e8638358dbcfb9d0cda721a87e13cb28170a02db0e6,senate-efd-electronic,explicit,0
P000612,"David A Perdue , Jr",senate,Republican,GA,,False,2015-07-08,2015-07-28,AAN,"Aaron's, Inc. (NYSE)",Stock,Sale (Partial),"$1,001 - $15,000",8000.5,False,Joint,81a6cb3e-068f-432f-9cf4-1f49c84f3865,https://efdsearch.senate.gov/search/view/ptr/81a6cb3e-068f-432f-9cf4-1f49c84f3865/,48446bdfca6d6b4423ddc4019923ffa3cfcbe396feeb0eabb50304f0793e5e05,senate-efd-electronic,explicit,0
P000612,"David A Perdue , Jr",senate,Republican,GA,,False,2015-07-09,2015-07-28,AAN,"Aaron's, Inc. (NYSE)",Stock,Sale (Partial),"$1,001 - $15,000",8000.5,False,Joint,81a6cb3e-068f-432f-9cf4-1f49c84f3865,https://efdsearch.senate.gov/search/view/ptr/81a6cb3e-068f-432f-9cf4-1f49c84f3865/,cc5cdbfa564af5b4c18724840ac8c92509d15360367862aff4d2750010d7fe72,senate-efd-electronic,explicit,0
P000612,"David A Perdue , Jr",senate,Republican,GA,,False,2015-07-09,2015-07-28,,Atl Ga Wtr & Wastewtr Rev Rev  Rate/Coupon: 6.0%  Matures: 11/01/22,Municipal Security,Purchase,"$250,001 - $500,000",375000.5,False,Joint,81a6cb3e-068f-432f-9cf4-1f49c84f3865,https://efdsearch.senate.gov/search/view/ptr/81a6cb3e-068f-432f-9cf4-1f49c84f3865/,c0d601d60bf1d127ca4e21d5bce80ccf196c06c2961f2e6fb5fcb732f654299f,senate-efd-electronic,none,0
P000612,"David A Perdue , Jr",senate,Republican,GA,,False,2015-07-13,2015-07-28,DVN,Devon Energy Corporation (NYSE),Stock,Purchase,"$1,001 - $15,000",8000.5,False,Joint,81a6cb3e-068f-432f-9cf4-1f49c84f3865,https://efdsearch.senate.gov/search/view/ptr/81a6cb3e-068f-432f-9cf4-1f49c84f3865/,c64adde5b8bfa0204bff76a876f5795f6c77762594f3885f610220072e18c370,senate-efd-electronic,explicit,0
P000612,"David A Perdue , Jr",senate,Republican,GA,,False,2015-07-13,2015-07-28,AAN,"Aaron's, Inc. (NYSE)",Stock,Sale (Partial),"$1,001 - $15,000",8000.5,False,Joint,81a6cb3e-068f-432f-9cf4-1f49c84f3865,https://efdsearch.senate.gov/search/view/ptr/81a6cb3e-068f-432f-9cf4-1f49c84f3865/,edb3a1a0cba1170a2720e1fe81058260db41b9a018ea6f1e20bf7e576f29c7a4,senate-efd-electronic,explicit,0
P000612,"David A Perdue , Jr",senate,Republican,GA,,False,2015-07-14,2015-07-28,CVC,Cablevision Systems Corporation (NYSE),Stock,Sale (Partial),"$1,001 - $15,000",8000.5,False,Joint,81a6cb3e-068f-432f-9cf4-1f49c84f3865,https://efdsearch.senate.gov/search/view/ptr/81a6cb3e-068f-432f-9cf4-1f49c84f3865/,f894b592c7f91ed8f33d2767278293605429596d567c4708f549a974003da48a,senate-efd-electronic,explicit,0
P000612,"David A Perdue , Jr",senate,Republican,GA,,False,2015-07-14,2015-07-28,,Columbus Ga Bldg Auth Lease Rev  Rate/Coupon: 4.0%  Matures: 01/01/22,Municipal Security,Purchase,"$250,001 - $500,000",375000.5,False,Joint,81a6cb3e-068f-432f-9cf4-1f49c84f3865,https://efdsearch.senate.gov/search/view/ptr/81a6cb3e-068f-432f-9cf4-1f49c84f3865/,3a6406b19e21af3f067bce5aee4b76893b4df001bd73e7122c358018f229f9f3,senate-efd-electronic,none,0
P000612,"David A Perdue , Jr",senate,Republican,GA,,False,2015-07-16,2015-07-28,CVC,Cablevision Systems Corporation (NYSE),Stock,Sale (Partial),"$1,001 - $15,000",8000.5,False,Joint,81a6cb3e-068f-432f-9cf4-1f49c84f3865,https://efdsearch.senate.gov/search/view/ptr/81a6cb3e-068f-432f-9cf4-1f49c84f3865/,98679a53b9101e688b6e146962adc4f5278f6a03c1d7e0148eae41df3bb83b83,senate-efd-electronic,explicit,0
P000612,"David A Perdue , Jr",senate,Republican,GA,,False,2015-07-17,2015-07-28,WPX,"WPX Energy, Inc. (NYSE)",Stock,Purchase,"$1,001 - $15,000",8000.5,False,Joint,81a6cb3e-068f-432f-9cf4-1f49c84f3865,https://efdsearch.senate.gov/search/view/ptr/81a6cb3e-068f-432f-9cf4-1f49c84f3865/,59ff6c01dfa494b52889efde936992a0a3427e99e540af835e7b217038e6dfce,senate-efd-electronic,explicit,0
P000612,"David A Perdue , Jr",senate,Republican,GA,,False,2015-07-17,2015-07-28,PKI,PerkinElmer Inc. (NYSE),Stock,Sale (Partial),"$1,001 - $15,000",8000.5,False,Joint,81a6cb3e-068f-432f-9cf4-1f49c84f3865,https://efdsearch.senate.gov/search/view/ptr/81a6cb3e-068f-432f-9cf4-1f49c84f3865/,f4a7f7713e03c58d6f587c219844caf5c5c5dec1a3d142e20ea86a347caa2b07,senate-efd-electronic,explicit,1
P000612,"David A Perdue , Jr",senate,Republican,GA,,False,2015-07-17,2015-07-28,EBAY,eBay Inc. (NASDAQ),Stock,Sale (Partial),"$15,001 - $50,000",32500.5,False,Joint,81a6cb3e-068f-432f-9cf4-1f49c84f3865,https://efdsearch.senate.gov/search/view/ptr/81a6cb3e-068f-432f-9cf4-1f49c84f3865/,9d4f8a6589bdd1f9e069ce34c34a11062286d336e035b3805e72570dc8ccb04b,senate-efd-electronic,explicit,0
P000612,"David A Perdue , Jr",senate,Republican,GA,,False,2015-07-17,2015-07-28,PKI,PerkinElmer Inc. (NYSE),Stock,Sale (Partial),"$1,001 - $15,000",8000.5,False,Joint,81a6cb3e-068f-432f-9cf4-1f49c84f3865,https://efdsearch.senate.gov/search/view/ptr/81a6cb3e-068f-432f-9cf4-1f49c84f3865/,f4a7f7713e03c58d6f587c219844caf5c5c5dec1a3d142e20ea86a347caa2b07,senate-efd-electronic,explicit,0
P000612,"David A Perdue , Jr",senate,Republican,GA,,False,2015-07-20,2015-07-28,WOOF,VCA Inc. (NASDAQ),Stock,Sale (Partial),"$1,001 - $15,000",8000.5,False,Joint,81a6cb3e-068f-432f-9cf4-1f49c84f3865,https://efdsearch.senate.gov/search/view/ptr/81a6cb3e-068f-432f-9cf4-1f49c84f3865/,ad9e6707a43e38598728053b5ec72efd015d34ae9a23cb4893936a1cd85a13b3,senate-efd-electronic,explicit,0
P000612,"David A Perdue , Jr",senate,Republican,GA,,False,2015-07-20,2015-07-28,CVC,Cablevision Systems Corporation (NYSE),Stock,Sale (Partial),"$1,001 - $15,000",8000.5,False,Joint,81a6cb3e-068f-432f-9cf4-1f49c84f3865,https://efdsearch.senate.gov/search/view/ptr/81a6cb3e-068f-432f-9cf4-1f49c84f3865/,f96fa4a476bbefee3480b6da113bfca24ae256fadb6ed387be63bdffcf4ff8ae,senate-efd-electronic,explicit,0
P000612,"David A Perdue , Jr",senate,Republican,GA,,False,2015-07-21,2015-07-28,PYPL,"PayPal Holdings, Inc. (NASDAQ)",Stock,Sale (Full),"$1,001 - $15,000",8000.5,False,Joint,81a6cb3e-068f-432f-9cf4-1f49c84f3865,https://efdsearch.senate.gov/search/view/ptr/81a6cb3e-068f-432f-9cf4-1f49c84f3865/,e13cfe2d9d09a62a1fc85b45b42f20398a1c1d8c639d8699311732d8025013d9,senate-efd-electronic,explicit,0
P000612,"David A Perdue , Jr",senate,Republican,GA,,False,2015-07-21,2015-07-28,EBAY,eBay Inc. (NASDAQ),Stock,Sale (Full),"$1,001 - $15,000",8000.5,False,Joint,81a6cb3e-068f-432f-9cf4-1f49c84f3865,https://efdsearch.senate.gov/search/view/ptr/81a6cb3e-068f-432f-9cf4-1f49c84f3865/,5567184ae484e37a191badddf8e804e1f6d8bf47e5ab74204b6b3c3d02b9eabd,senate-efd-electronic,explicit,0
P000612,"David A Perdue , Jr",senate,Republican,GA,,False,2015-07-22,2015-07-28,CVC,Cablevision Systems Corporation (NYSE),Stock,Sale (Partial),"$1,001 - $15,000",8000.5,False,Joint,81a6cb3e-068f-432f-9cf4-1f49c84f3865,https://efdsearch.senate.gov/search/view/ptr/81a6cb3e-068f-432f-9cf4-1f49c84f3865/,add34514128a99e6624118edaefb45163a571b6f3298ddd441c904f09ffe5b38,senate-efd-electronic,explicit,0
P000612,"David A Perdue , Jr",senate,Republican,GA,,False,2015-07-22,2015-07-28,CVC,Cablevision Systems Corporation (NYSE),Stock,Sale (Partial),"$1,001 - $15,000",8000.5,False,Joint,81a6cb3e-068f-432f-9cf4-1f49c84f3865,https://efdsearch.senate.gov/search/view/ptr/81a6cb3e-068f-432f-9cf4-1f49c84f3865/,add34514128a99e6624118edaefb45163a571b6f3298ddd441c904f09ffe5b38,senate-efd-electronic,explicit,1
P000612,"David A Perdue , Jr",senate,Republican,GA,,False,2015-07-22,2015-07-28,SE,Spectra Energy Corp. (NYSE),Stock,Sale (Partial),"$1,001 - $15,000",8000.5,False,Joint,81a6cb3e-068f-432f-9cf4-1f49c84f3865,https://efdsearch.senate.gov/search/view/ptr/81a6cb3e-068f-432f-9cf4-1f49c84f3865/,07682951a472395d901d05bad3c3e5e91a56a18b5ceb1e55cd64f25da9d2b132,senate-efd-electronic,explicit,0
P000612,"David A Perdue , Jr",senate,Republican,GA,,False,2015-07-22,2015-07-28,WPZ,Williams Partners L.P. (NYSE),Stock,Sale (Partial),"$1,001 - $15,000",8000.5,False,Joint,81a6cb3e-068f-432f-9cf4-1f49c84f3865,https://efdsearch.senate.gov/search/view/ptr/81a6cb3e-068f-432f-9cf4-1f49c84f3865/,2806e921f468edbd56755e92c8ba0b48a6c955f7a5caba9bac220e0431316c83,senate-efd-electronic,explicit,0
P000612,"David A Perdue , Jr",senate,Republican,GA,,False,2015-07-23,2015-07-28,SE,Spectra Energy Corp. (NYSE),Stock,Sale (Partial),"$1,001 - $15,000",8000.5,False,Joint,81a6cb3e-068f-432f-9cf4-1f49c84f3865,https://efdsearch.senate.gov/search/view/ptr/81a6cb3e-068f-432f-9cf4-1f49c84f3865/,ec5385ad4fc1f15ee74cd6d6ee42eecfd2ccfbc14b9167e1a2d6d1d05b1147e8,senate-efd-electronic,explicit,0
P000612,"David A Perdue , Jr",senate,Republican,GA,,False,2015-07-23,2015-07-28,AAN,"Aaron's, Inc. (NYSE)",Stock,Sale (Partial),"$1,001 - $15,000",8000.5,False,Joint,81a6cb3e-068f-432f-9cf4-1f49c84f3865,https://efdsearch.senate.gov/search/view/ptr/81a6cb3e-068f-432f-9cf4-1f49c84f3865/,96fd1fd21a57f06a26a72b73eb7d21e795f61862610d8643a43f500697a71120,senate-efd-electronic,explicit,0
P000612,"David A Perdue , Jr",senate,Republican,GA,,False,2015-07-23,2015-07-28,WPZ,Williams Partners L.P. (NYSE),Stock,Sale (Partial),"$1,001 - $15,000",8000.5,False,Joint,81a6cb3e-068f-432f-9cf4-1f49c84f3865,https://efdsearch.senate.gov/search/view/ptr/81a6cb3e-068f-432f-9cf4-1f49c84f3865/,42411722b51f19ffff9e4eceb3bd006096570debfdd251654e0d20be310a64cb,senate-efd-electronic,explicit,0
P000612,"David A Perdue , Jr",senate,Republican,GA,,False,2015-07-24,2015-07-28,WPZ,Williams Partners L.P. (NYSE),Stock,Sale (Partial),"$1,001 - $15,000",8000.5,False,Joint,81a6cb3e-068f-432f-9cf4-1f49c84f3865,https://efdsearch.senate.gov/search/view/ptr/81a6cb3e-068f-432f-9cf4-1f49c84f3865/,c746300879e5a5e29e69a41a3e570ad3fd8d4d9614c23ebdaa88ab88b468697e,senate-efd-electronic,explicit,0
P000612,"David A Perdue , Jr",senate,Republican,GA,,False,2015-07-27,2015-07-28,WPX,"WPX Energy, Inc. (NYSE)",Stock,Purchase,"$1,001 - $15,000",8000.5,False,Joint,81a6cb3e-068f-432f-9cf4-1f49c84f3865,https://efdsearch.senate.gov/search/view/ptr/81a6cb3e-068f-432f-9cf4-1f49c84f3865/,d0b2848fddda4decc11a074cee8754a6c64a587e07cece951a99dcc6c11f26e1,senate-efd-electronic,explicit,0
P000612,"David A Perdue , Jr",senate,Republican,GA,,False,2015-07-27,2015-07-28,DISCA,"Discovery Communications, Inc. (NASDAQ)",Stock,Purchase,"$1,001 - $15,000",8000.5,False,Joint,81a6cb3e-068f-432f-9cf4-1f49c84f3865,https://efdsearch.senate.gov/search/view/ptr/81a6cb3e-068f-432f-9cf4-1f49c84f3865/,17660d6103b3fd0fd3d882d4eebf7c0520780a22ef7ab8d69ab3db140dbb8673,senate-efd-electronic,explicit,0
P000612,"David A Perdue , Jr",senate,Republican,GA,,False,2015-07-28,2015-09-08,LQDT,"Liquidity Services, Inc. (NASDAQ)",Stock,Sale (Partial),"$1,001 - $15,000",8000.5,False,Joint,14b8f364-3356-42e5-980a-597d8d08e01f,https://efdsearch.senate.gov/search/view/ptr/14b8f364-3356-42e5-980a-597d8d08e01f/,d023fa3af11663b961dd97f16cad0fc8d63ed947142447cab567f5ed9e426005,senate-efd-electronic,explicit,0
P000612,"David A Perdue , Jr",senate,Republican,GA,,False,2015-07-28,2015-09-08,LQDT,"Liquidity Services, Inc. (NASDAQ)",Stock,Sale (Partial),"$1,001 - $15,000",8000.5,False,Joint,14b8f364-3356-42e5-980a-597d8d08e01f,https://efdsearch.senate.gov/search/view/ptr/14b8f364-3356-42e5-980a-597d8d08e01f/,d023fa3af11663b961dd97f16cad0fc8d63ed947142447cab567f5ed9e426005,senate-efd-electronic,explicit,1
P000612,"David A Perdue , Jr",senate,Republican,GA,,False,2015-07-28,2015-09-08,GPK,Graphic Packaging Holding Company (NYSE),Stock,Sale (Partial),"$100,001 - $250,000",175000.5,False,Joint,14b8f364-3356-42e5-980a-597d8d08e01f,https://efdsearch.senate.gov/search/view/ptr/14b8f364-3356-42e5-980a-597d8d08e01f/,f499ddeaaa2ccb2b93b1211667ed59825c5ecc72ea2f20deb09e41ea3fa6b1d3,senate-efd-electronic,explicit,0
P000612,"David A Perdue , Jr",senate,Republican,GA,,False,2015-07-28,2015-09-08,VLP,Valero Energy Partners LP (NYSE),Stock,Sale (Partial),"$1,001 - $15,000",8000.5,False,Joint,14b8f364-3356-42e5-980a-597d8d08e01f,https://efdsearch.senate.gov/search/view/ptr/14b8f364-3356-42e5-980a-597d8d08e01f/,dad90aa097eb951c1c42709aec8beae10c41e7cd322b8fba77893c39d2762cb1,senate-efd-electronic,explicit,0
P000612,"David A Perdue , Jr",senate,Republican,GA,,False,2015-07-29,2015-09-08,CVC,Cablevision Systems Corporation (NYSE),Stock,Sale (Partial),"$1,001 - $15,000",8000.5,False,Joint,14b8f364-3356-42e5-980a-597d8d08e01f,https://efdsearch.senate.gov/search/view/ptr/14b8f364-3356-42e5-980a-597d8d08e01f/,b1a8d66aca4284e75c8a33b447023316dfa1ebe1d0d220aac0ead7312383c61b,senate-efd-electronic,explicit,0
P000612,"David A Perdue , Jr",senate,Republican,GA,,False,2015-07-29,2015-09-08,DVN,Devon Energy Corporation (NYSE),Stock,Purchase,"$1,001 - $15,000",8000.5,False,Joint,14b8f364-3356-42e5-980a-597d8d08e01f,https://efdsearch.senate.gov/search/view/ptr/14b8f364-3356-42e5-980a-597d8d08e01f/,329603b259fc64ea23f9c6a2114fcdf422a61ae940129228a5a5fb7811ab4650,senate-efd-electronic,explicit,0
P000612,"David A Perdue , Jr",senate,Republican,GA,,False,2015-07-30,2015-09-08,DE,Deere & Company (NYSE),Stock,Sale (Partial),"$1,001 - $15,000",8000.5,False,Joint,14b8f364-3356-42e5-980a-597d8d08e01f,https://efdsearch.senate.gov/search/view/ptr/14b8f364-3356-42e5-980a-597d8d08e01f/,1df72dd62a43008699211f8d132fafa8bd945ac38ffaac6ff443164f8dae63fe,senate-efd-electronic,explicit,0
P000612,"David A Perdue , Jr",senate,Republican,GA,,False,2015-07-30,2015-09-08,WPX,"WPX Energy, Inc. (NYSE)",Stock,Purchase,"$1,001 - $15,000",8000.5,False,Joint,14b8f364-3356-42e5-980a-597d8d08e01f,https://efdsearch.senate.gov/search/view/ptr/14b8f364-3356-42e5-980a-597d8d08e01f/,d93f3fdaa6107445d2a71eaa4796217395e2144b44098ef510c2c3a97d0bdf04,senate-efd-electronic,explicit,0
P000612,"David A Perdue , Jr",senate,Republican,GA,,False,2015-07-30,2015-09-08,LNT,Alliant Energy Corporation (NYSE),Stock,Sale (Partial),"$100,001 - $250,000",175000.5,False,Joint,14b8f364-3356-42e5-980a-597d8d08e01f,https://efdsearch.senate.gov/search/view/ptr/14b8f364-3356-42e5-980a-597d8d08e01f/,6b91481e0e3ebc50d2c90feae50f3725a0df15444c7803d3f11e96d8584a02a9,senate-efd-electronic,explicit,0
P000612,"David A Perdue , Jr",senate,Republican,GA,,False,2015-07-31,2015-09-08,LNT,Alliant Energy Corporation (NYSE),Stock,Sale (Partial),"$100,001 - $250,000",175000.5,False,Joint,14b8f364-3356-42e5-980a-597d8d08e01f,https://efdsearch.senate.gov/search/view/ptr/14b8f364-3356-42e5-980a-597d8d08e01f/,e5e2fb0645bf0f33b85bf6fd25ad5846f7757355fa0a2973ddac08b07aefe925,senate-efd-electronic,explicit,0
P000612,"David A Perdue , Jr",senate,Republican,GA,,False,2015-07-31,2015-09-08,GPK,Graphic Packaging Holding Company (NYSE),Stock,Sale (Partial),"$50,001 - $100,000",75000.5,False,Joint,14b8f364-3356-42e5-980a-597d8d08e01f,https://efdsearch.senate.gov/search/view/ptr/14b8f364-3356-42e5-980a-597d8d08e01f/,45ba799fc0e1d90292461141ae429a5f06f0d403e4c8ba0582b006ad90d59ed4,senate-efd-electronic,explicit,0
P000612,"David A Perdue , Jr",senate,Republican,GA,,False,2015-08-03,2015-09-08,CLX,The Clorox Company (NYSE),Stock,Sale (Partial),"$1,001 - $15,000",8000.5,False,Joint,14b8f364-3356-42e5-980a-597d8d08e01f,https://efdsearch.senate.gov/search/view/ptr/14b8f364-3356-42e5-980a-597d8d08e01f/,e49cfe5e67fab1bdd5ba0c63200cc54e5aba526026b8c487300049670dcb3b83,senate-efd-electronic,explicit,0
P000612,"David A Perdue , Jr",senate,Republican,GA,,False,2015-08-03,2015-09-08,BCR,CR Bard Inc. (NYSE),Stock,Sale (Partial),"$15,001 - $50,000",32500.5,False,Joint,14b8f364-3356-42e5-980a-597d8d08e01f,https://efdsearch.senate.gov/search/view/ptr/14b8f364-3356-42e5-980a-597d8d08e01f/,baf552bc7efbd427bb177f614f5d246d3bd6edd6eef5c99e1baaf111d2651673,senate-efd-electronic,explicit,0
P000612,"David A Perdue , Jr",senate,Republican,GA,,False,2015-08-03,2015-09-08,WPX,"WPX Energy, Inc. (NYSE)",Stock,Purchase,"$1,001 - $15,000",8000.5,False,Joint,14b8f364-3356-42e5-980a-597d8d08e01f,https://efdsearch.senate.gov/search/view/ptr/14b8f364-3356-42e5-980a-597d8d08e01f/,85875e2d6d0c6d393d3a5e8ed504867fff386e6c04960e7b1e4d299d57834ae4,senate-efd-electronic,explicit,0
P000612,"David A Perdue , Jr",senate,Republican,GA,,False,2015-08-04,2015-09-08,BAX,Baxter International Inc. (NYSE),Stock,Purchase,"$1,001 - $15,000",8000.5,False,Joint,14b8f364-3356-42e5-980a-597d8d08e01f,https://efdsearch.senate.gov/search/view/ptr/14b8f364-3356-42e5-980a-597d8d08e01f/,a434d24f9f18ea201c0fe9e5c493d37ca8d73ae530edeb19dc47080384d88af2,senate-efd-electronic,explicit,0
P000612,"David A Perdue , Jr",senate,Republican,GA,,False,2015-08-04,2015-09-08,BAX,Baxter International Inc. (NYSE),Stock,Purchase,"$1,001 - $15,000",8000.5,False,Joint,14b8f364-3356-42e5-980a-597d8d08e01f,https://efdsearch.senate.gov/search/view/ptr/14b8f364-3356-42e5-980a-597d8d08e01f/,a434d24f9f18ea201c0fe9e5c493d37ca8d73ae530edeb19dc47080384d88af2,senate-efd-electronic,explicit,2
P000612,"David A Perdue , Jr",senate,Republican,GA,,False,2015-08-04,2015-09-08,BAX,Baxter International Inc. (NYSE),Stock,Purchase,"$1,001 - $15,000",8000.5,False,Joint,14b8f364-3356-42e5-980a-597d8d08e01f,https://efdsearch.senate.gov/search/view/ptr/14b8f364-3356-42e5-980a-597d8d08e01f/,a434d24f9f18ea201c0fe9e5c493d37ca8d73ae530edeb19dc47080384d88af2,senate-efd-electronic,explicit,1
P000612,"David A Perdue , Jr",senate,Republican,GA,,False,2015-08-04,2015-09-08,VLP,Valero Energy Partners LP (NYSE),Stock,Purchase,"$1,001 - $15,000",8000.5,False,Joint,14b8f364-3356-42e5-980a-597d8d08e01f,https://efdsearch.senate.gov/search/view/ptr/14b8f364-3356-42e5-980a-597d8d08e01f/,ac3a11c9117740f03b10d1c139d0de18ea212cf0a787309d10981d82a8f56389,senate-efd-electronic,explicit,0
P000612,"David A Perdue , Jr",senate,Republican,GA,,False,2015-08-05,2015-09-08,AM,Antero Midstream Partners LP (NYSE),Stock,Purchase,"$1,001 - $15,000",8000.5,False,Joint,14b8f364-3356-42e5-980a-597d8d08e01f,https://efdsearch.senate.gov/search/view/ptr/14b8f364-3356-42e5-980a-597d8d08e01f/,f8209a2f04b1c520bcb0822331e9abe6b5d5c43210afe17da45d44155c44132f,senate-efd-electronic,explicit,0
P000612,"David A Perdue , Jr",senate,Republican,GA,,False,2015-08-05,2015-09-08,WOOF,VCA Inc. (NASDAQ),Stock,Sale (Partial),"$1,001 - $15,000",8000.5,False,Joint,14b8f364-3356-42e5-980a-597d8d08e01f,https://efdsearch.senate.gov/search/view/ptr/14b8f364-3356-42e5-980a-597d8d08e01f/,db573d268fc18027122b1a07380855bab941dbd3895565f0775f4219b55e7af5,senate-efd-electronic,explicit,0
P000612,"David A Perdue , Jr",senate,Republican,GA,,False,2015-08-05,2015-09-08,CVC,Cablevision Systems Corporation (NYSE),Stock,Sale (Partial),"$1,001 - $15,000",8000.5,False,Joint,14b8f364-3356-42e5-980a-597d8d08e01f,https://efdsearch.senate.gov/search/view/ptr/14b8f364-3356-42e5-980a-597d8d08e01f/,cf270be168f7fda04cd78b492adc8b5daa3351c5648e31dbbdb9fd405b0068cf,senate-efd-electronic,explicit,1
P000612,"David A Perdue , Jr",senate,Republican,GA,,False,2015-08-05,2015-09-08,DISCA,"Discovery Communications, Inc. (NASDAQ)",Stock,Purchase,"$1,001 - $15,000",8000.5,False,Joint,14b8f364-3356-42e5-980a-597d8d08e01f,https://efdsearch.senate.gov/search/view/ptr/14b8f364-3356-42e5-980a-597d8d08e01f/,d4b8779347a5d0d69d8b2c562135b2ec500df1b465d95a57e79afd7f30c6b85d,senate-efd-electronic,explicit,0
P000612,"David A Perdue , Jr",senate,Republican,GA,,False,2015-08-05,2015-09-08,CVC,Cablevision Systems Corporation (NYSE),Stock,Sale (Partial),"$1,001 - $15,000",8000.5,False,Joint,14b8f364-3356-42e5-980a-597d8d08e01f,https://efdsearch.senate.gov/search/view/ptr/14b8f364-3356-42e5-980a-597d8d08e01f/,cf270be168f7fda04cd78b492adc8b5daa3351c5648e31dbbdb9fd405b0068cf,senate-efd-electronic,explicit,0
P000612,"David A Perdue , Jr",senate,Republican,GA,,False,2015-08-05,2015-09-08,WPX,"WPX Energy, Inc. (NYSE)",Stock,Purchase,"$1,001 - $15,000",8000.5,False,Joint,14b8f364-3356-42e5-980a-597d8d08e01f,https://efdsearch.senate.gov/search/view/ptr/14b8f364-3356-42e5-980a-597d8d08e01f/,c29d2d377f442d145996f6b20cae6e3d1925c8c17b61e4e0f43f252d4a107dec,senate-efd-electronic,explicit,0
P000612,"David A Perdue , Jr",senate,Republican,GA,,False,2015-08-06,2015-09-08,CBS,CBS Corporation (NYSE),Stock,Purchase,"$1,001 - $15,000",8000.5,False,Joint,14b8f364-3356-42e5-980a-597d8d08e01f,https://efdsearch.senate.gov/search/view/ptr/14b8f364-3356-42e5-980a-597d8d08e01f/,21632e1b72fdc58f5e7759a4ab42bf76dfd9866de274550886f5cb5beff5b08d,senate-efd-electronic,explicit,0
P000612,"David A Perdue , Jr",senate,Republican,GA,,False,2015-08-06,2015-09-08,DISCA,"Discovery Communications, Inc. (NASDAQ)",Stock,Purchase,"$1,001 - $15,000",8000.5,False,Joint,14b8f364-3356-42e5-980a-597d8d08e01f,https://efdsearch.senate.gov/search/view/ptr/14b8f364-3356-42e5-980a-597d8d08e01f/,0023b6f9a62ed51d4ea5bdbaba07a04e2990d065c2a318c3acc6ad99d91a1626,senate-efd-electronic,explicit,2
P000612,"David A Perdue , Jr",senate,Republican,GA,,False,2015-08-06,2015-09-08,DISCA,"Discovery Communications, Inc. (NASDAQ)",Stock,Purchase,"$1,001 - $15,000",8000.5,False,Joint,14b8f364-3356-42e5-980a-597d8d08e01f,https://efdsearch.senate.gov/search/view/ptr/14b8f364-3356-42e5-980a-597d8d08e01f/,0023b6f9a62ed51d4ea5bdbaba07a04e2990d065c2a318c3acc6ad99d91a1626,senate-efd-electronic,explicit,1
P000612,"David A Perdue , Jr",senate,Republican,GA,,False,2015-08-06,2015-09-08,DISCA,"Discovery Communications, Inc. (NASDAQ)",Stock,Purchase,"$1,001 - $15,000",8000.5,False,Joint,14b8f364-3356-42e5-980a-597d8d08e01f,https://efdsearch.senate.gov/search/view/ptr/14b8f364-3356-42e5-980a-597d8d08e01f/,0023b6f9a62ed51d4ea5bdbaba07a04e2990d065c2a318c3acc6ad99d91a1626,senate-efd-electronic,explicit,0
P000612,"David A Perdue , Jr",senate,Republican,GA,,False,2015-08-06,2015-09-08,FOX,"Twenty-First Century Fox, Inc. (NASDAQ)",Stock,Purchase,"$15,001 - $50,000",32500.5,False,Joint,14b8f364-3356-42e5-980a-597d8d08e01f,https://efdsearch.senate.gov/search/view/ptr/14b8f364-3356-42e5-980a-597d8d08e01f/,395971e1effdedf8fb40a0adb7dd6a96acc1a46f98190ed140d6ec552087bbda,senate-efd-electronic,explicit,0
P000612,"David A Perdue , Jr",senate,Republican,GA,,False,2015-08-06,2015-09-08,PAA,"Plains All American Pipeline, L.P. (NYSE)",Stock,Sale (Partial),"$1,001 - $15,000",8000.5,False,Joint,14b8f364-3356-42e5-980a-597d8d08e01f,https://efdsearch.senate.gov/search/view/ptr/14b8f364-3356-42e5-980a-597d8d08e01f/,5c47c5743d4edd14561940c046d2438f82937dc4a1458763a69f8233bed98db4,senate-efd-electronic,explicit,2
P000612,"David A Perdue , Jr",senate,Republican,GA,,False,2015-08-06,2015-09-08,PAA,"Plains All American Pipeline, L.P. (NYSE)",Stock,Sale (Partial),"$1,001 - $15,000",8000.5,False,Joint,14b8f364-3356-42e5-980a-597d8d08e01f,https://efdsearch.senate.gov/search/view/ptr/14b8f364-3356-42e5-980a-597d8d08e01f/,5c47c5743d4edd14561940c046d2438f82937dc4a1458763a69f8233bed98db4,senate-efd-electronic,explicit,1
P000612,"David A Perdue , Jr",senate,Republican,GA,,False,2015-08-06,2015-09-08,PAA,"Plains All American Pipeline, L.P. (NYSE)",Stock,Sale (Partial),"$1,001 - $15,000",8000.5,False,Joint,14b8f364-3356-42e5-980a-597d8d08e01f,https://efdsearch.senate.gov/search/view/ptr/14b8f364-3356-42e5-980a-597d8d08e01f/,5c47c5743d4edd14561940c046d2438f82937dc4a1458763a69f8233bed98db4,senate-efd-electronic,explicit,0
P000612,"David A Perdue , Jr",senate,Republican,GA,,False,2015-08-07,2015-09-08,LQDT,"Liquidity Services, Inc. (NASDAQ)",Stock,Sale (Partial),"$1,001 - $15,000",8000.5,False,Joint,14b8f364-3356-42e5-980a-597d8d08e01f,https://efdsearch.senate.gov/search/view/ptr/14b8f364-3356-42e5-980a-597d8d08e01f/,44912aec126a27aaf30aa0592ddc361a48b8afbd7dbcaf7bcee0ba1c6ef46c5d,senate-efd-electronic,explicit,0
P000612,"David A Perdue , Jr",senate,Republican,GA,,False,2015-08-07,2015-09-08,LQDT,"Liquidity Services, Inc. (NASDAQ)",Stock,Sale (Partial),"$1,001 - $15,000",8000.5,False,Joint,14b8f364-3356-42e5-980a-597d8d08e01f,https://efdsearch.senate.gov/search/view/ptr/14b8f364-3356-42e5-980a-597d8d08e01f/,44912aec126a27aaf30aa0592ddc361a48b8afbd7dbcaf7bcee0ba1c6ef46c5d,senate-efd-electronic,explicit,1
P000612,"David A Perdue , Jr",senate,Republican,GA,,False,2015-08-07,2015-09-08,XOM,Exxon Mobil Corporation (NYSE),Stock,Purchase,"$1,001 - $15,000",8000.5,False,Joint,14b8f364-3356-42e5-980a-597d8d08e01f,https://efdsearch.senate.gov/search/view/ptr/14b8f364-3356-42e5-980a-597d8d08e01f/,375115662d3b2e516c64c252a97392c8207e68047a9e2131cad8fddbf10150bc,senate-efd-electronic,explicit,0
P000612,"David A Perdue , Jr",senate,Republican,GA,,False,2015-08-07,2015-09-08,PAA,"Plains All American Pipeline, L.P. (NYSE)",Stock,Sale (Partial),"$1,001 - $15,000",8000.5,False,Joint,14b8f364-3356-42e5-980a-597d8d08e01f,https://efdsearch.senate.gov/search/view/ptr/14b8f364-3356-42e5-980a-597d8d08e01f/,d722df5fa02b75e50dacd232c993af3bb5357e1baf3268175842d4a66e59a5ff,senate-efd-electronic,explicit,0
P000612,"David A Perdue , Jr",senate,Republican,GA,,False,2015-08-10,2015-09-08,BAX,Baxter International Inc. (NYSE),Stock,Purchase,"$1,001 - $15,000",8000.5,False,Joint,14b8f364-3356-42e5-980a-597d8d08e01f,https://efdsearch.senate.gov/search/view/ptr/14b8f364-3356-42e5-980a-597d8d08e01f/,d66b500cec123477576f29a24fba006fcc8793d434b319485ad738d08128ec73,senate-efd-electronic,explicit,0
P000612,"David A Perdue , Jr",senate,Republican,GA,,False,2015-08-10,2015-09-08,GPK,Graphic Packaging Holding Company (NYSE),Stock,Sale (Partial),"$15,001 - $50,000",32500.5,False,Joint,14b8f364-3356-42e5-980a-597d8d08e01f,https://efdsearch.senate.gov/search/view/ptr/14b8f364-3356-42e5-980a-597d8d08e01f/,df8f87cf091c2c7b5830d633b6b81c85f50ce05045b87e7bd8dbbf92345d7fe1,senate-efd-electronic,explicit,0
P000612,"David A Perdue , Jr",senate,Republican,GA,,False,2015-08-11,2015-09-08,AAN,"Aaron's, Inc. (NYSE)",Stock,Sale (Partial),"$1,001 - $15,000",8000.5,False,Joint,14b8f364-3356-42e5-980a-597d8d08e01f,https://efdsearch.senate.gov/search/view/ptr/14b8f364-3356-42e5-980a-597d8d08e01f/,c1cbe059f16deb31611c294f9b5cce75088203ddc2d1290948a868ab385fa6e7,senate-efd-electronic,explicit,0
P000612,"David A Perdue , Jr",senate,Republican,GA,,False,2015-08-12,2015-09-08,AAN,"Aaron's, Inc. (NYSE)",Stock,Sale (Partial),"$1,001 - $15,000",8000.5,False,Joint,14b8f364-3356-42e5-980a-597d8d08e01f,https://efdsearch.senate.gov/search/view/ptr/14b8f364-3356-42e5-980a-597d8d08e01f/,8e1fca83b720d4e82c416fe13d86e1e7160c0c30d5c72afbeb27025df396c03d,senate-efd-electronic,explicit,0
P000612,"David A Perdue , Jr",senate,Republican,GA,,False,2015-08-12,2015-09-08,DISCA,"Discovery Communications, Inc. (NASDAQ)",Stock,Purchase,"$1,001 - $15,000",8000.5,False,Joint,14b8f364-3356-42e5-980a-597d8d08e01f,https://efdsearch.senate.gov/search/view/ptr/14b8f364-3356-42e5-980a-597d8d08e01f/,c52d2e915d01794947a552af6f3a38157ef200434b01cf271e0300555592af1b,senate-efd-electronic,explicit,0
P000612,"David A Perdue , Jr",senate,Republican,GA,,False,2015-08-12,2015-09-08,BAX,Baxter International Inc. (NYSE),Stock,Purchase,"$1,001 - $15,000",8000.5,False,Joint,14b8f364-3356-42e5-980a-597d8d08e01f,https://efdsearch.senate.gov/search/view/ptr/14b8f364-3356-42e5-980a-597d8d08e01f/,240745fd6ebd983248b656eac76073439ac008cc5bb23554ccf360691ef1b57c,senate-efd-electronic,explicit,0
P000612,"David A Perdue , Jr",senate,Republican,GA,,False,2015-08-12,2015-09-08,LNT,Alliant Energy Corporation (NYSE),Stock,Sale (Partial),"$250,001 - $500,000",375000.5,False,Joint,14b8f364-3356-42e5-980a-597d8d08e01f,https://efdsearch.senate.gov/search/view/ptr/14b8f364-3356-42e5-980a-597d8d08e01f/,39c718230d84cad005c71957da3850ac883c01358b3e536014a849ae954da4c0,senate-efd-electronic,explicit,0
P000612,"David A Perdue , Jr",senate,Republican,GA,,False,2015-08-13,2015-09-08,LNT,Alliant Energy Corporation (NYSE),Stock,Sale (Partial),"$100,001 - $250,000",175000.5,False,Joint,14b8f364-3356-42e5-980a-597d8d08e01f,https://efdsearch.senate.gov/search/view/ptr/14b8f364-3356-42e5-980a-597d8d08e01f/,11f63c7975001da16755e96b7a60f903670417afc2c8319c6be67f6bc19ddc02,senate-efd-electronic,explicit,0
P000612,"David A Perdue , Jr",senate,Republican,GA,,False,2015-08-14,2015-09-08,LNT,Alliant Energy Corporation (NYSE),Stock,Sale (Partial),"$100,001 - $250,000",175000.5,False,Joint,14b8f364-3356-42e5-980a-597d8d08e01f,https://efdsearch.senate.gov/search/view/ptr/14b8f364-3356-42e5-980a-597d8d08e01f/,05c97ded5c23ff30bf5f27df8a1e30f941f147f240224207f2d26ec1038beb6d,senate-efd-electronic,explicit,0
P000612,"David A Perdue , Jr",senate,Republican,GA,,False,2015-08-17,2015-09-08,LNT,Alliant Energy Corporation (NYSE),Stock,Sale (Partial),"$100,001 - $250,000",175000.5,False,Joint,14b8f364-3356-42e5-980a-597d8d08e01f,https://efdsearch.senate.gov/search/view/ptr/14b8f364-3356-42e5-980a-597d8d08e01f/,07082e78de43cfaea8e06c1ea66c2d93ae60fecc0b532ca8334768e434e922ca,senate-efd-electronic,explicit,0
P000612,"David A Perdue , Jr",senate,Republican,GA,,False,2015-08-17,2015-09-08,GPK,Graphic Packaging Holding Company (NYSE),Stock,Sale (Partial),"$50,001 - $100,000",75000.5,False,Joint,14b8f364-3356-42e5-980a-597d8d08e01f,https://efdsearch.senate.gov/search/view/ptr/14b8f364-3356-42e5-980a-597d8d08e01f/,c2bc71b49d1d4dd56a19a3478e2bfc5c3b796b05e5c2ad2b32b51144144c1023,senate-efd-electronic,explicit,0
P000612,"David A Perdue , Jr",senate,Republican,GA,,False,2015-08-19,2015-09-08,BAX,Baxter International Inc. (NYSE),Stock,Purchase,"$1,001 - $15,000",8000.5,False,Joint,14b8f364-3356-42e5-980a-597d8d08e01f,https://efdsearch.senate.gov/search/view/ptr/14b8f364-3356-42e5-980a-597d8d08e01f/,6e43aa920a1a477c0a3dcf0c5cff77a3c9f9332c0b345c521e53fa6b4a4fb978,senate-efd-electronic,explicit,0
P000612,"David A Perdue , Jr",senate,Republican,GA,,False,2015-08-20,2015-09-08,DISCA,"Discovery Communications, Inc. (NASDAQ)",Stock,Purchase,"$1,001 - $15,000",8000.5,False,Joint,14b8f364-3356-42e5-980a-597d8d08e01f,https://efdsearch.senate.gov/search/view/ptr/14b8f364-3356-42e5-980a-597d8d08e01f/,bbe562f4a43e155473d1707e6a5e5d7e6c9e5cf834d2f08454a9cb9742ffe472,senate-efd-electronic,explicit,1
P000612,"David A Perdue , Jr",senate,Republican,GA,,False,2015-08-20,2015-09-08,DE,Deere & Company (NYSE),Stock,Sale (Partial),"$1,001 - $15,000",8000.5,False,Joint,14b8f364-3356-42e5-980a-597d8d08e01f,https://efdsearch.senate.gov/search/view/ptr/14b8f364-3356-42e5-980a-597d8d08e01f/,71c2e39fb540a187f62c79f24cfaa0e1906958fba53a5d06ac27f71a0beff0bb,senate-efd-electronic,explicit,0
P000612,"David A Perdue , Jr",senate,Republican,GA,,False,2015-08-20,2015-09-08,DISCA,"Discovery Communications, Inc. (NASDAQ)",Stock,Purchase,"$1,001 - $15,000",8000.5,False,Joint,14b8f364-3356-42e5-980a-597d8d08e01f,https://efdsearch.senate.gov/search/view/ptr/14b8f364-3356-42e5-980a-597d8d08e01f/,bbe562f4a43e155473d1707e6a5e5d7e6c9e5cf834d2f08454a9cb9742ffe472,senate-efd-electronic,explicit,0
P000612,"David A Perdue , Jr",senate,Republican,GA,,False,2015-08-20,2015-09-08,BAX,Baxter International Inc. (NYSE),Stock,Purchase,"$15,001 - $50,000",32500.5,False,Joint,14b8f364-3356-42e5-980a-597d8d08e01f,https://efdsearch.senate.gov/search/view/ptr/14b8f364-3356-42e5-980a-597d8d08e01f/,34def26986f49188cc354cc2a5882e1a4ef2d8aa6e0a4f8da046c164d37bd591,senate-efd-electronic,explicit,0
P000612,"David A Perdue , Jr",senate,Republican,GA,,False,2015-08-20,2015-09-08,CBS,CBS Corporation (NYSE),Stock,Purchase,"$1,001 - $15,000",8000.5,False,Joint,14b8f364-3356-42e5-980a-597d8d08e01f,https://efdsearch.senate.gov/search/view/ptr/14b8f364-3356-42e5-980a-597d8d08e01f/,b4cfd5d9cbd11747fbbace17940e3cba8ac22e99c0e733d6d87490de832fff8a,senate-efd-electronic,explicit,0
P000612,"David A Perdue , Jr",senate,Republican,GA,,False,2015-08-21,2015-09-08,BAX,Baxter International Inc. (NYSE),Stock,Purchase,"$1,001 - $15,000",8000.5,False,Joint,14b8f364-3356-42e5-980a-597d8d08e01f,https://efdsearch.senate.gov/search/view/ptr/14b8f364-3356-42e5-980a-597d8d08e01f/,3159fbfa0845e42d79dc57030abed92f3cbcae52e8c0462c080dbe879f00074e,senate-efd-electronic,explicit,1
P000612,"David A Perdue , Jr",senate,Republican,GA,,False,2015-08-21,2015-09-08,BAX,Baxter International Inc. (NYSE),Stock,Purchase,"$1,001 - $15,000",8000.5,False,Joint,14b8f364-3356-42e5-980a-597d8d08e01f,https://efdsearch.senate.gov/search/view/ptr/14b8f364-3356-42e5-980a-597d8d08e01f/,3159fbfa0845e42d79dc57030abed92f3cbcae52e8c0462c080dbe879f00074e,senate-efd-electronic,explicit,0
P000612,"David A Perdue , Jr",senate,Republican,GA,,False,2015-08-21,2015-09-08,DISCA,"Discovery Communications, Inc. (NASDAQ)",Stock,Purchase,"$1,001 - $15,000",8000.5,False,Joint,14b8f364-3356-42e5-980a-597d8d08e01f,https://efdsearch.senate.gov/search/view/ptr/14b8f364-3356-42e5-980a-597d8d08e01f/,dadd4edccce2823d471a569a582dcf96720ec3fece2dcefdbffa92dbea7aced6,senate-efd-electronic,explicit,0
P000612,"David A Perdue , Jr",senate,Republican,GA,,False,2015-08-21,2015-09-08,CIT,CIT Group Inc. (NYSE),Stock,Sale (Partial),"$1,001 - $15,000",8000.5,False,Joint,14b8f364-3356-42e5-980a-597d8d08e01f,https://efdsearch.senate.gov/search/view/ptr/14b8f364-3356-42e5-980a-597d8d08e01f/,9ced87d2b2969020ab09ba01faee654e384b00ca77aa3f201efec15c49529fec,senate-efd-electronic,explicit,0
P000612,"David A Perdue , Jr",senate,Republican,GA,,False,2015-08-24,2015-09-08,BAX,Baxter International Inc. (NYSE),Stock,Purchase,"$1,001 - $15,000",8000.5,False,Joint,14b8f364-3356-42e5-980a-597d8d08e01f,https://efdsearch.senate.gov/search/view/ptr/14b8f364-3356-42e5-980a-597d8d08e01f/,7f0827bb21ea1d3103928d0d532e7b30141a76e508e9e24017db99e4697851ff,senate-efd-electronic,explicit,0
P000612,"David A Perdue , Jr",senate,Republican,GA,,False,2015-08-24,2015-09-08,CIT,CIT Group Inc. (NYSE),Stock,Sale (Partial),"$1,001 - $15,000",8000.5,False,Joint,14b8f364-3356-42e5-980a-597d8d08e01f,https://efdsearch.senate.gov/search/view/ptr/14b8f364-3356-42e5-980a-597d8d08e01f/,e4960a73e63bb9a7a73e21a7f69a5f976d7b0d161258a8c163675062a2ff8700,senate-efd-electronic,explicit,0
P000612,"David A Perdue , Jr",senate,Republican,GA,,False,2015-08-24,2015-09-08,SBUX,Starbucks Corporation (NASDAQ),Stock,Purchase,"$15,001 - $50,000",32500.5,False,Joint,14b8f364-3356-42e5-980a-597d8d08e01f,https://efdsearch.senate.gov/search/view/ptr/14b8f364-3356-42e5-980a-597d8d08e01f/,499fef3b474a5f4d1ff3cfd3f41919257c09e290c8a30df2c8b00036825098b4,senate-efd-electronic,explicit,0
P000612,"David A Perdue , Jr",senate,Republican,GA,,False,2015-08-24,2015-09-08,KMI,"Kinder Morgan, Inc. (NYSE)",Stock,Purchase,"$15,001 - $50,000",32500.5,False,Joint,14b8f364-3356-42e5-980a-597d8d08e01f,https://efdsearch.senate.gov/search/view/ptr/14b8f364-3356-42e5-980a-597d8d08e01f/,c2bcdd91a2f7f4eff4b94344fa7025bcd1f8deb4f40477d1529dc9847d7c1924,senate-efd-electronic,explicit,0
P000612,"David A Perdue , Jr",senate,Republican,GA,,False,2015-08-24,2015-09-08,QCOM,QUALCOMM Incorporated (NASDAQ),Stock,Purchase,"$1,001 - $15,000",8000.5,False,Joint,14b8f364-3356-42e5-980a-597d8d08e01f,https://efdsearch.senate.gov/search/view/ptr/14b8f364-3356-42e5-980a-597d8d08e01f/,e722c4eb7ed210a9d446c462e64816cb91d2703e0498d0bcd5ef3e5f5ff5d872,senate-efd-electronic,explicit,0
P000612,"David A Perdue , Jr",senate,Republican,GA,,False,2015-08-24,2015-09-08,IP,International Paper Company (NYSE),Stock,Purchase,"$15,001 - $50,000",32500.5,False,Joint,14b8f364-3356-42e5-980a-597d8d08e01f,https://efdsearch.senate.gov/search/view/ptr/14b8f364-3356-42e5-980a-597d8d08e01f/,d22e078d624f20602e6f04255d561898f1457f78c946b4e0a4b6bfa67623358e,senate-efd-electronic,explicit,0
P000612,"David A Perdue , Jr",senate,Republican,GA,,False,2015-08-24,2015-09-08,PSX,Phillips 66 (NYSE),Stock,Purchase,"$1,001 - $15,000",8000.5,False,Joint,14b8f364-3356-42e5-980a-597d8d08e01f,https://efdsearch.senate.gov/search/view/ptr/14b8f364-3356-42e5-980a-597d8d08e01f/,9d8ef582a7d39176e595aea92e57e8fb3c6a8b90023132e93d2aca1c52ffa1cd,senate-efd-electronic,explicit,0
P000612,"David A Perdue , Jr",senate,Republican,GA,,False,2015-08-25,2015-09-08,AAN,"Aaron's, Inc. (NYSE)",Stock,Sale (Partial),"$1,001 - $15,000",8000.5,False,Joint,14b8f364-3356-42e5-980a-597d8d08e01f,https://efdsearch.senate.gov/search/view/ptr/14b8f364-3356-42e5-980a-597d8d08e01f/,6b9857c035572da88739c884919af6a224946e32944f6c2cf12d8016f39aaba0,senate-efd-electronic,explicit,0
P000612,"David A Perdue , Jr",senate,Republican,GA,,False,2015-08-25,2015-09-08,BAX,Baxter International Inc. (NYSE),Stock,Purchase,"$1,001 - $15,000",8000.5,False,Joint,14b8f364-3356-42e5-980a-597d8d08e01f,https://efdsearch.senate.gov/search/view/ptr/14b8f364-3356-42e5-980a-597d8d08e01f/,289579645de5502e098ce558db2eb41cdd98f3c07b2eb03e100bbecbf5026db4,senate-efd-electronic,explicit,0
P000612,"David A Perdue , Jr",senate,Republican,GA,,False,2015-08-25,2015-09-08,DE,Deere & Company (NYSE),Stock,Sale (Partial),"$1,001 - $15,000",8000.5,False,Joint,14b8f364-3356-42e5-980a-597d8d08e01f,https://efdsearch.senate.gov/search/view/ptr/14b8f364-3356-42e5-980a-597d8d08e01f/,667ec4512d8cf39e2e781a532a64fc821dd58c32010715954b5805e09eba75fa,senate-efd-electronic,explicit,0
P000612,"David A Perdue , Jr",senate,Republican,GA,,False,2015-08-25,2015-09-08,CIT,CIT Group Inc. (NYSE),Stock,Sale (Partial),"$1,001 - $15,000",8000.5,False,Joint,14b8f364-3356-42e5-980a-597d8d08e01f,https://efdsearch.senate.gov/search/view/ptr/14b8f364-3356-42e5-980a-597d8d08e01f/,abed22975277349bc70ce472741ee08442baa42f406ccba0bfc87855092e8093,senate-efd-electronic,explicit,0
P000612,"David A Perdue , Jr",senate,Republican,GA,,False,2015-08-25,2015-09-08,PG,The Procter & Gamble Company (NYSE),Stock,Purchase,"$15,001 - $50,000",32500.5,False,Joint,14b8f364-3356-42e5-980a-597d8d08e01f,https://efdsearch.senate.gov/search/view/ptr/14b8f364-3356-42e5-980a-597d8d08e01f/,bd4066006711708f8731aa34730fb2b87b22c632605410b7bbc49fcc1fb26806,senate-efd-electronic,explicit,0
P000612,"David A Perdue , Jr",senate,Republican,GA,,False,2015-08-26,2015-09-08,CIT,CIT Group Inc. (NYSE),Stock,Sale (Partial),"$1,001 - $15,000",8000.5,False,Joint,14b8f364-3356-42e5-980a-597d8d08e01f,https://efdsearch.senate.gov/search/view/ptr/14b8f364-3356-42e5-980a-597d8d08e01f/,b6a4ca04bf1aba8a1df5c86eb9ccf1e8a0c7177019d185c1d797dd098beb50af,senate-efd-electronic,explicit,0
P000612,"David A Perdue , Jr",senate,Republican,GA,,False,2015-08-26,2015-09-08,BAX,Baxter International Inc. (NYSE),Stock,Purchase,"$1,001 - $15,000",8000.5,False,Joint,14b8f364-3356-42e5-980a-597d8d08e01f,https://efdsearch.senate.gov/search/view/ptr/14b8f364-3356-42e5-980a-597d8d08e01f/,a86e0b608fa9539ef086884b7f743c0ff28908dcd3cba41799a9c398955910c4,senate-efd-electronic,explicit,0
P000612,"David A Perdue , Jr",senate,Republican,GA,,False,2015-08-27,2015-09-08,DVN,Devon Energy Corporation (NYSE),Stock,Purchase,"$1,001 - $15,000",8000.5,False,Joint,14b8f364-3356-42e5-980a-597d8d08e01f,https://efdsearch.senate.gov/search/view/ptr/14b8f364-3356-42e5-980a-597d8d08e01f/,ed0d85167e6314c11e5a401a052971f0af0e8b9cb0f0e6238c1a75e68332be4f,senate-efd-electronic,explicit,0
P000612,"David A Perdue , Jr",senate,Republican,GA,,False,2015-08-27,2015-09-08,BAX,Baxter International Inc. (NYSE),Stock,Purchase,"$1,001 - $15,000",8000.5,False,Joint,14b8f364-3356-42e5-980a-597d8d08e01f,https://efdsearch.senate.gov/search/view/ptr/14b8f364-3356-42e5-980a-597d8d08e01f/,3e968a1a3ade8b2d3a0c1395de8fe76fa482bbd7321de3bbc1a2ae0287fbfdd8,senate-efd-electronic,explicit,1
P000612,"David A Perdue , Jr",senate,Republican,GA,,False,2015-08-27,2015-09-08,BAX,Baxter International Inc. (NYSE),Stock,Purchase,"$1,001 - $15,000",8000.5,False,Joint,14b8f364-3356-42e5-980a-597d8d08e01f,https://efdsearch.senate.gov/search/view/ptr/14b8f364-3356-42e5-980a-597d8d08e01f/,3e968a1a3ade8b2d3a0c1395de8fe76fa482bbd7321de3bbc1a2ae0287fbfdd8,senate-efd-electronic,explicit,0
P000612,"David A Perdue , Jr",senate,Republican,GA,,False,2015-08-27,2015-09-08,CIT,CIT Group Inc. (NYSE),Stock,Sale (Partial),"$1,001 - $15,000",8000.5,False,Joint,14b8f364-3356-42e5-980a-597d8d08e01f,https://efdsearch.senate.gov/search/view/ptr/14b8f364-3356-42e5-980a-597d8d08e01f/,b0e112d73cbd65a1d1b2d1e8c82a901ff6bb2bd4b6f358da04ccbf40cf2c88fc,senate-efd-electronic,explicit,0
P000612,"David A Perdue , Jr",senate,Republican,GA,,False,2015-08-27,2015-09-08,AAN,"Aaron's, Inc. (NYSE)",Stock,Sale (Partial),"$1,001 - $15,000",8000.5,False,Joint,14b8f364-3356-42e5-980a-597d8d08e01f,https://efdsearch.senate.gov/search/view/ptr/14b8f364-3356-42e5-980a-597d8d08e01f/,9a9479c3350aca99b6921d998165c4c99cf0cf3da7d61e8368acfb90522f7cf5,senate-efd-electronic,explicit,0
P000612,"David A Perdue , Jr",senate,Republican,GA,,False,2015-08-27,2015-09-08,GLW,Corning Inc. (NYSE),Stock,Purchase,"$1,001 - $15,000",8000.5,False,Joint,14b8f364-3356-42e5-980a-597d8d08e01f,https://efdsearch.senate.gov/search/view/ptr/14b8f364-3356-42e5-980a-597d8d08e01f/,26c68b6b10c9e4926030577d52bcf3a9277a2c50eb18e54aa407f08b7cbda76f,senate-efd-electronic,explicit,0
P000612,"David A Perdue , Jr",senate,Republican,GA,,False,2015-08-28,2015-09-08,GLW,Corning Inc. (NYSE),Stock,Purchase,"$1,001 - $15,000",8000.5,False,Joint,14b8f364-3356-42e5-980a-597d8d08e01f,https://efdsearch.senate.gov/search/view/ptr/14b8f364-3356-42e5-980a-597d8d08e01f/,c2cb14ca6605fcd17182bb1280416c43a28aa7da6b85680eb76d66259ec9df52,senate-efd-electronic,explicit,0
P000612,"David A Perdue , Jr",senate,Republican,GA,,False,2015-08-28,2015-09-08,CIT,CIT Group Inc. (NYSE),Stock,Sale (Partial),"$1,001 - $15,000",8000.5,False,Joint,14b8f364-3356-42e5-980a-597d8d08e01f,https://efdsearch.senate.gov/search/view/ptr/14b8f364-3356-42e5-980a-597d8d08e01f/,d2a13861214abd98ca4d21f506b3691958f90f21f565405e7711cbf3fbfbb5d9,senate-efd-electronic,explicit,0
P000612,"David A Perdue , Jr",senate,Republican,GA,,False,2015-08-28,2015-09-08,BAX,Baxter International Inc. (NYSE),Stock,Purchase,"$1,001 - $15,000",8000.5,False,Joint,14b8f364-3356-42e5-980a-597d8d08e01f,https://efdsearch.senate.gov/search/view/ptr/14b8f364-3356-42e5-980a-597d8d08e01f/,2b5cfebc8a41a506ef591974f688fe9c977301472ce13ced745cf56d125b3ce7,senate-efd-electronic,explicit,0
P000612,"David A Perdue , Jr",senate,Republican,GA,,False,2015-08-31,2015-09-08,BK,The Bank of New York Mellon Corporation (NYSE),Stock,Sale (Partial),"$1,001 - $15,000",8000.5,False,Joint,14b8f364-3356-42e5-980a-597d8d08e01f,https://efdsearch.senate.gov/search/view/ptr/14b8f364-3356-42e5-980a-597d8d08e01f/,aa83c4c1329fb167c1cb00f546b8123fff3c972dafc2e8a5d1010749d48cb2f7,senate-efd-electronic,explicit,0
P000612,"David A Perdue , Jr",senate,Republican,GA,,False,2015-08-31,2015-09-08,DVN,Devon Energy Corporation (NYSE),Stock,Purchase,"$1,001 - $15,000",8000.5,False,Joint,14b8f364-3356-42e5-980a-597d8d08e01f,https://efdsearch.senate.gov/search/view/ptr/14b8f364-3356-42e5-980a-597d8d08e01f/,94ea0e16159126f37c588e26403d75811fa19220bce31cdc9e3d3f49eafb260d,senate-efd-electronic,explicit,0
P000612,"David A Perdue , Jr",senate,Republican,GA,,False,2015-08-31,2015-09-08,CIT,CIT Group Inc. (NYSE),Stock,Sale (Partial),"$1,001 - $15,000",8000.5,False,Joint,14b8f364-3356-42e5-980a-597d8d08e01f,https://efdsearch.senate.gov/search/view/ptr/14b8f364-3356-42e5-980a-597d8d08e01f/,a7ec6d8f21380a0cd9aa08f781ae74d3e886f1a75ae5a8d3d07b996e90eff839,senate-efd-electronic,explicit,0
P000612,"David A Perdue , Jr",senate,Republican,GA,,False,2015-09-01,2015-09-08,GLW,Corning Inc. (NYSE),Stock,Purchase,"$1,001 - $15,000",8000.5,False,Joint,14b8f364-3356-42e5-980a-597d8d08e01f,https://efdsearch.senate.gov/search/view/ptr/14b8f364-3356-42e5-980a-597d8d08e01f/,4f9a28ecef6ec3a825d8fcd758d0c5f7122dcb5f10b137cfe119a027bae011c8,senate-efd-electronic,explicit,0
P000612,"David A Perdue , Jr",senate,Republican,GA,,False,2015-09-01,2015-09-08,BK,The Bank of New York Mellon Corporation (NYSE),Stock,Sale (Partial),"$1,001 - $15,000",8000.5,False,Joint,14b8f364-3356-42e5-980a-597d8d08e01f,https://efdsearch.senate.gov/search/view/ptr/14b8f364-3356-42e5-980a-597d8d08e01f/,badbc1ab383db7b268afa4853f9c9c7b7204ae16203ca792cf982772f97bb40e,senate-efd-electronic,explicit,0
P000612,"David A Perdue , Jr",senate,Republican,GA,,False,2015-09-02,2015-09-08,BK,The Bank of New York Mellon Corporation (NYSE),Stock,Sale (Partial),"$1,001 - $15,000",8000.5,False,Joint,14b8f364-3356-42e5-980a-597d8d08e01f,https://efdsearch.senate.gov/search/view/ptr/14b8f364-3356-42e5-980a-597d8d08e01f/,69745914da66edca479e4e685e0793c26f8a015bbd20fc7db345a70000a57275,senate-efd-electronic,explicit,0
P000612,"David A Perdue , Jr",senate,Republican,GA,,False,2015-09-02,2015-09-08,GLW,Corning Inc. (NYSE),Stock,Purchase,"$1,001 - $15,000",8000.5,False,Joint,14b8f364-3356-42e5-980a-597d8d08e01f,https://efdsearch.senate.gov/search/view/ptr/14b8f364-3356-42e5-980a-597d8d08e01f/,6a28842b547585a0d88fccee134f25f2b20dbcffdf10333bdc015fa28f938eca,senate-efd-electronic,explicit,0
P000612,"David A Perdue , Jr",senate,Republican,GA,,False,2015-09-02,2015-09-08,AAN,"Aaron's, Inc. (NYSE)",Stock,Sale (Partial),"$1,001 - $15,000",8000.5,False,Joint,14b8f364-3356-42e5-980a-597d8d08e01f,https://efdsearch.senate.gov/search/view/ptr/14b8f364-3356-42e5-980a-597d8d08e01f/,589b5009a20e709e855e6d350fc32248a13cf907be30bf22eccb162555fe0564,senate-efd-electronic,explicit,0
P000612,"David A Perdue , Jr",senate,Republican,GA,,False,2015-09-08,2015-10-07,,Baxter International (BAX),Stock,Purchase,"$1,001 - $15,000",8000.5,False,Joint,0f819f2c-7313-4c60-b906-20d04a50f5ed,https://efdsearch.senate.gov/search/view/ptr/0f819f2c-7313-4c60-b906-20d04a50f5ed/,7789bf027bc0112af0948bb24ed1b193ca8a378db450c14b54ba2689d9279594,senate-efd-electronic,none,0
P000612,"David A Perdue , Jr",senate,Republican,GA,,False,2015-09-11,2015-10-07,,Baxter International (BAX),Stock,Purchase,"$1,001 - $15,000",8000.5,False,Joint,0f819f2c-7313-4c60-b906-20d04a50f5ed,https://efdsearch.senate.gov/search/view/ptr/0f819f2c-7313-4c60-b906-20d04a50f5ed/,d5333f038a0f9fa0193986724e6abe054f7c3ef2dc37b39d197885f26dd00b02,senate-efd-electronic,none,0
P000612,"David A Perdue , Jr",senate,Republican,GA,,False,2015-09-15,2015-10-07,,AARON RENTS INC (AAN),Stock,Sale (Partial),"$1,001 - $15,000",8000.5,False,Joint,0f819f2c-7313-4c60-b906-20d04a50f5ed,https://efdsearch.senate.gov/search/view/ptr/0f819f2c-7313-4c60-b906-20d04a50f5ed/,2b30116f6536f9e3fd55726f1a22d1811551c8b6ffc5ba2eb8d9646fc5b08de9,senate-efd-electronic,none,0
P000612,"David A Perdue , Jr",senate,Republican,GA,,False,2015-09-15,2015-10-07,,CIT GROUP CMN (CIT),Stock,Sale (Partial),"$1,001 - $15,000",8000.5,False,Joint,0f819f2c-7313-4c60-b906-20d04a50f5ed,https://efdsearch.senate.gov/search/view/ptr/0f819f2c-7313-4c60-b906-20d04a50f5ed/,02890fcac47849138ab09264b48f1ac03dbd209d90d942aec8c1fc68926ea60d,senate-efd-electronic,none,0
P000612,"David A Perdue , Jr",senate,Republican,GA,,False,2015-09-16,2015-10-07,,Sunoco Logistics Partners (SXL),Stock,Sale (Partial),"$1,001 - $15,000",8000.5,False,Joint,0f819f2c-7313-4c60-b906-20d04a50f5ed,https://efdsearch.senate.gov/search/view/ptr/0f819f2c-7313-4c60-b906-20d04a50f5ed/,82505269bd8faed0d2825fc7b09e53efd23d11855bf26e5a84c1551030524d71,senate-efd-electronic,none,0
P000612,"David A Perdue , Jr",senate,Republican,GA,,False,2015-09-16,2015-10-07,,AARON RENTS INC (AAN),Stock,Sale (Partial),"$1,001 - $15,000",8000.5,False,Joint,0f819f2c-7313-4c60-b906-20d04a50f5ed,https://efdsearch.senate.gov/search/view/ptr/0f819f2c-7313-4c60-b906-20d04a50f5ed/,4bb86ba5b897476ba6bb7c9a79ac162824734ee90ca6dbaf05afff758a6665e8,senate-efd-electronic,none,0
P000612,"David A Perdue , Jr",senate,Republican,GA,,False,2015-09-16,2015-10-07,,Energy Transfer Equity CMN,Stock,Sale (Partial),"$1,001 - $15,000",8000.5,False,Joint,0f819f2c-7313-4c60-b906-20d04a50f5ed,https://efdsearch.senate.gov/search/view/ptr/0f819f2c-7313-4c60-b906-20d04a50f5ed/,38d8341f229c92034b67da3b13bc8f53cfe98c9bd0347a9763f568111529c895,senate-efd-electronic,none,0
P000612,"David A Perdue , Jr",senate,Republican,GA,,False,2015-09-16,2015-10-07,,Targa Resources Partners (NGLS),Stock,Sale (Partial),"$1,001 - $15,000",8000.5,False,Joint,0f819f2c-7313-4c60-b906-20d04a50f5ed,https://efdsearch.senate.gov/search/view/ptr/0f819f2c-7313-4c60-b906-20d04a50f5ed/,0a4662a3c1d83ac20158ec064abc3595e1d8085bb4aba75cc7ad2bad8d1f1627,senate-efd-electronic,none,0
P000612,"David A Perdue , Jr",senate,Republican,GA,,False,2015-09-17,2015-10-07,,Targa Resources Partners (NGLS),Stock,Sale (Partial),"$1,001 - $15,000",8000.5,False,Joint,0f819f2c-7313-4c60-b906-20d04a50f5ed,https://efdsearch.senate.gov/search/view/ptr/0f819f2c-7313-4c60-b906-20d04a50f5ed/,b0d49b9af006f5e476b23b78bfc7789659eedb14cfce5345ab39500197dc4e40,senate-efd-electronic,none,0
P000612,"David A Perdue , Jr",senate,Republican,GA,,False,2015-09-17,2015-10-07,,Sunoco Logistics Partners (SXL),Stock,Sale (Partial),"$1,001 - $15,000",8000.5,False,Joint,0f819f2c-7313-4c60-b906-20d04a50f5ed,https://efdsearch.senate.gov/search/view/ptr/0f819f2c-7313-4c60-b906-20d04a50f5ed/,54b778fafd0206fc8fe86163a08d5937fcd3d77cbab48962b4b6d946e49656c9,senate-efd-electronic,none,0
P000612,"David A Perdue , Jr",senate,Republican,GA,,False,2015-09-17,2015-10-07,,Energy Transfer Partners (ETE),Stock,Sale (Partial),"$1,001 - $15,000",8000.5,False,Joint,0f819f2c-7313-4c60-b906-20d04a50f5ed,https://efdsearch.senate.gov/search/view/ptr/0f819f2c-7313-4c60-b906-20d04a50f5ed/,6454bb40cba5c97fcb4fbc015b2d55259165e5db3b44fc2e6f4267dec2b36e3e,senate-efd-electronic,none,0
P000612,"David A Perdue , Jr",senate,Republican,GA,,False,2015-09-18,2015-10-07,,Bristol-Myers Squibb (BMY),Stock,Purchase,"$15,001 - $50,000",32500.5,False,Joint,0f819f2c-7313-4c60-b906-20d04a50f5ed,https://efdsearch.senate.gov/search/view/ptr/0f819f2c-7313-4c60-b906-20d04a50f5ed/,cccf790fc7ef787bc7df3a80efdb9e9ef5855fcaf536a8358feed40fba9caf98,senate-efd-electronic,none,0
P000612,"David A Perdue , Jr",senate,Republican,GA,,False,2015-09-18,2015-10-07,,"Apple, Inc (AAPL)",Stock,Purchase,"$15,001 - $50,000",32500.5,False,Joint,0f819f2c-7313-4c60-b906-20d04a50f5ed,https://efdsearch.senate.gov/search/view/ptr/0f819f2c-7313-4c60-b906-20d04a50f5ed/,941ffad6432397fddaafdc4ffac5c3710b68bfb60168574479ba60eef8f7fd92,senate-efd-electronic,none,0
P000612,"David A Perdue , Jr",senate,Republican,GA,,False,2015-09-18,2015-10-07,,General Electric (GE),Stock,Purchase,"$15,001 - $50,000",32500.5,False,Joint,0f819f2c-7313-4c60-b906-20d04a50f5ed,https://efdsearch.senate.gov/search/view/ptr/0f819f2c-7313-4c60-b906-20d04a50f5ed/,deaf71c4a37ceee7fde7a1a67a615467c141058c7582378e1c6c634065bbdc7c,senate-efd-electronic,none,0
P000612,"David A Perdue , Jr",senate,Republican,GA,,False,2015-09-18,2015-10-07,,The Kraft Heinz Co (KHC),Stock,Purchase,"$15,001 - $50,000",32500.5,False,Joint,0f819f2c-7313-4c60-b906-20d04a50f5ed,https://efdsearch.senate.gov/search/view/ptr/0f819f2c-7313-4c60-b906-20d04a50f5ed/,8e6de63a55f2821ebb65476a7b850521a6be98a0856dfbcd4110857fa8f0945d,senate-efd-electronic,none,0
P000612,"David A Perdue , Jr",senate,Republican,GA,,False,2015-09-18,2015-10-07,,Energy Transfer Equity (ETE),Stock,Sale (Partial),"$1,001 - $15,000",8000.5,False,Joint,0f819f2c-7313-4c60-b906-20d04a50f5ed,https://efdsearch.senate.gov/search/view/ptr/0f819f2c-7313-4c60-b906-20d04a50f5ed/,8d0f81ab5aac3ecc8b9fe05ffad6f6ae1c1d544991c71657ef7ef97a7f8090d7,senate-efd-electronic,none,0
P000612,"David A Perdue , Jr",senate,Republican,GA,,False,2015-09-18,2015-10-07,,Sunoco Logistics Partners (SXL),Stock,Sale (Partial),"$1,001 - $15,000",8000.5,False,Joint,0f819f2c-7313-4c60-b906-20d04a50f5ed,https://efdsearch.senate.gov/search/view/ptr/0f819f2c-7313-4c60-b906-20d04a50f5ed/,ed84ccbd37a8768f67ce08e46b5d07d76c7114f39b6eb8247574075ad09da93c,senate-efd-electronic,none,0
P000612,"David A Perdue , Jr",senate,Republican,GA,,False,2015-09-18,2015-10-07,,Targa Resources Partners (NGLS),Stock,Sale (Partial),"$1,001 - $15,000",8000.5,False,Joint,0f819f2c-7313-4c60-b906-20d04a50f5ed,https://efdsearch.senate.gov/search/view/ptr/0f819f2c-7313-4c60-b906-20d04a50f5ed/,e7496b80ea8a2b18c0ebc22e1c9b86cd9ae3ac241017f7fd256a95a94178b121,senate-efd-electronic,none,0
P000612,"David A Perdue , Jr",senate,Republican,GA,,False,2015-09-18,2015-10-07,,JPMorgan Chase (JPM),Stock,Purchase,"$15,001 - $50,000",32500.5,False,Joint,0f819f2c-7313-4c60-b906-20d04a50f5ed,https://efdsearch.senate.gov/search/view/ptr/0f819f2c-7313-4c60-b906-20d04a50f5ed/,55911d855f0e335bbb8f2690890526c6bc9febc70fae2a9edec45fc1d7fe9abc,senate-efd-electronic,none,0
P000612,"David A Perdue , Jr",senate,Republican,GA,,False,2015-09-18,2015-10-07,,Cisco Systems Inc (CSCO),Stock,Purchase,"$15,001 - $50,000",32500.5,False,Joint,0f819f2c-7313-4c60-b906-20d04a50f5ed,https://efdsearch.senate.gov/search/view/ptr/0f819f2c-7313-4c60-b906-20d04a50f5ed/,96084250599bef45e4d652812465f471db803b429efadd904d6939c7c8080460,senate-efd-electronic,none,0
P000612,"David A Perdue , Jr",senate,Republican,GA,,False,2015-09-18,2015-10-07,,HCA Holdings Inc (HCA),Stock,Purchase,"$15,001 - $50,000",32500.5,False,Joint,0f819f2c-7313-4c60-b906-20d04a50f5ed,https://efdsearch.senate.gov/search/view/ptr/0f819f2c-7313-4c60-b906-20d04a50f5ed/,acd63fdec70ab3ca5ab1a37f7371c7cdb75e19621a01f698d6b2d9833d2bd87e,senate-efd-electronic,none,0
P000612,"David A Perdue , Jr",senate,Republican,GA,,False,2015-09-18,2015-10-07,,Kinder Morgan INC CMN Class P (KMI),Stock,Purchase,"$15,001 - $50,000",32500.5,False,Joint,0f819f2c-7313-4c60-b906-20d04a50f5ed,https://efdsearch.senate.gov/search/view/ptr/0f819f2c-7313-4c60-b906-20d04a50f5ed/,dcb573950999ea3b50760dc3cc81397805a4c61c37d6f13dec16918ba129a6c1,senate-efd-electronic,none,0
P000612,"David A Perdue , Jr",senate,Republican,GA,,False,2015-09-18,2015-10-07,,Aaron Rents INC (AAN),Stock,Sale (Partial),"$1,001 - $15,000",8000.5,False,Joint,0f819f2c-7313-4c60-b906-20d04a50f5ed,https://efdsearch.senate.gov/search/view/ptr/0f819f2c-7313-4c60-b906-20d04a50f5ed/,be2c7127eb7179891bf05cf1556c5faf00146af2736fa42f0316a3e077ef3da3,senate-efd-electronic,none,0
P000612,"David A Perdue , Jr",senate,Republican,GA,,False,2015-09-18,2015-10-07,,CBS Corp CMN Class B (CBS),Stock,Purchase,"$1,001 - $15,000",8000.5,False,Joint,0f819f2c-7313-4c60-b906-20d04a50f5ed,https://efdsearch.senate.gov/search/view/ptr/0f819f2c-7313-4c60-b906-20d04a50f5ed/,32a9639c999c480f38f62d6fe10a8f689b948c2dc2fb920ee6c022fe5b8ca8cc,senate-efd-electronic,none,0
P000612,"David A Perdue , Jr",senate,Republican,GA,,False,2015-09-18,2015-10-07,,Prudential Financial INC (PRU),Stock,Purchase,"$15,001 - $50,000",32500.5,False,Joint,0f819f2c-7313-4c60-b906-20d04a50f5ed,https://efdsearch.senate.gov/search/view/ptr/0f819f2c-7313-4c60-b906-20d04a50f5ed/,3dfabed11b17b62f2f2fe0135e236774da435a6e042ad78fce450290e86b2d20,senate-efd-electronic,none,0
P000612,"David A Perdue , Jr",senate,Republican,GA,,False,2015-09-18,2015-10-07,,Exxon Mobil Corp (XOM),Stock,Purchase,"$15,001 - $50,000",32500.5,False,Joint,0f819f2c-7313-4c60-b906-20d04a50f5ed,https://efdsearch.senate.gov/search/view/ptr/0f819f2c-7313-4c60-b906-20d04a50f5ed/,ea9e1d3d26e2e29cc7f31a5a896c76106beb87b4016318bbafda9d1063760e64,senate-efd-electronic,none,0
P000612,"David A Perdue , Jr",senate,Republican,GA,,False,2015-09-21,2015-10-07,,Aaron Rents Inc CMN (AAN),Stock,Sale (Partial),"$1,001 - $15,000",8000.5,False,Joint,0f819f2c-7313-4c60-b906-20d04a50f5ed,https://efdsearch.senate.gov/search/view/ptr/0f819f2c-7313-4c60-b906-20d04a50f5ed/,cb4e739f7642bae39ea076334d67ff696009ec0c37f3ff160442532f2714994f,senate-efd-electronic,none,0
P000612,"David A Perdue , Jr",senate,Republican,GA,,False,2015-09-21,2015-10-07,,Corning Inc (GLW),Stock,Purchase,"$1,001 - $15,000",8000.5,False,Joint,0f819f2c-7313-4c60-b906-20d04a50f5ed,https://efdsearch.senate.gov/search/view/ptr/0f819f2c-7313-4c60-b906-20d04a50f5ed/,128698c0915cda6e4238425571af61780702dde3b513499ff67c662b8a0eb2db,senate-efd-electronic,none,0
P000612,"David A Perdue , Jr",senate,Republican,GA,,False,2015-09-21,2015-10-07,,Twenty-First Century Fox Inc (FOXA),Stock,Purchase,"$15,001 - $50,000",32500.5,False,Joint,0f819f2c-7313-4c60-b906-20d04a50f5ed,https://efdsearch.senate.gov/search/view/ptr/0f819f2c-7313-4c60-b906-20d04a50f5ed/,4f1f75cc5d3fc0ddee0e08068db96fb13de3727b6555e71da42a51858442b5ae,senate-efd-electronic,none,0
P000612,"David A Perdue , Jr",senate,Republican,GA,,False,2015-09-21,2015-10-07,,Energy Transfer Equity (ETE),Stock,Sale (Partial),"$1,001 - $15,000",8000.5,False,Joint,0f819f2c-7313-4c60-b906-20d04a50f5ed,https://efdsearch.senate.gov/search/view/ptr/0f819f2c-7313-4c60-b906-20d04a50f5ed/,93c0e7a3ab5e9a821c4e89466ec4b0e7a37971876b3a7940309a0b6678f2446e,senate-efd-electronic,none,0
P000612,"David A Perdue , Jr",senate,Republican,GA,,False,2015-09-21,2015-10-07,,Targa Resources Partners (NGLS),Stock,Sale (Partial),"$1,001 - $15,000",8000.5,False,Joint,0f819f2c-7313-4c60-b906-20d04a50f5ed,https://efdsearch.senate.gov/search/view/ptr/0f819f2c-7313-4c60-b906-20d04a50f5ed/,7f23631290ee5e34f071825bd036d4edaf1b8a97a3b74d3392f65750dea1daa8,senate-efd-electronic,none,0
P000612,"David A Perdue , Jr",senate,Republican,GA,,False,2015-09-22,2015-10-07,,Cablevision Systems Corp (CVC),Stock,Sale (Partial),"$1,001 - $15,000",8000.5,False,Joint,0f819f2c-7313-4c60-b906-20d04a50f5ed,https://efdsearch.senate.gov/search/view/ptr/0f819f2c-7313-4c60-b906-20d04a50f5ed/,4f1bf4c2c19d0ea39fa2692ae1e0f4a7e4419df93a25fbaa7be349a3614430f7,senate-efd-electronic,none,0
P000612,"David A Perdue , Jr",senate,Republican,GA,,False,2015-09-22,2015-10-07,,Corning Inc (GLW),Stock,Purchase,"$1,001 - $15,000",8000.5,False,Joint,0f819f2c-7313-4c60-b906-20d04a50f5ed,https://efdsearch.senate.gov/search/view/ptr/0f819f2c-7313-4c60-b906-20d04a50f5ed/,fe2df760b548e144805056ff4e49437812232f31e44946c545db52f870b58493,senate-efd-electronic,none,0
P000612,"David A Perdue , Jr",senate,Republican,GA,,False,2015-09-22,2015-10-07,,Targa Resources Partners (NGLS),Stock,Sale (Partial),"$1,001 - $15,000",8000.5,False,Joint,0f819f2c-7313-4c60-b906-20d04a50f5ed,https://efdsearch.senate.gov/search/view/ptr/0f819f2c-7313-4c60-b906-20d04a50f5ed/,4652b290427e6a9b7b9c6258b76751ec5245a571ca02a375c8267b07825e7a47,senate-efd-electronic,none,0
P000612,"David A Perdue , Jr",senate,Republican,GA,,False,2015-09-22,2015-10-07,,Baxter International (BAX),Stock,Purchase,"$1,001 - $15,000",8000.5,False,Joint,0f819f2c-7313-4c60-b906-20d04a50f5ed,https://efdsearch.senate.gov/search/view/ptr/0f819f2c-7313-4c60-b906-20d04a50f5ed/,c5d7c0899ce9fb23b587cf4c6c8865ce65cc1c2d86e5d21056f4ef177042b99d,senate-efd-electronic,none,0
P000612,"David A Perdue , Jr",senate,Republican,GA,,False,2015-09-22,2015-10-07,,Energy Transfer Equity (ETE),Stock,Sale (Partial),"$1,001 - $15,000",8000.5,False,Joint,0f819f2c-7313-4c60-b906-20d04a50f5ed,https://efdsearch.senate.gov/search/view/ptr/0f819f2c-7313-4c60-b906-20d04a50f5ed/,b824fd625a4c15d9122ee3406873394937eb612dbc57e08baf7dc41ee655422d,senate-efd-electronic,none,0
P000612,"David A Perdue , Jr",senate,Republican,GA,,False,2015-09-23,2015-10-07,,Energy Transfer Equity (ETE),Stock,Sale (Partial),"$1,001 - $15,000",8000.5,False,Joint,0f819f2c-7313-4c60-b906-20d04a50f5ed,https://efdsearch.senate.gov/search/view/ptr/0f819f2c-7313-4c60-b906-20d04a50f5ed/,b71b17802faad9a20c4e6199fd20833558186ef14d2aa84257592a5be88fae0d,senate-efd-electronic,none,0
P000612,"David A Perdue , Jr",senate,Republican,GA,,False,2015-09-24,2015-10-07,,Sunoco Logistics Partners (SXL),Stock,Sale (Partial),"$1,001 - $15,000",8000.5,False,Joint,0f819f2c-7313-4c60-b906-20d04a50f5ed,https://efdsearch.senate.gov/search/view/ptr/0f819f2c-7313-4c60-b906-20d04a50f5ed/,c6bfef5a4c3272b1dc2d73c7217570310c4d9d142c72455e0dcada0b4b192fe6,senate-efd-electronic,none,0
P000612,"David A Perdue , Jr",senate,Republican,GA,,False,2015-09-24,2015-10-07,,CIT Group Inc (CIT),Stock,Sale (Partial),"$1,001 - $15,000",8000.5,False,Joint,0f819f2c-7313-4c60-b906-20d04a50f5ed,https://efdsearch.senate.gov/search/view/ptr/0f819f2c-7313-4c60-b906-20d04a50f5ed/,687891c5dda4c65a0ffa35118a856d4d46b22032848296a3751ef257affc9ec9,senate-efd-electronic,none,0
P000612,"David A Perdue , Jr",senate,Republican,GA,,False,2015-09-24,2015-10-07,,DCP Midstream Partners (DPM),Stock,Sale (Partial),"$1,001 - $15,000",8000.5,False,Joint,0f819f2c-7313-4c60-b906-20d04a50f5ed,https://efdsearch.senate.gov/search/view/ptr/0f819f2c-7313-4c60-b906-20d04a50f5ed/,fd5b023de424c95878e0424fa1d4a7484b14e74efdbcc16f301bd6d262aa078e,senate-efd-electronic,none,0
P000612,"David A Perdue , Jr",senate,Republican,GA,,False,2015-09-24,2015-10-07,,Energy Transfer Equity (ETE),Stock,Sale (Partial),"$1,001 - $15,000",8000.5,False,Joint,0f819f2c-7313-4c60-b906-20d04a50f5ed,https://efdsearch.senate.gov/search/view/ptr/0f819f2c-7313-4c60-b906-20d04a50f5ed/,3a00762091409e0ac848383fe6873ccd202191734b277f32d64d3007a2d7aa38,senate-efd-electronic,none,0
P000612,"David A Perdue , Jr",senate,Republican,GA,,False,2015-09-24,2015-10-07,,The Mosaic Company (MOS),Stock,Purchase,"$15,001 - $50,000",32500.5,False,Joint,0f819f2c-7313-4c60-b906-20d04a50f5ed,https://efdsearch.senate.gov/search/view/ptr/0f819f2c-7313-4c60-b906-20d04a50f5ed/,2786bb65366f5a1630b0fb2f9030ce02bd22f29e0d71aec7bb6e87770343b946,senate-efd-electronic,none,0
P000612,"David A Perdue , Jr",senate,Republican,GA,,False,2015-09-25,2015-10-07,,Kinder Morgan Inc (KMI),Stock,Sale (Partial),"$15,001 - $50,000",32500.5,False,Joint,0f819f2c-7313-4c60-b906-20d04a50f5ed,https://efdsearch.senate.gov/search/view/ptr/0f819f2c-7313-4c60-b906-20d04a50f5ed/,93fb0e41b84408a698a6d41b6bc42a5e6ca7caad1f2039dfa9f6ae2823497954,senate-efd-electronic,none,0
P000612,"David A Perdue , Jr",senate,Republican,GA,,False,2015-09-25,2015-10-07,,USG Corp (New) (USG),Stock,Sale (Partial),"$1,001 - $15,000",8000.5,False,Joint,0f819f2c-7313-4c60-b906-20d04a50f5ed,https://efdsearch.senate.gov/search/view/ptr/0f819f2c-7313-4c60-b906-20d04a50f5ed/,8c3286d80a7cd495b5a16b07d629c9527b0dac6ca78b0fd6ddb8865317764587,senate-efd-electronic,none,0
P000612,"David A Perdue , Jr",senate,Republican,GA,,False,2015-09-25,2015-10-07,,Westlake Chemical Corp (WLK),Stock,Purchase,"$1,001 - $15,000",8000.5,False,Joint,0f819f2c-7313-4c60-b906-20d04a50f5ed,https://efdsearch.senate.gov/search/view/ptr/0f819f2c-7313-4c60-b906-20d04a50f5ed/,7d476dfa5f569df37c6dcab794d7e19f790aef4e595885f74908ee624dee3a9a,senate-efd-electronic,none,0
P000612,"David A Perdue , Jr",senate,Republican,GA,,False,2015-09-25,2015-10-07,,Sunoco Logistics Partners (SXL),Stock,Sale (Partial),"$1,001 - $15,000",8000.5,False,Joint,0f819f2c-7313-4c60-b906-20d04a50f5ed,https://efdsearch.senate.gov/search/view/ptr/0f819f2c-7313-4c60-b906-20d04a50f5ed/,a464e4be4fcb6d93b9ad663adae87a12052ab2369a87225f75af574f05931704,senate-efd-electronic,none,0
P000612,"David A Perdue , Jr",senate,Republican,GA,,False,2015-09-25,2015-10-07,,Energy Transfer Equity (ETE),Stock,Sale (Partial),"$1,001 - $15,000",8000.5,False,Joint,0f819f2c-7313-4c60-b906-20d04a50f5ed,https://efdsearch.senate.gov/search/view/ptr/0f819f2c-7313-4c60-b906-20d04a50f5ed/,4f89c43e33aa2ec9bbf87dd40d23684d9aa50335eeb9a73644a45177dee9c42b,senate-efd-electronic,none,0
P000612,"David A Perdue , Jr",senate,Republican,GA,,False,2015-09-28,2015-10-07,,DCP Midstream Partners (DPM),Stock,Sale (Partial),"$1,001 - $15,000",8000.5,False,Joint,0f819f2c-7313-4c60-b906-20d04a50f5ed,https://efdsearch.senate.gov/search/view/ptr/0f819f2c-7313-4c60-b906-20d04a50f5ed/,dec3d1812b317217af4123cdcb60851d5c21d6546a30e2f8df8aaa93416b2b03,senate-efd-electronic,none,0
P000612,"David A Perdue , Jr",senate,Republican,GA,,False,2015-09-28,2015-10-07,,Sunoco Logistics Partners (SXL),Stock,Sale (Partial),"$1,001 - $15,000",8000.5,False,Joint,0f819f2c-7313-4c60-b906-20d04a50f5ed,https://efdsearch.senate.gov/search/view/ptr/0f819f2c-7313-4c60-b906-20d04a50f5ed/,bd494cbcf263e2e22892e9787c34bfbcad1b85ef63e94f5918ff9b0b6d178500,senate-efd-electronic,none,0
P000612,"David A Perdue , Jr",senate,Republican,GA,,False,2015-09-28,2015-10-07,,Energy Transfer Equity (ETE),Stock,Sale (Partial),"$1,001 - $15,000",8000.5,False,Joint,0f819f2c-7313-4c60-b906-20d04a50f5ed,https://efdsearch.senate.gov/search/view/ptr/0f819f2c-7313-4c60-b906-20d04a50f5ed/,9fccbe960f0c13cf8854c1b128268cd85c5d719e537229b4c044e42fb4d6fe62,senate-efd-electronic,none,0
P000612,"David A Perdue , Jr",senate,Republican,GA,,False,2015-09-28,2015-10-07,,Westlake Chemical Corp (WLK),Stock,Purchase,"$1,001 - $15,000",8000.5,False,Joint,0f819f2c-7313-4c60-b906-20d04a50f5ed,https://efdsearch.senate.gov/search/view/ptr/0f819f2c-7313-4c60-b906-20d04a50f5ed/,53565827fd4cb9edddf73c99e5535c5fb89441dd2bd894de93ec4b9d0b3a9fb0,senate-efd-electronic,none,0
P000612,"David A Perdue , Jr",senate,Republican,GA,,False,2015-09-28,2015-10-07,,Cablevision Systems Corp (CVC),Stock,Sale (Partial),"$1,001 - $15,000",8000.5,False,Joint,0f819f2c-7313-4c60-b906-20d04a50f5ed,https://efdsearch.senate.gov/search/view/ptr/0f819f2c-7313-4c60-b906-20d04a50f5ed/,bda74c774fba5b7731683ff86d7962a5bd8a417551a763c5501ff28c5bb944f6,senate-efd-electronic,none,0
P000612,"David A Perdue , Jr",senate,Republican,GA,,False,2015-09-28,2015-10-07,,CIT Group Inc (CIT),Stock,Sale (Partial),"$1,001 - $15,000",8000.5,False,Joint,0f819f2c-7313-4c60-b906-20d04a50f5ed,https://efdsearch.senate.gov/search/view/ptr/0f819f2c-7313-4c60-b906-20d04a50f5ed/,9dc241bda3bbe193b28917d104e2a38ed24dff1ad7be542067a5ad44fc553f54,senate-efd-electronic,none,0
P000612,"David A Perdue , Jr",senate,Republican,GA,,False,2015-09-28,2015-10-07,,Corning Inc (GLW),Stock,Purchase,"$1,001 - $15,000",8000.5,False,Joint,0f819f2c-7313-4c60-b906-20d04a50f5ed,https://efdsearch.senate.gov/search/view/ptr/0f819f2c-7313-4c60-b906-20d04a50f5ed/,94ddba3c65e18177c6c43c8017f5e1040ab2595dcdaf2721efbc33f8de3a98c9,senate-efd-electronic,none,0
P000612,"David A Perdue , Jr",senate,Republican,GA,,False,2015-09-28,2015-10-07,,Deere & Company (DE),Stock,Sale (Partial),"$1,001 - $15,000",8000.5,False,Joint,0f819f2c-7313-4c60-b906-20d04a50f5ed,https://efdsearch.senate.gov/search/view/ptr/0f819f2c-7313-4c60-b906-20d04a50f5ed/,1bbf873e7b68b8c69d6561bdb3272bdd28e86f91fcb3d709a01f18861904b1b7,senate-efd-electronic,none,0
P000612,"David A Perdue , Jr",senate,Republican,GA,,False,2015-09-28,2015-10-07,,Baxter International (BAX),Stock,Purchase,"$1,001 - $15,000",8000.5,False,Joint,0f819f2c-7313-4c60-b906-20d04a50f5ed,https://efdsearch.senate.gov/search/view/ptr/0f819f2c-7313-4c60-b906-20d04a50f5ed/,c1908e99b13f3757c34ab17068259f63a558e2c89544c5b54232d7fe1315a596,senate-efd-electronic,none,0
P000612,"David A Perdue , Jr",senate,Republican,GA,,False,2015-09-28,2015-10-07,,The Bank of NY Mellon Corp (BK),Stock,Sale (Partial),"$1,001 - $15,000",8000.5,False,Joint,0f819f2c-7313-4c60-b906-20d04a50f5ed,https://efdsearch.senate.gov/search/view/ptr/0f819f2c-7313-4c60-b906-20d04a50f5ed/,fe4bcbb5292dff4ecf984d2ae6707cf4a491e905ec3f4e7f240734847f87a1f1,senate-efd-electronic,none,0
P000612,"David A Perdue , Jr",senate,Republican,GA,,False,2015-09-29,2015-10-07,,Cablevision Systems Corp (CVC),Stock,Sale (Partial),"$1,001 - $15,000",8000.5,False,Joint,0f819f2c-7313-4c60-b906-20d04a50f5ed,https://efdsearch.senate.gov/search/view/ptr/0f819f2c-7313-4c60-b906-20d04a50f5ed/,19f4620a4e9d358b91c92f370882b4531a65e3473966fa2bd3aa6d562b19b3b8,senate-efd-electronic,none,1
P000612,"David A Perdue , Jr",senate,Republican,GA,,False,2015-09-29,2015-10-07,,Cablevision Systems Corp (CVC),Stock,Sale (Partial),"$1,001 - $15,000",8000.5,False,Joint,0f819f2c-7313-4c60-b906-20d04a50f5ed,https://efdsearch.senate.gov/search/view/ptr/0f819f2c-7313-4c60-b906-20d04a50f5ed/,19f4620a4e9d358b91c92f370882b4531a65e3473966fa2bd3aa6d562b19b3b8,senate-efd-electronic,none,0
P000612,"David A Perdue , Jr",senate,Republican,GA,,False,2015-09-29,2015-10-07,,CIT Group Inc (CIT),Stock,Sale (Partial),"$1,001 - $15,000",8000.5,False,Joint,0f819f2c-7313-4c60-b906-20d04a50f5ed,https://efdsearch.senate.gov/search/view/ptr/0f819f2c-7313-4c60-b906-20d04a50f5ed/,335d4c21d408f7ca22c7d5cc812ad57f4bbe4bfca94b082a466a6e8f1891969e,senate-efd-electronic,none,0
P000612,"David A Perdue , Jr",senate,Republican,GA,,False,2015-09-29,2015-10-07,,Plains All American Pipeline (PAA),Stock,Sale (Partial),"$1,001 - $15,000",8000.5,False,Joint,0f819f2c-7313-4c60-b906-20d04a50f5ed,https://efdsearch.senate.gov/search/view/ptr/0f819f2c-7313-4c60-b906-20d04a50f5ed/,bcc51ab5ada43726b8102505191a9898fee3c281435aef3d9564d5c4a8e16bae,senate-efd-electronic,none,0
P000612,"David A Perdue , Jr",senate,Republican,GA,,False,2015-09-29,2015-10-07,,Energy Transfer Equity (ETE),Stock,Sale (Partial),"$1,001 - $15,000",8000.5,False,Joint,0f819f2c-7313-4c60-b906-20d04a50f5ed,https://efdsearch.senate.gov/search/view/ptr/0f819f2c-7313-4c60-b906-20d04a50f5ed/,fb8a0bce036972e3e472799263915e85906c8c0facb4489b89ca5d435a2094c1,senate-efd-electronic,none,0
P000612,"David A Perdue , Jr",senate,Republican,GA,,False,2015-09-29,2015-10-07,,Sunoco Logistics Partners (SXL),Stock,Sale (Partial),"$1,001 - $15,000",8000.5,False,Joint,0f819f2c-7313-4c60-b906-20d04a50f5ed,https://efdsearch.senate.gov/search/view/ptr/0f819f2c-7313-4c60-b906-20d04a50f5ed/,a94000b3001e3063b905d7a74e1737237aad30d7f175cd15b8554842810dca9f,senate-efd-electronic,none,0
P000612,"David A Perdue , Jr",senate,Republican,GA,,False,2015-09-29,2015-10-07,,Plains All American Pipeline (PAA),Stock,Sale (Partial),"$1,001 - $15,000",8000.5,False,Joint,0f819f2c-7313-4c60-b906-20d04a50f5ed,https://efdsearch.senate.gov/search/view/ptr/0f819f2c-7313-4c60-b906-20d04a50f5ed/,bcc51ab5ada43726b8102505191a9898fee3c281435aef3d9564d5c4a8e16bae,senate-efd-electronic,none,1
P000612,"David A Perdue , Jr",senate,Republican,GA,,False,2015-09-30,2015-10-07,,Deere & Company (DE),Stock,Sale (Partial),"$1,001 - $15,000",8000.5,False,Joint,0f819f2c-7313-4c60-b906-20d04a50f5ed,https://efdsearch.senate.gov/search/view/ptr/0f819f2c-7313-4c60-b906-20d04a50f5ed/,2c4a55a8f805e8fa33265926e746809f03bdc378c8a4e7f4c72394dff7f9ca44,senate-efd-electronic,none,0
P000612,"David A Perdue , Jr",senate,Republican,GA,,False,2015-09-30,2015-10-07,,The Williams Companies (WMB),Stock,Sale (Partial),"$1,001 - $15,000",8000.5,False,Joint,0f819f2c-7313-4c60-b906-20d04a50f5ed,https://efdsearch.senate.gov/search/view/ptr/0f819f2c-7313-4c60-b906-20d04a50f5ed/,d90922f45e1653f4cf587fb00e028da12a3de7dc71aab8c233ecbaab704d4ac4,senate-efd-electronic,none,0
P000612,"David A Perdue , Jr",senate,Republican,GA,,False,2015-09-30,2015-10-07,,Energy Transfer Equity (ETE),Stock,Sale (Partial),"$1,001 - $15,000",8000.5,False,Joint,0f819f2c-7313-4c60-b906-20d04a50f5ed,https://efdsearch.senate.gov/search/view/ptr/0f819f2c-7313-4c60-b906-20d04a50f5ed/,02ae49fca0adcff378a5ec45ad0d1701c36dcaa9cdf372075ad6518127fc6bd8,senate-efd-electronic,none,0
P000612,"David A Perdue , Jr",senate,Republican,GA,,False,2015-10-01,2015-10-07,,Cablevision Systems Corp (CVC),Stock,Sale (Partial),"$1,001 - $15,000",8000.5,False,Joint,0f819f2c-7313-4c60-b906-20d04a50f5ed,https://efdsearch.senate.gov/search/view/ptr/0f819f2c-7313-4c60-b906-20d04a50f5ed/,20b1fb2d236e722d96add00a30cc7daa9a4e6ad056e57ea30c37bdc3a5802d5e,senate-efd-electronic,none,0
P000612,"David A Perdue , Jr",senate,Republican,GA,,False,2015-10-01,2015-10-07,,Sysco Corp (SYY),Stock,Sale (Partial),"$15,001 - $50,000",32500.5,False,Joint,0f819f2c-7313-4c60-b906-20d04a50f5ed,https://efdsearch.senate.gov/search/view/ptr/0f819f2c-7313-4c60-b906-20d04a50f5ed/,ab1676b7035917aafe8c45d121acf1ee3988c499887c8d2a3c09c38457a2c973,senate-efd-electronic,none,0
P000612,"David A Perdue , Jr",senate,Republican,GA,,False,2015-10-05,2015-10-07,,CIT Group Inc (CIT),Stock,Sale (Partial),"$1,001 - $15,000",8000.5,False,Joint,0f819f2c-7313-4c60-b906-20d04a50f5ed,https://efdsearch.senate.gov/search/view/ptr/0f819f2c-7313-4c60-b906-20d04a50f5ed/,19137ce675b105f37cce5cf3f2edffe34adbb37f50653276bdcee75fd53d1285,senate-efd-electronic,none,0
P000612,"David A Perdue , Jr",senate,Republican,GA,,False,2015-10-05,2015-10-07,,Aaron Rents Inc (AAN),Stock,Sale (Partial),"$1,001 - $15,000",8000.5,False,Joint,0f819f2c-7313-4c60-b906-20d04a50f5ed,https://efdsearch.senate.gov/search/view/ptr/0f819f2c-7313-4c60-b906-20d04a50f5ed/,b3f572ecc5dd30f428a8dc8abdd3aff201f66988f1bcaae2f1e4e430fd136586,senate-efd-electronic,none,0
P000612,"David A Perdue , Jr",senate,Republican,GA,,False,2015-10-06,2015-10-28,,Enterprise Products Part CMN,Stock,Purchase,"$1,001 - $15,000",8000.5,False,Joint,80e5d19d-467b-4f10-9d05-f89771680896,https://efdsearch.senate.gov/search/view/ptr/80e5d19d-467b-4f10-9d05-f89771680896/,66f27f69378a4d6e9d2c793f841703b5a613cc81412e3a213c4c0174290c852d,senate-efd-electronic,none,0
P000612,"David A Perdue , Jr",senate,Republican,GA,,False,2015-10-06,2015-10-28,,Tesoro Logistics LP CMN,Stock,Purchase,"$1,001 - $15,000",8000.5,False,Joint,80e5d19d-467b-4f10-9d05-f89771680896,https://efdsearch.senate.gov/search/view/ptr/80e5d19d-467b-4f10-9d05-f89771680896/,332fe117d401fa37a6eec8d16452a8ec9879e1168e5b781f86c45f012987e9c3,senate-efd-electronic,none,0
P000612,"David A Perdue , Jr",senate,Republican,GA,,False,2015-10-06,2015-10-28,,CIT Group Inc CMN,Stock,Sale (Partial),"$1,001 - $15,000",8000.5,False,Joint,80e5d19d-467b-4f10-9d05-f89771680896,https://efdsearch.senate.gov/search/view/ptr/80e5d19d-467b-4f10-9d05-f89771680896/,83ff616b6decd47d5ba63b782e73c30b3773c3c4693725619e4b66a51280ab5a,senate-efd-electronic,none,0
P000612,"David A Perdue , Jr",senate,Republican,GA,,False,2015-10-07,2015-10-28,,Pfizer Inc CMN,Stock,Purchase,"$1,001 - $15,000",8000.5,False,Joint,80e5d19d-467b-4f10-9d05-f89771680896,https://efdsearch.senate.gov/search/view/ptr/80e5d19d-467b-4f10-9d05-f89771680896/,ef43239d731f75ff24195eae4ba3447fbf2cbf9fe2e887dffa4594af71abf1ae,senate-efd-electronic,none,0
P000612,"David A Perdue , Jr",senate,Republican,GA,,False,2015-10-07,2015-10-28,,Tesoro Logistics LP CMN,Stock,Purchase,"$1,001 - $15,000",8000.5,False,Joint,80e5d19d-467b-4f10-9d05-f89771680896,https://efdsearch.senate.gov/search/view/ptr/80e5d19d-467b-4f10-9d05-f89771680896/,43c5d06bd5f5fa215b4fa8bf9389467719963b9567f792bbedf6758b37d206f9,senate-efd-electronic,none,0
P000612,"David A Perdue , Jr",senate,Republican,GA,,False,2015-10-07,2015-10-28,,Tesoro Logistics LP CMN,Stock,Purchase,"$1,001 - $15,000",8000.5,False,Joint,80e5d19d-467b-4f10-9d05-f89771680896,https://efdsearch.senate.gov/search/view/ptr/80e5d19d-467b-4f10-9d05-f89771680896/,43c5d06bd5f5fa215b4fa8bf9389467719963b9567f792bbedf6758b37d206f9,senate-efd-electronic,none,1
P000612,"David A Perdue , Jr",senate,Republican,GA,,False,2015-10-08,2015-10-28,,Tesoro Logistics LP CMN,Stock,Purchase,"$1,001 - $15,000",8000.5,False,Joint,80e5d19d-467b-4f10-9d05-f89771680896,https://efdsearch.senate.gov/search/view/ptr/80e5d19d-467b-4f10-9d05-f89771680896/,373fe52a5a934a614226a4676b18d5546d439ac4150a0590ec4fe8b145b39146,senate-efd-electronic,none,0
P000612,"David A Perdue , Jr",senate,Republican,GA,,False,2015-10-08,2015-10-28,,Tesoro Logistics LP CMN,Stock,Purchase,"$1,001 - $15,000",8000.5,False,Joint,80e5d19d-467b-4f10-9d05-f89771680896,https://efdsearch.senate.gov/search/view/ptr/80e5d19d-467b-4f10-9d05-f89771680896/,373fe52a5a934a614226a4676b18d5546d439ac4150a0590ec4fe8b145b39146,senate-efd-electronic,none,1
P000612,"David A Perdue , Jr",senate,Republican,GA,,False,2015-10-08,2015-10-28,,Aaron Rents Inc A CMN,Stock,Sale (Partial),"$1,001 - $15,000",8000.5,False,Joint,80e5d19d-467b-4f10-9d05-f89771680896,https://efdsearch.senate.gov/search/view/ptr/80e5d19d-467b-4f10-9d05-f89771680896/,032e56c9de2c3d22b7820dd9f3619d192d05cb1af9c5520bbcd9fd4cccfc46e8,senate-efd-electronic,none,0
P000612,"David A Perdue , Jr",senate,Republican,GA,,False,2015-10-08,2015-10-28,,King Cnty Wash GO  Rate/Coupon: 4.0%  Matures: 01/01/23,Municipal Security,Purchase,"$500,001 - $1,000,000",750000.5,False,Joint,80e5d19d-467b-4f10-9d05-f89771680896,https://efdsearch.senate.gov/search/view/ptr/80e5d19d-467b-4f10-9d05-f89771680896/,62e05c8868573ff3b63cccc9fe349179fa9a683b706f07744c34f8cbbeb5415e,senate-efd-electronic,none,0
P000612,"David A Perdue , Jr",senate,Republican,GA,,False,2015-10-09,2015-10-28,,Pfizer Inc CMN,Stock,Purchase,"$1,001 - $15,000",8000.5,False,Joint,80e5d19d-467b-4f10-9d05-f89771680896,https://efdsearch.senate.gov/search/view/ptr/80e5d19d-467b-4f10-9d05-f89771680896/,5e7f9acc3bb00463a8db5a0a9fdbe800ac0a05a7ce38a29339d91e49cf2983e2,senate-efd-electronic,none,0
P000612,"David A Perdue , Jr",senate,Republican,GA,,False,2015-10-09,2015-10-28,,Tesoro Logistics LP CMN,Stock,Purchase,"$1,001 - $15,000",8000.5,False,Joint,80e5d19d-467b-4f10-9d05-f89771680896,https://efdsearch.senate.gov/search/view/ptr/80e5d19d-467b-4f10-9d05-f89771680896/,7d3e5f8b1dbac13f95779c39a43e1ca89d421b53567ec606325ff3f760ac942a,senate-efd-electronic,none,0
P000612,"David A Perdue , Jr",senate,Republican,GA,,False,2015-10-09,2015-10-28,,CIT Group Inc CMN,Stock,Sale (Full),"$1,001 - $15,000",8000.5,False,Joint,80e5d19d-467b-4f10-9d05-f89771680896,https://efdsearch.senate.gov/search/view/ptr/80e5d19d-467b-4f10-9d05-f89771680896/,194b1deb5246aec1ec797899669c49b042b2f1b73188bc0afa94d2cd35f5f8dd,senate-efd-electronic,none,0
P000612,"David A Perdue , Jr",senate,Republican,GA,,False,2015-10-12,2015-10-28,,Tesoro Logistics LP CMN,Stock,Purchase,"$1,001 - $15,000",8000.5,False,Joint,80e5d19d-467b-4f10-9d05-f89771680896,https://efdsearch.senate.gov/search/view/ptr/80e5d19d-467b-4f10-9d05-f89771680896/,7709e8ad67bbb8b5966146cb6f117883523dc01060418d3df5c1e476141bd6ce,senate-efd-electronic,none,0
P000612,"David A Perdue , Jr",senate,Republican,GA,,False,2015-10-12,2015-10-28,,Pfizer Inc CMN,Stock,Purchase,"$1,001 - $15,000",8000.5,False,Joint,80e5d19d-467b-4f10-9d05-f89771680896,https://efdsearch.senate.gov/search/view/ptr/80e5d19d-467b-4f10-9d05-f89771680896/,0adf7616a5d07cf2d6df6d1accd349795fca816dae9fb3e9a92db5481199abee,senate-efd-electronic,none,0
P000612,"David A Perdue , Jr",senate,Republican,GA,,False,2015-10-13,2015-10-28,,Tesoro Logistics LP CMN,Stock,Purchase,"$1,001 - $15,000",8000.5,False,Joint,80e5d19d-467b-4f10-9d05-f89771680896,https://efdsearch.senate.gov/search/view/ptr/80e5d19d-467b-4f10-9d05-f89771680896/,3fb2704a0c3becedcdb81c4050d72e2fb249e41380edcab228b95b0a7102c60b,senate-efd-electronic,none,0
P000612,"David A Perdue , Jr",senate,Republican,GA,,False,2015-10-13,2015-10-28,,Pfizer Inc CMN,Stock,Purchase,"$1,001 - $15,000",8000.5,False,Joint,80e5d19d-467b-4f10-9d05-f89771680896,https://efdsearch.senate.gov/search/view/ptr/80e5d19d-467b-4f10-9d05-f89771680896/,f955acf3f6a5217ec61dedac1d73d1fb1ec7e0302780cc1d946f9a12d50abe6a,senate-efd-electronic,none,0
P000612,"David A Perdue , Jr",senate,Republican,GA,,False,2015-10-14,2015-10-28,,Cabela's Inc CMN,Stock,Purchase,"$15,001 - $50,000",32500.5,False,Joint,80e5d19d-467b-4f10-9d05-f89771680896,https://efdsearch.senate.gov/search/view/ptr/80e5d19d-467b-4f10-9d05-f89771680896/,b658912589c4e6a04aed874bf033810e7603a435e7b804dd32c098d1a02d101b,senate-efd-electronic,none,0
P000612,"David A Perdue , Jr",senate,Republican,GA,,False,2015-10-14,2015-10-28,,Baxter Intl CMN,Stock,Purchase,"$1,001 - $15,000",8000.5,False,Joint,80e5d19d-467b-4f10-9d05-f89771680896,https://efdsearch.senate.gov/search/view/ptr/80e5d19d-467b-4f10-9d05-f89771680896/,6bb524bd3c4a01ad6bf76ed80ba6199e2a12a9022f653cf243f8ee81479eb2e1,senate-efd-electronic,none,0
P000612,"David A Perdue , Jr",senate,Republican,GA,,False,2015-10-15,2015-10-28,,Westlake Chemical Corp CMN,Stock,Purchase,"$1,001 - $15,000",8000.5,False,Joint,80e5d19d-467b-4f10-9d05-f89771680896,https://efdsearch.senate.gov/search/view/ptr/80e5d19d-467b-4f10-9d05-f89771680896/,bccf80ce16d49bf55809d55ef89114e563750242661c62e9650e2f39c3900abf,senate-efd-electronic,none,0
P000612,"David A Perdue , Jr",senate,Republican,GA,,False,2015-10-15,2015-10-28,,VCA Inc CMN,Stock,Sale (Partial),"$1,001 - $15,000",8000.5,False,Joint,80e5d19d-467b-4f10-9d05-f89771680896,https://efdsearch.senate.gov/search/view/ptr/80e5d19d-467b-4f10-9d05-f89771680896/,048fae7b0961e82e5d29ba5fcc657869817c75762feb7eb41c4ae0bcd50bde84,senate-efd-electronic,none,0
P000612,"David A Perdue , Jr",senate,Republican,GA,,False,2015-10-15,2015-10-28,,Cabela's Inc CMN,Stock,Purchase,"$1,001 - $15,000",8000.5,False,Joint,80e5d19d-467b-4f10-9d05-f89771680896,https://efdsearch.senate.gov/search/view/ptr/80e5d19d-467b-4f10-9d05-f89771680896/,1eb09c03f7e5de5e8bc6a78fd8f4c4703a528e255d00cc3798489c0ca2bb756c,senate-efd-electronic,none,0
P000612,"David A Perdue , Jr",senate,Republican,GA,,False,2015-10-16,2015-10-28,,Tesoro Logistics LP CMN,Stock,Purchase,"$1,001 - $15,000",8000.5,False,Joint,80e5d19d-467b-4f10-9d05-f89771680896,https://efdsearch.senate.gov/search/view/ptr/80e5d19d-467b-4f10-9d05-f89771680896/,52f444673f90f680a79845d4d4aa654251be0e9adacc39d5f3e94722b2e9ecc6,senate-efd-electronic,none,0
P000612,"David A Perdue , Jr",senate,Republican,GA,,False,2015-10-16,2015-10-28,,VCA Inc CMN,Stock,Sale (Partial),"$1,001 - $15,000",8000.5,False,Joint,80e5d19d-467b-4f10-9d05-f89771680896,https://efdsearch.senate.gov/search/view/ptr/80e5d19d-467b-4f10-9d05-f89771680896/,2174ca7ec5c853a5f6b2f76aaf21ad592dded07e3ebc64e32914309434a11384,senate-efd-electronic,none,0
P000612,"David A Perdue , Jr",senate,Republican,GA,,False,2015-10-19,2015-10-28,,Aaron Rents Inc CMN,Stock,Sale (Partial),"$1,001 - $15,000",8000.5,False,Joint,80e5d19d-467b-4f10-9d05-f89771680896,https://efdsearch.senate.gov/search/view/ptr/80e5d19d-467b-4f10-9d05-f89771680896/,2529fde746d22edbe619ed156ebbe016b77b1680baba51331f4584742f40c200,senate-efd-electronic,none,0
P000612,"David A Perdue , Jr",senate,Republican,GA,,False,2015-10-20,2015-10-28,,Alliant Energy Corp CMN,Stock,Sale (Partial),"$15,001 - $50,000",32500.5,False,Joint,80e5d19d-467b-4f10-9d05-f89771680896,https://efdsearch.senate.gov/search/view/ptr/80e5d19d-467b-4f10-9d05-f89771680896/,37c108f9b26ab956f2d8d07f2f7d6d52624c4dc8dcabddb86722f80421cc230e,senate-efd-electronic,none,0
P000612,"David A Perdue , Jr",senate,Republican,GA,,False,2015-10-21,2015-10-28,,Tesoro Logistics LP CMN,Stock,Purchase,"$1,001 - $15,000",8000.5,False,Joint,80e5d19d-467b-4f10-9d05-f89771680896,https://efdsearch.senate.gov/search/view/ptr/80e5d19d-467b-4f10-9d05-f89771680896/,03f66e85650fa284be7248981c821701261deb90fa3c197f347ebd84795c377d,senate-efd-electronic,none,0
P000612,"David A Perdue , Jr",senate,Republican,GA,,False,2015-10-21,2015-10-28,,Stryker Corp CMN,Stock,Sale (Partial),"$15,001 - $50,000",32500.5,False,Joint,80e5d19d-467b-4f10-9d05-f89771680896,https://efdsearch.senate.gov/search/view/ptr/80e5d19d-467b-4f10-9d05-f89771680896/,2a8234b6ad3a27116ea9af7950bce6a0689f1dc40ef32e43ed72d55a151cb5e2,senate-efd-electronic,none,0
P000612,"David A Perdue , Jr",senate,Republican,GA,,False,2015-10-21,2015-10-28,,Alliant Energy Corp CMN,Stock,Sale (Partial),"$15,001 - $50,000",32500.5,False,Joint,80e5d19d-467b-4f10-9d05-f89771680896,https://efdsearch.senate.gov/search/view/ptr/80e5d19d-467b-4f10-9d05-f89771680896/,22e648625cd8435b45fdb3123dbd0a6b683e81fb92e8468db775217ceb4a8cd6,senate-efd-electronic,none,0
P000612,"David A Perdue , Jr",senate,Republican,GA,,False,2015-10-22,2015-10-28,,Coca-Cola Company CMN,Stock,Sale (Partial),"$15,001 - $50,000",32500.5,False,Joint,80e5d19d-467b-4f10-9d05-f89771680896,https://efdsearch.senate.gov/search/view/ptr/80e5d19d-467b-4f10-9d05-f89771680896/,7ac2a9ad1255de1e2bb07877c2fa0396817e143298d0c685424f45c342c3bc92,senate-efd-electronic,none,0
P000612,"David A Perdue , Jr",senate,Republican,GA,,False,2015-10-22,2015-10-28,,Tesoro Logistics LP CMN,Stock,Purchase,"$1,001 - $15,000",8000.5,False,Joint,80e5d19d-467b-4f10-9d05-f89771680896,https://efdsearch.senate.gov/search/view/ptr/80e5d19d-467b-4f10-9d05-f89771680896/,3c60218378dbd4e524f16f3d093a1eacff9d2d0cbca8833ca7d5845a3b4f2154,senate-efd-electronic,none,0
P000612,"David A Perdue , Jr",senate,Republican,GA,,False,2015-10-22,2015-10-28,,Alliant Energy Corp CMN,Stock,Sale (Partial),"$50,001 - $100,000",75000.5,False,Joint,80e5d19d-467b-4f10-9d05-f89771680896,https://efdsearch.senate.gov/search/view/ptr/80e5d19d-467b-4f10-9d05-f89771680896/,aa437b414ce11d68f2a4674f0cd4ee966dc01c50319a62feefa670219c44b74a,senate-efd-electronic,none,0
P000612,"David A Perdue , Jr",senate,Republican,GA,,False,2015-10-22,2015-10-28,,Twenty-First Century Fox Inc CMN,Stock,Purchase,"$1,001 - $15,000",8000.5,False,Joint,80e5d19d-467b-4f10-9d05-f89771680896,https://efdsearch.senate.gov/search/view/ptr/80e5d19d-467b-4f10-9d05-f89771680896/,dbef3471f6c3616e8f8f6f4bfabe00e543e5b96a07cea1623b60a20e69b64370,senate-efd-electronic,none,0
P000612,"David A Perdue , Jr",senate,Republican,GA,,False,2015-10-22,2015-10-28,,Aaron Rents Inc CMN,Stock,Sale (Partial),"$1,001 - $15,000",8000.5,False,Joint,80e5d19d-467b-4f10-9d05-f89771680896,https://efdsearch.senate.gov/search/view/ptr/80e5d19d-467b-4f10-9d05-f89771680896/,a366e36c4ac67d5d6d3b25280b5d789e9d8d32d3c6811d4150e30551d142c7e0,senate-efd-electronic,none,0
P000612,"David A Perdue , Jr",senate,Republican,GA,,False,2015-10-22,2015-10-28,,Cabela's Inc CMN,Stock,Purchase,"$1,001 - $15,000",8000.5,False,Joint,80e5d19d-467b-4f10-9d05-f89771680896,https://efdsearch.senate.gov/search/view/ptr/80e5d19d-467b-4f10-9d05-f89771680896/,a8ac6bd372db77f6b4df1dac6df40135f4cb4b625a363de7011481880653caac,senate-efd-electronic,none,1
P000612,"David A Perdue , Jr",senate,Republican,GA,,False,2015-10-22,2015-10-28,,Microsoft Corp CMN,Stock,Sale (Partial),"$1,001 - $15,000",8000.5,False,Joint,80e5d19d-467b-4f10-9d05-f89771680896,https://efdsearch.senate.gov/search/view/ptr/80e5d19d-467b-4f10-9d05-f89771680896/,30a33cebe243764026515fe7aef6ade535f1f905297220d23fc27abeb0919d17,senate-efd-electronic,none,0
P000612,"David A Perdue , Jr",senate,Republican,GA,,False,2015-10-22,2015-10-28,,Cabela's Inc CMN,Stock,Purchase,"$1,001 - $15,000",8000.5,False,Joint,80e5d19d-467b-4f10-9d05-f89771680896,https://efdsearch.senate.gov/search/view/ptr/80e5d19d-467b-4f10-9d05-f89771680896/,a8ac6bd372db77f6b4df1dac6df40135f4cb4b625a363de7011481880653caac,senate-efd-electronic,none,2
P000612,"David A Perdue , Jr",senate,Republican,GA,,False,2015-10-22,2015-10-28,,Cabela's Inc CMN,Stock,Purchase,"$1,001 - $15,000",8000.5,False,Joint,80e5d19d-467b-4f10-9d05-f89771680896,https://efdsearch.senate.gov/search/view/ptr/80e5d19d-467b-4f10-9d05-f89771680896/,a8ac6bd372db77f6b4df1dac6df40135f4cb4b625a363de7011481880653caac,senate-efd-electronic,none,0
P000612,"David A Perdue , Jr",senate,Republican,GA,,False,2015-10-23,2015-10-28,,Deere & Co CMN,Stock,Sale (Partial),"$15,001 - $50,000",32500.5,False,Joint,80e5d19d-467b-4f10-9d05-f89771680896,https://efdsearch.senate.gov/search/view/ptr/80e5d19d-467b-4f10-9d05-f89771680896/,935bbcc687cf06ade7ada24eea5b5389b359496c0b95944ca9048319f7eaf567,senate-efd-electronic,none,0
P000612,"David A Perdue , Jr",senate,Republican,GA,,False,2015-10-23,2015-10-28,,Cabela's Inc CMN,Stock,Purchase,"$1,001 - $15,000",8000.5,False,Joint,80e5d19d-467b-4f10-9d05-f89771680896,https://efdsearch.senate.gov/search/view/ptr/80e5d19d-467b-4f10-9d05-f89771680896/,1656dca3f4dee9974b2546239b2c9a3361ae6aa9fc759a6ccaea01d41ae45399,senate-efd-electronic,none,0
P000612,"David A Perdue , Jr",senate,Republican,GA,,False,2015-10-23,2015-10-28,,Cablevision Systems Corp CMN,Stock,Sale (Partial),"$1,001 - $15,000",8000.5,False,Joint,80e5d19d-467b-4f10-9d05-f89771680896,https://efdsearch.senate.gov/search/view/ptr/80e5d19d-467b-4f10-9d05-f89771680896/,5c51923cf8ed1ca10ba329454c7287193659bbc3b4bc9edfbc456eb89174ee51,senate-efd-electronic,none,0
P000612,"David A Perdue , Jr",senate,Republican,GA,,False,2015-10-26,2015-10-28,,Cabela's Inc CMN,Stock,Purchase,"$1,001 - $15,000",8000.5,False,Joint,80e5d19d-467b-4f10-9d05-f89771680896,https://efdsearch.senate.gov/search/view/ptr/80e5d19d-467b-4f10-9d05-f89771680896/,873f56fb80f23a1d5dbc1e5b0e42f001f73d2898503c8ae647ddf847947e3662,senate-efd-electronic,none,0
P000612,"David A Perdue , Jr",senate,Republican,GA,,False,2015-10-26,2015-10-28,,Cabela's Inc CMN,Stock,Purchase,"$1,001 - $15,000",8000.5,False,Joint,80e5d19d-467b-4f10-9d05-f89771680896,https://efdsearch.senate.gov/search/view/ptr/80e5d19d-467b-4f10-9d05-f89771680896/,873f56fb80f23a1d5dbc1e5b0e42f001f73d2898503c8ae647ddf847947e3662,senate-efd-electronic,none,1
P000612,"David A Perdue , Jr",senate,Republican,GA,,False,2015-10-26,2015-10-28,,Cablevision Systems Corp CMN,Stock,Sale (Partial),"$1,001 - $15,000",8000.5,False,Joint,80e5d19d-467b-4f10-9d05-f89771680896,https://efdsearch.senate.gov/search/view/ptr/80e5d19d-467b-4f10-9d05-f89771680896/,9921d581a99dda192f07ffbddec95944b0bccfe8f1892c3b3219f16e9ad1f602,senate-efd-electronic,none,0
P000612,"David A Perdue , Jr",senate,Republican,GA,,False,2015-10-26,2015-10-28,,Aaron Rents Inc CMN,Stock,Sale (Partial),"$1,001 - $15,000",8000.5,False,Joint,80e5d19d-467b-4f10-9d05-f89771680896,https://efdsearch.senate.gov/search/view/ptr/80e5d19d-467b-4f10-9d05-f89771680896/,5e09b70fe12a08130db3b54b11573161c29f89f1c76e34d11ace72b430e8a7d4,senate-efd-electronic,none,0
P000612,"David A Perdue , Jr",senate,Republican,GA,,False,2015-10-27,2015-10-28,,Deere & Co Inc,Stock,Sale (Partial),"$1,001 - $15,000",8000.5,False,Joint,80e5d19d-467b-4f10-9d05-f89771680896,https://efdsearch.senate.gov/search/view/ptr/80e5d19d-467b-4f10-9d05-f89771680896/,0149114de803223045eda7183a14e43d0fde581883b893f70329360cde891ca0,senate-efd-electronic,none,0
P000612,"David A Perdue , Jr",senate,Republican,GA,,False,2015-10-27,2015-10-28,,Cabela's Inc CMN,Stock,Purchase,"$1,001 - $15,000",8000.5,False,Joint,80e5d19d-467b-4f10-9d05-f89771680896,https://efdsearch.senate.gov/search/view/ptr/80e5d19d-467b-4f10-9d05-f89771680896/,6ba89a778244530397fc6a2b79075452abde6a7b51145d97551e8998c898928e,senate-efd-electronic,none,0
P000612,"David A Perdue , Jr",senate,Republican,GA,,False,2015-10-28,2015-11-23,,Aaron Rents Inc CMN,Stock,Sale (Partial),"$1,001 - $15,000",8000.5,False,Joint,a06ba79f-4dcf-40e8-87e9-0939ecda8f1e,https://efdsearch.senate.gov/search/view/ptr/a06ba79f-4dcf-40e8-87e9-0939ecda8f1e/,eeeb85a76bba88b6d0b8f4fa6e27454307cf829b9b2b263d169d70631a66cd34,senate-efd-electronic,none,0
P000612,"David A Perdue , Jr",senate,Republican,GA,,False,2015-10-28,2015-11-23,,Cabela's Inc CMN,Stock,Purchase,"$1,001 - $15,000",8000.5,False,Joint,a06ba79f-4dcf-40e8-87e9-0939ecda8f1e,https://efdsearch.senate.gov/search/view/ptr/a06ba79f-4dcf-40e8-87e9-0939ecda8f1e/,4e8986e7d0c90b914dcd2dd683bfee703bd659e7ebe5da8105b82ce0f87cdc31,senate-efd-electronic,none,0
P000612,"David A Perdue , Jr",senate,Republican,GA,,False,2015-10-29,2015-11-23,,Cabela's Inc CMN,Stock,Purchase,"$1,001 - $15,000",8000.5,False,Joint,a06ba79f-4dcf-40e8-87e9-0939ecda8f1e,https://efdsearch.senate.gov/search/view/ptr/a06ba79f-4dcf-40e8-87e9-0939ecda8f1e/,af6ccf23f19d0a9b0fca0134b44b7560c54a06abb8a1e916235b1ebcc545c157,senate-efd-electronic,none,0
P000612,"David A Perdue , Jr",senate,Republican,GA,,False,2015-10-29,2015-11-23,,21st Century Fox CMN,Stock,Purchase,"$1,001 - $15,000",8000.5,False,Joint,a06ba79f-4dcf-40e8-87e9-0939ecda8f1e,https://efdsearch.senate.gov/search/view/ptr/a06ba79f-4dcf-40e8-87e9-0939ecda8f1e/,c2760bc5958cb02a3b56f6d989b2f6c347e304c8f2e62c2976d2d79660ce1bcd,senate-efd-electronic,none,0
P000612,"David A Perdue , Jr",senate,Republican,GA,,False,2015-10-29,2015-11-23,,Viacom Inc CMN,Stock,Sale (Partial),"$1,001 - $15,000",8000.5,False,Joint,a06ba79f-4dcf-40e8-87e9-0939ecda8f1e,https://efdsearch.senate.gov/search/view/ptr/a06ba79f-4dcf-40e8-87e9-0939ecda8f1e/,a8b65c6e2b082e7d9bb8417177b5c432851f7644fe0ea7e6d545ce9bc02935d4,senate-efd-electronic,none,0
P000612,"David A Perdue , Jr",senate,Republican,GA,,False,2015-10-29,2015-11-23,,Tesoro Logistics LP CMN,Stock,Purchase,"$1,001 - $15,000",8000.5,False,Joint,a06ba79f-4dcf-40e8-87e9-0939ecda8f1e,https://efdsearch.senate.gov/search/view/ptr/a06ba79f-4dcf-40e8-87e9-0939ecda8f1e/,0bbb21b4511325c833edfd09ca4d50eea98d18bceba1afb6d1e9404b84511cb0,senate-efd-electronic,none,0
P000612,"David A Perdue , Jr",senate,Republican,GA,,False,2015-10-30,2015-11-23,,Westlake Chemical Corp CMN,Stock,Purchase,"$1,001 - $15,000",8000.5,False,Joint,a06ba79f-4dcf-40e8-87e9-0939ecda8f1e,https://efdsearch.senate.gov/search/view/ptr/a06ba79f-4dcf-40e8-87e9-0939ecda8f1e/,ce6e14e5a4d88cba185d527287dba4ab8ba86aca06ed8abcbef0c5cbaece85f6,senate-efd-electronic,none,0
P000612,"David A Perdue , Jr",senate,Republican,GA,,False,2015-11-02,2015-11-23,,Cabela's Inc CMN,Stock,Purchase,"$1,001 - $15,000",8000.5,False,Joint,a06ba79f-4dcf-40e8-87e9-0939ecda8f1e,https://efdsearch.senate.gov/search/view/ptr/a06ba79f-4dcf-40e8-87e9-0939ecda8f1e/,e06d4c4189fd7e96858c04874ff7c4cd30f6fd9f0f541f5b1eb355cf22475cae,senate-efd-electronic,none,0
P000612,"David A Perdue , Jr",senate,Republican,GA,,False,2015-11-03,2015-11-23,,Westlake Chemical Corp CMN,Stock,Purchase,"$1,001 - $15,000",8000.5,False,Joint,a06ba79f-4dcf-40e8-87e9-0939ecda8f1e,https://efdsearch.senate.gov/search/view/ptr/a06ba79f-4dcf-40e8-87e9-0939ecda8f1e/,ba46fb243dc0291f7aff15504992ded038dcd61ad48f018e86838582bbb137bd,senate-efd-electronic,none,0
P000612,"David A Perdue , Jr",senate,Republican,GA,,False,2015-11-03,2015-11-23,,Cabela's Inc CMN,Stock,Purchase,"$1,001 - $15,000",8000.5,False,Joint,a06ba79f-4dcf-40e8-87e9-0939ecda8f1e,https://efdsearch.senate.gov/search/view/ptr/a06ba79f-4dcf-40e8-87e9-0939ecda8f1e/,0d01fe490ecd3d2fce12dd02148768fb368a138f2c388907b60e59504ffd8fc4,senate-efd-electronic,none,0
P000612,"David A Perdue , Jr",senate,Republican,GA,,False,2015-11-03,2015-11-23,,Deere & Co CMN,Stock,Sale (Full),"$1,001 - $15,000",8000.5,False,Joint,a06ba79f-4dcf-40e8-87e9-0939ecda8f1e,https://efdsearch.senate.gov/search/view/ptr/a06ba79f-4dcf-40e8-87e9-0939ecda8f1e/,9399e0d79fdaf1cd743d9070772e5d276fd2ee83f5aa68809b441605dac938c5,senate-efd-electronic,none,0
P000612,"David A Perdue , Jr",senate,Republican,GA,,False,2015-11-03,2015-11-23,,Tesoro Logistics CMN,Stock,Purchase,"$1,001 - $15,000",8000.5,False,Joint,a06ba79f-4dcf-40e8-87e9-0939ecda8f1e,https://efdsearch.senate.gov/search/view/ptr/a06ba79f-4dcf-40e8-87e9-0939ecda8f1e/,daaa550579f08f466ff609bb474fd96f33b2dfebfc829d4751e4fbdafbd43efb,senate-efd-electronic,none,0
P000612,"David A Perdue , Jr",senate,Republican,GA,,False,2015-11-04,2015-11-23,,Tesoro Logistics CMN,Stock,Purchase,"$1,001 - $15,000",8000.5,False,Joint,a06ba79f-4dcf-40e8-87e9-0939ecda8f1e,https://efdsearch.senate.gov/search/view/ptr/a06ba79f-4dcf-40e8-87e9-0939ecda8f1e/,8e333d2ba28ce2bdbe4c4de10d168e5ba06c15ec71d6d1e00c81d476104e555f,senate-efd-electronic,none,0
P000612,"David A Perdue , Jr",senate,Republican,GA,,False,2015-11-05,2015-11-23,CVC,CVC,Stock,Sale (Partial),"$1,001 - $15,000",8000.5,False,Joint,a06ba79f-4dcf-40e8-87e9-0939ecda8f1e,https://efdsearch.senate.gov/search/view/ptr/a06ba79f-4dcf-40e8-87e9-0939ecda8f1e/,77dec51d6641864480966660825fc40961c39c33d5793e3c9f73a35e00ffdd32,senate-efd-electronic,asset_name,0
P000612,"David A Perdue , Jr",senate,Republican,GA,,False,2015-11-06,2015-11-23,CVC,CVC,Stock,Sale (Partial),"$15,001 - $50,000",32500.5,False,Joint,a06ba79f-4dcf-40e8-87e9-0939ecda8f1e,https://efdsearch.senate.gov/search/view/ptr/a06ba79f-4dcf-40e8-87e9-0939ecda8f1e/,a3b5885ed9ef67739f15dfcdbea9e8d6bd2102fb99e350b3691513d5852085e9,senate-efd-electronic,asset_name,0
P000612,"David A Perdue , Jr",senate,Republican,GA,,False,2015-11-10,2015-11-23,WMT,WMT,Stock,Sale (Partial),"$1,001 - $15,000",8000.5,False,Joint,a06ba79f-4dcf-40e8-87e9-0939ecda8f1e,https://efdsearch.senate.gov/search/view/ptr/a06ba79f-4dcf-40e8-87e9-0939ecda8f1e/,0c927a7b3484b622315d01ffb6ae4505dd92b3a7504d42812cc71b92037895d9,senate-efd-electronic,asset_name,0
P000612,"David A Perdue , Jr",senate,Republican,GA,,False,2015-11-10,2015-11-23,PEP,PEP,Stock,Sale (Partial),"$50,001 - $100,000",75000.5,False,Joint,a06ba79f-4dcf-40e8-87e9-0939ecda8f1e,https://efdsearch.senate.gov/search/view/ptr/a06ba79f-4dcf-40e8-87e9-0939ecda8f1e/,b997b5ec8dc6c622ccf2fe2fe31b70711a844c622958c357c6c9c4b61ec3e9b9,senate-efd-electronic,asset_name,0
P000612,"David A Perdue , Jr",senate,Republican,GA,,False,2015-11-10,2015-11-23,FOX,FOX,Stock,Sale (Partial),"$15,001 - $50,000",32500.5,False,Joint,a06ba79f-4dcf-40e8-87e9-0939ecda8f1e,https://efdsearch.senate.gov/search/view/ptr/a06ba79f-4dcf-40e8-87e9-0939ecda8f1e/,5881e7217bfe5b03a326795bcf2068c0006b4407ad63da8079fbe32ad91d6a71,senate-efd-electronic,asset_name,0
P000612,"David A Perdue , Jr",senate,Republican,GA,,False,2015-11-10,2015-11-23,USB,USB,Stock,Sale (Partial),"$15,001 - $50,000",32500.5,False,Joint,a06ba79f-4dcf-40e8-87e9-0939ecda8f1e,https://efdsearch.senate.gov/search/view/ptr/a06ba79f-4dcf-40e8-87e9-0939ecda8f1e/,35d92dad91af683effa816144243814cca4a923c2c351fb8f8c13b18e6155fc4,senate-efd-electronic,asset_name,0
P000612,"David A Perdue , Jr",senate,Republican,GA,,False,2015-11-10,2015-11-23,CLX,CLX,Stock,Sale (Partial),"$1,001 - $15,000",8000.5,False,Joint,a06ba79f-4dcf-40e8-87e9-0939ecda8f1e,https://efdsearch.senate.gov/search/view/ptr/a06ba79f-4dcf-40e8-87e9-0939ecda8f1e/,e3aaf8c452f53c30edaf37fd489801261493de04bfd58d1f39a51afa7364e9ad,senate-efd-electronic,asset_name,0
P000612,"David A Perdue , Jr",senate,Republican,GA,,False,2015-11-10,2015-11-23,BK,BK,Stock,Sale (Full),"$1,001 - $15,000",8000.5,False,Joint,a06ba79f-4dcf-40e8-87e9-0939ecda8f1e,https://efdsearch.senate.gov/search/view/ptr/a06ba79f-4dcf-40e8-87e9-0939ecda8f1e/,b330a1147f555a7f2c9b3c5413ff2eb9569042e35887a76e70f004a556efcfe2,senate-efd-electronic,asset_name,0
P000612,"David A Perdue , Jr",senate,Republican,GA,,False,2015-11-10,2015-11-23,CSCO,CSCO,Stock,Sale (Partial),"$15,001 - $50,000",32500.5,False,Joint,a06ba79f-4dcf-40e8-87e9-0939ecda8f1e,https://efdsearch.senate.gov/search/view/ptr/a06ba79f-4dcf-40e8-87e9-0939ecda8f1e/,5331f4bb730ba71ec94149b02667e1a1f529f756957bcbe595a785efe3de42d6,senate-efd-electronic,asset_name,0
P000612,"David A Perdue , Jr",senate,Republican,GA,,False,2015-11-10,2015-11-23,WFC,WFC,Stock,Sale (Partial),"$1,001 - $15,000",8000.5,False,Joint,a06ba79f-4dcf-40e8-87e9-0939ecda8f1e,https://efdsearch.senate.gov/search/view/ptr/a06ba79f-4dcf-40e8-87e9-0939ecda8f1e/,2dfba2efe9b4c900c299eaabedb7a3d1d25a17dcc13a909917a81b24980320ee,senate-efd-electronic,asset_name,0
P000612,"David A Perdue , Jr",senate,Republican,GA,,False,2015-11-10,2015-11-23,,Sigma-Aldrich Corp CMN,Stock,Sale (Full),"$1,001 - $15,000",8000.5,False,Joint,a06ba79f-4dcf-40e8-87e9-0939ecda8f1e,https://efdsearch.senate.gov/search/view/ptr/a06ba79f-4dcf-40e8-87e9-0939ecda8f1e/,b3ccc11b53378d002cb38dfd23c961e6c73c0662b50206507bdd32f7b38fc9ad,senate-efd-electronic,none,0
P000612,"David A Perdue , Jr",senate,Republican,GA,,False,2015-11-10,2015-11-23,UN,UN,Stock,Sale (Partial),"$1,001 - $15,000",8000.5,False,Joint,a06ba79f-4dcf-40e8-87e9-0939ecda8f1e,https://efdsearch.senate.gov/search/view/ptr/a06ba79f-4dcf-40e8-87e9-0939ecda8f1e/,e9741bbca7a9463571f34891c6edad6382b1a67acf1934ec6634896de1791628,senate-efd-electronic,asset_name,0
P000612,"David A Perdue , Jr",senate,Republican,GA,,False,2015-11-10,2015-11-23,CHRW,CHRW,Stock,Sale (Partial),"$1,001 - $15,000",8000.5,False,Joint,a06ba79f-4dcf-40e8-87e9-0939ecda8f1e,https://efdsearch.senate.gov/search/view/ptr/a06ba79f-4dcf-40e8-87e9-0939ecda8f1e/,4a08e60a412ff012fa69708a68df0e745be6d605e27da735a72442740c5ff33b,senate-efd-electronic,asset_name,0
P000612,"David A Perdue , Jr",senate,Republican,GA,,False,2015-11-10,2015-11-23,FOXA,FOXA,Stock,Sale (Partial),"$50,001 - $100,000",75000.5,False,Joint,a06ba79f-4dcf-40e8-87e9-0939ecda8f1e,https://efdsearch.senate.gov/search/view/ptr/a06ba79f-4dcf-40e8-87e9-0939ecda8f1e/,01bccdc1badfd03890836cc440ad3011e970b87bcd6ab4d9e652324b58830098,senate-efd-electronic,asset_name,0
P000612,"David A Perdue , Jr",senate,Republican,GA,,False,2015-11-10,2015-11-23,SYK,SYK,Stock,Sale (Partial),"$1,001 - $15,000",8000.5,False,Joint,a06ba79f-4dcf-40e8-87e9-0939ecda8f1e,https://efdsearch.senate.gov/search/view/ptr/a06ba79f-4dcf-40e8-87e9-0939ecda8f1e/,4ff78ecd173776fd9d860daca425cac4f9746d8432934094336a6928d8d3a708,senate-efd-electronic,asset_name,0
P000612,"David A Perdue , Jr",senate,Republican,GA,,False,2015-11-10,2015-11-23,KO,KO,Stock,Sale (Partial),"$15,001 - $50,000",32500.5,False,Joint,a06ba79f-4dcf-40e8-87e9-0939ecda8f1e,https://efdsearch.senate.gov/search/view/ptr/a06ba79f-4dcf-40e8-87e9-0939ecda8f1e/,b234730559e46277eef451859bb336dc7a368ef34ce8b5a7bb4af4867971d955,senate-efd-electronic,asset_name,0
P000612,"David A Perdue , Jr",senate,Republican,GA,,False,2015-11-10,2015-11-23,SYY,SYY,Stock,Sale (Partial),"$15,001 - $50,000",32500.5,False,Joint,a06ba79f-4dcf-40e8-87e9-0939ecda8f1e,https://efdsearch.senate.gov/search/view/ptr/a06ba79f-4dcf-40e8-87e9-0939ecda8f1e/,3f5de610f32d4f0632c37b3f639820f807bf517886707eba74fd0a1997b111fd,senate-efd-electronic,asset_name,0
P000612,"David A Perdue , Jr",senate,Republican,GA,,False,2015-11-10,2015-11-23,BCR,BCR,Stock,Sale (Partial),"$1,001 - $15,000",8000.5,False,Joint,a06ba79f-4dcf-40e8-87e9-0939ecda8f1e,https://efdsearch.senate.gov/search/view/ptr/a06ba79f-4dcf-40e8-87e9-0939ecda8f1e/,af9904069b683974276b7fa98a0af5c76231cd04c9a5e9545c981ad2ff4a6933,senate-efd-electronic,asset_name,0
P000612,"David A Perdue , Jr",senate,Republican,GA,,False,2015-11-10,2015-11-23,ANTM,ANTM,Stock,Sale (Partial),"$1,001 - $15,000",8000.5,False,Joint,a06ba79f-4dcf-40e8-87e9-0939ecda8f1e,https://efdsearch.senate.gov/search/view/ptr/a06ba79f-4dcf-40e8-87e9-0939ecda8f1e/,ca367782c078ae55fa72e626a4dc9dd160f59717345b6b794d5665a636827c31,senate-efd-electronic,asset_name,0
P000612,"David A Perdue , Jr",senate,Republican,GA,,False,2015-11-10,2015-11-23,AVP,AVP,Stock,Sale (Partial),"$1,001 - $15,000",8000.5,False,Joint,a06ba79f-4dcf-40e8-87e9-0939ecda8f1e,https://efdsearch.senate.gov/search/view/ptr/a06ba79f-4dcf-40e8-87e9-0939ecda8f1e/,785446897645f0565b9d5c7afd5f732086efb1b5b9a64bd3e2964ba85fd3949f,senate-efd-electronic,asset_name,0
P000612,"David A Perdue , Jr",senate,Republican,GA,,False,2015-11-10,2015-11-23,ORCL,ORCL,Stock,Sale (Partial),"$15,001 - $50,000",32500.5,False,Joint,a06ba79f-4dcf-40e8-87e9-0939ecda8f1e,https://efdsearch.senate.gov/search/view/ptr/a06ba79f-4dcf-40e8-87e9-0939ecda8f1e/,de2aebc1bd4834db431a48dc6f52e7df14c24fbaf1d2cca0e0d498ef0434dc55,senate-efd-electronic,asset_name,0
P000612,"David A Perdue , Jr",senate,Republican,GA,,False,2015-11-10,2015-11-23,COP,COP,Stock,Sale (Partial),"$1,001 - $15,000",8000.5,False,Joint,a06ba79f-4dcf-40e8-87e9-0939ecda8f1e,https://efdsearch.senate.gov/search/view/ptr/a06ba79f-4dcf-40e8-87e9-0939ecda8f1e/,66652b75eb9eae7c89b35e8ca60acf3d328e60826209dced78d90c19b41f1bee,senate-efd-electronic,asset_name,0
P000612,"David A Perdue , Jr",senate,Republican,GA,,False,2015-11-10,2015-11-23,VIAB,VIAB,Stock,Sale (Partial),"$1,001 - $15,000",8000.5,False,Joint,a06ba79f-4dcf-40e8-87e9-0939ecda8f1e,https://efdsearch.senate.gov/search/view/ptr/a06ba79f-4dcf-40e8-87e9-0939ecda8f1e/,c6c1a2e2eed7076b608e15caf34660f6ff914d35307276797144149b4155937c,senate-efd-electronic,asset_name,0
P000612,"David A Perdue , Jr",senate,Republican,GA,,False,2015-11-10,2015-11-23,MSFT,MSFT,Stock,Sale (Partial),"$15,001 - $50,000",32500.5,False,Joint,a06ba79f-4dcf-40e8-87e9-0939ecda8f1e,https://efdsearch.senate.gov/search/view/ptr/a06ba79f-4dcf-40e8-87e9-0939ecda8f1e/,d421adc59f76cf969b510b610686a7594ca79b78844b89bd5278f1cc64f94a93,senate-efd-electronic,asset_name,0
P000612,"David A Perdue , Jr",senate,Republican,GA,,False,2015-11-10,2015-11-23,PG,PG,Stock,Sale (Partial),"$50,001 - $100,000",75000.5,False,Joint,a06ba79f-4dcf-40e8-87e9-0939ecda8f1e,https://efdsearch.senate.gov/search/view/ptr/a06ba79f-4dcf-40e8-87e9-0939ecda8f1e/,03cee68a0f0988fe3443d4cc3d18466308efc33f476dbd06547f22331f2b6fb9,senate-efd-electronic,asset_name,0
P000612,"David A Perdue , Jr",senate,Republican,GA,,False,2015-11-10,2015-11-23,JNJ,JNJ,Stock,Sale (Partial),"$15,001 - $50,000",32500.5,False,Joint,a06ba79f-4dcf-40e8-87e9-0939ecda8f1e,https://efdsearch.senate.gov/search/view/ptr/a06ba79f-4dcf-40e8-87e9-0939ecda8f1e/,c30f312e8e72e33facbeb14c8f21f08c0e4cc3e46d750a147358e214442e9de0,senate-efd-electronic,asset_name,0
P000612,"David A Perdue , Jr",senate,Republican,GA,,False,2015-11-10,2015-11-23,XOM,XOM,Stock,Sale (Partial),"$1,001 - $15,000",8000.5,False,Joint,a06ba79f-4dcf-40e8-87e9-0939ecda8f1e,https://efdsearch.senate.gov/search/view/ptr/a06ba79f-4dcf-40e8-87e9-0939ecda8f1e/,d86b2938311b7c79068a56681c01bff4c07fb0732891ad8b21a62a437e3c261a,senate-efd-electronic,asset_name,0
P000612,"David A Perdue , Jr",senate,Republican,GA,,False,2015-11-12,2015-11-23,AVP,AVP,Stock,Sale (Partial),"$1,001 - $15,000",8000.5,False,Joint,a06ba79f-4dcf-40e8-87e9-0939ecda8f1e,https://efdsearch.senate.gov/search/view/ptr/a06ba79f-4dcf-40e8-87e9-0939ecda8f1e/,db785f2110ba1574bb43b9a0478f65b329d30482706596b8989a74b3a081ba16,senate-efd-electronic,asset_name,0
P000612,"David A Perdue , Jr",senate,Republican,GA,,False,2015-11-12,2015-11-23,SPY,SPY,Stock,Purchase,"$1,001 - $15,000",8000.5,False,Joint,a06ba79f-4dcf-40e8-87e9-0939ecda8f1e,https://efdsearch.senate.gov/search/view/ptr/a06ba79f-4dcf-40e8-87e9-0939ecda8f1e/,9d146556d3c35b8a1f5d3aa608ddd3c6573338f31b838d509d15df0d5f6a9859,senate-efd-electronic,asset_name,0
P000612,"David A Perdue , Jr",senate,Republican,GA,,False,2015-11-12,2015-11-23,AXLL,AXLL,Stock,Sale (Full),"$50,001 - $100,000",75000.5,False,Joint,a06ba79f-4dcf-40e8-87e9-0939ecda8f1e,https://efdsearch.senate.gov/search/view/ptr/a06ba79f-4dcf-40e8-87e9-0939ecda8f1e/,fa24aabc48cf867bef8146e2779b2c149fb846c59e8f5c83ab3bc83e00c27d9a,senate-efd-electronic,asset_name,0
P000612,"David A Perdue , Jr",senate,Republican,GA,,False,2015-11-12,2015-11-23,MOS,MOS,Stock,Sale (Full),"$50,001 - $100,000",75000.5,False,Joint,a06ba79f-4dcf-40e8-87e9-0939ecda8f1e,https://efdsearch.senate.gov/search/view/ptr/a06ba79f-4dcf-40e8-87e9-0939ecda8f1e/,bc8f9d1e72211fd6356b1e4f78d81d4e4c9fd079bbaf9694eb55a43b8097b603,senate-efd-electronic,asset_name,0
P000612,"David A Perdue , Jr",senate,Republican,GA,,False,2015-11-12,2015-11-23,SPY,SPY,Stock,Purchase,"$500,001 - $1,000,000",750000.5,False,Joint,a06ba79f-4dcf-40e8-87e9-0939ecda8f1e,https://efdsearch.senate.gov/search/view/ptr/a06ba79f-4dcf-40e8-87e9-0939ecda8f1e/,09888177371234b566ec6199588a7cfb188d37f972a37aec449ae53ccb0c1be1,senate-efd-electronic,asset_name,0
P000612,"David A Perdue , Jr",senate,Republican,GA,,False,2015-11-12,2015-11-23,WPX,WPX,Stock,Sale (Full),"$15,001 - $50,000",32500.5,False,Joint,a06ba79f-4dcf-40e8-87e9-0939ecda8f1e,https://efdsearch.senate.gov/search/view/ptr/a06ba79f-4dcf-40e8-87e9-0939ecda8f1e/,8413d22e67ec80e048dacfefbc92fd9943aee164b77881016536b0a960c46b3e,senate-efd-electronic,asset_name,0
P000612,"David A Perdue , Jr",senate,Republican,GA,,False,2015-11-12,2015-11-23,DVN,DVN,Stock,Sale (Full),"$50,001 - $100,000",75000.5,False,Joint,a06ba79f-4dcf-40e8-87e9-0939ecda8f1e,https://efdsearch.senate.gov/search/view/ptr/a06ba79f-4dcf-40e8-87e9-0939ecda8f1e/,926a53adb60733bb177c86774241f6daf0f3791459d63e1e2063494c6b9a61f9,senate-efd-electronic,asset_name,0
P000612,"David A Perdue , Jr",senate,Republican,GA,,False,2015-11-12,2015-11-23,CBS,CBS,Stock,Sale (Full),"$100,001 - $250,000",175000.5,False,Joint,a06ba79f-4dcf-40e8-87e9-0939ecda8f1e,https://efdsearch.senate.gov/search/view/ptr/a06ba79f-4dcf-40e8-87e9-0939ecda8f1e/,21f56657f6f76d09a06fe1fdfad65167436c2ffadca920f7a1dfff63136398bb,senate-efd-electronic,asset_name,0
P000612,"David A Perdue , Jr",senate,Republican,GA,,False,2015-11-12,2015-11-23,DISCA,DISCA,Stock,Sale (Full),"$100,001 - $250,000",175000.5,False,Joint,a06ba79f-4dcf-40e8-87e9-0939ecda8f1e,https://efdsearch.senate.gov/search/view/ptr/a06ba79f-4dcf-40e8-87e9-0939ecda8f1e/,a60244a968e93ec85bd3d020c71d7edd8b4c8fe88d22bf6c8df11bd6ef045909,senate-efd-electronic,asset_name,0
P000612,"David A Perdue , Jr",senate,Republican,GA,,False,2015-11-12,2015-11-23,USG,USG,Stock,Sale (Full),"$50,001 - $100,000",75000.5,False,Joint,a06ba79f-4dcf-40e8-87e9-0939ecda8f1e,https://efdsearch.senate.gov/search/view/ptr/a06ba79f-4dcf-40e8-87e9-0939ecda8f1e/,4603bbec331b3034ecf064cb10e38e0b6a4cafbf53b16dd50e9d480a0ae4f20f,senate-efd-electronic,asset_name,0
P000612,"David A Perdue , Jr",senate,Republican,GA,,False,2015-11-12,2015-11-23,ADT,ADT,Stock,Sale (Full),"$100,001 - $250,000",175000.5,False,Joint,a06ba79f-4dcf-40e8-87e9-0939ecda8f1e,https://efdsearch.senate.gov/search/view/ptr/a06ba79f-4dcf-40e8-87e9-0939ecda8f1e/,c377599ef0d6cc266e681ed5e4ac03b410e8aad2f1a404037e4c33aecb54b081,senate-efd-electronic,asset_name,0
P000612,"David A Perdue , Jr",senate,Republican,GA,,False,2015-11-12,2015-11-23,KN,KN,Stock,Sale (Full),"$50,001 - $100,000",75000.5,False,Joint,a06ba79f-4dcf-40e8-87e9-0939ecda8f1e,https://efdsearch.senate.gov/search/view/ptr/a06ba79f-4dcf-40e8-87e9-0939ecda8f1e/,d468c8f8533ebfcd2404ba7a5f5f79c392cfc939ae0d295aee7bdae765eeff72,senate-efd-electronic,asset_name,0
P000612,"David A Perdue , Jr",senate,Republican,GA,,False,2015-11-12,2015-11-23,BAX,BAX,Stock,Sale (Partial),"$100,001 - $250,000",175000.5,False,Joint,a06ba79f-4dcf-40e8-87e9-0939ecda8f1e,https://efdsearch.senate.gov/search/view/ptr/a06ba79f-4dcf-40e8-87e9-0939ecda8f1e/,9a7d8855ee22f9cd74c3f7362c13a492f789e6599b673ce1909d91b649fcabc2,senate-efd-electronic,asset_name,0
P000612,"David A Perdue , Jr",senate,Republican,GA,,False,2015-11-13,2015-11-23,,Barclays Bank PLC Linked to Basket of Indices,Other,Purchase,"$50,001 - $100,000",75000.5,False,Joint,a06ba79f-4dcf-40e8-87e9-0939ecda8f1e,https://efdsearch.senate.gov/search/view/ptr/a06ba79f-4dcf-40e8-87e9-0939ecda8f1e/,9c1f1dd5cc933bfced195d24b2fe7843ac34a62ac764ba11d2f99a6650fac9cc,senate-efd-electronic,none,0
P000612,"David A Perdue , Jr",senate,Republican,GA,,False,2015-11-17,2015-11-23,WFM,WFM,Stock,Purchase,"$15,001 - $50,000",32500.5,False,Joint,a06ba79f-4dcf-40e8-87e9-0939ecda8f1e,https://efdsearch.senate.gov/search/view/ptr/a06ba79f-4dcf-40e8-87e9-0939ecda8f1e/,835b6964937079654f8816da621ad2ac9dc1a4c378086af8f11eb6559fd5fcde,senate-efd-electronic,asset_name,0
P000612,"David A Perdue , Jr",senate,Republican,GA,,False,2015-11-17,2015-11-23,WMT,WMT,Stock,Purchase,"$1,001 - $15,000",8000.5,False,Joint,a06ba79f-4dcf-40e8-87e9-0939ecda8f1e,https://efdsearch.senate.gov/search/view/ptr/a06ba79f-4dcf-40e8-87e9-0939ecda8f1e/,d23a44a6e934388634bab73bca92513b5d6d7bacbf0ae91b2eb5837ae8aac12b,senate-efd-electronic,asset_name,0
P000612,"David A Perdue , Jr",senate,Republican,GA,,False,2015-11-17,2015-11-23,WMT,WMT,Stock,Purchase,"$1,001 - $15,000",8000.5,False,Joint,a06ba79f-4dcf-40e8-87e9-0939ecda8f1e,https://efdsearch.senate.gov/search/view/ptr/a06ba79f-4dcf-40e8-87e9-0939ecda8f1e/,d23a44a6e934388634bab73bca92513b5d6d7bacbf0ae91b2eb5837ae8aac12b,senate-efd-electronic,asset_name,1
P000612,"David A Perdue , Jr",senate,Republican,GA,,False,2015-11-18,2015-11-23,WFM,WFM,Stock,Purchase,"$1,001 - $15,000",8000.5,False,Joint,a06ba79f-4dcf-40e8-87e9-0939ecda8f1e,https://efdsearch.senate.gov/search/view/ptr/a06ba79f-4dcf-40e8-87e9-0939ecda8f1e/,79707ec9cdbe62455f4ee4267ca5d376db3016bccbff70befa2632b4f64ba28e,senate-efd-electronic,asset_name,0
P000612,"David A Perdue , Jr",senate,Republican,GA,,False,2015-11-18,2015-11-23,WMT,WMT,Stock,Purchase,"$1,001 - $15,000",8000.5,False,Joint,a06ba79f-4dcf-40e8-87e9-0939ecda8f1e,https://efdsearch.senate.gov/search/view/ptr/a06ba79f-4dcf-40e8-87e9-0939ecda8f1e/,215655de50012272de356f0fe4cf47ef589461945e81dbff2e9fa503a827fe42,senate-efd-electronic,asset_name,0
P000612,"David A Perdue , Jr",senate,Republican,GA,,False,2015-11-18,2015-11-23,WMT,WMT,Stock,Purchase,"$1,001 - $15,000",8000.5,False,Joint,a06ba79f-4dcf-40e8-87e9-0939ecda8f1e,https://efdsearch.senate.gov/search/view/ptr/a06ba79f-4dcf-40e8-87e9-0939ecda8f1e/,215655de50012272de356f0fe4cf47ef589461945e81dbff2e9fa503a827fe42,senate-efd-electronic,asset_name,1
P000612,"David A Perdue , Jr",senate,Republican,GA,,False,2015-11-18,2015-11-23,WFM,WFM,Stock,Purchase,"$1,001 - $15,000",8000.5,False,Joint,a06ba79f-4dcf-40e8-87e9-0939ecda8f1e,https://efdsearch.senate.gov/search/view/ptr/a06ba79f-4dcf-40e8-87e9-0939ecda8f1e/,79707ec9cdbe62455f4ee4267ca5d376db3016bccbff70befa2632b4f64ba28e,senate-efd-electronic,asset_name,1
P000612,"David A Perdue , Jr",senate,Republican,GA,,False,2015-11-19,2015-11-23,WFM,WFM,Stock,Purchase,"$1,001 - $15,000",8000.5,False,Joint,a06ba79f-4dcf-40e8-87e9-0939ecda8f1e,https://efdsearch.senate.gov/search/view/ptr/a06ba79f-4dcf-40e8-87e9-0939ecda8f1e/,cd18aa954a260a81f7bb16b949babdd6aca7d0c7e965eb103ab4db7ec5ba1783,senate-efd-electronic,asset_name,0
P000612,"David A Perdue , Jr",senate,Republican,GA,,False,2015-11-19,2015-11-23,WFM,WFM,Stock,Purchase,"$1,001 - $15,000",8000.5,False,Joint,a06ba79f-4dcf-40e8-87e9-0939ecda8f1e,https://efdsearch.senate.gov/search/view/ptr/a06ba79f-4dcf-40e8-87e9-0939ecda8f1e/,cd18aa954a260a81f7bb16b949babdd6aca7d0c7e965eb103ab4db7ec5ba1783,senate-efd-electronic,asset_name,1
P000612,"David A Perdue , Jr",senate,Republican,GA,,False,2015-11-20,2015-11-23,LNT,LNT,Stock,Sale (Partial),"$50,001 - $100,000",75000.5,False,Joint,a06ba79f-4dcf-40e8-87e9-0939ecda8f1e,https://efdsearch.senate.gov/search/view/ptr/a06ba79f-4dcf-40e8-87e9-0939ecda8f1e/,b7ebc7e648eea3088a4a5857901220ae3aff1df3b28294bff67df42fc9601abd,senate-efd-electronic,asset_name,0
P000612,"David A Perdue , Jr",senate,Republican,GA,,False,2015-11-20,2015-11-23,CVC,CVC,Stock,Sale (Partial),"$1,001 - $15,000",8000.5,False,Joint,a06ba79f-4dcf-40e8-87e9-0939ecda8f1e,https://efdsearch.senate.gov/search/view/ptr/a06ba79f-4dcf-40e8-87e9-0939ecda8f1e/,a4338437ad78ca3d8b8ee9be366385f3dcb45c6b372eb69eb4df2b2b5e37676e,senate-efd-electronic,asset_name,0
P000612,"David A Perdue , Jr",senate,Republican,GA,,False,2015-11-20,2015-11-23,WFM,WFM,Stock,Purchase,"$1,001 - $15,000",8000.5,False,Joint,a06ba79f-4dcf-40e8-87e9-0939ecda8f1e,https://efdsearch.senate.gov/search/view/ptr/a06ba79f-4dcf-40e8-87e9-0939ecda8f1e/,b32911f3637b5a28f0dc41adab1740cdd9ac72e67c9bd9b8f8a7f10454d0a5d0,senate-efd-electronic,asset_name,0
P000612,"David A Perdue , Jr",senate,Republican,GA,,False,2015-11-20,2015-11-23,WMT,WMT,Stock,Purchase,"$1,001 - $15,000",8000.5,False,Joint,a06ba79f-4dcf-40e8-87e9-0939ecda8f1e,https://efdsearch.senate.gov/search/view/ptr/a06ba79f-4dcf-40e8-87e9-0939ecda8f1e/,fca7d0265fa08ee95e193ac9d169e5dc5e926b2e1027a781955a25eb4bc92532,senate-efd-electronic,asset_name,0
P000612,"David A Perdue , Jr",senate,Republican,GA,,False,2015-11-23,2015-12-18,WFM,WFM,Stock,Purchase,"$1,001 - $15,000",8000.5,False,Joint,ddf4c5b0-daa0-4397-af5e-3b56397114cb,https://efdsearch.senate.gov/search/view/ptr/ddf4c5b0-daa0-4397-af5e-3b56397114cb/,a26fa08f689d922494636948ab512d12976a8bf6655ab0bc994cdefacafbb48f,senate-efd-electronic,asset_name,0
P000612,"David A Perdue , Jr",senate,Republican,GA,,False,2015-11-24,2015-12-18,WFM,WFM,Stock,Purchase,"$1,001 - $15,000",8000.5,False,Joint,ddf4c5b0-daa0-4397-af5e-3b56397114cb,https://efdsearch.senate.gov/search/view/ptr/ddf4c5b0-daa0-4397-af5e-3b56397114cb/,75cba43f78b7deea406e37c138eb22f8ae42622a617fb3a26b65e2fb3a874d49,senate-efd-electronic,asset_name,0
P000612,"David A Perdue , Jr",senate,Republican,GA,,False,2015-11-25,2015-12-18,PSX,PSX,Stock,Sale (Full),"$15,001 - $50,000",32500.5,False,Joint,ddf4c5b0-daa0-4397-af5e-3b56397114cb,https://efdsearch.senate.gov/search/view/ptr/ddf4c5b0-daa0-4397-af5e-3b56397114cb/,68dfa416169c24237f98434673ad785008a8b285d832977263b04e1f00b267c4,senate-efd-electronic,asset_name,0
P000612,"David A Perdue , Jr",senate,Republican,GA,,False,2015-11-30,2015-12-18,,Vontobel: Non-U.S. Equity LLC - Class 2  Company: Vontobel Asset Mgmt  Description: Investment Fund,Other,Purchase,"$100,001 - $250,000",175000.5,False,Joint,ddf4c5b0-daa0-4397-af5e-3b56397114cb,https://efdsearch.senate.gov/search/view/ptr/ddf4c5b0-daa0-4397-af5e-3b56397114cb/,c06186053470d7127856c80215e53cc913db434f285dfc1df7a1c6310371ba4e,senate-efd-electronic,none,0
P000612,"David A Perdue , Jr",senate,Republican,GA,,False,2015-11-30,2015-12-18,CVC,CVC,Stock,Sale (Full),"$1,001 - $15,000",8000.5,False,Joint,ddf4c5b0-daa0-4397-af5e-3b56397114cb,https://efdsearch.senate.gov/search/view/ptr/ddf4c5b0-daa0-4397-af5e-3b56397114cb/,e35eb9b6a2cf287007a2943e193285c8d2d8f84c7d2d2cc66fa442cbe4f6a709,senate-efd-electronic,asset_name,0
P000612,"David A Perdue , Jr",senate,Republican,GA,,False,2015-12-01,2015-12-18,SE,SE,Stock,Purchase,"$15,001 - $50,000",32500.5,False,Joint,ddf4c5b0-daa0-4397-af5e-3b56397114cb,https://efdsearch.senate.gov/search/view/ptr/ddf4c5b0-daa0-4397-af5e-3b56397114cb/,50e1a5375b235147dfaedc368ea713fc6f2d8aa92dc9e901d0ee68ef1e92ec42,senate-efd-electronic,asset_name,0
P000612,"David A Perdue , Jr",senate,Republican,GA,,False,2015-12-01,2015-12-18,LNT,LNT,Stock,Sale (Partial),"$50,001 - $100,000",75000.5,False,Joint,ddf4c5b0-daa0-4397-af5e-3b56397114cb,https://efdsearch.senate.gov/search/view/ptr/ddf4c5b0-daa0-4397-af5e-3b56397114cb/,e82976eb3dbd912c8aedd9faf77cd2e557fdb3b6f10f9d10cfc89f14e890f9e8,senate-efd-electronic,asset_name,0
P000612,"David A Perdue , Jr",senate,Republican,GA,,False,2015-12-01,2015-12-18,AXP,AXP,Stock,Purchase,"$15,001 - $50,000",32500.5,False,Joint,ddf4c5b0-daa0-4397-af5e-3b56397114cb,https://efdsearch.senate.gov/search/view/ptr/ddf4c5b0-daa0-4397-af5e-3b56397114cb/,0c56fdf4fc31a14ab7cd80cbbc9e7dd578b25f644bf71037bf90c25424ab4c80,senate-efd-electronic,asset_name,0
P000612,"David A Perdue , Jr",senate,Republican,GA,,False,2015-12-01,2015-12-18,WFM,WFM,Stock,Purchase,"$1,001 - $15,000",8000.5,False,Joint,ddf4c5b0-daa0-4397-af5e-3b56397114cb,https://efdsearch.senate.gov/search/view/ptr/ddf4c5b0-daa0-4397-af5e-3b56397114cb/,a98a55ff09bee036a5a795279fd8c83945e37a2340f18a13a87a18c416814539,senate-efd-electronic,asset_name,0
P000612,"David A Perdue , Jr",senate,Republican,GA,,False,2015-12-07,2015-12-18,WLK,WLK,Stock,Purchase,"$1,001 - $15,000",8000.5,False,Joint,ddf4c5b0-daa0-4397-af5e-3b56397114cb,https://efdsearch.senate.gov/search/view/ptr/ddf4c5b0-daa0-4397-af5e-3b56397114cb/,639375d55d4bf067a3f62bc124983d43a1b69981f70bf7f31a5ba2279626c3a3,senate-efd-electronic,asset_name,0
P000612,"David A Perdue , Jr",senate,Republican,GA,,False,2015-12-09,2015-12-18,BK,BK,Stock,Sale (Partial),"$1,001 - $15,000",8000.5,False,Joint,ddf4c5b0-daa0-4397-af5e-3b56397114cb,https://efdsearch.senate.gov/search/view/ptr/ddf4c5b0-daa0-4397-af5e-3b56397114cb/,8722cd82820a74ed58bbe50c935d050241c4ce5ba714d7a397976023e15bb9b2,senate-efd-electronic,asset_name,0
P000612,"David A Perdue , Jr",senate,Republican,GA,,False,2015-12-11,2015-12-18,BK,BK,Stock,Sale (Full),"$1,001 - $15,000",8000.5,False,Joint,ddf4c5b0-daa0-4397-af5e-3b56397114cb,https://efdsearch.senate.gov/search/view/ptr/ddf4c5b0-daa0-4397-af5e-3b56397114cb/,465bcc31c641b1849de536a3e5c55c6450ce159eb1a6a4e319ceb4d536446247,senate-efd-electronic,asset_name,0
P000612,"David A Perdue , Jr",senate,Republican,GA,,False,2015-12-14,2015-12-18,AVP,AVP,Stock,Purchase,"$1,001 - $15,000",8000.5,False,Joint,ddf4c5b0-daa0-4397-af5e-3b56397114cb,https://efdsearch.senate.gov/search/view/ptr/ddf4c5b0-daa0-4397-af5e-3b56397114cb/,b043a9c87187017fc071855c3d5c66cd4f43d7349eac9ce493429bfc3e9ac516,senate-efd-electronic,asset_name,0
P000612,"David A Perdue , Jr",senate,Republican,GA,,False,2015-12-14,2015-12-18,WMT,WMT,Stock,Purchase,"$1,001 - $15,000",8000.5,False,Joint,ddf4c5b0-daa0-4397-af5e-3b56397114cb,https://efdsearch.senate.gov/search/view/ptr/ddf4c5b0-daa0-4397-af5e-3b56397114cb/,f2a676b38b40b0ac2571d32cc5a58415a5a587c81b42a49e4be774fd976e6475,senate-efd-electronic,asset_name,0
P000612,"David A Perdue , Jr",senate,Republican,GA,,False,2015-12-14,2015-12-18,WFM,WFM,Stock,Purchase,"$1,001 - $15,000",8000.5,False,Joint,ddf4c5b0-daa0-4397-af5e-3b56397114cb,https://efdsearch.senate.gov/search/view/ptr/ddf4c5b0-daa0-4397-af5e-3b56397114cb/,4e09898d20ce0b84f9731fc6c7ffa0d40604fffe8fa4278f291bcf6e00246fb9,senate-efd-electronic,asset_name,0
P000612,"David A Perdue , Jr",senate,Republican,GA,,False,2015-12-15,2015-12-18,AXLL,AXLL,Stock,Purchase,"$15,001 - $50,000",32500.5,False,Joint,ddf4c5b0-daa0-4397-af5e-3b56397114cb,https://efdsearch.senate.gov/search/view/ptr/ddf4c5b0-daa0-4397-af5e-3b56397114cb/,b9579c358cabe4a43b9758e79180116f92f9006c6054bef296f71931ca529fc1,senate-efd-electronic,asset_name,0
P000612,"David A Perdue , Jr",senate,Republican,GA,,False,2015-12-15,2015-12-18,WMT,WMT,Stock,Purchase,"$1,001 - $15,000",8000.5,False,Joint,ddf4c5b0-daa0-4397-af5e-3b56397114cb,https://efdsearch.senate.gov/search/view/ptr/ddf4c5b0-daa0-4397-af5e-3b56397114cb/,ad3c38f72b03b01c805e4d2849a12cf7affd918ab4dc201b53ccca546610aa9d,senate-efd-electronic,asset_name,1
P000612,"David A Perdue , Jr",senate,Republican,GA,,False,2015-12-15,2015-12-18,DISCA,DISCA,Stock,Purchase,"$1,001 - $15,000",8000.5,False,Joint,ddf4c5b0-daa0-4397-af5e-3b56397114cb,https://efdsearch.senate.gov/search/view/ptr/ddf4c5b0-daa0-4397-af5e-3b56397114cb/,fefce6a7f72cf3ddefb887a3a18e289dc844beff3787e0efd0d220815d059a23,senate-efd-electronic,asset_name,0
P000612,"David A Perdue , Jr",senate,Republican,GA,,False,2015-12-15,2015-12-18,CBS,CBS,Stock,Purchase,"$50,001 - $100,000",75000.5,False,Joint,ddf4c5b0-daa0-4397-af5e-3b56397114cb,https://efdsearch.senate.gov/search/view/ptr/ddf4c5b0-daa0-4397-af5e-3b56397114cb/,ff3f4a0e43d9e86752e3a06e857055092f2ba6f604cc7a3db07d73f1baccc11d,senate-efd-electronic,asset_name,0
P000612,"David A Perdue , Jr",senate,Republican,GA,,False,2015-12-15,2015-12-18,WMT,WMT,Stock,Purchase,"$1,001 - $15,000",8000.5,False,Joint,ddf4c5b0-daa0-4397-af5e-3b56397114cb,https://efdsearch.senate.gov/search/view/ptr/ddf4c5b0-daa0-4397-af5e-3b56397114cb/,ad3c38f72b03b01c805e4d2849a12cf7affd918ab4dc201b53ccca546610aa9d,senate-efd-electronic,asset_name,0
P000612,"David A Perdue , Jr",senate,Republican,GA,,False,2015-12-15,2015-12-18,DV,DV,Stock,Purchase,"$15,001 - $50,000",32500.5,False,Joint,ddf4c5b0-daa0-4397-af5e-3b56397114cb,https://efdsearch.senate.gov/search/view/ptr/ddf4c5b0-daa0-4397-af5e-3b56397114cb/,ebd171c4e318125682178dedc2de41546c36a2ca575cc509a9f9b6ee18e8eacb,senate-efd-electronic,asset_name,0
P000612,"David A Perdue , Jr",senate,Republican,GA,,False,2015-12-15,2015-12-18,ADT,ADT,Stock,Purchase,"$50,001 - $100,000",75000.5,False,Joint,ddf4c5b0-daa0-4397-af5e-3b56397114cb,https://efdsearch.senate.gov/search/view/ptr/ddf4c5b0-daa0-4397-af5e-3b56397114cb/,8f923a4abcb759004e22da830bc5668c7abaf6019147a13d1bbec3239d34283f,senate-efd-electronic,asset_name,0
P000612,"David A Perdue , Jr",senate,Republican,GA,,False,2015-12-15,2015-12-18,MOS,MOS,Stock,Purchase,"$100,001 - $250,000",175000.5,False,Joint,ddf4c5b0-daa0-4397-af5e-3b56397114cb,https://efdsearch.senate.gov/search/view/ptr/ddf4c5b0-daa0-4397-af5e-3b56397114cb/,afadd6b4808ad402f8bf8888ebc79a021f95743f596e751800abca8bc88a8e50,senate-efd-electronic,asset_name,0
P000612,"David A Perdue , Jr",senate,Republican,GA,,False,2015-12-15,2015-12-18,,SPDR S&P 500 ETF,Stock,Sale (Full),"$500,001 - $1,000,000",750000.5,False,Joint,ddf4c5b0-daa0-4397-af5e-3b56397114cb,https://efdsearch.senate.gov/search/view/ptr/ddf4c5b0-daa0-4397-af5e-3b56397114cb/,d741b3ddd7b98f7a7420626fe69a4ec7692f2c28c18c1f807d3b4afa358db8ba,senate-efd-electronic,none,0
P000612,"David A Perdue , Jr",senate,Republican,GA,,False,2015-12-15,2015-12-18,DISCA,DISCA,Stock,Purchase,"$50,001 - $100,000",75000.5,False,Joint,ddf4c5b0-daa0-4397-af5e-3b56397114cb,https://efdsearch.senate.gov/search/view/ptr/ddf4c5b0-daa0-4397-af5e-3b56397114cb/,4303050ff3794e3c56d3cd0fa1dcbd17835d651c04687df348eeecd295ae9eff,senate-efd-electronic,asset_name,0
P000612,"David A Perdue , Jr",senate,Republican,GA,,False,2015-12-15,2015-12-18,KN,KN,Stock,Purchase,"$15,001 - $50,000",32500.5,False,Joint,ddf4c5b0-daa0-4397-af5e-3b56397114cb,https://efdsearch.senate.gov/search/view/ptr/ddf4c5b0-daa0-4397-af5e-3b56397114cb/,1a70d898211c096bb510fa57b215383685643524696fdc473fc84908d79313d8,senate-efd-electronic,asset_name,0
P000612,"David A Perdue , Jr",senate,Republican,GA,,False,2015-12-15,2015-12-18,WPX,WPX,Stock,Purchase,"$15,001 - $50,000",32500.5,False,Joint,ddf4c5b0-daa0-4397-af5e-3b56397114cb,https://efdsearch.senate.gov/search/view/ptr/ddf4c5b0-daa0-4397-af5e-3b56397114cb/,c5dd9eabcbf90e9c5c40a0a7e96fbe722dc85aa7bf80475f3df8686e9d7f0893,senate-efd-electronic,asset_name,0
P000612,"David A Perdue , Jr",senate,Republican,GA,,False,2015-12-15,2015-12-18,DVN,DVN,Stock,Purchase,"$15,001 - $50,000",32500.5,False,Joint,ddf4c5b0-daa0-4397-af5e-3b56397114cb,https://efdsearch.senate.gov/search/view/ptr/ddf4c5b0-daa0-4397-af5e-3b56397114cb/,1f4b06a9fa7d1746b2ddb450b0ded5cf1f713605274b5b2a6f10d454599e7519,senate-efd-electronic,asset_name,0
P000612,"David A Perdue , Jr",senate,Republican,GA,,False,2015-12-15,2015-12-18,USG,USG,Stock,Purchase,"$15,001 - $50,000",32500.5,False,Joint,ddf4c5b0-daa0-4397-af5e-3b56397114cb,https://efdsearch.senate.gov/search/view/ptr/ddf4c5b0-daa0-4397-af5e-3b56397114cb/,153dbb871daaeb24539e7d48822ca3015d373bc27cbe555b7d7269c31db5b46d,senate-efd-electronic,asset_name,0
P000612,"David A Perdue , Jr",senate,Republican,GA,,False,2015-12-15,2015-12-18,BAX,BAX,Stock,Purchase,"$100,001 - $250,000",175000.5,False,Joint,ddf4c5b0-daa0-4397-af5e-3b56397114cb,https://efdsearch.senate.gov/search/view/ptr/ddf4c5b0-daa0-4397-af5e-3b56397114cb/,347a78735001f7c3b33155469ca83a21ed3de6c4e52a761184acff144bd613a1,senate-efd-electronic,asset_name,0
P000612,"David A Perdue , Jr",senate,Republican,GA,,False,2015-12-16,2015-12-18,LYV,LYV,Stock,Purchase,"$1,001 - $15,000",8000.5,False,Joint,ddf4c5b0-daa0-4397-af5e-3b56397114cb,https://efdsearch.senate.gov/search/view/ptr/ddf4c5b0-daa0-4397-af5e-3b56397114cb/,70bf1364e2cfb0e0cdb25b283b78aa43454135bf4707eac5a3321160fbfd4902,senate-efd-electronic,asset_name,0
P000612,"David A Perdue , Jr",senate,Republican,GA,,False,2015-12-16,2015-12-18,PAGP,PAGP,Stock,Sale (Partial),"$1,001 - $15,000",8000.5,False,Joint,ddf4c5b0-daa0-4397-af5e-3b56397114cb,https://efdsearch.senate.gov/search/view/ptr/ddf4c5b0-daa0-4397-af5e-3b56397114cb/,1e72383bf63e0f4faebb4fbb1712b1233b0c84e51a107715712638b49969a56e,senate-efd-electronic,asset_name,0
P000612,"David A Perdue , Jr",senate,Republican,GA,,False,2015-12-16,2015-12-18,PKI,PKI,Stock,Sale (Partial),"$1,001 - $15,000",8000.5,False,Joint,ddf4c5b0-daa0-4397-af5e-3b56397114cb,https://efdsearch.senate.gov/search/view/ptr/ddf4c5b0-daa0-4397-af5e-3b56397114cb/,a854195d026556e6b7533c6c388865d5e5314f1ddec173975ff499cf525556ba,senate-efd-electronic,asset_name,0
P000612,"David A Perdue , Jr",senate,Republican,GA,,False,2015-12-16,2015-12-18,DVN,DVN,Stock,Purchase,"$1,001 - $15,000",8000.5,False,Joint,ddf4c5b0-daa0-4397-af5e-3b56397114cb,https://efdsearch.senate.gov/search/view/ptr/ddf4c5b0-daa0-4397-af5e-3b56397114cb/,9f9666a1f0bdcf8744855966b70462bf96dcaff1d5f879aa6a72a7e2e0e95d09,senate-efd-electronic,asset_name,0
P000612,"David A Perdue , Jr",senate,Republican,GA,,False,2015-12-16,2015-12-18,DVN,DVN,Stock,Purchase,"$1,001 - $15,000",8000.5,False,Joint,ddf4c5b0-daa0-4397-af5e-3b56397114cb,https://efdsearch.senate.gov/search/view/ptr/ddf4c5b0-daa0-4397-af5e-3b56397114cb/,9f9666a1f0bdcf8744855966b70462bf96dcaff1d5f879aa6a72a7e2e0e95d09,senate-efd-electronic,asset_name,1
P000612,"David A Perdue , Jr",senate,Republican,GA,,False,2015-12-17,2015-12-18,PAGP,PAGP,Stock,Sale (Full),"$1,001 - $15,000",8000.5,False,Joint,ddf4c5b0-daa0-4397-af5e-3b56397114cb,https://efdsearch.senate.gov/search/view/ptr/ddf4c5b0-daa0-4397-af5e-3b56397114cb/,02d96cd996cc76e3f962d4a517c17ed7a0d8ce8ab0f52eb29796f9dec41d6969,senate-efd-electronic,asset_name,0
P000612,"David A Perdue , Jr",senate,Republican,GA,,False,2015-12-17,2015-12-18,LNT,LNT,Stock,Sale (Partial),"$15,001 - $50,000",32500.5,False,Joint,ddf4c5b0-daa0-4397-af5e-3b56397114cb,https://efdsearch.senate.gov/search/view/ptr/ddf4c5b0-daa0-4397-af5e-3b56397114cb/,59485c719666c262be415e31a30ee9b8af44230bba251ad2d25499f839f4a855,senate-efd-electronic,asset_name,0
P000612,"David A Perdue , Jr",senate,Republican,GA,,False,2015-12-17,2015-12-18,LNT,LNT,Stock,Sale (Partial),"$15,001 - $50,000",32500.5,False,Joint,ddf4c5b0-daa0-4397-af5e-3b56397114cb,https://efdsearch.senate.gov/search/view/ptr/ddf4c5b0-daa0-4397-af5e-3b56397114cb/,59485c719666c262be415e31a30ee9b8af44230bba251ad2d25499f839f4a855,senate-efd-electronic,asset_name,1
P000612,"David A Perdue , Jr",senate,Republican,GA,,False,2015-12-17,2015-12-18,WMT,WMT,Stock,Purchase,"$1,001 - $15,000",8000.5,False,Joint,ddf4c5b0-daa0-4397-af5e-3b56397114cb,https://efdsearch.senate.gov/search/view/ptr/ddf4c5b0-daa0-4397-af5e-3b56397114cb/,d34b76ca87c402c1a9f70845842e756d859843e6a4a79e16c4a20d28e6df2ea6,senate-efd-electronic,asset_name,0
P000612,"David A Perdue , Jr",senate,Republican,GA,,False,2015-12-17,2015-12-18,WLK,WLK,Stock,Purchase,"$1,001 - $15,000",8000.5,False,Joint,ddf4c5b0-daa0-4397-af5e-3b56397114cb,https://efdsearch.senate.gov/search/view/ptr/ddf4c5b0-daa0-4397-af5e-3b56397114cb/,40d8a2062fb4e1f4de115bd4ed607fa29c3a20e1bb545fae6ffe730615d3c80d,senate-efd-electronic,asset_name,0
P000612,"David A Perdue , Jr",senate,Republican,GA,,False,2015-12-17,2015-12-18,GE,GE,Stock,Sale (Partial),"$1,001 - $15,000",8000.5,False,Joint,ddf4c5b0-daa0-4397-af5e-3b56397114cb,https://efdsearch.senate.gov/search/view/ptr/ddf4c5b0-daa0-4397-af5e-3b56397114cb/,feb0af5a3528918073f21087ce629c78327a254dad6eb3a0e0208b17f79b11fd,senate-efd-electronic,asset_name,0
P000595,Gary C Peters,senate,Democrat,MI,"SSAP01; SSAP14; SSAP16; SSAP19; SSAP22; SSAS14; SSAS20; SSAS21; SSCM34; SSCM36; SSCM37; SSCM38; SSGA01; SSGA20; SSGA22; Senate Committee on Appropriations; Senate Committee on Armed Services; Senate Committee on Commerce, Science, and Transportation; Senate Committee on Homeland Security and Governmental Affairs",True,2015-01-27,2015-02-25,,Meditronic Inc,Stock,Exchange,"$15,001 - $50,000",32500.5,False,Self,86b10d4f-da16-462e-85f6-3ebd80be89a4,https://efdsearch.senate.gov/search/view/ptr/86b10d4f-da16-462e-85f6-3ebd80be89a4/,aa12dcac2f14cd18a3d561fe3339e2b7fac0f53c64ae437031b193b5987741d2,senate-efd-electronic,none,0
P000595,Gary C Peters,senate,Democrat,MI,"SSAP01; SSAP14; SSAP16; SSAP19; SSAP22; SSAS14; SSAS20; SSAS21; SSCM34; SSCM36; SSCM37; SSCM38; SSGA01; SSGA20; SSGA22; Senate Committee on Appropriations; Senate Committee on Armed Services; Senate Committee on Commerce, Science, and Transportation; Senate Committee on Homeland Security and Governmental Affairs",True,2015-01-27,2015-02-25,MDT,Medtronic plc (NYSE),Stock,Exchange,"$15,001 - $50,000",32500.5,False,Self,86b10d4f-da16-462e-85f6-3ebd80be89a4,https://efdsearch.senate.gov/search/view/ptr/86b10d4f-da16-462e-85f6-3ebd80be89a4/,026a3f38e72c5c9c50e075bb2e104bb6ac3c0e11078dfe542f67dd05142e1a9d,senate-efd-electronic,explicit,0
P000595,Gary C Peters,senate,Democrat,MI,"SSAP01; SSAP14; SSAP16; SSAP19; SSAP22; SSAS14; SSAS20; SSAS21; SSCM34; SSCM36; SSCM37; SSCM38; SSGA01; SSGA20; SSGA22; Senate Committee on Appropriations; Senate Committee on Armed Services; Senate Committee on Commerce, Science, and Transportation; Senate Committee on Homeland Security and Governmental Affairs",True,2015-04-14,2015-05-06,DTE,DTE Energy Company (NYSE),Stock,Purchase,"$1,001 - $15,000",8000.5,False,Self,1b750f03-1ac9-47b7-956f-fb0dc85ca537,https://efdsearch.senate.gov/search/view/ptr/1b750f03-1ac9-47b7-956f-fb0dc85ca537/,aca1017580b3eba165e3c6643b1245e7e36849cb98eac3ca8c9cfd6e486cc6d3,senate-efd-electronic,explicit,0
P000595,Gary C Peters,senate,Democrat,MI,"SSAP01; SSAP14; SSAP16; SSAP19; SSAP22; SSAS14; SSAS20; SSAS21; SSCM34; SSCM36; SSCM37; SSCM38; SSGA01; SSGA20; SSGA22; Senate Committee on Appropriations; Senate Committee on Armed Services; Senate Committee on Commerce, Science, and Transportation; Senate Committee on Homeland Security and Governmental Affairs",True,2015-04-14,2015-05-06,EMR,Emerson Electric Co. (NYSE),Stock,Purchase,"$1,001 - $15,000",8000.5,False,Self,1b750f03-1ac9-47b7-956f-fb0dc85ca537,https://efdsearch.senate.gov/search/view/ptr/1b750f03-1ac9-47b7-956f-fb0dc85ca537/,1413147e27622bfebdc9a2c5e321f835b590e18b35be707796c8fd26b55102d0,senate-efd-electronic,explicit,0
P000595,Gary C Peters,senate,Democrat,MI,"SSAP01; SSAP14; SSAP16; SSAP19; SSAP22; SSAS14; SSAS20; SSAS21; SSCM34; SSCM36; SSCM37; SSCM38; SSGA01; SSGA20; SSGA22; Senate Committee on Appropriations; Senate Committee on Armed Services; Senate Committee on Commerce, Science, and Transportation; Senate Committee on Homeland Security and Governmental Affairs",True,2015-04-14,2015-05-06,QCOM,QUALCOMM Incorporated (NASDAQ),Stock,Purchase,"$1,001 - $15,000",8000.5,False,Self,1b750f03-1ac9-47b7-956f-fb0dc85ca537,https://efdsearch.senate.gov/search/view/ptr/1b750f03-1ac9-47b7-956f-fb0dc85ca537/,3fdcfaf0ae9328ffcf2c1b57ff9ea38e443ce0a658647789f04287645433480d,senate-efd-electronic,explicit,0
P000595,Gary C Peters,senate,Democrat,MI,"SSAP01; SSAP14; SSAP16; SSAP19; SSAP22; SSAS14; SSAS20; SSAS21; SSCM34; SSCM36; SSCM37; SSCM38; SSGA01; SSGA20; SSGA22; Senate Committee on Appropriations; Senate Committee on Armed Services; Senate Committee on Commerce, Science, and Transportation; Senate Committee on Homeland Security and Governmental Affairs",True,2015-04-14,2015-05-06,KRFT,"Kraft Foods Group, Inc. (NASDAQ)",Stock,Sale (Full),"$1,001 - $15,000",8000.5,False,Self,1b750f03-1ac9-47b7-956f-fb0dc85ca537,https://efdsearch.senate.gov/search/view/ptr/1b750f03-1ac9-47b7-956f-fb0dc85ca537/,995d07eb1e9b86f195952128d010ca06af1ca6b030965886592e267f45dd082c,senate-efd-electronic,explicit,0
P000595,Gary C Peters,senate,Democrat,MI,"SSAP01; SSAP14; SSAP16; SSAP19; SSAP22; SSAS14; SSAS20; SSAS21; SSCM34; SSCM36; SSCM37; SSCM38; SSGA01; SSGA20; SSGA22; Senate Committee on Appropriations; Senate Committee on Armed Services; Senate Committee on Commerce, Science, and Transportation; Senate Committee on Homeland Security and Governmental Affairs",True,2015-04-15,2015-05-06,,Berkeley Cnty SC SD SR A RV BE/R/  Rate/Coupon: 3  Matures: 12/01/2028,Municipal Security,Purchase,"$1,001 - $15,000",8000.5,False,Self,1b750f03-1ac9-47b7-956f-fb0dc85ca537,https://efdsearch.senate.gov/search/view/ptr/1b750f03-1ac9-47b7-956f-fb0dc85ca537/,815aa760569443c2404f43a4877d10209991514c195de1bbc4cf50c428389bfd,senate-efd-electronic,none,0
P000595,Gary C Peters,senate,Democrat,MI,"SSAP01; SSAP14; SSAP16; SSAP19; SSAP22; SSAS14; SSAS20; SSAS21; SSCM34; SSCM36; SSCM37; SSCM38; SSGA01; SSGA20; SSGA22; Senate Committee on Appropriations; Senate Committee on Armed Services; Senate Committee on Commerce, Science, and Transportation; Senate Committee on Homeland Security and Governmental Affairs",True,2015-04-15,2015-05-06,,Sault Ste. Marie MI Build OID98.749 BE/R/  Rate/Coupon: 3.00%  Matures: 04/01/2031,Municipal Security,Purchase,"$1,001 - $15,000",8000.5,False,Self,1b750f03-1ac9-47b7-956f-fb0dc85ca537,https://efdsearch.senate.gov/search/view/ptr/1b750f03-1ac9-47b7-956f-fb0dc85ca537/,d059a84da215534ec51403c24274f5d4fe1ad983bddce2f4c7c2241da6765ede,senate-efd-electronic,none,0
P000595,Gary C Peters,senate,Democrat,MI,"SSAP01; SSAP14; SSAP16; SSAP19; SSAP22; SSAS14; SSAS20; SSAS21; SSCM34; SSCM36; SSCM37; SSCM38; SSGA01; SSGA20; SSGA22; Senate Committee on Appropriations; Senate Committee on Armed Services; Senate Committee on Commerce, Science, and Transportation; Senate Committee on Homeland Security and Governmental Affairs",True,2015-04-15,2015-05-06,,Sonoma Valley CA UNI 2015 BE/R/  Rate/Coupon: 3.125%  Matures: 08/01/2033,Municipal Security,Purchase,"$1,001 - $15,000",8000.5,False,Self,1b750f03-1ac9-47b7-956f-fb0dc85ca537,https://efdsearch.senate.gov/search/view/ptr/1b750f03-1ac9-47b7-956f-fb0dc85ca537/,02147b0c005f9aaec38e4e4aea4f2f751adbaef481c71cdc074c501cabac0981,senate-efd-electronic,none,0
P000595,Gary C Peters,senate,Democrat,MI,"SSAP01; SSAP14; SSAP16; SSAP19; SSAP22; SSAS14; SSAS20; SSAS21; SSCM34; SSCM36; SSCM37; SSCM38; SSGA01; SSGA20; SSGA22; Senate Committee on Appropriations; Senate Committee on Armed Services; Senate Committee on Commerce, Science, and Transportation; Senate Committee on Homeland Security and Governmental Affairs",True,2015-05-11,2015-05-21,UTX,United Technologies Corporation (NYSE),Stock,Purchase,"$1,001 - $15,000",8000.5,False,Self,e9b7f418-c705-4011-b401-ff5a5c971d64,https://efdsearch.senate.gov/search/view/ptr/e9b7f418-c705-4011-b401-ff5a5c971d64/,7e51000ca726eb598dc32bf16630a1cc4d3c04aff013c4610392636a6acb17b4,senate-efd-electronic,explicit,0
P000595,Gary C Peters,senate,Democrat,MI,"SSAP01; SSAP14; SSAP16; SSAP19; SSAP22; SSAS14; SSAS20; SSAS21; SSCM34; SSCM36; SSCM37; SSCM38; SSGA01; SSGA20; SSGA22; Senate Committee on Appropriations; Senate Committee on Armed Services; Senate Committee on Commerce, Science, and Transportation; Senate Committee on Homeland Security and Governmental Affairs",True,2015-05-11,2015-05-21,SLY,SPDR S&P 600 Small Cap ETF (NYSEArca)  Description: ETF,Other,Purchase,"$1,001 - $15,000",8000.5,False,Self,e9b7f418-c705-4011-b401-ff5a5c971d64,https://efdsearch.senate.gov/search/view/ptr/e9b7f418-c705-4011-b401-ff5a5c971d64/,3ac846bdf17bcc65452c40e00951eefe829dcbce874d69923a48fb808225275c,senate-efd-electronic,explicit,0
P000595,Gary C Peters,senate,Democrat,MI,"SSAP01; SSAP14; SSAP16; SSAP19; SSAP22; SSAS14; SSAS20; SSAS21; SSCM34; SSCM36; SSCM37; SSCM38; SSGA01; SSGA20; SSGA22; Senate Committee on Appropriations; Senate Committee on Armed Services; Senate Committee on Commerce, Science, and Transportation; Senate Committee on Homeland Security and Governmental Affairs",True,2015-06-16,2015-06-24,STAG,"STAG Industrial, Inc. (NYSE)",Stock,Purchase,"$1,001 - $15,000",8000.5,False,Self,4c71b757-583d-4861-91cb-955782db8ea0,https://efdsearch.senate.gov/search/view/ptr/4c71b757-583d-4861-91cb-955782db8ea0/,12c535b782aed873f95e60c26230ef4cef37cf0c929ad33362277a2b7448686e,senate-efd-electronic,explicit,0
P000595,Gary C Peters,senate,Democrat,MI,"SSAP01; SSAP14; SSAP16; SSAP19; SSAP22; SSAS14; SSAS20; SSAS21; SSCM34; SSCM36; SSCM37; SSCM38; SSGA01; SSGA20; SSGA22; Senate Committee on Appropriations; Senate Committee on Armed Services; Senate Committee on Commerce, Science, and Transportation; Senate Committee on Homeland Security and Governmental Affairs",True,2015-08-13,2015-09-11,,Saint Charles MICH CMNTY SCHS SCH BLDG & SITE Rate/Coupon: 3.75  Matures: 05/01/2035,Municipal Security,Purchase,"$15,001 - $50,000",32500.5,False,Self,1c14b10b-125f-43df-b190-910a13679b12,https://efdsearch.senate.gov/search/view/ptr/1c14b10b-125f-43df-b190-910a13679b12/,ce5b3779c41078a9d0dc169aab4e252884b5d8c55dc59bd99ecd5113bbd6079d,senate-efd-electronic,none,0
P000595,Gary C Peters,senate,Democrat,MI,"SSAP01; SSAP14; SSAP16; SSAP19; SSAP22; SSAS14; SSAS20; SSAS21; SSCM34; SSCM36; SSCM37; SSCM38; SSGA01; SSGA20; SSGA22; Senate Committee on Appropriations; Senate Committee on Armed Services; Senate Committee on Commerce, Science, and Transportation; Senate Committee on Homeland Security and Governmental Affairs",True,2015-08-31,2015-09-28,,PALL CORP COMMON STOCK,Stock,Sale (Full),"$15,001 - $50,000",32500.5,False,Self,6920d173-4f47-4772-bbe9-60a0dfd24616,https://efdsearch.senate.gov/search/view/ptr/6920d173-4f47-4772-bbe9-60a0dfd24616/,ef0c2aa3e5be89815384b61a1821ff3fa0735bc7bedd9dbe19ab4b4aa9b97b05,senate-efd-electronic,none,0
P000595,Gary C Peters,senate,Democrat,MI,"SSAP01; SSAP14; SSAP16; SSAP19; SSAP22; SSAS14; SSAS20; SSAS21; SSCM34; SSCM36; SSCM37; SSCM38; SSGA01; SSGA20; SSGA22; Senate Committee on Appropriations; Senate Committee on Armed Services; Senate Committee on Commerce, Science, and Transportation; Senate Committee on Homeland Security and Governmental Affairs",True,2015-09-10,2015-09-28,T,"AT&T, Inc. (NYSE)",Stock,Purchase,"$1,001 - $15,000",8000.5,False,Self,6920d173-4f47-4772-bbe9-60a0dfd24616,https://efdsearch.senate.gov/search/view/ptr/6920d173-4f47-4772-bbe9-60a0dfd24616/,c6fb9154f41233a882167f2077b1cb0936c52b464f0c2c472e2c2ab72f02ac56,senate-efd-electronic,explicit,0
P000595,Gary C Peters,senate,Democrat,MI,"SSAP01; SSAP14; SSAP16; SSAP19; SSAP22; SSAS14; SSAS20; SSAS21; SSCM34; SSCM36; SSCM37; SSCM38; SSGA01; SSGA20; SSGA22; Senate Committee on Appropriations; Senate Committee on Armed Services; Senate Committee on Commerce, Science, and Transportation; Senate Committee on Homeland Security and Governmental Affairs",True,2015-09-10,2015-09-28,IVZ,Invesco Ltd. (NYSE),Stock,Purchase,"$1,001 - $15,000",8000.5,False,Self,6920d173-4f47-4772-bbe9-60a0dfd24616,https://efdsearch.senate.gov/search/view/ptr/6920d173-4f47-4772-bbe9-60a0dfd24616/,217ad244360452c210155cff6dee3bc4dd8a8ee699feef478cca11c6f22b03fa,senate-efd-electronic,explicit,0
P000595,Gary C Peters,senate,Democrat,MI,"SSAP01; SSAP14; SSAP16; SSAP19; SSAP22; SSAS14; SSAS20; SSAS21; SSCM34; SSCM36; SSCM37; SSCM38; SSGA01; SSGA20; SSGA22; Senate Committee on Appropriations; Senate Committee on Armed Services; Senate Committee on Commerce, Science, and Transportation; Senate Committee on Homeland Security and Governmental Affairs",True,2015-09-10,2015-09-28,ABBV,AbbVie Inc. (NYSE),Stock,Purchase,"$1,001 - $15,000",8000.5,False,Self,6920d173-4f47-4772-bbe9-60a0dfd24616,https://efdsearch.senate.gov/search/view/ptr/6920d173-4f47-4772-bbe9-60a0dfd24616/,0f9151538b8498f6fc9b8e6440b6d647ae7bfa29f49dfd23610b1d24bb455b1c,senate-efd-electronic,explicit,0
P000595,Gary C Peters,senate,Democrat,MI,"SSAP01; SSAP14; SSAP16; SSAP19; SSAP22; SSAS14; SSAS20; SSAS21; SSCM34; SSCM36; SSCM37; SSCM38; SSGA01; SSGA20; SSGA22; Senate Committee on Appropriations; Senate Committee on Armed Services; Senate Committee on Commerce, Science, and Transportation; Senate Committee on Homeland Security and Governmental Affairs",True,2015-09-16,2015-09-28,PFE,Pfizer Inc. (NYSE),Stock,Purchase,"$1,001 - $15,000",8000.5,False,Self,6920d173-4f47-4772-bbe9-60a0dfd24616,https://efdsearch.senate.gov/search/view/ptr/6920d173-4f47-4772-bbe9-60a0dfd24616/,ba826d1eced29be2ade9ea6da884f9326e5924d6eae71e50626d440b0bd48ee1,senate-efd-electronic,explicit,0
P000595,Gary C Peters,senate,Democrat,MI,"SSAP01; SSAP14; SSAP16; SSAP19; SSAP22; SSAS14; SSAS20; SSAS21; SSCM34; SSCM36; SSCM37; SSCM38; SSGA01; SSGA20; SSGA22; Senate Committee on Appropriations; Senate Committee on Armed Services; Senate Committee on Commerce, Science, and Transportation; Senate Committee on Homeland Security and Governmental Affairs",True,2015-09-16,2015-09-28,UNP,Union Pacific Corporation (NYSE),Stock,Purchase,"$1,001 - $15,000",8000.5,False,Self,6920d173-4f47-4772-bbe9-60a0dfd24616,https://efdsearch.senate.gov/search/view/ptr/6920d173-4f47-4772-bbe9-60a0dfd24616/,beb0f6b47f22652573821399482ad3f6222de73d05623d152e4d6f9146969912,senate-efd-electronic,explicit,0
P000595,Gary C Peters,senate,Democrat,MI,"SSAP01; SSAP14; SSAP16; SSAP19; SSAP22; SSAS14; SSAS20; SSAS21; SSCM34; SSCM36; SSCM37; SSCM38; SSGA01; SSGA20; SSGA22; Senate Committee on Appropriations; Senate Committee on Armed Services; Senate Committee on Commerce, Science, and Transportation; Senate Committee on Homeland Security and Governmental Affairs",True,2015-09-16,2015-09-28,MMC,"Marsh & McLennan Companies, Inc. (NYSE)",Stock,Purchase,"$1,001 - $15,000",8000.5,False,Self,6920d173-4f47-4772-bbe9-60a0dfd24616,https://efdsearch.senate.gov/search/view/ptr/6920d173-4f47-4772-bbe9-60a0dfd24616/,203f6b58342348e9a776c28114cd2d0bd70cd79a6fbe1d112e54119900b4022e,senate-efd-electronic,explicit,0
P000595,Gary C Peters,senate,Democrat,MI,"SSAP01; SSAP14; SSAP16; SSAP19; SSAP22; SSAS14; SSAS20; SSAS21; SSCM34; SSCM36; SSCM37; SSCM38; SSGA01; SSGA20; SSGA22; Senate Committee on Appropriations; Senate Committee on Armed Services; Senate Committee on Commerce, Science, and Transportation; Senate Committee on Homeland Security and Governmental Affairs",True,2015-09-16,2015-09-28,GM,General Motors Company (NYSE),Stock,Purchase,"$1,001 - $15,000",8000.5,False,Self,6920d173-4f47-4772-bbe9-60a0dfd24616,https://efdsearch.senate.gov/search/view/ptr/6920d173-4f47-4772-bbe9-60a0dfd24616/,171f4af9164966eecbf101f3986474a6ea0cfb4f52fb364a076e17d352518a45,senate-efd-electronic,explicit,0
P000595,Gary C Peters,senate,Democrat,MI,"SSAP01; SSAP14; SSAP16; SSAP19; SSAP22; SSAS14; SSAS20; SSAS21; SSCM34; SSCM36; SSCM37; SSCM38; SSGA01; SSGA20; SSGA22; Senate Committee on Appropriations; Senate Committee on Armed Services; Senate Committee on Commerce, Science, and Transportation; Senate Committee on Homeland Security and Governmental Affairs",True,2015-11-24,2015-12-16,,BOEING CO B/E  Rate/Coupon: 1.650%  Matures: 10/30/2020,Corporate Bond,Purchase,"$1,001 - $15,000",8000.5,False,Self,d51c1413-b6a5-47b0-94db-9b834316afdc,https://efdsearch.senate.gov/search/view/ptr/d51c1413-b6a5-47b0-94db-9b834316afdc/,ffaf051371a5a6e8d910a5b35511e851f448a962513dff316535acf0a0270a07,senate-efd-electronic,none,0
P000595,Gary C Peters,senate,Democrat,MI,"SSAP01; SSAP14; SSAP16; SSAP19; SSAP22; SSAS14; SSAS20; SSAS21; SSCM34; SSCM36; SSCM37; SSCM38; SSGA01; SSGA20; SSGA22; Senate Committee on Appropriations; Senate Committee on Armed Services; Senate Committee on Commerce, Science, and Transportation; Senate Committee on Homeland Security and Governmental Affairs",True,2015-11-24,2015-12-16,,PLYMOUTH-CANTON MICH CMNTY SCH DIST SCH BLDG & SITE-SER B  Rate/Coupon: 3.25%  Matures: 05/01/2030,Municipal Security,Purchase,"$15,001 - $50,000",32500.5,False,Self,d51c1413-b6a5-47b0-94db-9b834316afdc,https://efdsearch.senate.gov/search/view/ptr/d51c1413-b6a5-47b0-94db-9b834316afdc/,8bffeb6c5abb670bbd492e6ed30cbda714ade82d3662a86ea690e870829e4111,senate-efd-electronic,none,0
P000595,Gary C Peters,senate,Democrat,MI,"SSAP01; SSAP14; SSAP16; SSAP19; SSAP22; SSAS14; SSAS20; SSAS21; SSCM34; SSCM36; SSCM37; SSCM38; SSGA01; SSGA20; SSGA22; Senate Committee on Appropriations; Senate Committee on Armed Services; Senate Committee on Commerce, Science, and Transportation; Senate Committee on Homeland Security and Governmental Affairs",True,2015-11-24,2015-12-16,,TEXAS INSTRUMENTS INC  Rate/Coupon: 1.750%  Matures: 05/01/2020,Corporate Bond,Purchase,"$1,001 - $15,000",8000.5,False,Self,d51c1413-b6a5-47b0-94db-9b834316afdc,https://efdsearch.senate.gov/search/view/ptr/d51c1413-b6a5-47b0-94db-9b834316afdc/,6811c53315f7a67f5c1565f9ccf52129e89737ce8722cc0b654bb7ee459d0059,senate-efd-electronic,none,0
P000595,Gary C Peters,senate,Democrat,MI,"SSAP01; SSAP14; SSAP16; SSAP19; SSAP22; SSAS14; SSAS20; SSAS21; SSCM34; SSCM36; SSCM37; SSCM38; SSGA01; SSGA20; SSGA22; Senate Committee on Appropriations; Senate Committee on Armed Services; Senate Committee on Commerce, Science, and Transportation; Senate Committee on Homeland Security and Governmental Affairs",True,2015-11-25,2015-12-16,,UTX - UNTD TECHNOLOGIES CORP,Stock,Purchase,"$1,001 - $15,000",8000.5,False,Self,d51c1413-b6a5-47b0-94db-9b834316afdc,https://efdsearch.senate.gov/search/view/ptr/d51c1413-b6a5-47b0-94db-9b834316afdc/,4381261259e2eb7a0297b067c5ff3b2b77f746f394cc36cb0653c5771a17f238,senate-efd-electronic,none,0
P000595,Gary C Peters,senate,Democrat,MI,"SSAP01; SSAP14; SSAP16; SSAP19; SSAP22; SSAS14; SSAS20; SSAS21; SSCM34; SSCM36; SSCM37; SSCM38; SSGA01; SSGA20; SSGA22; Senate Committee on Appropriations; Senate Committee on Armed Services; Senate Committee on Commerce, Science, and Transportation; Senate Committee on Homeland Security and Governmental Affairs",True,2015-11-25,2015-12-16,,BBT - BB&T CORP,Stock,Purchase,"$1,001 - $15,000",8000.5,False,Self,d51c1413-b6a5-47b0-94db-9b834316afdc,https://efdsearch.senate.gov/search/view/ptr/d51c1413-b6a5-47b0-94db-9b834316afdc/,6d0438e4d44e52ec4da4897690772acf3f428f390cf098f232f2a31882f91c05,senate-efd-electronic,none,0
P000595,Gary C Peters,senate,Democrat,MI,"SSAP01; SSAP14; SSAP16; SSAP19; SSAP22; SSAS14; SSAS20; SSAS21; SSCM34; SSCM36; SSCM37; SSCM38; SSGA01; SSGA20; SSGA22; Senate Committee on Appropriations; Senate Committee on Armed Services; Senate Committee on Commerce, Science, and Transportation; Senate Committee on Homeland Security and Governmental Affairs",True,2015-11-25,2015-12-16,,E I DU PONT DE NEMOURS  Rate/Coupon: 2.800%  Matures: 02/15/2023,Corporate Bond,Purchase,"$1,001 - $15,000",8000.5,False,Self,d51c1413-b6a5-47b0-94db-9b834316afdc,https://efdsearch.senate.gov/search/view/ptr/d51c1413-b6a5-47b0-94db-9b834316afdc/,c5a14624a697731cce2370747a57f9c43f2cf3c71690eda56b77e3b42822e228,senate-efd-electronic,none,0
P000595,Gary C Peters,senate,Democrat,MI,"SSAP01; SSAP14; SSAP16; SSAP19; SSAP22; SSAS14; SSAS20; SSAS21; SSCM34; SSCM36; SSCM37; SSCM38; SSGA01; SSGA20; SSGA22; Senate Committee on Appropriations; Senate Committee on Armed Services; Senate Committee on Commerce, Science, and Transportation; Senate Committee on Homeland Security and Governmental Affairs",True,2015-11-25,2015-12-16,,JWN- NORDSTROM INC,Stock,Purchase,"$1,001 - $15,000",8000.5,False,Spouse,d51c1413-b6a5-47b0-94db-9b834316afdc,https://efdsearch.senate.gov/search/view/ptr/d51c1413-b6a5-47b0-94db-9b834316afdc/,1ecc1fc5c7dab22ea60948cf1ab8662d4a4c6a7ab70ef5e5ecf485ff02c08430,senate-efd-electronic,none,0
I000024,James M Inhofe,senate,Republican,OK,,False,2015-04-14,2015-05-28,MCD,McDonald's Corp. (NYSE),Stock,Sale (Full),"$50,001 - $100,000",75000.5,False,Self,2e2e3c0d-9629-4854-bb08-5d0cac58c89e,https://efdsearch.senate.gov/search/view/ptr/2e2e3c0d-9629-4854-bb08-5d0cac58c89e/,a15eee3f0126755e9d3f92515c8432a6f4101895b25570e2098960a4123b0856,senate-efd-electronic,explicit,0
I000024,James M Inhofe,senate,Republican,OK,,False,2015-04-14,2015-05-28,ETN,Eaton Corporation plc (NYSE),Stock,Sale (Full),"$15,001 - $50,000",32500.5,False,Self,2e2e3c0d-9629-4854-bb08-5d0cac58c89e,https://efdsearch.senate.gov/search/view/ptr/2e2e3c0d-9629-4854-bb08-5d0cac58c89e/,aeecea8aac69ca3019acd0ed899e20dbc32b41d5917257030c8b0dc2605426be,senate-efd-electronic,explicit,0
I000024,James M Inhofe,senate,Republican,OK,,False,2015-04-21,2015-05-28,WFC,Wells Fargo & Company (NYSE),Stock,Sale (Partial),"$15,001 - $50,000",32500.5,False,Self,2e2e3c0d-9629-4854-bb08-5d0cac58c89e,https://efdsearch.senate.gov/search/view/ptr/2e2e3c0d-9629-4854-bb08-5d0cac58c89e/,325f10393bd5c8050a3c056f737c329fd5c018f82d908e310509efd5fcb658cc,senate-efd-electronic,explicit,0
I000024,James M Inhofe,senate,Republican,OK,,False,2015-04-21,2015-05-28,EMR,Emerson Electric Co. (NYSE),Stock,Purchase,"$50,001 - $100,000",75000.5,False,Self,2e2e3c0d-9629-4854-bb08-5d0cac58c89e,https://efdsearch.senate.gov/search/view/ptr/2e2e3c0d-9629-4854-bb08-5d0cac58c89e/,d4d33e37a6854d05ea4c8fcd67ceb714bf453e2f94fad7172280e1921b435f81,senate-efd-electronic,explicit,0
I000024,James M Inhofe,senate,Republican,OK,,False,2015-04-29,2015-05-28,AMZN,Amazon.com Inc. (NASDAQ),Stock,Sale (Partial),"$15,001 - $50,000",32500.5,False,Self,2e2e3c0d-9629-4854-bb08-5d0cac58c89e,https://efdsearch.senate.gov/search/view/ptr/2e2e3c0d-9629-4854-bb08-5d0cac58c89e/,f10ed71427d3f40295cb35f8774c4c424671b4c0f452f38cfd21aa5351392f50,senate-efd-electronic,explicit,0
I000024,James M Inhofe,senate,Republican,OK,,False,2015-04-29,2015-05-28,PG,The Procter & Gamble Company (NYSE),Stock,Purchase,"$15,001 - $50,000",32500.5,False,Self,2e2e3c0d-9629-4854-bb08-5d0cac58c89e,https://efdsearch.senate.gov/search/view/ptr/2e2e3c0d-9629-4854-bb08-5d0cac58c89e/,10667b9629725a88b28e48a031b64ef7a1e45b73ed0814c450000d04059ffe44,senate-efd-electronic,explicit,0
I000024,James M Inhofe,senate,Republican,OK,,False,2015-05-21,2015-05-28,ALTR,Altera Corp. (NASDAQ),Stock,Sale (Partial),"$15,001 - $50,000",32500.5,False,Self,2e2e3c0d-9629-4854-bb08-5d0cac58c89e,https://efdsearch.senate.gov/search/view/ptr/2e2e3c0d-9629-4854-bb08-5d0cac58c89e/,18d7c3e8b0dc4621147bf5abb8fd107d109a6439230871e4c21fd28e7200057a,senate-efd-electronic,explicit,0
I000024,James M Inhofe,senate,Republican,OK,,False,2015-06-04,2015-06-16,CLR,"Continental Resources, Inc. (NYSE)",Stock,Purchase,"$1,001 - $15,000",8000.5,False,Self,141487b3-8c16-4282-bbd7-13b7ed8b9101,https://efdsearch.senate.gov/search/view/ptr/141487b3-8c16-4282-bbd7-13b7ed8b9101/,091b9b9c7b2c6905061e2b4cf95b31d4a8f350f2f750b8093da75084b1df59de,senate-efd-electronic,explicit,0
I000024,James M Inhofe,senate,Republican,OK,,False,2015-06-09,2015-07-09,GILD,Gilead Sciences Inc. (NASDAQ),Stock,Sale (Partial),"$50,001 - $100,000",75000.5,False,Self,35d5746c-53c0-4644-b451-528768aa9b61,https://efdsearch.senate.gov/search/view/ptr/35d5746c-53c0-4644-b451-528768aa9b61/,a3b3a19d89affbfeead9a23c20431c6254310f53fff2c56b1cf0fc4c1999bf73,senate-efd-electronic,explicit,0
I000024,James M Inhofe,senate,Republican,OK,,False,2015-06-22,2015-07-15,NGIPX,Columbia Marsico Growth Z (NASDAQ),Stock,Purchase,"$1,001 - $15,000",8000.5,False,Self,19829594-5717-4584-9c23-352c638d83b3,https://efdsearch.senate.gov/search/view/ptr/19829594-5717-4584-9c23-352c638d83b3/,3c8b0f05a8e52e09d9902407040d6a8c13228998ae30e260e8ea84dea18eb5af,senate-efd-electronic,explicit,0
I000024,James M Inhofe,senate,Republican,OK,,False,2015-07-09,2015-07-15,BIIB,Biogen Inc. (NASDAQ),Stock,Purchase,"$15,001 - $50,000",32500.5,False,Self,19829594-5717-4584-9c23-352c638d83b3,https://efdsearch.senate.gov/search/view/ptr/19829594-5717-4584-9c23-352c638d83b3/,ea7b550e66e50945556dcbcb4dbd09848fc7074250ceadb961068f2fec5776a7,senate-efd-electronic,explicit,0
I000024,James M Inhofe,senate,Republican,OK,,False,2015-07-09,2015-07-15,ABT,Abbott Laboratories (NYSE),Stock,Sale (Full),"$50,001 - $100,000",75000.5,False,Self,19829594-5717-4584-9c23-352c638d83b3,https://efdsearch.senate.gov/search/view/ptr/19829594-5717-4584-9c23-352c638d83b3/,f5471285e10d8cdd850da5bf05cf0a10f6e8ad98a8a5342b53b735df50655328,senate-efd-electronic,explicit,0
I000024,James M Inhofe,senate,Republican,OK,,False,2015-07-09,2015-07-15,ITC,ITC Holdings Corp. (NYSE),Stock,Purchase,"$50,001 - $100,000",75000.5,False,Self,19829594-5717-4584-9c23-352c638d83b3,https://efdsearch.senate.gov/search/view/ptr/19829594-5717-4584-9c23-352c638d83b3/,a95fb635a91aff0d8c795497608914c6456a35099d209453427a6a4f4dede5be,senate-efd-electronic,explicit,0
I000024,James M Inhofe,senate,Republican,OK,,False,2015-07-09,2015-07-15,MRK,Merck & Co. Inc. (NYSE),Stock,Purchase,"$50,001 - $100,000",75000.5,False,Self,19829594-5717-4584-9c23-352c638d83b3,https://efdsearch.senate.gov/search/view/ptr/19829594-5717-4584-9c23-352c638d83b3/,9418c674401add891b3b582aea2c4f9ff5a9264a844774d349cf88028ff14612,senate-efd-electronic,explicit,0
I000024,James M Inhofe,senate,Republican,OK,,False,2015-07-09,2015-07-15,PCLN,The Priceline Group Inc. (NASDAQ),Stock,Purchase,"$15,001 - $50,000",32500.5,False,Self,19829594-5717-4584-9c23-352c638d83b3,https://efdsearch.senate.gov/search/view/ptr/19829594-5717-4584-9c23-352c638d83b3/,ed2bc9549ac004ac03bbb88256fe759b440789a13fb194f8c3b41d1daac53f98,senate-efd-electronic,explicit,0
I000024,James M Inhofe,senate,Republican,OK,,False,2015-07-09,2015-07-15,GE,General Electric Company (NYSE),Stock,Purchase,"$1,001 - $15,000",8000.5,False,Self,19829594-5717-4584-9c23-352c638d83b3,https://efdsearch.senate.gov/search/view/ptr/19829594-5717-4584-9c23-352c638d83b3/,d660187a7fcd8ab2ecf243975b6f5c6104600e68be2b85f928d223c4a2b38af8,senate-efd-electronic,explicit,0
I000024,James M Inhofe,senate,Republican,OK,,False,2015-07-09,2015-07-15,CLR,"Continental Resources, Inc. (NYSE)",Stock,Purchase,"$15,001 - $50,000",32500.5,False,Self,19829594-5717-4584-9c23-352c638d83b3,https://efdsearch.senate.gov/search/view/ptr/19829594-5717-4584-9c23-352c638d83b3/,02f3a4c8e997b370d4d95e85ca8567838bd3849cf0b0c3f7047dc070e2e1ac76,senate-efd-electronic,explicit,0
I000024,James M Inhofe,senate,Republican,OK,,False,2015-07-09,2015-07-15,VSMIX,Invesco SmallCapValue Y (NASDAQ),Stock,Sale (Full),"$1,001 - $15,000",8000.5,False,Self,19829594-5717-4584-9c23-352c638d83b3,https://efdsearch.senate.gov/search/view/ptr/19829594-5717-4584-9c23-352c638d83b3/,eb91d49c338b610dfa8f1277e7d539c53d6f2f702cf6e46ff362c8249dcbeeec,senate-efd-electronic,explicit,0
I000024,James M Inhofe,senate,Republican,OK,,False,2015-07-09,2015-07-15,MGEMX,Morgan Stanley Inst Emerging Mkts I (NASDAQ),Stock,Sale (Full),"$1,001 - $15,000",8000.5,False,Self,19829594-5717-4584-9c23-352c638d83b3,https://efdsearch.senate.gov/search/view/ptr/19829594-5717-4584-9c23-352c638d83b3/,f7584b156d15c80711be751f95fe20716e5fd6f538ac904503e0f3fb37151b1b,senate-efd-electronic,explicit,0
I000024,James M Inhofe,senate,Republican,OK,,False,2015-07-09,2015-07-15,ACSDX,Invesco Comstock Y (NASDAQ),Stock,Sale (Full),"$1,001 - $15,000",8000.5,False,Self,19829594-5717-4584-9c23-352c638d83b3,https://efdsearch.senate.gov/search/view/ptr/19829594-5717-4584-9c23-352c638d83b3/,b9e4e04b6221dd2b0438ffdf26d11809217fbcb2ba8c819f9414cf2aed353a49,senate-efd-electronic,explicit,0
I000024,James M Inhofe,senate,Republican,OK,,False,2015-07-09,2015-07-15,VMIIX,Invesco Municipal Income Y (NASDAQ),Stock,Sale (Full),"$1,001 - $15,000",8000.5,False,Self,19829594-5717-4584-9c23-352c638d83b3,https://efdsearch.senate.gov/search/view/ptr/19829594-5717-4584-9c23-352c638d83b3/,ff21016f1ce54a38ee3f6bc195c61d7cd412de77b240b1e456a685bd1e36f7b6,senate-efd-electronic,explicit,0
I000024,James M Inhofe,senate,Republican,OK,,False,2015-07-09,2015-07-15,WSTMX,Wells Fargo Advantage S/T Muni Bd Adm (NASDAQ),Stock,Sale (Full),"$1,001 - $15,000",8000.5,False,Self,19829594-5717-4584-9c23-352c638d83b3,https://efdsearch.senate.gov/search/view/ptr/19829594-5717-4584-9c23-352c638d83b3/,c414fe8e477261a0474631fcd66238466612befb667624081d053f62bb63e373,senate-efd-electronic,explicit,0
I000024,James M Inhofe,senate,Republican,OK,,False,2015-07-09,2015-07-15,NGIPX,Columbia Marsico Growth Z (NASDAQ),Stock,Sale (Full),"$1,001 - $15,000",8000.5,False,Self,19829594-5717-4584-9c23-352c638d83b3,https://efdsearch.senate.gov/search/view/ptr/19829594-5717-4584-9c23-352c638d83b3/,96a5422da8d69841bc6622af59c47320b84ef424846898ce3df583db35124cd9,senate-efd-electronic,explicit,0
I000024,James M Inhofe,senate,Republican,OK,,False,2015-07-09,2015-07-15,VADDX,Invesco Equally-Wtd S&P 500 Y (NASDAQ),Stock,Sale (Full),"$1,001 - $15,000",8000.5,False,Self,19829594-5717-4584-9c23-352c638d83b3,https://efdsearch.senate.gov/search/view/ptr/19829594-5717-4584-9c23-352c638d83b3/,0b6bd737a1e0c3d2706f35618fc60708c3a3383799c54e90f0a2a0ed50d2415c,senate-efd-electronic,explicit,0
I000024,James M Inhofe,senate,Republican,OK,,False,2015-07-09,2015-07-15,MSACX,Morgan Stanley Inst Active Intl Allc I (NASDAQ),Stock,Sale (Full),"$15,001 - $50,000",32500.5,False,Self,19829594-5717-4584-9c23-352c638d83b3,https://efdsearch.senate.gov/search/view/ptr/19829594-5717-4584-9c23-352c638d83b3/,a987f5ebe31dd2f78335b1467d366f09caed464102040d3a6b7453e74d7516d1,senate-efd-electronic,explicit,0
I000024,James M Inhofe,senate,Republican,OK,,False,2015-07-15,2015-07-29,FANG,"Diamondback Energy, Inc. (NASDAQ)",Stock,Purchase,"$50,001 - $100,000",75000.5,False,Self,f0a5ee4b-1196-401f-87ee-92739d2f342a,https://efdsearch.senate.gov/search/view/ptr/f0a5ee4b-1196-401f-87ee-92739d2f342a/,d81568422672d03293c5b5b1fb7b12265ed73bf13df0d60d834c9dffd9b8011b,senate-efd-electronic,explicit,0
I000024,James M Inhofe,senate,Republican,OK,,False,2015-07-20,2015-08-04,CLR,"Continental Resources, Inc. (NYSE)",Stock,Purchase,"$15,001 - $50,000",32500.5,False,Self,551ec946-30a8-4b3e-b240-702095e95985,https://efdsearch.senate.gov/search/view/ptr/551ec946-30a8-4b3e-b240-702095e95985/,b096a14bdb6043fed2511e3e444217cb7f61f40ddfd1240d64ba51a791551606,senate-efd-electronic,explicit,0
I000024,James M Inhofe,senate,Republican,OK,,False,2015-08-04,2015-09-10,QCOM,QUALCOMM Incorporated (NASDAQ),Stock,Sale (Full),"$50,001 - $100,000",75000.5,False,Self,b738466a-068f-4f65-a9a3-fe8ebf957584,https://efdsearch.senate.gov/search/view/ptr/b738466a-068f-4f65-a9a3-fe8ebf957584/,6442a56dcb9b92bb1f4b983deca7e577ba1bebbdda3b6f8bccb06f888f68a4cb,senate-efd-electronic,explicit,0
I000024,James M Inhofe,senate,Republican,OK,,False,2015-08-04,2015-09-02,QCOM,QUALCOMM Incorporated (NASDAQ),Stock,Sale (Partial),"$50,001 - $100,000",75000.5,False,Self,245dac61-1d02-4b5d-8f12-fe30720ca1d5,https://efdsearch.senate.gov/search/view/ptr/245dac61-1d02-4b5d-8f12-fe30720ca1d5/,bb16fab799cef48c362e6e90018f4b5bb39cecd13eac05f23fd0c79e28bdfc41,senate-efd-electronic,explicit,0
I000024,James M Inhofe,senate,Republican,OK,,False,2015-08-07,2015-09-10,DISCK,"Discovery Communications, Inc. (NASDAQ)",Stock,Sale (Full),"$50,001 - $100,000",75000.5,False,Self,601d7cfd-59f5-4e99-9150-f393c2b7f0a8,https://efdsearch.senate.gov/search/view/ptr/601d7cfd-59f5-4e99-9150-f393c2b7f0a8/,83634b84adffd9e636b6fd29eafb2de7bbac9d3719a7812b539ef965d45a09df,senate-efd-electronic,explicit,0
I000024,James M Inhofe,senate,Republican,OK,,False,2015-08-07,2015-09-04,DISCK,"Discovery Communications, Inc. (NASDAQ)",Stock,Sale (Partial),"$50,001 - $100,000",75000.5,False,Self,97ec46e2-c917-4c6a-91cd-bc0c791b642f,https://efdsearch.senate.gov/search/view/ptr/97ec46e2-c917-4c6a-91cd-bc0c791b642f/,4f1f5164ca0d44a4f32362b8530cb6471585611e924a387173f5ea8a3a208e3e,senate-efd-electronic,explicit,0
I000024,James M Inhofe,senate,Republican,OK,,False,2015-08-12,2015-09-10,MRK,Merck & Co. Inc. (NYSE),Stock,Purchase,"$15,001 - $50,000",32500.5,False,Self,71be1c05-1e18-44c4-8911-115e22f5a620,https://efdsearch.senate.gov/search/view/ptr/71be1c05-1e18-44c4-8911-115e22f5a620/,38673613e2c789825bde484130bb9d6869a777306e6f842f659cf2b6de9be3a7,senate-efd-electronic,explicit,0
I000024,James M Inhofe,senate,Republican,OK,,False,2015-08-12,2015-09-10,ARW,"Arrow Electronics, Inc. (NYSE)",Stock,Purchase,"$50,001 - $100,000",75000.5,False,Self,71be1c05-1e18-44c4-8911-115e22f5a620,https://efdsearch.senate.gov/search/view/ptr/71be1c05-1e18-44c4-8911-115e22f5a620/,cf4802568b3700022a80100a60e7777695a0bf7fc9eeda9856351fa9b011f81b,senate-efd-electronic,explicit,0
I000024,James M Inhofe,senate,Republican,OK,,False,2015-08-24,2015-09-10,A,Agilent Technologies Inc. (NYSE),Stock,Purchase,"$15,001 - $50,000",32500.5,False,Self,71be1c05-1e18-44c4-8911-115e22f5a620,https://efdsearch.senate.gov/search/view/ptr/71be1c05-1e18-44c4-8911-115e22f5a620/,b2033a695f7ce26fea1e3f4f8a4007e70d642331758df0ad420e0c81aafed3ac,senate-efd-electronic,explicit,0
I000024,James M Inhofe,senate,Republican,OK,,False,2015-08-24,2015-09-10,EMR,Emerson Electric Co. (NYSE),Stock,Sale (Full),"$50,001 - $100,000",75000.5,False,Self,71be1c05-1e18-44c4-8911-115e22f5a620,https://efdsearch.senate.gov/search/view/ptr/71be1c05-1e18-44c4-8911-115e22f5a620/,29261707b307ab78eeb92e85be5adc0c7f6cefa31a22de9fa6c003be47b152f7,senate-efd-electronic,explicit,0
I000024,James M Inhofe,senate,Republican,OK,,False,2015-08-24,2015-09-10,AAPL,Apple Inc. (NASDAQ),Stock,Purchase,"$15,001 - $50,000",32500.5,False,Self,71be1c05-1e18-44c4-8911-115e22f5a620,https://efdsearch.senate.gov/search/view/ptr/71be1c05-1e18-44c4-8911-115e22f5a620/,d25b7177f607166c020a241ea1831b2636cf46be502b63331371a79bb3c58bb8,senate-efd-electronic,explicit,0
I000024,James M Inhofe,senate,Republican,OK,,False,2015-08-24,2015-09-10,CLR,"Continental Resources, Inc. (NYSE)",Stock,Sale (Partial),"$15,001 - $50,000",32500.5,False,Self,71be1c05-1e18-44c4-8911-115e22f5a620,https://efdsearch.senate.gov/search/view/ptr/71be1c05-1e18-44c4-8911-115e22f5a620/,d4e10a5a815f78497c2a2dfb588e8b54eb2671bd66bf2dddeb6fe987905b302d,senate-efd-electronic,explicit,0
I000024,James M Inhofe,senate,Republican,OK,,False,2015-08-24,2015-09-10,CHK,Chesapeake Energy Corporation (NYSE),Stock,Purchase,"$15,001 - $50,000",32500.5,False,Self,71be1c05-1e18-44c4-8911-115e22f5a620,https://efdsearch.senate.gov/search/view/ptr/71be1c05-1e18-44c4-8911-115e22f5a620/,d35c61f29b64b6632fa69a45232d4d8eebbe4a12f8ff3d93625f6b4bf6bdb441,senate-efd-electronic,explicit,0
I000024,James M Inhofe,senate,Republican,OK,,False,2015-08-24,2015-09-10,RSPP,"RSP Permian, Inc. (NYSE)",Stock,Purchase,"$15,001 - $50,000",32500.5,False,Self,71be1c05-1e18-44c4-8911-115e22f5a620,https://efdsearch.senate.gov/search/view/ptr/71be1c05-1e18-44c4-8911-115e22f5a620/,cdb664bda2747fdf810ad6de716299b223e6e808515e894140362c6165090931,senate-efd-electronic,explicit,0
I000024,James M Inhofe,senate,Republican,OK,,False,2015-08-27,2015-09-10,COF,Capital One Financial Corporation (NYSE),Stock,Sale (Full),"$100,001 - $250,000",175000.5,False,Self,71be1c05-1e18-44c4-8911-115e22f5a620,https://efdsearch.senate.gov/search/view/ptr/71be1c05-1e18-44c4-8911-115e22f5a620/,fafde76da6b58e37496f9cba632fb02166cbe0e17a904b84d4f57319aaba9f5b,senate-efd-electronic,explicit,0
I000024,James M Inhofe,senate,Republican,OK,,False,2015-10-05,2015-10-26,WFM,WFM,Stock,Sale (Full),"Over $50,000,000",50000000.0,False,Self,b8620849-e0af-4f18-8f25-4ec696180b92,https://efdsearch.senate.gov/search/view/ptr/b8620849-e0af-4f18-8f25-4ec696180b92/,42f1aabd5567dc42e5e953f41f61dca613eb34e40ae38d469f4a1cbc77cff10c,senate-efd-electronic,asset_name,0
I000024,James M Inhofe,senate,Republican,OK,,False,2015-10-23,2015-10-26,BIIB,BIIB,Stock,Purchase,"$1,001 - $15,000",8000.5,False,Self,b8620849-e0af-4f18-8f25-4ec696180b92,https://efdsearch.senate.gov/search/view/ptr/b8620849-e0af-4f18-8f25-4ec696180b92/,3b6c556b710f3779ec8673323b7f1c6ef7f0a24be239b829d982793cffb76764,senate-efd-electronic,asset_name,0
I000024,James M Inhofe,senate,Republican,OK,,False,2015-10-28,2015-11-16,RRC,RRC,Stock,Sale (Partial),"$1,001 - $15,000",8000.5,False,Self,a5a7ab53-6d77-4919-8e58-0f22223bac48,https://efdsearch.senate.gov/search/view/ptr/a5a7ab53-6d77-4919-8e58-0f22223bac48/,01b1810938fb460d34e307c1f58a350aed66abc37f7fc8fee09dc48203f714fb,senate-efd-electronic,asset_name,0
I000024,James M Inhofe,senate,Republican,OK,,False,2015-10-28,2015-11-16,SWN,SWN,Stock,Purchase,"$50,001 - $100,000",75000.5,False,Self,a5a7ab53-6d77-4919-8e58-0f22223bac48,https://efdsearch.senate.gov/search/view/ptr/a5a7ab53-6d77-4919-8e58-0f22223bac48/,e09a6226078c6ae77da5c91cdf0245008e736255f3620e7755bc100f251a1257,senate-efd-electronic,asset_name,0
I000024,James M Inhofe,senate,Republican,OK,,False,2015-11-17,2015-12-09,RSPP,RSPP,Stock,Sale (Full),"$15,001 - $50,000",32500.5,False,Self,3238bf58-9c4f-451d-ac58-4dc53369e738,https://efdsearch.senate.gov/search/view/ptr/3238bf58-9c4f-451d-ac58-4dc53369e738/,4f884d09f343b8a8dff6de25a50c0b20e550d0c57e1aa233b89b2faee2e13b55,senate-efd-electronic,asset_name,0
S001141,"Jefferson B Sessions, III",senate,Republican,AL,,False,2014-01-28,2015-04-24,,University of Ala at Birmingham Gen Rev Bond  Rate/Coupon: 3.00%  Matures: 10/1/28,Municipal Security,Purchase,"$15,001 - $50,000",32500.5,False,Self,489c3783-2b5b-4ff7-90c6-fd42ba60aaa1,https://efdsearch.senate.gov/search/view/ptr/489c3783-2b5b-4ff7-90c6-fd42ba60aaa1/,ea66408b177347eddebc365607a53c59eb867337dc4296416c36893901bbc0b4,senate-efd-electronic,none,0
S001141,"Jefferson B Sessions, III",senate,Republican,AL,,False,2014-03-20,2015-04-24,,Jackson Cnty Ala Brd Ed Spl Tax Sch WT OID  Rate/Coupon: 3.50%  Matures: 3/1/28,Municipal Security,Purchase,"$15,001 - $50,000",32500.5,False,Self,489c3783-2b5b-4ff7-90c6-fd42ba60aaa1,https://efdsearch.senate.gov/search/view/ptr/489c3783-2b5b-4ff7-90c6-fd42ba60aaa1/,c376ab19c0ce7aebccc17c76d9822cffafeec43182d13e926793246eab98346d,senate-efd-electronic,none,0
S001141,"Jefferson B Sessions, III",senate,Republican,AL,,False,2014-07-24,2015-04-24,,Auburn Univ Ala Gen Fee Rev-A  Rate/Coupon: 3.00%  Matures: 6/1/27,Municipal Security,Purchase,"$15,001 - $50,000",32500.5,False,Self,489c3783-2b5b-4ff7-90c6-fd42ba60aaa1,https://efdsearch.senate.gov/search/view/ptr/489c3783-2b5b-4ff7-90c6-fd42ba60aaa1/,7528156a1f16a36bd70ff60f5e597e4766e978c52fb3c03350cd295e93361fce,senate-efd-electronic,none,0
S001141,"Jefferson B Sessions, III",senate,Republican,AL,,False,2014-12-30,2015-04-24,,Hoover Ala WTS Genl Oblig Ref  Rate/Coupon: 3.00%  Matures: 3/1/30,Municipal Security,Purchase,"$15,001 - $50,000",32500.5,False,Self,489c3783-2b5b-4ff7-90c6-fd42ba60aaa1,https://efdsearch.senate.gov/search/view/ptr/489c3783-2b5b-4ff7-90c6-fd42ba60aaa1/,ac59837d6ba27edbda453a5a75be3c15d74548ed01026047dd217db4d058df37,senate-efd-electronic,none,0
S001141,"Jefferson B Sessions, III",senate,Republican,AL,,False,2015-01-07,2015-01-08,,AL St Pub Sch & College Auth Rev Pub Sch Cap Impt  Rate/Coupon: 5.0%  Matures: 12/01/2025,Municipal Security,Sale (Full),"$15,001 - $50,000",32500.5,False,Self,31454250-4305-4787-830c-740d36258a45,https://efdsearch.senate.gov/search/view/ptr/31454250-4305-4787-830c-740d36258a45/,4fa2013f60def77825a043859e79cf7c62b47fa76e15845c8498844ce965c07c,senate-efd-electronic,none,0
S001141,"Jefferson B Sessions, III",senate,Republican,AL,,False,2015-08-26,2015-10-02,,Shelby Cnty Ala Genl Oblig WTS Ref  Rate/Coupon: 3.0%  Matures: 08/15/2029,Municipal Security,Purchase,"$15,001 - $50,000",32500.5,False,Self,db6de95f-11f6-44dd-9ee1-228434300084,https://efdsearch.senate.gov/search/view/ptr/db6de95f-11f6-44dd-9ee1-228434300084/,d58da298f52d4340ba5094324a22da464796322dfdf58172b3ef839e9d446f1b,senate-efd-electronic,none,0
S001141,"Jefferson B Sessions, III",senate,Republican,AL,,False,2015-10-02,2015-10-05,,Petrobras Intl Fin Co  Rate/Coupon: 5.375%  Matures: 1/27/2021,Corporate Bond,Purchase,"$1,001 - $15,000",8000.5,False,Self,b688b50d-1422-4019-a855-f6852d48d788,https://efdsearch.senate.gov/search/view/ptr/b688b50d-1422-4019-a855-f6852d48d788/,5d9af82f88aae017949e3d6bf2e906c01ce36f797f5eaeaf7e0c535f7b3d3296,senate-efd-electronic,none,0
S001141,"Jefferson B Sessions, III",senate,Republican,AL,,False,2015-11-12,2015-11-16,,Tuscaloosa AL OID  Rate/Coupon: 3.0%  Matures: 01/01/1929,Municipal Security,Purchase,"$1,001 - $15,000",8000.5,False,Self,561e736f-4f6b-4ed3-88df-96916fe19420,https://efdsearch.senate.gov/search/view/ptr/561e736f-4f6b-4ed3-88df-96916fe19420/,1afe83fa02ed08471e6cfb18f70a3f333e53abde06154ed5b80b7e2b8b82650e,senate-efd-electronic,none,0
C001056,John Cornyn,senate,Republican,TX,Joint Committee on Taxation; SSFI11; SSFI12; SSFI13; SSFR02; SSFR06; SSFR09; SSJU04; SSJU21; SSJU22; SSJU28; Senate Committee on Finance; Senate Committee on Foreign Relations; Senate Committee on the Budget; Senate Committee on the Judiciary; Senate Select Committee on Intelligence; United States Senate Caucus on International Narcotics Control,True,2015-08-21,2015-09-21,AAPL,Apple Inc. (NASDAQ),Stock,Purchase,"$15,001 - $50,000",32500.5,False,Self,95d27bf4-c3fc-4251-9f43-72b9a2112351,https://efdsearch.senate.gov/search/view/ptr/95d27bf4-c3fc-4251-9f43-72b9a2112351/,3760289ab054abde4b0ed35bfd56b31c7dbd104563fc3e2f9dae5b308d07f55b,senate-efd-electronic,explicit,0
R000122,John F Reed,senate,Democrat,RI,"SSAP02; SSAP16; SSAP18; SSAP19; SSAP23; SSAP24; SSAS13; SSAS14; SSAS15; SSAS16; SSAS17; SSAS20; SSAS21; SSBK04; SSBK08; SSBK12; Senate Committee on Appropriations; Senate Committee on Armed Services; Senate Committee on Banking, Housing, and Urban Affairs; Senate Select Committee on Intelligence",True,2015-02-20,2015-03-02,AMGN,Amgen Inc. (NASDAQ),Stock,Purchase,"$1,001 - $15,000",8000.5,False,Joint,762e4b6a-5dd2-48ad-adb7-3214e58692ac,https://efdsearch.senate.gov/search/view/ptr/762e4b6a-5dd2-48ad-adb7-3214e58692ac/,b1ba2ce82a8ec594cacd1ddc6d358a54548ebaba617bfb4bd892bc5afd2a8259,senate-efd-electronic,explicit,0
R000122,John F Reed,senate,Democrat,RI,"SSAP02; SSAP16; SSAP18; SSAP19; SSAP23; SSAP24; SSAS13; SSAS14; SSAS15; SSAS16; SSAS17; SSAS20; SSAS21; SSBK04; SSBK08; SSBK12; Senate Committee on Appropriations; Senate Committee on Armed Services; Senate Committee on Banking, Housing, and Urban Affairs; Senate Select Committee on Intelligence",True,2015-02-20,2015-03-02,IYT,iShares Transportation Average (NYSEArca),Stock,Sale (Full),"$1,001 - $15,000",8000.5,False,Joint,762e4b6a-5dd2-48ad-adb7-3214e58692ac,https://efdsearch.senate.gov/search/view/ptr/762e4b6a-5dd2-48ad-adb7-3214e58692ac/,84d29d5b30f3eeb906550dc40622a0542e183780385548a8b66221a61e40ee31,senate-efd-electronic,explicit,0
R000122,John F Reed,senate,Democrat,RI,"SSAP02; SSAP16; SSAP18; SSAP19; SSAP23; SSAP24; SSAS13; SSAS14; SSAS15; SSAS16; SSAS17; SSAS20; SSAS21; SSBK04; SSBK08; SSBK12; Senate Committee on Appropriations; Senate Committee on Armed Services; Senate Committee on Banking, Housing, and Urban Affairs; Senate Select Committee on Intelligence",True,2015-02-20,2015-03-02,CELG,Celgene Corporation (NASDAQ),Stock,Purchase,"$1,001 - $15,000",8000.5,False,Joint,762e4b6a-5dd2-48ad-adb7-3214e58692ac,https://efdsearch.senate.gov/search/view/ptr/762e4b6a-5dd2-48ad-adb7-3214e58692ac/,8ccb2857c693ee794b30098c4943bdb685a8a4bd1155343b22b095cf033faea0,senate-efd-electronic,explicit,0
R000122,John F Reed,senate,Democrat,RI,"SSAP02; SSAP16; SSAP18; SSAP19; SSAP23; SSAP24; SSAS13; SSAS14; SSAS15; SSAS16; SSAS17; SSAS20; SSAS21; SSBK04; SSBK08; SSBK12; Senate Committee on Appropriations; Senate Committee on Armed Services; Senate Committee on Banking, Housing, and Urban Affairs; Senate Select Committee on Intelligence",True,2015-02-20,2015-03-02,MYL,"Mylan, Inc. (NASDAQ)",Stock,Purchase,"$1,001 - $15,000",8000.5,False,Joint,762e4b6a-5dd2-48ad-adb7-3214e58692ac,https://efdsearch.senate.gov/search/view/ptr/762e4b6a-5dd2-48ad-adb7-3214e58692ac/,4fc48717c83692ac0dbb81f2f48d715d4fa81aa9c4216724a717beac44f7b5e6,senate-efd-electronic,explicit,0
R000122,John F Reed,senate,Democrat,RI,"SSAP02; SSAP16; SSAP18; SSAP19; SSAP23; SSAP24; SSAS13; SSAS14; SSAS15; SSAS16; SSAS17; SSAS20; SSAS21; SSBK04; SSBK08; SSBK12; Senate Committee on Appropriations; Senate Committee on Armed Services; Senate Committee on Banking, Housing, and Urban Affairs; Senate Select Committee on Intelligence",True,2015-03-03,2015-03-04,MYL,"Mylan, Inc. (NASDAQ)",Stock,Sale (Full),"$1,001 - $15,000",8000.5,False,Joint,3d422ca8-7dc9-4d3f-9ab7-9f9e7daacf53,https://efdsearch.senate.gov/search/view/ptr/3d422ca8-7dc9-4d3f-9ab7-9f9e7daacf53/,6bcb6c64b92b180ff20cc745b8e18e644c53b5907f381b743c306bde04204228,senate-efd-electronic,explicit,0
R000122,John F Reed,senate,Democrat,RI,"SSAP02; SSAP16; SSAP18; SSAP19; SSAP23; SSAP24; SSAS13; SSAS14; SSAS15; SSAS16; SSAS17; SSAS20; SSAS21; SSBK04; SSBK08; SSBK12; Senate Committee on Appropriations; Senate Committee on Armed Services; Senate Committee on Banking, Housing, and Urban Affairs; Senate Select Committee on Intelligence",True,2015-03-03,2015-03-04,ACT,Actavis plc (NYSE),Stock,Sale (Full),"$1,001 - $15,000",8000.5,False,Joint,3d422ca8-7dc9-4d3f-9ab7-9f9e7daacf53,https://efdsearch.senate.gov/search/view/ptr/3d422ca8-7dc9-4d3f-9ab7-9f9e7daacf53/,3a5c92b13bb8d77157818f05e92c36183512eeec1bf83d303cc35e018d75861d,senate-efd-electronic,explicit,0
R000122,John F Reed,senate,Democrat,RI,"SSAP02; SSAP16; SSAP18; SSAP19; SSAP23; SSAP24; SSAS13; SSAS14; SSAS15; SSAS16; SSAS17; SSAS20; SSAS21; SSBK04; SSBK08; SSBK12; Senate Committee on Appropriations; Senate Committee on Armed Services; Senate Committee on Banking, Housing, and Urban Affairs; Senate Select Committee on Intelligence",True,2015-03-03,2015-03-04,AMAT,"Applied Materials, Inc. (NASDAQ)",Stock,Sale (Full),"$1,001 - $15,000",8000.5,False,Self,3d422ca8-7dc9-4d3f-9ab7-9f9e7daacf53,https://efdsearch.senate.gov/search/view/ptr/3d422ca8-7dc9-4d3f-9ab7-9f9e7daacf53/,160d25e5f6aa7b3a1a83a193c82cc66394fcbee271554ef905b9fa74512de6b7,senate-efd-electronic,explicit,0
R000122,John F Reed,senate,Democrat,RI,"SSAP02; SSAP16; SSAP18; SSAP19; SSAP23; SSAP24; SSAS13; SSAS14; SSAS15; SSAS16; SSAS17; SSAS20; SSAS21; SSBK04; SSBK08; SSBK12; Senate Committee on Appropriations; Senate Committee on Armed Services; Senate Committee on Banking, Housing, and Urban Affairs; Senate Select Committee on Intelligence",True,2015-03-03,2015-03-04,ACT,Actavis plc (NYSE),Stock,Sale (Full),"$1,001 - $15,000",8000.5,False,Self,3d422ca8-7dc9-4d3f-9ab7-9f9e7daacf53,https://efdsearch.senate.gov/search/view/ptr/3d422ca8-7dc9-4d3f-9ab7-9f9e7daacf53/,8025ac6c4307f6dedf022436b453a8c7c7c625ca116e4570ec53f1d66e1f606e,senate-efd-electronic,explicit,0
R000122,John F Reed,senate,Democrat,RI,"SSAP02; SSAP16; SSAP18; SSAP19; SSAP23; SSAP24; SSAS13; SSAS14; SSAS15; SSAS16; SSAS17; SSAS20; SSAS21; SSBK04; SSBK08; SSBK12; Senate Committee on Appropriations; Senate Committee on Armed Services; Senate Committee on Banking, Housing, and Urban Affairs; Senate Select Committee on Intelligence",True,2015-04-23,2015-05-06,FEYE,"FireEye, Inc. (NASDAQ)",Stock,Purchase,"$1,001 - $15,000",8000.5,False,Self,ac8d1529-ac3c-4a8a-ad76-62eef20e7614,https://efdsearch.senate.gov/search/view/ptr/ac8d1529-ac3c-4a8a-ad76-62eef20e7614/,5e6123c4cf0279af36803d6d1934ebb15de2743c754352af2ab250b50aedf783,senate-efd-electronic,explicit,0
R000122,John F Reed,senate,Democrat,RI,"SSAP02; SSAP16; SSAP18; SSAP19; SSAP23; SSAP24; SSAS13; SSAS14; SSAS15; SSAS16; SSAS17; SSAS20; SSAS21; SSBK04; SSBK08; SSBK12; Senate Committee on Appropriations; Senate Committee on Armed Services; Senate Committee on Banking, Housing, and Urban Affairs; Senate Select Committee on Intelligence",True,2015-04-23,2015-05-06,SLB,Schlumberger Limited (NYSE),Stock,Sale (Partial),"$1,001 - $15,000",8000.5,False,Self,ac8d1529-ac3c-4a8a-ad76-62eef20e7614,https://efdsearch.senate.gov/search/view/ptr/ac8d1529-ac3c-4a8a-ad76-62eef20e7614/,1c64f7bf907251cb4ee63cac54f5069adc97eebac4ac9b8b1ed508fc9c760bbc,senate-efd-electronic,explicit,0
R000122,John F Reed,senate,Democrat,RI,"SSAP02; SSAP16; SSAP18; SSAP19; SSAP23; SSAP24; SSAS13; SSAS14; SSAS15; SSAS16; SSAS17; SSAS20; SSAS21; SSBK04; SSBK08; SSBK12; Senate Committee on Appropriations; Senate Committee on Armed Services; Senate Committee on Banking, Housing, and Urban Affairs; Senate Select Committee on Intelligence",True,2015-04-23,2015-05-06,ESRX,Express Scripts Holding Company (NASDAQ),Stock,Purchase,"$1,001 - $15,000",8000.5,False,Self,ac8d1529-ac3c-4a8a-ad76-62eef20e7614,https://efdsearch.senate.gov/search/view/ptr/ac8d1529-ac3c-4a8a-ad76-62eef20e7614/,7acd2eedcec4b2995e228e3a633abd50ec913afefd23e4e64f917c402b8577ee,senate-efd-electronic,explicit,0
R000122,John F Reed,senate,Democrat,RI,"SSAP02; SSAP16; SSAP18; SSAP19; SSAP23; SSAP24; SSAS13; SSAS14; SSAS15; SSAS16; SSAS17; SSAS20; SSAS21; SSBK04; SSBK08; SSBK12; Senate Committee on Appropriations; Senate Committee on Armed Services; Senate Committee on Banking, Housing, and Urban Affairs; Senate Select Committee on Intelligence",True,2015-04-23,2015-05-06,MSFT,Microsoft Corporation (NASDAQ),Stock,Purchase,"$1,001 - $15,000",8000.5,False,Self,ac8d1529-ac3c-4a8a-ad76-62eef20e7614,https://efdsearch.senate.gov/search/view/ptr/ac8d1529-ac3c-4a8a-ad76-62eef20e7614/,b4548a383c2443fde299993ac35af39a00557d09d14cf302d9695e17b89bc554,senate-efd-electronic,explicit,0
R000122,John F Reed,senate,Democrat,RI,"SSAP02; SSAP16; SSAP18; SSAP19; SSAP23; SSAP24; SSAS13; SSAS14; SSAS15; SSAS16; SSAS17; SSAS20; SSAS21; SSBK04; SSBK08; SSBK12; Senate Committee on Appropriations; Senate Committee on Armed Services; Senate Committee on Banking, Housing, and Urban Affairs; Senate Select Committee on Intelligence",True,2015-04-23,2015-05-06,EMC,EMC Corporation (NYSE),Stock,Sale (Partial),"$1,001 - $15,000",8000.5,False,Self,ac8d1529-ac3c-4a8a-ad76-62eef20e7614,https://efdsearch.senate.gov/search/view/ptr/ac8d1529-ac3c-4a8a-ad76-62eef20e7614/,6cb3ae0aa9546a2b77cac87f61b32241b9a5d4d8ea36e8ae2d5c6df84961e90a,senate-efd-electronic,explicit,0
R000122,John F Reed,senate,Democrat,RI,"SSAP02; SSAP16; SSAP18; SSAP19; SSAP23; SSAP24; SSAS13; SSAS14; SSAS15; SSAS16; SSAS17; SSAS20; SSAS21; SSBK04; SSBK08; SSBK12; Senate Committee on Appropriations; Senate Committee on Armed Services; Senate Committee on Banking, Housing, and Urban Affairs; Senate Select Committee on Intelligence",True,2015-05-04,2015-05-13,TBF,ProShares Short 20+ Year Treasury (NYSEArca),Stock,Purchase,"$1,001 - $15,000",8000.5,False,Joint,e52c1eb3-b5cc-496b-8719-ba27adf517b2,https://efdsearch.senate.gov/search/view/ptr/e52c1eb3-b5cc-496b-8719-ba27adf517b2/,037576d80eb6ed38811564336cc9482e2164771b3668868a05a06b1ab3389268,senate-efd-electronic,explicit,0
R000122,John F Reed,senate,Democrat,RI,"SSAP02; SSAP16; SSAP18; SSAP19; SSAP23; SSAP24; SSAS13; SSAS14; SSAS15; SSAS16; SSAS17; SSAS20; SSAS21; SSBK04; SSBK08; SSBK12; Senate Committee on Appropriations; Senate Committee on Armed Services; Senate Committee on Banking, Housing, and Urban Affairs; Senate Select Committee on Intelligence",True,2015-05-04,2015-05-13,TBF,ProShares Short 20+ Year Treasury (NYSEArca),Stock,Purchase,"$1,001 - $15,000",8000.5,False,Self,e52c1eb3-b5cc-496b-8719-ba27adf517b2,https://efdsearch.senate.gov/search/view/ptr/e52c1eb3-b5cc-496b-8719-ba27adf517b2/,9173a2986423b861dca18678e68ac1cb73afa433a3fc0ad69d7a0842e75f9a3d,senate-efd-electronic,explicit,0
R000122,John F Reed,senate,Democrat,RI,"SSAP02; SSAP16; SSAP18; SSAP19; SSAP23; SSAP24; SSAS13; SSAS14; SSAS15; SSAS16; SSAS17; SSAS20; SSAS21; SSBK04; SSBK08; SSBK12; Senate Committee on Appropriations; Senate Committee on Armed Services; Senate Committee on Banking, Housing, and Urban Affairs; Senate Select Committee on Intelligence",True,2015-05-13,2015-05-27,VRTX,Vertex Pharmaceuticals Incorporated (NASDAQ),Stock,Sale (Partial),"$1,001 - $15,000",8000.5,False,Joint,b76ec2ca-e1a4-40f5-a2b1-77d3dfbefdca,https://efdsearch.senate.gov/search/view/ptr/b76ec2ca-e1a4-40f5-a2b1-77d3dfbefdca/,e1fc9abe8d89c614da0dfce968e91e9dfb9a0b927913c90f3d97dec0d0a2b6ed,senate-efd-electronic,explicit,0
R000122,John F Reed,senate,Democrat,RI,"SSAP02; SSAP16; SSAP18; SSAP19; SSAP23; SSAP24; SSAS13; SSAS14; SSAS15; SSAS16; SSAS17; SSAS20; SSAS21; SSBK04; SSBK08; SSBK12; Senate Committee on Appropriations; Senate Committee on Armed Services; Senate Committee on Banking, Housing, and Urban Affairs; Senate Select Committee on Intelligence",True,2015-05-26,2015-06-04,XRT,SPDR Series Trust - SPDR S&P Retail ETF (NYSEArca),Stock,Sale (Full),"$1,001 - $15,000",8000.5,False,Joint,22badbaf-6e93-484f-a336-885432370f1a,https://efdsearch.senate.gov/search/view/ptr/22badbaf-6e93-484f-a336-885432370f1a/,447f63b7717c707a368226c5f009861c4460d5e7b145d7dd130782e2bfbc3691,senate-efd-electronic,explicit,0
R000122,John F Reed,senate,Democrat,RI,"SSAP02; SSAP16; SSAP18; SSAP19; SSAP23; SSAP24; SSAS13; SSAS14; SSAS15; SSAS16; SSAS17; SSAS20; SSAS21; SSBK04; SSBK08; SSBK12; Senate Committee on Appropriations; Senate Committee on Armed Services; Senate Committee on Banking, Housing, and Urban Affairs; Senate Select Committee on Intelligence",True,2015-06-04,2015-06-15,LSCC,Lattice Semiconductor Corporation (NASDAQ),Stock,Purchase,"$1,001 - $15,000",8000.5,False,Joint,41ffb889-56b3-4aab-bb14-ef28d8568346,https://efdsearch.senate.gov/search/view/ptr/41ffb889-56b3-4aab-bb14-ef28d8568346/,ded075752be5f9764bbcd0b6c9f19f0c68f0c2dfdc0e553a227969b618d0ba47,senate-efd-electronic,explicit,0
R000122,John F Reed,senate,Democrat,RI,"SSAP02; SSAP16; SSAP18; SSAP19; SSAP23; SSAP24; SSAS13; SSAS14; SSAS15; SSAS16; SSAS17; SSAS20; SSAS21; SSBK04; SSBK08; SSBK12; Senate Committee on Appropriations; Senate Committee on Armed Services; Senate Committee on Banking, Housing, and Urban Affairs; Senate Select Committee on Intelligence",True,2015-06-04,2015-06-15,LSCC,Lattice Semiconductor Corporation (NASDAQ),Stock,Purchase,"$1,001 - $15,000",8000.5,False,Self,41ffb889-56b3-4aab-bb14-ef28d8568346,https://efdsearch.senate.gov/search/view/ptr/41ffb889-56b3-4aab-bb14-ef28d8568346/,fab53f1f0a90745fe6530f2dd60b6f39b300fbc2f0ba307cade1d22157fb1816,senate-efd-electronic,explicit,0
R000122,John F Reed,senate,Democrat,RI,"SSAP02; SSAP16; SSAP18; SSAP19; SSAP23; SSAP24; SSAS13; SSAS14; SSAS15; SSAS16; SSAS17; SSAS20; SSAS21; SSBK04; SSBK08; SSBK12; Senate Committee on Appropriations; Senate Committee on Armed Services; Senate Committee on Banking, Housing, and Urban Affairs; Senate Select Committee on Intelligence",True,2015-06-30,2015-07-16,ALTR,Altera Corp. (NASDAQ),Stock,Sale (Full),"$1,001 - $15,000",8000.5,False,Self,b75cb037-87d1-4373-9f70-3f26109d1df1,https://efdsearch.senate.gov/search/view/ptr/b75cb037-87d1-4373-9f70-3f26109d1df1/,7b874a8dbf230b1bad90d9d97b32c117153ecfd9e3061c360e8183369c163b8a,senate-efd-electronic,explicit,0
R000122,John F Reed,senate,Democrat,RI,"SSAP02; SSAP16; SSAP18; SSAP19; SSAP23; SSAP24; SSAS13; SSAS14; SSAS15; SSAS16; SSAS17; SSAS20; SSAS21; SSBK04; SSBK08; SSBK12; Senate Committee on Appropriations; Senate Committee on Armed Services; Senate Committee on Banking, Housing, and Urban Affairs; Senate Select Committee on Intelligence",True,2015-06-30,2015-07-16,ALTR,Altera Corp. (NASDAQ),Stock,Sale (Full),"$1,001 - $15,000",8000.5,False,Joint,b75cb037-87d1-4373-9f70-3f26109d1df1,https://efdsearch.senate.gov/search/view/ptr/b75cb037-87d1-4373-9f70-3f26109d1df1/,57a618d8ad9303a3a29a4f97fe2dbd6db60bf7c772565ca0bab84bbc5cf9d1b5,senate-efd-electronic,explicit,0
R000122,John F Reed,senate,Democrat,RI,"SSAP02; SSAP16; SSAP18; SSAP19; SSAP23; SSAP24; SSAS13; SSAS14; SSAS15; SSAS16; SSAS17; SSAS20; SSAS21; SSBK04; SSBK08; SSBK12; Senate Committee on Appropriations; Senate Committee on Armed Services; Senate Committee on Banking, Housing, and Urban Affairs; Senate Select Committee on Intelligence",True,2015-06-30,2015-07-16,AMG,Affiliated Managers Group Inc. (NYSE),Stock,Purchase,"$1,001 - $15,000",8000.5,False,Self,b75cb037-87d1-4373-9f70-3f26109d1df1,https://efdsearch.senate.gov/search/view/ptr/b75cb037-87d1-4373-9f70-3f26109d1df1/,551fb8aa020fffdfda8757f73c51c41d66a034cb59be276c4025b986d05d9467,senate-efd-electronic,explicit,0
R000122,John F Reed,senate,Democrat,RI,"SSAP02; SSAP16; SSAP18; SSAP19; SSAP23; SSAP24; SSAS13; SSAS14; SSAS15; SSAS16; SSAS17; SSAS20; SSAS21; SSBK04; SSBK08; SSBK12; Senate Committee on Appropriations; Senate Committee on Armed Services; Senate Committee on Banking, Housing, and Urban Affairs; Senate Select Committee on Intelligence",True,2015-06-30,2015-07-16,AMG,Affiliated Managers Group Inc. (NYSE),Stock,Purchase,"$1,001 - $15,000",8000.5,False,Joint,b75cb037-87d1-4373-9f70-3f26109d1df1,https://efdsearch.senate.gov/search/view/ptr/b75cb037-87d1-4373-9f70-3f26109d1df1/,b59f32a18007d3a01ac5dcc9b07d75b9a64d309ed086959976b58c2f9d3d1e90,senate-efd-electronic,explicit,0
R000122,John F Reed,senate,Democrat,RI,"SSAP02; SSAP16; SSAP18; SSAP19; SSAP23; SSAP24; SSAS13; SSAS14; SSAS15; SSAS16; SSAS17; SSAS20; SSAS21; SSBK04; SSBK08; SSBK12; Senate Committee on Appropriations; Senate Committee on Armed Services; Senate Committee on Banking, Housing, and Urban Affairs; Senate Select Committee on Intelligence",True,2015-07-29,2015-08-06,FEYE,"FireEye, Inc. (NASDAQ)",Stock,Purchase,"$1,001 - $15,000",8000.5,False,Joint,2089ac5e-1cb6-4365-9c64-74fe7ebfa458,https://efdsearch.senate.gov/search/view/ptr/2089ac5e-1cb6-4365-9c64-74fe7ebfa458/,5dfae0eb1b1f43787170c3412827a851969fb06ed56ccc02f587b234544c04f9,senate-efd-electronic,explicit,0
H001061,John Hoeven,senate,Republican,ND,"SSAF14; SSAF16; SSAF17; SSAP01; SSAP02; SSAP17; SSAP19; SSAP22; SSAP24; SSEG01; SSEG07; Senate Committee on Agriculture, Nutrition, and Forestry; Senate Committee on Appropriations; Senate Committee on Energy and Natural Resources; Senate Committee on Indian Affairs",False,2014-05-27,2015-12-29,,"MAINSTREAM INVESTORS LLC  Company: MAINSTREAM INVESTORS LLC  (MINOT, NORTH DAKOTA)  Description: OIL AND GAS EXPLORATION AND PRODUCTION COMPANY",Other,Purchase,"$500,001 - $1,000,000",750000.5,False,Self,970e43cc-5b08-42e2-9ce6-1886d729ead2,https://efdsearch.senate.gov/search/view/ptr/970e43cc-5b08-42e2-9ce6-1886d729ead2/,ef1e81f2ef084551dd2725105e19822d8cdf5f4f223e03dd92ced80e7d0eddc0,senate-efd-electronic,none,0
H001061,John Hoeven,senate,Republican,ND,"SSAF14; SSAF16; SSAF17; SSAP01; SSAP02; SSAP17; SSAP19; SSAP22; SSAP24; SSEG01; SSEG07; Senate Committee on Agriculture, Nutrition, and Forestry; Senate Committee on Appropriations; Senate Committee on Energy and Natural Resources; Senate Committee on Indian Affairs",False,2015-01-06,2015-01-20,FCX,Freeport-McMoRan Inc. (NYSE),Stock,Sale (Full),"$50,001 - $100,000",75000.5,False,Self,6f9ff667-71b8-4d74-a8b2-e0497b7f2faa,https://efdsearch.senate.gov/search/view/ptr/6f9ff667-71b8-4d74-a8b2-e0497b7f2faa/,940516d10d655b1b45c351e5dac413b15b7bd1bb41a0b9fed49d489cfb1660ee,senate-efd-electronic,explicit,0
H001061,John Hoeven,senate,Republican,ND,"SSAF14; SSAF16; SSAF17; SSAP01; SSAP02; SSAP17; SSAP19; SSAP22; SSAP24; SSEG01; SSEG07; Senate Committee on Agriculture, Nutrition, and Forestry; Senate Committee on Appropriations; Senate Committee on Energy and Natural Resources; Senate Committee on Indian Affairs",False,2015-01-06,2015-01-20,COH,"Coach, Inc. (NYSE)",Stock,Sale (Full),"$50,001 - $100,000",75000.5,False,Self,6f9ff667-71b8-4d74-a8b2-e0497b7f2faa,https://efdsearch.senate.gov/search/view/ptr/6f9ff667-71b8-4d74-a8b2-e0497b7f2faa/,277b12ba74e578caca38aaf96d019efa3aac4707cde4485152f4df235e61e532,senate-efd-electronic,explicit,0
H001061,John Hoeven,senate,Republican,ND,"SSAF14; SSAF16; SSAF17; SSAP01; SSAP02; SSAP17; SSAP19; SSAP22; SSAP24; SSEG01; SSEG07; Senate Committee on Agriculture, Nutrition, and Forestry; Senate Committee on Appropriations; Senate Committee on Energy and Natural Resources; Senate Committee on Indian Affairs",False,2015-01-16,2015-01-21,NOG,"Northern Oil and Gas, Inc. (AMEX)",Stock,Purchase,"$15,001 - $50,000",32500.5,False,Self,1d31d4e4-ff04-488c-8fb4-b5136d4d078b,https://efdsearch.senate.gov/search/view/ptr/1d31d4e4-ff04-488c-8fb4-b5136d4d078b/,6d47eeeee7d99bf39dede6109bc8236071033721f0458f14a132c45c077c7036,senate-efd-electronic,explicit,0
H001061,John Hoeven,senate,Republican,ND,"SSAF14; SSAF16; SSAF17; SSAP01; SSAP02; SSAP17; SSAP19; SSAP22; SSAP24; SSEG01; SSEG07; Senate Committee on Agriculture, Nutrition, and Forestry; Senate Committee on Appropriations; Senate Committee on Energy and Natural Resources; Senate Committee on Indian Affairs",False,2015-01-16,2015-01-21,NOG,"Northern Oil and Gas, Inc. (AMEX)",Stock,Purchase,"$15,001 - $50,000",32500.5,False,Self,1d31d4e4-ff04-488c-8fb4-b5136d4d078b,https://efdsearch.senate.gov/search/view/ptr/1d31d4e4-ff04-488c-8fb4-b5136d4d078b/,6d47eeeee7d99bf39dede6109bc8236071033721f0458f14a132c45c077c7036,senate-efd-electronic,explicit,1
H001061,John Hoeven,senate,Republican,ND,"SSAF14; SSAF16; SSAF17; SSAP01; SSAP02; SSAP17; SSAP19; SSAP22; SSAP24; SSEG01; SSEG07; Senate Committee on Agriculture, Nutrition, and Forestry; Senate Committee on Appropriations; Senate Committee on Energy and Natural Resources; Senate Committee on Indian Affairs",False,2015-02-25,2015-03-09,ABBV,AbbVie Inc. (NYSE),Stock,Purchase,"$100,001 - $250,000",175000.5,False,Self,e6816aa7-0422-4cb5-99a4-fd51600c58ef,https://efdsearch.senate.gov/search/view/ptr/e6816aa7-0422-4cb5-99a4-fd51600c58ef/,cfac2c5cd8cb78471d5e82d52cf78b6864ffca33bdf1627a3ff6b4cb4009eba5,senate-efd-electronic,explicit,0
H001061,John Hoeven,senate,Republican,ND,"SSAF14; SSAF16; SSAF17; SSAP01; SSAP02; SSAP17; SSAP19; SSAP22; SSAP24; SSEG01; SSEG07; Senate Committee on Agriculture, Nutrition, and Forestry; Senate Committee on Appropriations; Senate Committee on Energy and Natural Resources; Senate Committee on Indian Affairs",False,2015-03-03,2015-03-09,CAT,Caterpillar Inc. (NYSE),Stock,Purchase,"$100,001 - $250,000",175000.5,False,Self,e6816aa7-0422-4cb5-99a4-fd51600c58ef,https://efdsearch.senate.gov/search/view/ptr/e6816aa7-0422-4cb5-99a4-fd51600c58ef/,26410e849925a1fbb9b71ecf84fe65127c114c210c0592c2d46f1eaaeaa7fb98,senate-efd-electronic,explicit,0
H001061,John Hoeven,senate,Republican,ND,"SSAF14; SSAF16; SSAF17; SSAP01; SSAP02; SSAP17; SSAP19; SSAP22; SSAP24; SSEG01; SSEG07; Senate Committee on Agriculture, Nutrition, and Forestry; Senate Committee on Appropriations; Senate Committee on Energy and Natural Resources; Senate Committee on Indian Affairs",False,2015-03-18,2015-04-06,PRPFX,Permanent Portfolio (NASDAQ),Stock,Sale (Partial),"$15,001 - $50,000",32500.5,False,Self,56d10154-dde9-44f8-acf1-484d819c443e,https://efdsearch.senate.gov/search/view/ptr/56d10154-dde9-44f8-acf1-484d819c443e/,955530c96e8c48c60053ffd9bd8d1b233fdfa1119b0d3e4a27800a485d760eba,senate-efd-electronic,explicit,0
H001061,John Hoeven,senate,Republican,ND,"SSAF14; SSAF16; SSAF17; SSAP01; SSAP02; SSAP17; SSAP19; SSAP22; SSAP24; SSEG01; SSEG07; Senate Committee on Agriculture, Nutrition, and Forestry; Senate Committee on Appropriations; Senate Committee on Energy and Natural Resources; Senate Committee on Indian Affairs",False,2015-03-20,2015-04-06,MDU,MDU Resources Group Inc. (NYSE),Stock,Purchase,"$100,001 - $250,000",175000.5,False,Self,56d10154-dde9-44f8-acf1-484d819c443e,https://efdsearch.senate.gov/search/view/ptr/56d10154-dde9-44f8-acf1-484d819c443e/,64d7117e0a0d38dc99ec1219977de3a2c910b4cb66c75ac5ff46ebab63c21581,senate-efd-electronic,explicit,0
H001061,John Hoeven,senate,Republican,ND,"SSAF14; SSAF16; SSAF17; SSAP01; SSAP02; SSAP17; SSAP19; SSAP22; SSAP24; SSEG01; SSEG07; Senate Committee on Agriculture, Nutrition, and Forestry; Senate Committee on Appropriations; Senate Committee on Energy and Natural Resources; Senate Committee on Indian Affairs",False,2015-07-06,2015-08-03,KHC,The Kraft Heinz Company (NASDAQ),Stock,Exchange,"$250,001 - $500,000",375000.5,False,Self,cff4b402-4a3c-4ebd-b4f1-9725e0dc5c12,https://efdsearch.senate.gov/search/view/ptr/cff4b402-4a3c-4ebd-b4f1-9725e0dc5c12/,4ab486d0b6eb8bb3a97d8697ad9a62346b2b25224c63d8c534593ebf2cd45e13,senate-efd-electronic,explicit,0
H001061,John Hoeven,senate,Republican,ND,"SSAF14; SSAF16; SSAF17; SSAP01; SSAP02; SSAP17; SSAP19; SSAP22; SSAP24; SSEG01; SSEG07; Senate Committee on Agriculture, Nutrition, and Forestry; Senate Committee on Appropriations; Senate Committee on Energy and Natural Resources; Senate Committee on Indian Affairs",False,2015-07-06,2015-08-03,KRFT,"Kraft Foods Group, Inc. (NASDAQ)",Stock,Exchange,"$250,001 - $500,000",375000.5,False,Self,cff4b402-4a3c-4ebd-b4f1-9725e0dc5c12,https://efdsearch.senate.gov/search/view/ptr/cff4b402-4a3c-4ebd-b4f1-9725e0dc5c12/,b6fa49648412d3adfa17253bed0105b59365f1683ccd9cb2c7df16ef4226a3ba,senate-efd-electronic,explicit,0
H001061,John Hoeven,senate,Republican,ND,"SSAF14; SSAF16; SSAF17; SSAP01; SSAP02; SSAP17; SSAP19; SSAP22; SSAP24; SSEG01; SSEG07; Senate Committee on Agriculture, Nutrition, and Forestry; Senate Committee on Appropriations; Senate Committee on Energy and Natural Resources; Senate Committee on Indian Affairs",False,2015-08-13,2015-09-08,TAP,Molson Coors Brewing Company (NYSE),Stock,Purchase,"$100,001 - $250,000",175000.5,False,Self,b4db91d7-1db0-4ceb-bfd4-5ad0b94694cd,https://efdsearch.senate.gov/search/view/ptr/b4db91d7-1db0-4ceb-bfd4-5ad0b94694cd/,95b8c8ed2bfe00975d6fef335fb7a4a90ef485f97f795ce02e917f7e9c29d2e3,senate-efd-electronic,explicit,0
H001061,John Hoeven,senate,Republican,ND,"SSAF14; SSAF16; SSAF17; SSAP01; SSAP02; SSAP17; SSAP19; SSAP22; SSAP24; SSEG01; SSEG07; Senate Committee on Agriculture, Nutrition, and Forestry; Senate Committee on Appropriations; Senate Committee on Energy and Natural Resources; Senate Committee on Indian Affairs",False,2015-08-13,2015-09-08,RL,Ralph Lauren Corporation (NYSE),Stock,Purchase,"$50,001 - $100,000",75000.5,False,Self,b4db91d7-1db0-4ceb-bfd4-5ad0b94694cd,https://efdsearch.senate.gov/search/view/ptr/b4db91d7-1db0-4ceb-bfd4-5ad0b94694cd/,03674d80ff21b93405506b3e0980b3e7c9d193cfe3a3b1f69294a907109daa2d,senate-efd-electronic,explicit,0
H001061,John Hoeven,senate,Republican,ND,"SSAF14; SSAF16; SSAF17; SSAP01; SSAP02; SSAP17; SSAP19; SSAP22; SSAP24; SSEG01; SSEG07; Senate Committee on Agriculture, Nutrition, and Forestry; Senate Committee on Appropriations; Senate Committee on Energy and Natural Resources; Senate Committee on Indian Affairs",False,2015-08-13,2015-09-08,JCI,Johnson Controls Inc. (NYSE),Stock,Purchase,"$100,001 - $250,000",175000.5,False,Self,b4db91d7-1db0-4ceb-bfd4-5ad0b94694cd,https://efdsearch.senate.gov/search/view/ptr/b4db91d7-1db0-4ceb-bfd4-5ad0b94694cd/,dd2898bf02bec715f6459884702be27de15307dd7d407fe154e5401a97f70450,senate-efd-electronic,explicit,0
H001061,John Hoeven,senate,Republican,ND,"SSAF14; SSAF16; SSAF17; SSAP01; SSAP02; SSAP17; SSAP19; SSAP22; SSAP24; SSEG01; SSEG07; Senate Committee on Agriculture, Nutrition, and Forestry; Senate Committee on Appropriations; Senate Committee on Energy and Natural Resources; Senate Committee on Indian Affairs",False,2015-11-13,2015-11-30,LINE,LINE,Stock,Sale (Full),"$1,001 - $15,000",8000.5,False,Self,ba1bbc22-bad7-4ea6-98f6-e557a1b498ad,https://efdsearch.senate.gov/search/view/ptr/ba1bbc22-bad7-4ea6-98f6-e557a1b498ad/,4da015b246a459e35b470c6c0b340abd64e8831b06aab18296a7b320b9583699,senate-efd-electronic,asset_name,0
H001061,John Hoeven,senate,Republican,ND,"SSAF14; SSAF16; SSAF17; SSAP01; SSAP02; SSAP17; SSAP19; SSAP22; SSAP24; SSEG01; SSEG07; Senate Committee on Agriculture, Nutrition, and Forestry; Senate Committee on Appropriations; Senate Committee on Energy and Natural Resources; Senate Committee on Indian Affairs",False,2015-11-13,2015-11-30,VNR,VNR,Stock,Sale (Full),"$15,001 - $50,000",32500.5,False,Self,ba1bbc22-bad7-4ea6-98f6-e557a1b498ad,https://efdsearch.senate.gov/search/view/ptr/ba1bbc22-bad7-4ea6-98f6-e557a1b498ad/,49bd79f7a3ae99f4923f804c34573714e1331dbcd1c681a2d05d0b0f6d5782f1,senate-efd-electronic,asset_name,0
H001061,John Hoeven,senate,Republican,ND,"SSAF14; SSAF16; SSAF17; SSAP01; SSAP02; SSAP17; SSAP19; SSAP22; SSAP24; SSEG01; SSEG07; Senate Committee on Agriculture, Nutrition, and Forestry; Senate Committee on Appropriations; Senate Committee on Energy and Natural Resources; Senate Committee on Indian Affairs",False,2015-11-13,2015-11-30,LGCY,LGCY,Stock,Sale (Full),"$1,001 - $15,000",8000.5,False,Self,ba1bbc22-bad7-4ea6-98f6-e557a1b498ad,https://efdsearch.senate.gov/search/view/ptr/ba1bbc22-bad7-4ea6-98f6-e557a1b498ad/,6217defdeba432d61ad48d943fecd155cae7d85c59c140c58297ec68cd731321,senate-efd-electronic,asset_name,0
H001061,John Hoeven,senate,Republican,ND,"SSAF14; SSAF16; SSAF17; SSAP01; SSAP02; SSAP17; SSAP19; SSAP22; SSAP24; SSEG01; SSEG07; Senate Committee on Agriculture, Nutrition, and Forestry; Senate Committee on Appropriations; Senate Committee on Energy and Natural Resources; Senate Committee on Indian Affairs",False,2015-11-13,2015-11-30,ETP,ETP,Stock,Sale (Full),"$50,001 - $100,000",75000.5,False,Self,ba1bbc22-bad7-4ea6-98f6-e557a1b498ad,https://efdsearch.senate.gov/search/view/ptr/ba1bbc22-bad7-4ea6-98f6-e557a1b498ad/,f4d60f1456b8d21e745b9eecd05d2fac4046a6616eecb9cafab1247e6c07fc20,senate-efd-electronic,asset_name,0
H001061,John Hoeven,senate,Republican,ND,"SSAF14; SSAF16; SSAF17; SSAP01; SSAP02; SSAP17; SSAP19; SSAP22; SSAP24; SSEG01; SSEG07; Senate Committee on Agriculture, Nutrition, and Forestry; Senate Committee on Appropriations; Senate Committee on Energy and Natural Resources; Senate Committee on Indian Affairs",False,2015-11-13,2015-11-30,CG,CG,Stock,Sale (Full),"$50,001 - $100,000",75000.5,False,Self,ba1bbc22-bad7-4ea6-98f6-e557a1b498ad,https://efdsearch.senate.gov/search/view/ptr/ba1bbc22-bad7-4ea6-98f6-e557a1b498ad/,292cd678cfd546c1584291f0ad23e702b438994bebae35be62ff531912857801,senate-efd-electronic,asset_name,0
H001061,John Hoeven,senate,Republican,ND,"SSAF14; SSAF16; SSAF17; SSAP01; SSAP02; SSAP17; SSAP19; SSAP22; SSAP24; SSEG01; SSEG07; Senate Committee on Agriculture, Nutrition, and Forestry; Senate Committee on Appropriations; Senate Committee on Energy and Natural Resources; Senate Committee on Indian Affairs",False,2015-11-25,2015-12-16,,PFE - Pfizer Inc. (NYSE),Stock,Sale (Full),"$100,001 - $250,000",175000.5,False,Self,c1067ff0-3436-4043-aa66-ec3ca0852747,https://efdsearch.senate.gov/search/view/ptr/c1067ff0-3436-4043-aa66-ec3ca0852747/,3329a8c9df6ac276e886315a117cb25a84a1c91701c3acee0a7f317884a45dfb,senate-efd-electronic,none,0
H001061,John Hoeven,senate,Republican,ND,"SSAF14; SSAF16; SSAF17; SSAP01; SSAP02; SSAP17; SSAP19; SSAP22; SSAP24; SSEG01; SSEG07; Senate Committee on Agriculture, Nutrition, and Forestry; Senate Committee on Appropriations; Senate Committee on Energy and Natural Resources; Senate Committee on Indian Affairs",False,2015-11-30,2015-12-21,,KMI - Kinder Morgan Inc (NYSE),Stock,Sale (Full),"$15,001 - $50,000",32500.5,False,Self,832176d5-2cb0-4878-973d-b69b59a15499,https://efdsearch.senate.gov/search/view/ptr/832176d5-2cb0-4878-973d-b69b59a15499/,48ab49f432500b08304d10279bba2ee643a8a471224b09e9c3f448dfa676c901,senate-efd-electronic,none,0
H001061,John Hoeven,senate,Republican,ND,"SSAF14; SSAF16; SSAF17; SSAP01; SSAP02; SSAP17; SSAP19; SSAP22; SSAP24; SSEG01; SSEG07; Senate Committee on Agriculture, Nutrition, and Forestry; Senate Committee on Appropriations; Senate Committee on Energy and Natural Resources; Senate Committee on Indian Affairs",False,2015-12-02,2015-12-16,,"NOG - Northern Oil & Gas, Inc. (AMEX)",Stock,Sale (Full),"$15,001 - $50,000",32500.5,False,Self,c1067ff0-3436-4043-aa66-ec3ca0852747,https://efdsearch.senate.gov/search/view/ptr/c1067ff0-3436-4043-aa66-ec3ca0852747/,c3a7cacccb21b046926d41816cf0580af6d494bcc9b29923ab1317b1677c77b3,senate-efd-electronic,none,0
H001061,John Hoeven,senate,Republican,ND,"SSAF14; SSAF16; SSAF17; SSAP01; SSAP02; SSAP17; SSAP19; SSAP22; SSAP24; SSEG01; SSEG07; Senate Committee on Agriculture, Nutrition, and Forestry; Senate Committee on Appropriations; Senate Committee on Energy and Natural Resources; Senate Committee on Indian Affairs",False,2015-12-07,2015-12-16,,"ADP - Automatic Data Processing, Inc. (NASDAQ)",Stock,Sale (Full),"$100,001 - $250,000",175000.5,False,Self,c1067ff0-3436-4043-aa66-ec3ca0852747,https://efdsearch.senate.gov/search/view/ptr/c1067ff0-3436-4043-aa66-ec3ca0852747/,f43f38a7f4ff16067f74a80b4309df09902a71c67442b25ddb6a3873bed2758b,senate-efd-electronic,none,0
H001061,John Hoeven,senate,Republican,ND,"SSAF14; SSAF16; SSAF17; SSAP01; SSAP02; SSAP17; SSAP19; SSAP22; SSAP24; SSEG01; SSEG07; Senate Committee on Agriculture, Nutrition, and Forestry; Senate Committee on Appropriations; Senate Committee on Energy and Natural Resources; Senate Committee on Indian Affairs",False,2015-12-07,2015-12-16,,CMI - Cummins Inc. (NYSE),Stock,Sale (Full),"$50,001 - $100,000",75000.5,False,Self,c1067ff0-3436-4043-aa66-ec3ca0852747,https://efdsearch.senate.gov/search/view/ptr/c1067ff0-3436-4043-aa66-ec3ca0852747/,ad82e832a5ab445cb401eed7784a0eabe47632c5bab272f3c8eabb386f48e05c,senate-efd-electronic,none,0
M001183,"Joseph Manchin, III",senate,Independent,WV,,False,2014-11-24,2015-05-27,,"West Virginia Growth Investment LLC  Company: West Virginia Growth Investment LLC  (Charleston, WV)  Description: Investment fund formed to invest in small businesses that operate in and around West Virginia",Non-Public Stock,Purchase,"$15,001 - $50,000",32500.5,False,Spouse,caaaf8bc-5e68-42de-ae59-4cfcaedecb12,https://efdsearch.senate.gov/search/view/ptr/caaaf8bc-5e68-42de-ae59-4cfcaedecb12/,9a889d0f8751c7d3ce31cb5bb513b13d3ac7ed76c1f77a3788e5348cf023a739,senate-efd-electronic,none,0
M001183,"Joseph Manchin, III",senate,Independent,WV,,False,2014-11-24,2015-05-27,,"West Virginia Growth Investment LLC  Company: nChannel, Inc.  (Columbus, OH)  Description: Software company providing cloud-based, multi-channel software for retail companies",Non-Public Stock,Purchase,"$1,001 - $15,000",8000.5,False,Spouse,caaaf8bc-5e68-42de-ae59-4cfcaedecb12,https://efdsearch.senate.gov/search/view/ptr/caaaf8bc-5e68-42de-ae59-4cfcaedecb12/,6b316db2e9c6a6fce3ac3ea17950c8d2c49342ac84fdea57ed57cdb203ae0113,senate-efd-electronic,none,0
M001183,"Joseph Manchin, III",senate,Independent,WV,,False,2015-04-14,2015-05-27,,"West Virginia Growth Investment LLC  Company: PECA Labs Inc.  (Pittsburgh, PA)  Description: A medical device company focused on bringing new solutions to underserved populations.",Non-Public Stock,Purchase,"$1,001 - $15,000",8000.5,False,Spouse,caaaf8bc-5e68-42de-ae59-4cfcaedecb12,https://efdsearch.senate.gov/search/view/ptr/caaaf8bc-5e68-42de-ae59-4cfcaedecb12/,d2a20a2c1c85cec1b856a44d0792bf11e18eeb3396294ac25fa180010593026a,senate-efd-electronic,none,0
M001183,"Joseph Manchin, III",senate,Independent,WV,,False,2015-04-14,2015-05-27,,"West Virginia Growth Investment LLC  Company: VCalc LLC  (Frederick, MD)  Description: Social media productivity company that is building a calculator for the web and mobile devices.",Non-Public Stock,Purchase,"$1,001 - $15,000",8000.5,False,Spouse,caaaf8bc-5e68-42de-ae59-4cfcaedecb12,https://efdsearch.senate.gov/search/view/ptr/caaaf8bc-5e68-42de-ae59-4cfcaedecb12/,8933cad6a4acdcdd016000f8507ed3be22a27fb211c6a321ff4253e33ec4a27d,senate-efd-electronic,none,0
M001183,"Joseph Manchin, III",senate,Independent,WV,,False,2015-05-12,2015-05-27,,"West Virginia Growth Investment LLC  Company: Care 24/7 LLC  (Knoxville, TN)  Description: A health care service and technology company that coordinates and explains treatment recommendations for patients with serious illnesses.",Non-Public Stock,Purchase,"$1,001 - $15,000",8000.5,False,Spouse,caaaf8bc-5e68-42de-ae59-4cfcaedecb12,https://efdsearch.senate.gov/search/view/ptr/caaaf8bc-5e68-42de-ae59-4cfcaedecb12/,2ecf0336c59a3c9b5e25ffa445c7cecae6a42c93b9d3c227006bfb15dec4d2c2,senate-efd-electronic,none,0
A000360,Lamar Alexander,senate,Republican,TN,,False,2012-06-14,2015-09-23,,Metro Govt TN GO  Rate/Coupon: 4.5  Matures: 05/15/2030,Municipal Security,Sale (Full),"$15,001 - $50,000",32500.5,False,Spouse,86e969b3-64e7-4a51-84d7-da82847b501e,https://efdsearch.senate.gov/search/view/ptr/86e969b3-64e7-4a51-84d7-da82847b501e/,a2f1c100c78b3ed076b2688a843d65c1a34ab3e02b6ee6beec09b3a18c648a3d,senate-efd-electronic,none,0
A000360,Lamar Alexander,senate,Republican,TN,,False,2012-10-24,2015-09-23,,Franklin County TN Health  Rate/Coupon: 4.0  Matures: 09/01/2023,Municipal Security,Purchase,"$50,001 - $100,000",75000.5,False,Spouse,86e969b3-64e7-4a51-84d7-da82847b501e,https://efdsearch.senate.gov/search/view/ptr/86e969b3-64e7-4a51-84d7-da82847b501e/,5fd54ac8302e31d2311ee19f19e5a4a0085f6b8392e2e24946e23030d2cc2cf8,senate-efd-electronic,none,0
A000360,Lamar Alexander,senate,Republican,TN,,False,2012-11-01,2015-09-23,,Memphis-Shelby County  Rate/Coupon: 5.5  Matures: 11/01/2017,Municipal Security,Sale (Full),"$50,001 - $100,000",75000.5,False,Spouse,86e969b3-64e7-4a51-84d7-da82847b501e,https://efdsearch.senate.gov/search/view/ptr/86e969b3-64e7-4a51-84d7-da82847b501e/,34340a9d8f1f6a6d552e0afeaf15423cf016bb0f504a1bf3743eb21a12176be4,senate-efd-electronic,none,0
A000360,Lamar Alexander,senate,Republican,TN,,False,2013-02-26,2015-09-23,,Tullahoma TN  Rate/Coupon: 1.0  Matures: 10/01/2013,Municipal Security,Purchase,"$50,001 - $100,000",75000.5,False,Spouse,86e969b3-64e7-4a51-84d7-da82847b501e,https://efdsearch.senate.gov/search/view/ptr/86e969b3-64e7-4a51-84d7-da82847b501e/,10d16cfcfefd13034a4bc936e31fa7ac2b55e465d3cab0c29f62078055ab934a,senate-efd-electronic,none,0
A000360,Lamar Alexander,senate,Republican,TN,,False,2013-03-06,2015-09-23,,Memphis TN Sewer System  Rate/Coupon: 4.2  Matures: 10/01/2022,Municipal Security,Purchase,"$15,001 - $50,000",32500.5,False,Spouse,86e969b3-64e7-4a51-84d7-da82847b501e,https://efdsearch.senate.gov/search/view/ptr/86e969b3-64e7-4a51-84d7-da82847b501e/,c403eb62cd5b792a9155d4503861b208c360d3d2589c46d04467e51a46378af2,senate-efd-electronic,none,0
A000360,Lamar Alexander,senate,Republican,TN,,False,2013-03-07,2015-09-23,,Houston Texas Utility Board  Rate/Coupon: .94  Matures: 05/15/2034,Municipal Security,Purchase,"$15,001 - $50,000",32500.5,False,Spouse,86e969b3-64e7-4a51-84d7-da82847b501e,https://efdsearch.senate.gov/search/view/ptr/86e969b3-64e7-4a51-84d7-da82847b501e/,714d5f31bef531f63dd69c35a05799b2e13f13622f512f7c7e2b44d2935c141a,senate-efd-electronic,none,0
A000360,Lamar Alexander,senate,Republican,TN,,False,2013-03-26,2015-09-23,,Houston Texas Utility Board  Rate/Coupon: .94  Matures: 05/15/2034,Municipal Security,Sale (Full),"$15,001 - $50,000",32500.5,False,Spouse,86e969b3-64e7-4a51-84d7-da82847b501e,https://efdsearch.senate.gov/search/view/ptr/86e969b3-64e7-4a51-84d7-da82847b501e/,b8a4cf81fabe09641d54505fa2e6f9c6f71dc49705e4c44707b3172338f1bf32,senate-efd-electronic,none,0
A000360,Lamar Alexander,senate,Republican,TN,,False,2013-05-17,2015-09-23,,Metro Gov Nashville & Davidson  Rate/Coupon: 5.0  Matures: 10/01/2016,Municipal Security,Purchase,"$50,001 - $100,000",75000.5,False,Spouse,86e969b3-64e7-4a51-84d7-da82847b501e,https://efdsearch.senate.gov/search/view/ptr/86e969b3-64e7-4a51-84d7-da82847b501e/,3505742ba023ca9fb29ab449e59463c4f1e10225227a73df0cf1a60315b8a5c3,senate-efd-electronic,none,0
A000360,Lamar Alexander,senate,Republican,TN,,False,2013-10-17,2015-09-23,,Bristol TN Electric  Rate/Coupon: 5.0  Matures: 09/01/2026,Municipal Security,Purchase,"$50,001 - $100,000",75000.5,False,Spouse,86e969b3-64e7-4a51-84d7-da82847b501e,https://efdsearch.senate.gov/search/view/ptr/86e969b3-64e7-4a51-84d7-da82847b501e/,51a01dc5382f9c82d8401c4f7384d41d1925f170aa88eab42035f833db120fc0,senate-efd-electronic,none,0
A000360,Lamar Alexander,senate,Republican,TN,,False,2013-12-01,2015-09-23,,Memphis TN Electric System GO Bond  Rate/Coupon: 5.0  Matures: 12/01/2017,Municipal Security,Sale (Full),"$15,001 - $50,000",32500.5,False,Spouse,86e969b3-64e7-4a51-84d7-da82847b501e,https://efdsearch.senate.gov/search/view/ptr/86e969b3-64e7-4a51-84d7-da82847b501e/,e77e235d06854a53be14a5a873d448920b44ce3dbc1e3eb69986b9d4ff19a8f8,senate-efd-electronic,none,0
A000360,Lamar Alexander,senate,Republican,TN,,False,2014-01-29,2015-09-23,,Hendersonville Tenn Util Distric Water and Sewer  Rate/Coupon: 4.0  Matures: 08/01/2023,Municipal Security,Purchase,"$50,001 - $100,000",75000.5,False,Spouse,86e969b3-64e7-4a51-84d7-da82847b501e,https://efdsearch.senate.gov/search/view/ptr/86e969b3-64e7-4a51-84d7-da82847b501e/,47966464dba6b4f3d65b1241b0947789dad03be250261637b52e35bfe151091a,senate-efd-electronic,none,0
A000360,Lamar Alexander,senate,Republican,TN,,False,2014-05-01,2015-09-23,,Williamson County TN Rate/Coupon: 4.5  Matures: 05/01/2018,Municipal Security,Sale (Full),"$15,001 - $50,000",32500.5,False,Spouse,86e969b3-64e7-4a51-84d7-da82847b501e,https://efdsearch.senate.gov/search/view/ptr/86e969b3-64e7-4a51-84d7-da82847b501e/,8c7e3ac85a939b3e136c23a07dee85468ae5e88d9ca21c74de5fba1e1eff8971,senate-efd-electronic,none,0
A000360,Lamar Alexander,senate,Republican,TN,,False,2014-06-01,2015-09-23,,Metro Govt Nashville TN Go Bond  Rate/Coupon: 5.0  Matures: 10/01/2016,Municipal Security,Sale (Full),"$15,001 - $50,000",32500.5,False,Spouse,86e969b3-64e7-4a51-84d7-da82847b501e,https://efdsearch.senate.gov/search/view/ptr/86e969b3-64e7-4a51-84d7-da82847b501e/,000c8e938da2ad8cd4c722e5ef5599f42530cdbef6f6d427c6707cc4b82ddea5,senate-efd-electronic,none,0
A000360,Lamar Alexander,senate,Republican,TN,,False,2014-09-26,2015-09-23,,Dickson TN Go Bond  Rate/Coupon: 5.0  Matures: 9/1/2015,Municipal Security,Sale (Full),"$15,001 - $50,000",32500.5,False,Spouse,86e969b3-64e7-4a51-84d7-da82847b501e,https://efdsearch.senate.gov/search/view/ptr/86e969b3-64e7-4a51-84d7-da82847b501e/,e12586be0319d4fdc3d3c90b0f85bb3a090243c9c7c0b5679f016ee7cc540298,senate-efd-electronic,none,0
E000285,Michael  B Enzi,senate,Republican,WY,,False,2015-01-08,2015-01-12,,Minot North Dakota Airport Rev Series D  Rate/Coupon: 3.5%  Matures: 10/01/2030,Corporate Bond,Purchase,"$15,001 - $50,000",32500.5,False,Joint,17084d65-abba-41b4-a572-2825ab94fa9c,https://efdsearch.senate.gov/search/view/ptr/17084d65-abba-41b4-a572-2825ab94fa9c/,0b9d5d94c69ce574c585075483b67f5cb74ed7f5c2fb76bab73fe353a4e3c81e,senate-efd-electronic,none,0
E000285,Michael  B Enzi,senate,Republican,WY,,False,2015-06-03,2015-06-18,,MITCHELL SOUTH DAKOTA SCHOOL DISTRICT NUMBER 17-2 LIMITED TAX CAPITAL OUTLAY CERTIFICATES  Rate/Coupon: 3.2%  Matures: 06/15/2027,Municipal Security,Purchase,"$1,001 - $15,000",8000.5,False,Joint,ad134ff2-010c-4a8c-82cc-66414775c048,https://efdsearch.senate.gov/search/view/ptr/ad134ff2-010c-4a8c-82cc-66414775c048/,c471ef2f7a95abd619c22bbca88b383242d79e2c12ff8004dd6e188a075270f4,senate-efd-electronic,none,0
E000285,Michael  B Enzi,senate,Republican,WY,,False,2015-06-12,2015-06-18,,WYOMING COMMUNITY DEVELOPMENT AUTHORITY HOUSING REVENUE BONDS 2013 SERIES 2  Rate/Coupon: 3.75%  Matures: 12/01/2032,Municipal Security,Purchase,"$15,001 - $50,000",32500.5,False,Joint,ad134ff2-010c-4a8c-82cc-66414775c048,https://efdsearch.senate.gov/search/view/ptr/ad134ff2-010c-4a8c-82cc-66414775c048/,663de1a2a73965aee616c0074080fb3f26d317a00413b388fff7b2a59a8e94ec,senate-efd-electronic,none,0
E000285,Michael  B Enzi,senate,Republican,WY,,False,2015-08-25,2015-09-02,,Leander Texas Independent School Dist  Rate/Coupon: 0.0%  Matures: 08/15/2035,Municipal Security,Purchase,"$1,001 - $15,000",8000.5,False,Joint,20819b5e-4756-4fc4-bb40-3a1e79569a4d,https://efdsearch.senate.gov/search/view/ptr/20819b5e-4756-4fc4-bb40-3a1e79569a4d/,1d911a5caa943b664796b7887ce950e91c7e38075b9990850b09301956b3c9c3,senate-efd-electronic,none,0
R000307,Pat Roberts,senate,Republican,KS,,False,2014-08-26,2015-03-12,KSU,Kansas City Southern (NYSE),nan,Sale (Full),"$15,001 - $50,000",32500.5,False,Spouse,5cd214f8-14bd-41b3-bc95-0b930c7fecbc,https://efdsearch.senate.gov/search/view/ptr/5cd214f8-14bd-41b3-bc95-0b930c7fecbc/,3ba767fd2e401b16cb6b573af43eafc30aabcb99470b294ef0cbbebcb712ae2f,senate-efd-electronic,explicit,0
R000307,Pat Roberts,senate,Republican,KS,,False,2014-08-26,2015-03-12,COST,Costco Wholesale Corporation (NASDAQ),nan,Sale (Full),"$1,001 - $15,000",8000.5,False,Spouse,5cd214f8-14bd-41b3-bc95-0b930c7fecbc,https://efdsearch.senate.gov/search/view/ptr/5cd214f8-14bd-41b3-bc95-0b930c7fecbc/,3fad62ea4289cac35311349943e0c39502adca5714ad5adf2295d985ad628330,senate-efd-electronic,explicit,0
R000307,Pat Roberts,senate,Republican,KS,,False,2014-08-26,2015-03-12,TWTR,"Twitter, Inc. (NYSE)",nan,Sale (Partial),"$1,001 - $15,000",8000.5,False,Spouse,5cd214f8-14bd-41b3-bc95-0b930c7fecbc,https://efdsearch.senate.gov/search/view/ptr/5cd214f8-14bd-41b3-bc95-0b930c7fecbc/,527f5c6519ac0192d55c50c65991888e94c9cd809eab4730f64ea63737740b89,senate-efd-electronic,explicit,0
R000307,Pat Roberts,senate,Republican,KS,,False,2014-08-26,2015-03-12,BAC,Bank of America Corporation (NYSE),nan,Sale (Partial),"$1,001 - $15,000",8000.5,False,Spouse,5cd214f8-14bd-41b3-bc95-0b930c7fecbc,https://efdsearch.senate.gov/search/view/ptr/5cd214f8-14bd-41b3-bc95-0b930c7fecbc/,ff9e1b546a2781571e3fc31c6ea0ef0f450419f7689ba8435d0e40e6fa8cf961,senate-efd-electronic,explicit,0
R000307,Pat Roberts,senate,Republican,KS,,False,2014-08-26,2015-03-12,AAPL,Apple Inc. (NASDAQ),Stock,Sale (Partial),"$15,001 - $50,000",32500.5,False,Spouse,5cd214f8-14bd-41b3-bc95-0b930c7fecbc,https://efdsearch.senate.gov/search/view/ptr/5cd214f8-14bd-41b3-bc95-0b930c7fecbc/,473e477c8e28c2fb5f3ea2e0ea5b93b1d825ee25a806b2335c0d428e87abdbe3,senate-efd-electronic,explicit,0
R000307,Pat Roberts,senate,Republican,KS,,False,2014-12-11,2015-01-05,MIK,"The Michaels Companies, Inc. (NASDAQ)",Stock,Purchase,"$1,001 - $15,000",8000.5,False,Spouse,fcfa1745-5a76-4899-8541-7012c66b5f04,https://efdsearch.senate.gov/search/view/ptr/fcfa1745-5a76-4899-8541-7012c66b5f04/,96732551164a470b3c8a0faa87696f8b0580f4dbfd6ee77f9dbe640760cd9180,senate-efd-electronic,explicit,0
R000307,Pat Roberts,senate,Republican,KS,,False,2014-12-12,2015-01-05,BAC,Bank of America Corporation (NYSE),Stock,Sale (Full),"$1,001 - $15,000",8000.5,False,Spouse,fcfa1745-5a76-4899-8541-7012c66b5f04,https://efdsearch.senate.gov/search/view/ptr/fcfa1745-5a76-4899-8541-7012c66b5f04/,280a63fbff5e62442b662f7f6968bcc04f72b060a4bc08ee6372cf36c46ae9a6,senate-efd-electronic,explicit,0
R000307,Pat Roberts,senate,Republican,KS,,False,2014-12-12,2015-01-05,XOM,Exxon Mobil Corporation (NYSE),Stock,Sale (Full),"$1,001 - $15,000",8000.5,False,Spouse,fcfa1745-5a76-4899-8541-7012c66b5f04,https://efdsearch.senate.gov/search/view/ptr/fcfa1745-5a76-4899-8541-7012c66b5f04/,051c65bdc6878a3535bdb7e780d575930c8103f9717b9937676347981a6179bb,senate-efd-electronic,explicit,0
R000307,Pat Roberts,senate,Republican,KS,,False,2014-12-19,2015-01-05,BA,The Boeing Company (NYSE),Stock,Purchase,"$1,001 - $15,000",8000.5,False,Spouse,fcfa1745-5a76-4899-8541-7012c66b5f04,https://efdsearch.senate.gov/search/view/ptr/fcfa1745-5a76-4899-8541-7012c66b5f04/,a8bb3078dc4b50122bd06c24b9acdcf5991be32fd989c81b73af1ef0d0d36656,senate-efd-electronic,explicit,0
R000307,Pat Roberts,senate,Republican,KS,,False,2015-01-02,2015-02-04,TWTR,"Twitter, Inc. (NYSE)",Stock,Purchase,"$1,001 - $15,000",8000.5,False,Spouse,591ce7b1-e710-4f58-842a-f226650f6ab6,https://efdsearch.senate.gov/search/view/ptr/591ce7b1-e710-4f58-842a-f226650f6ab6/,d5411e260bedc1836a684a34ae7d3753cf57eb69bdb01df20e433d05ee5b6b7f,senate-efd-electronic,explicit,0
R000307,Pat Roberts,senate,Republican,KS,,False,2015-01-02,2015-02-04,TCS,"The Container Store Group, Inc. (NYSE)",Stock,Purchase,"$1,001 - $15,000",8000.5,False,Spouse,591ce7b1-e710-4f58-842a-f226650f6ab6,https://efdsearch.senate.gov/search/view/ptr/591ce7b1-e710-4f58-842a-f226650f6ab6/,03c72c198a09ac472d24fae97e64c8f5a65bafb4210e03cfd9823ea4ad63ddb9,senate-efd-electronic,explicit,0
R000307,Pat Roberts,senate,Republican,KS,,False,2015-01-16,2015-02-04,TCS,"The Container Store Group, Inc. (NYSE)",Stock,Sale (Partial),"$1,001 - $15,000",8000.5,False,Spouse,591ce7b1-e710-4f58-842a-f226650f6ab6,https://efdsearch.senate.gov/search/view/ptr/591ce7b1-e710-4f58-842a-f226650f6ab6/,116952555379fe0738371affe18b9121caf3d97c04d3be586ef834e6cf713fd4,senate-efd-electronic,explicit,0
R000307,Pat Roberts,senate,Republican,KS,,False,2015-01-16,2015-02-04,NFLX,"Netflix, Inc. (NASDAQ)",Stock,Sale (Partial),"$15,001 - $50,000",32500.5,False,Spouse,591ce7b1-e710-4f58-842a-f226650f6ab6,https://efdsearch.senate.gov/search/view/ptr/591ce7b1-e710-4f58-842a-f226650f6ab6/,9f4e44ec1ec30b75516190a1cefb200924f4ef66c162858455ae66c275f05fda,senate-efd-electronic,explicit,0
R000307,Pat Roberts,senate,Republican,KS,,False,2015-01-16,2015-02-04,ZNGA,"Zynga, Inc. (NASDAQ)",Stock,Sale (Partial),"$1,001 - $15,000",8000.5,False,Spouse,591ce7b1-e710-4f58-842a-f226650f6ab6,https://efdsearch.senate.gov/search/view/ptr/591ce7b1-e710-4f58-842a-f226650f6ab6/,ae14d4031882e76266dbab0c50646bac15b3ba9a2a2fd3362771913dd2565233,senate-efd-electronic,explicit,0
R000307,Pat Roberts,senate,Republican,KS,,False,2015-01-27,2015-02-04,NFLX,"Netflix, Inc. (NASDAQ)",Stock,Purchase,"$15,001 - $50,000",32500.5,False,Spouse,591ce7b1-e710-4f58-842a-f226650f6ab6,https://efdsearch.senate.gov/search/view/ptr/591ce7b1-e710-4f58-842a-f226650f6ab6/,59dadcd948182e7917e696e110f839c5b7da1809c60cd1f5864e1202a55bbb88,senate-efd-electronic,explicit,0
R000307,Pat Roberts,senate,Republican,KS,,False,2015-01-28,2015-02-04,AAPL,Apple Inc. (NASDAQ),Stock,Purchase,"$1,001 - $15,000",8000.5,False,Spouse,591ce7b1-e710-4f58-842a-f226650f6ab6,https://efdsearch.senate.gov/search/view/ptr/591ce7b1-e710-4f58-842a-f226650f6ab6/,fe4b1e8377d6a864649d5b8c26797725de6d04ba90139861e01af013be566daa,senate-efd-electronic,explicit,0
R000307,Pat Roberts,senate,Republican,KS,,False,2015-01-28,2015-02-04,BIDU,"Baidu, Inc. (NASDAQ)",Stock,Purchase,"$15,001 - $50,000",32500.5,False,Spouse,591ce7b1-e710-4f58-842a-f226650f6ab6,https://efdsearch.senate.gov/search/view/ptr/591ce7b1-e710-4f58-842a-f226650f6ab6/,56af931a4a41d82bbaccc279a61603218b1b5dd9eeb043ffd9c4840c02516972,senate-efd-electronic,explicit,0
R000307,Pat Roberts,senate,Republican,KS,,False,2015-02-05,2015-03-05,DVN,Devon Energy Corporation (NYSE),Stock,Purchase,"$1,001 - $15,000",8000.5,False,Spouse,b51eca09-bc7d-447a-8cdc-e6066b910541,https://efdsearch.senate.gov/search/view/ptr/b51eca09-bc7d-447a-8cdc-e6066b910541/,4347fb7e2200dacde236eaea48e7f933f5e84779b7072114a0d62c5deb66574d,senate-efd-electronic,explicit,0
R000307,Pat Roberts,senate,Republican,KS,,False,2015-02-05,2015-03-05,GM,General Motors Company (NYSE),Stock,Purchase,"$1,001 - $15,000",8000.5,False,Spouse,b51eca09-bc7d-447a-8cdc-e6066b910541,https://efdsearch.senate.gov/search/view/ptr/b51eca09-bc7d-447a-8cdc-e6066b910541/,507a772f7d91e878fdc52535f385518063b4bc7ddd4fc1bc952365ef4b4e4f1f,senate-efd-electronic,explicit,0
R000307,Pat Roberts,senate,Republican,KS,,False,2015-02-05,2015-03-05,CELG,Celgene Corporation (NASDAQ),Stock,Purchase,"$1,001 - $15,000",8000.5,False,Spouse,b51eca09-bc7d-447a-8cdc-e6066b910541,https://efdsearch.senate.gov/search/view/ptr/b51eca09-bc7d-447a-8cdc-e6066b910541/,8b3a0b83ff60f987059c7eeb691e9f8da907433c1e8ea0584980e3e70b66e0da,senate-efd-electronic,explicit,0
R000307,Pat Roberts,senate,Republican,KS,,False,2015-02-10,2015-03-05,MIK,"The Michaels Companies, Inc. (NASDAQ)",Stock,Sale (Full),"$1,001 - $15,000",8000.5,False,Spouse,b51eca09-bc7d-447a-8cdc-e6066b910541,https://efdsearch.senate.gov/search/view/ptr/b51eca09-bc7d-447a-8cdc-e6066b910541/,d8e3d7cfc28790f859fa40977603403b055c4fc2372a1d086707848a707a43a9,senate-efd-electronic,explicit,0
R000307,Pat Roberts,senate,Republican,KS,,False,2015-03-02,2015-03-24,BIDU,"Baidu, Inc. (NASDAQ)",Stock,Purchase,"$1,001 - $15,000",8000.5,False,Spouse,9e736ac9-65e1-44d7-a543-8e4893e0e0a7,https://efdsearch.senate.gov/search/view/ptr/9e736ac9-65e1-44d7-a543-8e4893e0e0a7/,50b6c520d834924da77568bfc44002fc495a337596d023d4b6015711dafc26cf,senate-efd-electronic,explicit,0
R000307,Pat Roberts,senate,Republican,KS,,False,2015-03-04,2015-03-24,BABA,Alibaba Group Holding Limited (NYSE),Stock,Purchase,"$1,001 - $15,000",8000.5,False,Spouse,9e736ac9-65e1-44d7-a543-8e4893e0e0a7,https://efdsearch.senate.gov/search/view/ptr/9e736ac9-65e1-44d7-a543-8e4893e0e0a7/,6def3d3f776dc96901e49bc002415382bcff6c68c9cb6280cd2ff457e8c48f43,senate-efd-electronic,explicit,0
R000307,Pat Roberts,senate,Republican,KS,,False,2015-03-04,2015-03-24,NFLX,"Netflix, Inc. (NASDAQ)",Stock,Sale (Full),"$50,001 - $100,000",75000.5,False,Spouse,9e736ac9-65e1-44d7-a543-8e4893e0e0a7,https://efdsearch.senate.gov/search/view/ptr/9e736ac9-65e1-44d7-a543-8e4893e0e0a7/,5b3463603713efe19c6fb00f3cd0ff3ea7f97f7a04d140435ef8e1ce53ef4e91,senate-efd-electronic,explicit,0
R000307,Pat Roberts,senate,Republican,KS,,False,2015-03-06,2015-03-24,ETY,Eaton Vance Tax-Managed Diversi (NYSE),Stock,Purchase,"$1,001 - $15,000",8000.5,False,Spouse,9e736ac9-65e1-44d7-a543-8e4893e0e0a7,https://efdsearch.senate.gov/search/view/ptr/9e736ac9-65e1-44d7-a543-8e4893e0e0a7/,3033e9ab02725d8f652c39e3da5a0e08d11974bd4fd7940a39fe9fd1039e3e52,senate-efd-electronic,explicit,0
R000307,Pat Roberts,senate,Republican,KS,,False,2015-03-06,2015-03-24,COST,Costco Wholesale Corporation (NASDAQ),Stock,Purchase,"$1,001 - $15,000",8000.5,False,Spouse,9e736ac9-65e1-44d7-a543-8e4893e0e0a7,https://efdsearch.senate.gov/search/view/ptr/9e736ac9-65e1-44d7-a543-8e4893e0e0a7/,e2d40602d88c8fb7fce68205791588b423b8ba2f8914efe427e197e48d854441,senate-efd-electronic,explicit,0
R000307,Pat Roberts,senate,Republican,KS,,False,2015-03-06,2015-03-24,SBUX,Starbucks Corporation (NASDAQ),Stock,Purchase,"$1,001 - $15,000",8000.5,False,Spouse,9e736ac9-65e1-44d7-a543-8e4893e0e0a7,https://efdsearch.senate.gov/search/view/ptr/9e736ac9-65e1-44d7-a543-8e4893e0e0a7/,a5c377ddbda237ee25ea07e6a763c507c24af6530e8e25edcec168916110d052,senate-efd-electronic,explicit,0
R000307,Pat Roberts,senate,Republican,KS,,False,2015-03-09,2015-03-24,AMZN,Amazon.com Inc. (NASDAQ),Stock,Sale (Full),"$15,001 - $50,000",32500.5,False,Spouse,9e736ac9-65e1-44d7-a543-8e4893e0e0a7,https://efdsearch.senate.gov/search/view/ptr/9e736ac9-65e1-44d7-a543-8e4893e0e0a7/,bbcdd5eb0fc44c2f2a548801c7e9417d96bcc70f2cb5daeaa3bc3d6c0e77f84f,senate-efd-electronic,explicit,0
R000307,Pat Roberts,senate,Republican,KS,,False,2015-03-11,2015-03-24,BA,The Boeing Company (NYSE),Stock,Sale (Full),"$15,001 - $50,000",32500.5,False,Spouse,9e736ac9-65e1-44d7-a543-8e4893e0e0a7,https://efdsearch.senate.gov/search/view/ptr/9e736ac9-65e1-44d7-a543-8e4893e0e0a7/,2e8d7fbf1dd79ac2420d521f4c1b433491c8d23741778e8db31ee137a10e49e9,senate-efd-electronic,explicit,0
R000307,Pat Roberts,senate,Republican,KS,,False,2015-03-11,2015-03-24,AAPL,Apple Inc. (NASDAQ),Stock,Sale (Full),"$1,001 - $15,000",8000.5,False,Spouse,9e736ac9-65e1-44d7-a543-8e4893e0e0a7,https://efdsearch.senate.gov/search/view/ptr/9e736ac9-65e1-44d7-a543-8e4893e0e0a7/,439da4a599d20ecba8d7c6be2a39692f2cf2a9839b102eb170c1ac77facfc5d7,senate-efd-electronic,explicit,0
R000307,Pat Roberts,senate,Republican,KS,,False,2015-03-11,2015-03-24,BABA,Alibaba Group Holding Limited (NYSE),Stock,Sale (Full),"$1,001 - $15,000",8000.5,False,Spouse,9e736ac9-65e1-44d7-a543-8e4893e0e0a7,https://efdsearch.senate.gov/search/view/ptr/9e736ac9-65e1-44d7-a543-8e4893e0e0a7/,8106ef46c885eb9ceb796ba883fc95c570d2e74ea6afb06e467df8fcafacf778,senate-efd-electronic,explicit,0
R000307,Pat Roberts,senate,Republican,KS,,False,2015-03-13,2015-03-24,ETY,Eaton Vance Tax-Managed Diversi (NYSE),Stock,Purchase,"$15,001 - $50,000",32500.5,False,Spouse,9e736ac9-65e1-44d7-a543-8e4893e0e0a7,https://efdsearch.senate.gov/search/view/ptr/9e736ac9-65e1-44d7-a543-8e4893e0e0a7/,58f3b972e32d1b21deb990b82c3138483dc9b4c53c82e42f8a70d02874a1b956,senate-efd-electronic,explicit,0
R000307,Pat Roberts,senate,Republican,KS,,False,2015-03-13,2015-03-24,ETY,Eaton Vance Tax-Managed Diversi (NYSE),Stock,Purchase,"$50,001 - $100,000",75000.5,False,Spouse,9e736ac9-65e1-44d7-a543-8e4893e0e0a7,https://efdsearch.senate.gov/search/view/ptr/9e736ac9-65e1-44d7-a543-8e4893e0e0a7/,80afae290f09128bfa3bc4350497470d9d8ef51080dbd3580ecc3c488268059b,senate-efd-electronic,explicit,0
R000307,Pat Roberts,senate,Republican,KS,,False,2015-03-13,2015-03-24,ETY,Eaton Vance Tax-Managed Diversi (NYSE),Stock,Purchase,"$1,001 - $15,000",8000.5,False,Spouse,9e736ac9-65e1-44d7-a543-8e4893e0e0a7,https://efdsearch.senate.gov/search/view/ptr/9e736ac9-65e1-44d7-a543-8e4893e0e0a7/,2e30229874a4cacf2cb4bf326ab1167dcb4ef07de3e0e3c17780332453cea2a2,senate-efd-electronic,explicit,0
R000307,Pat Roberts,senate,Republican,KS,,False,2015-03-16,2015-03-24,CVX,Chevron Corporation (NYSE),Stock,Purchase,"$1,001 - $15,000",8000.5,False,Spouse,9e736ac9-65e1-44d7-a543-8e4893e0e0a7,https://efdsearch.senate.gov/search/view/ptr/9e736ac9-65e1-44d7-a543-8e4893e0e0a7/,f27e2aa2d3c006ec813d3ec56ae0139113930432b2fedc3014dc62708373341c,senate-efd-electronic,explicit,0
R000307,Pat Roberts,senate,Republican,KS,,False,2015-03-16,2015-03-24,DVN,Devon Energy Corporation (NYSE),Stock,Purchase,"$1,001 - $15,000",8000.5,False,Joint,9e736ac9-65e1-44d7-a543-8e4893e0e0a7,https://efdsearch.senate.gov/search/view/ptr/9e736ac9-65e1-44d7-a543-8e4893e0e0a7/,73d103d44692a50e33869b1f3170d0f630bec864c93c0b55380702cedfc3f195,senate-efd-electronic,explicit,0
R000307,Pat Roberts,senate,Republican,KS,,False,2015-03-17,2015-03-24,BA,The Boeing Company (NYSE),Stock,Purchase,"$1,001 - $15,000",8000.5,False,Spouse,9e736ac9-65e1-44d7-a543-8e4893e0e0a7,https://efdsearch.senate.gov/search/view/ptr/9e736ac9-65e1-44d7-a543-8e4893e0e0a7/,2c473e9d3c021c6ac02497bc03fd4d7819cb6658f7eaea5ba8503e44f0bdf05c,senate-efd-electronic,explicit,1
R000307,Pat Roberts,senate,Republican,KS,,False,2015-03-17,2015-03-24,BA,The Boeing Company (NYSE),Stock,Purchase,"$1,001 - $15,000",8000.5,False,Spouse,9e736ac9-65e1-44d7-a543-8e4893e0e0a7,https://efdsearch.senate.gov/search/view/ptr/9e736ac9-65e1-44d7-a543-8e4893e0e0a7/,2c473e9d3c021c6ac02497bc03fd4d7819cb6658f7eaea5ba8503e44f0bdf05c,senate-efd-electronic,explicit,0
R000307,Pat Roberts,senate,Republican,KS,,False,2015-03-17,2015-03-24,AAPL,Apple Inc. (NASDAQ),Stock,Purchase,"$1,001 - $15,000",8000.5,False,Spouse,9e736ac9-65e1-44d7-a543-8e4893e0e0a7,https://efdsearch.senate.gov/search/view/ptr/9e736ac9-65e1-44d7-a543-8e4893e0e0a7/,f089d4491bab65c7f0c709b5cfce5e80c36d3e4337bf3224579df919e46e084d,senate-efd-electronic,explicit,0
R000307,Pat Roberts,senate,Republican,KS,,False,2015-03-25,2015-04-22,AAPL,Apple Inc. (NASDAQ),Stock,Purchase,"$1,001 - $15,000",8000.5,False,Spouse,ac731195-8728-4af6-93df-649abdda24db,https://efdsearch.senate.gov/search/view/ptr/ac731195-8728-4af6-93df-649abdda24db/,93d6fecfd0c381559c39abd14ec64ea1d779f5a722979bce3fb9f80a3e93f54c,senate-efd-electronic,explicit,0
R000307,Pat Roberts,senate,Republican,KS,,False,2015-04-14,2015-05-07,NFLX,"Netflix, Inc. (NASDAQ)",Stock,Purchase,"$15,001 - $50,000",32500.5,False,Spouse,994b4308-c6c7-4e7f-a958-1da19b71e00a,https://efdsearch.senate.gov/search/view/ptr/994b4308-c6c7-4e7f-a958-1da19b71e00a/,21523d3ca498dff57ba7c17427b51ec8148a73a8fa7517772fa5ed67f5cdae3e,senate-efd-electronic,explicit,0
R000307,Pat Roberts,senate,Republican,KS,,False,2015-04-22,2015-05-07,NFLX,"Netflix, Inc. (NASDAQ)",Stock,Sale (Full),"$15,001 - $50,000",32500.5,False,Spouse,994b4308-c6c7-4e7f-a958-1da19b71e00a,https://efdsearch.senate.gov/search/view/ptr/994b4308-c6c7-4e7f-a958-1da19b71e00a/,333dab2bd5c680c92dadeb7effe24e8bd05519a55cdf862c1dd05ae355acd1f3,senate-efd-electronic,explicit,0
R000307,Pat Roberts,senate,Republican,KS,,False,2015-04-24,2015-05-07,COST,Costco Wholesale Corporation (NASDAQ),Stock,Purchase,"$1,001 - $15,000",8000.5,False,Spouse,994b4308-c6c7-4e7f-a958-1da19b71e00a,https://efdsearch.senate.gov/search/view/ptr/994b4308-c6c7-4e7f-a958-1da19b71e00a/,c751b6794536b4e2a845b29946a9a5a5bd201facdac57281216d75601d4d8823,senate-efd-electronic,explicit,0
R000307,Pat Roberts,senate,Republican,KS,,False,2015-04-24,2015-05-07,BA,The Boeing Company (NYSE),Stock,Purchase,"$1,001 - $15,000",8000.5,False,Spouse,994b4308-c6c7-4e7f-a958-1da19b71e00a,https://efdsearch.senate.gov/search/view/ptr/994b4308-c6c7-4e7f-a958-1da19b71e00a/,62f517e014ed369ca3318668d472dc097fe8ef8f975c7a91e7164407422cb111,senate-efd-electronic,explicit,0
R000307,Pat Roberts,senate,Republican,KS,,False,2015-04-24,2015-05-07,CVX,Chevron Corporation (NYSE),Stock,Purchase,"$1,001 - $15,000",8000.5,False,Spouse,994b4308-c6c7-4e7f-a958-1da19b71e00a,https://efdsearch.senate.gov/search/view/ptr/994b4308-c6c7-4e7f-a958-1da19b71e00a/,9a244fb504dcf563f060bd9aca19c0f0cbae8d7c21d0c09813e8355fe1cc649b,senate-efd-electronic,explicit,0
R000307,Pat Roberts,senate,Republican,KS,,False,2015-05-06,2015-06-03,COST,COST,Stock,Purchase,"$1,001 - $15,000",8000.5,False,Spouse,490c872c-0a5b-47ea-a5c0-c95307a71be9,https://efdsearch.senate.gov/search/view/ptr/490c872c-0a5b-47ea-a5c0-c95307a71be9/,6e9f6a05f6b3d44a9e057f0f05e8ac71693cbf8cc2095ae41dcd0c81a761fcc6,senate-efd-electronic,asset_name,0
R000307,Pat Roberts,senate,Republican,KS,,False,2015-05-06,2015-06-03,NFLX,NFLX,Stock,Purchase,"$15,001 - $50,000",32500.5,False,Spouse,490c872c-0a5b-47ea-a5c0-c95307a71be9,https://efdsearch.senate.gov/search/view/ptr/490c872c-0a5b-47ea-a5c0-c95307a71be9/,0256c47085dca6756dafbd4a9b62dc8d945e0854de661b41ad49a99f877ee9dc,senate-efd-electronic,asset_name,0
R000307,Pat Roberts,senate,Republican,KS,,False,2015-05-15,2015-06-03,NFLX,NFLX,Stock,Sale (Full),"$15,001 - $50,000",32500.5,False,Spouse,490c872c-0a5b-47ea-a5c0-c95307a71be9,https://efdsearch.senate.gov/search/view/ptr/490c872c-0a5b-47ea-a5c0-c95307a71be9/,448f67432ca40b702d2c5d5ba746d63d2d050c8503df56d38d6c3b91f1711ee8,senate-efd-electronic,asset_name,0
R000307,Pat Roberts,senate,Republican,KS,,False,2015-05-15,2015-06-03,ZNGA,ZNGA,Stock,Sale (Partial),"$1,001 - $15,000",8000.5,False,Spouse,490c872c-0a5b-47ea-a5c0-c95307a71be9,https://efdsearch.senate.gov/search/view/ptr/490c872c-0a5b-47ea-a5c0-c95307a71be9/,fedf1e334bf37dab105eb46ac28ecb68055d7df7096839d3e81ee1e8237664e7,senate-efd-electronic,asset_name,0
R000307,Pat Roberts,senate,Republican,KS,,False,2015-05-15,2015-06-03,AAPL,AAPL,Stock,Purchase,"$1,001 - $15,000",8000.5,False,Spouse,490c872c-0a5b-47ea-a5c0-c95307a71be9,https://efdsearch.senate.gov/search/view/ptr/490c872c-0a5b-47ea-a5c0-c95307a71be9/,9dd588cb46f3a72b37c43bb550b62abb8926ccb624983b10f86e929938e7f931,senate-efd-electronic,asset_name,0
R000307,Pat Roberts,senate,Republican,KS,,False,2015-05-28,2015-05-07,AAPL,Apple Inc. (NASDAQ),Stock,Purchase,"$1,001 - $15,000",8000.5,False,Spouse,994b4308-c6c7-4e7f-a958-1da19b71e00a,https://efdsearch.senate.gov/search/view/ptr/994b4308-c6c7-4e7f-a958-1da19b71e00a/,14af88bd2cec591b13eb62054c2448eb727fda96422302733cd2416130adb1ca,senate-efd-electronic,explicit,0
R000307,Pat Roberts,senate,Republican,KS,,False,2015-06-09,2015-07-04,,aapl,Stock,Purchase,"$1,001 - $15,000",8000.5,False,Spouse,6486d3e8-5583-4421-8e7f-37e1490a96eb,https://efdsearch.senate.gov/search/view/ptr/6486d3e8-5583-4421-8e7f-37e1490a96eb/,4c0cccf1fece074c4892cc384a89dac4b852e86162e6c846ef261c5a6028baec,senate-efd-electronic,none,0
R000307,Pat Roberts,senate,Republican,KS,,False,2015-06-09,2015-07-04,,aapl,Stock,Purchase,"$1,001 - $15,000",8000.5,False,Spouse,6486d3e8-5583-4421-8e7f-37e1490a96eb,https://efdsearch.senate.gov/search/view/ptr/6486d3e8-5583-4421-8e7f-37e1490a96eb/,4c0cccf1fece074c4892cc384a89dac4b852e86162e6c846ef261c5a6028baec,senate-efd-electronic,none,1
R000307,Pat Roberts,senate,Republican,KS,,False,2015-06-11,2015-07-04,,znga,Stock,Sale (Partial),"$1,001 - $15,000",8000.5,False,Spouse,6486d3e8-5583-4421-8e7f-37e1490a96eb,https://efdsearch.senate.gov/search/view/ptr/6486d3e8-5583-4421-8e7f-37e1490a96eb/,da43165cc6f9f99f9141ba43820bf0e448db0ad55230dc7f265516512fedfb19,senate-efd-electronic,none,0
R000307,Pat Roberts,senate,Republican,KS,,False,2015-06-24,2015-07-04,,nflx,Stock,Purchase,"$15,001 - $50,000",32500.5,False,Spouse,6486d3e8-5583-4421-8e7f-37e1490a96eb,https://efdsearch.senate.gov/search/view/ptr/6486d3e8-5583-4421-8e7f-37e1490a96eb/,a17f2cb09e709f0702c6cd1f7828c773568b14a8c442ddd38ade77fccf2f764a,senate-efd-electronic,none,0
R000307,Pat Roberts,senate,Republican,KS,,False,2015-07-02,2015-08-23,CELG,Celgene Corporation (NASDAQ),Stock,Sale (Full),"$1,001 - $15,000",8000.5,False,Spouse,da32cc82-662c-4fc0-a938-9dcd2ef8e845,https://efdsearch.senate.gov/search/view/ptr/da32cc82-662c-4fc0-a938-9dcd2ef8e845/,eace72ea9593b7bf8bf9403b7580cd1531de3fe4f1f9961a05fbbd6b81823b4c,senate-efd-electronic,explicit,0
R000307,Pat Roberts,senate,Republican,KS,,False,2015-07-13,2015-08-23,SBUX.SW,STARBUCKS (Swiss),Stock,Purchase,"$1,001 - $15,000",8000.5,False,Spouse,da32cc82-662c-4fc0-a938-9dcd2ef8e845,https://efdsearch.senate.gov/search/view/ptr/da32cc82-662c-4fc0-a938-9dcd2ef8e845/,5323782f43f88da73c33ea1d7dba2ee6cc6af19710266241097a02559a715999,senate-efd-electronic,explicit,0
R000307,Pat Roberts,senate,Republican,KS,,False,2015-07-24,2015-08-23,AAPL,Apple Inc. (NASDAQ),Stock,Purchase,"$1,001 - $15,000",8000.5,False,Spouse,da32cc82-662c-4fc0-a938-9dcd2ef8e845,https://efdsearch.senate.gov/search/view/ptr/da32cc82-662c-4fc0-a938-9dcd2ef8e845/,142503b571af1f875cff209c3dd287165cf8e9a485ab0e448186479edcc3702c,senate-efd-electronic,explicit,0
R000307,Pat Roberts,senate,Republican,KS,,False,2015-07-27,2015-08-23,BIDU,"Baidu, Inc. (NASDAQ)",Stock,Purchase,"$1,001 - $15,000",8000.5,False,Spouse,da32cc82-662c-4fc0-a938-9dcd2ef8e845,https://efdsearch.senate.gov/search/view/ptr/da32cc82-662c-4fc0-a938-9dcd2ef8e845/,a162ad70fbac703e390583c24b16874c227fb8ed8b8606725ecd79cef5f372f5,senate-efd-electronic,explicit,0
R000307,Pat Roberts,senate,Republican,KS,,False,2015-07-27,2015-08-23,AAPL,Apple Inc. (NASDAQ),Stock,Purchase,"$1,001 - $15,000",8000.5,False,Spouse,da32cc82-662c-4fc0-a938-9dcd2ef8e845,https://efdsearch.senate.gov/search/view/ptr/da32cc82-662c-4fc0-a938-9dcd2ef8e845/,fde784be70fbf4d0c7b24fa33477da3405e1284730bf0c5627c7e8febcee241e,senate-efd-electronic,explicit,0
R000307,Pat Roberts,senate,Republican,KS,,False,2015-08-25,2015-12-09,,aapl,Stock,Purchase,"$1,001 - $15,000",8000.5,False,Spouse,54fa98b1-ffd7-4669-ac68-be79afd4c709,https://efdsearch.senate.gov/search/view/ptr/54fa98b1-ffd7-4669-ac68-be79afd4c709/,612817ea9076441a960a6a065344605910a74aab404aca5ea6d3acc5e1a3b84e,senate-efd-electronic,none,0
R000307,Pat Roberts,senate,Republican,KS,,False,2015-11-04,2015-12-09,,nflx,Stock,Sale (Full),"$15,001 - $50,000",32500.5,False,Spouse,51969f7c-4aaf-4fa9-93a1-21545ee7d423,https://efdsearch.senate.gov/search/view/ptr/51969f7c-4aaf-4fa9-93a1-21545ee7d423/,b877904454bf363269910898d4556c322169b91971d7fb2c7df6909aa1bfc4c1,senate-efd-electronic,none,0
R000307,Pat Roberts,senate,Republican,KS,,False,2015-11-16,2015-12-09,,tjx,Stock,Purchase,"$1,001 - $15,000",8000.5,False,Spouse,51969f7c-4aaf-4fa9-93a1-21545ee7d423,https://efdsearch.senate.gov/search/view/ptr/51969f7c-4aaf-4fa9-93a1-21545ee7d423/,dc96aa8ce3eb9dfaff76c9bc12c4d3d6ecd6392dc59f25100540eb0ce9d670a5,senate-efd-electronic,none,0
T000461,Patrick J Toomey,senate,Republican,PA,,False,2014-04-29,2015-03-23,LINE,"Linn Energy, LLC (NASDAQ)",Stock,Sale (Full),"$1,001 - $15,000",8000.5,False,Joint,428a100c-5ccb-4e43-9a4b-959cf8f93eba,https://efdsearch.senate.gov/search/view/ptr/428a100c-5ccb-4e43-9a4b-959cf8f93eba/,b423304651322b90e02cdc0fbdd323e6e62779eacce1de8c95ea26a8c6225892,senate-efd-electronic,explicit,0
T000461,Patrick J Toomey,senate,Republican,PA,,False,2014-06-05,2015-04-14,PPL,PPL Corporation (NYSE),Stock,Sale (Partial),"$15,001 - $50,000",32500.5,False,Joint,5afd6ebe-3b91-48bc-ad8e-86dcb04704de,https://efdsearch.senate.gov/search/view/ptr/5afd6ebe-3b91-48bc-ad8e-86dcb04704de/,e6b318b1a5006a51bab68bfeea650568f29e940b3f931e7bc2a7002307745b8a,senate-efd-electronic,explicit,0
T000461,Patrick J Toomey,senate,Republican,PA,,False,2014-06-05,2015-04-14,GLD,SPDR Gold Shares,Stock,Sale (Partial),"$1,001 - $15,000",8000.5,False,Joint,5afd6ebe-3b91-48bc-ad8e-86dcb04704de,https://efdsearch.senate.gov/search/view/ptr/5afd6ebe-3b91-48bc-ad8e-86dcb04704de/,4f89fad2c481a0ebe7331132a11803f69282cb3ce5171da043c72151208c4532,senate-efd-electronic,explicit,0
T000461,Patrick J Toomey,senate,Republican,PA,,False,2014-06-10,2015-04-14,,Team Capitol Bank,nan,Exchange,"$500,001 - $1,000,000",750000.5,False,Self,5afd6ebe-3b91-48bc-ad8e-86dcb04704de,https://efdsearch.senate.gov/search/view/ptr/5afd6ebe-3b91-48bc-ad8e-86dcb04704de/,0be4310c42079a4c56bf5c3681a42f26ab516bc03aa2c60063731b3ad5da932f,senate-efd-electronic,none,0
T000461,Patrick J Toomey,senate,Republican,PA,,False,2014-06-11,2015-04-14,LGP,Lehigh Gas Partners LP (NYSE),Stock,Purchase,"$15,001 - $50,000",32500.5,False,Joint,5afd6ebe-3b91-48bc-ad8e-86dcb04704de,https://efdsearch.senate.gov/search/view/ptr/5afd6ebe-3b91-48bc-ad8e-86dcb04704de/,70db48e02e14954573d3756c49b990ca17877b355e3362dcdf9b70ec17920430,senate-efd-electronic,explicit,0
T000461,Patrick J Toomey,senate,Republican,PA,,False,2014-06-12,2015-04-14,DBP,PowerShares DB Precious Metals,Stock,Purchase,"$15,001 - $50,000",32500.5,False,Joint,5afd6ebe-3b91-48bc-ad8e-86dcb04704de,https://efdsearch.senate.gov/search/view/ptr/5afd6ebe-3b91-48bc-ad8e-86dcb04704de/,1a5fab808bfadf1668a023e8803c747343a73a9ea79c2f39e72b6f38a9caf4c7,senate-efd-electronic,explicit,0
T000461,Patrick J Toomey,senate,Republican,PA,,False,2014-06-12,2015-04-14,PFS,"Provident Financial Services, Inc. (NYSE)",nan,Exchange,"$250,001 - $500,000",375000.5,False,Self,5afd6ebe-3b91-48bc-ad8e-86dcb04704de,https://efdsearch.senate.gov/search/view/ptr/5afd6ebe-3b91-48bc-ad8e-86dcb04704de/,a9bd6bc7b2e3d4967f5d0a068ddc1599858b7ffae538abf03d1cc42f3c67f4d6,senate-efd-electronic,explicit,0
T000461,Patrick J Toomey,senate,Republican,PA,,False,2014-06-12,2015-04-14,VIXY,ProShares VIX Short-Term Futures ETF,Stock,Purchase,"$15,001 - $50,000",32500.5,False,Joint,5afd6ebe-3b91-48bc-ad8e-86dcb04704de,https://efdsearch.senate.gov/search/view/ptr/5afd6ebe-3b91-48bc-ad8e-86dcb04704de/,814ef82141773b9c4f9520c50ea94f54c0dc6b853fb316795352eb985d15f85d,senate-efd-electronic,explicit,0
T000461,Patrick J Toomey,senate,Republican,PA,,False,2014-06-24,2015-04-14,AMLP,ALPS Alerian MLP ETF,Stock,Purchase,"$15,001 - $50,000",32500.5,False,Joint,0b56b1ec-49bf-4d29-a1b1-3c030422f502,https://efdsearch.senate.gov/search/view/ptr/0b56b1ec-49bf-4d29-a1b1-3c030422f502/,4b9811888dc8d8f638c42c08c270cf30cf4c61f5b200bff37d94557e43589343,senate-efd-electronic,explicit,0
T000461,Patrick J Toomey,senate,Republican,PA,,False,2014-08-07,2015-04-14,LGP,Lehigh Gas Partners LP (NYSE),Stock,Sale (Full),"$15,001 - $50,000",32500.5,False,Joint,15ac8b2b-a63a-40db-b1f6-33f424456c2c,https://efdsearch.senate.gov/search/view/ptr/15ac8b2b-a63a-40db-b1f6-33f424456c2c/,934650a3f527157f704ab3564f6d421daa06cac801130d40fe5cc928ee8c3af2,senate-efd-electronic,explicit,0
T000461,Patrick J Toomey,senate,Republican,PA,,False,2014-09-02,2015-08-24,EPP,iShares MSCI Pacific ex Japan (NYSEArca),Stock,Sale (Partial),"$1,001 - $15,000",8000.5,False,Spouse,68cc994d-3b0f-4354-a8a1-761d3b1fa947,https://efdsearch.senate.gov/search/view/ptr/68cc994d-3b0f-4354-a8a1-761d3b1fa947/,d090bb61b00e6ee8b70bd4e8c833e532083fae1e97236d8390656babb733971d,senate-efd-electronic,explicit,0
T000461,Patrick J Toomey,senate,Republican,PA,,False,2014-09-02,2015-08-24,ILF,iShares Latin America 40 (NYSEArca),Stock,Purchase,"$1,001 - $15,000",8000.5,False,Spouse,68cc994d-3b0f-4354-a8a1-761d3b1fa947,https://efdsearch.senate.gov/search/view/ptr/68cc994d-3b0f-4354-a8a1-761d3b1fa947/,229ba1daa62e4ab8f38f5fff626e734f461e33d3f60bf49aba5e374147cb8cb2,senate-efd-electronic,explicit,0
T000461,Patrick J Toomey,senate,Republican,PA,,False,2014-09-02,2015-08-24,DWX,SPDR S&P International Dividend ETF (NYSEArca),Stock,Sale (Partial),"$15,001 - $50,000",32500.5,False,Joint,68cc994d-3b0f-4354-a8a1-761d3b1fa947,https://efdsearch.senate.gov/search/view/ptr/68cc994d-3b0f-4354-a8a1-761d3b1fa947/,5dc3369bd1303745233c167dcee2ebeab5f29ad01d060cc625e30aedd0b0bc3f,senate-efd-electronic,explicit,0
T000461,Patrick J Toomey,senate,Republican,PA,,False,2014-09-02,2015-08-24,AMLP,Alerian MLP ETF (NYSEArca),Stock,Purchase,"$1,001 - $15,000",8000.5,False,Joint,68cc994d-3b0f-4354-a8a1-761d3b1fa947,https://efdsearch.senate.gov/search/view/ptr/68cc994d-3b0f-4354-a8a1-761d3b1fa947/,913ce6582d01e3ffdfc5369133a395fb4a5ab310ae97ac8d7488dd01290d8d36,senate-efd-electronic,explicit,0
T000461,Patrick J Toomey,senate,Republican,PA,,False,2014-09-02,2015-08-24,SDY,SPDR S&P Dividend ETF (NYSEArca),Stock,Purchase,"$15,001 - $50,000",32500.5,False,Joint,68cc994d-3b0f-4354-a8a1-761d3b1fa947,https://efdsearch.senate.gov/search/view/ptr/68cc994d-3b0f-4354-a8a1-761d3b1fa947/,3b431080e4c5e5f5958d3062675a5d704cb31fbc458c1f39e8356195a4d9c86b,senate-efd-electronic,explicit,0
T000461,Patrick J Toomey,senate,Republican,PA,,False,2014-09-02,2015-08-24,IXP,iShares Global Telecom (NYSEArca),Stock,Purchase,"$15,001 - $50,000",32500.5,False,Joint,68cc994d-3b0f-4354-a8a1-761d3b1fa947,https://efdsearch.senate.gov/search/view/ptr/68cc994d-3b0f-4354-a8a1-761d3b1fa947/,5ee16765222621f8c7097fce9fb87afc37d511ce921a45d4090aeaeb8327aace,senate-efd-electronic,explicit,0
T000461,Patrick J Toomey,senate,Republican,PA,,False,2014-09-02,2015-08-24,IDV,iShares International Select Dividend (NYSEArca),Stock,Sale (Partial),"$15,001 - $50,000",32500.5,False,Joint,68cc994d-3b0f-4354-a8a1-761d3b1fa947,https://efdsearch.senate.gov/search/view/ptr/68cc994d-3b0f-4354-a8a1-761d3b1fa947/,24c0a041122a1b739dea40a6b01d079869f3a74311ed3ff36f3f23cf2849ff22,senate-efd-electronic,explicit,0
T000461,Patrick J Toomey,senate,Republican,PA,,False,2014-09-02,2015-04-14,EPP,iShares MSCI Pacific ex Japan (NYSEArca),Stock,Sale (Partial),"$1,001 - $15,000",8000.5,False,Joint,b788223e-d357-4314-9625-51d0ba9cdd22,https://efdsearch.senate.gov/search/view/ptr/b788223e-d357-4314-9625-51d0ba9cdd22/,492b1e66fc1b9b01fefa5195da3e1c54fe3bb057a7b3e090668295ecd7f91857,senate-efd-electronic,explicit,0
T000461,Patrick J Toomey,senate,Republican,PA,,False,2014-09-02,2015-04-14,ILF,iShares Latin America 40 (NYSEArca),Stock,Purchase,"$1,001 - $15,000",8000.5,False,Joint,b788223e-d357-4314-9625-51d0ba9cdd22,https://efdsearch.senate.gov/search/view/ptr/b788223e-d357-4314-9625-51d0ba9cdd22/,d004bb9d88ba5d509f4330f69564e27763f2d18c0657f68057d81fb855e1a9b8,senate-efd-electronic,explicit,0
T000461,Patrick J Toomey,senate,Republican,PA,,False,2014-09-04,2015-08-24,RSP,Guggenheim S&P 500 Equal Weight ETF (NYSEArca),nan,Purchase,"$1,001 - $15,000",8000.5,False,Self,68cc994d-3b0f-4354-a8a1-761d3b1fa947,https://efdsearch.senate.gov/search/view/ptr/68cc994d-3b0f-4354-a8a1-761d3b1fa947/,b78461cab39d8861e917b8e6cdd5376a1e6b44c104540538e6a01480da67c9cd,senate-efd-electronic,explicit,0
T000461,Patrick J Toomey,senate,Republican,PA,,False,2014-09-04,2015-08-24,IJH,iShares Core S&P Mid-Cap (NYSEArca),nan,Sale (Partial),"$1,001 - $15,000",8000.5,False,Self,68cc994d-3b0f-4354-a8a1-761d3b1fa947,https://efdsearch.senate.gov/search/view/ptr/68cc994d-3b0f-4354-a8a1-761d3b1fa947/,187b14c94d39ad522eeea7826c2cd7e604aef026b48ff684c96bec4cac18c6f5,senate-efd-electronic,explicit,0
T000461,Patrick J Toomey,senate,Republican,PA,,False,2014-10-01,2015-04-14,VIXY,ProShares VIX Short-Term Futures (NYSEArca),Stock,Sale (Full),"$15,001 - $50,000",32500.5,False,Joint,93197e20-c947-4bd3-90de-4f0fcdb9a17c,https://efdsearch.senate.gov/search/view/ptr/93197e20-c947-4bd3-90de-4f0fcdb9a17c/,767407b5ab442aceb9a8c6447b31494b631f4858cc633e852d6d95a380c2e7cc,senate-efd-electronic,explicit,0
T000461,Patrick J Toomey,senate,Republican,PA,,False,2014-10-30,2015-04-14,PFS,"Provident Financial Services, Inc. (NYSE)",Stock,Sale (Full),"$50,001 - $100,000",75000.5,False,Joint,9ecb2c66-30a7-4114-b291-55911dc56d4e,https://efdsearch.senate.gov/search/view/ptr/9ecb2c66-30a7-4114-b291-55911dc56d4e/,6635fe9565e37a972d1be6749892b910f06aaaa9b3ca439832cff29e3b017873,senate-efd-electronic,explicit,0
T000461,Patrick J Toomey,senate,Republican,PA,,False,2014-12-17,2015-08-24,PFS,"Provident Financial Services, Inc. (NYSE)",Stock,Sale (Partial),"$1,001 - $15,000",8000.5,False,Joint,d170595c-5ecd-4ad6-b06f-2ace527349a4,https://efdsearch.senate.gov/search/view/ptr/d170595c-5ecd-4ad6-b06f-2ace527349a4/,8d29160f9f34273d8f3fb42666fbb2c5b84c35f184312d5238e21fb66daa5596,senate-efd-electronic,explicit,0
T000461,Patrick J Toomey,senate,Republican,PA,,False,2014-12-18,2015-08-24,ESV,Ensco plc (NYSE),Stock,Purchase,"$15,001 - $50,000",32500.5,False,Joint,d170595c-5ecd-4ad6-b06f-2ace527349a4,https://efdsearch.senate.gov/search/view/ptr/d170595c-5ecd-4ad6-b06f-2ace527349a4/,abf5fb48915efa87ccda7e24063daa5a4ff21e3d2669245f49453bd80b54e29c,senate-efd-electronic,explicit,0
T000461,Patrick J Toomey,senate,Republican,PA,,False,2014-12-18,2015-08-24,PFS,"Provident Financial Services, Inc. (NYSE)",Stock,Sale (Partial),"$1,001 - $15,000",8000.5,False,Joint,d170595c-5ecd-4ad6-b06f-2ace527349a4,https://efdsearch.senate.gov/search/view/ptr/d170595c-5ecd-4ad6-b06f-2ace527349a4/,4fe451fcc8d4bc3f61d06ad1b15887b068bc9fe4835b88248de7cec791636150,senate-efd-electronic,explicit,0
T000461,Patrick J Toomey,senate,Republican,PA,,False,2014-12-18,2015-08-24,T,"AT&T, Inc. (NYSE)",Stock,Purchase,"$15,001 - $50,000",32500.5,False,Joint,d170595c-5ecd-4ad6-b06f-2ace527349a4,https://efdsearch.senate.gov/search/view/ptr/d170595c-5ecd-4ad6-b06f-2ace527349a4/,59a7885fab0e7a0c8eea17bcc495d90e859f0481a2e581e2ceedc1c81ec8546d,senate-efd-electronic,explicit,0
T000461,Patrick J Toomey,senate,Republican,PA,,False,2014-12-31,2015-03-23,CVX,Chevron Corporation (NYSE),Stock,Purchase,"$15,001 - $50,000",32500.5,False,Joint,428a100c-5ccb-4e43-9a4b-959cf8f93eba,https://efdsearch.senate.gov/search/view/ptr/428a100c-5ccb-4e43-9a4b-959cf8f93eba/,ee5da6b359a13aab9bcb39c70b3d4fc835bd8af057de598f2042cf1794e29824,senate-efd-electronic,explicit,0
T000461,Patrick J Toomey,senate,Republican,PA,,False,2015-01-05,2015-03-23,SHY,iShares 1-3 Year Treasury Bond (NYSEArca),Stock,Purchase,"$15,001 - $50,000",32500.5,False,Joint,428a100c-5ccb-4e43-9a4b-959cf8f93eba,https://efdsearch.senate.gov/search/view/ptr/428a100c-5ccb-4e43-9a4b-959cf8f93eba/,fe4f54f7ed41cbe3c101936e9c5a3cc3ce8007725f0c2f82f54d09629985d449,senate-efd-electronic,explicit,0
T000461,Patrick J Toomey,senate,Republican,PA,,False,2015-01-05,2015-03-23,PCY,PowerShares Emerging Markets Sov Dbt ETF (NYSEArca),Stock,Sale (Full),"$15,001 - $50,000",32500.5,False,Joint,428a100c-5ccb-4e43-9a4b-959cf8f93eba,https://efdsearch.senate.gov/search/view/ptr/428a100c-5ccb-4e43-9a4b-959cf8f93eba/,a3c3344cf3b286d0d99551c20319f535030de7982bb7c7e60e1fde69dacfe53f,senate-efd-electronic,explicit,0
T000461,Patrick J Toomey,senate,Republican,PA,,False,2015-01-30,2015-03-23,SPY,SPDR S&P 500 ETF (NYSEArca),Stock,Sale (Full),"$15,001 - $50,000",32500.5,False,Spouse,428a100c-5ccb-4e43-9a4b-959cf8f93eba,https://efdsearch.senate.gov/search/view/ptr/428a100c-5ccb-4e43-9a4b-959cf8f93eba/,494dcdee1c994e199101982262d4136355de1696b2aad36894f350b89e829cb4,senate-efd-electronic,explicit,0
T000461,Patrick J Toomey,senate,Republican,PA,,False,2015-01-30,2015-03-23,QQQ,"PowerShares QQQ Trust, Ser 1 (NASDAQ)",Stock,Sale (Full),"$1,001 - $15,000",8000.5,False,Spouse,428a100c-5ccb-4e43-9a4b-959cf8f93eba,https://efdsearch.senate.gov/search/view/ptr/428a100c-5ccb-4e43-9a4b-959cf8f93eba/,e4c62708c91b17d3d97aaeb094188c937780e688e7537838e0377e7635d02795,senate-efd-electronic,explicit,0
T000461,Patrick J Toomey,senate,Republican,PA,,False,2015-01-30,2015-03-23,XLU,Utilities Select Sector SPDR ETF (NYSEArca),Stock,Purchase,"$1,001 - $15,000",8000.5,False,Spouse,428a100c-5ccb-4e43-9a4b-959cf8f93eba,https://efdsearch.senate.gov/search/view/ptr/428a100c-5ccb-4e43-9a4b-959cf8f93eba/,6676806e2da929edc38fda191b9cb38aebd1236ee720b90db30cc7890d0df743,senate-efd-electronic,explicit,0
T000461,Patrick J Toomey,senate,Republican,PA,,False,2015-01-30,2015-03-23,XLV,Health Care Select Sector SPDR ETF (NYSEArca),Stock,Purchase,"$1,001 - $15,000",8000.5,False,Spouse,428a100c-5ccb-4e43-9a4b-959cf8f93eba,https://efdsearch.senate.gov/search/view/ptr/428a100c-5ccb-4e43-9a4b-959cf8f93eba/,69c00fd2725d60ded721cd558398ed874ba20ac2ac0fff1a952700d178ab5f3d,senate-efd-electronic,explicit,0
T000461,Patrick J Toomey,senate,Republican,PA,,False,2015-02-11,2015-03-23,PFS,"Provident Financial Services, Inc. (NYSE)",Stock,Sale (Full),"$15,001 - $50,000",32500.5,False,Self,428a100c-5ccb-4e43-9a4b-959cf8f93eba,https://efdsearch.senate.gov/search/view/ptr/428a100c-5ccb-4e43-9a4b-959cf8f93eba/,3b802ce2bc172217406662b6d8f89d7899e199dc6a2bc4d82446595d972572b1,senate-efd-electronic,explicit,0
T000461,Patrick J Toomey,senate,Republican,PA,,False,2015-02-13,2015-03-23,T,"AT&T, Inc. (NYSE)",Stock,Sale (Full),"$15,001 - $50,000",32500.5,False,Self,428a100c-5ccb-4e43-9a4b-959cf8f93eba,https://efdsearch.senate.gov/search/view/ptr/428a100c-5ccb-4e43-9a4b-959cf8f93eba/,ac58862f765416d8910e0b4ca5d4152fe912b7ac8f59813df92aa8c013fedebc,senate-efd-electronic,explicit,0
T000461,Patrick J Toomey,senate,Republican,PA,,False,2015-02-24,2015-03-23,ESV,Ensco plc (NYSE),Stock,Sale (Full),"$1,001 - $15,000",8000.5,False,Self,428a100c-5ccb-4e43-9a4b-959cf8f93eba,https://efdsearch.senate.gov/search/view/ptr/428a100c-5ccb-4e43-9a4b-959cf8f93eba/,8f864dca4ea4356c361684309055072a9e8e47b821c66a23ad3ac53b3c749e4e,senate-efd-electronic,explicit,0
T000461,Patrick J Toomey,senate,Republican,PA,,False,2015-02-27,2015-03-23,XLU,Utilities Select Sector SPDR ETF (NYSEArca),Stock,Sale (Full),"$1,001 - $15,000",8000.5,False,Spouse,428a100c-5ccb-4e43-9a4b-959cf8f93eba,https://efdsearch.senate.gov/search/view/ptr/428a100c-5ccb-4e43-9a4b-959cf8f93eba/,d1c747bbb2bbb915ff170e974897d8ba6818e79e6dea132f363a9fb696b95147,senate-efd-electronic,explicit,0
T000461,Patrick J Toomey,senate,Republican,PA,,False,2015-02-27,2015-03-23,EEM,iShares MSCI Emerging Markets (NYSEArca),Stock,Purchase,"$1,001 - $15,000",8000.5,False,Spouse,428a100c-5ccb-4e43-9a4b-959cf8f93eba,https://efdsearch.senate.gov/search/view/ptr/428a100c-5ccb-4e43-9a4b-959cf8f93eba/,9199f2e57bb26e4aef620805d20e88f8c46c8b94446fce90d39764d3b72922f7,senate-efd-electronic,explicit,0
T000461,Patrick J Toomey,senate,Republican,PA,,False,2015-03-19,2015-04-14,CVX,Chevron Corporation (NYSE),Stock,Sale (Partial),"$15,001 - $50,000",32500.5,False,Joint,c5686418-bc96-42e3-923a-01fe2ea062cc,https://efdsearch.senate.gov/search/view/ptr/c5686418-bc96-42e3-923a-01fe2ea062cc/,c774a5fc8148b5782adc40bdc6f81f34710cd6111d107f8075a9ad0660ff01a5,senate-efd-electronic,explicit,0
T000461,Patrick J Toomey,senate,Republican,PA,,False,2015-03-25,2015-04-14,PFS,"Provident Financial Services, Inc. (NYSE)",Stock,Sale (Partial),"$15,001 - $50,000",32500.5,False,Joint,c5686418-bc96-42e3-923a-01fe2ea062cc,https://efdsearch.senate.gov/search/view/ptr/c5686418-bc96-42e3-923a-01fe2ea062cc/,3d16ddd365459503a55206c9a04cbba2ffa4c0af7e8bf9c408abc5111332b0fc,senate-efd-electronic,explicit,0
T000461,Patrick J Toomey,senate,Republican,PA,,False,2015-03-26,2015-04-14,PFS,"Provident Financial Services, Inc. (NYSE)",Stock,Sale (Partial),"$15,001 - $50,000",32500.5,False,Joint,c5686418-bc96-42e3-923a-01fe2ea062cc,https://efdsearch.senate.gov/search/view/ptr/c5686418-bc96-42e3-923a-01fe2ea062cc/,71ef1d2a90253be508bdf24b4e1585bdd78550d16c027d215bc4e61dd95cbe44,senate-efd-electronic,explicit,0
T000461,Patrick J Toomey,senate,Republican,PA,,False,2015-04-27,2015-05-20,PG,The Procter & Gamble Company (NYSE),Stock,Purchase,"$15,001 - $50,000",32500.5,False,Joint,98b3f68c-01cd-4642-8c17-ecadc1cbeb93,https://efdsearch.senate.gov/search/view/ptr/98b3f68c-01cd-4642-8c17-ecadc1cbeb93/,e796189d27e92db40c2833380f88c8ff94294049c195d25ba1e8ed7332595a7e,senate-efd-electronic,explicit,0
T000461,Patrick J Toomey,senate,Republican,PA,,False,2015-05-06,2015-05-20,IBKC,IberiaBank Corp. (NASDAQ),Stock,Sale (Partial),"$15,001 - $50,000",32500.5,False,Joint,98b3f68c-01cd-4642-8c17-ecadc1cbeb93,https://efdsearch.senate.gov/search/view/ptr/98b3f68c-01cd-4642-8c17-ecadc1cbeb93/,b6c814bbc66c5522fee7e066d18a5aad624e094aea95a92d4bab7b0606ea4511,senate-efd-electronic,explicit,0
T000461,Patrick J Toomey,senate,Republican,PA,,False,2015-05-07,2015-05-20,IBKC,IberiaBank Corp. (NASDAQ),Stock,Sale (Partial),"$15,001 - $50,000",32500.5,False,Joint,98b3f68c-01cd-4642-8c17-ecadc1cbeb93,https://efdsearch.senate.gov/search/view/ptr/98b3f68c-01cd-4642-8c17-ecadc1cbeb93/,cb4794cef93f60859bb47643eaaae42e12c34918c2bb22a432c33dc117b605a7,senate-efd-electronic,explicit,0
T000461,Patrick J Toomey,senate,Republican,PA,,False,2015-05-18,2015-07-16,,"Patriot Financial Partners II, LP  Company: Patriot Financial Partners II, LP  (Philadelphia, PA)",Other,Purchase,"$15,001 - $50,000",32500.5,False,Self,c56210d5-0612-4026-a361-df15fb546545,https://efdsearch.senate.gov/search/view/ptr/c56210d5-0612-4026-a361-df15fb546545/,12d17d0576b2bd059c71d317f3f6f2ca6e8c31e2a79c4b53682cb7e8892604c9,senate-efd-electronic,none,0
T000461,Patrick J Toomey,senate,Republican,PA,,False,2015-05-27,2015-07-16,,"BPG Properties, Ltd 2009  Company: BPG Properties, Ltd 2009  (Philadelphia , PA)",Other,Purchase,"$1,001 - $15,000",8000.5,False,Self,c56210d5-0612-4026-a361-df15fb546545,https://efdsearch.senate.gov/search/view/ptr/c56210d5-0612-4026-a361-df15fb546545/,49ae36ad66a5065dfe2ff5cb42170540133f1873f828bb58f8cae971d8f3d4ff,senate-efd-electronic,none,0
T000461,Patrick J Toomey,senate,Republican,PA,,False,2015-06-01,2015-07-16,,"BPG9  Company: BPG Properties, Ltd 2009  (Philadelphia, PA)",Other,Purchase,"$1,001 - $15,000",8000.5,False,Self,c56210d5-0612-4026-a361-df15fb546545,https://efdsearch.senate.gov/search/view/ptr/c56210d5-0612-4026-a361-df15fb546545/,1a04dd99042445a5bb067b9b2ca111907e7db9e5bf25d606d13b7ba8440dcd48,senate-efd-electronic,none,0
T000461,Patrick J Toomey,senate,Republican,PA,,False,2015-06-03,2015-07-09,BUNT-RP,PowerShares DB 3x German Bund F (NYSE),Stock,Sale (Partial),"$1,001 - $15,000",8000.5,False,Joint,a0d83240-7025-4a7d-86b7-75dd97b12d47,https://efdsearch.senate.gov/search/view/ptr/a0d83240-7025-4a7d-86b7-75dd97b12d47/,211df0262c06cf73e9bd1db157b9720c8f6fdc022508326f1f4fe7d633694e22,senate-efd-electronic,explicit,0
T000461,Patrick J Toomey,senate,Republican,PA,,False,2015-06-04,2015-07-09,VZ,Verizon Communications Inc. (NYSE),Stock,Purchase,"$1,001 - $15,000",8000.5,False,Joint,a0d83240-7025-4a7d-86b7-75dd97b12d47,https://efdsearch.senate.gov/search/view/ptr/a0d83240-7025-4a7d-86b7-75dd97b12d47/,604266369e2332479428b8e5691e1438a9b32d6868460dd331cea01872db0fed,senate-efd-electronic,explicit,0
T000461,Patrick J Toomey,senate,Republican,PA,,False,2015-06-16,2015-07-09,PFS,"Provident Financial Services, Inc. (NYSE)",Stock,Sale (Partial),"$15,001 - $50,000",32500.5,False,Joint,a0d83240-7025-4a7d-86b7-75dd97b12d47,https://efdsearch.senate.gov/search/view/ptr/a0d83240-7025-4a7d-86b7-75dd97b12d47/,c05733c1b18e5850da1a8ad80a3e34ddf9b8e5d966952e001ea64a0a464513d1,senate-efd-electronic,explicit,0
T000461,Patrick J Toomey,senate,Republican,PA,,False,2015-06-16,2015-07-09,CVX,Chevron Corporation (NYSE),Stock,Purchase,"$1,001 - $15,000",8000.5,False,Joint,a0d83240-7025-4a7d-86b7-75dd97b12d47,https://efdsearch.senate.gov/search/view/ptr/a0d83240-7025-4a7d-86b7-75dd97b12d47/,f54e1a935674214fe3d563a50beec1739e4be43ccde28d001a47c91b97c4c368,senate-efd-electronic,explicit,0
T000461,Patrick J Toomey,senate,Republican,PA,,False,2015-06-23,2015-07-09,PFS,"Provident Financial Services, Inc. (NYSE)",Stock,Sale (Partial),"$15,001 - $50,000",32500.5,False,Joint,a0d83240-7025-4a7d-86b7-75dd97b12d47,https://efdsearch.senate.gov/search/view/ptr/a0d83240-7025-4a7d-86b7-75dd97b12d47/,80987c1e45c99dd7dcaa78869fe7a6b473dde55788ff44e8ac2b4ec73b2a5323,senate-efd-electronic,explicit,0
T000461,Patrick J Toomey,senate,Republican,PA,,False,2015-06-24,2015-07-09,PFS,"Provident Financial Services, Inc. (NYSE)",Stock,Sale (Partial),"$15,001 - $50,000",32500.5,False,Joint,a0d83240-7025-4a7d-86b7-75dd97b12d47,https://efdsearch.senate.gov/search/view/ptr/a0d83240-7025-4a7d-86b7-75dd97b12d47/,0dbbe1826b78f5cb6d4388beb25e8b8685545f050175496632584cb0fe77881c,senate-efd-electronic,explicit,0
T000461,Patrick J Toomey,senate,Republican,PA,,False,2015-08-07,2015-11-04,CVX,Chevron Corporation (NYSE),Stock,Purchase,"$1,001 - $15,000",8000.5,False,Joint,86066604-e395-4641-a526-3efb31cd28b7,https://efdsearch.senate.gov/search/view/ptr/86066604-e395-4641-a526-3efb31cd28b7/,7ac3695c4f5518fa2435484863ea2c3006ab22500098e50b77a8659194ce7abf,senate-efd-electronic,explicit,0
T000461,Patrick J Toomey,senate,Republican,PA,,False,2015-08-07,2015-11-04,PFS,"Provident Financial Services, Inc. (NYSE)",Stock,Sale (Partial),"$15,001 - $50,000",32500.5,False,Joint,86066604-e395-4641-a526-3efb31cd28b7,https://efdsearch.senate.gov/search/view/ptr/86066604-e395-4641-a526-3efb31cd28b7/,fd3c92e0c5372f7bf60a0e2e455df72653e5488c925d0c407ebbc7138e15d8fa,senate-efd-electronic,explicit,0
T000461,Patrick J Toomey,senate,Republican,PA,,False,2015-08-10,2015-11-04,PFS,"Provident Financial Services, Inc. (NYSE)",Stock,Sale (Partial),"$1,001 - $15,000",8000.5,False,Joint,86066604-e395-4641-a526-3efb31cd28b7,https://efdsearch.senate.gov/search/view/ptr/86066604-e395-4641-a526-3efb31cd28b7/,5341c502bac4056f051cfc37b6a8219bec590d861685582fde42dd8f446abaab,senate-efd-electronic,explicit,0
T000461,Patrick J Toomey,senate,Republican,PA,,False,2015-08-31,2015-11-04,PFS,"Provident Financial Services, Inc. (NYSE)",Stock,Sale (Partial),"$15,001 - $50,000",32500.5,False,Joint,86066604-e395-4641-a526-3efb31cd28b7,https://efdsearch.senate.gov/search/view/ptr/86066604-e395-4641-a526-3efb31cd28b7/,f2c6a34a64ceda945038fbf770489cd8cb153def3243fa5889d392ab5f7aedd5,senate-efd-electronic,explicit,0
T000461,Patrick J Toomey,senate,Republican,PA,,False,2015-09-14,2015-11-04,PFS,PFS,Stock,Sale (Partial),"$15,001 - $50,000",32500.5,False,Joint,86066604-e395-4641-a526-3efb31cd28b7,https://efdsearch.senate.gov/search/view/ptr/86066604-e395-4641-a526-3efb31cd28b7/,17fbcad9fe53b6669c402ac75dac613bd6d5b1a19a88cbab5baf75d4dffe6b16,senate-efd-electronic,asset_name,0
T000461,Patrick J Toomey,senate,Republican,PA,,False,2015-09-15,2015-11-04,PFS,PFS,Stock,Sale (Partial),"$15,001 - $50,000",32500.5,False,Joint,86066604-e395-4641-a526-3efb31cd28b7,https://efdsearch.senate.gov/search/view/ptr/86066604-e395-4641-a526-3efb31cd28b7/,ec64928845508ce7fb95c599e41145c151c66fe8695016bc4a7b8a85d837b91f,senate-efd-electronic,asset_name,0
T000461,Patrick J Toomey,senate,Republican,PA,,False,2015-09-17,2015-11-04,PFS,"Provident Financial Services, Inc. (NYSE)",Stock,Sale (Partial),"$15,001 - $50,000",32500.5,False,Joint,86066604-e395-4641-a526-3efb31cd28b7,https://efdsearch.senate.gov/search/view/ptr/86066604-e395-4641-a526-3efb31cd28b7/,965caaa17b7ecdd02549b210a9313d58aed40ed8d866a9ce16a84ddf4a8e195a,senate-efd-electronic,explicit,0
T000461,Patrick J Toomey,senate,Republican,PA,,False,2015-09-18,2015-11-04,PFS,"Provident Financial Services, Inc. (NYSE)",Stock,Sale (Partial),"$15,001 - $50,000",32500.5,False,Joint,86066604-e395-4641-a526-3efb31cd28b7,https://efdsearch.senate.gov/search/view/ptr/86066604-e395-4641-a526-3efb31cd28b7/,ce85ed6bd92c0b38401364d09c2cb961f2dec82d447210ec910aca1f197f3c97,senate-efd-electronic,explicit,0
T000461,Patrick J Toomey,senate,Republican,PA,,False,2015-09-25,2015-11-04,PFS,PFS,Stock,Sale (Partial),"$15,001 - $50,000",32500.5,False,Joint,86066604-e395-4641-a526-3efb31cd28b7,https://efdsearch.senate.gov/search/view/ptr/86066604-e395-4641-a526-3efb31cd28b7/,f7fe21d5f3e7f571203494e9f3b659b7bc9818dab1b9c2d8dfc2e9ae07a55599,senate-efd-electronic,asset_name,0
T000461,Patrick J Toomey,senate,Republican,PA,,False,2015-10-23,2015-11-04,PFS,PFS,Stock,Sale (Partial),"$1,001 - $15,000",8000.5,False,Joint,86066604-e395-4641-a526-3efb31cd28b7,https://efdsearch.senate.gov/search/view/ptr/86066604-e395-4641-a526-3efb31cd28b7/,fcd12ee2072b506d4ab8c3312d8b7704620634cf1f2e0ee233762f4789cd8485,senate-efd-electronic,asset_name,0
T000461,Patrick J Toomey,senate,Republican,PA,,False,2015-10-28,2015-12-16,PFS,PFS,Stock,Sale (Partial),"$1,001 - $15,000",8000.5,False,Joint,eea69eea-e176-45c5-8f6a-cd7d8ae4d887,https://efdsearch.senate.gov/search/view/ptr/eea69eea-e176-45c5-8f6a-cd7d8ae4d887/,55d4e243d49b4eaa2489fdd288464e025af08238067cbae969cdabaf84fa1333,senate-efd-electronic,asset_name,0
T000461,Patrick J Toomey,senate,Republican,PA,,False,2015-11-23,2015-12-16,ESV,ESV,Stock,Sale (Partial),"$1,001 - $15,000",8000.5,False,Joint,eea69eea-e176-45c5-8f6a-cd7d8ae4d887,https://efdsearch.senate.gov/search/view/ptr/eea69eea-e176-45c5-8f6a-cd7d8ae4d887/,a9eb13cf7eebd1a4874e05b73bef2b3ffe29bafbc2fb9ab19cb052ecf5f26074,senate-efd-electronic,asset_name,0
C001098,Rafael E Cruz,senate,Republican,TX,"SSCM33; SSCM34; SSCM35; SSCM36; SSCM37; SSCM38; SSFR06; SSFR07; SSFR09; SSJU04; SSJU21; SSJU22; SSJU25; Senate Committee on Commerce, Science, and Transportation; Senate Committee on Foreign Relations; Senate Committee on Rules and Administration; Senate Committee on the Judiciary",False,2015-02-03,2015-02-09,PAGP,"Plains GP Holdings, L.P. (NYSE)",Stock,Purchase,"$50,001 - $100,000",75000.5,False,Joint,46f6c806-d3b6-4432-8246-8f7a25c3b98b,https://efdsearch.senate.gov/search/view/ptr/46f6c806-d3b6-4432-8246-8f7a25c3b98b/,7947a51df8f0499560a54d57c579f9bcf4545c5b708b1cf26a11b9b85fb08aba,senate-efd-electronic,explicit,0
C001098,Rafael E Cruz,senate,Republican,TX,"SSCM33; SSCM34; SSCM35; SSCM36; SSCM37; SSCM38; SSFR06; SSFR07; SSFR09; SSJU04; SSJU21; SSJU22; SSJU25; Senate Committee on Commerce, Science, and Transportation; Senate Committee on Foreign Relations; Senate Committee on Rules and Administration; Senate Committee on the Judiciary",False,2015-10-15,2015-10-19,,CVX (Chevron Corporation CMN),Stock,Sale (Partial),"$15,001 - $50,000",32500.5,False,Joint,7de2a81d-819e-4b78-80f7-9a5596929d4d,https://efdsearch.senate.gov/search/view/ptr/7de2a81d-819e-4b78-80f7-9a5596929d4d/,e4bb2dca1c6d226d5eff02249b4ff5d7148bcf5f5f0016791f2db7007001eef0,senate-efd-electronic,none,0
C001098,Rafael E Cruz,senate,Republican,TX,"SSCM33; SSCM34; SSCM35; SSCM36; SSCM37; SSCM38; SSFR06; SSFR07; SSFR09; SSJU04; SSJU21; SSJU22; SSJU25; Senate Committee on Commerce, Science, and Transportation; Senate Committee on Foreign Relations; Senate Committee on Rules and Administration; Senate Committee on the Judiciary",False,2015-11-29,2015-12-03,,CVX - Chevron Corporation CMN,Stock,Sale (Full),"$15,001 - $50,000",32500.5,False,Joint,e40bb309-a7ff-4375-9032-ca7c6a7100fa,https://efdsearch.senate.gov/search/view/ptr/e40bb309-a7ff-4375-9032-ca7c6a7100fa/,c7aab1c1a404ac7a96da9221ff69f4352f7c44b5734eb9443f0d6618506d7192,senate-efd-electronic,none,0
W000437,Roger F Wicker,senate,Republican,MS,"Commission on Security and Cooperation in Europe; SSAS13; SSAS14; SSAS15; SSAS16; SSAS17; SSAS20; SSAS21; SSCM34; SSCM36; SSCM38; SSEV08; SSEV09; SSEV10; Senate Committee on Armed Services; Senate Committee on Commerce, Science, and Transportation; Senate Committee on Environment and Public Works; Senate Committee on Rules and Administration; Senate Select Committee on Intelligence",True,2014-01-02,2015-05-13,,Bunge Limited Finance Corp NTS ISIN US120568AT72  Rate/Coupon: 8.5  Matures: 06/15/2019,Corporate Bond,Sale (Full),"$15,001 - $50,000",32500.5,False,Spouse,9dc45801-af49-4036-8c80-0038b7a19bc1,https://efdsearch.senate.gov/search/view/ptr/9dc45801-af49-4036-8c80-0038b7a19bc1/,66d0e7b83ea3f8ae60fd3009f9b2945d230906ee6c1cc527ffd7ee75b3c2a58c,senate-efd-electronic,none,0
W000437,Roger F Wicker,senate,Republican,MS,"Commission on Security and Cooperation in Europe; SSAS13; SSAS14; SSAS15; SSAS16; SSAS17; SSAS20; SSAS21; SSCM34; SSCM36; SSCM38; SSEV08; SSEV09; SSEV10; Senate Committee on Armed Services; Senate Committee on Commerce, Science, and Transportation; Senate Committee on Environment and Public Works; Senate Committee on Rules and Administration; Senate Select Committee on Intelligence",True,2014-04-29,2015-05-13,,CSX Corp NTS ISIN US126408GQ05  Rate/Coupon: 7.375  Matures: 02/01/2019,Corporate Bond,Sale (Full),"$15,001 - $50,000",32500.5,False,Spouse,9dc45801-af49-4036-8c80-0038b7a19bc1,https://efdsearch.senate.gov/search/view/ptr/9dc45801-af49-4036-8c80-0038b7a19bc1/,9edb8bb6d5decc2c70a21435ef10fbf864a93ccd1d3634013406cc5d51348607,senate-efd-electronic,none,0
W000437,Roger F Wicker,senate,Republican,MS,"Commission on Security and Cooperation in Europe; SSAS13; SSAS14; SSAS15; SSAS16; SSAS17; SSAS20; SSAS21; SSCM34; SSCM36; SSCM38; SSEV08; SSEV09; SSEV10; Senate Committee on Armed Services; Senate Committee on Commerce, Science, and Transportation; Senate Committee on Environment and Public Works; Senate Committee on Rules and Administration; Senate Select Committee on Intelligence",True,2014-11-17,2015-05-13,,Petrobras International Finance Company NTS ISIN US71645WAN11  Rate/Coupon: 7.875  Matures: 03/15/2019,Corporate Bond,Sale (Full),"$1,001 - $15,000",8000.5,False,Spouse,9dc45801-af49-4036-8c80-0038b7a19bc1,https://efdsearch.senate.gov/search/view/ptr/9dc45801-af49-4036-8c80-0038b7a19bc1/,e3639c2e0e3cb94199d72cf7616e5469ed12d4aac3b36b8d1bb1800ea0f31ae3,senate-efd-electronic,none,0
B000575,Roy Blunt,senate,Republican,MO,,False,2014-12-30,2015-12-24,,MDLZ (stock option),nan,Sale (Full),"$50,001 - $100,000",75000.5,False,Spouse,f24dd495-dcee-45a7-9138-a29d7c72f4f8,https://efdsearch.senate.gov/search/view/ptr/f24dd495-dcee-45a7-9138-a29d7c72f4f8/,c54857508b3cff95e62ab94ae952d4ff8e328206d0e2a8afcf8d062390211e00,senate-efd-electronic,none,0
B000575,Roy Blunt,senate,Republican,MO,,False,2015-12-04,2015-12-24,PM,PM,Stock,Sale (Full),"$1,001 - $15,000",8000.5,False,Spouse,f24dd495-dcee-45a7-9138-a29d7c72f4f8,https://efdsearch.senate.gov/search/view/ptr/f24dd495-dcee-45a7-9138-a29d7c72f4f8/,c48100d960f2b9636c1e5eb17d913a7042829ba557c0a9905b0aca65f0d056be,senate-efd-electronic,asset_name,0
B000575,Roy Blunt,senate,Republican,MO,,False,2015-12-11,2015-12-24,CSCO,CSCO,Stock,Sale (Full),"$1,001 - $15,000",8000.5,False,Spouse,f24dd495-dcee-45a7-9138-a29d7c72f4f8,https://efdsearch.senate.gov/search/view/ptr/f24dd495-dcee-45a7-9138-a29d7c72f4f8/,caff8be4003fb494ac67e28ffe6eb0139e9f6ee78f10d315245525bb2e959b03,senate-efd-electronic,asset_name,0
W000802,Sheldon Whitehouse,senate,Democrat,RI,Commission on Security and Cooperation in Europe; SSEV08; SSEV09; SSEV10; SSEV15; SSFI10; SSFI11; SSFI13; SSJU04; SSJU21; SSJU25; SSJU26; Senate Committee on Environment and Public Works; Senate Committee on Finance; Senate Committee on the Budget; Senate Committee on the Judiciary; United States Senate Caucus on International Narcotics Control,True,2014-02-19,2015-09-03,CLX,The Clorox Company (NYSE),nan,Sale (Full),"$15,001 - $50,000",32500.5,False,Self,26872dd7-d40c-4a4b-8e56-61247342455b,https://efdsearch.senate.gov/search/view/ptr/26872dd7-d40c-4a4b-8e56-61247342455b/,9f6e39dbebb6e64f9c47c44bc95a4339e3a70041bbce367e429f9141ef67ca04,senate-efd-electronic,explicit,0
W000802,Sheldon Whitehouse,senate,Democrat,RI,Commission on Security and Cooperation in Europe; SSEV08; SSEV09; SSEV10; SSEV15; SSFI10; SSFI11; SSFI13; SSJU04; SSJU21; SSJU25; SSJU26; Senate Committee on Environment and Public Works; Senate Committee on Finance; Senate Committee on the Budget; Senate Committee on the Judiciary; United States Senate Caucus on International Narcotics Control,True,2014-02-19,2015-09-03,ACE,ACE Limited (NYSE),nan,Purchase,"$1,001 - $15,000",8000.5,False,Self,26872dd7-d40c-4a4b-8e56-61247342455b,https://efdsearch.senate.gov/search/view/ptr/26872dd7-d40c-4a4b-8e56-61247342455b/,6314243d630cd93bec25f474cc693e367640c9dce30741d9ce328781e64de126,senate-efd-electronic,explicit,0
W000802,Sheldon Whitehouse,senate,Democrat,RI,Commission on Security and Cooperation in Europe; SSEV08; SSEV09; SSEV10; SSEV15; SSFI10; SSFI11; SSFI13; SSJU04; SSJU21; SSJU25; SSJU26; Senate Committee on Environment and Public Works; Senate Committee on Finance; Senate Committee on the Budget; Senate Committee on the Judiciary; United States Senate Caucus on International Narcotics Control,True,2014-02-19,2015-09-03,EL,The Est (NYSE),nan,Purchase,"$1,001 - $15,000",8000.5,False,Self,26872dd7-d40c-4a4b-8e56-61247342455b,https://efdsearch.senate.gov/search/view/ptr/26872dd7-d40c-4a4b-8e56-61247342455b/,d2b03be2cf7ad072e950d35f7248b41e7aa6de44d834d1b1ec4a5d030cce4b27,senate-efd-electronic,explicit,0
W000802,Sheldon Whitehouse,senate,Democrat,RI,Commission on Security and Cooperation in Europe; SSEV08; SSEV09; SSEV10; SSEV15; SSFI10; SSFI11; SSFI13; SSJU04; SSJU21; SSJU25; SSJU26; Senate Committee on Environment and Public Works; Senate Committee on Finance; Senate Committee on the Budget; Senate Committee on the Judiciary; United States Senate Caucus on International Narcotics Control,True,2014-02-19,2015-09-03,V,Visa Inc. (NYSE),nan,Purchase,"$15,001 - $50,000",32500.5,False,Self,26872dd7-d40c-4a4b-8e56-61247342455b,https://efdsearch.senate.gov/search/view/ptr/26872dd7-d40c-4a4b-8e56-61247342455b/,4a00a14a90cf3393df0aa159763da4dc3dd231a1f0cce83a0bd6be96a89c9ab6,senate-efd-electronic,explicit,0
W000802,Sheldon Whitehouse,senate,Democrat,RI,Commission on Security and Cooperation in Europe; SSEV08; SSEV09; SSEV10; SSEV15; SSFI10; SSFI11; SSFI13; SSJU04; SSJU21; SSJU25; SSJU26; Senate Committee on Environment and Public Works; Senate Committee on Finance; Senate Committee on the Budget; Senate Committee on the Judiciary; United States Senate Caucus on International Narcotics Control,True,2014-02-19,2015-09-03,JPM,JPMorgan Chase & Co. (NYSE),Stock,Purchase,"$1,001 - $15,000",8000.5,False,Child,26872dd7-d40c-4a4b-8e56-61247342455b,https://efdsearch.senate.gov/search/view/ptr/26872dd7-d40c-4a4b-8e56-61247342455b/,3b603937e217f292d6d049cd429812caa11e321262f0d6d7fba0fe3b8be7823f,senate-efd-electronic,explicit,0
W000802,Sheldon Whitehouse,senate,Democrat,RI,Commission on Security and Cooperation in Europe; SSEV08; SSEV09; SSEV10; SSEV15; SSFI10; SSFI11; SSFI13; SSJU04; SSJU21; SSJU25; SSJU26; Senate Committee on Environment and Public Works; Senate Committee on Finance; Senate Committee on the Budget; Senate Committee on the Judiciary; United States Senate Caucus on International Narcotics Control,True,2014-02-19,2015-09-03,VAR,"Varian Medical Systems, Inc. (NYSE)",nan,Sale (Full),"$15,001 - $50,000",32500.5,False,Child,26872dd7-d40c-4a4b-8e56-61247342455b,https://efdsearch.senate.gov/search/view/ptr/26872dd7-d40c-4a4b-8e56-61247342455b/,caf8e53df784fe6a13d114fd216e1f9f38b4b7d9dfd15da124e5ae549da619df,senate-efd-electronic,explicit,0
W000802,Sheldon Whitehouse,senate,Democrat,RI,Commission on Security and Cooperation in Europe; SSEV08; SSEV09; SSEV10; SSEV15; SSFI10; SSFI11; SSFI13; SSJU04; SSJU21; SSJU25; SSJU26; Senate Committee on Environment and Public Works; Senate Committee on Finance; Senate Committee on the Budget; Senate Committee on the Judiciary; United States Senate Caucus on International Narcotics Control,True,2014-02-19,2015-09-03,ORCL,Oracle Corporation (NYSE),nan,Purchase,"$1,001 - $15,000",8000.5,False,Child,26872dd7-d40c-4a4b-8e56-61247342455b,https://efdsearch.senate.gov/search/view/ptr/26872dd7-d40c-4a4b-8e56-61247342455b/,94b5aeedc9e6eab1498e6cde98542d39ae4e66e9a9d12cd062b9c2e9e1cfa04d,senate-efd-electronic,explicit,0
W000802,Sheldon Whitehouse,senate,Democrat,RI,Commission on Security and Cooperation in Europe; SSEV08; SSEV09; SSEV10; SSEV15; SSFI10; SSFI11; SSFI13; SSJU04; SSJU21; SSJU25; SSJU26; Senate Committee on Environment and Public Works; Senate Committee on Finance; Senate Committee on the Budget; Senate Committee on the Judiciary; United States Senate Caucus on International Narcotics Control,True,2014-02-19,2015-09-03,TWX,Time Warner Inc. (NYSE),nan,Purchase,"$1,001 - $15,000",8000.5,False,Child,26872dd7-d40c-4a4b-8e56-61247342455b,https://efdsearch.senate.gov/search/view/ptr/26872dd7-d40c-4a4b-8e56-61247342455b/,95dab55325c7248e9cf6a8d3b800dfbbd3817b2454cdb76886635bf5d66442f8,senate-efd-electronic,explicit,0
W000802,Sheldon Whitehouse,senate,Democrat,RI,Commission on Security and Cooperation in Europe; SSEV08; SSEV09; SSEV10; SSEV15; SSFI10; SSFI11; SSFI13; SSJU04; SSJU21; SSJU25; SSJU26; Senate Committee on Environment and Public Works; Senate Committee on Finance; Senate Committee on the Budget; Senate Committee on the Judiciary; United States Senate Caucus on International Narcotics Control,True,2014-02-19,2015-08-13,JPM,JPMorgan Chase & Co. (NYSE)  Rate/Coupon: 6.75  Matures: 2/1/24,Corporate Bond,Purchase,"$1,001 - $15,000",8000.5,False,Child,74a4261b-5071-484a-8b15-b10d2b6984d9,https://efdsearch.senate.gov/search/view/ptr/74a4261b-5071-484a-8b15-b10d2b6984d9/,3b591c7b39c64653c9fb87dbfb9a63d2cd1abc1c6b664df0fdf0a047e1d67f1b,senate-efd-electronic,explicit,0
W000802,Sheldon Whitehouse,senate,Democrat,RI,Commission on Security and Cooperation in Europe; SSEV08; SSEV09; SSEV10; SSEV15; SSFI10; SSFI11; SSFI13; SSJU04; SSJU21; SSJU25; SSJU26; Senate Committee on Environment and Public Works; Senate Committee on Finance; Senate Committee on the Budget; Senate Committee on the Judiciary; United States Senate Caucus on International Narcotics Control,True,2014-02-25,2015-09-03,QLIK,"Qlik Technologies, Inc. (NASDAQ)",nan,Purchase,"$1,001 - $15,000",8000.5,False,Self,26872dd7-d40c-4a4b-8e56-61247342455b,https://efdsearch.senate.gov/search/view/ptr/26872dd7-d40c-4a4b-8e56-61247342455b/,cc4f9b465c6558001d7ac204c7cbb0b9a448e2aee51af3028df364fd13ada5fb,senate-efd-electronic,explicit,0
W000802,Sheldon Whitehouse,senate,Democrat,RI,Commission on Security and Cooperation in Europe; SSEV08; SSEV09; SSEV10; SSEV15; SSFI10; SSFI11; SSFI13; SSJU04; SSJU21; SSJU25; SSJU26; Senate Committee on Environment and Public Works; Senate Committee on Finance; Senate Committee on the Budget; Senate Committee on the Judiciary; United States Senate Caucus on International Narcotics Control,True,2014-02-25,2015-09-03,PANW,"Palo Alto Networks, Inc. (NYSE)",nan,Purchase,"$1,001 - $15,000",8000.5,False,Self,26872dd7-d40c-4a4b-8e56-61247342455b,https://efdsearch.senate.gov/search/view/ptr/26872dd7-d40c-4a4b-8e56-61247342455b/,f1d7627a939601c3620aef2d98f5e1d2abe16501a9b6e81dff31d2bb9d730134,senate-efd-electronic,explicit,0
W000802,Sheldon Whitehouse,senate,Democrat,RI,Commission on Security and Cooperation in Europe; SSEV08; SSEV09; SSEV10; SSEV15; SSFI10; SSFI11; SSFI13; SSJU04; SSJU21; SSJU25; SSJU26; Senate Committee on Environment and Public Works; Senate Committee on Finance; Senate Committee on the Budget; Senate Committee on the Judiciary; United States Senate Caucus on International Narcotics Control,True,2014-02-25,2015-09-03,DHR,Danaher Corp. (NYSE),nan,Sale (Partial),"$1,001 - $15,000",8000.5,False,Self,26872dd7-d40c-4a4b-8e56-61247342455b,https://efdsearch.senate.gov/search/view/ptr/26872dd7-d40c-4a4b-8e56-61247342455b/,ba88de5e62221e775b4667b3f0b6a12749046e70e6dafee5c07cf56b0fc4a11e,senate-efd-electronic,explicit,0
W000802,Sheldon Whitehouse,senate,Democrat,RI,Commission on Security and Cooperation in Europe; SSEV08; SSEV09; SSEV10; SSEV15; SSFI10; SSFI11; SSFI13; SSJU04; SSJU21; SSJU25; SSJU26; Senate Committee on Environment and Public Works; Senate Committee on Finance; Senate Committee on the Budget; Senate Committee on the Judiciary; United States Senate Caucus on International Narcotics Control,True,2014-03-13,2015-09-03,VFC,V.F. Corporation (NYSE),nan,Sale (Partial),"$1,001 - $15,000",8000.5,False,Self,26872dd7-d40c-4a4b-8e56-61247342455b,https://efdsearch.senate.gov/search/view/ptr/26872dd7-d40c-4a4b-8e56-61247342455b/,f84382c26aaeedc0c25bcfde5108e67cc0b2d13f458463cc6dff59adc873e674,senate-efd-electronic,explicit,0
W000802,Sheldon Whitehouse,senate,Democrat,RI,Commission on Security and Cooperation in Europe; SSEV08; SSEV09; SSEV10; SSEV15; SSFI10; SSFI11; SSFI13; SSJU04; SSJU21; SSJU25; SSJU26; Senate Committee on Environment and Public Works; Senate Committee on Finance; Senate Committee on the Budget; Senate Committee on the Judiciary; United States Senate Caucus on International Narcotics Control,True,2014-03-13,2015-09-03,BEAV,B/E Aerospace Inc. (NASDAQ),nan,Purchase,"$15,001 - $50,000",32500.5,False,Self,26872dd7-d40c-4a4b-8e56-61247342455b,https://efdsearch.senate.gov/search/view/ptr/26872dd7-d40c-4a4b-8e56-61247342455b/,c178c8abe0757c2fd0df9d74466db47bdd0a793635d3e2125ccd12d4f01d238e,senate-efd-electronic,explicit,0
W000802,Sheldon Whitehouse,senate,Democrat,RI,Commission on Security and Cooperation in Europe; SSEV08; SSEV09; SSEV10; SSEV15; SSFI10; SSFI11; SSFI13; SSJU04; SSJU21; SSJU25; SSJU26; Senate Committee on Environment and Public Works; Senate Committee on Finance; Senate Committee on the Budget; Senate Committee on the Judiciary; United States Senate Caucus on International Narcotics Control,True,2014-03-13,2015-09-03,VFC,V.F. Corporation (NYSE),nan,Sale (Partial),"$1,001 - $15,000",8000.5,False,Joint,26872dd7-d40c-4a4b-8e56-61247342455b,https://efdsearch.senate.gov/search/view/ptr/26872dd7-d40c-4a4b-8e56-61247342455b/,c32250f927709e42e1a72c56deaa7cb8d4d3362a869775ad918631edde1dbc30,senate-efd-electronic,explicit,0
W000802,Sheldon Whitehouse,senate,Democrat,RI,Commission on Security and Cooperation in Europe; SSEV08; SSEV09; SSEV10; SSEV15; SSFI10; SSFI11; SSFI13; SSJU04; SSJU21; SSJU25; SSJU26; Senate Committee on Environment and Public Works; Senate Committee on Finance; Senate Committee on the Budget; Senate Committee on the Judiciary; United States Senate Caucus on International Narcotics Control,True,2014-03-13,2015-09-03,KO,The Coca-Cola Company (NYSE),nan,Sale (Partial),"$1,001 - $15,000",8000.5,False,Joint,26872dd7-d40c-4a4b-8e56-61247342455b,https://efdsearch.senate.gov/search/view/ptr/26872dd7-d40c-4a4b-8e56-61247342455b/,88d73bce52bcdd50ee1e774d40816e32a6ae019d9ee81fa061da41b95bbe29ce,senate-efd-electronic,explicit,0
W000802,Sheldon Whitehouse,senate,Democrat,RI,Commission on Security and Cooperation in Europe; SSEV08; SSEV09; SSEV10; SSEV15; SSFI10; SSFI11; SSFI13; SSJU04; SSJU21; SSJU25; SSJU26; Senate Committee on Environment and Public Works; Senate Committee on Finance; Senate Committee on the Budget; Senate Committee on the Judiciary; United States Senate Caucus on International Narcotics Control,True,2014-03-13,2015-09-03,AAPL,Apple Inc. (NASDAQ),nan,Sale (Partial),"$1,001 - $15,000",8000.5,False,Joint,26872dd7-d40c-4a4b-8e56-61247342455b,https://efdsearch.senate.gov/search/view/ptr/26872dd7-d40c-4a4b-8e56-61247342455b/,f1375374e51ddc688786b915d2cfe9c14c17236058e7faba462a4d03c6d12b96,senate-efd-electronic,explicit,0
W000802,Sheldon Whitehouse,senate,Democrat,RI,Commission on Security and Cooperation in Europe; SSEV08; SSEV09; SSEV10; SSEV15; SSFI10; SSFI11; SSFI13; SSJU04; SSJU21; SSJU25; SSJU26; Senate Committee on Environment and Public Works; Senate Committee on Finance; Senate Committee on the Budget; Senate Committee on the Judiciary; United States Senate Caucus on International Narcotics Control,True,2014-03-13,2015-09-03,GE,General Electric Company (NYSE),nan,Sale (Partial),"$1,001 - $15,000",8000.5,False,Joint,26872dd7-d40c-4a4b-8e56-61247342455b,https://efdsearch.senate.gov/search/view/ptr/26872dd7-d40c-4a4b-8e56-61247342455b/,97f928536ef1593353d10e6acf80bcac008c5d283b746b6367816ce64b2b013b,senate-efd-electronic,explicit,0
W000802,Sheldon Whitehouse,senate,Democrat,RI,Commission on Security and Cooperation in Europe; SSEV08; SSEV09; SSEV10; SSEV15; SSFI10; SSFI11; SSFI13; SSJU04; SSJU21; SSJU25; SSJU26; Senate Committee on Environment and Public Works; Senate Committee on Finance; Senate Committee on the Budget; Senate Committee on the Judiciary; United States Senate Caucus on International Narcotics Control,True,2014-03-13,2015-09-03,JPM,JPMorgan Chase & Co. (NYSE)  Rate/Coupon: 6.75  Matures: 02/01/24,Corporate Bond,Purchase,"$15,001 - $50,000",32500.5,False,Joint,26872dd7-d40c-4a4b-8e56-61247342455b,https://efdsearch.senate.gov/search/view/ptr/26872dd7-d40c-4a4b-8e56-61247342455b/,6294be6f6048202791efad786c026238448a89553a0a3e1beafc6b8856977f25,senate-efd-electronic,explicit,0
W000802,Sheldon Whitehouse,senate,Democrat,RI,Commission on Security and Cooperation in Europe; SSEV08; SSEV09; SSEV10; SSEV15; SSFI10; SSFI11; SSFI13; SSJU04; SSJU21; SSJU25; SSJU26; Senate Committee on Environment and Public Works; Senate Committee on Finance; Senate Committee on the Budget; Senate Committee on the Judiciary; United States Senate Caucus on International Narcotics Control,True,2014-03-13,2015-08-13,,JP Morgan Chase & Co 6.75% FXD to 2/1/24  Rate/Coupon: 6.75  Matures: 01/01/2024,Corporate Bond,Purchase,"$15,001 - $50,000",32500.5,False,Joint,0a0229c8-022e-44f2-8edd-4e8df74a88a7,https://efdsearch.senate.gov/search/view/ptr/0a0229c8-022e-44f2-8edd-4e8df74a88a7/,c34af90ef035e1635abdd0ea2f8f2e5372b82af09fad8ed54dde88a1051a93b1,senate-efd-electronic,none,0
W000802,Sheldon Whitehouse,senate,Democrat,RI,Commission on Security and Cooperation in Europe; SSEV08; SSEV09; SSEV10; SSEV15; SSFI10; SSFI11; SSFI13; SSJU04; SSJU21; SSJU25; SSJU26; Senate Committee on Environment and Public Works; Senate Committee on Finance; Senate Committee on the Budget; Senate Committee on the Judiciary; United States Senate Caucus on International Narcotics Control,True,2014-03-13,2015-08-13,KLXI,KLX Inc. (NASDAQ),Stock,Purchase,"$1,001 - $15,000",8000.5,False,Self,24de2641-3181-40f8-9d63-447604338f95,https://efdsearch.senate.gov/search/view/ptr/24de2641-3181-40f8-9d63-447604338f95/,efb4c4041eb7b8428b793592e68dcae84111282c28f62774e766618a8e701b23,senate-efd-electronic,explicit,0
W000802,Sheldon Whitehouse,senate,Democrat,RI,Commission on Security and Cooperation in Europe; SSEV08; SSEV09; SSEV10; SSEV15; SSFI10; SSFI11; SSFI13; SSJU04; SSJU21; SSJU25; SSJU26; Senate Committee on Environment and Public Works; Senate Committee on Finance; Senate Committee on the Budget; Senate Committee on the Judiciary; United States Senate Caucus on International Narcotics Control,True,2014-03-13,2015-08-13,JPJQL,JP MORGAN CHASE (OTC Markets)  Rate/Coupon: 6.75  Matures: 02/01/24,Corporate Bond,Purchase,"$15,001 - $50,000",32500.5,False,Joint,74a4261b-5071-484a-8b15-b10d2b6984d9,https://efdsearch.senate.gov/search/view/ptr/74a4261b-5071-484a-8b15-b10d2b6984d9/,3db577dd233507a9c1cec0a7f557dbe7a3185955a2f52bac61cfde9746ee9b6c,senate-efd-electronic,explicit,0
W000802,Sheldon Whitehouse,senate,Democrat,RI,Commission on Security and Cooperation in Europe; SSEV08; SSEV09; SSEV10; SSEV15; SSFI10; SSFI11; SSFI13; SSJU04; SSJU21; SSJU25; SSJU26; Senate Committee on Environment and Public Works; Senate Committee on Finance; Senate Committee on the Budget; Senate Committee on the Judiciary; United States Senate Caucus on International Narcotics Control,True,2014-03-13,2015-08-12,JPJQL,JP MORGAN CHASE (OTC Markets),nan,Purchase,"$15,001 - $50,000",32500.5,False,Joint,37a1741d-cb79-4dc9-9b9f-f6453ee560e8,https://efdsearch.senate.gov/search/view/ptr/37a1741d-cb79-4dc9-9b9f-f6453ee560e8/,f3eacfd0d7a9cb112719da33aa878c17410f420732b1725bf42ccc80adcb61eb,senate-efd-electronic,explicit,0
W000802,Sheldon Whitehouse,senate,Democrat,RI,Commission on Security and Cooperation in Europe; SSEV08; SSEV09; SSEV10; SSEV15; SSFI10; SSFI11; SSFI13; SSJU04; SSJU21; SSJU25; SSJU26; Senate Committee on Environment and Public Works; Senate Committee on Finance; Senate Committee on the Budget; Senate Committee on the Judiciary; United States Senate Caucus on International Narcotics Control,True,2014-04-17,2015-08-12,ESRX,Express Scripts Holding Company (NASDAQ),nan,Purchase,"$1,001 - $15,000",8000.5,False,Child,354c88d3-2e47-42e9-839f-3388d26c6ee1,https://efdsearch.senate.gov/search/view/ptr/354c88d3-2e47-42e9-839f-3388d26c6ee1/,7a92bb9f74e3f45845294601dbca961f14df22aaebce814782b5636de9ee63cb,senate-efd-electronic,explicit,0
W000802,Sheldon Whitehouse,senate,Democrat,RI,Commission on Security and Cooperation in Europe; SSEV08; SSEV09; SSEV10; SSEV15; SSFI10; SSFI11; SSFI13; SSJU04; SSJU21; SSJU25; SSJU26; Senate Committee on Environment and Public Works; Senate Committee on Finance; Senate Committee on the Budget; Senate Committee on the Judiciary; United States Senate Caucus on International Narcotics Control,True,2014-04-17,2015-08-12,DIS,The Walt Disney Company (NYSE),nan,Sale (Partial),"$15,001 - $50,000",32500.5,False,Child,354c88d3-2e47-42e9-839f-3388d26c6ee1,https://efdsearch.senate.gov/search/view/ptr/354c88d3-2e47-42e9-839f-3388d26c6ee1/,951e01f41a79d1f113008e5ea6e3a27228f085b91f69432af5f68b330306454e,senate-efd-electronic,explicit,0
W000802,Sheldon Whitehouse,senate,Democrat,RI,Commission on Security and Cooperation in Europe; SSEV08; SSEV09; SSEV10; SSEV15; SSFI10; SSFI11; SSFI13; SSJU04; SSJU21; SSJU25; SSJU26; Senate Committee on Environment and Public Works; Senate Committee on Finance; Senate Committee on the Budget; Senate Committee on the Judiciary; United States Senate Caucus on International Narcotics Control,True,2014-04-17,2015-08-12,STT,State Street Corporation (NYSE),nan,Sale (Partial),"$1,001 - $15,000",8000.5,False,Child,354c88d3-2e47-42e9-839f-3388d26c6ee1,https://efdsearch.senate.gov/search/view/ptr/354c88d3-2e47-42e9-839f-3388d26c6ee1/,3112036b58c4df2a38ae097fc662976f815ed10f9ff32e54fde56d068f08c9bc,senate-efd-electronic,explicit,0
W000802,Sheldon Whitehouse,senate,Democrat,RI,Commission on Security and Cooperation in Europe; SSEV08; SSEV09; SSEV10; SSEV15; SSFI10; SSFI11; SSFI13; SSJU04; SSJU21; SSJU25; SSJU26; Senate Committee on Environment and Public Works; Senate Committee on Finance; Senate Committee on the Budget; Senate Committee on the Judiciary; United States Senate Caucus on International Narcotics Control,True,2014-04-17,2015-08-12,CVS,CVS Caremark Corporation (NYSE),nan,Sale (Partial),"$1,001 - $15,000",8000.5,False,Child,354c88d3-2e47-42e9-839f-3388d26c6ee1,https://efdsearch.senate.gov/search/view/ptr/354c88d3-2e47-42e9-839f-3388d26c6ee1/,6845920f9e98c6bb0f5deb087caa15438bbe1460e40b18f97608043486dab579,senate-efd-electronic,explicit,0
W000802,Sheldon Whitehouse,senate,Democrat,RI,Commission on Security and Cooperation in Europe; SSEV08; SSEV09; SSEV10; SSEV15; SSFI10; SSFI11; SSFI13; SSJU04; SSJU21; SSJU25; SSJU26; Senate Committee on Environment and Public Works; Senate Committee on Finance; Senate Committee on the Budget; Senate Committee on the Judiciary; United States Senate Caucus on International Narcotics Control,True,2014-04-29,2015-08-12,UTX,United Technologies Corp. (NYSE),nan,Purchase,"$15,001 - $50,000",32500.5,False,Child,354c88d3-2e47-42e9-839f-3388d26c6ee1,https://efdsearch.senate.gov/search/view/ptr/354c88d3-2e47-42e9-839f-3388d26c6ee1/,bb68a6e3f48bda32fd5543d302c10e4847e837e6b8d7f530c43160d98877f35b,senate-efd-electronic,explicit,0
W000802,Sheldon Whitehouse,senate,Democrat,RI,Commission on Security and Cooperation in Europe; SSEV08; SSEV09; SSEV10; SSEV15; SSFI10; SSFI11; SSFI13; SSJU04; SSJU21; SSJU25; SSJU26; Senate Committee on Environment and Public Works; Senate Committee on Finance; Senate Committee on the Budget; Senate Committee on the Judiciary; United States Senate Caucus on International Narcotics Control,True,2014-04-29,2015-08-12,ESRX,Express Scripts Holding Company (NASDAQ),nan,Purchase,"$1,001 - $15,000",8000.5,False,Child,354c88d3-2e47-42e9-839f-3388d26c6ee1,https://efdsearch.senate.gov/search/view/ptr/354c88d3-2e47-42e9-839f-3388d26c6ee1/,161bd735eca49a1763f3039dafbdf359d3dac65c81a350f2cc3c8ce7c9943bad,senate-efd-electronic,explicit,0
W000802,Sheldon Whitehouse,senate,Democrat,RI,Commission on Security and Cooperation in Europe; SSEV08; SSEV09; SSEV10; SSEV15; SSFI10; SSFI11; SSFI13; SSJU04; SSJU21; SSJU25; SSJU26; Senate Committee on Environment and Public Works; Senate Committee on Finance; Senate Committee on the Budget; Senate Committee on the Judiciary; United States Senate Caucus on International Narcotics Control,True,2014-04-29,2015-08-12,KORS,Michael Kors Holdings Limited (NYSE),nan,Purchase,"$1,001 - $15,000",8000.5,False,Child,354c88d3-2e47-42e9-839f-3388d26c6ee1,https://efdsearch.senate.gov/search/view/ptr/354c88d3-2e47-42e9-839f-3388d26c6ee1/,41fd0e6f28bc9830a5997a1050d66878bc7c139daab8b3bdc0c1fd63217dda53,senate-efd-electronic,explicit,0
W000802,Sheldon Whitehouse,senate,Democrat,RI,Commission on Security and Cooperation in Europe; SSEV08; SSEV09; SSEV10; SSEV15; SSFI10; SSFI11; SSFI13; SSJU04; SSJU21; SSJU25; SSJU26; Senate Committee on Environment and Public Works; Senate Committee on Finance; Senate Committee on the Budget; Senate Committee on the Judiciary; United States Senate Caucus on International Narcotics Control,True,2014-04-29,2015-08-12,JPM,JPMorgan Chase & Co. (NYSE),nan,Purchase,"$1,001 - $15,000",8000.5,False,Child,354c88d3-2e47-42e9-839f-3388d26c6ee1,https://efdsearch.senate.gov/search/view/ptr/354c88d3-2e47-42e9-839f-3388d26c6ee1/,d048400b9d40b18e1a7f358fecb821dd0a2e7526d280724cf216b0ea96067aac,senate-efd-electronic,explicit,0
W000802,Sheldon Whitehouse,senate,Democrat,RI,Commission on Security and Cooperation in Europe; SSEV08; SSEV09; SSEV10; SSEV15; SSFI10; SSFI11; SSFI13; SSJU04; SSJU21; SSJU25; SSJU26; Senate Committee on Environment and Public Works; Senate Committee on Finance; Senate Committee on the Budget; Senate Committee on the Judiciary; United States Senate Caucus on International Narcotics Control,True,2014-04-29,2015-08-12,EBAY,eBay Inc. (NASDAQ),nan,Sale (Full),"$15,001 - $50,000",32500.5,False,Child,354c88d3-2e47-42e9-839f-3388d26c6ee1,https://efdsearch.senate.gov/search/view/ptr/354c88d3-2e47-42e9-839f-3388d26c6ee1/,dad86791926c3ac3c660d0151997613d541364b4c0638d7259267f1376ece0cc,senate-efd-electronic,explicit,0
W000802,Sheldon Whitehouse,senate,Democrat,RI,Commission on Security and Cooperation in Europe; SSEV08; SSEV09; SSEV10; SSEV15; SSFI10; SSFI11; SSFI13; SSJU04; SSJU21; SSJU25; SSJU26; Senate Committee on Environment and Public Works; Senate Committee on Finance; Senate Committee on the Budget; Senate Committee on the Judiciary; United States Senate Caucus on International Narcotics Control,True,2014-04-29,2015-08-12,GIS,"General Mills, Inc. (NYSE)",nan,Sale (Partial),"$15,001 - $50,000",32500.5,False,Child,354c88d3-2e47-42e9-839f-3388d26c6ee1,https://efdsearch.senate.gov/search/view/ptr/354c88d3-2e47-42e9-839f-3388d26c6ee1/,828e393d1996b1baaf33ab72e3635b4259dba29e80681920282493fbb3e288cd,senate-efd-electronic,explicit,0
W000802,Sheldon Whitehouse,senate,Democrat,RI,Commission on Security and Cooperation in Europe; SSEV08; SSEV09; SSEV10; SSEV15; SSFI10; SSFI11; SSFI13; SSJU04; SSJU21; SSJU25; SSJU26; Senate Committee on Environment and Public Works; Senate Committee on Finance; Senate Committee on the Budget; Senate Committee on the Judiciary; United States Senate Caucus on International Narcotics Control,True,2014-04-29,2015-08-12,CVS,CVS Caremark Corporation (NYSE),nan,Purchase,"$1,001 - $15,000",8000.5,False,Child,354c88d3-2e47-42e9-839f-3388d26c6ee1,https://efdsearch.senate.gov/search/view/ptr/354c88d3-2e47-42e9-839f-3388d26c6ee1/,9c9bb840c63b9b7fe29510013a63d661b9b5b5e06aa6611557f2d59eb927125b,senate-efd-electronic,explicit,0
W000802,Sheldon Whitehouse,senate,Democrat,RI,Commission on Security and Cooperation in Europe; SSEV08; SSEV09; SSEV10; SSEV15; SSFI10; SSFI11; SSFI13; SSJU04; SSJU21; SSJU25; SSJU26; Senate Committee on Environment and Public Works; Senate Committee on Finance; Senate Committee on the Budget; Senate Committee on the Judiciary; United States Senate Caucus on International Narcotics Control,True,2014-04-29,2015-08-12,GOOGL,Google Inc. (NASDAQ),nan,Purchase,"$1,001 - $15,000",8000.5,False,Spouse,354c88d3-2e47-42e9-839f-3388d26c6ee1,https://efdsearch.senate.gov/search/view/ptr/354c88d3-2e47-42e9-839f-3388d26c6ee1/,0395ff619bf33f185f4c211cc5fbe02e59e3f872d7c46aaf159a5109ca1d1009,senate-efd-electronic,explicit,0
W000802,Sheldon Whitehouse,senate,Democrat,RI,Commission on Security and Cooperation in Europe; SSEV08; SSEV09; SSEV10; SSEV15; SSFI10; SSFI11; SSFI13; SSJU04; SSJU21; SSJU25; SSJU26; Senate Committee on Environment and Public Works; Senate Committee on Finance; Senate Committee on the Budget; Senate Committee on the Judiciary; United States Senate Caucus on International Narcotics Control,True,2014-04-29,2015-08-12,CMRE,Costamare Inc. (NYSE),nan,Purchase,"$1,001 - $15,000",8000.5,False,Joint,354c88d3-2e47-42e9-839f-3388d26c6ee1,https://efdsearch.senate.gov/search/view/ptr/354c88d3-2e47-42e9-839f-3388d26c6ee1/,d57d625599782a4970c047f262a45ba86c19b6ee994d3fc76189eaaed2d0d5c3,senate-efd-electronic,explicit,0
W000802,Sheldon Whitehouse,senate,Democrat,RI,Commission on Security and Cooperation in Europe; SSEV08; SSEV09; SSEV10; SSEV15; SSFI10; SSFI11; SSFI13; SSJU04; SSJU21; SSJU25; SSJU26; Senate Committee on Environment and Public Works; Senate Committee on Finance; Senate Committee on the Budget; Senate Committee on the Judiciary; United States Senate Caucus on International Narcotics Control,True,2014-05-09,2015-08-12,XLNX,Xilinx Inc. (NASDAQ),nan,Sale (Full),"$15,001 - $50,000",32500.5,False,Self,354c88d3-2e47-42e9-839f-3388d26c6ee1,https://efdsearch.senate.gov/search/view/ptr/354c88d3-2e47-42e9-839f-3388d26c6ee1/,dec8715f066583ee94cd5e63acb9eacf722fb1dca4db6dc6f2d66650dd61a6ce,senate-efd-electronic,explicit,0
W000802,Sheldon Whitehouse,senate,Democrat,RI,Commission on Security and Cooperation in Europe; SSEV08; SSEV09; SSEV10; SSEV15; SSFI10; SSFI11; SSFI13; SSJU04; SSJU21; SSJU25; SSJU26; Senate Committee on Environment and Public Works; Senate Committee on Finance; Senate Committee on the Budget; Senate Committee on the Judiciary; United States Senate Caucus on International Narcotics Control,True,2014-05-09,2015-08-12,HMC,"Honda Motor Co., Ltd. (NYSE)",nan,Sale (Full),"$1,001 - $15,000",8000.5,False,Self,354c88d3-2e47-42e9-839f-3388d26c6ee1,https://efdsearch.senate.gov/search/view/ptr/354c88d3-2e47-42e9-839f-3388d26c6ee1/,7072763d19a69c5394b8f2a7f8d5d69c019784b479e3904ebc255373cfcfb839,senate-efd-electronic,explicit,0
W000802,Sheldon Whitehouse,senate,Democrat,RI,Commission on Security and Cooperation in Europe; SSEV08; SSEV09; SSEV10; SSEV15; SSFI10; SSFI11; SSFI13; SSJU04; SSJU21; SSJU25; SSJU26; Senate Committee on Environment and Public Works; Senate Committee on Finance; Senate Committee on the Budget; Senate Committee on the Judiciary; United States Senate Caucus on International Narcotics Control,True,2014-05-09,2015-08-12,ETN,Eaton Corporation plc (NYSE),nan,Purchase,"$1,001 - $15,000",8000.5,False,Child,354c88d3-2e47-42e9-839f-3388d26c6ee1,https://efdsearch.senate.gov/search/view/ptr/354c88d3-2e47-42e9-839f-3388d26c6ee1/,cdc6404cc63cc554be563a67db1acac1f24e837cf086ef8fb4bbd4e3cbda676d,senate-efd-electronic,explicit,0
W000802,Sheldon Whitehouse,senate,Democrat,RI,Commission on Security and Cooperation in Europe; SSEV08; SSEV09; SSEV10; SSEV15; SSFI10; SSFI11; SSFI13; SSJU04; SSJU21; SSJU25; SSJU26; Senate Committee on Environment and Public Works; Senate Committee on Finance; Senate Committee on the Budget; Senate Committee on the Judiciary; United States Senate Caucus on International Narcotics Control,True,2014-05-09,2015-08-12,VDC,Vanguard Consumer Staples ETF,nan,Purchase,"$1,001 - $15,000",8000.5,False,Child,354c88d3-2e47-42e9-839f-3388d26c6ee1,https://efdsearch.senate.gov/search/view/ptr/354c88d3-2e47-42e9-839f-3388d26c6ee1/,43d79270ca9d02c07733da0350bc48fe3215be9104c101abf21ff7c0c59d85c2,senate-efd-electronic,explicit,0
W000802,Sheldon Whitehouse,senate,Democrat,RI,Commission on Security and Cooperation in Europe; SSEV08; SSEV09; SSEV10; SSEV15; SSFI10; SSFI11; SSFI13; SSJU04; SSJU21; SSJU25; SSJU26; Senate Committee on Environment and Public Works; Senate Committee on Finance; Senate Committee on the Budget; Senate Committee on the Judiciary; United States Senate Caucus on International Narcotics Control,True,2014-06-18,2015-08-13,KLXI,KLX Inc. (NASDAQ),Stock,Purchase,"$1,001 - $15,000",8000.5,False,Self,24de2641-3181-40f8-9d63-447604338f95,https://efdsearch.senate.gov/search/view/ptr/24de2641-3181-40f8-9d63-447604338f95/,cb94d6c8c4bd9039922e38f01be66065a27b5e5a8919631bdfaf8c2a2d653b76,senate-efd-electronic,explicit,0
W000802,Sheldon Whitehouse,senate,Democrat,RI,Commission on Security and Cooperation in Europe; SSEV08; SSEV09; SSEV10; SSEV15; SSFI10; SSFI11; SSFI13; SSJU04; SSJU21; SSJU25; SSJU26; Senate Committee on Environment and Public Works; Senate Committee on Finance; Senate Committee on the Budget; Senate Committee on the Judiciary; United States Senate Caucus on International Narcotics Control,True,2014-10-02,2015-08-12,SBUX,Starbucks Corporation (NASDAQ),nan,Purchase,"$1,001 - $15,000",8000.5,False,Child,5d2c9aff-b7fb-4128-974e-db65dd14faf5,https://efdsearch.senate.gov/search/view/ptr/5d2c9aff-b7fb-4128-974e-db65dd14faf5/,a8513dd9f9a059f59d9084b333c9543990d0bc0ea9cc958269de519236f246b0,senate-efd-electronic,explicit,0
W000802,Sheldon Whitehouse,senate,Democrat,RI,Commission on Security and Cooperation in Europe; SSEV08; SSEV09; SSEV10; SSEV15; SSFI10; SSFI11; SSFI13; SSJU04; SSJU21; SSJU25; SSJU26; Senate Committee on Environment and Public Works; Senate Committee on Finance; Senate Committee on the Budget; Senate Committee on the Judiciary; United States Senate Caucus on International Narcotics Control,True,2014-10-02,2015-08-12,QQQ,"PowerShares QQQ Trust, Series 1 (NASDAQ)",nan,Purchase,"$1,001 - $15,000",8000.5,False,Self,5d2c9aff-b7fb-4128-974e-db65dd14faf5,https://efdsearch.senate.gov/search/view/ptr/5d2c9aff-b7fb-4128-974e-db65dd14faf5/,584081b397686b6fafcedbce21d5ac3377aa19a47b352709b3246a379bb0c953,senate-efd-electronic,explicit,0
W000802,Sheldon Whitehouse,senate,Democrat,RI,Commission on Security and Cooperation in Europe; SSEV08; SSEV09; SSEV10; SSEV15; SSFI10; SSFI11; SSFI13; SSJU04; SSJU21; SSJU25; SSJU26; Senate Committee on Environment and Public Works; Senate Committee on Finance; Senate Committee on the Budget; Senate Committee on the Judiciary; United States Senate Caucus on International Narcotics Control,True,2014-10-02,2015-08-12,UL,Unilever plc (NYSE),nan,Purchase,"$1,001 - $15,000",8000.5,False,Self,5d2c9aff-b7fb-4128-974e-db65dd14faf5,https://efdsearch.senate.gov/search/view/ptr/5d2c9aff-b7fb-4128-974e-db65dd14faf5/,64f4dda6734ee1dd700cbb47b66528752164114cbc8343aa8c3ddf7fc7af9b42,senate-efd-electronic,explicit,0
W000802,Sheldon Whitehouse,senate,Democrat,RI,Commission on Security and Cooperation in Europe; SSEV08; SSEV09; SSEV10; SSEV15; SSFI10; SSFI11; SSFI13; SSJU04; SSJU21; SSJU25; SSJU26; Senate Committee on Environment and Public Works; Senate Committee on Finance; Senate Committee on the Budget; Senate Committee on the Judiciary; United States Senate Caucus on International Narcotics Control,True,2014-10-02,2015-08-12,A,Agilent Technologies Inc. (NYSE),nan,Purchase,"$1,001 - $15,000",8000.5,False,Self,5d2c9aff-b7fb-4128-974e-db65dd14faf5,https://efdsearch.senate.gov/search/view/ptr/5d2c9aff-b7fb-4128-974e-db65dd14faf5/,0ed027d8eb3e3c41b5e5247f1ebc37940fa8571d1c0cb8444088448544be11fd,senate-efd-electronic,explicit,0
W000802,Sheldon Whitehouse,senate,Democrat,RI,Commission on Security and Cooperation in Europe; SSEV08; SSEV09; SSEV10; SSEV15; SSFI10; SSFI11; SSFI13; SSJU04; SSJU21; SSJU25; SSJU26; Senate Committee on Environment and Public Works; Senate Committee on Finance; Senate Committee on the Budget; Senate Committee on the Judiciary; United States Senate Caucus on International Narcotics Control,True,2014-10-02,2015-08-12,M,"Macy's, Inc. (NYSE)",nan,Purchase,"$1,001 - $15,000",8000.5,False,Self,5d2c9aff-b7fb-4128-974e-db65dd14faf5,https://efdsearch.senate.gov/search/view/ptr/5d2c9aff-b7fb-4128-974e-db65dd14faf5/,903f523aaf738471945668b027f8c755f561185e683cad4de2b21ba7175bda52,senate-efd-electronic,explicit,0
W000802,Sheldon Whitehouse,senate,Democrat,RI,Commission on Security and Cooperation in Europe; SSEV08; SSEV09; SSEV10; SSEV15; SSFI10; SSFI11; SSFI13; SSJU04; SSJU21; SSJU25; SSJU26; Senate Committee on Environment and Public Works; Senate Committee on Finance; Senate Committee on the Budget; Senate Committee on the Judiciary; United States Senate Caucus on International Narcotics Control,True,2014-10-02,2015-08-12,YUM,"Yum! Brands, Inc. (NYSE)",nan,Sale (Full),"$15,001 - $50,000",32500.5,False,Self,5d2c9aff-b7fb-4128-974e-db65dd14faf5,https://efdsearch.senate.gov/search/view/ptr/5d2c9aff-b7fb-4128-974e-db65dd14faf5/,7d495d5ff429b666d82ea620d07462179affd0643a9840a3e5f13ffe9fdcaf05,senate-efd-electronic,explicit,0
W000802,Sheldon Whitehouse,senate,Democrat,RI,Commission on Security and Cooperation in Europe; SSEV08; SSEV09; SSEV10; SSEV15; SSFI10; SSFI11; SSFI13; SSJU04; SSJU21; SSJU25; SSJU26; Senate Committee on Environment and Public Works; Senate Committee on Finance; Senate Committee on the Budget; Senate Committee on the Judiciary; United States Senate Caucus on International Narcotics Control,True,2014-10-02,2015-08-12,KORS,Michael Kors Holdings Limited (NYSE),nan,Purchase,"$1,001 - $15,000",8000.5,False,Self,5d2c9aff-b7fb-4128-974e-db65dd14faf5,https://efdsearch.senate.gov/search/view/ptr/5d2c9aff-b7fb-4128-974e-db65dd14faf5/,0c1005b7c448ecf64e9176c573c47a20f9b689375b601a514c8169425df6afd2,senate-efd-electronic,explicit,0
W000802,Sheldon Whitehouse,senate,Democrat,RI,Commission on Security and Cooperation in Europe; SSEV08; SSEV09; SSEV10; SSEV15; SSFI10; SSFI11; SSFI13; SSJU04; SSJU21; SSJU25; SSJU26; Senate Committee on Environment and Public Works; Senate Committee on Finance; Senate Committee on the Budget; Senate Committee on the Judiciary; United States Senate Caucus on International Narcotics Control,True,2014-10-07,2015-08-12,TRIP,TripAdvisor Inc. (NASDAQ),nan,Purchase,"$1,001 - $15,000",8000.5,False,Self,5d2c9aff-b7fb-4128-974e-db65dd14faf5,https://efdsearch.senate.gov/search/view/ptr/5d2c9aff-b7fb-4128-974e-db65dd14faf5/,ea2004687c8ea60f10b0a46be3609119f8bb896d256898fb201ebaa3e000c3a2,senate-efd-electronic,explicit,0
W000802,Sheldon Whitehouse,senate,Democrat,RI,Commission on Security and Cooperation in Europe; SSEV08; SSEV09; SSEV10; SSEV15; SSFI10; SSFI11; SSFI13; SSJU04; SSJU21; SSJU25; SSJU26; Senate Committee on Environment and Public Works; Senate Committee on Finance; Senate Committee on the Budget; Senate Committee on the Judiciary; United States Senate Caucus on International Narcotics Control,True,2014-10-07,2015-08-12,UL,Unilever plc (NYSE),nan,Purchase,"$1,001 - $15,000",8000.5,False,Self,5d2c9aff-b7fb-4128-974e-db65dd14faf5,https://efdsearch.senate.gov/search/view/ptr/5d2c9aff-b7fb-4128-974e-db65dd14faf5/,7b6c77d34709aa6e2e84556df28f22d737eb3c99225fb83dbe980ac60a55bd86,senate-efd-electronic,explicit,0
W000802,Sheldon Whitehouse,senate,Democrat,RI,Commission on Security and Cooperation in Europe; SSEV08; SSEV09; SSEV10; SSEV15; SSFI10; SSFI11; SSFI13; SSJU04; SSJU21; SSJU25; SSJU26; Senate Committee on Environment and Public Works; Senate Committee on Finance; Senate Committee on the Budget; Senate Committee on the Judiciary; United States Senate Caucus on International Narcotics Control,True,2014-10-14,2015-08-12,SBUX,Starbucks Corporation (NASDAQ),nan,Purchase,"$1,001 - $15,000",8000.5,False,Child,5d2c9aff-b7fb-4128-974e-db65dd14faf5,https://efdsearch.senate.gov/search/view/ptr/5d2c9aff-b7fb-4128-974e-db65dd14faf5/,212de7ebc58172948c0d5974a9814f95cc8d684d86ed320086d7e930b4b1c162,senate-efd-electronic,explicit,0
W000802,Sheldon Whitehouse,senate,Democrat,RI,Commission on Security and Cooperation in Europe; SSEV08; SSEV09; SSEV10; SSEV15; SSFI10; SSFI11; SSFI13; SSJU04; SSJU21; SSJU25; SSJU26; Senate Committee on Environment and Public Works; Senate Committee on Finance; Senate Committee on the Budget; Senate Committee on the Judiciary; United States Senate Caucus on International Narcotics Control,True,2014-10-14,2015-08-12,CY,Cypress Semiconductor Corporation (NASDAQ),nan,Purchase,"$1,001 - $15,000",8000.5,False,Joint,5d2c9aff-b7fb-4128-974e-db65dd14faf5,https://efdsearch.senate.gov/search/view/ptr/5d2c9aff-b7fb-4128-974e-db65dd14faf5/,55f9c8b1766d2d5fbf45776ea1a9ff2a49976224093b33ba6583df411c1371e6,senate-efd-electronic,explicit,0
W000802,Sheldon Whitehouse,senate,Democrat,RI,Commission on Security and Cooperation in Europe; SSEV08; SSEV09; SSEV10; SSEV15; SSFI10; SSFI11; SSFI13; SSJU04; SSJU21; SSJU25; SSJU26; Senate Committee on Environment and Public Works; Senate Committee on Finance; Senate Committee on the Budget; Senate Committee on the Judiciary; United States Senate Caucus on International Narcotics Control,True,2014-10-14,2015-08-12,BMY,Bristol-Myers Squibb Company (NYSE),nan,Purchase,"$1,001 - $15,000",8000.5,False,Joint,5d2c9aff-b7fb-4128-974e-db65dd14faf5,https://efdsearch.senate.gov/search/view/ptr/5d2c9aff-b7fb-4128-974e-db65dd14faf5/,40c73b6f658c308b53d0e2921e5a731121b6930f04ddf80eb3a40778b5440ec6,senate-efd-electronic,explicit,0
W000802,Sheldon Whitehouse,senate,Democrat,RI,Commission on Security and Cooperation in Europe; SSEV08; SSEV09; SSEV10; SSEV15; SSFI10; SSFI11; SSFI13; SSJU04; SSJU21; SSJU25; SSJU26; Senate Committee on Environment and Public Works; Senate Committee on Finance; Senate Committee on the Budget; Senate Committee on the Judiciary; United States Senate Caucus on International Narcotics Control,True,2014-10-15,2015-08-12,COF,Capital One Financial Corporation (NYSE),Stock,Sale (Full),"$15,001 - $50,000",32500.5,False,Joint,5d2c9aff-b7fb-4128-974e-db65dd14faf5,https://efdsearch.senate.gov/search/view/ptr/5d2c9aff-b7fb-4128-974e-db65dd14faf5/,25b9353dd5e8e421f55fcb8f3e38eee099021bd421df868e957638dd20e3af47,senate-efd-electronic,explicit,0
W000802,Sheldon Whitehouse,senate,Democrat,RI,Commission on Security and Cooperation in Europe; SSEV08; SSEV09; SSEV10; SSEV15; SSFI10; SSFI11; SSFI13; SSJU04; SSJU21; SSJU25; SSJU26; Senate Committee on Environment and Public Works; Senate Committee on Finance; Senate Committee on the Budget; Senate Committee on the Judiciary; United States Senate Caucus on International Narcotics Control,True,2014-11-10,2015-08-12,F,Ford Motor Co. (NYSE),nan,Sale (Full),"$1,001 - $15,000",8000.5,False,Self,5b1fd684-378a-435c-926e-fb1c63b21b05,https://efdsearch.senate.gov/search/view/ptr/5b1fd684-378a-435c-926e-fb1c63b21b05/,9de0cc6c8e5164a7111c0fd6f405d96c1733f2ea3e2d8d7dd5f310df03e6cd40,senate-efd-electronic,explicit,0
W000802,Sheldon Whitehouse,senate,Democrat,RI,Commission on Security and Cooperation in Europe; SSEV08; SSEV09; SSEV10; SSEV15; SSFI10; SSFI11; SSFI13; SSJU04; SSJU21; SSJU25; SSJU26; Senate Committee on Environment and Public Works; Senate Committee on Finance; Senate Committee on the Budget; Senate Committee on the Judiciary; United States Senate Caucus on International Narcotics Control,True,2014-11-10,2015-08-12,BABA,Alibaba Group Holding Limited (NYSE),nan,Purchase,"$15,001 - $50,000",32500.5,False,Self,5b1fd684-378a-435c-926e-fb1c63b21b05,https://efdsearch.senate.gov/search/view/ptr/5b1fd684-378a-435c-926e-fb1c63b21b05/,c47e3c78cac517a25009af02c1dc60d034989d0260e267616be5a3c3cf41eabc,senate-efd-electronic,explicit,0
W000802,Sheldon Whitehouse,senate,Democrat,RI,Commission on Security and Cooperation in Europe; SSEV08; SSEV09; SSEV10; SSEV15; SSFI10; SSFI11; SSFI13; SSJU04; SSJU21; SSJU25; SSJU26; Senate Committee on Environment and Public Works; Senate Committee on Finance; Senate Committee on the Budget; Senate Committee on the Judiciary; United States Senate Caucus on International Narcotics Control,True,2014-11-10,2015-08-12,DHR,Danaher Corp. (NYSE),nan,Sale (Partial),"$15,001 - $50,000",32500.5,False,Self,5b1fd684-378a-435c-926e-fb1c63b21b05,https://efdsearch.senate.gov/search/view/ptr/5b1fd684-378a-435c-926e-fb1c63b21b05/,eaefb5368454b5bce0b98a6e2bdb47b97201e74bc582e4e18ad30d93b14720b4,senate-efd-electronic,explicit,0
W000802,Sheldon Whitehouse,senate,Democrat,RI,Commission on Security and Cooperation in Europe; SSEV08; SSEV09; SSEV10; SSEV15; SSFI10; SSFI11; SSFI13; SSJU04; SSJU21; SSJU25; SSJU26; Senate Committee on Environment and Public Works; Senate Committee on Finance; Senate Committee on the Budget; Senate Committee on the Judiciary; United States Senate Caucus on International Narcotics Control,True,2014-11-10,2015-08-12,F,Ford Motor Co. (NYSE),nan,Sale (Full),"$1,001 - $15,000",8000.5,False,Joint,5b1fd684-378a-435c-926e-fb1c63b21b05,https://efdsearch.senate.gov/search/view/ptr/5b1fd684-378a-435c-926e-fb1c63b21b05/,402f4a32df1c70ada9311cd3a40bf13d7a67c329ccd4a62e94929125eab07d5d,senate-efd-electronic,explicit,0
W000802,Sheldon Whitehouse,senate,Democrat,RI,Commission on Security and Cooperation in Europe; SSEV08; SSEV09; SSEV10; SSEV15; SSFI10; SSFI11; SSFI13; SSJU04; SSJU21; SSJU25; SSJU26; Senate Committee on Environment and Public Works; Senate Committee on Finance; Senate Committee on the Budget; Senate Committee on the Judiciary; United States Senate Caucus on International Narcotics Control,True,2014-11-10,2015-08-12,DHR,Danaher Corp. (NYSE),nan,Sale (Full),"$1,001 - $15,000",8000.5,False,Joint,5b1fd684-378a-435c-926e-fb1c63b21b05,https://efdsearch.senate.gov/search/view/ptr/5b1fd684-378a-435c-926e-fb1c63b21b05/,6d524b1dd93925dfb2fc72bb74a0a507b56af71d60a02bfa31bd4fcae5be1d50,senate-efd-electronic,explicit,0
W000802,Sheldon Whitehouse,senate,Democrat,RI,Commission on Security and Cooperation in Europe; SSEV08; SSEV09; SSEV10; SSEV15; SSFI10; SSFI11; SSFI13; SSJU04; SSJU21; SSJU25; SSJU26; Senate Committee on Environment and Public Works; Senate Committee on Finance; Senate Committee on the Budget; Senate Committee on the Judiciary; United States Senate Caucus on International Narcotics Control,True,2014-11-13,2015-08-12,M,"Macy's, Inc. (NYSE)",nan,Purchase,"$1,001 - $15,000",8000.5,False,Joint,5b1fd684-378a-435c-926e-fb1c63b21b05,https://efdsearch.senate.gov/search/view/ptr/5b1fd684-378a-435c-926e-fb1c63b21b05/,27e680a8c8f64bdc4a24da55761bc0ae2d43f40aee16cbce2d6e65c0cb4618ca,senate-efd-electronic,explicit,0
W000802,Sheldon Whitehouse,senate,Democrat,RI,Commission on Security and Cooperation in Europe; SSEV08; SSEV09; SSEV10; SSEV15; SSFI10; SSFI11; SSFI13; SSJU04; SSJU21; SSJU25; SSJU26; Senate Committee on Environment and Public Works; Senate Committee on Finance; Senate Committee on the Budget; Senate Committee on the Judiciary; United States Senate Caucus on International Narcotics Control,True,2014-11-13,2015-08-12,PRU,"Prudential Financial, Inc. (NYSE)",nan,Purchase,"$1,001 - $15,000",8000.5,False,Joint,5b1fd684-378a-435c-926e-fb1c63b21b05,https://efdsearch.senate.gov/search/view/ptr/5b1fd684-378a-435c-926e-fb1c63b21b05/,d7e87b507fe879a6d5e2892c81cde58dea3ed4f22e0b005bcd62638a9d2e6f40,senate-efd-electronic,explicit,0
W000802,Sheldon Whitehouse,senate,Democrat,RI,Commission on Security and Cooperation in Europe; SSEV08; SSEV09; SSEV10; SSEV15; SSFI10; SSFI11; SSFI13; SSJU04; SSJU21; SSJU25; SSJU26; Senate Committee on Environment and Public Works; Senate Committee on Finance; Senate Committee on the Budget; Senate Committee on the Judiciary; United States Senate Caucus on International Narcotics Control,True,2014-11-13,2015-08-12,,GOLDMAN SACHS GROUP 6.2%,nan,Sale (Partial),"$15,001 - $50,000",32500.5,False,Joint,5b1fd684-378a-435c-926e-fb1c63b21b05,https://efdsearch.senate.gov/search/view/ptr/5b1fd684-378a-435c-926e-fb1c63b21b05/,e84115e9c8c74b1e62fa60e5b4b6acfb8af3c03e5c9ac4f9973675a063e87697,senate-efd-electronic,none,0
W000802,Sheldon Whitehouse,senate,Democrat,RI,Commission on Security and Cooperation in Europe; SSEV08; SSEV09; SSEV10; SSEV15; SSFI10; SSFI11; SSFI13; SSJU04; SSJU21; SSJU25; SSJU26; Senate Committee on Environment and Public Works; Senate Committee on Finance; Senate Committee on the Budget; Senate Committee on the Judiciary; United States Senate Caucus on International Narcotics Control,True,2014-11-13,2015-08-12,T,"AT&T, Inc. (NYSE)",nan,Sale (Partial),"$15,001 - $50,000",32500.5,False,Joint,5b1fd684-378a-435c-926e-fb1c63b21b05,https://efdsearch.senate.gov/search/view/ptr/5b1fd684-378a-435c-926e-fb1c63b21b05/,0ef08a8955ef48c894b124d665d3d159181f2ffad939efd0bd8e3c7d9ba4eea5,senate-efd-electronic,explicit,0
W000802,Sheldon Whitehouse,senate,Democrat,RI,Commission on Security and Cooperation in Europe; SSEV08; SSEV09; SSEV10; SSEV15; SSFI10; SSFI11; SSFI13; SSJU04; SSJU21; SSJU25; SSJU26; Senate Committee on Environment and Public Works; Senate Committee on Finance; Senate Committee on the Budget; Senate Committee on the Judiciary; United States Senate Caucus on International Narcotics Control,True,2014-11-13,2015-08-12,PEP,"Pepsico, Inc. (NYSE)",nan,Purchase,"$1,001 - $15,000",8000.5,False,Joint,5b1fd684-378a-435c-926e-fb1c63b21b05,https://efdsearch.senate.gov/search/view/ptr/5b1fd684-378a-435c-926e-fb1c63b21b05/,4c7418a782d7da552f57a397cb0537666d79ef8efbe660f2a1ca17ec22d3eb0b,senate-efd-electronic,explicit,0
W000802,Sheldon Whitehouse,senate,Democrat,RI,Commission on Security and Cooperation in Europe; SSEV08; SSEV09; SSEV10; SSEV15; SSFI10; SSFI11; SSFI13; SSJU04; SSJU21; SSJU25; SSJU26; Senate Committee on Environment and Public Works; Senate Committee on Finance; Senate Committee on the Budget; Senate Committee on the Judiciary; United States Senate Caucus on International Narcotics Control,True,2014-11-25,2015-01-05,M,"Macy's, Inc. (NYSE)",nan,Purchase,"$1,001 - $15,000",8000.5,False,Self,332020b5-647b-49c1-afa2-7be502f72c34,https://efdsearch.senate.gov/search/view/ptr/332020b5-647b-49c1-afa2-7be502f72c34/,ec06937ffcc401a028063a894815dd701196c73b1ee5fe74d445733bb8cfa595,senate-efd-electronic,explicit,0
W000802,Sheldon Whitehouse,senate,Democrat,RI,Commission on Security and Cooperation in Europe; SSEV08; SSEV09; SSEV10; SSEV15; SSFI10; SSFI11; SSFI13; SSJU04; SSJU21; SSJU25; SSJU26; Senate Committee on Environment and Public Works; Senate Committee on Finance; Senate Committee on the Budget; Senate Committee on the Judiciary; United States Senate Caucus on International Narcotics Control,True,2014-11-25,2015-01-05,PRU,"Prudential Financial, Inc. (NYSE)",nan,Purchase,"$1,001 - $15,000",8000.5,False,Joint,332020b5-647b-49c1-afa2-7be502f72c34,https://efdsearch.senate.gov/search/view/ptr/332020b5-647b-49c1-afa2-7be502f72c34/,48146020951e635d7b5fb790e061e74a3e7a77fa937d080f6e72bcad6751852f,senate-efd-electronic,explicit,0
W000802,Sheldon Whitehouse,senate,Democrat,RI,Commission on Security and Cooperation in Europe; SSEV08; SSEV09; SSEV10; SSEV15; SSFI10; SSFI11; SSFI13; SSJU04; SSJU21; SSJU25; SSJU26; Senate Committee on Environment and Public Works; Senate Committee on Finance; Senate Committee on the Budget; Senate Committee on the Judiciary; United States Senate Caucus on International Narcotics Control,True,2014-11-25,2015-01-05,PCAR,PACCAR Inc. (NASDAQ),nan,Purchase,"$1,001 - $15,000",8000.5,False,Joint,332020b5-647b-49c1-afa2-7be502f72c34,https://efdsearch.senate.gov/search/view/ptr/332020b5-647b-49c1-afa2-7be502f72c34/,60505dd8dc4ce22143f2d31a41858faf2e5a82a7d5453a20ab89662b545727d5,senate-efd-electronic,explicit,0
W000802,Sheldon Whitehouse,senate,Democrat,RI,Commission on Security and Cooperation in Europe; SSEV08; SSEV09; SSEV10; SSEV15; SSFI10; SSFI11; SSFI13; SSJU04; SSJU21; SSJU25; SSJU26; Senate Committee on Environment and Public Works; Senate Committee on Finance; Senate Committee on the Budget; Senate Committee on the Judiciary; United States Senate Caucus on International Narcotics Control,True,2014-11-25,2015-01-05,IBM,International Business Machines Corporation (NYSE),nan,Sale (Partial),"$1,001 - $15,000",8000.5,False,Child,332020b5-647b-49c1-afa2-7be502f72c34,https://efdsearch.senate.gov/search/view/ptr/332020b5-647b-49c1-afa2-7be502f72c34/,46ad7aeb79e48742549d5d3bbea1ef11e890a0de31659301277a542319fa4caa,senate-efd-electronic,explicit,0
W000802,Sheldon Whitehouse,senate,Democrat,RI,Commission on Security and Cooperation in Europe; SSEV08; SSEV09; SSEV10; SSEV15; SSFI10; SSFI11; SSFI13; SSJU04; SSJU21; SSJU25; SSJU26; Senate Committee on Environment and Public Works; Senate Committee on Finance; Senate Committee on the Budget; Senate Committee on the Judiciary; United States Senate Caucus on International Narcotics Control,True,2014-11-25,2015-01-05,PCAR,PACCAR Inc. (NASDAQ),nan,Purchase,"$1,001 - $15,000",8000.5,False,Child,332020b5-647b-49c1-afa2-7be502f72c34,https://efdsearch.senate.gov/search/view/ptr/332020b5-647b-49c1-afa2-7be502f72c34/,29e202fb4520cb720fb685690c689997148eec2108834b7da8b90a204e935a6b,senate-efd-electronic,explicit,0
W000802,Sheldon Whitehouse,senate,Democrat,RI,Commission on Security and Cooperation in Europe; SSEV08; SSEV09; SSEV10; SSEV15; SSFI10; SSFI11; SSFI13; SSJU04; SSJU21; SSJU25; SSJU26; Senate Committee on Environment and Public Works; Senate Committee on Finance; Senate Committee on the Budget; Senate Committee on the Judiciary; United States Senate Caucus on International Narcotics Control,True,2014-12-18,2015-01-05,SSYS,Stratasys Ltd. (NASDAQ),nan,Sale (Full),"$1,001 - $15,000",8000.5,False,Self,332020b5-647b-49c1-afa2-7be502f72c34,https://efdsearch.senate.gov/search/view/ptr/332020b5-647b-49c1-afa2-7be502f72c34/,a4650300e13eb2e1bc4e13c1267e872b07f1be095ad9ac5a3d047788b15bba2d,senate-efd-electronic,explicit,0
W000802,Sheldon Whitehouse,senate,Democrat,RI,Commission on Security and Cooperation in Europe; SSEV08; SSEV09; SSEV10; SSEV15; SSFI10; SSFI11; SSFI13; SSJU04; SSJU21; SSJU25; SSJU26; Senate Committee on Environment and Public Works; Senate Committee on Finance; Senate Committee on the Budget; Senate Committee on the Judiciary; United States Senate Caucus on International Narcotics Control,True,2014-12-18,2015-01-05,BEAV,B/E Aerospace Inc. (NASDAQ),nan,Sale (Full),"$15,001 - $50,000",32500.5,False,Self,332020b5-647b-49c1-afa2-7be502f72c34,https://efdsearch.senate.gov/search/view/ptr/332020b5-647b-49c1-afa2-7be502f72c34/,9aa6581154a0a1f9fcc96cac87336f7bf11c2929d1bb9f87e4704c8298f4d45c,senate-efd-electronic,explicit,0
W000802,Sheldon Whitehouse,senate,Democrat,RI,Commission on Security and Cooperation in Europe; SSEV08; SSEV09; SSEV10; SSEV15; SSFI10; SSFI11; SSFI13; SSJU04; SSJU21; SSJU25; SSJU26; Senate Committee on Environment and Public Works; Senate Committee on Finance; Senate Committee on the Budget; Senate Committee on the Judiciary; United States Senate Caucus on International Narcotics Control,True,2014-12-18,2015-01-05,KORS,Michael Kors Holdings Limited (NYSE),nan,Sale (Partial),"$1,001 - $15,000",8000.5,False,Self,332020b5-647b-49c1-afa2-7be502f72c34,https://efdsearch.senate.gov/search/view/ptr/332020b5-647b-49c1-afa2-7be502f72c34/,2b55c50e4a3b25bde1c50d9965e4f419acc4e2420d86b15fd4d53970f5c0c3e4,senate-efd-electronic,explicit,0
W000802,Sheldon Whitehouse,senate,Democrat,RI,Commission on Security and Cooperation in Europe; SSEV08; SSEV09; SSEV10; SSEV15; SSFI10; SSFI11; SSFI13; SSJU04; SSJU21; SSJU25; SSJU26; Senate Committee on Environment and Public Works; Senate Committee on Finance; Senate Committee on the Budget; Senate Committee on the Judiciary; United States Senate Caucus on International Narcotics Control,True,2014-12-18,2015-01-05,T,"AT&T, Inc. (NYSE)",nan,Purchase,"$1,001 - $15,000",8000.5,False,Self,332020b5-647b-49c1-afa2-7be502f72c34,https://efdsearch.senate.gov/search/view/ptr/332020b5-647b-49c1-afa2-7be502f72c34/,6395a568a1220c46be807a786fcfc801b2e9fb781f78b847532b2b0abf7d8e3a,senate-efd-electronic,explicit,0
W000802,Sheldon Whitehouse,senate,Democrat,RI,Commission on Security and Cooperation in Europe; SSEV08; SSEV09; SSEV10; SSEV15; SSFI10; SSFI11; SSFI13; SSJU04; SSJU21; SSJU25; SSJU26; Senate Committee on Environment and Public Works; Senate Committee on Finance; Senate Committee on the Budget; Senate Committee on the Judiciary; United States Senate Caucus on International Narcotics Control,True,2014-12-18,2015-01-05,KEYS,"Keysight Technologies, Inc. (NYSE)",nan,Sale (Full),"$1,001 - $15,000",8000.5,False,Self,332020b5-647b-49c1-afa2-7be502f72c34,https://efdsearch.senate.gov/search/view/ptr/332020b5-647b-49c1-afa2-7be502f72c34/,5ee747091e93836165802a0f3df15618b0d3fd72e37c44cbb46437409eaf5398,senate-efd-electronic,explicit,0
W000802,Sheldon Whitehouse,senate,Democrat,RI,Commission on Security and Cooperation in Europe; SSEV08; SSEV09; SSEV10; SSEV15; SSFI10; SSFI11; SSFI13; SSJU04; SSJU21; SSJU25; SSJU26; Senate Committee on Environment and Public Works; Senate Committee on Finance; Senate Committee on the Budget; Senate Committee on the Judiciary; United States Senate Caucus on International Narcotics Control,True,2014-12-18,2015-01-05,ABBV,AbbVie Inc. (NYSE),nan,Purchase,"$1,001 - $15,000",8000.5,False,Self,332020b5-647b-49c1-afa2-7be502f72c34,https://efdsearch.senate.gov/search/view/ptr/332020b5-647b-49c1-afa2-7be502f72c34/,6e28096c07984e5ee154501d0702fc25a42795e127910b27b591fda0c9c63bdf,senate-efd-electronic,explicit,0
W000802,Sheldon Whitehouse,senate,Democrat,RI,Commission on Security and Cooperation in Europe; SSEV08; SSEV09; SSEV10; SSEV15; SSFI10; SSFI11; SSFI13; SSJU04; SSJU21; SSJU25; SSJU26; Senate Committee on Environment and Public Works; Senate Committee on Finance; Senate Committee on the Budget; Senate Committee on the Judiciary; United States Senate Caucus on International Narcotics Control,True,2014-12-18,2015-01-05,AMGN,Amgen Inc. (NASDAQ),nan,Purchase,"$15,001 - $50,000",32500.5,False,Self,332020b5-647b-49c1-afa2-7be502f72c34,https://efdsearch.senate.gov/search/view/ptr/332020b5-647b-49c1-afa2-7be502f72c34/,1f5a0a42d5cbd035552e6fbbc5416e1d108df77f9f95a4906843625a34bc9c18,senate-efd-electronic,explicit,0
W000802,Sheldon Whitehouse,senate,Democrat,RI,Commission on Security and Cooperation in Europe; SSEV08; SSEV09; SSEV10; SSEV15; SSFI10; SSFI11; SSFI13; SSJU04; SSJU21; SSJU25; SSJU26; Senate Committee on Environment and Public Works; Senate Committee on Finance; Senate Committee on the Budget; Senate Committee on the Judiciary; United States Senate Caucus on International Narcotics Control,True,2014-12-18,2015-01-05,HYH,"Halyard Health, Inc. (NYSE)",nan,Sale (Full),"$1,001 - $15,000",8000.5,False,Self,332020b5-647b-49c1-afa2-7be502f72c34,https://efdsearch.senate.gov/search/view/ptr/332020b5-647b-49c1-afa2-7be502f72c34/,5965bfa9239717346cf81f59135682e454abd07909ee594cf9fa210dbdac7e6e,senate-efd-electronic,explicit,0
W000802,Sheldon Whitehouse,senate,Democrat,RI,Commission on Security and Cooperation in Europe; SSEV08; SSEV09; SSEV10; SSEV15; SSFI10; SSFI11; SSFI13; SSJU04; SSJU21; SSJU25; SSJU26; Senate Committee on Environment and Public Works; Senate Committee on Finance; Senate Committee on the Budget; Senate Committee on the Judiciary; United States Senate Caucus on International Narcotics Control,True,2014-12-18,2015-01-05,CMRE,Costamare Inc. (NYSE),nan,Purchase,"$1,001 - $15,000",8000.5,False,Joint,332020b5-647b-49c1-afa2-7be502f72c34,https://efdsearch.senate.gov/search/view/ptr/332020b5-647b-49c1-afa2-7be502f72c34/,81ab4d3d2f3f471cf8a06f16e3c7c7f8a4789edc59324a778a682c6cfca14d0a,senate-efd-electronic,explicit,0
W000802,Sheldon Whitehouse,senate,Democrat,RI,Commission on Security and Cooperation in Europe; SSEV08; SSEV09; SSEV10; SSEV15; SSFI10; SSFI11; SSFI13; SSJU04; SSJU21; SSJU25; SSJU26; Senate Committee on Environment and Public Works; Senate Committee on Finance; Senate Committee on the Budget; Senate Committee on the Judiciary; United States Senate Caucus on International Narcotics Control,True,2014-12-18,2015-01-05,KORS,Michael Kors Holdings Limited (NYSE),nan,Sale (Partial),"$1,001 - $15,000",8000.5,False,Child,332020b5-647b-49c1-afa2-7be502f72c34,https://efdsearch.senate.gov/search/view/ptr/332020b5-647b-49c1-afa2-7be502f72c34/,e01c39585c7b383e383739665f6f0812851e5e93cdfc3b1bf6c528ca57c92b78,senate-efd-electronic,explicit,0
W000802,Sheldon Whitehouse,senate,Democrat,RI,Commission on Security and Cooperation in Europe; SSEV08; SSEV09; SSEV10; SSEV15; SSFI10; SSFI11; SSFI13; SSJU04; SSJU21; SSJU25; SSJU26; Senate Committee on Environment and Public Works; Senate Committee on Finance; Senate Committee on the Budget; Senate Committee on the Judiciary; United States Senate Caucus on International Narcotics Control,True,2014-12-18,2015-01-05,T,"AT&T, Inc. (NYSE)",nan,Purchase,"$1,001 - $15,000",8000.5,False,Child,332020b5-647b-49c1-afa2-7be502f72c34,https://efdsearch.senate.gov/search/view/ptr/332020b5-647b-49c1-afa2-7be502f72c34/,5a9b32813ad5e20f746f7db0a313cd92d6fcfb137171e3e67668e84db2599ed5,senate-efd-electronic,explicit,0
W000802,Sheldon Whitehouse,senate,Democrat,RI,Commission on Security and Cooperation in Europe; SSEV08; SSEV09; SSEV10; SSEV15; SSFI10; SSFI11; SSFI13; SSJU04; SSJU21; SSJU25; SSJU26; Senate Committee on Environment and Public Works; Senate Committee on Finance; Senate Committee on the Budget; Senate Committee on the Judiciary; United States Senate Caucus on International Narcotics Control,True,2014-12-18,2015-01-05,ORCL,Oracle Corporation (NYSE),nan,Purchase,"$1,001 - $15,000",8000.5,False,Child,332020b5-647b-49c1-afa2-7be502f72c34,https://efdsearch.senate.gov/search/view/ptr/332020b5-647b-49c1-afa2-7be502f72c34/,0a27fb65c36271d2d7ec5a0058078c82cd1f3b9ad3733265965cb0d49b0c172e,senate-efd-electronic,explicit,0
W000802,Sheldon Whitehouse,senate,Democrat,RI,Commission on Security and Cooperation in Europe; SSEV08; SSEV09; SSEV10; SSEV15; SSFI10; SSFI11; SSFI13; SSJU04; SSJU21; SSJU25; SSJU26; Senate Committee on Environment and Public Works; Senate Committee on Finance; Senate Committee on the Budget; Senate Committee on the Judiciary; United States Senate Caucus on International Narcotics Control,True,2014-12-18,2015-01-05,TJX,"The TJX Companies, Inc. (NYSE)",nan,Purchase,"$1,001 - $15,000",8000.5,False,Spouse,332020b5-647b-49c1-afa2-7be502f72c34,https://efdsearch.senate.gov/search/view/ptr/332020b5-647b-49c1-afa2-7be502f72c34/,d51282b3cbae490ad7c7a4a3c6c2231b26741955f1a4a8f84c918f5babe2e516,senate-efd-electronic,explicit,0
W000802,Sheldon Whitehouse,senate,Democrat,RI,Commission on Security and Cooperation in Europe; SSEV08; SSEV09; SSEV10; SSEV15; SSFI10; SSFI11; SSFI13; SSJU04; SSJU21; SSJU25; SSJU26; Senate Committee on Environment and Public Works; Senate Committee on Finance; Senate Committee on the Budget; Senate Committee on the Judiciary; United States Senate Caucus on International Narcotics Control,True,2015-01-14,2015-02-03,AIG,"American International Group, Inc. (NYSE)",Stock,Sale (Full),"$1,001 - $15,000",8000.5,False,Self,2596ce07-c156-4060-806c-d3fda6531a74,https://efdsearch.senate.gov/search/view/ptr/2596ce07-c156-4060-806c-d3fda6531a74/,0accf7399c8b0ad3d8b36f698ca88c787c4ac9df8431e5bacc13b1ebb39eb4aa,senate-efd-electronic,explicit,0
W000802,Sheldon Whitehouse,senate,Democrat,RI,Commission on Security and Cooperation in Europe; SSEV08; SSEV09; SSEV10; SSEV15; SSFI10; SSFI11; SSFI13; SSJU04; SSJU21; SSJU25; SSJU26; Senate Committee on Environment and Public Works; Senate Committee on Finance; Senate Committee on the Budget; Senate Committee on the Judiciary; United States Senate Caucus on International Narcotics Control,True,2015-01-14,2015-02-03,ETN,Eaton Corporation plc (NYSE),Stock,Sale (Full),"$15,001 - $50,000",32500.5,False,Joint,2596ce07-c156-4060-806c-d3fda6531a74,https://efdsearch.senate.gov/search/view/ptr/2596ce07-c156-4060-806c-d3fda6531a74/,bb7ff050ccaa31b2183ebaaeb6f4765679333895aef75cacdd872fc1a8fbac3b,senate-efd-electronic,explicit,0
W000802,Sheldon Whitehouse,senate,Democrat,RI,Commission on Security and Cooperation in Europe; SSEV08; SSEV09; SSEV10; SSEV15; SSFI10; SSFI11; SSFI13; SSJU04; SSJU21; SSJU25; SSJU26; Senate Committee on Environment and Public Works; Senate Committee on Finance; Senate Committee on the Budget; Senate Committee on the Judiciary; United States Senate Caucus on International Narcotics Control,True,2015-01-14,2015-02-03,DD,E. I. du Pont de Nemours and Company (NYSE),Stock,Sale (Full),"$1,001 - $15,000",8000.5,False,Joint,2596ce07-c156-4060-806c-d3fda6531a74,https://efdsearch.senate.gov/search/view/ptr/2596ce07-c156-4060-806c-d3fda6531a74/,4590675551a7cf42f5ad4b010b5ed34c93c230f7af4fbbd8b5abb7455b2d4f14,senate-efd-electronic,explicit,0
W000802,Sheldon Whitehouse,senate,Democrat,RI,Commission on Security and Cooperation in Europe; SSEV08; SSEV09; SSEV10; SSEV15; SSFI10; SSFI11; SSFI13; SSJU04; SSJU21; SSJU25; SSJU26; Senate Committee on Environment and Public Works; Senate Committee on Finance; Senate Committee on the Budget; Senate Committee on the Judiciary; United States Senate Caucus on International Narcotics Control,True,2015-01-14,2015-02-03,ETN,Eaton Corporation plc (NYSE),Stock,Sale (Full),"$1,001 - $15,000",8000.5,False,Child,2596ce07-c156-4060-806c-d3fda6531a74,https://efdsearch.senate.gov/search/view/ptr/2596ce07-c156-4060-806c-d3fda6531a74/,44f224d6bd04a3e957de84d36813bb4c6c1c067bc1e30209c96248e0861cd4a6,senate-efd-electronic,explicit,0
W000802,Sheldon Whitehouse,senate,Democrat,RI,Commission on Security and Cooperation in Europe; SSEV08; SSEV09; SSEV10; SSEV15; SSFI10; SSFI11; SSFI13; SSJU04; SSJU21; SSJU25; SSJU26; Senate Committee on Environment and Public Works; Senate Committee on Finance; Senate Committee on the Budget; Senate Committee on the Judiciary; United States Senate Caucus on International Narcotics Control,True,2015-01-14,2015-02-03,KLXI,KLX Inc. (NASDAQ),Stock,Sale (Full),"$1,001 - $15,000",8000.5,False,Self,2596ce07-c156-4060-806c-d3fda6531a74,https://efdsearch.senate.gov/search/view/ptr/2596ce07-c156-4060-806c-d3fda6531a74/,29b1da6b4195dc48b7edac78e892a69539f0cd1609f226f159e36f159ac068b3,senate-efd-electronic,explicit,0
W000802,Sheldon Whitehouse,senate,Democrat,RI,Commission on Security and Cooperation in Europe; SSEV08; SSEV09; SSEV10; SSEV15; SSFI10; SSFI11; SSFI13; SSJU04; SSJU21; SSJU25; SSJU26; Senate Committee on Environment and Public Works; Senate Committee on Finance; Senate Committee on the Budget; Senate Committee on the Judiciary; United States Senate Caucus on International Narcotics Control,True,2015-01-23,2015-02-03,DHR,Danaher Corp. (NYSE),Stock,Sale (Partial),"$15,001 - $50,000",32500.5,False,Self,2596ce07-c156-4060-806c-d3fda6531a74,https://efdsearch.senate.gov/search/view/ptr/2596ce07-c156-4060-806c-d3fda6531a74/,87938692c7bf49364e7f9bb60998271a3e6f2a7bd8059f4f56b2273d5210325f,senate-efd-electronic,explicit,0
W000802,Sheldon Whitehouse,senate,Democrat,RI,Commission on Security and Cooperation in Europe; SSEV08; SSEV09; SSEV10; SSEV15; SSFI10; SSFI11; SSFI13; SSJU04; SSJU21; SSJU25; SSJU26; Senate Committee on Environment and Public Works; Senate Committee on Finance; Senate Committee on the Budget; Senate Committee on the Judiciary; United States Senate Caucus on International Narcotics Control,True,2015-01-23,2015-02-03,GILD,Gilead Sciences Inc. (NASDAQ),Stock,Purchase,"$15,001 - $50,000",32500.5,False,Self,2596ce07-c156-4060-806c-d3fda6531a74,https://efdsearch.senate.gov/search/view/ptr/2596ce07-c156-4060-806c-d3fda6531a74/,87fc08796816067e7377e2a960028824545d27aaf54aa195509c2ae62cc444ef,senate-efd-electronic,explicit,0
W000802,Sheldon Whitehouse,senate,Democrat,RI,Commission on Security and Cooperation in Europe; SSEV08; SSEV09; SSEV10; SSEV15; SSFI10; SSFI11; SSFI13; SSJU04; SSJU21; SSJU25; SSJU26; Senate Committee on Environment and Public Works; Senate Committee on Finance; Senate Committee on the Budget; Senate Committee on the Judiciary; United States Senate Caucus on International Narcotics Control,True,2015-01-23,2015-02-03,ACE,ACE Limited (NYSE),Stock,Sale (Full),"$15,001 - $50,000",32500.5,False,Self,2596ce07-c156-4060-806c-d3fda6531a74,https://efdsearch.senate.gov/search/view/ptr/2596ce07-c156-4060-806c-d3fda6531a74/,1cfe960f0acccc7e3ada9cb18e91eccefb6581ed30c19142943eff1bf8dd1fba,senate-efd-electronic,explicit,0
W000802,Sheldon Whitehouse,senate,Democrat,RI,Commission on Security and Cooperation in Europe; SSEV08; SSEV09; SSEV10; SSEV15; SSFI10; SSFI11; SSFI13; SSJU04; SSJU21; SSJU25; SSJU26; Senate Committee on Environment and Public Works; Senate Committee on Finance; Senate Committee on the Budget; Senate Committee on the Judiciary; United States Senate Caucus on International Narcotics Control,True,2015-02-12,2015-03-17,CMRE,Costamare Inc. (NYSE),Stock,Sale (Full),"$15,001 - $50,000",32500.5,False,Joint,b852990f-aa23-40ed-bcb2-95441817ba41,https://efdsearch.senate.gov/search/view/ptr/b852990f-aa23-40ed-bcb2-95441817ba41/,b2dae71c16848fa9d15f6bba57a941d8acafa00cad3756a4b40637512e9b5520,senate-efd-electronic,explicit,0
W000802,Sheldon Whitehouse,senate,Democrat,RI,Commission on Security and Cooperation in Europe; SSEV08; SSEV09; SSEV10; SSEV15; SSFI10; SSFI11; SSFI13; SSJU04; SSJU21; SSJU25; SSJU26; Senate Committee on Environment and Public Works; Senate Committee on Finance; Senate Committee on the Budget; Senate Committee on the Judiciary; United States Senate Caucus on International Narcotics Control,True,2015-02-23,2015-03-17,DISH,Dish Network Corp. (NASDAQ),Stock,Sale (Full),"$15,001 - $50,000",32500.5,False,Self,b852990f-aa23-40ed-bcb2-95441817ba41,https://efdsearch.senate.gov/search/view/ptr/b852990f-aa23-40ed-bcb2-95441817ba41/,4e6ee5dab036fa58643b21bca62991cccc4e1a8019e901b7777c5888c2a3a09c,senate-efd-electronic,explicit,0
W000802,Sheldon Whitehouse,senate,Democrat,RI,Commission on Security and Cooperation in Europe; SSEV08; SSEV09; SSEV10; SSEV15; SSFI10; SSFI11; SSFI13; SSJU04; SSJU21; SSJU25; SSJU26; Senate Committee on Environment and Public Works; Senate Committee on Finance; Senate Committee on the Budget; Senate Committee on the Judiciary; United States Senate Caucus on International Narcotics Control,True,2015-02-23,2015-03-17,KORS,Michael Kors Holdings Limited (NYSE),Stock,Purchase,"$1,001 - $15,000",8000.5,False,Child,b852990f-aa23-40ed-bcb2-95441817ba41,https://efdsearch.senate.gov/search/view/ptr/b852990f-aa23-40ed-bcb2-95441817ba41/,c495aba5ee1a6a2e377947673b30457777a15463ac69e4536b0f7075ef9072cf,senate-efd-electronic,explicit,0
W000802,Sheldon Whitehouse,senate,Democrat,RI,Commission on Security and Cooperation in Europe; SSEV08; SSEV09; SSEV10; SSEV15; SSFI10; SSFI11; SSFI13; SSJU04; SSJU21; SSJU25; SSJU26; Senate Committee on Environment and Public Works; Senate Committee on Finance; Senate Committee on the Budget; Senate Committee on the Judiciary; United States Senate Caucus on International Narcotics Control,True,2015-02-23,2015-03-17,HYH,"Halyard Health, Inc. (NYSE)",Stock,Sale (Full),"$1,001 - $15,000",8000.5,False,Child,b852990f-aa23-40ed-bcb2-95441817ba41,https://efdsearch.senate.gov/search/view/ptr/b852990f-aa23-40ed-bcb2-95441817ba41/,024d289cecc2bcd4bfed94a76a9acc80c2634f36a76fae48c87f1821fd6d9bfa,senate-efd-electronic,explicit,0
W000802,Sheldon Whitehouse,senate,Democrat,RI,Commission on Security and Cooperation in Europe; SSEV08; SSEV09; SSEV10; SSEV15; SSFI10; SSFI11; SSFI13; SSJU04; SSJU21; SSJU25; SSJU26; Senate Committee on Environment and Public Works; Senate Committee on Finance; Senate Committee on the Budget; Senate Committee on the Judiciary; United States Senate Caucus on International Narcotics Control,True,2015-02-23,2015-03-17,BMY,Bristol-Myers Squibb Company (NYSE),Stock,Purchase,"$1,001 - $15,000",8000.5,False,Child,b852990f-aa23-40ed-bcb2-95441817ba41,https://efdsearch.senate.gov/search/view/ptr/b852990f-aa23-40ed-bcb2-95441817ba41/,ce00b105a0eb97ac79e56b1a0a591575e3b2d571da1891152e1c8645ff454c03,senate-efd-electronic,explicit,0
W000802,Sheldon Whitehouse,senate,Democrat,RI,Commission on Security and Cooperation in Europe; SSEV08; SSEV09; SSEV10; SSEV15; SSFI10; SSFI11; SSFI13; SSJU04; SSJU21; SSJU25; SSJU26; Senate Committee on Environment and Public Works; Senate Committee on Finance; Senate Committee on the Budget; Senate Committee on the Judiciary; United States Senate Caucus on International Narcotics Control,True,2015-02-24,2015-03-17,A,Agilent Technologies Inc. (NYSE),Stock,Sale (Full),"$1,001 - $15,000",8000.5,False,Self,b852990f-aa23-40ed-bcb2-95441817ba41,https://efdsearch.senate.gov/search/view/ptr/b852990f-aa23-40ed-bcb2-95441817ba41/,3ead22dbc977b5e2ec1002f8b709f8e50041786acc1caaead2a25441102a5242,senate-efd-electronic,explicit,0
W000802,Sheldon Whitehouse,senate,Democrat,RI,Commission on Security and Cooperation in Europe; SSEV08; SSEV09; SSEV10; SSEV15; SSFI10; SSFI11; SSFI13; SSJU04; SSJU21; SSJU25; SSJU26; Senate Committee on Environment and Public Works; Senate Committee on Finance; Senate Committee on the Budget; Senate Committee on the Judiciary; United States Senate Caucus on International Narcotics Control,True,2015-02-24,2015-03-17,KORS,Michael Kors Holdings Limited (NYSE),Stock,Purchase,"$1,001 - $15,000",8000.5,False,Child,b852990f-aa23-40ed-bcb2-95441817ba41,https://efdsearch.senate.gov/search/view/ptr/b852990f-aa23-40ed-bcb2-95441817ba41/,f707f60bc408347f1350e9d2639982f93dde42fa00985ca77449aca7dadf4b1c,senate-efd-electronic,explicit,0
W000802,Sheldon Whitehouse,senate,Democrat,RI,Commission on Security and Cooperation in Europe; SSEV08; SSEV09; SSEV10; SSEV15; SSFI10; SSFI11; SSFI13; SSJU04; SSJU21; SSJU25; SSJU26; Senate Committee on Environment and Public Works; Senate Committee on Finance; Senate Committee on the Budget; Senate Committee on the Judiciary; United States Senate Caucus on International Narcotics Control,True,2015-02-24,2015-03-17,LLTC,Linear Technology Corporation (NASDAQ),Stock,Purchase,"$1,001 - $15,000",8000.5,False,Child,b852990f-aa23-40ed-bcb2-95441817ba41,https://efdsearch.senate.gov/search/view/ptr/b852990f-aa23-40ed-bcb2-95441817ba41/,4d479c0885f197a02eec0dd27d4e2eebc07e166ea82020beff03fe1def3ffac9,senate-efd-electronic,explicit,0
W000802,Sheldon Whitehouse,senate,Democrat,RI,Commission on Security and Cooperation in Europe; SSEV08; SSEV09; SSEV10; SSEV15; SSFI10; SSFI11; SSFI13; SSJU04; SSJU21; SSJU25; SSJU26; Senate Committee on Environment and Public Works; Senate Committee on Finance; Senate Committee on the Budget; Senate Committee on the Judiciary; United States Senate Caucus on International Narcotics Control,True,2015-03-10,2015-03-17,STT,State Street Corporation (NYSE),Stock,Sale (Partial),"$1,001 - $15,000",8000.5,False,Child,b852990f-aa23-40ed-bcb2-95441817ba41,https://efdsearch.senate.gov/search/view/ptr/b852990f-aa23-40ed-bcb2-95441817ba41/,8c589ee2c39d39bd0cd5025e7e9bc86f8b866b98aa64874841631ae980fd4c06,senate-efd-electronic,explicit,0
W000802,Sheldon Whitehouse,senate,Democrat,RI,Commission on Security and Cooperation in Europe; SSEV08; SSEV09; SSEV10; SSEV15; SSFI10; SSFI11; SSFI13; SSJU04; SSJU21; SSJU25; SSJU26; Senate Committee on Environment and Public Works; Senate Committee on Finance; Senate Committee on the Budget; Senate Committee on the Judiciary; United States Senate Caucus on International Narcotics Control,True,2015-03-10,2015-03-17,ABBV,AbbVie Inc. (NYSE),Stock,Sale (Full),"$1,001 - $15,000",8000.5,False,Self,b852990f-aa23-40ed-bcb2-95441817ba41,https://efdsearch.senate.gov/search/view/ptr/b852990f-aa23-40ed-bcb2-95441817ba41/,ca7e60417a972222a8ca902d95ae64af794d0456649a72dad463bfd17fccd575,senate-efd-electronic,explicit,0
W000802,Sheldon Whitehouse,senate,Democrat,RI,Commission on Security and Cooperation in Europe; SSEV08; SSEV09; SSEV10; SSEV15; SSFI10; SSFI11; SSFI13; SSJU04; SSJU21; SSJU25; SSJU26; Senate Committee on Environment and Public Works; Senate Committee on Finance; Senate Committee on the Budget; Senate Committee on the Judiciary; United States Senate Caucus on International Narcotics Control,True,2015-03-10,2015-03-17,KORS,Michael Kors Holdings Limited (NYSE),Stock,Sale (Full),"$1,001 - $15,000",8000.5,False,Self,b852990f-aa23-40ed-bcb2-95441817ba41,https://efdsearch.senate.gov/search/view/ptr/b852990f-aa23-40ed-bcb2-95441817ba41/,beff6947b42dced0e175b08053136b9ae85fdd62f4b23690d7fd4bf848c7acbf,senate-efd-electronic,explicit,0
W000802,Sheldon Whitehouse,senate,Democrat,RI,Commission on Security and Cooperation in Europe; SSEV08; SSEV09; SSEV10; SSEV15; SSFI10; SSFI11; SSFI13; SSJU04; SSJU21; SSJU25; SSJU26; Senate Committee on Environment and Public Works; Senate Committee on Finance; Senate Committee on the Budget; Senate Committee on the Judiciary; United States Senate Caucus on International Narcotics Control,True,2015-03-10,2015-03-17,PEP,"Pepsico, Inc. (NYSE)",Stock,Purchase,"$1,001 - $15,000",8000.5,False,Joint,b852990f-aa23-40ed-bcb2-95441817ba41,https://efdsearch.senate.gov/search/view/ptr/b852990f-aa23-40ed-bcb2-95441817ba41/,118657b216738731938e8a07807ac5d18f625a178312a53a318cbecd58fa7184,senate-efd-electronic,explicit,0
W000802,Sheldon Whitehouse,senate,Democrat,RI,Commission on Security and Cooperation in Europe; SSEV08; SSEV09; SSEV10; SSEV15; SSFI10; SSFI11; SSFI13; SSJU04; SSJU21; SSJU25; SSJU26; Senate Committee on Environment and Public Works; Senate Committee on Finance; Senate Committee on the Budget; Senate Committee on the Judiciary; United States Senate Caucus on International Narcotics Control,True,2015-03-10,2015-03-17,AMGN,Amgen Inc. (NASDAQ),Stock,Purchase,"$1,001 - $15,000",8000.5,False,Self,b852990f-aa23-40ed-bcb2-95441817ba41,https://efdsearch.senate.gov/search/view/ptr/b852990f-aa23-40ed-bcb2-95441817ba41/,defe4efe4b8ff5044eca371542cc2ab885fe6863f375959d690970107587203d,senate-efd-electronic,explicit,0
W000802,Sheldon Whitehouse,senate,Democrat,RI,Commission on Security and Cooperation in Europe; SSEV08; SSEV09; SSEV10; SSEV15; SSFI10; SSFI11; SSFI13; SSJU04; SSJU21; SSJU25; SSJU26; Senate Committee on Environment and Public Works; Senate Committee on Finance; Senate Committee on the Budget; Senate Committee on the Judiciary; United States Senate Caucus on International Narcotics Control,True,2015-03-13,2015-08-12,,JP Morgan Chase & Co 6.75% FXD to 2/1/24  Rate/Coupon: 6.75  Matures: 01/01/2024,Corporate Bond,Purchase,"$15,001 - $50,000",32500.5,False,Joint,94becbbc-bd82-4e43-98a3-ac8004a59e55,https://efdsearch.senate.gov/search/view/ptr/94becbbc-bd82-4e43-98a3-ac8004a59e55/,17fa13763f6f14aa4ffe7d9e07df6d844f828a742ea307dbad41406060c1e4b2,senate-efd-electronic,none,0
W000802,Sheldon Whitehouse,senate,Democrat,RI,Commission on Security and Cooperation in Europe; SSEV08; SSEV09; SSEV10; SSEV15; SSFI10; SSFI11; SSFI13; SSJU04; SSJU21; SSJU25; SSJU26; Senate Committee on Environment and Public Works; Senate Committee on Finance; Senate Committee on the Budget; Senate Committee on the Judiciary; United States Senate Caucus on International Narcotics Control,True,2015-04-02,2015-04-23,,JPMORGAN CHASE CAPITAL XXIX 6.75  Rate/Coupon: 6.7  Matures: 04/02/2040,Corporate Bond,Sale (Full),"$1,001 - $15,000",8000.5,False,Spouse,ebb68a90-5d92-481b-96df-bdaa5fc99b4b,https://efdsearch.senate.gov/search/view/ptr/ebb68a90-5d92-481b-96df-bdaa5fc99b4b/,3d5fdbe7ba345e1819d879e43ca859b6e07743e945bd7a72494f588d321bfeb3,senate-efd-electronic,none,0
W000802,Sheldon Whitehouse,senate,Democrat,RI,Commission on Security and Cooperation in Europe; SSEV08; SSEV09; SSEV10; SSEV15; SSFI10; SSFI11; SSFI13; SSJU04; SSJU21; SSJU25; SSJU26; Senate Committee on Environment and Public Works; Senate Committee on Finance; Senate Committee on the Budget; Senate Committee on the Judiciary; United States Senate Caucus on International Narcotics Control,True,2015-04-06,2015-04-23,ACN,Accenture plc (NYSE),Stock,Sale (Full),"$15,001 - $50,000",32500.5,False,Self,ebb68a90-5d92-481b-96df-bdaa5fc99b4b,https://efdsearch.senate.gov/search/view/ptr/ebb68a90-5d92-481b-96df-bdaa5fc99b4b/,a7195b175cf0d1bfac373ce7ff190b26db5f24d0fdb5e2b513d588f5be073569,senate-efd-electronic,explicit,0
W000802,Sheldon Whitehouse,senate,Democrat,RI,Commission on Security and Cooperation in Europe; SSEV08; SSEV09; SSEV10; SSEV15; SSFI10; SSFI11; SSFI13; SSJU04; SSJU21; SSJU25; SSJU26; Senate Committee on Environment and Public Works; Senate Committee on Finance; Senate Committee on the Budget; Senate Committee on the Judiciary; United States Senate Caucus on International Narcotics Control,True,2015-04-06,2015-04-23,SSYS,Stratasys Ltd. (NASDAQ),Stock,Sale (Full),"$1,001 - $15,000",8000.5,False,Child,ebb68a90-5d92-481b-96df-bdaa5fc99b4b,https://efdsearch.senate.gov/search/view/ptr/ebb68a90-5d92-481b-96df-bdaa5fc99b4b/,fdb1894e6bc2701523e1b0bd5fd033c116444af5d53135d51abed79a70bc4ba1,senate-efd-electronic,explicit,0
W000802,Sheldon Whitehouse,senate,Democrat,RI,Commission on Security and Cooperation in Europe; SSEV08; SSEV09; SSEV10; SSEV15; SSFI10; SSFI11; SSFI13; SSJU04; SSJU21; SSJU25; SSJU26; Senate Committee on Environment and Public Works; Senate Committee on Finance; Senate Committee on the Budget; Senate Committee on the Judiciary; United States Senate Caucus on International Narcotics Control,True,2015-04-07,2015-04-23,HD,"The Home Depot, Inc. (NYSE)",Stock,Sale (Partial),"$15,001 - $50,000",32500.5,False,Self,ebb68a90-5d92-481b-96df-bdaa5fc99b4b,https://efdsearch.senate.gov/search/view/ptr/ebb68a90-5d92-481b-96df-bdaa5fc99b4b/,bc5adcfb23c4a120a2b36f9aa2b3e3bb604a9f74f13d69fa42d3d50e3bcd7ae2,senate-efd-electronic,explicit,0
W000802,Sheldon Whitehouse,senate,Democrat,RI,Commission on Security and Cooperation in Europe; SSEV08; SSEV09; SSEV10; SSEV15; SSFI10; SSFI11; SSFI13; SSJU04; SSJU21; SSJU25; SSJU26; Senate Committee on Environment and Public Works; Senate Committee on Finance; Senate Committee on the Budget; Senate Committee on the Judiciary; United States Senate Caucus on International Narcotics Control,True,2015-04-07,2015-04-23,BABA,Alibaba Group Holding Limited (NYSE),Stock,Sale (Full),"$15,001 - $50,000",32500.5,False,Self,ebb68a90-5d92-481b-96df-bdaa5fc99b4b,https://efdsearch.senate.gov/search/view/ptr/ebb68a90-5d92-481b-96df-bdaa5fc99b4b/,b49ca659e90de05fcde354a95319041878f2410a93719711470beeda9d110955,senate-efd-electronic,explicit,0
W000802,Sheldon Whitehouse,senate,Democrat,RI,Commission on Security and Cooperation in Europe; SSEV08; SSEV09; SSEV10; SSEV15; SSFI10; SSFI11; SSFI13; SSJU04; SSJU21; SSJU25; SSJU26; Senate Committee on Environment and Public Works; Senate Committee on Finance; Senate Committee on the Budget; Senate Committee on the Judiciary; United States Senate Caucus on International Narcotics Control,True,2015-04-07,2015-04-23,GILD,Gilead Sciences Inc. (NASDAQ),Stock,Purchase,"$1,001 - $15,000",8000.5,False,Child,ebb68a90-5d92-481b-96df-bdaa5fc99b4b,https://efdsearch.senate.gov/search/view/ptr/ebb68a90-5d92-481b-96df-bdaa5fc99b4b/,be1760d35e46854ea9de9e59173ae83e08cbbc4dce4b8dd4e70972bd4590e8b4,senate-efd-electronic,explicit,0
W000802,Sheldon Whitehouse,senate,Democrat,RI,Commission on Security and Cooperation in Europe; SSEV08; SSEV09; SSEV10; SSEV15; SSFI10; SSFI11; SSFI13; SSJU04; SSJU21; SSJU25; SSJU26; Senate Committee on Environment and Public Works; Senate Committee on Finance; Senate Committee on the Budget; Senate Committee on the Judiciary; United States Senate Caucus on International Narcotics Control,True,2015-04-07,2015-04-23,NFLX,"Netflix, Inc. (NASDAQ)",Stock,Purchase,"$1,001 - $15,000",8000.5,False,Spouse,ebb68a90-5d92-481b-96df-bdaa5fc99b4b,https://efdsearch.senate.gov/search/view/ptr/ebb68a90-5d92-481b-96df-bdaa5fc99b4b/,2de11fa5e732563f0a51e745cfe8768998b4d5cb99ed13c8ccd7619313eb5eea,senate-efd-electronic,explicit,0
W000802,Sheldon Whitehouse,senate,Democrat,RI,Commission on Security and Cooperation in Europe; SSEV08; SSEV09; SSEV10; SSEV15; SSFI10; SSFI11; SSFI13; SSJU04; SSJU21; SSJU25; SSJU26; Senate Committee on Environment and Public Works; Senate Committee on Finance; Senate Committee on the Budget; Senate Committee on the Judiciary; United States Senate Caucus on International Narcotics Control,True,2015-04-07,2015-04-23,PANW,PANW,Stock,Purchase,"$1,001 - $15,000",8000.5,False,Spouse,ebb68a90-5d92-481b-96df-bdaa5fc99b4b,https://efdsearch.senate.gov/search/view/ptr/ebb68a90-5d92-481b-96df-bdaa5fc99b4b/,456593a3231a62fe076dcad16754c86811b6bcfc3bfa24d5568d58e3c09c78a5,senate-efd-electronic,asset_name,0
W000802,Sheldon Whitehouse,senate,Democrat,RI,Commission on Security and Cooperation in Europe; SSEV08; SSEV09; SSEV10; SSEV15; SSFI10; SSFI11; SSFI13; SSJU04; SSJU21; SSJU25; SSJU26; Senate Committee on Environment and Public Works; Senate Committee on Finance; Senate Committee on the Budget; Senate Committee on the Judiciary; United States Senate Caucus on International Narcotics Control,True,2015-04-07,2015-04-23,GILD,Gilead Sciences Inc. (NASDAQ),Stock,Purchase,"$1,001 - $15,000",8000.5,False,Spouse,ebb68a90-5d92-481b-96df-bdaa5fc99b4b,https://efdsearch.senate.gov/search/view/ptr/ebb68a90-5d92-481b-96df-bdaa5fc99b4b/,d52d6526b2590d1feb3d9b110ad4a53df1a19464bf0171b0a076072f3efb0332,senate-efd-electronic,explicit,0
W000802,Sheldon Whitehouse,senate,Democrat,RI,Commission on Security and Cooperation in Europe; SSEV08; SSEV09; SSEV10; SSEV15; SSFI10; SSFI11; SSFI13; SSJU04; SSJU21; SSJU25; SSJU26; Senate Committee on Environment and Public Works; Senate Committee on Finance; Senate Committee on the Budget; Senate Committee on the Judiciary; United States Senate Caucus on International Narcotics Control,True,2015-04-07,2015-04-23,BIIB,Biogen Inc. (NASDAQ),Stock,Purchase,"$1,001 - $15,000",8000.5,False,Spouse,ebb68a90-5d92-481b-96df-bdaa5fc99b4b,https://efdsearch.senate.gov/search/view/ptr/ebb68a90-5d92-481b-96df-bdaa5fc99b4b/,d79ed1dd9f44106030204ed9adc5b8831ebfd81404b3ea0e6b1505b45dd1073b,senate-efd-electronic,explicit,0
W000802,Sheldon Whitehouse,senate,Democrat,RI,Commission on Security and Cooperation in Europe; SSEV08; SSEV09; SSEV10; SSEV15; SSFI10; SSFI11; SSFI13; SSJU04; SSJU21; SSJU25; SSJU26; Senate Committee on Environment and Public Works; Senate Committee on Finance; Senate Committee on the Budget; Senate Committee on the Judiciary; United States Senate Caucus on International Narcotics Control,True,2015-04-13,2015-04-23,UA,"Under Armour, Inc. (NYSE)",Stock,Purchase,"$1,001 - $15,000",8000.5,False,Self,ebb68a90-5d92-481b-96df-bdaa5fc99b4b,https://efdsearch.senate.gov/search/view/ptr/ebb68a90-5d92-481b-96df-bdaa5fc99b4b/,c5274f793708cfb782a26c85e04fbff2eddfd7f8c75a59e4ec2f7024ad1421be,senate-efd-electronic,explicit,0
W000802,Sheldon Whitehouse,senate,Democrat,RI,Commission on Security and Cooperation in Europe; SSEV08; SSEV09; SSEV10; SSEV15; SSFI10; SSFI11; SSFI13; SSJU04; SSJU21; SSJU25; SSJU26; Senate Committee on Environment and Public Works; Senate Committee on Finance; Senate Committee on the Budget; Senate Committee on the Judiciary; United States Senate Caucus on International Narcotics Control,True,2015-05-07,2015-08-12,BIIB,Biogen Inc. (NASDAQ),Stock,Purchase,"$15,001 - $50,000",32500.5,False,Self,9cc0fe86-0656-415d-936a-dd4259c51b54,https://efdsearch.senate.gov/search/view/ptr/9cc0fe86-0656-415d-936a-dd4259c51b54/,24e3afacb3a323d492adf247db76cf2fc3802c16e4b49d4256eff211f4554a7e,senate-efd-electronic,explicit,0
W000802,Sheldon Whitehouse,senate,Democrat,RI,Commission on Security and Cooperation in Europe; SSEV08; SSEV09; SSEV10; SSEV15; SSFI10; SSFI11; SSFI13; SSJU04; SSJU21; SSJU25; SSJU26; Senate Committee on Environment and Public Works; Senate Committee on Finance; Senate Committee on the Budget; Senate Committee on the Judiciary; United States Senate Caucus on International Narcotics Control,True,2015-05-07,2015-08-12,NFLX,"Netflix, Inc. (NASDAQ)",Stock,Purchase,"$15,001 - $50,000",32500.5,False,Self,9cc0fe86-0656-415d-936a-dd4259c51b54,https://efdsearch.senate.gov/search/view/ptr/9cc0fe86-0656-415d-936a-dd4259c51b54/,29d7035271db7eadbf07467b01670f39ae5762808abe330d08873e303d3d4555,senate-efd-electronic,explicit,0
W000802,Sheldon Whitehouse,senate,Democrat,RI,Commission on Security and Cooperation in Europe; SSEV08; SSEV09; SSEV10; SSEV15; SSFI10; SSFI11; SSFI13; SSJU04; SSJU21; SSJU25; SSJU26; Senate Committee on Environment and Public Works; Senate Committee on Finance; Senate Committee on the Budget; Senate Committee on the Judiciary; United States Senate Caucus on International Narcotics Control,True,2015-05-07,2015-08-12,PCAR,PACCAR Inc. (NASDAQ),Stock,Sale (Full),"$1,001 - $15,000",8000.5,False,Joint,9cc0fe86-0656-415d-936a-dd4259c51b54,https://efdsearch.senate.gov/search/view/ptr/9cc0fe86-0656-415d-936a-dd4259c51b54/,6023c57342b992b7fc4c5208bdee9da049b8dc53efa1ba13fb8362e034b43f05,senate-efd-electronic,explicit,0
W000802,Sheldon Whitehouse,senate,Democrat,RI,Commission on Security and Cooperation in Europe; SSEV08; SSEV09; SSEV10; SSEV15; SSFI10; SSFI11; SSFI13; SSJU04; SSJU21; SSJU25; SSJU26; Senate Committee on Environment and Public Works; Senate Committee on Finance; Senate Committee on the Budget; Senate Committee on the Judiciary; United States Senate Caucus on International Narcotics Control,True,2015-05-07,2015-08-12,PRU,"Prudential Financial, Inc. (NYSE)",Stock,Sale (Full),"$1,001 - $15,000",8000.5,False,Joint,9cc0fe86-0656-415d-936a-dd4259c51b54,https://efdsearch.senate.gov/search/view/ptr/9cc0fe86-0656-415d-936a-dd4259c51b54/,a33ea7e6ef9f95ff9678148c62b5cecd24ebc83bc2aa91cf57370fbb26d6b034,senate-efd-electronic,explicit,0
W000802,Sheldon Whitehouse,senate,Democrat,RI,Commission on Security and Cooperation in Europe; SSEV08; SSEV09; SSEV10; SSEV15; SSFI10; SSFI11; SSFI13; SSJU04; SSJU21; SSJU25; SSJU26; Senate Committee on Environment and Public Works; Senate Committee on Finance; Senate Committee on the Budget; Senate Committee on the Judiciary; United States Senate Caucus on International Narcotics Control,True,2015-05-18,2015-08-12,RTN,Raytheon Company (NYSE),Stock,Sale (Full),"$1,001 - $15,000",8000.5,False,Joint,9cc0fe86-0656-415d-936a-dd4259c51b54,https://efdsearch.senate.gov/search/view/ptr/9cc0fe86-0656-415d-936a-dd4259c51b54/,2aaa45f5f9a97a6994f3a6ebe768c2c23f885d863f64ef0a0c242b5aa108fa34,senate-efd-electronic,explicit,0
W000802,Sheldon Whitehouse,senate,Democrat,RI,Commission on Security and Cooperation in Europe; SSEV08; SSEV09; SSEV10; SSEV15; SSFI10; SSFI11; SSFI13; SSJU04; SSJU21; SSJU25; SSJU26; Senate Committee on Environment and Public Works; Senate Committee on Finance; Senate Committee on the Budget; Senate Committee on the Judiciary; United States Senate Caucus on International Narcotics Control,True,2015-05-18,2015-08-12,CY,Cypress Semiconductor Corporation (NASDAQ),Stock,Sale (Full),"$15,001 - $50,000",32500.5,False,Joint,9cc0fe86-0656-415d-936a-dd4259c51b54,https://efdsearch.senate.gov/search/view/ptr/9cc0fe86-0656-415d-936a-dd4259c51b54/,a2facfe2faad8f95a8d9f33a385f064e65f7a6292028a2d3b7f9865b6d80f147,senate-efd-electronic,explicit,0
W000802,Sheldon Whitehouse,senate,Democrat,RI,Commission on Security and Cooperation in Europe; SSEV08; SSEV09; SSEV10; SSEV15; SSFI10; SSFI11; SSFI13; SSJU04; SSJU21; SSJU25; SSJU26; Senate Committee on Environment and Public Works; Senate Committee on Finance; Senate Committee on the Budget; Senate Committee on the Judiciary; United States Senate Caucus on International Narcotics Control,True,2015-05-27,2015-08-12,TU,TELUS Corporation (NYSE),Stock,Sale (Full),"$15,001 - $50,000",32500.5,False,Self,9cc0fe86-0656-415d-936a-dd4259c51b54,https://efdsearch.senate.gov/search/view/ptr/9cc0fe86-0656-415d-936a-dd4259c51b54/,15bf729fe00a46bfb4ab1e0f7bc6212bc9161ddabaabea7b71b854325a7d4569,senate-efd-electronic,explicit,0
W000802,Sheldon Whitehouse,senate,Democrat,RI,Commission on Security and Cooperation in Europe; SSEV08; SSEV09; SSEV10; SSEV15; SSFI10; SSFI11; SSFI13; SSJU04; SSJU21; SSJU25; SSJU26; Senate Committee on Environment and Public Works; Senate Committee on Finance; Senate Committee on the Budget; Senate Committee on the Judiciary; United States Senate Caucus on International Narcotics Control,True,2015-05-27,2015-08-12,MRK,Merck & Co. Inc. (NYSE),Stock,Purchase,"$1,001 - $15,000",8000.5,False,Self,9cc0fe86-0656-415d-936a-dd4259c51b54,https://efdsearch.senate.gov/search/view/ptr/9cc0fe86-0656-415d-936a-dd4259c51b54/,58ae1660992bc4072adedd76eefcbba8ff18cdb5af1221e3a0eb75b09f03dd04,senate-efd-electronic,explicit,0
W000802,Sheldon Whitehouse,senate,Democrat,RI,Commission on Security and Cooperation in Europe; SSEV08; SSEV09; SSEV10; SSEV15; SSFI10; SSFI11; SSFI13; SSJU04; SSJU21; SSJU25; SSJU26; Senate Committee on Environment and Public Works; Senate Committee on Finance; Senate Committee on the Budget; Senate Committee on the Judiciary; United States Senate Caucus on International Narcotics Control,True,2015-05-27,2015-08-12,FEYE,"FireEye, Inc. (NASDAQ)",Stock,Purchase,"$1,001 - $15,000",8000.5,False,Self,9cc0fe86-0656-415d-936a-dd4259c51b54,https://efdsearch.senate.gov/search/view/ptr/9cc0fe86-0656-415d-936a-dd4259c51b54/,de62d58922cd9f95c71a4d4010039adbabe937dfced98c0e4845131c66ab540b,senate-efd-electronic,explicit,0
W000802,Sheldon Whitehouse,senate,Democrat,RI,Commission on Security and Cooperation in Europe; SSEV08; SSEV09; SSEV10; SSEV15; SSFI10; SSFI11; SSFI13; SSJU04; SSJU21; SSJU25; SSJU26; Senate Committee on Environment and Public Works; Senate Committee on Finance; Senate Committee on the Budget; Senate Committee on the Judiciary; United States Senate Caucus on International Narcotics Control,True,2015-05-27,2015-08-12,BAC,Bank of America Corporation (NYSE),Stock,Purchase,"$15,001 - $50,000",32500.5,False,Joint,9cc0fe86-0656-415d-936a-dd4259c51b54,https://efdsearch.senate.gov/search/view/ptr/9cc0fe86-0656-415d-936a-dd4259c51b54/,22c46436052146ae5d7b92b7e97f0b5f93442f3c8abcbb4c06573d024a2e4b65,senate-efd-electronic,explicit,0
W000802,Sheldon Whitehouse,senate,Democrat,RI,Commission on Security and Cooperation in Europe; SSEV08; SSEV09; SSEV10; SSEV15; SSFI10; SSFI11; SSFI13; SSJU04; SSJU21; SSJU25; SSJU26; Senate Committee on Environment and Public Works; Senate Committee on Finance; Senate Committee on the Budget; Senate Committee on the Judiciary; United States Senate Caucus on International Narcotics Control,True,2015-05-27,2015-08-12,AMGN,Amgen Inc. (NASDAQ),Stock,Purchase,"$1,001 - $15,000",8000.5,False,Spouse,9cc0fe86-0656-415d-936a-dd4259c51b54,https://efdsearch.senate.gov/search/view/ptr/9cc0fe86-0656-415d-936a-dd4259c51b54/,93e5b3a549d4f368739f3ff9875b10c8847ee768c856f330e34d55007a183b02,senate-efd-electronic,explicit,0
W000802,Sheldon Whitehouse,senate,Democrat,RI,Commission on Security and Cooperation in Europe; SSEV08; SSEV09; SSEV10; SSEV15; SSFI10; SSFI11; SSFI13; SSJU04; SSJU21; SSJU25; SSJU26; Senate Committee on Environment and Public Works; Senate Committee on Finance; Senate Committee on the Budget; Senate Committee on the Judiciary; United States Senate Caucus on International Narcotics Control,True,2015-05-27,2015-08-12,KORS,Michael Kors Holdings Limited (NYSE),Stock,Sale (Full),"$1,001 - $15,000",8000.5,False,Child,9cc0fe86-0656-415d-936a-dd4259c51b54,https://efdsearch.senate.gov/search/view/ptr/9cc0fe86-0656-415d-936a-dd4259c51b54/,b841c7fff62a8f8851af6f8af3bdba0965cb61d6984de63e1408eb9a321a13eb,senate-efd-electronic,explicit,0
W000802,Sheldon Whitehouse,senate,Democrat,RI,Commission on Security and Cooperation in Europe; SSEV08; SSEV09; SSEV10; SSEV15; SSFI10; SSFI11; SSFI13; SSJU04; SSJU21; SSJU25; SSJU26; Senate Committee on Environment and Public Works; Senate Committee on Finance; Senate Committee on the Budget; Senate Committee on the Judiciary; United States Senate Caucus on International Narcotics Control,True,2015-06-15,2015-07-21,CHL,China Mobile Limited (NYSE),Stock,Sale (Full),"$15,001 - $50,000",32500.5,False,Self,bc98ba42-c220-473c-9b6a-218ab3f54776,https://efdsearch.senate.gov/search/view/ptr/bc98ba42-c220-473c-9b6a-218ab3f54776/,78415f449aa35365b720e8d5ebf48e46e2972813f4b9a7f16742f626611e40dd,senate-efd-electronic,explicit,0
W000802,Sheldon Whitehouse,senate,Democrat,RI,Commission on Security and Cooperation in Europe; SSEV08; SSEV09; SSEV10; SSEV15; SSFI10; SSFI11; SSFI13; SSJU04; SSJU21; SSJU25; SSJU26; Senate Committee on Environment and Public Works; Senate Committee on Finance; Senate Committee on the Budget; Senate Committee on the Judiciary; United States Senate Caucus on International Narcotics Control,True,2015-06-15,2015-07-21,TRIP,TripAdvisor Inc. (NASDAQ),Stock,Sale (Full),"$1,001 - $15,000",8000.5,False,Self,bc98ba42-c220-473c-9b6a-218ab3f54776,https://efdsearch.senate.gov/search/view/ptr/bc98ba42-c220-473c-9b6a-218ab3f54776/,a48bdcd44f5d9afc0e5b3987a2d9a13787a428e2f04a46884221cbdc8c2a307f,senate-efd-electronic,explicit,0
W000802,Sheldon Whitehouse,senate,Democrat,RI,Commission on Security and Cooperation in Europe; SSEV08; SSEV09; SSEV10; SSEV15; SSFI10; SSFI11; SSFI13; SSJU04; SSJU21; SSJU25; SSJU26; Senate Committee on Environment and Public Works; Senate Committee on Finance; Senate Committee on the Budget; Senate Committee on the Judiciary; United States Senate Caucus on International Narcotics Control,True,2015-06-15,2015-07-21,CY,Cypress Semiconductor Corporation (NASDAQ),Stock,Sale (Full),"$15,001 - $50,000",32500.5,False,Self,bc98ba42-c220-473c-9b6a-218ab3f54776,https://efdsearch.senate.gov/search/view/ptr/bc98ba42-c220-473c-9b6a-218ab3f54776/,fe373e49ed3c7e6e24f79b2098324b8382ac99e60f3d179ebabbe28872460915,senate-efd-electronic,explicit,0
W000802,Sheldon Whitehouse,senate,Democrat,RI,Commission on Security and Cooperation in Europe; SSEV08; SSEV09; SSEV10; SSEV15; SSFI10; SSFI11; SSFI13; SSJU04; SSJU21; SSJU25; SSJU26; Senate Committee on Environment and Public Works; Senate Committee on Finance; Senate Committee on the Budget; Senate Committee on the Judiciary; United States Senate Caucus on International Narcotics Control,True,2015-07-07,2015-07-21,GPRO,"GoPro, Inc. (NASDAQ)",Stock,Purchase,"$1,001 - $15,000",8000.5,False,Self,bc98ba42-c220-473c-9b6a-218ab3f54776,https://efdsearch.senate.gov/search/view/ptr/bc98ba42-c220-473c-9b6a-218ab3f54776/,2b64409d5195bd0ffd41eea6117b780b0f7909543bc915e10df4f7cc39f7a91b,senate-efd-electronic,explicit,0
W000802,Sheldon Whitehouse,senate,Democrat,RI,Commission on Security and Cooperation in Europe; SSEV08; SSEV09; SSEV10; SSEV15; SSFI10; SSFI11; SSFI13; SSJU04; SSJU21; SSJU25; SSJU26; Senate Committee on Environment and Public Works; Senate Committee on Finance; Senate Committee on the Budget; Senate Committee on the Judiciary; United States Senate Caucus on International Narcotics Control,True,2015-07-07,2015-07-21,M,"Macy's, Inc. (NYSE)",Stock,Sale (Full),"$15,001 - $50,000",32500.5,False,Self,bc98ba42-c220-473c-9b6a-218ab3f54776,https://efdsearch.senate.gov/search/view/ptr/bc98ba42-c220-473c-9b6a-218ab3f54776/,c93a2f3cd63b7ab2bdddf080912ddf55fc41a4a35fc449afd0df5817b3086f80,senate-efd-electronic,explicit,0
W000802,Sheldon Whitehouse,senate,Democrat,RI,Commission on Security and Cooperation in Europe; SSEV08; SSEV09; SSEV10; SSEV15; SSFI10; SSFI11; SSFI13; SSJU04; SSJU21; SSJU25; SSJU26; Senate Committee on Environment and Public Works; Senate Committee on Finance; Senate Committee on the Budget; Senate Committee on the Judiciary; United States Senate Caucus on International Narcotics Control,True,2015-07-07,2015-07-21,T,"AT&T, Inc. (NYSE)",Stock,Purchase,"$1,001 - $15,000",8000.5,False,Spouse,bc98ba42-c220-473c-9b6a-218ab3f54776,https://efdsearch.senate.gov/search/view/ptr/bc98ba42-c220-473c-9b6a-218ab3f54776/,26fc7f3ddef7887e5922b3ac466e399a63ef9baeaf8c4d524ea71362354bc5a8,senate-efd-electronic,explicit,0
W000802,Sheldon Whitehouse,senate,Democrat,RI,Commission on Security and Cooperation in Europe; SSEV08; SSEV09; SSEV10; SSEV15; SSFI10; SSFI11; SSFI13; SSJU04; SSJU21; SSJU25; SSJU26; Senate Committee on Environment and Public Works; Senate Committee on Finance; Senate Committee on the Budget; Senate Committee on the Judiciary; United States Senate Caucus on International Narcotics Control,True,2015-07-10,2015-07-21,MRK,Merck & Co. Inc. (NYSE),Stock,Purchase,"$1,001 - $15,000",8000.5,False,Self,bc98ba42-c220-473c-9b6a-218ab3f54776,https://efdsearch.senate.gov/search/view/ptr/bc98ba42-c220-473c-9b6a-218ab3f54776/,222a66a366349c56f4e55d028ed59557010d3e6a076beca6e44b8a997e5b21ec,senate-efd-electronic,explicit,0
W000802,Sheldon Whitehouse,senate,Democrat,RI,Commission on Security and Cooperation in Europe; SSEV08; SSEV09; SSEV10; SSEV15; SSFI10; SSFI11; SSFI13; SSJU04; SSJU21; SSJU25; SSJU26; Senate Committee on Environment and Public Works; Senate Committee on Finance; Senate Committee on the Budget; Senate Committee on the Judiciary; United States Senate Caucus on International Narcotics Control,True,2015-07-10,2015-07-21,T,"AT&T, Inc. (NYSE)",Stock,Purchase,"$1,001 - $15,000",8000.5,False,Child,bc98ba42-c220-473c-9b6a-218ab3f54776,https://efdsearch.senate.gov/search/view/ptr/bc98ba42-c220-473c-9b6a-218ab3f54776/,dd24e1c22d10d4e462f67d549a69fe6113b161a6e0b7b5f9879621f0141cbb51,senate-efd-electronic,explicit,0
W000802,Sheldon Whitehouse,senate,Democrat,RI,Commission on Security and Cooperation in Europe; SSEV08; SSEV09; SSEV10; SSEV15; SSFI10; SSFI11; SSFI13; SSJU04; SSJU21; SSJU25; SSJU26; Senate Committee on Environment and Public Works; Senate Committee on Finance; Senate Committee on the Budget; Senate Committee on the Judiciary; United States Senate Caucus on International Narcotics Control,True,2015-07-10,2015-07-21,LLTC,Linear Technology Corporation (NASDAQ),Stock,Purchase,"$1,001 - $15,000",8000.5,False,Child,bc98ba42-c220-473c-9b6a-218ab3f54776,https://efdsearch.senate.gov/search/view/ptr/bc98ba42-c220-473c-9b6a-218ab3f54776/,f06044a1dc608b39f5ff656df74a1a4878e1daaa89514404cd01a8fd9d81035b,senate-efd-electronic,explicit,0
W000802,Sheldon Whitehouse,senate,Democrat,RI,Commission on Security and Cooperation in Europe; SSEV08; SSEV09; SSEV10; SSEV15; SSFI10; SSFI11; SSFI13; SSJU04; SSJU21; SSJU25; SSJU26; Senate Committee on Environment and Public Works; Senate Committee on Finance; Senate Committee on the Budget; Senate Committee on the Judiciary; United States Senate Caucus on International Narcotics Control,True,2015-07-10,2015-07-21,BIIB,Biogen Inc. (NASDAQ),Stock,Purchase,"$1,001 - $15,000",8000.5,False,Joint,bc98ba42-c220-473c-9b6a-218ab3f54776,https://efdsearch.senate.gov/search/view/ptr/bc98ba42-c220-473c-9b6a-218ab3f54776/,5cf121e4abe14be90dbc13c88d89e2ddeddec6febf40206845c013c9b37ea2dc,senate-efd-electronic,explicit,0
W000802,Sheldon Whitehouse,senate,Democrat,RI,Commission on Security and Cooperation in Europe; SSEV08; SSEV09; SSEV10; SSEV15; SSFI10; SSFI11; SSFI13; SSJU04; SSJU21; SSJU25; SSJU26; Senate Committee on Environment and Public Works; Senate Committee on Finance; Senate Committee on the Budget; Senate Committee on the Judiciary; United States Senate Caucus on International Narcotics Control,True,2015-07-10,2015-07-21,BIIB,Biogen Inc. (NASDAQ),Stock,Purchase,"$1,001 - $15,000",8000.5,False,Self,bc98ba42-c220-473c-9b6a-218ab3f54776,https://efdsearch.senate.gov/search/view/ptr/bc98ba42-c220-473c-9b6a-218ab3f54776/,d0bdcfc4c4a77592107398620f760a6031331076b2ed13d0cd0c31403c29d386,senate-efd-electronic,explicit,0
W000802,Sheldon Whitehouse,senate,Democrat,RI,Commission on Security and Cooperation in Europe; SSEV08; SSEV09; SSEV10; SSEV15; SSFI10; SSFI11; SSFI13; SSJU04; SSJU21; SSJU25; SSJU26; Senate Committee on Environment and Public Works; Senate Committee on Finance; Senate Committee on the Budget; Senate Committee on the Judiciary; United States Senate Caucus on International Narcotics Control,True,2015-07-15,2015-09-01,NFLX,"Netflix, Inc. (NASDAQ)",Stock,Purchase,"$1,001 - $15,000",8000.5,False,Self,24a82dfc-b32a-4ec8-b78c-f72ec81f32d1,https://efdsearch.senate.gov/search/view/ptr/24a82dfc-b32a-4ec8-b78c-f72ec81f32d1/,0136e1dbd5e08c9e51bbc5c5659c1dc078291f440537cd92a3e8f382e714cd98,senate-efd-electronic,explicit,0
W000802,Sheldon Whitehouse,senate,Democrat,RI,Commission on Security and Cooperation in Europe; SSEV08; SSEV09; SSEV10; SSEV15; SSFI10; SSFI11; SSFI13; SSJU04; SSJU21; SSJU25; SSJU26; Senate Committee on Environment and Public Works; Senate Committee on Finance; Senate Committee on the Budget; Senate Committee on the Judiciary; United States Senate Caucus on International Narcotics Control,True,2015-08-04,2015-09-01,WFC,Wells Fargo & Company (NYSE),Stock,Purchase,"$1,001 - $15,000",8000.5,False,Self,24a82dfc-b32a-4ec8-b78c-f72ec81f32d1,https://efdsearch.senate.gov/search/view/ptr/24a82dfc-b32a-4ec8-b78c-f72ec81f32d1/,dad2e54589bdbe4a9cbcda7641c6266b119c4d935c4ac431375747acf87e8ff1,senate-efd-electronic,explicit,0
W000802,Sheldon Whitehouse,senate,Democrat,RI,Commission on Security and Cooperation in Europe; SSEV08; SSEV09; SSEV10; SSEV15; SSFI10; SSFI11; SSFI13; SSJU04; SSJU21; SSJU25; SSJU26; Senate Committee on Environment and Public Works; Senate Committee on Finance; Senate Committee on the Budget; Senate Committee on the Judiciary; United States Senate Caucus on International Narcotics Control,True,2015-08-04,2015-09-01,VZ,Verizon Communications Inc. (NYSE),Stock,Purchase,"$1,001 - $15,000",8000.5,False,Self,24a82dfc-b32a-4ec8-b78c-f72ec81f32d1,https://efdsearch.senate.gov/search/view/ptr/24a82dfc-b32a-4ec8-b78c-f72ec81f32d1/,1f0ea78ae36fb1cb5531e6df562cccdc47eab02868969c09c4368df0ed2c8d07,senate-efd-electronic,explicit,0
W000802,Sheldon Whitehouse,senate,Democrat,RI,Commission on Security and Cooperation in Europe; SSEV08; SSEV09; SSEV10; SSEV15; SSFI10; SSFI11; SSFI13; SSJU04; SSJU21; SSJU25; SSJU26; Senate Committee on Environment and Public Works; Senate Committee on Finance; Senate Committee on the Budget; Senate Committee on the Judiciary; United States Senate Caucus on International Narcotics Control,True,2015-08-04,2015-09-01,BIIB,Biogen Inc. (NASDAQ),Stock,Purchase,"$1,001 - $15,000",8000.5,False,Self,24a82dfc-b32a-4ec8-b78c-f72ec81f32d1,https://efdsearch.senate.gov/search/view/ptr/24a82dfc-b32a-4ec8-b78c-f72ec81f32d1/,6fa085712593aae4f4bc826e81d44b35eed8204300552cbe78ff37199abd87e0,senate-efd-electronic,explicit,0
W000802,Sheldon Whitehouse,senate,Democrat,RI,Commission on Security and Cooperation in Europe; SSEV08; SSEV09; SSEV10; SSEV15; SSFI10; SSFI11; SSFI13; SSJU04; SSJU21; SSJU25; SSJU26; Senate Committee on Environment and Public Works; Senate Committee on Finance; Senate Committee on the Budget; Senate Committee on the Judiciary; United States Senate Caucus on International Narcotics Control,True,2015-08-04,2015-09-01,BIIB,Biogen Inc. (NASDAQ),Stock,Purchase,"$1,001 - $15,000",8000.5,False,Spouse,24a82dfc-b32a-4ec8-b78c-f72ec81f32d1,https://efdsearch.senate.gov/search/view/ptr/24a82dfc-b32a-4ec8-b78c-f72ec81f32d1/,efc1193c6655929073b799b9f3d5dd243764adfaad192d8e6b4f331e5bde64c0,senate-efd-electronic,explicit,0
W000802,Sheldon Whitehouse,senate,Democrat,RI,Commission on Security and Cooperation in Europe; SSEV08; SSEV09; SSEV10; SSEV15; SSFI10; SSFI11; SSFI13; SSJU04; SSJU21; SSJU25; SSJU26; Senate Committee on Environment and Public Works; Senate Committee on Finance; Senate Committee on the Budget; Senate Committee on the Judiciary; United States Senate Caucus on International Narcotics Control,True,2015-08-04,2015-09-01,GE,General Electric Company (NYSE),Stock,Purchase,"$1,001 - $15,000",8000.5,False,Spouse,24a82dfc-b32a-4ec8-b78c-f72ec81f32d1,https://efdsearch.senate.gov/search/view/ptr/24a82dfc-b32a-4ec8-b78c-f72ec81f32d1/,4fe76d5f681cbb62b5fc58e06f98d886c12831d43da2b5c624f55982ab9f1c61,senate-efd-electronic,explicit,0
W000802,Sheldon Whitehouse,senate,Democrat,RI,Commission on Security and Cooperation in Europe; SSEV08; SSEV09; SSEV10; SSEV15; SSFI10; SSFI11; SSFI13; SSJU04; SSJU21; SSJU25; SSJU26; Senate Committee on Environment and Public Works; Senate Committee on Finance; Senate Committee on the Budget; Senate Committee on the Judiciary; United States Senate Caucus on International Narcotics Control,True,2015-08-10,2015-09-01,BIIB,Biogen Inc. (NASDAQ),Stock,Purchase,"$1,001 - $15,000",8000.5,False,Self,24a82dfc-b32a-4ec8-b78c-f72ec81f32d1,https://efdsearch.senate.gov/search/view/ptr/24a82dfc-b32a-4ec8-b78c-f72ec81f32d1/,c19a34b07d0f708716610b81512ca72cba2f3fd2dd87aea7a7220e2865808742,senate-efd-electronic,explicit,0
W000802,Sheldon Whitehouse,senate,Democrat,RI,Commission on Security and Cooperation in Europe; SSEV08; SSEV09; SSEV10; SSEV15; SSFI10; SSFI11; SSFI13; SSJU04; SSJU21; SSJU25; SSJU26; Senate Committee on Environment and Public Works; Senate Committee on Finance; Senate Committee on the Budget; Senate Committee on the Judiciary; United States Senate Caucus on International Narcotics Control,True,2015-08-10,2015-09-01,BIIB,Biogen Inc. (NASDAQ),Stock,Purchase,"$1,001 - $15,000",8000.5,False,Joint,24a82dfc-b32a-4ec8-b78c-f72ec81f32d1,https://efdsearch.senate.gov/search/view/ptr/24a82dfc-b32a-4ec8-b78c-f72ec81f32d1/,2a3c752df51ddde3fda911598d8a2b9f6a5be0859fb5efcb9978c95c567fdaeb,senate-efd-electronic,explicit,0
W000802,Sheldon Whitehouse,senate,Democrat,RI,Commission on Security and Cooperation in Europe; SSEV08; SSEV09; SSEV10; SSEV15; SSFI10; SSFI11; SSFI13; SSJU04; SSJU21; SSJU25; SSJU26; Senate Committee on Environment and Public Works; Senate Committee on Finance; Senate Committee on the Budget; Senate Committee on the Judiciary; United States Senate Caucus on International Narcotics Control,True,2015-08-10,2015-09-01,KO,The Coca-Cola Company (NYSE),Stock,Purchase,"$1,001 - $15,000",8000.5,False,Child,24a82dfc-b32a-4ec8-b78c-f72ec81f32d1,https://efdsearch.senate.gov/search/view/ptr/24a82dfc-b32a-4ec8-b78c-f72ec81f32d1/,4cfdfe975effe43cadee0f5b880f3b791d78db3a144ed12de7fc2925bee347ae,senate-efd-electronic,explicit,0
W000802,Sheldon Whitehouse,senate,Democrat,RI,Commission on Security and Cooperation in Europe; SSEV08; SSEV09; SSEV10; SSEV15; SSFI10; SSFI11; SSFI13; SSJU04; SSJU21; SSJU25; SSJU26; Senate Committee on Environment and Public Works; Senate Committee on Finance; Senate Committee on the Budget; Senate Committee on the Judiciary; United States Senate Caucus on International Narcotics Control,True,2015-08-28,2015-09-24,PG,The Procter & Gamble Company (NYSE),Stock,Purchase,"$1,001 - $15,000",8000.5,False,Joint,aa249ce3-6a83-4bb8-a1b6-80fc2a1c2fef,https://efdsearch.senate.gov/search/view/ptr/aa249ce3-6a83-4bb8-a1b6-80fc2a1c2fef/,c01618589c9499b2aa47f89dfde31fd60cd84a4f9e7687aaca2170350aadc994,senate-efd-electronic,explicit,0
W000802,Sheldon Whitehouse,senate,Democrat,RI,Commission on Security and Cooperation in Europe; SSEV08; SSEV09; SSEV10; SSEV15; SSFI10; SSFI11; SSFI13; SSJU04; SSJU21; SSJU25; SSJU26; Senate Committee on Environment and Public Works; Senate Committee on Finance; Senate Committee on the Budget; Senate Committee on the Judiciary; United States Senate Caucus on International Narcotics Control,True,2015-08-28,2015-09-24,VFC,V.F. Corporation (NYSE),Stock,Sale (Partial),"$15,001 - $50,000",32500.5,False,Self,aa249ce3-6a83-4bb8-a1b6-80fc2a1c2fef,https://efdsearch.senate.gov/search/view/ptr/aa249ce3-6a83-4bb8-a1b6-80fc2a1c2fef/,6cf76b52db5cd13a5bcbb2018c3ff3c5abca10c72e1124e26b618f39c578bcbb,senate-efd-electronic,explicit,0
W000802,Sheldon Whitehouse,senate,Democrat,RI,Commission on Security and Cooperation in Europe; SSEV08; SSEV09; SSEV10; SSEV15; SSFI10; SSFI11; SSFI13; SSJU04; SSJU21; SSJU25; SSJU26; Senate Committee on Environment and Public Works; Senate Committee on Finance; Senate Committee on the Budget; Senate Committee on the Judiciary; United States Senate Caucus on International Narcotics Control,True,2015-08-28,2015-09-24,FB,"Facebook, Inc. (NASDAQ)",Stock,Purchase,"$1,001 - $15,000",8000.5,False,Self,aa249ce3-6a83-4bb8-a1b6-80fc2a1c2fef,https://efdsearch.senate.gov/search/view/ptr/aa249ce3-6a83-4bb8-a1b6-80fc2a1c2fef/,a2de2028c288d214a28c5787a2172a596ec05e450c1bb448696bc56d9339080f,senate-efd-electronic,explicit,0
W000802,Sheldon Whitehouse,senate,Democrat,RI,Commission on Security and Cooperation in Europe; SSEV08; SSEV09; SSEV10; SSEV15; SSFI10; SSFI11; SSFI13; SSJU04; SSJU21; SSJU25; SSJU26; Senate Committee on Environment and Public Works; Senate Committee on Finance; Senate Committee on the Budget; Senate Committee on the Judiciary; United States Senate Caucus on International Narcotics Control,True,2015-08-28,2015-09-24,QLIK,"Qlik Technologies, Inc. (NASDAQ)",Stock,Sale (Full),"$15,001 - $50,000",32500.5,False,Self,aa249ce3-6a83-4bb8-a1b6-80fc2a1c2fef,https://efdsearch.senate.gov/search/view/ptr/aa249ce3-6a83-4bb8-a1b6-80fc2a1c2fef/,ecc14acdc156dd6c5f384669d955c7a002fd6ed45d26f6fd39c40f2ae2220a0c,senate-efd-electronic,explicit,0
W000802,Sheldon Whitehouse,senate,Democrat,RI,Commission on Security and Cooperation in Europe; SSEV08; SSEV09; SSEV10; SSEV15; SSFI10; SSFI11; SSFI13; SSJU04; SSJU21; SSJU25; SSJU26; Senate Committee on Environment and Public Works; Senate Committee on Finance; Senate Committee on the Budget; Senate Committee on the Judiciary; United States Senate Caucus on International Narcotics Control,True,2015-08-28,2015-09-24,BIIB,Biogen Inc. (NASDAQ),Stock,Purchase,"$1,001 - $15,000",8000.5,False,Joint,aa249ce3-6a83-4bb8-a1b6-80fc2a1c2fef,https://efdsearch.senate.gov/search/view/ptr/aa249ce3-6a83-4bb8-a1b6-80fc2a1c2fef/,8bb52578d42b6af317f98762e3b31126516f13f3899c0a6564634c9be6fc7fb1,senate-efd-electronic,explicit,0
W000802,Sheldon Whitehouse,senate,Democrat,RI,Commission on Security and Cooperation in Europe; SSEV08; SSEV09; SSEV10; SSEV15; SSFI10; SSFI11; SSFI13; SSJU04; SSJU21; SSJU25; SSJU26; Senate Committee on Environment and Public Works; Senate Committee on Finance; Senate Committee on the Budget; Senate Committee on the Judiciary; United States Senate Caucus on International Narcotics Control,True,2015-08-28,2015-09-24,CSX,CSX Corp. (NYSE),Stock,Sale (Full),"$1,001 - $15,000",8000.5,False,Joint,aa249ce3-6a83-4bb8-a1b6-80fc2a1c2fef,https://efdsearch.senate.gov/search/view/ptr/aa249ce3-6a83-4bb8-a1b6-80fc2a1c2fef/,a97af0d90992e50309c2a578304bdeffad8e5819d5dfadc212f8baabbe737857,senate-efd-electronic,explicit,0
W000802,Sheldon Whitehouse,senate,Democrat,RI,Commission on Security and Cooperation in Europe; SSEV08; SSEV09; SSEV10; SSEV15; SSFI10; SSFI11; SSFI13; SSJU04; SSJU21; SSJU25; SSJU26; Senate Committee on Environment and Public Works; Senate Committee on Finance; Senate Committee on the Budget; Senate Committee on the Judiciary; United States Senate Caucus on International Narcotics Control,True,2015-09-15,2015-09-24,BAC,Bank of America Corporation (NYSE),Stock,Sale (Full),"$15,001 - $50,000",32500.5,False,Joint,aa249ce3-6a83-4bb8-a1b6-80fc2a1c2fef,https://efdsearch.senate.gov/search/view/ptr/aa249ce3-6a83-4bb8-a1b6-80fc2a1c2fef/,ab91236b453da37c4edb51cdaab436819646acf4a42eef00527376e30e2b9778,senate-efd-electronic,explicit,0
W000802,Sheldon Whitehouse,senate,Democrat,RI,Commission on Security and Cooperation in Europe; SSEV08; SSEV09; SSEV10; SSEV15; SSFI10; SSFI11; SSFI13; SSJU04; SSJU21; SSJU25; SSJU26; Senate Committee on Environment and Public Works; Senate Committee on Finance; Senate Committee on the Budget; Senate Committee on the Judiciary; United States Senate Caucus on International Narcotics Control,True,2015-09-15,2015-09-24,QCOM,QUALCOMM Incorporated (NASDAQ),Stock,Sale (Full),"$15,001 - $50,000",32500.5,False,Joint,aa249ce3-6a83-4bb8-a1b6-80fc2a1c2fef,https://efdsearch.senate.gov/search/view/ptr/aa249ce3-6a83-4bb8-a1b6-80fc2a1c2fef/,14985178547dbeb3cd10240926f8dff082ca6f99e9bf914a0f13d6aea11e4e33,senate-efd-electronic,explicit,0
W000802,Sheldon Whitehouse,senate,Democrat,RI,Commission on Security and Cooperation in Europe; SSEV08; SSEV09; SSEV10; SSEV15; SSFI10; SSFI11; SSFI13; SSJU04; SSJU21; SSJU25; SSJU26; Senate Committee on Environment and Public Works; Senate Committee on Finance; Senate Committee on the Budget; Senate Committee on the Judiciary; United States Senate Caucus on International Narcotics Control,True,2015-09-18,2015-09-24,UTX,United Technologies Corporation (NYSE),Stock,Sale (Full),"$15,001 - $50,000",32500.5,False,Child,aa249ce3-6a83-4bb8-a1b6-80fc2a1c2fef,https://efdsearch.senate.gov/search/view/ptr/aa249ce3-6a83-4bb8-a1b6-80fc2a1c2fef/,65ba586391ba0edf64e7d9105cbcf56595f4f2d4563f96a276c4e45a676477cf,senate-efd-electronic,explicit,0
W000802,Sheldon Whitehouse,senate,Democrat,RI,Commission on Security and Cooperation in Europe; SSEV08; SSEV09; SSEV10; SSEV15; SSFI10; SSFI11; SSFI13; SSJU04; SSJU21; SSJU25; SSJU26; Senate Committee on Environment and Public Works; Senate Committee on Finance; Senate Committee on the Budget; Senate Committee on the Judiciary; United States Senate Caucus on International Narcotics Control,True,2015-09-22,2015-09-24,RTN,Raytheon Company (NYSE),Stock,Purchase,"$15,001 - $50,000",32500.5,False,Joint,aa249ce3-6a83-4bb8-a1b6-80fc2a1c2fef,https://efdsearch.senate.gov/search/view/ptr/aa249ce3-6a83-4bb8-a1b6-80fc2a1c2fef/,2ee33ef74acd99fb3bb222bb273a5a7fb93e9602081d8235330e296b90917bd8,senate-efd-electronic,explicit,0
W000802,Sheldon Whitehouse,senate,Democrat,RI,Commission on Security and Cooperation in Europe; SSEV08; SSEV09; SSEV10; SSEV15; SSFI10; SSFI11; SSFI13; SSJU04; SSJU21; SSJU25; SSJU26; Senate Committee on Environment and Public Works; Senate Committee on Finance; Senate Committee on the Budget; Senate Committee on the Judiciary; United States Senate Caucus on International Narcotics Control,True,2015-09-22,2015-09-24,M,"Macy's, Inc. (NYSE)",Stock,Purchase,"$1,001 - $15,000",8000.5,False,Joint,aa249ce3-6a83-4bb8-a1b6-80fc2a1c2fef,https://efdsearch.senate.gov/search/view/ptr/aa249ce3-6a83-4bb8-a1b6-80fc2a1c2fef/,932cef067cb11bfe079daa3f7f2bf11057900818a95aa263f6339b1f5f59ab3d,senate-efd-electronic,explicit,0
W000802,Sheldon Whitehouse,senate,Democrat,RI,Commission on Security and Cooperation in Europe; SSEV08; SSEV09; SSEV10; SSEV15; SSFI10; SSFI11; SSFI13; SSJU04; SSJU21; SSJU25; SSJU26; Senate Committee on Environment and Public Works; Senate Committee on Finance; Senate Committee on the Budget; Senate Committee on the Judiciary; United States Senate Caucus on International Narcotics Control,True,2015-10-19,2015-11-25,ORCL,ORCL,Stock,Sale (Full),"$1,001 - $15,000",8000.5,False,Child,821f0913-2e2d-42f1-98be-1df3cb401747,https://efdsearch.senate.gov/search/view/ptr/821f0913-2e2d-42f1-98be-1df3cb401747/,35caac9655bb6387726275d796f5a9b554fb0e29dcd7aac08444369609046aa6,senate-efd-electronic,asset_name,0
W000802,Sheldon Whitehouse,senate,Democrat,RI,Commission on Security and Cooperation in Europe; SSEV08; SSEV09; SSEV10; SSEV15; SSFI10; SSFI11; SSFI13; SSJU04; SSJU21; SSJU25; SSJU26; Senate Committee on Environment and Public Works; Senate Committee on Finance; Senate Committee on the Budget; Senate Committee on the Judiciary; United States Senate Caucus on International Narcotics Control,True,2015-10-19,2015-11-25,NFLX,NFLX,Stock,Purchase,"$1,001 - $15,000",8000.5,False,Child,821f0913-2e2d-42f1-98be-1df3cb401747,https://efdsearch.senate.gov/search/view/ptr/821f0913-2e2d-42f1-98be-1df3cb401747/,c0d2a941e93e66d48d988af297d811d6e8071ea62bfe5218db8c6e54c5007ffd,senate-efd-electronic,asset_name,0
W000802,Sheldon Whitehouse,senate,Democrat,RI,Commission on Security and Cooperation in Europe; SSEV08; SSEV09; SSEV10; SSEV15; SSFI10; SSFI11; SSFI13; SSJU04; SSJU21; SSJU25; SSJU26; Senate Committee on Environment and Public Works; Senate Committee on Finance; Senate Committee on the Budget; Senate Committee on the Judiciary; United States Senate Caucus on International Narcotics Control,True,2015-10-19,2015-11-25,STT,STT,Stock,Sale (Partial),"$1,001 - $15,000",8000.5,False,Child,821f0913-2e2d-42f1-98be-1df3cb401747,https://efdsearch.senate.gov/search/view/ptr/821f0913-2e2d-42f1-98be-1df3cb401747/,e5b8087936824fcc5b193e56e455f4e39dbfc796528f75e25c73f8f0c7329a32,senate-efd-electronic,asset_name,0
W000802,Sheldon Whitehouse,senate,Democrat,RI,Commission on Security and Cooperation in Europe; SSEV08; SSEV09; SSEV10; SSEV15; SSFI10; SSFI11; SSFI13; SSJU04; SSJU21; SSJU25; SSJU26; Senate Committee on Environment and Public Works; Senate Committee on Finance; Senate Committee on the Budget; Senate Committee on the Judiciary; United States Senate Caucus on International Narcotics Control,True,2015-10-19,2015-11-25,GILD,GILD,Stock,Purchase,"$1,001 - $15,000",8000.5,False,Child,821f0913-2e2d-42f1-98be-1df3cb401747,https://efdsearch.senate.gov/search/view/ptr/821f0913-2e2d-42f1-98be-1df3cb401747/,a2f942a090be37b0a94ef9f70ef7d76d09276568ca67962e612639561c0a6b74,senate-efd-electronic,asset_name,0
W000802,Sheldon Whitehouse,senate,Democrat,RI,Commission on Security and Cooperation in Europe; SSEV08; SSEV09; SSEV10; SSEV15; SSFI10; SSFI11; SSFI13; SSJU04; SSJU21; SSJU25; SSJU26; Senate Committee on Environment and Public Works; Senate Committee on Finance; Senate Committee on the Budget; Senate Committee on the Judiciary; United States Senate Caucus on International Narcotics Control,True,2015-10-19,2015-11-25,YUM,YUM,Stock,Sale (Full),"$15,001 - $50,000",32500.5,False,Joint,821f0913-2e2d-42f1-98be-1df3cb401747,https://efdsearch.senate.gov/search/view/ptr/821f0913-2e2d-42f1-98be-1df3cb401747/,cfa084fed057a4a1ddf426c92223c22beb93abb190704d6d52fb8fd0575461ef,senate-efd-electronic,asset_name,0
W000802,Sheldon Whitehouse,senate,Democrat,RI,Commission on Security and Cooperation in Europe; SSEV08; SSEV09; SSEV10; SSEV15; SSFI10; SSFI11; SSFI13; SSJU04; SSJU21; SSJU25; SSJU26; Senate Committee on Environment and Public Works; Senate Committee on Finance; Senate Committee on the Budget; Senate Committee on the Judiciary; United States Senate Caucus on International Narcotics Control,True,2015-10-19,2015-11-25,M,M,Stock,Purchase,"$1,001 - $15,000",8000.5,False,Joint,821f0913-2e2d-42f1-98be-1df3cb401747,https://efdsearch.senate.gov/search/view/ptr/821f0913-2e2d-42f1-98be-1df3cb401747/,32af4b9de24097316d27e23d708480e5b794e0453f8d8928c6dc8e2f98687d37,senate-efd-electronic,asset_name,0
W000802,Sheldon Whitehouse,senate,Democrat,RI,Commission on Security and Cooperation in Europe; SSEV08; SSEV09; SSEV10; SSEV15; SSFI10; SSFI11; SSFI13; SSJU04; SSJU21; SSJU25; SSJU26; Senate Committee on Environment and Public Works; Senate Committee on Finance; Senate Committee on the Budget; Senate Committee on the Judiciary; United States Senate Caucus on International Narcotics Control,True,2015-10-19,2015-11-25,NFLX,NFLX,Stock,Purchase,"$1,001 - $15,000",8000.5,False,Joint,821f0913-2e2d-42f1-98be-1df3cb401747,https://efdsearch.senate.gov/search/view/ptr/821f0913-2e2d-42f1-98be-1df3cb401747/,dc0aa6b6357d340f6e22eecaa2d8d6ee84e17f0fc583b0d5b01bb5af81fbcd7b,senate-efd-electronic,asset_name,0
W000802,Sheldon Whitehouse,senate,Democrat,RI,Commission on Security and Cooperation in Europe; SSEV08; SSEV09; SSEV10; SSEV15; SSFI10; SSFI11; SSFI13; SSJU04; SSJU21; SSJU25; SSJU26; Senate Committee on Environment and Public Works; Senate Committee on Finance; Senate Committee on the Budget; Senate Committee on the Judiciary; United States Senate Caucus on International Narcotics Control,True,2015-10-23,2015-11-25,VFC,VFC,Stock,Sale (Partial),"$15,001 - $50,000",32500.5,False,Self,821f0913-2e2d-42f1-98be-1df3cb401747,https://efdsearch.senate.gov/search/view/ptr/821f0913-2e2d-42f1-98be-1df3cb401747/,12b59b2ef82a4a923d5376c44e56ad66cebf37e9010cdbbe7eb0f9d9b00c99bc,senate-efd-electronic,asset_name,0
W000802,Sheldon Whitehouse,senate,Democrat,RI,Commission on Security and Cooperation in Europe; SSEV08; SSEV09; SSEV10; SSEV15; SSFI10; SSFI11; SSFI13; SSJU04; SSJU21; SSJU25; SSJU26; Senate Committee on Environment and Public Works; Senate Committee on Finance; Senate Committee on the Budget; Senate Committee on the Judiciary; United States Senate Caucus on International Narcotics Control,True,2015-10-23,2015-11-25,FEYE,FEYE,Stock,Sale (Full),"$1,001 - $15,000",8000.5,False,Self,821f0913-2e2d-42f1-98be-1df3cb401747,https://efdsearch.senate.gov/search/view/ptr/821f0913-2e2d-42f1-98be-1df3cb401747/,0a96e34e6f6847a9b24367765db3f57530756090f4f055fa701df83e04baf2b7,senate-efd-electronic,asset_name,0
W000802,Sheldon Whitehouse,senate,Democrat,RI,Commission on Security and Cooperation in Europe; SSEV08; SSEV09; SSEV10; SSEV15; SSFI10; SSFI11; SSFI13; SSJU04; SSJU21; SSJU25; SSJU26; Senate Committee on Environment and Public Works; Senate Committee on Finance; Senate Committee on the Budget; Senate Committee on the Judiciary; United States Senate Caucus on International Narcotics Control,True,2015-10-23,2015-11-25,YHOO,YHOO,Stock,Sale (Full),"$15,001 - $50,000",32500.5,False,Self,821f0913-2e2d-42f1-98be-1df3cb401747,https://efdsearch.senate.gov/search/view/ptr/821f0913-2e2d-42f1-98be-1df3cb401747/,933329aab12ed6de3ee6b41eb1306c64605cdb6c8d2690f5d16326ef50907c4c,senate-efd-electronic,asset_name,0
W000802,Sheldon Whitehouse,senate,Democrat,RI,Commission on Security and Cooperation in Europe; SSEV08; SSEV09; SSEV10; SSEV15; SSFI10; SSFI11; SSFI13; SSJU04; SSJU21; SSJU25; SSJU26; Senate Committee on Environment and Public Works; Senate Committee on Finance; Senate Committee on the Budget; Senate Committee on the Judiciary; United States Senate Caucus on International Narcotics Control,True,2015-10-23,2015-11-25,VFC,VFC,Stock,Sale (Partial),"$15,001 - $50,000",32500.5,False,Joint,821f0913-2e2d-42f1-98be-1df3cb401747,https://efdsearch.senate.gov/search/view/ptr/821f0913-2e2d-42f1-98be-1df3cb401747/,fb5d751cac70a2bb34af742629e8011e84acce01405ae4aee195306d821033f1,senate-efd-electronic,asset_name,0
W000802,Sheldon Whitehouse,senate,Democrat,RI,Commission on Security and Cooperation in Europe; SSEV08; SSEV09; SSEV10; SSEV15; SSFI10; SSFI11; SSFI13; SSJU04; SSJU21; SSJU25; SSJU26; Senate Committee on Environment and Public Works; Senate Committee on Finance; Senate Committee on the Budget; Senate Committee on the Judiciary; United States Senate Caucus on International Narcotics Control,True,2015-10-23,2015-11-25,MMC,MMC,Stock,Sale (Partial),"$1,001 - $15,000",8000.5,False,Child,821f0913-2e2d-42f1-98be-1df3cb401747,https://efdsearch.senate.gov/search/view/ptr/821f0913-2e2d-42f1-98be-1df3cb401747/,249a993fbfcaeb192e593c55c5a8fb38cbea6d5fde248ae1debbcdeacb852dac,senate-efd-electronic,asset_name,0
W000802,Sheldon Whitehouse,senate,Democrat,RI,Commission on Security and Cooperation in Europe; SSEV08; SSEV09; SSEV10; SSEV15; SSFI10; SSFI11; SSFI13; SSJU04; SSJU21; SSJU25; SSJU26; Senate Committee on Environment and Public Works; Senate Committee on Finance; Senate Committee on the Budget; Senate Committee on the Judiciary; United States Senate Caucus on International Narcotics Control,True,2015-10-23,2015-11-25,DIS,DIS,Stock,Purchase,"$1,001 - $15,000",8000.5,False,Child,821f0913-2e2d-42f1-98be-1df3cb401747,https://efdsearch.senate.gov/search/view/ptr/821f0913-2e2d-42f1-98be-1df3cb401747/,38d21732fa73375e62a6290f12fa2e4380b4fdb9d7059f94e3c26d7dfe2c6ecc,senate-efd-electronic,asset_name,0
W000802,Sheldon Whitehouse,senate,Democrat,RI,Commission on Security and Cooperation in Europe; SSEV08; SSEV09; SSEV10; SSEV15; SSFI10; SSFI11; SSFI13; SSJU04; SSJU21; SSJU25; SSJU26; Senate Committee on Environment and Public Works; Senate Committee on Finance; Senate Committee on the Budget; Senate Committee on the Judiciary; United States Senate Caucus on International Narcotics Control,True,2015-11-09,2015-11-25,MMM,MMM,Stock,Purchase,"$15,001 - $50,000",32500.5,False,Self,821f0913-2e2d-42f1-98be-1df3cb401747,https://efdsearch.senate.gov/search/view/ptr/821f0913-2e2d-42f1-98be-1df3cb401747/,5df366d0d641857e0d7cfb919f45a76226c479fe480855e72326733651511dac,senate-efd-electronic,asset_name,0
W000802,Sheldon Whitehouse,senate,Democrat,RI,Commission on Security and Cooperation in Europe; SSEV08; SSEV09; SSEV10; SSEV15; SSFI10; SSFI11; SSFI13; SSJU04; SSJU21; SSJU25; SSJU26; Senate Committee on Environment and Public Works; Senate Committee on Finance; Senate Committee on the Budget; Senate Committee on the Judiciary; United States Senate Caucus on International Narcotics Control,True,2015-11-09,2015-11-25,FB,FB,Stock,Purchase,"$1,001 - $15,000",8000.5,False,Self,821f0913-2e2d-42f1-98be-1df3cb401747,https://efdsearch.senate.gov/search/view/ptr/821f0913-2e2d-42f1-98be-1df3cb401747/,04fd29d142d4da050a77b7c7f0225206709446d52592cc045d3919230f266496,senate-efd-electronic,asset_name,0
W000802,Sheldon Whitehouse,senate,Democrat,RI,Commission on Security and Cooperation in Europe; SSEV08; SSEV09; SSEV10; SSEV15; SSFI10; SSFI11; SSFI13; SSJU04; SSJU21; SSJU25; SSJU26; Senate Committee on Environment and Public Works; Senate Committee on Finance; Senate Committee on the Budget; Senate Committee on the Judiciary; United States Senate Caucus on International Narcotics Control,True,2015-11-25,2015-12-16,TJX,TJX,Stock,Purchase,"$1,001 - $15,000",8000.5,False,Self,6de07899-53d3-4fe0-a30c-514ca0e39819,https://efdsearch.senate.gov/search/view/ptr/6de07899-53d3-4fe0-a30c-514ca0e39819/,f12bc561f2e8669a05cd9de8247d5bc1ec707583565aff2dde81ae635d635374,senate-efd-electronic,asset_name,0
W000802,Sheldon Whitehouse,senate,Democrat,RI,Commission on Security and Cooperation in Europe; SSEV08; SSEV09; SSEV10; SSEV15; SSFI10; SSFI11; SSFI13; SSJU04; SSJU21; SSJU25; SSJU26; Senate Committee on Environment and Public Works; Senate Committee on Finance; Senate Committee on the Budget; Senate Committee on the Judiciary; United States Senate Caucus on International Narcotics Control,True,2015-11-25,2015-12-16,GPRO,GPRO,Stock,Sale (Full),"$1,001 - $15,000",8000.5,False,Self,6de07899-53d3-4fe0-a30c-514ca0e39819,https://efdsearch.senate.gov/search/view/ptr/6de07899-53d3-4fe0-a30c-514ca0e39819/,a5f2c4f2784a4c24d59023b78fa4860815803f5897423972c91d073812cedcd2,senate-efd-electronic,asset_name,0
W000802,Sheldon Whitehouse,senate,Democrat,RI,Commission on Security and Cooperation in Europe; SSEV08; SSEV09; SSEV10; SSEV15; SSFI10; SSFI11; SSFI13; SSJU04; SSJU21; SSJU25; SSJU26; Senate Committee on Environment and Public Works; Senate Committee on Finance; Senate Committee on the Budget; Senate Committee on the Judiciary; United States Senate Caucus on International Narcotics Control,True,2015-11-25,2015-12-16,BIIB,BIIB,Stock,Purchase,"$1,001 - $15,000",8000.5,False,Self,6de07899-53d3-4fe0-a30c-514ca0e39819,https://efdsearch.senate.gov/search/view/ptr/6de07899-53d3-4fe0-a30c-514ca0e39819/,8ae102a0e459700f30cd8b8c040faad37d38aef55e0e9915f6438d6c295f3e64,senate-efd-electronic,asset_name,0
W000802,Sheldon Whitehouse,senate,Democrat,RI,Commission on Security and Cooperation in Europe; SSEV08; SSEV09; SSEV10; SSEV15; SSFI10; SSFI11; SSFI13; SSJU04; SSJU21; SSJU25; SSJU26; Senate Committee on Environment and Public Works; Senate Committee on Finance; Senate Committee on the Budget; Senate Committee on the Judiciary; United States Senate Caucus on International Narcotics Control,True,2015-11-25,2015-12-16,PEP,PEP,Stock,Purchase,"$1,001 - $15,000",8000.5,False,Joint,6de07899-53d3-4fe0-a30c-514ca0e39819,https://efdsearch.senate.gov/search/view/ptr/6de07899-53d3-4fe0-a30c-514ca0e39819/,4b22a19ac39e9aec7d0ea32a90cc57dc9288fd677211a40d528f74de3dfc07e0,senate-efd-electronic,asset_name,0
W000802,Sheldon Whitehouse,senate,Democrat,RI,Commission on Security and Cooperation in Europe; SSEV08; SSEV09; SSEV10; SSEV15; SSFI10; SSFI11; SSFI13; SSJU04; SSJU21; SSJU25; SSJU26; Senate Committee on Environment and Public Works; Senate Committee on Finance; Senate Committee on the Budget; Senate Committee on the Judiciary; United States Senate Caucus on International Narcotics Control,True,2015-11-25,2015-12-16,NFLX,NFLX,Stock,Purchase,"$1,001 - $15,000",8000.5,False,Joint,6de07899-53d3-4fe0-a30c-514ca0e39819,https://efdsearch.senate.gov/search/view/ptr/6de07899-53d3-4fe0-a30c-514ca0e39819/,ca52dfe63f0bdf2fd298827c4988e3f7735beb5cb5433316de8b8b3941ef6432,senate-efd-electronic,asset_name,0
W000802,Sheldon Whitehouse,senate,Democrat,RI,Commission on Security and Cooperation in Europe; SSEV08; SSEV09; SSEV10; SSEV15; SSFI10; SSFI11; SSFI13; SSJU04; SSJU21; SSJU25; SSJU26; Senate Committee on Environment and Public Works; Senate Committee on Finance; Senate Committee on the Budget; Senate Committee on the Judiciary; United States Senate Caucus on International Narcotics Control,True,2015-11-25,2015-12-16,BIIB,BIIB,Stock,Purchase,"$1,001 - $15,000",8000.5,False,Joint,6de07899-53d3-4fe0-a30c-514ca0e39819,https://efdsearch.senate.gov/search/view/ptr/6de07899-53d3-4fe0-a30c-514ca0e39819/,db5285d731fc7d4ad4b8c085d6cb2bfe59467205bad162a662bb15a939853676,senate-efd-electronic,asset_name,0
W000802,Sheldon Whitehouse,senate,Democrat,RI,Commission on Security and Cooperation in Europe; SSEV08; SSEV09; SSEV10; SSEV15; SSFI10; SSFI11; SSFI13; SSJU04; SSJU21; SSJU25; SSJU26; Senate Committee on Environment and Public Works; Senate Committee on Finance; Senate Committee on the Budget; Senate Committee on the Judiciary; United States Senate Caucus on International Narcotics Control,True,2015-12-09,2015-12-16,MSFT,MSFT,Stock,Purchase,"$15,001 - $50,000",32500.5,False,Joint,6de07899-53d3-4fe0-a30c-514ca0e39819,https://efdsearch.senate.gov/search/view/ptr/6de07899-53d3-4fe0-a30c-514ca0e39819/,a86ed8f3fde2b3930d803622af78a217030f94026b77317bf3867ffaf38f4920,senate-efd-electronic,asset_name,0
W000802,Sheldon Whitehouse,senate,Democrat,RI,Commission on Security and Cooperation in Europe; SSEV08; SSEV09; SSEV10; SSEV15; SSFI10; SSFI11; SSFI13; SSJU04; SSJU21; SSJU25; SSJU26; Senate Committee on Environment and Public Works; Senate Committee on Finance; Senate Committee on the Budget; Senate Committee on the Judiciary; United States Senate Caucus on International Narcotics Control,True,2015-12-09,2015-12-16,JNJ,JNJ,Stock,Purchase,"$15,001 - $50,000",32500.5,False,Joint,6de07899-53d3-4fe0-a30c-514ca0e39819,https://efdsearch.senate.gov/search/view/ptr/6de07899-53d3-4fe0-a30c-514ca0e39819/,12c36ff0300a87e18b3017f1fbb6228f22f5e8fb3c828c9123b0e0d184d10c29,senate-efd-electronic,asset_name,0
W000802,Sheldon Whitehouse,senate,Democrat,RI,Commission on Security and Cooperation in Europe; SSEV08; SSEV09; SSEV10; SSEV15; SSFI10; SSFI11; SSFI13; SSJU04; SSJU21; SSJU25; SSJU26; Senate Committee on Environment and Public Works; Senate Committee on Finance; Senate Committee on the Budget; Senate Committee on the Judiciary; United States Senate Caucus on International Narcotics Control,True,2015-12-09,2015-12-16,BMY,BMY,Stock,Purchase,"$1,001 - $15,000",8000.5,False,Joint,6de07899-53d3-4fe0-a30c-514ca0e39819,https://efdsearch.senate.gov/search/view/ptr/6de07899-53d3-4fe0-a30c-514ca0e39819/,397247c8389429d9ee040505b18cb05cdbab18517c7b9338e5982be8301d2d40,senate-efd-electronic,asset_name,0
W000802,Sheldon Whitehouse,senate,Democrat,RI,Commission on Security and Cooperation in Europe; SSEV08; SSEV09; SSEV10; SSEV15; SSFI10; SSFI11; SSFI13; SSJU04; SSJU21; SSJU25; SSJU26; Senate Committee on Environment and Public Works; Senate Committee on Finance; Senate Committee on the Budget; Senate Committee on the Judiciary; United States Senate Caucus on International Narcotics Control,True,2015-12-09,2015-12-16,GILD,GILD,Stock,Purchase,"$15,001 - $50,000",32500.5,False,Joint,6de07899-53d3-4fe0-a30c-514ca0e39819,https://efdsearch.senate.gov/search/view/ptr/6de07899-53d3-4fe0-a30c-514ca0e39819/,a3fc5f3db9911630e07c3819af2d58e092968a6a80ced5efcc1d0d30ac4c4f7a,senate-efd-electronic,asset_name,0
W000802,Sheldon Whitehouse,senate,Democrat,RI,Commission on Security and Cooperation in Europe; SSEV08; SSEV09; SSEV10; SSEV15; SSFI10; SSFI11; SSFI13; SSJU04; SSJU21; SSJU25; SSJU26; Senate Committee on Environment and Public Works; Senate Committee on Finance; Senate Committee on the Budget; Senate Committee on the Judiciary; United States Senate Caucus on International Narcotics Control,True,2015-12-14,2015-12-16,QCOM,QCOM,Stock,Sale (Full),"$15,001 - $50,000",32500.5,False,Self,6de07899-53d3-4fe0-a30c-514ca0e39819,https://efdsearch.senate.gov/search/view/ptr/6de07899-53d3-4fe0-a30c-514ca0e39819/,ece354f869e62bca9a3a4610a407484c793ef63197a256e9e4297fb8d2e0ed67,senate-efd-electronic,asset_name,0
W000802,Sheldon Whitehouse,senate,Democrat,RI,Commission on Security and Cooperation in Europe; SSEV08; SSEV09; SSEV10; SSEV15; SSFI10; SSFI11; SSFI13; SSJU04; SSJU21; SSJU25; SSJU26; Senate Committee on Environment and Public Works; Senate Committee on Finance; Senate Committee on the Budget; Senate Committee on the Judiciary; United States Senate Caucus on International Narcotics Control,True,2015-12-14,2015-12-16,CY,CY,Stock,Sale (Full),"$1,001 - $15,000",8000.5,False,Child,6de07899-53d3-4fe0-a30c-514ca0e39819,https://efdsearch.senate.gov/search/view/ptr/6de07899-53d3-4fe0-a30c-514ca0e39819/,d2c8c555d1c2cddd36b49c39b7eeb2cdacae1ebb2fa6ad37d5c513a777082b18,senate-efd-electronic,asset_name,0
C001047,Shelley M Capito,senate,Republican,WV,"SSAP02; SSAP14; SSAP16; SSAP17; SSAP18; SSAP24; SSCM33; SSCM34; SSCM35; SSCM38; SSEV08; SSEV09; SSEV10; SSEV15; Senate Committee on Appropriations; Senate Committee on Commerce, Science, and Transportation; Senate Committee on Environment and Public Works; Senate Committee on Rules and Administration",False,2015-07-21,2015-08-03,ABT,Abbott Laboratories (NYSE),Stock,Purchase,"$1,001 - $15,000",8000.5,False,Spouse,0e08d912-97a1-4ab5-93b1-6c86d3b9f4d7,https://efdsearch.senate.gov/search/view/ptr/0e08d912-97a1-4ab5-93b1-6c86d3b9f4d7/,2f9f26c5e0558c9aeb2d39b4f2f1d1ff1482d2588798a1be16be783c788cea9c,senate-efd-electronic,explicit,0
C001047,Shelley M Capito,senate,Republican,WV,"SSAP02; SSAP14; SSAP16; SSAP17; SSAP18; SSAP24; SSCM33; SSCM34; SSCM35; SSCM38; SSEV08; SSEV09; SSEV10; SSEV15; Senate Committee on Appropriations; Senate Committee on Commerce, Science, and Transportation; Senate Committee on Environment and Public Works; Senate Committee on Rules and Administration",False,2015-11-02,2015-11-13,,"BLACKROCK, INC.",Stock,Purchase,"$1,001 - $15,000",8000.5,False,Spouse,4f547d85-c894-4429-b555-795832d833ee,https://efdsearch.senate.gov/search/view/ptr/4f547d85-c894-4429-b555-795832d833ee/,5162caec18b5e6f5d719b5d7ff23d88544d7f3f1a24b82642dfb3d74577adcfe,senate-efd-electronic,none,0
C001047,Shelley M Capito,senate,Republican,WV,"SSAP02; SSAP14; SSAP16; SSAP17; SSAP18; SSAP24; SSCM33; SSCM34; SSCM35; SSCM38; SSEV08; SSEV09; SSEV10; SSEV15; Senate Committee on Appropriations; Senate Committee on Commerce, Science, and Transportation; Senate Committee on Environment and Public Works; Senate Committee on Rules and Administration",False,2015-11-18,2015-12-12,,SIGMA ALDRICH CORP,Stock,Sale (Full),"$1,001 - $15,000",8000.5,False,Spouse,96c3d990-3ce4-4b14-b749-6c221621820f,https://efdsearch.senate.gov/search/view/ptr/96c3d990-3ce4-4b14-b749-6c221621820f/,569a56a16ec4daa3095b9254bf1a80d720f4d01af20ab81f46fe70b6ab2d84c8,senate-efd-electronic,none,0
C001047,Shelley M Capito,senate,Republican,WV,"SSAP02; SSAP14; SSAP16; SSAP17; SSAP18; SSAP24; SSCM33; SSCM34; SSCM35; SSCM38; SSEV08; SSEV09; SSEV10; SSEV15; Senate Committee on Appropriations; Senate Committee on Commerce, Science, and Transportation; Senate Committee on Environment and Public Works; Senate Committee on Rules and Administration",False,2015-11-23,2015-11-30,,AMGEN INC (AMGN),Stock,Purchase,"$1,001 - $15,000",8000.5,False,Spouse,a218bcbb-2699-4325-ab84-98b30ee53db0,https://efdsearch.senate.gov/search/view/ptr/a218bcbb-2699-4325-ab84-98b30ee53db0/,75f7c55472d97bc8f2b00e563e525a4926f0dac36be163be39a0638316eaaf63,senate-efd-electronic,none,0
C001035,Susan M Collins,senate,Republican,ME,"SSAP01; SSAP02; SSAP08; SSAP14; SSAP16; SSAP17; SSAP18; SSAP19; SSAP20; SSAP22; SSAP23; SSAP24; SSHR12; Senate Committee on Appropriations; Senate Committee on Health, Education, Labor, and Pensions; Senate Select Committee on Intelligence",True,2014-01-07,2015-07-20,VZ,Verizon Communications Inc. (NYSE),Stock,Sale (Full),"$1,001 - $15,000",8000.5,False,Spouse,683c23b4-c8dd-4567-a8cc-a2855bb3bd74,https://efdsearch.senate.gov/search/view/ptr/683c23b4-c8dd-4567-a8cc-a2855bb3bd74/,520cdc47e545f4de5b77845555059cb2cb985fe66d0d60f5468932904009e27b,senate-efd-electronic,explicit,0
C001035,Susan M Collins,senate,Republican,ME,"SSAP01; SSAP02; SSAP08; SSAP14; SSAP16; SSAP17; SSAP18; SSAP19; SSAP20; SSAP22; SSAP23; SSAP24; SSHR12; Senate Committee on Appropriations; Senate Committee on Health, Education, Labor, and Pensions; Senate Select Committee on Intelligence",True,2014-01-13,2015-07-20,,Minnesota St. Rate/Coupon: 5%  Matures: 05/01/2016,Municipal Security,Purchase,"$15,001 - $50,000",32500.5,False,Spouse,683c23b4-c8dd-4567-a8cc-a2855bb3bd74,https://efdsearch.senate.gov/search/view/ptr/683c23b4-c8dd-4567-a8cc-a2855bb3bd74/,637fc26ea4161664c6818c53f7534e5e40697fa34bd38118dc82174e35af7d2a,senate-efd-electronic,none,0
C001035,Susan M Collins,senate,Republican,ME,"SSAP01; SSAP02; SSAP08; SSAP14; SSAP16; SSAP17; SSAP18; SSAP19; SSAP20; SSAP22; SSAP23; SSAP24; SSHR12; Senate Committee on Appropriations; Senate Committee on Health, Education, Labor, and Pensions; Senate Select Committee on Intelligence",True,2014-01-15,2015-07-20,CVX,Chevron Corporation (NYSE),Stock,Sale (Partial),"$1,001 - $15,000",8000.5,False,Spouse,683c23b4-c8dd-4567-a8cc-a2855bb3bd74,https://efdsearch.senate.gov/search/view/ptr/683c23b4-c8dd-4567-a8cc-a2855bb3bd74/,bebaadbb9b3ab86bd9a016d3993bf73a69a1b406f6e5153f4dbe6b22a8dea2a0,senate-efd-electronic,explicit,0
C001035,Susan M Collins,senate,Republican,ME,"SSAP01; SSAP02; SSAP08; SSAP14; SSAP16; SSAP17; SSAP18; SSAP19; SSAP20; SSAP22; SSAP23; SSAP24; SSHR12; Senate Committee on Appropriations; Senate Committee on Health, Education, Labor, and Pensions; Senate Select Committee on Intelligence",True,2014-01-24,2015-07-20,GE,General Electric Company (NYSE),nan,Sale (Partial),"$1,001 - $15,000",8000.5,False,Spouse,683c23b4-c8dd-4567-a8cc-a2855bb3bd74,https://efdsearch.senate.gov/search/view/ptr/683c23b4-c8dd-4567-a8cc-a2855bb3bd74/,e149972084ceef9730234cc78a80f198fa4bdb04459ab3e1eb43c19f71b3456f,senate-efd-electronic,explicit,0
C001035,Susan M Collins,senate,Republican,ME,"SSAP01; SSAP02; SSAP08; SSAP14; SSAP16; SSAP17; SSAP18; SSAP19; SSAP20; SSAP22; SSAP23; SSAP24; SSHR12; Senate Committee on Appropriations; Senate Committee on Health, Education, Labor, and Pensions; Senate Select Committee on Intelligence",True,2014-01-24,2015-07-20,CRM,"Salesforce.com, Inc (NYSE)",nan,Purchase,"$1,001 - $15,000",8000.5,False,Spouse,683c23b4-c8dd-4567-a8cc-a2855bb3bd74,https://efdsearch.senate.gov/search/view/ptr/683c23b4-c8dd-4567-a8cc-a2855bb3bd74/,d0495d7068b16a6f29ef0ac8152c680c29ae5378f902cab5abfe9f976952fcee,senate-efd-electronic,explicit,0
C001035,Susan M Collins,senate,Republican,ME,"SSAP01; SSAP02; SSAP08; SSAP14; SSAP16; SSAP17; SSAP18; SSAP19; SSAP20; SSAP22; SSAP23; SSAP24; SSHR12; Senate Committee on Appropriations; Senate Committee on Health, Education, Labor, and Pensions; Senate Select Committee on Intelligence",True,2014-01-24,2015-07-20,FB,"Facebook, Inc. (NASDAQ)",nan,Purchase,"$1,001 - $15,000",8000.5,False,Spouse,683c23b4-c8dd-4567-a8cc-a2855bb3bd74,https://efdsearch.senate.gov/search/view/ptr/683c23b4-c8dd-4567-a8cc-a2855bb3bd74/,5790f1f6559b8dc3b97abff17b3dda4e88a4d59a618ac972667708cbdabb5740,senate-efd-electronic,explicit,0
C001035,Susan M Collins,senate,Republican,ME,"SSAP01; SSAP02; SSAP08; SSAP14; SSAP16; SSAP17; SSAP18; SSAP19; SSAP20; SSAP22; SSAP23; SSAP24; SSHR12; Senate Committee on Appropriations; Senate Committee on Health, Education, Labor, and Pensions; Senate Select Committee on Intelligence",True,2014-01-28,2015-07-20,EBAY,eBay Inc. (NASDAQ),nan,Sale (Partial),"$1,001 - $15,000",8000.5,False,Spouse,683c23b4-c8dd-4567-a8cc-a2855bb3bd74,https://efdsearch.senate.gov/search/view/ptr/683c23b4-c8dd-4567-a8cc-a2855bb3bd74/,e73f1c6e46de2d757ab1a90af10b89a976a1e9ab9e7e863b7d0d685946cb37a4,senate-efd-electronic,explicit,0
C001035,Susan M Collins,senate,Republican,ME,"SSAP01; SSAP02; SSAP08; SSAP14; SSAP16; SSAP17; SSAP18; SSAP19; SSAP20; SSAP22; SSAP23; SSAP24; SSHR12; Senate Committee on Appropriations; Senate Committee on Health, Education, Labor, and Pensions; Senate Select Committee on Intelligence",True,2014-01-29,2015-07-20,MSFT,Microsoft Corporation (NASDAQ),nan,Purchase,"$1,001 - $15,000",8000.5,False,Spouse,683c23b4-c8dd-4567-a8cc-a2855bb3bd74,https://efdsearch.senate.gov/search/view/ptr/683c23b4-c8dd-4567-a8cc-a2855bb3bd74/,655899a3dbb64b0b096f8b724a69e42b7b5c3276bab2df068cb3631c8248e18d,senate-efd-electronic,explicit,0
C001035,Susan M Collins,senate,Republican,ME,"SSAP01; SSAP02; SSAP08; SSAP14; SSAP16; SSAP17; SSAP18; SSAP19; SSAP20; SSAP22; SSAP23; SSAP24; SSHR12; Senate Committee on Appropriations; Senate Committee on Health, Education, Labor, and Pensions; Senate Select Committee on Intelligence",True,2014-01-29,2015-07-20,C,"Citigroup, Inc. (NYSE)",nan,Sale (Partial),"$1,001 - $15,000",8000.5,False,Spouse,683c23b4-c8dd-4567-a8cc-a2855bb3bd74,https://efdsearch.senate.gov/search/view/ptr/683c23b4-c8dd-4567-a8cc-a2855bb3bd74/,13840bf407ecdf4f33f9e2ce2d8e70f1736a01ce93354a9dfd7870f21a0abe53,senate-efd-electronic,explicit,0
C001035,Susan M Collins,senate,Republican,ME,"SSAP01; SSAP02; SSAP08; SSAP14; SSAP16; SSAP17; SSAP18; SSAP19; SSAP20; SSAP22; SSAP23; SSAP24; SSHR12; Senate Committee on Appropriations; Senate Committee on Health, Education, Labor, and Pensions; Senate Select Committee on Intelligence",True,2014-01-29,2015-07-20,C,"Citigroup, Inc. (NYSE)",nan,Sale (Partial),"$1,001 - $15,000",8000.5,False,Spouse,683c23b4-c8dd-4567-a8cc-a2855bb3bd74,https://efdsearch.senate.gov/search/view/ptr/683c23b4-c8dd-4567-a8cc-a2855bb3bd74/,13840bf407ecdf4f33f9e2ce2d8e70f1736a01ce93354a9dfd7870f21a0abe53,senate-efd-electronic,explicit,1
C001035,Susan M Collins,senate,Republican,ME,"SSAP01; SSAP02; SSAP08; SSAP14; SSAP16; SSAP17; SSAP18; SSAP19; SSAP20; SSAP22; SSAP23; SSAP24; SSHR12; Senate Committee on Appropriations; Senate Committee on Health, Education, Labor, and Pensions; Senate Select Committee on Intelligence",True,2014-03-04,2015-07-20,RHT,"Red Hat, Inc. (NYSE)",nan,Purchase,"$1,001 - $15,000",8000.5,False,Spouse,06d6db62-37eb-4a7c-9a98-038ae20720a5,https://efdsearch.senate.gov/search/view/ptr/06d6db62-37eb-4a7c-9a98-038ae20720a5/,0efea2fe3d8f5217cd66c5cdd856763f6177eda58088d0feefef0c6461b4c242,senate-efd-electronic,explicit,0
C001035,Susan M Collins,senate,Republican,ME,"SSAP01; SSAP02; SSAP08; SSAP14; SSAP16; SSAP17; SSAP18; SSAP19; SSAP20; SSAP22; SSAP23; SSAP24; SSHR12; Senate Committee on Appropriations; Senate Committee on Health, Education, Labor, and Pensions; Senate Select Committee on Intelligence",True,2014-03-04,2015-07-20,LBTYK,Liberty Global plc (NASDAQ),Stock,Exchange,"$1,001 - $15,000",8000.5,False,Spouse,06d6db62-37eb-4a7c-9a98-038ae20720a5,https://efdsearch.senate.gov/search/view/ptr/06d6db62-37eb-4a7c-9a98-038ae20720a5/,868c1812a681f59b70f35e882ee1a5171e948423ae563b8382b677d87e777213,senate-efd-electronic,explicit,0
C001035,Susan M Collins,senate,Republican,ME,"SSAP01; SSAP02; SSAP08; SSAP14; SSAP16; SSAP17; SSAP18; SSAP19; SSAP20; SSAP22; SSAP23; SSAP24; SSHR12; Senate Committee on Appropriations; Senate Committee on Health, Education, Labor, and Pensions; Senate Select Committee on Intelligence",True,2014-03-07,2015-07-20,FB,"Facebook, Inc. (NASDAQ)",nan,Purchase,"$1,001 - $15,000",8000.5,False,Spouse,06d6db62-37eb-4a7c-9a98-038ae20720a5,https://efdsearch.senate.gov/search/view/ptr/06d6db62-37eb-4a7c-9a98-038ae20720a5/,fc0fce5fc429deeae7f05e6f59750ea205bd3b97e58db6bd48c9898e64889cf4,senate-efd-electronic,explicit,0
C001035,Susan M Collins,senate,Republican,ME,"SSAP01; SSAP02; SSAP08; SSAP14; SSAP16; SSAP17; SSAP18; SSAP19; SSAP20; SSAP22; SSAP23; SSAP24; SSHR12; Senate Committee on Appropriations; Senate Committee on Health, Education, Labor, and Pensions; Senate Select Committee on Intelligence",True,2014-03-07,2015-07-20,GE,General Electric Company (NYSE),nan,Sale (Partial),"$1,001 - $15,000",8000.5,False,Spouse,06d6db62-37eb-4a7c-9a98-038ae20720a5,https://efdsearch.senate.gov/search/view/ptr/06d6db62-37eb-4a7c-9a98-038ae20720a5/,a70b0ef433cc3230ef373b93872bf89738d2de89284fc7a20c55fe687bfefe6f,senate-efd-electronic,explicit,0
C001035,Susan M Collins,senate,Republican,ME,"SSAP01; SSAP02; SSAP08; SSAP14; SSAP16; SSAP17; SSAP18; SSAP19; SSAP20; SSAP22; SSAP23; SSAP24; SSHR12; Senate Committee on Appropriations; Senate Committee on Health, Education, Labor, and Pensions; Senate Select Committee on Intelligence",True,2014-03-07,2015-07-20,SLB,Schlumberger Limited (NYSE),nan,Purchase,"$1,001 - $15,000",8000.5,False,Spouse,06d6db62-37eb-4a7c-9a98-038ae20720a5,https://efdsearch.senate.gov/search/view/ptr/06d6db62-37eb-4a7c-9a98-038ae20720a5/,577430246ee4ce9de32100b2657d30e4f64ac8643709c4058dfd6e6e0b41f4c7,senate-efd-electronic,explicit,0
C001035,Susan M Collins,senate,Republican,ME,"SSAP01; SSAP02; SSAP08; SSAP14; SSAP16; SSAP17; SSAP18; SSAP19; SSAP20; SSAP22; SSAP23; SSAP24; SSHR12; Senate Committee on Appropriations; Senate Committee on Health, Education, Labor, and Pensions; Senate Select Committee on Intelligence",True,2014-03-10,2015-07-20,XTXI,"Crosstex Energy, Inc. (NASDAQ)",Stock,Sale (Full),"$1,001 - $15,000",8000.5,False,Spouse,06d6db62-37eb-4a7c-9a98-038ae20720a5,https://efdsearch.senate.gov/search/view/ptr/06d6db62-37eb-4a7c-9a98-038ae20720a5/,6b0adfe6fb5b6e8a0a98e70c3a89d300aba072c06835000f894927cd1e1bf8c1,senate-efd-electronic,explicit,0
C001035,Susan M Collins,senate,Republican,ME,"SSAP01; SSAP02; SSAP08; SSAP14; SSAP16; SSAP17; SSAP18; SSAP19; SSAP20; SSAP22; SSAP23; SSAP24; SSHR12; Senate Committee on Appropriations; Senate Committee on Health, Education, Labor, and Pensions; Senate Select Committee on Intelligence",True,2014-03-11,2015-07-20,VRX,"Valeant Pharmaceuticals International, Inc. (NYSE)",nan,Purchase,"$1,001 - $15,000",8000.5,False,Spouse,06d6db62-37eb-4a7c-9a98-038ae20720a5,https://efdsearch.senate.gov/search/view/ptr/06d6db62-37eb-4a7c-9a98-038ae20720a5/,162f3fe144bc37af3aaabc05d92279fae61c83f5743813c412475a7c9bbde344,senate-efd-electronic,explicit,0
C001035,Susan M Collins,senate,Republican,ME,"SSAP01; SSAP02; SSAP08; SSAP14; SSAP16; SSAP17; SSAP18; SSAP19; SSAP20; SSAP22; SSAP23; SSAP24; SSHR12; Senate Committee on Appropriations; Senate Committee on Health, Education, Labor, and Pensions; Senate Select Committee on Intelligence",True,2014-03-11,2015-07-20,ACE,ACE Limited (NYSE),nan,Sale (Partial),"$1,001 - $15,000",8000.5,False,Spouse,06d6db62-37eb-4a7c-9a98-038ae20720a5,https://efdsearch.senate.gov/search/view/ptr/06d6db62-37eb-4a7c-9a98-038ae20720a5/,bba8408d255f898fef9974b2dd213cc9372b292fd8d2495954608f0c6862a2be,senate-efd-electronic,explicit,0
C001035,Susan M Collins,senate,Republican,ME,"SSAP01; SSAP02; SSAP08; SSAP14; SSAP16; SSAP17; SSAP18; SSAP19; SSAP20; SSAP22; SSAP23; SSAP24; SSHR12; Senate Committee on Appropriations; Senate Committee on Health, Education, Labor, and Pensions; Senate Select Committee on Intelligence",True,2014-03-12,2015-07-20,NWL,Newell Rubbermaid Inc. (NYSE),nan,Sale (Partial),"$1,001 - $15,000",8000.5,False,Spouse,06d6db62-37eb-4a7c-9a98-038ae20720a5,https://efdsearch.senate.gov/search/view/ptr/06d6db62-37eb-4a7c-9a98-038ae20720a5/,bf64caeef4e1f018964bc755cadd9b0563b986b31042e267608761dcc2234f10,senate-efd-electronic,explicit,0
C001035,Susan M Collins,senate,Republican,ME,"SSAP01; SSAP02; SSAP08; SSAP14; SSAP16; SSAP17; SSAP18; SSAP19; SSAP20; SSAP22; SSAP23; SSAP24; SSHR12; Senate Committee on Appropriations; Senate Committee on Health, Education, Labor, and Pensions; Senate Select Committee on Intelligence",True,2014-04-10,2015-07-20,GOOG,Google Inc. (NASDAQ),nan,Sale (Partial),"$1,001 - $15,000",8000.5,False,Spouse,72d3d607-4c1d-447a-9163-50979745dd6c,https://efdsearch.senate.gov/search/view/ptr/72d3d607-4c1d-447a-9163-50979745dd6c/,35e91301d197f691f31ed7f39a0ba4a01cac9aef2b478d48101149352fc47937,senate-efd-electronic,explicit,0
C001035,Susan M Collins,senate,Republican,ME,"SSAP01; SSAP02; SSAP08; SSAP14; SSAP16; SSAP17; SSAP18; SSAP19; SSAP20; SSAP22; SSAP23; SSAP24; SSHR12; Senate Committee on Appropriations; Senate Committee on Health, Education, Labor, and Pensions; Senate Select Committee on Intelligence",True,2014-04-10,2015-07-20,FOXA,"Twenty-First Century Fox, Inc. (NASDAQ)",nan,Sale (Partial),"$1,001 - $15,000",8000.5,False,Spouse,72d3d607-4c1d-447a-9163-50979745dd6c,https://efdsearch.senate.gov/search/view/ptr/72d3d607-4c1d-447a-9163-50979745dd6c/,f24a8873aaa917f90510500dae902c040868ce4d431ff415a0e517c062f0ca1a,senate-efd-electronic,explicit,0
C001035,Susan M Collins,senate,Republican,ME,"SSAP01; SSAP02; SSAP08; SSAP14; SSAP16; SSAP17; SSAP18; SSAP19; SSAP20; SSAP22; SSAP23; SSAP24; SSHR12; Senate Committee on Appropriations; Senate Committee on Health, Education, Labor, and Pensions; Senate Select Committee on Intelligence",True,2014-04-10,2015-07-20,LOW,Lowe's Companies Inc. (NYSE),nan,Sale (Partial),"$1,001 - $15,000",8000.5,False,Spouse,72d3d607-4c1d-447a-9163-50979745dd6c,https://efdsearch.senate.gov/search/view/ptr/72d3d607-4c1d-447a-9163-50979745dd6c/,dcc5f0a5be3e3e85a76bc808086277382356e04de3749644957b2e88fbb78278,senate-efd-electronic,explicit,0
C001035,Susan M Collins,senate,Republican,ME,"SSAP01; SSAP02; SSAP08; SSAP14; SSAP16; SSAP17; SSAP18; SSAP19; SSAP20; SSAP22; SSAP23; SSAP24; SSHR12; Senate Committee on Appropriations; Senate Committee on Health, Education, Labor, and Pensions; Senate Select Committee on Intelligence",True,2014-04-10,2015-07-20,LBTYK,Liberty Global plc (NASDAQ),nan,Sale (Partial),"$1,001 - $15,000",8000.5,False,Spouse,72d3d607-4c1d-447a-9163-50979745dd6c,https://efdsearch.senate.gov/search/view/ptr/72d3d607-4c1d-447a-9163-50979745dd6c/,0d3b7ed2d905d06c48ae565ac0cf2d864cae4ee4d9eec32d6533ebd6e48aa05e,senate-efd-electronic,explicit,0
C001035,Susan M Collins,senate,Republican,ME,"SSAP01; SSAP02; SSAP08; SSAP14; SSAP16; SSAP17; SSAP18; SSAP19; SSAP20; SSAP22; SSAP23; SSAP24; SSHR12; Senate Committee on Appropriations; Senate Committee on Health, Education, Labor, and Pensions; Senate Select Committee on Intelligence",True,2014-04-10,2015-07-20,LBTYA,Liberty Global plc (NASDAQ),Stock,Sale (Partial),"$1,001 - $15,000",8000.5,False,Spouse,72d3d607-4c1d-447a-9163-50979745dd6c,https://efdsearch.senate.gov/search/view/ptr/72d3d607-4c1d-447a-9163-50979745dd6c/,0d3b7ed2d905d06c48ae565ac0cf2d864cae4ee4d9eec32d6533ebd6e48aa05e,senate-efd-electronic,explicit,1
C001035,Susan M Collins,senate,Republican,ME,"SSAP01; SSAP02; SSAP08; SSAP14; SSAP16; SSAP17; SSAP18; SSAP19; SSAP20; SSAP22; SSAP23; SSAP24; SSHR12; Senate Committee on Appropriations; Senate Committee on Health, Education, Labor, and Pensions; Senate Select Committee on Intelligence",True,2014-04-10,2015-07-20,DAL,Delta Air Lines Inc. (NYSE),nan,Purchase,"$1,001 - $15,000",8000.5,False,Spouse,72d3d607-4c1d-447a-9163-50979745dd6c,https://efdsearch.senate.gov/search/view/ptr/72d3d607-4c1d-447a-9163-50979745dd6c/,27709e4b42ac5913e849a70c8da824a3d428a3b9fae60acb34c2f9cdf771f95b,senate-efd-electronic,explicit,0
C001035,Susan M Collins,senate,Republican,ME,"SSAP01; SSAP02; SSAP08; SSAP14; SSAP16; SSAP17; SSAP18; SSAP19; SSAP20; SSAP22; SSAP23; SSAP24; SSHR12; Senate Committee on Appropriations; Senate Committee on Health, Education, Labor, and Pensions; Senate Select Committee on Intelligence",True,2014-04-11,2015-07-20,DAL,Delta Air Lines Inc. (NYSE),nan,Purchase,"$1,001 - $15,000",8000.5,False,Spouse,72d3d607-4c1d-447a-9163-50979745dd6c,https://efdsearch.senate.gov/search/view/ptr/72d3d607-4c1d-447a-9163-50979745dd6c/,853cf7c388a8acc35912ea39f873078cb04357d50f860ad660487dadc295e024,senate-efd-electronic,explicit,0
C001035,Susan M Collins,senate,Republican,ME,"SSAP01; SSAP02; SSAP08; SSAP14; SSAP16; SSAP17; SSAP18; SSAP19; SSAP20; SSAP22; SSAP23; SSAP24; SSHR12; Senate Committee on Appropriations; Senate Committee on Health, Education, Labor, and Pensions; Senate Select Committee on Intelligence",True,2014-04-14,2015-07-20,GILD,Gilead Sciences Inc. (NASDAQ),nan,Sale (Partial),"$1,001 - $15,000",8000.5,False,Spouse,72d3d607-4c1d-447a-9163-50979745dd6c,https://efdsearch.senate.gov/search/view/ptr/72d3d607-4c1d-447a-9163-50979745dd6c/,cb9766a29dcf672449168404c7a194d0fbeeac33dc3601c5227beb05257a7054,senate-efd-electronic,explicit,0
C001035,Susan M Collins,senate,Republican,ME,"SSAP01; SSAP02; SSAP08; SSAP14; SSAP16; SSAP17; SSAP18; SSAP19; SSAP20; SSAP22; SSAP23; SSAP24; SSHR12; Senate Committee on Appropriations; Senate Committee on Health, Education, Labor, and Pensions; Senate Select Committee on Intelligence",True,2014-04-15,2015-07-20,AJG,Arthur J Gallagher & Co. (NYSE),nan,Purchase,"$1,001 - $15,000",8000.5,False,Spouse,72d3d607-4c1d-447a-9163-50979745dd6c,https://efdsearch.senate.gov/search/view/ptr/72d3d607-4c1d-447a-9163-50979745dd6c/,e0acfe741fe8e0c0fbd3bc18c10e72ecd38213ea458af294b563651f6e79c062,senate-efd-electronic,explicit,0
C001035,Susan M Collins,senate,Republican,ME,"SSAP01; SSAP02; SSAP08; SSAP14; SSAP16; SSAP17; SSAP18; SSAP19; SSAP20; SSAP22; SSAP23; SSAP24; SSHR12; Senate Committee on Appropriations; Senate Committee on Health, Education, Labor, and Pensions; Senate Select Committee on Intelligence",True,2014-04-17,2015-07-20,COP,ConocoPhillips (NYSE),nan,Purchase,"$1,001 - $15,000",8000.5,False,Spouse,72d3d607-4c1d-447a-9163-50979745dd6c,https://efdsearch.senate.gov/search/view/ptr/72d3d607-4c1d-447a-9163-50979745dd6c/,0141cf64755bfa8366d897a4c248cff09136b6d75c3e7d1078abbc6d5742a6a7,senate-efd-electronic,explicit,0
C001035,Susan M Collins,senate,Republican,ME,"SSAP01; SSAP02; SSAP08; SSAP14; SSAP16; SSAP17; SSAP18; SSAP19; SSAP20; SSAP22; SSAP23; SSAP24; SSHR12; Senate Committee on Appropriations; Senate Committee on Health, Education, Labor, and Pensions; Senate Select Committee on Intelligence",True,2014-04-21,2015-07-20,SCHW,The Charles Schwab Corporation (NYSE),nan,Purchase,"$1,001 - $15,000",8000.5,False,Spouse,72d3d607-4c1d-447a-9163-50979745dd6c,https://efdsearch.senate.gov/search/view/ptr/72d3d607-4c1d-447a-9163-50979745dd6c/,b07f2a4299bdcd57b0264c2717836c9304e07196fda7be0029948356ca825ef6,senate-efd-electronic,explicit,0
C001035,Susan M Collins,senate,Republican,ME,"SSAP01; SSAP02; SSAP08; SSAP14; SSAP16; SSAP17; SSAP18; SSAP19; SSAP20; SSAP22; SSAP23; SSAP24; SSHR12; Senate Committee on Appropriations; Senate Committee on Health, Education, Labor, and Pensions; Senate Select Committee on Intelligence",True,2014-04-22,2015-07-20,COP,ConocoPhillips (NYSE),nan,Purchase,"$1,001 - $15,000",8000.5,False,Spouse,72d3d607-4c1d-447a-9163-50979745dd6c,https://efdsearch.senate.gov/search/view/ptr/72d3d607-4c1d-447a-9163-50979745dd6c/,fa5a4b77f1713afc93eb1976f44b86299be932959ed69614a382823ff428781d,senate-efd-electronic,explicit,0
C001035,Susan M Collins,senate,Republican,ME,"SSAP01; SSAP02; SSAP08; SSAP14; SSAP16; SSAP17; SSAP18; SSAP19; SSAP20; SSAP22; SSAP23; SSAP24; SSHR12; Senate Committee on Appropriations; Senate Committee on Health, Education, Labor, and Pensions; Senate Select Committee on Intelligence",True,2014-04-22,2015-07-20,BAC,Bank of America Corporation (NYSE),nan,Sale (Partial),"$1,001 - $15,000",8000.5,False,Spouse,72d3d607-4c1d-447a-9163-50979745dd6c,https://efdsearch.senate.gov/search/view/ptr/72d3d607-4c1d-447a-9163-50979745dd6c/,dea2a36d6d0b05604215a5ccf6fdc1e9ff3382dfde138309554db31611fa35d9,senate-efd-electronic,explicit,0
C001035,Susan M Collins,senate,Republican,ME,"SSAP01; SSAP02; SSAP08; SSAP14; SSAP16; SSAP17; SSAP18; SSAP19; SSAP20; SSAP22; SSAP23; SSAP24; SSHR12; Senate Committee on Appropriations; Senate Committee on Health, Education, Labor, and Pensions; Senate Select Committee on Intelligence",True,2014-04-23,2015-07-20,AXP,American Express Company (NYSE),nan,Purchase,"$1,001 - $15,000",8000.5,False,Spouse,72d3d607-4c1d-447a-9163-50979745dd6c,https://efdsearch.senate.gov/search/view/ptr/72d3d607-4c1d-447a-9163-50979745dd6c/,9d092050c54fc4b076e7bcb961baedd3d7207b59539067af6011c6f3049ae6ec,senate-efd-electronic,explicit,0
C001035,Susan M Collins,senate,Republican,ME,"SSAP01; SSAP02; SSAP08; SSAP14; SSAP16; SSAP17; SSAP18; SSAP19; SSAP20; SSAP22; SSAP23; SSAP24; SSHR12; Senate Committee on Appropriations; Senate Committee on Health, Education, Labor, and Pensions; Senate Select Committee on Intelligence",True,2014-04-23,2015-07-20,GS,"The Goldman Sachs Group, Inc. (NYSE)",nan,Sale (Partial),"$1,001 - $15,000",8000.5,False,Spouse,72d3d607-4c1d-447a-9163-50979745dd6c,https://efdsearch.senate.gov/search/view/ptr/72d3d607-4c1d-447a-9163-50979745dd6c/,c94debb07aee2861200c508d2513fc7c974ee6f3544e69b722fb2f80936530e7,senate-efd-electronic,explicit,0
C001035,Susan M Collins,senate,Republican,ME,"SSAP01; SSAP02; SSAP08; SSAP14; SSAP16; SSAP17; SSAP18; SSAP19; SSAP20; SSAP22; SSAP23; SSAP24; SSHR12; Senate Committee on Appropriations; Senate Committee on Health, Education, Labor, and Pensions; Senate Select Committee on Intelligence",True,2014-06-17,2015-07-20,,Allianzgi Short Duration,Stock,Sale (Full),"$15,001 - $50,000",32500.5,False,Spouse,c8474757-9bc8-44c9-bbd3-cf841006d6fd,https://efdsearch.senate.gov/search/view/ptr/c8474757-9bc8-44c9-bbd3-cf841006d6fd/,16fd7b0393ab748032ed7aba603de10316d367b2df1ce530e82c351d962e7e7a,senate-efd-electronic,none,0
C001035,Susan M Collins,senate,Republican,ME,"SSAP01; SSAP02; SSAP08; SSAP14; SSAP16; SSAP17; SSAP18; SSAP19; SSAP20; SSAP22; SSAP23; SSAP24; SSHR12; Senate Committee on Appropriations; Senate Committee on Health, Education, Labor, and Pensions; Senate Select Committee on Intelligence",True,2014-06-19,2015-07-20,AJG,Arthur J Gallagher & Co. (NYSE),nan,Sale (Full),"$1,001 - $15,000",8000.5,False,Spouse,c8474757-9bc8-44c9-bbd3-cf841006d6fd,https://efdsearch.senate.gov/search/view/ptr/c8474757-9bc8-44c9-bbd3-cf841006d6fd/,c1e30325aabcfd434b02ecd0c5ff4d10ee8801c86d527d5f61dcb021e5708c5b,senate-efd-electronic,explicit,0
C001035,Susan M Collins,senate,Republican,ME,"SSAP01; SSAP02; SSAP08; SSAP14; SSAP16; SSAP17; SSAP18; SSAP19; SSAP20; SSAP22; SSAP23; SSAP24; SSHR12; Senate Committee on Appropriations; Senate Committee on Health, Education, Labor, and Pensions; Senate Select Committee on Intelligence",True,2014-06-19,2015-07-20,AGCO,AGCO Corporation (NYSE),Stock,Sale (Full),"$1,001 - $15,000",8000.5,False,Spouse,c8474757-9bc8-44c9-bbd3-cf841006d6fd,https://efdsearch.senate.gov/search/view/ptr/c8474757-9bc8-44c9-bbd3-cf841006d6fd/,7b3bbb0df53d58c46b21095689e3f6ff72b18ae44606c3122dc4e6af2e4f025e,senate-efd-electronic,explicit,0
C001035,Susan M Collins,senate,Republican,ME,"SSAP01; SSAP02; SSAP08; SSAP14; SSAP16; SSAP17; SSAP18; SSAP19; SSAP20; SSAP22; SSAP23; SSAP24; SSHR12; Senate Committee on Appropriations; Senate Committee on Health, Education, Labor, and Pensions; Senate Select Committee on Intelligence",True,2014-06-19,2015-07-20,AIT,"Applied Industrial Technologies, Inc. (NYSE)",nan,Sale (Full),"$1,001 - $15,000",8000.5,False,Spouse,c8474757-9bc8-44c9-bbd3-cf841006d6fd,https://efdsearch.senate.gov/search/view/ptr/c8474757-9bc8-44c9-bbd3-cf841006d6fd/,85e809c3a09ed84ccf0a732f5ef4a1a53f8a49cfd4ea75a2a3163b153db1637e,senate-efd-electronic,explicit,0
C001035,Susan M Collins,senate,Republican,ME,"SSAP01; SSAP02; SSAP08; SSAP14; SSAP16; SSAP17; SSAP18; SSAP19; SSAP20; SSAP22; SSAP23; SSAP24; SSHR12; Senate Committee on Appropriations; Senate Committee on Health, Education, Labor, and Pensions; Senate Select Committee on Intelligence",True,2014-06-19,2015-07-20,BMY,Bristol-Myers Squibb Company (NYSE),nan,Sale (Full),"$1,001 - $15,000",8000.5,False,Spouse,c8474757-9bc8-44c9-bbd3-cf841006d6fd,https://efdsearch.senate.gov/search/view/ptr/c8474757-9bc8-44c9-bbd3-cf841006d6fd/,17ff2fc041653b03e8571a283c68ada4a0e0d03e328d0c762dd2d6113ddbf02a,senate-efd-electronic,explicit,0
C001035,Susan M Collins,senate,Republican,ME,"SSAP01; SSAP02; SSAP08; SSAP14; SSAP16; SSAP17; SSAP18; SSAP19; SSAP20; SSAP22; SSAP23; SSAP24; SSHR12; Senate Committee on Appropriations; Senate Committee on Health, Education, Labor, and Pensions; Senate Select Committee on Intelligence",True,2014-06-19,2015-07-20,CMO,Capstead Mortgage Corp. (NYSE),nan,Sale (Full),"$1,001 - $15,000",8000.5,False,Spouse,c8474757-9bc8-44c9-bbd3-cf841006d6fd,https://efdsearch.senate.gov/search/view/ptr/c8474757-9bc8-44c9-bbd3-cf841006d6fd/,a79d997ae31b753fa383331544cae9f668640d66b761bf8db34b95812f7b8b52,senate-efd-electronic,explicit,0
C001035,Susan M Collins,senate,Republican,ME,"SSAP01; SSAP02; SSAP08; SSAP14; SSAP16; SSAP17; SSAP18; SSAP19; SSAP20; SSAP22; SSAP23; SSAP24; SSHR12; Senate Committee on Appropriations; Senate Committee on Health, Education, Labor, and Pensions; Senate Select Committee on Intelligence",True,2014-06-19,2015-07-20,C,Citigroup Inc. (NYSE),nan,Sale (Full),"$1,001 - $15,000",8000.5,False,Spouse,c8474757-9bc8-44c9-bbd3-cf841006d6fd,https://efdsearch.senate.gov/search/view/ptr/c8474757-9bc8-44c9-bbd3-cf841006d6fd/,cec1a7e56aa1a208b417c30e4557613a94d463b16484d8dba9dd69fce27beb75,senate-efd-electronic,explicit,0
C001035,Susan M Collins,senate,Republican,ME,"SSAP01; SSAP02; SSAP08; SSAP14; SSAP16; SSAP17; SSAP18; SSAP19; SSAP20; SSAP22; SSAP23; SSAP24; SSHR12; Senate Committee on Appropriations; Senate Committee on Health, Education, Labor, and Pensions; Senate Select Committee on Intelligence",True,2014-06-19,2015-07-20,CR,Crane Co. (NYSE),nan,Sale (Full),"$1,001 - $15,000",8000.5,False,Spouse,c8474757-9bc8-44c9-bbd3-cf841006d6fd,https://efdsearch.senate.gov/search/view/ptr/c8474757-9bc8-44c9-bbd3-cf841006d6fd/,3055ed231d9fa4d2e28823635720a3aaba2973521f81f3a9b2d50634cbcb1c74,senate-efd-electronic,explicit,0
C001035,Susan M Collins,senate,Republican,ME,"SSAP01; SSAP02; SSAP08; SSAP14; SSAP16; SSAP17; SSAP18; SSAP19; SSAP20; SSAP22; SSAP23; SSAP24; SSHR12; Senate Committee on Appropriations; Senate Committee on Health, Education, Labor, and Pensions; Senate Select Committee on Intelligence",True,2014-06-19,2015-07-20,FNF,"Fidelity National Financial, Inc. (NYSE)",nan,Sale (Full),"$1,001 - $15,000",8000.5,False,Spouse,c8474757-9bc8-44c9-bbd3-cf841006d6fd,https://efdsearch.senate.gov/search/view/ptr/c8474757-9bc8-44c9-bbd3-cf841006d6fd/,c7583e01826f0e5efa7ee44efd4bcdd27a185c05496ca4e22e3ffadb48baa709,senate-efd-electronic,explicit,0
C001035,Susan M Collins,senate,Republican,ME,"SSAP01; SSAP02; SSAP08; SSAP14; SSAP16; SSAP17; SSAP18; SSAP19; SSAP20; SSAP22; SSAP23; SSAP24; SSHR12; Senate Committee on Appropriations; Senate Committee on Health, Education, Labor, and Pensions; Senate Select Committee on Intelligence",True,2014-06-19,2015-07-20,GS,"The Goldman Sachs Group, Inc. (NYSE)",nan,Sale (Full),"$1,001 - $15,000",8000.5,False,Spouse,c8474757-9bc8-44c9-bbd3-cf841006d6fd,https://efdsearch.senate.gov/search/view/ptr/c8474757-9bc8-44c9-bbd3-cf841006d6fd/,c5b050076524bb2b03c11068244fb1c19735662343cd5a32b5345acce55be021,senate-efd-electronic,explicit,0
C001035,Susan M Collins,senate,Republican,ME,"SSAP01; SSAP02; SSAP08; SSAP14; SSAP16; SSAP17; SSAP18; SSAP19; SSAP20; SSAP22; SSAP23; SSAP24; SSHR12; Senate Committee on Appropriations; Senate Committee on Health, Education, Labor, and Pensions; Senate Select Committee on Intelligence",True,2014-06-19,2015-07-20,GOOGL,Google Inc. (NASDAQ),nan,Purchase,"$1,001 - $15,000",8000.5,False,Spouse,c8474757-9bc8-44c9-bbd3-cf841006d6fd,https://efdsearch.senate.gov/search/view/ptr/c8474757-9bc8-44c9-bbd3-cf841006d6fd/,5c5e16622d87f3b92dfeded4d7cbc75e3304a704fde024791629094cdf4aeb7a,senate-efd-electronic,explicit,0
C001035,Susan M Collins,senate,Republican,ME,"SSAP01; SSAP02; SSAP08; SSAP14; SSAP16; SSAP17; SSAP18; SSAP19; SSAP20; SSAP22; SSAP23; SSAP24; SSHR12; Senate Committee on Appropriations; Senate Committee on Health, Education, Labor, and Pensions; Senate Select Committee on Intelligence",True,2014-06-19,2015-07-20,LVS,Las Vegas Sands Corp. (NYSE),nan,Sale (Full),"$1,001 - $15,000",8000.5,False,Spouse,c8474757-9bc8-44c9-bbd3-cf841006d6fd,https://efdsearch.senate.gov/search/view/ptr/c8474757-9bc8-44c9-bbd3-cf841006d6fd/,7ce2c0fbe506b612431fdd027fc8175fed7e8430841f06b7b3c8001e8500129f,senate-efd-electronic,explicit,0
C001035,Susan M Collins,senate,Republican,ME,"SSAP01; SSAP02; SSAP08; SSAP14; SSAP16; SSAP17; SSAP18; SSAP19; SSAP20; SSAP22; SSAP23; SSAP24; SSHR12; Senate Committee on Appropriations; Senate Committee on Health, Education, Labor, and Pensions; Senate Select Committee on Intelligence",True,2014-06-19,2015-07-20,HFC,HollyFrontier Corporation (NYSE),nan,Sale (Full),"$1,001 - $15,000",8000.5,False,Spouse,c8474757-9bc8-44c9-bbd3-cf841006d6fd,https://efdsearch.senate.gov/search/view/ptr/c8474757-9bc8-44c9-bbd3-cf841006d6fd/,22ff391c25455b923ffba41b1e63a60136abf0ee2c58ce8e4531afa3fa429963,senate-efd-electronic,explicit,0
C001035,Susan M Collins,senate,Republican,ME,"SSAP01; SSAP02; SSAP08; SSAP14; SSAP16; SSAP17; SSAP18; SSAP19; SSAP20; SSAP22; SSAP23; SSAP24; SSHR12; Senate Committee on Appropriations; Senate Committee on Health, Education, Labor, and Pensions; Senate Select Committee on Intelligence",True,2014-06-19,2015-07-20,MPW,Medical Properties Trust Inc. (NYSE),nan,Sale (Full),"$1,001 - $15,000",8000.5,False,Spouse,c8474757-9bc8-44c9-bbd3-cf841006d6fd,https://efdsearch.senate.gov/search/view/ptr/c8474757-9bc8-44c9-bbd3-cf841006d6fd/,dc9f8990336a7f5fae53665d6ac175efb75c53b7c3c0c73ef56c639daf73b84c,senate-efd-electronic,explicit,0
C001035,Susan M Collins,senate,Republican,ME,"SSAP01; SSAP02; SSAP08; SSAP14; SSAP16; SSAP17; SSAP18; SSAP19; SSAP20; SSAP22; SSAP23; SSAP24; SSHR12; Senate Committee on Appropriations; Senate Committee on Health, Education, Labor, and Pensions; Senate Select Committee on Intelligence",True,2014-06-19,2015-07-20,MCHP,Microchip Technology Inc. (NASDAQ),nan,Purchase,"$1,001 - $15,000",8000.5,False,Spouse,c8474757-9bc8-44c9-bbd3-cf841006d6fd,https://efdsearch.senate.gov/search/view/ptr/c8474757-9bc8-44c9-bbd3-cf841006d6fd/,fb7989bc54146ee8963e6bca1c3480350fd3435586bb22ba96e286d1d3154473,senate-efd-electronic,explicit,0
C001035,Susan M Collins,senate,Republican,ME,"SSAP01; SSAP02; SSAP08; SSAP14; SSAP16; SSAP17; SSAP18; SSAP19; SSAP20; SSAP22; SSAP23; SSAP24; SSHR12; Senate Committee on Appropriations; Senate Committee on Health, Education, Labor, and Pensions; Senate Select Committee on Intelligence",True,2014-06-19,2015-07-20,PRE,PartnerRe Ltd. (NYSE),nan,Sale (Full),"$1,001 - $15,000",8000.5,False,Spouse,c8474757-9bc8-44c9-bbd3-cf841006d6fd,https://efdsearch.senate.gov/search/view/ptr/c8474757-9bc8-44c9-bbd3-cf841006d6fd/,b51a718df7721365fd4d8da62e58702b8dc9cde84f1d19ef67a7e348f83e8620,senate-efd-electronic,explicit,0
C001035,Susan M Collins,senate,Republican,ME,"SSAP01; SSAP02; SSAP08; SSAP14; SSAP16; SSAP17; SSAP18; SSAP19; SSAP20; SSAP22; SSAP23; SSAP24; SSHR12; Senate Committee on Appropriations; Senate Committee on Health, Education, Labor, and Pensions; Senate Select Committee on Intelligence",True,2014-06-19,2015-07-20,PRGO,Perrigo Company Public Limited Company (NYSE),nan,Purchase,"$1,001 - $15,000",8000.5,False,Spouse,c8474757-9bc8-44c9-bbd3-cf841006d6fd,https://efdsearch.senate.gov/search/view/ptr/c8474757-9bc8-44c9-bbd3-cf841006d6fd/,3286da84d1906f03e7cbcbeaa7d89d9e35eeefa3f5f52eeac6c29a2d979c9b16,senate-efd-electronic,explicit,0
C001035,Susan M Collins,senate,Republican,ME,"SSAP01; SSAP02; SSAP08; SSAP14; SSAP16; SSAP17; SSAP18; SSAP19; SSAP20; SSAP22; SSAP23; SSAP24; SSHR12; Senate Committee on Appropriations; Senate Committee on Health, Education, Labor, and Pensions; Senate Select Committee on Intelligence",True,2014-06-19,2015-07-20,PNM,"PNM Resources, Inc. (NYSE)",nan,Sale (Full),"$1,001 - $15,000",8000.5,False,Spouse,c8474757-9bc8-44c9-bbd3-cf841006d6fd,https://efdsearch.senate.gov/search/view/ptr/c8474757-9bc8-44c9-bbd3-cf841006d6fd/,1ac3b1a615b5bdb4fa2e116a8e74af5f5d64553e171fcb5133ac3e48ac86d555,senate-efd-electronic,explicit,0
C001035,Susan M Collins,senate,Republican,ME,"SSAP01; SSAP02; SSAP08; SSAP14; SSAP16; SSAP17; SSAP18; SSAP19; SSAP20; SSAP22; SSAP23; SSAP24; SSHR12; Senate Committee on Appropriations; Senate Committee on Health, Education, Labor, and Pensions; Senate Select Committee on Intelligence",True,2014-06-19,2015-07-20,PX,Praxair Inc. (NYSE),nan,Purchase,"$1,001 - $15,000",8000.5,False,Spouse,c8474757-9bc8-44c9-bbd3-cf841006d6fd,https://efdsearch.senate.gov/search/view/ptr/c8474757-9bc8-44c9-bbd3-cf841006d6fd/,fde7d09dd8b8027382f24270f69e07be53657d4e4b848b12259a32b99aa0cc81,senate-efd-electronic,explicit,0
C001035,Susan M Collins,senate,Republican,ME,"SSAP01; SSAP02; SSAP08; SSAP14; SSAP16; SSAP17; SSAP18; SSAP19; SSAP20; SSAP22; SSAP23; SSAP24; SSHR12; Senate Committee on Appropriations; Senate Committee on Health, Education, Labor, and Pensions; Senate Select Committee on Intelligence",True,2014-06-19,2015-07-20,PG,The Procter & Gamble Company (NYSE),nan,Sale (Full),"$1,001 - $15,000",8000.5,False,Spouse,c8474757-9bc8-44c9-bbd3-cf841006d6fd,https://efdsearch.senate.gov/search/view/ptr/c8474757-9bc8-44c9-bbd3-cf841006d6fd/,e1d9a5c5a2f49f0b003c9672bca4de140bb3523cc76373da895bb42310682310,senate-efd-electronic,explicit,0
C001035,Susan M Collins,senate,Republican,ME,"SSAP01; SSAP02; SSAP08; SSAP14; SSAP16; SSAP17; SSAP18; SSAP19; SSAP20; SSAP22; SSAP23; SSAP24; SSHR12; Senate Committee on Appropriations; Senate Committee on Health, Education, Labor, and Pensions; Senate Select Committee on Intelligence",True,2014-06-19,2015-07-20,ROC,"Rockwood Holdings, Inc. (NYSE)",nan,Sale (Full),"$1,001 - $15,000",8000.5,False,Spouse,c8474757-9bc8-44c9-bbd3-cf841006d6fd,https://efdsearch.senate.gov/search/view/ptr/c8474757-9bc8-44c9-bbd3-cf841006d6fd/,93d0b3b3f6580a6b3a75802053f36a74d34c3bc8f6bf392def0816adc92554de,senate-efd-electronic,explicit,0
C001035,Susan M Collins,senate,Republican,ME,"SSAP01; SSAP02; SSAP08; SSAP14; SSAP16; SSAP17; SSAP18; SSAP19; SSAP20; SSAP22; SSAP23; SSAP24; SSHR12; Senate Committee on Appropriations; Senate Committee on Health, Education, Labor, and Pensions; Senate Select Committee on Intelligence",True,2014-06-19,2015-07-20,ROP,Roper Industries Inc. (NYSE),nan,Purchase,"$1,001 - $15,000",8000.5,False,Spouse,c8474757-9bc8-44c9-bbd3-cf841006d6fd,https://efdsearch.senate.gov/search/view/ptr/c8474757-9bc8-44c9-bbd3-cf841006d6fd/,f384f89163a141ef93931936f8dbe6d7a4842436845250931e927c5a40ae2560,senate-efd-electronic,explicit,0
C001035,Susan M Collins,senate,Republican,ME,"SSAP01; SSAP02; SSAP08; SSAP14; SSAP16; SSAP17; SSAP18; SSAP19; SSAP20; SSAP22; SSAP23; SSAP24; SSHR12; Senate Committee on Appropriations; Senate Committee on Health, Education, Labor, and Pensions; Senate Select Committee on Intelligence",True,2014-06-19,2015-07-20,SBGI,"Sinclair Broadcast Group, Inc. (NASDAQ)",nan,Sale (Full),"$1,001 - $15,000",8000.5,False,Spouse,c8474757-9bc8-44c9-bbd3-cf841006d6fd,https://efdsearch.senate.gov/search/view/ptr/c8474757-9bc8-44c9-bbd3-cf841006d6fd/,6aff143c418513f63c0efedae354f0cd721b83b2ae0704600c49786ba67dce04,senate-efd-electronic,explicit,0
C001035,Susan M Collins,senate,Republican,ME,"SSAP01; SSAP02; SSAP08; SSAP14; SSAP16; SSAP17; SSAP18; SSAP19; SSAP20; SSAP22; SSAP23; SSAP24; SSHR12; Senate Committee on Appropriations; Senate Committee on Health, Education, Labor, and Pensions; Senate Select Committee on Intelligence",True,2014-06-19,2015-07-20,SRCL,"Stericycle, Inc. (NASDAQ)",nan,Purchase,"$1,001 - $15,000",8000.5,False,Spouse,c8474757-9bc8-44c9-bbd3-cf841006d6fd,https://efdsearch.senate.gov/search/view/ptr/c8474757-9bc8-44c9-bbd3-cf841006d6fd/,56affc256229957b038b36688dd6dd7ed19fd76fcf37f29e3285c43e1d8c37a4,senate-efd-electronic,explicit,0
C001035,Susan M Collins,senate,Republican,ME,"SSAP01; SSAP02; SSAP08; SSAP14; SSAP16; SSAP17; SSAP18; SSAP19; SSAP20; SSAP22; SSAP23; SSAP24; SSHR12; Senate Committee on Appropriations; Senate Committee on Health, Education, Labor, and Pensions; Senate Select Committee on Intelligence",True,2014-06-19,2015-07-20,TCAP,Triangle Capital Corporation (NYSE),Stock,Sale (Full),"$1,001 - $15,000",8000.5,False,Spouse,c8474757-9bc8-44c9-bbd3-cf841006d6fd,https://efdsearch.senate.gov/search/view/ptr/c8474757-9bc8-44c9-bbd3-cf841006d6fd/,78b83204a77d843b92a1d66523b88cd6dfd0406b9c74857c921620d54dc1a5f5,senate-efd-electronic,explicit,0
C001035,Susan M Collins,senate,Republican,ME,"SSAP01; SSAP02; SSAP08; SSAP14; SSAP16; SSAP17; SSAP18; SSAP19; SSAP20; SSAP22; SSAP23; SSAP24; SSHR12; Senate Committee on Appropriations; Senate Committee on Health, Education, Labor, and Pensions; Senate Select Committee on Intelligence",True,2014-06-19,2015-07-20,UPS,"United Parcel Service, Inc. (NYSE)",nan,Sale (Full),"$1,001 - $15,000",8000.5,False,Spouse,c8474757-9bc8-44c9-bbd3-cf841006d6fd,https://efdsearch.senate.gov/search/view/ptr/c8474757-9bc8-44c9-bbd3-cf841006d6fd/,737c22f7454756403a99209032a98cad74fdec0ce02c7a49215def338ef73679,senate-efd-electronic,explicit,0
C001035,Susan M Collins,senate,Republican,ME,"SSAP01; SSAP02; SSAP08; SSAP14; SSAP16; SSAP17; SSAP18; SSAP19; SSAP20; SSAP22; SSAP23; SSAP24; SSHR12; Senate Committee on Appropriations; Senate Committee on Health, Education, Labor, and Pensions; Senate Select Committee on Intelligence",True,2014-06-19,2015-07-20,OXY,Occidental Petroleum Corporation (NYSE),nan,Sale (Full),"$1,001 - $15,000",8000.5,False,Spouse,c8474757-9bc8-44c9-bbd3-cf841006d6fd,https://efdsearch.senate.gov/search/view/ptr/c8474757-9bc8-44c9-bbd3-cf841006d6fd/,2b3465b7753770fa918388ba7efb3d97b18d962b61012d6c938d7e57233eda57,senate-efd-electronic,explicit,0
C001035,Susan M Collins,senate,Republican,ME,"SSAP01; SSAP02; SSAP08; SSAP14; SSAP16; SSAP17; SSAP18; SSAP19; SSAP20; SSAP22; SSAP23; SSAP24; SSHR12; Senate Committee on Appropriations; Senate Committee on Health, Education, Labor, and Pensions; Senate Select Committee on Intelligence",True,2014-06-19,2015-07-20,WMT,Wal-Mart Stores Inc. (NYSE),nan,Sale (Full),"$1,001 - $15,000",8000.5,False,Spouse,c8474757-9bc8-44c9-bbd3-cf841006d6fd,https://efdsearch.senate.gov/search/view/ptr/c8474757-9bc8-44c9-bbd3-cf841006d6fd/,7cf03b2293243a80e123c61ba8364736cf9ba94ed99eabeab8592c1c07b7c3b9,senate-efd-electronic,explicit,0
C001035,Susan M Collins,senate,Republican,ME,"SSAP01; SSAP02; SSAP08; SSAP14; SSAP16; SSAP17; SSAP18; SSAP19; SSAP20; SSAP22; SSAP23; SSAP24; SSHR12; Senate Committee on Appropriations; Senate Committee on Health, Education, Labor, and Pensions; Senate Select Committee on Intelligence",True,2014-06-19,2015-07-20,WCN,Waste Connections Inc. (NYSE),nan,Purchase,"$1,001 - $15,000",8000.5,False,Spouse,c8474757-9bc8-44c9-bbd3-cf841006d6fd,https://efdsearch.senate.gov/search/view/ptr/c8474757-9bc8-44c9-bbd3-cf841006d6fd/,43c3b33ddb997d4d05e1518b7703b29a811658abcae04691315229e67e717088,senate-efd-electronic,explicit,0
C001035,Susan M Collins,senate,Republican,ME,"SSAP01; SSAP02; SSAP08; SSAP14; SSAP16; SSAP17; SSAP18; SSAP19; SSAP20; SSAP22; SSAP23; SSAP24; SSHR12; Senate Committee on Appropriations; Senate Committee on Health, Education, Labor, and Pensions; Senate Select Committee on Intelligence",True,2014-06-19,2015-07-20,WY,Weyerhaeuser Co. (NYSE),nan,Sale (Full),"$1,001 - $15,000",8000.5,False,Spouse,c8474757-9bc8-44c9-bbd3-cf841006d6fd,https://efdsearch.senate.gov/search/view/ptr/c8474757-9bc8-44c9-bbd3-cf841006d6fd/,f8261d040547094be66d8c715b5d94909399cecf751c0e948418f3f0e110f4de,senate-efd-electronic,explicit,0
C001035,Susan M Collins,senate,Republican,ME,"SSAP01; SSAP02; SSAP08; SSAP14; SSAP16; SSAP17; SSAP18; SSAP19; SSAP20; SSAP22; SSAP23; SSAP24; SSHR12; Senate Committee on Appropriations; Senate Committee on Health, Education, Labor, and Pensions; Senate Select Committee on Intelligence",True,2014-06-19,2015-07-20,LMGEX,Legg Mason Batterymarch Intl Eq C (NASDAQ),nan,Sale (Full),"$15,001 - $50,000",32500.5,False,Spouse,c8474757-9bc8-44c9-bbd3-cf841006d6fd,https://efdsearch.senate.gov/search/view/ptr/c8474757-9bc8-44c9-bbd3-cf841006d6fd/,24728240ee80e78ffd2ae9264e62319fae997c5bff9e0b3d9022dca2f05ef548,senate-efd-electronic,explicit,0
C001035,Susan M Collins,senate,Republican,ME,"SSAP01; SSAP02; SSAP08; SSAP14; SSAP16; SSAP17; SSAP18; SSAP19; SSAP20; SSAP22; SSAP23; SSAP24; SSHR12; Senate Committee on Appropriations; Senate Committee on Health, Education, Labor, and Pensions; Senate Select Committee on Intelligence",True,2014-07-23,2015-07-20,PPG,PPG Industries Inc. (NYSE),nan,Sale (Full),"$1,001 - $15,000",8000.5,False,Spouse,9f9dbfa0-c403-4c71-b9ae-90225aed470f,https://efdsearch.senate.gov/search/view/ptr/9f9dbfa0-c403-4c71-b9ae-90225aed470f/,7c38790c65c34153294fcf98f673bcdb27910ce42d184710441a95d2cc9eb1cb,senate-efd-electronic,explicit,0
C001035,Susan M Collins,senate,Republican,ME,"SSAP01; SSAP02; SSAP08; SSAP14; SSAP16; SSAP17; SSAP18; SSAP19; SSAP20; SSAP22; SSAP23; SSAP24; SSHR12; Senate Committee on Appropriations; Senate Committee on Health, Education, Labor, and Pensions; Senate Select Committee on Intelligence",True,2014-07-23,2015-07-20,PGH,Pengrowth Energy Corporation (NYSE),nan,Sale (Full),"$1,001 - $15,000",8000.5,False,Spouse,9f9dbfa0-c403-4c71-b9ae-90225aed470f,https://efdsearch.senate.gov/search/view/ptr/9f9dbfa0-c403-4c71-b9ae-90225aed470f/,3ed0dc48bb39fb688f679d3a137d99162aa0a25f7757e4d0e1420df761f7585c,senate-efd-electronic,explicit,0
C001035,Susan M Collins,senate,Republican,ME,"SSAP01; SSAP02; SSAP08; SSAP14; SSAP16; SSAP17; SSAP18; SSAP19; SSAP20; SSAP22; SSAP23; SSAP24; SSHR12; Senate Committee on Appropriations; Senate Committee on Health, Education, Labor, and Pensions; Senate Select Committee on Intelligence",True,2014-07-23,2015-07-20,MCK,McKesson Corporation (NYSE),nan,Sale (Full),"$1,001 - $15,000",8000.5,False,Spouse,9f9dbfa0-c403-4c71-b9ae-90225aed470f,https://efdsearch.senate.gov/search/view/ptr/9f9dbfa0-c403-4c71-b9ae-90225aed470f/,3498bdcc7cf007b8648c7de7a3676970594dffa1a70ff7f9b5cf090ad35fed4d,senate-efd-electronic,explicit,0
C001035,Susan M Collins,senate,Republican,ME,"SSAP01; SSAP02; SSAP08; SSAP14; SSAP16; SSAP17; SSAP18; SSAP19; SSAP20; SSAP22; SSAP23; SSAP24; SSHR12; Senate Committee on Appropriations; Senate Committee on Health, Education, Labor, and Pensions; Senate Select Committee on Intelligence",True,2014-07-23,2015-07-20,NSRGY,Nestl (OTC Markets),nan,Purchase,"$1,001 - $15,000",8000.5,False,Spouse,9f9dbfa0-c403-4c71-b9ae-90225aed470f,https://efdsearch.senate.gov/search/view/ptr/9f9dbfa0-c403-4c71-b9ae-90225aed470f/,ac6406fc2a7c2acaf48333f9fed2131e75bd45d3c2d844da9acec4176b9216c9,senate-efd-electronic,explicit,0
C001035,Susan M Collins,senate,Republican,ME,"SSAP01; SSAP02; SSAP08; SSAP14; SSAP16; SSAP17; SSAP18; SSAP19; SSAP20; SSAP22; SSAP23; SSAP24; SSHR12; Senate Committee on Appropriations; Senate Committee on Health, Education, Labor, and Pensions; Senate Select Committee on Intelligence",True,2014-07-23,2015-07-20,LECO,Lincoln Electric Holdings Inc. (NASDAQ),nan,Sale (Full),"$1,001 - $15,000",8000.5,False,Spouse,9f9dbfa0-c403-4c71-b9ae-90225aed470f,https://efdsearch.senate.gov/search/view/ptr/9f9dbfa0-c403-4c71-b9ae-90225aed470f/,9d8dc16d0ccda3cd91f79e02d38c93e9b4f4a84741fd91598e74a3a1ef94f51a,senate-efd-electronic,explicit,0
C001035,Susan M Collins,senate,Republican,ME,"SSAP01; SSAP02; SSAP08; SSAP14; SSAP16; SSAP17; SSAP18; SSAP19; SSAP20; SSAP22; SSAP23; SSAP24; SSHR12; Senate Committee on Appropriations; Senate Committee on Health, Education, Labor, and Pensions; Senate Select Committee on Intelligence",True,2014-07-23,2015-07-20,MMC,"Marsh & McLennan Companies, Inc. (NYSE)",nan,Sale (Full),"$1,001 - $15,000",8000.5,False,Spouse,9f9dbfa0-c403-4c71-b9ae-90225aed470f,https://efdsearch.senate.gov/search/view/ptr/9f9dbfa0-c403-4c71-b9ae-90225aed470f/,46342e95047fd2a73710489cd174c456b62c3524fa8347dd39ca291e7ac67d91,senate-efd-electronic,explicit,0
C001035,Susan M Collins,senate,Republican,ME,"SSAP01; SSAP02; SSAP08; SSAP14; SSAP16; SSAP17; SSAP18; SSAP19; SSAP20; SSAP22; SSAP23; SSAP24; SSHR12; Senate Committee on Appropriations; Senate Committee on Health, Education, Labor, and Pensions; Senate Select Committee on Intelligence",True,2014-07-23,2015-07-20,HUN,Huntsman Corporation (NYSE),nan,Sale (Full),"$1,001 - $15,000",8000.5,False,Spouse,9f9dbfa0-c403-4c71-b9ae-90225aed470f,https://efdsearch.senate.gov/search/view/ptr/9f9dbfa0-c403-4c71-b9ae-90225aed470f/,3eb5cde5551c11c298831cf7a2c418766ffedf20467e8a8cb74b9bff6b4103d0,senate-efd-electronic,explicit,0
C001035,Susan M Collins,senate,Republican,ME,"SSAP01; SSAP02; SSAP08; SSAP14; SSAP16; SSAP17; SSAP18; SSAP19; SSAP20; SSAP22; SSAP23; SSAP24; SSHR12; Senate Committee on Appropriations; Senate Committee on Health, Education, Labor, and Pensions; Senate Select Committee on Intelligence",True,2014-07-23,2015-07-20,JNJ,Johnson & Johnson (NYSE),nan,Purchase,"$1,001 - $15,000",8000.5,False,Spouse,9f9dbfa0-c403-4c71-b9ae-90225aed470f,https://efdsearch.senate.gov/search/view/ptr/9f9dbfa0-c403-4c71-b9ae-90225aed470f/,25ea2d35fa6d44cf82ce81c83deead12095149dd1c25e3c880e4e4c64cb2bb24,senate-efd-electronic,explicit,0
C001035,Susan M Collins,senate,Republican,ME,"SSAP01; SSAP02; SSAP08; SSAP14; SSAP16; SSAP17; SSAP18; SSAP19; SSAP20; SSAP22; SSAP23; SSAP24; SSHR12; Senate Committee on Appropriations; Senate Committee on Health, Education, Labor, and Pensions; Senate Select Committee on Intelligence",True,2014-07-23,2015-07-20,HTGC,"Hercules Technology Growth Capital, Inc. (NYSE)",nan,Sale (Full),"$1,001 - $15,000",8000.5,False,Spouse,9f9dbfa0-c403-4c71-b9ae-90225aed470f,https://efdsearch.senate.gov/search/view/ptr/9f9dbfa0-c403-4c71-b9ae-90225aed470f/,711f69fb742d329a880f98dc046c8550928bbd69508abedb21d19bfd633c262f,senate-efd-electronic,explicit,0
C001035,Susan M Collins,senate,Republican,ME,"SSAP01; SSAP02; SSAP08; SSAP14; SSAP16; SSAP17; SSAP18; SSAP19; SSAP20; SSAP22; SSAP23; SSAP24; SSHR12; Senate Committee on Appropriations; Senate Committee on Health, Education, Labor, and Pensions; Senate Select Committee on Intelligence",True,2014-07-23,2015-07-20,HUB-B,Hubbell Inc. (NYSE),nan,Sale (Full),"$1,001 - $15,000",8000.5,False,Spouse,9f9dbfa0-c403-4c71-b9ae-90225aed470f,https://efdsearch.senate.gov/search/view/ptr/9f9dbfa0-c403-4c71-b9ae-90225aed470f/,3a624d2392e920e4d394793dc14b28406f95f262ecc4af3dcda499e6ffe3ad85,senate-efd-electronic,explicit,0
C001035,Susan M Collins,senate,Republican,ME,"SSAP01; SSAP02; SSAP08; SSAP14; SSAP16; SSAP17; SSAP18; SSAP19; SSAP20; SSAP22; SSAP23; SSAP24; SSHR12; Senate Committee on Appropriations; Senate Committee on Health, Education, Labor, and Pensions; Senate Select Committee on Intelligence",True,2014-07-23,2015-07-20,HCC,HCC Insurance Holdings Inc. (NYSE),nan,Sale (Full),"$1,001 - $15,000",8000.5,False,Spouse,9f9dbfa0-c403-4c71-b9ae-90225aed470f,https://efdsearch.senate.gov/search/view/ptr/9f9dbfa0-c403-4c71-b9ae-90225aed470f/,df03afb43e2119f18d3704b4cedf599923a47602d7d08b2850438ebf5aa73819,senate-efd-electronic,explicit,0
C001035,Susan M Collins,senate,Republican,ME,"SSAP01; SSAP02; SSAP08; SSAP14; SSAP16; SSAP17; SSAP18; SSAP19; SSAP20; SSAP22; SSAP23; SSAP24; SSHR12; Senate Committee on Appropriations; Senate Committee on Health, Education, Labor, and Pensions; Senate Select Committee on Intelligence",True,2014-07-23,2015-07-20,HRS,Harris Corporation (NYSE),nan,Sale (Full),"$1,001 - $15,000",8000.5,False,Spouse,9f9dbfa0-c403-4c71-b9ae-90225aed470f,https://efdsearch.senate.gov/search/view/ptr/9f9dbfa0-c403-4c71-b9ae-90225aed470f/,5f2354a8eec17516aeea0b825aac78564d06c0245d327389c8b619fa4d2d7cce,senate-efd-electronic,explicit,0
C001035,Susan M Collins,senate,Republican,ME,"SSAP01; SSAP02; SSAP08; SSAP14; SSAP16; SSAP17; SSAP18; SSAP19; SSAP20; SSAP22; SSAP23; SSAP24; SSHR12; Senate Committee on Appropriations; Senate Committee on Health, Education, Labor, and Pensions; Senate Select Committee on Intelligence",True,2014-07-23,2015-07-20,GRMN,Garmin Ltd. (NASDAQ),nan,Sale (Full),"$1,001 - $15,000",8000.5,False,Spouse,9f9dbfa0-c403-4c71-b9ae-90225aed470f,https://efdsearch.senate.gov/search/view/ptr/9f9dbfa0-c403-4c71-b9ae-90225aed470f/,4dee13d527fee7003d3ff5dec5fdb1e8eb2108c0ec391be9c05a76e21e6b1f8e,senate-efd-electronic,explicit,0
C001035,Susan M Collins,senate,Republican,ME,"SSAP01; SSAP02; SSAP08; SSAP14; SSAP16; SSAP17; SSAP18; SSAP19; SSAP20; SSAP22; SSAP23; SSAP24; SSHR12; Senate Committee on Appropriations; Senate Committee on Health, Education, Labor, and Pensions; Senate Select Committee on Intelligence",True,2014-07-23,2015-07-20,GE,General Electric Company (NYSE),nan,Sale (Full),"$1,001 - $15,000",8000.5,False,Spouse,9f9dbfa0-c403-4c71-b9ae-90225aed470f,https://efdsearch.senate.gov/search/view/ptr/9f9dbfa0-c403-4c71-b9ae-90225aed470f/,b8ab8baf151663cf5ae9f7b9738ed754111ec9c6184473f8921578aab2ce229e,senate-efd-electronic,explicit,0
C001035,Susan M Collins,senate,Republican,ME,"SSAP01; SSAP02; SSAP08; SSAP14; SSAP16; SSAP17; SSAP18; SSAP19; SSAP20; SSAP22; SSAP23; SSAP24; SSHR12; Senate Committee on Appropriations; Senate Committee on Health, Education, Labor, and Pensions; Senate Select Committee on Intelligence",True,2014-07-23,2015-07-20,ENLC,"EnLink Midstream, LLC (NYSE)",Stock,Sale (Full),"$1,001 - $15,000",8000.5,False,Spouse,9f9dbfa0-c403-4c71-b9ae-90225aed470f,https://efdsearch.senate.gov/search/view/ptr/9f9dbfa0-c403-4c71-b9ae-90225aed470f/,1c0d483947e56288ff4a88960248bfb2ab7b8e2bc31ed40dd2cc014eb8914222,senate-efd-electronic,explicit,0
C001035,Susan M Collins,senate,Republican,ME,"SSAP01; SSAP02; SSAP08; SSAP14; SSAP16; SSAP17; SSAP18; SSAP19; SSAP20; SSAP22; SSAP23; SSAP24; SSHR12; Senate Committee on Appropriations; Senate Committee on Health, Education, Labor, and Pensions; Senate Select Committee on Intelligence",True,2014-07-23,2015-07-20,EPR,EPR Properties (NYSE),nan,Sale (Full),"$1,001 - $15,000",8000.5,False,Spouse,9f9dbfa0-c403-4c71-b9ae-90225aed470f,https://efdsearch.senate.gov/search/view/ptr/9f9dbfa0-c403-4c71-b9ae-90225aed470f/,6e8fa85f6a061555985dc8f766b81d15486db06d563fd63b720f0534e270b422,senate-efd-electronic,explicit,0
C001035,Susan M Collins,senate,Republican,ME,"SSAP01; SSAP02; SSAP08; SSAP14; SSAP16; SSAP17; SSAP18; SSAP19; SSAP20; SSAP22; SSAP23; SSAP24; SSHR12; Senate Committee on Appropriations; Senate Committee on Health, Education, Labor, and Pensions; Senate Select Committee on Intelligence",True,2014-07-23,2015-07-20,EMC,EMC Corporation (NYSE),nan,Purchase,"$1,001 - $15,000",8000.5,False,Spouse,9f9dbfa0-c403-4c71-b9ae-90225aed470f,https://efdsearch.senate.gov/search/view/ptr/9f9dbfa0-c403-4c71-b9ae-90225aed470f/,80a744e485373e4cb40db3ef606a253e1fdd4b6585d12172e520cfa6a5ed2b5c,senate-efd-electronic,explicit,0
C001035,Susan M Collins,senate,Republican,ME,"SSAP01; SSAP02; SSAP08; SSAP14; SSAP16; SSAP17; SSAP18; SSAP19; SSAP20; SSAP22; SSAP23; SSAP24; SSHR12; Senate Committee on Appropriations; Senate Committee on Health, Education, Labor, and Pensions; Senate Select Committee on Intelligence",True,2014-07-23,2015-07-20,CME,CME Group Inc. (NASDAQ),nan,Purchase,"$1,001 - $15,000",8000.5,False,Spouse,9f9dbfa0-c403-4c71-b9ae-90225aed470f,https://efdsearch.senate.gov/search/view/ptr/9f9dbfa0-c403-4c71-b9ae-90225aed470f/,ed89e2889b3bccd4b56c6e7da83d6160ec78dfaf2ea2e683952a789c49f8e7d2,senate-efd-electronic,explicit,0
C001035,Susan M Collins,senate,Republican,ME,"SSAP01; SSAP02; SSAP08; SSAP14; SSAP16; SSAP17; SSAP18; SSAP19; SSAP20; SSAP22; SSAP23; SSAP24; SSHR12; Senate Committee on Appropriations; Senate Committee on Health, Education, Labor, and Pensions; Senate Select Committee on Intelligence",True,2014-07-23,2015-07-20,DAL,Delta Air Lines Inc. (NYSE),nan,Sale (Full),"$1,001 - $15,000",8000.5,False,Spouse,9f9dbfa0-c403-4c71-b9ae-90225aed470f,https://efdsearch.senate.gov/search/view/ptr/9f9dbfa0-c403-4c71-b9ae-90225aed470f/,963f88cecc107cfecd504cbc927fb427f5fcc5adbf4ca4bbd5d8799dbb0b2349,senate-efd-electronic,explicit,0
C001035,Susan M Collins,senate,Republican,ME,"SSAP01; SSAP02; SSAP08; SSAP14; SSAP16; SSAP17; SSAP18; SSAP19; SSAP20; SSAP22; SSAP23; SSAP24; SSHR12; Senate Committee on Appropriations; Senate Committee on Health, Education, Labor, and Pensions; Senate Select Committee on Intelligence",True,2014-07-23,2015-07-20,BMR,BioMed Realty Trust Inc. (NYSE),nan,Sale (Full),"$1,001 - $15,000",8000.5,False,Spouse,9f9dbfa0-c403-4c71-b9ae-90225aed470f,https://efdsearch.senate.gov/search/view/ptr/9f9dbfa0-c403-4c71-b9ae-90225aed470f/,38b46cd679d92039b980168cd87fbe148fe41d7cdbcb1d42eaf8436a5cca158b,senate-efd-electronic,explicit,0
C001035,Susan M Collins,senate,Republican,ME,"SSAP01; SSAP02; SSAP08; SSAP14; SSAP16; SSAP17; SSAP18; SSAP19; SSAP20; SSAP22; SSAP23; SSAP24; SSHR12; Senate Committee on Appropriations; Senate Committee on Health, Education, Labor, and Pensions; Senate Select Committee on Intelligence",True,2014-07-23,2015-07-20,BWA,BorgWarner Inc. (NYSE),nan,Purchase,"$1,001 - $15,000",8000.5,False,Spouse,9f9dbfa0-c403-4c71-b9ae-90225aed470f,https://efdsearch.senate.gov/search/view/ptr/9f9dbfa0-c403-4c71-b9ae-90225aed470f/,4050d7c26cc1a5f737cb18344b5bbc74e76786a485e853e17f07851f4aef5332,senate-efd-electronic,explicit,0
C001035,Susan M Collins,senate,Republican,ME,"SSAP01; SSAP02; SSAP08; SSAP14; SSAP16; SSAP17; SSAP18; SSAP19; SSAP20; SSAP22; SSAP23; SSAP24; SSHR12; Senate Committee on Appropriations; Senate Committee on Health, Education, Labor, and Pensions; Senate Select Committee on Intelligence",True,2014-07-23,2015-07-20,BTE,Baytex Energy Corp. (NYSE),nan,Sale (Full),"$1,001 - $15,000",8000.5,False,Spouse,9f9dbfa0-c403-4c71-b9ae-90225aed470f,https://efdsearch.senate.gov/search/view/ptr/9f9dbfa0-c403-4c71-b9ae-90225aed470f/,500910a6bf47faa3e28e0f9db821008e0a348bde6f304eb42e1c2ff46603b0ef,senate-efd-electronic,explicit,0
C001035,Susan M Collins,senate,Republican,ME,"SSAP01; SSAP02; SSAP08; SSAP14; SSAP16; SSAP17; SSAP18; SSAP19; SSAP20; SSAP22; SSAP23; SSAP24; SSHR12; Senate Committee on Appropriations; Senate Committee on Health, Education, Labor, and Pensions; Senate Select Committee on Intelligence",True,2014-07-23,2015-07-20,BIIB,Biogen Idec Inc. (NASDAQ),nan,Sale (Full),"$1,001 - $15,000",8000.5,False,Spouse,9f9dbfa0-c403-4c71-b9ae-90225aed470f,https://efdsearch.senate.gov/search/view/ptr/9f9dbfa0-c403-4c71-b9ae-90225aed470f/,fb47cc71b6ac4498b3f08183aedad4675f7fb6b9cf9b4a0b7d7e922260188903,senate-efd-electronic,explicit,0
C001035,Susan M Collins,senate,Republican,ME,"SSAP01; SSAP02; SSAP08; SSAP14; SSAP16; SSAP17; SSAP18; SSAP19; SSAP20; SSAP22; SSAP23; SSAP24; SSHR12; Senate Committee on Appropriations; Senate Committee on Health, Education, Labor, and Pensions; Senate Select Committee on Intelligence",True,2014-07-23,2015-07-20,AMT,American Tower Corporation (NYSE),nan,Purchase,"$1,001 - $15,000",8000.5,False,Spouse,9f9dbfa0-c403-4c71-b9ae-90225aed470f,https://efdsearch.senate.gov/search/view/ptr/9f9dbfa0-c403-4c71-b9ae-90225aed470f/,8e631c11d7a0ed1d5d5178e7609ad0e928c182a284d69fdec3765bddd9715a92,senate-efd-electronic,explicit,0
C001035,Susan M Collins,senate,Republican,ME,"SSAP01; SSAP02; SSAP08; SSAP14; SSAP16; SSAP17; SSAP18; SSAP19; SSAP20; SSAP22; SSAP23; SSAP24; SSHR12; Senate Committee on Appropriations; Senate Committee on Health, Education, Labor, and Pensions; Senate Select Committee on Intelligence",True,2014-07-23,2015-07-20,BUD,Anheuser-Busch InBev SA/NV (NYSE),Stock,Sale (Full),"$1,001 - $15,000",8000.5,False,Spouse,9f9dbfa0-c403-4c71-b9ae-90225aed470f,https://efdsearch.senate.gov/search/view/ptr/9f9dbfa0-c403-4c71-b9ae-90225aed470f/,b9bb63c6698c475a2d3de89f39406e68d8182b75cc0de8e34159ee57306f0faa,senate-efd-electronic,explicit,0
C001035,Susan M Collins,senate,Republican,ME,"SSAP01; SSAP02; SSAP08; SSAP14; SSAP16; SSAP17; SSAP18; SSAP19; SSAP20; SSAP22; SSAP23; SSAP24; SSHR12; Senate Committee on Appropriations; Senate Committee on Health, Education, Labor, and Pensions; Senate Select Committee on Intelligence",True,2014-07-23,2015-07-20,ARE,"Alexandria Real Estate Equities, Inc. (NYSE)",nan,Sale (Full),"$1,001 - $15,000",8000.5,False,Spouse,9f9dbfa0-c403-4c71-b9ae-90225aed470f,https://efdsearch.senate.gov/search/view/ptr/9f9dbfa0-c403-4c71-b9ae-90225aed470f/,bc15849b2d9bf849e7027881ae20faf6a4095ef0030f10845e9887ef811d3094,senate-efd-electronic,explicit,0
C001035,Susan M Collins,senate,Republican,ME,"SSAP01; SSAP02; SSAP08; SSAP14; SSAP16; SSAP17; SSAP18; SSAP19; SSAP20; SSAP22; SSAP23; SSAP24; SSHR12; Senate Committee on Appropriations; Senate Committee on Health, Education, Labor, and Pensions; Senate Select Committee on Intelligence",True,2014-07-23,2015-07-20,LNT,Alliant Energy Corporation (NYSE),nan,Sale (Full),"$1,001 - $15,000",8000.5,False,Spouse,9f9dbfa0-c403-4c71-b9ae-90225aed470f,https://efdsearch.senate.gov/search/view/ptr/9f9dbfa0-c403-4c71-b9ae-90225aed470f/,672bf13dbb7692539567edcad535bef5ef23dc2079b3529a6dfc648b80921c8b,senate-efd-electronic,explicit,0
C001035,Susan M Collins,senate,Republican,ME,"SSAP01; SSAP02; SSAP08; SSAP14; SSAP16; SSAP17; SSAP18; SSAP19; SSAP20; SSAP22; SSAP23; SSAP24; SSHR12; Senate Committee on Appropriations; Senate Committee on Health, Education, Labor, and Pensions; Senate Select Committee on Intelligence",True,2014-07-23,2015-07-20,OGS,"ONE Gas, Inc. Common Stock (NYSE)",Stock,Sale (Full),"$1,001 - $15,000",8000.5,False,Spouse,9f9dbfa0-c403-4c71-b9ae-90225aed470f,https://efdsearch.senate.gov/search/view/ptr/9f9dbfa0-c403-4c71-b9ae-90225aed470f/,a2e3ee9586f4688f93cc2bca63b93fdfbe63d6bd8424a97c298191c3364001c3,senate-efd-electronic,explicit,0
C001035,Susan M Collins,senate,Republican,ME,"SSAP01; SSAP02; SSAP08; SSAP14; SSAP16; SSAP17; SSAP18; SSAP19; SSAP20; SSAP22; SSAP23; SSAP24; SSHR12; Senate Committee on Appropriations; Senate Committee on Health, Education, Labor, and Pensions; Senate Select Committee on Intelligence",True,2014-07-23,2015-07-20,ECL,Ecolab Inc. (NYSE),nan,Purchase,"$15,001 - $50,000",32500.5,False,Spouse,9f9dbfa0-c403-4c71-b9ae-90225aed470f,https://efdsearch.senate.gov/search/view/ptr/9f9dbfa0-c403-4c71-b9ae-90225aed470f/,6e342eaef158def15e9fd3bc39732313161dac180c8047bb3e6a174b4b516f8c,senate-efd-electronic,explicit,0
C001035,Susan M Collins,senate,Republican,ME,"SSAP01; SSAP02; SSAP08; SSAP14; SSAP16; SSAP17; SSAP18; SSAP19; SSAP20; SSAP22; SSAP23; SSAP24; SSHR12; Senate Committee on Appropriations; Senate Committee on Health, Education, Labor, and Pensions; Senate Select Committee on Intelligence",True,2014-07-23,2015-07-20,PKG,Packaging Corporation of America (NYSE),nan,Sale (Full),"$1,001 - $15,000",8000.5,False,Spouse,9f9dbfa0-c403-4c71-b9ae-90225aed470f,https://efdsearch.senate.gov/search/view/ptr/9f9dbfa0-c403-4c71-b9ae-90225aed470f/,60a98b4c8b673985d90bb29c74f79c16e3a9bd1c4f6da26972d271c0aa9b5416,senate-efd-electronic,explicit,0
C001035,Susan M Collins,senate,Republican,ME,"SSAP01; SSAP02; SSAP08; SSAP14; SSAP16; SSAP17; SSAP18; SSAP19; SSAP20; SSAP22; SSAP23; SSAP24; SSHR12; Senate Committee on Appropriations; Senate Committee on Health, Education, Labor, and Pensions; Senate Select Committee on Intelligence",True,2014-07-23,2015-07-20,PSX,Phillips 66 (NYSE),nan,Purchase,"$1,001 - $15,000",8000.5,False,Spouse,9f9dbfa0-c403-4c71-b9ae-90225aed470f,https://efdsearch.senate.gov/search/view/ptr/9f9dbfa0-c403-4c71-b9ae-90225aed470f/,1b2ccd8948892a3aedbc453011df4a15093eec5e707b391af61e5a06e50001ab,senate-efd-electronic,explicit,0
C001035,Susan M Collins,senate,Republican,ME,"SSAP01; SSAP02; SSAP08; SSAP14; SSAP16; SSAP17; SSAP18; SSAP19; SSAP20; SSAP22; SSAP23; SSAP24; SSHR12; Senate Committee on Appropriations; Senate Committee on Health, Education, Labor, and Pensions; Senate Select Committee on Intelligence",True,2014-07-23,2015-07-20,WEC,Wisconsin Energy Corp. (NYSE),nan,Sale (Full),"$1,001 - $15,000",8000.5,False,Spouse,9f9dbfa0-c403-4c71-b9ae-90225aed470f,https://efdsearch.senate.gov/search/view/ptr/9f9dbfa0-c403-4c71-b9ae-90225aed470f/,f534f993e2fa5c09d256bda994af14434045bc178d39f1414d535ce4deb928fc,senate-efd-electronic,explicit,0
C001035,Susan M Collins,senate,Republican,ME,"SSAP01; SSAP02; SSAP08; SSAP14; SSAP16; SSAP17; SSAP18; SSAP19; SSAP20; SSAP22; SSAP23; SSAP24; SSHR12; Senate Committee on Appropriations; Senate Committee on Health, Education, Labor, and Pensions; Senate Select Committee on Intelligence",True,2014-07-23,2015-07-20,MLPRX,Oppenheimer SteelPath MLP Income C (NASDAQ),nan,Sale (Full),"$15,001 - $50,000",32500.5,False,Spouse,9f9dbfa0-c403-4c71-b9ae-90225aed470f,https://efdsearch.senate.gov/search/view/ptr/9f9dbfa0-c403-4c71-b9ae-90225aed470f/,10ef1ef13365bf116b4ea4fdb8aadc8e03831694d924d2bd3595bf26a4a3e222,senate-efd-electronic,explicit,0
C001035,Susan M Collins,senate,Republican,ME,"SSAP01; SSAP02; SSAP08; SSAP14; SSAP16; SSAP17; SSAP18; SSAP19; SSAP20; SSAP22; SSAP23; SSAP24; SSHR12; Senate Committee on Appropriations; Senate Committee on Health, Education, Labor, and Pensions; Senate Select Committee on Intelligence",True,2014-07-23,2015-07-20,TRV,"The Travelers Companies, Inc. (NYSE)",nan,Sale (Full),"$1,001 - $15,000",8000.5,False,Spouse,9f9dbfa0-c403-4c71-b9ae-90225aed470f,https://efdsearch.senate.gov/search/view/ptr/9f9dbfa0-c403-4c71-b9ae-90225aed470f/,a32c4a0bc3431085d62af884820e4ffb3eed5d477c752af81c105ba92f3ef5cf,senate-efd-electronic,explicit,0
C001035,Susan M Collins,senate,Republican,ME,"SSAP01; SSAP02; SSAP08; SSAP14; SSAP16; SSAP17; SSAP18; SSAP19; SSAP20; SSAP22; SSAP23; SSAP24; SSHR12; Senate Committee on Appropriations; Senate Committee on Health, Education, Labor, and Pensions; Senate Select Committee on Intelligence",True,2014-07-23,2015-07-20,WASH,Washington Trust Bancorp Inc. (NASDAQ),nan,Sale (Full),"$1,001 - $15,000",8000.5,False,Spouse,9f9dbfa0-c403-4c71-b9ae-90225aed470f,https://efdsearch.senate.gov/search/view/ptr/9f9dbfa0-c403-4c71-b9ae-90225aed470f/,d0744755c3b83f174a5ab9f21c958a6c585b3015b4c88f9d539b544f7ca59866,senate-efd-electronic,explicit,0
C001035,Susan M Collins,senate,Republican,ME,"SSAP01; SSAP02; SSAP08; SSAP14; SSAP16; SSAP17; SSAP18; SSAP19; SSAP20; SSAP22; SSAP23; SSAP24; SSHR12; Senate Committee on Appropriations; Senate Committee on Health, Education, Labor, and Pensions; Senate Select Committee on Intelligence",True,2014-07-23,2015-07-20,SNA,Snap-on Incorporated (NYSE),nan,Purchase,"$1,001 - $15,000",8000.5,False,Spouse,9f9dbfa0-c403-4c71-b9ae-90225aed470f,https://efdsearch.senate.gov/search/view/ptr/9f9dbfa0-c403-4c71-b9ae-90225aed470f/,ea01fef744ed8a4676662bc0e3e3f98da67311b32932e0952ac53e52c5a9917c,senate-efd-electronic,explicit,0
C001035,Susan M Collins,senate,Republican,ME,"SSAP01; SSAP02; SSAP08; SSAP14; SSAP16; SSAP17; SSAP18; SSAP19; SSAP20; SSAP22; SSAP23; SSAP24; SSHR12; Senate Committee on Appropriations; Senate Committee on Health, Education, Labor, and Pensions; Senate Select Committee on Intelligence",True,2014-07-23,2015-07-20,STE,Steris Corp. (NYSE),nan,Sale (Full),"$1,001 - $15,000",8000.5,False,Spouse,9f9dbfa0-c403-4c71-b9ae-90225aed470f,https://efdsearch.senate.gov/search/view/ptr/9f9dbfa0-c403-4c71-b9ae-90225aed470f/,9fbadc31a9925931408f7ae2aea9f2d905e64139b6d5a1eb3a2e84c97394cd2f,senate-efd-electronic,explicit,0
C001035,Susan M Collins,senate,Republican,ME,"SSAP01; SSAP02; SSAP08; SSAP14; SSAP16; SSAP17; SSAP18; SSAP19; SSAP20; SSAP22; SSAP23; SSAP24; SSHR12; Senate Committee on Appropriations; Senate Committee on Health, Education, Labor, and Pensions; Senate Select Committee on Intelligence",True,2014-07-23,2015-07-20,PL,Protective Life Corporation (NYSE),nan,Sale (Full),"$1,001 - $15,000",8000.5,False,Spouse,9f9dbfa0-c403-4c71-b9ae-90225aed470f,https://efdsearch.senate.gov/search/view/ptr/9f9dbfa0-c403-4c71-b9ae-90225aed470f/,c3b1636ac1353f78f4c46b7d3cf5eb160a33d2a63a05c2d12ce10e0cf165a66a,senate-efd-electronic,explicit,0
C001035,Susan M Collins,senate,Republican,ME,"SSAP01; SSAP02; SSAP08; SSAP14; SSAP16; SSAP17; SSAP18; SSAP19; SSAP20; SSAP22; SSAP23; SSAP24; SSHR12; Senate Committee on Appropriations; Senate Committee on Health, Education, Labor, and Pensions; Senate Select Committee on Intelligence",True,2014-07-23,2015-07-20,HSIC,"Henry Schein, Inc. (NASDAQ)",nan,Purchase,"$1,001 - $15,000",8000.5,False,Spouse,9f9dbfa0-c403-4c71-b9ae-90225aed470f,https://efdsearch.senate.gov/search/view/ptr/9f9dbfa0-c403-4c71-b9ae-90225aed470f/,62ddf871011e2ce902755162f8b97daf8f41deab257bcb46c668d96936acb5c3,senate-efd-electronic,explicit,0
C001035,Susan M Collins,senate,Republican,ME,"SSAP01; SSAP02; SSAP08; SSAP14; SSAP16; SSAP17; SSAP18; SSAP19; SSAP20; SSAP22; SSAP23; SSAP24; SSHR12; Senate Committee on Appropriations; Senate Committee on Health, Education, Labor, and Pensions; Senate Select Committee on Intelligence",True,2014-07-23,2015-07-20,PBCT,People's United Financial Inc. (NASDAQ),nan,Sale (Full),"$1,001 - $15,000",8000.5,False,Spouse,9f9dbfa0-c403-4c71-b9ae-90225aed470f,https://efdsearch.senate.gov/search/view/ptr/9f9dbfa0-c403-4c71-b9ae-90225aed470f/,24267e38e9bd1c16f0845a626eaab9aa33f224949ac6b47700b8e3424e0099b0,senate-efd-electronic,explicit,0
C001035,Susan M Collins,senate,Republican,ME,"SSAP01; SSAP02; SSAP08; SSAP14; SSAP16; SSAP17; SSAP18; SSAP19; SSAP20; SSAP22; SSAP23; SSAP24; SSHR12; Senate Committee on Appropriations; Senate Committee on Health, Education, Labor, and Pensions; Senate Select Committee on Intelligence",True,2014-09-25,2015-07-20,,South Ogden Utah Conv Dist. Rate/Coupon: 2%  Matures: 02/01/2016,Municipal Security,Purchase,"$15,001 - $50,000",32500.5,False,Spouse,9333e385-ff73-4bdf-b32e-8b1059e052bd,https://efdsearch.senate.gov/search/view/ptr/9333e385-ff73-4bdf-b32e-8b1059e052bd/,8defd36fdd95458f0df67eeef36baee60c391dbb5b1cb2177d71032181df7ac6,senate-efd-electronic,none,0
C001035,Susan M Collins,senate,Republican,ME,"SSAP01; SSAP02; SSAP08; SSAP14; SSAP16; SSAP17; SSAP18; SSAP19; SSAP20; SSAP22; SSAP23; SSAP24; SSHR12; Senate Committee on Appropriations; Senate Committee on Health, Education, Labor, and Pensions; Senate Select Committee on Intelligence",True,2014-12-10,2015-07-20,BMGAX,BlackRock Mid-Cap Growth Equity Inv A (NASDAQ),Stock,Purchase,"$1,001 - $15,000",8000.5,False,Spouse,4ecfb8b2-47d0-4aaa-a4dd-370bfa53ed83,https://efdsearch.senate.gov/search/view/ptr/4ecfb8b2-47d0-4aaa-a4dd-370bfa53ed83/,17c1c60a9bce5eafaa94ecf3ac1fba0a7b647d679a21ff7b0cd591f575fe9878,senate-efd-electronic,explicit,1
C001035,Susan M Collins,senate,Republican,ME,"SSAP01; SSAP02; SSAP08; SSAP14; SSAP16; SSAP17; SSAP18; SSAP19; SSAP20; SSAP22; SSAP23; SSAP24; SSHR12; Senate Committee on Appropriations; Senate Committee on Health, Education, Labor, and Pensions; Senate Select Committee on Intelligence",True,2014-12-10,2015-07-20,BMGAX,BlackRock Mid-Cap Growth Equity Inv A (NASDAQ),Stock,Purchase,"$1,001 - $15,000",8000.5,False,Spouse,4ecfb8b2-47d0-4aaa-a4dd-370bfa53ed83,https://efdsearch.senate.gov/search/view/ptr/4ecfb8b2-47d0-4aaa-a4dd-370bfa53ed83/,17c1c60a9bce5eafaa94ecf3ac1fba0a7b647d679a21ff7b0cd591f575fe9878,senate-efd-electronic,explicit,0
C001035,Susan M Collins,senate,Republican,ME,"SSAP01; SSAP02; SSAP08; SSAP14; SSAP16; SSAP17; SSAP18; SSAP19; SSAP20; SSAP22; SSAP23; SSAP24; SSHR12; Senate Committee on Appropriations; Senate Committee on Health, Education, Labor, and Pensions; Senate Select Committee on Intelligence",True,2014-12-10,2015-01-09,MDDVX,BlackRock Equity Dividend Inv A (NASDAQ),Stock,Purchase,"$1,001 - $15,000",8000.5,False,Spouse,d221805d-5957-4904-9e9b-ea15d9d65b70,https://efdsearch.senate.gov/search/view/ptr/d221805d-5957-4904-9e9b-ea15d9d65b70/,183be4f4c7f23478bea9045f519e62ab2a95525e6bab784cb90d4d6cb01b3ff5,senate-efd-electronic,explicit,0
C001035,Susan M Collins,senate,Republican,ME,"SSAP01; SSAP02; SSAP08; SSAP14; SSAP16; SSAP17; SSAP18; SSAP19; SSAP20; SSAP22; SSAP23; SSAP24; SSHR12; Senate Committee on Appropriations; Senate Committee on Health, Education, Labor, and Pensions; Senate Select Committee on Intelligence",True,2014-12-10,2015-01-09,MDDVX,BlackRock Equity Dividend Inv A (NASDAQ),Stock,Purchase,"$1,001 - $15,000",8000.5,False,Spouse,d221805d-5957-4904-9e9b-ea15d9d65b70,https://efdsearch.senate.gov/search/view/ptr/d221805d-5957-4904-9e9b-ea15d9d65b70/,183be4f4c7f23478bea9045f519e62ab2a95525e6bab784cb90d4d6cb01b3ff5,senate-efd-electronic,explicit,1
C001035,Susan M Collins,senate,Republican,ME,"SSAP01; SSAP02; SSAP08; SSAP14; SSAP16; SSAP17; SSAP18; SSAP19; SSAP20; SSAP22; SSAP23; SSAP24; SSHR12; Senate Committee on Appropriations; Senate Committee on Health, Education, Labor, and Pensions; Senate Select Committee on Intelligence",True,2014-12-11,2015-07-20,DVFAX,Cohen & Steers Dividend Value A (NASDAQ),Stock,Purchase,"$1,001 - $15,000",8000.5,False,Spouse,4ecfb8b2-47d0-4aaa-a4dd-370bfa53ed83,https://efdsearch.senate.gov/search/view/ptr/4ecfb8b2-47d0-4aaa-a4dd-370bfa53ed83/,590b56cca00a25936621f7cb95b755303230701bff5f66660d0a7556e64f75be,senate-efd-electronic,explicit,0
C001035,Susan M Collins,senate,Republican,ME,"SSAP01; SSAP02; SSAP08; SSAP14; SSAP16; SSAP17; SSAP18; SSAP19; SSAP20; SSAP22; SSAP23; SSAP24; SSHR12; Senate Committee on Appropriations; Senate Committee on Health, Education, Labor, and Pensions; Senate Select Committee on Intelligence",True,2014-12-11,2015-07-20,WASCX,Ivy Asset Strategy C (NASDAQ),Stock,Purchase,"$1,001 - $15,000",8000.5,False,Spouse,4ecfb8b2-47d0-4aaa-a4dd-370bfa53ed83,https://efdsearch.senate.gov/search/view/ptr/4ecfb8b2-47d0-4aaa-a4dd-370bfa53ed83/,f8f877f0d60cd7316c68b5672504fbd226fbaef1eae781f5e8e5d9e565c79ea6,senate-efd-electronic,explicit,0
C001035,Susan M Collins,senate,Republican,ME,"SSAP01; SSAP02; SSAP08; SSAP14; SSAP16; SSAP17; SSAP18; SSAP19; SSAP20; SSAP22; SSAP23; SSAP24; SSHR12; Senate Committee on Appropriations; Senate Committee on Health, Education, Labor, and Pensions; Senate Select Committee on Intelligence",True,2014-12-15,2015-07-20,TOLLX,Deutsche Global Infrastructure A (NASDAQ),Stock,Sale (Partial),"$1,001 - $15,000",8000.5,False,Spouse,4ecfb8b2-47d0-4aaa-a4dd-370bfa53ed83,https://efdsearch.senate.gov/search/view/ptr/4ecfb8b2-47d0-4aaa-a4dd-370bfa53ed83/,378ea21d08c1da15872f66e91593b21a984a5f68e9b07b141bbde042cac678c2,senate-efd-electronic,explicit,0
C001035,Susan M Collins,senate,Republican,ME,"SSAP01; SSAP02; SSAP08; SSAP14; SSAP16; SSAP17; SSAP18; SSAP19; SSAP20; SSAP22; SSAP23; SSAP24; SSHR12; Senate Committee on Appropriations; Senate Committee on Health, Education, Labor, and Pensions; Senate Select Committee on Intelligence",True,2014-12-15,2015-07-17,TOLLX,Deutsche Global Infrastructure A (NASDAQ),Stock,Sale (Full),"$1,001 - $15,000",8000.5,False,Spouse,a3e41326-655b-41db-941f-78354c18f812,https://efdsearch.senate.gov/search/view/ptr/a3e41326-655b-41db-941f-78354c18f812/,8c3e44211fc376fc62c56bf78b6ce1cbe2bcb8375fcbc6462a8ebb5f3bcdd9da,senate-efd-electronic,explicit,0
C001035,Susan M Collins,senate,Republican,ME,"SSAP01; SSAP02; SSAP08; SSAP14; SSAP16; SSAP17; SSAP18; SSAP19; SSAP20; SSAP22; SSAP23; SSAP24; SSHR12; Senate Committee on Appropriations; Senate Committee on Health, Education, Labor, and Pensions; Senate Select Committee on Intelligence",True,2014-12-18,2015-07-20,TOLLX,Deutsche Global Infrastructure A (NASDAQ),Stock,Purchase,"$1,001 - $15,000",8000.5,False,Spouse,4ecfb8b2-47d0-4aaa-a4dd-370bfa53ed83,https://efdsearch.senate.gov/search/view/ptr/4ecfb8b2-47d0-4aaa-a4dd-370bfa53ed83/,66756cf86fb121433d8fe9ec69980125d7ea41fbf872f280a44734c89b7bd858,senate-efd-electronic,explicit,0
C001035,Susan M Collins,senate,Republican,ME,"SSAP01; SSAP02; SSAP08; SSAP14; SSAP16; SSAP17; SSAP18; SSAP19; SSAP20; SSAP22; SSAP23; SSAP24; SSHR12; Senate Committee on Appropriations; Senate Committee on Health, Education, Labor, and Pensions; Senate Select Committee on Intelligence",True,2015-01-13,2015-01-29,CVS,CVS Health Corporation (NYSE),Stock,Purchase,"$1,001 - $15,000",8000.5,False,Spouse,6624f616-f247-4829-abaf-65fb4378d19d,https://efdsearch.senate.gov/search/view/ptr/6624f616-f247-4829-abaf-65fb4378d19d/,bc5694caaafcbd683d1348c580ebcd6c1e7400e6200f38d62f971462f8db196e,senate-efd-electronic,explicit,0
C001035,Susan M Collins,senate,Republican,ME,"SSAP01; SSAP02; SSAP08; SSAP14; SSAP16; SSAP17; SSAP18; SSAP19; SSAP20; SSAP22; SSAP23; SSAP24; SSHR12; Senate Committee on Appropriations; Senate Committee on Health, Education, Labor, and Pensions; Senate Select Committee on Intelligence",True,2015-01-13,2015-01-29,AXP,American Express Company (NYSE),Stock,Purchase,"$1,001 - $15,000",8000.5,False,Spouse,6624f616-f247-4829-abaf-65fb4378d19d,https://efdsearch.senate.gov/search/view/ptr/6624f616-f247-4829-abaf-65fb4378d19d/,ace739559492c3beda1f4214e33269e0b43b5ddcbed5a65a5538ffa520efff41,senate-efd-electronic,explicit,0
C001035,Susan M Collins,senate,Republican,ME,"SSAP01; SSAP02; SSAP08; SSAP14; SSAP16; SSAP17; SSAP18; SSAP19; SSAP20; SSAP22; SSAP23; SSAP24; SSHR12; Senate Committee on Appropriations; Senate Committee on Health, Education, Labor, and Pensions; Senate Select Committee on Intelligence",True,2015-01-13,2015-01-29,ADP,"Automatic Data Processing, Inc. (NASDAQ)",Stock,Sale (Full),"$1,001 - $15,000",8000.5,False,Spouse,6624f616-f247-4829-abaf-65fb4378d19d,https://efdsearch.senate.gov/search/view/ptr/6624f616-f247-4829-abaf-65fb4378d19d/,a90d2f814ebde09060a6d6fda2a2dd1385df840adefa02b0ebc3c68057c2e518,senate-efd-electronic,explicit,0
C001035,Susan M Collins,senate,Republican,ME,"SSAP01; SSAP02; SSAP08; SSAP14; SSAP16; SSAP17; SSAP18; SSAP19; SSAP20; SSAP22; SSAP23; SSAP24; SSHR12; Senate Committee on Appropriations; Senate Committee on Health, Education, Labor, and Pensions; Senate Select Committee on Intelligence",True,2015-01-13,2015-01-29,AAPL,Apple Inc. (NASDAQ),Stock,Purchase,"$1,001 - $15,000",8000.5,False,Spouse,6624f616-f247-4829-abaf-65fb4378d19d,https://efdsearch.senate.gov/search/view/ptr/6624f616-f247-4829-abaf-65fb4378d19d/,d6d4c756a9f51af74481251575e271bef58e472e966591af6b2e0aa1251dda65,senate-efd-electronic,explicit,0
C001035,Susan M Collins,senate,Republican,ME,"SSAP01; SSAP02; SSAP08; SSAP14; SSAP16; SSAP17; SSAP18; SSAP19; SSAP20; SSAP22; SSAP23; SSAP24; SSHR12; Senate Committee on Appropriations; Senate Committee on Health, Education, Labor, and Pensions; Senate Select Committee on Intelligence",True,2015-01-13,2015-01-29,MTD,Mettler-Toledo International Inc. (NYSE),Stock,Purchase,"$15,001 - $50,000",32500.5,False,Spouse,6624f616-f247-4829-abaf-65fb4378d19d,https://efdsearch.senate.gov/search/view/ptr/6624f616-f247-4829-abaf-65fb4378d19d/,42796233e8b219657caca2be4cc8e20612374f06acc9b18c54efebfdea10a369,senate-efd-electronic,explicit,0
C001035,Susan M Collins,senate,Republican,ME,"SSAP01; SSAP02; SSAP08; SSAP14; SSAP16; SSAP17; SSAP18; SSAP19; SSAP20; SSAP22; SSAP23; SSAP24; SSHR12; Senate Committee on Appropriations; Senate Committee on Health, Education, Labor, and Pensions; Senate Select Committee on Intelligence",True,2015-01-13,2015-01-29,UL,Unilever plc (NYSE),Stock,Purchase,"$1,001 - $15,000",8000.5,False,Spouse,6624f616-f247-4829-abaf-65fb4378d19d,https://efdsearch.senate.gov/search/view/ptr/6624f616-f247-4829-abaf-65fb4378d19d/,03680b411a58129cc68401cf7ce52ef2100acd43fe8782413b8160dbc716c68b,senate-efd-electronic,explicit,0
C001035,Susan M Collins,senate,Republican,ME,"SSAP01; SSAP02; SSAP08; SSAP14; SSAP16; SSAP17; SSAP18; SSAP19; SSAP20; SSAP22; SSAP23; SSAP24; SSHR12; Senate Committee on Appropriations; Senate Committee on Health, Education, Labor, and Pensions; Senate Select Committee on Intelligence",True,2015-01-13,2015-01-29,WCN,Waste Connections Inc. (NYSE),Stock,Purchase,"$1,001 - $15,000",8000.5,False,Spouse,6624f616-f247-4829-abaf-65fb4378d19d,https://efdsearch.senate.gov/search/view/ptr/6624f616-f247-4829-abaf-65fb4378d19d/,29218a091321568cf84273af33d9b32a9410fc6687be549fbc61b4971f714394,senate-efd-electronic,explicit,0
C001035,Susan M Collins,senate,Republican,ME,"SSAP01; SSAP02; SSAP08; SSAP14; SSAP16; SSAP17; SSAP18; SSAP19; SSAP20; SSAP22; SSAP23; SSAP24; SSHR12; Senate Committee on Appropriations; Senate Committee on Health, Education, Labor, and Pensions; Senate Select Committee on Intelligence",True,2015-02-12,2015-03-03,,Billings MT Rate/Coupon: 3.000  Matures: 07/01/2021,Municipal Security,Purchase,"$25,000,001 - $50,000,000",37500000.5,False,Spouse,0c76c4e6-afb1-45c2-a1a3-90a1cf2f58c7,https://efdsearch.senate.gov/search/view/ptr/0c76c4e6-afb1-45c2-a1a3-90a1cf2f58c7/,5869cae56f9ca8ea4a780ed2e38cb9132425f01e019aaf3c3550a12c4062efc4,senate-efd-electronic,none,0
C001035,Susan M Collins,senate,Republican,ME,"SSAP01; SSAP02; SSAP08; SSAP14; SSAP16; SSAP17; SSAP18; SSAP19; SSAP20; SSAP22; SSAP23; SSAP24; SSHR12; Senate Committee on Appropriations; Senate Committee on Health, Education, Labor, and Pensions; Senate Select Committee on Intelligence",True,2015-02-20,2015-03-03,AXP,American Express Company (NYSE),Stock,Sale (Full),"$1,001 - $15,000",8000.5,False,Spouse,0c76c4e6-afb1-45c2-a1a3-90a1cf2f58c7,https://efdsearch.senate.gov/search/view/ptr/0c76c4e6-afb1-45c2-a1a3-90a1cf2f58c7/,ed93a26123116a274e08d522d4194a0ed5874d49a30ecbe4f6797b99d8cacbaa,senate-efd-electronic,explicit,1
C001035,Susan M Collins,senate,Republican,ME,"SSAP01; SSAP02; SSAP08; SSAP14; SSAP16; SSAP17; SSAP18; SSAP19; SSAP20; SSAP22; SSAP23; SSAP24; SSHR12; Senate Committee on Appropriations; Senate Committee on Health, Education, Labor, and Pensions; Senate Select Committee on Intelligence",True,2015-02-20,2015-03-03,KMB,Kimberly-Clark Corporation (NYSE),Stock,Sale (Full),"$1,001 - $15,000",8000.5,False,Spouse,0c76c4e6-afb1-45c2-a1a3-90a1cf2f58c7,https://efdsearch.senate.gov/search/view/ptr/0c76c4e6-afb1-45c2-a1a3-90a1cf2f58c7/,c741d2c996de40879c7f66a6ed5a9a656608a3e9b22f1ba460a380e5a89dd108,senate-efd-electronic,explicit,0
C001035,Susan M Collins,senate,Republican,ME,"SSAP01; SSAP02; SSAP08; SSAP14; SSAP16; SSAP17; SSAP18; SSAP19; SSAP20; SSAP22; SSAP23; SSAP24; SSHR12; Senate Committee on Appropriations; Senate Committee on Health, Education, Labor, and Pensions; Senate Select Committee on Intelligence",True,2015-02-20,2015-03-03,HAL,Halliburton Company (NYSE),Stock,Sale (Full),"$1,001 - $15,000",8000.5,False,Spouse,0c76c4e6-afb1-45c2-a1a3-90a1cf2f58c7,https://efdsearch.senate.gov/search/view/ptr/0c76c4e6-afb1-45c2-a1a3-90a1cf2f58c7/,3510452f25840050a6744d222ea300b01a3f6a00d61d44506e6fdbde2be09138,senate-efd-electronic,explicit,0
C001035,Susan M Collins,senate,Republican,ME,"SSAP01; SSAP02; SSAP08; SSAP14; SSAP16; SSAP17; SSAP18; SSAP19; SSAP20; SSAP22; SSAP23; SSAP24; SSHR12; Senate Committee on Appropriations; Senate Committee on Health, Education, Labor, and Pensions; Senate Select Committee on Intelligence",True,2015-02-20,2015-03-03,HAL,Halliburton Company (NYSE),Stock,Sale (Full),"$1,001 - $15,000",8000.5,False,Spouse,0c76c4e6-afb1-45c2-a1a3-90a1cf2f58c7,https://efdsearch.senate.gov/search/view/ptr/0c76c4e6-afb1-45c2-a1a3-90a1cf2f58c7/,3510452f25840050a6744d222ea300b01a3f6a00d61d44506e6fdbde2be09138,senate-efd-electronic,explicit,1
C001035,Susan M Collins,senate,Republican,ME,"SSAP01; SSAP02; SSAP08; SSAP14; SSAP16; SSAP17; SSAP18; SSAP19; SSAP20; SSAP22; SSAP23; SSAP24; SSHR12; Senate Committee on Appropriations; Senate Committee on Health, Education, Labor, and Pensions; Senate Select Committee on Intelligence",True,2015-02-20,2015-03-03,HAL,Halliburton Company (NYSE),Stock,Sale (Full),"$1,001 - $15,000",8000.5,False,Spouse,0c76c4e6-afb1-45c2-a1a3-90a1cf2f58c7,https://efdsearch.senate.gov/search/view/ptr/0c76c4e6-afb1-45c2-a1a3-90a1cf2f58c7/,3510452f25840050a6744d222ea300b01a3f6a00d61d44506e6fdbde2be09138,senate-efd-electronic,explicit,2
C001035,Susan M Collins,senate,Republican,ME,"SSAP01; SSAP02; SSAP08; SSAP14; SSAP16; SSAP17; SSAP18; SSAP19; SSAP20; SSAP22; SSAP23; SSAP24; SSHR12; Senate Committee on Appropriations; Senate Committee on Health, Education, Labor, and Pensions; Senate Select Committee on Intelligence",True,2015-02-20,2015-03-03,HAL,Halliburton Company (NYSE),Stock,Sale (Full),"$1,001 - $15,000",8000.5,False,Spouse,0c76c4e6-afb1-45c2-a1a3-90a1cf2f58c7,https://efdsearch.senate.gov/search/view/ptr/0c76c4e6-afb1-45c2-a1a3-90a1cf2f58c7/,3510452f25840050a6744d222ea300b01a3f6a00d61d44506e6fdbde2be09138,senate-efd-electronic,explicit,3
C001035,Susan M Collins,senate,Republican,ME,"SSAP01; SSAP02; SSAP08; SSAP14; SSAP16; SSAP17; SSAP18; SSAP19; SSAP20; SSAP22; SSAP23; SSAP24; SSHR12; Senate Committee on Appropriations; Senate Committee on Health, Education, Labor, and Pensions; Senate Select Committee on Intelligence",True,2015-02-20,2015-03-03,AXP,American Express Company (NYSE),Stock,Sale (Full),"$1,001 - $15,000",8000.5,False,Spouse,0c76c4e6-afb1-45c2-a1a3-90a1cf2f58c7,https://efdsearch.senate.gov/search/view/ptr/0c76c4e6-afb1-45c2-a1a3-90a1cf2f58c7/,ed93a26123116a274e08d522d4194a0ed5874d49a30ecbe4f6797b99d8cacbaa,senate-efd-electronic,explicit,0
C001035,Susan M Collins,senate,Republican,ME,"SSAP01; SSAP02; SSAP08; SSAP14; SSAP16; SSAP17; SSAP18; SSAP19; SSAP20; SSAP22; SSAP23; SSAP24; SSHR12; Senate Committee on Appropriations; Senate Committee on Health, Education, Labor, and Pensions; Senate Select Committee on Intelligence",True,2015-02-20,2015-03-03,KMB,Kimberly-Clark Corporation (NYSE),Stock,Sale (Full),"$1,001 - $15,000",8000.5,False,Spouse,0c76c4e6-afb1-45c2-a1a3-90a1cf2f58c7,https://efdsearch.senate.gov/search/view/ptr/0c76c4e6-afb1-45c2-a1a3-90a1cf2f58c7/,c741d2c996de40879c7f66a6ed5a9a656608a3e9b22f1ba460a380e5a89dd108,senate-efd-electronic,explicit,1
C001035,Susan M Collins,senate,Republican,ME,"SSAP01; SSAP02; SSAP08; SSAP14; SSAP16; SSAP17; SSAP18; SSAP19; SSAP20; SSAP22; SSAP23; SSAP24; SSHR12; Senate Committee on Appropriations; Senate Committee on Health, Education, Labor, and Pensions; Senate Select Committee on Intelligence",True,2015-02-20,2015-03-03,AXP,American Express Company (NYSE),Stock,Sale (Full),"$1,001 - $15,000",8000.5,False,Spouse,0c76c4e6-afb1-45c2-a1a3-90a1cf2f58c7,https://efdsearch.senate.gov/search/view/ptr/0c76c4e6-afb1-45c2-a1a3-90a1cf2f58c7/,ed93a26123116a274e08d522d4194a0ed5874d49a30ecbe4f6797b99d8cacbaa,senate-efd-electronic,explicit,2
C001035,Susan M Collins,senate,Republican,ME,"SSAP01; SSAP02; SSAP08; SSAP14; SSAP16; SSAP17; SSAP18; SSAP19; SSAP20; SSAP22; SSAP23; SSAP24; SSHR12; Senate Committee on Appropriations; Senate Committee on Health, Education, Labor, and Pensions; Senate Select Committee on Intelligence",True,2015-02-20,2015-03-03,AXP,American Express Company (NYSE),Stock,Sale (Full),"$1,001 - $15,000",8000.5,False,Spouse,0c76c4e6-afb1-45c2-a1a3-90a1cf2f58c7,https://efdsearch.senate.gov/search/view/ptr/0c76c4e6-afb1-45c2-a1a3-90a1cf2f58c7/,ed93a26123116a274e08d522d4194a0ed5874d49a30ecbe4f6797b99d8cacbaa,senate-efd-electronic,explicit,4
C001035,Susan M Collins,senate,Republican,ME,"SSAP01; SSAP02; SSAP08; SSAP14; SSAP16; SSAP17; SSAP18; SSAP19; SSAP20; SSAP22; SSAP23; SSAP24; SSHR12; Senate Committee on Appropriations; Senate Committee on Health, Education, Labor, and Pensions; Senate Select Committee on Intelligence",True,2015-02-20,2015-03-03,AYI,"Acuity Brands, Inc. (NYSE)",Stock,Purchase,"$15,001 - $50,000",32500.5,False,Spouse,0c76c4e6-afb1-45c2-a1a3-90a1cf2f58c7,https://efdsearch.senate.gov/search/view/ptr/0c76c4e6-afb1-45c2-a1a3-90a1cf2f58c7/,dc187ccd0c0286a2aa93af3b6ca01dc97859f5225d46bb01a2dfca6d10ba5b7c,senate-efd-electronic,explicit,0
C001035,Susan M Collins,senate,Republican,ME,"SSAP01; SSAP02; SSAP08; SSAP14; SSAP16; SSAP17; SSAP18; SSAP19; SSAP20; SSAP22; SSAP23; SSAP24; SSHR12; Senate Committee on Appropriations; Senate Committee on Health, Education, Labor, and Pensions; Senate Select Committee on Intelligence",True,2015-02-20,2015-03-03,MMM,3M Company (NYSE),Stock,Purchase,"$25,000,001 - $50,000,000",37500000.5,False,Spouse,0c76c4e6-afb1-45c2-a1a3-90a1cf2f58c7,https://efdsearch.senate.gov/search/view/ptr/0c76c4e6-afb1-45c2-a1a3-90a1cf2f58c7/,e3fadd833c32b2d9cd79496b75ad8ca948c5a85a67e49bf4df203fc1b1ac929a,senate-efd-electronic,explicit,0
C001035,Susan M Collins,senate,Republican,ME,"SSAP01; SSAP02; SSAP08; SSAP14; SSAP16; SSAP17; SSAP18; SSAP19; SSAP20; SSAP22; SSAP23; SSAP24; SSHR12; Senate Committee on Appropriations; Senate Committee on Health, Education, Labor, and Pensions; Senate Select Committee on Intelligence",True,2015-02-20,2015-03-03,AXP,American Express Company (NYSE),Stock,Sale (Full),"$1,001 - $15,000",8000.5,False,Spouse,0c76c4e6-afb1-45c2-a1a3-90a1cf2f58c7,https://efdsearch.senate.gov/search/view/ptr/0c76c4e6-afb1-45c2-a1a3-90a1cf2f58c7/,ed93a26123116a274e08d522d4194a0ed5874d49a30ecbe4f6797b99d8cacbaa,senate-efd-electronic,explicit,3
C001035,Susan M Collins,senate,Republican,ME,"SSAP01; SSAP02; SSAP08; SSAP14; SSAP16; SSAP17; SSAP18; SSAP19; SSAP20; SSAP22; SSAP23; SSAP24; SSHR12; Senate Committee on Appropriations; Senate Committee on Health, Education, Labor, and Pensions; Senate Select Committee on Intelligence",True,2015-02-26,2015-03-03,,Rochester NH  Rate/Coupon: 3.000  Matures: 03/01/2021,Municipal Security,Purchase,"$15,001 - $50,000",32500.5,False,Spouse,0c76c4e6-afb1-45c2-a1a3-90a1cf2f58c7,https://efdsearch.senate.gov/search/view/ptr/0c76c4e6-afb1-45c2-a1a3-90a1cf2f58c7/,a6d3d42864b3d6fda7abd1f987ed4184d12025759f75c6badc475da2a931fb66,senate-efd-electronic,none,0
C001035,Susan M Collins,senate,Republican,ME,"SSAP01; SSAP02; SSAP08; SSAP14; SSAP16; SSAP17; SSAP18; SSAP19; SSAP20; SSAP22; SSAP23; SSAP24; SSHR12; Senate Committee on Appropriations; Senate Committee on Health, Education, Labor, and Pensions; Senate Select Committee on Intelligence",True,2015-03-20,2015-03-03,HSY,The Hershey Company (NYSE),Stock,Purchase,"$15,001 - $50,000",32500.5,False,Spouse,0c76c4e6-afb1-45c2-a1a3-90a1cf2f58c7,https://efdsearch.senate.gov/search/view/ptr/0c76c4e6-afb1-45c2-a1a3-90a1cf2f58c7/,b2623beb82a0343ea6e5dac9a3c5fb32caba59de302c940a3cb2ba11ef40a2cc,senate-efd-electronic,explicit,0
C001035,Susan M Collins,senate,Republican,ME,"SSAP01; SSAP02; SSAP08; SSAP14; SSAP16; SSAP17; SSAP18; SSAP19; SSAP20; SSAP22; SSAP23; SSAP24; SSHR12; Senate Committee on Appropriations; Senate Committee on Health, Education, Labor, and Pensions; Senate Select Committee on Intelligence",True,2015-05-21,2015-06-09,,New Hampshire MUND BD Bk  Rate/Coupon: 3.000  Matures: 08/15/2020,Municipal Security,Purchase,"$15,001 - $50,000",32500.5,False,Spouse,6939846a-1fa1-44df-bbe0-abbc43a7d4ce,https://efdsearch.senate.gov/search/view/ptr/6939846a-1fa1-44df-bbe0-abbc43a7d4ce/,f8e1540664b7ff95600eb43a6296b0e8a74ef3f28c926790624ef5aae0b0c4dd,senate-efd-electronic,none,0
C001035,Susan M Collins,senate,Republican,ME,"SSAP01; SSAP02; SSAP08; SSAP14; SSAP16; SSAP17; SSAP18; SSAP19; SSAP20; SSAP22; SSAP23; SSAP24; SSHR12; Senate Committee on Appropriations; Senate Committee on Health, Education, Labor, and Pensions; Senate Select Committee on Intelligence",True,2015-06-09,2015-07-08,,Portland ME WTR DIST REV  Rate/Coupon: 3.0%  Matures: 11/01/2020,Municipal Security,Purchase,"$15,001 - $50,000",32500.5,False,Spouse,bfbe1b67-fbdf-426b-bb12-46e50f9a2d5b,https://efdsearch.senate.gov/search/view/ptr/bfbe1b67-fbdf-426b-bb12-46e50f9a2d5b/,b6086b90c268e0feab3cc69b970879faad8c8f58bc991e6d1b7e24dc6d730d1a,senate-efd-electronic,none,0
C001035,Susan M Collins,senate,Republican,ME,"SSAP01; SSAP02; SSAP08; SSAP14; SSAP16; SSAP17; SSAP18; SSAP19; SSAP20; SSAP22; SSAP23; SSAP24; SSHR12; Senate Committee on Appropriations; Senate Committee on Health, Education, Labor, and Pensions; Senate Select Committee on Intelligence",True,2015-08-20,2015-09-08,,Winslow Maine Rate/Coupon: 3.0%  Matures: 10/01/2020,Municipal Security,Purchase,"$50,001 - $100,000",75000.5,False,Spouse,7c2ffee4-3a8f-4047-8c25-25a5567f0e04,https://efdsearch.senate.gov/search/view/ptr/7c2ffee4-3a8f-4047-8c25-25a5567f0e04/,db5e3a81952371445ffb0cc9a740f43f121f4cc4d68002feab2c71f93bd11980,senate-efd-electronic,none,0
C001035,Susan M Collins,senate,Republican,ME,"SSAP01; SSAP02; SSAP08; SSAP14; SSAP16; SSAP17; SSAP18; SSAP19; SSAP20; SSAP22; SSAP23; SSAP24; SSHR12; Senate Committee on Appropriations; Senate Committee on Health, Education, Labor, and Pensions; Senate Select Committee on Intelligence",True,2015-08-26,2015-09-08,,Federal Farm Credit Bank  Rate/Coupon: 2.0%  Matures: 08/26/2019,Municipal Security,Purchase,"$50,001 - $100,000",75000.5,False,Spouse,7c2ffee4-3a8f-4047-8c25-25a5567f0e04,https://efdsearch.senate.gov/search/view/ptr/7c2ffee4-3a8f-4047-8c25-25a5567f0e04/,ab199bf74553ffad7d9691de44641bee85430369e2b721e92c9f13938654ae3a,senate-efd-electronic,none,0
C001035,Susan M Collins,senate,Republican,ME,"SSAP01; SSAP02; SSAP08; SSAP14; SSAP16; SSAP17; SSAP18; SSAP19; SSAP20; SSAP22; SSAP23; SSAP24; SSHR12; Senate Committee on Appropriations; Senate Committee on Health, Education, Labor, and Pensions; Senate Select Committee on Intelligence",True,2015-12-11,2015-07-20,DVFAX,Cohen & Steers Dividend Value A (NASDAQ),Stock,Purchase,"$1,001 - $15,000",8000.5,False,Spouse,4ecfb8b2-47d0-4aaa-a4dd-370bfa53ed83,https://efdsearch.senate.gov/search/view/ptr/4ecfb8b2-47d0-4aaa-a4dd-370bfa53ed83/,79e727496ee3679f21eeb52148feeeddb6c543c866e71181ad5f70660c10b328,senate-efd-electronic,explicit,0
C000174,Thomas R Carper,senate,Democrat,DE,,False,2012-09-13,2015-05-13,DD,E. I. du Pont de Nemours and Company (NYSE),Stock,Purchase,"$1,001 - $15,000",8000.5,False,Spouse,66324d46-8701-47f3-97ba-ba1f58084f92,https://efdsearch.senate.gov/search/view/ptr/66324d46-8701-47f3-97ba-ba1f58084f92/,e7b48a7619cb3ffe0d37670c90dd0c1a81e084f9c42fbbd1a1696c56be138548,senate-efd-electronic,explicit,0
C000174,Thomas R Carper,senate,Democrat,DE,,False,2012-12-17,2015-05-13,DD,E. I. du Pont de Nemours and Company (NYSE),Stock,Purchase,"$1,001 - $15,000",8000.5,False,Spouse,66324d46-8701-47f3-97ba-ba1f58084f92,https://efdsearch.senate.gov/search/view/ptr/66324d46-8701-47f3-97ba-ba1f58084f92/,4350eefd9e1034cece44fadc9670d52fa5dc9219c07b0cde50ae7cead3f3e324,senate-efd-electronic,explicit,0
C000174,Thomas R Carper,senate,Democrat,DE,,False,2013-03-15,2015-05-13,DD,E. I. du Pont de Nemours and Company (NYSE),Stock,Purchase,"$1,001 - $15,000",8000.5,False,Spouse,66324d46-8701-47f3-97ba-ba1f58084f92,https://efdsearch.senate.gov/search/view/ptr/66324d46-8701-47f3-97ba-ba1f58084f92/,5552c34c35a626cfa5e528b57c92884119a99e6207dd84d82019aaded6d23a6e,senate-efd-electronic,explicit,0
C000174,Thomas R Carper,senate,Democrat,DE,,False,2013-06-13,2015-05-13,DD,E. I. du Pont de Nemours and Company (NYSE),Stock,Purchase,"$1,001 - $15,000",8000.5,False,Spouse,66324d46-8701-47f3-97ba-ba1f58084f92,https://efdsearch.senate.gov/search/view/ptr/66324d46-8701-47f3-97ba-ba1f58084f92/,19bd1b611f83fd7835291bfdf4a97565e03439871c38f7eb2a85251d96f677a4,senate-efd-electronic,explicit,0
C000174,Thomas R Carper,senate,Democrat,DE,,False,2013-09-13,2015-05-13,DD,E. I. du Pont de Nemours and Company (NYSE),Stock,Purchase,"$1,001 - $15,000",8000.5,False,Spouse,66324d46-8701-47f3-97ba-ba1f58084f92,https://efdsearch.senate.gov/search/view/ptr/66324d46-8701-47f3-97ba-ba1f58084f92/,32efbcf90ec0b4662d8de68c1c2963c445fe4f8b96965851857f0c02c9bc3e63,senate-efd-electronic,explicit,0
C000174,Thomas R Carper,senate,Democrat,DE,,False,2013-12-16,2015-05-13,DD,E. I. du Pont de Nemours and Company (NYSE),Stock,Purchase,"$1,001 - $15,000",8000.5,False,Spouse,66324d46-8701-47f3-97ba-ba1f58084f92,https://efdsearch.senate.gov/search/view/ptr/66324d46-8701-47f3-97ba-ba1f58084f92/,28ae966be0eb2a723b03e7c9de77cbaa2bf1d5222543a6fe8c63eefc08d77fb5,senate-efd-electronic,explicit,0
C000174,Thomas R Carper,senate,Democrat,DE,,False,2014-03-14,2015-05-13,DD,E. I. du Pont de Nemours and Company (NYSE),Stock,Purchase,"$1,001 - $15,000",8000.5,False,Spouse,66324d46-8701-47f3-97ba-ba1f58084f92,https://efdsearch.senate.gov/search/view/ptr/66324d46-8701-47f3-97ba-ba1f58084f92/,1169954d55f1650fd7051107afb31873bb89b38148066a8ea0f6584af16fcfe5,senate-efd-electronic,explicit,0
C000174,Thomas R Carper,senate,Democrat,DE,,False,2014-03-14,2015-05-13,,HSBC Autocall Transocean  Rate/Coupon: 10.50%  Matures: 03/19/2015,Corporate Bond,Purchase,"$1,001 - $15,000",8000.5,False,Spouse,b2d35534-8daf-406b-abc8-647a2a016108,https://efdsearch.senate.gov/search/view/ptr/b2d35534-8daf-406b-abc8-647a2a016108/,952f7861abdf0fe47bcb90a4b529693f4e941a937d48d9dff8dc099a0461375e,senate-efd-electronic,none,0
C000174,Thomas R Carper,senate,Democrat,DE,,False,2014-03-19,2015-05-13,,MS Autocall Dow Chemical  Rate/Coupon: 10.40%  Matures: 12/19/2016,Corporate Bond,Sale (Full),"$1,001 - $15,000",8000.5,False,Spouse,b2d35534-8daf-406b-abc8-647a2a016108,https://efdsearch.senate.gov/search/view/ptr/b2d35534-8daf-406b-abc8-647a2a016108/,bfe8ca177264f550eb30f1d5a82bec92a7ff1b2ed05fead8d272426a76142983,senate-efd-electronic,none,0
C000174,Thomas R Carper,senate,Democrat,DE,,False,2014-03-21,2015-05-13,,UBS Autocall Met Life  Rate/Coupon: 8.75%  Matures: 03/24/2017,Corporate Bond,Purchase,"$1,001 - $15,000",8000.5,False,Spouse,b2d35534-8daf-406b-abc8-647a2a016108,https://efdsearch.senate.gov/search/view/ptr/b2d35534-8daf-406b-abc8-647a2a016108/,d7b5529ab3aeb27b6889e93b01939ea12711aad02db240436a5b2972b7d2765f,senate-efd-electronic,none,0
C000174,Thomas R Carper,senate,Democrat,DE,,False,2014-06-13,2015-05-13,DD,E. I. du Pont de Nemours and Company (NYSE),Stock,Purchase,"$1,001 - $15,000",8000.5,False,Spouse,66324d46-8701-47f3-97ba-ba1f58084f92,https://efdsearch.senate.gov/search/view/ptr/66324d46-8701-47f3-97ba-ba1f58084f92/,fb9af070ece9ece2b9b8b8a56fede50039e90f40d4d16732bb0828cc75fbc524,senate-efd-electronic,explicit,0
C000174,Thomas R Carper,senate,Democrat,DE,,False,2014-09-15,2015-05-13,DD,E. I. du Pont de Nemours and Company (NYSE),Stock,Purchase,"$1,001 - $15,000",8000.5,False,Spouse,66324d46-8701-47f3-97ba-ba1f58084f92,https://efdsearch.senate.gov/search/view/ptr/66324d46-8701-47f3-97ba-ba1f58084f92/,41448b5b76fc83194e4755ce702ff5f8f2f7440099644096f3d21cb543965aee,senate-efd-electronic,explicit,0
C000174,Thomas R Carper,senate,Democrat,DE,,False,2014-12-15,2015-05-13,DD,E. I. du Pont de Nemours and Company (NYSE),Stock,Purchase,"$1,001 - $15,000",8000.5,False,Spouse,66324d46-8701-47f3-97ba-ba1f58084f92,https://efdsearch.senate.gov/search/view/ptr/66324d46-8701-47f3-97ba-ba1f58084f92/,2bb97cf2280d558e5fd8a1e5a439bfc62ea8a654a93fcc79836a7956c623a675,senate-efd-electronic,explicit,0
C000174,Thomas R Carper,senate,Democrat,DE,,False,2014-12-24,2015-01-06,,JPM Contingent Autocall STX Inc Rate/Coupon: 9.75%  Matures: 9/22/2017,Corporate Bond,Sale (Full),"$15,001 - $50,000",32500.5,False,Spouse,6bd46141-5f4f-4db2-b51d-ffb8f9c817c0,https://efdsearch.senate.gov/search/view/ptr/6bd46141-5f4f-4db2-b51d-ffb8f9c817c0/,72d75367b2e318f949ea5e07f71132cdcb82804e767e4e976afc243827f22656,senate-efd-electronic,none,0
C000174,Thomas R Carper,senate,Democrat,DE,,False,2014-12-26,2015-01-06,,JPM Contingent Autocall STX Inc  Rate/Coupon: 11.85%  Matures: 12/29/2017,Corporate Bond,Purchase,"$15,001 - $50,000",32500.5,False,Spouse,6bd46141-5f4f-4db2-b51d-ffb8f9c817c0,https://efdsearch.senate.gov/search/view/ptr/6bd46141-5f4f-4db2-b51d-ffb8f9c817c0/,11a660c8c290190ec54095539f010706ce34b868b1b66c65490341a33127fdfd,senate-efd-electronic,none,0
C000174,Thomas R Carper,senate,Democrat,DE,,False,2014-12-26,2015-01-06,,JPM Contingent Autocall Apple Inc Rate/Coupon: 12.7%  Matures: 12/29/2017,Corporate Bond,Purchase,"$1,001 - $15,000",8000.5,False,Spouse,6bd46141-5f4f-4db2-b51d-ffb8f9c817c0,https://efdsearch.senate.gov/search/view/ptr/6bd46141-5f4f-4db2-b51d-ffb8f9c817c0/,2950f19d5109b70b5f4e99cba44d6ca0ff1f40b4b28a55ed0a41bde620f7bab5,senate-efd-electronic,none,0
C000174,Thomas R Carper,senate,Democrat,DE,,False,2014-12-31,2015-01-06,,JPM Contingent Autocall Apple Inc  Rate/Coupon: 9.50%  Matures: 9/29/2017,Corporate Bond,Sale (Full),"$1,001 - $15,000",8000.5,False,Spouse,6bd46141-5f4f-4db2-b51d-ffb8f9c817c0,https://efdsearch.senate.gov/search/view/ptr/6bd46141-5f4f-4db2-b51d-ffb8f9c817c0/,bf883107c88bc41865cc9cf1f01c9c6bd99b36268e3e9a2b338d16542bc80b77,senate-efd-electronic,none,0
C000174,Thomas R Carper,senate,Democrat,DE,,False,2015-01-22,2015-02-03,,Under Armour Inc,Stock,Purchase,"$1,001 - $15,000",8000.5,False,Spouse,1fe6bf0d-643f-4997-98ce-b40bee3b95af,https://efdsearch.senate.gov/search/view/ptr/1fe6bf0d-643f-4997-98ce-b40bee3b95af/,468c318df000248a24984d6b5212acd37e34b8787f018db130cbe4d8fba44e37,senate-efd-electronic,none,0
C000174,Thomas R Carper,senate,Democrat,DE,,False,2015-01-22,2015-02-03,PNQI,PowerShares NASDAQ Internet ETF (NASDAQ),Stock,Purchase,"$1,001 - $15,000",8000.5,False,Spouse,1fe6bf0d-643f-4997-98ce-b40bee3b95af,https://efdsearch.senate.gov/search/view/ptr/1fe6bf0d-643f-4997-98ce-b40bee3b95af/,6bc95d637c98b110fbfe54d7198a6d9130495f7465678fc3f7699ea3974f6e55,senate-efd-electronic,explicit,0
C000174,Thomas R Carper,senate,Democrat,DE,,False,2015-01-22,2015-02-03,,Nike Inc B,Stock,Purchase,"$1,001 - $15,000",8000.5,False,Spouse,1fe6bf0d-643f-4997-98ce-b40bee3b95af,https://efdsearch.senate.gov/search/view/ptr/1fe6bf0d-643f-4997-98ce-b40bee3b95af/,43811b7077dbf4dada0f71e86743050fd8cb6641261b514c56b656d0e619a3f7,senate-efd-electronic,none,0
C000174,Thomas R Carper,senate,Democrat,DE,,False,2015-01-26,2015-02-03,HBI,Hanesbrands Inc. (NYSE),Stock,Purchase,"$1,001 - $15,000",8000.5,False,Spouse,1fe6bf0d-643f-4997-98ce-b40bee3b95af,https://efdsearch.senate.gov/search/view/ptr/1fe6bf0d-643f-4997-98ce-b40bee3b95af/,d598a15fdc4c2004f04621f0e50443fbcddbbdc5bd481cfa8da304cd69f83479,senate-efd-electronic,explicit,0
C000174,Thomas R Carper,senate,Democrat,DE,,False,2015-01-28,2015-02-03,TGT,Target Corp. (NYSE),Stock,Sale (Full),"$1,001 - $15,000",8000.5,False,Spouse,1fe6bf0d-643f-4997-98ce-b40bee3b95af,https://efdsearch.senate.gov/search/view/ptr/1fe6bf0d-643f-4997-98ce-b40bee3b95af/,ce4e819464ba79c05f6c93eec5a486abb077bcce217f9ba63d2097d618cb3dbb,senate-efd-electronic,explicit,0
C000174,Thomas R Carper,senate,Democrat,DE,,False,2015-01-28,2015-02-03,,Under Armour Inc,Stock,Purchase,"$1,001 - $15,000",8000.5,False,Spouse,1fe6bf0d-643f-4997-98ce-b40bee3b95af,https://efdsearch.senate.gov/search/view/ptr/1fe6bf0d-643f-4997-98ce-b40bee3b95af/,dbe0a7684c49f116338d1e556cffa3bf25115eab04d9e61c9a2c3b16b513cee3,senate-efd-electronic,none,0
C000174,Thomas R Carper,senate,Democrat,DE,,False,2015-01-29,2015-02-03,,JPM Contingent Autocall Walgreens  Rate/Coupon: 9.3%  Matures: 07/28/2017,Corporate Bond,Sale (Full),"$15,001 - $50,000",32500.5,False,Spouse,1fe6bf0d-643f-4997-98ce-b40bee3b95af,https://efdsearch.senate.gov/search/view/ptr/1fe6bf0d-643f-4997-98ce-b40bee3b95af/,e69fd4fbd27508c741df540d01e04e75c1dac865859d3390ab3906fa085542bd,senate-efd-electronic,none,0
C000174,Thomas R Carper,senate,Democrat,DE,,False,2015-01-29,2015-02-03,,JPM Contingent Autocall Walgreen Rate/Coupon: 9.3%  Matures: 07/28/2017,Corporate Bond,Sale (Full),"$1,001 - $15,000",8000.5,False,Spouse,1fe6bf0d-643f-4997-98ce-b40bee3b95af,https://efdsearch.senate.gov/search/view/ptr/1fe6bf0d-643f-4997-98ce-b40bee3b95af/,b8b216f06dab91a336e53e132ff6b44cd7dd41537dec7c8d1d29d47f3d700e80,senate-efd-electronic,none,0
C000174,Thomas R Carper,senate,Democrat,DE,,False,2015-01-30,2015-02-03,,Barclays Contingent Autocall CBS Rate/Coupon: 8.45%  Matures: 02/02/2018,Corporate Bond,Purchase,"$15,001 - $50,000",32500.5,False,Spouse,1fe6bf0d-643f-4997-98ce-b40bee3b95af,https://efdsearch.senate.gov/search/view/ptr/1fe6bf0d-643f-4997-98ce-b40bee3b95af/,9175c126af023ad9b5bc844c5a04d925a5a6e1123e213558c372b36a477d5c91,senate-efd-electronic,none,0
C000174,Thomas R Carper,senate,Democrat,DE,,False,2015-01-30,2015-02-03,,Barclays Contingent Autocall CBS Rate/Coupon: 8.45%  Matures: 02/02/18,Corporate Bond,Purchase,"$1,001 - $15,000",8000.5,False,Spouse,1fe6bf0d-643f-4997-98ce-b40bee3b95af,https://efdsearch.senate.gov/search/view/ptr/1fe6bf0d-643f-4997-98ce-b40bee3b95af/,6a48ed0ac2b7a7cfbb5fc5266d8b46591c5a8210d0fe7cfb1dd40421652d54f0,senate-efd-electronic,none,0
C000174,Thomas R Carper,senate,Democrat,DE,,False,2015-02-05,2015-03-03,,JPM Contingent Autocall Baker Hughes  Rate/Coupon: 9.75%  Matures: 11/03/2017,Corporate Bond,Sale (Full),"$1,001 - $15,000",8000.5,False,Spouse,ad73b552-c576-4819-9061-7fa2003a1503,https://efdsearch.senate.gov/search/view/ptr/ad73b552-c576-4819-9061-7fa2003a1503/,c3a476f0c9e321b2436aa8476999d53cec496a355b4cb12cd76f4def904bd562,senate-efd-electronic,none,0
C000174,Thomas R Carper,senate,Democrat,DE,,False,2015-02-06,2015-03-03,,MS Contingent Autocall Halliburton  Rate/Coupon: 11.2%  Matures: 02/09/2018,Corporate Bond,Purchase,"$1,001 - $15,000",8000.5,False,Spouse,ad73b552-c576-4819-9061-7fa2003a1503,https://efdsearch.senate.gov/search/view/ptr/ad73b552-c576-4819-9061-7fa2003a1503/,f91207d7badf7b739050870e5cbd4498e86b4a25f4d00f40a3ea4d261ce2170d,senate-efd-electronic,none,0
C000174,Thomas R Carper,senate,Democrat,DE,,False,2015-02-12,2015-03-03,,Banco Latinoamericano De Commerce,Stock,Sale (Full),"$1,001 - $15,000",8000.5,False,Spouse,ad73b552-c576-4819-9061-7fa2003a1503,https://efdsearch.senate.gov/search/view/ptr/ad73b552-c576-4819-9061-7fa2003a1503/,26a68b8a6e2d72377209c335767a6c6f3c3394e1baecab4140dc1f1397593488,senate-efd-electronic,none,0
C000174,Thomas R Carper,senate,Democrat,DE,,False,2015-02-12,2015-03-03,,SPDR S&P BRIC 40 Exchange,Stock,Sale (Full),"$1,001 - $15,000",8000.5,False,Spouse,ad73b552-c576-4819-9061-7fa2003a1503,https://efdsearch.senate.gov/search/view/ptr/ad73b552-c576-4819-9061-7fa2003a1503/,56f476deba636f9a9c9ead7ab55036cb6410d3bb8ac9824fd3b34e3f00051142,senate-efd-electronic,none,0
C000174,Thomas R Carper,senate,Democrat,DE,,False,2015-02-12,2015-03-03,ABBV,AbbVie Inc. (NYSE),Stock,Purchase,"$1,001 - $15,000",8000.5,False,Spouse,ad73b552-c576-4819-9061-7fa2003a1503,https://efdsearch.senate.gov/search/view/ptr/ad73b552-c576-4819-9061-7fa2003a1503/,b0f930ab60704ff898c8b17d5f9ee542c4acf2e80a7c46dd1e0f638e4ed161fc,senate-efd-electronic,explicit,0
C000174,Thomas R Carper,senate,Democrat,DE,,False,2015-02-12,2015-03-03,VLO,Valero Energy Corporation (NYSE),Stock,Sale (Full),"$1,001 - $15,000",8000.5,False,Spouse,ad73b552-c576-4819-9061-7fa2003a1503,https://efdsearch.senate.gov/search/view/ptr/ad73b552-c576-4819-9061-7fa2003a1503/,bf3d8a95901f7da27d3639cbeea01b057ca76fb1cfefccbd350c3a1404957858,senate-efd-electronic,explicit,0
C000174,Thomas R Carper,senate,Democrat,DE,,False,2015-02-12,2015-03-03,AAPL,Apple Inc. (NASDAQ),Stock,Purchase,"$1,001 - $15,000",8000.5,False,Spouse,ad73b552-c576-4819-9061-7fa2003a1503,https://efdsearch.senate.gov/search/view/ptr/ad73b552-c576-4819-9061-7fa2003a1503/,c6344a27467bc47f39ec06fb4e86c7c5b62f4bf6cd68dab82890f8db23a0b43c,senate-efd-electronic,explicit,0
C000174,Thomas R Carper,senate,Democrat,DE,,False,2015-02-12,2015-03-03,,DuPont,Stock,Sale (Full),"$1,001 - $15,000",8000.5,False,Spouse,ad73b552-c576-4819-9061-7fa2003a1503,https://efdsearch.senate.gov/search/view/ptr/ad73b552-c576-4819-9061-7fa2003a1503/,b64af6d362acb0182dff9165152bc85f2eafc4e4212e5653473f435599e3e7f3,senate-efd-electronic,none,0
C000174,Thomas R Carper,senate,Democrat,DE,,False,2015-02-12,2015-03-03,ITW,Illinois Tool Works Inc. (NYSE),Stock,Sale (Full),"$1,001 - $15,000",8000.5,False,Spouse,ad73b552-c576-4819-9061-7fa2003a1503,https://efdsearch.senate.gov/search/view/ptr/ad73b552-c576-4819-9061-7fa2003a1503/,8bf41ac7dc4004a19657262f2dd8118978751b5cd46b35b19d8ee82808e07d16,senate-efd-electronic,explicit,0
C000174,Thomas R Carper,senate,Democrat,DE,,False,2015-02-12,2015-03-03,,Ares Capital,Stock,Purchase,"$1,001 - $15,000",8000.5,False,Spouse,ad73b552-c576-4819-9061-7fa2003a1503,https://efdsearch.senate.gov/search/view/ptr/ad73b552-c576-4819-9061-7fa2003a1503/,55dfb3f9c7c2e42c239b78db37710076666d1aa2b02249e2f2674e0865ebd5e6,senate-efd-electronic,none,0
C000174,Thomas R Carper,senate,Democrat,DE,,False,2015-02-12,2015-03-03,ABT,Abbott Laboratories (NYSE),Stock,Purchase,"$1,001 - $15,000",8000.5,False,Spouse,ad73b552-c576-4819-9061-7fa2003a1503,https://efdsearch.senate.gov/search/view/ptr/ad73b552-c576-4819-9061-7fa2003a1503/,23265cefc504989a5453198d81ddc6bbe017fb6f778d68534dd8401e05938e8c,senate-efd-electronic,explicit,0
C000174,Thomas R Carper,senate,Democrat,DE,,False,2015-02-13,2015-03-03,,Vanguard Health Care TF,Stock,Purchase,"$1,001 - $15,000",8000.5,False,Spouse,ad73b552-c576-4819-9061-7fa2003a1503,https://efdsearch.senate.gov/search/view/ptr/ad73b552-c576-4819-9061-7fa2003a1503/,cda84fe2199db86f6e5792f63cd23c2f7a9f188acaaad23830b5a2dc10ae3806,senate-efd-electronic,none,0
C000174,Thomas R Carper,senate,Democrat,DE,,False,2015-02-13,2015-03-03,,Vanguard Consumer Discretionary ETF,Stock,Purchase,"$1,001 - $15,000",8000.5,False,Spouse,ad73b552-c576-4819-9061-7fa2003a1503,https://efdsearch.senate.gov/search/view/ptr/ad73b552-c576-4819-9061-7fa2003a1503/,7141ec23274dfddb8dcc1f516b4c2cd73b594301b53fddd5450962a195a7bf45,senate-efd-electronic,none,0
C000174,Thomas R Carper,senate,Democrat,DE,,False,2015-02-18,2015-03-03,,Google Inc Cl A,Stock,Sale (Full),"$1,001 - $15,000",8000.5,False,Spouse,ad73b552-c576-4819-9061-7fa2003a1503,https://efdsearch.senate.gov/search/view/ptr/ad73b552-c576-4819-9061-7fa2003a1503/,e5c37d1f46e437288fcda68b6cd3ba2217f6356b09e6ecf6ba0acd50b23156f0,senate-efd-electronic,none,0
C000174,Thomas R Carper,senate,Democrat,DE,,False,2015-02-18,2015-03-03,,Google Inc Cl C,Stock,Purchase,"$1,001 - $15,000",8000.5,False,Spouse,ad73b552-c576-4819-9061-7fa2003a1503,https://efdsearch.senate.gov/search/view/ptr/ad73b552-c576-4819-9061-7fa2003a1503/,2650691cdcba6448d38dd9a7a9d3cb3e2577ae3e0323e2b98f4f70c7cceda7ca,senate-efd-electronic,none,0
C000174,Thomas R Carper,senate,Democrat,DE,,False,2015-02-20,2015-03-03,PNQI,PowerShares NASDAQ Internet ETF (NASDAQ),Stock,Purchase,"$1,001 - $15,000",8000.5,False,Spouse,ad73b552-c576-4819-9061-7fa2003a1503,https://efdsearch.senate.gov/search/view/ptr/ad73b552-c576-4819-9061-7fa2003a1503/,d588bb9ccd8aa6791e8f01d29be96533abaf2193e9f585c05d9485c467fa7eff,senate-efd-electronic,explicit,0
C000174,Thomas R Carper,senate,Democrat,DE,,False,2015-02-20,2015-03-03,UA,"Under Armour, Inc. (NYSE)",Stock,Purchase,"$1,001 - $15,000",8000.5,False,Spouse,ad73b552-c576-4819-9061-7fa2003a1503,https://efdsearch.senate.gov/search/view/ptr/ad73b552-c576-4819-9061-7fa2003a1503/,a7571a826cbea531f4c49e187e7d666f17023451aa2f45a0f809e59df45fadc6,senate-efd-electronic,explicit,0
C000174,Thomas R Carper,senate,Democrat,DE,,False,2015-02-20,2015-03-03,HBI,Hanesbrands Inc. (NYSE),Stock,Purchase,"$1,001 - $15,000",8000.5,False,Spouse,ad73b552-c576-4819-9061-7fa2003a1503,https://efdsearch.senate.gov/search/view/ptr/ad73b552-c576-4819-9061-7fa2003a1503/,45c69eab0c7b8d7559b858bed53ba570396f3e97086e0a620667e5d562895539,senate-efd-electronic,explicit,0
C000174,Thomas R Carper,senate,Democrat,DE,,False,2015-02-23,2015-03-03,,Morgan Stanley Prd A,Stock,Sale (Full),"$15,001 - $50,000",32500.5,False,Spouse,ad73b552-c576-4819-9061-7fa2003a1503,https://efdsearch.senate.gov/search/view/ptr/ad73b552-c576-4819-9061-7fa2003a1503/,a8d3f7e2a143dcead562a3e1064a914b6e260405dcbb0c5bf7e9ea476555c7a5,senate-efd-electronic,none,0
C000174,Thomas R Carper,senate,Democrat,DE,,False,2015-02-23,2015-03-03,,Alcoa Inc Pfd CV Cl B,Stock,Purchase,"$15,001 - $50,000",32500.5,False,Spouse,ad73b552-c576-4819-9061-7fa2003a1503,https://efdsearch.senate.gov/search/view/ptr/ad73b552-c576-4819-9061-7fa2003a1503/,20f07cab077ba024fe10d147ce21226147ee05fdddfb559f4879236fae301f86,senate-efd-electronic,none,0
C000174,Thomas R Carper,senate,Democrat,DE,,False,2015-03-11,2015-10-05,,UBS Contingent Autocall Terex  Rate/Coupon: 11.2%  Matures: 03/11/2015,Corporate Bond,Sale (Full),"$1,001 - $15,000",8000.5,False,Spouse,8a34aacd-4b99-44bd-bd60-1881c260d4fe,https://efdsearch.senate.gov/search/view/ptr/8a34aacd-4b99-44bd-bd60-1881c260d4fe/,a88cf98ca9cb19093c139f48efc71c602aba4822e7c892c8866e0a3503476131,senate-efd-electronic,none,0
C000174,Thomas R Carper,senate,Democrat,DE,,False,2015-03-13,2015-10-02,,DuPont EI de Nemours & Co,Stock,Purchase,"$1,001 - $15,000",8000.5,False,Spouse,eaf30e17-3ed0-455b-b63e-6b6d7341bea5,https://efdsearch.senate.gov/search/view/ptr/eaf30e17-3ed0-455b-b63e-6b6d7341bea5/,7969ea75074191047d74a66011e81a0f73d88275f73ceb68dcb6e07cc8803055,senate-efd-electronic,none,0
C000174,Thomas R Carper,senate,Democrat,DE,,False,2015-03-13,2015-05-13,DD,E. I. du Pont de Nemours and Company (NYSE),Stock,Purchase,"$1,001 - $15,000",8000.5,False,Spouse,66324d46-8701-47f3-97ba-ba1f58084f92,https://efdsearch.senate.gov/search/view/ptr/66324d46-8701-47f3-97ba-ba1f58084f92/,bc6aa0a4c9dcd14727de1d0fea940c5ea75cbf7c7f3275ceb49184d6059c216e,senate-efd-electronic,explicit,0
C000174,Thomas R Carper,senate,Democrat,DE,,False,2015-03-18,2015-10-05,,HSBC Contingent Autocall Valero Energy  Rate/Coupon: 9.3%  Matures: 06/18/2015,Corporate Bond,Sale (Full),"$1,001 - $15,000",8000.5,False,Spouse,8a34aacd-4b99-44bd-bd60-1881c260d4fe,https://efdsearch.senate.gov/search/view/ptr/8a34aacd-4b99-44bd-bd60-1881c260d4fe/,1f2db17e251c14666914f1197f7b18344ebc60503c6a9acf9979142688c1d505,senate-efd-electronic,none,0
C000174,Thomas R Carper,senate,Democrat,DE,,False,2015-03-20,2015-10-05,,MS Contingent Autocall Marathon Petroleum  Rate/Coupon: 9.5%  Matures: 03/23/2018,Corporate Bond,Purchase,"$1,001 - $15,000",8000.5,False,Spouse,8a34aacd-4b99-44bd-bd60-1881c260d4fe,https://efdsearch.senate.gov/search/view/ptr/8a34aacd-4b99-44bd-bd60-1881c260d4fe/,090f632a1136855555299ab26f7912423f69ec2288b8bc9036ec036f5fae215e,senate-efd-electronic,none,0
C000174,Thomas R Carper,senate,Democrat,DE,,False,2015-03-31,2015-10-05,,MS Contingent Autocall Apple Computer  Rate/Coupon: 12.7%  Matures: 12/29/2017,Corporate Bond,Sale (Full),"$1,001 - $15,000",8000.5,False,Spouse,8a34aacd-4b99-44bd-bd60-1881c260d4fe,https://efdsearch.senate.gov/search/view/ptr/8a34aacd-4b99-44bd-bd60-1881c260d4fe/,f7cf56d3baa7ad222a5d968c4563f9b42f0c692762304e0d4ede30f3a617331c,senate-efd-electronic,none,0
C000174,Thomas R Carper,senate,Democrat,DE,,False,2015-04-02,2015-05-01,,MS Contingent Autocall on Apple Inc  Rate/Coupon: 10%  Matures: 04/09/2018,Corporate Bond,Purchase,"$1,001 - $15,000",8000.5,False,Spouse,b28b6273-8a44-48ea-a17d-9ebb630f9cc9,https://efdsearch.senate.gov/search/view/ptr/b28b6273-8a44-48ea-a17d-9ebb630f9cc9/,0780efa635ae96f452a5064d7439988a237d1a5291bc5986cc3dc54ddba3c5bd,senate-efd-electronic,none,0
C000174,Thomas R Carper,senate,Democrat,DE,,False,2015-04-22,2015-05-01,,Under Armour Inc,Stock,Purchase,"$1,001 - $15,000",8000.5,False,Spouse,b28b6273-8a44-48ea-a17d-9ebb630f9cc9,https://efdsearch.senate.gov/search/view/ptr/b28b6273-8a44-48ea-a17d-9ebb630f9cc9/,4d28fe20f6eb439580a3649cd178a58defd98583b909c38543f8196f4257b362,senate-efd-electronic,none,0
C000174,Thomas R Carper,senate,Democrat,DE,,False,2015-04-22,2015-05-01,AAPL,Apple Inc. (NASDAQ),Stock,Purchase,"$1,001 - $15,000",8000.5,False,Spouse,b28b6273-8a44-48ea-a17d-9ebb630f9cc9,https://efdsearch.senate.gov/search/view/ptr/b28b6273-8a44-48ea-a17d-9ebb630f9cc9/,0c4c9e35431c9606d706cd8f7821b068e64064b379329e20a506365fc2dbd5cb,senate-efd-electronic,explicit,0
C000174,Thomas R Carper,senate,Democrat,DE,,False,2015-05-01,2015-06-01,,JPM Contingent Autocall Mobileye N.V. Rate/Coupon: 13.75%  Matures: 05/05/2016,Corporate Bond,Purchase,"$15,001 - $50,000",32500.5,False,Spouse,78a61c9c-c42d-4eea-b4e8-579ae1c0e901,https://efdsearch.senate.gov/search/view/ptr/78a61c9c-c42d-4eea-b4e8-579ae1c0e901/,dcc237ee66c7dc98a1add44433f6af5f127c8bf47ddd1deb380b872482f6987c,senate-efd-electronic,none,0
C000174,Thomas R Carper,senate,Democrat,DE,,False,2015-05-05,2015-06-01,,Barclays Contingent Autocall on CBS  Rate/Coupon: 8.45%  Matures: 02/02/2018,Corporate Bond,Sale (Full),"$1,001 - $15,000",8000.5,False,Spouse,78a61c9c-c42d-4eea-b4e8-579ae1c0e901,https://efdsearch.senate.gov/search/view/ptr/78a61c9c-c42d-4eea-b4e8-579ae1c0e901/,9d36e6ae2bd279df5377bbc265885fe1b3a0ebb18425770bc9a5250ccb3e7790,senate-efd-electronic,none,0
C000174,Thomas R Carper,senate,Democrat,DE,,False,2015-05-05,2015-06-01,,Barclays Contingent Autocall on CBS Rate/Coupon: 8.45%  Matures: 02/02/2018,Corporate Bond,Sale (Full),"$15,001 - $50,000",32500.5,False,Spouse,78a61c9c-c42d-4eea-b4e8-579ae1c0e901,https://efdsearch.senate.gov/search/view/ptr/78a61c9c-c42d-4eea-b4e8-579ae1c0e901/,ec9a07409cbfb910f20f958833e7cc9808c46a352d58d547717b1b97fc66e219,senate-efd-electronic,none,0
C000174,Thomas R Carper,senate,Democrat,DE,,False,2015-05-11,2015-06-01,,MS Contingent Autocall Halliburton  Rate/Coupon: 11.2%  Matures: 02/09/2018,Corporate Bond,Sale (Full),"$1,001 - $15,000",8000.5,False,Spouse,78a61c9c-c42d-4eea-b4e8-579ae1c0e901,https://efdsearch.senate.gov/search/view/ptr/78a61c9c-c42d-4eea-b4e8-579ae1c0e901/,09a0f03da233d4c305bbeef0d120ef34767496280cca7ddb9dd7abf06335927f,senate-efd-electronic,none,0
C000174,Thomas R Carper,senate,Democrat,DE,,False,2015-05-14,2015-06-01,,SPDR Euro Stoxx 50 ETF,Stock,Purchase,"$1,001 - $15,000",8000.5,False,Spouse,78a61c9c-c42d-4eea-b4e8-579ae1c0e901,https://efdsearch.senate.gov/search/view/ptr/78a61c9c-c42d-4eea-b4e8-579ae1c0e901/,d14646e726ee9c0a09608af92227ae9055121d60ec017b8d2f1aaefd3177f578,senate-efd-electronic,none,0
C000174,Thomas R Carper,senate,Democrat,DE,,False,2015-05-14,2015-06-01,,Under Armour Inc,Stock,Purchase,"$1,001 - $15,000",8000.5,False,Spouse,78a61c9c-c42d-4eea-b4e8-579ae1c0e901,https://efdsearch.senate.gov/search/view/ptr/78a61c9c-c42d-4eea-b4e8-579ae1c0e901/,2f0633f5c532c7ef18e8f8388023e30853f2cb98ab0b7ad44f9b5da76a7ea9f3,senate-efd-electronic,none,0
C000174,Thomas R Carper,senate,Democrat,DE,,False,2015-05-14,2015-06-01,AAPL,Apple Inc. (NASDAQ),Stock,Purchase,"$1,001 - $15,000",8000.5,False,Spouse,78a61c9c-c42d-4eea-b4e8-579ae1c0e901,https://efdsearch.senate.gov/search/view/ptr/78a61c9c-c42d-4eea-b4e8-579ae1c0e901/,f672c967865b1021ac53b0008ba0a8b0fa3180bc20f906753a16fc38c4c3fc43,senate-efd-electronic,explicit,0
C000174,Thomas R Carper,senate,Democrat,DE,,False,2015-05-15,2015-06-01,,JJPM Contingent Autocall Halliburton Rate/Coupon: 10%  Matures: 05/18/2018,Corporate Bond,Purchase,"$1,001 - $15,000",8000.5,False,Spouse,78a61c9c-c42d-4eea-b4e8-579ae1c0e901,https://efdsearch.senate.gov/search/view/ptr/78a61c9c-c42d-4eea-b4e8-579ae1c0e901/,89188fcb2a5a9fcf45b91ab0db83f358de15003416d3f393010d98538a5864a7,senate-efd-electronic,none,0
C000174,Thomas R Carper,senate,Democrat,DE,,False,2015-06-12,2015-07-01,DD,E. I. du Pont de Nemours and Company (NYSE),Stock,Purchase,"$1,001 - $15,000",8000.5,False,Spouse,3d55f653-61dd-434a-a389-bff086c33c09,https://efdsearch.senate.gov/search/view/ptr/3d55f653-61dd-434a-a389-bff086c33c09/,5a1f3599e65235707f5a29308f25bac087bdea0a62755b4f2028c644b37425b2,senate-efd-electronic,explicit,0
C000174,Thomas R Carper,senate,Democrat,DE,,False,2015-06-12,2015-07-01,,JPM Contingent Autocall on Apple  Rate/Coupon: 8.25%  Matures: 06/15/2018,Corporate Bond,Purchase,"$1,001 - $15,000",8000.5,False,Spouse,3d55f653-61dd-434a-a389-bff086c33c09,https://efdsearch.senate.gov/search/view/ptr/3d55f653-61dd-434a-a389-bff086c33c09/,3117260b70351f6af99a15a78f677c48d21afc7421b1cd55693d586aa6a5ceaf,senate-efd-electronic,none,0
C000174,Thomas R Carper,senate,Democrat,DE,,False,2015-06-24,2015-07-01,ATML,Atmel Corporation (NASDAQ),Stock,Sale (Full),"$1,001 - $15,000",8000.5,False,Spouse,3d55f653-61dd-434a-a389-bff086c33c09,https://efdsearch.senate.gov/search/view/ptr/3d55f653-61dd-434a-a389-bff086c33c09/,007faaffc1595be6d3e50e17b37eeabeead9db299962f6fabc625fcc47b1b50d,senate-efd-electronic,explicit,0
C000174,Thomas R Carper,senate,Democrat,DE,,False,2015-06-24,2015-07-01,CVG,Convergys Corporation (NYSE),Stock,Purchase,"$1,001 - $15,000",8000.5,False,Spouse,3d55f653-61dd-434a-a389-bff086c33c09,https://efdsearch.senate.gov/search/view/ptr/3d55f653-61dd-434a-a389-bff086c33c09/,723f441de3356a4210ca68f195e1f195ebe7b09815daf5f76be164f2b2e7c50b,senate-efd-electronic,explicit,0
C000174,Thomas R Carper,senate,Democrat,DE,,False,2015-06-25,2015-07-01,,HSBC Contingent Autocall Transocean  Rate/Coupon: 10%  Matures: 06/25/2015,Corporate Bond,Sale (Full),"$1,001 - $15,000",8000.5,False,Spouse,3d55f653-61dd-434a-a389-bff086c33c09,https://efdsearch.senate.gov/search/view/ptr/3d55f653-61dd-434a-a389-bff086c33c09/,eea1b86bc93cacaf930789ae2c5f66ae5060a5d9e52795ccf625235522f45f19,senate-efd-electronic,none,0
C000174,Thomas R Carper,senate,Democrat,DE,,False,2015-06-25,2015-07-01,,MS Contingent Autocall Marathon Petroleum  Rate/Coupon: 9.5%  Matures: 03/23/2018,Corporate Bond,Sale (Full),"$1,001 - $15,000",8000.5,False,Spouse,3d55f653-61dd-434a-a389-bff086c33c09,https://efdsearch.senate.gov/search/view/ptr/3d55f653-61dd-434a-a389-bff086c33c09/,6a9012f05916eaf9f5937675aa36ef6dc28c294266b6c4a50bc2620f397e6516,senate-efd-electronic,none,0
C000174,Thomas R Carper,senate,Democrat,DE,,False,2015-06-26,2015-07-01,,MS Contingent Autocall Marathon Petroleum  Rate/Coupon: 10.15%  Matures: 06/29/2018,Corporate Bond,Purchase,"$1,001 - $15,000",8000.5,False,Spouse,3d55f653-61dd-434a-a389-bff086c33c09,https://efdsearch.senate.gov/search/view/ptr/3d55f653-61dd-434a-a389-bff086c33c09/,e2ad115cbbcbc0a7f7377fed6637489aa48e14853964a1461ffb5ff8558b6eb7,senate-efd-electronic,none,0
C000174,Thomas R Carper,senate,Democrat,DE,,False,2015-07-09,2015-08-04,,Barclays Contingent Autocall on Vodaphone  Rate/Coupon: 11.05%  Matures: 04/10/2017,Corporate Bond,Sale (Full),"$15,001 - $50,000",32500.5,False,Spouse,fc8bb65a-7151-4bf8-91f2-adb04e85221c,https://efdsearch.senate.gov/search/view/ptr/fc8bb65a-7151-4bf8-91f2-adb04e85221c/,d9c6b49e99ee214198627f0047b65d1cffce901c9948f525aae49e31c053b524,senate-efd-electronic,none,0
C000174,Thomas R Carper,senate,Democrat,DE,,False,2015-07-10,2015-08-04,,Barclays Contingent Autocall on Apple  Rate/Coupon: 8.15%  Matures: 07/13/2018,Corporate Bond,Purchase,"$1,001 - $15,000",8000.5,False,Spouse,fc8bb65a-7151-4bf8-91f2-adb04e85221c,https://efdsearch.senate.gov/search/view/ptr/fc8bb65a-7151-4bf8-91f2-adb04e85221c/,dc2c05a4def83acf62c76e6cbfe2835c099cbb420b04e0dee0bd8cab4b5201f3,senate-efd-electronic,none,0
C000174,Thomas R Carper,senate,Democrat,DE,,False,2015-07-10,2015-08-04,,MS Contingent Autocall on Apple Inc  Rate/Coupon: 10%  Matures: 04/09/2018,Corporate Bond,Sale (Full),"$1,001 - $15,000",8000.5,False,Spouse,fc8bb65a-7151-4bf8-91f2-adb04e85221c,https://efdsearch.senate.gov/search/view/ptr/fc8bb65a-7151-4bf8-91f2-adb04e85221c/,c64f99c7740e332745f26e4b9cb189f20928a3dd20b90a098414d4da8b73cf81,senate-efd-electronic,none,0
C000174,Thomas R Carper,senate,Democrat,DE,,False,2015-07-21,2015-08-04,,U.S. Steel,Stock,Sale (Full),"$1,001 - $15,000",8000.5,False,Spouse,fc8bb65a-7151-4bf8-91f2-adb04e85221c,https://efdsearch.senate.gov/search/view/ptr/fc8bb65a-7151-4bf8-91f2-adb04e85221c/,277e08b68bf92709508317a39b53b56e3bd7f394cf13b61fe869a44b1540742c,senate-efd-electronic,none,0
C000174,Thomas R Carper,senate,Democrat,DE,,False,2015-07-21,2015-08-04,,Transocean Ltd.,Stock,Sale (Full),"$1,001 - $15,000",8000.5,False,Spouse,fc8bb65a-7151-4bf8-91f2-adb04e85221c,https://efdsearch.senate.gov/search/view/ptr/fc8bb65a-7151-4bf8-91f2-adb04e85221c/,bfdf7c621e9a22b5793057084887a53a8033daeb62e259adff42ea1ec17d6b7f,senate-efd-electronic,none,0
C000174,Thomas R Carper,senate,Democrat,DE,,False,2015-07-21,2015-08-04,NWN,Northwest Natural Gas Company (NYSE),Stock,Purchase,"$1,001 - $15,000",8000.5,False,Spouse,fc8bb65a-7151-4bf8-91f2-adb04e85221c,https://efdsearch.senate.gov/search/view/ptr/fc8bb65a-7151-4bf8-91f2-adb04e85221c/,3e1ee3f3fdd04db70ae4f7fd639351aba45103b231accbef4d970c131cb6dac6,senate-efd-electronic,explicit,0
C000174,Thomas R Carper,senate,Democrat,DE,,False,2015-07-21,2015-08-04,,One Gas Inc,Stock,Sale (Full),"$1,001 - $15,000",8000.5,False,Spouse,fc8bb65a-7151-4bf8-91f2-adb04e85221c,https://efdsearch.senate.gov/search/view/ptr/fc8bb65a-7151-4bf8-91f2-adb04e85221c/,16b6daf3df16a8a0ba9a89e272212964b960e32a5602818105f25ae68c352f10,senate-efd-electronic,none,0
C000174,Thomas R Carper,senate,Democrat,DE,,False,2015-07-30,2015-08-04,,HSBC Contingent Autocall on FCX Corp  Rate/Coupon: 8.95%  Matures: 07/30/2015,Corporate Bond,Sale (Full),"$1,001 - $15,000",8000.5,False,Spouse,fc8bb65a-7151-4bf8-91f2-adb04e85221c,https://efdsearch.senate.gov/search/view/ptr/fc8bb65a-7151-4bf8-91f2-adb04e85221c/,1188b14fe60d13f2f20c279458ad2fb045af77afb651d74c4b2d062e354d697e,senate-efd-electronic,none,0
C000174,Thomas R Carper,senate,Democrat,DE,,False,2015-07-31,2015-08-04,,HSBC Contingent Autocall on the Blackstone Group  Rate/Coupon: 8.8%  Matures: 08/03/2018,Corporate Bond,Purchase,"$15,001 - $50,000",32500.5,False,Spouse,fc8bb65a-7151-4bf8-91f2-adb04e85221c,https://efdsearch.senate.gov/search/view/ptr/fc8bb65a-7151-4bf8-91f2-adb04e85221c/,0ffc552fff6f3743746c8550f205d6e550649e7744a9e5ad62ed759c0c7a1374,senate-efd-electronic,none,0
C000174,Thomas R Carper,senate,Democrat,DE,,False,2015-08-04,2015-09-01,,Baxalta,Stock,Sale (Full),"$1,001 - $15,000",8000.5,False,Spouse,bd75505b-cd44-431d-94b2-7eda40672953,https://efdsearch.senate.gov/search/view/ptr/bd75505b-cd44-431d-94b2-7eda40672953/,642a0fdfe87f22c6225043d1f402bbeb5046e99a1f1bcd7e040eb3e2258b4fee,senate-efd-electronic,none,0
C000174,Thomas R Carper,senate,Democrat,DE,,False,2015-08-06,2015-09-01,,JPM Contingent Autocall Mobileye N.V.  Rate/Coupon: 13.75%  Matures: 05/05/2016,Corporate Bond,Sale (Full),"$15,001 - $50,000",32500.5,False,Spouse,bd75505b-cd44-431d-94b2-7eda40672953,https://efdsearch.senate.gov/search/view/ptr/bd75505b-cd44-431d-94b2-7eda40672953/,994a4b57e175c39d668d4ee222300a9596fcb8ff9cb3a4857ce1949db7a9e112,senate-efd-electronic,none,0
C000174,Thomas R Carper,senate,Democrat,DE,,False,2015-08-13,2015-09-01,,JPM Contingent Autocall Prudential Financial  Rate/Coupon: 8.15%  Matures: 08/11/2017,Corporate Bond,Sale (Full),"$1,001 - $15,000",8000.5,False,Spouse,bd75505b-cd44-431d-94b2-7eda40672953,https://efdsearch.senate.gov/search/view/ptr/bd75505b-cd44-431d-94b2-7eda40672953/,368b216dee172ee286671b2004bdf49ca465ae4a6ce6a14435f9e0a07873fa7f,senate-efd-electronic,none,0
C000174,Thomas R Carper,senate,Democrat,DE,,False,2015-08-14,2015-09-01,,UBS Contingent Autocall Marathon Petroleum  Rate/Coupon: 11%  Matures: 08/17/2018,Corporate Bond,Purchase,"$15,001 - $50,000",32500.5,False,Spouse,bd75505b-cd44-431d-94b2-7eda40672953,https://efdsearch.senate.gov/search/view/ptr/bd75505b-cd44-431d-94b2-7eda40672953/,9d69062231ab4bcad1dae4a05a4e8fd44f6c63a697de57fe4b562c722b366fb8,senate-efd-electronic,none,0
C000174,Thomas R Carper,senate,Democrat,DE,,False,2015-08-25,2015-09-01,AEE,Ameren Corporation (NYSE),Stock,Purchase,"$1,001 - $15,000",8000.5,False,Spouse,bd75505b-cd44-431d-94b2-7eda40672953,https://efdsearch.senate.gov/search/view/ptr/bd75505b-cd44-431d-94b2-7eda40672953/,42fe2ffc6a101339a0172467be7e5188d5d3a5748e78bd9446ba8947fb620810,senate-efd-electronic,explicit,0
C000174,Thomas R Carper,senate,Democrat,DE,,False,2015-08-25,2015-09-01,GAS,AGL Resources Inc. (NYSE),Stock,Sale (Full),"$1,001 - $15,000",8000.5,False,Spouse,bd75505b-cd44-431d-94b2-7eda40672953,https://efdsearch.senate.gov/search/view/ptr/bd75505b-cd44-431d-94b2-7eda40672953/,4c0038a7a129caecf5c2af7628dc62435ef9bbefb0b15650d75ebb823f6c0f8d,senate-efd-electronic,explicit,0
C000174,Thomas R Carper,senate,Democrat,DE,,False,2015-08-28,2015-09-01,,HSBC Contingent Autocall on Briston Myers Squibb  Rate/Coupon: 8.5%  Matures: 08/31/2018,Corporate Bond,Purchase,"$1,001 - $15,000",8000.5,False,Spouse,bd75505b-cd44-431d-94b2-7eda40672953,https://efdsearch.senate.gov/search/view/ptr/bd75505b-cd44-431d-94b2-7eda40672953/,1e8bdc861f97991b9c14cc459251d7a4df69f073dc412c00f488dfc4d8f829ff,senate-efd-electronic,none,0
C000174,Thomas R Carper,senate,Democrat,DE,,False,2015-09-11,2015-10-02,,DuPont EI de Nemours & Co,Stock,Purchase,"$15,001 - $50,000",32500.5,False,Spouse,b7b47a67-051c-4a4f-99de-1b6e60b517bb,https://efdsearch.senate.gov/search/view/ptr/b7b47a67-051c-4a4f-99de-1b6e60b517bb/,8845d9069f258dfcb2cc4505f0813a22fcc71d314ee9dc57f9d428c6f98eea06,senate-efd-electronic,none,0
C000174,Thomas R Carper,senate,Democrat,DE,,False,2015-09-17,2015-10-02,,SPDR Trust Series 1,Stock,Purchase,"$15,001 - $50,000",32500.5,False,Spouse,b7b47a67-051c-4a4f-99de-1b6e60b517bb,https://efdsearch.senate.gov/search/view/ptr/b7b47a67-051c-4a4f-99de-1b6e60b517bb/,079f0e1a55ad45df14a3a0248ba8ac55293e932037072d8a7552d26abe076098,senate-efd-electronic,none,0
C000174,Thomas R Carper,senate,Democrat,DE,,False,2015-09-17,2015-10-02,,Verizon Communications,Stock,Purchase,"$1,001 - $15,000",8000.5,False,Spouse,b7b47a67-051c-4a4f-99de-1b6e60b517bb,https://efdsearch.senate.gov/search/view/ptr/b7b47a67-051c-4a4f-99de-1b6e60b517bb/,17b60cc197a1d32d54cf7ff880236b5d549e1738ddc31eaa7016df4991452e1a,senate-efd-electronic,none,0
C000174,Thomas R Carper,senate,Democrat,DE,,False,2015-09-17,2015-10-02,,JP Morgan Chase & Co.,Stock,Purchase,"$1,001 - $15,000",8000.5,False,Spouse,b7b47a67-051c-4a4f-99de-1b6e60b517bb,https://efdsearch.senate.gov/search/view/ptr/b7b47a67-051c-4a4f-99de-1b6e60b517bb/,f0cdb72053abb95e40c813bf5e5c6e93774a727a980a4beeaa88d13ca717439f,senate-efd-electronic,none,0
C000174,Thomas R Carper,senate,Democrat,DE,,False,2015-09-17,2015-10-02,,Walt Disney & Co Hldg Co,Stock,Purchase,"$1,001 - $15,000",8000.5,False,Spouse,b7b47a67-051c-4a4f-99de-1b6e60b517bb,https://efdsearch.senate.gov/search/view/ptr/b7b47a67-051c-4a4f-99de-1b6e60b517bb/,8ff52399199dc88efaf0f8abba629672cb1c71a83cd1f256da284d3154c78485,senate-efd-electronic,none,0
C000174,Thomas R Carper,senate,Democrat,DE,,False,2015-09-17,2015-10-02,,Bank of America,Stock,Purchase,"$1,001 - $15,000",8000.5,False,Spouse,b7b47a67-051c-4a4f-99de-1b6e60b517bb,https://efdsearch.senate.gov/search/view/ptr/b7b47a67-051c-4a4f-99de-1b6e60b517bb/,3c9ee2ea1563c25449cd4d5a5ec173e02e1f363d9d944b88da142a2e69e4d751,senate-efd-electronic,none,0
C000174,Thomas R Carper,senate,Democrat,DE,,False,2015-09-17,2015-10-02,,DuPont EI de Nemours & Co,Stock,Purchase,"$1,001 - $15,000",8000.5,False,Spouse,b7b47a67-051c-4a4f-99de-1b6e60b517bb,https://efdsearch.senate.gov/search/view/ptr/b7b47a67-051c-4a4f-99de-1b6e60b517bb/,8e698b4c6f47043531834f3d4ed705d050c277032c371e38025dfea94a77602d,senate-efd-electronic,none,0
C000174,Thomas R Carper,senate,Democrat,DE,,False,2015-09-17,2015-10-02,,SPDR Euro Stoxx 50 ETF,Stock,Purchase,"$1,001 - $15,000",8000.5,False,Spouse,b7b47a67-051c-4a4f-99de-1b6e60b517bb,https://efdsearch.senate.gov/search/view/ptr/b7b47a67-051c-4a4f-99de-1b6e60b517bb/,461fa82cc24a5e0347336174b6c8140e3ef470d663ba58cc2e8e3ffa6ef70b32,senate-efd-electronic,none,0
C000174,Thomas R Carper,senate,Democrat,DE,,False,2015-09-17,2015-10-02,,Tyco Intl Plc,Stock,Purchase,"$1,001 - $15,000",8000.5,False,Spouse,b7b47a67-051c-4a4f-99de-1b6e60b517bb,https://efdsearch.senate.gov/search/view/ptr/b7b47a67-051c-4a4f-99de-1b6e60b517bb/,0589d280119ff26b9bb96ed4d708bb0d118d74c06022db19665e32fab9af2776,senate-efd-electronic,none,0
C000174,Thomas R Carper,senate,Democrat,DE,,False,2015-09-17,2015-10-02,,General Electric Co,Stock,Purchase,"$1,001 - $15,000",8000.5,False,Spouse,b7b47a67-051c-4a4f-99de-1b6e60b517bb,https://efdsearch.senate.gov/search/view/ptr/b7b47a67-051c-4a4f-99de-1b6e60b517bb/,82bdb72a17207b9e1ae3cf676f4b0d76c1184d50b7aefbd257ce600aff3c8548,senate-efd-electronic,none,0
C000174,Thomas R Carper,senate,Democrat,DE,,False,2015-09-17,2015-10-02,,Procter & Gamble,Stock,Purchase,"$1,001 - $15,000",8000.5,False,Spouse,b7b47a67-051c-4a4f-99de-1b6e60b517bb,https://efdsearch.senate.gov/search/view/ptr/b7b47a67-051c-4a4f-99de-1b6e60b517bb/,3f1a0aec8e5116f6e36f797e9e7b335b5ed0ef75b53ad037aad8db2da1c62793,senate-efd-electronic,none,1
C000174,Thomas R Carper,senate,Democrat,DE,,False,2015-09-17,2015-10-02,,Procter & Gamble,Stock,Purchase,"$1,001 - $15,000",8000.5,False,Spouse,b7b47a67-051c-4a4f-99de-1b6e60b517bb,https://efdsearch.senate.gov/search/view/ptr/b7b47a67-051c-4a4f-99de-1b6e60b517bb/,3f1a0aec8e5116f6e36f797e9e7b335b5ed0ef75b53ad037aad8db2da1c62793,senate-efd-electronic,none,0
C000174,Thomas R Carper,senate,Democrat,DE,,False,2015-09-17,2015-10-02,,Under Armour Inc Cl A,Stock,Purchase,"$1,001 - $15,000",8000.5,False,Spouse,b7b47a67-051c-4a4f-99de-1b6e60b517bb,https://efdsearch.senate.gov/search/view/ptr/b7b47a67-051c-4a4f-99de-1b6e60b517bb/,4687253f3e8cdeb3bdaed8616865635803b4b0a71cb235c4bf53c247c6902c86,senate-efd-electronic,none,0
C000174,Thomas R Carper,senate,Democrat,DE,,False,2015-09-17,2015-10-02,,Johnson & Johnson,Stock,Purchase,"$1,001 - $15,000",8000.5,False,Spouse,b7b47a67-051c-4a4f-99de-1b6e60b517bb,https://efdsearch.senate.gov/search/view/ptr/b7b47a67-051c-4a4f-99de-1b6e60b517bb/,01869776ca661f430f41ad1e4998c8e3fd39ac78c3bcbcb7aa527eb085791c9c,senate-efd-electronic,none,0
C000174,Thomas R Carper,senate,Democrat,DE,,False,2015-10-06,2015-11-13,,DuPont EI de Nemours & Co.,Stock,Sale (Partial),"$1,001 - $15,000",8000.5,False,Spouse,5e467ac8-d0e3-4d4c-836f-e7f3dc3639c1,https://efdsearch.senate.gov/search/view/ptr/5e467ac8-d0e3-4d4c-836f-e7f3dc3639c1/,ff2add348be134350cd8cfc783ea1e646c8fdcc08d16c661347a05879b14944b,senate-efd-electronic,none,0
C000174,Thomas R Carper,senate,Democrat,DE,,False,2015-11-04,2015-12-01,,Xerox Corp  Rate/Coupon: 3.5%  Matures: 08/20/2020,Corporate Bond,Purchase,"$1,001 - $15,000",8000.5,False,Spouse,4fa4bc96-c2ae-4dfd-8af1-872ecc64a0ba,https://efdsearch.senate.gov/search/view/ptr/4fa4bc96-c2ae-4dfd-8af1-872ecc64a0ba/,aac702a2b4b745b6aa0c9114517a1b6642dfb8ba8bfd18f98416aaa709312d68,senate-efd-electronic,none,0
C000174,Thomas R Carper,senate,Democrat,DE,,False,2015-11-04,2015-12-01,,Senior Housing Properties Tr  Rate/Coupon: 4.3%  Matures: 01/15/2016,Corporate Bond,Sale (Full),"$1,001 - $15,000",8000.5,False,Spouse,4fa4bc96-c2ae-4dfd-8af1-872ecc64a0ba,https://efdsearch.senate.gov/search/view/ptr/4fa4bc96-c2ae-4dfd-8af1-872ecc64a0ba/,09f3b6803f5db96a255eaf580660e3979e28b29aca5e3fd7f3b10e519e3ff922,senate-efd-electronic,none,0
C000174,Thomas R Carper,senate,Democrat,DE,,False,2015-11-04,2015-12-01,,New Jersey Resources Cp,Stock,Purchase,"$1,001 - $15,000",8000.5,False,Spouse,4fa4bc96-c2ae-4dfd-8af1-872ecc64a0ba,https://efdsearch.senate.gov/search/view/ptr/4fa4bc96-c2ae-4dfd-8af1-872ecc64a0ba/,b1450f7ea8c2ff162ab0d6a5f775318697040366621e79ee81557af49443fb4f,senate-efd-electronic,none,0
C000174,Thomas R Carper,senate,Democrat,DE,,False,2015-11-04,2015-12-01,,Northwest Natural Gas Co,Stock,Sale (Full),"$1,001 - $15,000",8000.5,False,Spouse,4fa4bc96-c2ae-4dfd-8af1-872ecc64a0ba,https://efdsearch.senate.gov/search/view/ptr/4fa4bc96-c2ae-4dfd-8af1-872ecc64a0ba/,dab42fee85210d4b3b83f34436a685ea4e2e1e87aa91fa38ddeea0fdbb35d9a4,senate-efd-electronic,none,0
C000174,Thomas R Carper,senate,Democrat,DE,,False,2015-11-18,2015-12-01,,Conagra Foods Inc,Stock,Sale (Full),"$1,001 - $15,000",8000.5,False,Spouse,4fa4bc96-c2ae-4dfd-8af1-872ecc64a0ba,https://efdsearch.senate.gov/search/view/ptr/4fa4bc96-c2ae-4dfd-8af1-872ecc64a0ba/,5193ca694882f22e5d1b60dd85232e6b99e33cfb5436bf039c28f0b771cd1b31,senate-efd-electronic,none,0
C000174,Thomas R Carper,senate,Democrat,DE,,False,2015-11-18,2015-12-01,,Tyson Foods Inc Cl A,Stock,Purchase,"$1,001 - $15,000",8000.5,False,Spouse,4fa4bc96-c2ae-4dfd-8af1-872ecc64a0ba,https://efdsearch.senate.gov/search/view/ptr/4fa4bc96-c2ae-4dfd-8af1-872ecc64a0ba/,e15a79bd85194598fb6cbca7a63a5e610a1e096e014cf4ca39cb0d952808f47a,senate-efd-electronic,none,0
T000476,Thomas R Tillis,senate,Republican,NC,"Commission on Security and Cooperation in Europe; SSBK08; SSBK12; SSBK13; SSFI10; SSFI11; SSFI13; SSJU01; SSJU04; SSJU25; SSJU26; Senate Committee on Banking, Housing, and Urban Affairs; Senate Committee on Finance; Senate Committee on Veterans' Affairs; Senate Committee on the Judiciary",True,2015-02-05,2015-02-26,NICE,NICE Systems Ltd. (NASDAQ),Stock,Sale (Full),"$1,001 - $15,000",8000.5,False,Joint,bbdeaa6d-dcb6-41fa-a5d5-cb5e5d10af6b,https://efdsearch.senate.gov/search/view/ptr/bbdeaa6d-dcb6-41fa-a5d5-cb5e5d10af6b/,f213a70fd4c14d7f499ad8f453c7bd24137099b8ed2cc68e1826c2b12a9b81cf,senate-efd-electronic,explicit,0
T000476,Thomas R Tillis,senate,Republican,NC,"Commission on Security and Cooperation in Europe; SSBK08; SSBK12; SSBK13; SSFI10; SSFI11; SSFI13; SSJU01; SSJU04; SSJU25; SSJU26; Senate Committee on Banking, Housing, and Urban Affairs; Senate Committee on Finance; Senate Committee on Veterans' Affairs; Senate Committee on the Judiciary",True,2015-02-13,2015-02-26,HCSG,Healthcare Services Group Inc. (NASDAQ),Stock,Sale (Full),"$1,001 - $15,000",8000.5,False,Joint,bbdeaa6d-dcb6-41fa-a5d5-cb5e5d10af6b,https://efdsearch.senate.gov/search/view/ptr/bbdeaa6d-dcb6-41fa-a5d5-cb5e5d10af6b/,8dec8b0399b1480d394c6eb290d91dc4e785be43338bfabb1f86af8857df6127,senate-efd-electronic,explicit,0
T000476,Thomas R Tillis,senate,Republican,NC,"Commission on Security and Cooperation in Europe; SSBK08; SSBK12; SSBK13; SSFI10; SSFI11; SSFI13; SSJU01; SSJU04; SSJU25; SSJU26; Senate Committee on Banking, Housing, and Urban Affairs; Senate Committee on Finance; Senate Committee on Veterans' Affairs; Senate Committee on the Judiciary",True,2015-02-13,2015-02-26,DIOD,Diodes Incorporated (NASDAQ),Stock,Sale (Full),"$1,001 - $15,000",8000.5,False,Joint,bbdeaa6d-dcb6-41fa-a5d5-cb5e5d10af6b,https://efdsearch.senate.gov/search/view/ptr/bbdeaa6d-dcb6-41fa-a5d5-cb5e5d10af6b/,f346e87acb7b9077a571afa482556741df266df350645647be0e2ecbd359f843,senate-efd-electronic,explicit,0
T000476,Thomas R Tillis,senate,Republican,NC,"Commission on Security and Cooperation in Europe; SSBK08; SSBK12; SSBK13; SSFI10; SSFI11; SSFI13; SSJU01; SSJU04; SSJU25; SSJU26; Senate Committee on Banking, Housing, and Urban Affairs; Senate Committee on Finance; Senate Committee on Veterans' Affairs; Senate Committee on the Judiciary",True,2015-02-13,2015-02-26,DRQ,"Dril-Quip, Inc. (NYSE)",Stock,Sale (Full),"$1,001 - $15,000",8000.5,False,Joint,bbdeaa6d-dcb6-41fa-a5d5-cb5e5d10af6b,https://efdsearch.senate.gov/search/view/ptr/bbdeaa6d-dcb6-41fa-a5d5-cb5e5d10af6b/,db3ca644cf31fec6a7f84fd9f65ae791ad776b1b224402ea6fd8d714011b8c94,senate-efd-electronic,explicit,0
T000476,Thomas R Tillis,senate,Republican,NC,"Commission on Security and Cooperation in Europe; SSBK08; SSBK12; SSBK13; SSFI10; SSFI11; SSFI13; SSJU01; SSJU04; SSJU25; SSJU26; Senate Committee on Banking, Housing, and Urban Affairs; Senate Committee on Finance; Senate Committee on Veterans' Affairs; Senate Committee on the Judiciary",True,2015-02-13,2015-02-26,EGBN,"Eagle Bancorp, Inc. (NASDAQ)",Stock,Sale (Full),"$1,001 - $15,000",8000.5,False,Joint,bbdeaa6d-dcb6-41fa-a5d5-cb5e5d10af6b,https://efdsearch.senate.gov/search/view/ptr/bbdeaa6d-dcb6-41fa-a5d5-cb5e5d10af6b/,4276f5598fcbf0dfe53f1d96d4ca2109a7ae23463894df0fd2fb9018240b2fdb,senate-efd-electronic,explicit,0
T000476,Thomas R Tillis,senate,Republican,NC,"Commission on Security and Cooperation in Europe; SSBK08; SSBK12; SSBK13; SSFI10; SSFI11; SSFI13; SSJU01; SSJU04; SSJU25; SSJU26; Senate Committee on Banking, Housing, and Urban Affairs; Senate Committee on Finance; Senate Committee on Veterans' Affairs; Senate Committee on the Judiciary",True,2015-02-13,2015-02-26,EPAY,"Bottomline Technologies (de), Inc. (NASDAQ)",Stock,Sale (Full),"$1,001 - $15,000",8000.5,False,Joint,bbdeaa6d-dcb6-41fa-a5d5-cb5e5d10af6b,https://efdsearch.senate.gov/search/view/ptr/bbdeaa6d-dcb6-41fa-a5d5-cb5e5d10af6b/,d2544950f030b557b34eac876fc6ba0956261fb3098902b59bf06064150b3614,senate-efd-electronic,explicit,0
T000476,Thomas R Tillis,senate,Republican,NC,"Commission on Security and Cooperation in Europe; SSBK08; SSBK12; SSBK13; SSFI10; SSFI11; SSFI13; SSJU01; SSJU04; SSJU25; SSJU26; Senate Committee on Banking, Housing, and Urban Affairs; Senate Committee on Finance; Senate Committee on Veterans' Affairs; Senate Committee on the Judiciary",True,2015-02-13,2015-02-26,EVR,Evercore Partners Inc. (NYSE),Stock,Sale (Full),"$1,001 - $15,000",8000.5,False,Joint,bbdeaa6d-dcb6-41fa-a5d5-cb5e5d10af6b,https://efdsearch.senate.gov/search/view/ptr/bbdeaa6d-dcb6-41fa-a5d5-cb5e5d10af6b/,b20cbcafc8f639333c1a69067afae1ffb3ed6e330862143b447f383d60a58c50,senate-efd-electronic,explicit,0
T000476,Thomas R Tillis,senate,Republican,NC,"Commission on Security and Cooperation in Europe; SSBK08; SSBK12; SSBK13; SSFI10; SSFI11; SSFI13; SSJU01; SSJU04; SSJU25; SSJU26; Senate Committee on Banking, Housing, and Urban Affairs; Senate Committee on Finance; Senate Committee on Veterans' Affairs; Senate Committee on the Judiciary",True,2015-02-13,2015-02-26,FET,"Forum Energy Technologies, Inc. (NYSE)",Stock,Sale (Full),"$1,001 - $15,000",8000.5,False,Joint,bbdeaa6d-dcb6-41fa-a5d5-cb5e5d10af6b,https://efdsearch.senate.gov/search/view/ptr/bbdeaa6d-dcb6-41fa-a5d5-cb5e5d10af6b/,9ca930dd9d6235e01b1d6978e97c352e44a5fe63eebfa8b3f29c8d86e247f664,senate-efd-electronic,explicit,0
T000476,Thomas R Tillis,senate,Republican,NC,"Commission on Security and Cooperation in Europe; SSBK08; SSBK12; SSBK13; SSFI10; SSFI11; SSFI13; SSJU01; SSJU04; SSJU25; SSJU26; Senate Committee on Banking, Housing, and Urban Affairs; Senate Committee on Finance; Senate Committee on Veterans' Affairs; Senate Committee on the Judiciary",True,2015-02-13,2015-02-26,FMBI,First Midwest Bancorp Inc. (NASDAQ),Stock,Sale (Full),"$1,001 - $15,000",8000.5,False,Joint,bbdeaa6d-dcb6-41fa-a5d5-cb5e5d10af6b,https://efdsearch.senate.gov/search/view/ptr/bbdeaa6d-dcb6-41fa-a5d5-cb5e5d10af6b/,e6516709e78b1a080c57a4c22a5aa27e4ba8c9633d75d2c6e6ba06a865a0543a,senate-efd-electronic,explicit,0
T000476,Thomas R Tillis,senate,Republican,NC,"Commission on Security and Cooperation in Europe; SSBK08; SSBK12; SSBK13; SSFI10; SSFI11; SSFI13; SSJU01; SSJU04; SSJU25; SSJU26; Senate Committee on Banking, Housing, and Urban Affairs; Senate Committee on Finance; Senate Committee on Veterans' Affairs; Senate Committee on the Judiciary",True,2015-02-13,2015-02-26,FNGN,"Financial Engines, Inc. (NASDAQ)",Stock,Sale (Full),"$1,001 - $15,000",8000.5,False,Joint,bbdeaa6d-dcb6-41fa-a5d5-cb5e5d10af6b,https://efdsearch.senate.gov/search/view/ptr/bbdeaa6d-dcb6-41fa-a5d5-cb5e5d10af6b/,3e537f47c9bfb7fc3c180e4b04c5d2da3018dfc6938dab6b980e197bad2149e2,senate-efd-electronic,explicit,0
T000476,Thomas R Tillis,senate,Republican,NC,"Commission on Security and Cooperation in Europe; SSBK08; SSBK12; SSBK13; SSFI10; SSFI11; SSFI13; SSJU01; SSJU04; SSJU25; SSJU26; Senate Committee on Banking, Housing, and Urban Affairs; Senate Committee on Finance; Senate Committee on Veterans' Affairs; Senate Committee on the Judiciary",True,2015-02-13,2015-02-26,GMED,"Globus Medical, Inc. (NYSE)",Stock,Sale (Full),"$1,001 - $15,000",8000.5,False,Joint,bbdeaa6d-dcb6-41fa-a5d5-cb5e5d10af6b,https://efdsearch.senate.gov/search/view/ptr/bbdeaa6d-dcb6-41fa-a5d5-cb5e5d10af6b/,bafd2f3deed1c87eaaf012c7a0a3843a851862c9579d144db47b31b687374ef4,senate-efd-electronic,explicit,0
T000476,Thomas R Tillis,senate,Republican,NC,"Commission on Security and Cooperation in Europe; SSBK08; SSBK12; SSBK13; SSFI10; SSFI11; SSFI13; SSJU01; SSJU04; SSJU25; SSJU26; Senate Committee on Banking, Housing, and Urban Affairs; Senate Committee on Finance; Senate Committee on Veterans' Affairs; Senate Committee on the Judiciary",True,2015-02-13,2015-02-26,KWR,Quaker Chemical Corporation (NYSE),Stock,Sale (Full),"$1,001 - $15,000",8000.5,False,Joint,bbdeaa6d-dcb6-41fa-a5d5-cb5e5d10af6b,https://efdsearch.senate.gov/search/view/ptr/bbdeaa6d-dcb6-41fa-a5d5-cb5e5d10af6b/,c5014d81895fac702b5f35c9d465abbd1e4321befc9a34478c0aa114ace4e629,senate-efd-electronic,explicit,0
T000476,Thomas R Tillis,senate,Republican,NC,"Commission on Security and Cooperation in Europe; SSBK08; SSBK12; SSBK13; SSFI10; SSFI11; SSFI13; SSJU01; SSJU04; SSJU25; SSJU26; Senate Committee on Banking, Housing, and Urban Affairs; Senate Committee on Finance; Senate Committee on Veterans' Affairs; Senate Committee on the Judiciary",True,2015-02-13,2015-02-26,HEI,HEICO Corporation (NYSE),Stock,Sale (Full),"$1,001 - $15,000",8000.5,False,Joint,bbdeaa6d-dcb6-41fa-a5d5-cb5e5d10af6b,https://efdsearch.senate.gov/search/view/ptr/bbdeaa6d-dcb6-41fa-a5d5-cb5e5d10af6b/,13fd0e618b37b6147dd14493621146f371fe2db28d953e09e516f7dadb3406f4,senate-efd-electronic,explicit,0
T000476,Thomas R Tillis,senate,Republican,NC,"Commission on Security and Cooperation in Europe; SSBK08; SSBK12; SSBK13; SSFI10; SSFI11; SSFI13; SSJU01; SSJU04; SSJU25; SSJU26; Senate Committee on Banking, Housing, and Urban Affairs; Senate Committee on Finance; Senate Committee on Veterans' Affairs; Senate Committee on the Judiciary",True,2015-02-13,2015-02-26,HF,"HFF, Inc. (NYSE)",Stock,Sale (Full),"$1,001 - $15,000",8000.5,False,Joint,bbdeaa6d-dcb6-41fa-a5d5-cb5e5d10af6b,https://efdsearch.senate.gov/search/view/ptr/bbdeaa6d-dcb6-41fa-a5d5-cb5e5d10af6b/,4896ccde65384c49c64e87f140b5828af48b8f71103f8f4523298ff1bff4259c,senate-efd-electronic,explicit,0
T000476,Thomas R Tillis,senate,Republican,NC,"Commission on Security and Cooperation in Europe; SSBK08; SSBK12; SSBK13; SSFI10; SSFI11; SSFI13; SSJU01; SSJU04; SSJU25; SSJU26; Senate Committee on Banking, Housing, and Urban Affairs; Senate Committee on Finance; Senate Committee on Veterans' Affairs; Senate Committee on the Judiciary",True,2015-02-13,2015-02-26,HLX,"Helix Energy Solutions Group, Inc. (NYSE)",Stock,Sale (Full),"$1,001 - $15,000",8000.5,False,Joint,bbdeaa6d-dcb6-41fa-a5d5-cb5e5d10af6b,https://efdsearch.senate.gov/search/view/ptr/bbdeaa6d-dcb6-41fa-a5d5-cb5e5d10af6b/,87485daabc9b66f129d9fe12cdaffde2a7a4d74ce18715fb750b884e572e4af7,senate-efd-electronic,explicit,0
T000476,Thomas R Tillis,senate,Republican,NC,"Commission on Security and Cooperation in Europe; SSBK08; SSBK12; SSBK13; SSFI10; SSFI11; SSFI13; SSJU01; SSJU04; SSJU25; SSJU26; Senate Committee on Banking, Housing, and Urban Affairs; Senate Committee on Finance; Senate Committee on Veterans' Affairs; Senate Committee on the Judiciary",True,2015-02-13,2015-02-26,IART,Integra LifeSciences Holdings Corporation (NASDAQ),Stock,Sale (Full),"$1,001 - $15,000",8000.5,False,Joint,bbdeaa6d-dcb6-41fa-a5d5-cb5e5d10af6b,https://efdsearch.senate.gov/search/view/ptr/bbdeaa6d-dcb6-41fa-a5d5-cb5e5d10af6b/,f5f774f1f76e9dfb11be44c054b70b362d0e73ffe7043158abac043ab21a9ce8,senate-efd-electronic,explicit,0
T000476,Thomas R Tillis,senate,Republican,NC,"Commission on Security and Cooperation in Europe; SSBK08; SSBK12; SSBK13; SSFI10; SSFI11; SSFI13; SSJU01; SSJU04; SSJU25; SSJU26; Senate Committee on Banking, Housing, and Urban Affairs; Senate Committee on Finance; Senate Committee on Veterans' Affairs; Senate Committee on the Judiciary",True,2015-02-13,2015-02-26,HUBG,Hub Group Inc. (NASDAQ),Stock,Sale (Full),"$1,001 - $15,000",8000.5,False,Joint,bbdeaa6d-dcb6-41fa-a5d5-cb5e5d10af6b,https://efdsearch.senate.gov/search/view/ptr/bbdeaa6d-dcb6-41fa-a5d5-cb5e5d10af6b/,8b60248a4db6c27e36e34fa9f47ca77a88323dbceac8e41170f57040f682b90e,senate-efd-electronic,explicit,0
T000476,Thomas R Tillis,senate,Republican,NC,"Commission on Security and Cooperation in Europe; SSBK08; SSBK12; SSBK13; SSFI10; SSFI11; SSFI13; SSJU01; SSJU04; SSJU25; SSJU26; Senate Committee on Banking, Housing, and Urban Affairs; Senate Committee on Finance; Senate Committee on Veterans' Affairs; Senate Committee on the Judiciary",True,2015-02-13,2015-02-26,ICON,"Iconix Brand Group, Inc. (NASDAQ)",Stock,Sale (Full),"$1,001 - $15,000",8000.5,False,Joint,bbdeaa6d-dcb6-41fa-a5d5-cb5e5d10af6b,https://efdsearch.senate.gov/search/view/ptr/bbdeaa6d-dcb6-41fa-a5d5-cb5e5d10af6b/,582b480f62e09a9d15313f4b586a4f6a29dd5f55769d405a00cf03b980aa96a7,senate-efd-electronic,explicit,0
T000476,Thomas R Tillis,senate,Republican,NC,"Commission on Security and Cooperation in Europe; SSBK08; SSBK12; SSBK13; SSFI10; SSFI11; SSFI13; SSJU01; SSJU04; SSJU25; SSJU26; Senate Committee on Banking, Housing, and Urban Affairs; Senate Committee on Finance; Senate Committee on Veterans' Affairs; Senate Committee on the Judiciary",True,2015-02-13,2015-02-26,ICUI,"ICU Medical, Inc. (NASDAQ)",Stock,Sale (Full),"$1,001 - $15,000",8000.5,False,Joint,bbdeaa6d-dcb6-41fa-a5d5-cb5e5d10af6b,https://efdsearch.senate.gov/search/view/ptr/bbdeaa6d-dcb6-41fa-a5d5-cb5e5d10af6b/,f72956dae05043edd931d5c1c7d07b42416844d5017642e12c3368068e1ec217,senate-efd-electronic,explicit,0
T000476,Thomas R Tillis,senate,Republican,NC,"Commission on Security and Cooperation in Europe; SSBK08; SSBK12; SSBK13; SSFI10; SSFI11; SSFI13; SSJU01; SSJU04; SSJU25; SSJU26; Senate Committee on Banking, Housing, and Urban Affairs; Senate Committee on Finance; Senate Committee on Veterans' Affairs; Senate Committee on the Judiciary",True,2015-02-13,2015-02-26,IPCM,"IPC Healthcare, Inc. (NASDAQ)",Stock,Sale (Full),"$1,001 - $15,000",8000.5,False,Joint,bbdeaa6d-dcb6-41fa-a5d5-cb5e5d10af6b,https://efdsearch.senate.gov/search/view/ptr/bbdeaa6d-dcb6-41fa-a5d5-cb5e5d10af6b/,bdad7a2052a310b08570a0f3ace9693ee5b9f3c1d661ce852aa8d873a74898a6,senate-efd-electronic,explicit,0
T000476,Thomas R Tillis,senate,Republican,NC,"Commission on Security and Cooperation in Europe; SSBK08; SSBK12; SSBK13; SSFI10; SSFI11; SSFI13; SSJU01; SSJU04; SSJU25; SSJU26; Senate Committee on Banking, Housing, and Urban Affairs; Senate Committee on Finance; Senate Committee on Veterans' Affairs; Senate Committee on the Judiciary",True,2015-02-13,2015-02-26,JJSF,J&J Snack Foods Corp. (NASDAQ),Stock,Sale (Full),"$1,001 - $15,000",8000.5,False,Joint,bbdeaa6d-dcb6-41fa-a5d5-cb5e5d10af6b,https://efdsearch.senate.gov/search/view/ptr/bbdeaa6d-dcb6-41fa-a5d5-cb5e5d10af6b/,377eca562b51eb0b865d1d49fe4552fb729b28dfefa3d6d273fc7f1c7a543e1b,senate-efd-electronic,explicit,0
T000476,Thomas R Tillis,senate,Republican,NC,"Commission on Security and Cooperation in Europe; SSBK08; SSBK12; SSBK13; SSFI10; SSFI11; SSFI13; SSJU01; SSJU04; SSJU25; SSJU26; Senate Committee on Banking, Housing, and Urban Affairs; Senate Committee on Finance; Senate Committee on Veterans' Affairs; Senate Committee on the Judiciary",True,2015-02-13,2015-02-26,CYBX,Cyberonics Inc. (NASDAQ),Stock,Sale (Full),"$1,001 - $15,000",8000.5,False,Joint,bbdeaa6d-dcb6-41fa-a5d5-cb5e5d10af6b,https://efdsearch.senate.gov/search/view/ptr/bbdeaa6d-dcb6-41fa-a5d5-cb5e5d10af6b/,e41662194955ee3affb9d99e0ba0c5654e13e0af273327700d936b330a5328d5,senate-efd-electronic,explicit,0
T000476,Thomas R Tillis,senate,Republican,NC,"Commission on Security and Cooperation in Europe; SSBK08; SSBK12; SSBK13; SSFI10; SSFI11; SSFI13; SSJU01; SSJU04; SSJU25; SSJU26; Senate Committee on Banking, Housing, and Urban Affairs; Senate Committee on Finance; Senate Committee on Veterans' Affairs; Senate Committee on the Judiciary",True,2015-02-13,2015-02-26,DFRG,"Del Frisco's Restaurant Group, Inc. (NASDAQ)",Stock,Sale (Full),"$1,001 - $15,000",8000.5,False,Joint,bbdeaa6d-dcb6-41fa-a5d5-cb5e5d10af6b,https://efdsearch.senate.gov/search/view/ptr/bbdeaa6d-dcb6-41fa-a5d5-cb5e5d10af6b/,f970938ffb0df57f34699064775a89e24b8d6e99ccab4c8823e153bd02e79ea5,senate-efd-electronic,explicit,0
T000476,Thomas R Tillis,senate,Republican,NC,"Commission on Security and Cooperation in Europe; SSBK08; SSBK12; SSBK13; SSFI10; SSFI11; SSFI13; SSJU01; SSJU04; SSJU25; SSJU26; Senate Committee on Banking, Housing, and Urban Affairs; Senate Committee on Finance; Senate Committee on Veterans' Affairs; Senate Committee on the Judiciary",True,2015-02-13,2015-02-26,BIO,"Bio-Rad Laboratories, Inc. (NYSE)",Stock,Sale (Full),"$1,001 - $15,000",8000.5,False,Joint,bbdeaa6d-dcb6-41fa-a5d5-cb5e5d10af6b,https://efdsearch.senate.gov/search/view/ptr/bbdeaa6d-dcb6-41fa-a5d5-cb5e5d10af6b/,af0209b577a98baf345cfae2b890ac35f0710de32d4c7668420d7d6e79527830,senate-efd-electronic,explicit,0
T000476,Thomas R Tillis,senate,Republican,NC,"Commission on Security and Cooperation in Europe; SSBK08; SSBK12; SSBK13; SSFI10; SSFI11; SSFI13; SSJU01; SSJU04; SSJU25; SSJU26; Senate Committee on Banking, Housing, and Urban Affairs; Senate Committee on Finance; Senate Committee on Veterans' Affairs; Senate Committee on the Judiciary",True,2015-02-13,2015-02-26,CVLT,"CommVault Systems, Inc. (NASDAQ)",Stock,Sale (Full),"$1,001 - $15,000",8000.5,False,Joint,bbdeaa6d-dcb6-41fa-a5d5-cb5e5d10af6b,https://efdsearch.senate.gov/search/view/ptr/bbdeaa6d-dcb6-41fa-a5d5-cb5e5d10af6b/,3d929e975a70f2104dab30070ebb125f05a539270b446c4c8e979aa9e82f090c,senate-efd-electronic,explicit,0
T000476,Thomas R Tillis,senate,Republican,NC,"Commission on Security and Cooperation in Europe; SSBK08; SSBK12; SSBK13; SSFI10; SSFI11; SSFI13; SSJU01; SSJU04; SSJU25; SSJU26; Senate Committee on Banking, Housing, and Urban Affairs; Senate Committee on Finance; Senate Committee on Veterans' Affairs; Senate Committee on the Judiciary",True,2015-02-13,2015-02-26,BCPC,Balchem Corp. (NASDAQ),Stock,Sale (Full),"$1,001 - $15,000",8000.5,False,Joint,bbdeaa6d-dcb6-41fa-a5d5-cb5e5d10af6b,https://efdsearch.senate.gov/search/view/ptr/bbdeaa6d-dcb6-41fa-a5d5-cb5e5d10af6b/,b271d0696a16297e70d570de0962aa398b861960788c5425f73fa7b729f55535,senate-efd-electronic,explicit,0
T000476,Thomas R Tillis,senate,Republican,NC,"Commission on Security and Cooperation in Europe; SSBK08; SSBK12; SSBK13; SSFI10; SSFI11; SSFI13; SSJU01; SSJU04; SSJU25; SSJU26; Senate Committee on Banking, Housing, and Urban Affairs; Senate Committee on Finance; Senate Committee on Veterans' Affairs; Senate Committee on the Judiciary",True,2015-02-13,2015-02-26,AAON,AAON Inc. (NASDAQ),Stock,Sale (Full),"$1,001 - $15,000",8000.5,False,Joint,bbdeaa6d-dcb6-41fa-a5d5-cb5e5d10af6b,https://efdsearch.senate.gov/search/view/ptr/bbdeaa6d-dcb6-41fa-a5d5-cb5e5d10af6b/,a176e08ab3da5ff7c434c7d405beb319ec9be5f5c39acd7596f75189cfcf0e17,senate-efd-electronic,explicit,0
T000476,Thomas R Tillis,senate,Republican,NC,"Commission on Security and Cooperation in Europe; SSBK08; SSBK12; SSBK13; SSFI10; SSFI11; SSFI13; SSJU01; SSJU04; SSJU25; SSJU26; Senate Committee on Banking, Housing, and Urban Affairs; Senate Committee on Finance; Senate Committee on Veterans' Affairs; Senate Committee on the Judiciary",True,2015-02-13,2015-02-26,AAT,"American Assets Trust, Inc. (NYSE)",Stock,Sale (Full),"$1,001 - $15,000",8000.5,False,Joint,bbdeaa6d-dcb6-41fa-a5d5-cb5e5d10af6b,https://efdsearch.senate.gov/search/view/ptr/bbdeaa6d-dcb6-41fa-a5d5-cb5e5d10af6b/,85f380734662a60099ecfff3da535186219b371210e0fb562be5d5f9eb16d917,senate-efd-electronic,explicit,0
T000476,Thomas R Tillis,senate,Republican,NC,"Commission on Security and Cooperation in Europe; SSBK08; SSBK12; SSBK13; SSFI10; SSFI11; SSFI13; SSJU01; SSJU04; SSJU25; SSJU26; Senate Committee on Banking, Housing, and Urban Affairs; Senate Committee on Finance; Senate Committee on Veterans' Affairs; Senate Committee on the Judiciary",True,2015-02-13,2015-02-26,ABCO,The Advisory Board Company (NASDAQ),Stock,Sale (Full),"$1,001 - $15,000",8000.5,False,Joint,bbdeaa6d-dcb6-41fa-a5d5-cb5e5d10af6b,https://efdsearch.senate.gov/search/view/ptr/bbdeaa6d-dcb6-41fa-a5d5-cb5e5d10af6b/,4810f8facf794b1da0920f01cdb4212826978eb3fe29fe0a4feabb336449724b,senate-efd-electronic,explicit,0
T000476,Thomas R Tillis,senate,Republican,NC,"Commission on Security and Cooperation in Europe; SSBK08; SSBK12; SSBK13; SSFI10; SSFI11; SSFI13; SSJU01; SSJU04; SSJU25; SSJU26; Senate Committee on Banking, Housing, and Urban Affairs; Senate Committee on Finance; Senate Committee on Veterans' Affairs; Senate Committee on the Judiciary",True,2015-02-13,2015-02-26,AFSI,"AmTrust Financial Services, Inc. (NASDAQ)",Stock,Sale (Full),"$1,001 - $15,000",8000.5,False,Joint,bbdeaa6d-dcb6-41fa-a5d5-cb5e5d10af6b,https://efdsearch.senate.gov/search/view/ptr/bbdeaa6d-dcb6-41fa-a5d5-cb5e5d10af6b/,3c51418a967b741bff097e545eac3dfad607e89da67a9c6711a9f5dc615f4bae,senate-efd-electronic,explicit,0
T000476,Thomas R Tillis,senate,Republican,NC,"Commission on Security and Cooperation in Europe; SSBK08; SSBK12; SSBK13; SSFI10; SSFI11; SSFI13; SSJU01; SSJU04; SSJU25; SSJU26; Senate Committee on Banking, Housing, and Urban Affairs; Senate Committee on Finance; Senate Committee on Veterans' Affairs; Senate Committee on the Judiciary",True,2015-02-13,2015-02-26,AKRX,"Akorn, Inc. (NASDAQ)",Stock,Sale (Full),"$1,001 - $15,000",8000.5,False,Joint,bbdeaa6d-dcb6-41fa-a5d5-cb5e5d10af6b,https://efdsearch.senate.gov/search/view/ptr/bbdeaa6d-dcb6-41fa-a5d5-cb5e5d10af6b/,d6ad8fd660d9750dfa3c3ecf9b72ba26ab3e463868b67c2f66cb49167e7270f5,senate-efd-electronic,explicit,0
T000476,Thomas R Tillis,senate,Republican,NC,"Commission on Security and Cooperation in Europe; SSBK08; SSBK12; SSBK13; SSFI10; SSFI11; SSFI13; SSJU01; SSJU04; SSJU25; SSJU26; Senate Committee on Banking, Housing, and Urban Affairs; Senate Committee on Finance; Senate Committee on Veterans' Affairs; Senate Committee on the Judiciary",True,2015-02-13,2015-02-26,ALE,"ALLETE, Inc. (NYSE)",Stock,Sale (Full),"$1,001 - $15,000",8000.5,False,Joint,bbdeaa6d-dcb6-41fa-a5d5-cb5e5d10af6b,https://efdsearch.senate.gov/search/view/ptr/bbdeaa6d-dcb6-41fa-a5d5-cb5e5d10af6b/,7f717d029bce209bca5000495d03f19990d6892597b226acc342467df452394f,senate-efd-electronic,explicit,0
T000476,Thomas R Tillis,senate,Republican,NC,"Commission on Security and Cooperation in Europe; SSBK08; SSBK12; SSBK13; SSFI10; SSFI11; SSFI13; SSJU01; SSJU04; SSJU25; SSJU26; Senate Committee on Banking, Housing, and Urban Affairs; Senate Committee on Finance; Senate Committee on Veterans' Affairs; Senate Committee on the Judiciary",True,2015-02-13,2015-02-26,AMSG,AmSurg Corp. (NASDAQ),Stock,Sale (Full),"$1,001 - $15,000",8000.5,False,Joint,bbdeaa6d-dcb6-41fa-a5d5-cb5e5d10af6b,https://efdsearch.senate.gov/search/view/ptr/bbdeaa6d-dcb6-41fa-a5d5-cb5e5d10af6b/,c5f9427148eef04ecfe399aa8de98a09110b1740f441083a0595b4ba5246df67,senate-efd-electronic,explicit,0
T000476,Thomas R Tillis,senate,Republican,NC,"Commission on Security and Cooperation in Europe; SSBK08; SSBK12; SSBK13; SSFI10; SSFI11; SSFI13; SSJU01; SSJU04; SSJU25; SSJU26; Senate Committee on Banking, Housing, and Urban Affairs; Senate Committee on Finance; Senate Committee on Veterans' Affairs; Senate Committee on the Judiciary",True,2015-02-13,2015-02-26,ATRO,Astronics Corporation (NASDAQ),Stock,Sale (Full),"$1,001 - $15,000",8000.5,False,Joint,bbdeaa6d-dcb6-41fa-a5d5-cb5e5d10af6b,https://efdsearch.senate.gov/search/view/ptr/bbdeaa6d-dcb6-41fa-a5d5-cb5e5d10af6b/,8ca5be3845136f1099baaf6f1bc9f5a57226a898cf3262151833b4d444a85ac0,senate-efd-electronic,explicit,0
T000476,Thomas R Tillis,senate,Republican,NC,"Commission on Security and Cooperation in Europe; SSBK08; SSBK12; SSBK13; SSFI10; SSFI11; SSFI13; SSJU01; SSJU04; SSJU25; SSJU26; Senate Committee on Banking, Housing, and Urban Affairs; Senate Committee on Finance; Senate Committee on Veterans' Affairs; Senate Committee on the Judiciary",True,2015-02-13,2015-02-26,BECN,"Beacon Roofing Supply, Inc. (NASDAQ)",Stock,Sale (Full),"$1,001 - $15,000",8000.5,False,Joint,bbdeaa6d-dcb6-41fa-a5d5-cb5e5d10af6b,https://efdsearch.senate.gov/search/view/ptr/bbdeaa6d-dcb6-41fa-a5d5-cb5e5d10af6b/,705682c6b8437a4acdda7ce019d6bfed557587b674c5303e4877f75761447b13,senate-efd-electronic,explicit,0
T000476,Thomas R Tillis,senate,Republican,NC,"Commission on Security and Cooperation in Europe; SSBK08; SSBK12; SSBK13; SSFI10; SSFI11; SSFI13; SSJU01; SSJU04; SSJU25; SSJU26; Senate Committee on Banking, Housing, and Urban Affairs; Senate Committee on Finance; Senate Committee on Veterans' Affairs; Senate Committee on the Judiciary",True,2015-02-13,2015-02-26,CTRL,Control4 Corporation (NASDAQ),Stock,Sale (Full),"$1,001 - $15,000",8000.5,False,Joint,bbdeaa6d-dcb6-41fa-a5d5-cb5e5d10af6b,https://efdsearch.senate.gov/search/view/ptr/bbdeaa6d-dcb6-41fa-a5d5-cb5e5d10af6b/,befed03261116fab6f441cf4b724c3fce7f3983b1b85f480e574d2b5ac5b485c,senate-efd-electronic,explicit,0
T000476,Thomas R Tillis,senate,Republican,NC,"Commission on Security and Cooperation in Europe; SSBK08; SSBK12; SSBK13; SSFI10; SSFI11; SSFI13; SSJU01; SSJU04; SSJU25; SSJU26; Senate Committee on Banking, Housing, and Urban Affairs; Senate Committee on Finance; Senate Committee on Veterans' Affairs; Senate Committee on the Judiciary",True,2015-02-13,2015-02-26,BERY,"Berry Plastics Group, Inc. (NYSE)",Stock,Sale (Full),"$1,001 - $15,000",8000.5,False,Joint,bbdeaa6d-dcb6-41fa-a5d5-cb5e5d10af6b,https://efdsearch.senate.gov/search/view/ptr/bbdeaa6d-dcb6-41fa-a5d5-cb5e5d10af6b/,57a65f5cac11046bce434cecfc78c7cc5a14a05f694627949cce2fcc5f0773d3,senate-efd-electronic,explicit,0
T000476,Thomas R Tillis,senate,Republican,NC,"Commission on Security and Cooperation in Europe; SSBK08; SSBK12; SSBK13; SSFI10; SSFI11; SSFI13; SSJU01; SSJU04; SSJU25; SSJU26; Senate Committee on Banking, Housing, and Urban Affairs; Senate Committee on Finance; Senate Committee on Veterans' Affairs; Senate Committee on the Judiciary",True,2015-02-13,2015-02-26,LOCK,"LifeLock, Inc. (NYSE)",Stock,Sale (Full),"$1,001 - $15,000",8000.5,False,Joint,bbdeaa6d-dcb6-41fa-a5d5-cb5e5d10af6b,https://efdsearch.senate.gov/search/view/ptr/bbdeaa6d-dcb6-41fa-a5d5-cb5e5d10af6b/,9bfccd5552f0324a778d66d5ecf5ba20366f42e3b03625a30984e82dcef986d2,senate-efd-electronic,explicit,0
T000476,Thomas R Tillis,senate,Republican,NC,"Commission on Security and Cooperation in Europe; SSBK08; SSBK12; SSBK13; SSFI10; SSFI11; SSFI13; SSJU01; SSJU04; SSJU25; SSJU26; Senate Committee on Banking, Housing, and Urban Affairs; Senate Committee on Finance; Senate Committee on Veterans' Affairs; Senate Committee on the Judiciary",True,2015-02-13,2015-02-26,BMR,BioMed Realty Trust Inc. (NYSE),Stock,Sale (Full),"$1,001 - $15,000",8000.5,False,Joint,bbdeaa6d-dcb6-41fa-a5d5-cb5e5d10af6b,https://efdsearch.senate.gov/search/view/ptr/bbdeaa6d-dcb6-41fa-a5d5-cb5e5d10af6b/,b85fe01bfa198865fb00d0f55a7c4d3175ee61b49f576b6274ac9f643d99718d,senate-efd-electronic,explicit,0
T000476,Thomas R Tillis,senate,Republican,NC,"Commission on Security and Cooperation in Europe; SSBK08; SSBK12; SSBK13; SSFI10; SSFI11; SSFI13; SSJU01; SSJU04; SSJU25; SSJU26; Senate Committee on Banking, Housing, and Urban Affairs; Senate Committee on Finance; Senate Committee on Veterans' Affairs; Senate Committee on the Judiciary",True,2015-02-13,2015-02-26,CASY,"Casey's General Stores, Inc. (NASDAQ)",Stock,Sale (Full),"$1,001 - $15,000",8000.5,False,Joint,bbdeaa6d-dcb6-41fa-a5d5-cb5e5d10af6b,https://efdsearch.senate.gov/search/view/ptr/bbdeaa6d-dcb6-41fa-a5d5-cb5e5d10af6b/,39a4be1c5c211095c9d0d7f43e8142e2c8105f05dbc606b060c62b0ad154ddae,senate-efd-electronic,explicit,0
T000476,Thomas R Tillis,senate,Republican,NC,"Commission on Security and Cooperation in Europe; SSBK08; SSBK12; SSBK13; SSFI10; SSFI11; SSFI13; SSJU01; SSJU04; SSJU25; SSJU26; Senate Committee on Banking, Housing, and Urban Affairs; Senate Committee on Finance; Senate Committee on Veterans' Affairs; Senate Committee on the Judiciary",True,2015-02-13,2015-02-26,CGNX,Cognex Corporation (NASDAQ),Stock,Sale (Full),"$1,001 - $15,000",8000.5,False,Joint,bbdeaa6d-dcb6-41fa-a5d5-cb5e5d10af6b,https://efdsearch.senate.gov/search/view/ptr/bbdeaa6d-dcb6-41fa-a5d5-cb5e5d10af6b/,fb760d3764cf4f3d4db249c5834e7307cd6ad1769a8baad34175e061717bafe6,senate-efd-electronic,explicit,0
T000476,Thomas R Tillis,senate,Republican,NC,"Commission on Security and Cooperation in Europe; SSBK08; SSBK12; SSBK13; SSFI10; SSFI11; SSFI13; SSJU01; SSJU04; SSJU25; SSJU26; Senate Committee on Banking, Housing, and Urban Affairs; Senate Committee on Finance; Senate Committee on Veterans' Affairs; Senate Committee on the Judiciary",True,2015-02-13,2015-02-26,CHEF,"The Chefs' Warehouse, Inc. (NASDAQ)",Stock,Sale (Full),"$1,001 - $15,000",8000.5,False,Joint,bbdeaa6d-dcb6-41fa-a5d5-cb5e5d10af6b,https://efdsearch.senate.gov/search/view/ptr/bbdeaa6d-dcb6-41fa-a5d5-cb5e5d10af6b/,a649dc269a806fdbea3492601d15155e91780ecade4f43e9e5e7d01a1c76514e,senate-efd-electronic,explicit,0
T000476,Thomas R Tillis,senate,Republican,NC,"Commission on Security and Cooperation in Europe; SSBK08; SSBK12; SSBK13; SSFI10; SSFI11; SSFI13; SSJU01; SSJU04; SSJU25; SSJU26; Senate Committee on Banking, Housing, and Urban Affairs; Senate Committee on Finance; Senate Committee on Veterans' Affairs; Senate Committee on the Judiciary",True,2015-02-13,2015-02-26,CLC,CLARCOR Inc. (NYSE),Stock,Sale (Full),"$1,001 - $15,000",8000.5,False,Joint,bbdeaa6d-dcb6-41fa-a5d5-cb5e5d10af6b,https://efdsearch.senate.gov/search/view/ptr/bbdeaa6d-dcb6-41fa-a5d5-cb5e5d10af6b/,114a25eb6954d485bf43b625f271e58b1dff82d0e5c74bd7c5f3c0d240a06d56,senate-efd-electronic,explicit,0
T000476,Thomas R Tillis,senate,Republican,NC,"Commission on Security and Cooperation in Europe; SSBK08; SSBK12; SSBK13; SSFI10; SSFI11; SSFI13; SSJU01; SSJU04; SSJU25; SSJU26; Senate Committee on Banking, Housing, and Urban Affairs; Senate Committee on Finance; Senate Committee on Veterans' Affairs; Senate Committee on the Judiciary",True,2015-02-13,2015-02-26,CMN,Cantel Medical Corp. (NYSE),Stock,Sale (Full),"$1,001 - $15,000",8000.5,False,Joint,bbdeaa6d-dcb6-41fa-a5d5-cb5e5d10af6b,https://efdsearch.senate.gov/search/view/ptr/bbdeaa6d-dcb6-41fa-a5d5-cb5e5d10af6b/,c80fd08713df450b26051dc5d637695260114a99e6153db090baf7ecc2d31db5,senate-efd-electronic,explicit,0
T000476,Thomas R Tillis,senate,Republican,NC,"Commission on Security and Cooperation in Europe; SSBK08; SSBK12; SSBK13; SSFI10; SSFI11; SSFI13; SSJU01; SSJU04; SSJU25; SSJU26; Senate Committee on Banking, Housing, and Urban Affairs; Senate Committee on Finance; Senate Committee on Veterans' Affairs; Senate Committee on the Judiciary",True,2015-02-13,2015-02-26,CRZO,Carrizo Oil & Gas Inc. (NASDAQ),Stock,Sale (Full),"$1,001 - $15,000",8000.5,False,Joint,bbdeaa6d-dcb6-41fa-a5d5-cb5e5d10af6b,https://efdsearch.senate.gov/search/view/ptr/bbdeaa6d-dcb6-41fa-a5d5-cb5e5d10af6b/,793896845652f23d70f8de5f8706ea2c94eb0bb74ec34b3e2de2f2eb5cf21740,senate-efd-electronic,explicit,0
T000476,Thomas R Tillis,senate,Republican,NC,"Commission on Security and Cooperation in Europe; SSBK08; SSBK12; SSBK13; SSFI10; SSFI11; SSFI13; SSJU01; SSJU04; SSJU25; SSJU26; Senate Committee on Banking, Housing, and Urban Affairs; Senate Committee on Finance; Senate Committee on Veterans' Affairs; Senate Committee on the Judiciary",True,2015-02-13,2015-02-26,LL,"Lumber Liquidators Holdings, Inc. (NYSE)",Stock,Sale (Full),"$1,001 - $15,000",8000.5,False,Joint,bbdeaa6d-dcb6-41fa-a5d5-cb5e5d10af6b,https://efdsearch.senate.gov/search/view/ptr/bbdeaa6d-dcb6-41fa-a5d5-cb5e5d10af6b/,82e6fcd54e958071a874eee03461cdb858303dedb8a6bf43e988646ca6a8d36d,senate-efd-electronic,explicit,0
T000476,Thomas R Tillis,senate,Republican,NC,"Commission on Security and Cooperation in Europe; SSBK08; SSBK12; SSBK13; SSFI10; SSFI11; SSFI13; SSJU01; SSJU04; SSJU25; SSJU26; Senate Committee on Banking, Housing, and Urban Affairs; Senate Committee on Finance; Senate Committee on Veterans' Affairs; Senate Committee on the Judiciary",True,2015-02-13,2015-02-26,CTCT,"Constant Contact, Inc. (NASDAQ)",Stock,Sale (Full),"$1,001 - $15,000",8000.5,False,Joint,bbdeaa6d-dcb6-41fa-a5d5-cb5e5d10af6b,https://efdsearch.senate.gov/search/view/ptr/bbdeaa6d-dcb6-41fa-a5d5-cb5e5d10af6b/,e3fc10eba5bf2e0213e68a79e292581e5f2a6864a1cd8056153f1f96d143ee0d,senate-efd-electronic,explicit,0
T000476,Thomas R Tillis,senate,Republican,NC,"Commission on Security and Cooperation in Europe; SSBK08; SSBK12; SSBK13; SSFI10; SSFI11; SSFI13; SSJU01; SSJU04; SSJU25; SSJU26; Senate Committee on Banking, Housing, and Urban Affairs; Senate Committee on Finance; Senate Committee on Veterans' Affairs; Senate Committee on the Judiciary",True,2015-02-13,2015-02-26,LSTR,Landstar System Inc. (NASDAQ),Stock,Sale (Full),"$1,001 - $15,000",8000.5,False,Joint,bbdeaa6d-dcb6-41fa-a5d5-cb5e5d10af6b,https://efdsearch.senate.gov/search/view/ptr/bbdeaa6d-dcb6-41fa-a5d5-cb5e5d10af6b/,b85545215ff794083776b25aa7ce35ead5c965fab9f18d238c9e34cdfdd522c4,senate-efd-electronic,explicit,0
T000476,Thomas R Tillis,senate,Republican,NC,"Commission on Security and Cooperation in Europe; SSBK08; SSBK12; SSBK13; SSFI10; SSFI11; SSFI13; SSJU01; SSJU04; SSJU25; SSJU26; Senate Committee on Banking, Housing, and Urban Affairs; Senate Committee on Finance; Senate Committee on Veterans' Affairs; Senate Committee on the Judiciary",True,2015-02-13,2015-02-26,SGY,Stone Energy Corp. (NYSE),Stock,Sale (Full),"$1,001 - $15,000",8000.5,False,Joint,bbdeaa6d-dcb6-41fa-a5d5-cb5e5d10af6b,https://efdsearch.senate.gov/search/view/ptr/bbdeaa6d-dcb6-41fa-a5d5-cb5e5d10af6b/,fe05d4a00ae9a0f1b66bc3a2f3f141dcffe85fe409905dfdc80c95227a4c7d25,senate-efd-electronic,explicit,0
T000476,Thomas R Tillis,senate,Republican,NC,"Commission on Security and Cooperation in Europe; SSBK08; SSBK12; SSBK13; SSFI10; SSFI11; SSFI13; SSJU01; SSJU04; SSJU25; SSJU26; Senate Committee on Banking, Housing, and Urban Affairs; Senate Committee on Finance; Senate Committee on Veterans' Affairs; Senate Committee on the Judiciary",True,2015-02-13,2015-02-26,SIGI,Selective Insurance Group Inc. (NASDAQ),Stock,Sale (Full),"$1,001 - $15,000",8000.5,False,Joint,bbdeaa6d-dcb6-41fa-a5d5-cb5e5d10af6b,https://efdsearch.senate.gov/search/view/ptr/bbdeaa6d-dcb6-41fa-a5d5-cb5e5d10af6b/,2efb444acc5c60c430dcbb8585876a317b68acd1540f3f8231be0eeae313a6f4,senate-efd-electronic,explicit,0
T000476,Thomas R Tillis,senate,Republican,NC,"Commission on Security and Cooperation in Europe; SSBK08; SSBK12; SSBK13; SSFI10; SSFI11; SSFI13; SSJU01; SSJU04; SSJU25; SSJU26; Senate Committee on Banking, Housing, and Urban Affairs; Senate Committee on Finance; Senate Committee on Veterans' Affairs; Senate Committee on the Judiciary",True,2015-02-13,2015-02-26,SMTC,Semtech Corporation (NASDAQ),Stock,Sale (Full),"$1,001 - $15,000",8000.5,False,Joint,bbdeaa6d-dcb6-41fa-a5d5-cb5e5d10af6b,https://efdsearch.senate.gov/search/view/ptr/bbdeaa6d-dcb6-41fa-a5d5-cb5e5d10af6b/,b6ddb1cd4d93281231e50217039e58962a35e4dbda89a507220908e8ce746780,senate-efd-electronic,explicit,0
T000476,Thomas R Tillis,senate,Republican,NC,"Commission on Security and Cooperation in Europe; SSBK08; SSBK12; SSBK13; SSFI10; SSFI11; SSFI13; SSJU01; SSJU04; SSJU25; SSJU26; Senate Committee on Banking, Housing, and Urban Affairs; Senate Committee on Finance; Senate Committee on Veterans' Affairs; Senate Committee on the Judiciary",True,2015-02-13,2015-02-26,SPSC,"SPS Commerce, Inc. (NASDAQ)",Stock,Sale (Full),"$1,001 - $15,000",8000.5,False,Joint,bbdeaa6d-dcb6-41fa-a5d5-cb5e5d10af6b,https://efdsearch.senate.gov/search/view/ptr/bbdeaa6d-dcb6-41fa-a5d5-cb5e5d10af6b/,e715c1b312d63780291bafe10223196e7dd2b34163669be8634740aca0ec7931,senate-efd-electronic,explicit,0
T000476,Thomas R Tillis,senate,Republican,NC,"Commission on Security and Cooperation in Europe; SSBK08; SSBK12; SSBK13; SSFI10; SSFI11; SSFI13; SSJU01; SSJU04; SSJU25; SSJU26; Senate Committee on Banking, Housing, and Urban Affairs; Senate Committee on Finance; Senate Committee on Veterans' Affairs; Senate Committee on the Judiciary",True,2015-02-13,2015-02-26,SQI,"SciQuest, Inc. (NASDAQ)",Stock,Sale (Full),"$1,001 - $15,000",8000.5,False,Joint,bbdeaa6d-dcb6-41fa-a5d5-cb5e5d10af6b,https://efdsearch.senate.gov/search/view/ptr/bbdeaa6d-dcb6-41fa-a5d5-cb5e5d10af6b/,18da43ec51e491fb6c243c76ea66e9195ac3036093f441bce6af6bc7de6d8025,senate-efd-electronic,explicit,0
T000476,Thomas R Tillis,senate,Republican,NC,"Commission on Security and Cooperation in Europe; SSBK08; SSBK12; SSBK13; SSFI10; SSFI11; SSFI13; SSJU01; SSJU04; SSJU25; SSJU26; Senate Committee on Banking, Housing, and Urban Affairs; Senate Committee on Finance; Senate Committee on Veterans' Affairs; Senate Committee on the Judiciary",True,2015-02-13,2015-02-26,SSB,South State Corporation (NASDAQ),Stock,Sale (Full),"$1,001 - $15,000",8000.5,False,Joint,bbdeaa6d-dcb6-41fa-a5d5-cb5e5d10af6b,https://efdsearch.senate.gov/search/view/ptr/bbdeaa6d-dcb6-41fa-a5d5-cb5e5d10af6b/,3c23fa03807d72a3e4e05d06114d93edca2dd368e007b5cc0d3d199eabd6ae28,senate-efd-electronic,explicit,0
T000476,Thomas R Tillis,senate,Republican,NC,"Commission on Security and Cooperation in Europe; SSBK08; SSBK12; SSBK13; SSFI10; SSFI11; SSFI13; SSJU01; SSJU04; SSJU25; SSJU26; Senate Committee on Banking, Housing, and Urban Affairs; Senate Committee on Finance; Senate Committee on Veterans' Affairs; Senate Committee on the Judiciary",True,2015-02-13,2015-02-26,SWI,"SolarWinds, Inc. (NYSE)",Stock,Sale (Full),"$1,001 - $15,000",8000.5,False,Joint,bbdeaa6d-dcb6-41fa-a5d5-cb5e5d10af6b,https://efdsearch.senate.gov/search/view/ptr/bbdeaa6d-dcb6-41fa-a5d5-cb5e5d10af6b/,d275c3c7f3f62abe291a3c83db19f236195fbee4df682bb029e692d925c5a3c3,senate-efd-electronic,explicit,0
T000476,Thomas R Tillis,senate,Republican,NC,"Commission on Security and Cooperation in Europe; SSBK08; SSBK12; SSBK13; SSFI10; SSFI11; SSFI13; SSJU01; SSJU04; SSJU25; SSJU26; Senate Committee on Banking, Housing, and Urban Affairs; Senate Committee on Finance; Senate Committee on Veterans' Affairs; Senate Committee on the Judiciary",True,2015-02-13,2015-02-26,SXT,Sensient Technologies Corporation (NYSE),Stock,Sale (Full),"$1,001 - $15,000",8000.5,False,Joint,bbdeaa6d-dcb6-41fa-a5d5-cb5e5d10af6b,https://efdsearch.senate.gov/search/view/ptr/bbdeaa6d-dcb6-41fa-a5d5-cb5e5d10af6b/,3355f7bbaada23da1256fed6c499abbe7ffc21f5529aa82fde14e5202ad777d9,senate-efd-electronic,explicit,0
T000476,Thomas R Tillis,senate,Republican,NC,"Commission on Security and Cooperation in Europe; SSBK08; SSBK12; SSBK13; SSFI10; SSFI11; SSFI13; SSJU01; SSJU04; SSJU25; SSJU26; Senate Committee on Banking, Housing, and Urban Affairs; Senate Committee on Finance; Senate Committee on Veterans' Affairs; Senate Committee on the Judiciary",True,2015-02-13,2015-02-26,TECH,Bio-Techne Corp. (NASDAQ),Stock,Sale (Full),"$1,001 - $15,000",8000.5,False,Joint,bbdeaa6d-dcb6-41fa-a5d5-cb5e5d10af6b,https://efdsearch.senate.gov/search/view/ptr/bbdeaa6d-dcb6-41fa-a5d5-cb5e5d10af6b/,1db9f2e92820bb9cf2317ba3449513a41fdfd8235d11d5cea8c88bd2aa4ffa7d,senate-efd-electronic,explicit,0
T000476,Thomas R Tillis,senate,Republican,NC,"Commission on Security and Cooperation in Europe; SSBK08; SSBK12; SSBK13; SSFI10; SSFI11; SSFI13; SSJU01; SSJU04; SSJU25; SSJU26; Senate Committee on Banking, Housing, and Urban Affairs; Senate Committee on Finance; Senate Committee on Veterans' Affairs; Senate Committee on the Judiciary",True,2015-02-13,2015-02-26,THRM,Gentherm Incorporated (NASDAQ),Stock,Sale (Full),"$1,001 - $15,000",8000.5,False,Joint,bbdeaa6d-dcb6-41fa-a5d5-cb5e5d10af6b,https://efdsearch.senate.gov/search/view/ptr/bbdeaa6d-dcb6-41fa-a5d5-cb5e5d10af6b/,b5e81a54f075b7eb388234dbb2be3fee3b50434125867e82f16f8d0727cb6c44,senate-efd-electronic,explicit,0
T000476,Thomas R Tillis,senate,Republican,NC,"Commission on Security and Cooperation in Europe; SSBK08; SSBK12; SSBK13; SSFI10; SSFI11; SSFI13; SSJU01; SSJU04; SSJU25; SSJU26; Senate Committee on Banking, Housing, and Urban Affairs; Senate Committee on Finance; Senate Committee on Veterans' Affairs; Senate Committee on the Judiciary",True,2015-02-13,2015-02-26,THS,"Treehouse Foods, Inc. (NYSE)",Stock,Sale (Full),"$1,001 - $15,000",8000.5,False,Joint,bbdeaa6d-dcb6-41fa-a5d5-cb5e5d10af6b,https://efdsearch.senate.gov/search/view/ptr/bbdeaa6d-dcb6-41fa-a5d5-cb5e5d10af6b/,ff0f79fbc63bbdfd501e26d5af4eb1d38aa39454ac822f30c1f7709099f9aade,senate-efd-electronic,explicit,0
T000476,Thomas R Tillis,senate,Republican,NC,"Commission on Security and Cooperation in Europe; SSBK08; SSBK12; SSBK13; SSFI10; SSFI11; SSFI13; SSJU01; SSJU04; SSJU25; SSJU26; Senate Committee on Banking, Housing, and Urban Affairs; Senate Committee on Finance; Senate Committee on Veterans' Affairs; Senate Committee on the Judiciary",True,2015-02-13,2015-02-26,TNGO,"Tangoe, Inc. (NASDAQ)",Stock,Sale (Full),"$1,001 - $15,000",8000.5,False,Spouse,bbdeaa6d-dcb6-41fa-a5d5-cb5e5d10af6b,https://efdsearch.senate.gov/search/view/ptr/bbdeaa6d-dcb6-41fa-a5d5-cb5e5d10af6b/,7832fd8a187d31c4afccc1cca9d50efc2860543ffd6316383894d96c15be093d,senate-efd-electronic,explicit,0
T000476,Thomas R Tillis,senate,Republican,NC,"Commission on Security and Cooperation in Europe; SSBK08; SSBK12; SSBK13; SSFI10; SSFI11; SSFI13; SSJU01; SSJU04; SSJU25; SSJU26; Senate Committee on Banking, Housing, and Urban Affairs; Senate Committee on Finance; Senate Committee on Veterans' Affairs; Senate Committee on the Judiciary",True,2015-02-13,2015-02-26,TTC,The Toro Company (NYSE),Stock,Sale (Full),"$1,001 - $15,000",8000.5,False,Joint,bbdeaa6d-dcb6-41fa-a5d5-cb5e5d10af6b,https://efdsearch.senate.gov/search/view/ptr/bbdeaa6d-dcb6-41fa-a5d5-cb5e5d10af6b/,8fc321502cd647a5f7b59b0a8a0b522f590ebb58d1522c791287e881584e1a92,senate-efd-electronic,explicit,0
T000476,Thomas R Tillis,senate,Republican,NC,"Commission on Security and Cooperation in Europe; SSBK08; SSBK12; SSBK13; SSFI10; SSFI11; SSFI13; SSJU01; SSJU04; SSJU25; SSJU26; Senate Committee on Banking, Housing, and Urban Affairs; Senate Committee on Finance; Senate Committee on Veterans' Affairs; Senate Committee on the Judiciary",True,2015-02-13,2015-02-26,TUMI,"Tumi Holdings, Inc. (NYSE)",Stock,Sale (Full),"$1,001 - $15,000",8000.5,False,Joint,bbdeaa6d-dcb6-41fa-a5d5-cb5e5d10af6b,https://efdsearch.senate.gov/search/view/ptr/bbdeaa6d-dcb6-41fa-a5d5-cb5e5d10af6b/,cdf201cb993fee086b9b962e7045994f53762160a15a4797c0eb82a888c4feaa,senate-efd-electronic,explicit,0
T000476,Thomas R Tillis,senate,Republican,NC,"Commission on Security and Cooperation in Europe; SSBK08; SSBK12; SSBK13; SSFI10; SSFI11; SSFI13; SSJU01; SSJU04; SSJU25; SSJU26; Senate Committee on Banking, Housing, and Urban Affairs; Senate Committee on Finance; Senate Committee on Veterans' Affairs; Senate Committee on the Judiciary",True,2015-02-13,2015-02-26,TXRH,"Texas Roadhouse, Inc. (NASDAQ)",Stock,Sale (Full),"$1,001 - $15,000",8000.5,False,Joint,bbdeaa6d-dcb6-41fa-a5d5-cb5e5d10af6b,https://efdsearch.senate.gov/search/view/ptr/bbdeaa6d-dcb6-41fa-a5d5-cb5e5d10af6b/,5600e0b3d84f4c0dead6e718507b4e2d20634f335f7f7f12681eb2fe61cafd5d,senate-efd-electronic,explicit,0
T000476,Thomas R Tillis,senate,Republican,NC,"Commission on Security and Cooperation in Europe; SSBK08; SSBK12; SSBK13; SSFI10; SSFI11; SSFI13; SSJU01; SSJU04; SSJU25; SSJU26; Senate Committee on Banking, Housing, and Urban Affairs; Senate Committee on Finance; Senate Committee on Veterans' Affairs; Senate Committee on the Judiciary",True,2015-02-13,2015-02-26,TYPE,Monotype Imaging Holdings Inc. (NASDAQ),Stock,Sale (Full),"$1,001 - $15,000",8000.5,False,Joint,bbdeaa6d-dcb6-41fa-a5d5-cb5e5d10af6b,https://efdsearch.senate.gov/search/view/ptr/bbdeaa6d-dcb6-41fa-a5d5-cb5e5d10af6b/,00b7ac8deca03b793663d23b2e1daafc4ab303dacc3cf7b229fe474eecef1c6a,senate-efd-electronic,explicit,0
T000476,Thomas R Tillis,senate,Republican,NC,"Commission on Security and Cooperation in Europe; SSBK08; SSBK12; SSBK13; SSFI10; SSFI11; SSFI13; SSJU01; SSJU04; SSJU25; SSJU26; Senate Committee on Banking, Housing, and Urban Affairs; Senate Committee on Finance; Senate Committee on Veterans' Affairs; Senate Committee on the Judiciary",True,2015-02-13,2015-02-26,VSI,"Vitamin Shoppe, Inc. (NYSE)",Stock,Sale (Full),"$1,001 - $15,000",8000.5,False,Joint,bbdeaa6d-dcb6-41fa-a5d5-cb5e5d10af6b,https://efdsearch.senate.gov/search/view/ptr/bbdeaa6d-dcb6-41fa-a5d5-cb5e5d10af6b/,e0a0c97ea5b8bed39b42731ce775e1955caf1ad6bfba601fa13564ff240dd01f,senate-efd-electronic,explicit,0
T000476,Thomas R Tillis,senate,Republican,NC,"Commission on Security and Cooperation in Europe; SSBK08; SSBK12; SSBK13; SSFI10; SSFI11; SSFI13; SSJU01; SSJU04; SSJU25; SSJU26; Senate Committee on Banking, Housing, and Urban Affairs; Senate Committee on Finance; Senate Committee on Veterans' Affairs; Senate Committee on the Judiciary",True,2015-02-13,2015-02-26,WAGE,"WageWorks, Inc. (NYSE)",Stock,Sale (Full),"$1,001 - $15,000",8000.5,False,Joint,bbdeaa6d-dcb6-41fa-a5d5-cb5e5d10af6b,https://efdsearch.senate.gov/search/view/ptr/bbdeaa6d-dcb6-41fa-a5d5-cb5e5d10af6b/,dd2fb53a54484437087b29c0c04e9cbc64b1df2fb4bd18c732b754da2667ec7c,senate-efd-electronic,explicit,0
T000476,Thomas R Tillis,senate,Republican,NC,"Commission on Security and Cooperation in Europe; SSBK08; SSBK12; SSBK13; SSFI10; SSFI11; SSFI13; SSJU01; SSJU04; SSJU25; SSJU26; Senate Committee on Banking, Housing, and Urban Affairs; Senate Committee on Finance; Senate Committee on Veterans' Affairs; Senate Committee on the Judiciary",True,2015-02-13,2015-02-26,WAL,Western Alliance Bancorporation (NYSE),Stock,Sale (Full),"$1,001 - $15,000",8000.5,False,Joint,bbdeaa6d-dcb6-41fa-a5d5-cb5e5d10af6b,https://efdsearch.senate.gov/search/view/ptr/bbdeaa6d-dcb6-41fa-a5d5-cb5e5d10af6b/,3df19817559333afe1936fefba12da694cee622b6a0923112228179be68a3208,senate-efd-electronic,explicit,0
T000476,Thomas R Tillis,senate,Republican,NC,"Commission on Security and Cooperation in Europe; SSBK08; SSBK12; SSBK13; SSFI10; SSFI11; SSFI13; SSJU01; SSJU04; SSJU25; SSJU26; Senate Committee on Banking, Housing, and Urban Affairs; Senate Committee on Finance; Senate Committee on Veterans' Affairs; Senate Committee on the Judiciary",True,2015-02-13,2015-02-26,WST,"West Pharmaceutical Services, Inc. (NYSE)",Stock,Sale (Full),"$1,001 - $15,000",8000.5,False,Joint,bbdeaa6d-dcb6-41fa-a5d5-cb5e5d10af6b,https://efdsearch.senate.gov/search/view/ptr/bbdeaa6d-dcb6-41fa-a5d5-cb5e5d10af6b/,07c5ce2b213a1eec1a08833e7a4c37140693cc77003cb6a144bfc94fce5d6f5a,senate-efd-electronic,explicit,0
T000476,Thomas R Tillis,senate,Republican,NC,"Commission on Security and Cooperation in Europe; SSBK08; SSBK12; SSBK13; SSFI10; SSFI11; SSFI13; SSJU01; SSJU04; SSJU25; SSJU26; Senate Committee on Banking, Housing, and Urban Affairs; Senate Committee on Finance; Senate Committee on Veterans' Affairs; Senate Committee on the Judiciary",True,2015-02-13,2015-02-26,JCOM,"j2 Global, Inc. (NASDAQ)",Stock,Sale (Full),"$1,001 - $15,000",8000.5,False,Joint,bbdeaa6d-dcb6-41fa-a5d5-cb5e5d10af6b,https://efdsearch.senate.gov/search/view/ptr/bbdeaa6d-dcb6-41fa-a5d5-cb5e5d10af6b/,42f1cd4648872e73f8fdc03ce49b5876dda9a37cec51f8e689ce22f7eec75987,senate-efd-electronic,explicit,0
T000476,Thomas R Tillis,senate,Republican,NC,"Commission on Security and Cooperation in Europe; SSBK08; SSBK12; SSBK13; SSFI10; SSFI11; SSFI13; SSJU01; SSJU04; SSJU25; SSJU26; Senate Committee on Banking, Housing, and Urban Affairs; Senate Committee on Finance; Senate Committee on Veterans' Affairs; Senate Committee on the Judiciary",True,2015-02-13,2015-02-26,MASI,Masimo Corporation (NASDAQ),Stock,Sale (Full),"$1,001 - $15,000",8000.5,False,Joint,bbdeaa6d-dcb6-41fa-a5d5-cb5e5d10af6b,https://efdsearch.senate.gov/search/view/ptr/bbdeaa6d-dcb6-41fa-a5d5-cb5e5d10af6b/,b1773baf5112f1cceba8df9401a5430aef46a36f5399c45338e82543e3a818b3,senate-efd-electronic,explicit,0
T000476,Thomas R Tillis,senate,Republican,NC,"Commission on Security and Cooperation in Europe; SSBK08; SSBK12; SSBK13; SSFI10; SSFI11; SSFI13; SSJU01; SSJU04; SSJU25; SSJU26; Senate Committee on Banking, Housing, and Urban Affairs; Senate Committee on Finance; Senate Committee on Veterans' Affairs; Senate Committee on the Judiciary",True,2015-02-13,2015-02-26,SHOO,"Steven Madden, Ltd. (NASDAQ)",Stock,Sale (Full),"$1,001 - $15,000",8000.5,False,Joint,bbdeaa6d-dcb6-41fa-a5d5-cb5e5d10af6b,https://efdsearch.senate.gov/search/view/ptr/bbdeaa6d-dcb6-41fa-a5d5-cb5e5d10af6b/,ba45fe153ebf3b0e8153e0478801bd6e6be7fddd7cb22c371357df62bcb6a899,senate-efd-electronic,explicit,0
T000476,Thomas R Tillis,senate,Republican,NC,"Commission on Security and Cooperation in Europe; SSBK08; SSBK12; SSBK13; SSFI10; SSFI11; SSFI13; SSJU01; SSJU04; SSJU25; SSJU26; Senate Committee on Banking, Housing, and Urban Affairs; Senate Committee on Finance; Senate Committee on Veterans' Affairs; Senate Committee on the Judiciary",True,2015-02-13,2015-02-26,TCBI,Texas Capital BancShares Inc. (NASDAQ),Stock,Sale (Full),"$1,001 - $15,000",8000.5,False,Joint,bbdeaa6d-dcb6-41fa-a5d5-cb5e5d10af6b,https://efdsearch.senate.gov/search/view/ptr/bbdeaa6d-dcb6-41fa-a5d5-cb5e5d10af6b/,a44f91e12ad9297ccc17fa57b87d8cbcf7b1a1942297f1385377d13f923fdbe9,senate-efd-electronic,explicit,0
T000476,Thomas R Tillis,senate,Republican,NC,"Commission on Security and Cooperation in Europe; SSBK08; SSBK12; SSBK13; SSFI10; SSFI11; SSFI13; SSJU01; SSJU04; SSJU25; SSJU26; Senate Committee on Banking, Housing, and Urban Affairs; Senate Committee on Finance; Senate Committee on Veterans' Affairs; Senate Committee on the Judiciary",True,2015-02-13,2015-02-26,RRTS,"Roadrunner Transportation Systems, Inc. (NYSE)",Stock,Sale (Full),"$1,001 - $15,000",8000.5,False,Joint,bbdeaa6d-dcb6-41fa-a5d5-cb5e5d10af6b,https://efdsearch.senate.gov/search/view/ptr/bbdeaa6d-dcb6-41fa-a5d5-cb5e5d10af6b/,fd57a053ce1df0552ccba038a965784bad5d2449eb3baf082cb313e60026c2d0,senate-efd-electronic,explicit,0
T000476,Thomas R Tillis,senate,Republican,NC,"Commission on Security and Cooperation in Europe; SSBK08; SSBK12; SSBK13; SSFI10; SSFI11; SSFI13; SSJU01; SSJU04; SSJU25; SSJU26; Senate Committee on Banking, Housing, and Urban Affairs; Senate Committee on Finance; Senate Committee on Veterans' Affairs; Senate Committee on the Judiciary",True,2015-02-13,2015-02-26,PLKI,"Popeyes Louisiana Kitchen, Inc. (NASDAQ)",Stock,Sale (Full),"$1,001 - $15,000",8000.5,False,Joint,bbdeaa6d-dcb6-41fa-a5d5-cb5e5d10af6b,https://efdsearch.senate.gov/search/view/ptr/bbdeaa6d-dcb6-41fa-a5d5-cb5e5d10af6b/,2106782a6a09d5f04ad669bdfc02636c148571d08a07afdf6b7bb1ca18847879,senate-efd-electronic,explicit,0
T000476,Thomas R Tillis,senate,Republican,NC,"Commission on Security and Cooperation in Europe; SSBK08; SSBK12; SSBK13; SSFI10; SSFI11; SSFI13; SSJU01; SSJU04; SSJU25; SSJU26; Senate Committee on Banking, Housing, and Urban Affairs; Senate Committee on Finance; Senate Committee on Veterans' Affairs; Senate Committee on the Judiciary",True,2015-02-13,2015-02-26,MDCA,MDC Partners Inc. (NASDAQ),Stock,Sale (Full),"$1,001 - $15,000",8000.5,False,Joint,bbdeaa6d-dcb6-41fa-a5d5-cb5e5d10af6b,https://efdsearch.senate.gov/search/view/ptr/bbdeaa6d-dcb6-41fa-a5d5-cb5e5d10af6b/,fee11a035f04773b1bbb34795201ec29482e1d59da4c40c99a49303f3c5bc7b2,senate-efd-electronic,explicit,0
T000476,Thomas R Tillis,senate,Republican,NC,"Commission on Security and Cooperation in Europe; SSBK08; SSBK12; SSBK13; SSFI10; SSFI11; SSFI13; SSJU01; SSJU04; SSJU25; SSJU26; Senate Committee on Banking, Housing, and Urban Affairs; Senate Committee on Finance; Senate Committee on Veterans' Affairs; Senate Committee on the Judiciary",True,2015-02-13,2015-02-26,ROLL,RBC Bearings Inc. (NASDAQ),Stock,Sale (Full),"$1,001 - $15,000",8000.5,False,Joint,bbdeaa6d-dcb6-41fa-a5d5-cb5e5d10af6b,https://efdsearch.senate.gov/search/view/ptr/bbdeaa6d-dcb6-41fa-a5d5-cb5e5d10af6b/,080f624374773bc3a8047f87a9a332a7dea0a6cde75f16aaa236dce00ec7c82c,senate-efd-electronic,explicit,0
T000476,Thomas R Tillis,senate,Republican,NC,"Commission on Security and Cooperation in Europe; SSBK08; SSBK12; SSBK13; SSFI10; SSFI11; SSFI13; SSJU01; SSJU04; SSJU25; SSJU26; Senate Committee on Banking, Housing, and Urban Affairs; Senate Committee on Finance; Senate Committee on Veterans' Affairs; Senate Committee on the Judiciary",True,2015-02-13,2015-02-26,MG,"Mistras Group, Inc. (NYSE)",Stock,Sale (Full),"$1,001 - $15,000",8000.5,False,Joint,bbdeaa6d-dcb6-41fa-a5d5-cb5e5d10af6b,https://efdsearch.senate.gov/search/view/ptr/bbdeaa6d-dcb6-41fa-a5d5-cb5e5d10af6b/,6afdda2005101c30268900a3dc868ed5c2ba0970236b77d5623368aac1d1940c,senate-efd-electronic,explicit,0
T000476,Thomas R Tillis,senate,Republican,NC,"Commission on Security and Cooperation in Europe; SSBK08; SSBK12; SSBK13; SSFI10; SSFI11; SSFI13; SSJU01; SSJU04; SSJU25; SSJU26; Senate Committee on Banking, Housing, and Urban Affairs; Senate Committee on Finance; Senate Committee on Veterans' Affairs; Senate Committee on the Judiciary",True,2015-02-13,2015-02-26,MNRO,Monro Muffler Brake Inc. (NASDAQ),Stock,Sale (Full),"$1,001 - $15,000",8000.5,False,Joint,bbdeaa6d-dcb6-41fa-a5d5-cb5e5d10af6b,https://efdsearch.senate.gov/search/view/ptr/bbdeaa6d-dcb6-41fa-a5d5-cb5e5d10af6b/,c68eeb9101a4f45cdfc14278a85db9f1559781f3b54c556e35072d8484fdf14c,senate-efd-electronic,explicit,0
T000476,Thomas R Tillis,senate,Republican,NC,"Commission on Security and Cooperation in Europe; SSBK08; SSBK12; SSBK13; SSFI10; SSFI11; SSFI13; SSJU01; SSJU04; SSJU25; SSJU26; Senate Committee on Banking, Housing, and Urban Affairs; Senate Committee on Finance; Senate Committee on Veterans' Affairs; Senate Committee on the Judiciary",True,2015-02-13,2015-02-26,NICE,NICE Systems Ltd. (NASDAQ),Stock,Sale (Full),"$1,001 - $15,000",8000.5,False,Joint,bbdeaa6d-dcb6-41fa-a5d5-cb5e5d10af6b,https://efdsearch.senate.gov/search/view/ptr/bbdeaa6d-dcb6-41fa-a5d5-cb5e5d10af6b/,5cf8229406a822c142c0015350585a1a61076507c75b1d63b20cd1587a8c7935,senate-efd-electronic,explicit,0
T000476,Thomas R Tillis,senate,Republican,NC,"Commission on Security and Cooperation in Europe; SSBK08; SSBK12; SSBK13; SSFI10; SSFI11; SSFI13; SSJU01; SSJU04; SSJU25; SSJU26; Senate Committee on Banking, Housing, and Urban Affairs; Senate Committee on Finance; Senate Committee on Veterans' Affairs; Senate Committee on the Judiciary",True,2015-02-13,2015-02-26,NSR,"NeuStar, Inc. (NYSE)",Stock,Sale (Full),"$1,001 - $15,000",8000.5,False,Joint,bbdeaa6d-dcb6-41fa-a5d5-cb5e5d10af6b,https://efdsearch.senate.gov/search/view/ptr/bbdeaa6d-dcb6-41fa-a5d5-cb5e5d10af6b/,6e2347f4b594aac36c5c6c7b8a818f588d15854af5f5b19eb715964821fad01e,senate-efd-electronic,explicit,0
T000476,Thomas R Tillis,senate,Republican,NC,"Commission on Security and Cooperation in Europe; SSBK08; SSBK12; SSBK13; SSFI10; SSFI11; SSFI13; SSJU01; SSJU04; SSJU25; SSJU26; Senate Committee on Banking, Housing, and Urban Affairs; Senate Committee on Finance; Senate Committee on Veterans' Affairs; Senate Committee on the Judiciary",True,2015-02-13,2015-02-26,OFC,Corporate Office Properties Trust (NYSE),Stock,Sale (Full),"$1,001 - $15,000",8000.5,False,Joint,bbdeaa6d-dcb6-41fa-a5d5-cb5e5d10af6b,https://efdsearch.senate.gov/search/view/ptr/bbdeaa6d-dcb6-41fa-a5d5-cb5e5d10af6b/,63dd9a10eb913a95635cbb4f7bcb4f066eb7bb72e40c7cd7f08e4b5acc2e9d68,senate-efd-electronic,explicit,0
T000476,Thomas R Tillis,senate,Republican,NC,"Commission on Security and Cooperation in Europe; SSBK08; SSBK12; SSBK13; SSFI10; SSFI11; SSFI13; SSJU01; SSJU04; SSJU25; SSJU26; Senate Committee on Banking, Housing, and Urban Affairs; Senate Committee on Finance; Senate Committee on Veterans' Affairs; Senate Committee on the Judiciary",True,2015-02-13,2015-02-26,OMCL,"Omnicell, Inc. (NASDAQ)",Stock,Sale (Full),"$1,001 - $15,000",8000.5,False,Joint,bbdeaa6d-dcb6-41fa-a5d5-cb5e5d10af6b,https://efdsearch.senate.gov/search/view/ptr/bbdeaa6d-dcb6-41fa-a5d5-cb5e5d10af6b/,e41b04b2ef80001174af4af202e395f905abda07c08be16a9b28f6808bc1e0f1,senate-efd-electronic,explicit,0
T000476,Thomas R Tillis,senate,Republican,NC,"Commission on Security and Cooperation in Europe; SSBK08; SSBK12; SSBK13; SSFI10; SSFI11; SSFI13; SSJU01; SSJU04; SSJU25; SSJU26; Senate Committee on Banking, Housing, and Urban Affairs; Senate Committee on Finance; Senate Committee on Veterans' Affairs; Senate Committee on the Judiciary",True,2015-02-13,2015-02-26,PBH,"Prestige Brands Holdings, Inc. (NYSE)",Stock,Sale (Full),"$1,001 - $15,000",8000.5,False,Joint,bbdeaa6d-dcb6-41fa-a5d5-cb5e5d10af6b,https://efdsearch.senate.gov/search/view/ptr/bbdeaa6d-dcb6-41fa-a5d5-cb5e5d10af6b/,326f5d39debf3efe8bb13b1b426ba8bcd61481aece642420e59ce7a99ac4ff6e,senate-efd-electronic,explicit,0
T000476,Thomas R Tillis,senate,Republican,NC,"Commission on Security and Cooperation in Europe; SSBK08; SSBK12; SSBK13; SSFI10; SSFI11; SSFI13; SSJU01; SSJU04; SSJU25; SSJU26; Senate Committee on Banking, Housing, and Urban Affairs; Senate Committee on Finance; Senate Committee on Veterans' Affairs; Senate Committee on the Judiciary",True,2015-02-13,2015-02-26,PEB,Pebblebrook Hotel Trust (NYSE),Stock,Sale (Full),"$1,001 - $15,000",8000.5,False,Joint,bbdeaa6d-dcb6-41fa-a5d5-cb5e5d10af6b,https://efdsearch.senate.gov/search/view/ptr/bbdeaa6d-dcb6-41fa-a5d5-cb5e5d10af6b/,aed0ffccfd98ab1206fb4c0fad062fd54c592e8ad36896479babd5150212e814,senate-efd-electronic,explicit,0
T000476,Thomas R Tillis,senate,Republican,NC,"Commission on Security and Cooperation in Europe; SSBK08; SSBK12; SSBK13; SSFI10; SSFI11; SSFI13; SSJU01; SSJU04; SSJU25; SSJU26; Senate Committee on Banking, Housing, and Urban Affairs; Senate Committee on Finance; Senate Committee on Veterans' Affairs; Senate Committee on the Judiciary",True,2015-02-13,2015-02-26,MFRM,Mattress Firm Holding Corp. (NASDAQ),Stock,Sale (Full),"$1,001 - $15,000",8000.5,False,Joint,bbdeaa6d-dcb6-41fa-a5d5-cb5e5d10af6b,https://efdsearch.senate.gov/search/view/ptr/bbdeaa6d-dcb6-41fa-a5d5-cb5e5d10af6b/,bde984fb8ca74d1d05db962eb86c5dd3bc0dd37358b8939c27d38d22d8062860,senate-efd-electronic,explicit,0
T000476,Thomas R Tillis,senate,Republican,NC,"Commission on Security and Cooperation in Europe; SSBK08; SSBK12; SSBK13; SSFI10; SSFI11; SSFI13; SSJU01; SSJU04; SSJU25; SSJU26; Senate Committee on Banking, Housing, and Urban Affairs; Senate Committee on Finance; Senate Committee on Veterans' Affairs; Senate Committee on the Judiciary",True,2015-02-13,2015-02-26,PLT,"Plantronics, Inc. (NYSE)",Stock,Sale (Full),"$1,001 - $15,000",8000.5,False,Joint,bbdeaa6d-dcb6-41fa-a5d5-cb5e5d10af6b,https://efdsearch.senate.gov/search/view/ptr/bbdeaa6d-dcb6-41fa-a5d5-cb5e5d10af6b/,50992a34ae82f10d57eca49a62b30b63454af14a2d807a5b2f51960f583207e4,senate-efd-electronic,explicit,0
T000476,Thomas R Tillis,senate,Republican,NC,"Commission on Security and Cooperation in Europe; SSBK08; SSBK12; SSBK13; SSFI10; SSFI11; SSFI13; SSJU01; SSJU04; SSJU25; SSJU26; Senate Committee on Banking, Housing, and Urban Affairs; Senate Committee on Finance; Senate Committee on Veterans' Affairs; Senate Committee on the Judiciary",True,2015-02-13,2015-02-26,PRA,ProAssurance Corporation (NYSE),Stock,Sale (Full),"$1,001 - $15,000",8000.5,False,Joint,bbdeaa6d-dcb6-41fa-a5d5-cb5e5d10af6b,https://efdsearch.senate.gov/search/view/ptr/bbdeaa6d-dcb6-41fa-a5d5-cb5e5d10af6b/,ac2cef0019837dc465d7303b7ff4e4115df6ac190b1173d85b6e094a0fee04dc,senate-efd-electronic,explicit,0
T000476,Thomas R Tillis,senate,Republican,NC,"Commission on Security and Cooperation in Europe; SSBK08; SSBK12; SSBK13; SSFI10; SSFI11; SSFI13; SSJU01; SSJU04; SSJU25; SSJU26; Senate Committee on Banking, Housing, and Urban Affairs; Senate Committee on Finance; Senate Committee on Veterans' Affairs; Senate Committee on the Judiciary",True,2015-02-13,2015-02-26,RBA,Ritchie Bros. Auctioneers Incorporated (NYSE),Stock,Sale (Full),"$1,001 - $15,000",8000.5,False,Joint,bbdeaa6d-dcb6-41fa-a5d5-cb5e5d10af6b,https://efdsearch.senate.gov/search/view/ptr/bbdeaa6d-dcb6-41fa-a5d5-cb5e5d10af6b/,4f1262566abd0a47a80cd5a2428613d7d2b9858666c60734e682a68446b5d660,senate-efd-electronic,explicit,0
T000476,Thomas R Tillis,senate,Republican,NC,"Commission on Security and Cooperation in Europe; SSBK08; SSBK12; SSBK13; SSFI10; SSFI11; SSFI13; SSJU01; SSJU04; SSJU25; SSJU26; Senate Committee on Banking, Housing, and Urban Affairs; Senate Committee on Finance; Senate Committee on Veterans' Affairs; Senate Committee on the Judiciary",True,2015-02-13,2015-02-26,PRAA,"PRA Group, Inc. (NASDAQ)",Stock,Sale (Full),"$1,001 - $15,000",8000.5,False,Joint,bbdeaa6d-dcb6-41fa-a5d5-cb5e5d10af6b,https://efdsearch.senate.gov/search/view/ptr/bbdeaa6d-dcb6-41fa-a5d5-cb5e5d10af6b/,3816c693e1dfa0acc0a894611c2995e6b4bf2da5600731fbe89ac64b0a5860bd,senate-efd-electronic,explicit,0
T000476,Thomas R Tillis,senate,Republican,NC,"Commission on Security and Cooperation in Europe; SSBK08; SSBK12; SSBK13; SSFI10; SSFI11; SSFI13; SSJU01; SSJU04; SSJU25; SSJU26; Senate Committee on Banking, Housing, and Urban Affairs; Senate Committee on Finance; Senate Committee on Veterans' Affairs; Senate Committee on the Judiciary",True,2015-02-13,2015-02-26,PRIM,Primoris Services Corporation (NASDAQ),Stock,Sale (Full),"$1,001 - $15,000",8000.5,False,Joint,bbdeaa6d-dcb6-41fa-a5d5-cb5e5d10af6b,https://efdsearch.senate.gov/search/view/ptr/bbdeaa6d-dcb6-41fa-a5d5-cb5e5d10af6b/,400951e9cab495ad361d56885fb48ec2a5704226e004e789c488cf3ded256d2f,senate-efd-electronic,explicit,0
T000476,Thomas R Tillis,senate,Republican,NC,"Commission on Security and Cooperation in Europe; SSBK08; SSBK12; SSBK13; SSFI10; SSFI11; SSFI13; SSJU01; SSJU04; SSJU25; SSJU26; Senate Committee on Banking, Housing, and Urban Affairs; Senate Committee on Finance; Senate Committee on Veterans' Affairs; Senate Committee on the Judiciary",True,2015-02-13,2015-02-26,PRLB,"Proto Labs, Inc. (NYSE)",Stock,Sale (Full),"$1,001 - $15,000",8000.5,False,Joint,bbdeaa6d-dcb6-41fa-a5d5-cb5e5d10af6b,https://efdsearch.senate.gov/search/view/ptr/bbdeaa6d-dcb6-41fa-a5d5-cb5e5d10af6b/,0ec82432a62151c70c207f97cf676f5952b457c2c53298425c00846ccee7a20c,senate-efd-electronic,explicit,0
T000476,Thomas R Tillis,senate,Republican,NC,"Commission on Security and Cooperation in Europe; SSBK08; SSBK12; SSBK13; SSFI10; SSFI11; SSFI13; SSJU01; SSJU04; SSJU25; SSJU26; Senate Committee on Banking, Housing, and Urban Affairs; Senate Committee on Finance; Senate Committee on Veterans' Affairs; Senate Committee on the Judiciary",True,2015-02-13,2015-02-26,QLIK,"Qlik Technologies, Inc. (NASDAQ)",Stock,Sale (Full),"$1,001 - $15,000",8000.5,False,Joint,bbdeaa6d-dcb6-41fa-a5d5-cb5e5d10af6b,https://efdsearch.senate.gov/search/view/ptr/bbdeaa6d-dcb6-41fa-a5d5-cb5e5d10af6b/,7ed25c0bf478d879d661992595c8e7277d0cfe5c1e999b4f24d8708503ae04a0,senate-efd-electronic,explicit,0
T000476,Thomas R Tillis,senate,Republican,NC,"Commission on Security and Cooperation in Europe; SSBK08; SSBK12; SSBK13; SSFI10; SSFI11; SSFI13; SSJU01; SSJU04; SSJU25; SSJU26; Senate Committee on Banking, Housing, and Urban Affairs; Senate Committee on Finance; Senate Committee on Veterans' Affairs; Senate Committee on the Judiciary",True,2015-02-13,2015-02-26,RAVN,Raven Industries Inc. (NASDAQ),Stock,Sale (Full),"$1,001 - $15,000",8000.5,False,Joint,bbdeaa6d-dcb6-41fa-a5d5-cb5e5d10af6b,https://efdsearch.senate.gov/search/view/ptr/bbdeaa6d-dcb6-41fa-a5d5-cb5e5d10af6b/,9294254c2a0919ae5a512e49bf672e9603e3facbc28b7e646eb111c88d0d4ee6,senate-efd-electronic,explicit,0
T000476,Thomas R Tillis,senate,Republican,NC,"Commission on Security and Cooperation in Europe; SSBK08; SSBK12; SSBK13; SSFI10; SSFI11; SSFI13; SSJU01; SSJU04; SSJU25; SSJU26; Senate Committee on Banking, Housing, and Urban Affairs; Senate Committee on Finance; Senate Committee on Veterans' Affairs; Senate Committee on the Judiciary",True,2015-02-13,2015-02-26,POWI,Power Integrations Inc. (NASDAQ),Stock,Sale (Full),"$1,001 - $15,000",8000.5,False,Joint,bbdeaa6d-dcb6-41fa-a5d5-cb5e5d10af6b,https://efdsearch.senate.gov/search/view/ptr/bbdeaa6d-dcb6-41fa-a5d5-cb5e5d10af6b/,171ba3206838776342ac01c56ad6c7a9df10c72004edc3326297f12b5f1ca329,senate-efd-electronic,explicit,0
C001075,William Cassidy,senate,Republican,LA,"SSEG01; SSEG04; SSEG07; SSFI10; SSFI11; SSFI14; SSHR09; SSHR11; SSHR12; Senate Committee on Energy and Natural Resources; Senate Committee on Finance; Senate Committee on Health, Education, Labor, and Pensions; Senate Committee on Veterans' Affairs",True,2015-07-08,2015-08-20,OXY,Occidental Petroleum Corporation (NYSE),Stock,Purchase,"$1,001 - $15,000",8000.5,False,Spouse,87af0262-2fd3-44ad-9429-1248084b480d,https://efdsearch.senate.gov/search/view/ptr/87af0262-2fd3-44ad-9429-1248084b480d/,1fed04d79fd74271bf69a014e1a9cad8b6040e7fd2079f2c34966e28753efcd4,senate-efd-electronic,explicit,0
C001075,William Cassidy,senate,Republican,LA,"SSEG01; SSEG04; SSEG07; SSFI10; SSFI11; SSFI14; SSHR09; SSHR11; SSHR12; Senate Committee on Energy and Natural Resources; Senate Committee on Finance; Senate Committee on Health, Education, Labor, and Pensions; Senate Committee on Veterans' Affairs",True,2015-07-16,2015-08-20,NBL,"Noble Energy, Inc. (NYSE)",Stock,Purchase,"$1,001 - $15,000",8000.5,False,Joint,87af0262-2fd3-44ad-9429-1248084b480d,https://efdsearch.senate.gov/search/view/ptr/87af0262-2fd3-44ad-9429-1248084b480d/,81f0772ff804922cf36eafcfca8f7ea85d5d149816467fb9d5ffee4fcd199e1a,senate-efd-electronic,explicit,0
C001075,William Cassidy,senate,Republican,LA,"SSEG01; SSEG04; SSEG07; SSFI10; SSFI11; SSFI14; SSHR09; SSHR11; SSHR12; Senate Committee on Energy and Natural Resources; Senate Committee on Finance; Senate Committee on Health, Education, Labor, and Pensions; Senate Committee on Veterans' Affairs",True,2015-08-27,2015-08-28,IHE,iShares US Pharmaceuticals (NYSEArca),Stock,Purchase,"$1,001 - $15,000",8000.5,False,Spouse,74e060d5-4d40-4972-b585-7d2f69731188,https://efdsearch.senate.gov/search/view/ptr/74e060d5-4d40-4972-b585-7d2f69731188/,fdc775ca34bdc052572225bf6f8c41d2aabb14d8e57cda90a6d0ff46b717a277,senate-efd-electronic,explicit,0
C001075,William Cassidy,senate,Republican,LA,"SSEG01; SSEG04; SSEG07; SSFI10; SSFI11; SSFI14; SSHR09; SSHR11; SSHR12; Senate Committee on Energy and Natural Resources; Senate Committee on Finance; Senate Committee on Health, Education, Labor, and Pensions; Senate Committee on Veterans' Affairs",True,2015-08-27,2015-08-28,CAT,Caterpillar Inc. (NYSE),Stock,Purchase,"$1,001 - $15,000",8000.5,False,Spouse,74e060d5-4d40-4972-b585-7d2f69731188,https://efdsearch.senate.gov/search/view/ptr/74e060d5-4d40-4972-b585-7d2f69731188/,6c97cdecd4ba9bd068a6dccf31bab155e0ad8606c2777c1856fb406cb46da64c,senate-efd-electronic,explicit,0
C001075,William Cassidy,senate,Republican,LA,"SSEG01; SSEG04; SSEG07; SSFI10; SSFI11; SSFI14; SSHR09; SSHR11; SSHR12; Senate Committee on Energy and Natural Resources; Senate Committee on Finance; Senate Committee on Health, Education, Labor, and Pensions; Senate Committee on Veterans' Affairs",True,2015-09-18,2015-09-30,,Green Tree 95-10 B2 Financial Corporation  Rate/Coupon: 7.400  Matures: 01/15/2027,Corporate Bond,Sale (Full),"$1,001 - $15,000",8000.5,False,Joint,49fcb4d6-d449-49d2-9f2a-190fb36a2180,https://efdsearch.senate.gov/search/view/ptr/49fcb4d6-d449-49d2-9f2a-190fb36a2180/,bb2e09ffe5193ca29e2b8926e8b293a09fce081fa402523349c881e26274febd,senate-efd-electronic,none,0
