bioguide_id,declarant_name,chamber,party,state_district,committee_membership,committees_key_flag,transaction_date,disclosure_date,ticker,asset_description,asset_type,operation_type,amount_range,amount_midpoint,amount_split_flag,owner,doc_id,source_url,natural_key_hash,provenance,ticker_source,occurrence_index
B001236,JOHN BOOZMAN,senate,Republican,AR,"Commission on Security and Cooperation in Europe; SSAF13; SSAF14; SSAF15; SSAF16; SSAF17; SSAP02; SSAP18; SSAP19; SSAP20; SSAP23; SSAP24; SSEV08; SSEV10; SSEV15; Senate Committee on Agriculture, Nutrition, and Forestry; Senate Committee on Appropriations; Senate Committee on Environment and Public Works; Senate Committee on Rules and Administration; Senate Committee on Veterans' Affairs",False,2019-11-14,2019-12-20,,First TR Exchange Traded FD IV No Amer Energy,,Sale,"$15,001 - $50,000",32500.5,False,Self,dc7026aa-e4d5-481c-9846-270e41a8f72c,https://efdsearch.senate.gov/search/view/paper/dc7026aa-e4d5-481c-9846-270e41a8f72c/,63f80faf4ccc2dac786ec6327741d7490c188966c4441e65f79d7fdcf10e810c,senate-efd-ocr,explicit,0
B001236,JOHN BOOZMAN,senate,Republican,AR,"Commission on Security and Cooperation in Europe; SSAF13; SSAF14; SSAF15; SSAF16; SSAF17; SSAP02; SSAP18; SSAP19; SSAP20; SSAP23; SSAP24; SSEV08; SSEV10; SSEV15; Senate Committee on Agriculture, Nutrition, and Forestry; Senate Committee on Appropriations; Senate Committee on Environment and Public Works; Senate Committee on Rules and Administration; Senate Committee on Veterans' Affairs",False,2019-11-27,2019-12-20,,Invesco Fundamental High Yield Corp Bond ETF,Corporate Bond,Sale,"$15,001 - $50,000",32500.5,False,Self,dc7026aa-e4d5-481c-9846-270e41a8f72c,https://efdsearch.senate.gov/search/view/paper/dc7026aa-e4d5-481c-9846-270e41a8f72c/,8d7725b5f9b3d10acff4c424e51d0ead4ce0debb9065100f5ffcd7f7c8b5ee70,senate-efd-ocr,explicit,0
B001236,JOHN BOOZMAN,senate,Republican,AR,"Commission on Security and Cooperation in Europe; SSAF13; SSAF14; SSAF15; SSAF16; SSAF17; SSAP02; SSAP18; SSAP19; SSAP20; SSAP23; SSAP24; SSEV08; SSEV10; SSEV15; Senate Committee on Agriculture, Nutrition, and Forestry; Senate Committee on Appropriations; Senate Committee on Environment and Public Works; Senate Committee on Rules and Administration; Senate Committee on Veterans' Affairs",False,2019-11-14,2019-12-20,,Vanguard Index Fds REIT ETF,,Sale,"$15,001 - $50,000",32500.5,False,Self,dc7026aa-e4d5-481c-9846-270e41a8f72c,https://efdsearch.senate.gov/search/view/paper/dc7026aa-e4d5-481c-9846-270e41a8f72c/,ce7c5816e63ef764e994732d1fd8f752e188c2000dcaee1c2c40e6d516b7f8c9,senate-efd-ocr,explicit,0
B001236,JOHN BOOZMAN,senate,Republican,AR,"Commission on Security and Cooperation in Europe; SSAF13; SSAF14; SSAF15; SSAF16; SSAF17; SSAP02; SSAP18; SSAP19; SSAP20; SSAP23; SSAP24; SSEV08; SSEV10; SSEV15; Senate Committee on Agriculture, Nutrition, and Forestry; Senate Committee on Appropriations; Senate Committee on Environment and Public Works; Senate Committee on Rules and Administration; Senate Committee on Veterans' Affairs",False,2019-11-14,2019-12-20,,Mngd Port Ser Tortoise Nram Pi,,Purchase,"$50,001 - $100,000",75000.5,False,Self,dc7026aa-e4d5-481c-9846-270e41a8f72c,https://efdsearch.senate.gov/search/view/paper/dc7026aa-e4d5-481c-9846-270e41a8f72c/,50416f237910fa20544a91299fb988e2872e58c0454ed56d6720b9e739a7d46f,senate-efd-ocr,explicit,0
B001236,JOHN BOOZMAN,senate,Republican,AR,"Commission on Security and Cooperation in Europe; SSAF13; SSAF14; SSAF15; SSAF16; SSAF17; SSAP02; SSAP18; SSAP19; SSAP20; SSAP23; SSAP24; SSEV08; SSEV10; SSEV15; Senate Committee on Agriculture, Nutrition, and Forestry; Senate Committee on Appropriations; Senate Committee on Environment and Public Works; Senate Committee on Rules and Administration; Senate Committee on Veterans' Affairs",False,2019-11-27,2019-12-20,,Ssga Active ETF Tr Blkstn Gsosrin,,Purchase,"$15,001 - $50,000",32500.5,False,Self,dc7026aa-e4d5-481c-9846-270e41a8f72c,https://efdsearch.senate.gov/search/view/paper/dc7026aa-e4d5-481c-9846-270e41a8f72c/,4f2150e9e866e11647f2d528219173046350cc1f9d42837d7db460f9fee89cd9,senate-efd-ocr,explicit,0
B001277,RICHARD BLUMENTHAL,senate,Democrat,CT,SSAS13; SSAS14; SSAS17; SSGA01; SSGA20; SSJU01; SSJU22; SSJU25; SSJU28; Senate Committee on Armed Services; Senate Committee on Homeland Security and Governmental Affairs; Senate Committee on Veterans' Affairs; Senate Committee on the Judiciary; United States Senate Caucus on International Narcotics Control,True,2019-11-15,2019-12-16,,Peter L Malkin Family 2000 LLC,Other,Sale,"$15,001 - $50,000",32500.5,False,Spouse,b7efa216-68b7-412b-9ca9-a491afc231ff,https://efdsearch.senate.gov/search/view/paper/b7efa216-68b7-412b-9ca9-a491afc231ff/,31b4bb89b4004cb52f08ab3d2f40cbdb3155fe7cb1f562727df13e71a2ffa117,senate-efd-ocr,explicit,0
B001277,RICHARD BLUMENTHAL,senate,Democrat,CT,SSAS13; SSAS14; SSAS17; SSGA01; SSGA20; SSJU01; SSJU22; SSJU25; SSJU28; Senate Committee on Armed Services; Senate Committee on Homeland Security and Governmental Affairs; Senate Committee on Veterans' Affairs; Senate Committee on the Judiciary; United States Senate Caucus on International Narcotics Control,True,2019-11-15,2019-12-16,,New Things Partners LLC: AAM Partners LLC,Other,Sale,"$15,001 - $50,000",32500.5,False,Spouse,b7efa216-68b7-412b-9ca9-a491afc231ff,https://efdsearch.senate.gov/search/view/paper/b7efa216-68b7-412b-9ca9-a491afc231ff/,eff20d9a7b52f31f4b8be71aaa005f6bfe698d14315f14086a7829c004a62e1e,senate-efd-ocr,explicit,0
B001277,RICHARD BLUMENTHAL,senate,Democrat,CT,SSAS13; SSAS14; SSAS17; SSGA01; SSGA20; SSJU01; SSJU22; SSJU25; SSJU28; Senate Committee on Armed Services; Senate Committee on Homeland Security and Governmental Affairs; Senate Committee on Veterans' Affairs; Senate Committee on the Judiciary; United States Senate Caucus on International Narcotics Control,True,2019-11-15,2019-12-16,,First Republic Bank,,Sale,"$100,001 - $250,000",175000.5,False,Spouse,b7efa216-68b7-412b-9ca9-a491afc231ff,https://efdsearch.senate.gov/search/view/paper/b7efa216-68b7-412b-9ca9-a491afc231ff/,a16ff1b9a83af7430638e7f5551ae0456ddb7f671404a3ef216169082089ed0c,senate-efd-ocr,explicit,0
B001277,RICHARD BLUMENTHAL,senate,Democrat,CT,SSAS13; SSAS14; SSAS17; SSGA01; SSGA20; SSJU01; SSJU22; SSJU25; SSJU28; Senate Committee on Armed Services; Senate Committee on Homeland Security and Governmental Affairs; Senate Committee on Veterans' Affairs; Senate Committee on the Judiciary; United States Senate Caucus on International Narcotics Control,True,2019-11-15,2019-12-16,,Summa I LLC: AAM Partners LLC,Other,Sale,"$250,001 - $500,000",375000.5,False,Spouse,b7efa216-68b7-412b-9ca9-a491afc231ff,https://efdsearch.senate.gov/search/view/paper/b7efa216-68b7-412b-9ca9-a491afc231ff/,ed881579ae9108094bee71002bb7e9e1409e75dbba5b416f44b90263af0ac61d,senate-efd-ocr,explicit,0
B001277,RICHARD BLUMENTHAL,senate,Democrat,CT,SSAS13; SSAS14; SSAS17; SSGA01; SSGA20; SSJU01; SSJU22; SSJU25; SSJU28; Senate Committee on Armed Services; Senate Committee on Homeland Security and Governmental Affairs; Senate Committee on Veterans' Affairs; Senate Committee on the Judiciary; United States Senate Caucus on International Narcotics Control,True,2019-11-15,2019-12-16,,First Republic Bank,,Sale,"$15,001 - $50,000",32500.5,False,Spouse,b7efa216-68b7-412b-9ca9-a491afc231ff,https://efdsearch.senate.gov/search/view/paper/b7efa216-68b7-412b-9ca9-a491afc231ff/,1ca32123d2b8cb9a40de5d640cb215271960b70a1830a48110e9fe9fa9d40273,senate-efd-ocr,explicit,0
B001277,RICHARD BLUMENTHAL,senate,Democrat,CT,SSAS13; SSAS14; SSAS17; SSGA01; SSGA20; SSJU01; SSJU22; SSJU25; SSJU28; Senate Committee on Armed Services; Senate Committee on Homeland Security and Governmental Affairs; Senate Committee on Veterans' Affairs; Senate Committee on the Judiciary; United States Senate Caucus on International Narcotics Control,True,2019-11-27,2019-12-16,,Peter L Malkin Family 2000 LLC,Other,Purchase,"$15,001 - $50,000",32500.5,False,Spouse,b7efa216-68b7-412b-9ca9-a491afc231ff,https://efdsearch.senate.gov/search/view/paper/b7efa216-68b7-412b-9ca9-a491afc231ff/,4aefae346c7ada71f44df83dab87276cd090c20822c5a7e129dd3ba7ed3592b3,senate-efd-ocr,explicit,0
B001277,RICHARD BLUMENTHAL,senate,Democrat,CT,SSAS13; SSAS14; SSAS17; SSGA01; SSGA20; SSJU01; SSJU22; SSJU25; SSJU28; Senate Committee on Armed Services; Senate Committee on Homeland Security and Governmental Affairs; Senate Committee on Veterans' Affairs; Senate Committee on the Judiciary; United States Senate Caucus on International Narcotics Control,True,2019-11-27,2019-12-16,,"Locale Hospitality, Inc. (private Series A shares)",Stock,Purchase,"$15,001 - $50,000",32500.5,False,Spouse,b7efa216-68b7-412b-9ca9-a491afc231ff,https://efdsearch.senate.gov/search/view/paper/b7efa216-68b7-412b-9ca9-a491afc231ff/,c47e559ef102e56f09402b13328cf7e89fa7f1b9dd0b8acc25caa6208d0400cb,senate-efd-ocr,explicit,0
B001135,RICHARD M BURR,senate,Republican,NC,,False,2019-11-19,2019-12-04,,Enterprise Products Partners LP (stock) NYSE,Other,Purchase,"$50,001 - $100,000",75000.5,False,Joint,dc2d7218-f412-4aa0-af59-1f7790502c43,https://efdsearch.senate.gov/search/view/paper/dc2d7218-f412-4aa0-af59-1f7790502c43/,e0ada2caddcb57f91a95362120a05982bfb36beaeae6f01395f712438836c0e9,senate-efd-ocr,explicit,0
B001135,RICHARD M BURR,senate,Republican,NC,,False,2019-11-19,2019-12-04,,Enterprise Products Partners LP (stock) NYSE,Other,Sale,"$100,001 - $250,000",175000.5,False,Joint,dc2d7218-f412-4aa0-af59-1f7790502c43,https://efdsearch.senate.gov/search/view/paper/dc2d7218-f412-4aa0-af59-1f7790502c43/,23eb769ad1274c56a033112227735d1897c510b137341e532d815b413ad58e76,senate-efd-ocr,explicit,0
B001277,RICHARD BLUMENTHAL,senate,Democrat,CT,SSAS13; SSAS14; SSAS17; SSGA01; SSGA20; SSJU01; SSJU22; SSJU25; SSJU28; Senate Committee on Armed Services; Senate Committee on Homeland Security and Governmental Affairs; Senate Committee on Veterans' Affairs; Senate Committee on the Judiciary; United States Senate Caucus on International Narcotics Control,True,2019-10-30,2019-11-25,,Peter L Malkin Family 9 LLC: Ability Reinsurance Holdings Limited - Common Stock - Bermuda,Other,Sale,"$1,001 - $15,000",8000.5,False,Spouse,73d356d2-b803-4997-b6d4-8f74c32134f9,https://efdsearch.senate.gov/search/view/paper/73d356d2-b803-4997-b6d4-8f74c32134f9/,0c106cf3b58954d31d23ba208cc19fc5fde5ac511d8fad38eaeda825ecc567e0,senate-efd-ocr,explicit,0
B001135,RICHARD M BURR,senate,Republican,NC,,False,2019-02-01,2019-11-19,,Enterprise Products Partnership LP (stock) NYSE,Other,Purchase,"$100,001 - $250,000",175000.5,False,Self,ae296441-8769-4000-90eb-7c73987593e0,https://efdsearch.senate.gov/search/view/paper/ae296441-8769-4000-90eb-7c73987593e0/,30088df8c4a2696c5c535db21c840b15fe94a95aeb83790d07ca27241b15eab6,senate-efd-ocr,explicit,0
B001135,RICHARD M BURR,senate,Republican,NC,,False,2019-02-27,2019-11-19,,Enterprise Products Partnership LP (stock) NYSE,Other,Sale,"$15,001 - $50,000",32500.5,False,Self,ae296441-8769-4000-90eb-7c73987593e0,https://efdsearch.senate.gov/search/view/paper/ae296441-8769-4000-90eb-7c73987593e0/,d9c456b85037b7845371ec33578bc9a5e558a714a3d7a6363f7ceff67a3034f8,senate-efd-ocr,explicit,0
B001135,RICHARD M BURR,senate,Republican,NC,,False,2019-11-08,2019-11-19,,Enterprise Products Partnership LP (stock) NYSE,Other,Purchase,"$500,001 - $1,000,000",750000.5,False,Self,ae296441-8769-4000-90eb-7c73987593e0,https://efdsearch.senate.gov/search/view/paper/ae296441-8769-4000-90eb-7c73987593e0/,edb2a3c72341af8c2f44d5f75028cf632c9996f2b60e1ea95b71a460e2f0c915,senate-efd-ocr,explicit,0
B001277,RICHARD BLUMENTHAL,senate,Democrat,CT,SSAS13; SSAS14; SSAS17; SSGA01; SSGA20; SSJU01; SSJU22; SSJU25; SSJU28; Senate Committee on Armed Services; Senate Committee on Homeland Security and Governmental Affairs; Senate Committee on Veterans' Affairs; Senate Committee on the Judiciary; United States Senate Caucus on International Narcotics Control,True,2019-10-01,2019-10-28,,Peter L Malkin Family 2000 LLC: (non-public Series C shares),Other,Purchase,"$100,001 - $250,000",175000.5,False,Spouse,fc91143a-9848-4936-b404-9a78972a57ca,https://efdsearch.senate.gov/search/view/paper/fc91143a-9848-4936-b404-9a78972a57ca/,4827c9f0a505a78d92aa8d427ba72609696180d6752bbcbb7755ae263604509a,senate-efd-ocr,explicit,0
B001277,RICHARD BLUMENTHAL,senate,Democrat,CT,SSAS13; SSAS14; SSAS17; SSGA01; SSGA20; SSJU01; SSJU22; SSJU25; SSJU28; Senate Committee on Armed Services; Senate Committee on Homeland Security and Governmental Affairs; Senate Committee on Veterans' Affairs; Senate Committee on the Judiciary; United States Senate Caucus on International Narcotics Control,True,2019-09-13,2019-10-08,IHRT,iHeartMedia Inc. (stock) (IHRT),Stock,Purchase,"$250,001 - $500,000",375000.5,False,Spouse,5dbceca2-e2ab-4520-8580-4a2ebe968f47,https://efdsearch.senate.gov/search/view/paper/5dbceca2-e2ab-4520-8580-4a2ebe968f47/,fb02a3c1aa9f17f696de25baf3a3e89320e08c3bb8b32f9a3913c7a643777d91,senate-efd-ocr,explicit,0
B001277,RICHARD BLUMENTHAL,senate,Democrat,CT,SSAS13; SSAS14; SSAS17; SSGA01; SSGA20; SSJU01; SSJU22; SSJU25; SSJU28; Senate Committee on Armed Services; Senate Committee on Homeland Security and Governmental Affairs; Senate Committee on Veterans' Affairs; Senate Committee on the Judiciary; United States Senate Caucus on International Narcotics Control,True,2019-09-12,2019-10-08,IHRT,iHeartMedia Inc. (stock) (IHRT),Stock,Purchase,"$50,001 - $100,000",75000.5,False,Spouse,5dbceca2-e2ab-4520-8580-4a2ebe968f47,https://efdsearch.senate.gov/search/view/paper/5dbceca2-e2ab-4520-8580-4a2ebe968f47/,3111d8c487906c836dcaf0d655a4439eaaea05f12c61ccc177115500281e5333,senate-efd-ocr,explicit,0
B001277,RICHARD BLUMENTHAL,senate,Democrat,CT,SSAS13; SSAS14; SSAS17; SSGA01; SSGA20; SSJU01; SSJU22; SSJU25; SSJU28; Senate Committee on Armed Services; Senate Committee on Homeland Security and Governmental Affairs; Senate Committee on Veterans' Affairs; Senate Committee on the Judiciary; United States Senate Caucus on International Narcotics Control,True,2019-09-04,2019-10-08,,"A-RH, a Series of A-ST Opportunity Funds, LLC",Other,Purchase,"$500,001 - $1,000,000",750000.5,False,Spouse,5dbceca2-e2ab-4520-8580-4a2ebe968f47,https://efdsearch.senate.gov/search/view/paper/5dbceca2-e2ab-4520-8580-4a2ebe968f47/,fb136458ac6544877aa4c9f1cb89e1f38306f455870892b995021e887881fb4a,senate-efd-ocr,explicit,0
B001277,RICHARD BLUMENTHAL,senate,Democrat,CT,SSAS13; SSAS14; SSAS17; SSGA01; SSGA20; SSJU01; SSJU22; SSJU25; SSJU28; Senate Committee on Armed Services; Senate Committee on Homeland Security and Governmental Affairs; Senate Committee on Veterans' Affairs; Senate Committee on the Judiciary; United States Senate Caucus on International Narcotics Control,True,2019-09-16,2019-10-08,,ELCM2 LLC,Other,Sale,"$1,000,001 - $5,000,000",3000000.5,False,Spouse,5dbceca2-e2ab-4520-8580-4a2ebe968f47,https://efdsearch.senate.gov/search/view/paper/5dbceca2-e2ab-4520-8580-4a2ebe968f47/,c37be8d218d01b487ddc7c9c1a05fef82153411d3d169248f00e6c47405b7163,senate-efd-ocr,explicit,0
B001277,RICHARD BLUMENTHAL,senate,Democrat,CT,SSAS13; SSAS14; SSAS17; SSGA01; SSGA20; SSJU01; SSJU22; SSJU25; SSJU28; Senate Committee on Armed Services; Senate Committee on Homeland Security and Governmental Affairs; Senate Committee on Veterans' Affairs; Senate Committee on the Judiciary; United States Senate Caucus on International Narcotics Control,True,2019-09-03,2019-10-08,,"Torch Capital I, LP",Other,Purchase,"$15,001 - $50,000",32500.5,False,Spouse,5dbceca2-e2ab-4520-8580-4a2ebe968f47,https://efdsearch.senate.gov/search/view/paper/5dbceca2-e2ab-4520-8580-4a2ebe968f47/,b41217c0b951662f98b110d1fcc6c852be3eed2b96f007d853de3b8cffe2ab10,senate-efd-ocr,explicit,0
B001277,RICHARD BLUMENTHAL,senate,Democrat,CT,SSAS13; SSAS14; SSAS17; SSGA01; SSGA20; SSJU01; SSJU22; SSJU25; SSJU28; Senate Committee on Armed Services; Senate Committee on Homeland Security and Governmental Affairs; Senate Committee on Veterans' Affairs; Senate Committee on the Judiciary; United States Senate Caucus on International Narcotics Control,True,2019-09-03,2019-10-08,,"Torch Capital I, LP",Other,Purchase,"$50,001 - $100,000",75000.5,False,Spouse,5dbceca2-e2ab-4520-8580-4a2ebe968f47,https://efdsearch.senate.gov/search/view/paper/5dbceca2-e2ab-4520-8580-4a2ebe968f47/,9cb1b4dc6d3e57780c1b7a4373ed1d125b5a92d5b7994ab618f8c438bee45458,senate-efd-ocr,explicit,0
B001277,RICHARD BLUMENTHAL,senate,Democrat,CT,SSAS13; SSAS14; SSAS17; SSGA01; SSGA20; SSJU01; SSJU22; SSJU25; SSJU28; Senate Committee on Armed Services; Senate Committee on Homeland Security and Governmental Affairs; Senate Committee on Veterans' Affairs; Senate Committee on the Judiciary; United States Senate Caucus on International Narcotics Control,True,2019-09-09,2019-10-08,,Pacific Psychotherapy Technologies Inc. (private Series B shares),Stock,Purchase,"$100,001 - $250,000",175000.5,False,Spouse,5dbceca2-e2ab-4520-8580-4a2ebe968f47,https://efdsearch.senate.gov/search/view/paper/5dbceca2-e2ab-4520-8580-4a2ebe968f47/,58aac909a7598f9bc0f0c3515250dcb44611e61841eb55e7a93dc483e32ef350,senate-efd-ocr,explicit,0
B001277,RICHARD BLUMENTHAL,senate,Democrat,CT,SSAS13; SSAS14; SSAS17; SSGA01; SSGA20; SSJU01; SSJU22; SSJU25; SSJU28; Senate Committee on Armed Services; Senate Committee on Homeland Security and Governmental Affairs; Senate Committee on Veterans' Affairs; Senate Committee on the Judiciary; United States Senate Caucus on International Narcotics Control,True,2019-09-13,2019-10-08,,Pacific Investments LLC (private Series A units),Other,Purchase,"$500,001 - $1,000,000",750000.5,False,Spouse,5dbceca2-e2ab-4520-8580-4a2ebe968f47,https://efdsearch.senate.gov/search/view/paper/5dbceca2-e2ab-4520-8580-4a2ebe968f47/,844c5c324087f5f6f9c0ff6ec7be225821cab34065a1f190c42277de53647ef1,senate-efd-ocr,explicit,0
B001277,RICHARD BLUMENTHAL,senate,Democrat,CT,SSAS13; SSAS14; SSAS17; SSGA01; SSGA20; SSJU01; SSJU22; SSJU25; SSJU28; Senate Committee on Armed Services; Senate Committee on Homeland Security and Governmental Affairs; Senate Committee on Veterans' Affairs; Senate Committee on the Judiciary; United States Senate Caucus on International Narcotics Control,True,2019-09-03,2019-10-08,,"CMB 2009 GRAT - Peter L Malkin Family 9 LLC: Torch Capital I, LP",Other,Purchase,"$50,001 - $100,000",75000.5,False,Spouse,5dbceca2-e2ab-4520-8580-4a2ebe968f47,https://efdsearch.senate.gov/search/view/paper/5dbceca2-e2ab-4520-8580-4a2ebe968f47/,70499a1ae877804562e88f1e6aaeda40d88426adff321e1fa5d8e237c5fddb37,senate-efd-ocr,explicit,0
B001277,RICHARD BLUMENTHAL,senate,Democrat,CT,SSAS13; SSAS14; SSAS17; SSGA01; SSGA20; SSJU01; SSJU22; SSJU25; SSJU28; Senate Committee on Armed Services; Senate Committee on Homeland Security and Governmental Affairs; Senate Committee on Veterans' Affairs; Senate Committee on the Judiciary; United States Senate Caucus on International Narcotics Control,True,2019-09-09,2019-10-08,,Pacific Psychotherapy Technologies Inc. (private Series B shares),Stock,Purchase,"$1,001 - $15,000",8000.5,False,Spouse,5dbceca2-e2ab-4520-8580-4a2ebe968f47,https://efdsearch.senate.gov/search/view/paper/5dbceca2-e2ab-4520-8580-4a2ebe968f47/,cd456aad729ca74d072a205c60c74a01c94c86c6baabcf42862fc3de52f4cd04,senate-efd-ocr,explicit,0
B001277,RICHARD BLUMENTHAL,senate,Democrat,CT,SSAS13; SSAS14; SSAS17; SSGA01; SSGA20; SSJU01; SSJU22; SSJU25; SSJU28; Senate Committee on Armed Services; Senate Committee on Homeland Security and Governmental Affairs; Senate Committee on Veterans' Affairs; Senate Committee on the Judiciary; United States Senate Caucus on International Narcotics Control,True,2019-09-13,2019-10-08,,Pacific Investments LLC (private Series A units),Other,Purchase,"$15,001 - $50,000",32500.5,False,Spouse,5dbceca2-e2ab-4520-8580-4a2ebe968f47,https://efdsearch.senate.gov/search/view/paper/5dbceca2-e2ab-4520-8580-4a2ebe968f47/,eb54f72db1f633866a3f29d5ac76228c76749c234539b8df2c1d9923f997fe62,senate-efd-ocr,explicit,0
B001135,RICHARD M BURR,senate,Republican,NC,,False,2019-02-27,2019-09-19,,Orion Engineered Carbons SA (stock) NYSE,Stock,Purchase,"$15,001 - $50,000",32500.5,False,Self,e4610adc-4743-470f-a267-232d0fd1d34f,https://efdsearch.senate.gov/search/view/paper/e4610adc-4743-470f-a267-232d0fd1d34f/,81fa996c6ddf8401a7bcf09f2cd6fd7181b298f01ac53bad1dabb8d660b77c60,senate-efd-ocr,explicit,0
B001135,RICHARD M BURR,senate,Republican,NC,,False,2019-09-10,2019-09-19,,Orion Engineered Carbons SA (stock) NYSE,Stock,Purchase,"$100,001 - $250,000",175000.5,False,Self,e4610adc-4743-470f-a267-232d0fd1d34f,https://efdsearch.senate.gov/search/view/paper/e4610adc-4743-470f-a267-232d0fd1d34f/,4796de570a7f10c5137e119c26e30f6bbb6ee69210a8a489d9263e91404f8896,senate-efd-ocr,explicit,0
B001135,RICHARD M BURR,senate,Republican,NC,,False,2019-09-10,2019-09-19,,Orion Engineered Carbons SA (stock) NYSE,Stock,Sale,"$500,001 - $1,000,000",750000.5,False,Self,e4610adc-4743-470f-a267-232d0fd1d34f,https://efdsearch.senate.gov/search/view/paper/e4610adc-4743-470f-a267-232d0fd1d34f/,267f2979b357c67f134c518bd7e01f59c1ab721a4c238d871aa2940419f4af62,senate-efd-ocr,explicit,0
B001236,JOHN BOOZMAN,senate,Republican,AR,"Commission on Security and Cooperation in Europe; SSAF13; SSAF14; SSAF15; SSAF16; SSAF17; SSAP02; SSAP18; SSAP19; SSAP20; SSAP23; SSAP24; SSEV08; SSEV10; SSEV15; Senate Committee on Agriculture, Nutrition, and Forestry; Senate Committee on Appropriations; Senate Committee on Environment and Public Works; Senate Committee on Rules and Administration; Senate Committee on Veterans' Affairs",False,2019-08-23,2019-09-12,,Goldman Sachs Treas Acct ETF,,Sale,"$1,001 - $15,000",8000.5,False,Self,23a66446-0a5f-4f04-8e57-da53c701b4c2,https://efdsearch.senate.gov/search/view/paper/23a66446-0a5f-4f04-8e57-da53c701b4c2/,48b8e0ee270bf33b029a7974f1b2110821524fbbbad9a5678a47ab9697716f56,senate-efd-ocr,explicit,0
B001236,JOHN BOOZMAN,senate,Republican,AR,"Commission on Security and Cooperation in Europe; SSAF13; SSAF14; SSAF15; SSAF16; SSAF17; SSAP02; SSAP18; SSAP19; SSAP20; SSAP23; SSAP24; SSEV08; SSEV10; SSEV15; Senate Committee on Agriculture, Nutrition, and Forestry; Senate Committee on Appropriations; Senate Committee on Environment and Public Works; Senate Committee on Rules and Administration; Senate Committee on Veterans' Affairs",False,2019-08-23,2019-09-12,,iShares Barclays Agency Bond,Corporate Bond,Sale,"$50,001 - $100,000",75000.5,False,Self,23a66446-0a5f-4f04-8e57-da53c701b4c2,https://efdsearch.senate.gov/search/view/paper/23a66446-0a5f-4f04-8e57-da53c701b4c2/,6bf686df659f4254d22574fbf0a87b94eb1d567930591123f01f664d2ea28c1e,senate-efd-ocr,explicit,0
B001236,JOHN BOOZMAN,senate,Republican,AR,"Commission on Security and Cooperation in Europe; SSAF13; SSAF14; SSAF15; SSAF16; SSAF17; SSAP02; SSAP18; SSAP19; SSAP20; SSAP23; SSAP24; SSEV08; SSEV10; SSEV15; Senate Committee on Agriculture, Nutrition, and Forestry; Senate Committee on Appropriations; Senate Committee on Environment and Public Works; Senate Committee on Rules and Administration; Senate Committee on Veterans' Affairs",False,2019-08-23,2019-09-12,,iShares Barclays 3-7 Yr Tsy BD FD,,Sale,"$1,001 - $15,000",8000.5,False,Self,23a66446-0a5f-4f04-8e57-da53c701b4c2,https://efdsearch.senate.gov/search/view/paper/23a66446-0a5f-4f04-8e57-da53c701b4c2/,b52868be0920f50512888990e9f2421af28476a641d378d771de20bd6655fd3a,senate-efd-ocr,explicit,0
B001236,JOHN BOOZMAN,senate,Republican,AR,"Commission on Security and Cooperation in Europe; SSAF13; SSAF14; SSAF15; SSAF16; SSAF17; SSAP02; SSAP18; SSAP19; SSAP20; SSAP23; SSAP24; SSEV08; SSEV10; SSEV15; Senate Committee on Agriculture, Nutrition, and Forestry; Senate Committee on Appropriations; Senate Committee on Environment and Public Works; Senate Committee on Rules and Administration; Senate Committee on Veterans' Affairs",False,2019-08-23,2019-09-12,,iShares Tr Index Barclays 1-3 Yr,,Sale,"$15,001 - $50,000",32500.5,False,Self,23a66446-0a5f-4f04-8e57-da53c701b4c2,https://efdsearch.senate.gov/search/view/paper/23a66446-0a5f-4f04-8e57-da53c701b4c2/,88649ba581a48a08a9debff3a32ed8933a32ff6132dac57bd6e23ba4e13e77c8,senate-efd-ocr,explicit,0
B001236,JOHN BOOZMAN,senate,Republican,AR,"Commission on Security and Cooperation in Europe; SSAF13; SSAF14; SSAF15; SSAF16; SSAF17; SSAP02; SSAP18; SSAP19; SSAP20; SSAP23; SSAP24; SSEV08; SSEV10; SSEV15; Senate Committee on Agriculture, Nutrition, and Forestry; Senate Committee on Appropriations; Senate Committee on Environment and Public Works; Senate Committee on Rules and Administration; Senate Committee on Veterans' Affairs",False,2019-08-23,2019-09-12,,Vanguard Scottsdale Fds Sht Trm Corp,Stock,Sale,"$15,001 - $50,000",32500.5,False,Self,23a66446-0a5f-4f04-8e57-da53c701b4c2,https://efdsearch.senate.gov/search/view/paper/23a66446-0a5f-4f04-8e57-da53c701b4c2/,11c272f65a3120ae4ba8f568767a811de28e22b93273ad94bcd22b49e8c68f45,senate-efd-ocr,explicit,0
B001236,JOHN BOOZMAN,senate,Republican,AR,"Commission on Security and Cooperation in Europe; SSAF13; SSAF14; SSAF15; SSAF16; SSAF17; SSAP02; SSAP18; SSAP19; SSAP20; SSAP23; SSAP24; SSEV08; SSEV10; SSEV15; Senate Committee on Agriculture, Nutrition, and Forestry; Senate Committee on Appropriations; Senate Committee on Environment and Public Works; Senate Committee on Rules and Administration; Senate Committee on Veterans' Affairs",False,2019-08-23,2019-09-12,,Doubleline Emg Mkts Inc I,Stock,Purchase,"$1,001 - $15,000",8000.5,False,Self,23a66446-0a5f-4f04-8e57-da53c701b4c2,https://efdsearch.senate.gov/search/view/paper/23a66446-0a5f-4f04-8e57-da53c701b4c2/,83c747318a37475457d830f1e9238ec37c7eb0112ca9558bef1f458a857baa62,senate-efd-ocr,explicit,0
B001236,JOHN BOOZMAN,senate,Republican,AR,"Commission on Security and Cooperation in Europe; SSAF13; SSAF14; SSAF15; SSAF16; SSAF17; SSAP02; SSAP18; SSAP19; SSAP20; SSAP23; SSAP24; SSEV08; SSEV10; SSEV15; Senate Committee on Agriculture, Nutrition, and Forestry; Senate Committee on Appropriations; Senate Committee on Environment and Public Works; Senate Committee on Rules and Administration; Senate Committee on Veterans' Affairs",False,2019-08-23,2019-09-12,,Goldman Sachs ETF Tr Access Invt Gr,,Purchase,"$15,001 - $50,000",32500.5,False,Self,23a66446-0a5f-4f04-8e57-da53c701b4c2,https://efdsearch.senate.gov/search/view/paper/23a66446-0a5f-4f04-8e57-da53c701b4c2/,04aab733ffe3d5722d8112d62dc04940631eca34b1644ba921d8c52e8a32c390,senate-efd-ocr,explicit,0
B001236,JOHN BOOZMAN,senate,Republican,AR,"Commission on Security and Cooperation in Europe; SSAF13; SSAF14; SSAF15; SSAF16; SSAF17; SSAP02; SSAP18; SSAP19; SSAP20; SSAP23; SSAP24; SSEV08; SSEV10; SSEV15; Senate Committee on Agriculture, Nutrition, and Forestry; Senate Committee on Appropriations; Senate Committee on Environment and Public Works; Senate Committee on Rules and Administration; Senate Committee on Veterans' Affairs",False,2019-08-23,2019-09-12,,Invesco Fundamental High Yield Corp Bond ETF,Corporate Bond,Purchase,"$1,001 - $15,000",8000.5,False,Self,23a66446-0a5f-4f04-8e57-da53c701b4c2,https://efdsearch.senate.gov/search/view/paper/23a66446-0a5f-4f04-8e57-da53c701b4c2/,6945109448287b87a48a09c0db4163d35e0f0356705667e281cdbd79847d1826,senate-efd-ocr,explicit,0
B001236,JOHN BOOZMAN,senate,Republican,AR,"Commission on Security and Cooperation in Europe; SSAF13; SSAF14; SSAF15; SSAF16; SSAF17; SSAP02; SSAP18; SSAP19; SSAP20; SSAP23; SSAP24; SSEV08; SSEV10; SSEV15; Senate Committee on Agriculture, Nutrition, and Forestry; Senate Committee on Appropriations; Senate Committee on Environment and Public Works; Senate Committee on Rules and Administration; Senate Committee on Veterans' Affairs",False,2019-08-23,2019-09-12,,iShares Barclays Mbs Bond FD,Corporate Bond,Purchase,"$15,001 - $50,000",32500.5,False,Self,23a66446-0a5f-4f04-8e57-da53c701b4c2,https://efdsearch.senate.gov/search/view/paper/23a66446-0a5f-4f04-8e57-da53c701b4c2/,a585f6fdef9945b99100b861ed4da5df2bded50c0e692543344e915ebb8b64b7,senate-efd-ocr,explicit,0
B001236,JOHN BOOZMAN,senate,Republican,AR,"Commission on Security and Cooperation in Europe; SSAF13; SSAF14; SSAF15; SSAF16; SSAF17; SSAP02; SSAP18; SSAP19; SSAP20; SSAP23; SSAP24; SSEV08; SSEV10; SSEV15; Senate Committee on Agriculture, Nutrition, and Forestry; Senate Committee on Appropriations; Senate Committee on Environment and Public Works; Senate Committee on Rules and Administration; Senate Committee on Veterans' Affairs",False,2019-08-23,2019-09-12,,iShares Barclays 20 Plus Year Treasury Bond Fund,Municipal Security,Purchase,"$1,001 - $15,000",8000.5,False,Self,23a66446-0a5f-4f04-8e57-da53c701b4c2,https://efdsearch.senate.gov/search/view/paper/23a66446-0a5f-4f04-8e57-da53c701b4c2/,182e90848fef5a4f79b3a67c228fcb6a94f467f9ec03b54506149cd1b07bdf90,senate-efd-ocr,explicit,0
B001236,JOHN BOOZMAN,senate,Republican,AR,"Commission on Security and Cooperation in Europe; SSAF13; SSAF14; SSAF15; SSAF16; SSAF17; SSAP02; SSAP18; SSAP19; SSAP20; SSAP23; SSAP24; SSEV08; SSEV10; SSEV15; Senate Committee on Agriculture, Nutrition, and Forestry; Senate Committee on Appropriations; Senate Committee on Environment and Public Works; Senate Committee on Rules and Administration; Senate Committee on Veterans' Affairs",False,2019-08-23,2019-09-12,,iShares Cmbs Bond Fund,Corporate Bond,Purchase,"$15,001 - $50,000",32500.5,False,Self,23a66446-0a5f-4f04-8e57-da53c701b4c2,https://efdsearch.senate.gov/search/view/paper/23a66446-0a5f-4f04-8e57-da53c701b4c2/,d25f9ed8723755c3e858215e83c20958b075f1a09c6e736db227e5db8e647251,senate-efd-ocr,explicit,0
B001236,JOHN BOOZMAN,senate,Republican,AR,"Commission on Security and Cooperation in Europe; SSAF13; SSAF14; SSAF15; SSAF16; SSAF17; SSAP02; SSAP18; SSAP19; SSAP20; SSAP23; SSAP24; SSEV08; SSEV10; SSEV15; Senate Committee on Agriculture, Nutrition, and Forestry; Senate Committee on Appropriations; Senate Committee on Environment and Public Works; Senate Committee on Rules and Administration; Senate Committee on Veterans' Affairs",False,2019-08-23,2019-09-12,,iShares Tr Barclys 10-20 Yr,,Purchase,"$1,001 - $15,000",8000.5,False,Self,23a66446-0a5f-4f04-8e57-da53c701b4c2,https://efdsearch.senate.gov/search/view/paper/23a66446-0a5f-4f04-8e57-da53c701b4c2/,925c11f01be663e4978be4eeeae678b6845df18dcb69ba3e2af0663a91f70c39,senate-efd-ocr,explicit,0
B001236,JOHN BOOZMAN,senate,Republican,AR,"Commission on Security and Cooperation in Europe; SSAF13; SSAF14; SSAF15; SSAF16; SSAF17; SSAP02; SSAP18; SSAP19; SSAP20; SSAP23; SSAP24; SSEV08; SSEV10; SSEV15; Senate Committee on Agriculture, Nutrition, and Forestry; Senate Committee on Appropriations; Senate Committee on Environment and Public Works; Senate Committee on Rules and Administration; Senate Committee on Veterans' Affairs",False,2019-08-23,2019-09-12,,iShares Tr Index Barclys 7-10 Yr,,Purchase,"$1,001 - $15,000",8000.5,False,Self,23a66446-0a5f-4f04-8e57-da53c701b4c2,https://efdsearch.senate.gov/search/view/paper/23a66446-0a5f-4f04-8e57-da53c701b4c2/,afdd8aa26dd4456ea791869152ca333b31f0aba6ea53d4e0eccd6dff3c8e270b,senate-efd-ocr,explicit,0
B001277,RICHARD BLUMENTHAL,senate,Democrat,CT,SSAS13; SSAS14; SSAS17; SSGA01; SSGA20; SSJU01; SSJU22; SSJU25; SSJU28; Senate Committee on Armed Services; Senate Committee on Homeland Security and Governmental Affairs; Senate Committee on Veterans' Affairs; Senate Committee on the Judiciary; United States Senate Caucus on International Narcotics Control,True,2019-08-12,2019-08-30,,Peter L. Malkin Family 2000 LLC,Other,Sale,"$500,001 - $1,000,000",750000.5,False,Self,573468dc-d6e1-4873-a3e8-cfbb9f3bb958,https://efdsearch.senate.gov/search/view/paper/573468dc-d6e1-4873-a3e8-cfbb9f3bb958/,16ad5f202bdce2472990d434eafab44d569e34ed1e4638adfe9b0aaff00ba322,senate-efd-ocr,explicit,0
B001277,RICHARD BLUMENTHAL,senate,Democrat,CT,SSAS13; SSAS14; SSAS17; SSGA01; SSGA20; SSJU01; SSJU22; SSJU25; SSJU28; Senate Committee on Armed Services; Senate Committee on Homeland Security and Governmental Affairs; Senate Committee on Veterans' Affairs; Senate Committee on the Judiciary; United States Senate Caucus on International Narcotics Control,True,2019-08-14,2019-08-30,IHRT,iHeartMedia Inc. (stock) (IHRT),Stock,Purchase,"$250,001 - $500,000",375000.5,False,Self,573468dc-d6e1-4873-a3e8-cfbb9f3bb958,https://efdsearch.senate.gov/search/view/paper/573468dc-d6e1-4873-a3e8-cfbb9f3bb958/,793e93b2ab48836dfe44b7d62e5c885b0268193ada0349481bbc7796c6f2cf7e,senate-efd-ocr,explicit,0
B001277,RICHARD BLUMENTHAL,senate,Democrat,CT,SSAS13; SSAS14; SSAS17; SSGA01; SSGA20; SSJU01; SSJU22; SSJU25; SSJU28; Senate Committee on Armed Services; Senate Committee on Homeland Security and Governmental Affairs; Senate Committee on Veterans' Affairs; Senate Committee on the Judiciary; United States Senate Caucus on International Narcotics Control,True,2019-08-26,2019-08-30,IHRT,iHeartMedia Inc. (stock) (IHRT),Stock,Purchase,"$100,001 - $250,000",175000.5,False,Self,573468dc-d6e1-4873-a3e8-cfbb9f3bb958,https://efdsearch.senate.gov/search/view/paper/573468dc-d6e1-4873-a3e8-cfbb9f3bb958/,24d45cd6fcc0149691c207782eadedd42272752ff8c42f8e8a3875f441954bf4,senate-efd-ocr,explicit,0
B001277,RICHARD BLUMENTHAL,senate,Democrat,CT,SSAS13; SSAS14; SSAS17; SSGA01; SSGA20; SSJU01; SSJU22; SSJU25; SSJU28; Senate Committee on Armed Services; Senate Committee on Homeland Security and Governmental Affairs; Senate Committee on Veterans' Affairs; Senate Committee on the Judiciary; United States Senate Caucus on International Narcotics Control,True,2019-08-27,2019-08-30,,"Revolution Ventures III, L.P.",Other,Purchase,"$1,000,001 - $5,000,000",3000000.5,False,Self,573468dc-d6e1-4873-a3e8-cfbb9f3bb958,https://efdsearch.senate.gov/search/view/paper/573468dc-d6e1-4873-a3e8-cfbb9f3bb958/,8cdd054cc309265b127f421efc018d8d44d261c0896bd0c0952019c298f83f2f,senate-efd-ocr,explicit,0
B001277,RICHARD BLUMENTHAL,senate,Democrat,CT,SSAS13; SSAS14; SSAS17; SSGA01; SSGA20; SSJU01; SSJU22; SSJU25; SSJU28; Senate Committee on Armed Services; Senate Committee on Homeland Security and Governmental Affairs; Senate Committee on Veterans' Affairs; Senate Committee on the Judiciary; United States Senate Caucus on International Narcotics Control,True,2019-08-27,2019-08-30,,"Amplo II, L.P.",Other,Purchase,"$250,001 - $500,000",375000.5,False,Self,573468dc-d6e1-4873-a3e8-cfbb9f3bb958,https://efdsearch.senate.gov/search/view/paper/573468dc-d6e1-4873-a3e8-cfbb9f3bb958/,688b2b74e3d246e9ee8d2bae5989de4d012b76b9650a0748707dc2c27dedde69,senate-efd-ocr,explicit,0
B001277,RICHARD BLUMENTHAL,senate,Democrat,CT,SSAS13; SSAS14; SSAS17; SSGA01; SSGA20; SSJU01; SSJU22; SSJU25; SSJU28; Senate Committee on Armed Services; Senate Committee on Homeland Security and Governmental Affairs; Senate Committee on Veterans' Affairs; Senate Committee on the Judiciary; United States Senate Caucus on International Narcotics Control,True,2019-07-24,2019-08-30,,ELCM2 LLC,Other,Sale,"$500,001 - $1,000,000",750000.5,False,Self,573468dc-d6e1-4873-a3e8-cfbb9f3bb958,https://efdsearch.senate.gov/search/view/paper/573468dc-d6e1-4873-a3e8-cfbb9f3bb958/,1253ed2501d677eea368af0dd50c8e6a8eeea199bc86b24744f85c2b34cfed6f,senate-efd-ocr,explicit,0
B001277,RICHARD BLUMENTHAL,senate,Democrat,CT,SSAS13; SSAS14; SSAS17; SSGA01; SSGA20; SSJU01; SSJU22; SSJU25; SSJU28; Senate Committee on Armed Services; Senate Committee on Homeland Security and Governmental Affairs; Senate Committee on Veterans' Affairs; Senate Committee on the Judiciary; United States Senate Caucus on International Narcotics Control,True,2019-08-27,2019-08-30,,Peter L. Malkin Family 9 LLC,Other,Purchase,"$100,001 - $250,000",175000.5,False,Spouse,573468dc-d6e1-4873-a3e8-cfbb9f3bb958,https://efdsearch.senate.gov/search/view/paper/573468dc-d6e1-4873-a3e8-cfbb9f3bb958/,8ee8df642599dd1586fbc52a14bf9b8e232008c8564e433c8e8e93ac65894b1d,senate-efd-ocr,explicit,0
B001277,RICHARD BLUMENTHAL,senate,Democrat,CT,SSAS13; SSAS14; SSAS17; SSGA01; SSGA20; SSJU01; SSJU22; SSJU25; SSJU28; Senate Committee on Armed Services; Senate Committee on Homeland Security and Governmental Affairs; Senate Committee on Veterans' Affairs; Senate Committee on the Judiciary; United States Senate Caucus on International Narcotics Control,True,2019-08-27,2019-08-30,,"Amplo II, L.P.",Other,Purchase,"$250,001 - $500,000",375000.5,False,Spouse,573468dc-d6e1-4873-a3e8-cfbb9f3bb958,https://efdsearch.senate.gov/search/view/paper/573468dc-d6e1-4873-a3e8-cfbb9f3bb958/,4521a2535a452ef2177e8ee7c9de49921b75fe8b27d897e62cec57c8bcece518,senate-efd-ocr,explicit,0
B001277,RICHARD BLUMENTHAL,senate,Democrat,CT,SSAS13; SSAS14; SSAS17; SSGA01; SSGA20; SSJU01; SSJU22; SSJU25; SSJU28; Senate Committee on Armed Services; Senate Committee on Homeland Security and Governmental Affairs; Senate Committee on Veterans' Affairs; Senate Committee on the Judiciary; United States Senate Caucus on International Narcotics Control,True,,2019-08-30,,CMB 2009 GRAT,,Purchase,"$100,001 - $250,000",175000.5,False,Spouse,573468dc-d6e1-4873-a3e8-cfbb9f3bb958,https://efdsearch.senate.gov/search/view/paper/573468dc-d6e1-4873-a3e8-cfbb9f3bb958/,c5b95e40aab9de82792ce318f63d9d1e4d6cf5f8bf4dbc1bbdec0744736c3106,senate-efd-ocr,explicit,0
B001277,RICHARD BLUMENTHAL,senate,Democrat,CT,SSAS13; SSAS14; SSAS17; SSGA01; SSGA20; SSJU01; SSJU22; SSJU25; SSJU28; Senate Committee on Armed Services; Senate Committee on Homeland Security and Governmental Affairs; Senate Committee on Veterans' Affairs; Senate Committee on the Judiciary; United States Senate Caucus on International Narcotics Control,True,2019-08-27,2019-08-30,,"Amplo II, L.P.",Other,Purchase,"$100,001 - $250,000",175000.5,False,Spouse,573468dc-d6e1-4873-a3e8-cfbb9f3bb958,https://efdsearch.senate.gov/search/view/paper/573468dc-d6e1-4873-a3e8-cfbb9f3bb958/,c4b17bee6b84c81b4071fb035124190980759a84b0eaf53d909a71c60c410a5d,senate-efd-ocr,explicit,0
F000062,DIANNE FEINSTEIN,senate,Democrat,CA,,False,2019-07-29,2019-08-19,,US Food Hldg Corp,Stock,Purchase,"$100,001 - $250,000",175000.5,False,Self,b87fa874-b6df-4b65-9f67-3d17b08db2ca,https://efdsearch.senate.gov/search/view/paper/b87fa874-b6df-4b65-9f67-3d17b08db2ca/,8a57b31cb548f7021d38bbb64ba80c7203f5832a957c49817f5c91000bbf9ade,senate-efd-ocr,explicit,0
F000062,DIANNE FEINSTEIN,senate,Democrat,CA,,False,2019-07-29,2019-08-19,,US Food Hldg Corp,Stock,Sale,"$250,001 - $500,000",375000.5,False,Self,b87fa874-b6df-4b65-9f67-3d17b08db2ca,https://efdsearch.senate.gov/search/view/paper/b87fa874-b6df-4b65-9f67-3d17b08db2ca/,066b26b5a8d90141878213adca8eafccef96f23c32314f0eacce153077ee1be1,senate-efd-ocr,explicit,0
F000062,DIANNE FEINSTEIN,senate,Democrat,CA,,False,2019-07-01,2019-08-19,,Visa Inc.,Stock,Sale,"$100,001 - $250,000",175000.5,False,Self,b87fa874-b6df-4b65-9f67-3d17b08db2ca,https://efdsearch.senate.gov/search/view/paper/b87fa874-b6df-4b65-9f67-3d17b08db2ca/,32d5c1c0f3dfcd94a104594ecbfcff242bc4df9d37df9f76a5372de8ba1a4a3d,senate-efd-ocr,explicit,0
F000062,DIANNE FEINSTEIN,senate,Democrat,CA,,False,2019-07-02,2019-08-19,,Old Dominion Freight Line Inc.,Stock,Purchase,"$250,001 - $500,000",375000.5,False,Self,b87fa874-b6df-4b65-9f67-3d17b08db2ca,https://efdsearch.senate.gov/search/view/paper/b87fa874-b6df-4b65-9f67-3d17b08db2ca/,30b53309f0eeeb72356591012f8d5bd4f47165ae9c8861288c06ffc059e07f15,senate-efd-ocr,explicit,0
F000062,DIANNE FEINSTEIN,senate,Democrat,CA,,False,2019-07-02,2019-08-19,,Old Dominion Freight Line Inc.,Stock,Purchase,"$50,001 - $100,000",75000.5,False,Self,b87fa874-b6df-4b65-9f67-3d17b08db2ca,https://efdsearch.senate.gov/search/view/paper/b87fa874-b6df-4b65-9f67-3d17b08db2ca/,fe3fb80f80ab9860a8dcffb46225dada5a9b18c7aa68c3c6c50bd48201a7a71b,senate-efd-ocr,explicit,0
F000062,DIANNE FEINSTEIN,senate,Democrat,CA,,False,2019-07-05,2019-08-19,,ADR Novartis AG,Stock,Purchase,"$15,001 - $50,000",32500.5,False,Self,b87fa874-b6df-4b65-9f67-3d17b08db2ca,https://efdsearch.senate.gov/search/view/paper/b87fa874-b6df-4b65-9f67-3d17b08db2ca/,e1e8ebd3e09b6b2b33e4d9aad1e30ce606198288e237ec17b85c00fd47296c98,senate-efd-ocr,explicit,0
F000062,DIANNE FEINSTEIN,senate,Democrat,CA,,False,2019-07-05,2019-08-19,,Alphabet Inc.,Stock,Purchase,"$100,001 - $250,000",175000.5,False,Self,b87fa874-b6df-4b65-9f67-3d17b08db2ca,https://efdsearch.senate.gov/search/view/paper/b87fa874-b6df-4b65-9f67-3d17b08db2ca/,5c6d62361fba15e4fc5d159646a6b326cd1f9d73b21b669331865319fc3402c7,senate-efd-ocr,explicit,0
F000062,DIANNE FEINSTEIN,senate,Democrat,CA,,False,2019-07-05,2019-08-19,,Applied Materials Inc.,Stock,Purchase,"$100,001 - $250,000",175000.5,False,Self,b87fa874-b6df-4b65-9f67-3d17b08db2ca,https://efdsearch.senate.gov/search/view/paper/b87fa874-b6df-4b65-9f67-3d17b08db2ca/,19c2230c1ed90c84a58a521aa2035e714de3ae56f6f6df03b5e168f610d7ab7f,senate-efd-ocr,explicit,0
F000062,DIANNE FEINSTEIN,senate,Democrat,CA,,False,2019-07-05,2019-08-19,,Applied Materials Inc.,Stock,Sale,"$250,001 - $500,000",375000.5,False,Self,b87fa874-b6df-4b65-9f67-3d17b08db2ca,https://efdsearch.senate.gov/search/view/paper/b87fa874-b6df-4b65-9f67-3d17b08db2ca/,5d9272246929f928a9a5bf6fc77a60ccf8fd069b5ac339c126d1747bc60a3e45,senate-efd-ocr,explicit,0
F000062,DIANNE FEINSTEIN,senate,Democrat,CA,,False,2019-07-05,2019-08-19,,Brookfield Asset Mgmt Inc.,Stock,Purchase,"$100,001 - $250,000",175000.5,False,Self,b87fa874-b6df-4b65-9f67-3d17b08db2ca,https://efdsearch.senate.gov/search/view/paper/b87fa874-b6df-4b65-9f67-3d17b08db2ca/,7ce4866d58b09dd29cac4aa48654e17c484492b6a34f118088e43bf2415b04a6,senate-efd-ocr,explicit,0
F000062,DIANNE FEINSTEIN,senate,Democrat,CA,,False,2019-07-05,2019-08-19,,Boeing Co.,Stock,Purchase,"$250,001 - $500,000",375000.5,False,Self,b87fa874-b6df-4b65-9f67-3d17b08db2ca,https://efdsearch.senate.gov/search/view/paper/b87fa874-b6df-4b65-9f67-3d17b08db2ca/,7cbad3341188e8da9b15637fc86d972cd0a5143ff01eb547d8aa4f2c97a92470,senate-efd-ocr,explicit,0
F000062,DIANNE FEINSTEIN,senate,Democrat,CA,,False,2019-07-05,2019-08-19,,Charter Communications,,Purchase,"$250,001 - $500,000",375000.5,False,Self,b87fa874-b6df-4b65-9f67-3d17b08db2ca,https://efdsearch.senate.gov/search/view/paper/b87fa874-b6df-4b65-9f67-3d17b08db2ca/,c50b5d4304ef521ccdd86787f0b6d040325ff83c00228f28c783c7c8e46df833,senate-efd-ocr,explicit,0
F000062,DIANNE FEINSTEIN,senate,Democrat,CA,,False,2019-07-05,2019-08-19,,Crown Castle Intl Corp.,Stock,Purchase,"$250,001 - $500,000",375000.5,False,Self,b87fa874-b6df-4b65-9f67-3d17b08db2ca,https://efdsearch.senate.gov/search/view/paper/b87fa874-b6df-4b65-9f67-3d17b08db2ca/,8a40f593ce8c92949f86157dec6a1af1a2069ddfb9b6ea6aeaa25e8419423f68,senate-efd-ocr,explicit,0
F000062,DIANNE FEINSTEIN,senate,Democrat,CA,,False,2019-07-05,2019-08-19,,Danaher Corp.,Stock,Sale,"$250,001 - $500,000",375000.5,False,Self,b87fa874-b6df-4b65-9f67-3d17b08db2ca,https://efdsearch.senate.gov/search/view/paper/b87fa874-b6df-4b65-9f67-3d17b08db2ca/,00166c7ffd923deac6a08956552a2b916aac508f94eb194e5af7d0ac0dabe35a,senate-efd-ocr,explicit,0
F000062,DIANNE FEINSTEIN,senate,Democrat,CA,,False,2019-07-05,2019-08-19,,Digital Rlty Trust Inc.,Other,Sale,"$250,001 - $500,000",375000.5,False,Self,b87fa874-b6df-4b65-9f67-3d17b08db2ca,https://efdsearch.senate.gov/search/view/paper/b87fa874-b6df-4b65-9f67-3d17b08db2ca/,cd4b8e6b0b5de07db9aa5c296c2a4d508a0c4564513bc2e1148df5e700e26997,senate-efd-ocr,explicit,0
F000062,DIANNE FEINSTEIN,senate,Democrat,CA,,False,2019-07-05,2019-08-19,,Fireeye Inc.,Stock,Sale,"$100,001 - $250,000",175000.5,False,Self,b87fa874-b6df-4b65-9f67-3d17b08db2ca,https://efdsearch.senate.gov/search/view/paper/b87fa874-b6df-4b65-9f67-3d17b08db2ca/,8522cdfbd22c85b3a75da3953607b13b9a08b4796ae0b62c3007c92c201a9c80,senate-efd-ocr,explicit,0
F000062,DIANNE FEINSTEIN,senate,Democrat,CA,,False,2019-07-05,2019-08-19,,IHS Markit Ltd.,,Sale,"$250,001 - $500,000",375000.5,False,Self,b87fa874-b6df-4b65-9f67-3d17b08db2ca,https://efdsearch.senate.gov/search/view/paper/b87fa874-b6df-4b65-9f67-3d17b08db2ca/,14e786e8a2a6dd2cc9b4969e67f5e44f31dc61c97d7e4ee82cb17aaa3d20be14,senate-efd-ocr,explicit,0
F000062,DIANNE FEINSTEIN,senate,Democrat,CA,,False,2019-07-05,2019-08-19,,Microsoft Corp.,Stock,Sale,"$250,001 - $500,000",375000.5,False,Self,b87fa874-b6df-4b65-9f67-3d17b08db2ca,https://efdsearch.senate.gov/search/view/paper/b87fa874-b6df-4b65-9f67-3d17b08db2ca/,a4ec2ea077268d04378f23cda35551fa8b467a617457d492ef7453c053523b47,senate-efd-ocr,explicit,0
F000062,DIANNE FEINSTEIN,senate,Democrat,CA,,False,2019-07-05,2019-08-19,,Old Dominion Freight Line Inc.,Stock,Sale,"$100,001 - $250,000",175000.5,False,Self,b87fa874-b6df-4b65-9f67-3d17b08db2ca,https://efdsearch.senate.gov/search/view/paper/b87fa874-b6df-4b65-9f67-3d17b08db2ca/,76e340891e3baeae09a26aa436b9acf91e3f289a67d27d8ac7e923fe1007c1e7,senate-efd-ocr,explicit,0
F000062,DIANNE FEINSTEIN,senate,Democrat,CA,,False,2019-07-05,2019-08-19,,Servicemaster Global Hldgs Inc.,Stock,Purchase,"$100,001 - $250,000",175000.5,False,Self,b87fa874-b6df-4b65-9f67-3d17b08db2ca,https://efdsearch.senate.gov/search/view/paper/b87fa874-b6df-4b65-9f67-3d17b08db2ca/,a22e51348e249ff6582ed6debd83d70fcb4683c47507d0b0d286c8ea884fe6d6,senate-efd-ocr,explicit,0
F000062,DIANNE FEINSTEIN,senate,Democrat,CA,,False,2019-07-05,2019-08-19,,Servicemaster Global Hldgs Inc.,Stock,Sale,"$100,001 - $250,000",175000.5,False,Self,b87fa874-b6df-4b65-9f67-3d17b08db2ca,https://efdsearch.senate.gov/search/view/paper/b87fa874-b6df-4b65-9f67-3d17b08db2ca/,d48f7811cda601ce82142378b251ca0b1ada808def0bf6d4c038f8f52ad2d0c3,senate-efd-ocr,explicit,0
F000062,DIANNE FEINSTEIN,senate,Democrat,CA,,False,2019-07-05,2019-08-19,,Synopsys Inc.,Stock,Sale,"$250,001 - $500,000",375000.5,False,Self,b87fa874-b6df-4b65-9f67-3d17b08db2ca,https://efdsearch.senate.gov/search/view/paper/b87fa874-b6df-4b65-9f67-3d17b08db2ca/,e27cc07ffe94a17f3db4b74b9408a25ac2133d63af831d8991557f48b3752803,senate-efd-ocr,explicit,0
F000062,DIANNE FEINSTEIN,senate,Democrat,CA,,False,2019-07-05,2019-08-19,,US Foods Hldg Corp.,Stock,Sale,"$100,001 - $250,000",175000.5,False,Self,b87fa874-b6df-4b65-9f67-3d17b08db2ca,https://efdsearch.senate.gov/search/view/paper/b87fa874-b6df-4b65-9f67-3d17b08db2ca/,cd693fd83c1bb9676340ea92def268a7e1e67d50374b938fdd4daa89dce874bd,senate-efd-ocr,explicit,0
F000062,DIANNE FEINSTEIN,senate,Democrat,CA,,False,2019-07-05,2019-08-19,,Visa Inc.,Stock,Sale,"$250,001 - $500,000",375000.5,False,Self,b87fa874-b6df-4b65-9f67-3d17b08db2ca,https://efdsearch.senate.gov/search/view/paper/b87fa874-b6df-4b65-9f67-3d17b08db2ca/,46355f5b92e23604cc82ee6549b4937593f90cf46b8e5d8c179dcb7787cec3e7,senate-efd-ocr,explicit,0
F000062,DIANNE FEINSTEIN,senate,Democrat,CA,,False,2019-07-05,2019-08-19,,Waste Connections Inc.,Stock,Sale,"$250,001 - $500,000",375000.5,False,Self,b87fa874-b6df-4b65-9f67-3d17b08db2ca,https://efdsearch.senate.gov/search/view/paper/b87fa874-b6df-4b65-9f67-3d17b08db2ca/,593d308e59d53918143127c9753ee6fc5c83efe27764cea643ee51671ff7d6f0,senate-efd-ocr,explicit,0
F000062,DIANNE FEINSTEIN,senate,Democrat,CA,,False,2019-07-22,2019-08-19,,Fedex Corp.,Stock,Purchase,"$15,001 - $50,000",32500.5,False,Self,b87fa874-b6df-4b65-9f67-3d17b08db2ca,https://efdsearch.senate.gov/search/view/paper/b87fa874-b6df-4b65-9f67-3d17b08db2ca/,44da8c3a675f0e66dd3a99d08bb357b7120a455dd102ad0eb2b936b89b747758,senate-efd-ocr,explicit,0
F000062,DIANNE FEINSTEIN,senate,Democrat,CA,,False,2019-07-22,2019-08-19,,Fedex Corp.,Stock,Purchase,"$50,001 - $100,000",75000.5,False,Self,b87fa874-b6df-4b65-9f67-3d17b08db2ca,https://efdsearch.senate.gov/search/view/paper/b87fa874-b6df-4b65-9f67-3d17b08db2ca/,a27c6c63a69a9a9262f3b03e583c97dba6fb4de40379092d0641928241408eb3,senate-efd-ocr,explicit,0
F000062,DIANNE FEINSTEIN,senate,Democrat,CA,,False,2019-07-25,2019-08-19,,Schwab Charles Corp.,Stock,Sale,"$15,001 - $50,000",32500.5,False,Self,b87fa874-b6df-4b65-9f67-3d17b08db2ca,https://efdsearch.senate.gov/search/view/paper/b87fa874-b6df-4b65-9f67-3d17b08db2ca/,c9a3a022d6c9a27c8b0cb0360ae5db5d7b18e9fbda8e31e2431f97e31155f8b4,senate-efd-ocr,explicit,0
F000062,DIANNE FEINSTEIN,senate,Democrat,CA,,False,2019-07-25,2019-08-19,,Schwab Charles Corp.,Stock,Purchase,"$100,001 - $250,000",175000.5,False,Self,b87fa874-b6df-4b65-9f67-3d17b08db2ca,https://efdsearch.senate.gov/search/view/paper/b87fa874-b6df-4b65-9f67-3d17b08db2ca/,2b3a488749afb58c1a8a968545a771cd520d91e33215e2d9845a376709023b7e,senate-efd-ocr,explicit,0
F000062,DIANNE FEINSTEIN,senate,Democrat,CA,,False,2019-07-25,2019-08-19,,US Foods Hldg Corp.,Stock,Purchase,"$100,001 - $250,000",175000.5,False,Self,b87fa874-b6df-4b65-9f67-3d17b08db2ca,https://efdsearch.senate.gov/search/view/paper/b87fa874-b6df-4b65-9f67-3d17b08db2ca/,c47bb6e60037da1c6ffb415473c2eddd69f757e6f8d0a329ad0f11eeff7cd184,senate-efd-ocr,explicit,0
F000062,DIANNE FEINSTEIN,senate,Democrat,CA,,False,2019-07-26,2019-08-19,,US Foods Hldg Corp.,Stock,Sale,"$15,001 - $50,000",32500.5,False,Self,b87fa874-b6df-4b65-9f67-3d17b08db2ca,https://efdsearch.senate.gov/search/view/paper/b87fa874-b6df-4b65-9f67-3d17b08db2ca/,8d8846e158beadf4393003307e6fe731fc3f5f334d9ee98aca1171485ce02670,senate-efd-ocr,explicit,0
F000062,DIANNE FEINSTEIN,senate,Democrat,CA,,False,2019-07-26,2019-08-19,,Schwab Charles Corp.,Stock,Sale,"$50,001 - $100,000",75000.5,False,Self,b87fa874-b6df-4b65-9f67-3d17b08db2ca,https://efdsearch.senate.gov/search/view/paper/b87fa874-b6df-4b65-9f67-3d17b08db2ca/,9d1b281b33c3838c8f0b69528318c45f2b7950c892d57c08817d33faebbba8a9,senate-efd-ocr,explicit,0
F000062,DIANNE FEINSTEIN,senate,Democrat,CA,,False,2019-07-29,2019-08-19,,ADR Novartis AG,Stock,Sale,"$100,001 - $250,000",175000.5,False,Self,b87fa874-b6df-4b65-9f67-3d17b08db2ca,https://efdsearch.senate.gov/search/view/paper/b87fa874-b6df-4b65-9f67-3d17b08db2ca/,9227c149ec7dfb636c91ac0303b82001d0ffd346a0a50216934215f182b79107,senate-efd-ocr,explicit,0
F000062,DIANNE FEINSTEIN,senate,Democrat,CA,,False,2019-07-29,2019-08-19,,Alphabet Inc.,Stock,Sale,"$100,001 - $250,000",175000.5,False,Self,b87fa874-b6df-4b65-9f67-3d17b08db2ca,https://efdsearch.senate.gov/search/view/paper/b87fa874-b6df-4b65-9f67-3d17b08db2ca/,79fb4216c47ca72b0103e3a5b13a432b8e274ab4fefc6a3592a7245c386f1035,senate-efd-ocr,explicit,0
F000062,DIANNE FEINSTEIN,senate,Democrat,CA,,False,2019-07-29,2019-08-19,,Applied Materials Inc.,Stock,Sale,"$100,001 - $250,000",175000.5,False,Self,b87fa874-b6df-4b65-9f67-3d17b08db2ca,https://efdsearch.senate.gov/search/view/paper/b87fa874-b6df-4b65-9f67-3d17b08db2ca/,229d83904d2730e72fb16374b376ceb99de3cf7ebfb18b84bc92243ce5e39de2,senate-efd-ocr,explicit,0
F000062,DIANNE FEINSTEIN,senate,Democrat,CA,,False,2019-07-29,2019-08-19,,Boeing Co.,Stock,Sale,"$100,001 - $250,000",175000.5,False,Self,b87fa874-b6df-4b65-9f67-3d17b08db2ca,https://efdsearch.senate.gov/search/view/paper/b87fa874-b6df-4b65-9f67-3d17b08db2ca/,cbba1ae690eaba9c24271a84448334e229ca6d82fa4cc9572a3669716eebfc93,senate-efd-ocr,explicit,0
F000062,DIANNE FEINSTEIN,senate,Democrat,CA,,False,2019-07-29,2019-08-19,,Brookfield Asset Mgmt Inc.,Stock,Sale,"$100,001 - $250,000",175000.5,False,Self,b87fa874-b6df-4b65-9f67-3d17b08db2ca,https://efdsearch.senate.gov/search/view/paper/b87fa874-b6df-4b65-9f67-3d17b08db2ca/,4d76cf06c8577b2694125517e91e66ccd1df860f416e7622204dcd79dcf974e3,senate-efd-ocr,explicit,0
F000062,DIANNE FEINSTEIN,senate,Democrat,CA,,False,2019-07-29,2019-08-19,,Charter Communications,,Sale,"$100,001 - $250,000",175000.5,False,Self,b87fa874-b6df-4b65-9f67-3d17b08db2ca,https://efdsearch.senate.gov/search/view/paper/b87fa874-b6df-4b65-9f67-3d17b08db2ca/,fa47584497b32fbabda06d6a6519373097e543e1acb892a91df51fb4c744069b,senate-efd-ocr,explicit,0
F000062,DIANNE FEINSTEIN,senate,Democrat,CA,,False,2019-07-29,2019-08-19,,Crown Castle Intl Corp.,Stock,Sale,"$100,001 - $250,000",175000.5,False,Self,b87fa874-b6df-4b65-9f67-3d17b08db2ca,https://efdsearch.senate.gov/search/view/paper/b87fa874-b6df-4b65-9f67-3d17b08db2ca/,a2205472e75106334dd3f23057218036415c2d5c3bbea324608e309505c94f27,senate-efd-ocr,explicit,0
F000062,DIANNE FEINSTEIN,senate,Democrat,CA,,False,2019-07-29,2019-08-19,,Danaher Corp.,Stock,Sale,"$100,001 - $250,000",175000.5,False,Self,b87fa874-b6df-4b65-9f67-3d17b08db2ca,https://efdsearch.senate.gov/search/view/paper/b87fa874-b6df-4b65-9f67-3d17b08db2ca/,d27f6e331d917c00d5a4315c7b38f4deaa88a0e1a2067ff61c95f8eb99bcf1f0,senate-efd-ocr,explicit,0
F000062,DIANNE FEINSTEIN,senate,Democrat,CA,,False,2019-07-29,2019-08-19,,Digital Rlty Trust Inc.,Other,Sale,"$100,001 - $250,000",175000.5,False,Self,b87fa874-b6df-4b65-9f67-3d17b08db2ca,https://efdsearch.senate.gov/search/view/paper/b87fa874-b6df-4b65-9f67-3d17b08db2ca/,30cabf3fd0fdd17d8a9a888c1eb2a28bd9bad02389d450af0e32f59587da9612,senate-efd-ocr,explicit,0
F000062,DIANNE FEINSTEIN,senate,Democrat,CA,,False,2019-07-29,2019-08-19,,Fedex Corp.,Stock,Sale,"$100,001 - $250,000",175000.5,False,Self,b87fa874-b6df-4b65-9f67-3d17b08db2ca,https://efdsearch.senate.gov/search/view/paper/b87fa874-b6df-4b65-9f67-3d17b08db2ca/,e7d93361ec83194e5f195d6ae7ebebd26e5a3d13393ae0cc240c0265dade0852,senate-efd-ocr,explicit,0
F000062,DIANNE FEINSTEIN,senate,Democrat,CA,,False,2019-07-29,2019-08-19,,Fireeye Inc.,Stock,Sale,"$100,001 - $250,000",175000.5,False,Self,b87fa874-b6df-4b65-9f67-3d17b08db2ca,https://efdsearch.senate.gov/search/view/paper/b87fa874-b6df-4b65-9f67-3d17b08db2ca/,fa210fb2da0d79a751dd47cb1055a0dac17e94bff6e5344c1bdb5e229c4e97bc,senate-efd-ocr,explicit,0
F000062,DIANNE FEINSTEIN,senate,Democrat,CA,,False,2019-07-29,2019-08-19,,IHS Markit Ltd.,,Sale,"$100,001 - $250,000",175000.5,False,Self,b87fa874-b6df-4b65-9f67-3d17b08db2ca,https://efdsearch.senate.gov/search/view/paper/b87fa874-b6df-4b65-9f67-3d17b08db2ca/,1da1c2b26af9edd75bb9f1e79276e194541f7414a91e524c91961793782926d7,senate-efd-ocr,explicit,0
F000062,DIANNE FEINSTEIN,senate,Democrat,CA,,False,2019-07-29,2019-08-19,,Microsoft Corp.,Stock,Sale,"$100,001 - $250,000",175000.5,False,Self,b87fa874-b6df-4b65-9f67-3d17b08db2ca,https://efdsearch.senate.gov/search/view/paper/b87fa874-b6df-4b65-9f67-3d17b08db2ca/,dd32cdf8c418ee9fca7bfabb9c4379c84011f8ae7bf1040e43531a67a21517ea,senate-efd-ocr,explicit,0
F000062,DIANNE FEINSTEIN,senate,Democrat,CA,,False,2019-07-29,2019-08-19,,Old Dominion Freight Line Inc.,Stock,Sale,"$100,001 - $250,000",175000.5,False,Self,b87fa874-b6df-4b65-9f67-3d17b08db2ca,https://efdsearch.senate.gov/search/view/paper/b87fa874-b6df-4b65-9f67-3d17b08db2ca/,1b0237d0db4690409393e780b6326a94f591f34af06e36f67bb526b20b45ba07,senate-efd-ocr,explicit,0
F000062,DIANNE FEINSTEIN,senate,Democrat,CA,,False,2019-07-29,2019-08-19,,Servicemaster Global Hldgs Inc.,Stock,Sale,"$100,001 - $250,000",175000.5,False,Self,b87fa874-b6df-4b65-9f67-3d17b08db2ca,https://efdsearch.senate.gov/search/view/paper/b87fa874-b6df-4b65-9f67-3d17b08db2ca/,65f786bd4ebf6d5a7e5398707543d999addf20834b3af75f2f39d13c94156f26,senate-efd-ocr,explicit,0
F000062,DIANNE FEINSTEIN,senate,Democrat,CA,,False,2019-07-29,2019-08-19,,Synopsys Inc.,Stock,Sale,"$100,001 - $250,000",175000.5,False,Self,b87fa874-b6df-4b65-9f67-3d17b08db2ca,https://efdsearch.senate.gov/search/view/paper/b87fa874-b6df-4b65-9f67-3d17b08db2ca/,62f54f97bf36d650b56c67a4512934f59e000e3de2619ca80fd548be00fe5b52,senate-efd-ocr,explicit,0
F000062,DIANNE FEINSTEIN,senate,Democrat,CA,,False,2019-07-29,2019-08-19,,Schwab Charles Corp.,Stock,Sale,"$250,001 - $500,000",375000.5,False,Self,b87fa874-b6df-4b65-9f67-3d17b08db2ca,https://efdsearch.senate.gov/search/view/paper/b87fa874-b6df-4b65-9f67-3d17b08db2ca/,082823fcef66e34d09d3e57d0fa8e6756c294768b404da3602b25871568b1054,senate-efd-ocr,explicit,0
F000062,DIANNE FEINSTEIN,senate,Democrat,CA,,False,2019-07-29,2019-08-19,,US Foods Hldg Corp.,Stock,Sale,"$100,001 - $250,000",175000.5,False,Self,b87fa874-b6df-4b65-9f67-3d17b08db2ca,https://efdsearch.senate.gov/search/view/paper/b87fa874-b6df-4b65-9f67-3d17b08db2ca/,02a031c69685afd73688cf52781b6f8b5009255d992c89fdeaace8e3f1b7e405,senate-efd-ocr,explicit,0
F000062,DIANNE FEINSTEIN,senate,Democrat,CA,,False,2019-07-29,2019-08-19,,Waste Connections Inc.,Stock,Sale,"$250,001 - $500,000",375000.5,False,Self,b87fa874-b6df-4b65-9f67-3d17b08db2ca,https://efdsearch.senate.gov/search/view/paper/b87fa874-b6df-4b65-9f67-3d17b08db2ca/,71446edc0c07c24cbe44778db65a0c4475021ea7ddd649fdcdbcc728e772683f,senate-efd-ocr,explicit,0
F000062,DIANNE FEINSTEIN,senate,Democrat,CA,,False,2019-07-29,2019-08-19,,Waste Connections Inc.,Stock,Sale,"$100,001 - $250,000",175000.5,False,Spouse,b87fa874-b6df-4b65-9f67-3d17b08db2ca,https://efdsearch.senate.gov/search/view/paper/b87fa874-b6df-4b65-9f67-3d17b08db2ca/,55a0c65f7bc966674c31b3ff56d470184d289e7f5539471eafd46a41baf6e632,senate-efd-ocr,explicit,0
B001277,RICHARD BLUMENTHAL,senate,Democrat,CT,SSAS13; SSAS14; SSAS17; SSGA01; SSGA20; SSJU01; SSJU22; SSJU25; SSJU28; Senate Committee on Armed Services; Senate Committee on Homeland Security and Governmental Affairs; Senate Committee on Veterans' Affairs; Senate Committee on the Judiciary; United States Senate Caucus on International Narcotics Control,True,2019-02-27,2019-08-13,,Peter L Malkin Family 2000 LLC,Other,Sale,"$1,000,001 - $5,000,000",3000000.5,False,Spouse,1f722e86-cc10-49b9-8dcc-62fb6251fc5f,https://efdsearch.senate.gov/search/view/paper/1f722e86-cc10-49b9-8dcc-62fb6251fc5f/,877a119a6d533601915ee286895f8b6ef32596d5a02a24d1e47e48cb4c4380dd,senate-efd-ocr,explicit,0
B001277,RICHARD BLUMENTHAL,senate,Democrat,CT,SSAS13; SSAS14; SSAS17; SSGA01; SSGA20; SSJU01; SSJU22; SSJU25; SSJU28; Senate Committee on Armed Services; Senate Committee on Homeland Security and Governmental Affairs; Senate Committee on Veterans' Affairs; Senate Committee on the Judiciary; United States Senate Caucus on International Narcotics Control,True,2019-08-08,2019-08-13,,Steadview Capital Partners LP,Other,Purchase,"$15,001 - $50,000",32500.5,False,Spouse,1f722e86-cc10-49b9-8dcc-62fb6251fc5f,https://efdsearch.senate.gov/search/view/paper/1f722e86-cc10-49b9-8dcc-62fb6251fc5f/,3a7617a4d63416c2c037d3fef6e3143227ac39af06693096e7b00b66d1bec876,senate-efd-ocr,explicit,0
B001277,RICHARD BLUMENTHAL,senate,Democrat,CT,SSAS13; SSAS14; SSAS17; SSGA01; SSGA20; SSJU01; SSJU22; SSJU25; SSJU28; Senate Committee on Armed Services; Senate Committee on Homeland Security and Governmental Affairs; Senate Committee on Veterans' Affairs; Senate Committee on the Judiciary; United States Senate Caucus on International Narcotics Control,True,2019-06-04,2019-08-13,,Willibros Group Inc (stock),Stock,Exchange,"$1,000,001 - $5,000,000",3000000.5,False,Spouse,1f722e86-cc10-49b9-8dcc-62fb6251fc5f,https://efdsearch.senate.gov/search/view/paper/1f722e86-cc10-49b9-8dcc-62fb6251fc5f/,98bedbad87cdaa4bb11ef19da1ef00eba82944a9e5da03aabd93ad767e9f9821,senate-efd-ocr,explicit,0
B001277,RICHARD BLUMENTHAL,senate,Democrat,CT,SSAS13; SSAS14; SSAS17; SSGA01; SSGA20; SSJU01; SSJU22; SSJU25; SSJU28; Senate Committee on Armed Services; Senate Committee on Homeland Security and Governmental Affairs; Senate Committee on Veterans' Affairs; Senate Committee on the Judiciary; United States Senate Caucus on International Narcotics Control,True,2019-08-08,2019-08-13,,Steadview Capital Partners LP,Other,Purchase,"$50,001 - $100,000",75000.5,False,Spouse,1f722e86-cc10-49b9-8dcc-62fb6251fc5f,https://efdsearch.senate.gov/search/view/paper/1f722e86-cc10-49b9-8dcc-62fb6251fc5f/,8c91e645634c532ceee48383fec7e98e0bc06522b1f763152e3a1c14a4c1c57b,senate-efd-ocr,explicit,0
B001277,RICHARD BLUMENTHAL,senate,Democrat,CT,SSAS13; SSAS14; SSAS17; SSGA01; SSGA20; SSJU01; SSJU22; SSJU25; SSJU28; Senate Committee on Armed Services; Senate Committee on Homeland Security and Governmental Affairs; Senate Committee on Veterans' Affairs; Senate Committee on the Judiciary; United States Senate Caucus on International Narcotics Control,True,2019-08-08,2019-08-13,,Peter L Malkin Family 9 LLC: CMB 2009 GRAT - Peter L Malkin Family,Other,Purchase,"$100,001 - $250,000",175000.5,False,Spouse,1f722e86-cc10-49b9-8dcc-62fb6251fc5f,https://efdsearch.senate.gov/search/view/paper/1f722e86-cc10-49b9-8dcc-62fb6251fc5f/,57a706fa3beb8e931a8e0e018c1afdf67f394a14172ca048b37169ab1b0697ee,senate-efd-ocr,explicit,0
B001277,RICHARD BLUMENTHAL,senate,Democrat,CT,SSAS13; SSAS14; SSAS17; SSGA01; SSGA20; SSJU01; SSJU22; SSJU25; SSJU28; Senate Committee on Armed Services; Senate Committee on Homeland Security and Governmental Affairs; Senate Committee on Veterans' Affairs; Senate Committee on the Judiciary; United States Senate Caucus on International Narcotics Control,True,2019-09-01,2019-08-13,,LarryMae Partners LLC,Other,Purchase,"$1,000,001 - $5,000,000",3000000.5,False,Spouse,1f722e86-cc10-49b9-8dcc-62fb6251fc5f,https://efdsearch.senate.gov/search/view/paper/1f722e86-cc10-49b9-8dcc-62fb6251fc5f/,b8142e93f4a2f26207915b3e7d3507718d367edda457d1f5a64fa37243fe1ca7,senate-efd-ocr,explicit,0
B001277,RICHARD BLUMENTHAL,senate,Democrat,CT,SSAS13; SSAS14; SSAS17; SSGA01; SSGA20; SSJU01; SSJU22; SSJU25; SSJU28; Senate Committee on Armed Services; Senate Committee on Homeland Security and Governmental Affairs; Senate Committee on Veterans' Affairs; Senate Committee on the Judiciary; United States Senate Caucus on International Narcotics Control,True,2019-09-01,2019-08-13,,Parian Global US Fund II LP,Other,Purchase,"$1,000,001 - $5,000,000",3000000.5,False,Spouse,1f722e86-cc10-49b9-8dcc-62fb6251fc5f,https://efdsearch.senate.gov/search/view/paper/1f722e86-cc10-49b9-8dcc-62fb6251fc5f/,b2a4d4e223d2886bd403457b607f302ddc6699a4d1c1927605ffbc22cf8832f7,senate-efd-ocr,explicit,0
B001277,RICHARD BLUMENTHAL,senate,Democrat,CT,SSAS13; SSAS14; SSAS17; SSGA01; SSGA20; SSJU01; SSJU22; SSJU25; SSJU28; Senate Committee on Armed Services; Senate Committee on Homeland Security and Governmental Affairs; Senate Committee on Veterans' Affairs; Senate Committee on the Judiciary; United States Senate Caucus on International Narcotics Control,True,2019-10-30,2019-08-13,,ELCM2 LLC,Other,Purchase,"$1,000,001 - $5,000,000",3000000.5,False,Spouse,1f722e86-cc10-49b9-8dcc-62fb6251fc5f,https://efdsearch.senate.gov/search/view/paper/1f722e86-cc10-49b9-8dcc-62fb6251fc5f/,d33d29b553be03af9bca13dd4ef914aa791f293b6bfb8dfca14e18ff84f24ab2,senate-efd-ocr,explicit,0
B001236,JOHN BOOZMAN,senate,Republican,AR,"Commission on Security and Cooperation in Europe; SSAF13; SSAF14; SSAF15; SSAF16; SSAF17; SSAP02; SSAP18; SSAP19; SSAP20; SSAP23; SSAP24; SSEV08; SSEV10; SSEV15; Senate Committee on Agriculture, Nutrition, and Forestry; Senate Committee on Appropriations; Senate Committee on Environment and Public Works; Senate Committee on Rules and Administration; Senate Committee on Veterans' Affairs",False,2018-02-12,2019-08-09,,iShares Tr Index Barclays 1-3 Yr,,Sale,"$15,001 - $50,000",32500.5,False,Self,6d562c3e-4be9-4811-8759-fef6c3fa0a40,https://efdsearch.senate.gov/search/view/paper/6d562c3e-4be9-4811-8759-fef6c3fa0a40/,ea2e8b628064702a7673b366dae7d2f288bf3828554151e1997afd95ebd4cc94,senate-efd-ocr,explicit,0
B001236,JOHN BOOZMAN,senate,Republican,AR,"Commission on Security and Cooperation in Europe; SSAF13; SSAF14; SSAF15; SSAF16; SSAF17; SSAP02; SSAP18; SSAP19; SSAP20; SSAP23; SSAP24; SSEV08; SSEV10; SSEV15; Senate Committee on Agriculture, Nutrition, and Forestry; Senate Committee on Appropriations; Senate Committee on Environment and Public Works; Senate Committee on Rules and Administration; Senate Committee on Veterans' Affairs",False,2018-02-20,2019-08-09,,iShares Tr Index Barclays 1-3 Yr,,Sale,"$15,001 - $50,000",32500.5,False,Self,6d562c3e-4be9-4811-8759-fef6c3fa0a40,https://efdsearch.senate.gov/search/view/paper/6d562c3e-4be9-4811-8759-fef6c3fa0a40/,f5067fa97bb9d56e2bf691574a49279cf9d6617a30864e71225a369dfbfffb13,senate-efd-ocr,explicit,0
B001236,JOHN BOOZMAN,senate,Republican,AR,"Commission on Security and Cooperation in Europe; SSAF13; SSAF14; SSAF15; SSAF16; SSAF17; SSAP02; SSAP18; SSAP19; SSAP20; SSAP23; SSAP24; SSEV08; SSEV10; SSEV15; Senate Committee on Agriculture, Nutrition, and Forestry; Senate Committee on Appropriations; Senate Committee on Environment and Public Works; Senate Committee on Rules and Administration; Senate Committee on Veterans' Affairs",False,2018-02-20,2019-08-09,,iShares Tr Index Barclays 10-20 Yr,,Purchase,"$1,001 - $15,000",8000.5,False,Self,6d562c3e-4be9-4811-8759-fef6c3fa0a40,https://efdsearch.senate.gov/search/view/paper/6d562c3e-4be9-4811-8759-fef6c3fa0a40/,4fb7df9e73eaa882e5b88c099a89dd96ca26127a9273ec44dc86822a32957456,senate-efd-ocr,explicit,0
B001236,JOHN BOOZMAN,senate,Republican,AR,"Commission on Security and Cooperation in Europe; SSAF13; SSAF14; SSAF15; SSAF16; SSAF17; SSAP02; SSAP18; SSAP19; SSAP20; SSAP23; SSAP24; SSEV08; SSEV10; SSEV15; Senate Committee on Agriculture, Nutrition, and Forestry; Senate Committee on Appropriations; Senate Committee on Environment and Public Works; Senate Committee on Rules and Administration; Senate Committee on Veterans' Affairs",False,2018-02-20,2019-08-09,,iShares Tr Index Barclays 7-10 Yrs,,Purchase,"$1,001 - $15,000",8000.5,False,Self,6d562c3e-4be9-4811-8759-fef6c3fa0a40,https://efdsearch.senate.gov/search/view/paper/6d562c3e-4be9-4811-8759-fef6c3fa0a40/,feca242e0fb59af0887cf8cfa9b22fa3e5fb64fdb1908d3ba65b0f4562fe30d9,senate-efd-ocr,explicit,0
B001236,JOHN BOOZMAN,senate,Republican,AR,"Commission on Security and Cooperation in Europe; SSAF13; SSAF14; SSAF15; SSAF16; SSAF17; SSAP02; SSAP18; SSAP19; SSAP20; SSAP23; SSAP24; SSEV08; SSEV10; SSEV15; Senate Committee on Agriculture, Nutrition, and Forestry; Senate Committee on Appropriations; Senate Committee on Environment and Public Works; Senate Committee on Rules and Administration; Senate Committee on Veterans' Affairs",False,2018-02-20,2019-08-09,,Powershares Glbl ETF Trust Fdm Hg Yld Rafi,Other,Purchase,"$15,001 - $50,000",32500.5,False,Self,6d562c3e-4be9-4811-8759-fef6c3fa0a40,https://efdsearch.senate.gov/search/view/paper/6d562c3e-4be9-4811-8759-fef6c3fa0a40/,42b21ebd2dc191f0b6ee219c4d88d3e29d1adaebce5298a8a8b9c3a4cf74c74c,senate-efd-ocr,explicit,0
B001277,RICHARD BLUMENTHAL,senate,Democrat,CT,SSAS13; SSAS14; SSAS17; SSGA01; SSGA20; SSJU01; SSJU22; SSJU25; SSJU28; Senate Committee on Armed Services; Senate Committee on Homeland Security and Governmental Affairs; Senate Committee on Veterans' Affairs; Senate Committee on the Judiciary; United States Senate Caucus on International Narcotics Control,True,2019-07-19,2019-08-05,,Peter L. Malkin Family 2000 LLC,Other,Purchase,"$100,001 - $250,000",175000.5,False,Spouse,c5663e35-5503-41f1-af29-d1647866c41e,https://efdsearch.senate.gov/search/view/paper/c5663e35-5503-41f1-af29-d1647866c41e/,a35531fc27bee51b2c28c9b15f80accf6b57f56b174d2df89e3c5ca74587e1a5,senate-efd-ocr,explicit,0
B001277,RICHARD BLUMENTHAL,senate,Democrat,CT,SSAS13; SSAS14; SSAS17; SSGA01; SSGA20; SSJU01; SSJU22; SSJU25; SSJU28; Senate Committee on Armed Services; Senate Committee on Homeland Security and Governmental Affairs; Senate Committee on Veterans' Affairs; Senate Committee on the Judiciary; United States Senate Caucus on International Narcotics Control,True,2019-07-19,2019-08-05,,"M13 Ventures II, L.P.",Other,Purchase,"$50,001 - $100,000",75000.5,False,Spouse,c5663e35-5503-41f1-af29-d1647866c41e,https://efdsearch.senate.gov/search/view/paper/c5663e35-5503-41f1-af29-d1647866c41e/,802557e215f3b274d70f8a6560a51d61890edfc56acdd3e4b8458f92e8ee104b,senate-efd-ocr,explicit,0
B001277,RICHARD BLUMENTHAL,senate,Democrat,CT,SSAS13; SSAS14; SSAS17; SSGA01; SSGA20; SSJU01; SSJU22; SSJU25; SSJU28; Senate Committee on Armed Services; Senate Committee on Homeland Security and Governmental Affairs; Senate Committee on Veterans' Affairs; Senate Committee on the Judiciary; United States Senate Caucus on International Narcotics Control,True,2019-07-18,2019-08-05,,CMB 2009 GRAT - Peter L. Malkin Family 9 LLC: Peter L. Malkin Family 2000 LLC,Other,Purchase,"$100,001 - $250,000",175000.5,False,Spouse,c5663e35-5503-41f1-af29-d1647866c41e,https://efdsearch.senate.gov/search/view/paper/c5663e35-5503-41f1-af29-d1647866c41e/,20595773cd96618733e2eec14d98ffa87bbfba691f0f989bac8377e2e4a3250b,senate-efd-ocr,explicit,0
B001135,RICHARD M BURR,senate,Republican,NC,,False,2019-07-17,2019-08-01,,Aon PLC (stock) NYSE,Stock,Sale,"$500,001 - $1,000,000",750000.5,False,Self,b93a26ef-d98b-4b8c-95ef-e7a870df27fc,https://efdsearch.senate.gov/search/view/paper/b93a26ef-d98b-4b8c-95ef-e7a870df27fc/,8233d7d717095f1b52b38279345d6554dc87ee28df27af5324d226def9edfb03,senate-efd-ocr,explicit,0
B001135,RICHARD M BURR,senate,Republican,NC,,False,2019-07-17,2019-08-01,,Bank of New York Mellon Corp. (stock) NYSE,Stock,Sale,"$15,001 - $50,000",32500.5,False,Self,b93a26ef-d98b-4b8c-95ef-e7a870df27fc,https://efdsearch.senate.gov/search/view/paper/b93a26ef-d98b-4b8c-95ef-e7a870df27fc/,0b002cd15eaa27b8be1766c5da0f8a83ab77211783ce382044894aace476f6e0,senate-efd-ocr,explicit,0
B001135,RICHARD M BURR,senate,Republican,NC,,False,2019-07-17,2019-08-01,,LKQ Corp. (stock) NASDAQ,Stock,Sale,"$15,001 - $50,000",32500.5,False,Self,b93a26ef-d98b-4b8c-95ef-e7a870df27fc,https://efdsearch.senate.gov/search/view/paper/b93a26ef-d98b-4b8c-95ef-e7a870df27fc/,72ef1283606c920b6082f7eb771ac04df647ad26cb062fb4167828041060b511,senate-efd-ocr,explicit,0
B001135,RICHARD M BURR,senate,Republican,NC,,False,2019-07-17,2019-08-01,,Koninklijke Phillips N.V. NY Registry SHS (stock) NASDAQ,Stock,Sale,"$1,001 - $15,000",8000.5,False,Self,b93a26ef-d98b-4b8c-95ef-e7a870df27fc,https://efdsearch.senate.gov/search/view/paper/b93a26ef-d98b-4b8c-95ef-e7a870df27fc/,7ee5475b5031e40eddc7ff8739782ce3729a1a2b29f195d1f664ffb11e140308,senate-efd-ocr,explicit,0
B001135,RICHARD M BURR,senate,Republican,NC,,False,2019-07-17,2019-08-01,,Mohawk Industries Inc. (stock) NYSE,Stock,Sale,"$1,001 - $15,000",8000.5,False,Self,b93a26ef-d98b-4b8c-95ef-e7a870df27fc,https://efdsearch.senate.gov/search/view/paper/b93a26ef-d98b-4b8c-95ef-e7a870df27fc/,67e03c9223a640012a3caee8ae0918f285fe885051a65350b5f21389d85a0d0e,senate-efd-ocr,explicit,0
B001135,RICHARD M BURR,senate,Republican,NC,,False,2019-07-17,2019-08-01,,Park Hotels and Resorts Inc. (stock) NYSE,Stock,Purchase,"$1,001 - $15,000",8000.5,False,Self,b93a26ef-d98b-4b8c-95ef-e7a870df27fc,https://efdsearch.senate.gov/search/view/paper/b93a26ef-d98b-4b8c-95ef-e7a870df27fc/,378a5c7077386a811d07e7f064c6cf925b5c925c5fb88ba17fcefaf8c8d263c6,senate-efd-ocr,explicit,0
B001135,RICHARD M BURR,senate,Republican,NC,,False,2019-07-17,2019-08-01,,Sensata Technologies Holding PLC (stock) NYSE,Stock,Sale,"$50,001 - $100,000",75000.5,False,Self,b93a26ef-d98b-4b8c-95ef-e7a870df27fc,https://efdsearch.senate.gov/search/view/paper/b93a26ef-d98b-4b8c-95ef-e7a870df27fc/,0b5a253da97227f0f3752803c7901afb2559baed1660cbd4f41323d9c15d2b21,senate-efd-ocr,explicit,0
B001135,RICHARD M BURR,senate,Republican,NC,,False,2019-07-17,2019-08-01,,W R Berkley Corp. (stock) NYSE,Stock,Sale,"$15,001 - $50,000",32500.5,False,Self,b93a26ef-d98b-4b8c-95ef-e7a870df27fc,https://efdsearch.senate.gov/search/view/paper/b93a26ef-d98b-4b8c-95ef-e7a870df27fc/,e9eceffe64164d987c3bd07a1edee522a21a337c5b78b73e9e774c6b48aa04dd,senate-efd-ocr,explicit,0
B001135,RICHARD M BURR,senate,Republican,NC,,False,2019-07-17,2019-08-01,,"Elanco Animal Health, Inc. (stock) NYSE",Stock,Sale,"$1,001 - $15,000",8000.5,False,Self,b93a26ef-d98b-4b8c-95ef-e7a870df27fc,https://efdsearch.senate.gov/search/view/paper/b93a26ef-d98b-4b8c-95ef-e7a870df27fc/,a3a1bc833c18cbdd2fc70e576766a75a7efa035ec79b704e44355da972b0c4a3,senate-efd-ocr,explicit,0
B001135,RICHARD M BURR,senate,Republican,NC,,False,2019-07-17,2019-08-01,,Sensata Technologies Holding PLC (stock) NYSE,Stock,Sale,"$1,001 - $15,000",8000.5,False,Self,b93a26ef-d98b-4b8c-95ef-e7a870df27fc,https://efdsearch.senate.gov/search/view/paper/b93a26ef-d98b-4b8c-95ef-e7a870df27fc/,d30ee46506e499b103d26a35ea18e184f29f05198629581b1093a6d806dc0404,senate-efd-ocr,explicit,0
B001135,RICHARD M BURR,senate,Republican,NC,,False,2019-07-17,2019-08-01,,CSX Corporation (stock) NASDAQ,Stock,Sale,"$1,001 - $15,000",8000.5,False,Self,b93a26ef-d98b-4b8c-95ef-e7a870df27fc,https://efdsearch.senate.gov/search/view/paper/b93a26ef-d98b-4b8c-95ef-e7a870df27fc/,d57d12d84020356b243eb0e168e07d900bf6a032888ec76aaa24652a26673592,senate-efd-ocr,explicit,0
B001135,RICHARD M BURR,senate,Republican,NC,,False,2019-07-17,2019-08-01,,FedEx Corporation (stock) NYSE,Stock,Sale,"$15,001 - $50,000",32500.5,False,Self,b93a26ef-d98b-4b8c-95ef-e7a870df27fc,https://efdsearch.senate.gov/search/view/paper/b93a26ef-d98b-4b8c-95ef-e7a870df27fc/,50ca6fbb52303350e267b9d2f0beb72e91937e70c3be4cc2925ca51f7798f5cb,senate-efd-ocr,explicit,0
B001135,RICHARD M BURR,senate,Republican,NC,,False,2019-07-17,2019-08-01,,Elanco Animal Health Inc. (stock) NYSE,Stock,Sale,"$50,001 - $100,000",75000.5,False,Self,b93a26ef-d98b-4b8c-95ef-e7a870df27fc,https://efdsearch.senate.gov/search/view/paper/b93a26ef-d98b-4b8c-95ef-e7a870df27fc/,2e8b81660df499127aa434493a2e5a13a55cdeedfbe0976a3ae8d9418d911d1e,senate-efd-ocr,explicit,0
B001135,RICHARD M BURR,senate,Republican,NC,,False,2019-07-17,2019-08-01,,GCI Liberty Inc. Class A (stock) NASDAQ,Stock,Sale,"$50,001 - $100,000",75000.5,False,Self,b93a26ef-d98b-4b8c-95ef-e7a870df27fc,https://efdsearch.senate.gov/search/view/paper/b93a26ef-d98b-4b8c-95ef-e7a870df27fc/,c5791e81c75b540ac1af4a4e73eb7fc99e3e6eabac0c5470748f5f0ec0af0fd7,senate-efd-ocr,explicit,0
B001135,RICHARD M BURR,senate,Republican,NC,,False,2019-07-17,2019-08-01,,USB PRH,,Purchase,"$50,001 - $100,000",75000.5,False,Self,b93a26ef-d98b-4b8c-95ef-e7a870df27fc,https://efdsearch.senate.gov/search/view/paper/b93a26ef-d98b-4b8c-95ef-e7a870df27fc/,46d4f40d27806685433e7574dace49c0d5b2b39a5dea7f713233f16eced1ec53,senate-efd-ocr,explicit,0
B001135,RICHARD M BURR,senate,Republican,NC,,False,2019-02-01,2019-08-01,,MET PRA,,Purchase,"$15,001 - $50,000",32500.5,False,Self,ba0e05ef-d738-40db-9219-0b18d6cf4323,https://efdsearch.senate.gov/search/view/paper/ba0e05ef-d738-40db-9219-0b18d6cf4323/,22fa9d095bf29b4ee5faa6aa8323c2b740088cfdcd64463ec4f2d0c7ae576220,senate-efd-ocr,explicit,0
B001135,RICHARD M BURR,senate,Republican,NC,,False,2019-02-27,2019-08-01,,MET PRA,,Sale,"$50,001 - $100,000",75000.5,False,Self,ba0e05ef-d738-40db-9219-0b18d6cf4323,https://efdsearch.senate.gov/search/view/paper/ba0e05ef-d738-40db-9219-0b18d6cf4323/,42051570483f4c1347cdac2b3b2c3317c3406ab1de75bf1565cc5f80c1fbba1d,senate-efd-ocr,explicit,0
B001135,RICHARD M BURR,senate,Republican,NC,,False,2019-07-30,2019-08-01,MLM,"Martin Marietta Materials, Inc. (NYSE) stock",Stock,Purchase,"$50,001 - $100,000",75000.5,False,Self,ba0e05ef-d738-40db-9219-0b18d6cf4323,https://efdsearch.senate.gov/search/view/paper/ba0e05ef-d738-40db-9219-0b18d6cf4323/,2c7b1f2d2424e430689d9cc7d703e6f0e8a8781abc0906a832c3d3df6e3cddb3,senate-efd-ocr,explicit,0
B001135,RICHARD M BURR,senate,Republican,NC,,False,2019-07-30,2019-08-01,MLM,"Martin Marietta Materials, Inc. (NYSE) stock",Stock,Sale,"$1,001 - $15,000",8000.5,False,Self,ba0e05ef-d738-40db-9219-0b18d6cf4323,https://efdsearch.senate.gov/search/view/paper/ba0e05ef-d738-40db-9219-0b18d6cf4323/,9638d3e690a20e02749237bdc8b3ee6173732b5cc381105dc1f9a32a8eb7640d,senate-efd-ocr,explicit,0
B001135,RICHARD M BURR,senate,Republican,NC,,False,2019-07-30,2019-08-01,,LKQ Corp. (NASDAQ) stock,Stock,Sale,"$1,001 - $15,000",8000.5,False,Self,ba0e05ef-d738-40db-9219-0b18d6cf4323,https://efdsearch.senate.gov/search/view/paper/ba0e05ef-d738-40db-9219-0b18d6cf4323/,97a208cdc145a6448ebb0e70cd5bec154f152b34dbbcfe5761fc7808a46f98fb,senate-efd-ocr,explicit,0
B001135,RICHARD M BURR,senate,Republican,NC,,False,2019-07-30,2019-08-01,,Dominion Energy Inc. (stock),Stock,Purchase,"$15,001 - $50,000",32500.5,False,Joint,ba0e05ef-d738-40db-9219-0b18d6cf4323,https://efdsearch.senate.gov/search/view/paper/ba0e05ef-d738-40db-9219-0b18d6cf4323/,72f554ef469c675b673473093a3b29bbc1b4817c9fe99a0773c2a8e064550fd6,senate-efd-ocr,explicit,0
B001135,RICHARD M BURR,senate,Republican,NC,,False,2019-07-16,2019-07-24,,Sealed Air CP (stock) NYSE,Stock,Purchase,"$15,001 - $50,000",32500.5,False,Self,81392e16-9a75-4017-843e-2c8f43b7a102,https://efdsearch.senate.gov/search/view/paper/81392e16-9a75-4017-843e-2c8f43b7a102/,cf9f80f40f3988fc8721c94e825fcae93a16e21eb05d8f2ddfc62f474c6c49a8,senate-efd-ocr,explicit,0
B001135,RICHARD M BURR,senate,Republican,NC,,False,2019-07-16,2019-07-24,,Sealed Air CP (stock) NYSE,Stock,Sale,"$50,001 - $100,000",75000.5,False,Self,81392e16-9a75-4017-843e-2c8f43b7a102,https://efdsearch.senate.gov/search/view/paper/81392e16-9a75-4017-843e-2c8f43b7a102/,aa0498db58be297dce8a9ba94a358785c4102977e5e2b744bd72fbdd92098253,senate-efd-ocr,explicit,0
B001135,RICHARD M BURR,senate,Republican,NC,,False,2019-07-16,2019-07-24,,Extended Stay America (stock) NASDAQ,Stock,Purchase,"$50,001 - $100,000",75000.5,False,Self,81392e16-9a75-4017-843e-2c8f43b7a102,https://efdsearch.senate.gov/search/view/paper/81392e16-9a75-4017-843e-2c8f43b7a102/,959ddefd66c779f3da8759fe9d6fc8b39b369d1f4c2440e7eb53eca398ea4540,senate-efd-ocr,explicit,0
B001135,RICHARD M BURR,senate,Republican,NC,,False,2019-07-16,2019-07-24,,Extended Stay America (stock) NASDAQ,Stock,Sale,"$15,001 - $50,000",32500.5,False,Spouse,81392e16-9a75-4017-843e-2c8f43b7a102,https://efdsearch.senate.gov/search/view/paper/81392e16-9a75-4017-843e-2c8f43b7a102/,36ce68da3b0f599cfa69275068140f0e1b4ac127c88032f2c0f3217f5b9ee2cb,senate-efd-ocr,explicit,0
F000062,DIANNE FEINSTEIN,senate,Democrat,CA,,False,2019-06-05,2019-07-17,,Antero Midstream Corp.,Stock,Sale,"$15,001 - $50,000",32500.5,False,Self,19ef112b-74fa-4106-bcaf-93591448b7a0,https://efdsearch.senate.gov/search/view/paper/19ef112b-74fa-4106-bcaf-93591448b7a0/,9384ed26beb3e6505c4550ed5a73f729c5df6a8c356857798ffeb2c05ec6c9dd,senate-efd-ocr,explicit,0
F000062,DIANNE FEINSTEIN,senate,Democrat,CA,,False,2019-06-05,2019-07-17,,Antero Midstream Corp.,Stock,Purchase,"$100,001 - $250,000",175000.5,False,Self,19ef112b-74fa-4106-bcaf-93591448b7a0,https://efdsearch.senate.gov/search/view/paper/19ef112b-74fa-4106-bcaf-93591448b7a0/,1cc9b23df182e7bc398abe0b9cebccf902d120f5d5ddb7d477688e86423bdef9,senate-efd-ocr,explicit,0
F000062,DIANNE FEINSTEIN,senate,Democrat,CA,,False,2019-06-05,2019-07-17,,Fedex Corp.,Stock,Sale,"$250,001 - $500,000",375000.5,False,Self,19ef112b-74fa-4106-bcaf-93591448b7a0,https://efdsearch.senate.gov/search/view/paper/19ef112b-74fa-4106-bcaf-93591448b7a0/,2b3f3f765f20f510ee3388e7bf007cd5eb21a9ebdbbefefbaabf1944afef5b42,senate-efd-ocr,explicit,0
F000062,DIANNE FEINSTEIN,senate,Democrat,CA,,False,2019-06-06,2019-07-17,,Antero Midstream Corp.,Stock,Sale,"$100,001 - $250,000",175000.5,False,Self,19ef112b-74fa-4106-bcaf-93591448b7a0,https://efdsearch.senate.gov/search/view/paper/19ef112b-74fa-4106-bcaf-93591448b7a0/,83092a4a146cdbfb212b96e62c9ce56d896a58a4b87a104f6dfb1eca29eee81f,senate-efd-ocr,explicit,0
F000062,DIANNE FEINSTEIN,senate,Democrat,CA,,False,2019-06-06,2019-07-17,,Antero Midstream Corp.,Stock,Sale,"$15,001 - $50,000",32500.5,False,Self,19ef112b-74fa-4106-bcaf-93591448b7a0,https://efdsearch.senate.gov/search/view/paper/19ef112b-74fa-4106-bcaf-93591448b7a0/,ddaab1b0465635be9846056fee62135a1fcf56ec231dc992f1f21cb7a7ecacb9,senate-efd-ocr,explicit,0
F000062,DIANNE FEINSTEIN,senate,Democrat,CA,,False,2019-06-06,2019-07-17,,Antero Midstream Corp.,Stock,Sale,"$250,001 - $500,000",375000.5,False,Self,19ef112b-74fa-4106-bcaf-93591448b7a0,https://efdsearch.senate.gov/search/view/paper/19ef112b-74fa-4106-bcaf-93591448b7a0/,c029dd29359d73908aef47a4d5fcf955801d408a98066a4d496d269c93390bbb,senate-efd-ocr,explicit,0
F000062,DIANNE FEINSTEIN,senate,Democrat,CA,,False,2019-06-17,2019-07-17,,Antero Novartis AG,,Purchase,"$50,001 - $100,000",75000.5,False,Self,19ef112b-74fa-4106-bcaf-93591448b7a0,https://efdsearch.senate.gov/search/view/paper/19ef112b-74fa-4106-bcaf-93591448b7a0/,21b40a244fa3f3bf820f607938a16283270035ddddbe19cc2fb29eb5d58b973c,senate-efd-ocr,explicit,0
F000062,DIANNE FEINSTEIN,senate,Democrat,CA,,False,2019-06-17,2019-07-17,,ADR Novartis AG,Stock,Purchase,"$100,001 - $250,000",175000.5,False,Self,19ef112b-74fa-4106-bcaf-93591448b7a0,https://efdsearch.senate.gov/search/view/paper/19ef112b-74fa-4106-bcaf-93591448b7a0/,c7d6e61319d2c07c35c52291fba507ea768c3dd94edcd24c34b5c9b23076aeb5,senate-efd-ocr,explicit,0
F000062,DIANNE FEINSTEIN,senate,Democrat,CA,,False,2019-06-17,2019-07-17,,US Foods Hldg Corp.,Stock,Sale,"$100,001 - $250,000",175000.5,False,Self,19ef112b-74fa-4106-bcaf-93591448b7a0,https://efdsearch.senate.gov/search/view/paper/19ef112b-74fa-4106-bcaf-93591448b7a0/,8d6728cd1a098a751e326c928fed93cd712f8883a8d4234a764182191124e64f,senate-efd-ocr,explicit,0
F000062,DIANNE FEINSTEIN,senate,Democrat,CA,,False,2019-08-17,2019-07-17,,Danaher Corp.,Stock,Sale,"$100,001 - $250,000",175000.5,False,Self,19ef112b-74fa-4106-bcaf-93591448b7a0,https://efdsearch.senate.gov/search/view/paper/19ef112b-74fa-4106-bcaf-93591448b7a0/,18791d6d83368a546c811bc5fa79a2bc805afe49cd9d79c1cecbd76f04bf3f9c,senate-efd-ocr,explicit,0
F000062,DIANNE FEINSTEIN,senate,Democrat,CA,,False,2019-08-17,2019-07-17,,Synopsis Inc.,Stock,Sale,,,False,Self,19ef112b-74fa-4106-bcaf-93591448b7a0,https://efdsearch.senate.gov/search/view/paper/19ef112b-74fa-4106-bcaf-93591448b7a0/,00acdd0eb485e518b3595ef8fdccb9ff4460476294aef6889983c87d375d310c,senate-efd-ocr,explicit,0
B001135,RICHARD M BURR,senate,Republican,NC,,False,2019-06-25,2019-07-17,,Kimberly-Clark Corporation (stock),Stock,Purchase,"$15,001 - $50,000",32500.5,False,Self,6ba5ea80-a974-49c8-b86e-79d0e79b8b20,https://efdsearch.senate.gov/search/view/paper/6ba5ea80-a974-49c8-b86e-79d0e79b8b20/,5ed2f69f1df7ed2a390a1ae830f9eb76019ca358beb64b7f96358c554ad00ed8,senate-efd-ocr,explicit,0
B001135,RICHARD M BURR,senate,Republican,NC,,False,2019-06-25,2019-07-17,,Kimberly-Clark Corporation (stock),Stock,Sale,"$50,001 - $100,000",75000.5,False,Self,6ba5ea80-a974-49c8-b86e-79d0e79b8b20,https://efdsearch.senate.gov/search/view/paper/6ba5ea80-a974-49c8-b86e-79d0e79b8b20/,e1237a27eda682191dd00c80d5c9057c1f4187e3a4e9c78d86c86007c9f88949,senate-efd-ocr,explicit,0
B001135,RICHARD M BURR,senate,Republican,NC,,False,2019-06-25,2019-07-17,,Abbvie Inc. (stock) NYSE,Stock,Purchase,"$1,001 - $15,000",8000.5,False,Self,6ba5ea80-a974-49c8-b86e-79d0e79b8b20,https://efdsearch.senate.gov/search/view/paper/6ba5ea80-a974-49c8-b86e-79d0e79b8b20/,f64c12982f1c6c234f1219f3576d2921344396559e02eb50977a3158ea4a7035,senate-efd-ocr,explicit,0
B001135,RICHARD M BURR,senate,Republican,NC,,False,2019-06-25,2019-07-17,,Kimberly-Clark Corporation (stock) NYSE,Stock,Sale,"$1,001 - $15,000",8000.5,False,Spouse,6ba5ea80-a974-49c8-b86e-79d0e79b8b20,https://efdsearch.senate.gov/search/view/paper/6ba5ea80-a974-49c8-b86e-79d0e79b8b20/,df8fd917d1f9d5367c19b9b14eeedb78bb77cf87dc6aa1344da32e75814d334b,senate-efd-ocr,explicit,0
B001135,RICHARD M BURR,senate,Republican,NC,,False,2019-06-25,2019-07-17,,Abbvie Inc. (stock) NYSE,Stock,Sale,"$15,001 - $50,000",32500.5,False,Spouse,6ba5ea80-a974-49c8-b86e-79d0e79b8b20,https://efdsearch.senate.gov/search/view/paper/6ba5ea80-a974-49c8-b86e-79d0e79b8b20/,8457f9777e3b7e04c80d8e85a257c83d2e661d23f30e7295e69a3d50148f3db5,senate-efd-ocr,explicit,0
B001277,RICHARD BLUMENTHAL,senate,Democrat,CT,SSAS13; SSAS14; SSAS17; SSGA01; SSGA20; SSJU01; SSJU22; SSJU25; SSJU28; Senate Committee on Armed Services; Senate Committee on Homeland Security and Governmental Affairs; Senate Committee on Veterans' Affairs; Senate Committee on the Judiciary; United States Senate Caucus on International Narcotics Control,True,2019-06-17,2019-07-15,,"Inari Agriculture, Inc.",Stock,Purchase,"$500,001 - $1,000,000",750000.5,False,Spouse,4fced9a8-70f9-4a26-bd65-f4537ccb4a09,https://efdsearch.senate.gov/search/view/paper/4fced9a8-70f9-4a26-bd65-f4537ccb4a09/,28ee90eebf10cba0c350c4ac17b6d3468eed2ef9433a0c164a9b1d30d326a20b,senate-efd-ocr,explicit,0
B001277,RICHARD BLUMENTHAL,senate,Democrat,CT,SSAS13; SSAS14; SSAS17; SSGA01; SSGA20; SSJU01; SSJU22; SSJU25; SSJU28; Senate Committee on Armed Services; Senate Committee on Homeland Security and Governmental Affairs; Senate Committee on Veterans' Affairs; Senate Committee on the Judiciary; United States Senate Caucus on International Narcotics Control,True,2019-06-17,2019-07-15,,"Peter L Malkin Family 9 LLC: Inari Agriculture, Inc.",Other,Purchase,"$100,001 - $250,000",175000.5,False,Spouse,4fced9a8-70f9-4a26-bd65-f4537ccb4a09,https://efdsearch.senate.gov/search/view/paper/4fced9a8-70f9-4a26-bd65-f4537ccb4a09/,74e097e4898a11b10768ca452451f9b9a2adbe68d0823891e30e5ed27f3b6ab7,senate-efd-ocr,explicit,0
B001236,JOHN BOOZMAN,senate,Republican,AR,"Commission on Security and Cooperation in Europe; SSAF13; SSAF14; SSAF15; SSAF16; SSAF17; SSAP02; SSAP18; SSAP19; SSAP20; SSAP23; SSAP24; SSEV08; SSEV10; SSEV15; Senate Committee on Agriculture, Nutrition, and Forestry; Senate Committee on Appropriations; Senate Committee on Environment and Public Works; Senate Committee on Rules and Administration; Senate Committee on Veterans' Affairs",False,2019-06-04,2019-07-11,,iShares Barclays 3-7 Yr Tsy BD FD,,Sale,"$1,001 - $15,000",8000.5,False,Self,1146e634-4ae6-4bfd-b507-9aaae89fa796,https://efdsearch.senate.gov/search/view/paper/1146e634-4ae6-4bfd-b507-9aaae89fa796/,002355c9a8646518c2fb4d25b831b2bbfef6bc755a7ce075390a8a9138737a5f,senate-efd-ocr,explicit,0
B001236,JOHN BOOZMAN,senate,Republican,AR,"Commission on Security and Cooperation in Europe; SSAF13; SSAF14; SSAF15; SSAF16; SSAF17; SSAP02; SSAP18; SSAP19; SSAP20; SSAP23; SSAP24; SSEV08; SSEV10; SSEV15; Senate Committee on Agriculture, Nutrition, and Forestry; Senate Committee on Appropriations; Senate Committee on Environment and Public Works; Senate Committee on Rules and Administration; Senate Committee on Veterans' Affairs",False,2019-06-04,2019-07-11,,iShares Barclays 1-3 Yr,,Sale,"$1,001 - $15,000",8000.5,False,Self,1146e634-4ae6-4bfd-b507-9aaae89fa796,https://efdsearch.senate.gov/search/view/paper/1146e634-4ae6-4bfd-b507-9aaae89fa796/,4ceb8eb687c076f677f1b2f926061ae9c64df1aa33858b1f6a760b650ab22a2f,senate-efd-ocr,explicit,0
B001236,JOHN BOOZMAN,senate,Republican,AR,"Commission on Security and Cooperation in Europe; SSAF13; SSAF14; SSAF15; SSAF16; SSAF17; SSAP02; SSAP18; SSAP19; SSAP20; SSAP23; SSAP24; SSEV08; SSEV10; SSEV15; Senate Committee on Agriculture, Nutrition, and Forestry; Senate Committee on Appropriations; Senate Committee on Environment and Public Works; Senate Committee on Rules and Administration; Senate Committee on Veterans' Affairs",False,2019-06-04,2019-07-11,,iShares Tr Index Barclys 7-10 Yr,,Sale,"$1,001 - $15,000",8000.5,False,Self,1146e634-4ae6-4bfd-b507-9aaae89fa796,https://efdsearch.senate.gov/search/view/paper/1146e634-4ae6-4bfd-b507-9aaae89fa796/,4f0b79275bc42a3869502ea4d44396b24cf2e1efd2de35ec393b7ac3452ee255,senate-efd-ocr,explicit,0
B001236,JOHN BOOZMAN,senate,Republican,AR,"Commission on Security and Cooperation in Europe; SSAF13; SSAF14; SSAF15; SSAF16; SSAF17; SSAP02; SSAP18; SSAP19; SSAP20; SSAP23; SSAP24; SSEV08; SSEV10; SSEV15; Senate Committee on Agriculture, Nutrition, and Forestry; Senate Committee on Appropriations; Senate Committee on Environment and Public Works; Senate Committee on Rules and Administration; Senate Committee on Veterans' Affairs",False,2019-06-04,2019-07-11,,Goldman Sachs Treas Acct ETF,,Purchase,"$1,001 - $15,000",8000.5,False,Self,1146e634-4ae6-4bfd-b507-9aaae89fa796,https://efdsearch.senate.gov/search/view/paper/1146e634-4ae6-4bfd-b507-9aaae89fa796/,eeed564dcd9efcd42f08372f3cb84046a0ba577b91435c412b6c53762485f1cc,senate-efd-ocr,explicit,0
B001236,JOHN BOOZMAN,senate,Republican,AR,"Commission on Security and Cooperation in Europe; SSAF13; SSAF14; SSAF15; SSAF16; SSAF17; SSAP02; SSAP18; SSAP19; SSAP20; SSAP23; SSAP24; SSEV08; SSEV10; SSEV15; Senate Committee on Agriculture, Nutrition, and Forestry; Senate Committee on Appropriations; Senate Committee on Environment and Public Works; Senate Committee on Rules and Administration; Senate Committee on Veterans' Affairs",False,2019-06-04,2019-07-11,,Invesco Fundamental High Yield Corp Bond ETF,Corporate Bond,Purchase,"$1,001 - $15,000",8000.5,False,Self,1146e634-4ae6-4bfd-b507-9aaae89fa796,https://efdsearch.senate.gov/search/view/paper/1146e634-4ae6-4bfd-b507-9aaae89fa796/,2f1ee6908d2b2790ea7db9fd78c950bde69fd268ba3152f51ce72d304ba5100d,senate-efd-ocr,explicit,0
B001236,JOHN BOOZMAN,senate,Republican,AR,"Commission on Security and Cooperation in Europe; SSAF13; SSAF14; SSAF15; SSAF16; SSAF17; SSAP02; SSAP18; SSAP19; SSAP20; SSAP23; SSAP24; SSEV08; SSEV10; SSEV15; Senate Committee on Agriculture, Nutrition, and Forestry; Senate Committee on Appropriations; Senate Committee on Environment and Public Works; Senate Committee on Rules and Administration; Senate Committee on Veterans' Affairs",False,2019-06-04,2019-07-11,,iShares Barclays Mbs Bond FD,Corporate Bond,Purchase,"$1,001 - $15,000",8000.5,False,Self,1146e634-4ae6-4bfd-b507-9aaae89fa796,https://efdsearch.senate.gov/search/view/paper/1146e634-4ae6-4bfd-b507-9aaae89fa796/,96c3f67e364b46f86ba951a237b8537c0a58699e358652c7e14fd66fff48197b,senate-efd-ocr,explicit,0
B001135,RICHARD M BURR,senate,Republican,NC,,False,2019-02-27,2019-07-10,,Bank of New York Mellon Corp.,Stock,Purchase,"$15,001 - $50,000",32500.5,False,Self,dcc03a94-7b6c-4a79-9b6d-f1ca8f4a7307,https://efdsearch.senate.gov/search/view/paper/dcc03a94-7b6c-4a79-9b6d-f1ca8f4a7307/,28a5fcd94f7a343a15b9b7de3265e47b5defdf33b9f15735b1e514ec15030af5,senate-efd-ocr,explicit,0
B001135,RICHARD M BURR,senate,Republican,NC,,False,2019-06-21,2019-07-10,,Bank of New York Mellon Corp.,Stock,Purchase,"$1,001 - $15,000",8000.5,False,Spouse,dcc03a94-7b6c-4a79-9b6d-f1ca8f4a7307,https://efdsearch.senate.gov/search/view/paper/dcc03a94-7b6c-4a79-9b6d-f1ca8f4a7307/,5a8e7bb24cef7acf6305d3558e446d7d3e1122b99915be4d63353a346f6f260d,senate-efd-ocr,explicit,0
B001135,RICHARD M BURR,senate,Republican,NC,,False,2019-06-21,2019-07-10,,Bank of New York Mellon Corp.,Stock,Sale,"$15,001 - $50,000",32500.5,False,Spouse,dcc03a94-7b6c-4a79-9b6d-f1ca8f4a7307,https://efdsearch.senate.gov/search/view/paper/dcc03a94-7b6c-4a79-9b6d-f1ca8f4a7307/,715ee2f69f56da5ef73506e0f50b763d07e6fe2000649c4ed999d5f11e52ceb2,senate-efd-ocr,explicit,0
B001277,RICHARD BLUMENTHAL,senate,Democrat,CT,SSAS13; SSAS14; SSAS17; SSGA01; SSGA20; SSJU01; SSJU22; SSJU25; SSJU28; Senate Committee on Armed Services; Senate Committee on Homeland Security and Governmental Affairs; Senate Committee on Veterans' Affairs; Senate Committee on the Judiciary; United States Senate Caucus on International Narcotics Control,True,2017-11-08,2019-06-25,MLNT,Melinta Therapeutics (MLNT) shares received in exchange for Cempra Inc. (CEMP) shares as a result of merger,Stock,Exchange,"$15,001 - $50,000",32500.5,False,Self,9bd241d9-dfd9-4c0d-ba26-293762f60c7c,https://efdsearch.senate.gov/search/view/paper/9bd241d9-dfd9-4c0d-ba26-293762f60c7c/,eb2cad2b3806f1bff881bbd37e3bef6493ae1356fa3d65a1e32219346beba693,senate-efd-ocr,explicit,0
B001135,RICHARD M BURR,senate,Republican,NC,,False,2019-02-27,2019-06-25,,USB-PRH,,Purchase,"$15,001 - $50,000",32500.5,False,Joint,956fba46-eace-4066-90dd-175fcb34e271,https://efdsearch.senate.gov/search/view/paper/956fba46-eace-4066-90dd-175fcb34e271/,dc0a9536126df4f5a57afc84cd7eed5a24f879bc0eff81007d67ecb9484f0bd3,senate-efd-ocr,explicit,0
B001135,RICHARD M BURR,senate,Republican,NC,,False,2019-02-01,2019-06-25,,USB-PRH,,Sale,"$15,001 - $50,000",32500.5,False,Joint,956fba46-eace-4066-90dd-175fcb34e271,https://efdsearch.senate.gov/search/view/paper/956fba46-eace-4066-90dd-175fcb34e271/,a1ade18a4e365b2f64635a5c52182101d16c1cba4447a64a61d1bfcb5c55223c,senate-efd-ocr,explicit,0
B001135,RICHARD M BURR,senate,Republican,NC,,False,2019-06-17,2019-06-25,,3M Company (stock) NYSE,Stock,Purchase,"$100,001 - $250,000",175000.5,False,Self,956fba46-eace-4066-90dd-175fcb34e271,https://efdsearch.senate.gov/search/view/paper/956fba46-eace-4066-90dd-175fcb34e271/,47f04ba995c49307477d81efb2f790963130b239f6d2547e9d101354f65d615d,senate-efd-ocr,explicit,0
B001135,RICHARD M BURR,senate,Republican,NC,,False,2019-06-12,2019-06-25,,3M Company (stock) NYSE,Stock,Sale,"$1,001 - $15,000",8000.5,False,Self,956fba46-eace-4066-90dd-175fcb34e271,https://efdsearch.senate.gov/search/view/paper/956fba46-eace-4066-90dd-175fcb34e271/,5fc29e9c4a5a3eeb428495f4e981b770dd880b79803cfd3c1c753d3f3d0c69a0,senate-efd-ocr,explicit,0
B001135,RICHARD M BURR,senate,Republican,NC,,False,2019-06-12,2019-06-25,,3M Company (stock) NYSE,Stock,Purchase,"$15,001 - $50,000",32500.5,False,Self,956fba46-eace-4066-90dd-175fcb34e271,https://efdsearch.senate.gov/search/view/paper/956fba46-eace-4066-90dd-175fcb34e271/,10a64800ae31a647766630b076698b230ff105b8527a40bafd90767de47c9f08,senate-efd-ocr,explicit,0
B001135,RICHARD M BURR,senate,Republican,NC,,False,2019-06-12,2019-06-25,,Avanos Medical Inc. (stock) NYSE,Stock,Sale,"$15,001 - $50,000",32500.5,False,Spouse,956fba46-eace-4066-90dd-175fcb34e271,https://efdsearch.senate.gov/search/view/paper/956fba46-eace-4066-90dd-175fcb34e271/,8a7d61dd5edcdab99f84e1e647800c425d0aaf1cd8419b3359fb8b1942091594,senate-efd-ocr,explicit,0
B001135,RICHARD M BURR,senate,Republican,NC,,False,2019-06-12,2019-06-25,,Avanos Medical Inc. (stock) NYSE,Stock,Purchase,"$1,001 - $15,000",8000.5,False,Spouse,956fba46-eace-4066-90dd-175fcb34e271,https://efdsearch.senate.gov/search/view/paper/956fba46-eace-4066-90dd-175fcb34e271/,966c4583b4f331b83a2af99a6bf5c1375cc5517d27a259650291b192de55c7b8,senate-efd-ocr,explicit,0
B001135,RICHARD M BURR,senate,Republican,NC,,False,2019-06-10,2019-06-20,,Park Hotels and Resorts Inc. (stock) NYSE,Stock,Purchase,"$500,001 - $1,000,000",750000.5,False,Self,2e18b058-5d98-4ccc-bc0f-6c29c21defd6,https://efdsearch.senate.gov/search/view/paper/2e18b058-5d98-4ccc-bc0f-6c29c21defd6/,53d533fce5a6612af45cc31077f5750965eeb3078cb24ed62dc508f50e6ea27e,senate-efd-ocr,explicit,0
B001135,RICHARD M BURR,senate,Republican,NC,,False,2019-06-10,2019-06-20,,Park Hotels and Resorts Inc. (stock) NYSE,Stock,Sale,"$500,001 - $1,000,000",750000.5,False,Self,2e18b058-5d98-4ccc-bc0f-6c29c21defd6,https://efdsearch.senate.gov/search/view/paper/2e18b058-5d98-4ccc-bc0f-6c29c21defd6/,edf88f22d5e385520f9b3650819077c3e2688907294b3c28aec1fe3543333b6e,senate-efd-ocr,explicit,0
B001135,RICHARD M BURR,senate,Republican,NC,,False,2019-06-10,2019-06-20,,Park Hotels and Resorts Inc.,Stock,Purchase,"$100,001 - $250,000",175000.5,False,Self,2e18b058-5d98-4ccc-bc0f-6c29c21defd6,https://efdsearch.senate.gov/search/view/paper/2e18b058-5d98-4ccc-bc0f-6c29c21defd6/,88fe0b61f17fe46c14939b0639087846f885c1d1a852586f154c8a0c5987639e,senate-efd-ocr,explicit,0
B001135,RICHARD M BURR,senate,Republican,NC,,False,2019-06-10,2019-06-20,,BVI-FR - Bureau Veritas SA (stock),Stock,Sale,"$1,001 - $15,000",8000.5,False,Self,2e18b058-5d98-4ccc-bc0f-6c29c21defd6,https://efdsearch.senate.gov/search/view/paper/2e18b058-5d98-4ccc-bc0f-6c29c21defd6/,8677991277fa4eee5364736842d595b2fe96f2fdf2f6d0507de0d1a41de3046c,senate-efd-ocr,explicit,0
B001135,RICHARD M BURR,senate,Republican,NC,,False,2019-06-10,2019-06-20,,Aon PLC (stock) NYSE,Stock,Sale,"$1,001 - $15,000",8000.5,False,Self,2e18b058-5d98-4ccc-bc0f-6c29c21defd6,https://efdsearch.senate.gov/search/view/paper/2e18b058-5d98-4ccc-bc0f-6c29c21defd6/,050462df701b28cacfe70e0d5660f9c14c4b87d414883b1e22252e5083e46f36,senate-efd-ocr,explicit,0
B001135,RICHARD M BURR,senate,Republican,NC,,False,2019-06-10,2019-06-20,,Enterprise Products Partnership LP (stock) NYSE,Other,Purchase,"$1,001 - $15,000",8000.5,False,Self,2e18b058-5d98-4ccc-bc0f-6c29c21defd6,https://efdsearch.senate.gov/search/view/paper/2e18b058-5d98-4ccc-bc0f-6c29c21defd6/,3653d73483acaac5562b72e3f34d3dc2193a615b817592274b1f2848a510f658,senate-efd-ocr,explicit,0
B001135,RICHARD M BURR,senate,Republican,NC,,False,2019-06-10,2019-06-20,,Enterprise Products Partnership LP (stock) NYSE,Other,Purchase,"$50,001 - $100,000",75000.5,False,Self,2e18b058-5d98-4ccc-bc0f-6c29c21defd6,https://efdsearch.senate.gov/search/view/paper/2e18b058-5d98-4ccc-bc0f-6c29c21defd6/,9e0b6136b124ac68e21188d789a98892305e37ff97e43f51026c17fc82a80e3b,senate-efd-ocr,explicit,0
B001135,RICHARD M BURR,senate,Republican,NC,,False,2019-06-10,2019-06-20,,Centurylink Inc. (stock) NYSE,Stock,Purchase,"$15,001 - $50,000",32500.5,False,Spouse,2e18b058-5d98-4ccc-bc0f-6c29c21defd6,https://efdsearch.senate.gov/search/view/paper/2e18b058-5d98-4ccc-bc0f-6c29c21defd6/,c167892596a0a1b6bcaa5d4dc9594893648ac844a2e296aa305f084b4a215ca3,senate-efd-ocr,explicit,0
B001135,RICHARD M BURR,senate,Republican,NC,,False,2019-06-10,2019-06-20,,Centurylink Inc. (stock) NYSE,Stock,Purchase,"$1,001 - $15,000",8000.5,False,Spouse,2e18b058-5d98-4ccc-bc0f-6c29c21defd6,https://efdsearch.senate.gov/search/view/paper/2e18b058-5d98-4ccc-bc0f-6c29c21defd6/,77e9e56bae72781a78ef728a8631dbb7640132d3e283bb4f27f683bfcb9eb391,senate-efd-ocr,explicit,0
B001236,JOHN BOOZMAN,senate,Republican,AR,"Commission on Security and Cooperation in Europe; SSAF13; SSAF14; SSAF15; SSAF16; SSAF17; SSAP02; SSAP18; SSAP19; SSAP20; SSAP23; SSAP24; SSEV08; SSEV10; SSEV15; Senate Committee on Agriculture, Nutrition, and Forestry; Senate Committee on Appropriations; Senate Committee on Environment and Public Works; Senate Committee on Rules and Administration; Senate Committee on Veterans' Affairs",False,2019-05-24,2019-06-18,,State Street Corp Com,Stock,Sale,"$1,001 - $15,000",8000.5,False,Self,c075c149-8a56-4afd-9c75-0ad24eb084a0,https://efdsearch.senate.gov/search/view/paper/c075c149-8a56-4afd-9c75-0ad24eb084a0/,b9d38d8b2673b554b8dbaed4006bc9cb0bd2ee86b0b076a68d790487964df2e7,senate-efd-ocr,explicit,0
B001236,JOHN BOOZMAN,senate,Republican,AR,"Commission on Security and Cooperation in Europe; SSAF13; SSAF14; SSAF15; SSAF16; SSAF17; SSAP02; SSAP18; SSAP19; SSAP20; SSAP23; SSAP24; SSEV08; SSEV10; SSEV15; Senate Committee on Agriculture, Nutrition, and Forestry; Senate Committee on Appropriations; Senate Committee on Environment and Public Works; Senate Committee on Rules and Administration; Senate Committee on Veterans' Affairs",False,2019-05-24,2019-06-18,,Kimberly Clark Corp,Stock,Purchase,"$1,001 - $15,000",8000.5,False,Self,c075c149-8a56-4afd-9c75-0ad24eb084a0,https://efdsearch.senate.gov/search/view/paper/c075c149-8a56-4afd-9c75-0ad24eb084a0/,abc2faad93dbe3ffb47552dd19e125e5ba83b915bcfa14468ebdd6896b82c82b,senate-efd-ocr,explicit,0
F000062,DIANNE FEINSTEIN,senate,Democrat,CA,,False,2019-05-13,2019-06-18,,Allogene Therapeutics,,Purchase,"$500,001 - $1,000,000",750000.5,False,Spouse,047cd045-9b5d-402a-aebe-5bef2fba6678,https://efdsearch.senate.gov/search/view/paper/047cd045-9b5d-402a-aebe-5bef2fba6678/,7e5a8eb8fc8a22af20e657d65b168ce2e6f5c201e93ab219316cfce9ce8a3573,senate-efd-ocr,explicit,0
F000062,DIANNE FEINSTEIN,senate,Democrat,CA,,False,2019-02-01,2019-06-18,,US Foods Hldg Corp.,Stock,Purchase,"$100,001 - $250,000",175000.5,False,Spouse,047cd045-9b5d-402a-aebe-5bef2fba6678,https://efdsearch.senate.gov/search/view/paper/047cd045-9b5d-402a-aebe-5bef2fba6678/,9fc0e11e03653cd67fc0c6e4d8a6c0a52eba42c3dbe589113e26e941af0d0768,senate-efd-ocr,explicit,0
F000062,DIANNE FEINSTEIN,senate,Democrat,CA,,False,2019-02-01,2019-06-18,,US Foods Hldg Corp.,Stock,Sale,"$15,001 - $50,000",32500.5,False,Spouse,047cd045-9b5d-402a-aebe-5bef2fba6678,https://efdsearch.senate.gov/search/view/paper/047cd045-9b5d-402a-aebe-5bef2fba6678/,264a1742bd3370629153731ab75b3f7e913bef3349af228239bcbf19b1fea0e1,senate-efd-ocr,explicit,0
F000062,DIANNE FEINSTEIN,senate,Democrat,CA,,False,2019-05-08,2019-06-18,,US Foods Hldg Corp.,Stock,Sale,"$15,001 - $50,000",32500.5,False,Spouse,047cd045-9b5d-402a-aebe-5bef2fba6678,https://efdsearch.senate.gov/search/view/paper/047cd045-9b5d-402a-aebe-5bef2fba6678/,3ec25faeb0e2e1a04278d7ac5b569fc6d54c88592aa33c7038cfa43507222d67,senate-efd-ocr,explicit,0
F000062,DIANNE FEINSTEIN,senate,Democrat,CA,,False,2019-05-09,2019-06-18,,Servicemaster Global Hldgs Inc.,Stock,Purchase,"$15,001 - $50,000",32500.5,False,Spouse,047cd045-9b5d-402a-aebe-5bef2fba6678,https://efdsearch.senate.gov/search/view/paper/047cd045-9b5d-402a-aebe-5bef2fba6678/,5d343a7378df99ea58f3804db8540e7d8db27ae3e108f1fcd30e6e1a90c0c456,senate-efd-ocr,explicit,0
F000062,DIANNE FEINSTEIN,senate,Democrat,CA,,False,2019-05-09,2019-06-18,,US Foods Hldg Corp.,Stock,Sale,"$15,001 - $50,000",32500.5,False,Spouse,047cd045-9b5d-402a-aebe-5bef2fba6678,https://efdsearch.senate.gov/search/view/paper/047cd045-9b5d-402a-aebe-5bef2fba6678/,fdb923b0ec94721ec0b133b98e572ca7f9daa182fd0120a4531f96906f944de8,senate-efd-ocr,explicit,0
F000062,DIANNE FEINSTEIN,senate,Democrat,CA,,False,2019-05-09,2019-06-18,,US Foods Hldg Corp.,Stock,Sale,"$15,001 - $50,000",32500.5,False,Spouse,047cd045-9b5d-402a-aebe-5bef2fba6678,https://efdsearch.senate.gov/search/view/paper/047cd045-9b5d-402a-aebe-5bef2fba6678/,fdb923b0ec94721ec0b133b98e572ca7f9daa182fd0120a4531f96906f944de8,senate-efd-ocr,explicit,1
F000062,DIANNE FEINSTEIN,senate,Democrat,CA,,False,2019-05-15,2019-06-18,,Nvidia Corp.,Stock,Sale,"$50,001 - $100,000",75000.5,False,Spouse,047cd045-9b5d-402a-aebe-5bef2fba6678,https://efdsearch.senate.gov/search/view/paper/047cd045-9b5d-402a-aebe-5bef2fba6678/,010732a9123bbaaf0131160f58e406287f656202579970b9927439b1588f6ca0,senate-efd-ocr,explicit,0
F000062,DIANNE FEINSTEIN,senate,Democrat,CA,,False,2019-05-20,2019-06-18,,FireEye Inc.,Stock,Sale,"$250,001 - $500,000",375000.5,False,Spouse,047cd045-9b5d-402a-aebe-5bef2fba6678,https://efdsearch.senate.gov/search/view/paper/047cd045-9b5d-402a-aebe-5bef2fba6678/,190989d0c7ec365db8ceca5cc817d5a7609bb671d0b6fb9ae6e44a20e326f673,senate-efd-ocr,explicit,0
F000062,DIANNE FEINSTEIN,senate,Democrat,CA,,False,2019-05-20,2019-06-18,,Nvidia Corp.,Stock,Sale,"$250,001 - $500,000",375000.5,False,Spouse,047cd045-9b5d-402a-aebe-5bef2fba6678,https://efdsearch.senate.gov/search/view/paper/047cd045-9b5d-402a-aebe-5bef2fba6678/,b515aaabb66cfd53a6df9297e5f79e3a9c6a631f12aa88a7d2352ab1bf8bf6b3,senate-efd-ocr,explicit,0
F000062,DIANNE FEINSTEIN,senate,Democrat,CA,,False,2018-11-20,2019-06-14,,CURIOSITYSTREAM (stock),Stock,Purchase,"$1,000,001 - $5,000,000",3000000.5,False,Spouse,3a8bb122-7d18-4449-880a-1ed8df6dcca7,https://efdsearch.senate.gov/search/view/paper/3a8bb122-7d18-4449-880a-1ed8df6dcca7/,2558a483831cf26db23b8717ee5a0a8cb679cf4ee8ba47b700be06b83c783027,senate-efd-ocr,explicit,0
F000062,DIANNE FEINSTEIN,senate,Democrat,CA,,False,2018-08-01,2019-06-14,,UNIVAR (stock),Stock,Purchase,"$15,001 - $50,000",32500.5,False,Spouse,3a8bb122-7d18-4449-880a-1ed8df6dcca7,https://efdsearch.senate.gov/search/view/paper/3a8bb122-7d18-4449-880a-1ed8df6dcca7/,749efacf1e23245323443cac284a2b09d7f6010cde72647f0168a51439345970,senate-efd-ocr,explicit,0
F000062,DIANNE FEINSTEIN,senate,Democrat,CA,,False,2018-08-01,2019-06-14,,UNIVAR (stock),Stock,Sale,"$15,001 - $50,000",32500.5,False,Spouse,3a8bb122-7d18-4449-880a-1ed8df6dcca7,https://efdsearch.senate.gov/search/view/paper/3a8bb122-7d18-4449-880a-1ed8df6dcca7/,2fc54360f40f69d102605344ead7de74b9817ff45f6f1d48eaba1939d965c04c,senate-efd-ocr,explicit,0
F000062,DIANNE FEINSTEIN,senate,Democrat,CA,,False,2019-04-13,2019-06-14,,INTEL (stock),Stock,Purchase,"$15,001 - $50,000",32500.5,False,Spouse,3a8bb122-7d18-4449-880a-1ed8df6dcca7,https://efdsearch.senate.gov/search/view/paper/3a8bb122-7d18-4449-880a-1ed8df6dcca7/,d149103ec55a267ff7a722261a43463a94de5d717e1db49ac51c5d11ef04563f,senate-efd-ocr,explicit,0
F000062,DIANNE FEINSTEIN,senate,Democrat,CA,,False,2019-04-13,2019-06-14,,INTEL (stock),Stock,Sale,"$15,001 - $50,000",32500.5,False,Spouse,3a8bb122-7d18-4449-880a-1ed8df6dcca7,https://efdsearch.senate.gov/search/view/paper/3a8bb122-7d18-4449-880a-1ed8df6dcca7/,e47988372fa9e244df38ccdf7b45a0c0333786193045c50f6bceffc898c0adb7,senate-efd-ocr,explicit,0
F000062,DIANNE FEINSTEIN,senate,Democrat,CA,,False,2019-04-06,2019-06-14,,JP MORGAN CHASE (stock),Stock,Purchase,"$15,001 - $50,000",32500.5,False,Spouse,3a8bb122-7d18-4449-880a-1ed8df6dcca7,https://efdsearch.senate.gov/search/view/paper/3a8bb122-7d18-4449-880a-1ed8df6dcca7/,cabb8cc4709433ecc78afc4750a5ccdf3f2d5ab4f16d0d79720e6e2de32850c3,senate-efd-ocr,explicit,0
F000062,DIANNE FEINSTEIN,senate,Democrat,CA,,False,2019-04-06,2019-06-14,,JP MORGAN CHASE (stock),Stock,Sale,"$15,001 - $50,000",32500.5,False,Spouse,3a8bb122-7d18-4449-880a-1ed8df6dcca7,https://efdsearch.senate.gov/search/view/paper/3a8bb122-7d18-4449-880a-1ed8df6dcca7/,a1d93d8b4dffa5b76ae0d83b45d6c5386cb4a80832e1bedcf7657152d2d6c070,senate-efd-ocr,explicit,0
F000062,DIANNE FEINSTEIN,senate,Democrat,CA,,False,2019-04-06,2019-06-14,,VISA (stock),Stock,Purchase,"$15,001 - $50,000",32500.5,False,Spouse,3a8bb122-7d18-4449-880a-1ed8df6dcca7,https://efdsearch.senate.gov/search/view/paper/3a8bb122-7d18-4449-880a-1ed8df6dcca7/,32ac3eae499963eaeb60b1bb7857d16d8e04a617fe8b2e1941279bae68910d41,senate-efd-ocr,explicit,0
F000062,DIANNE FEINSTEIN,senate,Democrat,CA,,False,2019-06-11,2019-06-14,,BAYER AG-SPONSORED ADR,Stock,Sale,"$100,001 - $250,000",175000.5,False,Spouse,33f4d3b8-e8b0-40e0-850e-8e17368e1e47,https://efdsearch.senate.gov/search/view/paper/33f4d3b8-e8b0-40e0-850e-8e17368e1e47/,ac6cb389d173f090dec96979770a7a575322461873489aaec452a58b3b0714d2,senate-efd-ocr,explicit,0
F000062,DIANNE FEINSTEIN,senate,Democrat,CA,,False,2019-06-11,2019-06-14,,DIGITAL REALTY TRUST INC,Other,Purchase,"$100,001 - $250,000",175000.5,False,Spouse,33f4d3b8-e8b0-40e0-850e-8e17368e1e47,https://efdsearch.senate.gov/search/view/paper/33f4d3b8-e8b0-40e0-850e-8e17368e1e47/,2ababd12b42ba7658d6c4d4f0fdf45c1d0e6bd539adc097ef1b1cf40ca0c15c7,senate-efd-ocr,explicit,0
F000062,DIANNE FEINSTEIN,senate,Democrat,CA,,False,2019-06-11,2019-06-14,,DOW DUPONT INC,Stock,Purchase,"$50,001 - $100,000",75000.5,False,Spouse,33f4d3b8-e8b0-40e0-850e-8e17368e1e47,https://efdsearch.senate.gov/search/view/paper/33f4d3b8-e8b0-40e0-850e-8e17368e1e47/,ed49a4990c1c6a44aa31b27f011ceae6be162248ae7e3aed48cefea827c84390,senate-efd-ocr,explicit,0
F000062,DIANNE FEINSTEIN,senate,Democrat,CA,,False,2019-06-11,2019-06-14,,UNIVAR INC,Stock,Purchase,"$50,001 - $100,000",75000.5,False,Spouse,33f4d3b8-e8b0-40e0-850e-8e17368e1e47,https://efdsearch.senate.gov/search/view/paper/33f4d3b8-e8b0-40e0-850e-8e17368e1e47/,bcc8d2fb4a1a226ba8c7171e916da2d09a3f8ae392f3026abe28297ab91f9c80,senate-efd-ocr,explicit,0
F000062,DIANNE FEINSTEIN,senate,Democrat,CA,,False,2019-06-19,2019-06-14,,AGILENT TECHNOLOGIES INC,Stock,Purchase,"$50,001 - $100,000",75000.5,False,Spouse,33f4d3b8-e8b0-40e0-850e-8e17368e1e47,https://efdsearch.senate.gov/search/view/paper/33f4d3b8-e8b0-40e0-850e-8e17368e1e47/,407999c8bb577d58eb3adbbeaec151258958b2ef87b1c98dd239680c946cf76f,senate-efd-ocr,explicit,0
F000062,DIANNE FEINSTEIN,senate,Democrat,CA,,False,2019-06-19,2019-06-14,,TELEFLEX INC,Stock,Sale,"$50,001 - $100,000",75000.5,False,Spouse,33f4d3b8-e8b0-40e0-850e-8e17368e1e47,https://efdsearch.senate.gov/search/view/paper/33f4d3b8-e8b0-40e0-850e-8e17368e1e47/,a5ae9d5661d04be8f5af08b1e7cf7b5ae4144d0d3b9d458860dfdb2101071bf8,senate-efd-ocr,explicit,0
F000062,DIANNE FEINSTEIN,senate,Democrat,CA,,False,2019-06-20,2019-06-14,,STARBUCKS CORP,Stock,Sale,"$500,001 - $1,000,000",750000.5,False,Spouse,33f4d3b8-e8b0-40e0-850e-8e17368e1e47,https://efdsearch.senate.gov/search/view/paper/33f4d3b8-e8b0-40e0-850e-8e17368e1e47/,8cbd1429c95084f9740ab6bd9887d186182ef39fc5cb9bccd30e33fffe990c6f,senate-efd-ocr,explicit,0
F000062,DIANNE FEINSTEIN,senate,Democrat,CA,,False,2019-06-07,2019-06-14,,DIGITAL REALTY TRUST INC,Other,Purchase,"$500,001 - $1,000,000",750000.5,False,Spouse,33f4d3b8-e8b0-40e0-850e-8e17368e1e47,https://efdsearch.senate.gov/search/view/paper/33f4d3b8-e8b0-40e0-850e-8e17368e1e47/,3f5b5abef8d86d2cc29fef060b3de6c9a7cda18d66d393d70db0f3756398ce59,senate-efd-ocr,explicit,0
F000062,DIANNE FEINSTEIN,senate,Democrat,CA,,False,2019-06-08,2019-06-14,,DIGITAL REALTY TRUST INC,Other,Purchase,"$15,001 - $50,000",32500.5,False,Spouse,33f4d3b8-e8b0-40e0-850e-8e17368e1e47,https://efdsearch.senate.gov/search/view/paper/33f4d3b8-e8b0-40e0-850e-8e17368e1e47/,9f4290a98dd3b02567191db1c499eacd9211a5962ef85ae3ce59cd5488400afd,senate-efd-ocr,explicit,0
F000062,DIANNE FEINSTEIN,senate,Democrat,CA,,False,2019-06-08,2019-06-14,,DIGITAL REALTY TRUST INC,Other,Purchase,"$50,001 - $100,000",75000.5,False,Spouse,33f4d3b8-e8b0-40e0-850e-8e17368e1e47,https://efdsearch.senate.gov/search/view/paper/33f4d3b8-e8b0-40e0-850e-8e17368e1e47/,9c65d4766fdf5516dba234b99101ec858e2d2d9cc004b4573bc5533a8e3c0901,senate-efd-ocr,explicit,0
F000062,DIANNE FEINSTEIN,senate,Democrat,CA,,False,2019-06-19,2019-06-14,,AGILENT TECHNOLOGIES INC,Stock,Purchase,"$50,001 - $100,000",75000.5,False,Spouse,33f4d3b8-e8b0-40e0-850e-8e17368e1e47,https://efdsearch.senate.gov/search/view/paper/33f4d3b8-e8b0-40e0-850e-8e17368e1e47/,407999c8bb577d58eb3adbbeaec151258958b2ef87b1c98dd239680c946cf76f,senate-efd-ocr,explicit,1
F000062,DIANNE FEINSTEIN,senate,Democrat,CA,,False,2019-06-01,2019-06-14,,CHUBB LTD,,Purchase,"$50,001 - $100,000",75000.5,False,Spouse,33f4d3b8-e8b0-40e0-850e-8e17368e1e47,https://efdsearch.senate.gov/search/view/paper/33f4d3b8-e8b0-40e0-850e-8e17368e1e47/,4410913c96cd1ce2c9b72b47efcaf511ee5b5da333f49980f0a89450a880d87b,senate-efd-ocr,explicit,0
F000062,DIANNE FEINSTEIN,senate,Democrat,CA,,False,2019-06-04,2019-06-14,,CHUBB LTD,,Sale,"$15,001 - $50,000",32500.5,False,Spouse,33f4d3b8-e8b0-40e0-850e-8e17368e1e47,https://efdsearch.senate.gov/search/view/paper/33f4d3b8-e8b0-40e0-850e-8e17368e1e47/,c10b80f80ac802fd9d8e47d72fbf897e0a8be9947d843fb9845e612a16aa593f,senate-efd-ocr,explicit,0
F000062,DIANNE FEINSTEIN,senate,Democrat,CA,,False,2019-06-19,2019-06-14,,TELEFLEX INC,Stock,Sale,"$1,001 - $15,000",8000.5,False,Spouse,33f4d3b8-e8b0-40e0-850e-8e17368e1e47,https://efdsearch.senate.gov/search/view/paper/33f4d3b8-e8b0-40e0-850e-8e17368e1e47/,37005a8c91380824c498610dbcc18525d96eacae6acd5c1b6a2b2021b00ba2ff,senate-efd-ocr,explicit,0
F000062,DIANNE FEINSTEIN,senate,Democrat,CA,,False,2019-06-20,2019-06-14,,STARBUCKS CORP,Stock,Sale,"$50,001 - $100,000",75000.5,False,Spouse,33f4d3b8-e8b0-40e0-850e-8e17368e1e47,https://efdsearch.senate.gov/search/view/paper/33f4d3b8-e8b0-40e0-850e-8e17368e1e47/,ac787254d75cfddf9192f0f1b2f7b615eb6ce7fb3ca71bfa5f6940571184adcf,senate-efd-ocr,explicit,0
F000062,DIANNE FEINSTEIN,senate,Democrat,CA,,False,2018-01-22,2019-06-14,,"Allergen PLC Mandatory Convertible Preferred Shares, Series A",Stock,Sale,"$50,001 - $100,000",75000.5,False,Spouse,33f4d3b8-e8b0-40e0-850e-8e17368e1e47,https://efdsearch.senate.gov/search/view/paper/33f4d3b8-e8b0-40e0-850e-8e17368e1e47/,46bbb38871f4ac77babddd392fb216343626901ee48291f977f83307983860c1,senate-efd-ocr,explicit,0
F000062,DIANNE FEINSTEIN,senate,Democrat,CA,,False,2019-03-21,2019-06-14,,"Cedar Fair, L.P.",Other,Purchase,"$15,001 - $50,000",32500.5,False,Spouse,33f4d3b8-e8b0-40e0-850e-8e17368e1e47,https://efdsearch.senate.gov/search/view/paper/33f4d3b8-e8b0-40e0-850e-8e17368e1e47/,aa503647d574605ddf55f15a9771e89fe5baab6384d87d477449de2acc42939b,senate-efd-ocr,explicit,0
F000062,DIANNE FEINSTEIN,senate,Democrat,CA,,False,2019-03-22,2019-06-14,,Starbucks Corporation,Stock,Purchase,"$100,001 - $250,000",175000.5,False,Spouse,33f4d3b8-e8b0-40e0-850e-8e17368e1e47,https://efdsearch.senate.gov/search/view/paper/33f4d3b8-e8b0-40e0-850e-8e17368e1e47/,a46ebfa7e961f44c439d34d787e459b60a3b0b228c7ad48b059e2431801d0cf3,senate-efd-ocr,explicit,0
F000062,DIANNE FEINSTEIN,senate,Democrat,CA,,False,2019-06-19,2019-06-14,,Agilent Technologies Inc.,Stock,Purchase,"$50,001 - $100,000",75000.5,False,Spouse,33f4d3b8-e8b0-40e0-850e-8e17368e1e47,https://efdsearch.senate.gov/search/view/paper/33f4d3b8-e8b0-40e0-850e-8e17368e1e47/,d8a09c6bd2093f2420c94787fdf06268a29d6c3b57cacf9ac0e6bb04df0f5237,senate-efd-ocr,explicit,0
F000062,DIANNE FEINSTEIN,senate,Democrat,CA,,False,2018-10-30,2019-06-14,,"Frontdoor, Inc.",Stock,Sale,"$15,001 - $50,000",32500.5,False,Spouse,33f4d3b8-e8b0-40e0-850e-8e17368e1e47,https://efdsearch.senate.gov/search/view/paper/33f4d3b8-e8b0-40e0-850e-8e17368e1e47/,96040af9637412fc7706f01454aeaa70400281827541f6df3c07e7a3fdfff46b,senate-efd-ocr,explicit,0
F000062,DIANNE FEINSTEIN,senate,Democrat,CA,,False,2019-04-06,2019-06-14,,Visa Inc.,Stock,Purchase,"$50,001 - $100,000",75000.5,False,Spouse,33f4d3b8-e8b0-40e0-850e-8e17368e1e47,https://efdsearch.senate.gov/search/view/paper/33f4d3b8-e8b0-40e0-850e-8e17368e1e47/,24e8fa91407827def8fb0f49eb24913711c23279ce66a219dcbb1f8342c3f5ae,senate-efd-ocr,explicit,0
F000062,DIANNE FEINSTEIN,senate,Democrat,CA,,False,2019-04-06,2019-06-14,,JPMorgan Chase & Co.,Stock,Sale,"$15,001 - $50,000",32500.5,False,Spouse,33f4d3b8-e8b0-40e0-850e-8e17368e1e47,https://efdsearch.senate.gov/search/view/paper/33f4d3b8-e8b0-40e0-850e-8e17368e1e47/,4f1150057bfa86ccb252eaba81031d750b6cc127e087119867fa5b893a3d17a0,senate-efd-ocr,explicit,0
F000062,DIANNE FEINSTEIN,senate,Democrat,CA,,False,2019-04-13,2019-06-14,,Intel Corporation,Stock,Sale,"$15,001 - $50,000",32500.5,False,Spouse,33f4d3b8-e8b0-40e0-850e-8e17368e1e47,https://efdsearch.senate.gov/search/view/paper/33f4d3b8-e8b0-40e0-850e-8e17368e1e47/,b97ce3d4de15624e82cb5fb9ffbf26a16401acb6f246fd4e66d15169fa1c39f4,senate-efd-ocr,explicit,0
F000062,DIANNE FEINSTEIN,senate,Democrat,CA,,False,2018-08-01,2019-06-14,,Univar Inc.,Stock,Purchase,"$15,001 - $50,000",32500.5,False,Spouse,33f4d3b8-e8b0-40e0-850e-8e17368e1e47,https://efdsearch.senate.gov/search/view/paper/33f4d3b8-e8b0-40e0-850e-8e17368e1e47/,cab4a95c68046d6b9f85b07a07463bdc59d631f4c47f34b1b0413711839bc523,senate-efd-ocr,explicit,0
F000062,DIANNE FEINSTEIN,senate,Democrat,CA,,False,2018-11-20,2019-06-14,,CuriosityStream LLC,Other,Purchase,"$1,000,001 - $5,000,000",3000000.5,False,Spouse,33f4d3b8-e8b0-40e0-850e-8e17368e1e47,https://efdsearch.senate.gov/search/view/paper/33f4d3b8-e8b0-40e0-850e-8e17368e1e47/,9df6af5786ae018c0968b30d7ad77e4abfdbd1df82ba88cf6985115512879278,senate-efd-ocr,explicit,0
F000062,DIANNE FEINSTEIN,senate,Democrat,CA,,False,2018-10-31,2019-06-14,,FRONTDOOR INC.,Stock,Purchase,"$15,001 - $50,000",32500.5,False,Self,7766aa20-f944-43f8-8317-866a033c1d9d,https://efdsearch.senate.gov/search/view/paper/7766aa20-f944-43f8-8317-866a033c1d9d/,a4b3886ba5c9f83e43770355a7ce120372981c2b2bae645aa6b89d9d733fa42f,senate-efd-ocr,explicit,0
F000062,DIANNE FEINSTEIN,senate,Democrat,CA,,False,2018-10-31,2019-06-14,,FRONTDOOR INC.,Stock,Sale,"$15,001 - $50,000",32500.5,False,Self,7766aa20-f944-43f8-8317-866a033c1d9d,https://efdsearch.senate.gov/search/view/paper/7766aa20-f944-43f8-8317-866a033c1d9d/,2bb87b000af4d67b6d6dd4c50b288b67795ac2f8512b190891776397349c339a,senate-efd-ocr,explicit,0
F000062,DIANNE FEINSTEIN,senate,Democrat,CA,,False,2018-10-30,2019-06-14,,UNIVAR INC.,Stock,Sale,"$50,001 - $100,000",75000.5,False,Self,7766aa20-f944-43f8-8317-866a033c1d9d,https://efdsearch.senate.gov/search/view/paper/7766aa20-f944-43f8-8317-866a033c1d9d/,89b00411c00e51c6b00c5cda8c6d016214f668a9875553c6d38d081d9130ebc8,senate-efd-ocr,explicit,0
F000062,DIANNE FEINSTEIN,senate,Democrat,CA,,False,2018-10-29,2019-06-14,,UNIVAR INC.,Stock,Sale,"$50,001 - $100,000",75000.5,False,Self,7766aa20-f944-43f8-8317-866a033c1d9d,https://efdsearch.senate.gov/search/view/paper/7766aa20-f944-43f8-8317-866a033c1d9d/,d8f389cb4eae7e325a86878f6f00ed592c6f49989d8584d6709ef54f153b6c28,senate-efd-ocr,explicit,0
F000062,DIANNE FEINSTEIN,senate,Democrat,CA,,False,2018-10-29,2019-06-14,,UNIVAR INC.,Stock,Sale,"$50,001 - $100,000",75000.5,False,Self,7766aa20-f944-43f8-8317-866a033c1d9d,https://efdsearch.senate.gov/search/view/paper/7766aa20-f944-43f8-8317-866a033c1d9d/,d8f389cb4eae7e325a86878f6f00ed592c6f49989d8584d6709ef54f153b6c28,senate-efd-ocr,explicit,1
F000062,DIANNE FEINSTEIN,senate,Democrat,CA,,False,2018-10-26,2019-06-14,,UNIVAR INC.,Stock,Sale,"$100,001 - $250,000",175000.5,False,Self,7766aa20-f944-43f8-8317-866a033c1d9d,https://efdsearch.senate.gov/search/view/paper/7766aa20-f944-43f8-8317-866a033c1d9d/,a89700657e0859ec6481e2a27ace515c103016db2464f8b0697cdadb70e40621,senate-efd-ocr,explicit,0
F000062,DIANNE FEINSTEIN,senate,Democrat,CA,,False,2018-10-26,2019-06-14,,UNIVAR INC.,Stock,Sale,"$100,001 - $250,000",175000.5,False,Self,7766aa20-f944-43f8-8317-866a033c1d9d,https://efdsearch.senate.gov/search/view/paper/7766aa20-f944-43f8-8317-866a033c1d9d/,a89700657e0859ec6481e2a27ace515c103016db2464f8b0697cdadb70e40621,senate-efd-ocr,explicit,1
F000062,DIANNE FEINSTEIN,senate,Democrat,CA,,False,2018-10-26,2019-06-14,,DOWDUPONT INC.,Stock,Sale,"$50,001 - $100,000",75000.5,False,Self,7766aa20-f944-43f8-8317-866a033c1d9d,https://efdsearch.senate.gov/search/view/paper/7766aa20-f944-43f8-8317-866a033c1d9d/,1a7184b2417b3f5424a78326787b78cd493149e88b491823b92eec10e9b25c1b,senate-efd-ocr,explicit,0
F000062,DIANNE FEINSTEIN,senate,Democrat,CA,,False,2018-10-12,2019-06-14,,ANTERO MIDSTREAM GP,,Purchase,"$100,001 - $250,000",175000.5,False,Self,7766aa20-f944-43f8-8317-866a033c1d9d,https://efdsearch.senate.gov/search/view/paper/7766aa20-f944-43f8-8317-866a033c1d9d/,5066d875500afe3e034cbad9262d39f9a87eaff0de9d150c30069945c0171cf8,senate-efd-ocr,explicit,0
F000062,DIANNE FEINSTEIN,senate,Democrat,CA,,False,2018-10-12,2019-06-14,,ANTERO MIDSTREAM GP,,Sale,"$250,001 - $500,000",375000.5,False,Self,7766aa20-f944-43f8-8317-866a033c1d9d,https://efdsearch.senate.gov/search/view/paper/7766aa20-f944-43f8-8317-866a033c1d9d/,46b7c6bff99bd06bfc10849e0cf48c3e5c60ca01e5e59cdf81877aaf479f3667,senate-efd-ocr,explicit,0
F000062,DIANNE FEINSTEIN,senate,Democrat,CA,,False,2018-10-12,2019-06-14,,POST HOLDINGS INC.,Other,Sale,"$500,001 - $1,000,000",750000.5,False,Self,7766aa20-f944-43f8-8317-866a033c1d9d,https://efdsearch.senate.gov/search/view/paper/7766aa20-f944-43f8-8317-866a033c1d9d/,1b89d41b348d2be77aad051b6e5c8da40e2f1b4436468ef0b0c97e1fe3b6e0c9,senate-efd-ocr,explicit,0
F000062,DIANNE FEINSTEIN,senate,Democrat,CA,,False,2018-10-10,2019-06-14,,POST HOLDINGS INC.,Other,Sale,"$15,001 - $50,000",32500.5,False,Self,7766aa20-f944-43f8-8317-866a033c1d9d,https://efdsearch.senate.gov/search/view/paper/7766aa20-f944-43f8-8317-866a033c1d9d/,af31ccf5402633f2ed2cbae962e02b8a49be9b59eaea3952d93ed729074149cc,senate-efd-ocr,explicit,0
F000062,DIANNE FEINSTEIN,senate,Democrat,CA,,False,2018-10-10,2019-06-14,,POST HOLDINGS INC.,Other,Sale,"$50,001 - $100,000",75000.5,False,Self,7766aa20-f944-43f8-8317-866a033c1d9d,https://efdsearch.senate.gov/search/view/paper/7766aa20-f944-43f8-8317-866a033c1d9d/,6b32d28ae5b091ecb96949ce798eebc7e106580d639c0fa98f4bb70eebf964fb,senate-efd-ocr,explicit,0
F000062,DIANNE FEINSTEIN,senate,Democrat,CA,,False,2018-10-09,2019-06-14,,POST HOLDINGS INC.,Other,Sale,"$100,001 - $250,000",175000.5,False,Self,7766aa20-f944-43f8-8317-866a033c1d9d,https://efdsearch.senate.gov/search/view/paper/7766aa20-f944-43f8-8317-866a033c1d9d/,0b10f7b6c38ef3f61dfa2e436c0a0eb62dc5ae00cacc437769af74a6b0d1c8c0,senate-efd-ocr,explicit,0
F000062,DIANNE FEINSTEIN,senate,Democrat,CA,,False,2018-10-09,2019-06-14,,POST HOLDINGS INC.,Other,Sale,"$250,001 - $500,000",375000.5,False,Self,7766aa20-f944-43f8-8317-866a033c1d9d,https://efdsearch.senate.gov/search/view/paper/7766aa20-f944-43f8-8317-866a033c1d9d/,f4ab01656abdd6b9d0da886690cc0e4f160091967c1586e25cc598ec1be41544,senate-efd-ocr,explicit,0
F000062,DIANNE FEINSTEIN,senate,Democrat,CA,,False,2018-10-09,2019-06-14,,POST HOLDINGS INC.,Other,Sale,"$500,001 - $1,000,000",750000.5,False,Self,7766aa20-f944-43f8-8317-866a033c1d9d,https://efdsearch.senate.gov/search/view/paper/7766aa20-f944-43f8-8317-866a033c1d9d/,41f041fd0c9ce7d99241fefc718a64514e69fb929ce3fdded116b3d8b6d7b76b,senate-efd-ocr,explicit,0
F000062,DIANNE FEINSTEIN,senate,Democrat,CA,,False,2018-10-09,2019-06-14,,DOWDUPONT INC.,Stock,Purchase,"$15,001 - $50,000",32500.5,False,Self,7766aa20-f944-43f8-8317-866a033c1d9d,https://efdsearch.senate.gov/search/view/paper/7766aa20-f944-43f8-8317-866a033c1d9d/,a2683fa0785959c05a2af1874d4c0836855d0de57cf5964025ac6fe12e21cd51,senate-efd-ocr,explicit,0
F000062,DIANNE FEINSTEIN,senate,Democrat,CA,,False,2018-10-09,2019-06-14,,DOWDUPONT INC.,Stock,Purchase,"$15,001 - $50,000",32500.5,False,Self,7766aa20-f944-43f8-8317-866a033c1d9d,https://efdsearch.senate.gov/search/view/paper/7766aa20-f944-43f8-8317-866a033c1d9d/,a2683fa0785959c05a2af1874d4c0836855d0de57cf5964025ac6fe12e21cd51,senate-efd-ocr,explicit,1
F000062,DIANNE FEINSTEIN,senate,Democrat,CA,,False,2018-10-09,2019-06-14,,POST HOLDINGS INC.,Other,Purchase,"$15,001 - $50,000",32500.5,False,Self,7766aa20-f944-43f8-8317-866a033c1d9d,https://efdsearch.senate.gov/search/view/paper/7766aa20-f944-43f8-8317-866a033c1d9d/,9b6d782d63eabbf215ae53cf9d2604d629c573c57aa85819d274cc5d727f7f7e,senate-efd-ocr,explicit,0
F000062,DIANNE FEINSTEIN,senate,Democrat,CA,,False,2018-10-09,2019-06-14,,POST HOLDINGS INC.,Other,Purchase,"$15,001 - $50,000",32500.5,False,Self,7766aa20-f944-43f8-8317-866a033c1d9d,https://efdsearch.senate.gov/search/view/paper/7766aa20-f944-43f8-8317-866a033c1d9d/,9b6d782d63eabbf215ae53cf9d2604d629c573c57aa85819d274cc5d727f7f7e,senate-efd-ocr,explicit,1
F000062,DIANNE FEINSTEIN,senate,Democrat,CA,,False,2018-10-10,2019-06-14,,POST HOLDINGS INC.,Other,Purchase,"$15,001 - $50,000",32500.5,False,Self,7766aa20-f944-43f8-8317-866a033c1d9d,https://efdsearch.senate.gov/search/view/paper/7766aa20-f944-43f8-8317-866a033c1d9d/,1e15b6a8e5cf752d4a5b831762e2a40927acd9a2408c06951cea63397df774dc,senate-efd-ocr,explicit,0
F000062,DIANNE FEINSTEIN,senate,Democrat,CA,,False,2018-10-10,2019-06-14,,POST HOLDINGS INC.,Other,Purchase,"$15,001 - $50,000",32500.5,False,Self,7766aa20-f944-43f8-8317-866a033c1d9d,https://efdsearch.senate.gov/search/view/paper/7766aa20-f944-43f8-8317-866a033c1d9d/,1e15b6a8e5cf752d4a5b831762e2a40927acd9a2408c06951cea63397df774dc,senate-efd-ocr,explicit,1
F000062,DIANNE FEINSTEIN,senate,Democrat,CA,,False,2018-10-11,2019-06-14,,POST HOLDINGS INC.,Other,Sale,"$15,001 - $50,000",32500.5,False,Self,7766aa20-f944-43f8-8317-866a033c1d9d,https://efdsearch.senate.gov/search/view/paper/7766aa20-f944-43f8-8317-866a033c1d9d/,06d5fa681a15a5f74605010e1e5385564af204b815708e4463c883a672327f07,senate-efd-ocr,explicit,0
F000062,DIANNE FEINSTEIN,senate,Democrat,CA,,False,2018-10-12,2019-06-14,,ANTERO MIDSTREAM GP,,Purchase,"$15,001 - $50,000",32500.5,False,Self,7766aa20-f944-43f8-8317-866a033c1d9d,https://efdsearch.senate.gov/search/view/paper/7766aa20-f944-43f8-8317-866a033c1d9d/,64efd551492d8a450e77a10663124db0148c5b696537fb0e93d21a2e829d1627,senate-efd-ocr,explicit,0
F000062,DIANNE FEINSTEIN,senate,Democrat,CA,,False,2018-10-12,2019-06-14,,ANTERO MIDSTREAM GP,,Purchase,"$15,001 - $50,000",32500.5,False,Self,7766aa20-f944-43f8-8317-866a033c1d9d,https://efdsearch.senate.gov/search/view/paper/7766aa20-f944-43f8-8317-866a033c1d9d/,64efd551492d8a450e77a10663124db0148c5b696537fb0e93d21a2e829d1627,senate-efd-ocr,explicit,1
F000062,DIANNE FEINSTEIN,senate,Democrat,CA,,False,2018-10-18,2019-06-14,,MONOLITHIC POWER SYSTEM INC.,Stock,Purchase,"$15,001 - $50,000",32500.5,False,Self,7766aa20-f944-43f8-8317-866a033c1d9d,https://efdsearch.senate.gov/search/view/paper/7766aa20-f944-43f8-8317-866a033c1d9d/,e339e8354fe28681543c7fe2b643daec1464fdb6946b60166e5fad5acaac8ace,senate-efd-ocr,explicit,0
F000062,DIANNE FEINSTEIN,senate,Democrat,CA,,False,2018-10-18,2019-06-14,,MONOLITHIC POWER SYSTEM INC.,Stock,Purchase,"$15,001 - $50,000",32500.5,False,Self,7766aa20-f944-43f8-8317-866a033c1d9d,https://efdsearch.senate.gov/search/view/paper/7766aa20-f944-43f8-8317-866a033c1d9d/,e339e8354fe28681543c7fe2b643daec1464fdb6946b60166e5fad5acaac8ace,senate-efd-ocr,explicit,1
F000062,DIANNE FEINSTEIN,senate,Democrat,CA,,False,2018-10-18,2019-06-14,,MICROCHIP TECHNOLOGY INC.,Stock,Purchase,"$15,001 - $50,000",32500.5,False,Self,7766aa20-f944-43f8-8317-866a033c1d9d,https://efdsearch.senate.gov/search/view/paper/7766aa20-f944-43f8-8317-866a033c1d9d/,0bd05e0acd26b573b19b5612f0d7a29c23f3d01851795398f23c786a248c98f1,senate-efd-ocr,explicit,0
F000062,DIANNE FEINSTEIN,senate,Democrat,CA,,False,2018-10-18,2019-06-14,,MICROCHIP TECHNOLOGY INC.,Stock,Purchase,"$50,001 - $100,000",75000.5,False,Self,7766aa20-f944-43f8-8317-866a033c1d9d,https://efdsearch.senate.gov/search/view/paper/7766aa20-f944-43f8-8317-866a033c1d9d/,632cce46c78579b392014a7caf6f7063810821314c65e3e7f7c677a2b670c9f0,senate-efd-ocr,explicit,0
F000062,DIANNE FEINSTEIN,senate,Democrat,CA,,False,2018-10-19,2019-06-14,,MONOLITHIC POWER SYSTEM INC.,Stock,Sale,"$50,001 - $100,000",75000.5,False,Self,7766aa20-f944-43f8-8317-866a033c1d9d,https://efdsearch.senate.gov/search/view/paper/7766aa20-f944-43f8-8317-866a033c1d9d/,381ae194a185ec60f885f03c505077b3ce962448e10989c09f36bf8d67c30dc1,senate-efd-ocr,explicit,0
F000062,DIANNE FEINSTEIN,senate,Democrat,CA,,False,2018-10-19,2019-06-14,,SYSTEM INC.,Stock,Purchase,"$15,001 - $50,000",32500.5,False,Self,7766aa20-f944-43f8-8317-866a033c1d9d,https://efdsearch.senate.gov/search/view/paper/7766aa20-f944-43f8-8317-866a033c1d9d/,b73d4cc13c934dc005b708bfd76762fb2c013ed36cb197fb75292447761d8d1d,senate-efd-ocr,explicit,0
F000062,DIANNE FEINSTEIN,senate,Democrat,CA,,False,2018-10-19,2019-06-14,,MONOLITHIC POWER SYSTEM INC.,Stock,Purchase,"$1,001 - $15,000",8000.5,False,Self,7766aa20-f944-43f8-8317-866a033c1d9d,https://efdsearch.senate.gov/search/view/paper/7766aa20-f944-43f8-8317-866a033c1d9d/,10ccebb4f4141323fc6ccea58dcfca28f7a66e8526bf31fef029881125685e7c,senate-efd-ocr,explicit,0
F000062,DIANNE FEINSTEIN,senate,Democrat,CA,,False,2018-10-24,2019-06-14,,CHUBB LTD.,,Purchase,"$15,001 - $50,000",32500.5,False,Self,7766aa20-f944-43f8-8317-866a033c1d9d,https://efdsearch.senate.gov/search/view/paper/7766aa20-f944-43f8-8317-866a033c1d9d/,4e239f1db9bb399cf24e4d9def2d65ef0a0353343278147d1c8de313aee3b3bd,senate-efd-ocr,explicit,0
F000062,DIANNE FEINSTEIN,senate,Democrat,CA,,False,2018-10-24,2019-06-14,,UNIVAR INC.,Stock,Purchase,"$15,001 - $50,000",32500.5,False,Self,7766aa20-f944-43f8-8317-866a033c1d9d,https://efdsearch.senate.gov/search/view/paper/7766aa20-f944-43f8-8317-866a033c1d9d/,b49a4ebd016e44c10f90587f04b6863dc8a1b5921221ca35c48f7c33abe16557,senate-efd-ocr,explicit,0
F000062,DIANNE FEINSTEIN,senate,Democrat,CA,,False,2018-10-25,2019-06-14,,DOWDUPONT INC.,Stock,Sale,"$100,001 - $250,000",175000.5,False,Self,7766aa20-f944-43f8-8317-866a033c1d9d,https://efdsearch.senate.gov/search/view/paper/7766aa20-f944-43f8-8317-866a033c1d9d/,88e920870afef48238ae7d1f0115a404caba303068377f41a5faec3b9b5ea7d3,senate-efd-ocr,explicit,0
F000062,DIANNE FEINSTEIN,senate,Democrat,CA,,False,2018-10-25,2019-06-14,,DOWDUPONT INC.,Stock,Sale,"$15,001 - $50,000",32500.5,False,Self,7766aa20-f944-43f8-8317-866a033c1d9d,https://efdsearch.senate.gov/search/view/paper/7766aa20-f944-43f8-8317-866a033c1d9d/,d551097890d99823dcf7572e15f8e8948013e32d5aed31459ba7596411876c11,senate-efd-ocr,explicit,0
F000062,DIANNE FEINSTEIN,senate,Democrat,CA,,False,2018-10-25,2019-06-14,,3M CO.,Stock,Purchase,"$15,001 - $50,000",32500.5,False,Self,7766aa20-f944-43f8-8317-866a033c1d9d,https://efdsearch.senate.gov/search/view/paper/7766aa20-f944-43f8-8317-866a033c1d9d/,e52957a62840e8a31c165ff0b04867b92bd0695e8492a5f4313c805f27a47143,senate-efd-ocr,explicit,0
F000062,DIANNE FEINSTEIN,senate,Democrat,CA,,False,2018-10-25,2019-06-14,,UNIVAR INC.,Stock,Sale,"$15,001 - $50,000",32500.5,False,Self,7766aa20-f944-43f8-8317-866a033c1d9d,https://efdsearch.senate.gov/search/view/paper/7766aa20-f944-43f8-8317-866a033c1d9d/,5b8f9176cf616d1a86f45ab9aee54656aeae9f9e8c71e364fa2476546bc808fd,senate-efd-ocr,explicit,0
F000062,DIANNE FEINSTEIN,senate,Democrat,CA,,False,2018-10-25,2019-06-14,,UNIVAR INC.,Stock,Sale,"$15,001 - $50,000",32500.5,False,Self,7766aa20-f944-43f8-8317-866a033c1d9d,https://efdsearch.senate.gov/search/view/paper/7766aa20-f944-43f8-8317-866a033c1d9d/,5b8f9176cf616d1a86f45ab9aee54656aeae9f9e8c71e364fa2476546bc808fd,senate-efd-ocr,explicit,1
F000062,DIANNE FEINSTEIN,senate,Democrat,CA,,False,2018-10-25,2019-06-14,,UNIVAR INC.,Stock,Sale,"$50,001 - $100,000",75000.5,False,Self,7766aa20-f944-43f8-8317-866a033c1d9d,https://efdsearch.senate.gov/search/view/paper/7766aa20-f944-43f8-8317-866a033c1d9d/,e89a2c890bd044ffb9287736a690f700d1e2d67efe840123c2eb9d708c24b54f,senate-efd-ocr,explicit,0
F000062,DIANNE FEINSTEIN,senate,Democrat,CA,,False,2018-10-25,2019-06-14,,UNIVAR INC.,Stock,Sale,"$15,001 - $50,000",32500.5,False,Self,7766aa20-f944-43f8-8317-866a033c1d9d,https://efdsearch.senate.gov/search/view/paper/7766aa20-f944-43f8-8317-866a033c1d9d/,5b8f9176cf616d1a86f45ab9aee54656aeae9f9e8c71e364fa2476546bc808fd,senate-efd-ocr,explicit,2
F000062,DIANNE FEINSTEIN,senate,Democrat,CA,,False,2018-10-26,2019-06-14,,UNIVAR INC.,Stock,Sale,"$15,001 - $50,000",32500.5,False,Self,7766aa20-f944-43f8-8317-866a033c1d9d,https://efdsearch.senate.gov/search/view/paper/7766aa20-f944-43f8-8317-866a033c1d9d/,ed36de10089a66ad3803762fe9e0f8a66e61fb04048f89f1f271266e127323e1,senate-efd-ocr,explicit,0
F000062,DIANNE FEINSTEIN,senate,Democrat,CA,,False,2018-10-26,2019-06-14,,UNIVAR INC.,Stock,Sale,"$15,001 - $50,000",32500.5,False,Self,7766aa20-f944-43f8-8317-866a033c1d9d,https://efdsearch.senate.gov/search/view/paper/7766aa20-f944-43f8-8317-866a033c1d9d/,ed36de10089a66ad3803762fe9e0f8a66e61fb04048f89f1f271266e127323e1,senate-efd-ocr,explicit,1
F000062,DIANNE FEINSTEIN,senate,Democrat,CA,,False,2018-10-26,2019-06-14,,UNIVAR INC.,Stock,Sale,"$1,001 - $15,000",8000.5,False,Self,7766aa20-f944-43f8-8317-866a033c1d9d,https://efdsearch.senate.gov/search/view/paper/7766aa20-f944-43f8-8317-866a033c1d9d/,ad938203263a958b424b4b8841fdde5f296e986c4a7905bb57e7e904ad693518,senate-efd-ocr,explicit,0
F000062,DIANNE FEINSTEIN,senate,Democrat,CA,,False,2018-10-26,2019-06-14,,UNIVAR INC.,Stock,Sale,"$15,001 - $50,000",32500.5,False,Self,7766aa20-f944-43f8-8317-866a033c1d9d,https://efdsearch.senate.gov/search/view/paper/7766aa20-f944-43f8-8317-866a033c1d9d/,ed36de10089a66ad3803762fe9e0f8a66e61fb04048f89f1f271266e127323e1,senate-efd-ocr,explicit,2
F000062,DIANNE FEINSTEIN,senate,Democrat,CA,,False,2018-10-29,2019-06-14,,UNIVAR INC.,Stock,Sale,"$15,001 - $50,000",32500.5,False,Self,7766aa20-f944-43f8-8317-866a033c1d9d,https://efdsearch.senate.gov/search/view/paper/7766aa20-f944-43f8-8317-866a033c1d9d/,ff3e65db95d98f5ed9c6a7bb28a2eadbb1bf83d60f463aaf0fb4f93af7a195d2,senate-efd-ocr,explicit,0
F000062,DIANNE FEINSTEIN,senate,Democrat,CA,,False,2018-10-29,2019-06-14,,UNIVAR INC.,Stock,Sale,"$15,001 - $50,000",32500.5,False,Self,7766aa20-f944-43f8-8317-866a033c1d9d,https://efdsearch.senate.gov/search/view/paper/7766aa20-f944-43f8-8317-866a033c1d9d/,ff3e65db95d98f5ed9c6a7bb28a2eadbb1bf83d60f463aaf0fb4f93af7a195d2,senate-efd-ocr,explicit,1
F000062,DIANNE FEINSTEIN,senate,Democrat,CA,,False,2018-10-30,2019-06-14,,FRONTDOOR INC.,Stock,Sale,"$15,001 - $50,000",32500.5,False,Self,7766aa20-f944-43f8-8317-866a033c1d9d,https://efdsearch.senate.gov/search/view/paper/7766aa20-f944-43f8-8317-866a033c1d9d/,a1bba5eca32caefba64cf7dab467717bcb4d275913f776c19f10f5ab14827d1f,senate-efd-ocr,explicit,0
F000062,DIANNE FEINSTEIN,senate,Democrat,CA,,False,2018-10-30,2019-06-14,,SYNOPSIS INC.,Stock,Purchase,"$15,001 - $50,000",32500.5,False,Self,7766aa20-f944-43f8-8317-866a033c1d9d,https://efdsearch.senate.gov/search/view/paper/7766aa20-f944-43f8-8317-866a033c1d9d/,1bf8d0f264c126718838490ba86f16074772b189f8b72fd59f770a19ae182601,senate-efd-ocr,explicit,0
F000062,DIANNE FEINSTEIN,senate,Democrat,CA,,False,2018-10-31,2019-06-14,,FACEBOOK INC.,Stock,Sale,"$15,001 - $50,000",32500.5,False,Self,7766aa20-f944-43f8-8317-866a033c1d9d,https://efdsearch.senate.gov/search/view/paper/7766aa20-f944-43f8-8317-866a033c1d9d/,742087b214e5433c8be481eec860eafe3296f0c415e1d0ab0489e6436495aa5b,senate-efd-ocr,explicit,0
F000062,DIANNE FEINSTEIN,senate,Democrat,CA,,False,2018-10-31,2019-06-14,,FRONTDOOR INC.,Stock,Sale,"$15,001 - $50,000",32500.5,False,Self,7766aa20-f944-43f8-8317-866a033c1d9d,https://efdsearch.senate.gov/search/view/paper/7766aa20-f944-43f8-8317-866a033c1d9d/,2bb87b000af4d67b6d6dd4c50b288b67795ac2f8512b190891776397349c339a,senate-efd-ocr,explicit,1
F000062,DIANNE FEINSTEIN,senate,Democrat,CA,,False,2018-01-03,2019-06-14,,"Intel Corp., Common Stock",Stock,Purchase,"$50,001 - $100,000",75000.5,False,Self,400f71cc-d75f-4ae3-a7b1-cdf634cbd1b6,https://efdsearch.senate.gov/search/view/paper/400f71cc-d75f-4ae3-a7b1-cdf634cbd1b6/,04bf9d92b01ce90068e01f646fcd86ae163f678bb5afad2fe16da3decdba10eb,senate-efd-ocr,explicit,0
F000062,DIANNE FEINSTEIN,senate,Democrat,CA,,False,2018-01-10,2019-06-14,,Post Holdings Inc. (Stock),Other,Sale,"$15,001 - $50,000",32500.5,False,Self,400f71cc-d75f-4ae3-a7b1-cdf634cbd1b6,https://efdsearch.senate.gov/search/view/paper/400f71cc-d75f-4ae3-a7b1-cdf634cbd1b6/,b806b5bddee8c3e732f1430fefc375327a37d1692314db5df96b6acc2f22fc4c,senate-efd-ocr,explicit,0
F000062,DIANNE FEINSTEIN,senate,Democrat,CA,,False,2018-01-11,2019-06-14,,Post Holdings Inc. (Stock),Other,Purchase,"$15,001 - $50,000",32500.5,False,Self,400f71cc-d75f-4ae3-a7b1-cdf634cbd1b6,https://efdsearch.senate.gov/search/view/paper/400f71cc-d75f-4ae3-a7b1-cdf634cbd1b6/,c96f80981b2e45732658a6124a6c4488571ce81b21cd45ea601b5e9b060f123d,senate-efd-ocr,explicit,0
F000062,DIANNE FEINSTEIN,senate,Democrat,CA,,False,2018-01-08,2019-06-14,,Post Holdings Inc. (Stock),Other,Purchase,"$15,001 - $50,000",32500.5,False,Self,400f71cc-d75f-4ae3-a7b1-cdf634cbd1b6,https://efdsearch.senate.gov/search/view/paper/400f71cc-d75f-4ae3-a7b1-cdf634cbd1b6/,b97568e4602fc98ffecfb626573195b54a2b18451985b35ff0a71ee986af237a,senate-efd-ocr,explicit,0
F000062,DIANNE FEINSTEIN,senate,Democrat,CA,,False,2018-01-08,2019-06-14,,Post Holdings Inc. (Stock),Other,Purchase,"$15,001 - $50,000",32500.5,False,Self,400f71cc-d75f-4ae3-a7b1-cdf634cbd1b6,https://efdsearch.senate.gov/search/view/paper/400f71cc-d75f-4ae3-a7b1-cdf634cbd1b6/,b97568e4602fc98ffecfb626573195b54a2b18451985b35ff0a71ee986af237a,senate-efd-ocr,explicit,1
F000062,DIANNE FEINSTEIN,senate,Democrat,CA,,False,2018-01-09,2019-06-14,,"Advanced Disposal Services Inc., Del Common Stock",Stock,Sale,"$15,001 - $50,000",32500.5,False,Self,400f71cc-d75f-4ae3-a7b1-cdf634cbd1b6,https://efdsearch.senate.gov/search/view/paper/400f71cc-d75f-4ae3-a7b1-cdf634cbd1b6/,740b133d0a926d3b0a109bef4885d198259b275ea0e0dd3f8ad5fa9db1c9a771,senate-efd-ocr,explicit,0
F000062,DIANNE FEINSTEIN,senate,Democrat,CA,,False,2018-01-09,2019-06-14,,Post Holdings Inc. (Stock),Other,Purchase,"$15,001 - $50,000",32500.5,False,Self,400f71cc-d75f-4ae3-a7b1-cdf634cbd1b6,https://efdsearch.senate.gov/search/view/paper/400f71cc-d75f-4ae3-a7b1-cdf634cbd1b6/,993360b69f4fd83d12c664a112dbc3b5f48d99c67ed92a0f1f698d20d19c4238,senate-efd-ocr,explicit,0
F000062,DIANNE FEINSTEIN,senate,Democrat,CA,,False,2018-01-17,2019-06-14,,Univar Inc. (stock),Stock,Purchase,"$1,001 - $15,000",8000.5,False,Self,400f71cc-d75f-4ae3-a7b1-cdf634cbd1b6,https://efdsearch.senate.gov/search/view/paper/400f71cc-d75f-4ae3-a7b1-cdf634cbd1b6/,0556c504679e207fe179250a684e5fa44444fc95ec9342de7b60faedfba02103,senate-efd-ocr,explicit,0
F000062,DIANNE FEINSTEIN,senate,Democrat,CA,,False,2018-01-19,2019-06-14,,"JP Morgan Chase and Co., Common Stock",Stock,Purchase,"$1,001 - $15,000",8000.5,False,Self,400f71cc-d75f-4ae3-a7b1-cdf634cbd1b6,https://efdsearch.senate.gov/search/view/paper/400f71cc-d75f-4ae3-a7b1-cdf634cbd1b6/,dc9e85cb90170725a91f557f39a1082ff7f1cfdd97a0c2c9f2dd105582169f69,senate-efd-ocr,explicit,0
F000062,DIANNE FEINSTEIN,senate,Democrat,CA,,False,2018-01-09,2019-06-14,,Univar Inc. (Stock),Stock,Purchase,"$1,001 - $15,000",8000.5,False,Self,400f71cc-d75f-4ae3-a7b1-cdf634cbd1b6,https://efdsearch.senate.gov/search/view/paper/400f71cc-d75f-4ae3-a7b1-cdf634cbd1b6/,208974817efadf31f2a2a8e9aebcf1998d46184b8007a4ad222a90512bf19609,senate-efd-ocr,explicit,0
F000062,DIANNE FEINSTEIN,senate,Democrat,CA,,False,2018-01-22,2019-06-14,,Univar Inc. (Stock),Stock,Purchase,"$50,001 - $100,000",75000.5,False,Self,400f71cc-d75f-4ae3-a7b1-cdf634cbd1b6,https://efdsearch.senate.gov/search/view/paper/400f71cc-d75f-4ae3-a7b1-cdf634cbd1b6/,b3c30f9a79808c1c6628d932ae67171adeb1b26e936889674b00a771d273087f,senate-efd-ocr,explicit,0
F000062,DIANNE FEINSTEIN,senate,Democrat,CA,,False,2018-01-22,2019-06-14,,Waste Connections Inc. (stock),Stock,Purchase,"$1,001 - $15,000",8000.5,False,Self,400f71cc-d75f-4ae3-a7b1-cdf634cbd1b6,https://efdsearch.senate.gov/search/view/paper/400f71cc-d75f-4ae3-a7b1-cdf634cbd1b6/,4acc6f3c197b66d2bbb2f0e453216ad90e2f78ed954cf448b52c318ba7079649,senate-efd-ocr,explicit,0
F000062,DIANNE FEINSTEIN,senate,Democrat,CA,,False,2018-01-10,2019-06-14,,"Advanced Disposal Services Inc., Del Common Stock",Stock,Sale,"$15,001 - $50,000",32500.5,False,Self,400f71cc-d75f-4ae3-a7b1-cdf634cbd1b6,https://efdsearch.senate.gov/search/view/paper/400f71cc-d75f-4ae3-a7b1-cdf634cbd1b6/,8999939cdc064f423d1f06a14d4bc00bdcfb48b4ad3b867d5334c430891caf0d,senate-efd-ocr,explicit,0
F000062,DIANNE FEINSTEIN,senate,Democrat,CA,,False,2018-01-11,2019-06-14,,"Advanced Disposal Services Inc., Del Common Stock",Stock,Sale,"$15,001 - $50,000",32500.5,False,Self,400f71cc-d75f-4ae3-a7b1-cdf634cbd1b6,https://efdsearch.senate.gov/search/view/paper/400f71cc-d75f-4ae3-a7b1-cdf634cbd1b6/,de38b91495bd32996a36976504f61cc99fb655c356e01f3dab2cdd6d59096215,senate-efd-ocr,explicit,0
F000062,DIANNE FEINSTEIN,senate,Democrat,CA,,False,2018-01-12,2019-06-14,,"Advanced Disposal Services Inc., Del Common Stock",Stock,Sale,"$15,001 - $50,000",32500.5,False,Self,400f71cc-d75f-4ae3-a7b1-cdf634cbd1b6,https://efdsearch.senate.gov/search/view/paper/400f71cc-d75f-4ae3-a7b1-cdf634cbd1b6/,67421e76ba52b7ebb34e7945fa37ef0e1c60223e0b5eeb39b2ce306cce6ecb59,senate-efd-ocr,explicit,0
F000062,DIANNE FEINSTEIN,senate,Democrat,CA,,False,2018-01-10,2019-06-14,,Facebook Inc. CL A Stock,Stock,Purchase,"$100,001 - $250,000",175000.5,False,Self,400f71cc-d75f-4ae3-a7b1-cdf634cbd1b6,https://efdsearch.senate.gov/search/view/paper/400f71cc-d75f-4ae3-a7b1-cdf634cbd1b6/,b820d1dc5dcc8ebaf7568406d6b1c23f4fea6aa8bc79060343281abe006c8698,senate-efd-ocr,explicit,0
F000062,DIANNE FEINSTEIN,senate,Democrat,CA,,False,2018-01-11,2019-06-14,,"Microsoft Corp., Common Stock",Stock,Purchase,"$15,001 - $50,000",32500.5,False,Self,400f71cc-d75f-4ae3-a7b1-cdf634cbd1b6,https://efdsearch.senate.gov/search/view/paper/400f71cc-d75f-4ae3-a7b1-cdf634cbd1b6/,6f7fbb75b32e4f20dced95ea3bf3aafa5933f966b316f04dcbea026a66fc6442,senate-efd-ocr,explicit,0
F000062,DIANNE FEINSTEIN,senate,Democrat,CA,,False,2018-01-10,2019-06-14,,"Microsoft Corp., Common Stock",Stock,Purchase,"$15,001 - $50,000",32500.5,False,Self,400f71cc-d75f-4ae3-a7b1-cdf634cbd1b6,https://efdsearch.senate.gov/search/view/paper/400f71cc-d75f-4ae3-a7b1-cdf634cbd1b6/,2e9bd0873573fa679e8986876cb6de6805d278ddfeb81886296bce48453557ea,senate-efd-ocr,explicit,0
F000062,DIANNE FEINSTEIN,senate,Democrat,CA,,False,2018-01-12,2019-06-14,,"Microchip Technology Inc., Common Stock",Stock,Purchase,"$15,001 - $50,000",32500.5,False,Self,400f71cc-d75f-4ae3-a7b1-cdf634cbd1b6,https://efdsearch.senate.gov/search/view/paper/400f71cc-d75f-4ae3-a7b1-cdf634cbd1b6/,7d47c159835f9d864b9e93c2a57f864462fb3573970c5431dbceb573d08e201f,senate-efd-ocr,explicit,0
F000062,DIANNE FEINSTEIN,senate,Democrat,CA,,False,2018-01-10,2019-06-14,,Univar Inc. (stock),Stock,Purchase,"$15,001 - $50,000",32500.5,False,Self,400f71cc-d75f-4ae3-a7b1-cdf634cbd1b6,https://efdsearch.senate.gov/search/view/paper/400f71cc-d75f-4ae3-a7b1-cdf634cbd1b6/,95beb0bbcca757b10cd02906e61076936f319ab84de5289c0a197d8eb5177ec8,senate-efd-ocr,explicit,0
F000062,DIANNE FEINSTEIN,senate,Democrat,CA,,False,2018-01-11,2019-06-14,,Univar Inc. (stock),Stock,Purchase,"$1,001 - $15,000",8000.5,False,Self,400f71cc-d75f-4ae3-a7b1-cdf634cbd1b6,https://efdsearch.senate.gov/search/view/paper/400f71cc-d75f-4ae3-a7b1-cdf634cbd1b6/,6ab3170357b001a3604ee68244693948ddb622f504d6636cb1e546d64ebb7e91,senate-efd-ocr,explicit,0
F000062,DIANNE FEINSTEIN,senate,Democrat,CA,,False,2018-01-11,2019-06-14,,Univar Inc. (stock),Stock,Purchase,"$15,001 - $50,000",32500.5,False,Self,400f71cc-d75f-4ae3-a7b1-cdf634cbd1b6,https://efdsearch.senate.gov/search/view/paper/400f71cc-d75f-4ae3-a7b1-cdf634cbd1b6/,7489f20801d781ff53f780193707699d44ad7c1412bdea51aab5afbc6fdd4284,senate-efd-ocr,explicit,0
F000062,DIANNE FEINSTEIN,senate,Democrat,CA,,False,2018-01-12,2019-06-14,,Univar Inc. (stock),Stock,Purchase,"$15,001 - $50,000",32500.5,False,Self,400f71cc-d75f-4ae3-a7b1-cdf634cbd1b6,https://efdsearch.senate.gov/search/view/paper/400f71cc-d75f-4ae3-a7b1-cdf634cbd1b6/,366fd8e31ef6f1987a9bcef73f0012771e063adb11964506f14820c464ab0ab5,senate-efd-ocr,explicit,0
F000062,DIANNE FEINSTEIN,senate,Democrat,CA,,False,2018-01-12,2019-06-14,,Wells Fargo and Co. (stock),Stock,Purchase,"$100,001 - $250,000",175000.5,False,Self,400f71cc-d75f-4ae3-a7b1-cdf634cbd1b6,https://efdsearch.senate.gov/search/view/paper/400f71cc-d75f-4ae3-a7b1-cdf634cbd1b6/,654631691883788f531de67e3cd936a848c96d7e442c922602859938255453dd,senate-efd-ocr,explicit,0
F000062,DIANNE FEINSTEIN,senate,Democrat,CA,,False,2018-01-16,2019-06-14,,Univar Inc. (stock),Stock,Purchase,"$15,001 - $50,000",32500.5,False,Self,400f71cc-d75f-4ae3-a7b1-cdf634cbd1b6,https://efdsearch.senate.gov/search/view/paper/400f71cc-d75f-4ae3-a7b1-cdf634cbd1b6/,1381b6141bd00ebdb15a1c25f4ca48bf499e0d2fb8203be4b7a153959df9306d,senate-efd-ocr,explicit,0
F000062,DIANNE FEINSTEIN,senate,Democrat,CA,,False,2018-01-18,2019-06-14,,"JP Morgan Chase and Co., Common Stock",Stock,Purchase,"$1,001 - $15,000",8000.5,False,Self,400f71cc-d75f-4ae3-a7b1-cdf634cbd1b6,https://efdsearch.senate.gov/search/view/paper/400f71cc-d75f-4ae3-a7b1-cdf634cbd1b6/,bd0de8b4e889a73e89ffdfe8a27396d7032fcffdf7ceca893d88d993130f0fde,senate-efd-ocr,explicit,0
F000062,DIANNE FEINSTEIN,senate,Democrat,CA,,False,2018-01-22,2019-06-14,,Univar Inc. (stock),Stock,Purchase,"$1,001 - $15,000",8000.5,False,Self,400f71cc-d75f-4ae3-a7b1-cdf634cbd1b6,https://efdsearch.senate.gov/search/view/paper/400f71cc-d75f-4ae3-a7b1-cdf634cbd1b6/,66a1059868c1e6fe7aab298e135918bd2c89c8c1bf6a31ef21b961c8f92a2038,senate-efd-ocr,explicit,0
F000062,DIANNE FEINSTEIN,senate,Democrat,CA,,False,2018-01-22,2019-06-14,,"U.S. Foods Holding Group (Corp.), Common Stock",Stock,Sale,"$1,001 - $15,000",8000.5,False,Self,400f71cc-d75f-4ae3-a7b1-cdf634cbd1b6,https://efdsearch.senate.gov/search/view/paper/400f71cc-d75f-4ae3-a7b1-cdf634cbd1b6/,a773287f8de9dde5d9246ce8ea93f0b4ae085babe59747b1af4482499ca85494,senate-efd-ocr,explicit,0
F000062,DIANNE FEINSTEIN,senate,Democrat,CA,,False,2018-01-22,2019-06-14,,"Allergan PLC, Mandatory Convertible Preferred Shares, Series A Stock",Stock,Sale,"$50,001 - $100,000",75000.5,False,Self,400f71cc-d75f-4ae3-a7b1-cdf634cbd1b6,https://efdsearch.senate.gov/search/view/paper/400f71cc-d75f-4ae3-a7b1-cdf634cbd1b6/,78a9d24c39b4ce233528debbc8aeef6a821a5e99b6a97f81badf749d01a31722,senate-efd-ocr,explicit,0
F000062,DIANNE FEINSTEIN,senate,Democrat,CA,,False,2018-01-23,2019-06-14,,Waste Connections Inc. (stock),Stock,Purchase,"$15,001 - $50,000",32500.5,False,Self,400f71cc-d75f-4ae3-a7b1-cdf634cbd1b6,https://efdsearch.senate.gov/search/view/paper/400f71cc-d75f-4ae3-a7b1-cdf634cbd1b6/,d5c101bd19340024f75188f0176fccd3e5ed66ed7cf9e08ba8b4b678eae12137,senate-efd-ocr,explicit,0
F000062,DIANNE FEINSTEIN,senate,Democrat,CA,,False,2018-01-24,2019-06-14,,Waste Connections Inc. (stock),Stock,Purchase,"$1,001 - $15,000",8000.5,False,Self,400f71cc-d75f-4ae3-a7b1-cdf634cbd1b6,https://efdsearch.senate.gov/search/view/paper/400f71cc-d75f-4ae3-a7b1-cdf634cbd1b6/,c4db80a99867cd94607008742341f4e6d1626715328b9d38a586e074b4c7db53,senate-efd-ocr,explicit,0
F000062,DIANNE FEINSTEIN,senate,Democrat,CA,,False,2018-10-01,2019-06-14,,"Alphabet, Inc.",Stock,Sale,"$15,001 - $50,000",32500.5,False,Spouse,400f71cc-d75f-4ae3-a7b1-cdf634cbd1b6,https://efdsearch.senate.gov/search/view/paper/400f71cc-d75f-4ae3-a7b1-cdf634cbd1b6/,40122a802c7ae83ba16a2407f66fbaf11f5d15ddf32e4dc341497d122cf19a40,senate-efd-ocr,explicit,0
F000062,DIANNE FEINSTEIN,senate,Democrat,CA,,False,2018-10-01,2019-06-14,,Bayer AG,,Purchase,"$15,001 - $50,000",32500.5,False,Spouse,400f71cc-d75f-4ae3-a7b1-cdf634cbd1b6,https://efdsearch.senate.gov/search/view/paper/400f71cc-d75f-4ae3-a7b1-cdf634cbd1b6/,42a4c6171219ba4f78311c4b8bc7352dd87a7d05ff80d9dd8f987a485be01685,senate-efd-ocr,explicit,0
F000062,DIANNE FEINSTEIN,senate,Democrat,CA,,False,2018-10-01,2019-06-14,,"Facebook, Inc.",Stock,Purchase,"$15,001 - $50,000",32500.5,False,Spouse,400f71cc-d75f-4ae3-a7b1-cdf634cbd1b6,https://efdsearch.senate.gov/search/view/paper/400f71cc-d75f-4ae3-a7b1-cdf634cbd1b6/,f3f2c79814be5bef4c63ed8e2206ac6a3bc4faf0b623997ba75f5d669c1b4dc3,senate-efd-ocr,explicit,0
F000062,DIANNE FEINSTEIN,senate,Democrat,CA,,False,2018-10-01,2019-06-14,,Johnson & Johnson,,Sale,"$15,001 - $50,000",32500.5,False,Spouse,400f71cc-d75f-4ae3-a7b1-cdf634cbd1b6,https://efdsearch.senate.gov/search/view/paper/400f71cc-d75f-4ae3-a7b1-cdf634cbd1b6/,1331cf37af3f5c78b46fc718bb05a7d6eb7270ae5d10b9d5b9661409ec3db552,senate-efd-ocr,explicit,0
F000062,DIANNE FEINSTEIN,senate,Democrat,CA,,False,2018-01-22,2019-06-14,,"Allergen PLC Mandatory Convertible Preferred Shares, Series A",Stock,Sale,"$50,001 - $100,000",75000.5,False,Spouse,400f71cc-d75f-4ae3-a7b1-cdf634cbd1b6,https://efdsearch.senate.gov/search/view/paper/400f71cc-d75f-4ae3-a7b1-cdf634cbd1b6/,46bbb38871f4ac77babddd392fb216343626901ee48291f977f83307983860c1,senate-efd-ocr,explicit,0
F000062,DIANNE FEINSTEIN,senate,Democrat,CA,,False,2019-03-21,2019-06-14,,"Cedar Fair, L.P.",Other,Purchase,"$100,001 - $250,000",175000.5,False,Spouse,400f71cc-d75f-4ae3-a7b1-cdf634cbd1b6,https://efdsearch.senate.gov/search/view/paper/400f71cc-d75f-4ae3-a7b1-cdf634cbd1b6/,6ccf4cf244dca6c7b0b2de83d534f41962c285792a71e207e277519e2eb7b7a3,senate-efd-ocr,explicit,0
F000062,DIANNE FEINSTEIN,senate,Democrat,CA,,False,2019-03-22,2019-06-14,,Starbucks Corporation,Stock,Purchase,"$250,001 - $500,000",375000.5,False,Spouse,400f71cc-d75f-4ae3-a7b1-cdf634cbd1b6,https://efdsearch.senate.gov/search/view/paper/400f71cc-d75f-4ae3-a7b1-cdf634cbd1b6/,c8cff641224759e73925490794c85455bbbbc08d17d20a7fdbf4ce8f85fe31a5,senate-efd-ocr,explicit,0
F000062,DIANNE FEINSTEIN,senate,Democrat,CA,,False,2019-06-19,2019-06-14,,Agilent Technologies Inc.,Stock,Purchase,"$50,001 - $100,000",75000.5,False,Spouse,400f71cc-d75f-4ae3-a7b1-cdf634cbd1b6,https://efdsearch.senate.gov/search/view/paper/400f71cc-d75f-4ae3-a7b1-cdf634cbd1b6/,d8a09c6bd2093f2420c94787fdf06268a29d6c3b57cacf9ac0e6bb04df0f5237,senate-efd-ocr,explicit,0
F000062,DIANNE FEINSTEIN,senate,Democrat,CA,,False,2018-10-30,2019-06-14,,"Frontdoor, Inc.",Stock,Sale,"$15,001 - $50,000",32500.5,False,Spouse,400f71cc-d75f-4ae3-a7b1-cdf634cbd1b6,https://efdsearch.senate.gov/search/view/paper/400f71cc-d75f-4ae3-a7b1-cdf634cbd1b6/,96040af9637412fc7706f01454aeaa70400281827541f6df3c07e7a3fdfff46b,senate-efd-ocr,explicit,0
F000062,DIANNE FEINSTEIN,senate,Democrat,CA,,False,2019-04-06,2019-06-14,,Visa Inc.,Stock,Purchase,"$15,001 - $50,000",32500.5,False,Spouse,400f71cc-d75f-4ae3-a7b1-cdf634cbd1b6,https://efdsearch.senate.gov/search/view/paper/400f71cc-d75f-4ae3-a7b1-cdf634cbd1b6/,1d3723fa14c250abe3ba52563933af60b44af35c81c5ceefe7a472e27d1ea20a,senate-efd-ocr,explicit,0
F000062,DIANNE FEINSTEIN,senate,Democrat,CA,,False,2019-04-06,2019-06-14,,JPMorgan Chase & Co.,Stock,Sale,"$15,001 - $50,000",32500.5,False,Spouse,400f71cc-d75f-4ae3-a7b1-cdf634cbd1b6,https://efdsearch.senate.gov/search/view/paper/400f71cc-d75f-4ae3-a7b1-cdf634cbd1b6/,4f1150057bfa86ccb252eaba81031d750b6cc127e087119867fa5b893a3d17a0,senate-efd-ocr,explicit,0
F000062,DIANNE FEINSTEIN,senate,Democrat,CA,,False,2019-04-13,2019-06-14,,Intel Corporation,Stock,Sale,"$15,001 - $50,000",32500.5,False,Spouse,400f71cc-d75f-4ae3-a7b1-cdf634cbd1b6,https://efdsearch.senate.gov/search/view/paper/400f71cc-d75f-4ae3-a7b1-cdf634cbd1b6/,b97ce3d4de15624e82cb5fb9ffbf26a16401acb6f246fd4e66d15169fa1c39f4,senate-efd-ocr,explicit,0
F000062,DIANNE FEINSTEIN,senate,Democrat,CA,,False,2018-08-01,2019-06-14,,Univar Inc.,Stock,Purchase,"$15,001 - $50,000",32500.5,False,Spouse,400f71cc-d75f-4ae3-a7b1-cdf634cbd1b6,https://efdsearch.senate.gov/search/view/paper/400f71cc-d75f-4ae3-a7b1-cdf634cbd1b6/,cab4a95c68046d6b9f85b07a07463bdc59d631f4c47f34b1b0413711839bc523,senate-efd-ocr,explicit,0
F000062,DIANNE FEINSTEIN,senate,Democrat,CA,,False,2018-11-20,2019-06-14,,CuriousityStream LLC,Other,Purchase,"$1,000,001 - $5,000,000",3000000.5,False,Spouse,400f71cc-d75f-4ae3-a7b1-cdf634cbd1b6,https://efdsearch.senate.gov/search/view/paper/400f71cc-d75f-4ae3-a7b1-cdf634cbd1b6/,417df5d09d22b76da0efc4ba9dc2f0f110a72bf539dee934f6a8c360cb992b70,senate-efd-ocr,explicit,0
F000062,DIANNE FEINSTEIN,senate,Democrat,CA,,False,2019-03-21,2019-06-14,,ALLERGEN PLC (stock),Stock,Purchase,"$500,001 - $1,000,000",750000.5,False,Spouse,f87e5b8f-8752-4d07-a5a8-cd777a7e70bd,https://efdsearch.senate.gov/search/view/paper/f87e5b8f-8752-4d07-a5a8-cd777a7e70bd/,49a63c82de5419c24b9b9d1539ce0cc3bbc1b98a2ff9d8f86fbada8d220c9588,senate-efd-ocr,explicit,0
F000062,DIANNE FEINSTEIN,senate,Democrat,CA,,False,2019-03-21,2019-06-14,,ALLERGEN PLC (stock),Stock,Sale,"$500,001 - $1,000,000",750000.5,False,Spouse,f87e5b8f-8752-4d07-a5a8-cd777a7e70bd,https://efdsearch.senate.gov/search/view/paper/f87e5b8f-8752-4d07-a5a8-cd777a7e70bd/,8b42fff207fd4ccb5746fce3f09861038c7323db61eaea8d3cdc2285ce90d042,senate-efd-ocr,explicit,0
F000062,DIANNE FEINSTEIN,senate,Democrat,CA,,False,2019-03-21,2019-06-14,,AIR LEASE CORP (stock),Stock,Purchase,"$50,001 - $100,000",75000.5,False,Spouse,f87e5b8f-8752-4d07-a5a8-cd777a7e70bd,https://efdsearch.senate.gov/search/view/paper/f87e5b8f-8752-4d07-a5a8-cd777a7e70bd/,d8b145c69d9dd82e539d137a48b60635193b61fc15ec21e72200444ef27e81d6,senate-efd-ocr,explicit,0
F000062,DIANNE FEINSTEIN,senate,Democrat,CA,,False,2019-03-21,2019-06-14,,BOEING CO (stock),Stock,Purchase,"$100,001 - $250,000",175000.5,False,Spouse,f87e5b8f-8752-4d07-a5a8-cd777a7e70bd,https://efdsearch.senate.gov/search/view/paper/f87e5b8f-8752-4d07-a5a8-cd777a7e70bd/,2d5da275533045a037d6cadfb34d591467ec9e1745e260debff0732231968043,senate-efd-ocr,explicit,0
F000062,DIANNE FEINSTEIN,senate,Democrat,CA,,False,2019-03-21,2019-06-14,,BROOKFIELD ASSET (stock),Stock,Purchase,"$100,001 - $250,000",175000.5,False,Spouse,f87e5b8f-8752-4d07-a5a8-cd777a7e70bd,https://efdsearch.senate.gov/search/view/paper/f87e5b8f-8752-4d07-a5a8-cd777a7e70bd/,2cd6d43bbbc69356beb02022689cc1119e4b7da4e28492f4353e0b43ed79b12a,senate-efd-ocr,explicit,0
F000062,DIANNE FEINSTEIN,senate,Democrat,CA,,False,2019-03-21,2019-06-14,,BAYER AG (ADR),Stock,Purchase,"$100,001 - $250,000",175000.5,False,Spouse,f87e5b8f-8752-4d07-a5a8-cd777a7e70bd,https://efdsearch.senate.gov/search/view/paper/f87e5b8f-8752-4d07-a5a8-cd777a7e70bd/,78ae744f3434e2f42183b882542cae41e3ccc1c91e6c8db155140fbda54451ec,senate-efd-ocr,explicit,0
F000062,DIANNE FEINSTEIN,senate,Democrat,CA,,False,2019-03-21,2019-06-14,,CHUBB LTD (stock),Stock,Purchase,"$100,001 - $250,000",175000.5,False,Spouse,f87e5b8f-8752-4d07-a5a8-cd777a7e70bd,https://efdsearch.senate.gov/search/view/paper/f87e5b8f-8752-4d07-a5a8-cd777a7e70bd/,3cbed6256805155812bf845396c5b5ba94a2d4dae679f6490bae5e15352867c6,senate-efd-ocr,explicit,0
F000062,DIANNE FEINSTEIN,senate,Democrat,CA,,False,2019-03-21,2019-06-14,,CROWN CASTLE (stock),Stock,Purchase,"$100,001 - $250,000",175000.5,False,Spouse,f87e5b8f-8752-4d07-a5a8-cd777a7e70bd,https://efdsearch.senate.gov/search/view/paper/f87e5b8f-8752-4d07-a5a8-cd777a7e70bd/,97da10d1a3c10ef52cbc823d045c67ce7eb913e2e4a9d0972eca02d16ea3e099,senate-efd-ocr,explicit,0
F000062,DIANNE FEINSTEIN,senate,Democrat,CA,,False,2019-03-21,2019-06-14,,CHARTER COMM (stock),Stock,Purchase,"$100,001 - $250,000",175000.5,False,Spouse,f87e5b8f-8752-4d07-a5a8-cd777a7e70bd,https://efdsearch.senate.gov/search/view/paper/f87e5b8f-8752-4d07-a5a8-cd777a7e70bd/,3d63600c1e8755728fb8b6171874e4197fd835a1634959edc0b4be3efe47fb15,senate-efd-ocr,explicit,0
F000062,DIANNE FEINSTEIN,senate,Democrat,CA,,False,2019-03-21,2019-06-14,,COGNIZANT TECH (stock),Stock,Purchase,"$100,001 - $250,000",175000.5,False,Spouse,f87e5b8f-8752-4d07-a5a8-cd777a7e70bd,https://efdsearch.senate.gov/search/view/paper/f87e5b8f-8752-4d07-a5a8-cd777a7e70bd/,679b4913588720be4303f3a9bec60a81cdddbacbff1aa79357e0db9980c8a411,senate-efd-ocr,explicit,0
F000062,DIANNE FEINSTEIN,senate,Democrat,CA,,False,2019-03-21,2019-06-14,,DANAHER CORP (stock),Stock,Purchase,"$100,001 - $250,000",175000.5,False,Spouse,f87e5b8f-8752-4d07-a5a8-cd777a7e70bd,https://efdsearch.senate.gov/search/view/paper/f87e5b8f-8752-4d07-a5a8-cd777a7e70bd/,a941c9fc836b3b250e496212a094e61c5b914c2f993e8ec84afcf34d2e19f782,senate-efd-ocr,explicit,0
F000062,DIANNE FEINSTEIN,senate,Democrat,CA,,False,2019-03-21,2019-06-14,,DOW DUPONT (stock),Stock,Purchase,"$50,001 - $100,000",75000.5,False,Spouse,f87e5b8f-8752-4d07-a5a8-cd777a7e70bd,https://efdsearch.senate.gov/search/view/paper/f87e5b8f-8752-4d07-a5a8-cd777a7e70bd/,ebcec05fdb9a457094ad65d42ac3d558b831e7934794bf83f8a72e7b7d360af8,senate-efd-ocr,explicit,0
F000062,DIANNE FEINSTEIN,senate,Democrat,CA,,False,2019-03-21,2019-06-14,,MLP ENTERPRISE (stock),Stock,Purchase,"$100,001 - $250,000",175000.5,False,Spouse,f87e5b8f-8752-4d07-a5a8-cd777a7e70bd,https://efdsearch.senate.gov/search/view/paper/f87e5b8f-8752-4d07-a5a8-cd777a7e70bd/,c11f0664610c4d07e8ecea68c34523c0742733dc522bb62401450bcb5fd2dbec,senate-efd-ocr,explicit,0
F000062,DIANNE FEINSTEIN,senate,Democrat,CA,,False,2019-03-21,2019-06-14,,"FACEBOOK, INC (stock)",Stock,Purchase,"$100,001 - $250,000",175000.5,False,Spouse,f87e5b8f-8752-4d07-a5a8-cd777a7e70bd,https://efdsearch.senate.gov/search/view/paper/f87e5b8f-8752-4d07-a5a8-cd777a7e70bd/,b798e52703d849a061f080c395f1101c4ffbf0b7e5d19464d2d1fe7dbfafb154,senate-efd-ocr,explicit,0
F000062,DIANNE FEINSTEIN,senate,Democrat,CA,,False,2019-03-21,2019-06-14,,MLP CEDAR (stock),Stock,Purchase,"$100,001 - $250,000",175000.5,False,Spouse,f87e5b8f-8752-4d07-a5a8-cd777a7e70bd,https://efdsearch.senate.gov/search/view/paper/f87e5b8f-8752-4d07-a5a8-cd777a7e70bd/,67f46bfd4323d98b13a0fe18baed18341b2485cc4090ba90982c661f474a2c16,senate-efd-ocr,explicit,0
F000062,DIANNE FEINSTEIN,senate,Democrat,CA,,False,2019-03-21,2019-06-14,,ALPHABET INC (stock),Stock,Purchase,"$100,001 - $250,000",175000.5,False,Spouse,f87e5b8f-8752-4d07-a5a8-cd777a7e70bd,https://efdsearch.senate.gov/search/view/paper/f87e5b8f-8752-4d07-a5a8-cd777a7e70bd/,f7a4712f1a7a431dcdc67482a34fa52e81786e423e51ccb536d2f36f8b935ad1,senate-efd-ocr,explicit,0
F000062,DIANNE FEINSTEIN,senate,Democrat,CA,,False,2019-03-21,2019-06-14,,HOLOGIC INC (stock),Stock,Purchase,"$100,001 - $250,000",175000.5,False,Spouse,f87e5b8f-8752-4d07-a5a8-cd777a7e70bd,https://efdsearch.senate.gov/search/view/paper/f87e5b8f-8752-4d07-a5a8-cd777a7e70bd/,2279deac4e14dc8b7830ff17e36bd183b7149cffe6d65a757d94e9bf7adb9032,senate-efd-ocr,explicit,0
F000062,DIANNE FEINSTEIN,senate,Democrat,CA,,False,2019-03-21,2019-06-14,,IHS MARKIT LTD (stock),Stock,Purchase,"$100,001 - $250,000",175000.5,False,Spouse,f87e5b8f-8752-4d07-a5a8-cd777a7e70bd,https://efdsearch.senate.gov/search/view/paper/f87e5b8f-8752-4d07-a5a8-cd777a7e70bd/,1bd1cf9565852c0928bc68329bdf7577ac736d0e99ff3957b2221203832e984f,senate-efd-ocr,explicit,0
F000062,DIANNE FEINSTEIN,senate,Democrat,CA,,False,2019-03-21,2019-06-14,,INTEL CORP (stock),Stock,Purchase,"$50,001 - $100,000",75000.5,False,Spouse,f87e5b8f-8752-4d07-a5a8-cd777a7e70bd,https://efdsearch.senate.gov/search/view/paper/f87e5b8f-8752-4d07-a5a8-cd777a7e70bd/,1cfbf563525ec01401776f964f4e6918dce95e072b5393f9b610d7a8f17f45d2,senate-efd-ocr,explicit,0
F000062,DIANNE FEINSTEIN,senate,Democrat,CA,,False,2019-03-21,2019-06-14,,JOHNSON & JOHNSON (stock),Stock,Purchase,"$100,001 - $250,000",175000.5,False,Spouse,f87e5b8f-8752-4d07-a5a8-cd777a7e70bd,https://efdsearch.senate.gov/search/view/paper/f87e5b8f-8752-4d07-a5a8-cd777a7e70bd/,8d1e6e17187d2ea265ef1af6ad667112f82a1d725cf67825775f3a52afce1130,senate-efd-ocr,explicit,0
F000062,DIANNE FEINSTEIN,senate,Democrat,CA,,False,2019-03-21,2019-06-14,,JP MORGAN (stock),Stock,Purchase,"$100,001 - $250,000",175000.5,False,Spouse,f87e5b8f-8752-4d07-a5a8-cd777a7e70bd,https://efdsearch.senate.gov/search/view/paper/f87e5b8f-8752-4d07-a5a8-cd777a7e70bd/,afa1201cb5ff3255293a5a682c9bae4bfe3429209775ee36bcad83421c1e5681,senate-efd-ocr,explicit,0
F000062,DIANNE FEINSTEIN,senate,Democrat,CA,,False,2019-03-21,2019-06-14,,MICROCHIP TECH (stock),Stock,Purchase,"$100,001 - $250,000",175000.5,False,Spouse,f87e5b8f-8752-4d07-a5a8-cd777a7e70bd,https://efdsearch.senate.gov/search/view/paper/f87e5b8f-8752-4d07-a5a8-cd777a7e70bd/,f8175ce7d79095cdb68bf2e79bf64b73e37911725836cb144d7876a0308a5c70,senate-efd-ocr,explicit,0
F000062,DIANNE FEINSTEIN,senate,Democrat,CA,,False,2019-03-21,2019-06-14,,MICROSOFT CORP (stock),Stock,Purchase,"$100,001 - $250,000",175000.5,False,Spouse,f87e5b8f-8752-4d07-a5a8-cd777a7e70bd,https://efdsearch.senate.gov/search/view/paper/f87e5b8f-8752-4d07-a5a8-cd777a7e70bd/,a99c4540d192932623d4cee14e06598cedb934d634bd6ecb8d5969e2c6b1bed0,senate-efd-ocr,explicit,0
F000062,DIANNE FEINSTEIN,senate,Democrat,CA,,False,2019-03-21,2019-06-14,,NEXTERA ENERGY (stock),Stock,Purchase,"$100,001 - $250,000",175000.5,False,Spouse,f87e5b8f-8752-4d07-a5a8-cd777a7e70bd,https://efdsearch.senate.gov/search/view/paper/f87e5b8f-8752-4d07-a5a8-cd777a7e70bd/,da5f8e55a662fa6408755406519433e410937b5b3a81bdc16d0b099ced70caca,senate-efd-ocr,explicit,0
F000062,DIANNE FEINSTEIN,senate,Democrat,CA,,False,2019-03-21,2019-06-14,,NOVARTIS AG (stock),Stock,Purchase,"$100,001 - $250,000",175000.5,False,Spouse,f87e5b8f-8752-4d07-a5a8-cd777a7e70bd,https://efdsearch.senate.gov/search/view/paper/f87e5b8f-8752-4d07-a5a8-cd777a7e70bd/,e7ef73b4db6925a66c37ccf8ef35023a150fde748e6809e6728fdee9830c6400,senate-efd-ocr,explicit,0
F000062,DIANNE FEINSTEIN,senate,Democrat,CA,,False,2019-03-21,2019-06-14,,PENTAIR PLC (stock),Stock,Purchase,"$100,001 - $250,000",175000.5,False,Spouse,f87e5b8f-8752-4d07-a5a8-cd777a7e70bd,https://efdsearch.senate.gov/search/view/paper/f87e5b8f-8752-4d07-a5a8-cd777a7e70bd/,2a7da4a130d2a0d66278846248c8a4c49e215077ed01ff909bf648f80f59427f,senate-efd-ocr,explicit,0
F000062,DIANNE FEINSTEIN,senate,Democrat,CA,,False,2019-03-21,2019-06-14,,POST HLDGS (stock),Stock,Purchase,"$100,001 - $250,000",175000.5,False,Spouse,f87e5b8f-8752-4d07-a5a8-cd777a7e70bd,https://efdsearch.senate.gov/search/view/paper/f87e5b8f-8752-4d07-a5a8-cd777a7e70bd/,d975ff94cf164c2b69c4d14345f0c92414a3d0a1decf6ae651cdb9a69f47328b,senate-efd-ocr,explicit,0
F000062,DIANNE FEINSTEIN,senate,Democrat,CA,,False,2019-03-21,2019-06-14,,RPM INTL (stock),Stock,Purchase,"$50,001 - $100,000",75000.5,False,Spouse,f87e5b8f-8752-4d07-a5a8-cd777a7e70bd,https://efdsearch.senate.gov/search/view/paper/f87e5b8f-8752-4d07-a5a8-cd777a7e70bd/,d73e00fcfd313e92786e093a321f834ff12f390a2762e0d3be6e5a646b2daa41,senate-efd-ocr,explicit,0
F000062,DIANNE FEINSTEIN,senate,Democrat,CA,,False,2019-03-21,2019-06-14,,STARBUCKS CORP (stock),Stock,Purchase,"$50,001 - $100,000",75000.5,False,Spouse,f87e5b8f-8752-4d07-a5a8-cd777a7e70bd,https://efdsearch.senate.gov/search/view/paper/f87e5b8f-8752-4d07-a5a8-cd777a7e70bd/,b04a218165c035ab80c2b5525ffbbd207832593b41c2e57dfcd74c32f071cec2,senate-efd-ocr,explicit,0
F000062,DIANNE FEINSTEIN,senate,Democrat,CA,,False,2019-03-21,2019-06-14,,SERVICEMASTER HLDGS (stock),Stock,Purchase,"$50,001 - $100,000",75000.5,False,Spouse,f87e5b8f-8752-4d07-a5a8-cd777a7e70bd,https://efdsearch.senate.gov/search/view/paper/f87e5b8f-8752-4d07-a5a8-cd777a7e70bd/,4192e8b5742c124fbf6f480b4cbcc8594519eabe590fade4081ecc98034a563c,senate-efd-ocr,explicit,0
F000062,DIANNE FEINSTEIN,senate,Democrat,CA,,False,2019-03-21,2019-06-14,,TELEFLEX INC (stock),Stock,Purchase,"$50,001 - $100,000",75000.5,False,Spouse,f87e5b8f-8752-4d07-a5a8-cd777a7e70bd,https://efdsearch.senate.gov/search/view/paper/f87e5b8f-8752-4d07-a5a8-cd777a7e70bd/,e3b7c4d4f9eea22975790b013396ae47e8562721ef5eaa7a7e93fa9029e9876d,senate-efd-ocr,explicit,0
F000062,DIANNE FEINSTEIN,senate,Democrat,CA,,False,2019-03-21,2019-06-14,,UNIVAR INC (stock),Stock,Purchase,"$50,001 - $100,000",75000.5,False,Spouse,f87e5b8f-8752-4d07-a5a8-cd777a7e70bd,https://efdsearch.senate.gov/search/view/paper/f87e5b8f-8752-4d07-a5a8-cd777a7e70bd/,93f9cc3adc29b7648aade9e2fcc11227c993e38625d0ae7bf88a7a3e83c642f4,senate-efd-ocr,explicit,0
F000062,DIANNE FEINSTEIN,senate,Democrat,CA,,False,2019-03-21,2019-06-14,,US FOODS CORP (stock),Stock,Purchase,"$50,001 - $100,000",75000.5,False,Spouse,f87e5b8f-8752-4d07-a5a8-cd777a7e70bd,https://efdsearch.senate.gov/search/view/paper/f87e5b8f-8752-4d07-a5a8-cd777a7e70bd/,7d6b5191bbb334fbcfa0b055721c3cfe5a36dabec5d039e0670745afb5c26c62,senate-efd-ocr,explicit,0
F000062,DIANNE FEINSTEIN,senate,Democrat,CA,,False,2019-03-21,2019-06-14,,"VISA, INC (stock)",Stock,Purchase,"$100,001 - $250,000",175000.5,False,Spouse,f87e5b8f-8752-4d07-a5a8-cd777a7e70bd,https://efdsearch.senate.gov/search/view/paper/f87e5b8f-8752-4d07-a5a8-cd777a7e70bd/,af0ed0a380c80943d4e74e6714053ed0a11d7aa552fb46cd7ecf3973c91b660b,senate-efd-ocr,explicit,0
F000062,DIANNE FEINSTEIN,senate,Democrat,CA,,False,2019-03-21,2019-06-14,,WASTE CONNECTIONS (stock),Stock,Purchase,"$100,001 - $250,000",175000.5,False,Spouse,f87e5b8f-8752-4d07-a5a8-cd777a7e70bd,https://efdsearch.senate.gov/search/view/paper/f87e5b8f-8752-4d07-a5a8-cd777a7e70bd/,e4669d85259acbe13d23a18d3e214fdd72471b8230140ddb045680a9ca47eb9e,senate-efd-ocr,explicit,0
F000062,DIANNE FEINSTEIN,senate,Democrat,CA,,False,2019-03-21,2019-06-14,,HOLOGIC INC (stock),Stock,Purchase,"$15,001 - $50,000",32500.5,False,Spouse,f87e5b8f-8752-4d07-a5a8-cd777a7e70bd,https://efdsearch.senate.gov/search/view/paper/f87e5b8f-8752-4d07-a5a8-cd777a7e70bd/,0b7d97ef4b3e4a65930ded93d44c50feaae5ee3819e3b207c8a79573373c6cb1,senate-efd-ocr,explicit,0
F000062,DIANNE FEINSTEIN,senate,Democrat,CA,,False,2019-03-21,2019-06-14,,BOEING INC (stock),Stock,Purchase,"$250,001 - $500,000",375000.5,False,Spouse,f87e5b8f-8752-4d07-a5a8-cd777a7e70bd,https://efdsearch.senate.gov/search/view/paper/f87e5b8f-8752-4d07-a5a8-cd777a7e70bd/,020e2f50ccab91b75369fe23c7e8fb03186f83974ac19ec6db801c3725722f0c,senate-efd-ocr,explicit,0
F000062,DIANNE FEINSTEIN,senate,Democrat,CA,,False,2019-03-21,2019-06-14,,JOHNSON & JOHNSON (stock),Stock,Purchase,"$250,001 - $500,000",375000.5,False,Spouse,f87e5b8f-8752-4d07-a5a8-cd777a7e70bd,https://efdsearch.senate.gov/search/view/paper/f87e5b8f-8752-4d07-a5a8-cd777a7e70bd/,d2f14c33260f81856170a5d95d882cfc907afc2427cbab2eb7a960d660d21f55,senate-efd-ocr,explicit,0
F000062,DIANNE FEINSTEIN,senate,Democrat,CA,,False,2019-03-22,2019-06-14,,NEXTERA ENERGY (stock),Stock,Purchase,"$250,001 - $500,000",375000.5,False,Spouse,f87e5b8f-8752-4d07-a5a8-cd777a7e70bd,https://efdsearch.senate.gov/search/view/paper/f87e5b8f-8752-4d07-a5a8-cd777a7e70bd/,a860d80a0419fe1e2abafb75bf78ef0b0ed5388f89f3c11db7e427161aeb9ee6,senate-efd-ocr,explicit,0
F000062,DIANNE FEINSTEIN,senate,Democrat,CA,,False,2019-03-22,2019-06-14,,NOVARTIS AG (stock),Stock,Purchase,"$250,001 - $500,000",375000.5,False,Spouse,f87e5b8f-8752-4d07-a5a8-cd777a7e70bd,https://efdsearch.senate.gov/search/view/paper/f87e5b8f-8752-4d07-a5a8-cd777a7e70bd/,6e041d5afcd270a2638fb0d3554c7e62fd4b73f71e5b774f5ed222fa0df4b32c,senate-efd-ocr,explicit,0
F000062,DIANNE FEINSTEIN,senate,Democrat,CA,,False,2019-03-22,2019-06-14,,PENTAIR PLC (stock),Stock,Purchase,"$250,001 - $500,000",375000.5,False,Spouse,f87e5b8f-8752-4d07-a5a8-cd777a7e70bd,https://efdsearch.senate.gov/search/view/paper/f87e5b8f-8752-4d07-a5a8-cd777a7e70bd/,4d0c2c4556dcf345e05f095c770c9b3bdcc9d42a0002faabb301068c9ea3c536,senate-efd-ocr,explicit,0
F000062,DIANNE FEINSTEIN,senate,Democrat,CA,,False,2019-03-22,2019-06-14,,SERVICEMASTER HLDGS (stock),Stock,Purchase,"$250,001 - $500,000",375000.5,False,Spouse,f87e5b8f-8752-4d07-a5a8-cd777a7e70bd,https://efdsearch.senate.gov/search/view/paper/f87e5b8f-8752-4d07-a5a8-cd777a7e70bd/,78f2bf3aacf89297692d935bbfad3b2a76ed2345510cdda881c2738d5b72583c,senate-efd-ocr,explicit,0
F000062,DIANNE FEINSTEIN,senate,Democrat,CA,,False,2019-03-22,2019-06-14,,UNIVAR INC (stock),Stock,Purchase,"$250,001 - $500,000",375000.5,False,Spouse,f87e5b8f-8752-4d07-a5a8-cd777a7e70bd,https://efdsearch.senate.gov/search/view/paper/f87e5b8f-8752-4d07-a5a8-cd777a7e70bd/,aed31cf538768e6a8550a7aabfec2c76ecf607635cbb7da851dd58695c670247,senate-efd-ocr,explicit,0
F000062,DIANNE FEINSTEIN,senate,Democrat,CA,,False,2019-03-22,2019-06-14,,US FOODS CORP (stock),Stock,Purchase,"$100,001 - $250,000",175000.5,False,Spouse,f87e5b8f-8752-4d07-a5a8-cd777a7e70bd,https://efdsearch.senate.gov/search/view/paper/f87e5b8f-8752-4d07-a5a8-cd777a7e70bd/,63c2fdcf85688ba6d8c67d4111383f4c7eeb6d3759af1d0affdd4a8c5724183f,senate-efd-ocr,explicit,0
F000062,DIANNE FEINSTEIN,senate,Democrat,CA,,False,2019-03-22,2019-06-14,,ALPHABET INC (stock),Stock,Purchase,"$250,001 - $500,000",375000.5,False,Spouse,f87e5b8f-8752-4d07-a5a8-cd777a7e70bd,https://efdsearch.senate.gov/search/view/paper/f87e5b8f-8752-4d07-a5a8-cd777a7e70bd/,1dfcd93b06ede10251ded1a84e0b187f3ab3147736a3d9ae4ae1432c81aef80b,senate-efd-ocr,explicit,0
F000062,DIANNE FEINSTEIN,senate,Democrat,CA,,False,2019-03-22,2019-06-14,,CHARTER COMM (stock),Stock,Purchase,"$250,001 - $500,000",375000.5,False,Spouse,f87e5b8f-8752-4d07-a5a8-cd777a7e70bd,https://efdsearch.senate.gov/search/view/paper/f87e5b8f-8752-4d07-a5a8-cd777a7e70bd/,ca5aae88e1711b80d3aa1623d271d755a080adcfc90db00bd2cde7755304b391,senate-efd-ocr,explicit,0
F000062,DIANNE FEINSTEIN,senate,Democrat,CA,,False,2019-03-22,2019-06-14,,CROWN CASTLE (stock),Stock,Purchase,"$250,001 - $500,000",375000.5,False,Spouse,f87e5b8f-8752-4d07-a5a8-cd777a7e70bd,https://efdsearch.senate.gov/search/view/paper/f87e5b8f-8752-4d07-a5a8-cd777a7e70bd/,1774dede3b88f216acfce2960a3b90d5d64a844c219b0cd461705d1f31c3e987,senate-efd-ocr,explicit,0
F000062,DIANNE FEINSTEIN,senate,Democrat,CA,,False,2019-03-22,2019-06-14,,DANAHER CORP (stock),Stock,Purchase,"$250,001 - $500,000",375000.5,False,Spouse,f87e5b8f-8752-4d07-a5a8-cd777a7e70bd,https://efdsearch.senate.gov/search/view/paper/f87e5b8f-8752-4d07-a5a8-cd777a7e70bd/,09a791dba1bbb8f10987499fd4292324e05c21a1b5fa3dc6d0961909a4de03c1,senate-efd-ocr,explicit,0
F000062,DIANNE FEINSTEIN,senate,Democrat,CA,,False,2019-03-22,2019-06-14,,DOW DUPONT (stock),Stock,Purchase,"$250,001 - $500,000",375000.5,False,Spouse,f87e5b8f-8752-4d07-a5a8-cd777a7e70bd,https://efdsearch.senate.gov/search/view/paper/f87e5b8f-8752-4d07-a5a8-cd777a7e70bd/,8d37f7e762b40f551d13bb469c84b6713902f698e12c4a9dd13269a0c35b1ec4,senate-efd-ocr,explicit,0
F000062,DIANNE FEINSTEIN,senate,Democrat,CA,,False,2019-03-22,2019-06-14,,MICROCHIP TECH (stock),Stock,Purchase,"$250,001 - $500,000",375000.5,False,Spouse,f87e5b8f-8752-4d07-a5a8-cd777a7e70bd,https://efdsearch.senate.gov/search/view/paper/f87e5b8f-8752-4d07-a5a8-cd777a7e70bd/,e7df84bf7dab9d3ef3175b25558da3152955960d7b4a5903c3c1bd48c6cb526e,senate-efd-ocr,explicit,0
F000062,DIANNE FEINSTEIN,senate,Democrat,CA,,False,2019-03-22,2019-06-14,,CHUBB LTD (stock),Stock,Purchase,"$250,001 - $500,000",375000.5,False,Spouse,f87e5b8f-8752-4d07-a5a8-cd777a7e70bd,https://efdsearch.senate.gov/search/view/paper/f87e5b8f-8752-4d07-a5a8-cd777a7e70bd/,0d386e70f996c09a6124eee1443395830df23e9df87608ce8351aaa11b502187,senate-efd-ocr,explicit,0
F000062,DIANNE FEINSTEIN,senate,Democrat,CA,,False,2019-03-22,2019-06-14,,JP MORGAN (stock),Stock,Purchase,"$250,001 - $500,000",375000.5,False,Spouse,f87e5b8f-8752-4d07-a5a8-cd777a7e70bd,https://efdsearch.senate.gov/search/view/paper/f87e5b8f-8752-4d07-a5a8-cd777a7e70bd/,ed470892eaf560c99c9507f5caa40e0c8151b5dd2737cb65926140054354d245,senate-efd-ocr,explicit,0
F000062,DIANNE FEINSTEIN,senate,Democrat,CA,,False,2019-03-22,2019-06-14,,"FACEBOOK, INC (stock)",Stock,Purchase,"$250,001 - $500,000",375000.5,False,Spouse,f87e5b8f-8752-4d07-a5a8-cd777a7e70bd,https://efdsearch.senate.gov/search/view/paper/f87e5b8f-8752-4d07-a5a8-cd777a7e70bd/,f903cf179debb419dccb33c66feec47509eefcb596054982843750a7a44e94c2,senate-efd-ocr,explicit,0
F000062,DIANNE FEINSTEIN,senate,Democrat,CA,,False,2019-03-22,2019-06-14,,MLP CEDAR (stock),Stock,Purchase,"$250,001 - $500,000",375000.5,False,Spouse,f87e5b8f-8752-4d07-a5a8-cd777a7e70bd,https://efdsearch.senate.gov/search/view/paper/f87e5b8f-8752-4d07-a5a8-cd777a7e70bd/,1bd0c9a81416336db31694c44be96e6086e6950c16ac17a6562141dde5bfe579,senate-efd-ocr,explicit,0
F000062,DIANNE FEINSTEIN,senate,Democrat,CA,,False,2019-03-22,2019-06-14,,STARBUCKS CORP (stock),Stock,Purchase,"$100,001 - $250,000",175000.5,False,Spouse,f87e5b8f-8752-4d07-a5a8-cd777a7e70bd,https://efdsearch.senate.gov/search/view/paper/f87e5b8f-8752-4d07-a5a8-cd777a7e70bd/,3fc8e67eae3e2f7479b14467042f0041ee7d1e33186ea9e42892077c88d5ee0f,senate-efd-ocr,explicit,0
F000062,DIANNE FEINSTEIN,senate,Democrat,CA,,False,2019-03-22,2019-06-14,,BROOKFIELD ASSET (stock),Stock,Purchase,"$250,001 - $500,000",375000.5,False,Spouse,f87e5b8f-8752-4d07-a5a8-cd777a7e70bd,https://efdsearch.senate.gov/search/view/paper/f87e5b8f-8752-4d07-a5a8-cd777a7e70bd/,e0593733aa5390f81564341087092f1cb5dba03c276709a94c3c23ae92d69bf2,senate-efd-ocr,explicit,0
F000062,DIANNE FEINSTEIN,senate,Democrat,CA,,False,2019-03-22,2019-06-14,,INTEL CORP (stock),Stock,Purchase,"$100,001 - $250,000",175000.5,False,Spouse,f87e5b8f-8752-4d07-a5a8-cd777a7e70bd,https://efdsearch.senate.gov/search/view/paper/f87e5b8f-8752-4d07-a5a8-cd777a7e70bd/,249460a372b1d0bdf6726e46aeff2d6f6dac5046ae996cfd7bcbee49a921eb81,senate-efd-ocr,explicit,0
F000062,DIANNE FEINSTEIN,senate,Democrat,CA,,False,2019-03-22,2019-06-14,,MICROSOFT INC (stock),Stock,Purchase,"$250,001 - $500,000",375000.5,False,Spouse,f87e5b8f-8752-4d07-a5a8-cd777a7e70bd,https://efdsearch.senate.gov/search/view/paper/f87e5b8f-8752-4d07-a5a8-cd777a7e70bd/,8b067e2f69abed5e9117ee99e231ff3e317efbbc2e89bff991c10c7356ffae41,senate-efd-ocr,explicit,0
F000062,DIANNE FEINSTEIN,senate,Democrat,CA,,False,2019-03-22,2019-06-14,,AIRLEASE CORP (stock),Stock,Purchase,"$250,001 - $500,000",375000.5,False,Spouse,f87e5b8f-8752-4d07-a5a8-cd777a7e70bd,https://efdsearch.senate.gov/search/view/paper/f87e5b8f-8752-4d07-a5a8-cd777a7e70bd/,2faca41a23f8ea03026122c190ef19d2743b0c387ed086b5c875c7b4df30e360,senate-efd-ocr,explicit,0
F000062,DIANNE FEINSTEIN,senate,Democrat,CA,,False,2019-03-22,2019-06-14,,US FOODS CORP (stock),Stock,Purchase,"$250,001 - $500,000",375000.5,False,Spouse,f87e5b8f-8752-4d07-a5a8-cd777a7e70bd,https://efdsearch.senate.gov/search/view/paper/f87e5b8f-8752-4d07-a5a8-cd777a7e70bd/,e4d43f5f0cb2a8e1ef5202fbea681887861b49107f9eada708f3bc10b437dc03,senate-efd-ocr,explicit,0
F000062,DIANNE FEINSTEIN,senate,Democrat,CA,,False,2019-03-22,2019-06-14,,MLP ENTERPRISE (stock),Stock,Purchase,"$500,001 - $1,000,000",750000.5,False,Spouse,f87e5b8f-8752-4d07-a5a8-cd777a7e70bd,https://efdsearch.senate.gov/search/view/paper/f87e5b8f-8752-4d07-a5a8-cd777a7e70bd/,810f5c33da44b45b1445f16f99d53c303fc559a75fb243e3a9f1b261021fc426,senate-efd-ocr,explicit,0
F000062,DIANNE FEINSTEIN,senate,Democrat,CA,,False,2019-03-22,2019-06-14,,VISA INC (stock),Stock,Purchase,"$100,001 - $250,000",175000.5,False,Spouse,f87e5b8f-8752-4d07-a5a8-cd777a7e70bd,https://efdsearch.senate.gov/search/view/paper/f87e5b8f-8752-4d07-a5a8-cd777a7e70bd/,cb6dee1218b14a210d9f332a45c378c9e3c4f0e788e0e8b37195d98b786c190b,senate-efd-ocr,explicit,0
F000062,DIANNE FEINSTEIN,senate,Democrat,CA,,False,2019-03-22,2019-06-14,,COGNIZANT INC (stock),Stock,Purchase,"$250,001 - $500,000",375000.5,False,Spouse,f87e5b8f-8752-4d07-a5a8-cd777a7e70bd,https://efdsearch.senate.gov/search/view/paper/f87e5b8f-8752-4d07-a5a8-cd777a7e70bd/,3c5b25406b5376098b4b609c2e5c60498b3e23e934e57b0c205a3624a198432b,senate-efd-ocr,explicit,0
F000062,DIANNE FEINSTEIN,senate,Democrat,CA,,False,2019-03-22,2019-06-14,,IHS MARKIT LTD (stock),Stock,Purchase,"$250,001 - $500,000",375000.5,False,Spouse,f87e5b8f-8752-4d07-a5a8-cd777a7e70bd,https://efdsearch.senate.gov/search/view/paper/f87e5b8f-8752-4d07-a5a8-cd777a7e70bd/,3de4b3ffb8507a3ac67bf5053175b7e32b4d6ef36cbdba7d8f3b22846004b401,senate-efd-ocr,explicit,0
F000062,DIANNE FEINSTEIN,senate,Democrat,CA,,False,2019-03-22,2019-06-14,,BAYER AG (stock),Stock,Purchase,"$250,001 - $500,000",375000.5,False,Spouse,f87e5b8f-8752-4d07-a5a8-cd777a7e70bd,https://efdsearch.senate.gov/search/view/paper/f87e5b8f-8752-4d07-a5a8-cd777a7e70bd/,312647cd7797cac2a116d7208f78a6ccee10f5d3f88e5d4ec49881312b405ddb,senate-efd-ocr,explicit,0
F000062,DIANNE FEINSTEIN,senate,Democrat,CA,,False,2019-03-22,2019-06-14,,RPM INTL (stock),Stock,Purchase,"$250,001 - $500,000",375000.5,False,Spouse,f87e5b8f-8752-4d07-a5a8-cd777a7e70bd,https://efdsearch.senate.gov/search/view/paper/f87e5b8f-8752-4d07-a5a8-cd777a7e70bd/,f72a5030af9652d24d4d1ec190231be582e87e893d0e19d71e4a51c9a86f9bc2,senate-efd-ocr,explicit,0
F000062,DIANNE FEINSTEIN,senate,Democrat,CA,,False,2019-03-22,2019-06-14,,ALLERGAN PLC (stock),Stock,Purchase,"$250,001 - $500,000",375000.5,False,Spouse,f87e5b8f-8752-4d07-a5a8-cd777a7e70bd,https://efdsearch.senate.gov/search/view/paper/f87e5b8f-8752-4d07-a5a8-cd777a7e70bd/,291c59e1094c02ba5290371bdddf55acabdd811b572f25d0852bb8957af4a32c,senate-efd-ocr,explicit,0
F000062,DIANNE FEINSTEIN,senate,Democrat,CA,,False,2019-03-22,2019-06-14,,POST HLDGS (stock),Stock,Purchase,"$250,001 - $500,000",375000.5,False,Spouse,f87e5b8f-8752-4d07-a5a8-cd777a7e70bd,https://efdsearch.senate.gov/search/view/paper/f87e5b8f-8752-4d07-a5a8-cd777a7e70bd/,776c9d5f49c4b1ec1e3263cce2d4255c4744f9015aed0d734dca40c03d710687,senate-efd-ocr,explicit,0
F000062,DIANNE FEINSTEIN,senate,Democrat,CA,,False,2019-03-22,2019-06-14,,WASTE CONNECTIONS (stock),Stock,Purchase,"$250,001 - $500,000",375000.5,False,Spouse,f87e5b8f-8752-4d07-a5a8-cd777a7e70bd,https://efdsearch.senate.gov/search/view/paper/f87e5b8f-8752-4d07-a5a8-cd777a7e70bd/,a0efd477354ca5dd4cf72cfb5f9a69aa716c939081bd2a31fd98e63d18eda20a,senate-efd-ocr,explicit,0
F000062,DIANNE FEINSTEIN,senate,Democrat,CA,,False,2019-03-22,2019-06-14,,WASTE CONNECTIONS (stock),Stock,Purchase,"$15,001 - $50,000",32500.5,False,Spouse,f87e5b8f-8752-4d07-a5a8-cd777a7e70bd,https://efdsearch.senate.gov/search/view/paper/f87e5b8f-8752-4d07-a5a8-cd777a7e70bd/,cb439deebc2a82bf12f3f9bec499948f8dec5f972472c7efcb61bee4b8aee47f,senate-efd-ocr,explicit,0
F000062,DIANNE FEINSTEIN,senate,Democrat,CA,,False,2019-03-20,2019-06-14,,TELEFLEX INC (stock),Stock,Purchase,"$250,001 - $500,000",375000.5,False,Spouse,f87e5b8f-8752-4d07-a5a8-cd777a7e70bd,https://efdsearch.senate.gov/search/view/paper/f87e5b8f-8752-4d07-a5a8-cd777a7e70bd/,d03e0ea25f7fbc836c762286f3cd9f0ac75cbdb60d2b79c440ee89476eb94658,senate-efd-ocr,explicit,0
F000062,DIANNE FEINSTEIN,senate,Democrat,CA,,False,2018-01-22,2019-06-14,,"Allergen PLC Mandatory Convertible Preferred Shares, Series A (publicly traded stock)",Stock,Sale,"$50,001 - $100,000",75000.5,False,Spouse,f87e5b8f-8752-4d07-a5a8-cd777a7e70bd,https://efdsearch.senate.gov/search/view/paper/f87e5b8f-8752-4d07-a5a8-cd777a7e70bd/,32cc50d06029fd124cd8d28fe35d316d378d3e114591154dd44c084dc40bdbb1,senate-efd-ocr,explicit,0
F000062,DIANNE FEINSTEIN,senate,Democrat,CA,,False,2019-03-21,2019-06-14,,"Cedar Fair, L.P. (publicly traded stock)",Other,Purchase,"$100,001 - $250,000",175000.5,False,Spouse,f87e5b8f-8752-4d07-a5a8-cd777a7e70bd,https://efdsearch.senate.gov/search/view/paper/f87e5b8f-8752-4d07-a5a8-cd777a7e70bd/,873f7b162295dc53301fc741258525706775663b6fa1ab481145a6c7dafc2e32,senate-efd-ocr,explicit,0
F000062,DIANNE FEINSTEIN,senate,Democrat,CA,,False,2019-03-22,2019-06-14,,Starbucks Corporation (publicly traded stock),Stock,Purchase,"$100,001 - $250,000",175000.5,False,Spouse,f87e5b8f-8752-4d07-a5a8-cd777a7e70bd,https://efdsearch.senate.gov/search/view/paper/f87e5b8f-8752-4d07-a5a8-cd777a7e70bd/,aaf3c3b0ecb84ef747eb6b5c068ff8d975e4c1b012e07e66eb50200ef4ec8e6e,senate-efd-ocr,explicit,0
F000062,DIANNE FEINSTEIN,senate,Democrat,CA,,False,2019-06-19,2019-06-14,,Agilent Technologies Inc. (publicly traded stock),Stock,Purchase,"$50,001 - $100,000",75000.5,False,Spouse,f87e5b8f-8752-4d07-a5a8-cd777a7e70bd,https://efdsearch.senate.gov/search/view/paper/f87e5b8f-8752-4d07-a5a8-cd777a7e70bd/,1c0dd837247652aa7c5c67c5ddb4d5dc83bd974e59ad32c1574c3dd6cb801ae0,senate-efd-ocr,explicit,0
F000062,DIANNE FEINSTEIN,senate,Democrat,CA,,False,2018-10-30,2019-06-14,,"Frontdoor, Inc. (publicly traded stock)",Stock,Sale,"$15,001 - $50,000",32500.5,False,Spouse,f87e5b8f-8752-4d07-a5a8-cd777a7e70bd,https://efdsearch.senate.gov/search/view/paper/f87e5b8f-8752-4d07-a5a8-cd777a7e70bd/,d316094ebbb488e8947e1c7cba4567184478a2bf43d9687b5dab36f46b56e7ed,senate-efd-ocr,explicit,0
F000062,DIANNE FEINSTEIN,senate,Democrat,CA,,False,2019-04-06,2019-06-14,,Visa Inc. (publicly traded stock),Stock,Purchase,"$15,001 - $50,000",32500.5,False,Spouse,f87e5b8f-8752-4d07-a5a8-cd777a7e70bd,https://efdsearch.senate.gov/search/view/paper/f87e5b8f-8752-4d07-a5a8-cd777a7e70bd/,b726c995a8abcba55b23fad96f8be61567774c2878740c4658abb4dc955b873d,senate-efd-ocr,explicit,0
F000062,DIANNE FEINSTEIN,senate,Democrat,CA,,False,2019-04-06,2019-06-14,,JPMorgan Chase & Co. (publicly traded stock),Stock,Sale,"$15,001 - $50,000",32500.5,False,Spouse,f87e5b8f-8752-4d07-a5a8-cd777a7e70bd,https://efdsearch.senate.gov/search/view/paper/f87e5b8f-8752-4d07-a5a8-cd777a7e70bd/,ff70813e80614a08528a79b65c99acb32620b7141026fdecbb8fed80f719941e,senate-efd-ocr,explicit,0
F000062,DIANNE FEINSTEIN,senate,Democrat,CA,,False,2019-04-13,2019-06-14,,Intel Corporation (publicly traded stock),Stock,Sale,"$15,001 - $50,000",32500.5,False,Spouse,f87e5b8f-8752-4d07-a5a8-cd777a7e70bd,https://efdsearch.senate.gov/search/view/paper/f87e5b8f-8752-4d07-a5a8-cd777a7e70bd/,aa1a31cf38ecb4fe983d25d34f874e17132c8d8084939f1ec154f04941576bfc,senate-efd-ocr,explicit,0
F000062,DIANNE FEINSTEIN,senate,Democrat,CA,,False,2018-08-01,2019-06-14,,Univar Inc. (publicly traded stock),Stock,Purchase,"$15,001 - $50,000",32500.5,False,Spouse,f87e5b8f-8752-4d07-a5a8-cd777a7e70bd,https://efdsearch.senate.gov/search/view/paper/f87e5b8f-8752-4d07-a5a8-cd777a7e70bd/,19c7372f30d20dc8a0edc36a61dd6f6c66537e678db7c3fcf02fd302b1e26fce,senate-efd-ocr,explicit,0
F000062,DIANNE FEINSTEIN,senate,Democrat,CA,,False,2018-11-20,2019-06-14,,CuriosityStream LLC (non-publicly traded stock),Other,Purchase,"$1,000,001 - $5,000,000",3000000.5,False,Spouse,f87e5b8f-8752-4d07-a5a8-cd777a7e70bd,https://efdsearch.senate.gov/search/view/paper/f87e5b8f-8752-4d07-a5a8-cd777a7e70bd/,4f060f1b6021cac94ba85ead70f90ecf6d97bc44e87431c783960d3f8fd8650e,senate-efd-ocr,explicit,0
B001135,RICHARD M BURR,senate,Republican,NC,,False,2019-02-01,2019-06-11,,Hanesbrands Inc. (stock) NYSE,Stock,Purchase,"$15,001 - $50,000",32500.5,False,Spouse,7761ed3b-b504-4431-ba82-09f9e5c22c65,https://efdsearch.senate.gov/search/view/paper/7761ed3b-b504-4431-ba82-09f9e5c22c65/,4ebcf41a648971944bf64c8cf2ae6e75eec686df9df31a810a33c63daee280e6,senate-efd-ocr,explicit,0
B001135,RICHARD M BURR,senate,Republican,NC,,False,2019-05-17,2019-06-11,,Hanesbrands Inc. (stock) NYSE,Stock,Sale,"$500,001 - $1,000,000",750000.5,False,Self,7761ed3b-b504-4431-ba82-09f9e5c22c65,https://efdsearch.senate.gov/search/view/paper/7761ed3b-b504-4431-ba82-09f9e5c22c65/,0a05d32d4d5e571dec5b2690261f282ef93147caa6b8d58d13ed4cb22ed577a3,senate-efd-ocr,explicit,0
B001135,RICHARD M BURR,senate,Republican,NC,,False,2019-05-17,2019-06-11,,Hanesbrands Inc. (stock) NYSE,Stock,Sale,"$15,001 - $50,000",32500.5,False,Spouse,7761ed3b-b504-4431-ba82-09f9e5c22c65,https://efdsearch.senate.gov/search/view/paper/7761ed3b-b504-4431-ba82-09f9e5c22c65/,89778b37aebf1deab4582bc5fcb15ad672277caf6c05c9d43cbb99af39116b5e,senate-efd-ocr,explicit,0
F000062,DIANNE FEINSTEIN,senate,Democrat,CA,,False,2019-04-26,2019-05-22,,Alphabet Inc.,Stock,Sale,"$100,001 - $250,000",175000.5,False,Spouse,dccff9e9-9249-4ec7-90fe-3be97fe0b199,https://efdsearch.senate.gov/search/view/paper/dccff9e9-9249-4ec7-90fe-3be97fe0b199/,93d20f21e5026811953dd41eb327ff9c1a58ceb081f90792802064c95af0a6f6,senate-efd-ocr,explicit,0
F000062,DIANNE FEINSTEIN,senate,Democrat,CA,,False,2019-04-26,2019-05-22,,Antero Midstream Corp.,Stock,Sale,"$100,001 - $250,000",175000.5,False,Spouse,dccff9e9-9249-4ec7-90fe-3be97fe0b199,https://efdsearch.senate.gov/search/view/paper/dccff9e9-9249-4ec7-90fe-3be97fe0b199/,a2d8ccfd85535f3970f3b6f7035f5101ade86f17627a25703f017c09accef17a,senate-efd-ocr,explicit,0
F000062,DIANNE FEINSTEIN,senate,Democrat,CA,,False,2019-04-26,2019-05-22,,Applied Materials Inc.,Stock,Sale,"$100,001 - $250,000",175000.5,False,Spouse,dccff9e9-9249-4ec7-90fe-3be97fe0b199,https://efdsearch.senate.gov/search/view/paper/dccff9e9-9249-4ec7-90fe-3be97fe0b199/,232ca0aa84b5000bee72eaec6cf9d45cea20685695222d50a1b36459f820883c,senate-efd-ocr,explicit,0
F000062,DIANNE FEINSTEIN,senate,Democrat,CA,,False,2019-04-26,2019-05-22,,Boeing Co.,Stock,Sale,"$100,001 - $250,000",175000.5,False,Spouse,dccff9e9-9249-4ec7-90fe-3be97fe0b199,https://efdsearch.senate.gov/search/view/paper/dccff9e9-9249-4ec7-90fe-3be97fe0b199/,1975919e8c174a4fbfffd83005f9b6b80ce4b960ad7e0b61432d0a3615349e5b,senate-efd-ocr,explicit,0
F000062,DIANNE FEINSTEIN,senate,Democrat,CA,,False,2019-04-26,2019-05-22,,Brookfield Asset Mgmt Inc.,Stock,Sale,"$100,001 - $250,000",175000.5,False,Spouse,dccff9e9-9249-4ec7-90fe-3be97fe0b199,https://efdsearch.senate.gov/search/view/paper/dccff9e9-9249-4ec7-90fe-3be97fe0b199/,04e4aac30788984a5d1a7f6beae797fc014c7c3423be455a663641b9df102fa7,senate-efd-ocr,explicit,0
F000062,DIANNE FEINSTEIN,senate,Democrat,CA,,False,2019-04-26,2019-05-22,,Charter Communications,,Sale,"$100,001 - $250,000",175000.5,False,Spouse,dccff9e9-9249-4ec7-90fe-3be97fe0b199,https://efdsearch.senate.gov/search/view/paper/dccff9e9-9249-4ec7-90fe-3be97fe0b199/,9b213bf1f5ad739a97b77b50824ebcea1bbda878baa8bd5763029e525e969d48,senate-efd-ocr,explicit,0
F000062,DIANNE FEINSTEIN,senate,Democrat,CA,,False,2019-04-24,2019-05-22,,Crown Castle Intl Corp. Inc.,Stock,Sale,"$15,001 - $50,000",32500.5,False,Spouse,dccff9e9-9249-4ec7-90fe-3be97fe0b199,https://efdsearch.senate.gov/search/view/paper/dccff9e9-9249-4ec7-90fe-3be97fe0b199/,21fcc75813c2074d756a1618f0526224bbead781febd310b61b3b7c24816f407,senate-efd-ocr,explicit,0
F000062,DIANNE FEINSTEIN,senate,Democrat,CA,,False,2019-04-26,2019-05-22,,Crown Castle Intl Corp.,Stock,Sale,"$50,001 - $100,000",75000.5,False,Spouse,dccff9e9-9249-4ec7-90fe-3be97fe0b199,https://efdsearch.senate.gov/search/view/paper/dccff9e9-9249-4ec7-90fe-3be97fe0b199/,ce2ea07f3650c9f6b756ffbbdbef0ea5e38e002c49d4dc3769c635cd705e16c2,senate-efd-ocr,explicit,0
F000062,DIANNE FEINSTEIN,senate,Democrat,CA,,False,2019-04-26,2019-05-22,,Danaher Corp.,Stock,Sale,"$100,001 - $250,000",175000.5,False,Spouse,dccff9e9-9249-4ec7-90fe-3be97fe0b199,https://efdsearch.senate.gov/search/view/paper/dccff9e9-9249-4ec7-90fe-3be97fe0b199/,97e12a7d6d2a795b9140e4fd66467cddd5e2c195552e8e3af48915ddaf3c7a36,senate-efd-ocr,explicit,0
F000062,DIANNE FEINSTEIN,senate,Democrat,CA,,False,2019-04-26,2019-05-22,,Digital Realty Trust Inc.,Other,Sale,"$100,001 - $250,000",175000.5,False,Spouse,dccff9e9-9249-4ec7-90fe-3be97fe0b199,https://efdsearch.senate.gov/search/view/paper/dccff9e9-9249-4ec7-90fe-3be97fe0b199/,d5512814fc12b7609b96eb84d1efeb7121f2042ed288bb0b8828e46bc4986cc0,senate-efd-ocr,explicit,0
F000062,DIANNE FEINSTEIN,senate,Democrat,CA,,False,2019-04-26,2019-05-22,,Fedex Corp.,Stock,Sale,"$100,001 - $250,000",175000.5,False,Spouse,dccff9e9-9249-4ec7-90fe-3be97fe0b199,https://efdsearch.senate.gov/search/view/paper/dccff9e9-9249-4ec7-90fe-3be97fe0b199/,a8cbb7ca2939337a7068af8b70e094583b2ef9850bf3c455b93ec0d780808d3c,senate-efd-ocr,explicit,0
F000062,DIANNE FEINSTEIN,senate,Democrat,CA,,False,2019-04-26,2019-05-22,,IHS Markit Ltd,,Sale,"$100,001 - $250,000",175000.5,False,Spouse,dccff9e9-9249-4ec7-90fe-3be97fe0b199,https://efdsearch.senate.gov/search/view/paper/dccff9e9-9249-4ec7-90fe-3be97fe0b199/,afbc2a9ad6840bb87611f83f60e86e83c8510975340f94a5f096dd600c1e28e0,senate-efd-ocr,explicit,0
F000062,DIANNE FEINSTEIN,senate,Democrat,CA,,False,2019-04-26,2019-05-22,,Microsoft Corp.,Stock,Sale,"$100,001 - $250,000",175000.5,False,Spouse,dccff9e9-9249-4ec7-90fe-3be97fe0b199,https://efdsearch.senate.gov/search/view/paper/dccff9e9-9249-4ec7-90fe-3be97fe0b199/,39d3da0ed8713425d8f197df2346fb262c6d7d5a1e4d712c0033b403dcd6f4c6,senate-efd-ocr,explicit,0
F000062,DIANNE FEINSTEIN,senate,Democrat,CA,,False,2019-04-26,2019-05-22,,Nvidia Corp.,Stock,Sale,"$100,001 - $250,000",175000.5,False,Spouse,dccff9e9-9249-4ec7-90fe-3be97fe0b199,https://efdsearch.senate.gov/search/view/paper/dccff9e9-9249-4ec7-90fe-3be97fe0b199/,250e41487a067d7664248de47d42b7f8c45688c12e29afec0d133326aa06ac36,senate-efd-ocr,explicit,0
F000062,DIANNE FEINSTEIN,senate,Democrat,CA,,False,2019-04-26,2019-05-22,,Servicemaster Global Hldgs Inc.,Stock,Sale,"$50,001 - $100,000",75000.5,False,Spouse,dccff9e9-9249-4ec7-90fe-3be97fe0b199,https://efdsearch.senate.gov/search/view/paper/dccff9e9-9249-4ec7-90fe-3be97fe0b199/,19044118744debc31d903099b3af1a84ee68a35b715105d583e76c1cde5a46fd,senate-efd-ocr,explicit,0
F000062,DIANNE FEINSTEIN,senate,Democrat,CA,,False,2019-04-26,2019-05-22,,Synopsis Inc.,Stock,Sale,"$50,001 - $100,000",75000.5,False,Spouse,dccff9e9-9249-4ec7-90fe-3be97fe0b199,https://efdsearch.senate.gov/search/view/paper/dccff9e9-9249-4ec7-90fe-3be97fe0b199/,28b1f8493e0cc9750762890b7c9362192ba963033851d511495e71db9ab68785,senate-efd-ocr,explicit,0
F000062,DIANNE FEINSTEIN,senate,Democrat,CA,,False,2019-04-26,2019-05-22,,US Foods Hldg Corp.,Stock,Sale,"$50,001 - $100,000",75000.5,False,Spouse,dccff9e9-9249-4ec7-90fe-3be97fe0b199,https://efdsearch.senate.gov/search/view/paper/dccff9e9-9249-4ec7-90fe-3be97fe0b199/,901821e7efc496adef53aaa8bd0f3f617a5e059ca5c7c5700f5286227096e58c,senate-efd-ocr,explicit,0
F000062,DIANNE FEINSTEIN,senate,Democrat,CA,,False,2019-04-26,2019-05-22,,Visa Inc.,Stock,Sale,"$100,001 - $250,000",175000.5,False,Spouse,dccff9e9-9249-4ec7-90fe-3be97fe0b199,https://efdsearch.senate.gov/search/view/paper/dccff9e9-9249-4ec7-90fe-3be97fe0b199/,28c8a43c1ef99b8bd9ec1b7d5fc3fa69528c3168f1f2dfa5f5620f69acbf2458,senate-efd-ocr,explicit,0
F000062,DIANNE FEINSTEIN,senate,Democrat,CA,,False,2019-04-26,2019-05-22,,Waste Connections Inc.,Stock,Sale,"$50,001 - $100,000",75000.5,False,Spouse,dccff9e9-9249-4ec7-90fe-3be97fe0b199,https://efdsearch.senate.gov/search/view/paper/dccff9e9-9249-4ec7-90fe-3be97fe0b199/,3d5319909ae86a3b9be622b135d06bd859fc7e92953335d56a5af1b4f2030480,senate-efd-ocr,explicit,0
B001236,JOHN BOOZMAN,senate,Republican,AR,"Commission on Security and Cooperation in Europe; SSAF13; SSAF14; SSAF15; SSAF16; SSAF17; SSAP02; SSAP18; SSAP19; SSAP20; SSAP23; SSAP24; SSEV08; SSEV10; SSEV15; Senate Committee on Agriculture, Nutrition, and Forestry; Senate Committee on Appropriations; Senate Committee on Environment and Public Works; Senate Committee on Rules and Administration; Senate Committee on Veterans' Affairs",False,2019-04-29,2019-05-20,,Accenture PLC Ireland Shs Cl A,Stock,Sale,"$1,001 - $15,000",8000.5,False,Self,9df8ad03-172a-43eb-80f4-b6f311b2aa41,https://efdsearch.senate.gov/search/view/paper/9df8ad03-172a-43eb-80f4-b6f311b2aa41/,5847e066dda89f4de35a9f479c68505686a99ba8f6ee746afe5b4ddba51754de,senate-efd-ocr,explicit,0
B001236,JOHN BOOZMAN,senate,Republican,AR,"Commission on Security and Cooperation in Europe; SSAF13; SSAF14; SSAF15; SSAF16; SSAF17; SSAP02; SSAP18; SSAP19; SSAP20; SSAP23; SSAP24; SSEV08; SSEV10; SSEV15; Senate Committee on Agriculture, Nutrition, and Forestry; Senate Committee on Appropriations; Senate Committee on Environment and Public Works; Senate Committee on Rules and Administration; Senate Committee on Veterans' Affairs",False,2019-04-29,2019-05-20,,Archer Daniels Midland Co Com,Stock,Purchase,"$1,001 - $15,000",8000.5,False,Self,9df8ad03-172a-43eb-80f4-b6f311b2aa41,https://efdsearch.senate.gov/search/view/paper/9df8ad03-172a-43eb-80f4-b6f311b2aa41/,fae867c0b62277fa8c53271ca2b42cd013abef1da9250368d4a38492e5c17408,senate-efd-ocr,explicit,0
B001135,RICHARD M BURR,senate,Republican,NC,,False,2019-02-01,2019-05-02,,LRB Partners,Other,Purchase,"$100,001 - $250,000",175000.5,False,Self,d5aedac2-a021-4f33-9142-721d3c82724f,https://efdsearch.senate.gov/search/view/paper/d5aedac2-a021-4f33-9142-721d3c82724f/,920f072c3db6940b1597257a8b15ef72407ed46148cac14689511e7fd3d2c0f6,senate-efd-ocr,explicit,0
B001135,RICHARD M BURR,senate,Republican,NC,,False,2019-02-27,2019-05-02,,LRB Partners,Other,Sale,"$15,001 - $50,000",32500.5,False,Self,d5aedac2-a021-4f33-9142-721d3c82724f,https://efdsearch.senate.gov/search/view/paper/d5aedac2-a021-4f33-9142-721d3c82724f/,da3c140986db4d89c3703abcb4073fbef2fc30a2f832962175fb945315286549,senate-efd-ocr,explicit,0
B001135,RICHARD M BURR,senate,Republican,NC,,False,2019-04-01,2019-05-02,,LRB Partners,Other,Sale,"$1,000,001 - $5,000,000",3000000.5,False,Spouse,d5aedac2-a021-4f33-9142-721d3c82724f,https://efdsearch.senate.gov/search/view/paper/d5aedac2-a021-4f33-9142-721d3c82724f/,742c4b0c9e209f2e5f216bb64b4e34fc87345799914cdf6501439bef05334285,senate-efd-ocr,explicit,0
B001135,RICHARD M BURR,senate,Republican,NC,,False,2019-04-11,2019-05-02,,Elanco Animal Health Inc. (stock) NYSE,Stock,Purchase,"$15,001 - $50,000",32500.5,False,Spouse,5ba213ef-42a1-4517-bf32-5cc941a82d7c,https://efdsearch.senate.gov/search/view/paper/5ba213ef-42a1-4517-bf32-5cc941a82d7c/,84166f4a0aeda605a1e46ad9c8dacfbc871b79430c101fc1216ff3bdad91ee97,senate-efd-ocr,explicit,0
B001135,RICHARD M BURR,senate,Republican,NC,,False,2019-04-11,2019-05-02,,MSC Industrial Direct Co. Inc. - A (stock) NYSE,Stock,Purchase,"$15,001 - $50,000",32500.5,False,Spouse,5ba213ef-42a1-4517-bf32-5cc941a82d7c,https://efdsearch.senate.gov/search/view/paper/5ba213ef-42a1-4517-bf32-5cc941a82d7c/,9b26eabc1f45ffbc00cf4d443edfbe6f0634dfad4d16feb1f0ed98e0cefab895,senate-efd-ocr,explicit,0
B001135,RICHARD M BURR,senate,Republican,NC,,False,2019-04-11,2019-05-02,,Orion Engineered Carbons SA (stock) NYSE,Stock,Sale,"$15,001 - $50,000",32500.5,False,Spouse,5ba213ef-42a1-4517-bf32-5cc941a82d7c,https://efdsearch.senate.gov/search/view/paper/5ba213ef-42a1-4517-bf32-5cc941a82d7c/,05ba5d33a2f582c94c5774fe6c7b66a364e9b1be05ee6b1978b1241a15398315,senate-efd-ocr,explicit,0
B001135,RICHARD M BURR,senate,Republican,NC,,False,2019-04-11,2019-05-02,,MSC Industrial Direct Co. Inc. - A (stock) NYSE,Stock,Purchase,"$15,001 - $50,000",32500.5,False,Spouse,5ba213ef-42a1-4517-bf32-5cc941a82d7c,https://efdsearch.senate.gov/search/view/paper/5ba213ef-42a1-4517-bf32-5cc941a82d7c/,9b26eabc1f45ffbc00cf4d443edfbe6f0634dfad4d16feb1f0ed98e0cefab895,senate-efd-ocr,explicit,1
B001135,RICHARD M BURR,senate,Republican,NC,,False,2019-04-11,2019-05-02,,Elanco Animal Health Inc. (stock) NYSE,Stock,Sale,"$15,001 - $50,000",32500.5,False,Spouse,5ba213ef-42a1-4517-bf32-5cc941a82d7c,https://efdsearch.senate.gov/search/view/paper/5ba213ef-42a1-4517-bf32-5cc941a82d7c/,2be122e41f6a4530b454e60e611601e5c8089b0af67afc92fbe5bf976de6d248,senate-efd-ocr,explicit,0
F000062,DIANNE FEINSTEIN,senate,Democrat,CA,,False,2019-03-27,2019-04-29,,Crown Castle International Corp.,Stock,Sale,"$1,001 - $15,000",8000.5,False,Self,0d1cda01-6aae-49e1-9c70-b88fb6c86af8,https://efdsearch.senate.gov/search/view/paper/0d1cda01-6aae-49e1-9c70-b88fb6c86af8/,1c7363dfd8fe532e31d82da833bb5960854a315cd69dd871a89ab2c3c427d422,senate-efd-ocr,explicit,0
B001277,RICHARD BLUMENTHAL,senate,Democrat,CT,SSAS13; SSAS14; SSAS17; SSGA01; SSGA20; SSJU01; SSJU22; SSJU25; SSJU28; Senate Committee on Armed Services; Senate Committee on Homeland Security and Governmental Affairs; Senate Committee on Veterans' Affairs; Senate Committee on the Judiciary; United States Senate Caucus on International Narcotics Control,True,2019-02-28,2019-04-29,,Peter L Malkin Family 2000 LLC: ELCM2 LLC,Other,Sale,"$100,001 - $250,000",175000.5,False,Spouse,40f35e56-632b-4b9d-b28c-658419ca0d53,https://efdsearch.senate.gov/search/view/paper/40f35e56-632b-4b9d-b28c-658419ca0d53/,8c8960bbad57992667958c73c8f80ffd2a31e012edd7004a37695595c6615015,senate-efd-ocr,explicit,0
B001277,RICHARD BLUMENTHAL,senate,Democrat,CT,SSAS13; SSAS14; SSAS17; SSGA01; SSGA20; SSJU01; SSJU22; SSJU25; SSJU28; Senate Committee on Armed Services; Senate Committee on Homeland Security and Governmental Affairs; Senate Committee on Veterans' Affairs; Senate Committee on the Judiciary; United States Senate Caucus on International Narcotics Control,True,2019-02-28,2019-04-29,,ELCM2 LLC,Other,Sale,"$100,001 - $250,000",175000.5,False,Spouse,40f35e56-632b-4b9d-b28c-658419ca0d53,https://efdsearch.senate.gov/search/view/paper/40f35e56-632b-4b9d-b28c-658419ca0d53/,e42345447a16872941f534758f34cc96455e3ec772360b182fda3fe84ae0b947,senate-efd-ocr,explicit,0
B001277,RICHARD BLUMENTHAL,senate,Democrat,CT,SSAS13; SSAS14; SSAS17; SSGA01; SSGA20; SSJU01; SSJU22; SSJU25; SSJU28; Senate Committee on Armed Services; Senate Committee on Homeland Security and Governmental Affairs; Senate Committee on Veterans' Affairs; Senate Committee on the Judiciary; United States Senate Caucus on International Narcotics Control,True,2019-03-28,2019-04-29,,CMB 2009 GRAT - Peter L Malkin Family: ELCM2 LLC,Other,Sale,"$250,001 - $500,000",375000.5,False,Spouse,40f35e56-632b-4b9d-b28c-658419ca0d53,https://efdsearch.senate.gov/search/view/paper/40f35e56-632b-4b9d-b28c-658419ca0d53/,d0f7428b448cd206921900d6e32f4860510cba9da7314c4e5ab47b2f7d079559,senate-efd-ocr,explicit,0
B001277,RICHARD BLUMENTHAL,senate,Democrat,CT,SSAS13; SSAS14; SSAS17; SSGA01; SSGA20; SSJU01; SSJU22; SSJU25; SSJU28; Senate Committee on Armed Services; Senate Committee on Homeland Security and Governmental Affairs; Senate Committee on Veterans' Affairs; Senate Committee on the Judiciary; United States Senate Caucus on International Narcotics Control,True,2019-03-28,2019-04-29,,Peter L Malkin Family 9 LLC: ELCM2 LLC,Other,Sale,"$100,001 - $250,000",175000.5,False,Spouse,40f35e56-632b-4b9d-b28c-658419ca0d53,https://efdsearch.senate.gov/search/view/paper/40f35e56-632b-4b9d-b28c-658419ca0d53/,2d59cc5997b3e3754d5a08a77471e0f3ec4000fd528eb863220d1ff7a7795ee6,senate-efd-ocr,explicit,0
B001277,RICHARD BLUMENTHAL,senate,Democrat,CT,SSAS13; SSAS14; SSAS17; SSGA01; SSGA20; SSJU01; SSJU22; SSJU25; SSJU28; Senate Committee on Armed Services; Senate Committee on Homeland Security and Governmental Affairs; Senate Committee on Veterans' Affairs; Senate Committee on the Judiciary; United States Senate Caucus on International Narcotics Control,True,2019-04-10,2019-04-29,,Peter L Malkin Family 2000 LLC: ELCM2 LLC,Other,Sale,"$100,001 - $250,000",175000.5,False,Spouse,40f35e56-632b-4b9d-b28c-658419ca0d53,https://efdsearch.senate.gov/search/view/paper/40f35e56-632b-4b9d-b28c-658419ca0d53/,51faebc56da36480e6509473f65e16c6597c1ca916a5b282d5640f0ef507850a,senate-efd-ocr,explicit,0
B001277,RICHARD BLUMENTHAL,senate,Democrat,CT,SSAS13; SSAS14; SSAS17; SSGA01; SSGA20; SSJU01; SSJU22; SSJU25; SSJU28; Senate Committee on Armed Services; Senate Committee on Homeland Security and Governmental Affairs; Senate Committee on Veterans' Affairs; Senate Committee on the Judiciary; United States Senate Caucus on International Narcotics Control,True,2019-04-05,2019-04-29,,ELCM2 LLC,Other,Purchase,"$1,001 - $15,000",8000.5,False,Spouse,40f35e56-632b-4b9d-b28c-658419ca0d53,https://efdsearch.senate.gov/search/view/paper/40f35e56-632b-4b9d-b28c-658419ca0d53/,d63ea0e383c3ae4feb8a8718a8da40bc356210e110b1084d47a6f13eca74f1fb,senate-efd-ocr,explicit,0
B001277,RICHARD BLUMENTHAL,senate,Democrat,CT,SSAS13; SSAS14; SSAS17; SSGA01; SSGA20; SSJU01; SSJU22; SSJU25; SSJU28; Senate Committee on Armed Services; Senate Committee on Homeland Security and Governmental Affairs; Senate Committee on Veterans' Affairs; Senate Committee on the Judiciary; United States Senate Caucus on International Narcotics Control,True,2019-04-10,2019-04-29,,Peter L Malkin Family 9 LLC: ELCM2 LLC,Other,Sale,"$1,000,001 - $5,000,000",3000000.5,False,Spouse,40f35e56-632b-4b9d-b28c-658419ca0d53,https://efdsearch.senate.gov/search/view/paper/40f35e56-632b-4b9d-b28c-658419ca0d53/,50a5f658e0df845b74d736301ef3728a12e1836cb8213d528f1c605b77156467,senate-efd-ocr,explicit,0
B001277,RICHARD BLUMENTHAL,senate,Democrat,CT,SSAS13; SSAS14; SSAS17; SSGA01; SSGA20; SSJU01; SSJU22; SSJU25; SSJU28; Senate Committee on Armed Services; Senate Committee on Homeland Security and Governmental Affairs; Senate Committee on Veterans' Affairs; Senate Committee on the Judiciary; United States Senate Caucus on International Narcotics Control,True,2019-04-10,2019-04-29,,CMB 2009 GRAT - Peter L Malkin: ELCM2 LLC,Other,Sale,"$250,001 - $500,000",375000.5,False,Spouse,40f35e56-632b-4b9d-b28c-658419ca0d53,https://efdsearch.senate.gov/search/view/paper/40f35e56-632b-4b9d-b28c-658419ca0d53/,d50c7f3e1ae0348602099b9a4828db221859c3a731981084d877449218233011,senate-efd-ocr,explicit,0
B001277,RICHARD BLUMENTHAL,senate,Democrat,CT,SSAS13; SSAS14; SSAS17; SSGA01; SSGA20; SSJU01; SSJU22; SSJU25; SSJU28; Senate Committee on Armed Services; Senate Committee on Homeland Security and Governmental Affairs; Senate Committee on Veterans' Affairs; Senate Committee on the Judiciary; United States Senate Caucus on International Narcotics Control,True,2019-04-12,2019-04-29,,Peter L Malkin Family 9 LLC: ELCM2 LLC,Other,Sale,"$100,001 - $250,000",175000.5,False,Spouse,40f35e56-632b-4b9d-b28c-658419ca0d53,https://efdsearch.senate.gov/search/view/paper/40f35e56-632b-4b9d-b28c-658419ca0d53/,7d017c131af74d17ca9e06a0b986cc7030923d33a2d07fce01a99e8a024d3f23,senate-efd-ocr,explicit,0
B001277,RICHARD BLUMENTHAL,senate,Democrat,CT,SSAS13; SSAS14; SSAS17; SSGA01; SSGA20; SSJU01; SSJU22; SSJU25; SSJU28; Senate Committee on Armed Services; Senate Committee on Homeland Security and Governmental Affairs; Senate Committee on Veterans' Affairs; Senate Committee on the Judiciary; United States Senate Caucus on International Narcotics Control,True,2019-04-12,2019-04-29,,ELCM2 LLC,Other,Sale,"$500,001 - $1,000,000",750000.5,False,Spouse,40f35e56-632b-4b9d-b28c-658419ca0d53,https://efdsearch.senate.gov/search/view/paper/40f35e56-632b-4b9d-b28c-658419ca0d53/,b4df78642e2dadec7acfa54cc95a9eab5189e4cf353538f8f6a1abd084b409eb,senate-efd-ocr,explicit,0
B001277,RICHARD BLUMENTHAL,senate,Democrat,CT,SSAS13; SSAS14; SSAS17; SSGA01; SSGA20; SSJU01; SSJU22; SSJU25; SSJU28; Senate Committee on Armed Services; Senate Committee on Homeland Security and Governmental Affairs; Senate Committee on Veterans' Affairs; Senate Committee on the Judiciary; United States Senate Caucus on International Narcotics Control,True,2019-04-05,2019-04-29,,Peter L Malkin Family 2000 LLC: ELCM2 LLC,Other,Purchase,"$1,001 - $15,000",8000.5,False,Spouse,40f35e56-632b-4b9d-b28c-658419ca0d53,https://efdsearch.senate.gov/search/view/paper/40f35e56-632b-4b9d-b28c-658419ca0d53/,c4e9ea00e871fdab32baa957900395ac5eb12e251e744ba379e60df190d9ceb3,senate-efd-ocr,explicit,0
B001277,RICHARD BLUMENTHAL,senate,Democrat,CT,SSAS13; SSAS14; SSAS17; SSGA01; SSGA20; SSJU01; SSJU22; SSJU25; SSJU28; Senate Committee on Armed Services; Senate Committee on Homeland Security and Governmental Affairs; Senate Committee on Veterans' Affairs; Senate Committee on the Judiciary; United States Senate Caucus on International Narcotics Control,True,2019-04-05,2019-04-29,,Lucas Brand Equity Special Investment - MD Professional LP,Other,Purchase,"$1,001 - $15,000",8000.5,False,Spouse,40f35e56-632b-4b9d-b28c-658419ca0d53,https://efdsearch.senate.gov/search/view/paper/40f35e56-632b-4b9d-b28c-658419ca0d53/,b0614a9a966772f41ac5a262fea9c9db31d5dec4575a9fcc10760329dbb9dd75,senate-efd-ocr,explicit,0
B001236,JOHN BOOZMAN,senate,Republican,AR,"Commission on Security and Cooperation in Europe; SSAF13; SSAF14; SSAF15; SSAF16; SSAF17; SSAP02; SSAP18; SSAP19; SSAP20; SSAP23; SSAP24; SSEV08; SSEV10; SSEV15; Senate Committee on Agriculture, Nutrition, and Forestry; Senate Committee on Appropriations; Senate Committee on Environment and Public Works; Senate Committee on Rules and Administration; Senate Committee on Veterans' Affairs",False,2019-03-21,2019-04-23,,Biogen Idec Inc,Stock,Sale,"$1,001 - $15,000",8000.5,False,Self,df5cc344-2da5-471d-9470-be7ecc4d742f,https://efdsearch.senate.gov/search/view/paper/df5cc344-2da5-471d-9470-be7ecc4d742f/,ff1a6f35fb4ec7d76b4e8e56bd964f23ec99274bab78d8f153bb2bf9f7154d3c,senate-efd-ocr,explicit,0
B001236,JOHN BOOZMAN,senate,Republican,AR,"Commission on Security and Cooperation in Europe; SSAF13; SSAF14; SSAF15; SSAF16; SSAF17; SSAP02; SSAP18; SSAP19; SSAP20; SSAP23; SSAP24; SSEV08; SSEV10; SSEV15; Senate Committee on Agriculture, Nutrition, and Forestry; Senate Committee on Appropriations; Senate Committee on Environment and Public Works; Senate Committee on Rules and Administration; Senate Committee on Veterans' Affairs",False,2019-03-07,2019-04-23,,iShares JP Morgan Em Bond Fd,Corporate Bond,Sale,"$1,001 - $15,000",8000.5,False,Self,df5cc344-2da5-471d-9470-be7ecc4d742f,https://efdsearch.senate.gov/search/view/paper/df5cc344-2da5-471d-9470-be7ecc4d742f/,d323b3ac9b4fc6e34a93b511a2026d934ce25dfb5ce369e823d7abc45ca772d4,senate-efd-ocr,explicit,0
B001236,JOHN BOOZMAN,senate,Republican,AR,"Commission on Security and Cooperation in Europe; SSAF13; SSAF14; SSAF15; SSAF16; SSAF17; SSAP02; SSAP18; SSAP19; SSAP20; SSAP23; SSAP24; SSEV08; SSEV10; SSEV15; Senate Committee on Agriculture, Nutrition, and Forestry; Senate Committee on Appropriations; Senate Committee on Environment and Public Works; Senate Committee on Rules and Administration; Senate Committee on Veterans' Affairs",False,2019-03-21,2019-04-23,,Comcast Corp New Cl A,Stock,Purchase,"$1,001 - $15,000",8000.5,False,Self,df5cc344-2da5-471d-9470-be7ecc4d742f,https://efdsearch.senate.gov/search/view/paper/df5cc344-2da5-471d-9470-be7ecc4d742f/,f3b17a5f3cf7b81948246e2e5dda33a85ec4397d1fcc396e61a957eb51b621b0,senate-efd-ocr,explicit,0
B001236,JOHN BOOZMAN,senate,Republican,AR,"Commission on Security and Cooperation in Europe; SSAF13; SSAF14; SSAF15; SSAF16; SSAF17; SSAP02; SSAP18; SSAP19; SSAP20; SSAP23; SSAP24; SSEV08; SSEV10; SSEV15; Senate Committee on Agriculture, Nutrition, and Forestry; Senate Committee on Appropriations; Senate Committee on Environment and Public Works; Senate Committee on Rules and Administration; Senate Committee on Veterans' Affairs",False,2019-03-07,2019-04-23,,Goldman Sachs Treas Acct ETF,,Purchase,"$1,001 - $15,000",8000.5,False,Self,df5cc344-2da5-471d-9470-be7ecc4d742f,https://efdsearch.senate.gov/search/view/paper/df5cc344-2da5-471d-9470-be7ecc4d742f/,140b9e8956bfddd59d0c87db9a1e9031c757e0eef6182914b4a7791b90dc5143,senate-efd-ocr,explicit,0
B001236,JOHN BOOZMAN,senate,Republican,AR,"Commission on Security and Cooperation in Europe; SSAF13; SSAF14; SSAF15; SSAF16; SSAF17; SSAP02; SSAP18; SSAP19; SSAP20; SSAP23; SSAP24; SSEV08; SSEV10; SSEV15; Senate Committee on Agriculture, Nutrition, and Forestry; Senate Committee on Appropriations; Senate Committee on Environment and Public Works; Senate Committee on Rules and Administration; Senate Committee on Veterans' Affairs",False,2019-03-21,2019-04-23,,Verizon Communications Com,,Purchase,"$1,001 - $15,000",8000.5,False,Self,df5cc344-2da5-471d-9470-be7ecc4d742f,https://efdsearch.senate.gov/search/view/paper/df5cc344-2da5-471d-9470-be7ecc4d742f/,2c0d250d22f6403268b6bc421c16253908d9efafee1c1f3cae27f03c1a0e5203,senate-efd-ocr,explicit,0
B001277,RICHARD BLUMENTHAL,senate,Democrat,CT,SSAS13; SSAS14; SSAS17; SSGA01; SSGA20; SSJU01; SSJU22; SSJU25; SSJU28; Senate Committee on Armed Services; Senate Committee on Homeland Security and Governmental Affairs; Senate Committee on Veterans' Affairs; Senate Committee on the Judiciary; United States Senate Caucus on International Narcotics Control,True,2019-03-14,2019-04-08,,930-DSIC 4 LLC,Other,Purchase,"$15,001 - $50,000",32500.5,False,Spouse,59e4865b-0547-48e7-8f92-f0bc687b788b,https://efdsearch.senate.gov/search/view/paper/59e4865b-0547-48e7-8f92-f0bc687b788b/,fc721b0cfeb3f52d375d5b1f7be0ba67bd925ebe0b0c6e6a19db88fe5c161f68,senate-efd-ocr,explicit,0
B001277,RICHARD BLUMENTHAL,senate,Democrat,CT,SSAS13; SSAS14; SSAS17; SSGA01; SSGA20; SSJU01; SSJU22; SSJU25; SSJU28; Senate Committee on Armed Services; Senate Committee on Homeland Security and Governmental Affairs; Senate Committee on Veterans' Affairs; Senate Committee on the Judiciary; United States Senate Caucus on International Narcotics Control,True,2019-03-14,2019-04-08,,Peter L Malkin Family 9 LLC: 930-DSIC 4 LLC,Other,Purchase,"$100,001 - $250,000",175000.5,False,Spouse,59e4865b-0547-48e7-8f92-f0bc687b788b,https://efdsearch.senate.gov/search/view/paper/59e4865b-0547-48e7-8f92-f0bc687b788b/,c2cc50b83c01daf62cc616b388668578880ae9522bfe66f7a2264403240bb1be,senate-efd-ocr,explicit,0
B001277,RICHARD BLUMENTHAL,senate,Democrat,CT,SSAS13; SSAS14; SSAS17; SSGA01; SSGA20; SSJU01; SSJU22; SSJU25; SSJU28; Senate Committee on Armed Services; Senate Committee on Homeland Security and Governmental Affairs; Senate Committee on Veterans' Affairs; Senate Committee on the Judiciary; United States Senate Caucus on International Narcotics Control,True,2019-03-19,2019-04-08,,"Peter L Malkin Family 9 LLC: Vanterra HPH II, LP",Other,Purchase,"$250,001 - $500,000",375000.5,False,Spouse,59e4865b-0547-48e7-8f92-f0bc687b788b,https://efdsearch.senate.gov/search/view/paper/59e4865b-0547-48e7-8f92-f0bc687b788b/,de909f44567eb810a4a84d7cd9afa4d0d19f91ff601351a64e3d0af5fb33a6d1,senate-efd-ocr,explicit,0
B001277,RICHARD BLUMENTHAL,senate,Democrat,CT,SSAS13; SSAS14; SSAS17; SSGA01; SSGA20; SSJU01; SSJU22; SSJU25; SSJU28; Senate Committee on Armed Services; Senate Committee on Homeland Security and Governmental Affairs; Senate Committee on Veterans' Affairs; Senate Committee on the Judiciary; United States Senate Caucus on International Narcotics Control,True,2019-03-20,2019-04-08,,Peter L Malkin Family 2000: Radcliff Management LLC,Other,Purchase,"$1,000,001 - $5,000,000",3000000.5,False,Spouse,59e4865b-0547-48e7-8f92-f0bc687b788b,https://efdsearch.senate.gov/search/view/paper/59e4865b-0547-48e7-8f92-f0bc687b788b/,380fd1841969f531182d76482b023c039ce3dd7729df1abe317a906e62d9dbbf,senate-efd-ocr,explicit,0
B001135,RICHARD M BURR,senate,Republican,NC,,False,2019-03-28,2019-04-04,,Centurylink Inc. (stock) NYSE,Stock,Purchase,"$1,001 - $15,000",8000.5,False,Spouse,644865e7-929f-424c-add9-42b199bf3280,https://efdsearch.senate.gov/search/view/paper/644865e7-929f-424c-add9-42b199bf3280/,b300773775aa072c3f1f8a37798934f1579080929c9e79ffea8ce122e3d47f7e,senate-efd-ocr,explicit,0
B001135,RICHARD M BURR,senate,Republican,NC,,False,2019-03-28,2019-04-04,,Orion Engineered Carbons SA (stock) NYSE,Stock,Purchase,"$1,001 - $15,000",8000.5,False,Spouse,644865e7-929f-424c-add9-42b199bf3280,https://efdsearch.senate.gov/search/view/paper/644865e7-929f-424c-add9-42b199bf3280/,fc53b955e5ab1e20a450198ea39a348f461713959ae8e6d5e51b1006aa6a6590,senate-efd-ocr,explicit,0
B001135,RICHARD M BURR,senate,Republican,NC,,False,2019-03-28,2019-04-04,,Orion Engineered Carbons SA (stock) NYSE,Stock,Purchase,"$1,001 - $15,000",8000.5,False,Spouse,644865e7-929f-424c-add9-42b199bf3280,https://efdsearch.senate.gov/search/view/paper/644865e7-929f-424c-add9-42b199bf3280/,fc53b955e5ab1e20a450198ea39a348f461713959ae8e6d5e51b1006aa6a6590,senate-efd-ocr,explicit,1
F000062,DIANNE FEINSTEIN,senate,Democrat,CA,,False,2019-02-08,2019-03-25,,Digital Realty Tr Inc.,Stock,Purchase,"$100,001 - $250,000",175000.5,False,Spouse,7af87c4e-454a-4a3e-8097-6d27cf59c714,https://efdsearch.senate.gov/search/view/paper/7af87c4e-454a-4a3e-8097-6d27cf59c714/,1d5c250569fab8f6c53f203dfbea1b7351399b3e2840bdb733d0e7480e2306dc,senate-efd-ocr,explicit,0
F000062,DIANNE FEINSTEIN,senate,Democrat,CA,,False,2019-02-20,2019-03-25,,Agilent Technologies Inc.,Stock,Purchase,"$50,001 - $100,000",75000.5,False,Spouse,7af87c4e-454a-4a3e-8097-6d27cf59c714,https://efdsearch.senate.gov/search/view/paper/7af87c4e-454a-4a3e-8097-6d27cf59c714/,a0c3fd8024b197e4805d1cfb1b2298d6d050d9f21585cd3f76d4bad68cd76116,senate-efd-ocr,explicit,0
F000062,DIANNE FEINSTEIN,senate,Democrat,CA,,False,2019-02-20,2019-03-25,,Agilent Technologies Inc.,Stock,Sale,"$500,001 - $1,000,000",750000.5,False,Spouse,7af87c4e-454a-4a3e-8097-6d27cf59c714,https://efdsearch.senate.gov/search/view/paper/7af87c4e-454a-4a3e-8097-6d27cf59c714/,01bfb4244067145dbe9ff35079280eca9e1ab933f6a36cf86d2add2cbc89b89b,senate-efd-ocr,explicit,0
F000062,DIANNE FEINSTEIN,senate,Democrat,CA,,False,2019-02-27,2019-03-25,,Applied Materials Inc.,Stock,Purchase,"$500,001 - $1,000,000",750000.5,False,Spouse,7af87c4e-454a-4a3e-8097-6d27cf59c714,https://efdsearch.senate.gov/search/view/paper/7af87c4e-454a-4a3e-8097-6d27cf59c714/,fa68257b4794849d2f8d3cfb1c88b151ef24107de8850c0f9c7a0ef54dfdc4ff,senate-efd-ocr,explicit,0
F000062,DIANNE FEINSTEIN,senate,Democrat,CA,,False,2019-02-27,2019-03-25,,Charter Communications Inc.,Stock,Purchase,"$500,001 - $1,000,000",750000.5,False,Spouse,7af87c4e-454a-4a3e-8097-6d27cf59c714,https://efdsearch.senate.gov/search/view/paper/7af87c4e-454a-4a3e-8097-6d27cf59c714/,945d543b5f931a2f890c782d2e714ab65effa815182de7873ee34fd1f69aa989,senate-efd-ocr,explicit,0
B001277,RICHARD BLUMENTHAL,senate,Democrat,CT,SSAS13; SSAS14; SSAS17; SSGA01; SSGA20; SSJU01; SSJU22; SSJU25; SSJU28; Senate Committee on Armed Services; Senate Committee on Homeland Security and Governmental Affairs; Senate Committee on Veterans' Affairs; Senate Committee on the Judiciary; United States Senate Caucus on International Narcotics Control,True,2019-02-19,2019-03-19,,GCP Captivate Secondary LP,Other,Purchase,"$100,001 - $250,000",175000.5,False,Spouse,af36bd7e-37df-423b-9d5f-95d40eec8ee7,https://efdsearch.senate.gov/search/view/paper/af36bd7e-37df-423b-9d5f-95d40eec8ee7/,9f16ac63c16466ba5d948a68f2abf34ff8d9a1cf54baece10119b6fca292f89a,senate-efd-ocr,explicit,0
B001277,RICHARD BLUMENTHAL,senate,Democrat,CT,SSAS13; SSAS14; SSAS17; SSGA01; SSGA20; SSJU01; SSJU22; SSJU25; SSJU28; Senate Committee on Armed Services; Senate Committee on Homeland Security and Governmental Affairs; Senate Committee on Veterans' Affairs; Senate Committee on the Judiciary; United States Senate Caucus on International Narcotics Control,True,2019-03-01,2019-03-19,,"Kashmir Holdings, LLC",Other,Purchase,"$250,001 - $500,000",375000.5,False,Spouse,af36bd7e-37df-423b-9d5f-95d40eec8ee7,https://efdsearch.senate.gov/search/view/paper/af36bd7e-37df-423b-9d5f-95d40eec8ee7/,3edd87011129c541c8e167da073fdc797ba103d8c6f08d6e396724c7fddb6286,senate-efd-ocr,explicit,0
B001236,JOHN BOOZMAN,senate,Republican,AR,"Commission on Security and Cooperation in Europe; SSAF13; SSAF14; SSAF15; SSAF16; SSAF17; SSAP02; SSAP18; SSAP19; SSAP20; SSAP23; SSAP24; SSEV08; SSEV10; SSEV15; Senate Committee on Agriculture, Nutrition, and Forestry; Senate Committee on Appropriations; Senate Committee on Environment and Public Works; Senate Committee on Rules and Administration; Senate Committee on Veterans' Affairs",False,2019-02-19,2019-03-06,,iShares JP Morgan Em Bond Fd,Corporate Bond,Sale,"$1,001 - $15,000",8000.5,False,Self,7f0d501b-72c9-40f5-bd07-f76d6aed289d,https://efdsearch.senate.gov/search/view/paper/7f0d501b-72c9-40f5-bd07-f76d6aed289d/,defef28044f1dce3c6b2522f9a8c6d2b37c51776e11848aa2c0028a1aa677e8f,senate-efd-ocr,explicit,0
B001236,JOHN BOOZMAN,senate,Republican,AR,"Commission on Security and Cooperation in Europe; SSAF13; SSAF14; SSAF15; SSAF16; SSAF17; SSAP02; SSAP18; SSAP19; SSAP20; SSAP23; SSAP24; SSEV08; SSEV10; SSEV15; Senate Committee on Agriculture, Nutrition, and Forestry; Senate Committee on Appropriations; Senate Committee on Environment and Public Works; Senate Committee on Rules and Administration; Senate Committee on Veterans' Affairs",False,2019-02-19,2019-03-06,,Doubleline Emg Mkts Inc I,Stock,Purchase,"$1,001 - $15,000",8000.5,False,Self,7f0d501b-72c9-40f5-bd07-f76d6aed289d,https://efdsearch.senate.gov/search/view/paper/7f0d501b-72c9-40f5-bd07-f76d6aed289d/,25786f1cdc88e9cb373058290d3761ec48bdcd0183e063d51eae904e6b87b5ea,senate-efd-ocr,explicit,0
B001236,JOHN BOOZMAN,senate,Republican,AR,"Commission on Security and Cooperation in Europe; SSAF13; SSAF14; SSAF15; SSAF16; SSAF17; SSAP02; SSAP18; SSAP19; SSAP20; SSAP23; SSAP24; SSEV08; SSEV10; SSEV15; Senate Committee on Agriculture, Nutrition, and Forestry; Senate Committee on Appropriations; Senate Committee on Environment and Public Works; Senate Committee on Rules and Administration; Senate Committee on Veterans' Affairs",False,2019-02-19,2019-03-06,,Goldman Sachs Treas Acct ETF,,Purchase,"$1,001 - $15,000",8000.5,False,Self,7f0d501b-72c9-40f5-bd07-f76d6aed289d,https://efdsearch.senate.gov/search/view/paper/7f0d501b-72c9-40f5-bd07-f76d6aed289d/,75b4bafa2c9808e897910687eabb5dbec87f3afeaa36f3791eafd7c21a14e25b,senate-efd-ocr,explicit,0
B001277,RICHARD BLUMENTHAL,senate,Democrat,CT,SSAS13; SSAS14; SSAS17; SSGA01; SSGA20; SSJU01; SSJU22; SSJU25; SSJU28; Senate Committee on Armed Services; Senate Committee on Homeland Security and Governmental Affairs; Senate Committee on Veterans' Affairs; Senate Committee on the Judiciary; United States Senate Caucus on International Narcotics Control,True,2019-02-01,2019-02-19,,"Peter L Malkin Family 2000 LLC: Maya Capital Ventures I, LP",Other,Purchase,"$100,001 - $250,000",175000.5,False,Spouse,8e223aef-2f07-43cb-9af3-12914429aa46,https://efdsearch.senate.gov/search/view/paper/8e223aef-2f07-43cb-9af3-12914429aa46/,37694e95c38ef81bd4b01a57d031017140034c694bf8c030dfe169628930776b,senate-efd-ocr,explicit,0
B001277,RICHARD BLUMENTHAL,senate,Democrat,CT,SSAS13; SSAS14; SSAS17; SSGA01; SSGA20; SSJU01; SSJU22; SSJU25; SSJU28; Senate Committee on Armed Services; Senate Committee on Homeland Security and Governmental Affairs; Senate Committee on Veterans' Affairs; Senate Committee on the Judiciary; United States Senate Caucus on International Narcotics Control,True,2019-02-27,2019-02-19,,"Peter L Malkin Family 2000 LLC: Maya Capital Ventures I, LP",Other,Sale,"$500,001 - $1,000,000",750000.5,False,Spouse,8e223aef-2f07-43cb-9af3-12914429aa46,https://efdsearch.senate.gov/search/view/paper/8e223aef-2f07-43cb-9af3-12914429aa46/,36404a88aeec4ab2867c2e71574518e28f31eb61839115de5ecea5751560bc84,senate-efd-ocr,explicit,0
F000062,DIANNE FEINSTEIN,senate,Democrat,CA,,False,2019-01-18,2019-02-14,,Nemaura Medical Inc.,Stock,Purchase,"$15,001 - $50,000",32500.5,False,Self,aaafdc5d-4641-4a0a-9f6c-31333bab4d6e,https://efdsearch.senate.gov/search/view/paper/aaafdc5d-4641-4a0a-9f6c-31333bab4d6e/,424a007bbbbb182a9222e20aca3b6669d0d7d9af5e03150983dcdd260c1a2100,senate-efd-ocr,explicit,0
F000062,DIANNE FEINSTEIN,senate,Democrat,CA,,False,2019-01-17,2019-02-14,,Nemaura Medical Inc.,Stock,Sale,"$15,001 - $50,000",32500.5,False,Self,aaafdc5d-4641-4a0a-9f6c-31333bab4d6e,https://efdsearch.senate.gov/search/view/paper/aaafdc5d-4641-4a0a-9f6c-31333bab4d6e/,2966f8960f0f75745204eafcccd941ca814f9f3314f97e3c8393d6227498af72,senate-efd-ocr,explicit,0
F000062,DIANNE FEINSTEIN,senate,Democrat,CA,,False,2019-01-10,2019-02-14,,Air Lease Corp. CL A,Stock,Purchase,"$50,001 - $100,000",75000.5,False,Self,aaafdc5d-4641-4a0a-9f6c-31333bab4d6e,https://efdsearch.senate.gov/search/view/paper/aaafdc5d-4641-4a0a-9f6c-31333bab4d6e/,0026dbb2cc0972f552aa4ec44ec97f845f5ab5e07f11e263310ca9fd5d830aec,senate-efd-ocr,explicit,0
F000062,DIANNE FEINSTEIN,senate,Democrat,CA,,False,2019-01-10,2019-02-14,,Synopsis Inc.,Stock,Purchase,"$250,001 - $500,000",375000.5,False,Self,aaafdc5d-4641-4a0a-9f6c-31333bab4d6e,https://efdsearch.senate.gov/search/view/paper/aaafdc5d-4641-4a0a-9f6c-31333bab4d6e/,e1c4274d5e3fe34052bf099b0b9617894c72e92d49e73eb9c93c81528f4965e2,senate-efd-ocr,explicit,0
F000062,DIANNE FEINSTEIN,senate,Democrat,CA,,False,2019-01-10,2019-02-14,,Nvidia Corp.,Stock,Purchase,"$250,001 - $500,000",375000.5,False,Self,aaafdc5d-4641-4a0a-9f6c-31333bab4d6e,https://efdsearch.senate.gov/search/view/paper/aaafdc5d-4641-4a0a-9f6c-31333bab4d6e/,f0019217f7e77a141c5c32d5637184cc2bb03e2d040fce7f2ade27029bb6a4c5,senate-efd-ocr,explicit,0
F000062,DIANNE FEINSTEIN,senate,Democrat,CA,,False,2019-01-10,2019-02-14,,Hologic Inc.,Stock,Purchase,"$500,001 - $1,000,000",750000.5,False,Self,aaafdc5d-4641-4a0a-9f6c-31333bab4d6e,https://efdsearch.senate.gov/search/view/paper/aaafdc5d-4641-4a0a-9f6c-31333bab4d6e/,b374253ca4c0c69e2d99c643141e3283eb47bbb96e8bdefcd39636c81ddf9954,senate-efd-ocr,explicit,0
F000062,DIANNE FEINSTEIN,senate,Democrat,CA,,False,2019-01-10,2019-02-14,,3M Co.,Stock,Sale,"$500,001 - $1,000,000",750000.5,False,Spouse,aaafdc5d-4641-4a0a-9f6c-31333bab4d6e,https://efdsearch.senate.gov/search/view/paper/aaafdc5d-4641-4a0a-9f6c-31333bab4d6e/,fbc7b46cb0649aa5de7687160753c19a2bfb9f17ff3b891e951c52582966213a,senate-efd-ocr,explicit,0
F000062,DIANNE FEINSTEIN,senate,Democrat,CA,,False,2019-01-11,2019-02-14,,Antero Midstream GP LP,Other,Sale,"$250,001 - $500,000",375000.5,False,Spouse,aaafdc5d-4641-4a0a-9f6c-31333bab4d6e,https://efdsearch.senate.gov/search/view/paper/aaafdc5d-4641-4a0a-9f6c-31333bab4d6e/,a382195fc31e62afd614b8fa3d0dbbc9e835423f9517465d6e751cf476269610,senate-efd-ocr,explicit,0
F000062,DIANNE FEINSTEIN,senate,Democrat,CA,,False,2019-01-18,2019-02-14,,Brookfield Asset Mgmt Inc.,Stock,Purchase,"$250,001 - $500,000",375000.5,False,Self,aaafdc5d-4641-4a0a-9f6c-31333bab4d6e,https://efdsearch.senate.gov/search/view/paper/aaafdc5d-4641-4a0a-9f6c-31333bab4d6e/,d97f78ec6f75043e525a158298de86fcb44ca1eb6b9472b74487786fe2376eae,senate-efd-ocr,explicit,0
F000062,DIANNE FEINSTEIN,senate,Democrat,CA,,False,2019-01-22,2019-02-14,,Antero Midstream GP LP,Other,Purchase,"$15,001 - $50,000",32500.5,False,Self,aaafdc5d-4641-4a0a-9f6c-31333bab4d6e,https://efdsearch.senate.gov/search/view/paper/aaafdc5d-4641-4a0a-9f6c-31333bab4d6e/,d758331a0a268d08d76c65545a762d944292bddce843300a0c744a2932f0ebf3,senate-efd-ocr,explicit,0
F000062,DIANNE FEINSTEIN,senate,Democrat,CA,,False,2019-01-28,2019-02-14,,Fedex Corp.,Stock,Purchase,"$250,001 - $500,000",375000.5,False,Self,aaafdc5d-4641-4a0a-9f6c-31333bab4d6e,https://efdsearch.senate.gov/search/view/paper/aaafdc5d-4641-4a0a-9f6c-31333bab4d6e/,2a1c0ebf05053210e547258f90f00dbb0d84340fc035865fa7da16c3987c3e2c,senate-efd-ocr,explicit,0
F000062,DIANNE FEINSTEIN,senate,Democrat,CA,,False,2019-01-28,2019-02-14,,Air Lease Corp.,Stock,Sale,"$500,001 - $1,000,000",750000.5,False,Self,aaafdc5d-4641-4a0a-9f6c-31333bab4d6e,https://efdsearch.senate.gov/search/view/paper/aaafdc5d-4641-4a0a-9f6c-31333bab4d6e/,feca7cc4b868d90db6b35abc96b85e65ccff606c59fddae9b5361744d1d55bc0,senate-efd-ocr,explicit,0
F000062,DIANNE FEINSTEIN,senate,Democrat,CA,,False,2019-01-29,2019-02-14,,Fedex Corp.,Stock,Purchase,"$50,001 - $100,000",75000.5,False,Self,aaafdc5d-4641-4a0a-9f6c-31333bab4d6e,https://efdsearch.senate.gov/search/view/paper/aaafdc5d-4641-4a0a-9f6c-31333bab4d6e/,c8c94d18f4bf49346c21aa262c0196b9735d6a75b4bf6bdd42382811911c66bd,senate-efd-ocr,explicit,0
B001135,RICHARD M BURR,senate,Republican,NC,,False,2019-01-24,2019-02-13,STZ,"Constellation Brands, Inc. - A STZ",Stock,Purchase,"$1,001 - $15,000",8000.5,False,Self,8a404fb9-609e-48c0-a67f-6337f88f6652,https://efdsearch.senate.gov/search/view/paper/8a404fb9-609e-48c0-a67f-6337f88f6652/,60d9618b1e1766475af0949d65841360cbb1516a270f9ab5aec8ba13c35dab0c,senate-efd-ocr,explicit,0
B001135,RICHARD M BURR,senate,Republican,NC,,False,2019-01-24,2019-02-13,STZ,"Constellation Brands, Inc. - A STZ",Stock,Purchase,"$15,001 - $50,000",32500.5,False,Self,8a404fb9-609e-48c0-a67f-6337f88f6652,https://efdsearch.senate.gov/search/view/paper/8a404fb9-609e-48c0-a67f-6337f88f6652/,60bb9de834c95ccc6d10a0ee3844eebc5b08f25686e1a87afa505fb819e70ef7,senate-efd-ocr,explicit,0
B001236,JOHN BOOZMAN,senate,Republican,AR,"Commission on Security and Cooperation in Europe; SSAF13; SSAF14; SSAF15; SSAF16; SSAF17; SSAP02; SSAP18; SSAP19; SSAP20; SSAP23; SSAP24; SSEV08; SSEV10; SSEV15; Senate Committee on Agriculture, Nutrition, and Forestry; Senate Committee on Appropriations; Senate Committee on Environment and Public Works; Senate Committee on Rules and Administration; Senate Committee on Veterans' Affairs",False,2019-01-08,2019-02-08,,iShares Tr Barclys 10-20 Yr,,Sale,"$1,001 - $15,000",8000.5,False,Self,d26e9de9-163b-451f-ae32-fab6e211e5d0,https://efdsearch.senate.gov/search/view/paper/d26e9de9-163b-451f-ae32-fab6e211e5d0/,3829c0d22c40b2884323997c73f8a6203906e3df3c42976e53f0486cc273dadd,senate-efd-ocr,explicit,0
B001236,JOHN BOOZMAN,senate,Republican,AR,"Commission on Security and Cooperation in Europe; SSAF13; SSAF14; SSAF15; SSAF16; SSAF17; SSAP02; SSAP18; SSAP19; SSAP20; SSAP23; SSAP24; SSEV08; SSEV10; SSEV15; Senate Committee on Agriculture, Nutrition, and Forestry; Senate Committee on Appropriations; Senate Committee on Environment and Public Works; Senate Committee on Rules and Administration; Senate Committee on Veterans' Affairs",False,2019-01-08,2019-02-08,,iShares Tr Index Barclys 7-10 Yr,,Sale,"$1,001 - $15,000",8000.5,False,Self,d26e9de9-163b-451f-ae32-fab6e211e5d0,https://efdsearch.senate.gov/search/view/paper/d26e9de9-163b-451f-ae32-fab6e211e5d0/,9dba5eb4d8ab1fd97ffd8bcd743c975bc3608f94f3195adb77899ba45138925f,senate-efd-ocr,explicit,0
B001236,JOHN BOOZMAN,senate,Republican,AR,"Commission on Security and Cooperation in Europe; SSAF13; SSAF14; SSAF15; SSAF16; SSAF17; SSAP02; SSAP18; SSAP19; SSAP20; SSAP23; SSAP24; SSEV08; SSEV10; SSEV15; Senate Committee on Agriculture, Nutrition, and Forestry; Senate Committee on Appropriations; Senate Committee on Environment and Public Works; Senate Committee on Rules and Administration; Senate Committee on Veterans' Affairs",False,2019-01-11,2019-02-08,,Union Pacific,,Sale,"$1,001 - $15,000",8000.5,False,Self,d26e9de9-163b-451f-ae32-fab6e211e5d0,https://efdsearch.senate.gov/search/view/paper/d26e9de9-163b-451f-ae32-fab6e211e5d0/,abba0f2244382122df11dca89a13738f5e900c686a7014d3fa752204d91f4dac,senate-efd-ocr,explicit,0
B001236,JOHN BOOZMAN,senate,Republican,AR,"Commission on Security and Cooperation in Europe; SSAF13; SSAF14; SSAF15; SSAF16; SSAF17; SSAP02; SSAP18; SSAP19; SSAP20; SSAP23; SSAP24; SSEV08; SSEV10; SSEV15; Senate Committee on Agriculture, Nutrition, and Forestry; Senate Committee on Appropriations; Senate Committee on Environment and Public Works; Senate Committee on Rules and Administration; Senate Committee on Veterans' Affairs",False,2019-01-11,2019-02-08,,Allergan PLC Shs,Stock,Purchase,"$1,001 - $15,000",8000.5,False,Self,d26e9de9-163b-451f-ae32-fab6e211e5d0,https://efdsearch.senate.gov/search/view/paper/d26e9de9-163b-451f-ae32-fab6e211e5d0/,0e1963693f6cfa19a1ab854fda687cea9fb548d3c11603cddbe9359972129996,senate-efd-ocr,explicit,0
B001236,JOHN BOOZMAN,senate,Republican,AR,"Commission on Security and Cooperation in Europe; SSAF13; SSAF14; SSAF15; SSAF16; SSAF17; SSAP02; SSAP18; SSAP19; SSAP20; SSAP23; SSAP24; SSEV08; SSEV10; SSEV15; Senate Committee on Agriculture, Nutrition, and Forestry; Senate Committee on Appropriations; Senate Committee on Environment and Public Works; Senate Committee on Rules and Administration; Senate Committee on Veterans' Affairs",False,2019-01-11,2019-02-08,,Comcast Corp New Cl A,Stock,Purchase,"$1,001 - $15,000",8000.5,False,Self,d26e9de9-163b-451f-ae32-fab6e211e5d0,https://efdsearch.senate.gov/search/view/paper/d26e9de9-163b-451f-ae32-fab6e211e5d0/,15eac3a22b5e743faf3e11da4053a5a092784f38a67abc9fc581105c0a4571bc,senate-efd-ocr,explicit,0
B001236,JOHN BOOZMAN,senate,Republican,AR,"Commission on Security and Cooperation in Europe; SSAF13; SSAF14; SSAF15; SSAF16; SSAF17; SSAP02; SSAP18; SSAP19; SSAP20; SSAP23; SSAP24; SSEV08; SSEV10; SSEV15; Senate Committee on Agriculture, Nutrition, and Forestry; Senate Committee on Appropriations; Senate Committee on Environment and Public Works; Senate Committee on Rules and Administration; Senate Committee on Veterans' Affairs",False,2019-01-11,2019-02-08,,Fortune Brands Home & Sec in Com,,Purchase,"$1,001 - $15,000",8000.5,False,Self,d26e9de9-163b-451f-ae32-fab6e211e5d0,https://efdsearch.senate.gov/search/view/paper/d26e9de9-163b-451f-ae32-fab6e211e5d0/,9d16011a3cff950e1b5201cb43607d0b69a584d2a9fe5756cc12db1404df822e,senate-efd-ocr,explicit,0
B001236,JOHN BOOZMAN,senate,Republican,AR,"Commission on Security and Cooperation in Europe; SSAF13; SSAF14; SSAF15; SSAF16; SSAF17; SSAP02; SSAP18; SSAP19; SSAP20; SSAP23; SSAP24; SSEV08; SSEV10; SSEV15; Senate Committee on Agriculture, Nutrition, and Forestry; Senate Committee on Appropriations; Senate Committee on Environment and Public Works; Senate Committee on Rules and Administration; Senate Committee on Veterans' Affairs",False,2019-01-08,2019-02-08,,Goldman Sachs Treas Acct ETF,,Purchase,"$1,001 - $15,000",8000.5,False,Self,d26e9de9-163b-451f-ae32-fab6e211e5d0,https://efdsearch.senate.gov/search/view/paper/d26e9de9-163b-451f-ae32-fab6e211e5d0/,cf4762708081018b6cbd232def46c52ed1b3abfcaea53533038ac42e6117d920,senate-efd-ocr,explicit,0
B001135,RICHARD M BURR,senate,Republican,NC,,False,2019-01-03,2019-01-29,,Fairfax Financial Holdings LTD (stock),Other,Purchase,"$15,001 - $50,000",32500.5,False,Self,8fa0d41f-828d-4849-9e45-4e66fe164d3b,https://efdsearch.senate.gov/search/view/paper/8fa0d41f-828d-4849-9e45-4e66fe164d3b/,e3f3580400294061b1b7d0855b208647a8169e66acdc70782c2d4709749434d2,senate-efd-ocr,explicit,0
B001135,RICHARD M BURR,senate,Republican,NC,,False,2019-01-03,2019-01-29,,Fairfax Financial Holdings LTD (stock),Other,Sale,"$15,001 - $50,000",32500.5,False,Self,8fa0d41f-828d-4849-9e45-4e66fe164d3b,https://efdsearch.senate.gov/search/view/paper/8fa0d41f-828d-4849-9e45-4e66fe164d3b/,f1c09835729053d9d797570cce44e29b7281647bcea486734a2ab78d54fd6452,senate-efd-ocr,explicit,0
B001135,RICHARD M BURR,senate,Republican,NC,,False,2019-01-03,2019-01-29,,"Dorman Products, Inc. (stock)",Stock,Purchase,"$15,001 - $50,000",32500.5,False,Self,8fa0d41f-828d-4849-9e45-4e66fe164d3b,https://efdsearch.senate.gov/search/view/paper/8fa0d41f-828d-4849-9e45-4e66fe164d3b/,dde8bdecaaa9c7ff405e09459e5ce3b11bd85d6ca5a43d2ffcc8da8057d3d6de,senate-efd-ocr,explicit,0
B001135,RICHARD M BURR,senate,Republican,NC,,False,2019-01-03,2019-01-29,,Zimmer Biomet Holdings Inc. (stock),Other,Sale,"$15,001 - $50,000",32500.5,False,Self,8fa0d41f-828d-4849-9e45-4e66fe164d3b,https://efdsearch.senate.gov/search/view/paper/8fa0d41f-828d-4849-9e45-4e66fe164d3b/,e792da2593284fd024707d127f1829b1b1cc21aa77413a40a89437494d83c596,senate-efd-ocr,explicit,0
B001135,RICHARD M BURR,senate,Republican,NC,,False,2019-01-03,2019-01-29,NYSE,"Dorman Products, Inc. (stock) NYSE",Stock,Purchase,"$1,001 - $15,000",8000.5,False,Self,8fa0d41f-828d-4849-9e45-4e66fe164d3b,https://efdsearch.senate.gov/search/view/paper/8fa0d41f-828d-4849-9e45-4e66fe164d3b/,0f05a47816f2c2fc9afff53f11f75b87483c34440075d13c6b4c1f0311d45104,senate-efd-ocr,explicit,0
B001135,RICHARD M BURR,senate,Republican,NC,,False,2019-01-03,2019-01-29,FFH,Fairfax Financial Holdings LTD FFH,Other,Purchase,"$1,001 - $15,000",8000.5,False,Self,8fa0d41f-828d-4849-9e45-4e66fe164d3b,https://efdsearch.senate.gov/search/view/paper/8fa0d41f-828d-4849-9e45-4e66fe164d3b/,ae918b018212947df006afc24889675df87ef97969b9e553296cd8ccb9ea75b0,senate-efd-ocr,explicit,0
B001135,RICHARD M BURR,senate,Republican,NC,,False,2019-01-03,2019-01-29,NYSE,Zimmer Biomet Holdings Inc. (stock) NYSE,Other,Purchase,"$1,001 - $15,000",8000.5,False,Self,8fa0d41f-828d-4849-9e45-4e66fe164d3b,https://efdsearch.senate.gov/search/view/paper/8fa0d41f-828d-4849-9e45-4e66fe164d3b/,5a59ed445538e2441521290290a1cd4ef11221f021dcb6c969c63360c9d7830d,senate-efd-ocr,explicit,0
B001135,RICHARD M BURR,senate,Republican,NC,,False,2019-01-03,2019-01-29,NYSE,Colfax Corporation (stock) NYSE,Stock,Purchase,"$1,001 - $15,000",8000.5,False,Self,8fa0d41f-828d-4849-9e45-4e66fe164d3b,https://efdsearch.senate.gov/search/view/paper/8fa0d41f-828d-4849-9e45-4e66fe164d3b/,f79625ee6bf560cc5dfbf4c69f3396d7dd15d7516ce5b04aef05234fcd48252e,senate-efd-ocr,explicit,0
B001135,RICHARD M BURR,senate,Republican,NC,,False,2019-01-03,2019-01-29,NASDAQ,GCI Liberty Inc. - Class A (stock) NASDAQ,Stock,Purchase,"$15,001 - $50,000",32500.5,False,Spouse,8fa0d41f-828d-4849-9e45-4e66fe164d3b,https://efdsearch.senate.gov/search/view/paper/8fa0d41f-828d-4849-9e45-4e66fe164d3b/,7861fc6722dc89a140712f9967b11988d99edb6721d9647d106587641a91adb1,senate-efd-ocr,explicit,0
B001135,RICHARD M BURR,senate,Republican,NC,,False,2019-01-04,2019-01-29,NYSE,Enbridge Inc. (stock) NYSE,Stock,Purchase,"$1,001 - $15,000",8000.5,False,Joint,8fa0d41f-828d-4849-9e45-4e66fe164d3b,https://efdsearch.senate.gov/search/view/paper/8fa0d41f-828d-4849-9e45-4e66fe164d3b/,f4a008cc4344355f44b8cb84faef1743f35c180ac288ed69c7cac17bc0c91a11,senate-efd-ocr,explicit,0
B001236,JOHN BOOZMAN,senate,Republican,AR,"Commission on Security and Cooperation in Europe; SSAF13; SSAF14; SSAF15; SSAF16; SSAF17; SSAP02; SSAP18; SSAP19; SSAP20; SSAP23; SSAP24; SSEV08; SSEV10; SSEV15; Senate Committee on Agriculture, Nutrition, and Forestry; Senate Committee on Appropriations; Senate Committee on Environment and Public Works; Senate Committee on Rules and Administration; Senate Committee on Veterans' Affairs",False,2018-12-21,2019-01-18,,Accenture PLC Ireland Shs Cl A,Stock,Sale,"$1,001 - $15,000",8000.5,False,Self,444cd62d-7b2a-4745-bc27-0e09aa671956,https://efdsearch.senate.gov/search/view/paper/444cd62d-7b2a-4745-bc27-0e09aa671956/,3fcce2dccc4f344b2430fb1b5e2213ff65e6fe97115357c224a3758f1f81b019,senate-efd-ocr,explicit,0
B001236,JOHN BOOZMAN,senate,Republican,AR,"Commission on Security and Cooperation in Europe; SSAF13; SSAF14; SSAF15; SSAF16; SSAF17; SSAP02; SSAP18; SSAP19; SSAP20; SSAP23; SSAP24; SSEV08; SSEV10; SSEV15; Senate Committee on Agriculture, Nutrition, and Forestry; Senate Committee on Appropriations; Senate Committee on Environment and Public Works; Senate Committee on Rules and Administration; Senate Committee on Veterans' Affairs",False,2018-12-21,2019-01-18,,Apple Computer Inc,Stock,Sale,"$1,001 - $15,000",8000.5,False,Self,444cd62d-7b2a-4745-bc27-0e09aa671956,https://efdsearch.senate.gov/search/view/paper/444cd62d-7b2a-4745-bc27-0e09aa671956/,68b5fbd1418a41d60b24ac900e376bfb81ce8e3e08d246b22574feab66cf734b,senate-efd-ocr,explicit,0
B001236,JOHN BOOZMAN,senate,Republican,AR,"Commission on Security and Cooperation in Europe; SSAF13; SSAF14; SSAF15; SSAF16; SSAF17; SSAP02; SSAP18; SSAP19; SSAP20; SSAP23; SSAP24; SSEV08; SSEV10; SSEV15; Senate Committee on Agriculture, Nutrition, and Forestry; Senate Committee on Appropriations; Senate Committee on Environment and Public Works; Senate Committee on Rules and Administration; Senate Committee on Veterans' Affairs",False,2018-12-21,2019-01-18,,Bank of Amer Corp Com,Stock,Sale,"$1,001 - $15,000",8000.5,False,Self,444cd62d-7b2a-4745-bc27-0e09aa671956,https://efdsearch.senate.gov/search/view/paper/444cd62d-7b2a-4745-bc27-0e09aa671956/,c1138f2dad5ff9511529652e7e9f2f7ee184ae5a5a3aa9c0f06369f6c3667b95,senate-efd-ocr,explicit,0
B001236,JOHN BOOZMAN,senate,Republican,AR,"Commission on Security and Cooperation in Europe; SSAF13; SSAF14; SSAF15; SSAF16; SSAF17; SSAP02; SSAP18; SSAP19; SSAP20; SSAP23; SSAP24; SSEV08; SSEV10; SSEV15; Senate Committee on Agriculture, Nutrition, and Forestry; Senate Committee on Appropriations; Senate Committee on Environment and Public Works; Senate Committee on Rules and Administration; Senate Committee on Veterans' Affairs",False,2018-12-21,2019-01-18,,Cisco Systems Inc,Stock,Sale,"$1,001 - $15,000",8000.5,False,Self,444cd62d-7b2a-4745-bc27-0e09aa671956,https://efdsearch.senate.gov/search/view/paper/444cd62d-7b2a-4745-bc27-0e09aa671956/,d68060c7861fdc31c043b4a57aa0e6e157c2a296cb2762a9e4dc8f2f5062b276,senate-efd-ocr,explicit,0
B001236,JOHN BOOZMAN,senate,Republican,AR,"Commission on Security and Cooperation in Europe; SSAF13; SSAF14; SSAF15; SSAF16; SSAF17; SSAP02; SSAP18; SSAP19; SSAP20; SSAP23; SSAP24; SSEV08; SSEV10; SSEV15; Senate Committee on Agriculture, Nutrition, and Forestry; Senate Committee on Appropriations; Senate Committee on Environment and Public Works; Senate Committee on Rules and Administration; Senate Committee on Veterans' Affairs",False,2018-12-21,2019-01-18,,Discover Financial Services,,Sale,"$1,001 - $15,000",8000.5,False,Self,444cd62d-7b2a-4745-bc27-0e09aa671956,https://efdsearch.senate.gov/search/view/paper/444cd62d-7b2a-4745-bc27-0e09aa671956/,35d56284ef28942b7a23ab929ae16d245a794b104c7e34f1ff24f484bacbe2f9,senate-efd-ocr,explicit,0
B001236,JOHN BOOZMAN,senate,Republican,AR,"Commission on Security and Cooperation in Europe; SSAF13; SSAF14; SSAF15; SSAF16; SSAF17; SSAP02; SSAP18; SSAP19; SSAP20; SSAP23; SSAP24; SSEV08; SSEV10; SSEV15; Senate Committee on Agriculture, Nutrition, and Forestry; Senate Committee on Appropriations; Senate Committee on Environment and Public Works; Senate Committee on Rules and Administration; Senate Committee on Veterans' Affairs",False,2018-12-21,2019-01-18,,Disney Com Stk,,Sale,"$1,001 - $15,000",8000.5,False,Self,444cd62d-7b2a-4745-bc27-0e09aa671956,https://efdsearch.senate.gov/search/view/paper/444cd62d-7b2a-4745-bc27-0e09aa671956/,417a78398374c7b81c12d28db8174edeaf22739ae87a15e3781406a24c15cef5,senate-efd-ocr,explicit,0
B001236,JOHN BOOZMAN,senate,Republican,AR,"Commission on Security and Cooperation in Europe; SSAF13; SSAF14; SSAF15; SSAF16; SSAF17; SSAP02; SSAP18; SSAP19; SSAP20; SSAP23; SSAP24; SSEV08; SSEV10; SSEV15; Senate Committee on Agriculture, Nutrition, and Forestry; Senate Committee on Appropriations; Senate Committee on Environment and Public Works; Senate Committee on Rules and Administration; Senate Committee on Veterans' Affairs",False,2018-12-21,2019-01-18,,Fiserv Inc,Stock,Sale,"$1,001 - $15,000",8000.5,False,Self,444cd62d-7b2a-4745-bc27-0e09aa671956,https://efdsearch.senate.gov/search/view/paper/444cd62d-7b2a-4745-bc27-0e09aa671956/,08c39c24add0a8313f612def6d56f86db929bc1d3212bad0105ac90070b42743,senate-efd-ocr,explicit,0
B001236,JOHN BOOZMAN,senate,Republican,AR,"Commission on Security and Cooperation in Europe; SSAF13; SSAF14; SSAF15; SSAF16; SSAF17; SSAP02; SSAP18; SSAP19; SSAP20; SSAP23; SSAP24; SSEV08; SSEV10; SSEV15; Senate Committee on Agriculture, Nutrition, and Forestry; Senate Committee on Appropriations; Senate Committee on Environment and Public Works; Senate Committee on Rules and Administration; Senate Committee on Veterans' Affairs",False,2018-12-21,2019-01-18,,General Dynamics Corp Com,Stock,Sale,"$1,001 - $15,000",8000.5,False,Self,444cd62d-7b2a-4745-bc27-0e09aa671956,https://efdsearch.senate.gov/search/view/paper/444cd62d-7b2a-4745-bc27-0e09aa671956/,f44008e182652ac34797f1d3eb3f3a6a5a147c47bf46318083c564d7aa7ebfa9,senate-efd-ocr,explicit,0
B001236,JOHN BOOZMAN,senate,Republican,AR,"Commission on Security and Cooperation in Europe; SSAF13; SSAF14; SSAF15; SSAF16; SSAF17; SSAP02; SSAP18; SSAP19; SSAP20; SSAP23; SSAP24; SSEV08; SSEV10; SSEV15; Senate Committee on Agriculture, Nutrition, and Forestry; Senate Committee on Appropriations; Senate Committee on Environment and Public Works; Senate Committee on Rules and Administration; Senate Committee on Veterans' Affairs",False,2018-12-21,2019-01-18,,Goldman Sachs ETF TR TR Access Inv Gr,,Sale,"$1,001 - $15,000",8000.5,False,Self,444cd62d-7b2a-4745-bc27-0e09aa671956,https://efdsearch.senate.gov/search/view/paper/444cd62d-7b2a-4745-bc27-0e09aa671956/,97913bceb96a03ca54ae76bc40895b4f52a6ab39cb416d6c831796b8b64f279a,senate-efd-ocr,explicit,0
B001236,JOHN BOOZMAN,senate,Republican,AR,"Commission on Security and Cooperation in Europe; SSAF13; SSAF14; SSAF15; SSAF16; SSAF17; SSAP02; SSAP18; SSAP19; SSAP20; SSAP23; SSAP24; SSEV08; SSEV10; SSEV15; Senate Committee on Agriculture, Nutrition, and Forestry; Senate Committee on Appropriations; Senate Committee on Environment and Public Works; Senate Committee on Rules and Administration; Senate Committee on Veterans' Affairs",False,2018-12-21,2019-01-18,,Goldman Sachs Treas Acct ETF,,Sale,"$15,001 - $50,000",32500.5,False,Self,444cd62d-7b2a-4745-bc27-0e09aa671956,https://efdsearch.senate.gov/search/view/paper/444cd62d-7b2a-4745-bc27-0e09aa671956/,d7b3241138d0482903bc974aa9fe8e2b7024d6600c41e39d8bfbc29317fb5c98,senate-efd-ocr,explicit,0
B001236,JOHN BOOZMAN,senate,Republican,AR,"Commission on Security and Cooperation in Europe; SSAF13; SSAF14; SSAF15; SSAF16; SSAF17; SSAP02; SSAP18; SSAP19; SSAP20; SSAP23; SSAP24; SSEV08; SSEV10; SSEV15; Senate Committee on Agriculture, Nutrition, and Forestry; Senate Committee on Appropriations; Senate Committee on Environment and Public Works; Senate Committee on Rules and Administration; Senate Committee on Veterans' Affairs",False,2018-12-21,2019-01-18,,Intel Corp,Stock,Sale,"$1,001 - $15,000",8000.5,False,Self,444cd62d-7b2a-4745-bc27-0e09aa671956,https://efdsearch.senate.gov/search/view/paper/444cd62d-7b2a-4745-bc27-0e09aa671956/,4423218680727a214136f9e008b67bd80136e8b87b2897f9ebf32815ec1e9e3a,senate-efd-ocr,explicit,0
B001236,JOHN BOOZMAN,senate,Republican,AR,"Commission on Security and Cooperation in Europe; SSAF13; SSAF14; SSAF15; SSAF16; SSAF17; SSAP02; SSAP18; SSAP19; SSAP20; SSAP23; SSAP24; SSEV08; SSEV10; SSEV15; Senate Committee on Agriculture, Nutrition, and Forestry; Senate Committee on Appropriations; Senate Committee on Environment and Public Works; Senate Committee on Rules and Administration; Senate Committee on Veterans' Affairs",False,2018-12-21,2019-01-18,,Iqvia Hldgs Inc Com,Stock,Sale,"$1,001 - $15,000",8000.5,False,Self,444cd62d-7b2a-4745-bc27-0e09aa671956,https://efdsearch.senate.gov/search/view/paper/444cd62d-7b2a-4745-bc27-0e09aa671956/,308c37eb4485e299b215986d4bacbe335c28f76a83e621605a83102469846730,senate-efd-ocr,explicit,0
B001236,JOHN BOOZMAN,senate,Republican,AR,"Commission on Security and Cooperation in Europe; SSAF13; SSAF14; SSAF15; SSAF16; SSAF17; SSAP02; SSAP18; SSAP19; SSAP20; SSAP23; SSAP24; SSEV08; SSEV10; SSEV15; Senate Committee on Agriculture, Nutrition, and Forestry; Senate Committee on Appropriations; Senate Committee on Environment and Public Works; Senate Committee on Rules and Administration; Senate Committee on Veterans' Affairs",False,2018-12-21,2019-01-18,,iShares Barclays Agency Bond,Corporate Bond,Sale,"$1,001 - $15,000",8000.5,False,Self,444cd62d-7b2a-4745-bc27-0e09aa671956,https://efdsearch.senate.gov/search/view/paper/444cd62d-7b2a-4745-bc27-0e09aa671956/,50203fa799c57ba455f2f739524e697f628d7a5ee80e4d011ac3c26a22981b14,senate-efd-ocr,explicit,0
B001236,JOHN BOOZMAN,senate,Republican,AR,"Commission on Security and Cooperation in Europe; SSAF13; SSAF14; SSAF15; SSAF16; SSAF17; SSAP02; SSAP18; SSAP19; SSAP20; SSAP23; SSAP24; SSEV08; SSEV10; SSEV15; Senate Committee on Agriculture, Nutrition, and Forestry; Senate Committee on Appropriations; Senate Committee on Environment and Public Works; Senate Committee on Rules and Administration; Senate Committee on Veterans' Affairs",False,2018-12-21,2019-01-18,,iShares Barclays Mbs Bond Fd,Corporate Bond,Sale,"$1,001 - $15,000",8000.5,False,Self,444cd62d-7b2a-4745-bc27-0e09aa671956,https://efdsearch.senate.gov/search/view/paper/444cd62d-7b2a-4745-bc27-0e09aa671956/,7ed382a0645c20b92f11b2d5c66fa2a8d8e94f88edffdb4c213e216c4a5d04c3,senate-efd-ocr,explicit,0
B001236,JOHN BOOZMAN,senate,Republican,AR,"Commission on Security and Cooperation in Europe; SSAF13; SSAF14; SSAF15; SSAF16; SSAF17; SSAP02; SSAP18; SSAP19; SSAP20; SSAP23; SSAP24; SSEV08; SSEV10; SSEV15; Senate Committee on Agriculture, Nutrition, and Forestry; Senate Committee on Appropriations; Senate Committee on Environment and Public Works; Senate Committee on Rules and Administration; Senate Committee on Veterans' Affairs",False,2018-12-21,2019-01-18,,iShares Barclays Tips ETF,,Sale,"$1,001 - $15,000",8000.5,False,Self,444cd62d-7b2a-4745-bc27-0e09aa671956,https://efdsearch.senate.gov/search/view/paper/444cd62d-7b2a-4745-bc27-0e09aa671956/,59db9c61243358df86c1683f7cdfb7f76c294c7f4ccae37e28c4b525b8bb3ae4,senate-efd-ocr,explicit,0
B001236,JOHN BOOZMAN,senate,Republican,AR,"Commission on Security and Cooperation in Europe; SSAF13; SSAF14; SSAF15; SSAF16; SSAF17; SSAP02; SSAP18; SSAP19; SSAP20; SSAP23; SSAP24; SSEV08; SSEV10; SSEV15; Senate Committee on Agriculture, Nutrition, and Forestry; Senate Committee on Appropriations; Senate Committee on Environment and Public Works; Senate Committee on Rules and Administration; Senate Committee on Veterans' Affairs",False,2018-12-21,2019-01-18,,iShares Barclays 20 Plus Year Treasury Bond Fund,Municipal Security,Sale,"$1,001 - $15,000",8000.5,False,Self,444cd62d-7b2a-4745-bc27-0e09aa671956,https://efdsearch.senate.gov/search/view/paper/444cd62d-7b2a-4745-bc27-0e09aa671956/,e105e196bb17011e24c3246416505c6aece838d870ffb08f53fd79fdd843ff29,senate-efd-ocr,explicit,0
B001236,JOHN BOOZMAN,senate,Republican,AR,"Commission on Security and Cooperation in Europe; SSAF13; SSAF14; SSAF15; SSAF16; SSAF17; SSAP02; SSAP18; SSAP19; SSAP20; SSAP23; SSAP24; SSEV08; SSEV10; SSEV15; Senate Committee on Agriculture, Nutrition, and Forestry; Senate Committee on Appropriations; Senate Committee on Environment and Public Works; Senate Committee on Rules and Administration; Senate Committee on Veterans' Affairs",False,2018-12-21,2019-01-18,,iShares Cmbs Bond Fund,Corporate Bond,Sale,"$1,001 - $15,000",8000.5,False,Self,444cd62d-7b2a-4745-bc27-0e09aa671956,https://efdsearch.senate.gov/search/view/paper/444cd62d-7b2a-4745-bc27-0e09aa671956/,ab0963d6afb78cb94a3c3eca8ecf8c92728b8419255aeb9bcfc6076f94eedcad,senate-efd-ocr,explicit,0
B001236,JOHN BOOZMAN,senate,Republican,AR,"Commission on Security and Cooperation in Europe; SSAF13; SSAF14; SSAF15; SSAF16; SSAF17; SSAP02; SSAP18; SSAP19; SSAP20; SSAP23; SSAP24; SSEV08; SSEV10; SSEV15; Senate Committee on Agriculture, Nutrition, and Forestry; Senate Committee on Appropriations; Senate Committee on Environment and Public Works; Senate Committee on Rules and Administration; Senate Committee on Veterans' Affairs",False,2018-12-21,2019-01-18,,iShares Tr Barclys 10-20 Yr,,Sale,"$1,001 - $15,000",8000.5,False,Self,444cd62d-7b2a-4745-bc27-0e09aa671956,https://efdsearch.senate.gov/search/view/paper/444cd62d-7b2a-4745-bc27-0e09aa671956/,0e03861ea7c0a8288906b0c6d403579742b60255efaf605febd464980ca7cde9,senate-efd-ocr,explicit,0
B001236,JOHN BOOZMAN,senate,Republican,AR,"Commission on Security and Cooperation in Europe; SSAF13; SSAF14; SSAF15; SSAF16; SSAF17; SSAP02; SSAP18; SSAP19; SSAP20; SSAP23; SSAP24; SSEV08; SSEV10; SSEV15; Senate Committee on Agriculture, Nutrition, and Forestry; Senate Committee on Appropriations; Senate Committee on Environment and Public Works; Senate Committee on Rules and Administration; Senate Committee on Veterans' Affairs",False,2018-12-21,2019-01-18,,J P Morgan Chase & Co Com,Stock,Sale,"$1,001 - $15,000",8000.5,False,Self,444cd62d-7b2a-4745-bc27-0e09aa671956,https://efdsearch.senate.gov/search/view/paper/444cd62d-7b2a-4745-bc27-0e09aa671956/,4adc6b7c4c17666a00069abedbf621e93018ad1f124a23903ea1cf6ed9faa36f,senate-efd-ocr,explicit,0
B001236,JOHN BOOZMAN,senate,Republican,AR,"Commission on Security and Cooperation in Europe; SSAF13; SSAF14; SSAF15; SSAF16; SSAF17; SSAP02; SSAP18; SSAP19; SSAP20; SSAP23; SSAP24; SSEV08; SSEV10; SSEV15; Senate Committee on Agriculture, Nutrition, and Forestry; Senate Committee on Appropriations; Senate Committee on Environment and Public Works; Senate Committee on Rules and Administration; Senate Committee on Veterans' Affairs",False,2018-12-21,2019-01-18,,Johnson & Johnson,,Sale,"$1,001 - $15,000",8000.5,False,Self,444cd62d-7b2a-4745-bc27-0e09aa671956,https://efdsearch.senate.gov/search/view/paper/444cd62d-7b2a-4745-bc27-0e09aa671956/,18d7e366e23ebd834744aee729dfbb13d380dd7b85ff875c2760f569833de786,senate-efd-ocr,explicit,0
B001236,JOHN BOOZMAN,senate,Republican,AR,"Commission on Security and Cooperation in Europe; SSAF13; SSAF14; SSAF15; SSAF16; SSAF17; SSAP02; SSAP18; SSAP19; SSAP20; SSAP23; SSAP24; SSEV08; SSEV10; SSEV15; Senate Committee on Agriculture, Nutrition, and Forestry; Senate Committee on Appropriations; Senate Committee on Environment and Public Works; Senate Committee on Rules and Administration; Senate Committee on Veterans' Affairs",False,2018-12-21,2019-01-18,,Lowes Cos Inc Com,Stock,Sale,"$1,001 - $15,000",8000.5,False,Self,444cd62d-7b2a-4745-bc27-0e09aa671956,https://efdsearch.senate.gov/search/view/paper/444cd62d-7b2a-4745-bc27-0e09aa671956/,83913b2415dfdc1608d5f17ce4dab4a7b4b4526e18b45f59ee44c500d2ffda99,senate-efd-ocr,explicit,0
B001236,JOHN BOOZMAN,senate,Republican,AR,"Commission on Security and Cooperation in Europe; SSAF13; SSAF14; SSAF15; SSAF16; SSAF17; SSAP02; SSAP18; SSAP19; SSAP20; SSAP23; SSAP24; SSEV08; SSEV10; SSEV15; Senate Committee on Agriculture, Nutrition, and Forestry; Senate Committee on Appropriations; Senate Committee on Environment and Public Works; Senate Committee on Rules and Administration; Senate Committee on Veterans' Affairs",False,2018-12-31,2019-01-18,,Manpowergroup Inc Com,Stock,Sale,"$1,001 - $15,000",8000.5,False,Self,444cd62d-7b2a-4745-bc27-0e09aa671956,https://efdsearch.senate.gov/search/view/paper/444cd62d-7b2a-4745-bc27-0e09aa671956/,cad9ba7a7bbe14a4c06834fe28d25c91f998d59e06b0046cab87dca1b74888bf,senate-efd-ocr,explicit,0
B001236,JOHN BOOZMAN,senate,Republican,AR,"Commission on Security and Cooperation in Europe; SSAF13; SSAF14; SSAF15; SSAF16; SSAF17; SSAP02; SSAP18; SSAP19; SSAP20; SSAP23; SSAP24; SSEV08; SSEV10; SSEV15; Senate Committee on Agriculture, Nutrition, and Forestry; Senate Committee on Appropriations; Senate Committee on Environment and Public Works; Senate Committee on Rules and Administration; Senate Committee on Veterans' Affairs",False,2018-12-21,2019-01-18,,Pfizer Inc,Stock,Sale,"$1,001 - $15,000",8000.5,False,Self,444cd62d-7b2a-4745-bc27-0e09aa671956,https://efdsearch.senate.gov/search/view/paper/444cd62d-7b2a-4745-bc27-0e09aa671956/,90b88f3bf6d8452b9f60289f145168b0f3edf6097a12614b6cd5630ce25bee8f,senate-efd-ocr,explicit,0
B001236,JOHN BOOZMAN,senate,Republican,AR,"Commission on Security and Cooperation in Europe; SSAF13; SSAF14; SSAF15; SSAF16; SSAF17; SSAP02; SSAP18; SSAP19; SSAP20; SSAP23; SSAP24; SSEV08; SSEV10; SSEV15; Senate Committee on Agriculture, Nutrition, and Forestry; Senate Committee on Appropriations; Senate Committee on Environment and Public Works; Senate Committee on Rules and Administration; Senate Committee on Veterans' Affairs",False,2018-12-21,2019-01-18,,Union Pacific,,Sale,"$1,001 - $15,000",8000.5,False,Self,444cd62d-7b2a-4745-bc27-0e09aa671956,https://efdsearch.senate.gov/search/view/paper/444cd62d-7b2a-4745-bc27-0e09aa671956/,7bd602cc79049db69c2f8f203ed4be018fa3905033e3d4f4ba355bdfc6e22cac,senate-efd-ocr,explicit,0
B001236,JOHN BOOZMAN,senate,Republican,AR,"Commission on Security and Cooperation in Europe; SSAF13; SSAF14; SSAF15; SSAF16; SSAF17; SSAP02; SSAP18; SSAP19; SSAP20; SSAP23; SSAP24; SSEV08; SSEV10; SSEV15; Senate Committee on Agriculture, Nutrition, and Forestry; Senate Committee on Appropriations; Senate Committee on Environment and Public Works; Senate Committee on Rules and Administration; Senate Committee on Veterans' Affairs",False,2018-12-21,2019-01-18,,Vanguard Emerging Mkt ETF,,Sale,"$15,001 - $50,000",32500.5,False,Self,444cd62d-7b2a-4745-bc27-0e09aa671956,https://efdsearch.senate.gov/search/view/paper/444cd62d-7b2a-4745-bc27-0e09aa671956/,0894147d93c0267eca6c56067a858bcf285d3fe5e44befe69ad2acecff226d89,senate-efd-ocr,explicit,0
B001236,JOHN BOOZMAN,senate,Republican,AR,"Commission on Security and Cooperation in Europe; SSAF13; SSAF14; SSAF15; SSAF16; SSAF17; SSAP02; SSAP18; SSAP19; SSAP20; SSAP23; SSAP24; SSEV08; SSEV10; SSEV15; Senate Committee on Agriculture, Nutrition, and Forestry; Senate Committee on Appropriations; Senate Committee on Environment and Public Works; Senate Committee on Rules and Administration; Senate Committee on Veterans' Affairs",False,2018-12-21,2019-01-18,,Vanguard Scottsdale Fds Sht Trm Corp,Stock,Sale,"$1,001 - $15,000",8000.5,False,Self,444cd62d-7b2a-4745-bc27-0e09aa671956,https://efdsearch.senate.gov/search/view/paper/444cd62d-7b2a-4745-bc27-0e09aa671956/,3903e7118d5a60b4bbc978b9444027961c9770cd5c99bad64f28db1f5e258b63,senate-efd-ocr,explicit,0
B001236,JOHN BOOZMAN,senate,Republican,AR,"Commission on Security and Cooperation in Europe; SSAF13; SSAF14; SSAF15; SSAF16; SSAF17; SSAP02; SSAP18; SSAP19; SSAP20; SSAP23; SSAP24; SSEV08; SSEV10; SSEV15; Senate Committee on Agriculture, Nutrition, and Forestry; Senate Committee on Appropriations; Senate Committee on Environment and Public Works; Senate Committee on Rules and Administration; Senate Committee on Veterans' Affairs",False,2018-12-31,2019-01-18,,Comcast Corp New Cl A,Stock,Purchase,"$1,001 - $15,000",8000.5,False,Self,444cd62d-7b2a-4745-bc27-0e09aa671956,https://efdsearch.senate.gov/search/view/paper/444cd62d-7b2a-4745-bc27-0e09aa671956/,a380ce52d20a6c92fba26c51c8a20025a1cf8555f6e2c92734593786fa97e43a,senate-efd-ocr,explicit,0
B001236,JOHN BOOZMAN,senate,Republican,AR,"Commission on Security and Cooperation in Europe; SSAF13; SSAF14; SSAF15; SSAF16; SSAF17; SSAP02; SSAP18; SSAP19; SSAP20; SSAP23; SSAP24; SSEV08; SSEV10; SSEV15; Senate Committee on Agriculture, Nutrition, and Forestry; Senate Committee on Appropriations; Senate Committee on Environment and Public Works; Senate Committee on Rules and Administration; Senate Committee on Veterans' Affairs",False,2018-12-21,2019-01-18,,First Tr Exchange Traded Fd IV No Amer Energy,,Purchase,"$15,001 - $50,000",32500.5,False,Self,444cd62d-7b2a-4745-bc27-0e09aa671956,https://efdsearch.senate.gov/search/view/paper/444cd62d-7b2a-4745-bc27-0e09aa671956/,f8e3ab90065f7c1c16fab9f2d6101b1e9ed68466eaa600e2ab34a5b43e94bc86,senate-efd-ocr,explicit,0
B001236,JOHN BOOZMAN,senate,Republican,AR,"Commission on Security and Cooperation in Europe; SSAF13; SSAF14; SSAF15; SSAF16; SSAF17; SSAP02; SSAP18; SSAP19; SSAP20; SSAP23; SSAP24; SSEV08; SSEV10; SSEV15; Senate Committee on Agriculture, Nutrition, and Forestry; Senate Committee on Appropriations; Senate Committee on Environment and Public Works; Senate Committee on Rules and Administration; Senate Committee on Veterans' Affairs",False,2018-12-21,2019-01-18,,Invesco Actively Managed ETF Tr Optimum Yield,,Purchase,"$1,001 - $15,000",8000.5,False,Self,444cd62d-7b2a-4745-bc27-0e09aa671956,https://efdsearch.senate.gov/search/view/paper/444cd62d-7b2a-4745-bc27-0e09aa671956/,1cb9f08d0008672e6b031f74523c4492e4215fc8682b8e05ecd61fa5d9e4a4af,senate-efd-ocr,explicit,0
B001236,JOHN BOOZMAN,senate,Republican,AR,"Commission on Security and Cooperation in Europe; SSAF13; SSAF14; SSAF15; SSAF16; SSAF17; SSAP02; SSAP18; SSAP19; SSAP20; SSAP23; SSAP24; SSEV08; SSEV10; SSEV15; Senate Committee on Agriculture, Nutrition, and Forestry; Senate Committee on Appropriations; Senate Committee on Environment and Public Works; Senate Committee on Rules and Administration; Senate Committee on Veterans' Affairs",False,2018-12-21,2019-01-18,,iShared Barclays 3-7 Yr Tsy Bd Fd,,Purchase,"$1,001 - $15,000",8000.5,False,Self,444cd62d-7b2a-4745-bc27-0e09aa671956,https://efdsearch.senate.gov/search/view/paper/444cd62d-7b2a-4745-bc27-0e09aa671956/,30a84e9af337bd6ef74de7a68b689bb9c42303cc2784313b183e40de847fe54f,senate-efd-ocr,explicit,0
B001236,JOHN BOOZMAN,senate,Republican,AR,"Commission on Security and Cooperation in Europe; SSAF13; SSAF14; SSAF15; SSAF16; SSAF17; SSAP02; SSAP18; SSAP19; SSAP20; SSAP23; SSAP24; SSEV08; SSEV10; SSEV15; Senate Committee on Agriculture, Nutrition, and Forestry; Senate Committee on Appropriations; Senate Committee on Environment and Public Works; Senate Committee on Rules and Administration; Senate Committee on Veterans' Affairs",False,2018-12-21,2019-01-18,,iShares Tr Barclays 1-3 Yr,,Purchase,"$1,001 - $15,000",8000.5,False,Self,444cd62d-7b2a-4745-bc27-0e09aa671956,https://efdsearch.senate.gov/search/view/paper/444cd62d-7b2a-4745-bc27-0e09aa671956/,3bae2da86b0cacc4da03ba84d579bbbc53a7342567be95fca3204aa4fd8bfa76,senate-efd-ocr,explicit,0
B001236,JOHN BOOZMAN,senate,Republican,AR,"Commission on Security and Cooperation in Europe; SSAF13; SSAF14; SSAF15; SSAF16; SSAF17; SSAP02; SSAP18; SSAP19; SSAP20; SSAP23; SSAP24; SSEV08; SSEV10; SSEV15; Senate Committee on Agriculture, Nutrition, and Forestry; Senate Committee on Appropriations; Senate Committee on Environment and Public Works; Senate Committee on Rules and Administration; Senate Committee on Veterans' Affairs",False,2018-12-21,2019-01-18,,iShares Tr MSCI EAFE Index Fd MFC,,Purchase,"$1,001 - $15,000",8000.5,False,Self,444cd62d-7b2a-4745-bc27-0e09aa671956,https://efdsearch.senate.gov/search/view/paper/444cd62d-7b2a-4745-bc27-0e09aa671956/,969b16e3dc25cc5fbec16fd1641232cfcce0f3ccd6d240d32bca19315f4d5b06,senate-efd-ocr,explicit,0
B001236,JOHN BOOZMAN,senate,Republican,AR,"Commission on Security and Cooperation in Europe; SSAF13; SSAF14; SSAF15; SSAF16; SSAF17; SSAP02; SSAP18; SSAP19; SSAP20; SSAP23; SSAP24; SSEV08; SSEV10; SSEV15; Senate Committee on Agriculture, Nutrition, and Forestry; Senate Committee on Appropriations; Senate Committee on Environment and Public Works; Senate Committee on Rules and Administration; Senate Committee on Veterans' Affairs",False,2018-12-21,2019-01-18,,SPDR S& P Midcap 400 ETF TR UTSER1,,Purchase,"$1,001 - $15,000",8000.5,False,Self,444cd62d-7b2a-4745-bc27-0e09aa671956,https://efdsearch.senate.gov/search/view/paper/444cd62d-7b2a-4745-bc27-0e09aa671956/,aeda4691c88bdd1283810881deae6f2b63b6bfe75f7b58b1af53f2ab6072f389,senate-efd-ocr,explicit,0
B001236,JOHN BOOZMAN,senate,Republican,AR,"Commission on Security and Cooperation in Europe; SSAF13; SSAF14; SSAF15; SSAF16; SSAF17; SSAP02; SSAP18; SSAP19; SSAP20; SSAP23; SSAP24; SSEV08; SSEV10; SSEV15; Senate Committee on Agriculture, Nutrition, and Forestry; Senate Committee on Appropriations; Senate Committee on Environment and Public Works; Senate Committee on Rules and Administration; Senate Committee on Veterans' Affairs",False,2018-12-21,2019-01-18,,Van Eck Fds Emrg Mkts Cl I,,Purchase,"$15,001 - $50,000",32500.5,False,Self,444cd62d-7b2a-4745-bc27-0e09aa671956,https://efdsearch.senate.gov/search/view/paper/444cd62d-7b2a-4745-bc27-0e09aa671956/,382764eec55743b45699fea6d6b7e6fa2377a78c68365510e7819498e788e282,senate-efd-ocr,explicit,0
B001236,JOHN BOOZMAN,senate,Republican,AR,"Commission on Security and Cooperation in Europe; SSAF13; SSAF14; SSAF15; SSAF16; SSAF17; SSAP02; SSAP18; SSAP19; SSAP20; SSAP23; SSAP24; SSEV08; SSEV10; SSEV15; Senate Committee on Agriculture, Nutrition, and Forestry; Senate Committee on Appropriations; Senate Committee on Environment and Public Works; Senate Committee on Rules and Administration; Senate Committee on Veterans' Affairs",False,2018-12-21,2019-01-18,,Vanguard Index Fds REIT ETF,,Purchase,"$1,001 - $15,000",8000.5,False,Self,444cd62d-7b2a-4745-bc27-0e09aa671956,https://efdsearch.senate.gov/search/view/paper/444cd62d-7b2a-4745-bc27-0e09aa671956/,f50553060b9613627e7d880d58d9fa6104d5f5a000b28dca0c812bfbad9878d7,senate-efd-ocr,explicit,0
B001236,JOHN BOOZMAN,senate,Republican,AR,"Commission on Security and Cooperation in Europe; SSAF13; SSAF14; SSAF15; SSAF16; SSAF17; SSAP02; SSAP18; SSAP19; SSAP20; SSAP23; SSAP24; SSEV08; SSEV10; SSEV15; Senate Committee on Agriculture, Nutrition, and Forestry; Senate Committee on Appropriations; Senate Committee on Environment and Public Works; Senate Committee on Rules and Administration; Senate Committee on Veterans' Affairs",False,2018-12-21,2019-01-18,,Westwook Small Cap Instl,,Purchase,"$1,001 - $15,000",8000.5,False,Self,444cd62d-7b2a-4745-bc27-0e09aa671956,https://efdsearch.senate.gov/search/view/paper/444cd62d-7b2a-4745-bc27-0e09aa671956/,273d898c8713fa91de1094ba5408f1bd11940020f1857012aeeb726e0de2cb64,senate-efd-ocr,explicit,0
