doc_id,last,first,filing_type,state_district,filing_date_raw,disclosure_date,declarant_name,url_pdf
20010021,Amash,Justin,P,MI03,8/2/2018,2018-08-02,Justin Amash,https://disclosures-clerk.house.gov/public_disc/ptr-pdfs/2018/20010021.pdf
20010646,Amash,Justin,P,MI03,11/13/2018,2018-11-13,Justin Amash,https://disclosures-clerk.house.gov/public_disc/ptr-pdfs/2018/20010646.pdf
9113416,Barr,"Garland ""Andy""",P,KY06,6/15/2018,2018-06-15,"Garland ""Andy"" Barr",https://disclosures-clerk.house.gov/public_disc/ptr-pdfs/2018/9113416.pdf
9113472,Bilirakis,Gus M.,P,FL12,6/28/2018,2018-06-28,Gus M. Bilirakis,https://disclosures-clerk.house.gov/public_disc/ptr-pdfs/2018/9113472.pdf
8216835,Bilirakis,Gus M.,P,FL12,1/2/2020,2020-01-02,Gus M. Bilirakis,https://disclosures-clerk.house.gov/public_disc/ptr-pdfs/2018/8216835.pdf
9112405,Black,Diane,P,TN06,2/6/2018,2018-02-06,Diane Black,https://disclosures-clerk.house.gov/public_disc/ptr-pdfs/2018/9112405.pdf
9112497,Black,Diane,P,TN06,2/28/2018,2018-02-28,Diane Black,https://disclosures-clerk.house.gov/public_disc/ptr-pdfs/2018/9112497.pdf
9112587,Black,Diane,P,TN06,3/21/2018,2018-03-21,Diane Black,https://disclosures-clerk.house.gov/public_disc/ptr-pdfs/2018/9112587.pdf
9112640,Black,Diane,P,TN06,4/9/2018,2018-04-09,Diane Black,https://disclosures-clerk.house.gov/public_disc/ptr-pdfs/2018/9112640.pdf
9112648,Black,Diane,P,TN06,4/13/2018,2018-04-13,Diane Black,https://disclosures-clerk.house.gov/public_disc/ptr-pdfs/2018/9112648.pdf
9112736,Black,Diane,P,TN06,5/1/2018,2018-05-01,Diane Black,https://disclosures-clerk.house.gov/public_disc/ptr-pdfs/2018/9112736.pdf
9112886,Black,Diane,P,TN06,5/17/2018,2018-05-17,Diane Black,https://disclosures-clerk.house.gov/public_disc/ptr-pdfs/2018/9112886.pdf
9113332,Black,Diane,P,TN06,6/8/2018,2018-06-08,Diane Black,https://disclosures-clerk.house.gov/public_disc/ptr-pdfs/2018/9113332.pdf
9113456,Black,Diane,P,TN06,6/26/2018,2018-06-26,Diane Black,https://disclosures-clerk.house.gov/public_disc/ptr-pdfs/2018/9113456.pdf
9113554,Black,Diane,P,TN06,7/23/2018,2018-07-23,Diane Black,https://disclosures-clerk.house.gov/public_disc/ptr-pdfs/2018/9113554.pdf
9113630,Black,Diane,P,TN06,8/9/2018,2018-08-09,Diane Black,https://disclosures-clerk.house.gov/public_disc/ptr-pdfs/2018/9113630.pdf
9113729,Black,Diane,P,TN06,8/28/2018,2018-08-28,Diane Black,https://disclosures-clerk.house.gov/public_disc/ptr-pdfs/2018/9113729.pdf
9113891,Black,Diane,P,TN06,9/19/2018,2018-09-19,Diane Black,https://disclosures-clerk.house.gov/public_disc/ptr-pdfs/2018/9113891.pdf
9114074,Black,Diane,P,TN06,10/10/2018,2018-10-10,Diane Black,https://disclosures-clerk.house.gov/public_disc/ptr-pdfs/2018/9114074.pdf
9114137,Black,Diane,P,TN06,11/1/2018,2018-11-01,Diane Black,https://disclosures-clerk.house.gov/public_disc/ptr-pdfs/2018/9114137.pdf
9114199,Black,Diane,P,TN06,11/27/2018,2018-11-27,Diane Black,https://disclosures-clerk.house.gov/public_disc/ptr-pdfs/2018/9114199.pdf
9114243,Black,Diane,P,TN06,12/18/2018,2018-12-18,Diane Black,https://disclosures-clerk.house.gov/public_disc/ptr-pdfs/2018/9114243.pdf
9114272,Black,Diane,P,TN06,1/3/2019,2019-01-03,Diane Black,https://disclosures-clerk.house.gov/public_disc/ptr-pdfs/2018/9114272.pdf
20008963,Blum,Rodney Leland,P,IA01,2/13/2018,2018-02-13,Rodney Leland Blum,https://disclosures-clerk.house.gov/public_disc/ptr-pdfs/2018/20008963.pdf
20010478,Blum,Rodney Leland,P,IA01,10/13/2018,2018-10-13,Rodney Leland Blum,https://disclosures-clerk.house.gov/public_disc/ptr-pdfs/2018/20010478.pdf
20008676,Blumenauer,Earl,P,OR03,1/4/2018,2018-01-04,Earl Blumenauer,https://disclosures-clerk.house.gov/public_disc/ptr-pdfs/2018/20008676.pdf
20008925,Blumenauer,Earl,P,OR03,2/8/2018,2018-02-08,Earl Blumenauer,https://disclosures-clerk.house.gov/public_disc/ptr-pdfs/2018/20008925.pdf
20009000,Blumenauer,Earl,P,OR03,2/20/2018,2018-02-20,Earl Blumenauer,https://disclosures-clerk.house.gov/public_disc/ptr-pdfs/2018/20009000.pdf
20009092,Blumenauer,Earl,P,OR03,3/6/2018,2018-03-06,Earl Blumenauer,https://disclosures-clerk.house.gov/public_disc/ptr-pdfs/2018/20009092.pdf
20009235,Blumenauer,Earl,P,OR03,4/5/2018,2018-04-05,Earl Blumenauer,https://disclosures-clerk.house.gov/public_disc/ptr-pdfs/2018/20009235.pdf
20009528,Blumenauer,Earl,P,OR03,5/11/2018,2018-05-11,Earl Blumenauer,https://disclosures-clerk.house.gov/public_disc/ptr-pdfs/2018/20009528.pdf
20009788,Blumenauer,Earl,P,OR03,6/25/2018,2018-06-25,Earl Blumenauer,https://disclosures-clerk.house.gov/public_disc/ptr-pdfs/2018/20009788.pdf
20009802,Blumenauer,Earl,P,OR03,6/26/2018,2018-06-26,Earl Blumenauer,https://disclosures-clerk.house.gov/public_disc/ptr-pdfs/2018/20009802.pdf
20009879,Blumenauer,Earl,P,OR03,7/12/2018,2018-07-12,Earl Blumenauer,https://disclosures-clerk.house.gov/public_disc/ptr-pdfs/2018/20009879.pdf
20010109,Blumenauer,Earl,P,OR03,8/15/2018,2018-08-15,Earl Blumenauer,https://disclosures-clerk.house.gov/public_disc/ptr-pdfs/2018/20010109.pdf
20010133,Blumenauer,Earl,P,OR03,8/20/2018,2018-08-20,Earl Blumenauer,https://disclosures-clerk.house.gov/public_disc/ptr-pdfs/2018/20010133.pdf
20010365,Blumenauer,Earl,P,OR03,9/27/2018,2018-09-27,Earl Blumenauer,https://disclosures-clerk.house.gov/public_disc/ptr-pdfs/2018/20010365.pdf
20010620,Blumenauer,Earl,P,OR03,11/6/2018,2018-11-06,Earl Blumenauer,https://disclosures-clerk.house.gov/public_disc/ptr-pdfs/2018/20010620.pdf
20010770,Blumenauer,Earl,P,OR03,12/4/2018,2018-12-04,Earl Blumenauer,https://disclosures-clerk.house.gov/public_disc/ptr-pdfs/2018/20010770.pdf
20010777,Blumenauer,Earl,P,OR03,12/5/2018,2018-12-05,Earl Blumenauer,https://disclosures-clerk.house.gov/public_disc/ptr-pdfs/2018/20010777.pdf
20008721,Blunt Rochester,Lisa,P,DE00,1/12/2018,2018-01-12,Lisa Blunt Rochester,https://disclosures-clerk.house.gov/public_disc/ptr-pdfs/2018/20008721.pdf
20009087,Blunt Rochester,Lisa,P,DE00,3/8/2018,2018-03-08,Lisa Blunt Rochester,https://disclosures-clerk.house.gov/public_disc/ptr-pdfs/2018/20009087.pdf
20009228,Blunt Rochester,Lisa,P,DE00,4/9/2018,2018-04-09,Lisa Blunt Rochester,https://disclosures-clerk.house.gov/public_disc/ptr-pdfs/2018/20009228.pdf
20009686,Blunt Rochester,Lisa,P,DE00,6/12/2018,2018-06-12,Lisa Blunt Rochester,https://disclosures-clerk.house.gov/public_disc/ptr-pdfs/2018/20009686.pdf
20010382,Blunt Rochester,Lisa,P,DE00,10/2/2018,2018-10-02,Lisa Blunt Rochester,https://disclosures-clerk.house.gov/public_disc/ptr-pdfs/2018/20010382.pdf
20010767,Blunt Rochester,Lisa,P,DE00,12/4/2018,2018-12-04,Lisa Blunt Rochester,https://disclosures-clerk.house.gov/public_disc/ptr-pdfs/2018/20010767.pdf
20008873,Brooks,Mo,P,AL05,2/3/2018,2018-02-03,Mo Brooks,https://disclosures-clerk.house.gov/public_disc/ptr-pdfs/2018/20008873.pdf
20009061,Brooks,Mo,P,AL05,3/2/2018,2018-03-02,Mo Brooks,https://disclosures-clerk.house.gov/public_disc/ptr-pdfs/2018/20009061.pdf
20009433,Brooks,Mo,P,AL05,5/2/2018,2018-05-02,Mo Brooks,https://disclosures-clerk.house.gov/public_disc/ptr-pdfs/2018/20009433.pdf
20009743,Brooks,Mo,P,AL05,6/16/2018,2018-06-16,Mo Brooks,https://disclosures-clerk.house.gov/public_disc/ptr-pdfs/2018/20009743.pdf
20009848,Brooks,Mo,P,AL05,7/6/2018,2018-07-06,Mo Brooks,https://disclosures-clerk.house.gov/public_disc/ptr-pdfs/2018/20009848.pdf
20010366,Brooks,Mo,P,AL05,9/27/2018,2018-09-27,Mo Brooks,https://disclosures-clerk.house.gov/public_disc/ptr-pdfs/2018/20010366.pdf
20010541,Brooks,Mo,P,AL05,10/25/2018,2018-10-25,Mo Brooks,https://disclosures-clerk.house.gov/public_disc/ptr-pdfs/2018/20010541.pdf
20010805,Brooks,Mo,P,AL05,12/11/2018,2018-12-11,Mo Brooks,https://disclosures-clerk.house.gov/public_disc/ptr-pdfs/2018/20010805.pdf
20008849,Brooks,Susan W.,P,IN05,2/6/2018,2018-02-06,Susan W. Brooks,https://disclosures-clerk.house.gov/public_disc/ptr-pdfs/2018/20008849.pdf
20009475,Brooks,Susan W.,P,IN05,5/15/2018,2018-05-15,Susan W. Brooks,https://disclosures-clerk.house.gov/public_disc/ptr-pdfs/2018/20009475.pdf
20009918,Brooks,Susan W.,P,IN05,7/20/2018,2018-07-20,Susan W. Brooks,https://disclosures-clerk.house.gov/public_disc/ptr-pdfs/2018/20009918.pdf
20008790,Buchanan,Vern,P,FL16,1/23/2018,2018-01-23,Vern Buchanan,https://disclosures-clerk.house.gov/public_disc/ptr-pdfs/2018/20008790.pdf
20009181,Buchanan,Vern,P,FL16,3/21/2018,2018-03-21,Vern Buchanan,https://disclosures-clerk.house.gov/public_disc/ptr-pdfs/2018/20009181.pdf
20009337,Buchanan,Vern,P,FL16,4/19/2018,2018-04-19,Vern Buchanan,https://disclosures-clerk.house.gov/public_disc/ptr-pdfs/2018/20009337.pdf
20009614,Buchanan,Vern,P,FL16,5/22/2018,2018-05-22,Vern Buchanan,https://disclosures-clerk.house.gov/public_disc/ptr-pdfs/2018/20009614.pdf
20009773,Buchanan,Vern,P,FL16,6/21/2018,2018-06-21,Vern Buchanan,https://disclosures-clerk.house.gov/public_disc/ptr-pdfs/2018/20009773.pdf
20009959,Buchanan,Vern,P,FL16,7/26/2018,2018-07-26,Vern Buchanan,https://disclosures-clerk.house.gov/public_disc/ptr-pdfs/2018/20009959.pdf
20010163,Buchanan,Vern,P,FL16,8/24/2018,2018-08-24,Vern Buchanan,https://disclosures-clerk.house.gov/public_disc/ptr-pdfs/2018/20010163.pdf
20010506,Buchanan,Vern,P,FL16,10/19/2018,2018-10-19,Vern Buchanan,https://disclosures-clerk.house.gov/public_disc/ptr-pdfs/2018/20010506.pdf
20010721,Buchanan,Vern,P,FL16,11/26/2018,2018-11-26,Vern Buchanan,https://disclosures-clerk.house.gov/public_disc/ptr-pdfs/2018/20010721.pdf
20010905,Buchanan,Vern,P,FL16,12/28/2018,2018-12-28,Vern Buchanan,https://disclosures-clerk.house.gov/public_disc/ptr-pdfs/2018/20010905.pdf
20008719,Buck,Kenneth R.,P,CO04,1/14/2018,2018-01-14,Kenneth R. Buck,https://disclosures-clerk.house.gov/public_disc/ptr-pdfs/2018/20008719.pdf
20010473,Bustos,Cheri,P,IL17,10/12/2018,2018-10-12,Cheri Bustos,https://disclosures-clerk.house.gov/public_disc/ptr-pdfs/2018/20010473.pdf
20010578,Bustos,Cheri,P,IL17,11/3/2018,2018-11-03,Cheri Bustos,https://disclosures-clerk.house.gov/public_disc/ptr-pdfs/2018/20010578.pdf
20008724,Carter,Earl Leroy,P,GA01,1/12/2018,2018-01-12,Earl Leroy Carter,https://disclosures-clerk.house.gov/public_disc/ptr-pdfs/2018/20008724.pdf
20010274,Carter,Earl Leroy,P,GA01,9/12/2018,2018-09-12,Earl Leroy Carter,https://disclosures-clerk.house.gov/public_disc/ptr-pdfs/2018/20010274.pdf
20008738,Chu,Judy,P,CA27,1/15/2018,2018-01-15,Judy Chu,https://disclosures-clerk.house.gov/public_disc/ptr-pdfs/2018/20008738.pdf
20008965,Chu,Judy,P,CA27,2/19/2018,2018-02-19,Judy Chu,https://disclosures-clerk.house.gov/public_disc/ptr-pdfs/2018/20008965.pdf
20009119,Chu,Judy,P,CA27,3/16/2018,2018-03-16,Judy Chu,https://disclosures-clerk.house.gov/public_disc/ptr-pdfs/2018/20009119.pdf
20009294,Chu,Judy,P,CA27,4/22/2018,2018-04-22,Judy Chu,https://disclosures-clerk.house.gov/public_disc/ptr-pdfs/2018/20009294.pdf
20009487,Chu,Judy,P,CA27,5/13/2018,2018-05-13,Judy Chu,https://disclosures-clerk.house.gov/public_disc/ptr-pdfs/2018/20009487.pdf
20009735,Chu,Judy,P,CA27,6/25/2018,2018-06-25,Judy Chu,https://disclosures-clerk.house.gov/public_disc/ptr-pdfs/2018/20009735.pdf
20009888,Chu,Judy,P,CA27,7/15/2018,2018-07-15,Judy Chu,https://disclosures-clerk.house.gov/public_disc/ptr-pdfs/2018/20009888.pdf
20010299,Chu,Judy,P,CA27,9/24/2018,2018-09-24,Judy Chu,https://disclosures-clerk.house.gov/public_disc/ptr-pdfs/2018/20010299.pdf
20010475,Chu,Judy,P,CA27,10/15/2018,2018-10-15,Judy Chu,https://disclosures-clerk.house.gov/public_disc/ptr-pdfs/2018/20010475.pdf
20010503,Chu,Judy,P,CA27,10/18/2018,2018-10-18,Judy Chu,https://disclosures-clerk.house.gov/public_disc/ptr-pdfs/2018/20010503.pdf
20010661,Chu,Judy,P,CA27,11/21/2018,2018-11-21,Judy Chu,https://disclosures-clerk.house.gov/public_disc/ptr-pdfs/2018/20010661.pdf
20010834,Chu,Judy,P,CA27,12/16/2018,2018-12-16,Judy Chu,https://disclosures-clerk.house.gov/public_disc/ptr-pdfs/2018/20010834.pdf
20008967,Clark,Katherine M.,P,MA05,2/14/2018,2018-02-14,Katherine M. Clark,https://disclosures-clerk.house.gov/public_disc/ptr-pdfs/2018/20008967.pdf
20009223,Clark,Katherine M.,P,MA05,4/3/2018,2018-04-03,Katherine M. Clark,https://disclosures-clerk.house.gov/public_disc/ptr-pdfs/2018/20009223.pdf
20009482,Clark,Katherine M.,P,MA05,5/8/2018,2018-05-08,Katherine M. Clark,https://disclosures-clerk.house.gov/public_disc/ptr-pdfs/2018/20009482.pdf
20009485,Clark,Katherine M.,P,MA05,5/8/2018,2018-05-08,Katherine M. Clark,https://disclosures-clerk.house.gov/public_disc/ptr-pdfs/2018/20009485.pdf
20010411,Clark,Katherine M.,P,MA05,10/4/2018,2018-10-04,Katherine M. Clark,https://disclosures-clerk.house.gov/public_disc/ptr-pdfs/2018/20010411.pdf
20010697,Clark,Katherine M.,P,MA05,11/19/2018,2018-11-19,Katherine M. Clark,https://disclosures-clerk.house.gov/public_disc/ptr-pdfs/2018/20010697.pdf
20010880,Clark,Katherine M.,P,MA05,12/21/2018,2018-12-21,Katherine M. Clark,https://disclosures-clerk.house.gov/public_disc/ptr-pdfs/2018/20010880.pdf
20008720,Cohen,Steve,P,TN09,1/10/2018,2018-01-10,Steve Cohen,https://disclosures-clerk.house.gov/public_disc/ptr-pdfs/2018/20008720.pdf
20008848,Cohen,Steve,P,TN09,1/31/2018,2018-01-31,Steve Cohen,https://disclosures-clerk.house.gov/public_disc/ptr-pdfs/2018/20008848.pdf
20008858,Cohen,Steve,P,TN09,2/1/2018,2018-02-01,Steve Cohen,https://disclosures-clerk.house.gov/public_disc/ptr-pdfs/2018/20008858.pdf
20009040,Cohen,Steve,P,TN09,2/27/2018,2018-02-27,Steve Cohen,https://disclosures-clerk.house.gov/public_disc/ptr-pdfs/2018/20009040.pdf
20009122,Cohen,Steve,P,TN09,3/12/2018,2018-03-12,Steve Cohen,https://disclosures-clerk.house.gov/public_disc/ptr-pdfs/2018/20009122.pdf
20009726,Cohen,Steve,P,TN09,6/13/2018,2018-06-13,Steve Cohen,https://disclosures-clerk.house.gov/public_disc/ptr-pdfs/2018/20009726.pdf
20010056,Cohen,Steve,P,TN09,8/8/2018,2018-08-08,Steve Cohen,https://disclosures-clerk.house.gov/public_disc/ptr-pdfs/2018/20010056.pdf
20010123,Cohen,Steve,P,TN09,8/17/2018,2018-08-17,Steve Cohen,https://disclosures-clerk.house.gov/public_disc/ptr-pdfs/2018/20010123.pdf
20010149,Cohen,Steve,P,TN09,8/22/2018,2018-08-22,Steve Cohen,https://disclosures-clerk.house.gov/public_disc/ptr-pdfs/2018/20010149.pdf
20010169,Cohen,Steve,P,TN09,8/27/2018,2018-08-27,Steve Cohen,https://disclosures-clerk.house.gov/public_disc/ptr-pdfs/2018/20010169.pdf
20010262,Cohen,Steve,P,TN09,9/11/2018,2018-09-11,Steve Cohen,https://disclosures-clerk.house.gov/public_disc/ptr-pdfs/2018/20010262.pdf
20010500,Cohen,Steve,P,TN09,10/18/2018,2018-10-18,Steve Cohen,https://disclosures-clerk.house.gov/public_disc/ptr-pdfs/2018/20010500.pdf
20010604,Cohen,Steve,P,TN09,11/5/2018,2018-11-05,Steve Cohen,https://disclosures-clerk.house.gov/public_disc/ptr-pdfs/2018/20010604.pdf
20010743,Cohen,Steve,P,TN09,11/29/2018,2018-11-29,Steve Cohen,https://disclosures-clerk.house.gov/public_disc/ptr-pdfs/2018/20010743.pdf
20010744,Cohen,Steve,P,TN09,11/29/2018,2018-11-29,Steve Cohen,https://disclosures-clerk.house.gov/public_disc/ptr-pdfs/2018/20010744.pdf
9112820,Cole,Tom,P,OK04,5/9/2018,2018-05-09,Tom Cole,https://disclosures-clerk.house.gov/public_disc/ptr-pdfs/2018/9112820.pdf
9114009,Cole,Tom,P,OK04,9/26/2018,2018-09-26,Tom Cole,https://disclosures-clerk.house.gov/public_disc/ptr-pdfs/2018/9114009.pdf
9112567,Collins,Chris,P,NY27,3/20/2018,2018-03-20,Chris Collins,https://disclosures-clerk.house.gov/public_disc/ptr-pdfs/2018/9112567.pdf
9113297,Collins,Chris,P,NY27,6/5/2018,2018-06-05,Chris Collins,https://disclosures-clerk.house.gov/public_disc/ptr-pdfs/2018/9113297.pdf
9113455,Collins,Chris,P,NY27,6/25/2018,2018-06-25,Chris Collins,https://disclosures-clerk.house.gov/public_disc/ptr-pdfs/2018/9113455.pdf
9114169,Collins,Chris,P,NY27,11/14/2018,2018-11-14,Chris Collins,https://disclosures-clerk.house.gov/public_disc/ptr-pdfs/2018/9114169.pdf
9112403,Comer,James,P,KY01,2/7/2018,2018-02-07,James Comer,https://disclosures-clerk.house.gov/public_disc/ptr-pdfs/2018/9112403.pdf
9112530,Comer,James,P,KY01,3/6/2018,2018-03-06,James Comer,https://disclosures-clerk.house.gov/public_disc/ptr-pdfs/2018/9112530.pdf
9112655,Comer,James,P,KY01,4/13/2018,2018-04-13,James Comer,https://disclosures-clerk.house.gov/public_disc/ptr-pdfs/2018/9112655.pdf
20008668,Comstock,Barbara J Honorable,P,VA10,1/3/2018,2018-01-03,Barbara J Honorable Comstock,https://disclosures-clerk.house.gov/public_disc/ptr-pdfs/2018/20008668.pdf
20008822,Comstock,Barbara J Honorable,P,VA10,1/27/2018,2018-01-27,Barbara J Honorable Comstock,https://disclosures-clerk.house.gov/public_disc/ptr-pdfs/2018/20008822.pdf
20009156,Comstock,Barbara J Honorable,P,VA10,3/19/2018,2018-03-19,Barbara J Honorable Comstock,https://disclosures-clerk.house.gov/public_disc/ptr-pdfs/2018/20009156.pdf
20009342,Comstock,Barbara J Honorable,P,VA10,4/19/2018,2018-04-19,Barbara J Honorable Comstock,https://disclosures-clerk.house.gov/public_disc/ptr-pdfs/2018/20009342.pdf
20009673,Comstock,Barbara J Honorable,P,VA10,6/4/2018,2018-06-04,Barbara J Honorable Comstock,https://disclosures-clerk.house.gov/public_disc/ptr-pdfs/2018/20009673.pdf
20009718,Comstock,Barbara J Honorable,P,VA10,6/11/2018,2018-06-11,Barbara J Honorable Comstock,https://disclosures-clerk.house.gov/public_disc/ptr-pdfs/2018/20009718.pdf
20009789,Comstock,Barbara J Honorable,P,VA10,6/25/2018,2018-06-25,Barbara J Honorable Comstock,https://disclosures-clerk.house.gov/public_disc/ptr-pdfs/2018/20009789.pdf
20009961,Comstock,Barbara J Honorable,P,VA10,7/26/2018,2018-07-26,Barbara J Honorable Comstock,https://disclosures-clerk.house.gov/public_disc/ptr-pdfs/2018/20009961.pdf
20009995,Comstock,Barbara J Honorable,P,VA10,8/1/2018,2018-08-01,Barbara J Honorable Comstock,https://disclosures-clerk.house.gov/public_disc/ptr-pdfs/2018/20009995.pdf
20010004,Comstock,Barbara J Honorable,P,VA10,8/1/2018,2018-08-01,Barbara J Honorable Comstock,https://disclosures-clerk.house.gov/public_disc/ptr-pdfs/2018/20010004.pdf
20010036,Comstock,Barbara J Honorable,P,VA10,8/6/2018,2018-08-06,Barbara J Honorable Comstock,https://disclosures-clerk.house.gov/public_disc/ptr-pdfs/2018/20010036.pdf
20010057,Comstock,Barbara J Honorable,P,VA10,8/8/2018,2018-08-08,Barbara J Honorable Comstock,https://disclosures-clerk.house.gov/public_disc/ptr-pdfs/2018/20010057.pdf
20010199,Comstock,Barbara J Honorable,P,VA10,9/2/2018,2018-09-02,Barbara J Honorable Comstock,https://disclosures-clerk.house.gov/public_disc/ptr-pdfs/2018/20010199.pdf
20010276,Comstock,Barbara J Honorable,P,VA10,9/12/2018,2018-09-12,Barbara J Honorable Comstock,https://disclosures-clerk.house.gov/public_disc/ptr-pdfs/2018/20010276.pdf
20008658,Conaway,K. Michael,P,TX11,1/4/2018,2018-01-04,K. Michael Conaway,https://disclosures-clerk.house.gov/public_disc/ptr-pdfs/2018/20008658.pdf
20008867,Conaway,K. Michael,P,TX11,2/2/2018,2018-02-02,K. Michael Conaway,https://disclosures-clerk.house.gov/public_disc/ptr-pdfs/2018/20008867.pdf
20009063,Conaway,K. Michael,P,TX11,3/2/2018,2018-03-02,K. Michael Conaway,https://disclosures-clerk.house.gov/public_disc/ptr-pdfs/2018/20009063.pdf
20009095,Conaway,K. Michael,P,TX11,3/6/2018,2018-03-06,K. Michael Conaway,https://disclosures-clerk.house.gov/public_disc/ptr-pdfs/2018/20009095.pdf
20009212,Conaway,K. Michael,P,TX11,4/3/2018,2018-04-03,K. Michael Conaway,https://disclosures-clerk.house.gov/public_disc/ptr-pdfs/2018/20009212.pdf
20009504,Conaway,K. Michael,P,TX11,5/10/2018,2018-05-10,K. Michael Conaway,https://disclosures-clerk.house.gov/public_disc/ptr-pdfs/2018/20009504.pdf
20009664,Conaway,K. Michael,P,TX11,6/4/2018,2018-06-04,K. Michael Conaway,https://disclosures-clerk.house.gov/public_disc/ptr-pdfs/2018/20009664.pdf
20009819,Conaway,K. Michael,P,TX11,7/9/2018,2018-07-09,K. Michael Conaway,https://disclosures-clerk.house.gov/public_disc/ptr-pdfs/2018/20009819.pdf
20010072,Conaway,K. Michael,P,TX11,8/10/2018,2018-08-10,K. Michael Conaway,https://disclosures-clerk.house.gov/public_disc/ptr-pdfs/2018/20010072.pdf
20010197,Conaway,K. Michael,P,TX11,9/4/2018,2018-09-04,K. Michael Conaway,https://disclosures-clerk.house.gov/public_disc/ptr-pdfs/2018/20010197.pdf
20010415,Conaway,K. Michael,P,TX11,10/4/2018,2018-10-04,K. Michael Conaway,https://disclosures-clerk.house.gov/public_disc/ptr-pdfs/2018/20010415.pdf
20010637,Conaway,K. Michael,P,TX11,11/12/2018,2018-11-12,K. Michael Conaway,https://disclosures-clerk.house.gov/public_disc/ptr-pdfs/2018/20010637.pdf
20010775,Conaway,K. Michael,P,TX11,12/5/2018,2018-12-05,K. Michael Conaway,https://disclosures-clerk.house.gov/public_disc/ptr-pdfs/2018/20010775.pdf
20008693,Connolly,Gerald E.,P,VA11,1/6/2018,2018-01-06,Gerald E. Connolly,https://disclosures-clerk.house.gov/public_disc/ptr-pdfs/2018/20008693.pdf
20009262,Connolly,Gerald E.,P,VA11,4/9/2018,2018-04-09,Gerald E. Connolly,https://disclosures-clerk.house.gov/public_disc/ptr-pdfs/2018/20009262.pdf
20009946,Connolly,Gerald E.,P,VA11,7/24/2018,2018-07-24,Gerald E. Connolly,https://disclosures-clerk.house.gov/public_disc/ptr-pdfs/2018/20009946.pdf
20010476,Connolly,Gerald E.,P,VA11,10/13/2018,2018-10-13,Gerald E. Connolly,https://disclosures-clerk.house.gov/public_disc/ptr-pdfs/2018/20010476.pdf
9113744,Culberson,John Abney,P,TX07,9/5/2018,2018-09-05,John Abney Culberson,https://disclosures-clerk.house.gov/public_disc/ptr-pdfs/2018/9113744.pdf
20008747,Curbelo,Carlos,P,FL26,1/16/2018,2018-01-16,Carlos Curbelo,https://disclosures-clerk.house.gov/public_disc/ptr-pdfs/2018/20008747.pdf
20008890,Curbelo,Carlos,P,FL26,2/5/2018,2018-02-05,Carlos Curbelo,https://disclosures-clerk.house.gov/public_disc/ptr-pdfs/2018/20008890.pdf
20009192,Curbelo,Carlos,P,FL26,3/27/2018,2018-03-27,Carlos Curbelo,https://disclosures-clerk.house.gov/public_disc/ptr-pdfs/2018/20009192.pdf
20009193,Curbelo,Carlos,P,FL26,3/27/2018,2018-03-27,Carlos Curbelo,https://disclosures-clerk.house.gov/public_disc/ptr-pdfs/2018/20009193.pdf
20009415,Curbelo,Carlos,P,FL26,5/1/2018,2018-05-01,Carlos Curbelo,https://disclosures-clerk.house.gov/public_disc/ptr-pdfs/2018/20009415.pdf
20009624,Curbelo,Carlos,P,FL26,5/23/2018,2018-05-23,Carlos Curbelo,https://disclosures-clerk.house.gov/public_disc/ptr-pdfs/2018/20009624.pdf
20009780,Curbelo,Carlos,P,FL26,6/22/2018,2018-06-22,Carlos Curbelo,https://disclosures-clerk.house.gov/public_disc/ptr-pdfs/2018/20009780.pdf
20009939,Curbelo,Carlos,P,FL26,7/23/2018,2018-07-23,Carlos Curbelo,https://disclosures-clerk.house.gov/public_disc/ptr-pdfs/2018/20009939.pdf
20009997,Curbelo,Carlos,P,FL26,8/1/2018,2018-08-01,Carlos Curbelo,https://disclosures-clerk.house.gov/public_disc/ptr-pdfs/2018/20009997.pdf
20010003,Curbelo,Carlos,P,FL26,8/1/2018,2018-08-01,Carlos Curbelo,https://disclosures-clerk.house.gov/public_disc/ptr-pdfs/2018/20010003.pdf
20010011,Curbelo,Carlos,P,FL26,8/2/2018,2018-08-02,Carlos Curbelo,https://disclosures-clerk.house.gov/public_disc/ptr-pdfs/2018/20010011.pdf
20010012,Curbelo,Carlos,P,FL26,8/2/2018,2018-08-02,Carlos Curbelo,https://disclosures-clerk.house.gov/public_disc/ptr-pdfs/2018/20010012.pdf
20010073,Curbelo,Carlos,P,FL26,8/13/2018,2018-08-13,Carlos Curbelo,https://disclosures-clerk.house.gov/public_disc/ptr-pdfs/2018/20010073.pdf
20010329,Curbelo,Carlos,P,FL26,9/25/2018,2018-09-25,Carlos Curbelo,https://disclosures-clerk.house.gov/public_disc/ptr-pdfs/2018/20010329.pdf
20010359,Curbelo,Carlos,P,FL26,10/3/2018,2018-10-03,Carlos Curbelo,https://disclosures-clerk.house.gov/public_disc/ptr-pdfs/2018/20010359.pdf
20010466,Davidson,Warren,P,OH08,10/10/2018,2018-10-10,Warren Davidson,https://disclosures-clerk.house.gov/public_disc/ptr-pdfs/2018/20010466.pdf
20009128,Davis,Susan A.,P,CA53,3/28/2018,2018-03-28,Susan A. Davis,https://disclosures-clerk.house.gov/public_disc/ptr-pdfs/2018/20009128.pdf
20009708,Davis,Susan A.,P,CA53,6/15/2018,2018-06-15,Susan A. Davis,https://disclosures-clerk.house.gov/public_disc/ptr-pdfs/2018/20009708.pdf
20010664,Davis,Susan A.,P,CA53,11/16/2018,2018-11-16,Susan A. Davis,https://disclosures-clerk.house.gov/public_disc/ptr-pdfs/2018/20010664.pdf
9112341,Delaney,John K.,P,MD06,1/30/2018,2018-01-30,John K. Delaney,https://disclosures-clerk.house.gov/public_disc/ptr-pdfs/2018/9112341.pdf
9112402,Delaney,John K.,P,MD06,2/7/2018,2018-02-07,John K. Delaney,https://disclosures-clerk.house.gov/public_disc/ptr-pdfs/2018/9112402.pdf
9112480,Delaney,John K.,P,MD06,2/23/2018,2018-02-23,John K. Delaney,https://disclosures-clerk.house.gov/public_disc/ptr-pdfs/2018/9112480.pdf
9112566,Delaney,John K.,P,MD06,3/16/2018,2018-03-16,John K. Delaney,https://disclosures-clerk.house.gov/public_disc/ptr-pdfs/2018/9112566.pdf
9112586,Delaney,John K.,P,MD06,3/23/2018,2018-03-23,John K. Delaney,https://disclosures-clerk.house.gov/public_disc/ptr-pdfs/2018/9112586.pdf
9112654,Delaney,John K.,P,MD06,4/11/2018,2018-04-11,John K. Delaney,https://disclosures-clerk.house.gov/public_disc/ptr-pdfs/2018/9112654.pdf
9112678,Delaney,John K.,P,MD06,4/20/2018,2018-04-20,John K. Delaney,https://disclosures-clerk.house.gov/public_disc/ptr-pdfs/2018/9112678.pdf
9112819,Delaney,John K.,P,MD06,5/9/2018,2018-05-09,John K. Delaney,https://disclosures-clerk.house.gov/public_disc/ptr-pdfs/2018/9112819.pdf
9113121,Delaney,John K.,P,MD06,5/22/2018,2018-05-22,John K. Delaney,https://disclosures-clerk.house.gov/public_disc/ptr-pdfs/2018/9113121.pdf
9113333,Delaney,John K.,P,MD06,6/8/2018,2018-06-08,John K. Delaney,https://disclosures-clerk.house.gov/public_disc/ptr-pdfs/2018/9113333.pdf
9113471,Delaney,John K.,P,MD06,6/29/2018,2018-06-29,John K. Delaney,https://disclosures-clerk.house.gov/public_disc/ptr-pdfs/2018/9113471.pdf
9113537,Delaney,John K.,P,MD06,7/19/2018,2018-07-19,John K. Delaney,https://disclosures-clerk.house.gov/public_disc/ptr-pdfs/2018/9113537.pdf
9113619,Delaney,John K.,P,MD06,8/3/2018,2018-08-03,John K. Delaney,https://disclosures-clerk.house.gov/public_disc/ptr-pdfs/2018/9113619.pdf
9113688,Delaney,John K.,P,MD06,8/15/2018,2018-08-15,John K. Delaney,https://disclosures-clerk.house.gov/public_disc/ptr-pdfs/2018/9113688.pdf
9113705,Delaney,John K.,P,MD06,8/20/2018,2018-08-20,John K. Delaney,https://disclosures-clerk.house.gov/public_disc/ptr-pdfs/2018/9113705.pdf
9113706,Delaney,John K.,P,MD06,8/20/2018,2018-08-20,John K. Delaney,https://disclosures-clerk.house.gov/public_disc/ptr-pdfs/2018/9113706.pdf
9113868,Delaney,John K.,P,MD06,9/17/2018,2018-09-17,John K. Delaney,https://disclosures-clerk.house.gov/public_disc/ptr-pdfs/2018/9113868.pdf
9113869,Delaney,John K.,P,MD06,9/17/2018,2018-09-17,John K. Delaney,https://disclosures-clerk.house.gov/public_disc/ptr-pdfs/2018/9113869.pdf
9114013,Delaney,John K.,P,MD06,9/28/2018,2018-09-28,John K. Delaney,https://disclosures-clerk.house.gov/public_disc/ptr-pdfs/2018/9114013.pdf
9114095,Delaney,John K.,P,MD06,10/16/2018,2018-10-16,John K. Delaney,https://disclosures-clerk.house.gov/public_disc/ptr-pdfs/2018/9114095.pdf
9114143,Delaney,John K.,P,MD06,11/1/2018,2018-11-01,John K. Delaney,https://disclosures-clerk.house.gov/public_disc/ptr-pdfs/2018/9114143.pdf
9114158,Delaney,John K.,P,MD06,11/9/2018,2018-11-09,John K. Delaney,https://disclosures-clerk.house.gov/public_disc/ptr-pdfs/2018/9114158.pdf
9114200,Delaney,John K.,P,MD06,11/27/2018,2018-11-27,John K. Delaney,https://disclosures-clerk.house.gov/public_disc/ptr-pdfs/2018/9114200.pdf
9114271,Delaney,John K.,P,MD06,1/2/2019,2019-01-02,John K. Delaney,https://disclosures-clerk.house.gov/public_disc/ptr-pdfs/2018/9114271.pdf
20008671,DelBene,Suzan K.,P,WA01,1/10/2018,2018-01-10,Suzan K. DelBene,https://disclosures-clerk.house.gov/public_disc/ptr-pdfs/2018/20008671.pdf
20008895,DelBene,Suzan K.,P,WA01,2/16/2018,2018-02-16,Suzan K. DelBene,https://disclosures-clerk.house.gov/public_disc/ptr-pdfs/2018/20008895.pdf
20009074,DelBene,Suzan K.,P,WA01,3/6/2018,2018-03-06,Suzan K. DelBene,https://disclosures-clerk.house.gov/public_disc/ptr-pdfs/2018/20009074.pdf
20009226,DelBene,Suzan K.,P,WA01,4/13/2018,2018-04-13,Suzan K. DelBene,https://disclosures-clerk.house.gov/public_disc/ptr-pdfs/2018/20009226.pdf
20009428,DelBene,Suzan K.,P,WA01,5/15/2018,2018-05-15,Suzan K. DelBene,https://disclosures-clerk.house.gov/public_disc/ptr-pdfs/2018/20009428.pdf
20009672,DelBene,Suzan K.,P,WA01,6/15/2018,2018-06-15,Suzan K. DelBene,https://disclosures-clerk.house.gov/public_disc/ptr-pdfs/2018/20009672.pdf
20009823,DelBene,Suzan K.,P,WA01,7/15/2018,2018-07-15,Suzan K. DelBene,https://disclosures-clerk.house.gov/public_disc/ptr-pdfs/2018/20009823.pdf
20010014,DelBene,Suzan K.,P,WA01,8/29/2018,2018-08-29,Suzan K. DelBene,https://disclosures-clerk.house.gov/public_disc/ptr-pdfs/2018/20010014.pdf
20010208,DelBene,Suzan K.,P,WA01,9/14/2018,2018-09-14,Suzan K. DelBene,https://disclosures-clerk.house.gov/public_disc/ptr-pdfs/2018/20010208.pdf
20010399,DelBene,Suzan K.,P,WA01,10/16/2018,2018-10-16,Suzan K. DelBene,https://disclosures-clerk.house.gov/public_disc/ptr-pdfs/2018/20010399.pdf
20010582,DelBene,Suzan K.,P,WA01,11/16/2018,2018-11-16,Suzan K. DelBene,https://disclosures-clerk.house.gov/public_disc/ptr-pdfs/2018/20010582.pdf
20010766,DelBene,Suzan K.,P,WA01,12/15/2018,2018-12-15,Suzan K. DelBene,https://disclosures-clerk.house.gov/public_disc/ptr-pdfs/2018/20010766.pdf
20009534,Diaz-Balart,Mario,P,FL25,5/15/2018,2018-05-15,Mario Diaz-Balart,https://disclosures-clerk.house.gov/public_disc/ptr-pdfs/2018/20009534.pdf
20008653,Dingell,Debbie,P,MI12,1/10/2018,2018-01-10,Debbie Dingell,https://disclosures-clerk.house.gov/public_disc/ptr-pdfs/2018/20008653.pdf
20008859,Dingell,Debbie,P,MI12,2/1/2018,2018-02-01,Debbie Dingell,https://disclosures-clerk.house.gov/public_disc/ptr-pdfs/2018/20008859.pdf
20009051,Dingell,Debbie,P,MI12,3/1/2018,2018-03-01,Debbie Dingell,https://disclosures-clerk.house.gov/public_disc/ptr-pdfs/2018/20009051.pdf
20009091,Dingell,Debbie,P,MI12,3/8/2018,2018-03-08,Debbie Dingell,https://disclosures-clerk.house.gov/public_disc/ptr-pdfs/2018/20009091.pdf
20009160,Dingell,Debbie,P,MI12,3/20/2018,2018-03-20,Debbie Dingell,https://disclosures-clerk.house.gov/public_disc/ptr-pdfs/2018/20009160.pdf
20009323,Dingell,Debbie,P,MI12,4/18/2018,2018-04-18,Debbie Dingell,https://disclosures-clerk.house.gov/public_disc/ptr-pdfs/2018/20009323.pdf
20009378,Dingell,Debbie,P,MI12,4/26/2018,2018-04-26,Debbie Dingell,https://disclosures-clerk.house.gov/public_disc/ptr-pdfs/2018/20009378.pdf
20009412,Dingell,Debbie,P,MI12,5/3/2018,2018-05-03,Debbie Dingell,https://disclosures-clerk.house.gov/public_disc/ptr-pdfs/2018/20009412.pdf
20009570,Dingell,Debbie,P,MI12,5/16/2018,2018-05-16,Debbie Dingell,https://disclosures-clerk.house.gov/public_disc/ptr-pdfs/2018/20009570.pdf
20009650,Dingell,Debbie,P,MI12,6/3/2018,2018-06-03,Debbie Dingell,https://disclosures-clerk.house.gov/public_disc/ptr-pdfs/2018/20009650.pdf
20009722,Dingell,Debbie,P,MI12,6/19/2018,2018-06-19,Debbie Dingell,https://disclosures-clerk.house.gov/public_disc/ptr-pdfs/2018/20009722.pdf
20009911,Dingell,Debbie,P,MI12,7/24/2018,2018-07-24,Debbie Dingell,https://disclosures-clerk.house.gov/public_disc/ptr-pdfs/2018/20009911.pdf
20009986,Dingell,Debbie,P,MI12,8/1/2018,2018-08-01,Debbie Dingell,https://disclosures-clerk.house.gov/public_disc/ptr-pdfs/2018/20009986.pdf
20010050,Dingell,Debbie,P,MI12,8/9/2018,2018-08-09,Debbie Dingell,https://disclosures-clerk.house.gov/public_disc/ptr-pdfs/2018/20010050.pdf
20010137,Dingell,Debbie,P,MI12,8/23/2018,2018-08-23,Debbie Dingell,https://disclosures-clerk.house.gov/public_disc/ptr-pdfs/2018/20010137.pdf
20010206,Dingell,Debbie,P,MI12,9/6/2018,2018-09-06,Debbie Dingell,https://disclosures-clerk.house.gov/public_disc/ptr-pdfs/2018/20010206.pdf
20010314,Dingell,Debbie,P,MI12,9/18/2018,2018-09-18,Debbie Dingell,https://disclosures-clerk.house.gov/public_disc/ptr-pdfs/2018/20010314.pdf
20010447,Dingell,Debbie,P,MI12,10/11/2018,2018-10-11,Debbie Dingell,https://disclosures-clerk.house.gov/public_disc/ptr-pdfs/2018/20010447.pdf
20010555,Dingell,Debbie,P,MI12,10/30/2018,2018-10-30,Debbie Dingell,https://disclosures-clerk.house.gov/public_disc/ptr-pdfs/2018/20010555.pdf
20010662,Dingell,Debbie,P,MI12,11/19/2018,2018-11-19,Debbie Dingell,https://disclosures-clerk.house.gov/public_disc/ptr-pdfs/2018/20010662.pdf
20010768,Dingell,Debbie,P,MI12,12/4/2018,2018-12-04,Debbie Dingell,https://disclosures-clerk.house.gov/public_disc/ptr-pdfs/2018/20010768.pdf
20008659,Doggett,Lloyd,P,TX35,1/3/2018,2018-01-03,Lloyd Doggett,https://disclosures-clerk.house.gov/public_disc/ptr-pdfs/2018/20008659.pdf
20009070,Doggett,Lloyd,P,TX35,3/5/2018,2018-03-05,Lloyd Doggett,https://disclosures-clerk.house.gov/public_disc/ptr-pdfs/2018/20009070.pdf
20009233,Doggett,Lloyd,P,TX35,4/5/2018,2018-04-05,Lloyd Doggett,https://disclosures-clerk.house.gov/public_disc/ptr-pdfs/2018/20009233.pdf
20009478,Doggett,Lloyd,P,TX35,5/8/2018,2018-05-08,Lloyd Doggett,https://disclosures-clerk.house.gov/public_disc/ptr-pdfs/2018/20009478.pdf
20009688,Doggett,Lloyd,P,TX35,6/6/2018,2018-06-06,Lloyd Doggett,https://disclosures-clerk.house.gov/public_disc/ptr-pdfs/2018/20009688.pdf
20009841,Doggett,Lloyd,P,TX35,7/5/2018,2018-07-05,Lloyd Doggett,https://disclosures-clerk.house.gov/public_disc/ptr-pdfs/2018/20009841.pdf
20010096,Doggett,Lloyd,P,TX35,8/14/2018,2018-08-14,Lloyd Doggett,https://disclosures-clerk.house.gov/public_disc/ptr-pdfs/2018/20010096.pdf
20010220,Doggett,Lloyd,P,TX35,9/5/2018,2018-09-05,Lloyd Doggett,https://disclosures-clerk.house.gov/public_disc/ptr-pdfs/2018/20010220.pdf
20010423,Doggett,Lloyd,P,TX35,10/5/2018,2018-10-05,Lloyd Doggett,https://disclosures-clerk.house.gov/public_disc/ptr-pdfs/2018/20010423.pdf
20010616,Doggett,Lloyd,P,TX35,11/6/2018,2018-11-06,Lloyd Doggett,https://disclosures-clerk.house.gov/public_disc/ptr-pdfs/2018/20010616.pdf
20010765,Doggett,Lloyd,P,TX35,12/4/2018,2018-12-04,Lloyd Doggett,https://disclosures-clerk.house.gov/public_disc/ptr-pdfs/2018/20010765.pdf
9112278,Duncan,Jeff,P,SC03,1/10/2018,2018-01-10,Jeff Duncan,https://disclosures-clerk.house.gov/public_disc/ptr-pdfs/2018/9112278.pdf
9112301,Duncan,Jeff,P,SC03,1/18/2018,2018-01-18,Jeff Duncan,https://disclosures-clerk.house.gov/public_disc/ptr-pdfs/2018/9112301.pdf
9112399,Duncan,Jeff,P,SC03,2/6/2018,2018-02-06,Jeff Duncan,https://disclosures-clerk.house.gov/public_disc/ptr-pdfs/2018/9112399.pdf
9112638,Dunn,Neal P.,P,FL02,4/9/2018,2018-04-09,Neal P. Dunn,https://disclosures-clerk.house.gov/public_disc/ptr-pdfs/2018/9112638.pdf
20010232,Dunn,Neal P.,P,FL02,9/11/2018,2018-09-11,Neal P. Dunn,https://disclosures-clerk.house.gov/public_disc/ptr-pdfs/2018/20010232.pdf
20009625,Evans,Dwight,P,PA02,5/23/2018,2018-05-23,Dwight Evans,https://disclosures-clerk.house.gov/public_disc/ptr-pdfs/2018/20009625.pdf
20010360,Evans,Dwight,P,PA02,9/26/2018,2018-09-26,Dwight Evans,https://disclosures-clerk.house.gov/public_disc/ptr-pdfs/2018/20010360.pdf
9112563,Fleischmann,"Charles J. ""Chuck""",P,TN03,3/20/2018,2018-03-20,"Charles J. ""Chuck"" Fleischmann",https://disclosures-clerk.house.gov/public_disc/ptr-pdfs/2018/9112563.pdf
9112564,Fleischmann,"Charles J. ""Chuck""",P,TN03,3/20/2018,2018-03-20,"Charles J. ""Chuck"" Fleischmann",https://disclosures-clerk.house.gov/public_disc/ptr-pdfs/2018/9112564.pdf
9112677,Fleischmann,"Charles J. ""Chuck""",P,TN03,4/17/2018,2018-04-17,"Charles J. ""Chuck"" Fleischmann",https://disclosures-clerk.house.gov/public_disc/ptr-pdfs/2018/9112677.pdf
9112818,Fleischmann,"Charles J. ""Chuck""",P,TN03,5/7/2018,2018-05-07,"Charles J. ""Chuck"" Fleischmann",https://disclosures-clerk.house.gov/public_disc/ptr-pdfs/2018/9112818.pdf
9113454,Fleischmann,"Charles J. ""Chuck""",P,TN03,6/22/2018,2018-06-22,"Charles J. ""Chuck"" Fleischmann",https://disclosures-clerk.house.gov/public_disc/ptr-pdfs/2018/9113454.pdf
9113568,Fleischmann,"Charles J. ""Chuck""",P,TN03,7/23/2018,2018-07-23,"Charles J. ""Chuck"" Fleischmann",https://disclosures-clerk.house.gov/public_disc/ptr-pdfs/2018/9113568.pdf
9113687,Fleischmann,"Charles J. ""Chuck""",P,TN03,8/15/2018,2018-08-15,"Charles J. ""Chuck"" Fleischmann",https://disclosures-clerk.house.gov/public_disc/ptr-pdfs/2018/9113687.pdf
9113894,Fleischmann,"Charles J. ""Chuck""",P,TN03,9/20/2018,2018-09-20,"Charles J. ""Chuck"" Fleischmann",https://disclosures-clerk.house.gov/public_disc/ptr-pdfs/2018/9113894.pdf
9114121,Fleischmann,"Charles J. ""Chuck""",P,TN03,10/29/2018,2018-10-29,"Charles J. ""Chuck"" Fleischmann",https://disclosures-clerk.house.gov/public_disc/ptr-pdfs/2018/9114121.pdf
9114190,Fleischmann,"Charles J. ""Chuck""",P,TN03,11/26/2018,2018-11-26,"Charles J. ""Chuck"" Fleischmann",https://disclosures-clerk.house.gov/public_disc/ptr-pdfs/2018/9114190.pdf
9114248,Fleischmann,"Charles J. ""Chuck""",P,TN03,12/19/2018,2018-12-19,"Charles J. ""Chuck"" Fleischmann",https://disclosures-clerk.house.gov/public_disc/ptr-pdfs/2018/9114248.pdf
9114308,Fleischmann,"Charles J. ""Chuck""",P,TN03,1/16/2019,2019-01-16,"Charles J. ""Chuck"" Fleischmann",https://disclosures-clerk.house.gov/public_disc/ptr-pdfs/2018/9114308.pdf
20008766,Flores,Bill,P,TX17,1/19/2018,2018-01-19,Bill Flores,https://disclosures-clerk.house.gov/public_disc/ptr-pdfs/2018/20008766.pdf
20009779,Flores,Bill,P,TX17,6/22/2018,2018-06-22,Bill Flores,https://disclosures-clerk.house.gov/public_disc/ptr-pdfs/2018/20009779.pdf
20009890,Flores,Bill,P,TX17,7/13/2018,2018-07-13,Bill Flores,https://disclosures-clerk.house.gov/public_disc/ptr-pdfs/2018/20009890.pdf
20010052,Flores,Bill,P,TX17,8/8/2018,2018-08-08,Bill Flores,https://disclosures-clerk.house.gov/public_disc/ptr-pdfs/2018/20010052.pdf
20010235,Flores,Bill,P,TX17,9/7/2018,2018-09-07,Bill Flores,https://disclosures-clerk.house.gov/public_disc/ptr-pdfs/2018/20010235.pdf
20010446,Flores,Bill,P,TX17,10/9/2018,2018-10-09,Bill Flores,https://disclosures-clerk.house.gov/public_disc/ptr-pdfs/2018/20010446.pdf
20010673,Flores,Bill,P,TX17,11/14/2018,2018-11-14,Bill Flores,https://disclosures-clerk.house.gov/public_disc/ptr-pdfs/2018/20010673.pdf
20010845,Flores,Bill,P,TX17,12/14/2018,2018-12-14,Bill Flores,https://disclosures-clerk.house.gov/public_disc/ptr-pdfs/2018/20010845.pdf
20009035,Fortenberry,Jeff,P,NE01,2/26/2018,2018-02-26,Jeff Fortenberry,https://disclosures-clerk.house.gov/public_disc/ptr-pdfs/2018/20009035.pdf
20008647,Foxx,Virginia,P,NC05,1/8/2018,2018-01-08,Virginia Foxx,https://disclosures-clerk.house.gov/public_disc/ptr-pdfs/2018/20008647.pdf
20008850,Foxx,Virginia,P,NC05,2/9/2018,2018-02-09,Virginia Foxx,https://disclosures-clerk.house.gov/public_disc/ptr-pdfs/2018/20008850.pdf
20009058,Foxx,Virginia,P,NC05,3/7/2018,2018-03-07,Virginia Foxx,https://disclosures-clerk.house.gov/public_disc/ptr-pdfs/2018/20009058.pdf
20009224,Foxx,Virginia,P,NC05,4/11/2018,2018-04-11,Virginia Foxx,https://disclosures-clerk.house.gov/public_disc/ptr-pdfs/2018/20009224.pdf
20009445,Foxx,Virginia,P,NC05,5/10/2018,2018-05-10,Virginia Foxx,https://disclosures-clerk.house.gov/public_disc/ptr-pdfs/2018/20009445.pdf
20009685,Foxx,Virginia,P,NC05,6/12/2018,2018-06-12,Virginia Foxx,https://disclosures-clerk.house.gov/public_disc/ptr-pdfs/2018/20009685.pdf
20009853,Foxx,Virginia,P,NC05,7/9/2018,2018-07-09,Virginia Foxx,https://disclosures-clerk.house.gov/public_disc/ptr-pdfs/2018/20009853.pdf
20010031,Foxx,Virginia,P,NC05,8/10/2018,2018-08-10,Virginia Foxx,https://disclosures-clerk.house.gov/public_disc/ptr-pdfs/2018/20010031.pdf
20010210,Foxx,Virginia,P,NC05,9/10/2018,2018-09-10,Virginia Foxx,https://disclosures-clerk.house.gov/public_disc/ptr-pdfs/2018/20010210.pdf
20010410,Foxx,Virginia,P,NC05,10/5/2018,2018-10-05,Virginia Foxx,https://disclosures-clerk.house.gov/public_disc/ptr-pdfs/2018/20010410.pdf
20010605,Foxx,Virginia,P,NC05,11/5/2018,2018-11-05,Virginia Foxx,https://disclosures-clerk.house.gov/public_disc/ptr-pdfs/2018/20010605.pdf
20010757,Foxx,Virginia,P,NC05,12/4/2018,2018-12-04,Virginia Foxx,https://disclosures-clerk.house.gov/public_disc/ptr-pdfs/2018/20010757.pdf
20008754,Frankel,Lois,P,FL21,1/23/2018,2018-01-23,Lois Frankel,https://disclosures-clerk.house.gov/public_disc/ptr-pdfs/2018/20008754.pdf
20008999,Frankel,Lois,P,FL21,2/22/2018,2018-02-22,Lois Frankel,https://disclosures-clerk.house.gov/public_disc/ptr-pdfs/2018/20008999.pdf
20009161,Frankel,Lois,P,FL21,3/27/2018,2018-03-27,Lois Frankel,https://disclosures-clerk.house.gov/public_disc/ptr-pdfs/2018/20009161.pdf
20009360,Frankel,Lois,P,FL21,4/27/2018,2018-04-27,Lois Frankel,https://disclosures-clerk.house.gov/public_disc/ptr-pdfs/2018/20009360.pdf
20009628,Frankel,Lois,P,FL21,5/29/2018,2018-05-29,Lois Frankel,https://disclosures-clerk.house.gov/public_disc/ptr-pdfs/2018/20009628.pdf
20009767,Frankel,Lois,P,FL21,6/22/2018,2018-06-22,Lois Frankel,https://disclosures-clerk.house.gov/public_disc/ptr-pdfs/2018/20009767.pdf
20009914,Frankel,Lois,P,FL21,7/25/2018,2018-07-25,Lois Frankel,https://disclosures-clerk.house.gov/public_disc/ptr-pdfs/2018/20009914.pdf
20010161,Frankel,Lois,P,FL21,8/24/2018,2018-08-24,Lois Frankel,https://disclosures-clerk.house.gov/public_disc/ptr-pdfs/2018/20010161.pdf
20010328,Frankel,Lois,P,FL21,9/25/2018,2018-09-25,Lois Frankel,https://disclosures-clerk.house.gov/public_disc/ptr-pdfs/2018/20010328.pdf
20010535,Frankel,Lois,P,FL21,10/30/2018,2018-10-30,Lois Frankel,https://disclosures-clerk.house.gov/public_disc/ptr-pdfs/2018/20010535.pdf
20010708,Frankel,Lois,P,FL21,11/28/2018,2018-11-28,Lois Frankel,https://disclosures-clerk.house.gov/public_disc/ptr-pdfs/2018/20010708.pdf
20010902,Frankel,Lois,P,FL21,12/31/2018,2018-12-31,Lois Frankel,https://disclosures-clerk.house.gov/public_disc/ptr-pdfs/2018/20010902.pdf
9112309,Frelinghuysen,Rodney P.,P,NJ11,1/23/2018,2018-01-23,Rodney P. Frelinghuysen,https://disclosures-clerk.house.gov/public_disc/ptr-pdfs/2018/9112309.pdf
9112479,Frelinghuysen,Rodney P.,P,NJ11,2/26/2018,2018-02-26,Rodney P. Frelinghuysen,https://disclosures-clerk.house.gov/public_disc/ptr-pdfs/2018/9112479.pdf
9112542,Frelinghuysen,Rodney P.,P,NJ11,3/13/2018,2018-03-13,Rodney P. Frelinghuysen,https://disclosures-clerk.house.gov/public_disc/ptr-pdfs/2018/9112542.pdf
9112608,Frelinghuysen,Rodney P.,P,NJ11,4/2/2018,2018-04-02,Rodney P. Frelinghuysen,https://disclosures-clerk.house.gov/public_disc/ptr-pdfs/2018/9112608.pdf
9112817,Frelinghuysen,Rodney P.,P,NJ11,5/10/2018,2018-05-10,Rodney P. Frelinghuysen,https://disclosures-clerk.house.gov/public_disc/ptr-pdfs/2018/9112817.pdf
9113403,Frelinghuysen,Rodney P.,P,NJ11,6/12/2018,2018-06-12,Rodney P. Frelinghuysen,https://disclosures-clerk.house.gov/public_disc/ptr-pdfs/2018/9113403.pdf
9113431,Frelinghuysen,Rodney P.,P,NJ11,6/19/2018,2018-06-19,Rodney P. Frelinghuysen,https://disclosures-clerk.house.gov/public_disc/ptr-pdfs/2018/9113431.pdf
9113453,Frelinghuysen,Rodney P.,P,NJ11,6/26/2018,2018-06-26,Rodney P. Frelinghuysen,https://disclosures-clerk.house.gov/public_disc/ptr-pdfs/2018/9113453.pdf
9113513,Frelinghuysen,Rodney P.,P,NJ11,7/12/2018,2018-07-12,Rodney P. Frelinghuysen,https://disclosures-clerk.house.gov/public_disc/ptr-pdfs/2018/9113513.pdf
9113567,Frelinghuysen,Rodney P.,P,NJ11,7/23/2018,2018-07-23,Rodney P. Frelinghuysen,https://disclosures-clerk.house.gov/public_disc/ptr-pdfs/2018/9113567.pdf
9113708,Frelinghuysen,Rodney P.,P,NJ11,8/21/2018,2018-08-21,Rodney P. Frelinghuysen,https://disclosures-clerk.house.gov/public_disc/ptr-pdfs/2018/9113708.pdf
9113736,Frelinghuysen,Rodney P.,P,NJ11,9/4/2018,2018-09-04,Rodney P. Frelinghuysen,https://disclosures-clerk.house.gov/public_disc/ptr-pdfs/2018/9113736.pdf
9114008,Frelinghuysen,Rodney P.,P,NJ11,9/26/2018,2018-09-26,Rodney P. Frelinghuysen,https://disclosures-clerk.house.gov/public_disc/ptr-pdfs/2018/9114008.pdf
9114234,Frelinghuysen,Rodney P.,P,NJ11,12/12/2018,2018-12-12,Rodney P. Frelinghuysen,https://disclosures-clerk.house.gov/public_disc/ptr-pdfs/2018/9114234.pdf
9114247,Frelinghuysen,Rodney P.,P,NJ11,12/21/2018,2018-12-21,Rodney P. Frelinghuysen,https://disclosures-clerk.house.gov/public_disc/ptr-pdfs/2018/9114247.pdf
20008650,Gianforte,Greg,P,MT00,1/4/2018,2018-01-04,Greg Gianforte,https://disclosures-clerk.house.gov/public_disc/ptr-pdfs/2018/20008650.pdf
20008742,Gianforte,Greg,P,MT00,1/17/2018,2018-01-17,Greg Gianforte,https://disclosures-clerk.house.gov/public_disc/ptr-pdfs/2018/20008742.pdf
20008926,Gianforte,Greg,P,MT00,2/8/2018,2018-02-08,Greg Gianforte,https://disclosures-clerk.house.gov/public_disc/ptr-pdfs/2018/20008926.pdf
20008971,Gianforte,Greg,P,MT00,2/14/2018,2018-02-14,Greg Gianforte,https://disclosures-clerk.house.gov/public_disc/ptr-pdfs/2018/20008971.pdf
20009049,Gianforte,Greg,P,MT00,2/28/2018,2018-02-28,Greg Gianforte,https://disclosures-clerk.house.gov/public_disc/ptr-pdfs/2018/20009049.pdf
20009125,Gianforte,Greg,P,MT00,3/13/2018,2018-03-13,Greg Gianforte,https://disclosures-clerk.house.gov/public_disc/ptr-pdfs/2018/20009125.pdf
20009197,Gianforte,Greg,P,MT00,3/27/2018,2018-03-27,Greg Gianforte,https://disclosures-clerk.house.gov/public_disc/ptr-pdfs/2018/20009197.pdf
20009287,Gianforte,Greg,P,MT00,4/13/2018,2018-04-13,Greg Gianforte,https://disclosures-clerk.house.gov/public_disc/ptr-pdfs/2018/20009287.pdf
20009447,Gianforte,Greg,P,MT00,5/5/2018,2018-05-05,Greg Gianforte,https://disclosures-clerk.house.gov/public_disc/ptr-pdfs/2018/20009447.pdf
20009611,Gianforte,Greg,P,MT00,5/21/2018,2018-05-21,Greg Gianforte,https://disclosures-clerk.house.gov/public_disc/ptr-pdfs/2018/20009611.pdf
20009723,Gianforte,Greg,P,MT00,6/15/2018,2018-06-15,Greg Gianforte,https://disclosures-clerk.house.gov/public_disc/ptr-pdfs/2018/20009723.pdf
20009784,Gianforte,Greg,P,MT00,6/25/2018,2018-06-25,Greg Gianforte,https://disclosures-clerk.house.gov/public_disc/ptr-pdfs/2018/20009784.pdf
20009855,Gianforte,Greg,P,MT00,7/9/2018,2018-07-09,Greg Gianforte,https://disclosures-clerk.house.gov/public_disc/ptr-pdfs/2018/20009855.pdf
20009979,Gianforte,Greg,P,MT00,7/30/2018,2018-07-30,Greg Gianforte,https://disclosures-clerk.house.gov/public_disc/ptr-pdfs/2018/20009979.pdf
20010170,Gianforte,Greg,P,MT00,8/27/2018,2018-08-27,Greg Gianforte,https://disclosures-clerk.house.gov/public_disc/ptr-pdfs/2018/20010170.pdf
20010236,Gianforte,Greg,P,MT00,9/7/2018,2018-09-07,Greg Gianforte,https://disclosures-clerk.house.gov/public_disc/ptr-pdfs/2018/20010236.pdf
20010364,Gianforte,Greg,P,MT00,10/9/2018,2018-10-09,Greg Gianforte,https://disclosures-clerk.house.gov/public_disc/ptr-pdfs/2018/20010364.pdf
20010515,Gianforte,Greg,P,MT00,10/22/2018,2018-10-22,Greg Gianforte,https://disclosures-clerk.house.gov/public_disc/ptr-pdfs/2018/20010515.pdf
20010552,Gianforte,Greg,P,MT00,10/29/2018,2018-10-29,Greg Gianforte,https://disclosures-clerk.house.gov/public_disc/ptr-pdfs/2018/20010552.pdf
20010671,Gianforte,Greg,P,MT00,11/15/2018,2018-11-15,Greg Gianforte,https://disclosures-clerk.house.gov/public_disc/ptr-pdfs/2018/20010671.pdf
20010795,Gianforte,Greg,P,MT00,12/7/2018,2018-12-07,Greg Gianforte,https://disclosures-clerk.house.gov/public_disc/ptr-pdfs/2018/20010795.pdf
20010796,Gianforte,Greg,P,MT00,12/11/2018,2018-12-11,Greg Gianforte,https://disclosures-clerk.house.gov/public_disc/ptr-pdfs/2018/20010796.pdf
20010839,Gianforte,Greg,P,MT00,12/29/2018,2018-12-29,Greg Gianforte,https://disclosures-clerk.house.gov/public_disc/ptr-pdfs/2018/20010839.pdf
20008796,Gibbs,Bob,P,OH07,1/24/2018,2018-01-24,Bob Gibbs,https://disclosures-clerk.house.gov/public_disc/ptr-pdfs/2018/20008796.pdf
20008988,Gibbs,Bob,P,OH07,2/16/2018,2018-02-16,Bob Gibbs,https://disclosures-clerk.house.gov/public_disc/ptr-pdfs/2018/20008988.pdf
20009065,Gibbs,Bob,P,OH07,3/3/2018,2018-03-03,Bob Gibbs,https://disclosures-clerk.house.gov/public_disc/ptr-pdfs/2018/20009065.pdf
20009148,Gibbs,Bob,P,OH07,3/16/2018,2018-03-16,Bob Gibbs,https://disclosures-clerk.house.gov/public_disc/ptr-pdfs/2018/20009148.pdf
20009261,Gibbs,Bob,P,OH07,4/9/2018,2018-04-09,Bob Gibbs,https://disclosures-clerk.house.gov/public_disc/ptr-pdfs/2018/20009261.pdf
20009368,Gibbs,Bob,P,OH07,4/24/2018,2018-04-24,Bob Gibbs,https://disclosures-clerk.house.gov/public_disc/ptr-pdfs/2018/20009368.pdf
20009370,Gibbs,Bob,P,OH07,4/24/2018,2018-04-24,Bob Gibbs,https://disclosures-clerk.house.gov/public_disc/ptr-pdfs/2018/20009370.pdf
20009638,Gibbs,Bob,P,OH07,5/28/2018,2018-05-28,Bob Gibbs,https://disclosures-clerk.house.gov/public_disc/ptr-pdfs/2018/20009638.pdf
20009710,Gibbs,Bob,P,OH07,6/9/2018,2018-06-09,Bob Gibbs,https://disclosures-clerk.house.gov/public_disc/ptr-pdfs/2018/20009710.pdf
20009836,Gibbs,Bob,P,OH07,7/3/2018,2018-07-03,Bob Gibbs,https://disclosures-clerk.house.gov/public_disc/ptr-pdfs/2018/20009836.pdf
20010203,Gibbs,Bob,P,OH07,9/3/2018,2018-09-03,Bob Gibbs,https://disclosures-clerk.house.gov/public_disc/ptr-pdfs/2018/20010203.pdf
20010325,Gibbs,Bob,P,OH07,9/19/2018,2018-09-19,Bob Gibbs,https://disclosures-clerk.house.gov/public_disc/ptr-pdfs/2018/20010325.pdf
20010414,Gibbs,Bob,P,OH07,10/4/2018,2018-10-04,Bob Gibbs,https://disclosures-clerk.house.gov/public_disc/ptr-pdfs/2018/20010414.pdf
9112308,Gottheimer,Josh,P,NJ05,1/19/2018,2018-01-19,Josh Gottheimer,https://disclosures-clerk.house.gov/public_disc/ptr-pdfs/2018/9112308.pdf
9112457,Gottheimer,Josh,P,NJ05,2/15/2018,2018-02-15,Josh Gottheimer,https://disclosures-clerk.house.gov/public_disc/ptr-pdfs/2018/9112457.pdf
9112650,Gottheimer,Josh,P,NJ05,4/12/2018,2018-04-12,Josh Gottheimer,https://disclosures-clerk.house.gov/public_disc/ptr-pdfs/2018/9112650.pdf
9112651,Gottheimer,Josh,P,NJ05,4/12/2018,2018-04-12,Josh Gottheimer,https://disclosures-clerk.house.gov/public_disc/ptr-pdfs/2018/9112651.pdf
9113462,Gottheimer,Josh,P,NJ05,6/27/2018,2018-06-27,Josh Gottheimer,https://disclosures-clerk.house.gov/public_disc/ptr-pdfs/2018/9113462.pdf
9113463,Gottheimer,Josh,P,NJ05,6/27/2018,2018-06-27,Josh Gottheimer,https://disclosures-clerk.house.gov/public_disc/ptr-pdfs/2018/9113463.pdf
20009955,Gottheimer,Josh,P,NJ05,8/13/2018,2018-08-13,Josh Gottheimer,https://disclosures-clerk.house.gov/public_disc/ptr-pdfs/2018/20009955.pdf
20010354,Gottheimer,Josh,P,NJ05,10/2/2018,2018-10-02,Josh Gottheimer,https://disclosures-clerk.house.gov/public_disc/ptr-pdfs/2018/20010354.pdf
20010456,Gottheimer,Josh,P,NJ05,11/2/2018,2018-11-02,Josh Gottheimer,https://disclosures-clerk.house.gov/public_disc/ptr-pdfs/2018/20010456.pdf
20010633,Gottheimer,Josh,P,NJ05,11/16/2018,2018-11-16,Josh Gottheimer,https://disclosures-clerk.house.gov/public_disc/ptr-pdfs/2018/20010633.pdf
20010807,Gottheimer,Josh,P,NJ05,12/13/2018,2018-12-13,Josh Gottheimer,https://disclosures-clerk.house.gov/public_disc/ptr-pdfs/2018/20010807.pdf
9114011,Heck,Denny,P,WA10,9/28/2018,2018-09-28,Denny Heck,https://disclosures-clerk.house.gov/public_disc/ptr-pdfs/2018/9114011.pdf
9114012,Heck,Denny,P,WA10,9/28/2018,2018-09-28,Denny Heck,https://disclosures-clerk.house.gov/public_disc/ptr-pdfs/2018/9114012.pdf
9112681,Higgins,Brian,P,NY26,4/20/2018,2018-04-20,Brian Higgins,https://disclosures-clerk.house.gov/public_disc/ptr-pdfs/2018/9112681.pdf
9113606,Holding,George,P,NC02,7/31/2018,2018-07-31,George Holding,https://disclosures-clerk.house.gov/public_disc/ptr-pdfs/2018/9113606.pdf
9114270,Holding,George,P,NC02,1/4/2019,2019-01-04,George Holding,https://disclosures-clerk.house.gov/public_disc/ptr-pdfs/2018/9114270.pdf
9112454,Hollingsworth,Trey,P,IN09,2/15/2018,2018-02-15,Trey Hollingsworth,https://disclosures-clerk.house.gov/public_disc/ptr-pdfs/2018/9112454.pdf
20009838,Jeffries,Hakeem S.,P,NY08,7/5/2018,2018-07-05,Hakeem S. Jeffries,https://disclosures-clerk.house.gov/public_disc/ptr-pdfs/2018/20009838.pdf
20010333,Jeffries,Hakeem S.,P,NY08,9/19/2018,2018-09-19,Hakeem S. Jeffries,https://disclosures-clerk.house.gov/public_disc/ptr-pdfs/2018/20010333.pdf
20010378,Jeffries,Hakeem S.,P,NY08,9/29/2018,2018-09-29,Hakeem S. Jeffries,https://disclosures-clerk.house.gov/public_disc/ptr-pdfs/2018/20010378.pdf
9112397,Kelly,Mike,P,PA03,2/8/2018,2018-02-08,Mike Kelly,https://disclosures-clerk.house.gov/public_disc/ptr-pdfs/2018/9112397.pdf
9112562,Kelly,Mike,P,PA03,3/14/2018,2018-03-14,Mike Kelly,https://disclosures-clerk.house.gov/public_disc/ptr-pdfs/2018/9112562.pdf
9112675,Kelly,Mike,P,PA03,4/17/2018,2018-04-17,Mike Kelly,https://disclosures-clerk.house.gov/public_disc/ptr-pdfs/2018/9112675.pdf
9112884,Kelly,Mike,P,PA03,5/15/2018,2018-05-15,Mike Kelly,https://disclosures-clerk.house.gov/public_disc/ptr-pdfs/2018/9112884.pdf
9113402,Kelly,Mike,P,PA03,6/12/2018,2018-06-12,Mike Kelly,https://disclosures-clerk.house.gov/public_disc/ptr-pdfs/2018/9113402.pdf
9113535,Kelly,Mike,P,PA03,7/19/2018,2018-07-19,Mike Kelly,https://disclosures-clerk.house.gov/public_disc/ptr-pdfs/2018/9113535.pdf
9113679,Kelly,Mike,P,PA03,8/13/2018,2018-08-13,Mike Kelly,https://disclosures-clerk.house.gov/public_disc/ptr-pdfs/2018/9113679.pdf
9113780,Kelly,Mike,P,PA03,9/12/2018,2018-09-12,Mike Kelly,https://disclosures-clerk.house.gov/public_disc/ptr-pdfs/2018/9113780.pdf
9114120,Kelly,Mike,P,PA03,10/24/2018,2018-10-24,Mike Kelly,https://disclosures-clerk.house.gov/public_disc/ptr-pdfs/2018/9114120.pdf
9114176,Kelly,Mike,P,PA03,11/16/2018,2018-11-16,Mike Kelly,https://disclosures-clerk.house.gov/public_disc/ptr-pdfs/2018/9114176.pdf
9114246,Kelly,Mike,P,PA03,12/20/2018,2018-12-20,Mike Kelly,https://disclosures-clerk.house.gov/public_disc/ptr-pdfs/2018/9114246.pdf
9114300,Kelly,Mike,P,PA03,1/15/2019,2019-01-15,Mike Kelly,https://disclosures-clerk.house.gov/public_disc/ptr-pdfs/2018/9114300.pdf
9112245,Kennedy,Joseph P.,P,MA04,1/5/2018,2018-01-05,Joseph P. Kennedy,https://disclosures-clerk.house.gov/public_disc/ptr-pdfs/2018/9112245.pdf
9113534,Kennedy,Joseph P.,P,MA04,7/17/2018,2018-07-17,Joseph P. Kennedy,https://disclosures-clerk.house.gov/public_disc/ptr-pdfs/2018/9113534.pdf
9113890,Kennedy,Joseph P.,P,MA04,9/18/2018,2018-09-18,Joseph P. Kennedy,https://disclosures-clerk.house.gov/public_disc/ptr-pdfs/2018/9113890.pdf
9114269,Kennedy,Joseph P.,P,MA04,1/3/2019,2019-01-03,Joseph P. Kennedy,https://disclosures-clerk.house.gov/public_disc/ptr-pdfs/2018/9114269.pdf
9112444,Khanna,Rohit,P,CA17,2/11/2018,2018-02-11,Rohit Khanna,https://disclosures-clerk.house.gov/public_disc/ptr-pdfs/2018/9112444.pdf
9112538,Khanna,Rohit,P,CA17,3/9/2018,2018-03-09,Rohit Khanna,https://disclosures-clerk.house.gov/public_disc/ptr-pdfs/2018/9112538.pdf
9112649,Khanna,Rohit,P,CA17,4/13/2018,2018-04-13,Rohit Khanna,https://disclosures-clerk.house.gov/public_disc/ptr-pdfs/2018/9112649.pdf
9112814,Khanna,Rohit,P,CA17,5/10/2018,2018-05-10,Rohit Khanna,https://disclosures-clerk.house.gov/public_disc/ptr-pdfs/2018/9112814.pdf
9113299,Khanna,Rohit,P,CA17,6/8/2018,2018-06-08,Rohit Khanna,https://disclosures-clerk.house.gov/public_disc/ptr-pdfs/2018/9113299.pdf
9113509,Khanna,Rohit,P,CA17,7/11/2018,2018-07-11,Rohit Khanna,https://disclosures-clerk.house.gov/public_disc/ptr-pdfs/2018/9113509.pdf
9113657,Khanna,Rohit,P,CA17,8/10/2018,2018-08-10,Rohit Khanna,https://disclosures-clerk.house.gov/public_disc/ptr-pdfs/2018/9113657.pdf
9113779,Khanna,Rohit,P,CA17,9/12/2018,2018-09-12,Rohit Khanna,https://disclosures-clerk.house.gov/public_disc/ptr-pdfs/2018/9113779.pdf
9114060,Khanna,Rohit,P,CA17,10/10/2018,2018-10-10,Rohit Khanna,https://disclosures-clerk.house.gov/public_disc/ptr-pdfs/2018/9114060.pdf
9114153,Khanna,Rohit,P,CA17,11/9/2018,2018-11-09,Rohit Khanna,https://disclosures-clerk.house.gov/public_disc/ptr-pdfs/2018/9114153.pdf
9114222,Khanna,Rohit,P,CA17,12/10/2018,2018-12-10,Rohit Khanna,https://disclosures-clerk.house.gov/public_disc/ptr-pdfs/2018/9114222.pdf
9114288,Khanna,Rohit,P,CA17,1/11/2019,2019-01-11,Rohit Khanna,https://disclosures-clerk.house.gov/public_disc/ptr-pdfs/2018/9114288.pdf
9114397,Khanna,Rohit,P,CA17,2/15/2019,2019-02-15,Rohit Khanna,https://disclosures-clerk.house.gov/public_disc/ptr-pdfs/2018/9114397.pdf
20009709,Kilmer,Derek,P,WA06,6/8/2018,2018-06-08,Derek Kilmer,https://disclosures-clerk.house.gov/public_disc/ptr-pdfs/2018/20009709.pdf
20008956,Knight,Steve,P,CA25,2/12/2018,2018-02-12,Steve Knight,https://disclosures-clerk.house.gov/public_disc/ptr-pdfs/2018/20008956.pdf
20010268,Knight,Steve,P,CA25,9/11/2018,2018-09-11,Steve Knight,https://disclosures-clerk.house.gov/public_disc/ptr-pdfs/2018/20010268.pdf
9112478,Kustoff,David,P,TN08,2/26/2018,2018-02-26,David Kustoff,https://disclosures-clerk.house.gov/public_disc/ptr-pdfs/2018/9112478.pdf
9113300,Kustoff,David,P,TN08,6/5/2018,2018-06-05,David Kustoff,https://disclosures-clerk.house.gov/public_disc/ptr-pdfs/2018/9113300.pdf
9114209,Kustoff,David,P,TN08,12/3/2018,2018-12-03,David Kustoff,https://disclosures-clerk.house.gov/public_disc/ptr-pdfs/2018/9114209.pdf
9112337,Lamborn,Doug,P,CO05,1/31/2018,2018-01-31,Doug Lamborn,https://disclosures-clerk.house.gov/public_disc/ptr-pdfs/2018/9112337.pdf
9112396,Lamborn,Doug,P,CO05,2/8/2018,2018-02-08,Doug Lamborn,https://disclosures-clerk.house.gov/public_disc/ptr-pdfs/2018/9112396.pdf
9112658,Lamborn,Doug,P,CO05,4/13/2018,2018-04-13,Doug Lamborn,https://disclosures-clerk.house.gov/public_disc/ptr-pdfs/2018/9112658.pdf
9112831,Lamborn,Doug,P,CO05,5/14/2018,2018-05-14,Doug Lamborn,https://disclosures-clerk.house.gov/public_disc/ptr-pdfs/2018/9112831.pdf
9113440,Lamborn,Doug,P,CO05,6/21/2018,2018-06-21,Doug Lamborn,https://disclosures-clerk.house.gov/public_disc/ptr-pdfs/2018/9113440.pdf
9113532,Lamborn,Doug,P,CO05,7/19/2018,2018-07-19,Doug Lamborn,https://disclosures-clerk.house.gov/public_disc/ptr-pdfs/2018/9113532.pdf
9113533,Lamborn,Doug,P,CO05,7/19/2018,2018-07-19,Doug Lamborn,https://disclosures-clerk.house.gov/public_disc/ptr-pdfs/2018/9113533.pdf
9113746,Lamborn,Doug,P,CO05,9/6/2018,2018-09-06,Doug Lamborn,https://disclosures-clerk.house.gov/public_disc/ptr-pdfs/2018/9113746.pdf
9114017,Lamborn,Doug,P,CO05,9/28/2018,2018-09-28,Doug Lamborn,https://disclosures-clerk.house.gov/public_disc/ptr-pdfs/2018/9114017.pdf
9114018,Lamborn,Doug,P,CO05,9/28/2018,2018-09-28,Doug Lamborn,https://disclosures-clerk.house.gov/public_disc/ptr-pdfs/2018/9114018.pdf
20008968,Langevin,James R.,P,RI02,2/14/2018,2018-02-14,James R. Langevin,https://disclosures-clerk.house.gov/public_disc/ptr-pdfs/2018/20008968.pdf
20008973,Langevin,James R.,P,RI02,2/15/2018,2018-02-15,James R. Langevin,https://disclosures-clerk.house.gov/public_disc/ptr-pdfs/2018/20008973.pdf
20009163,Langevin,James R.,P,RI02,3/20/2018,2018-03-20,James R. Langevin,https://disclosures-clerk.house.gov/public_disc/ptr-pdfs/2018/20009163.pdf
20009227,Langevin,James R.,P,RI02,4/4/2018,2018-04-04,James R. Langevin,https://disclosures-clerk.house.gov/public_disc/ptr-pdfs/2018/20009227.pdf
20009494,Langevin,James R.,P,RI02,5/9/2018,2018-05-09,James R. Langevin,https://disclosures-clerk.house.gov/public_disc/ptr-pdfs/2018/20009494.pdf
20009764,Langevin,James R.,P,RI02,6/20/2018,2018-06-20,James R. Langevin,https://disclosures-clerk.house.gov/public_disc/ptr-pdfs/2018/20009764.pdf
20009778,Langevin,James R.,P,RI02,6/22/2018,2018-06-22,James R. Langevin,https://disclosures-clerk.house.gov/public_disc/ptr-pdfs/2018/20009778.pdf
20010127,Langevin,James R.,P,RI02,8/17/2018,2018-08-17,James R. Langevin,https://disclosures-clerk.house.gov/public_disc/ptr-pdfs/2018/20010127.pdf
20010266,Langevin,James R.,P,RI02,9/12/2018,2018-09-12,James R. Langevin,https://disclosures-clerk.house.gov/public_disc/ptr-pdfs/2018/20010266.pdf
20010492,Langevin,James R.,P,RI02,10/16/2018,2018-10-16,James R. Langevin,https://disclosures-clerk.house.gov/public_disc/ptr-pdfs/2018/20010492.pdf
20010547,Langevin,James R.,P,RI02,10/26/2018,2018-10-26,James R. Langevin,https://disclosures-clerk.house.gov/public_disc/ptr-pdfs/2018/20010547.pdf
20010576,Langevin,James R.,P,RI02,11/1/2018,2018-11-01,James R. Langevin,https://disclosures-clerk.house.gov/public_disc/ptr-pdfs/2018/20010576.pdf
20010719,Langevin,James R.,P,RI02,12/13/2018,2018-12-13,James R. Langevin,https://disclosures-clerk.house.gov/public_disc/ptr-pdfs/2018/20010719.pdf
9112338,Larson,John B.,P,CT01,1/31/2018,2018-01-31,John B. Larson,https://disclosures-clerk.house.gov/public_disc/ptr-pdfs/2018/9112338.pdf
9112456,Larson,John B.,P,CT01,2/15/2018,2018-02-15,John B. Larson,https://disclosures-clerk.house.gov/public_disc/ptr-pdfs/2018/9112456.pdf
9112527,Larson,John B.,P,CT01,3/5/2018,2018-03-05,John B. Larson,https://disclosures-clerk.house.gov/public_disc/ptr-pdfs/2018/9112527.pdf
9112561,Larson,John B.,P,CT01,3/14/2018,2018-03-14,John B. Larson,https://disclosures-clerk.house.gov/public_disc/ptr-pdfs/2018/9112561.pdf
9112583,Larson,John B.,P,CT01,3/20/2018,2018-03-20,John B. Larson,https://disclosures-clerk.house.gov/public_disc/ptr-pdfs/2018/9112583.pdf
9112811,Larson,John B.,P,CT01,5/8/2018,2018-05-08,John B. Larson,https://disclosures-clerk.house.gov/public_disc/ptr-pdfs/2018/9112811.pdf
9112882,Larson,John B.,P,CT01,5/15/2018,2018-05-15,John B. Larson,https://disclosures-clerk.house.gov/public_disc/ptr-pdfs/2018/9112882.pdf
9112883,Larson,John B.,P,CT01,5/15/2018,2018-05-15,John B. Larson,https://disclosures-clerk.house.gov/public_disc/ptr-pdfs/2018/9112883.pdf
9113120,Larson,John B.,P,CT01,5/22/2018,2018-05-22,John B. Larson,https://disclosures-clerk.house.gov/public_disc/ptr-pdfs/2018/9113120.pdf
9113566,Larson,John B.,P,CT01,7/23/2018,2018-07-23,John B. Larson,https://disclosures-clerk.house.gov/public_disc/ptr-pdfs/2018/9113566.pdf
9113697,Larson,John B.,P,CT01,8/17/2018,2018-08-17,John B. Larson,https://disclosures-clerk.house.gov/public_disc/ptr-pdfs/2018/9113697.pdf
9113734,Larson,John B.,P,CT01,8/30/2018,2018-08-30,John B. Larson,https://disclosures-clerk.house.gov/public_disc/ptr-pdfs/2018/9113734.pdf
9113808,Larson,John B.,P,CT01,9/14/2018,2018-09-14,John B. Larson,https://disclosures-clerk.house.gov/public_disc/ptr-pdfs/2018/9113808.pdf
9114108,Larson,John B.,P,CT01,10/22/2018,2018-10-22,John B. Larson,https://disclosures-clerk.house.gov/public_disc/ptr-pdfs/2018/9114108.pdf
9114144,Larson,John B.,P,CT01,11/1/2018,2018-11-01,John B. Larson,https://disclosures-clerk.house.gov/public_disc/ptr-pdfs/2018/9114144.pdf
9114175,Larson,John B.,P,CT01,11/15/2018,2018-11-15,John B. Larson,https://disclosures-clerk.house.gov/public_disc/ptr-pdfs/2018/9114175.pdf
9114245,Larson,John B.,P,CT01,12/19/2018,2018-12-19,John B. Larson,https://disclosures-clerk.house.gov/public_disc/ptr-pdfs/2018/9114245.pdf
9114298,Larson,John B.,P,CT01,1/17/2019,2019-01-17,John B. Larson,https://disclosures-clerk.house.gov/public_disc/ptr-pdfs/2018/9114298.pdf
20008704,LoBiondo,Frank A.,P,NJ02,1/9/2018,2018-01-09,Frank A. LoBiondo,https://disclosures-clerk.house.gov/public_disc/ptr-pdfs/2018/20008704.pdf
20008725,LoBiondo,Frank A.,P,NJ02,1/12/2018,2018-01-12,Frank A. LoBiondo,https://disclosures-clerk.house.gov/public_disc/ptr-pdfs/2018/20008725.pdf
20010847,LoBiondo,Frank A.,P,NJ02,12/17/2018,2018-12-17,Frank A. LoBiondo,https://disclosures-clerk.house.gov/public_disc/ptr-pdfs/2018/20010847.pdf
20010858,LoBiondo,Frank A.,P,NJ02,12/18/2018,2018-12-18,Frank A. LoBiondo,https://disclosures-clerk.house.gov/public_disc/ptr-pdfs/2018/20010858.pdf
20010872,LoBiondo,Frank A.,P,NJ02,12/20/2018,2018-12-20,Frank A. LoBiondo,https://disclosures-clerk.house.gov/public_disc/ptr-pdfs/2018/20010872.pdf
20009232,Lofgren,Zoe,P,CA19,4/5/2018,2018-04-05,Zoe Lofgren,https://disclosures-clerk.house.gov/public_disc/ptr-pdfs/2018/20009232.pdf
20009473,Lofgren,Zoe,P,CA19,7/5/2018,2018-07-05,Zoe Lofgren,https://disclosures-clerk.house.gov/public_disc/ptr-pdfs/2018/20009473.pdf
20010292,Lofgren,Zoe,P,CA19,9/13/2018,2018-09-13,Zoe Lofgren,https://disclosures-clerk.house.gov/public_disc/ptr-pdfs/2018/20010292.pdf
20010451,Lofgren,Zoe,P,CA19,10/9/2018,2018-10-09,Zoe Lofgren,https://disclosures-clerk.house.gov/public_disc/ptr-pdfs/2018/20010451.pdf
20010843,Lofgren,Zoe,P,CA19,12/14/2018,2018-12-14,Zoe Lofgren,https://disclosures-clerk.house.gov/public_disc/ptr-pdfs/2018/20010843.pdf
9112443,Long,Billy,P,MO07,2/8/2018,2018-02-08,Billy Long,https://disclosures-clerk.house.gov/public_disc/ptr-pdfs/2018/9112443.pdf
9112876,Long,Billy,P,MO07,5/15/2018,2018-05-15,Billy Long,https://disclosures-clerk.house.gov/public_disc/ptr-pdfs/2018/9112876.pdf
9113807,Long,Billy,P,MO07,9/13/2018,2018-09-13,Billy Long,https://disclosures-clerk.house.gov/public_disc/ptr-pdfs/2018/9113807.pdf
9114290,Long,Billy,P,MO07,1/9/2019,2019-01-09,Billy Long,https://disclosures-clerk.house.gov/public_disc/ptr-pdfs/2018/9114290.pdf
9115180,Long,Billy,P,MO07,7/24/2019,2019-07-24,Billy Long,https://disclosures-clerk.house.gov/public_disc/ptr-pdfs/2018/9115180.pdf
20008705,Lowenthal,Alan S.,P,CA47,1/9/2018,2018-01-09,Alan S. Lowenthal,https://disclosures-clerk.house.gov/public_disc/ptr-pdfs/2018/20008705.pdf
20008716,Lowenthal,Alan S.,P,CA47,1/9/2018,2018-01-09,Alan S. Lowenthal,https://disclosures-clerk.house.gov/public_disc/ptr-pdfs/2018/20008716.pdf
20008779,Lowenthal,Alan S.,P,CA47,1/21/2018,2018-01-21,Alan S. Lowenthal,https://disclosures-clerk.house.gov/public_disc/ptr-pdfs/2018/20008779.pdf
20008780,Lowenthal,Alan S.,P,CA47,1/21/2018,2018-01-21,Alan S. Lowenthal,https://disclosures-clerk.house.gov/public_disc/ptr-pdfs/2018/20008780.pdf
20008794,Lowenthal,Alan S.,P,CA47,1/23/2018,2018-01-23,Alan S. Lowenthal,https://disclosures-clerk.house.gov/public_disc/ptr-pdfs/2018/20008794.pdf
20008879,Lowenthal,Alan S.,P,CA47,2/4/2018,2018-02-04,Alan S. Lowenthal,https://disclosures-clerk.house.gov/public_disc/ptr-pdfs/2018/20008879.pdf
20008880,Lowenthal,Alan S.,P,CA47,2/4/2018,2018-02-04,Alan S. Lowenthal,https://disclosures-clerk.house.gov/public_disc/ptr-pdfs/2018/20008880.pdf
20008991,Lowenthal,Alan S.,P,CA47,2/18/2018,2018-02-18,Alan S. Lowenthal,https://disclosures-clerk.house.gov/public_disc/ptr-pdfs/2018/20008991.pdf
20009179,Lowenthal,Alan S.,P,CA47,3/20/2018,2018-03-20,Alan S. Lowenthal,https://disclosures-clerk.house.gov/public_disc/ptr-pdfs/2018/20009179.pdf
20009180,Lowenthal,Alan S.,P,CA47,3/21/2018,2018-03-21,Alan S. Lowenthal,https://disclosures-clerk.house.gov/public_disc/ptr-pdfs/2018/20009180.pdf
20009183,Lowenthal,Alan S.,P,CA47,3/21/2018,2018-03-21,Alan S. Lowenthal,https://disclosures-clerk.house.gov/public_disc/ptr-pdfs/2018/20009183.pdf
20009195,Lowenthal,Alan S.,P,CA47,3/27/2018,2018-03-27,Alan S. Lowenthal,https://disclosures-clerk.house.gov/public_disc/ptr-pdfs/2018/20009195.pdf
20009196,Lowenthal,Alan S.,P,CA47,3/27/2018,2018-03-27,Alan S. Lowenthal,https://disclosures-clerk.house.gov/public_disc/ptr-pdfs/2018/20009196.pdf
20009257,Lowenthal,Alan S.,P,CA47,4/7/2018,2018-04-07,Alan S. Lowenthal,https://disclosures-clerk.house.gov/public_disc/ptr-pdfs/2018/20009257.pdf
20009258,Lowenthal,Alan S.,P,CA47,4/7/2018,2018-04-07,Alan S. Lowenthal,https://disclosures-clerk.house.gov/public_disc/ptr-pdfs/2018/20009258.pdf
20009438,Lowenthal,Alan S.,P,CA47,5/3/2018,2018-05-03,Alan S. Lowenthal,https://disclosures-clerk.house.gov/public_disc/ptr-pdfs/2018/20009438.pdf
20009441,Lowenthal,Alan S.,P,CA47,5/3/2018,2018-05-03,Alan S. Lowenthal,https://disclosures-clerk.house.gov/public_disc/ptr-pdfs/2018/20009441.pdf
20009489,Lowenthal,Alan S.,P,CA47,5/9/2018,2018-05-09,Alan S. Lowenthal,https://disclosures-clerk.house.gov/public_disc/ptr-pdfs/2018/20009489.pdf
20009608,Lowenthal,Alan S.,P,CA47,5/20/2018,2018-05-20,Alan S. Lowenthal,https://disclosures-clerk.house.gov/public_disc/ptr-pdfs/2018/20009608.pdf
20009609,Lowenthal,Alan S.,P,CA47,5/20/2018,2018-05-20,Alan S. Lowenthal,https://disclosures-clerk.house.gov/public_disc/ptr-pdfs/2018/20009609.pdf
20009618,Lowenthal,Alan S.,P,CA47,5/22/2018,2018-05-22,Alan S. Lowenthal,https://disclosures-clerk.house.gov/public_disc/ptr-pdfs/2018/20009618.pdf
20009619,Lowenthal,Alan S.,P,CA47,5/22/2018,2018-05-22,Alan S. Lowenthal,https://disclosures-clerk.house.gov/public_disc/ptr-pdfs/2018/20009619.pdf
20009620,Lowenthal,Alan S.,P,CA47,5/22/2018,2018-05-22,Alan S. Lowenthal,https://disclosures-clerk.house.gov/public_disc/ptr-pdfs/2018/20009620.pdf
20009711,Lowenthal,Alan S.,P,CA47,6/10/2018,2018-06-10,Alan S. Lowenthal,https://disclosures-clerk.house.gov/public_disc/ptr-pdfs/2018/20009711.pdf
20009712,Lowenthal,Alan S.,P,CA47,6/10/2018,2018-06-10,Alan S. Lowenthal,https://disclosures-clerk.house.gov/public_disc/ptr-pdfs/2018/20009712.pdf
20009807,Lowenthal,Alan S.,P,CA47,6/28/2018,2018-06-28,Alan S. Lowenthal,https://disclosures-clerk.house.gov/public_disc/ptr-pdfs/2018/20009807.pdf
20009808,Lowenthal,Alan S.,P,CA47,6/28/2018,2018-06-28,Alan S. Lowenthal,https://disclosures-clerk.house.gov/public_disc/ptr-pdfs/2018/20009808.pdf
20009809,Lowenthal,Alan S.,P,CA47,6/28/2018,2018-06-28,Alan S. Lowenthal,https://disclosures-clerk.house.gov/public_disc/ptr-pdfs/2018/20009809.pdf
20009963,Lowenthal,Alan S.,P,CA47,7/27/2018,2018-07-27,Alan S. Lowenthal,https://disclosures-clerk.house.gov/public_disc/ptr-pdfs/2018/20009963.pdf
20009965,Lowenthal,Alan S.,P,CA47,7/27/2018,2018-07-27,Alan S. Lowenthal,https://disclosures-clerk.house.gov/public_disc/ptr-pdfs/2018/20009965.pdf
20010091,Lowenthal,Alan S.,P,CA47,8/14/2018,2018-08-14,Alan S. Lowenthal,https://disclosures-clerk.house.gov/public_disc/ptr-pdfs/2018/20010091.pdf
20010092,Lowenthal,Alan S.,P,CA47,8/14/2018,2018-08-14,Alan S. Lowenthal,https://disclosures-clerk.house.gov/public_disc/ptr-pdfs/2018/20010092.pdf
20010093,Lowenthal,Alan S.,P,CA47,8/14/2018,2018-08-14,Alan S. Lowenthal,https://disclosures-clerk.house.gov/public_disc/ptr-pdfs/2018/20010093.pdf
20010107,Lowenthal,Alan S.,P,CA47,8/15/2018,2018-08-15,Alan S. Lowenthal,https://disclosures-clerk.house.gov/public_disc/ptr-pdfs/2018/20010107.pdf
20010108,Lowenthal,Alan S.,P,CA47,8/15/2018,2018-08-15,Alan S. Lowenthal,https://disclosures-clerk.house.gov/public_disc/ptr-pdfs/2018/20010108.pdf
20010110,Lowenthal,Alan S.,P,CA47,8/15/2018,2018-08-15,Alan S. Lowenthal,https://disclosures-clerk.house.gov/public_disc/ptr-pdfs/2018/20010110.pdf
20010111,Lowenthal,Alan S.,P,CA47,8/15/2018,2018-08-15,Alan S. Lowenthal,https://disclosures-clerk.house.gov/public_disc/ptr-pdfs/2018/20010111.pdf
20010134,Lowenthal,Alan S.,P,CA47,8/21/2018,2018-08-21,Alan S. Lowenthal,https://disclosures-clerk.house.gov/public_disc/ptr-pdfs/2018/20010134.pdf
20010135,Lowenthal,Alan S.,P,CA47,8/21/2018,2018-08-21,Alan S. Lowenthal,https://disclosures-clerk.house.gov/public_disc/ptr-pdfs/2018/20010135.pdf
20010136,Lowenthal,Alan S.,P,CA47,8/21/2018,2018-08-21,Alan S. Lowenthal,https://disclosures-clerk.house.gov/public_disc/ptr-pdfs/2018/20010136.pdf
20010194,Lowenthal,Alan S.,P,CA47,9/1/2018,2018-09-01,Alan S. Lowenthal,https://disclosures-clerk.house.gov/public_disc/ptr-pdfs/2018/20010194.pdf
20010195,Lowenthal,Alan S.,P,CA47,9/1/2018,2018-09-01,Alan S. Lowenthal,https://disclosures-clerk.house.gov/public_disc/ptr-pdfs/2018/20010195.pdf
20010196,Lowenthal,Alan S.,P,CA47,9/1/2018,2018-09-01,Alan S. Lowenthal,https://disclosures-clerk.house.gov/public_disc/ptr-pdfs/2018/20010196.pdf
20010253,Lowenthal,Alan S.,P,CA47,9/9/2018,2018-09-09,Alan S. Lowenthal,https://disclosures-clerk.house.gov/public_disc/ptr-pdfs/2018/20010253.pdf
20010254,Lowenthal,Alan S.,P,CA47,9/9/2018,2018-09-09,Alan S. Lowenthal,https://disclosures-clerk.house.gov/public_disc/ptr-pdfs/2018/20010254.pdf
20010404,Lowenthal,Alan S.,P,CA47,10/3/2018,2018-10-03,Alan S. Lowenthal,https://disclosures-clerk.house.gov/public_disc/ptr-pdfs/2018/20010404.pdf
20010405,Lowenthal,Alan S.,P,CA47,10/3/2018,2018-10-03,Alan S. Lowenthal,https://disclosures-clerk.house.gov/public_disc/ptr-pdfs/2018/20010405.pdf
20010406,Lowenthal,Alan S.,P,CA47,10/3/2018,2018-10-03,Alan S. Lowenthal,https://disclosures-clerk.house.gov/public_disc/ptr-pdfs/2018/20010406.pdf
20010512,Lowenthal,Alan S.,P,CA47,10/21/2018,2018-10-21,Alan S. Lowenthal,https://disclosures-clerk.house.gov/public_disc/ptr-pdfs/2018/20010512.pdf
20010513,Lowenthal,Alan S.,P,CA47,10/21/2018,2018-10-21,Alan S. Lowenthal,https://disclosures-clerk.house.gov/public_disc/ptr-pdfs/2018/20010513.pdf
20010600,Lowenthal,Alan S.,P,CA47,11/4/2018,2018-11-04,Alan S. Lowenthal,https://disclosures-clerk.house.gov/public_disc/ptr-pdfs/2018/20010600.pdf
20010601,Lowenthal,Alan S.,P,CA47,11/4/2018,2018-11-04,Alan S. Lowenthal,https://disclosures-clerk.house.gov/public_disc/ptr-pdfs/2018/20010601.pdf
20010602,Lowenthal,Alan S.,P,CA47,11/4/2018,2018-11-04,Alan S. Lowenthal,https://disclosures-clerk.house.gov/public_disc/ptr-pdfs/2018/20010602.pdf
20010691,Lowenthal,Alan S.,P,CA47,11/17/2018,2018-11-17,Alan S. Lowenthal,https://disclosures-clerk.house.gov/public_disc/ptr-pdfs/2018/20010691.pdf
20010692,Lowenthal,Alan S.,P,CA47,11/17/2018,2018-11-17,Alan S. Lowenthal,https://disclosures-clerk.house.gov/public_disc/ptr-pdfs/2018/20010692.pdf
20010700,Lowenthal,Alan S.,P,CA47,11/20/2018,2018-11-20,Alan S. Lowenthal,https://disclosures-clerk.house.gov/public_disc/ptr-pdfs/2018/20010700.pdf
20010702,Lowenthal,Alan S.,P,CA47,11/20/2018,2018-11-20,Alan S. Lowenthal,https://disclosures-clerk.house.gov/public_disc/ptr-pdfs/2018/20010702.pdf
20010703,Lowenthal,Alan S.,P,CA47,11/20/2018,2018-11-20,Alan S. Lowenthal,https://disclosures-clerk.house.gov/public_disc/ptr-pdfs/2018/20010703.pdf
20010704,Lowenthal,Alan S.,P,CA47,11/20/2018,2018-11-20,Alan S. Lowenthal,https://disclosures-clerk.house.gov/public_disc/ptr-pdfs/2018/20010704.pdf
20010705,Lowenthal,Alan S.,P,CA47,11/20/2018,2018-11-20,Alan S. Lowenthal,https://disclosures-clerk.house.gov/public_disc/ptr-pdfs/2018/20010705.pdf
20010706,Lowenthal,Alan S.,P,CA47,11/20/2018,2018-11-20,Alan S. Lowenthal,https://disclosures-clerk.house.gov/public_disc/ptr-pdfs/2018/20010706.pdf
20010707,Lowenthal,Alan S.,P,CA47,11/20/2018,2018-11-20,Alan S. Lowenthal,https://disclosures-clerk.house.gov/public_disc/ptr-pdfs/2018/20010707.pdf
20010801,Lowenthal,Alan S.,P,CA47,12/9/2018,2018-12-09,Alan S. Lowenthal,https://disclosures-clerk.house.gov/public_disc/ptr-pdfs/2018/20010801.pdf
20010802,Lowenthal,Alan S.,P,CA47,12/9/2018,2018-12-09,Alan S. Lowenthal,https://disclosures-clerk.house.gov/public_disc/ptr-pdfs/2018/20010802.pdf
20010820,Lowenthal,Alan S.,P,CA47,12/11/2018,2018-12-11,Alan S. Lowenthal,https://disclosures-clerk.house.gov/public_disc/ptr-pdfs/2018/20010820.pdf
20010821,Lowenthal,Alan S.,P,CA47,12/11/2018,2018-12-11,Alan S. Lowenthal,https://disclosures-clerk.house.gov/public_disc/ptr-pdfs/2018/20010821.pdf
20010822,Lowenthal,Alan S.,P,CA47,12/11/2018,2018-12-11,Alan S. Lowenthal,https://disclosures-clerk.house.gov/public_disc/ptr-pdfs/2018/20010822.pdf
20010823,Lowenthal,Alan S.,P,CA47,12/12/2018,2018-12-12,Alan S. Lowenthal,https://disclosures-clerk.house.gov/public_disc/ptr-pdfs/2018/20010823.pdf
20010824,Lowenthal,Alan S.,P,CA47,12/12/2018,2018-12-12,Alan S. Lowenthal,https://disclosures-clerk.house.gov/public_disc/ptr-pdfs/2018/20010824.pdf
20010825,Lowenthal,Alan S.,P,CA47,12/12/2018,2018-12-12,Alan S. Lowenthal,https://disclosures-clerk.house.gov/public_disc/ptr-pdfs/2018/20010825.pdf
20010826,Lowenthal,Alan S.,P,CA47,12/12/2018,2018-12-12,Alan S. Lowenthal,https://disclosures-clerk.house.gov/public_disc/ptr-pdfs/2018/20010826.pdf
20010910,Lowenthal,Alan S.,P,CA47,12/30/2018,2018-12-30,Alan S. Lowenthal,https://disclosures-clerk.house.gov/public_disc/ptr-pdfs/2018/20010910.pdf
20010911,Lowenthal,Alan S.,P,CA47,12/30/2018,2018-12-30,Alan S. Lowenthal,https://disclosures-clerk.house.gov/public_disc/ptr-pdfs/2018/20010911.pdf
20010912,Lowenthal,Alan S.,P,CA47,12/30/2018,2018-12-30,Alan S. Lowenthal,https://disclosures-clerk.house.gov/public_disc/ptr-pdfs/2018/20010912.pdf
20010913,Lowenthal,Alan S.,P,CA47,12/30/2018,2018-12-30,Alan S. Lowenthal,https://disclosures-clerk.house.gov/public_disc/ptr-pdfs/2018/20010913.pdf
20008702,MacArthur,Thomas,P,NJ03,1/10/2018,2018-01-10,Thomas MacArthur,https://disclosures-clerk.house.gov/public_disc/ptr-pdfs/2018/20008702.pdf
20008887,MacArthur,Thomas,P,NJ03,2/5/2018,2018-02-05,Thomas MacArthur,https://disclosures-clerk.house.gov/public_disc/ptr-pdfs/2018/20008887.pdf
20009089,MacArthur,Thomas,P,NJ03,3/7/2018,2018-03-07,Thomas MacArthur,https://disclosures-clerk.house.gov/public_disc/ptr-pdfs/2018/20009089.pdf
20009254,MacArthur,Thomas,P,NJ03,4/9/2018,2018-04-09,Thomas MacArthur,https://disclosures-clerk.house.gov/public_disc/ptr-pdfs/2018/20009254.pdf
20009495,MacArthur,Thomas,P,NJ03,5/10/2018,2018-05-10,Thomas MacArthur,https://disclosures-clerk.house.gov/public_disc/ptr-pdfs/2018/20009495.pdf
20009671,MacArthur,Thomas,P,NJ03,6/5/2018,2018-06-05,Thomas MacArthur,https://disclosures-clerk.house.gov/public_disc/ptr-pdfs/2018/20009671.pdf
20009864,MacArthur,Thomas,P,NJ03,7/10/2018,2018-07-10,Thomas MacArthur,https://disclosures-clerk.house.gov/public_disc/ptr-pdfs/2018/20009864.pdf
20010018,MacArthur,Thomas,P,NJ03,8/3/2018,2018-08-03,Thomas MacArthur,https://disclosures-clerk.house.gov/public_disc/ptr-pdfs/2018/20010018.pdf
20010231,MacArthur,Thomas,P,NJ03,9/23/2018,2018-09-23,Thomas MacArthur,https://disclosures-clerk.house.gov/public_disc/ptr-pdfs/2018/20010231.pdf
20010412,MacArthur,Thomas,P,NJ03,10/6/2018,2018-10-06,Thomas MacArthur,https://disclosures-clerk.house.gov/public_disc/ptr-pdfs/2018/20010412.pdf
20010583,MacArthur,Thomas,P,NJ03,12/6/2018,2018-12-06,Thomas MacArthur,https://disclosures-clerk.house.gov/public_disc/ptr-pdfs/2018/20010583.pdf
20008662,Maloney,Carolyn B.,P,NY12,1/3/2018,2018-01-03,Carolyn B. Maloney,https://disclosures-clerk.house.gov/public_disc/ptr-pdfs/2018/20008662.pdf
20008829,Maloney,Carolyn B.,P,NY12,1/29/2018,2018-01-29,Carolyn B. Maloney,https://disclosures-clerk.house.gov/public_disc/ptr-pdfs/2018/20008829.pdf
20009001,Maloney,Carolyn B.,P,NY12,2/21/2018,2018-02-21,Carolyn B. Maloney,https://disclosures-clerk.house.gov/public_disc/ptr-pdfs/2018/20009001.pdf
20009382,Maloney,Carolyn B.,P,NY12,4/25/2018,2018-04-25,Carolyn B. Maloney,https://disclosures-clerk.house.gov/public_disc/ptr-pdfs/2018/20009382.pdf
20009556,Maloney,Carolyn B.,P,NY12,5/21/2018,2018-05-21,Carolyn B. Maloney,https://disclosures-clerk.house.gov/public_disc/ptr-pdfs/2018/20009556.pdf
20010313,Maloney,Carolyn B.,P,NY12,9/18/2018,2018-09-18,Carolyn B. Maloney,https://disclosures-clerk.house.gov/public_disc/ptr-pdfs/2018/20010313.pdf
20010525,Maloney,Carolyn B.,P,NY12,10/25/2018,2018-10-25,Carolyn B. Maloney,https://disclosures-clerk.house.gov/public_disc/ptr-pdfs/2018/20010525.pdf
20010742,Maloney,Carolyn B.,P,NY12,11/30/2018,2018-11-30,Carolyn B. Maloney,https://disclosures-clerk.house.gov/public_disc/ptr-pdfs/2018/20010742.pdf
20010848,Maloney,Carolyn B.,P,NY12,12/17/2018,2018-12-17,Carolyn B. Maloney,https://disclosures-clerk.house.gov/public_disc/ptr-pdfs/2018/20010848.pdf
9112455,Marchant,Kenny,P,TX24,2/20/2018,2018-02-20,Kenny Marchant,https://disclosures-clerk.house.gov/public_disc/ptr-pdfs/2018/9112455.pdf
9112560,Marchant,Kenny,P,TX24,3/19/2018,2018-03-19,Kenny Marchant,https://disclosures-clerk.house.gov/public_disc/ptr-pdfs/2018/9112560.pdf
9112674,Marchant,Kenny,P,TX24,4/20/2018,2018-04-20,Kenny Marchant,https://disclosures-clerk.house.gov/public_disc/ptr-pdfs/2018/9112674.pdf
9112834,Marchant,Kenny,P,TX24,5/11/2018,2018-05-11,Kenny Marchant,https://disclosures-clerk.house.gov/public_disc/ptr-pdfs/2018/9112834.pdf
9113301,Marchant,Kenny,P,TX24,6/5/2018,2018-06-05,Kenny Marchant,https://disclosures-clerk.house.gov/public_disc/ptr-pdfs/2018/9113301.pdf
9113508,Marchant,Kenny,P,TX24,7/10/2018,2018-07-10,Kenny Marchant,https://disclosures-clerk.house.gov/public_disc/ptr-pdfs/2018/9113508.pdf
9113627,Marchant,Kenny,P,TX24,8/9/2018,2018-08-09,Kenny Marchant,https://disclosures-clerk.house.gov/public_disc/ptr-pdfs/2018/9113627.pdf
9113747,Marchant,Kenny,P,TX24,9/5/2018,2018-09-05,Kenny Marchant,https://disclosures-clerk.house.gov/public_disc/ptr-pdfs/2018/9113747.pdf
9114042,Marchant,Kenny,P,TX24,10/3/2018,2018-10-03,Kenny Marchant,https://disclosures-clerk.house.gov/public_disc/ptr-pdfs/2018/9114042.pdf
9114187,Marchant,Kenny,P,TX24,11/27/2018,2018-11-27,Kenny Marchant,https://disclosures-clerk.house.gov/public_disc/ptr-pdfs/2018/9114187.pdf
9114266,Marchant,Kenny,P,TX24,1/2/2019,2019-01-02,Kenny Marchant,https://disclosures-clerk.house.gov/public_disc/ptr-pdfs/2018/9114266.pdf
20010026,Marshall,Roger W.,P,KS01,8/6/2018,2018-08-06,Roger W. Marshall,https://disclosures-clerk.house.gov/public_disc/ptr-pdfs/2018/20010026.pdf
20010074,Marshall,Roger W.,P,KS01,8/10/2018,2018-08-10,Roger W. Marshall,https://disclosures-clerk.house.gov/public_disc/ptr-pdfs/2018/20010074.pdf
20010229,Marshall,Roger W.,P,KS01,9/5/2018,2018-09-05,Roger W. Marshall,https://disclosures-clerk.house.gov/public_disc/ptr-pdfs/2018/20010229.pdf
20010380,Marshall,Roger W.,P,KS01,10/1/2018,2018-10-01,Roger W. Marshall,https://disclosures-clerk.house.gov/public_disc/ptr-pdfs/2018/20010380.pdf
20010595,Marshall,Roger W.,P,KS01,11/2/2018,2018-11-02,Roger W. Marshall,https://disclosures-clerk.house.gov/public_disc/ptr-pdfs/2018/20010595.pdf
20010793,Marshall,Roger W.,P,KS01,12/6/2018,2018-12-06,Roger W. Marshall,https://disclosures-clerk.house.gov/public_disc/ptr-pdfs/2018/20010793.pdf
9112336,Massie,Thomas,P,KY04,2/1/2018,2018-02-01,Thomas Massie,https://disclosures-clerk.house.gov/public_disc/ptr-pdfs/2018/9112336.pdf
20010335,Mast,Brian,P,FL18,9/20/2018,2018-09-20,Brian Mast,https://disclosures-clerk.house.gov/public_disc/ptr-pdfs/2018/20010335.pdf
9112493,McCaul,Michael T.,P,TX10,2/27/2018,2018-02-27,Michael T. McCaul,https://disclosures-clerk.house.gov/public_disc/ptr-pdfs/2018/9112493.pdf
9112582,McCaul,Michael T.,P,TX10,3/22/2018,2018-03-22,Michael T. McCaul,https://disclosures-clerk.house.gov/public_disc/ptr-pdfs/2018/9112582.pdf
9112673,McCaul,Michael T.,P,TX10,4/19/2018,2018-04-19,Michael T. McCaul,https://disclosures-clerk.house.gov/public_disc/ptr-pdfs/2018/9112673.pdf
9112880,McCaul,Michael T.,P,TX10,5/15/2018,2018-05-15,Michael T. McCaul,https://disclosures-clerk.house.gov/public_disc/ptr-pdfs/2018/9112880.pdf
9113406,McCaul,Michael T.,P,TX10,6/14/2018,2018-06-14,Michael T. McCaul,https://disclosures-clerk.house.gov/public_disc/ptr-pdfs/2018/9113406.pdf
9113580,McCaul,Michael T.,P,TX10,7/26/2018,2018-07-26,Michael T. McCaul,https://disclosures-clerk.house.gov/public_disc/ptr-pdfs/2018/9113580.pdf
9113676,McCaul,Michael T.,P,TX10,8/13/2018,2018-08-13,Michael T. McCaul,https://disclosures-clerk.house.gov/public_disc/ptr-pdfs/2018/9113676.pdf
9113772,McCaul,Michael T.,P,TX10,9/12/2018,2018-09-12,Michael T. McCaul,https://disclosures-clerk.house.gov/public_disc/ptr-pdfs/2018/9113772.pdf
9114130,McCaul,Michael T.,P,TX10,10/30/2018,2018-10-30,Michael T. McCaul,https://disclosures-clerk.house.gov/public_disc/ptr-pdfs/2018/9114130.pdf
9114173,McCaul,Michael T.,P,TX10,11/15/2018,2018-11-15,Michael T. McCaul,https://disclosures-clerk.house.gov/public_disc/ptr-pdfs/2018/9114173.pdf
9114252,McCaul,Michael T.,P,TX10,12/22/2018,2018-12-22,Michael T. McCaul,https://disclosures-clerk.house.gov/public_disc/ptr-pdfs/2018/9114252.pdf
9114323,McCaul,Michael T.,P,TX10,1/23/2019,2019-01-23,Michael T. McCaul,https://disclosures-clerk.house.gov/public_disc/ptr-pdfs/2018/9114323.pdf
20008625,McKinley,David B.,P,WV01,1/2/2018,2018-01-02,David B. McKinley,https://disclosures-clerk.house.gov/public_disc/ptr-pdfs/2018/20008625.pdf
20008851,McKinley,David B.,P,WV01,2/5/2018,2018-02-05,David B. McKinley,https://disclosures-clerk.house.gov/public_disc/ptr-pdfs/2018/20008851.pdf
20009956,McKinley,David B.,P,WV01,8/1/2018,2018-08-01,David B. McKinley,https://disclosures-clerk.house.gov/public_disc/ptr-pdfs/2018/20009956.pdf
20010409,Meadows,Mark R,P,NC11,10/3/2018,2018-10-03,Mark R Meadows,https://disclosures-clerk.house.gov/public_disc/ptr-pdfs/2018/20010409.pdf
20010830,Mitchell,Paul,P,MI10,12/12/2018,2018-12-12,Paul Mitchell,https://disclosures-clerk.house.gov/public_disc/ptr-pdfs/2018/20010830.pdf
20010853,Mitchell,Paul,P,MI10,12/17/2018,2018-12-17,Paul Mitchell,https://disclosures-clerk.house.gov/public_disc/ptr-pdfs/2018/20010853.pdf
20009451,Murphy,Stephanie,P,FL07,5/4/2018,2018-05-04,Stephanie Murphy,https://disclosures-clerk.house.gov/public_disc/ptr-pdfs/2018/20009451.pdf
20010230,Norton,Eleanor Holmes,P,DC00,9/6/2018,2018-09-06,Eleanor Holmes Norton,https://disclosures-clerk.house.gov/public_disc/ptr-pdfs/2018/20010230.pdf
20010294,Norton,Eleanor Holmes,P,DC00,9/14/2018,2018-09-14,Eleanor Holmes Norton,https://disclosures-clerk.house.gov/public_disc/ptr-pdfs/2018/20010294.pdf
20010260,Palmer,Gary,P,AL06,9/29/2018,2018-09-29,Gary Palmer,https://disclosures-clerk.house.gov/public_disc/ptr-pdfs/2018/20010260.pdf
20010408,Palmer,Gary,P,AL06,10/9/2018,2018-10-09,Gary Palmer,https://disclosures-clerk.house.gov/public_disc/ptr-pdfs/2018/20010408.pdf
20010611,Palmer,Gary,P,AL06,11/7/2018,2018-11-07,Gary Palmer,https://disclosures-clerk.house.gov/public_disc/ptr-pdfs/2018/20010611.pdf
20008699,Pelosi,Nancy,P,CA12,1/10/2018,2018-01-10,Nancy Pelosi,https://disclosures-clerk.house.gov/public_disc/ptr-pdfs/2018/20008699.pdf
20009030,Pelosi,Nancy,P,CA12,2/26/2018,2018-02-26,Nancy Pelosi,https://disclosures-clerk.house.gov/public_disc/ptr-pdfs/2018/20009030.pdf
20009293,Pelosi,Nancy,P,CA12,4/16/2018,2018-04-16,Nancy Pelosi,https://disclosures-clerk.house.gov/public_disc/ptr-pdfs/2018/20009293.pdf
20009481,Pelosi,Nancy,P,CA12,9/6/2018,2018-09-06,Nancy Pelosi,https://disclosures-clerk.house.gov/public_disc/ptr-pdfs/2018/20009481.pdf
20010452,Pelosi,Nancy,P,CA12,10/25/2018,2018-10-25,Nancy Pelosi,https://disclosures-clerk.house.gov/public_disc/ptr-pdfs/2018/20010452.pdf
20010631,Pelosi,Nancy,P,CA12,11/8/2018,2018-11-08,Nancy Pelosi,https://disclosures-clerk.house.gov/public_disc/ptr-pdfs/2018/20010631.pdf
20009123,Perlmutter,Ed,P,CO07,3/12/2018,2018-03-12,Ed Perlmutter,https://disclosures-clerk.house.gov/public_disc/ptr-pdfs/2018/20009123.pdf
20009916,Perlmutter,Ed,P,CO07,7/18/2018,2018-07-18,Ed Perlmutter,https://disclosures-clerk.house.gov/public_disc/ptr-pdfs/2018/20009916.pdf
20010104,Perlmutter,Ed,P,CO07,8/15/2018,2018-08-15,Ed Perlmutter,https://disclosures-clerk.house.gov/public_disc/ptr-pdfs/2018/20010104.pdf
20010334,Perlmutter,Ed,P,CO07,9/19/2018,2018-09-19,Ed Perlmutter,https://disclosures-clerk.house.gov/public_disc/ptr-pdfs/2018/20010334.pdf
20010569,Perlmutter,Ed,P,CO07,10/31/2018,2018-10-31,Ed Perlmutter,https://disclosures-clerk.house.gov/public_disc/ptr-pdfs/2018/20010569.pdf
20010862,Perlmutter,Ed,P,CO07,12/19/2018,2018-12-19,Ed Perlmutter,https://disclosures-clerk.house.gov/public_disc/ptr-pdfs/2018/20010862.pdf
20008718,Peters,Scott H.,P,CA52,1/12/2018,2018-01-12,Scott H. Peters,https://disclosures-clerk.house.gov/public_disc/ptr-pdfs/2018/20008718.pdf
20008920,Peters,Scott H.,P,CA52,2/9/2018,2018-02-09,Scott H. Peters,https://disclosures-clerk.house.gov/public_disc/ptr-pdfs/2018/20008920.pdf
20009299,Peters,Scott H.,P,CA52,4/18/2018,2018-04-18,Scott H. Peters,https://disclosures-clerk.house.gov/public_disc/ptr-pdfs/2018/20009299.pdf
20009486,Peters,Scott H.,P,CA52,5/9/2018,2018-05-09,Scott H. Peters,https://disclosures-clerk.house.gov/public_disc/ptr-pdfs/2018/20009486.pdf
20009721,Peters,Scott H.,P,CA52,6/14/2018,2018-06-14,Scott H. Peters,https://disclosures-clerk.house.gov/public_disc/ptr-pdfs/2018/20009721.pdf
20009865,Peters,Scott H.,P,CA52,7/16/2018,2018-07-16,Scott H. Peters,https://disclosures-clerk.house.gov/public_disc/ptr-pdfs/2018/20009865.pdf
20010048,Peters,Scott H.,P,CA52,8/10/2018,2018-08-10,Scott H. Peters,https://disclosures-clerk.house.gov/public_disc/ptr-pdfs/2018/20010048.pdf
20010256,Peters,Scott H.,P,CA52,9/14/2018,2018-09-14,Scott H. Peters,https://disclosures-clerk.house.gov/public_disc/ptr-pdfs/2018/20010256.pdf
20010440,Peters,Scott H.,P,CA52,10/12/2018,2018-10-12,Scott H. Peters,https://disclosures-clerk.house.gov/public_disc/ptr-pdfs/2018/20010440.pdf
20010644,Peters,Scott H.,P,CA52,11/13/2018,2018-11-13,Scott H. Peters,https://disclosures-clerk.house.gov/public_disc/ptr-pdfs/2018/20010644.pdf
20009572,Poliquin,Bruce L.,P,ME02,5/15/2018,2018-05-15,Bruce L. Poliquin,https://disclosures-clerk.house.gov/public_disc/ptr-pdfs/2018/20009572.pdf
9112450,Polis,Jared,P,CO02,2/20/2018,2018-02-20,Jared Polis,https://disclosures-clerk.house.gov/public_disc/ptr-pdfs/2018/9112450.pdf
9112535,Polis,Jared,P,CO02,3/9/2018,2018-03-09,Jared Polis,https://disclosures-clerk.house.gov/public_disc/ptr-pdfs/2018/9112535.pdf
9112672,Polis,Jared,P,CO02,4/17/2018,2018-04-17,Jared Polis,https://disclosures-clerk.house.gov/public_disc/ptr-pdfs/2018/9112672.pdf
9113450,Polis,Jared,P,CO02,6/21/2018,2018-06-21,Jared Polis,https://disclosures-clerk.house.gov/public_disc/ptr-pdfs/2018/9113450.pdf
9113516,Polis,Jared,P,CO02,7/13/2018,2018-07-13,Jared Polis,https://disclosures-clerk.house.gov/public_disc/ptr-pdfs/2018/9113516.pdf
9113698,Polis,Jared,P,CO02,8/16/2018,2018-08-16,Jared Polis,https://disclosures-clerk.house.gov/public_disc/ptr-pdfs/2018/9113698.pdf
9113893,Polis,Jared,P,CO02,9/20/2018,2018-09-20,Jared Polis,https://disclosures-clerk.house.gov/public_disc/ptr-pdfs/2018/9113893.pdf
9114094,Polis,Jared,P,CO02,10/16/2018,2018-10-16,Jared Polis,https://disclosures-clerk.house.gov/public_disc/ptr-pdfs/2018/9114094.pdf
9114171,Polis,Jared,P,CO02,11/16/2018,2018-11-16,Jared Polis,https://disclosures-clerk.house.gov/public_disc/ptr-pdfs/2018/9114171.pdf
9114244,Polis,Jared,P,CO02,12/21/2018,2018-12-21,Jared Polis,https://disclosures-clerk.house.gov/public_disc/ptr-pdfs/2018/9114244.pdf
9114297,Polis,Jared,P,CO02,1/16/2019,2019-01-16,Jared Polis,https://disclosures-clerk.house.gov/public_disc/ptr-pdfs/2018/9114297.pdf
20008840,Price,David E.,P,NC04,1/30/2018,2018-01-30,David E. Price,https://disclosures-clerk.house.gov/public_disc/ptr-pdfs/2018/20008840.pdf
20009113,Price,David E.,P,NC04,3/8/2018,2018-03-08,David E. Price,https://disclosures-clerk.house.gov/public_disc/ptr-pdfs/2018/20009113.pdf
20009302,Price,David E.,P,NC04,4/16/2018,2018-04-16,David E. Price,https://disclosures-clerk.house.gov/public_disc/ptr-pdfs/2018/20009302.pdf
20009601,Price,David E.,P,NC04,5/18/2018,2018-05-18,David E. Price,https://disclosures-clerk.house.gov/public_disc/ptr-pdfs/2018/20009601.pdf
20010219,Price,David E.,P,NC04,9/5/2018,2018-09-05,David E. Price,https://disclosures-clerk.house.gov/public_disc/ptr-pdfs/2018/20010219.pdf
20010625,Price,David E.,P,NC04,11/7/2018,2018-11-07,David E. Price,https://disclosures-clerk.house.gov/public_disc/ptr-pdfs/2018/20010625.pdf
20010725,Price,David E.,P,NC04,11/27/2018,2018-11-27,David E. Price,https://disclosures-clerk.house.gov/public_disc/ptr-pdfs/2018/20010725.pdf
20010726,Price,David E.,P,NC04,11/27/2018,2018-11-27,David E. Price,https://disclosures-clerk.house.gov/public_disc/ptr-pdfs/2018/20010726.pdf
20010869,Price,David E.,P,NC04,12/20/2018,2018-12-20,David E. Price,https://disclosures-clerk.house.gov/public_disc/ptr-pdfs/2018/20010869.pdf
9112306,Renacci,James B.,P,OH16,1/19/2018,2018-01-19,James B. Renacci,https://disclosures-clerk.house.gov/public_disc/ptr-pdfs/2018/9112306.pdf
9112393,Renacci,James B.,P,OH16,2/6/2018,2018-02-06,James B. Renacci,https://disclosures-clerk.house.gov/public_disc/ptr-pdfs/2018/9112393.pdf
9112449,Renacci,James B.,P,OH16,2/21/2018,2018-02-21,James B. Renacci,https://disclosures-clerk.house.gov/public_disc/ptr-pdfs/2018/9112449.pdf
9112524,Renacci,James B.,P,OH16,3/6/2018,2018-03-06,James B. Renacci,https://disclosures-clerk.house.gov/public_disc/ptr-pdfs/2018/9112524.pdf
9112559,Renacci,James B.,P,OH16,3/19/2018,2018-03-19,James B. Renacci,https://disclosures-clerk.house.gov/public_disc/ptr-pdfs/2018/9112559.pdf
9112601,Renacci,James B.,P,OH16,4/3/2018,2018-04-03,James B. Renacci,https://disclosures-clerk.house.gov/public_disc/ptr-pdfs/2018/9112601.pdf
9112682,Renacci,James B.,P,OH16,4/23/2018,2018-04-23,James B. Renacci,https://disclosures-clerk.house.gov/public_disc/ptr-pdfs/2018/9112682.pdf
9112812,Renacci,James B.,P,OH16,5/7/2018,2018-05-07,James B. Renacci,https://disclosures-clerk.house.gov/public_disc/ptr-pdfs/2018/9112812.pdf
9112832,Renacci,James B.,P,OH16,5/14/2018,2018-05-14,James B. Renacci,https://disclosures-clerk.house.gov/public_disc/ptr-pdfs/2018/9112832.pdf
9113052,Renacci,James B.,P,OH16,5/22/2018,2018-05-22,James B. Renacci,https://disclosures-clerk.house.gov/public_disc/ptr-pdfs/2018/9113052.pdf
9113303,Renacci,James B.,P,OH16,6/6/2018,2018-06-06,James B. Renacci,https://disclosures-clerk.house.gov/public_disc/ptr-pdfs/2018/9113303.pdf
9113426,Renacci,James B.,P,OH16,6/19/2018,2018-06-19,James B. Renacci,https://disclosures-clerk.house.gov/public_disc/ptr-pdfs/2018/9113426.pdf
9113491,Renacci,James B.,P,OH16,7/10/2018,2018-07-10,James B. Renacci,https://disclosures-clerk.house.gov/public_disc/ptr-pdfs/2018/9113491.pdf
9113530,Renacci,James B.,P,OH16,7/12/2018,2018-07-12,James B. Renacci,https://disclosures-clerk.house.gov/public_disc/ptr-pdfs/2018/9113530.pdf
9113656,Renacci,James B.,P,OH16,8/9/2018,2018-08-09,James B. Renacci,https://disclosures-clerk.house.gov/public_disc/ptr-pdfs/2018/9113656.pdf
9113703,Renacci,James B.,P,OH16,8/20/2018,2018-08-20,James B. Renacci,https://disclosures-clerk.house.gov/public_disc/ptr-pdfs/2018/9113703.pdf
9113751,Renacci,James B.,P,OH16,9/5/2018,2018-09-05,James B. Renacci,https://disclosures-clerk.house.gov/public_disc/ptr-pdfs/2018/9113751.pdf
9113959,Renacci,James B.,P,OH16,9/21/2018,2018-09-21,James B. Renacci,https://disclosures-clerk.house.gov/public_disc/ptr-pdfs/2018/9113959.pdf
9114059,Renacci,James B.,P,OH16,10/9/2018,2018-10-09,James B. Renacci,https://disclosures-clerk.house.gov/public_disc/ptr-pdfs/2018/9114059.pdf
9114119,Renacci,James B.,P,OH16,10/29/2018,2018-10-29,James B. Renacci,https://disclosures-clerk.house.gov/public_disc/ptr-pdfs/2018/9114119.pdf
9114168,Renacci,James B.,P,OH16,11/13/2018,2018-11-13,James B. Renacci,https://disclosures-clerk.house.gov/public_disc/ptr-pdfs/2018/9114168.pdf
9114186,Renacci,James B.,P,OH16,11/28/2018,2018-11-28,James B. Renacci,https://disclosures-clerk.house.gov/public_disc/ptr-pdfs/2018/9114186.pdf
9114225,Renacci,James B.,P,OH16,12/7/2018,2018-12-07,James B. Renacci,https://disclosures-clerk.house.gov/public_disc/ptr-pdfs/2018/9114225.pdf
9114265,Renacci,James B.,P,OH16,1/2/2019,2019-01-02,James B. Renacci,https://disclosures-clerk.house.gov/public_disc/ptr-pdfs/2018/9114265.pdf
20010861,Rice,Tom,P,SC07,12/19/2018,2018-12-19,Tom Rice,https://disclosures-clerk.house.gov/public_disc/ptr-pdfs/2018/20010861.pdf
20005868,Roby,Martha,P,AL02,8/29/2018,2018-08-29,Martha Roby,https://disclosures-clerk.house.gov/public_disc/ptr-pdfs/2018/20005868.pdf
9112441,Roe,David P.,P,TN01,2/14/2018,2018-02-14,David P. Roe,https://disclosures-clerk.house.gov/public_disc/ptr-pdfs/2018/9112441.pdf
9112532,Roe,David P.,P,TN01,3/12/2018,2018-03-12,David P. Roe,https://disclosures-clerk.house.gov/public_disc/ptr-pdfs/2018/9112532.pdf
9112657,Roe,David P.,P,TN01,4/13/2018,2018-04-13,David P. Roe,https://disclosures-clerk.house.gov/public_disc/ptr-pdfs/2018/9112657.pdf
9112830,Roe,David P.,P,TN01,5/15/2018,2018-05-15,David P. Roe,https://disclosures-clerk.house.gov/public_disc/ptr-pdfs/2018/9112830.pdf
9113401,Roe,David P.,P,TN01,6/12/2018,2018-06-12,David P. Roe,https://disclosures-clerk.house.gov/public_disc/ptr-pdfs/2018/9113401.pdf
9113518,Roe,David P.,P,TN01,7/16/2018,2018-07-16,David P. Roe,https://disclosures-clerk.house.gov/public_disc/ptr-pdfs/2018/9113518.pdf
9113626,Roe,David P.,P,TN01,8/9/2018,2018-08-09,David P. Roe,https://disclosures-clerk.house.gov/public_disc/ptr-pdfs/2018/9113626.pdf
9113866,Roe,David P.,P,TN01,9/17/2018,2018-09-17,David P. Roe,https://disclosures-clerk.house.gov/public_disc/ptr-pdfs/2018/9113866.pdf
9114071,Roe,David P.,P,TN01,10/11/2018,2018-10-11,David P. Roe,https://disclosures-clerk.house.gov/public_disc/ptr-pdfs/2018/9114071.pdf
9114166,Roe,David P.,P,TN01,11/14/2018,2018-11-14,David P. Roe,https://disclosures-clerk.house.gov/public_disc/ptr-pdfs/2018/9114166.pdf
9114221,Roe,David P.,P,TN01,12/10/2018,2018-12-10,David P. Roe,https://disclosures-clerk.house.gov/public_disc/ptr-pdfs/2018/9114221.pdf
9114277,Roe,David P.,P,TN01,1/8/2019,2019-01-08,David P. Roe,https://disclosures-clerk.house.gov/public_disc/ptr-pdfs/2018/9114277.pdf
9112392,Rogers,Harold Dallas,P,KY05,2/5/2018,2018-02-05,Harold Dallas Rogers,https://disclosures-clerk.house.gov/public_disc/ptr-pdfs/2018/9112392.pdf
9112491,Rogers,Harold Dallas,P,KY05,2/28/2018,2018-02-28,Harold Dallas Rogers,https://disclosures-clerk.house.gov/public_disc/ptr-pdfs/2018/9112491.pdf
9112635,Rogers,Harold Dallas,P,KY05,4/10/2018,2018-04-10,Harold Dallas Rogers,https://disclosures-clerk.house.gov/public_disc/ptr-pdfs/2018/9112635.pdf
9112726,Rogers,Harold Dallas,P,KY05,5/1/2018,2018-05-01,Harold Dallas Rogers,https://disclosures-clerk.house.gov/public_disc/ptr-pdfs/2018/9112726.pdf
9113275,Rogers,Harold Dallas,P,KY05,5/29/2018,2018-05-29,Harold Dallas Rogers,https://disclosures-clerk.house.gov/public_disc/ptr-pdfs/2018/9113275.pdf
9113475,Rogers,Harold Dallas,P,KY05,7/3/2018,2018-07-03,Harold Dallas Rogers,https://disclosures-clerk.house.gov/public_disc/ptr-pdfs/2018/9113475.pdf
9113596,Rogers,Harold Dallas,P,KY05,7/31/2018,2018-07-31,Harold Dallas Rogers,https://disclosures-clerk.house.gov/public_disc/ptr-pdfs/2018/9113596.pdf
9113749,Rogers,Harold Dallas,P,KY05,9/5/2018,2018-09-05,Harold Dallas Rogers,https://disclosures-clerk.house.gov/public_disc/ptr-pdfs/2018/9113749.pdf
9114039,Rogers,Harold Dallas,P,KY05,10/3/2018,2018-10-03,Harold Dallas Rogers,https://disclosures-clerk.house.gov/public_disc/ptr-pdfs/2018/9114039.pdf
9114129,Rogers,Harold Dallas,P,KY05,10/31/2018,2018-10-31,Harold Dallas Rogers,https://disclosures-clerk.house.gov/public_disc/ptr-pdfs/2018/9114129.pdf
9114207,Rogers,Harold Dallas,P,KY05,12/5/2018,2018-12-05,Harold Dallas Rogers,https://disclosures-clerk.house.gov/public_disc/ptr-pdfs/2018/9114207.pdf
9114259,Rogers,Harold Dallas,P,KY05,1/4/2019,2019-01-04,Harold Dallas Rogers,https://disclosures-clerk.house.gov/public_disc/ptr-pdfs/2018/9114259.pdf
9112440,Rooney,Francis,P,FL19,2/14/2018,2018-02-14,Francis Rooney,https://disclosures-clerk.house.gov/public_disc/ptr-pdfs/2018/9112440.pdf
9112558,Rooney,Francis,P,FL19,3/15/2018,2018-03-15,Francis Rooney,https://disclosures-clerk.house.gov/public_disc/ptr-pdfs/2018/9112558.pdf
9112652,Rooney,Francis,P,FL19,4/12/2018,2018-04-12,Francis Rooney,https://disclosures-clerk.house.gov/public_disc/ptr-pdfs/2018/9112652.pdf
9112875,Rooney,Francis,P,FL19,5/16/2018,2018-05-16,Francis Rooney,https://disclosures-clerk.house.gov/public_disc/ptr-pdfs/2018/9112875.pdf
9113439,Rooney,Francis,P,FL19,6/20/2018,2018-06-20,Francis Rooney,https://disclosures-clerk.house.gov/public_disc/ptr-pdfs/2018/9113439.pdf
9113515,Rooney,Francis,P,FL19,7/13/2018,2018-07-13,Francis Rooney,https://disclosures-clerk.house.gov/public_disc/ptr-pdfs/2018/9113515.pdf
9113710,Rooney,Francis,P,FL19,8/22/2018,2018-08-22,Francis Rooney,https://disclosures-clerk.house.gov/public_disc/ptr-pdfs/2018/9113710.pdf
9113769,Rooney,Francis,P,FL19,9/13/2018,2018-09-13,Francis Rooney,https://disclosures-clerk.house.gov/public_disc/ptr-pdfs/2018/9113769.pdf
9114058,Rooney,Francis,P,FL19,10/9/2018,2018-10-09,Francis Rooney,https://disclosures-clerk.house.gov/public_disc/ptr-pdfs/2018/9114058.pdf
9114170,Rooney,Francis,P,FL19,11/15/2018,2018-11-15,Francis Rooney,https://disclosures-clerk.house.gov/public_disc/ptr-pdfs/2018/9114170.pdf
9114224,Rooney,Francis,P,FL19,12/11/2018,2018-12-11,Francis Rooney,https://disclosures-clerk.house.gov/public_disc/ptr-pdfs/2018/9114224.pdf
20008678,Rooney,Thomas J.,P,FL17,1/10/2018,2018-01-10,Thomas J. Rooney,https://disclosures-clerk.house.gov/public_disc/ptr-pdfs/2018/20008678.pdf
20008953,Rooney,Thomas J.,P,FL17,2/15/2018,2018-02-15,Thomas J. Rooney,https://disclosures-clerk.house.gov/public_disc/ptr-pdfs/2018/20008953.pdf
20009121,Rooney,Thomas J.,P,FL17,3/12/2018,2018-03-12,Thomas J. Rooney,https://disclosures-clerk.house.gov/public_disc/ptr-pdfs/2018/20009121.pdf
20009230,Rooney,Thomas J.,P,FL17,4/13/2018,2018-04-13,Thomas J. Rooney,https://disclosures-clerk.house.gov/public_disc/ptr-pdfs/2018/20009230.pdf
20009510,Rooney,Thomas J.,P,FL17,5/14/2018,2018-05-14,Thomas J. Rooney,https://disclosures-clerk.house.gov/public_disc/ptr-pdfs/2018/20009510.pdf
20009694,Rooney,Thomas J.,P,FL17,6/8/2018,2018-06-08,Thomas J. Rooney,https://disclosures-clerk.house.gov/public_disc/ptr-pdfs/2018/20009694.pdf
20009857,Rooney,Thomas J.,P,FL17,7/12/2018,2018-07-12,Thomas J. Rooney,https://disclosures-clerk.house.gov/public_disc/ptr-pdfs/2018/20009857.pdf
20010075,Rooney,Thomas J.,P,FL17,8/13/2018,2018-08-13,Thomas J. Rooney,https://disclosures-clerk.house.gov/public_disc/ptr-pdfs/2018/20010075.pdf
20010265,Rooney,Thomas J.,P,FL17,9/14/2018,2018-09-14,Thomas J. Rooney,https://disclosures-clerk.house.gov/public_disc/ptr-pdfs/2018/20010265.pdf
20010450,Rooney,Thomas J.,P,FL17,10/13/2018,2018-10-13,Thomas J. Rooney,https://disclosures-clerk.house.gov/public_disc/ptr-pdfs/2018/20010450.pdf
20010632,Rooney,Thomas J.,P,FL17,11/9/2018,2018-11-09,Thomas J. Rooney,https://disclosures-clerk.house.gov/public_disc/ptr-pdfs/2018/20010632.pdf
20010764,Rooney,Thomas J.,P,FL17,12/12/2018,2018-12-12,Thomas J. Rooney,https://disclosures-clerk.house.gov/public_disc/ptr-pdfs/2018/20010764.pdf
20009214,Rosen,Jacky,P,NV03,4/1/2018,2018-04-01,Jacky Rosen,https://disclosures-clerk.house.gov/public_disc/ptr-pdfs/2018/20009214.pdf
20009899,Rosen,Jacky,P,NV03,7/15/2018,2018-07-15,Jacky Rosen,https://disclosures-clerk.house.gov/public_disc/ptr-pdfs/2018/20009899.pdf
20010106,Rosen,Jacky,P,NV03,8/15/2018,2018-08-15,Jacky Rosen,https://disclosures-clerk.house.gov/public_disc/ptr-pdfs/2018/20010106.pdf
20010568,Rosen,Jacky,P,NV03,10/31/2018,2018-10-31,Jacky Rosen,https://disclosures-clerk.house.gov/public_disc/ptr-pdfs/2018/20010568.pdf
9112600,Rouzer,David Cheston,P,NC07,4/4/2018,2018-04-04,David Cheston Rouzer,https://disclosures-clerk.house.gov/public_disc/ptr-pdfs/2018/9112600.pdf
20009815,Rutherford,John,P,FL04,8/20/2018,2018-08-20,John Rutherford,https://disclosures-clerk.house.gov/public_disc/ptr-pdfs/2018/20009815.pdf
20010191,Rutherford,John,P,FL04,8/31/2018,2018-08-31,John Rutherford,https://disclosures-clerk.house.gov/public_disc/ptr-pdfs/2018/20010191.pdf
20010395,Rutherford,John,P,FL04,10/2/2018,2018-10-02,John Rutherford,https://disclosures-clerk.house.gov/public_disc/ptr-pdfs/2018/20010395.pdf
20010564,Rutherford,John,P,FL04,10/30/2018,2018-10-30,John Rutherford,https://disclosures-clerk.house.gov/public_disc/ptr-pdfs/2018/20010564.pdf
20009497,Ryan,Paul D.,P,WI01,5/11/2018,2018-05-11,Paul D. Ryan,https://disclosures-clerk.house.gov/public_disc/ptr-pdfs/2018/20009497.pdf
9112305,Schiff,Adam B.,P,CA28,1/22/2018,2018-01-22,Adam B. Schiff,https://disclosures-clerk.house.gov/public_disc/ptr-pdfs/2018/9112305.pdf
9112523,Schiff,Adam B.,P,CA28,3/7/2018,2018-03-07,Adam B. Schiff,https://disclosures-clerk.house.gov/public_disc/ptr-pdfs/2018/9112523.pdf
9113750,Schiff,Adam B.,P,CA28,9/6/2018,2018-09-06,Adam B. Schiff,https://disclosures-clerk.house.gov/public_disc/ptr-pdfs/2018/9113750.pdf
20008985,Schneider,Bradley S.,P,IL10,2/15/2018,2018-02-15,Bradley S. Schneider,https://disclosures-clerk.house.gov/public_disc/ptr-pdfs/2018/20008985.pdf
20009213,Schneider,Bradley S.,P,IL10,3/31/2018,2018-03-31,Bradley S. Schneider,https://disclosures-clerk.house.gov/public_disc/ptr-pdfs/2018/20009213.pdf
20009512,Schneider,Bradley S.,P,IL10,6/10/2018,2018-06-10,Bradley S. Schneider,https://disclosures-clerk.house.gov/public_disc/ptr-pdfs/2018/20009512.pdf
20009869,Schneider,Bradley S.,P,IL10,7/15/2018,2018-07-15,Bradley S. Schneider,https://disclosures-clerk.house.gov/public_disc/ptr-pdfs/2018/20009869.pdf
20010046,Schneider,Bradley S.,P,IL10,8/9/2018,2018-08-09,Bradley S. Schneider,https://disclosures-clerk.house.gov/public_disc/ptr-pdfs/2018/20010046.pdf
20010443,Schneider,Bradley S.,P,IL10,10/8/2018,2018-10-08,Bradley S. Schneider,https://disclosures-clerk.house.gov/public_disc/ptr-pdfs/2018/20010443.pdf
20010713,Schneider,Bradley S.,P,IL10,11/20/2018,2018-11-20,Bradley S. Schneider,https://disclosures-clerk.house.gov/public_disc/ptr-pdfs/2018/20010713.pdf
9112391,Schrader,Kurt,P,OR05,2/6/2018,2018-02-06,Kurt Schrader,https://disclosures-clerk.house.gov/public_disc/ptr-pdfs/2018/9112391.pdf
9112522,Schrader,Kurt,P,OR05,3/6/2018,2018-03-06,Kurt Schrader,https://disclosures-clerk.house.gov/public_disc/ptr-pdfs/2018/9112522.pdf
9112634,Schrader,Kurt,P,OR05,4/10/2018,2018-04-10,Kurt Schrader,https://disclosures-clerk.house.gov/public_disc/ptr-pdfs/2018/9112634.pdf
9112810,Schrader,Kurt,P,OR05,5/8/2018,2018-05-08,Kurt Schrader,https://disclosures-clerk.house.gov/public_disc/ptr-pdfs/2018/9112810.pdf
9113304,Schrader,Kurt,P,OR05,6/5/2018,2018-06-05,Kurt Schrader,https://disclosures-clerk.house.gov/public_disc/ptr-pdfs/2018/9113304.pdf
9113506,Schrader,Kurt,P,OR05,7/11/2018,2018-07-11,Kurt Schrader,https://disclosures-clerk.house.gov/public_disc/ptr-pdfs/2018/9113506.pdf
9113724,Schrader,Kurt,P,OR05,8/27/2018,2018-08-27,Kurt Schrader,https://disclosures-clerk.house.gov/public_disc/ptr-pdfs/2018/9113724.pdf
9113742,Schrader,Kurt,P,OR05,9/6/2018,2018-09-06,Kurt Schrader,https://disclosures-clerk.house.gov/public_disc/ptr-pdfs/2018/9113742.pdf
9114104,Schrader,Kurt,P,OR05,10/18/2018,2018-10-18,Kurt Schrader,https://disclosures-clerk.house.gov/public_disc/ptr-pdfs/2018/9114104.pdf
9114167,Schrader,Kurt,P,OR05,11/14/2018,2018-11-14,Kurt Schrader,https://disclosures-clerk.house.gov/public_disc/ptr-pdfs/2018/9114167.pdf
9114223,Schrader,Kurt,P,OR05,12/10/2018,2018-12-10,Kurt Schrader,https://disclosures-clerk.house.gov/public_disc/ptr-pdfs/2018/9114223.pdf
9114262,Schrader,Kurt,P,OR05,1/3/2019,2019-01-03,Kurt Schrader,https://disclosures-clerk.house.gov/public_disc/ptr-pdfs/2018/9114262.pdf
9113400,Scott,Austin,P,GA08,6/13/2018,2018-06-13,Austin Scott,https://disclosures-clerk.house.gov/public_disc/ptr-pdfs/2018/9113400.pdf
9113438,Sensenbrenner,F. James,P,WI05,6/21/2018,2018-06-21,F. James Sensenbrenner,https://disclosures-clerk.house.gov/public_disc/ptr-pdfs/2018/9113438.pdf
9114279,Sensenbrenner,F. James,P,WI05,1/7/2019,2019-01-07,F. James Sensenbrenner,https://disclosures-clerk.house.gov/public_disc/ptr-pdfs/2018/9114279.pdf
20008681,Sessions,Pete,P,TX32,1/5/2018,2018-01-05,Pete Sessions,https://disclosures-clerk.house.gov/public_disc/ptr-pdfs/2018/20008681.pdf
20008717,Sessions,Pete,P,TX32,1/9/2018,2018-01-09,Pete Sessions,https://disclosures-clerk.house.gov/public_disc/ptr-pdfs/2018/20008717.pdf
20008883,Sessions,Pete,P,TX32,2/6/2018,2018-02-06,Pete Sessions,https://disclosures-clerk.house.gov/public_disc/ptr-pdfs/2018/20008883.pdf
20008948,Sessions,Pete,P,TX32,2/9/2018,2018-02-09,Pete Sessions,https://disclosures-clerk.house.gov/public_disc/ptr-pdfs/2018/20008948.pdf
20008958,Sessions,Pete,P,TX32,2/13/2018,2018-02-13,Pete Sessions,https://disclosures-clerk.house.gov/public_disc/ptr-pdfs/2018/20008958.pdf
20009024,Sessions,Pete,P,TX32,2/23/2018,2018-02-23,Pete Sessions,https://disclosures-clerk.house.gov/public_disc/ptr-pdfs/2018/20009024.pdf
20009034,Sessions,Pete,P,TX32,2/26/2018,2018-02-26,Pete Sessions,https://disclosures-clerk.house.gov/public_disc/ptr-pdfs/2018/20009034.pdf
20009066,Sessions,Pete,P,TX32,3/3/2018,2018-03-03,Pete Sessions,https://disclosures-clerk.house.gov/public_disc/ptr-pdfs/2018/20009066.pdf
20009182,Sessions,Pete,P,TX32,3/21/2018,2018-03-21,Pete Sessions,https://disclosures-clerk.house.gov/public_disc/ptr-pdfs/2018/20009182.pdf
20009186,Sessions,Pete,P,TX32,3/23/2018,2018-03-23,Pete Sessions,https://disclosures-clerk.house.gov/public_disc/ptr-pdfs/2018/20009186.pdf
20009231,Sessions,Pete,P,TX32,4/4/2018,2018-04-04,Pete Sessions,https://disclosures-clerk.house.gov/public_disc/ptr-pdfs/2018/20009231.pdf
20009365,Sessions,Pete,P,TX32,4/26/2018,2018-04-26,Pete Sessions,https://disclosures-clerk.house.gov/public_disc/ptr-pdfs/2018/20009365.pdf
20009459,Sessions,Pete,P,TX32,5/5/2018,2018-05-05,Pete Sessions,https://disclosures-clerk.house.gov/public_disc/ptr-pdfs/2018/20009459.pdf
20009507,Sessions,Pete,P,TX32,5/10/2018,2018-05-10,Pete Sessions,https://disclosures-clerk.house.gov/public_disc/ptr-pdfs/2018/20009507.pdf
20009606,Sessions,Pete,P,TX32,5/19/2018,2018-05-19,Pete Sessions,https://disclosures-clerk.house.gov/public_disc/ptr-pdfs/2018/20009606.pdf
20009658,Sessions,Pete,P,TX32,6/1/2018,2018-06-01,Pete Sessions,https://disclosures-clerk.house.gov/public_disc/ptr-pdfs/2018/20009658.pdf
20009670,Sessions,Pete,P,TX32,6/4/2018,2018-06-04,Pete Sessions,https://disclosures-clerk.house.gov/public_disc/ptr-pdfs/2018/20009670.pdf
20009866,Sessions,Pete,P,TX32,12/21/2018,2018-12-21,Pete Sessions,https://disclosures-clerk.house.gov/public_disc/ptr-pdfs/2018/20009866.pdf
20009093,Slaughter,Louise McIntosh,P,NY25,3/6/2018,2018-03-06,Louise McIntosh Slaughter,https://disclosures-clerk.house.gov/public_disc/ptr-pdfs/2018/20009093.pdf
20008661,Smith,Lamar,P,TX21,1/9/2018,2018-01-09,Lamar Smith,https://disclosures-clerk.house.gov/public_disc/ptr-pdfs/2018/20008661.pdf
20008856,Smith,Lamar,P,TX21,2/14/2018,2018-02-14,Lamar Smith,https://disclosures-clerk.house.gov/public_disc/ptr-pdfs/2018/20008856.pdf
20009072,Smith,Lamar,P,TX21,3/7/2018,2018-03-07,Lamar Smith,https://disclosures-clerk.house.gov/public_disc/ptr-pdfs/2018/20009072.pdf
20009225,Smith,Lamar,P,TX21,4/11/2018,2018-04-11,Lamar Smith,https://disclosures-clerk.house.gov/public_disc/ptr-pdfs/2018/20009225.pdf
20009430,Smith,Lamar,P,TX21,5/8/2018,2018-05-08,Lamar Smith,https://disclosures-clerk.house.gov/public_disc/ptr-pdfs/2018/20009430.pdf
20009707,Smith,Lamar,P,TX21,6/11/2018,2018-06-11,Lamar Smith,https://disclosures-clerk.house.gov/public_disc/ptr-pdfs/2018/20009707.pdf
20009843,Smith,Lamar,P,TX21,7/10/2018,2018-07-10,Lamar Smith,https://disclosures-clerk.house.gov/public_disc/ptr-pdfs/2018/20009843.pdf
20010037,Smith,Lamar,P,TX21,8/8/2018,2018-08-08,Lamar Smith,https://disclosures-clerk.house.gov/public_disc/ptr-pdfs/2018/20010037.pdf
20010207,Smith,Lamar,P,TX21,9/7/2018,2018-09-07,Lamar Smith,https://disclosures-clerk.house.gov/public_disc/ptr-pdfs/2018/20010207.pdf
20010437,Smith,Lamar,P,TX21,10/9/2018,2018-10-09,Lamar Smith,https://disclosures-clerk.house.gov/public_disc/ptr-pdfs/2018/20010437.pdf
20010626,Smith,Lamar,P,TX21,11/8/2018,2018-11-08,Lamar Smith,https://disclosures-clerk.house.gov/public_disc/ptr-pdfs/2018/20010626.pdf
20010774,Smith,Lamar,P,TX21,12/13/2018,2018-12-13,Lamar Smith,https://disclosures-clerk.house.gov/public_disc/ptr-pdfs/2018/20010774.pdf
20008623,Speier,Jackie,P,CA14,3/13/2018,2018-03-13,Jackie Speier,https://disclosures-clerk.house.gov/public_disc/ptr-pdfs/2018/20008623.pdf
20009996,Speier,Jackie,P,CA14,8/1/2018,2018-08-01,Jackie Speier,https://disclosures-clerk.house.gov/public_disc/ptr-pdfs/2018/20009996.pdf
20010009,Speier,Jackie,P,CA14,8/2/2018,2018-08-02,Jackie Speier,https://disclosures-clerk.house.gov/public_disc/ptr-pdfs/2018/20010009.pdf
20010573,Speier,Jackie,P,CA14,11/1/2018,2018-11-01,Jackie Speier,https://disclosures-clerk.house.gov/public_disc/ptr-pdfs/2018/20010573.pdf
9114220,Stivers,Steve,P,OH15,11/29/2018,2018-11-29,Steve Stivers,https://disclosures-clerk.house.gov/public_disc/ptr-pdfs/2018/9114220.pdf
20008680,Trott,David A.,P,MI11,1/5/2018,2018-01-05,David A. Trott,https://disclosures-clerk.house.gov/public_disc/ptr-pdfs/2018/20008680.pdf
20008899,Trott,David A.,P,MI11,2/6/2018,2018-02-06,David A. Trott,https://disclosures-clerk.house.gov/public_disc/ptr-pdfs/2018/20008899.pdf
20009076,Trott,David A.,P,MI11,3/6/2018,2018-03-06,David A. Trott,https://disclosures-clerk.house.gov/public_disc/ptr-pdfs/2018/20009076.pdf
20009205,Trott,David A.,P,MI11,4/6/2018,2018-04-06,David A. Trott,https://disclosures-clerk.house.gov/public_disc/ptr-pdfs/2018/20009205.pdf
20009420,Trott,David A.,P,MI11,5/4/2018,2018-05-04,David A. Trott,https://disclosures-clerk.house.gov/public_disc/ptr-pdfs/2018/20009420.pdf
20009644,Trott,David A.,P,MI11,6/5/2018,2018-06-05,David A. Trott,https://disclosures-clerk.house.gov/public_disc/ptr-pdfs/2018/20009644.pdf
20009835,Trott,David A.,P,MI11,7/6/2018,2018-07-06,David A. Trott,https://disclosures-clerk.house.gov/public_disc/ptr-pdfs/2018/20009835.pdf
20010043,Trott,David A.,P,MI11,8/7/2018,2018-08-07,David A. Trott,https://disclosures-clerk.house.gov/public_disc/ptr-pdfs/2018/20010043.pdf
20010238,Trott,David A.,P,MI11,9/7/2018,2018-09-07,David A. Trott,https://disclosures-clerk.house.gov/public_disc/ptr-pdfs/2018/20010238.pdf
20010421,Trott,David A.,P,MI11,10/5/2018,2018-10-05,David A. Trott,https://disclosures-clerk.house.gov/public_disc/ptr-pdfs/2018/20010421.pdf
20010607,Trott,David A.,P,MI11,11/6/2018,2018-11-06,David A. Trott,https://disclosures-clerk.house.gov/public_disc/ptr-pdfs/2018/20010607.pdf
20010798,Trott,David A.,P,MI11,12/7/2018,2018-12-07,David A. Trott,https://disclosures-clerk.house.gov/public_disc/ptr-pdfs/2018/20010798.pdf
9112298,Upton,Fred,P,MI06,1/19/2018,2018-01-19,Fred Upton,https://disclosures-clerk.house.gov/public_disc/ptr-pdfs/2018/9112298.pdf
9112521,Upton,Fred,P,MI06,3/6/2018,2018-03-06,Fred Upton,https://disclosures-clerk.house.gov/public_disc/ptr-pdfs/2018/9112521.pdf
9112725,Upton,Fred,P,MI06,4/25/2018,2018-04-25,Fred Upton,https://disclosures-clerk.house.gov/public_disc/ptr-pdfs/2018/9112725.pdf
9113305,Upton,Fred,P,MI06,6/4/2018,2018-06-04,Fred Upton,https://disclosures-clerk.house.gov/public_disc/ptr-pdfs/2018/9113305.pdf
9113529,Upton,Fred,P,MI06,7/16/2018,2018-07-16,Fred Upton,https://disclosures-clerk.house.gov/public_disc/ptr-pdfs/2018/9113529.pdf
9113579,Upton,Fred,P,MI06,7/26/2018,2018-07-26,Fred Upton,https://disclosures-clerk.house.gov/public_disc/ptr-pdfs/2018/9113579.pdf
9113709,Upton,Fred,P,MI06,8/22/2018,2018-08-22,Fred Upton,https://disclosures-clerk.house.gov/public_disc/ptr-pdfs/2018/9113709.pdf
9114109,Upton,Fred,P,MI06,10/22/2018,2018-10-22,Fred Upton,https://disclosures-clerk.house.gov/public_disc/ptr-pdfs/2018/9114109.pdf
9114206,Upton,Fred,P,MI06,11/30/2018,2018-11-30,Fred Upton,https://disclosures-clerk.house.gov/public_disc/ptr-pdfs/2018/9114206.pdf
9112244,Wagner,Ann,P,MO02,1/8/2018,2018-01-08,Ann Wagner,https://disclosures-clerk.house.gov/public_disc/ptr-pdfs/2018/9112244.pdf
9112390,Wagner,Ann,P,MO02,2/8/2018,2018-02-08,Ann Wagner,https://disclosures-clerk.house.gov/public_disc/ptr-pdfs/2018/9112390.pdf
9113399,Wagner,Ann,P,MO02,6/13/2018,2018-06-13,Ann Wagner,https://disclosures-clerk.house.gov/public_disc/ptr-pdfs/2018/9113399.pdf
9113528,Wagner,Ann,P,MO02,7/18/2018,2018-07-18,Ann Wagner,https://disclosures-clerk.house.gov/public_disc/ptr-pdfs/2018/9113528.pdf
9113675,Wagner,Ann,P,MO02,8/13/2018,2018-08-13,Ann Wagner,https://disclosures-clerk.house.gov/public_disc/ptr-pdfs/2018/9113675.pdf
9114103,Wagner,Ann,P,MO02,10/18/2018,2018-10-18,Ann Wagner,https://disclosures-clerk.house.gov/public_disc/ptr-pdfs/2018/9114103.pdf
9114644,Wagner,Ann,P,MO02,5/10/2019,2019-05-10,Ann Wagner,https://disclosures-clerk.house.gov/public_disc/ptr-pdfs/2018/9114644.pdf
20008805,Wasserman Schultz,Debbie,P,FL23,1/26/2018,2018-01-26,Debbie Wasserman Schultz,https://disclosures-clerk.house.gov/public_disc/ptr-pdfs/2018/20008805.pdf
9112389,Welch,Peter,P,VT00,2/5/2018,2018-02-05,Peter Welch,https://disclosures-clerk.house.gov/public_disc/ptr-pdfs/2018/9112389.pdf
9112534,Welch,Peter,P,VT00,3/12/2018,2018-03-12,Peter Welch,https://disclosures-clerk.house.gov/public_disc/ptr-pdfs/2018/9112534.pdf
9112599,Welch,Peter,P,VT00,4/3/2018,2018-04-03,Peter Welch,https://disclosures-clerk.house.gov/public_disc/ptr-pdfs/2018/9112599.pdf
20009479,Welch,Peter,P,VT00,5/8/2018,2018-05-08,Peter Welch,https://disclosures-clerk.house.gov/public_disc/ptr-pdfs/2018/20009479.pdf
20009645,Welch,Peter,P,VT00,5/30/2018,2018-05-30,Peter Welch,https://disclosures-clerk.house.gov/public_disc/ptr-pdfs/2018/20009645.pdf
20009825,Welch,Peter,P,VT00,7/6/2018,2018-07-06,Peter Welch,https://disclosures-clerk.house.gov/public_disc/ptr-pdfs/2018/20009825.pdf
20010013,Welch,Peter,P,VT00,8/3/2018,2018-08-03,Peter Welch,https://disclosures-clerk.house.gov/public_disc/ptr-pdfs/2018/20010013.pdf
20010221,Welch,Peter,P,VT00,9/5/2018,2018-09-05,Peter Welch,https://disclosures-clerk.house.gov/public_disc/ptr-pdfs/2018/20010221.pdf
20010413,Welch,Peter,P,VT00,10/5/2018,2018-10-05,Peter Welch,https://disclosures-clerk.house.gov/public_disc/ptr-pdfs/2018/20010413.pdf
20010609,Welch,Peter,P,VT00,11/6/2018,2018-11-06,Peter Welch,https://disclosures-clerk.house.gov/public_disc/ptr-pdfs/2018/20010609.pdf
20010773,Welch,Peter,P,VT00,12/5/2018,2018-12-05,Peter Welch,https://disclosures-clerk.house.gov/public_disc/ptr-pdfs/2018/20010773.pdf
20008949,Wittman,Robert J.,P,VA01,2/15/2018,2018-02-15,Robert J. Wittman,https://disclosures-clerk.house.gov/public_disc/ptr-pdfs/2018/20008949.pdf
20009477,Wittman,Robert J.,P,VA01,5/8/2018,2018-05-08,Robert J. Wittman,https://disclosures-clerk.house.gov/public_disc/ptr-pdfs/2018/20009477.pdf
20010501,Wittman,Robert J.,P,VA01,10/19/2018,2018-10-19,Robert J. Wittman,https://disclosures-clerk.house.gov/public_disc/ptr-pdfs/2018/20010501.pdf
20010635,Wittman,Robert J.,P,VA01,11/14/2018,2018-11-14,Robert J. Wittman,https://disclosures-clerk.house.gov/public_disc/ptr-pdfs/2018/20010635.pdf
20010806,Wittman,Robert J.,P,VA01,12/12/2018,2018-12-12,Robert J. Wittman,https://disclosures-clerk.house.gov/public_disc/ptr-pdfs/2018/20010806.pdf
20009915,Womack,Steve,P,AR03,7/18/2018,2018-07-18,Steve Womack,https://disclosures-clerk.house.gov/public_disc/ptr-pdfs/2018/20009915.pdf
20008757,Yarmuth,John A.,P,KY03,1/18/2018,2018-01-18,John A. Yarmuth,https://disclosures-clerk.house.gov/public_disc/ptr-pdfs/2018/20008757.pdf
20009426,Yarmuth,John A.,P,KY03,5/2/2018,2018-05-02,John A. Yarmuth,https://disclosures-clerk.house.gov/public_disc/ptr-pdfs/2018/20009426.pdf
20009550,Yarmuth,John A.,P,KY03,5/14/2018,2018-05-14,John A. Yarmuth,https://disclosures-clerk.house.gov/public_disc/ptr-pdfs/2018/20009550.pdf
20009988,Yarmuth,John A.,P,KY03,7/31/2018,2018-07-31,John A. Yarmuth,https://disclosures-clerk.house.gov/public_disc/ptr-pdfs/2018/20009988.pdf
20010000,Yarmuth,John A.,P,KY03,8/1/2018,2018-08-01,John A. Yarmuth,https://disclosures-clerk.house.gov/public_disc/ptr-pdfs/2018/20010000.pdf
20010001,Yarmuth,John A.,P,KY03,8/1/2018,2018-08-01,John A. Yarmuth,https://disclosures-clerk.house.gov/public_disc/ptr-pdfs/2018/20010001.pdf
20010643,Yarmuth,John A.,P,KY03,11/12/2018,2018-11-12,John A. Yarmuth,https://disclosures-clerk.house.gov/public_disc/ptr-pdfs/2018/20010643.pdf
20010896,Yarmuth,John A.,P,KY03,12/27/2018,2018-12-27,John A. Yarmuth,https://disclosures-clerk.house.gov/public_disc/ptr-pdfs/2018/20010896.pdf
20009491,Yoder,Kevin,P,KS03,5/9/2018,2018-05-09,Kevin Yoder,https://disclosures-clerk.house.gov/public_disc/ptr-pdfs/2018/20009491.pdf
9112448,Yoho,Ted S.,P,FL03,2/16/2018,2018-02-16,Ted S. Yoho,https://disclosures-clerk.house.gov/public_disc/ptr-pdfs/2018/9112448.pdf
