bioguide_id,declarant_name,chamber,party,state_district,committee_membership,committees_key_flag,transaction_date,disclosure_date,ticker,asset_description,asset_type,operation_type,amount_range,amount_midpoint,amount_split_flag,owner,doc_id,source_url,natural_key_hash,provenance,ticker_source,occurrence_index
B001277,RICHARD BLUMENTHAL,senate,Democrat,CT,SSAS13; SSAS14; SSAS17; SSGA01; SSGA20; SSJU01; SSJU22; SSJU25; SSJU28; Senate Committee on Armed Services; Senate Committee on Homeland Security and Governmental Affairs; Senate Committee on Veterans' Affairs; Senate Committee on the Judiciary; United States Senate Caucus on International Narcotics Control,True,2015-02-01,2015-12-22,,Peter L Malkin Family 2000 LLC,Other,Sale,"$100,001 - $250,000",175000.5,False,Spouse,BAB946BE-A931-4A1D-ACE4-6DBEA29A445C,https://efdsearch.senate.gov/search/view/paper/BAB946BE-A931-4A1D-ACE4-6DBEA29A445C/,e198d2e62507f507df97d615863581f7a0ec67831084a17e73a94885d793af8b,senate-efd-ocr,explicit,0
B001277,RICHARD BLUMENTHAL,senate,Democrat,CT,SSAS13; SSAS14; SSAS17; SSGA01; SSGA20; SSJU01; SSJU22; SSJU25; SSJU28; Senate Committee on Armed Services; Senate Committee on Homeland Security and Governmental Affairs; Senate Committee on Veterans' Affairs; Senate Committee on the Judiciary; United States Senate Caucus on International Narcotics Control,True,2015-11-30,2015-12-22,,Peter L Malkin Family 9 LLC,Other,Sale,"$100,001 - $250,000",175000.5,False,Spouse,BAB946BE-A931-4A1D-ACE4-6DBEA29A445C,https://efdsearch.senate.gov/search/view/paper/BAB946BE-A931-4A1D-ACE4-6DBEA29A445C/,b99f596e493fab6493f16fa94daff03ded00b3927ae62d541473fc1376e67218,senate-efd-ocr,explicit,0
B001277,RICHARD BLUMENTHAL,senate,Democrat,CT,SSAS13; SSAS14; SSAS17; SSGA01; SSGA20; SSJU01; SSJU22; SSJU25; SSJU28; Senate Committee on Armed Services; Senate Committee on Homeland Security and Governmental Affairs; Senate Committee on Veterans' Affairs; Senate Committee on the Judiciary; United States Senate Caucus on International Narcotics Control,True,2015-11-30,2015-12-22,,"Falcon Edge Global, LP",Other,Purchase,"$15,001 - $50,000",32500.5,False,Spouse,BAB946BE-A931-4A1D-ACE4-6DBEA29A445C,https://efdsearch.senate.gov/search/view/paper/BAB946BE-A931-4A1D-ACE4-6DBEA29A445C/,261173ebcbc8f60d88d9043588e71dfb1f0624464f70edd6d0040e8edf487d90,senate-efd-ocr,explicit,0
B001277,RICHARD BLUMENTHAL,senate,Democrat,CT,SSAS13; SSAS14; SSAS17; SSGA01; SSGA20; SSJU01; SSJU22; SSJU25; SSJU28; Senate Committee on Armed Services; Senate Committee on Homeland Security and Governmental Affairs; Senate Committee on Veterans' Affairs; Senate Committee on the Judiciary; United States Senate Caucus on International Narcotics Control,True,2015-11-30,2015-12-22,,"Falcon Edge Global, LP",Other,Sale,"$100,001 - $250,000",175000.5,False,Spouse,BAB946BE-A931-4A1D-ACE4-6DBEA29A445C,https://efdsearch.senate.gov/search/view/paper/BAB946BE-A931-4A1D-ACE4-6DBEA29A445C/,cee0119d82d5a34113006ed0a46a0a7205f0515fcd52f4259c2454f6fcaefd9a,senate-efd-ocr,explicit,0
B001277,RICHARD BLUMENTHAL,senate,Democrat,CT,SSAS13; SSAS14; SSAS17; SSGA01; SSGA20; SSJU01; SSJU22; SSJU25; SSJU28; Senate Committee on Armed Services; Senate Committee on Homeland Security and Governmental Affairs; Senate Committee on Veterans' Affairs; Senate Committee on the Judiciary; United States Senate Caucus on International Narcotics Control,True,2015-11-30,2015-12-22,,CMB 2009 GRAT - Peter L Malkin Family 9 LLC,Other,Sale,"$500,001 - $1,000,000",750000.5,False,Spouse,BAB946BE-A931-4A1D-ACE4-6DBEA29A445C,https://efdsearch.senate.gov/search/view/paper/BAB946BE-A931-4A1D-ACE4-6DBEA29A445C/,7735012883214eff2d798409750f67d77fd1e55d77ff6ed5007b4e0c5176668a,senate-efd-ocr,explicit,0
W000805,MARK R WARNER,senate,Democrat,VA,"SSBK04; SSBK08; SSBK13; SSFI10; SSFI11; SSFI13; Senate Committee on Banking, Housing, and Urban Affairs; Senate Committee on Finance; Senate Committee on Rules and Administration; Senate Committee on the Budget; Senate Select Committee on Intelligence",True,2015-02-11,2015-12-15,,"Bear Creek Investors, LLC",Other,Sale,"$500,001 - $1,000,000",750000.5,False,Self,793A1242-2824-489D-AF61-68A907B9C897,https://efdsearch.senate.gov/search/view/paper/793A1242-2824-489D-AF61-68A907B9C897/,56581a9be5963098359fe8202fad109b0c146fd14ed2a2000482d9378297dab7,senate-efd-ocr,explicit,0
W000805,MARK R WARNER,senate,Democrat,VA,"SSBK04; SSBK08; SSBK13; SSFI10; SSFI11; SSFI13; Senate Committee on Banking, Housing, and Urban Affairs; Senate Committee on Finance; Senate Committee on Rules and Administration; Senate Committee on the Budget; Senate Select Committee on Intelligence",True,2015-11-10,2015-12-15,,Millennial Media,,Sale,"$100,001 - $250,000",175000.5,False,Self,793A1242-2824-489D-AF61-68A907B9C897,https://efdsearch.senate.gov/search/view/paper/793A1242-2824-489D-AF61-68A907B9C897/,25f3f6bfbe79bc069f50b42593c40dfcbd9381549b2aae47f0acf925ff1882d9,senate-efd-ocr,explicit,0
W000805,MARK R WARNER,senate,Democrat,VA,"SSBK04; SSBK08; SSBK13; SSFI10; SSFI11; SSFI13; Senate Committee on Banking, Housing, and Urban Affairs; Senate Committee on Finance; Senate Committee on Rules and Administration; Senate Committee on the Budget; Senate Select Committee on Intelligence",True,2015-11-10,2015-12-15,,"Echo Bridge Realty Fund 1, LP",Other,Purchase,"$100,001 - $250,000",175000.5,False,Self,793A1242-2824-489D-AF61-68A907B9C897,https://efdsearch.senate.gov/search/view/paper/793A1242-2824-489D-AF61-68A907B9C897/,8be61444156b359221bddf5b30d0009a30884c07f8aa3950bdbf9282ba59d758,senate-efd-ocr,explicit,0
W000805,MARK R WARNER,senate,Democrat,VA,"SSBK04; SSBK08; SSBK13; SSFI10; SSFI11; SSFI13; Senate Committee on Banking, Housing, and Urban Affairs; Senate Committee on Finance; Senate Committee on Rules and Administration; Senate Committee on the Budget; Senate Select Committee on Intelligence",True,2015-11-10,2015-12-15,,"HCEB Waterhouse Place, LLC",Other,Sale,"$15,001 - $50,000",32500.5,False,Self,793A1242-2824-489D-AF61-68A907B9C897,https://efdsearch.senate.gov/search/view/paper/793A1242-2824-489D-AF61-68A907B9C897/,4f1fda2efa2ece375ef4fe0ff1a1315182d67aa4abc50587016093905a462a04,senate-efd-ocr,explicit,0
W000805,MARK R WARNER,senate,Democrat,VA,"SSBK04; SSBK08; SSBK13; SSFI10; SSFI11; SSFI13; Senate Committee on Banking, Housing, and Urban Affairs; Senate Committee on Finance; Senate Committee on Rules and Administration; Senate Committee on the Budget; Senate Select Committee on Intelligence",True,2015-11-20,2015-12-15,,"Harvest Intrexon Enterprise Fund I, LP",Other,Purchase,"$15,001 - $50,000",32500.5,False,Self,793A1242-2824-489D-AF61-68A907B9C897,https://efdsearch.senate.gov/search/view/paper/793A1242-2824-489D-AF61-68A907B9C897/,973cda38023752379af7229facd1698da116b6f8fc31d082c26b7f442f07b678,senate-efd-ocr,explicit,0
W000805,MARK R WARNER,senate,Democrat,VA,"SSBK04; SSBK08; SSBK13; SSFI10; SSFI11; SSFI13; Senate Committee on Banking, Housing, and Urban Affairs; Senate Committee on Finance; Senate Committee on Rules and Administration; Senate Committee on the Budget; Senate Select Committee on Intelligence",True,2015-09-21,2015-10-13,,ZoomandGo(dba; Brid),,Purchase,"$1,001 - $15,000",8000.5,False,Joint,7296D989-CF00-4F4D-BFD1-A80FA4970FFA,https://efdsearch.senate.gov/search/view/paper/7296D989-CF00-4F4D-BFD1-A80FA4970FFA/,966bbba94f73fd41164f1b960fd80ac6c25862f45ce0352cf200936972f82f02,senate-efd-ocr,explicit,0
B001277,RICHARD BLUMENTHAL,senate,Democrat,CT,SSAS13; SSAS14; SSAS17; SSGA01; SSGA20; SSJU01; SSJU22; SSJU25; SSJU28; Senate Committee on Armed Services; Senate Committee on Homeland Security and Governmental Affairs; Senate Committee on Veterans' Affairs; Senate Committee on the Judiciary; United States Senate Caucus on International Narcotics Control,True,2015-02-01,2015-10-06,,Peter L Malkin Family 2000 LLC,Other,Sale,"$500,001 - $1,000,000",750000.5,False,Spouse,3958238C-743E-4223-AFB0-CDB74F59BA96,https://efdsearch.senate.gov/search/view/paper/3958238C-743E-4223-AFB0-CDB74F59BA96/,49e3a2084120e198b62a93d25c4595d16b0b65bb7c778be10255cfa2f5cc5cdb,senate-efd-ocr,explicit,0
B001277,RICHARD BLUMENTHAL,senate,Democrat,CT,SSAS13; SSAS14; SSAS17; SSGA01; SSGA20; SSJU01; SSJU22; SSJU25; SSJU28; Senate Committee on Armed Services; Senate Committee on Homeland Security and Governmental Affairs; Senate Committee on Veterans' Affairs; Senate Committee on the Judiciary; United States Senate Caucus on International Narcotics Control,True,2015-09-18,2015-10-06,,"Malkin Industrial Partners I, LP",Other,Purchase,"$1,001 - $15,000",8000.5,False,Spouse,3958238C-743E-4223-AFB0-CDB74F59BA96,https://efdsearch.senate.gov/search/view/paper/3958238C-743E-4223-AFB0-CDB74F59BA96/,236c53220d6cc7aa65d650b90ba73c85abc47c9baa357159fc4013e25b1ef0ed,senate-efd-ocr,explicit,0
B001277,RICHARD BLUMENTHAL,senate,Democrat,CT,SSAS13; SSAS14; SSAS17; SSGA01; SSGA20; SSJU01; SSJU22; SSJU25; SSJU28; Senate Committee on Armed Services; Senate Committee on Homeland Security and Governmental Affairs; Senate Committee on Veterans' Affairs; Senate Committee on the Judiciary; United States Senate Caucus on International Narcotics Control,True,2015-09-18,2015-10-06,,"Malkin Strategic Capital V, LP",Other,Purchase,"$1,001 - $15,000",8000.5,False,Spouse,3958238C-743E-4223-AFB0-CDB74F59BA96,https://efdsearch.senate.gov/search/view/paper/3958238C-743E-4223-AFB0-CDB74F59BA96/,3d3f819b09f19b4a23d7be223c0648c51fa95f3e5cfacb223d7ed854dc010ef9,senate-efd-ocr,explicit,0
B001277,RICHARD BLUMENTHAL,senate,Democrat,CT,SSAS13; SSAS14; SSAS17; SSGA01; SSGA20; SSJU01; SSJU22; SSJU25; SSJU28; Senate Committee on Armed Services; Senate Committee on Homeland Security and Governmental Affairs; Senate Committee on Veterans' Affairs; Senate Committee on the Judiciary; United States Senate Caucus on International Narcotics Control,True,2015-09-03,2015-10-06,,Peter L Malkin Family 9 LLC,Other,Purchase,"$100,001 - $250,000",175000.5,False,Spouse,3958238C-743E-4223-AFB0-CDB74F59BA96,https://efdsearch.senate.gov/search/view/paper/3958238C-743E-4223-AFB0-CDB74F59BA96/,f68710e9133ba527b79c2fad075cb1a29ae40c2b6f447604cf15ac6c68ed51cb,senate-efd-ocr,explicit,0
B001277,RICHARD BLUMENTHAL,senate,Democrat,CT,SSAS13; SSAS14; SSAS17; SSGA01; SSGA20; SSJU01; SSJU22; SSJU25; SSJU28; Senate Committee on Armed Services; Senate Committee on Homeland Security and Governmental Affairs; Senate Committee on Veterans' Affairs; Senate Committee on the Judiciary; United States Senate Caucus on International Narcotics Control,True,2015-09-03,2015-10-06,,Steadview Capital Partners LP,Other,Purchase,"$15,001 - $50,000",32500.5,False,Spouse,3958238C-743E-4223-AFB0-CDB74F59BA96,https://efdsearch.senate.gov/search/view/paper/3958238C-743E-4223-AFB0-CDB74F59BA96/,dd096d94a9630a063d8bcffed711811e15298fe2eef172e6ccceb6a0623b92c2,senate-efd-ocr,explicit,0
B001277,RICHARD BLUMENTHAL,senate,Democrat,CT,SSAS13; SSAS14; SSAS17; SSGA01; SSGA20; SSJU01; SSJU22; SSJU25; SSJU28; Senate Committee on Armed Services; Senate Committee on Homeland Security and Governmental Affairs; Senate Committee on Veterans' Affairs; Senate Committee on the Judiciary; United States Senate Caucus on International Narcotics Control,True,,2015-10-06,,CMB 2009 GRAT - Peter L Malkin Family,,Purchase,"$15,001 - $50,000",32500.5,False,Spouse,3958238C-743E-4223-AFB0-CDB74F59BA96,https://efdsearch.senate.gov/search/view/paper/3958238C-743E-4223-AFB0-CDB74F59BA96/,0a513220cd6634e1586b62a294f7f66ccd062e5b9a7422d692c3d3681aa3bca1,senate-efd-ocr,explicit,0
B001135,RICHARD M BURR,senate,Republican,NC,,False,2015-09-22,2015-09-30,NOV,"National Oilwell Varco, Inc. (stock)",Stock,Purchase,"$1,001 - $15,000",8000.5,False,Self,C50F00D7-DBE9-4DFA-AA46-23A9C5BDB413,https://efdsearch.senate.gov/search/view/paper/C50F00D7-DBE9-4DFA-AA46-23A9C5BDB413/,cb647432377143214835df5873f5d4acfb4136dfbeb12333b2c1feffcc8f4bb2,senate-efd-ocr,explicit,0
B001135,RICHARD M BURR,senate,Republican,NC,,False,2015-09-22,2015-09-30,NOV,"National Oilwell Varco, Inc. (stock)",Stock,Sale,"$15,001 - $50,000",32500.5,False,Self,C50F00D7-DBE9-4DFA-AA46-23A9C5BDB413,https://efdsearch.senate.gov/search/view/paper/C50F00D7-DBE9-4DFA-AA46-23A9C5BDB413/,b35551e55ea98868df90b683ba4fd113ea56d114ea577ccfcab3204706917198,senate-efd-ocr,explicit,0
B001135,RICHARD M BURR,senate,Republican,NC,,False,2015-09-22,2015-09-30,DORM,"Dorman Products, Inc. (stock)",Stock,Purchase,"$1,001 - $15,000",8000.5,False,Self,C50F00D7-DBE9-4DFA-AA46-23A9C5BDB413,https://efdsearch.senate.gov/search/view/paper/C50F00D7-DBE9-4DFA-AA46-23A9C5BDB413/,97511d8d158009d71de5eb81179d4d7e378bb664b61da106ac5b148f4d234ddf,senate-efd-ocr,explicit,0
B001135,RICHARD M BURR,senate,Republican,NC,,False,2015-09-22,2015-09-30,DORM,"Dorman Products, Inc. (stock)",Stock,Sale,"$1,001 - $15,000",8000.5,False,Self,C50F00D7-DBE9-4DFA-AA46-23A9C5BDB413,https://efdsearch.senate.gov/search/view/paper/C50F00D7-DBE9-4DFA-AA46-23A9C5BDB413/,385712ad302c175d407a38839d96bdaa8685d3c4a8315e40e3d808659183bcb9,senate-efd-ocr,explicit,0
B001135,RICHARD M BURR,senate,Republican,NC,,False,2015-09-22,2015-09-30,,OILWELL VARCO INC,Stock,Purchase,"$15,001 - $50,000",32500.5,False,Self,C50F00D7-DBE9-4DFA-AA46-23A9C5BDB413,https://efdsearch.senate.gov/search/view/paper/C50F00D7-DBE9-4DFA-AA46-23A9C5BDB413/,e3bd8771a9ad9f779e150d1299fb340433d12ad8c0e214d5fe356f0d70677b13,senate-efd-ocr,explicit,0
B001135,RICHARD M BURR,senate,Republican,NC,,False,2015-09-22,2015-09-30,,DORMAN PRODUCTS INC,Stock,Purchase,"$50,001 - $100,000",75000.5,False,Self,C50F00D7-DBE9-4DFA-AA46-23A9C5BDB413,https://efdsearch.senate.gov/search/view/paper/C50F00D7-DBE9-4DFA-AA46-23A9C5BDB413/,ca5c72ec0c1740872610cccd65ed37fbcd53437788cd2aa812621df312de2657,senate-efd-ocr,explicit,0
W000805,MARK R WARNER,senate,Democrat,VA,"SSBK04; SSBK08; SSBK13; SSFI10; SSFI11; SSFI13; Senate Committee on Banking, Housing, and Urban Affairs; Senate Committee on Finance; Senate Committee on Rules and Administration; Senate Committee on the Budget; Senate Select Committee on Intelligence",True,2015-02-27,2015-09-21,,"Bear Creek Investors, LLC",Other,Purchase,"$100,001 - $250,000",175000.5,False,Self,07EFCC33-8702-496C-BC29-5B78EB7ADDB1,https://efdsearch.senate.gov/search/view/paper/07EFCC33-8702-496C-BC29-5B78EB7ADDB1/,cad837f668652fff6a6e11639112a672b77a0ee426edcfc8a7be0a547a65d1a1,senate-efd-ocr,explicit,0
W000805,MARK R WARNER,senate,Democrat,VA,"SSBK04; SSBK08; SSBK13; SSFI10; SSFI11; SSFI13; Senate Committee on Banking, Housing, and Urban Affairs; Senate Committee on Finance; Senate Committee on Rules and Administration; Senate Committee on the Budget; Senate Select Committee on Intelligence",True,2015-02-01,2015-09-21,,"Bear Creek Investors, LLC",Other,Sale,"$500,001 - $1,000,000",750000.5,False,Self,07EFCC33-8702-496C-BC29-5B78EB7ADDB1,https://efdsearch.senate.gov/search/view/paper/07EFCC33-8702-496C-BC29-5B78EB7ADDB1/,3a5dd7534fa300ce31fe741196035553913c18ee7b21ade754574b6bd734fb09,senate-efd-ocr,explicit,0
W000805,MARK R WARNER,senate,Democrat,VA,"SSBK04; SSBK08; SSBK13; SSFI10; SSFI11; SSFI13; Senate Committee on Banking, Housing, and Urban Affairs; Senate Committee on Finance; Senate Committee on Rules and Administration; Senate Committee on the Budget; Senate Select Committee on Intelligence",True,2015-02-01,2015-09-21,,"Bear Creek Investors, LLC",Other,Sale,"$500,001 - $1,000,000",750000.5,False,Self,07EFCC33-8702-496C-BC29-5B78EB7ADDB1,https://efdsearch.senate.gov/search/view/paper/07EFCC33-8702-496C-BC29-5B78EB7ADDB1/,3a5dd7534fa300ce31fe741196035553913c18ee7b21ade754574b6bd734fb09,senate-efd-ocr,explicit,1
W000805,MARK R WARNER,senate,Democrat,VA,"SSBK04; SSBK08; SSBK13; SSFI10; SSFI11; SSFI13; Senate Committee on Banking, Housing, and Urban Affairs; Senate Committee on Finance; Senate Committee on Rules and Administration; Senate Committee on the Budget; Senate Select Committee on Intelligence",True,2015-02-01,2015-09-21,,"Bear Creek Investors, LLC",Other,Sale,"$1,000,001 - $5,000,000",3000000.5,False,Self,07EFCC33-8702-496C-BC29-5B78EB7ADDB1,https://efdsearch.senate.gov/search/view/paper/07EFCC33-8702-496C-BC29-5B78EB7ADDB1/,9b1b4ceb583648e2f8eeb30f44e33b193105bb9e9284e7bfd1e0261afff25efc,senate-efd-ocr,explicit,0
W000805,MARK R WARNER,senate,Democrat,VA,"SSBK04; SSBK08; SSBK13; SSFI10; SSFI11; SSFI13; Senate Committee on Banking, Housing, and Urban Affairs; Senate Committee on Finance; Senate Committee on Rules and Administration; Senate Committee on the Budget; Senate Select Committee on Intelligence",True,2015-02-01,2015-09-21,,"Bear Creek Investors, LLC",Other,Sale,"$1,000,001 - $5,000,000",3000000.5,False,Self,07EFCC33-8702-496C-BC29-5B78EB7ADDB1,https://efdsearch.senate.gov/search/view/paper/07EFCC33-8702-496C-BC29-5B78EB7ADDB1/,9b1b4ceb583648e2f8eeb30f44e33b193105bb9e9284e7bfd1e0261afff25efc,senate-efd-ocr,explicit,1
W000805,MARK R WARNER,senate,Democrat,VA,"SSBK04; SSBK08; SSBK13; SSFI10; SSFI11; SSFI13; Senate Committee on Banking, Housing, and Urban Affairs; Senate Committee on Finance; Senate Committee on Rules and Administration; Senate Committee on the Budget; Senate Select Committee on Intelligence",True,2015-08-21,2015-09-21,,Millennial Media,,Sale,"$15,001 - $50,000",32500.5,False,Self,07EFCC33-8702-496C-BC29-5B78EB7ADDB1,https://efdsearch.senate.gov/search/view/paper/07EFCC33-8702-496C-BC29-5B78EB7ADDB1/,b35d326d8c9c4f62e33e3d2ba87de5cbf5218cdedcb7005e79650d82697b87a3,senate-efd-ocr,explicit,0
W000805,MARK R WARNER,senate,Democrat,VA,"SSBK04; SSBK08; SSBK13; SSFI10; SSFI11; SSFI13; Senate Committee on Banking, Housing, and Urban Affairs; Senate Committee on Finance; Senate Committee on Rules and Administration; Senate Committee on the Budget; Senate Select Committee on Intelligence",True,2015-08-21,2015-09-21,,Charter Communications Inc.,Stock,Purchase,"$15,001 - $50,000",32500.5,False,Self,07EFCC33-8702-496C-BC29-5B78EB7ADDB1,https://efdsearch.senate.gov/search/view/paper/07EFCC33-8702-496C-BC29-5B78EB7ADDB1/,8094305e78eb960a29b2542c509f7a2cd81c7681ab0cbacd76c16427d11247a2,senate-efd-ocr,explicit,0
W000805,MARK R WARNER,senate,Democrat,VA,"SSBK04; SSBK08; SSBK13; SSFI10; SSFI11; SSFI13; Senate Committee on Banking, Housing, and Urban Affairs; Senate Committee on Finance; Senate Committee on Rules and Administration; Senate Committee on the Budget; Senate Select Committee on Intelligence",True,2015-08-21,2015-09-21,,Charter Communications Inc.,Stock,Sale,"$1,000,001 - $5,000,000",3000000.5,False,Self,07EFCC33-8702-496C-BC29-5B78EB7ADDB1,https://efdsearch.senate.gov/search/view/paper/07EFCC33-8702-496C-BC29-5B78EB7ADDB1/,2e0d0efc2550a67bf59e7d65ecce83ca34813f9332a50bbcca0f5c6f39689b7b,senate-efd-ocr,explicit,0
W000805,MARK R WARNER,senate,Democrat,VA,"SSBK04; SSBK08; SSBK13; SSFI10; SSFI11; SSFI13; Senate Committee on Banking, Housing, and Urban Affairs; Senate Committee on Finance; Senate Committee on Rules and Administration; Senate Committee on the Budget; Senate Select Committee on Intelligence",True,2015-08-28,2015-09-21,,"Harvest Intrexon Enterprise Fund I, LP",Other,Purchase,"$15,001 - $50,000",32500.5,False,Self,07EFCC33-8702-496C-BC29-5B78EB7ADDB1,https://efdsearch.senate.gov/search/view/paper/07EFCC33-8702-496C-BC29-5B78EB7ADDB1/,cab85f8826c77c6d5b3420878ea37b0f25b3e6de6a354f89cbdccac292f363b0,senate-efd-ocr,explicit,0
B001135,RICHARD M BURR,senate,Republican,NC,,False,2015-09-01,2015-09-11,,El Dorado Gold Corp (stock),Stock,Purchase,"$1,001 - $15,000",8000.5,False,Self,F27D0166-CB77-4D9D-B8B0-110965A46409,https://efdsearch.senate.gov/search/view/paper/F27D0166-CB77-4D9D-B8B0-110965A46409/,f7c9f043cfcd39390e86a6f5f7723671f5e41dcf5e84fc9c404213837f84a66e,senate-efd-ocr,explicit,0
B001135,RICHARD M BURR,senate,Republican,NC,,False,2015-09-01,2015-09-11,,"Mohawk Industries, Inc. (stock) NYSE",Stock,Sale,"$1,001 - $15,000",8000.5,False,Self,F27D0166-CB77-4D9D-B8B0-110965A46409,https://efdsearch.senate.gov/search/view/paper/F27D0166-CB77-4D9D-B8B0-110965A46409/,bd220b8e3a026d0b2493573078d824cbf65b7730619b338513dc87b5402f5aad,senate-efd-ocr,explicit,0
B001135,RICHARD M BURR,senate,Republican,NC,,False,2015-09-01,2015-09-11,,"Mohawk Industries, Inc. (stock) NYSE",Stock,Sale,"$1,001 - $15,000",8000.5,False,Spouse,F27D0166-CB77-4D9D-B8B0-110965A46409,https://efdsearch.senate.gov/search/view/paper/F27D0166-CB77-4D9D-B8B0-110965A46409/,d718ba37d4aaabff6483842373566391dfb042b065d42ee5591f79633d304e6b,senate-efd-ocr,explicit,0
B001135,RICHARD M BURR,senate,Republican,NC,,False,2015-09-04,2015-09-11,MHK,Mohawk Industries Inc,Stock,Purchase,"$100,001 - $250,000",175000.5,False,Self,F27D0166-CB77-4D9D-B8B0-110965A46409,https://efdsearch.senate.gov/search/view/paper/F27D0166-CB77-4D9D-B8B0-110965A46409/,18ab1454739f364c6760b1460ec850668deb863018823d23fa6cf9bac31cccac,senate-efd-ocr,explicit,0
W000805,MARK R WARNER,senate,Democrat,VA,"SSBK04; SSBK08; SSBK13; SSFI10; SSFI11; SSFI13; Senate Committee on Banking, Housing, and Urban Affairs; Senate Committee on Finance; Senate Committee on Rules and Administration; Senate Committee on the Budget; Senate Select Committee on Intelligence",True,2014-09-17,2015-08-28,,"Echo Bridge Realty Fund I, LP",Other,Sale,"$50,001 - $100,000",75000.5,False,Self,4745FDCF-9BD0-4D2D-8B02-A9AB143A2246,https://efdsearch.senate.gov/search/view/paper/4745FDCF-9BD0-4D2D-8B02-A9AB143A2246/,41a646c95a4c21ff97c7d0f6f3df7d68e0694c041c1f6eb7f45b737990403fcf,senate-efd-ocr,explicit,0
B001277,RICHARD BLUMENTHAL,senate,Democrat,CT,SSAS13; SSAS14; SSAS17; SSGA01; SSGA20; SSJU01; SSJU22; SSJU25; SSJU28; Senate Committee on Armed Services; Senate Committee on Homeland Security and Governmental Affairs; Senate Committee on Veterans' Affairs; Senate Committee on the Judiciary; United States Senate Caucus on International Narcotics Control,True,2015-02-01,2015-08-18,,Peter L Malkin Family 2000 LLC,Other,Purchase,"$500,001 - $1,000,000",750000.5,False,Spouse,D0265D41-74A4-4A96-BFEA-647DFB22169F,https://efdsearch.senate.gov/search/view/paper/D0265D41-74A4-4A96-BFEA-647DFB22169F/,f70d11265fb4640c11f588077dfea6964671b1e5213c835cc9e732fc8bc3d8cb,senate-efd-ocr,explicit,0
B001277,RICHARD BLUMENTHAL,senate,Democrat,CT,SSAS13; SSAS14; SSAS17; SSGA01; SSGA20; SSJU01; SSJU22; SSJU25; SSJU28; Senate Committee on Armed Services; Senate Committee on Homeland Security and Governmental Affairs; Senate Committee on Veterans' Affairs; Senate Committee on the Judiciary; United States Senate Caucus on International Narcotics Control,True,2015-02-27,2015-08-18,,Peter L Malkin Family 2000 LLC,Other,Sale,"$100,001 - $250,000",175000.5,False,Spouse,D0265D41-74A4-4A96-BFEA-647DFB22169F,https://efdsearch.senate.gov/search/view/paper/D0265D41-74A4-4A96-BFEA-647DFB22169F/,eb2fe599fc72affe2b329a70f504e22f55aa871646e32e2918384dcf48eb67bb,senate-efd-ocr,explicit,0
B001277,RICHARD BLUMENTHAL,senate,Democrat,CT,SSAS13; SSAS14; SSAS17; SSGA01; SSGA20; SSJU01; SSJU22; SSJU25; SSJU28; Senate Committee on Armed Services; Senate Committee on Homeland Security and Governmental Affairs; Senate Committee on Veterans' Affairs; Senate Committee on the Judiciary; United States Senate Caucus on International Narcotics Control,True,2015-12-31,2015-08-18,,RCB Investment Partners,Other,Purchase,"$500,001 - $1,000,000",750000.5,False,Spouse,D0265D41-74A4-4A96-BFEA-647DFB22169F,https://efdsearch.senate.gov/search/view/paper/D0265D41-74A4-4A96-BFEA-647DFB22169F/,0e14e0f3faa191e2ba858387075f4a272b18a4337c6f19708f44ef419bf95709,senate-efd-ocr,explicit,0
B001277,RICHARD BLUMENTHAL,senate,Democrat,CT,SSAS13; SSAS14; SSAS17; SSGA01; SSGA20; SSJU01; SSJU22; SSJU25; SSJU28; Senate Committee on Armed Services; Senate Committee on Homeland Security and Governmental Affairs; Senate Committee on Veterans' Affairs; Senate Committee on the Judiciary; United States Senate Caucus on International Narcotics Control,True,2015-12-31,2015-08-18,,RCB Investment Partners,Other,Purchase,"$1,000,001 - $5,000,000",3000000.5,False,Spouse,D0265D41-74A4-4A96-BFEA-647DFB22169F,https://efdsearch.senate.gov/search/view/paper/D0265D41-74A4-4A96-BFEA-647DFB22169F/,a20f9c5fe46c5dcfa077bb72bf483ce7e764d5ac5fce880ff19aa3314611c971,senate-efd-ocr,explicit,0
B001277,RICHARD BLUMENTHAL,senate,Democrat,CT,SSAS13; SSAS14; SSAS17; SSGA01; SSGA20; SSJU01; SSJU22; SSJU25; SSJU28; Senate Committee on Armed Services; Senate Committee on Homeland Security and Governmental Affairs; Senate Committee on Veterans' Affairs; Senate Committee on the Judiciary; United States Senate Caucus on International Narcotics Control,True,2015-05-15,2015-08-18,,EOAGT LLC,Other,Purchase,"$500,001 - $1,000,000",750000.5,False,Spouse,D0265D41-74A4-4A96-BFEA-647DFB22169F,https://efdsearch.senate.gov/search/view/paper/D0265D41-74A4-4A96-BFEA-647DFB22169F/,54f7ca4d860372ba0755ef54316f2ad613c8719183062b5d7ba6e0136ae08321,senate-efd-ocr,explicit,0
B001277,RICHARD BLUMENTHAL,senate,Democrat,CT,SSAS13; SSAS14; SSAS17; SSGA01; SSGA20; SSJU01; SSJU22; SSJU25; SSJU28; Senate Committee on Armed Services; Senate Committee on Homeland Security and Governmental Affairs; Senate Committee on Veterans' Affairs; Senate Committee on the Judiciary; United States Senate Caucus on International Narcotics Control,True,2015-05-15,2015-08-18,,"Kinrose Fund, LP",Other,Purchase,"$1,000,001 - $5,000,000",3000000.5,False,Spouse,D0265D41-74A4-4A96-BFEA-647DFB22169F,https://efdsearch.senate.gov/search/view/paper/D0265D41-74A4-4A96-BFEA-647DFB22169F/,37157945a01f5e9f297d78523127b02a69f9f194b32c8035d95eefc8971d4618,senate-efd-ocr,explicit,0
B001277,RICHARD BLUMENTHAL,senate,Democrat,CT,SSAS13; SSAS14; SSAS17; SSGA01; SSGA20; SSJU01; SSJU22; SSJU25; SSJU28; Senate Committee on Armed Services; Senate Committee on Homeland Security and Governmental Affairs; Senate Committee on Veterans' Affairs; Senate Committee on the Judiciary; United States Senate Caucus on International Narcotics Control,True,2015-05-30,2015-08-18,,CMB 2009 GRAT- Peter L Malkin Family 9 LLC,Other,Purchase,"$1,001 - $15,000",8000.5,False,Spouse,D0265D41-74A4-4A96-BFEA-647DFB22169F,https://efdsearch.senate.gov/search/view/paper/D0265D41-74A4-4A96-BFEA-647DFB22169F/,2f2340da5ea0065fc4c6f26e9f676a718cee5fd9380f0ade152717d82adb0fe4,senate-efd-ocr,explicit,0
B001277,RICHARD BLUMENTHAL,senate,Democrat,CT,SSAS13; SSAS14; SSAS17; SSGA01; SSGA20; SSJU01; SSJU22; SSJU25; SSJU28; Senate Committee on Armed Services; Senate Committee on Homeland Security and Governmental Affairs; Senate Committee on Veterans' Affairs; Senate Committee on the Judiciary; United States Senate Caucus on International Narcotics Control,True,2015-05-30,2015-08-18,,"RRE Ventures VI, LP",Other,Purchase,"$15,001 - $50,000",32500.5,False,Spouse,D0265D41-74A4-4A96-BFEA-647DFB22169F,https://efdsearch.senate.gov/search/view/paper/D0265D41-74A4-4A96-BFEA-647DFB22169F/,b375ecbab122bdb0527f6c25512811863a121f3254e3c56e585006bdd74213c7,senate-efd-ocr,explicit,0
B001277,RICHARD BLUMENTHAL,senate,Democrat,CT,SSAS13; SSAS14; SSAS17; SSGA01; SSGA20; SSJU01; SSJU22; SSJU25; SSJU28; Senate Committee on Armed Services; Senate Committee on Homeland Security and Governmental Affairs; Senate Committee on Veterans' Affairs; Senate Committee on the Judiciary; United States Senate Caucus on International Narcotics Control,True,2015-05-30,2015-08-18,,"Peter L Malkin Family 9 LLC: RRE Ventures VI, LP",Other,Purchase,"$15,001 - $50,000",32500.5,False,Spouse,D0265D41-74A4-4A96-BFEA-647DFB22169F,https://efdsearch.senate.gov/search/view/paper/D0265D41-74A4-4A96-BFEA-647DFB22169F/,8103704e718f64b79772dd129f7875bdde19fed3ee699bad334d4dae17fa14f3,senate-efd-ocr,explicit,0
B001277,RICHARD BLUMENTHAL,senate,Democrat,CT,SSAS13; SSAS14; SSAS17; SSGA01; SSGA20; SSJU01; SSJU22; SSJU25; SSJU28; Senate Committee on Armed Services; Senate Committee on Homeland Security and Governmental Affairs; Senate Committee on Veterans' Affairs; Senate Committee on the Judiciary; United States Senate Caucus on International Narcotics Control,True,2015-12-31,2015-08-18,,Claire Blumenthal 2012 Trust -- RCB Investment Partners,Other,Purchase,"$1,000,001 - $5,000,000",3000000.5,False,Child,D0265D41-74A4-4A96-BFEA-647DFB22169F,https://efdsearch.senate.gov/search/view/paper/D0265D41-74A4-4A96-BFEA-647DFB22169F/,ffd2c60b9436249b46ef4d7b6bebc2097b978512aef07e32658230038736f7f7,senate-efd-ocr,explicit,0
B001277,RICHARD BLUMENTHAL,senate,Democrat,CT,SSAS13; SSAS14; SSAS17; SSGA01; SSGA20; SSJU01; SSJU22; SSJU25; SSJU28; Senate Committee on Armed Services; Senate Committee on Homeland Security and Governmental Affairs; Senate Committee on Veterans' Affairs; Senate Committee on the Judiciary; United States Senate Caucus on International Narcotics Control,True,2015-06-30,2015-08-18,,Peter L Malkin Family 2000 LLC,Other,Sale,"$500,001 - $1,000,000",750000.5,False,Spouse,A701D31F-B3B0-483E-8F38-729D0A97BA86,https://efdsearch.senate.gov/search/view/paper/A701D31F-B3B0-483E-8F38-729D0A97BA86/,cb7c8f156a8266b696b7df600f64d2b16638b5fc0f70294bb3c412e40f8fdc1c,senate-efd-ocr,explicit,0
B001277,RICHARD BLUMENTHAL,senate,Democrat,CT,SSAS13; SSAS14; SSAS17; SSGA01; SSGA20; SSJU01; SSJU22; SSJU25; SSJU28; Senate Committee on Armed Services; Senate Committee on Homeland Security and Governmental Affairs; Senate Committee on Veterans' Affairs; Senate Committee on the Judiciary; United States Senate Caucus on International Narcotics Control,True,2015-02-27,2015-08-18,,"Kinrose Fund, LP",Other,Purchase,"$100,001 - $250,000",175000.5,False,Spouse,A701D31F-B3B0-483E-8F38-729D0A97BA86,https://efdsearch.senate.gov/search/view/paper/A701D31F-B3B0-483E-8F38-729D0A97BA86/,90e22bebd94492cf0a881070523e222c9ee7694acdec46868d5a237fc02a4423,senate-efd-ocr,explicit,0
B001277,RICHARD BLUMENTHAL,senate,Democrat,CT,SSAS13; SSAS14; SSAS17; SSGA01; SSGA20; SSJU01; SSJU22; SSJU25; SSJU28; Senate Committee on Armed Services; Senate Committee on Homeland Security and Governmental Affairs; Senate Committee on Veterans' Affairs; Senate Committee on the Judiciary; United States Senate Caucus on International Narcotics Control,True,2015-02-27,2015-08-18,,"Kinrose Fund, LP",Other,Sale,"$500,001 - $1,000,000",750000.5,False,Spouse,A701D31F-B3B0-483E-8F38-729D0A97BA86,https://efdsearch.senate.gov/search/view/paper/A701D31F-B3B0-483E-8F38-729D0A97BA86/,7989ce26c4aec2391ffaf38601681290e62084f8f36d12e7549c4985d5719466,senate-efd-ocr,explicit,0
B001277,RICHARD BLUMENTHAL,senate,Democrat,CT,SSAS13; SSAS14; SSAS17; SSGA01; SSGA20; SSJU01; SSJU22; SSJU25; SSJU28; Senate Committee on Armed Services; Senate Committee on Homeland Security and Governmental Affairs; Senate Committee on Veterans' Affairs; Senate Committee on the Judiciary; United States Senate Caucus on International Narcotics Control,True,2015-02-27,2015-08-18,,"Falcon Edge Global, LP",Other,Purchase,"$1,000,001 - $5,000,000",3000000.5,False,Spouse,A701D31F-B3B0-483E-8F38-729D0A97BA86,https://efdsearch.senate.gov/search/view/paper/A701D31F-B3B0-483E-8F38-729D0A97BA86/,deb0d14c62be2d9e399433f9a557cb04d4a548a09d443133600f55f5150dfe5f,senate-efd-ocr,explicit,0
B001277,RICHARD BLUMENTHAL,senate,Democrat,CT,SSAS13; SSAS14; SSAS17; SSGA01; SSGA20; SSJU01; SSJU22; SSJU25; SSJU28; Senate Committee on Armed Services; Senate Committee on Homeland Security and Governmental Affairs; Senate Committee on Veterans' Affairs; Senate Committee on the Judiciary; United States Senate Caucus on International Narcotics Control,True,2015-06-30,2015-08-18,,"Peter L Malkin Family 9 LLC: Falcon Edge Global, LP",Other,Sale,"$15,001 - $50,000",32500.5,False,Spouse,A701D31F-B3B0-483E-8F38-729D0A97BA86,https://efdsearch.senate.gov/search/view/paper/A701D31F-B3B0-483E-8F38-729D0A97BA86/,54ff32ee1fff3db4a26b1ba01c040b31fee6dd3c6d4133e2f6a4f774308e0a9e,senate-efd-ocr,explicit,0
B001277,RICHARD BLUMENTHAL,senate,Democrat,CT,SSAS13; SSAS14; SSAS17; SSGA01; SSGA20; SSJU01; SSJU22; SSJU25; SSJU28; Senate Committee on Armed Services; Senate Committee on Homeland Security and Governmental Affairs; Senate Committee on Veterans' Affairs; Senate Committee on the Judiciary; United States Senate Caucus on International Narcotics Control,True,2015-06-30,2015-08-18,,"Peter L Malkin Family 9 LLC: Falcon Edge Global, LP",Other,Purchase,"$100,001 - $250,000",175000.5,False,Spouse,A701D31F-B3B0-483E-8F38-729D0A97BA86,https://efdsearch.senate.gov/search/view/paper/A701D31F-B3B0-483E-8F38-729D0A97BA86/,83552d34525f30210746aa1d6e5ef32acb0757528227785588f2db766d81c3b6,senate-efd-ocr,explicit,0
B001277,RICHARD BLUMENTHAL,senate,Democrat,CT,SSAS13; SSAS14; SSAS17; SSGA01; SSGA20; SSJU01; SSJU22; SSJU25; SSJU28; Senate Committee on Armed Services; Senate Committee on Homeland Security and Governmental Affairs; Senate Committee on Veterans' Affairs; Senate Committee on the Judiciary; United States Senate Caucus on International Narcotics Control,True,2015-06-30,2015-08-18,,"CMB 2009 GRAT - Peter L Malkin Family 9 LLC: Falcon Edge Global, LP",Other,Sale,"$15,001 - $50,000",32500.5,False,Spouse,A701D31F-B3B0-483E-8F38-729D0A97BA86,https://efdsearch.senate.gov/search/view/paper/A701D31F-B3B0-483E-8F38-729D0A97BA86/,5a80eb42d575ab914832d88c6dae2e7813ed63e048e720c510a4cf910dd37e67,senate-efd-ocr,explicit,0
B001277,RICHARD BLUMENTHAL,senate,Democrat,CT,SSAS13; SSAS14; SSAS17; SSGA01; SSGA20; SSJU01; SSJU22; SSJU25; SSJU28; Senate Committee on Armed Services; Senate Committee on Homeland Security and Governmental Affairs; Senate Committee on Veterans' Affairs; Senate Committee on the Judiciary; United States Senate Caucus on International Narcotics Control,True,2015-02-27,2015-08-18,,EOAGT LLC,Other,Purchase,"$500,001 - $1,000,000",750000.5,False,Spouse,A701D31F-B3B0-483E-8F38-729D0A97BA86,https://efdsearch.senate.gov/search/view/paper/A701D31F-B3B0-483E-8F38-729D0A97BA86/,ff3cbb23a93b0af66a0b8683320686848cc95e19c9c073aaeb2f29f16498ec57,senate-efd-ocr,explicit,0
B001277,RICHARD BLUMENTHAL,senate,Democrat,CT,SSAS13; SSAS14; SSAS17; SSGA01; SSGA20; SSJU01; SSJU22; SSJU25; SSJU28; Senate Committee on Armed Services; Senate Committee on Homeland Security and Governmental Affairs; Senate Committee on Veterans' Affairs; Senate Committee on the Judiciary; United States Senate Caucus on International Narcotics Control,True,2015-02-27,2015-08-18,,"Falcon Edge Global, LP",Other,Purchase,"$250,001 - $500,000",375000.5,False,Spouse,A701D31F-B3B0-483E-8F38-729D0A97BA86,https://efdsearch.senate.gov/search/view/paper/A701D31F-B3B0-483E-8F38-729D0A97BA86/,3cbf5409c50894b78c70ae2ebf05ded4ddec73f1b4663e479644fe26f6fb0dfa,senate-efd-ocr,explicit,0
B001277,RICHARD BLUMENTHAL,senate,Democrat,CT,SSAS13; SSAS14; SSAS17; SSGA01; SSGA20; SSJU01; SSJU22; SSJU25; SSJU28; Senate Committee on Armed Services; Senate Committee on Homeland Security and Governmental Affairs; Senate Committee on Veterans' Affairs; Senate Committee on the Judiciary; United States Senate Caucus on International Narcotics Control,True,2015-02-27,2015-08-18,,Falcon One LLC,Other,Purchase,"$250,001 - $500,000",375000.5,False,Spouse,A701D31F-B3B0-483E-8F38-729D0A97BA86,https://efdsearch.senate.gov/search/view/paper/A701D31F-B3B0-483E-8F38-729D0A97BA86/,ee4d270610689cc1dbadf801621f06b7882431c282bdd180cfd42ee857afa332,senate-efd-ocr,explicit,0
B001277,RICHARD BLUMENTHAL,senate,Democrat,CT,SSAS13; SSAS14; SSAS17; SSGA01; SSGA20; SSJU01; SSJU22; SSJU25; SSJU28; Senate Committee on Armed Services; Senate Committee on Homeland Security and Governmental Affairs; Senate Committee on Veterans' Affairs; Senate Committee on the Judiciary; United States Senate Caucus on International Narcotics Control,True,2015-02-27,2015-08-18,,Other One LLC,Other,Purchase,"$250,001 - $500,000",375000.5,False,Spouse,A701D31F-B3B0-483E-8F38-729D0A97BA86,https://efdsearch.senate.gov/search/view/paper/A701D31F-B3B0-483E-8F38-729D0A97BA86/,83962b15652fa3fa44d6d07e37e79efd0b59474925e7738064f8435107197a94,senate-efd-ocr,explicit,0
B001277,RICHARD BLUMENTHAL,senate,Democrat,CT,SSAS13; SSAS14; SSAS17; SSGA01; SSGA20; SSJU01; SSJU22; SSJU25; SSJU28; Senate Committee on Armed Services; Senate Committee on Homeland Security and Governmental Affairs; Senate Committee on Veterans' Affairs; Senate Committee on the Judiciary; United States Senate Caucus on International Narcotics Control,True,2015-02-27,2015-08-18,,"Kinrose Fund, LP",Other,Purchase,"$250,001 - $500,000",375000.5,False,Spouse,A701D31F-B3B0-483E-8F38-729D0A97BA86,https://efdsearch.senate.gov/search/view/paper/A701D31F-B3B0-483E-8F38-729D0A97BA86/,0585540197b1f595d3d8654eece7d8a6d0bf7fc166e91e956896191cb8e55647,senate-efd-ocr,explicit,0
B001135,RICHARD M BURR,senate,Republican,NC,,False,2015-02-27,2015-07-16,,Markel Corporation Holding,Stock,Sale,"$100,001 - $250,000",175000.5,False,Self,E273DE65-7F80-4CBE-AA9A-EA232D165C4C,https://efdsearch.senate.gov/search/view/paper/E273DE65-7F80-4CBE-AA9A-EA232D165C4C/,d260261f1f5f973680dbf204defa74c0fb5e03ad582c8098c7dbd603eebd42e3,senate-efd-ocr,explicit,0
B001135,RICHARD M BURR,senate,Republican,NC,,False,2015-07-13,2015-07-16,,Markel Corporation Holding,Stock,Purchase,"$500,001 - $1,000,000",750000.5,False,Joint,E273DE65-7F80-4CBE-AA9A-EA232D165C4C,https://efdsearch.senate.gov/search/view/paper/E273DE65-7F80-4CBE-AA9A-EA232D165C4C/,a1d988f48491433578ae13b734db135b7df7074cac763b860937dc7799bb9af5,senate-efd-ocr,explicit,0
F000062,DIANNE FEINSTEIN,senate,Democrat,CA,,False,2015-03-02,2015-07-15,,"Kite Pharma, Inc (stock) NASDAQ",Stock,Sale,"$100,001 - $250,000",175000.5,False,Spouse,11FB9231-B083-4ACD-9234-084718A0F00E,https://efdsearch.senate.gov/search/view/paper/11FB9231-B083-4ACD-9234-084718A0F00E/,0624a49d49d41013b589d675c91d3ea4d5d3f4ce444a412b0f7e2fec7b7a73fa,senate-efd-ocr,explicit,0
F000062,DIANNE FEINSTEIN,senate,Democrat,CA,,False,2015-03-04,2015-07-15,,"Kite Pharma, Inc (stock) NASDAQ",Stock,Sale,"$250,001 - $500,000",375000.5,False,Spouse,11FB9231-B083-4ACD-9234-084718A0F00E,https://efdsearch.senate.gov/search/view/paper/11FB9231-B083-4ACD-9234-084718A0F00E/,67596320d830d673252c57e35b29c9084820ee122b159e7a0e40fc9194a9ffa8,senate-efd-ocr,explicit,0
F000062,DIANNE FEINSTEIN,senate,Democrat,CA,,False,2015-03-24,2015-07-15,,"Kite Pharma, Inc (stock) NASDAQ",Stock,Sale,"$500,001 - $1,000,000",750000.5,False,Spouse,11FB9231-B083-4ACD-9234-084718A0F00E,https://efdsearch.senate.gov/search/view/paper/11FB9231-B083-4ACD-9234-084718A0F00E/,454dec3258f34296e347f73cbe54e343eef17d99638140d6465bc544d00dbaf7,senate-efd-ocr,explicit,0
F000062,DIANNE FEINSTEIN,senate,Democrat,CA,,False,2015-03-25,2015-07-15,,"Kite Pharma, Inc (stock) NASDAQ",Stock,Sale,"$1,000,001 - $5,000,000",3000000.5,False,Spouse,11FB9231-B083-4ACD-9234-084718A0F00E,https://efdsearch.senate.gov/search/view/paper/11FB9231-B083-4ACD-9234-084718A0F00E/,5ace4386662c7db97dcc37eaa010711050a8ee5521b1a38f88358d68fbb14339,senate-efd-ocr,explicit,0
F000062,DIANNE FEINSTEIN,senate,Democrat,CA,,False,2015-03-26,2015-07-15,,"Kite Pharma, Inc (stock) NASDAQ",Stock,Sale,"$1,000,001 - $5,000,000",3000000.5,False,Spouse,11FB9231-B083-4ACD-9234-084718A0F00E,https://efdsearch.senate.gov/search/view/paper/11FB9231-B083-4ACD-9234-084718A0F00E/,3f06aa6a4a4665f484de1fe61441f8a2856501070622272c1e1c8e1611824509,senate-efd-ocr,explicit,0
F000062,DIANNE FEINSTEIN,senate,Democrat,CA,,False,2015-03-31,2015-07-15,,"Kite Pharma, Inc (stock) NASDAQ",Stock,Sale,"$5,000,001 - $25,000,000",15000000.5,False,Spouse,11FB9231-B083-4ACD-9234-084718A0F00E,https://efdsearch.senate.gov/search/view/paper/11FB9231-B083-4ACD-9234-084718A0F00E/,3d5beecdd11721b82fd86b6fc8296bcfb9e06d246df3ed350f35a04f5ac52e65,senate-efd-ocr,explicit,0
F000062,DIANNE FEINSTEIN,senate,Democrat,CA,,False,2015-02-17,2015-07-15,,"Kite Pharma, Inc (stock) NASDAQ",Stock,Sale,"$15,001 - $50,000",32500.5,False,Spouse,B82D4538-ADAB-44BD-8E1E-2C25657A1AE4,https://efdsearch.senate.gov/search/view/paper/B82D4538-ADAB-44BD-8E1E-2C25657A1AE4/,df44bb5c9b49fb899e8f325286af4b26d1345bf91998c40c38a907d7bb40aef1,senate-efd-ocr,explicit,0
F000062,DIANNE FEINSTEIN,senate,Democrat,CA,,False,2015-02-18,2015-07-15,,"Kite Pharma, Inc (stock) NASDAQ",Stock,Sale,"$1,000,001 - $5,000,000",3000000.5,False,Spouse,B82D4538-ADAB-44BD-8E1E-2C25657A1AE4,https://efdsearch.senate.gov/search/view/paper/B82D4538-ADAB-44BD-8E1E-2C25657A1AE4/,d26085888c910fa78bc9256443961ea0dd571a607ea8f6e104d64294dcf703bf,senate-efd-ocr,explicit,0
F000062,DIANNE FEINSTEIN,senate,Democrat,CA,,False,2015-02-19,2015-07-15,,"Kite Pharma, Inc (stock) NASDAQ",Stock,Sale,"$1,000,001 - $5,000,000",3000000.5,False,Spouse,B82D4538-ADAB-44BD-8E1E-2C25657A1AE4,https://efdsearch.senate.gov/search/view/paper/B82D4538-ADAB-44BD-8E1E-2C25657A1AE4/,f64ee0f0a93582de0678176513dc1134888638e23e46d216914e162531499f26,senate-efd-ocr,explicit,0
F000062,DIANNE FEINSTEIN,senate,Democrat,CA,,False,2015-02-23,2015-07-15,,"Kite Pharma, Inc (stock) NASDAQ",Stock,Sale,"$500,001 - $1,000,000",750000.5,False,Spouse,B82D4538-ADAB-44BD-8E1E-2C25657A1AE4,https://efdsearch.senate.gov/search/view/paper/B82D4538-ADAB-44BD-8E1E-2C25657A1AE4/,34027ea8b17e501e0f69d5b2f46aa32696a93c5a0b7c93a7b5b10f83ffdaef40,senate-efd-ocr,explicit,0
F000062,DIANNE FEINSTEIN,senate,Democrat,CA,,False,2015-02-24,2015-07-15,,"Kite Pharma, Inc (stock) NASDAQ",Stock,Sale,"$1,000,001 - $5,000,000",3000000.5,False,Spouse,B82D4538-ADAB-44BD-8E1E-2C25657A1AE4,https://efdsearch.senate.gov/search/view/paper/B82D4538-ADAB-44BD-8E1E-2C25657A1AE4/,b37527e51c8c53d101d1a9db685549e855da3bcb1b2bb7fa1c6863c89a33622b,senate-efd-ocr,explicit,0
F000062,DIANNE FEINSTEIN,senate,Democrat,CA,,False,2015-02-01,2015-07-15,,"Kite Pharma, Inc (stock) NASDAQ",Stock,Sale,"$100,001 - $250,000",175000.5,False,Spouse,E933D449-D4A4-4307-B949-29E948DC5BD5,https://efdsearch.senate.gov/search/view/paper/E933D449-D4A4-4307-B949-29E948DC5BD5/,ea21ae36eae20702a1c63af157210e39052eb8cee4fbfde790cb16beec4a1d12,senate-efd-ocr,explicit,0
F000062,DIANNE FEINSTEIN,senate,Democrat,CA,,False,2015-02-09,2015-07-15,,"Kite Pharma, Inc (stock) NASDAQ",Stock,Sale,"$1,000,001 - $5,000,000",3000000.5,False,Spouse,E933D449-D4A4-4307-B949-29E948DC5BD5,https://efdsearch.senate.gov/search/view/paper/E933D449-D4A4-4307-B949-29E948DC5BD5/,f2a7beaeb39df37cbe50e6cd475dbd14546b713a4a92d235cb0c3f555329ed33,senate-efd-ocr,explicit,0
F000062,DIANNE FEINSTEIN,senate,Democrat,CA,,False,2015-02-10,2015-07-15,,"Kite Pharma, Inc (stock) NASDAQ",Stock,Sale,"$500,001 - $1,000,000",750000.5,False,Spouse,E933D449-D4A4-4307-B949-29E948DC5BD5,https://efdsearch.senate.gov/search/view/paper/E933D449-D4A4-4307-B949-29E948DC5BD5/,77fcaab10125dc0086cb435cf609145d89798ba6006f420cef541db8827eb969,senate-efd-ocr,explicit,0
F000062,DIANNE FEINSTEIN,senate,Democrat,CA,,False,2015-02-27,2015-07-15,,"Kite Pharma, Inc (stock) NASDAQ",Stock,Sale,"$500,001 - $1,000,000",750000.5,False,Spouse,E933D449-D4A4-4307-B949-29E948DC5BD5,https://efdsearch.senate.gov/search/view/paper/E933D449-D4A4-4307-B949-29E948DC5BD5/,fc6f56201c942a878ad44cc752802506710a2e4d7be4d6ed4d699f7e7326c03a,senate-efd-ocr,explicit,0
W000805,MARK R WARNER,senate,Democrat,VA,"SSBK04; SSBK08; SSBK13; SSFI10; SSFI11; SSFI13; Senate Committee on Banking, Housing, and Urban Affairs; Senate Committee on Finance; Senate Committee on Rules and Administration; Senate Committee on the Budget; Senate Select Committee on Intelligence",True,2015-06-02,2015-07-13,,Curoverse,,Purchase,"$15,001 - $50,000",32500.5,False,Self,E3EDB295-14C0-4FD6-AC92-CBE53E5BFD4B,https://efdsearch.senate.gov/search/view/paper/E3EDB295-14C0-4FD6-AC92-CBE53E5BFD4B/,519efd03eaeea2c6d61791de1c0be522d84e8a59955a36ba9a5a6db233154c28,senate-efd-ocr,explicit,0
W000805,MARK R WARNER,senate,Democrat,VA,"SSBK04; SSBK08; SSBK13; SSFI10; SSFI11; SSFI13; Senate Committee on Banking, Housing, and Urban Affairs; Senate Committee on Finance; Senate Committee on Rules and Administration; Senate Committee on the Budget; Senate Select Committee on Intelligence",True,2015-06-02,2015-07-13,,Evergage,,Purchase,"$1,001 - $15,000",8000.5,False,Self,E3EDB295-14C0-4FD6-AC92-CBE53E5BFD4B,https://efdsearch.senate.gov/search/view/paper/E3EDB295-14C0-4FD6-AC92-CBE53E5BFD4B/,0651cc432ae0d5ca052e737af2592507a2488f61baae765acbf98ee42e39a66c,senate-efd-ocr,explicit,0
W000805,MARK R WARNER,senate,Democrat,VA,"SSBK04; SSBK08; SSBK13; SSFI10; SSFI11; SSFI13; Senate Committee on Banking, Housing, and Urban Affairs; Senate Committee on Finance; Senate Committee on Rules and Administration; Senate Committee on the Budget; Senate Select Committee on Intelligence",True,2015-06-02,2015-07-13,,Pixability,,Purchase,"$1,001 - $15,000",8000.5,False,Self,E3EDB295-14C0-4FD6-AC92-CBE53E5BFD4B,https://efdsearch.senate.gov/search/view/paper/E3EDB295-14C0-4FD6-AC92-CBE53E5BFD4B/,40362027a75cfcb672a18a98ebb7951fd8f90e7271844ba8a6614a49091692db,senate-efd-ocr,explicit,0
W000805,MARK R WARNER,senate,Democrat,VA,"SSBK04; SSBK08; SSBK13; SSFI10; SSFI11; SSFI13; Senate Committee on Banking, Housing, and Urban Affairs; Senate Committee on Finance; Senate Committee on Rules and Administration; Senate Committee on the Budget; Senate Select Committee on Intelligence",True,2015-06-02,2015-07-13,,Trumaker,,Purchase,"$1,001 - $15,000",8000.5,False,Self,E3EDB295-14C0-4FD6-AC92-CBE53E5BFD4B,https://efdsearch.senate.gov/search/view/paper/E3EDB295-14C0-4FD6-AC92-CBE53E5BFD4B/,19f1989f4ffaf8ea5e73e59e4e8c896cc0026dab501e98bbbb2528b6cd8155c5,senate-efd-ocr,explicit,0
W000805,MARK R WARNER,senate,Democrat,VA,"SSBK04; SSBK08; SSBK13; SSFI10; SSFI11; SSFI13; Senate Committee on Banking, Housing, and Urban Affairs; Senate Committee on Finance; Senate Committee on Rules and Administration; Senate Committee on the Budget; Senate Select Committee on Intelligence",True,2015-06-02,2015-07-13,,Vee24,,Purchase,"$1,001 - $15,000",8000.5,False,Self,E3EDB295-14C0-4FD6-AC92-CBE53E5BFD4B,https://efdsearch.senate.gov/search/view/paper/E3EDB295-14C0-4FD6-AC92-CBE53E5BFD4B/,a9adccef9b5e69199fe2f22bc18d8c7679c7287a82317f4bb9664ed4c5993a0b,senate-efd-ocr,explicit,0
W000805,MARK R WARNER,senate,Democrat,VA,"SSBK04; SSBK08; SSBK13; SSFI10; SSFI11; SSFI13; Senate Committee on Banking, Housing, and Urban Affairs; Senate Committee on Finance; Senate Committee on Rules and Administration; Senate Committee on the Budget; Senate Select Committee on Intelligence",True,2015-06-12,2015-07-13,,"Ascenty Investors, LLC",Other,Purchase,"$500,001 - $1,000,000",750000.5,False,Self,E3EDB295-14C0-4FD6-AC92-CBE53E5BFD4B,https://efdsearch.senate.gov/search/view/paper/E3EDB295-14C0-4FD6-AC92-CBE53E5BFD4B/,6a69de283af5a5363d03c6cdfee63740b634af080fa44ae965c819082cbae5fa,senate-efd-ocr,explicit,0
W000805,MARK R WARNER,senate,Democrat,VA,"SSBK04; SSBK08; SSBK13; SSFI10; SSFI11; SSFI13; Senate Committee on Banking, Housing, and Urban Affairs; Senate Committee on Finance; Senate Committee on Rules and Administration; Senate Committee on the Budget; Senate Select Committee on Intelligence",True,2015-06-29,2015-07-13,,"DubmeNow, Inc.",Stock,Purchase,"$500,001 - $1,000,000",750000.5,False,Self,E3EDB295-14C0-4FD6-AC92-CBE53E5BFD4B,https://efdsearch.senate.gov/search/view/paper/E3EDB295-14C0-4FD6-AC92-CBE53E5BFD4B/,c5a5c8461495024e97e4203b1f1c9943bbb3dd9102e665fca562b90deaa31c77,senate-efd-ocr,explicit,0
W000805,MARK R WARNER,senate,Democrat,VA,"SSBK04; SSBK08; SSBK13; SSFI10; SSFI11; SSFI13; Senate Committee on Banking, Housing, and Urban Affairs; Senate Committee on Finance; Senate Committee on Rules and Administration; Senate Committee on the Budget; Senate Select Committee on Intelligence",True,2015-05-14,2015-06-12,,"MedOptions, Inc.",Stock,Sale,"$50,001 - $100,000",75000.5,False,Joint,5EE1FCA0-CED0-435A-913F-C855893E1B0D,https://efdsearch.senate.gov/search/view/paper/5EE1FCA0-CED0-435A-913F-C855893E1B0D/,600399ff1d9dded839c8b2d80da842ac60e4f219d208c51e70be53f4238d61a2,senate-efd-ocr,explicit,0
W000805,MARK R WARNER,senate,Democrat,VA,"SSBK04; SSBK08; SSBK13; SSFI10; SSFI11; SSFI13; Senate Committee on Banking, Housing, and Urban Affairs; Senate Committee on Finance; Senate Committee on Rules and Administration; Senate Committee on the Budget; Senate Select Committee on Intelligence",True,2015-05-21,2015-06-12,,Alexandria RC Investors LLC,Other,Purchase,"$100,001 - $250,000",175000.5,False,Joint,5EE1FCA0-CED0-435A-913F-C855893E1B0D,https://efdsearch.senate.gov/search/view/paper/5EE1FCA0-CED0-435A-913F-C855893E1B0D/,1536f842bfda7663f2d3d1e34ac0c74585da35d7fc70cd6e5441da54e1014eca,senate-efd-ocr,explicit,0
B001135,RICHARD M BURR,senate,Republican,NC,,False,2015-02-01,2015-06-09,EBAY,"EBAY, INC (stock) NASDAQ",Stock,Purchase,"$15,001 - $50,000",32500.5,False,Self,6E0A407B-E64E-4264-8F05-D23BDA26F873,https://efdsearch.senate.gov/search/view/paper/6E0A407B-E64E-4264-8F05-D23BDA26F873/,6b54ad9972b72c6e41f6b94932157a756aa284392d552a801a1061c87a4740ff,senate-efd-ocr,explicit,0
B001135,RICHARD M BURR,senate,Republican,NC,,False,2015-02-27,2015-06-09,EBAY,"EBAY, INC (stock) NASDAQ",Stock,Sale,"$100,001 - $250,000",175000.5,False,Self,6E0A407B-E64E-4264-8F05-D23BDA26F873,https://efdsearch.senate.gov/search/view/paper/6E0A407B-E64E-4264-8F05-D23BDA26F873/,c8988015796cbd652043b54635333618dcf46117be2a895ae1856d0cf1f5f0e5,senate-efd-ocr,explicit,0
B001135,RICHARD M BURR,senate,Republican,NC,,False,2015-06-08,2015-06-09,EBAY,"EBAY, INC (stock) NASDAQ",Stock,Sale,"$500,001 - $1,000,000",750000.5,False,Self,6E0A407B-E64E-4264-8F05-D23BDA26F873,https://efdsearch.senate.gov/search/view/paper/6E0A407B-E64E-4264-8F05-D23BDA26F873/,271aea23666d113b1abe2aef50ec958c4589b1d73849db3758dab5a9733ee630,senate-efd-ocr,explicit,0
B001135,RICHARD M BURR,senate,Republican,NC,,False,2015-06-08,2015-06-09,EBAY,"EBAY, INC (stock) NASDAQ",Stock,Sale,"$500,001 - $1,000,000",750000.5,False,Spouse,6E0A407B-E64E-4264-8F05-D23BDA26F873,https://efdsearch.senate.gov/search/view/paper/6E0A407B-E64E-4264-8F05-D23BDA26F873/,f162d24223fd114f5b64ff4ef22d9dd3b185495073a0094856e0f85530c8b0a8,senate-efd-ocr,explicit,0
B001135,RICHARD M BURR,senate,Republican,NC,,False,2015-06-02,2015-06-04,,"Sensata Technologies, N.V. (stock)",Stock,Purchase,"$15,001 - $50,000",32500.5,False,Self,B371D33C-C877-44D0-B611-9B06312CEB25,https://efdsearch.senate.gov/search/view/paper/B371D33C-C877-44D0-B611-9B06312CEB25/,6bca4f7aa12d636ff56fc17f9953caad9870c49ab464d3b537bb5c63d72ae2ce,senate-efd-ocr,explicit,0
B001135,RICHARD M BURR,senate,Republican,NC,,False,2015-06-02,2015-06-04,,"Sensata Technologies, N.V. (stock)",Stock,Sale,"$15,001 - $50,000",32500.5,False,Self,B371D33C-C877-44D0-B611-9B06312CEB25,https://efdsearch.senate.gov/search/view/paper/B371D33C-C877-44D0-B611-9B06312CEB25/,d3f7af2e807a59e58d7d54f73a948d76f4aedc19ff57c8b8c8707c8e7954c1a6,senate-efd-ocr,explicit,0
I000024,JAMES M INHOFE,senate,Republican,OK,,False,2012-02-27,2015-06-01,,EATON CORP (STOCK),Stock,Sale,"$100,001 - $250,000",175000.5,False,Self,A3B18805-1140-435B-94D8-35273BFCB52A,https://efdsearch.senate.gov/search/view/paper/A3B18805-1140-435B-94D8-35273BFCB52A/,daf5ee02b5ebdf934511420a4b45b71d52d58f2621689f4c6e7eb56dae10ebc0,senate-efd-ocr,explicit,0
I000024,JAMES M INHOFE,senate,Republican,OK,,False,2012-10-01,2015-06-01,,E M C CORP MASS (STOCK),Stock,Purchase,"$500,001 - $1,000,000",750000.5,False,Self,A3B18805-1140-435B-94D8-35273BFCB52A,https://efdsearch.senate.gov/search/view/paper/A3B18805-1140-435B-94D8-35273BFCB52A/,f52e83aee5c17d38192e159c14496da486854f047a959a46125e31a27b6f8fd4,senate-efd-ocr,explicit,0
I000024,JAMES M INHOFE,senate,Republican,OK,,False,2012-10-01,2015-06-01,,E M C CORP MASS (STOCK),Stock,Purchase,"$500,001 - $1,000,000",750000.5,False,Self,A3B18805-1140-435B-94D8-35273BFCB52A,https://efdsearch.senate.gov/search/view/paper/A3B18805-1140-435B-94D8-35273BFCB52A/,f52e83aee5c17d38192e159c14496da486854f047a959a46125e31a27b6f8fd4,senate-efd-ocr,explicit,1
I000024,JAMES M INHOFE,senate,Republican,OK,,False,2012-10-01,2015-06-01,,BAXTER INT'L INC (STOCK),Stock,Purchase,"$15,001 - $50,000",32500.5,False,Self,A3B18805-1140-435B-94D8-35273BFCB52A,https://efdsearch.senate.gov/search/view/paper/A3B18805-1140-435B-94D8-35273BFCB52A/,59f7662a51fa48f4f629874a6d42306d2167731b4b816672624707416448e180,senate-efd-ocr,explicit,0
I000024,JAMES M INHOFE,senate,Republican,OK,,False,2012-10-01,2015-06-01,,CHESAPEAKE ENERGY CORP (STOCK),Stock,Purchase,"$15,001 - $50,000",32500.5,False,Self,A3B18805-1140-435B-94D8-35273BFCB52A,https://efdsearch.senate.gov/search/view/paper/A3B18805-1140-435B-94D8-35273BFCB52A/,0966b60e35e72945083f5c2cb7c270a1d87ffa439853c287b1f10e8e274b6d79,senate-efd-ocr,explicit,0
I000024,JAMES M INHOFE,senate,Republican,OK,,False,2012-10-01,2015-06-01,,TE CONNECTIVITY LTD (STOCK),Stock,Purchase,"$15,001 - $50,000",32500.5,False,Self,A3B18805-1140-435B-94D8-35273BFCB52A,https://efdsearch.senate.gov/search/view/paper/A3B18805-1140-435B-94D8-35273BFCB52A/,82f38e5b7e11dabf4772a0c8712d2e995995e9dfed9ca58727e89ca6b0cef6af,senate-efd-ocr,explicit,0
I000024,JAMES M INHOFE,senate,Republican,OK,,False,2012-10-01,2015-06-01,,BOG RESOURCES INC (STOCK),Stock,Purchase,"$15,001 - $50,000",32500.5,False,Self,A3B18805-1140-435B-94D8-35273BFCB52A,https://efdsearch.senate.gov/search/view/paper/A3B18805-1140-435B-94D8-35273BFCB52A/,040b5ccbb969c798bef188733bf0cad1134f1ba58d7f28ce3e60c2f44442f680,senate-efd-ocr,explicit,0
I000024,JAMES M INHOFE,senate,Republican,OK,,False,2012-10-09,2015-06-01,,TRANSOCEAN LTD (STOCK),Stock,Purchase,"$15,001 - $50,000",32500.5,False,Self,A3B18805-1140-435B-94D8-35273BFCB52A,https://efdsearch.senate.gov/search/view/paper/A3B18805-1140-435B-94D8-35273BFCB52A/,0801156a853b1f9b37d86ea9769df77a64fcfae3dcfcea293b0d18b4be8fe025,senate-efd-ocr,explicit,0
I000024,JAMES M INHOFE,senate,Republican,OK,,False,2012-10-19,2015-06-01,,VALEANT PHARMACEUTICALS (STOCK),Stock,Purchase,"$15,001 - $50,000",32500.5,False,Self,A3B18805-1140-435B-94D8-35273BFCB52A,https://efdsearch.senate.gov/search/view/paper/A3B18805-1140-435B-94D8-35273BFCB52A/,ebcd51e8185c3b2b5e6f8d01b1085e7ab4da9b6aebed66310c1602f069f168cb,senate-efd-ocr,explicit,0
I000024,JAMES M INHOFE,senate,Republican,OK,,False,2012-11-12,2015-06-01,,OCCIDENTAL PETE CORP (STOCK),Stock,Purchase,"$15,001 - $50,000",32500.5,False,Self,A3B18805-1140-435B-94D8-35273BFCB52A,https://efdsearch.senate.gov/search/view/paper/A3B18805-1140-435B-94D8-35273BFCB52A/,48908dcdd442bc5eea81309e64bedaffef40e600be061c611615754cd2402693,senate-efd-ocr,explicit,0
I000024,JAMES M INHOFE,senate,Republican,OK,,False,2012-11-27,2015-06-01,,COVIDIEN PLC (STOCK),Stock,Purchase,"$15,001 - $50,000",32500.5,False,Self,A3B18805-1140-435B-94D8-35273BFCB52A,https://efdsearch.senate.gov/search/view/paper/A3B18805-1140-435B-94D8-35273BFCB52A/,b710aee8e8467105b62a1d8d6b19e512d7493cfa4476a257feaf45ad5035d8fa,senate-efd-ocr,explicit,0
I000024,JAMES M INHOFE,senate,Republican,OK,,False,2012-12-03,2015-06-01,,EATON CORP PLC (STOCK),Stock,Purchase,"$15,001 - $50,000",32500.5,False,Self,A3B18805-1140-435B-94D8-35273BFCB52A,https://efdsearch.senate.gov/search/view/paper/A3B18805-1140-435B-94D8-35273BFCB52A/,ea4e769f7be721a8eea5425ee1138b8de161bc7bdd793e96a1297d634644905b,senate-efd-ocr,explicit,0
I000024,JAMES M INHOFE,senate,Republican,OK,,False,2012-12-13,2015-06-01,,E M C CORP MASS (STOCK),Stock,Purchase,"$1,001 - $15,000",8000.5,False,Self,A3B18805-1140-435B-94D8-35273BFCB52A,https://efdsearch.senate.gov/search/view/paper/A3B18805-1140-435B-94D8-35273BFCB52A/,d996b954867c78b67843aa63064f45062fe84c2d33cdd55092d61e54f7f41bcf,senate-efd-ocr,explicit,0
I000024,JAMES M INHOFE,senate,Republican,OK,,False,2012-12-13,2015-06-01,,ABB LTD ADR (STOCK),Stock,Purchase,"$1,001 - $15,000",8000.5,False,Self,A3B18805-1140-435B-94D8-35273BFCB52A,https://efdsearch.senate.gov/search/view/paper/A3B18805-1140-435B-94D8-35273BFCB52A/,4901a0fdf2c34eccb6a29ba52bbc86ef9e41e34df5025c855194220385295c46,senate-efd-ocr,explicit,0
I000024,JAMES M INHOFE,senate,Republican,OK,,False,2012-12-13,2015-06-01,,QUALCOMM INC (STOCK),Stock,Purchase,"$15,001 - $50,000",32500.5,False,Self,A3B18805-1140-435B-94D8-35273BFCB52A,https://efdsearch.senate.gov/search/view/paper/A3B18805-1140-435B-94D8-35273BFCB52A/,25dd28499de4779e6a17a521be8e1c8208da34e5404bac1b6a6ca38dbc741329,senate-efd-ocr,explicit,0
I000024,JAMES M INHOFE,senate,Republican,OK,,False,2012-12-17,2015-06-01,,E M C CORP MASS (STOCK),Stock,Purchase,"$15,001 - $50,000",32500.5,False,Self,A3B18805-1140-435B-94D8-35273BFCB52A,https://efdsearch.senate.gov/search/view/paper/A3B18805-1140-435B-94D8-35273BFCB52A/,6077a316a916aa7de5b94996914ac903ae48ffcea0aa42f43131d558592dfd4a,senate-efd-ocr,explicit,0
I000024,JAMES M INHOFE,senate,Republican,OK,,False,2012-10-01,2015-06-01,,ABBOTT LABORATORIES (STOCK),Stock,Sale,"$15,001 - $50,000",32500.5,False,Self,A3B18805-1140-435B-94D8-35273BFCB52A,https://efdsearch.senate.gov/search/view/paper/A3B18805-1140-435B-94D8-35273BFCB52A/,1ba3ace6767351e762a1fd6f8dd996e342aa8fae624d66461748fdb0564fdbb1,senate-efd-ocr,explicit,0
I000024,JAMES M INHOFE,senate,Republican,OK,,False,2012-10-01,2015-06-01,,JOHNSON CONTROLS INC (STOCK),Stock,Sale,"$15,001 - $50,000",32500.5,False,Self,A3B18805-1140-435B-94D8-35273BFCB52A,https://efdsearch.senate.gov/search/view/paper/A3B18805-1140-435B-94D8-35273BFCB52A/,d65b9abd924b49a0daaae33503170993d9acdb2080f76cef981aadee5ef6889f,senate-efd-ocr,explicit,0
I000024,JAMES M INHOFE,senate,Republican,OK,,False,2012-10-01,2015-06-01,,PROCTER & GAMBLE (STOCK),Stock,Sale,"$15,001 - $50,000",32500.5,False,Self,A3B18805-1140-435B-94D8-35273BFCB52A,https://efdsearch.senate.gov/search/view/paper/A3B18805-1140-435B-94D8-35273BFCB52A/,76779a2954afed01b2dd89d1c311b1771c4b4bea32d143b8d25715e0fae5e502,senate-efd-ocr,explicit,0
I000024,JAMES M INHOFE,senate,Republican,OK,,False,2012-10-01,2015-06-01,,FORD MOTOR COMPANY NEW (STOCK),Stock,Sale,"$15,001 - $50,000",32500.5,False,Self,A3B18805-1140-435B-94D8-35273BFCB52A,https://efdsearch.senate.gov/search/view/paper/A3B18805-1140-435B-94D8-35273BFCB52A/,9d010cf72262d0bc05f3d32a777bb82dcb3ec0b2a38bbd13325db8d18f82b799,senate-efd-ocr,explicit,0
I000024,JAMES M INHOFE,senate,Republican,OK,,False,2012-10-01,2015-06-01,,VISA INC CL A (STOCK),Stock,Sale,"$15,001 - $50,000",32500.5,False,Self,A3B18805-1140-435B-94D8-35273BFCB52A,https://efdsearch.senate.gov/search/view/paper/A3B18805-1140-435B-94D8-35273BFCB52A/,efd262eecf62434908d600d322636797f3dc76ddefe5c2af0245f9ccd69b072c,senate-efd-ocr,explicit,0
I000024,JAMES M INHOFE,senate,Republican,OK,,False,2012-10-01,2015-06-01,,WEYERHAEUSER CO (STOCK),Stock,Sale,"$50,001 - $100,000",75000.5,False,Self,A3B18805-1140-435B-94D8-35273BFCB52A,https://efdsearch.senate.gov/search/view/paper/A3B18805-1140-435B-94D8-35273BFCB52A/,77b7bedb222cdf0ddb929c50a74f9fbd754a8c191cde10f553ed047e15b132ec,senate-efd-ocr,explicit,0
I000024,JAMES M INHOFE,senate,Republican,OK,,False,2012-10-01,2015-06-01,,ABBOTT LABORATORIES (STOCK),Stock,Sale,"$15,001 - $50,000",32500.5,False,Self,A3B18805-1140-435B-94D8-35273BFCB52A,https://efdsearch.senate.gov/search/view/paper/A3B18805-1140-435B-94D8-35273BFCB52A/,1ba3ace6767351e762a1fd6f8dd996e342aa8fae624d66461748fdb0564fdbb1,senate-efd-ocr,explicit,1
I000024,JAMES M INHOFE,senate,Republican,OK,,False,2012-11-27,2015-06-01,,STAPLES INC (STOCK),Stock,Sale,"$15,001 - $50,000",32500.5,False,Self,A3B18805-1140-435B-94D8-35273BFCB52A,https://efdsearch.senate.gov/search/view/paper/A3B18805-1140-435B-94D8-35273BFCB52A/,82371ac3dd5ea7db4fdcebbb2eadbe4e025c5e6cf820a2e4f9a00ba50108579c,senate-efd-ocr,explicit,0
I000024,JAMES M INHOFE,senate,Republican,OK,,False,2012-11-29,2015-06-01,,ANALOG DEVICES INC (STOCK),Stock,Sale,"$15,001 - $50,000",32500.5,False,Self,A3B18805-1140-435B-94D8-35273BFCB52A,https://efdsearch.senate.gov/search/view/paper/A3B18805-1140-435B-94D8-35273BFCB52A/,23f4ea8c3325151dafec771ee9da7a25469fcf6dbc37b21bc8a9a22cafadd9bb,senate-efd-ocr,explicit,0
I000024,JAMES M INHOFE,senate,Republican,OK,,False,2012-11-12,2015-06-01,,INTEL CORP (STOCK),Stock,Sale,"$15,001 - $50,000",32500.5,False,Self,A3B18805-1140-435B-94D8-35273BFCB52A,https://efdsearch.senate.gov/search/view/paper/A3B18805-1140-435B-94D8-35273BFCB52A/,c7a83980c5d65e07fde6718e4fb35e580768492526c31d55ca75a613f7936266,senate-efd-ocr,explicit,0
I000024,JAMES M INHOFE,senate,Republican,OK,,False,2012-12-07,2015-06-01,,NOKIA CORP SPON ADR (STOCK),Stock,Sale,"$15,001 - $50,000",32500.5,False,Self,A3B18805-1140-435B-94D8-35273BFCB52A,https://efdsearch.senate.gov/search/view/paper/A3B18805-1140-435B-94D8-35273BFCB52A/,cbfb85675dfaf8fa7be5a877402173f3c55734124f32165a47369c5a9b17ea5d,senate-efd-ocr,explicit,0
I000024,JAMES M INHOFE,senate,Republican,OK,,False,2012-12-13,2015-06-01,,VISA INC CL A (STOCK),Stock,Sale,"$15,001 - $50,000",32500.5,False,Self,A3B18805-1140-435B-94D8-35273BFCB52A,https://efdsearch.senate.gov/search/view/paper/A3B18805-1140-435B-94D8-35273BFCB52A/,4f1fa0ee2e5a3baa4c5605116ff7af9c2a7d9f31df53c2e850261ad312449d3d,senate-efd-ocr,explicit,0
I000024,JAMES M INHOFE,senate,Republican,OK,,False,2012-12-13,2015-06-01,,VISA INC CL A (STOCK),Stock,Sale,"$1,001 - $15,000",8000.5,False,Self,A3B18805-1140-435B-94D8-35273BFCB52A,https://efdsearch.senate.gov/search/view/paper/A3B18805-1140-435B-94D8-35273BFCB52A/,e8329ad2ad9803116c77ebc957a53f09fd375c7f6351302b96a9f0ea6c93f1ef,senate-efd-ocr,explicit,0
I000024,JAMES M INHOFE,senate,Republican,OK,,False,2012-12-21,2015-06-01,,SUNCOR ENERGY INC NEW (STOCK),Stock,Sale,"$15,001 - $50,000",32500.5,False,Self,A3B18805-1140-435B-94D8-35273BFCB52A,https://efdsearch.senate.gov/search/view/paper/A3B18805-1140-435B-94D8-35273BFCB52A/,5f2c30d59bf20989a50740cd61b6a5de6a9bf5f2daf3437f3d43e762a120fc10,senate-efd-ocr,explicit,0
I000024,JAMES M INHOFE,senate,Republican,OK,,False,2013-01-08,2015-06-01,,YUM BRANDS INC (STOCK),Stock,Purchase,"$15,001 - $50,000",32500.5,False,Self,A3B18805-1140-435B-94D8-35273BFCB52A,https://efdsearch.senate.gov/search/view/paper/A3B18805-1140-435B-94D8-35273BFCB52A/,8fda60bff906d4c1c6e531012a167fe603cc5c2c059f9816c5545d39d8d44be5,senate-efd-ocr,explicit,0
I000024,JAMES M INHOFE,senate,Republican,OK,,False,2013-01-16,2015-06-01,,BROOKFIELD ASSET MGMT INC (STOCK),Stock,Purchase,"$15,001 - $50,000",32500.5,False,Self,A3B18805-1140-435B-94D8-35273BFCB52A,https://efdsearch.senate.gov/search/view/paper/A3B18805-1140-435B-94D8-35273BFCB52A/,59075ddecb31312694198ea0cc4e6b2163b8e91436e518ff047c8314854ac7f0,senate-efd-ocr,explicit,0
I000024,JAMES M INHOFE,senate,Republican,OK,,False,2013-02-01,2015-06-01,,EXPRESS SCRIPTS HOLDING CORP NEW (STOCK),Stock,Purchase,"$15,001 - $50,000",32500.5,False,Self,A3B18805-1140-435B-94D8-35273BFCB52A,https://efdsearch.senate.gov/search/view/paper/A3B18805-1140-435B-94D8-35273BFCB52A/,03f1bf22f56a00250a019ea77ef78748047d9dcc54e8f84603771a0012a341ca,senate-efd-ocr,explicit,0
I000024,JAMES M INHOFE,senate,Republican,OK,,False,2013-02-21,2015-06-01,,COSTCO WHSL CORP NEW (STOCK),Stock,Purchase,"$15,001 - $50,000",32500.5,False,Self,A3B18805-1140-435B-94D8-35273BFCB52A,https://efdsearch.senate.gov/search/view/paper/A3B18805-1140-435B-94D8-35273BFCB52A/,72484d0942072689d092f42575fc772e64f64f4dd073a446170ba37955e79263,senate-efd-ocr,explicit,0
I000024,JAMES M INHOFE,senate,Republican,OK,,False,2013-02-21,2015-06-01,,CAPITAL ONE (STOCK),Stock,Purchase,"$15,001 - $50,000",32500.5,False,Self,A3B18805-1140-435B-94D8-35273BFCB52A,https://efdsearch.senate.gov/search/view/paper/A3B18805-1140-435B-94D8-35273BFCB52A/,1b1da4a6940d2f3c2a4ccdb5747d5485c7c700b4b2e1645327028f95383fb1fa,senate-efd-ocr,explicit,0
I000024,JAMES M INHOFE,senate,Republican,OK,,False,2015-03-27,2015-06-01,,CISCO SYS INC (STOCK),Stock,Purchase,"$15,001 - $50,000",32500.5,False,Self,A3B18805-1140-435B-94D8-35273BFCB52A,https://efdsearch.senate.gov/search/view/paper/A3B18805-1140-435B-94D8-35273BFCB52A/,f8355e617e01ad8010b3e87e94d8665186a5649acae800ab47819998b9fb60b7,senate-efd-ocr,explicit,0
I000024,JAMES M INHOFE,senate,Republican,OK,,False,2015-04-10,2015-06-01,,FACEBOOK (STOCK),Stock,Purchase,"$15,001 - $50,000",32500.5,False,Self,A3B18805-1140-435B-94D8-35273BFCB52A,https://efdsearch.senate.gov/search/view/paper/A3B18805-1140-435B-94D8-35273BFCB52A/,03a95bc5f49291242d4855376bd985694a2a5209890ebad5407f17796f5cae3a,senate-efd-ocr,explicit,0
I000024,JAMES M INHOFE,senate,Republican,OK,,False,2015-04-10,2015-06-01,,APOLLO GROUP (STOCK),Stock,Purchase,"$50,001 - $100,000",75000.5,False,Self,A3B18805-1140-435B-94D8-35273BFCB52A,https://efdsearch.senate.gov/search/view/paper/A3B18805-1140-435B-94D8-35273BFCB52A/,e593558c40f6c5f11453bbf7deadfc0a4972bf407c1fac5042e6671e37733750,senate-efd-ocr,explicit,0
I000024,JAMES M INHOFE,senate,Republican,OK,,False,2015-04-15,2015-06-01,,BROOKFIELD PROPERTY (STOCK),Stock,Purchase,"$15,001 - $50,000",32500.5,False,Self,A3B18805-1140-435B-94D8-35273BFCB52A,https://efdsearch.senate.gov/search/view/paper/A3B18805-1140-435B-94D8-35273BFCB52A/,4d288be7e88cab7426d6696012477bedeece7cbc502681633d17d4fdbac028f6,senate-efd-ocr,explicit,0
I000024,JAMES M INHOFE,senate,Republican,OK,,False,2015-04-16,2015-06-01,,NATIONAL OILWELL VARCO (STOCK),Stock,Purchase,"$15,001 - $50,000",32500.5,False,Self,A3B18805-1140-435B-94D8-35273BFCB52A,https://efdsearch.senate.gov/search/view/paper/A3B18805-1140-435B-94D8-35273BFCB52A/,6f1f9eac74d5be9c3bceb6e69a6006d16a1ff7aacd7bdfdc9d212d0a7295074a,senate-efd-ocr,explicit,0
I000024,JAMES M INHOFE,senate,Republican,OK,,False,2015-05-29,2015-06-01,,CSX CORP (STOCK),Stock,Purchase,"$15,001 - $50,000",32500.5,False,Self,A3B18805-1140-435B-94D8-35273BFCB52A,https://efdsearch.senate.gov/search/view/paper/A3B18805-1140-435B-94D8-35273BFCB52A/,91f4b5312ce0df78182670fac7ea06bd251927c34eadc4385848a347afb97d24,senate-efd-ocr,explicit,0
I000024,JAMES M INHOFE,senate,Republican,OK,,False,2013-06-20,2015-06-01,,AMGEN INC (STOCK),Stock,Purchase,"$15,001 - $50,000",32500.5,False,Self,A3B18805-1140-435B-94D8-35273BFCB52A,https://efdsearch.senate.gov/search/view/paper/A3B18805-1140-435B-94D8-35273BFCB52A/,b20de1737aae6dca1cbcd873d7107ef0407dfa85ae03d0a7538586ffe643cebf,senate-efd-ocr,explicit,0
I000024,JAMES M INHOFE,senate,Republican,OK,,False,2013-07-01,2015-06-01,,MALLINCKRODT PLC (SPIN-OFF) (STOCK),Stock,Purchase,"$1,001 - $15,000",8000.5,False,Self,A3B18805-1140-435B-94D8-35273BFCB52A,https://efdsearch.senate.gov/search/view/paper/A3B18805-1140-435B-94D8-35273BFCB52A/,df0237752f82444a8dffb5153553d51a87f768f3c4d62eae562c0b5da0cd8fdb,senate-efd-ocr,explicit,0
I000024,JAMES M INHOFE,senate,Republican,OK,,False,2013-07-23,2015-06-01,,POTASH CORP (STOCK),Stock,Purchase,"$50,001 - $100,000",75000.5,False,Self,A3B18805-1140-435B-94D8-35273BFCB52A,https://efdsearch.senate.gov/search/view/paper/A3B18805-1140-435B-94D8-35273BFCB52A/,2af2fc9ca59fc1da24abfacdf06477a1dbfa5eeef6ad3843d78ceb83c7358bf6,senate-efd-ocr,explicit,0
I000024,JAMES M INHOFE,senate,Republican,OK,,False,2013-08-28,2015-06-01,,ABBOTT LABS (STOCK),Stock,Purchase,"$15,001 - $50,000",32500.5,False,Self,A3B18805-1140-435B-94D8-35273BFCB52A,https://efdsearch.senate.gov/search/view/paper/A3B18805-1140-435B-94D8-35273BFCB52A/,0ef93256f95247119377f353343e20db50fb83626ea9967e00306b393cc92b41,senate-efd-ocr,explicit,0
I000024,JAMES M INHOFE,senate,Republican,OK,,False,2013-09-05,2015-06-01,,BROOKFIELD ASSFT MGMT (STOCK),Stock,Purchase,"$50,001 - $100,000",75000.5,False,Self,A3B18805-1140-435B-94D8-35273BFCB52A,https://efdsearch.senate.gov/search/view/paper/A3B18805-1140-435B-94D8-35273BFCB52A/,09665b584c9c22c4496aaa6d7a4217c2d1c123cb206939cfd432b3b5272f62e2,senate-efd-ocr,explicit,0
I000024,JAMES M INHOFE,senate,Republican,OK,,False,2013-12-10,2015-06-01,,MCDONALDS CORP; MCD (STOCK),Stock,Purchase,"$50,001 - $100,000",75000.5,False,Self,A3B18805-1140-435B-94D8-35273BFCB52A,https://efdsearch.senate.gov/search/view/paper/A3B18805-1140-435B-94D8-35273BFCB52A/,5ae14c4e178f1c5b26c8c8585428e851ef631f689171bc5306a1284e7dd7d9c1,senate-efd-ocr,explicit,0
I000024,JAMES M INHOFE,senate,Republican,OK,,False,2013-12-18,2015-06-01,,UNILEVER PLC ADR NEW F SPONSORED ADR; U (SI),Stock,Purchase,"$50,001 - $100,000",75000.5,False,Self,A3B18805-1140-435B-94D8-35273BFCB52A,https://efdsearch.senate.gov/search/view/paper/A3B18805-1140-435B-94D8-35273BFCB52A/,445a1c28527050e9a0b4963c415fcda2a160c2d2242b3d7b91460f0c5799c99b,senate-efd-ocr,explicit,0
I000024,JAMES M INHOFE,senate,Republican,OK,,False,2013-01-16,2015-06-01,,ABB LTD ADR (STOCK),Stock,Sale,"$15,001 - $50,000",32500.5,False,Self,A3B18805-1140-435B-94D8-35273BFCB52A,https://efdsearch.senate.gov/search/view/paper/A3B18805-1140-435B-94D8-35273BFCB52A/,28182d16c6d0c40cde9c964e3033e3695d8621d87954d85e98decb5f32a252f3,senate-efd-ocr,explicit,0
I000024,JAMES M INHOFE,senate,Republican,OK,,False,2013-01-30,2015-06-01,,CHESAPEAKE ENERGRY CORP (STOCK),Stock,Sale,"$15,001 - $50,000",32500.5,False,Self,A3B18805-1140-435B-94D8-35273BFCB52A,https://efdsearch.senate.gov/search/view/paper/A3B18805-1140-435B-94D8-35273BFCB52A/,33836fa0974b5d3f8ece738abc5cc0102a2e5f2dcdf1a73c54bb2dd13668c3af,senate-efd-ocr,explicit,0
I000024,JAMES M INHOFE,senate,Republican,OK,,False,2013-02-22,2015-06-01,,VODAFONE GROUP INC (STOCK),Stock,Sale,"$50,001 - $100,000",75000.5,False,Self,A3B18805-1140-435B-94D8-35273BFCB52A,https://efdsearch.senate.gov/search/view/paper/A3B18805-1140-435B-94D8-35273BFCB52A/,4fb9f87c955d88e74bcfccb2ddf7e4c4296388de744c22ee6053b34e79592889,senate-efd-ocr,explicit,0
I000024,JAMES M INHOFE,senate,Republican,OK,,False,2015-03-19,2015-06-01,,BHP BILLITON ADR (STOCK),Stock,Sale,"$15,001 - $50,000",32500.5,False,Self,A3B18805-1140-435B-94D8-35273BFCB52A,https://efdsearch.senate.gov/search/view/paper/A3B18805-1140-435B-94D8-35273BFCB52A/,e8c6a2b5d94d80b1789c1482acd4a59885840097adc2f69be0fcbab003911fed,senate-efd-ocr,explicit,0
I000024,JAMES M INHOFE,senate,Republican,OK,,False,2015-04-10,2015-06-01,,BROADCOM CORP (STOCK),Stock,Sale,"$15,001 - $50,000",32500.5,False,Self,A3B18805-1140-435B-94D8-35273BFCB52A,https://efdsearch.senate.gov/search/view/paper/A3B18805-1140-435B-94D8-35273BFCB52A/,fc7cf8ec6adc8c20a285e6c9940dcfe114d16cf74cff74f991103b31ea3b4270,senate-efd-ocr,explicit,0
I000024,JAMES M INHOFE,senate,Republican,OK,,False,2015-04-12,2015-06-01,,BLACKROCK (STOCK),Stock,Sale,"$15,001 - $50,000",32500.5,False,Self,A3B18805-1140-435B-94D8-35273BFCB52A,https://efdsearch.senate.gov/search/view/paper/A3B18805-1140-435B-94D8-35273BFCB52A/,d97cf36d502e249c1ff5e2679d097d1f912232da1b7217dc4f251029f08dee35,senate-efd-ocr,explicit,0
I000024,JAMES M INHOFE,senate,Republican,OK,,False,2015-04-16,2015-06-01,,BROOKFIELD PROP (STOCK),Stock,Sale,"$1,001 - $15,000",8000.5,False,Self,A3B18805-1140-435B-94D8-35273BFCB52A,https://efdsearch.senate.gov/search/view/paper/A3B18805-1140-435B-94D8-35273BFCB52A/,db15b261923be934ae79f39330f3f75f704a56c1285505a5c2b4c5415d71f559,senate-efd-ocr,explicit,0
I000024,JAMES M INHOFE,senate,Republican,OK,,False,2015-04-22,2015-06-01,,WELLS FARGO (STOCK),Stock,Sale,"$15,001 - $50,000",32500.5,False,Self,A3B18805-1140-435B-94D8-35273BFCB52A,https://efdsearch.senate.gov/search/view/paper/A3B18805-1140-435B-94D8-35273BFCB52A/,a8c8efba0332d5794a0d7c2e3bbfb69efc5d7c4bc8f36e2dc8d4a81e90cd7302,senate-efd-ocr,explicit,0
I000024,JAMES M INHOFE,senate,Republican,OK,,False,2015-04-23,2015-06-01,,BROOKFIELD PROP (STOCK),Stock,Sale,"$1,001 - $15,000",8000.5,False,Self,A3B18805-1140-435B-94D8-35273BFCB52A,https://efdsearch.senate.gov/search/view/paper/A3B18805-1140-435B-94D8-35273BFCB52A/,8792cef9e2c21c5f4d9b168cc5b7ae04274c497a8ad0998eb5581588f07172ff,senate-efd-ocr,explicit,0
I000024,JAMES M INHOFE,senate,Republican,OK,,False,2015-05-15,2015-06-01,,APPLIED MATERIALS INC (STOCK),Stock,Sale,"$15,001 - $50,000",32500.5,False,Self,A3B18805-1140-435B-94D8-35273BFCB52A,https://efdsearch.senate.gov/search/view/paper/A3B18805-1140-435B-94D8-35273BFCB52A/,e4ada4bc8a8c660bf1053101bb929673ab1a040f63a427309b47f564be4a77e7,senate-efd-ocr,explicit,0
I000024,JAMES M INHOFE,senate,Republican,OK,,False,2013-06-12,2015-06-01,,YUM BRANDS (STOCK),Stock,Sale,"$15,001 - $50,000",32500.5,False,Self,A3B18805-1140-435B-94D8-35273BFCB52A,https://efdsearch.senate.gov/search/view/paper/A3B18805-1140-435B-94D8-35273BFCB52A/,55172985def194b7232956fe57c5d9c7a39c5ac2212bf0b36e74832b48c409a4,senate-efd-ocr,explicit,0
I000024,JAMES M INHOFE,senate,Republican,OK,,False,2013-07-10,2015-06-01,,TRANSOCEAN LTD (STOCK),Stock,Sale,"$15,001 - $50,000",32500.5,False,Self,A3B18805-1140-435B-94D8-35273BFCB52A,https://efdsearch.senate.gov/search/view/paper/A3B18805-1140-435B-94D8-35273BFCB52A/,df02387785fc00d3b495155011df3e673ea39ccb9f3b831c90a2dd4881a212c8,senate-efd-ocr,explicit,0
I000024,JAMES M INHOFE,senate,Republican,OK,,False,2013-07-22,2015-06-01,,GENERAL ELECTRIC (STOCK),Stock,Sale,"$15,001 - $50,000",32500.5,False,Self,A3B18805-1140-435B-94D8-35273BFCB52A,https://efdsearch.senate.gov/search/view/paper/A3B18805-1140-435B-94D8-35273BFCB52A/,0466293d0511a00d1c42047e274a22ac4d61cd136ae12a45f87599e6a964086f,senate-efd-ocr,explicit,0
I000024,JAMES M INHOFE,senate,Republican,OK,,False,2013-09-05,2015-06-01,,TE CONNECTIVITY (STOCK),Stock,Sale,"$15,001 - $50,000",32500.5,False,Self,A3B18805-1140-435B-94D8-35273BFCB52A,https://efdsearch.senate.gov/search/view/paper/A3B18805-1140-435B-94D8-35273BFCB52A/,b98a0a58c3f2442079667121503248f11d2078e549365768cc3fe5170f67a0a5,senate-efd-ocr,explicit,0
I000024,JAMES M INHOFE,senate,Republican,OK,,False,2013-09-13,2015-06-01,,FACEBOOK (STOCK),Stock,Sale,"$15,001 - $50,000",32500.5,False,Self,A3B18805-1140-435B-94D8-35273BFCB52A,https://efdsearch.senate.gov/search/view/paper/A3B18805-1140-435B-94D8-35273BFCB52A/,5e796b35b3ee7ed2fe48af29a4a84f71fb3e0457b68ba723ab6865cfb8a712e9,senate-efd-ocr,explicit,0
I000024,JAMES M INHOFE,senate,Republican,OK,,False,2013-10-16,2015-06-01,,YUM BRAND INC; YUM (STOCK),Stock,Purchase,"$15,001 - $50,000",32500.5,False,Self,A3B18805-1140-435B-94D8-35273BFCB52A,https://efdsearch.senate.gov/search/view/paper/A3B18805-1140-435B-94D8-35273BFCB52A/,06d95565bd05f52d6f21e35f68abacb632843b0a34ffdb9d0c92b522946a84fa,senate-efd-ocr,explicit,0
I000024,JAMES M INHOFE,senate,Republican,OK,,False,2013-10-22,2015-06-01,,E O G RESOURCES INC; (STOCK),Stock,Sale,"$1,001 - $15,000",8000.5,False,Self,A3B18805-1140-435B-94D8-35273BFCB52A,https://efdsearch.senate.gov/search/view/paper/A3B18805-1140-435B-94D8-35273BFCB52A/,c383591088e5164b30d4197a1e7229124dcecefd27f155c42f67512ba3fe8a0a,senate-efd-ocr,explicit,0
I000024,JAMES M INHOFE,senate,Republican,OK,,False,2013-10-22,2015-06-01,,NATIONAL OILWELL VARCO; NOV (STOCK),Stock,Sale,"$15,001 - $50,000",32500.5,False,Self,A3B18805-1140-435B-94D8-35273BFCB52A,https://efdsearch.senate.gov/search/view/paper/A3B18805-1140-435B-94D8-35273BFCB52A/,028c12fc0836333775c95b83563f40689ceb8b6380a1ac5348879c3d0b6c3925,senate-efd-ocr,explicit,0
I000024,JAMES M INHOFE,senate,Republican,OK,,False,2013-11-26,2015-06-01,,BAXTER INTERNATIONAL INC BAX (STOCK),Stock,Sale,"$15,001 - $50,000",32500.5,False,Self,A3B18805-1140-435B-94D8-35273BFCB52A,https://efdsearch.senate.gov/search/view/paper/A3B18805-1140-435B-94D8-35273BFCB52A/,8315d5f4e66e688be25e6ecbd6e5c990023b0a7c7cecb4b933ece303952b3e26,senate-efd-ocr,explicit,0
I000024,JAMES M INHOFE,senate,Republican,OK,,False,2013-12-10,2015-06-01,,EMC CORP MASS; EMC SHORT TERM (STOCK),Stock,Sale,"$15,001 - $50,000",32500.5,False,Self,A3B18805-1140-435B-94D8-35273BFCB52A,https://efdsearch.senate.gov/search/view/paper/A3B18805-1140-435B-94D8-35273BFCB52A/,ac99d300b60721c75b58518d9bd8dece07dd9f08f1d2594779c75175427a5dc3,senate-efd-ocr,explicit,0
I000024,JAMES M INHOFE,senate,Republican,OK,,False,2013-12-10,2015-06-01,,EMC CORP MASS; EMC LONG TERM (STOCK),Stock,Sale,"$15,001 - $50,000",32500.5,False,Self,A3B18805-1140-435B-94D8-35273BFCB52A,https://efdsearch.senate.gov/search/view/paper/A3B18805-1140-435B-94D8-35273BFCB52A/,2abf3038353b51ab7a6217534a888092f1c3882784a9e01aac2e775bde4c8df2,senate-efd-ocr,explicit,0
I000024,JAMES M INHOFE,senate,Republican,OK,,False,2013-01-06,2015-06-01,,EMC CORP MASS; EMC LONG TERM (STOCK),Stock,Purchase,"$15,001 - $50,000",32500.5,False,Self,A3B18805-1140-435B-94D8-35273BFCB52A,https://efdsearch.senate.gov/search/view/paper/A3B18805-1140-435B-94D8-35273BFCB52A/,0991f37c663618341c278a3ebe13d5e42128159f73aba51ae710ca7b975afe86,senate-efd-ocr,explicit,0
I000024,JAMES M INHOFE,senate,Republican,OK,,False,2014-01-06,2015-06-01,,COCA COLA (STOCK),Stock,Purchase,"$15,001 - $50,000",32500.5,False,Self,A3B18805-1140-435B-94D8-35273BFCB52A,https://efdsearch.senate.gov/search/view/paper/A3B18805-1140-435B-94D8-35273BFCB52A/,b7fcddb916bf4d0841669e859f6a0b7aabd96a0612c11bab4c834f3b8b0fb6cd,senate-efd-ocr,explicit,0
I000024,JAMES M INHOFE,senate,Republican,OK,,False,2014-01-06,2015-06-01,,GENARAC HOLDINGS (STOCK),Other,Purchase,"$15,001 - $50,000",32500.5,False,Self,A3B18805-1140-435B-94D8-35273BFCB52A,https://efdsearch.senate.gov/search/view/paper/A3B18805-1140-435B-94D8-35273BFCB52A/,95344860638efe18dc0871f404413b9f30a79c069514da61f02f37b33919a00b,senate-efd-ocr,explicit,0
I000024,JAMES M INHOFE,senate,Republican,OK,,False,2014-02-04,2015-06-01,,COCA COLA (STOCK),Stock,Purchase,"$15,001 - $50,000",32500.5,False,Self,A3B18805-1140-435B-94D8-35273BFCB52A,https://efdsearch.senate.gov/search/view/paper/A3B18805-1140-435B-94D8-35273BFCB52A/,90d0069571754e40fc16b653f64a05689e4efa3debdd574cf251afa55cd32ef0,senate-efd-ocr,explicit,0
I000024,JAMES M INHOFE,senate,Republican,OK,,False,2014-02-04,2015-06-01,,UNILEVER PLC ADR (STOCK),Stock,Purchase,"$1,001 - $15,000",8000.5,False,Self,A3B18805-1140-435B-94D8-35273BFCB52A,https://efdsearch.senate.gov/search/view/paper/A3B18805-1140-435B-94D8-35273BFCB52A/,6a76399689be247225de33b9805277fb1f5bbad4bcabb7c3679480d88ea7aae9,senate-efd-ocr,explicit,0
I000024,JAMES M INHOFE,senate,Republican,OK,,False,2014-02-12,2015-06-01,,AT&T (STOCK),Stock,Purchase,"$15,001 - $50,000",32500.5,False,Self,A3B18805-1140-435B-94D8-35273BFCB52A,https://efdsearch.senate.gov/search/view/paper/A3B18805-1140-435B-94D8-35273BFCB52A/,28fd1d1dcf936973d3e8d1a894dfaf6516bf234a9c6825073ed004217687673b,senate-efd-ocr,explicit,0
I000024,JAMES M INHOFE,senate,Republican,OK,,False,2015-03-05,2015-06-01,,CALPINE CORP (STOCK),Stock,Purchase,"$50,001 - $100,000",75000.5,False,Self,A3B18805-1140-435B-94D8-35273BFCB52A,https://efdsearch.senate.gov/search/view/paper/A3B18805-1140-435B-94D8-35273BFCB52A/,f401fb0f7cee06fb5fb87b4ba5242c380d147e2408cddf24e280fa2a088acd64,senate-efd-ocr,explicit,0
I000024,JAMES M INHOFE,senate,Republican,OK,,False,2015-04-11,2015-06-01,,GILEAD SCIENCES INC (STOCK),Stock,Purchase,"$50,001 - $100,000",75000.5,False,Self,A3B18805-1140-435B-94D8-35273BFCB52A,https://efdsearch.senate.gov/search/view/paper/A3B18805-1140-435B-94D8-35273BFCB52A/,0ac980a1991b9396861cd612b49329d5098e04afcd42b9f3b8c39711afe9e341,senate-efd-ocr,explicit,0
I000024,JAMES M INHOFE,senate,Republican,OK,,False,2015-04-25,2015-06-01,,AMAZON COM (STOCK),Stock,Purchase,"$15,001 - $50,000",32500.5,False,Self,A3B18805-1140-435B-94D8-35273BFCB52A,https://efdsearch.senate.gov/search/view/paper/A3B18805-1140-435B-94D8-35273BFCB52A/,510f9961e2bc9d4bc2a8584af55b5a909c27b56bf81bac04aa5b32a0b144e471,senate-efd-ocr,explicit,0
I000024,JAMES M INHOFE,senate,Republican,OK,,False,2015-05-09,2015-06-01,,PRICELINE COM INC COM NEW (STOCK),Stock,Purchase,"$15,001 - $50,000",32500.5,False,Self,A3B18805-1140-435B-94D8-35273BFCB52A,https://efdsearch.senate.gov/search/view/paper/A3B18805-1140-435B-94D8-35273BFCB52A/,7d2a55893c5d255bd213236b5f1e28e578beea924cd5c99f81d076ad560ed23a,senate-efd-ocr,explicit,0
I000024,JAMES M INHOFE,senate,Republican,OK,,False,2014-07-30,2015-06-01,,WHOLEFOODS MKT INC (STOCK),Stock,Purchase,"$50,001 - $100,000",75000.5,False,Self,A3B18805-1140-435B-94D8-35273BFCB52A,https://efdsearch.senate.gov/search/view/paper/A3B18805-1140-435B-94D8-35273BFCB52A/,7ca8671d957a7d5bf65083ff42474c80355554b7a6eef8175b90dc8abe9ec02f,senate-efd-ocr,explicit,0
I000024,JAMES M INHOFE,senate,Republican,OK,,False,2014-09-19,2015-06-01,,ALIBABA GROUP HOLDINGS LTD (STOCK),Other,Purchase,"$50,001 - $100,000",75000.5,False,Self,A3B18805-1140-435B-94D8-35273BFCB52A,https://efdsearch.senate.gov/search/view/paper/A3B18805-1140-435B-94D8-35273BFCB52A/,d03866a6198b331706e4a902475ee13317eee8e4d4bae1c4cf32a918515b8cea,senate-efd-ocr,explicit,0
I000024,JAMES M INHOFE,senate,Republican,OK,,False,2014-10-08,2015-06-01,,LAB CP OF AMER HOLDING; NEW (STOCK),Stock,Purchase,"$15,001 - $50,000",32500.5,False,Self,A3B18805-1140-435B-94D8-35273BFCB52A,https://efdsearch.senate.gov/search/view/paper/A3B18805-1140-435B-94D8-35273BFCB52A/,f9ac3eed4d68b75ef24b2a1745754a49933aff75c7b07f64adbc83c1caa06d9f,senate-efd-ocr,explicit,0
I000024,JAMES M INHOFE,senate,Republican,OK,,False,2014-10-16,2015-06-01,,ALTERA CORPORATION (ST),Stock,Purchase,"$50,001 - $100,000",75000.5,False,Self,A3B18805-1140-435B-94D8-35273BFCB52A,https://efdsearch.senate.gov/search/view/paper/A3B18805-1140-435B-94D8-35273BFCB52A/,34d7951ee20d98146434f7d4a1695fc3697d1c5cc1524b8ea556f68ab7a7dfcb,senate-efd-ocr,explicit,0
I000024,JAMES M INHOFE,senate,Republican,OK,,False,2014-10-22,2015-06-01,,ALTERA CORPORATION (ST),Stock,Purchase,"$1,001 - $15,000",8000.5,False,Self,A3B18805-1140-435B-94D8-35273BFCB52A,https://efdsearch.senate.gov/search/view/paper/A3B18805-1140-435B-94D8-35273BFCB52A/,0139452bcc39acd329573ddbf6d148444cbcab3eba7583d1f40dc452593b2a3f,senate-efd-ocr,explicit,0
I000024,JAMES M INHOFE,senate,Republican,OK,,False,2014-11-13,2015-06-01,,DISCOVERY COMMUN SER C (STOCK),Stock,Purchase,"$50,001 - $100,000",75000.5,False,Self,A3B18805-1140-435B-94D8-35273BFCB52A,https://efdsearch.senate.gov/search/view/paper/A3B18805-1140-435B-94D8-35273BFCB52A/,64fda1b6591b0038b92d6bfb94836d471a8dc895c9e32a13f3478a7523b7f5c6,senate-efd-ocr,explicit,0
I000024,JAMES M INHOFE,senate,Republican,OK,,False,2014-12-03,2015-06-01,,CONTINENTAL RESCOURCES (STOCK),Stock,Purchase,"$50,001 - $100,000",75000.5,False,Self,A3B18805-1140-435B-94D8-35273BFCB52A,https://efdsearch.senate.gov/search/view/paper/A3B18805-1140-435B-94D8-35273BFCB52A/,867fd968eab7475d2b45f009ad0d3031612fcd73bc9502018fd1b53fc57a2485,senate-efd-ocr,explicit,0
I000024,JAMES M INHOFE,senate,Republican,OK,,False,2014-12-08,2015-06-01,,RANGE RESOURCES CORP (STOCK),Stock,Purchase,"$50,001 - $100,000",75000.5,False,Self,A3B18805-1140-435B-94D8-35273BFCB52A,https://efdsearch.senate.gov/search/view/paper/A3B18805-1140-435B-94D8-35273BFCB52A/,bcaaf3d58cff2606241752a8a50ddf15bcb700a9024acc7939bbc640c02428fe,senate-efd-ocr,explicit,0
I000024,JAMES M INHOFE,senate,Republican,OK,,False,2014-01-06,2015-06-01,,CISCO SYSTEMS (STOCK),Stock,Sale,"$15,001 - $50,000",32500.5,False,Self,A3B18805-1140-435B-94D8-35273BFCB52A,https://efdsearch.senate.gov/search/view/paper/A3B18805-1140-435B-94D8-35273BFCB52A/,defbafd1ecdbd65b356cb6c10bb715f959f6e728b0b74ee1b4d176ca3b32a904,senate-efd-ocr,explicit,0
I000024,JAMES M INHOFE,senate,Republican,OK,,False,2014-01-08,2015-06-01,,VALEANT (STOCK),Stock,Sale,"$15,001 - $50,000",32500.5,False,Self,A3B18805-1140-435B-94D8-35273BFCB52A,https://efdsearch.senate.gov/search/view/paper/A3B18805-1140-435B-94D8-35273BFCB52A/,0dd6eb29ce51b00dff2000bee65e03062a68728610bcfccc1da7158497e69c37,senate-efd-ocr,explicit,0
I000024,JAMES M INHOFE,senate,Republican,OK,,False,2014-02-26,2015-06-01,,TRANSOCEAN (STOCK),Stock,Sale,"$15,001 - $50,000",32500.5,False,Self,A3B18805-1140-435B-94D8-35273BFCB52A,https://efdsearch.senate.gov/search/view/paper/A3B18805-1140-435B-94D8-35273BFCB52A/,18b7649190302a1d802e48868dff789f8d0597babc7ba3037d4427f8a38e501c,senate-efd-ocr,explicit,0
I000024,JAMES M INHOFE,senate,Republican,OK,,False,2015-03-26,2015-06-01,,POTACH CORP (STOCK),Stock,Sale,"$50,001 - $100,000",75000.5,False,Self,A3B18805-1140-435B-94D8-35273BFCB52A,https://efdsearch.senate.gov/search/view/paper/A3B18805-1140-435B-94D8-35273BFCB52A/,e1ef0b66b8af9e6051cb572520883fc2719efd359ad37d5fe3c49d185611c7d8,senate-efd-ocr,explicit,0
I000024,JAMES M INHOFE,senate,Republican,OK,,False,2015-04-25,2015-06-01,,QUALCOMM (STOCK),Stock,Sale,"$1,001 - $15,000",8000.5,False,Self,A3B18805-1140-435B-94D8-35273BFCB52A,https://efdsearch.senate.gov/search/view/paper/A3B18805-1140-435B-94D8-35273BFCB52A/,633fbaa52073349e865cf5b92a1ce8c82453682448341645c0142dfa98836d6a,senate-efd-ocr,explicit,0
I000024,JAMES M INHOFE,senate,Republican,OK,,False,2015-05-09,2015-06-01,,E O G RESOURCES (STOCK),Stock,Sale,"$15,001 - $50,000",32500.5,False,Self,A3B18805-1140-435B-94D8-35273BFCB52A,https://efdsearch.senate.gov/search/view/paper/A3B18805-1140-435B-94D8-35273BFCB52A/,f182b9f55b2c9847f7554b749209062da9179e56d313310cd1f051e4672cfc9f,senate-efd-ocr,explicit,0
I000024,JAMES M INHOFE,senate,Republican,OK,,False,2015-05-19,2015-06-01,,APPLE (STOCK),Stock,Sale,"$15,001 - $50,000",32500.5,False,Self,A3B18805-1140-435B-94D8-35273BFCB52A,https://efdsearch.senate.gov/search/view/paper/A3B18805-1140-435B-94D8-35273BFCB52A/,c6936d082a029a3af061e7e7be30d15955db5ccaa6eb1f0c058dc08161bd8857,senate-efd-ocr,explicit,0
I000024,JAMES M INHOFE,senate,Republican,OK,,False,2015-05-10,2015-06-01,,MALLINCKRODT (STOCK),Stock,Sale,"$1,001 - $15,000",8000.5,False,Self,A3B18805-1140-435B-94D8-35273BFCB52A,https://efdsearch.senate.gov/search/view/paper/A3B18805-1140-435B-94D8-35273BFCB52A/,48ac1d388e526461b4568595eee3f135980e653888405462bdd6c651a1e925b2,senate-efd-ocr,explicit,0
I000024,JAMES M INHOFE,senate,Republican,OK,,False,2014-06-26,2015-06-01,,FACEBOOK (STOCK),Stock,Sale,"$15,001 - $50,000",32500.5,False,Self,A3B18805-1140-435B-94D8-35273BFCB52A,https://efdsearch.senate.gov/search/view/paper/A3B18805-1140-435B-94D8-35273BFCB52A/,42205b9feb133962f9e98d57fbe12b3e65dbbd18e6ee0db265a3dc7586c40bd3,senate-efd-ocr,explicit,0
I000024,JAMES M INHOFE,senate,Republican,OK,,False,2014-06-26,2015-06-01,,APOLLO EDUCATION (STOCK),Stock,Sale,"$50,001 - $100,000",75000.5,False,Self,A3B18805-1140-435B-94D8-35273BFCB52A,https://efdsearch.senate.gov/search/view/paper/A3B18805-1140-435B-94D8-35273BFCB52A/,2e059005491cbd9259d2a3dbaf8748432f1b878e262a35a12f894cbcb2d8dc89,senate-efd-ocr,explicit,0
I000024,JAMES M INHOFE,senate,Republican,OK,,False,2014-07-30,2015-06-01,,JOHNSON & JOHNSON (STOCK),Stock,Sale,"$15,001 - $50,000",32500.5,False,Self,A3B18805-1140-435B-94D8-35273BFCB52A,https://efdsearch.senate.gov/search/view/paper/A3B18805-1140-435B-94D8-35273BFCB52A/,42b92199608548dcc2220b2d66ad7128118e0129668193ffaa3980a7fdac42e8,senate-efd-ocr,explicit,0
I000024,JAMES M INHOFE,senate,Republican,OK,,False,2014-07-30,2015-06-01,,NOW (STOCK),Stock,Sale,"$1,001 - $15,000",8000.5,False,Self,A3B18805-1140-435B-94D8-35273BFCB52A,https://efdsearch.senate.gov/search/view/paper/A3B18805-1140-435B-94D8-35273BFCB52A/,27c57aec7d0e5518a461caa66b8ebcdf2183daef67e50ad8ddafe7b092b030ad,senate-efd-ocr,explicit,0
I000024,JAMES M INHOFE,senate,Republican,OK,,False,2014-08-19,2015-06-01,,APPLE (STOCK),Stock,Sale,"$15,001 - $50,000",32500.5,False,Self,A3B18805-1140-435B-94D8-35273BFCB52A,https://efdsearch.senate.gov/search/view/paper/A3B18805-1140-435B-94D8-35273BFCB52A/,a9ce91f74278a9fee93cae18ee7f78d46d333afe2fe9089d72c7c7834f6d57de,senate-efd-ocr,explicit,0
I000024,JAMES M INHOFE,senate,Republican,OK,,False,2014-08-19,2015-06-01,,GILEAD SCIENCES (STOCK),Stock,Sale,"$15,001 - $50,000",32500.5,False,Self,A3B18805-1140-435B-94D8-35273BFCB52A,https://efdsearch.senate.gov/search/view/paper/A3B18805-1140-435B-94D8-35273BFCB52A/,45840a322d8af2b99ba3b51a2dd4cc889afba2ac3af02ddd3a3b8c94e141e1bf,senate-efd-ocr,explicit,0
I000024,JAMES M INHOFE,senate,Republican,OK,,False,2014-09-19,2015-06-01,,OCCIDENTAL (STOCK),Stock,Sale,"$15,001 - $50,000",32500.5,False,Self,A3B18805-1140-435B-94D8-35273BFCB52A,https://efdsearch.senate.gov/search/view/paper/A3B18805-1140-435B-94D8-35273BFCB52A/,9f9db689b46471c39db158bd5e77c97bd39ef46854a9c337254b4e1483d86957,senate-efd-ocr,explicit,0
I000024,JAMES M INHOFE,senate,Republican,OK,,False,2014-09-19,2015-06-01,,COVIDEAN (STOCK),Stock,Sale,"$50,001 - $100,000",75000.5,False,Self,A3B18805-1140-435B-94D8-35273BFCB52A,https://efdsearch.senate.gov/search/view/paper/A3B18805-1140-435B-94D8-35273BFCB52A/,ca188b00e13bc6e4706c1d71197cd56424602a5b2e91d0b7305b53e6a2160990,senate-efd-ocr,explicit,0
I000024,JAMES M INHOFE,senate,Republican,OK,,False,2014-09-29,2015-06-01,,VALFANT (STOCK),Stock,Sale,"$50,001 - $100,000",75000.5,False,Self,A3B18805-1140-435B-94D8-35273BFCB52A,https://efdsearch.senate.gov/search/view/paper/A3B18805-1140-435B-94D8-35273BFCB52A/,c3ef2a720e838f08d5c8b3008210bd74533b7023a47b9cade43d50559ab7945a,senate-efd-ocr,explicit,0
I000024,JAMES M INHOFE,senate,Republican,OK,,False,2014-10-21,2015-06-01,,COCA COLA (STOCK),Stock,Sale,"$50,001 - $100,000",75000.5,False,Self,A3B18805-1140-435B-94D8-35273BFCB52A,https://efdsearch.senate.gov/search/view/paper/A3B18805-1140-435B-94D8-35273BFCB52A/,4f34627d2001cca695f798e0b43f7e1dc905991ee217ca3f6b71d13d4d249f91,senate-efd-ocr,explicit,0
I000024,JAMES M INHOFE,senate,Republican,OK,,False,2014-11-07,2015-06-01,,GENERAC HOLDINGS (STOCK),Other,Sale,"$15,001 - $50,000",32500.5,False,Self,A3B18805-1140-435B-94D8-35273BFCB52A,https://efdsearch.senate.gov/search/view/paper/A3B18805-1140-435B-94D8-35273BFCB52A/,8e8c1ce68e5f0e0b838724c28604f6973666f555e00476ed579748e1f5524da5,senate-efd-ocr,explicit,0
I000024,JAMES M INHOFE,senate,Republican,OK,,False,2014-11-25,2015-06-01,,AT&T (STOCK),Stock,Sale,"$50,001 - $100,000",75000.5,False,Self,A3B18805-1140-435B-94D8-35273BFCB52A,https://efdsearch.senate.gov/search/view/paper/A3B18805-1140-435B-94D8-35273BFCB52A/,98a3c34d8b3acb6beec5695d8f62b2e08e9591c325c83c70a7c3b266a3717529,senate-efd-ocr,explicit,0
I000024,JAMES M INHOFE,senate,Republican,OK,,False,2014-12-01,2015-06-01,,NATIONAL OILWELL (STOCK),Stock,Sale,"$50,001 - $100,000",75000.5,False,Self,A3B18805-1140-435B-94D8-35273BFCB52A,https://efdsearch.senate.gov/search/view/paper/A3B18805-1140-435B-94D8-35273BFCB52A/,2b0484cb414da435769097ad32270768a274bf700475f6bf6b741460e36ead8d,senate-efd-ocr,explicit,0
I000024,JAMES M INHOFE,senate,Republican,OK,,False,2015-01-02,2015-06-01,,COSTCO WHSL CORP NEW (STOCK),Stock,Sale,"$50,001 - $100,000",75000.5,False,Self,A3B18805-1140-435B-94D8-35273BFCB52A,https://efdsearch.senate.gov/search/view/paper/A3B18805-1140-435B-94D8-35273BFCB52A/,7a81fcab5e14915334dc777ad4bfaf9c8ddfd7f2e225d5a9005bd017bfe38c42,senate-efd-ocr,explicit,0
I000024,JAMES M INHOFE,senate,Republican,OK,,False,2015-01-02,2015-06-01,,FEDEX CORP (STOCK),Stock,Sale,"$50,001 - $100,000",75000.5,False,Self,A3B18805-1140-435B-94D8-35273BFCB52A,https://efdsearch.senate.gov/search/view/paper/A3B18805-1140-435B-94D8-35273BFCB52A/,bc4c55e01b1fbefefd431aa333fd0dfa6fe8183b6bd1539516f3b698bd1f28e9,senate-efd-ocr,explicit,0
I000024,JAMES M INHOFE,senate,Republican,OK,,False,2015-01-30,2015-06-01,,WHITING PETRO CORP (ST),Stock,Sale,"$50,001 - $100,000",75000.5,False,Self,A3B18805-1140-435B-94D8-35273BFCB52A,https://efdsearch.senate.gov/search/view/paper/A3B18805-1140-435B-94D8-35273BFCB52A/,fec7b5a16a377e53c1c98a377605b57c6ca33f1d25a44f946dedfffde7d6db4d,senate-efd-ocr,explicit,0
I000024,JAMES M INHOFE,senate,Republican,OK,,False,2015-01-05,2015-06-01,,WHITING PETRO CORP (ST),Stock,Purchase,"$50,001 - $100,000",75000.5,False,Self,A3B18805-1140-435B-94D8-35273BFCB52A,https://efdsearch.senate.gov/search/view/paper/A3B18805-1140-435B-94D8-35273BFCB52A/,0ad8a3a85dd5dc255f2177881c6fa2e29cf6ac9fbf1c18839e2bb6cea78ff186,senate-efd-ocr,explicit,0
I000024,JAMES M INHOFE,senate,Republican,OK,,False,2015-02-06,2015-06-01,,ALIBABA GROUP HLDG ADR F SPONSORED ADR (STOCK),Stock,Purchase,"$15,001 - $50,000",32500.5,False,Self,A3B18805-1140-435B-94D8-35273BFCB52A,https://efdsearch.senate.gov/search/view/paper/A3B18805-1140-435B-94D8-35273BFCB52A/,fc54b800d8a49fb65b657583e6a149cddd867e1b979210276e05bdcfdbb80f58,senate-efd-ocr,explicit,0
I000024,JAMES M INHOFE,senate,Republican,OK,,False,2015-02-25,2015-06-01,,CALPINE CORP NEW (STOCK),Stock,Purchase,"$15,001 - $50,000",32500.5,False,Self,A3B18805-1140-435B-94D8-35273BFCB52A,https://efdsearch.senate.gov/search/view/paper/A3B18805-1140-435B-94D8-35273BFCB52A/,b76839ebca2ce10b81cd29acfc46d9503bb835c3c8b81cfed6afee20ff724712,senate-efd-ocr,explicit,0
I000024,JAMES M INHOFE,senate,Republican,OK,,False,2015-02-27,2015-06-01,,CAPITAL ONE FINANCIAL CP (STOCK),Stock,Purchase,"$15,001 - $50,000",32500.5,False,Self,A3B18805-1140-435B-94D8-35273BFCB52A,https://efdsearch.senate.gov/search/view/paper/A3B18805-1140-435B-94D8-35273BFCB52A/,301b9010890a809e3f56eeb7d63f28a51c739c460a4b6c0fa13197f1b6a45243,senate-efd-ocr,explicit,0
I000024,JAMES M INHOFE,senate,Republican,OK,,False,2015-03-16,2015-06-01,,RANGE RESOURCES CORP (STOCK),Stock,Purchase,"$15,001 - $50,000",32500.5,False,Self,A3B18805-1140-435B-94D8-35273BFCB52A,https://efdsearch.senate.gov/search/view/paper/A3B18805-1140-435B-94D8-35273BFCB52A/,b101e855a9d681f921778fcb0e5b00b9362a76a07dc0a4022ca0a6af0bf5f8e8,senate-efd-ocr,explicit,0
I000024,JAMES M INHOFE,senate,Republican,OK,,False,2015-03-27,2015-06-01,,BRISTOL MYERS SQUIBB CO (STOCK),Stock,Purchase,"$50,001 - $100,000",75000.5,False,Self,A3B18805-1140-435B-94D8-35273BFCB52A,https://efdsearch.senate.gov/search/view/paper/A3B18805-1140-435B-94D8-35273BFCB52A/,03b08da23b1b4b08828a69080fd59b26bf7357b1b554038052f3c3d198d80078,senate-efd-ocr,explicit,0
I000024,JAMES M INHOFE,senate,Republican,OK,,False,2015-04-06,2015-06-01,,BIOGEN INC (STOCK),Stock,Purchase,"$15,001 - $50,000",32500.5,False,Self,A3B18805-1140-435B-94D8-35273BFCB52A,https://efdsearch.senate.gov/search/view/paper/A3B18805-1140-435B-94D8-35273BFCB52A/,b4aa24bc2620ee709398bd9a87160a20cd1b4fd550d589e5a296b994f9538f24,senate-efd-ocr,explicit,0
B001135,RICHARD M BURR,senate,Republican,NC,,False,2015-05-13,2015-05-19,,"The Travelers Companies, Inc. (stock) NYSE",Stock,Sale,"$100,001 - $250,000",175000.5,False,Self,FEF47448-AFDE-4858-BE6F-ADB7FEC1BE4A,https://efdsearch.senate.gov/search/view/paper/FEF47448-AFDE-4858-BE6F-ADB7FEC1BE4A/,7adddbb7b25a73cf4808fff2e891c5f43be063538543a90b025361149c7ff7c4,senate-efd-ocr,explicit,0
B001135,RICHARD M BURR,senate,Republican,NC,,False,2015-05-13,2015-05-19,,"The Travelers Companies, Inc. (stock) NYSE",Stock,Sale,"$15,001 - $50,000",32500.5,False,Self,FEF47448-AFDE-4858-BE6F-ADB7FEC1BE4A,https://efdsearch.senate.gov/search/view/paper/FEF47448-AFDE-4858-BE6F-ADB7FEC1BE4A/,de1bd549b4e8a0b91b31917ab78ca36fc636b92607f50056cf99c2932ff255a1,senate-efd-ocr,explicit,0
B001135,RICHARD M BURR,senate,Republican,NC,,False,2015-05-15,2015-05-19,,Scripps Networks Interactive (stock) NYSE,Stock,Purchase,"$15,001 - $50,000",32500.5,False,Self,FEF47448-AFDE-4858-BE6F-ADB7FEC1BE4A,https://efdsearch.senate.gov/search/view/paper/FEF47448-AFDE-4858-BE6F-ADB7FEC1BE4A/,fd5c086db481c3cd34e255d4f2387fa1f3d5c50aeb666ae9a40755c2a4809207,senate-efd-ocr,explicit,0
B001135,RICHARD M BURR,senate,Republican,NC,,False,2015-05-15,2015-05-19,,Scripps Networks Interactive (stock) NYSE,Stock,Purchase,"$1,001 - $15,000",8000.5,False,Self,FEF47448-AFDE-4858-BE6F-ADB7FEC1BE4A,https://efdsearch.senate.gov/search/view/paper/FEF47448-AFDE-4858-BE6F-ADB7FEC1BE4A/,d05f792e68d949d8c7c09dfbae153a708c71d610eb29b1439d241dab3b6aedd9,senate-efd-ocr,explicit,0
B001135,RICHARD M BURR,senate,Republican,NC,,False,2015-05-15,2015-05-19,,"MSC Industrial Direct Co., Inc. (stock) NYSE",Stock,Purchase,"$1,001 - $15,000",8000.5,False,Self,FEF47448-AFDE-4858-BE6F-ADB7FEC1BE4A,https://efdsearch.senate.gov/search/view/paper/FEF47448-AFDE-4858-BE6F-ADB7FEC1BE4A/,2a36c64ff0e987bd83a05bfcd69254f7a0dbc2e86e29d00830444251cb0aff2d,senate-efd-ocr,explicit,0
B001135,RICHARD M BURR,senate,Republican,NC,,False,2015-05-15,2015-05-19,,"MSC Industrial Direct Co., Inc. (stock) NYSE",Stock,Purchase,"$15,001 - $50,000",32500.5,False,Self,FEF47448-AFDE-4858-BE6F-ADB7FEC1BE4A,https://efdsearch.senate.gov/search/view/paper/FEF47448-AFDE-4858-BE6F-ADB7FEC1BE4A/,87faf478f607a58d900eaa1abff4ee8acaa509f587cd97c733e8b4a7aa5d2ee0,senate-efd-ocr,explicit,0
B001135,RICHARD M BURR,senate,Republican,NC,,False,2015-05-15,2015-05-19,,Markel Corporation (stock) NYSE,Stock,Purchase,"$1,001 - $15,000",8000.5,False,Self,FEF47448-AFDE-4858-BE6F-ADB7FEC1BE4A,https://efdsearch.senate.gov/search/view/paper/FEF47448-AFDE-4858-BE6F-ADB7FEC1BE4A/,3ba52cf63ca530b6aca23af0a7beb4023763127ce702e4f6a4c26d4c58ab4e0c,senate-efd-ocr,explicit,0
B001135,RICHARD M BURR,senate,Republican,NC,,False,2015-05-15,2015-05-19,,Discovery Communication Inc. (stock) NASDAQ,Stock,Sale,"$1,001 - $15,000",8000.5,False,Self,FEF47448-AFDE-4858-BE6F-ADB7FEC1BE4A,https://efdsearch.senate.gov/search/view/paper/FEF47448-AFDE-4858-BE6F-ADB7FEC1BE4A/,1ea943eb118c10b1e72b7d0ca44a3f03d188adf70a9d371279206866e265c9db,senate-efd-ocr,explicit,0
B001135,RICHARD M BURR,senate,Republican,NC,,False,2015-05-15,2015-05-19,,Discovery Communication Inc. (stock) NASDAQ,Stock,Purchase,"$15,001 - $50,000",32500.5,False,Self,FEF47448-AFDE-4858-BE6F-ADB7FEC1BE4A,https://efdsearch.senate.gov/search/view/paper/FEF47448-AFDE-4858-BE6F-ADB7FEC1BE4A/,40e0a7679746b4c263f5930b505de491c7c0e6dad7ef0264c9613ecb65303cb7,senate-efd-ocr,explicit,0
B001135,RICHARD M BURR,senate,Republican,NC,,False,2015-05-15,2015-05-19,,Stock) NASDAQ,Stock,Purchase,"$1,001 - $15,000",8000.5,False,Self,FEF47448-AFDE-4858-BE6F-ADB7FEC1BE4A,https://efdsearch.senate.gov/search/view/paper/FEF47448-AFDE-4858-BE6F-ADB7FEC1BE4A/,f9e544f924722680ca3503fd4d36035279c6607957bf0550831ede0acdf5511f,senate-efd-ocr,explicit,0
B001135,RICHARD M BURR,senate,Republican,NC,,False,2015-05-15,2015-05-19,,Actuant Corporation Class A (stock),Stock,Purchase,"$1,001 - $15,000",8000.5,False,Self,FEF47448-AFDE-4858-BE6F-ADB7FEC1BE4A,https://efdsearch.senate.gov/search/view/paper/FEF47448-AFDE-4858-BE6F-ADB7FEC1BE4A/,d14d49df12d845b2f06322cd64958814166cedacb173772389bc98d068d1d307,senate-efd-ocr,explicit,0
B001135,RICHARD M BURR,senate,Republican,NC,,False,2015-05-15,2015-05-19,,Actuant Corporation Class A (stock),Stock,Purchase,"$15,001 - $50,000",32500.5,False,Self,FEF47448-AFDE-4858-BE6F-ADB7FEC1BE4A,https://efdsearch.senate.gov/search/view/paper/FEF47448-AFDE-4858-BE6F-ADB7FEC1BE4A/,5ae5727285d0c6de83b9442ba2d5683fab1d780013c0d46e7658914974d91e98,senate-efd-ocr,explicit,0
B001135,RICHARD M BURR,senate,Republican,NC,,False,2015-05-15,2015-05-19,,"Airgas, Inc. (stock) NYSE",Stock,Purchase,"$1,001 - $15,000",8000.5,False,Self,FEF47448-AFDE-4858-BE6F-ADB7FEC1BE4A,https://efdsearch.senate.gov/search/view/paper/FEF47448-AFDE-4858-BE6F-ADB7FEC1BE4A/,e017f35064341d810f74222fe295ef138c0fc642639ec5ac94f9b079313e33c7,senate-efd-ocr,explicit,0
B001135,RICHARD M BURR,senate,Republican,NC,,False,2015-05-15,2015-05-19,,"Airgas, Inc. (stock) NYSE",Stock,Purchase,"$15,001 - $50,000",32500.5,False,Self,FEF47448-AFDE-4858-BE6F-ADB7FEC1BE4A,https://efdsearch.senate.gov/search/view/paper/FEF47448-AFDE-4858-BE6F-ADB7FEC1BE4A/,113c78bae388b8b87d5dafc2567f06c93e28fe0c30da11b3fc321b2565886747,senate-efd-ocr,explicit,0
B001135,RICHARD M BURR,senate,Republican,NC,,False,2015-05-15,2015-05-19,,"Airgas, Inc. (stock) NYSE",Stock,Purchase,"$1,001 - $15,000",8000.5,False,Self,FEF47448-AFDE-4858-BE6F-ADB7FEC1BE4A,https://efdsearch.senate.gov/search/view/paper/FEF47448-AFDE-4858-BE6F-ADB7FEC1BE4A/,e017f35064341d810f74222fe295ef138c0fc642639ec5ac94f9b079313e33c7,senate-efd-ocr,explicit,1
B001135,RICHARD M BURR,senate,Republican,NC,,False,2015-05-15,2015-05-19,,"Abbott Laboratories, Inc. (stock) NYSE",Stock,Sale,"$15,001 - $50,000",32500.5,False,Self,FEF47448-AFDE-4858-BE6F-ADB7FEC1BE4A,https://efdsearch.senate.gov/search/view/paper/FEF47448-AFDE-4858-BE6F-ADB7FEC1BE4A/,2790a9c946773f6aacf88dd0702c417f649c589cc87936895671f79f63c6631a,senate-efd-ocr,explicit,0
B001135,RICHARD M BURR,senate,Republican,NC,,False,2015-05-15,2015-05-19,,"Abbott Laboratories, Inc. (stock) NYSE",Stock,Sale,"$1,001 - $15,000",8000.5,False,Self,FEF47448-AFDE-4858-BE6F-ADB7FEC1BE4A,https://efdsearch.senate.gov/search/view/paper/FEF47448-AFDE-4858-BE6F-ADB7FEC1BE4A/,8fe1a2e8a1c69c6639474a3b6adec423ba8833e7c44a8aaea9a211ea13089737,senate-efd-ocr,explicit,0
B001135,RICHARD M BURR,senate,Republican,NC,,False,2015-05-15,2015-05-19,,"Koninklijke Phillips, N.V. (stock) NYSE",Stock,Purchase,"$1,001 - $15,000",8000.5,False,Self,FEF47448-AFDE-4858-BE6F-ADB7FEC1BE4A,https://efdsearch.senate.gov/search/view/paper/FEF47448-AFDE-4858-BE6F-ADB7FEC1BE4A/,b67566ae40688dbfdfad167b42c00d7724cbbd7ddec6fbd05e15a9fca7bcff65,senate-efd-ocr,explicit,0
B001135,RICHARD M BURR,senate,Republican,NC,,False,2015-05-13,2015-05-19,TRV,The Travelers Companies Inc,Stock,Purchase,"$50,001 - $100,000",75000.5,False,Self,FEF47448-AFDE-4858-BE6F-ADB7FEC1BE4A,https://efdsearch.senate.gov/search/view/paper/FEF47448-AFDE-4858-BE6F-ADB7FEC1BE4A/,fd75fb69e8b2a5e2a1ecb57e8a6ad48fcf143d750673e3fd669a48766e375372,senate-efd-ocr,explicit,0
B001135,RICHARD M BURR,senate,Republican,NC,,False,2015-05-15,2015-05-19,SNI,Scripps Networks Interactive,,Purchase,"$50,001 - $100,000",75000.5,False,Self,FEF47448-AFDE-4858-BE6F-ADB7FEC1BE4A,https://efdsearch.senate.gov/search/view/paper/FEF47448-AFDE-4858-BE6F-ADB7FEC1BE4A/,c6ca7c34b6c1a04865b07d49ce54534e5a9d7fc34b2a0ba807b6e5cd11d871a2,senate-efd-ocr,explicit,0
B001135,RICHARD M BURR,senate,Republican,NC,,False,2015-05-15,2015-05-19,SNI,Scripps Networks Interactive,,Purchase,"$50,001 - $100,000",75000.5,False,Self,FEF47448-AFDE-4858-BE6F-ADB7FEC1BE4A,https://efdsearch.senate.gov/search/view/paper/FEF47448-AFDE-4858-BE6F-ADB7FEC1BE4A/,c6ca7c34b6c1a04865b07d49ce54534e5a9d7fc34b2a0ba807b6e5cd11d871a2,senate-efd-ocr,explicit,1
B001135,RICHARD M BURR,senate,Republican,NC,,False,2015-05-15,2015-05-19,MSM,MSC INDUSTRIAL DIRECT CO INC - A,Stock,Sale,"$15,001 - $50,000",32500.5,False,Self,FEF47448-AFDE-4858-BE6F-ADB7FEC1BE4A,https://efdsearch.senate.gov/search/view/paper/FEF47448-AFDE-4858-BE6F-ADB7FEC1BE4A/,4e20a2d7b6387d5a31862f3299154a042a2a847052acc985a37fcbe302fd4a29,senate-efd-ocr,explicit,0
B001135,RICHARD M BURR,senate,Republican,NC,,False,2015-05-20,2015-05-19,MSM,MSC INDUSTRIAL DIRECT CO INC - A,Stock,Sale,"$15,001 - $50,000",32500.5,False,Self,FEF47448-AFDE-4858-BE6F-ADB7FEC1BE4A,https://efdsearch.senate.gov/search/view/paper/FEF47448-AFDE-4858-BE6F-ADB7FEC1BE4A/,d1c3a147b0cf838990cda00bcc73011c7b51273e8814da7e8d6ddc4c1a90cf7a,senate-efd-ocr,explicit,0
B001135,RICHARD M BURR,senate,Republican,NC,,False,2015-05-15,2015-05-19,MSM,MSC INDUSTRIAL DIRECT CO INC - A,Stock,Sale,"$15,001 - $50,000",32500.5,False,Self,FEF47448-AFDE-4858-BE6F-ADB7FEC1BE4A,https://efdsearch.senate.gov/search/view/paper/FEF47448-AFDE-4858-BE6F-ADB7FEC1BE4A/,4e20a2d7b6387d5a31862f3299154a042a2a847052acc985a37fcbe302fd4a29,senate-efd-ocr,explicit,1
B001135,RICHARD M BURR,senate,Republican,NC,,False,2015-05-20,2015-05-19,MSM,MSC INDUSTRIAL DIRECT CO INC - A,Stock,Sale,"$15,001 - $50,000",32500.5,False,Self,FEF47448-AFDE-4858-BE6F-ADB7FEC1BE4A,https://efdsearch.senate.gov/search/view/paper/FEF47448-AFDE-4858-BE6F-ADB7FEC1BE4A/,d1c3a147b0cf838990cda00bcc73011c7b51273e8814da7e8d6ddc4c1a90cf7a,senate-efd-ocr,explicit,1
B001135,RICHARD M BURR,senate,Republican,NC,,False,2015-05-15,2015-05-19,MKL,MARDEL CORPORATION (HOLDING COMPANY),Stock,Purchase,"$1,001 - $15,000",8000.5,False,Self,FEF47448-AFDE-4858-BE6F-ADB7FEC1BE4A,https://efdsearch.senate.gov/search/view/paper/FEF47448-AFDE-4858-BE6F-ADB7FEC1BE4A/,249bd5cacb809782de4ba778cb6b21bd30cdc17c7aa950970e1f58f2f069b878,senate-efd-ocr,explicit,0
B001135,RICHARD M BURR,senate,Republican,NC,,False,2015-05-15,2015-05-19,,Discovery Communications Inc - A,Stock,Purchase,"$15,001 - $50,000",32500.5,False,Self,FEF47448-AFDE-4858-BE6F-ADB7FEC1BE4A,https://efdsearch.senate.gov/search/view/paper/FEF47448-AFDE-4858-BE6F-ADB7FEC1BE4A/,bf347ed0a3b7893269c2fa390b2d4c95ba74456c2e8ab45cf4f684917a0ed038,senate-efd-ocr,explicit,0
B001135,RICHARD M BURR,senate,Republican,NC,,False,2015-05-15,2015-05-19,,Discovery Communications Inc - A,Stock,Purchase,"$15,001 - $50,000",32500.5,False,Spouse,FEF47448-AFDE-4858-BE6F-ADB7FEC1BE4A,https://efdsearch.senate.gov/search/view/paper/FEF47448-AFDE-4858-BE6F-ADB7FEC1BE4A/,16824eecde19699ff7651f1668dd60d32c2a064bb11c892ed031d9a2305e893d,senate-efd-ocr,explicit,0
B001135,RICHARD M BURR,senate,Republican,NC,,False,2015-05-15,2015-05-19,,Actuant Corp Class A,Stock,Purchase,"$15,001 - $50,000",32500.5,False,Self,FEF47448-AFDE-4858-BE6F-ADB7FEC1BE4A,https://efdsearch.senate.gov/search/view/paper/FEF47448-AFDE-4858-BE6F-ADB7FEC1BE4A/,24934574a5d881777920a9692962a6904d8c2a12f1e6964a11755b68b8951529,senate-efd-ocr,explicit,0
B001135,RICHARD M BURR,senate,Republican,NC,,False,2015-05-15,2015-05-19,,SPECIAL DELIVERY INSTRUCTIONS CORP CLASS A,Stock,Purchase,"$15,001 - $50,000",32500.5,False,Self,FEF47448-AFDE-4858-BE6F-ADB7FEC1BE4A,https://efdsearch.senate.gov/search/view/paper/FEF47448-AFDE-4858-BE6F-ADB7FEC1BE4A/,d07cfef82075fb5aaddd220062c4b1e4aa15ff3f51c7f92ea23550cddb5fbb70,senate-efd-ocr,explicit,0
B001135,RICHARD M BURR,senate,Republican,NC,,False,2015-05-15,2015-05-19,ARG,AIRGAS INC,Stock,Purchase,"$15,001 - $50,000",32500.5,False,Spouse,FEF47448-AFDE-4858-BE6F-ADB7FEC1BE4A,https://efdsearch.senate.gov/search/view/paper/FEF47448-AFDE-4858-BE6F-ADB7FEC1BE4A/,daa99eafada9e0475fded31bdeca20866e75468a1f57021e056edf91fe2f2142,senate-efd-ocr,explicit,0
B001135,RICHARD M BURR,senate,Republican,NC,,False,2015-05-15,2015-05-19,ARG,AIRGAS INC,Stock,Purchase,"$15,001 - $50,000",32500.5,False,Spouse,FEF47448-AFDE-4858-BE6F-ADB7FEC1BE4A,https://efdsearch.senate.gov/search/view/paper/FEF47448-AFDE-4858-BE6F-ADB7FEC1BE4A/,daa99eafada9e0475fded31bdeca20866e75468a1f57021e056edf91fe2f2142,senate-efd-ocr,explicit,1
B001135,RICHARD M BURR,senate,Republican,NC,,False,2015-05-15,2015-05-19,ABT,Abbott Laboratories Inc,Stock,Sale,"$15,001 - $50,000",32500.5,False,Self,FEF47448-AFDE-4858-BE6F-ADB7FEC1BE4A,https://efdsearch.senate.gov/search/view/paper/FEF47448-AFDE-4858-BE6F-ADB7FEC1BE4A/,2dd6ef6bc1e88e51726a73f0821641f52951904e5f935001fddda5c35e8a55f7,senate-efd-ocr,explicit,0
B001135,RICHARD M BURR,senate,Republican,NC,,False,2015-05-15,2015-05-19,ABT,Abbott Laboratories Inc,Stock,Sale,"$15,001 - $50,000",32500.5,False,Self,FEF47448-AFDE-4858-BE6F-ADB7FEC1BE4A,https://efdsearch.senate.gov/search/view/paper/FEF47448-AFDE-4858-BE6F-ADB7FEC1BE4A/,2dd6ef6bc1e88e51726a73f0821641f52951904e5f935001fddda5c35e8a55f7,senate-efd-ocr,explicit,1
B001135,RICHARD M BURR,senate,Republican,NC,,False,2015-05-15,2015-05-19,PHG,Koninklijke Philips N.V.,,Purchase,"$15,001 - $50,000",32500.5,False,Self,FEF47448-AFDE-4858-BE6F-ADB7FEC1BE4A,https://efdsearch.senate.gov/search/view/paper/FEF47448-AFDE-4858-BE6F-ADB7FEC1BE4A/,f2de91784cc04979ba4b369a805807c4cf98a7d9f78cfdb6a289b0587bab067c,senate-efd-ocr,explicit,0
W000805,MARK R WARNER,senate,Democrat,VA,"SSBK04; SSBK08; SSBK13; SSFI10; SSFI11; SSFI13; Senate Committee on Banking, Housing, and Urban Affairs; Senate Committee on Finance; Senate Committee on Rules and Administration; Senate Committee on the Budget; Senate Select Committee on Intelligence",True,2015-04-14,2015-05-15,,"Alexandria RC Investors, LLC",Other,Purchase,"$100,001 - $250,000",175000.5,False,Joint,6F80BD03-4293-4352-B84E-0F36BAD82165,https://efdsearch.senate.gov/search/view/paper/6F80BD03-4293-4352-B84E-0F36BAD82165/,04d59d17a98a80f8b5589017dcc3543f5473e95529a629181a45242df6a212ac,senate-efd-ocr,explicit,0
W000805,MARK R WARNER,senate,Democrat,VA,"SSBK04; SSBK08; SSBK13; SSFI10; SSFI11; SSFI13; Senate Committee on Banking, Housing, and Urban Affairs; Senate Committee on Finance; Senate Committee on Rules and Administration; Senate Committee on the Budget; Senate Select Committee on Intelligence",True,2015-04-14,2015-05-15,,"Alexandria RC Investors, LLC",Other,Sale,"$15,001 - $50,000",32500.5,False,Spouse,6F80BD03-4293-4352-B84E-0F36BAD82165,https://efdsearch.senate.gov/search/view/paper/6F80BD03-4293-4352-B84E-0F36BAD82165/,a3e4fe628f8574776bf88802dd4918b398c1d4823e7d58018dcdb68d512db878,senate-efd-ocr,explicit,0
W000805,MARK R WARNER,senate,Democrat,VA,"SSBK04; SSBK08; SSBK13; SSFI10; SSFI11; SSFI13; Senate Committee on Banking, Housing, and Urban Affairs; Senate Committee on Finance; Senate Committee on Rules and Administration; Senate Committee on the Budget; Senate Select Committee on Intelligence",True,2015-04-14,2015-05-15,,"Alexandria RC Investors, LLC",Other,Sale,"$500,001 - $1,000,000",750000.5,False,Joint,6F80BD03-4293-4352-B84E-0F36BAD82165,https://efdsearch.senate.gov/search/view/paper/6F80BD03-4293-4352-B84E-0F36BAD82165/,335eda31b09fb4eb6a3711dbb824d0570ff4e80a84ca2a5d0b67b533c93a98a0,senate-efd-ocr,explicit,0
W000805,MARK R WARNER,senate,Democrat,VA,"SSBK04; SSBK08; SSBK13; SSFI10; SSFI11; SSFI13; Senate Committee on Banking, Housing, and Urban Affairs; Senate Committee on Finance; Senate Committee on Rules and Administration; Senate Committee on the Budget; Senate Select Committee on Intelligence",True,2015-04-14,2015-05-15,,"Alexandria RC Investors, LLC",Other,Purchase,"$1,000,001 - $5,000,000",3000000.5,False,Spouse,6F80BD03-4293-4352-B84E-0F36BAD82165,https://efdsearch.senate.gov/search/view/paper/6F80BD03-4293-4352-B84E-0F36BAD82165/,487d25e940fe0f04deff6a36baf0f98f6cbd4a83574b2f4edf5c50520ec32ff6,senate-efd-ocr,explicit,0
B001135,RICHARD M BURR,senate,Republican,NC,,False,2015-02-27,2015-05-12,,"Mondelez International, Inc. (stock) NYSE",Stock,Purchase,"$100,001 - $250,000",175000.5,False,Self,DC93FD81-D789-483D-937A-5DED545F9709,https://efdsearch.senate.gov/search/view/paper/DC93FD81-D789-483D-937A-5DED545F9709/,2c29be33dbcf5cd9446ca11c76042367f3e1c98485a183e060990af4307db965,senate-efd-ocr,explicit,0
B001135,RICHARD M BURR,senate,Republican,NC,,False,2015-05-06,2015-05-12,,"Mondelez International, Inc. (stock) NYSE",Stock,Sale,"$15,001 - $50,000",32500.5,False,Self,DC93FD81-D789-483D-937A-5DED545F9709,https://efdsearch.senate.gov/search/view/paper/DC93FD81-D789-483D-937A-5DED545F9709/,20ab5de0c3d7d67b53eca622829a758afe07e5eb8a48d7175a2aba482cfcf6f7,senate-efd-ocr,explicit,0
B001135,RICHARD M BURR,senate,Republican,NC,,False,2015-05-06,2015-05-12,,"Mondelez International, Inc. (stock) NYSE",Stock,Sale,"$500,001 - $1,000,000",750000.5,False,Self,DC93FD81-D789-483D-937A-5DED545F9709,https://efdsearch.senate.gov/search/view/paper/DC93FD81-D789-483D-937A-5DED545F9709/,50d4b51507d1cdf62a6e421155720e38cf5641b6eb17ce35db1b2650b3f3e363,senate-efd-ocr,explicit,0
W000805,MARK R WARNER,senate,Democrat,VA,"SSBK04; SSBK08; SSBK13; SSFI10; SSFI11; SSFI13; Senate Committee on Banking, Housing, and Urban Affairs; Senate Committee on Finance; Senate Committee on Rules and Administration; Senate Committee on the Budget; Senate Select Committee on Intelligence",True,2015-02-11,2015-04-16,,"New Amsterdam BC Investors, LLC",Other,Purchase,"$15,001 - $50,000",32500.5,False,Self,C8764A1C-CD06-40E8-9D1F-DB0410E8869C,https://efdsearch.senate.gov/search/view/paper/C8764A1C-CD06-40E8-9D1F-DB0410E8869C/,38dc988bf0f1fb62f2b847ca61e197789a29dfb179cfd46768abb72de145eb54,senate-efd-ocr,explicit,0
W000805,MARK R WARNER,senate,Democrat,VA,"SSBK04; SSBK08; SSBK13; SSFI10; SSFI11; SSFI13; Senate Committee on Banking, Housing, and Urban Affairs; Senate Committee on Finance; Senate Committee on Rules and Administration; Senate Committee on the Budget; Senate Select Committee on Intelligence",True,2015-02-27,2015-04-16,,"New Amsterdam BC Investors, LLC",Other,Sale,"$500,001 - $1,000,000",750000.5,False,Self,C8764A1C-CD06-40E8-9D1F-DB0410E8869C,https://efdsearch.senate.gov/search/view/paper/C8764A1C-CD06-40E8-9D1F-DB0410E8869C/,a8a4872794419ccc738e3c4b4fd0e05644ef4bb1e7214f278b44cf3fdf863162,senate-efd-ocr,explicit,0
W000805,MARK R WARNER,senate,Democrat,VA,"SSBK04; SSBK08; SSBK13; SSFI10; SSFI11; SSFI13; Senate Committee on Banking, Housing, and Urban Affairs; Senate Committee on Finance; Senate Committee on Rules and Administration; Senate Committee on the Budget; Senate Select Committee on Intelligence",True,2015-03-05,2015-04-16,,BetterCloud,,Purchase,"$100,001 - $250,000",175000.5,False,Self,C8764A1C-CD06-40E8-9D1F-DB0410E8869C,https://efdsearch.senate.gov/search/view/paper/C8764A1C-CD06-40E8-9D1F-DB0410E8869C/,629ae19b77338bd7e2022122d26bcef4c5f6d931af0f181ef9705341dcf77383,senate-efd-ocr,explicit,0
B001135,RICHARD M BURR,senate,Republican,NC,,False,2015-02-27,2015-04-10,,FEDEX Corporation (stock) NYSE,Stock,Purchase,"$100,001 - $250,000",175000.5,False,Self,0D8D9AF8-1BFD-442A-87CF-82197A6A1FD0,https://efdsearch.senate.gov/search/view/paper/0D8D9AF8-1BFD-442A-87CF-82197A6A1FD0/,03076b4e166a0c01fd9b732510c1ecb12b325025bc5f4fbab973ff43b7887bd6,senate-efd-ocr,explicit,0
B001135,RICHARD M BURR,senate,Republican,NC,,False,2015-02-27,2015-04-10,,FEDEX Corporation (stock) NYSE,Stock,Sale,"$500,001 - $1,000,000",750000.5,False,Self,0D8D9AF8-1BFD-442A-87CF-82197A6A1FD0,https://efdsearch.senate.gov/search/view/paper/0D8D9AF8-1BFD-442A-87CF-82197A6A1FD0/,95f77d535c68c6824fd5f4588190b695729af0a3d1e3aaff503c2533b796e6ad,senate-efd-ocr,explicit,0
B001135,RICHARD M BURR,senate,Republican,NC,,False,2015-02-27,2015-04-10,,FEDEX Corporation (stock) NYSE,Stock,Sale,"$1,000,001 - $5,000,000",3000000.5,False,Self,0D8D9AF8-1BFD-442A-87CF-82197A6A1FD0,https://efdsearch.senate.gov/search/view/paper/0D8D9AF8-1BFD-442A-87CF-82197A6A1FD0/,7c83ad6685e0df0e82e111e884738e9abf76907c7330be211940b46f002c1671,senate-efd-ocr,explicit,0
B001135,RICHARD M BURR,senate,Republican,NC,,False,2015-02-27,2015-04-10,,FEDEX Corporation (stock) NYSE,Stock,Sale,"$5,000,001 - $25,000,000",15000000.5,False,Self,0D8D9AF8-1BFD-442A-87CF-82197A6A1FD0,https://efdsearch.senate.gov/search/view/paper/0D8D9AF8-1BFD-442A-87CF-82197A6A1FD0/,e83cdfefce07d14b4b4bf43fb5a0d0024afc6626787ed2b596e9bfa12b6f3c8d,senate-efd-ocr,explicit,0
B001135,RICHARD M BURR,senate,Republican,NC,,False,2015-02-27,2015-04-10,,FEDEX Corporation (stock) NYSE,Stock,Sale,"$25,000,001 - $50,000,000",37500000.5,False,Self,0D8D9AF8-1BFD-442A-87CF-82197A6A1FD0,https://efdsearch.senate.gov/search/view/paper/0D8D9AF8-1BFD-442A-87CF-82197A6A1FD0/,2bf06e789a77ac20caacf3986d3856ed8c1c07ee3d01c8d6391106a235c50ec0,senate-efd-ocr,explicit,0
B001135,RICHARD M BURR,senate,Republican,NC,,False,2015-02-27,2015-04-10,,FEDEX Corporation (stock) NYSE,Stock,Sale,"Over $50,000,000",50000000.0,False,Self,0D8D9AF8-1BFD-442A-87CF-82197A6A1FD0,https://efdsearch.senate.gov/search/view/paper/0D8D9AF8-1BFD-442A-87CF-82197A6A1FD0/,d650323490fe43cf50722f0c176e87c92b0ed6f7942868ec3fa5bf312b02a09e,senate-efd-ocr,explicit,0
B001135,RICHARD M BURR,senate,Republican,NC,,False,2015-03-30,2015-04-10,,"The Travelers Companies, Inc. (stock) NYSE",Stock,Sale,"$1,001 - $15,000",8000.5,False,Self,0D8D9AF8-1BFD-442A-87CF-82197A6A1FD0,https://efdsearch.senate.gov/search/view/paper/0D8D9AF8-1BFD-442A-87CF-82197A6A1FD0/,e7b22ced908854cf442eaed6e0e2e411523844c6ffff4ed34b0fc9925e5ef804,senate-efd-ocr,explicit,0
B001135,RICHARD M BURR,senate,Republican,NC,,False,2015-03-30,2015-04-10,,"The Travelers Companies, Inc. (stock) NYSE",Stock,Sale,"$1,001 - $15,000",8000.5,False,Self,0D8D9AF8-1BFD-442A-87CF-82197A6A1FD0,https://efdsearch.senate.gov/search/view/paper/0D8D9AF8-1BFD-442A-87CF-82197A6A1FD0/,e7b22ced908854cf442eaed6e0e2e411523844c6ffff4ed34b0fc9925e5ef804,senate-efd-ocr,explicit,1
B001135,RICHARD M BURR,senate,Republican,NC,,False,2015-03-30,2015-04-10,,Bank of New York Mellon Corp (stock) NYSE,Stock,Sale,"$1,001 - $15,000",8000.5,False,Self,0D8D9AF8-1BFD-442A-87CF-82197A6A1FD0,https://efdsearch.senate.gov/search/view/paper/0D8D9AF8-1BFD-442A-87CF-82197A6A1FD0/,9568dce04182a96cd0deb02b986317089224a0cc2dc133fca1cb04e566ad5ac0,senate-efd-ocr,explicit,0
B001135,RICHARD M BURR,senate,Republican,NC,,False,2015-03-30,2015-04-10,,AON PLC (stock) NYSE,Stock,Sale,"$1,001 - $15,000",8000.5,False,Spouse,0D8D9AF8-1BFD-442A-87CF-82197A6A1FD0,https://efdsearch.senate.gov/search/view/paper/0D8D9AF8-1BFD-442A-87CF-82197A6A1FD0/,4065b1b3ba9396b9d39d59c0d21a76984fabbc219d376b2bf7ea1fcceb0b4bf0,senate-efd-ocr,explicit,0
B001135,RICHARD M BURR,senate,Republican,NC,,False,2015-03-30,2015-04-10,,AON PLC (stock) NYSE,Stock,Sale,"$1,001 - $15,000",8000.5,False,Self,0D8D9AF8-1BFD-442A-87CF-82197A6A1FD0,https://efdsearch.senate.gov/search/view/paper/0D8D9AF8-1BFD-442A-87CF-82197A6A1FD0/,d710241ae814b34584d285868f4c5d86b0e37b02cf05dff5b94a304cc3fcdb81,senate-efd-ocr,explicit,0
B001135,RICHARD M BURR,senate,Republican,NC,,False,2015-03-30,2015-04-10,,FEDEX Corporation (stock) NYSE,Stock,Sale,"$1,001 - $15,000",8000.5,False,Self,0D8D9AF8-1BFD-442A-87CF-82197A6A1FD0,https://efdsearch.senate.gov/search/view/paper/0D8D9AF8-1BFD-442A-87CF-82197A6A1FD0/,e418f8d2261e1df572403d984a0a7f55d65c59dd15c6cf63af28ae9bddace55e,senate-efd-ocr,explicit,0
B001135,RICHARD M BURR,senate,Republican,NC,,False,2015-03-30,2015-04-10,,FEDEX Corporation (stock) NYSE,Stock,Sale,"$1,001 - $15,000",8000.5,False,Self,0D8D9AF8-1BFD-442A-87CF-82197A6A1FD0,https://efdsearch.senate.gov/search/view/paper/0D8D9AF8-1BFD-442A-87CF-82197A6A1FD0/,e418f8d2261e1df572403d984a0a7f55d65c59dd15c6cf63af28ae9bddace55e,senate-efd-ocr,explicit,1
B001135,RICHARD M BURR,senate,Republican,NC,,False,2015-03-30,2015-04-10,TRV,The Travelers Companies INC,Stock,Sale,"$1,001 - $15,000",8000.5,False,Self,0D8D9AF8-1BFD-442A-87CF-82197A6A1FD0,https://efdsearch.senate.gov/search/view/paper/0D8D9AF8-1BFD-442A-87CF-82197A6A1FD0/,bf2eb8ec8f81c81c386ec69ac3833337452acef9957a1f59be0ff23362c602b8,senate-efd-ocr,explicit,0
B001135,RICHARD M BURR,senate,Republican,NC,,False,2015-03-30,2015-04-10,TRV,The Travelers Companies INC,Stock,Sale,"$1,001 - $15,000",8000.5,False,Self,0D8D9AF8-1BFD-442A-87CF-82197A6A1FD0,https://efdsearch.senate.gov/search/view/paper/0D8D9AF8-1BFD-442A-87CF-82197A6A1FD0/,bf2eb8ec8f81c81c386ec69ac3833337452acef9957a1f59be0ff23362c602b8,senate-efd-ocr,explicit,1
B001135,RICHARD M BURR,senate,Republican,NC,,False,2015-03-30,2015-04-10,BK,Bank of New York Mellon Corp,Stock,Purchase,"$15,001 - $50,000",32500.5,False,Self,0D8D9AF8-1BFD-442A-87CF-82197A6A1FD0,https://efdsearch.senate.gov/search/view/paper/0D8D9AF8-1BFD-442A-87CF-82197A6A1FD0/,5406baf2a0115d3347386176d71414f5b897eb66e148dc57a9ae904621f707db,senate-efd-ocr,explicit,0
B001135,RICHARD M BURR,senate,Republican,NC,,False,2015-03-30,2015-04-10,,Stephens Inc Custodian for Richard M Burr IRA,Stock,Purchase,"$100,001 - $250,000",175000.5,False,Self,0D8D9AF8-1BFD-442A-87CF-82197A6A1FD0,https://efdsearch.senate.gov/search/view/paper/0D8D9AF8-1BFD-442A-87CF-82197A6A1FD0/,391d7f13031c38e91b0125c220a090ccf9433f66d1175e9c14cb1cddb6b5c890,senate-efd-ocr,explicit,0
B001135,RICHARD M BURR,senate,Republican,NC,,False,2015-03-30,2015-04-10,AON,AON PLC,Stock,Purchase,"$15,001 - $50,000",32500.5,False,Self,0D8D9AF8-1BFD-442A-87CF-82197A6A1FD0,https://efdsearch.senate.gov/search/view/paper/0D8D9AF8-1BFD-442A-87CF-82197A6A1FD0/,76bbb148eac9d131dfa89db7cbc893eff28f7451a994428a4c9c2b207df1a0bc,senate-efd-ocr,explicit,0
B001135,RICHARD M BURR,senate,Republican,NC,,False,2015-03-30,2015-04-10,AON,AON PLC,Stock,Sale,"$15,001 - $50,000",32500.5,False,Self,0D8D9AF8-1BFD-442A-87CF-82197A6A1FD0,https://efdsearch.senate.gov/search/view/paper/0D8D9AF8-1BFD-442A-87CF-82197A6A1FD0/,1276fad47da338d1d597e0700a38cbdba4528bfb88477fa36602a742b490d14d,senate-efd-ocr,explicit,0
W000805,MARK R WARNER,senate,Democrat,VA,"SSBK04; SSBK08; SSBK13; SSFI10; SSFI11; SSFI13; Senate Committee on Banking, Housing, and Urban Affairs; Senate Committee on Finance; Senate Committee on Rules and Administration; Senate Committee on the Budget; Senate Select Committee on Intelligence",True,2015-02-18,2015-03-19,,Expensify & Pixability,,Purchase,"$15,001 - $50,000",32500.5,False,Joint,1AF08743-0E7D-4B92-9BE7-B781FEC5AF66,https://efdsearch.senate.gov/search/view/paper/1AF08743-0E7D-4B92-9BE7-B781FEC5AF66/,00d1ec1ea2521cea19cf9ccd1af22616061ac81d0a8ff4cc9e27add9468d2f7a,senate-efd-ocr,explicit,0
W000805,MARK R WARNER,senate,Democrat,VA,"SSBK04; SSBK08; SSBK13; SSFI10; SSFI11; SSFI13; Senate Committee on Banking, Housing, and Urban Affairs; Senate Committee on Finance; Senate Committee on Rules and Administration; Senate Committee on the Budget; Senate Select Committee on Intelligence",True,2015-02-27,2015-02-19,,"Novus Special Situations, LLC",Other,Purchase,"$100,001 - $250,000",175000.5,False,Self,F85505B5-C8FE-47E7-BB97-1FFF5CFEDC06,https://efdsearch.senate.gov/search/view/paper/F85505B5-C8FE-47E7-BB97-1FFF5CFEDC06/,0cdf3f60e25fd6ed144da2b2ea261e4a0b5be425ace37fa97f9ab868e5a20ab9,senate-efd-ocr,explicit,0
W000805,MARK R WARNER,senate,Democrat,VA,"SSBK04; SSBK08; SSBK13; SSFI10; SSFI11; SSFI13; Senate Committee on Banking, Housing, and Urban Affairs; Senate Committee on Finance; Senate Committee on Rules and Administration; Senate Committee on the Budget; Senate Select Committee on Intelligence",True,2015-02-01,2015-02-19,,"Novus Special Situations, LLC",Other,Sale,"$15,001 - $50,000",32500.5,False,Self,F85505B5-C8FE-47E7-BB97-1FFF5CFEDC06,https://efdsearch.senate.gov/search/view/paper/F85505B5-C8FE-47E7-BB97-1FFF5CFEDC06/,6c8a4c4de57ee45b4229c79b5ed08940328bc44f9007547e3b916d7e266e4a57,senate-efd-ocr,explicit,0
W000805,MARK R WARNER,senate,Democrat,VA,"SSBK04; SSBK08; SSBK13; SSFI10; SSFI11; SSFI13; Senate Committee on Banking, Housing, and Urban Affairs; Senate Committee on Finance; Senate Committee on Rules and Administration; Senate Committee on the Budget; Senate Select Committee on Intelligence",True,2015-01-15,2015-02-19,,Norwegian Crystals AS,,Purchase,"$100,001 - $250,000",175000.5,False,Self,F85505B5-C8FE-47E7-BB97-1FFF5CFEDC06,https://efdsearch.senate.gov/search/view/paper/F85505B5-C8FE-47E7-BB97-1FFF5CFEDC06/,dd12b366c0e3cd0b7118cf26acce3c619ba690189c47bb46de09e7620bf1ace7,senate-efd-ocr,explicit,0
B001135,RICHARD M BURR,senate,Republican,NC,,False,2015-01-14,2015-01-21,,"Yamana Gold, Inc. (stock) NYSE",Stock,Purchase,"$15,001 - $50,000",32500.5,False,Self,E3A557F6-DCA0-4A7F-B65B-37DE8AE25403,https://efdsearch.senate.gov/search/view/paper/E3A557F6-DCA0-4A7F-B65B-37DE8AE25403/,b89ede658e433d1a89c5596fa3d73e0d5aab9cfd23fb2e157455820c7fee61b2,senate-efd-ocr,explicit,0
B001135,RICHARD M BURR,senate,Republican,NC,,False,2015-01-14,2015-01-21,,"Yamana Gold, Inc. (stock) NYSE",Stock,Sale,"$15,001 - $50,000",32500.5,False,Self,E3A557F6-DCA0-4A7F-B65B-37DE8AE25403,https://efdsearch.senate.gov/search/view/paper/E3A557F6-DCA0-4A7F-B65B-37DE8AE25403/,5fe7708161acd155c1b845ee2ae58bd9fed3c342ca3d80a598ba4b513a5ea219,senate-efd-ocr,explicit,0
B001135,RICHARD M BURR,senate,Republican,NC,,False,2015-01-07,2015-01-08,,"Level 3 Communications, Inc. (stock) NYSE",Stock,Purchase,"$1,001 - $15,000",8000.5,False,Joint,7E4DD64C-9D98-4B64-8EF6-E5F217FD3B32,https://efdsearch.senate.gov/search/view/paper/7E4DD64C-9D98-4B64-8EF6-E5F217FD3B32/,deefb0c4277d43d90cc957b0023840f671e673ed966ea2c27c1446bd7dd0ea9b,senate-efd-ocr,explicit,0
B001135,RICHARD M BURR,senate,Republican,NC,,False,2015-01-07,2015-01-08,,"Level 3 Communications, Inc. (stock) NYSE",Stock,Purchase,"$15,001 - $50,000",32500.5,False,Spouse,7E4DD64C-9D98-4B64-8EF6-E5F217FD3B32,https://efdsearch.senate.gov/search/view/paper/7E4DD64C-9D98-4B64-8EF6-E5F217FD3B32/,2b419d2d77bc7fae35d2f19aefe070c014b2badaca58101986a40b6e520f63a0,senate-efd-ocr,explicit,0
