doc_id,last,first,filing_type,state_district,filing_date_raw,disclosure_date,declarant_name,url_pdf
20007551,Banks,James E.,P,IN03,7/6/2017,2017-07-06,James E. Banks,https://disclosures-clerk.house.gov/public_disc/ptr-pdfs/2017/20007551.pdf
20006832,Barletta,Lou,P,PA11,3/1/2017,2017-03-01,Lou Barletta,https://disclosures-clerk.house.gov/public_disc/ptr-pdfs/2017/20006832.pdf
9111826,Bilirakis,Gus M.,P,FL12,9/26/2017,2017-09-26,Gus M. Bilirakis,https://disclosures-clerk.house.gov/public_disc/ptr-pdfs/2017/9111826.pdf
9112243,Bilirakis,Gus M.,P,FL12,1/9/2018,2018-01-09,Gus M. Bilirakis,https://disclosures-clerk.house.gov/public_disc/ptr-pdfs/2017/9112243.pdf
9110430,Black,Diane,P,TN06,2/7/2017,2017-02-07,Diane Black,https://disclosures-clerk.house.gov/public_disc/ptr-pdfs/2017/9110430.pdf
9110596,Black,Diane,P,TN06,3/28/2017,2017-03-28,Diane Black,https://disclosures-clerk.house.gov/public_disc/ptr-pdfs/2017/9110596.pdf
9110713,Black,Diane,P,TN06,5/5/2017,2017-05-05,Diane Black,https://disclosures-clerk.house.gov/public_disc/ptr-pdfs/2017/9110713.pdf
9110837,Black,Diane,P,TN06,5/23/2017,2017-05-23,Diane Black,https://disclosures-clerk.house.gov/public_disc/ptr-pdfs/2017/9110837.pdf
9111448,Black,Diane,P,TN06,7/17/2017,2017-07-17,Diane Black,https://disclosures-clerk.house.gov/public_disc/ptr-pdfs/2017/9111448.pdf
9111848,Black,Diane,P,TN06,10/2/2017,2017-10-02,Diane Black,https://disclosures-clerk.house.gov/public_disc/ptr-pdfs/2017/9111848.pdf
9111877,Black,Diane,P,TN06,10/11/2017,2017-10-11,Diane Black,https://disclosures-clerk.house.gov/public_disc/ptr-pdfs/2017/9111877.pdf
9112023,Black,Diane,P,TN06,11/8/2017,2017-11-08,Diane Black,https://disclosures-clerk.house.gov/public_disc/ptr-pdfs/2017/9112023.pdf
20007916,Blum,Rodney Leland,P,IA01,8/31/2017,2017-08-31,Rodney Leland Blum,https://disclosures-clerk.house.gov/public_disc/ptr-pdfs/2017/20007916.pdf
20006495,Blumenauer,Earl,P,OR03,1/6/2017,2017-01-06,Earl Blumenauer,https://disclosures-clerk.house.gov/public_disc/ptr-pdfs/2017/20006495.pdf
20006724,Blumenauer,Earl,P,OR03,2/8/2017,2017-02-08,Earl Blumenauer,https://disclosures-clerk.house.gov/public_disc/ptr-pdfs/2017/20006724.pdf
20006801,Blumenauer,Earl,P,OR03,2/23/2017,2017-02-23,Earl Blumenauer,https://disclosures-clerk.house.gov/public_disc/ptr-pdfs/2017/20006801.pdf
20006949,Blumenauer,Earl,P,OR03,3/20/2017,2017-03-20,Earl Blumenauer,https://disclosures-clerk.house.gov/public_disc/ptr-pdfs/2017/20006949.pdf
20007179,Blumenauer,Earl,P,OR03,5/2/2017,2017-05-02,Earl Blumenauer,https://disclosures-clerk.house.gov/public_disc/ptr-pdfs/2017/20007179.pdf
20007349,Blumenauer,Earl,P,OR03,5/23/2017,2017-05-23,Earl Blumenauer,https://disclosures-clerk.house.gov/public_disc/ptr-pdfs/2017/20007349.pdf
20007383,Blumenauer,Earl,P,OR03,6/1/2017,2017-06-01,Earl Blumenauer,https://disclosures-clerk.house.gov/public_disc/ptr-pdfs/2017/20007383.pdf
20007881,Blumenauer,Earl,P,OR03,8/22/2017,2017-08-22,Earl Blumenauer,https://disclosures-clerk.house.gov/public_disc/ptr-pdfs/2017/20007881.pdf
20007945,Blumenauer,Earl,P,OR03,9/12/2017,2017-09-12,Earl Blumenauer,https://disclosures-clerk.house.gov/public_disc/ptr-pdfs/2017/20007945.pdf
20008424,Blumenauer,Earl,P,OR03,11/20/2017,2017-11-20,Earl Blumenauer,https://disclosures-clerk.house.gov/public_disc/ptr-pdfs/2017/20008424.pdf
20008454,Blumenauer,Earl,P,OR03,11/28/2017,2017-11-28,Earl Blumenauer,https://disclosures-clerk.house.gov/public_disc/ptr-pdfs/2017/20008454.pdf
20007207,Blunt Rochester,Lisa,P,DE00,5/5/2017,2017-05-05,Lisa Blunt Rochester,https://disclosures-clerk.house.gov/public_disc/ptr-pdfs/2017/20007207.pdf
20007570,Blunt Rochester,Lisa,P,DE00,7/5/2017,2017-07-05,Lisa Blunt Rochester,https://disclosures-clerk.house.gov/public_disc/ptr-pdfs/2017/20007570.pdf
20007733,Blunt Rochester,Lisa,P,DE00,8/3/2017,2017-08-03,Lisa Blunt Rochester,https://disclosures-clerk.house.gov/public_disc/ptr-pdfs/2017/20007733.pdf
20007972,Blunt Rochester,Lisa,P,DE00,9/12/2017,2017-09-12,Lisa Blunt Rochester,https://disclosures-clerk.house.gov/public_disc/ptr-pdfs/2017/20007972.pdf
20008520,Blunt Rochester,Lisa,P,DE00,12/7/2017,2017-12-07,Lisa Blunt Rochester,https://disclosures-clerk.house.gov/public_disc/ptr-pdfs/2017/20008520.pdf
20006641,Brooks,Mo,P,AL05,1/31/2017,2017-01-31,Mo Brooks,https://disclosures-clerk.house.gov/public_disc/ptr-pdfs/2017/20006641.pdf
20006768,Brooks,Mo,P,AL05,2/16/2017,2017-02-16,Mo Brooks,https://disclosures-clerk.house.gov/public_disc/ptr-pdfs/2017/20006768.pdf
20006992,Brooks,Mo,P,AL05,4/3/2017,2017-04-03,Mo Brooks,https://disclosures-clerk.house.gov/public_disc/ptr-pdfs/2017/20006992.pdf
20007279,Brooks,Mo,P,AL05,5/13/2017,2017-05-13,Mo Brooks,https://disclosures-clerk.house.gov/public_disc/ptr-pdfs/2017/20007279.pdf
20007410,Brooks,Mo,P,AL05,6/5/2017,2017-06-05,Mo Brooks,https://disclosures-clerk.house.gov/public_disc/ptr-pdfs/2017/20007410.pdf
20007636,Brooks,Mo,P,AL05,7/16/2017,2017-07-16,Mo Brooks,https://disclosures-clerk.house.gov/public_disc/ptr-pdfs/2017/20007636.pdf
20007835,Brooks,Mo,P,AL05,8/17/2017,2017-08-17,Mo Brooks,https://disclosures-clerk.house.gov/public_disc/ptr-pdfs/2017/20007835.pdf
20008301,Brooks,Mo,P,AL05,10/30/2017,2017-10-30,Mo Brooks,https://disclosures-clerk.house.gov/public_disc/ptr-pdfs/2017/20008301.pdf
20008596,Brooks,Mo,P,AL05,12/21/2017,2017-12-21,Mo Brooks,https://disclosures-clerk.house.gov/public_disc/ptr-pdfs/2017/20008596.pdf
20007073,Brooks,Susan W.,P,IN05,5/3/2017,2017-05-03,Susan W. Brooks,https://disclosures-clerk.house.gov/public_disc/ptr-pdfs/2017/20007073.pdf
20007640,Brooks,Susan W.,P,IN05,7/17/2017,2017-07-17,Susan W. Brooks,https://disclosures-clerk.house.gov/public_disc/ptr-pdfs/2017/20007640.pdf
20006600,Buchanan,Vern,P,FL16,1/23/2017,2017-01-23,Vern Buchanan,https://disclosures-clerk.house.gov/public_disc/ptr-pdfs/2017/20006600.pdf
20006797,Buchanan,Vern,P,FL16,2/23/2017,2017-02-23,Vern Buchanan,https://disclosures-clerk.house.gov/public_disc/ptr-pdfs/2017/20006797.pdf
20007101,Buchanan,Vern,P,FL16,4/21/2017,2017-04-21,Vern Buchanan,https://disclosures-clerk.house.gov/public_disc/ptr-pdfs/2017/20007101.pdf
20007407,Buchanan,Vern,P,FL16,6/5/2017,2017-06-05,Vern Buchanan,https://disclosures-clerk.house.gov/public_disc/ptr-pdfs/2017/20007407.pdf
20008250,Buchanan,Vern,P,FL16,10/20/2017,2017-10-20,Vern Buchanan,https://disclosures-clerk.house.gov/public_disc/ptr-pdfs/2017/20008250.pdf
20008451,Buchanan,Vern,P,FL16,11/28/2017,2017-11-28,Vern Buchanan,https://disclosures-clerk.house.gov/public_disc/ptr-pdfs/2017/20008451.pdf
20008588,Buchanan,Vern,P,FL16,12/20/2017,2017-12-20,Vern Buchanan,https://disclosures-clerk.house.gov/public_disc/ptr-pdfs/2017/20008588.pdf
20007519,Buck,Kenneth R.,P,CO04,6/23/2017,2017-06-23,Kenneth R. Buck,https://disclosures-clerk.house.gov/public_disc/ptr-pdfs/2017/20007519.pdf
20008310,Buck,Kenneth R.,P,CO04,11/2/2017,2017-11-02,Kenneth R. Buck,https://disclosures-clerk.house.gov/public_disc/ptr-pdfs/2017/20008310.pdf
20008536,Buck,Kenneth R.,P,CO04,12/11/2017,2017-12-11,Kenneth R. Buck,https://disclosures-clerk.house.gov/public_disc/ptr-pdfs/2017/20008536.pdf
20005631,Bustos,Cheri,P,IL17,2/9/2017,2017-02-09,Cheri Bustos,https://disclosures-clerk.house.gov/public_disc/ptr-pdfs/2017/20005631.pdf
20007260,Bustos,Cheri,P,IL17,5/15/2017,2017-05-15,Cheri Bustos,https://disclosures-clerk.house.gov/public_disc/ptr-pdfs/2017/20007260.pdf
20006540,Castor,Kathy,P,FL14,1/11/2017,2017-01-11,Kathy Castor,https://disclosures-clerk.house.gov/public_disc/ptr-pdfs/2017/20006540.pdf
20006751,Castor,Kathy,P,FL14,2/15/2017,2017-02-15,Kathy Castor,https://disclosures-clerk.house.gov/public_disc/ptr-pdfs/2017/20006751.pdf
20006946,Castor,Kathy,P,FL14,3/20/2017,2017-03-20,Kathy Castor,https://disclosures-clerk.house.gov/public_disc/ptr-pdfs/2017/20006946.pdf
20007192,Castor,Kathy,P,FL14,5/3/2017,2017-05-03,Kathy Castor,https://disclosures-clerk.house.gov/public_disc/ptr-pdfs/2017/20007192.pdf
20007742,Castor,Kathy,P,FL14,8/4/2017,2017-08-04,Kathy Castor,https://disclosures-clerk.house.gov/public_disc/ptr-pdfs/2017/20007742.pdf
20006511,Chu,Judy,P,CA27,1/25/2017,2017-01-25,Judy Chu,https://disclosures-clerk.house.gov/public_disc/ptr-pdfs/2017/20006511.pdf
20006729,Chu,Judy,P,CA27,3/14/2017,2017-03-14,Judy Chu,https://disclosures-clerk.house.gov/public_disc/ptr-pdfs/2017/20006729.pdf
20007035,Chu,Judy,P,CA27,4/14/2017,2017-04-14,Judy Chu,https://disclosures-clerk.house.gov/public_disc/ptr-pdfs/2017/20007035.pdf
20007211,Chu,Judy,P,CA27,5/15/2017,2017-05-15,Judy Chu,https://disclosures-clerk.house.gov/public_disc/ptr-pdfs/2017/20007211.pdf
20007444,Chu,Judy,P,CA27,6/16/2017,2017-06-16,Judy Chu,https://disclosures-clerk.house.gov/public_disc/ptr-pdfs/2017/20007444.pdf
20007601,Chu,Judy,P,CA27,7/16/2017,2017-07-16,Judy Chu,https://disclosures-clerk.house.gov/public_disc/ptr-pdfs/2017/20007601.pdf
20007774,Chu,Judy,P,CA27,8/18/2017,2017-08-18,Judy Chu,https://disclosures-clerk.house.gov/public_disc/ptr-pdfs/2017/20007774.pdf
20008008,Chu,Judy,P,CA27,9/18/2017,2017-09-18,Judy Chu,https://disclosures-clerk.house.gov/public_disc/ptr-pdfs/2017/20008008.pdf
20008205,Chu,Judy,P,CA27,10/18/2017,2017-10-18,Judy Chu,https://disclosures-clerk.house.gov/public_disc/ptr-pdfs/2017/20008205.pdf
20008372,Chu,Judy,P,CA27,11/12/2017,2017-11-12,Judy Chu,https://disclosures-clerk.house.gov/public_disc/ptr-pdfs/2017/20008372.pdf
20008543,Chu,Judy,P,CA27,12/17/2017,2017-12-17,Judy Chu,https://disclosures-clerk.house.gov/public_disc/ptr-pdfs/2017/20008543.pdf
20006507,Clark,Katherine M.,P,MA05,1/9/2017,2017-01-09,Katherine M. Clark,https://disclosures-clerk.house.gov/public_disc/ptr-pdfs/2017/20006507.pdf
20006852,Clark,Katherine M.,P,MA05,3/3/2017,2017-03-03,Katherine M. Clark,https://disclosures-clerk.house.gov/public_disc/ptr-pdfs/2017/20006852.pdf
20007017,Clark,Katherine M.,P,MA05,4/6/2017,2017-04-06,Katherine M. Clark,https://disclosures-clerk.house.gov/public_disc/ptr-pdfs/2017/20007017.pdf
20007240,Clark,Katherine M.,P,MA05,5/9/2017,2017-05-09,Katherine M. Clark,https://disclosures-clerk.house.gov/public_disc/ptr-pdfs/2017/20007240.pdf
20007336,Clark,Katherine M.,P,MA05,5/25/2017,2017-05-25,Katherine M. Clark,https://disclosures-clerk.house.gov/public_disc/ptr-pdfs/2017/20007336.pdf
20007587,Clark,Katherine M.,P,MA05,7/7/2017,2017-07-07,Katherine M. Clark,https://disclosures-clerk.house.gov/public_disc/ptr-pdfs/2017/20007587.pdf
20007829,Clark,Katherine M.,P,MA05,8/15/2017,2017-08-15,Katherine M. Clark,https://disclosures-clerk.house.gov/public_disc/ptr-pdfs/2017/20007829.pdf
20008419,Clark,Katherine M.,P,MA05,11/18/2017,2017-11-18,Katherine M. Clark,https://disclosures-clerk.house.gov/public_disc/ptr-pdfs/2017/20008419.pdf
20008481,Clark,Katherine M.,P,MA05,12/1/2017,2017-12-01,Katherine M. Clark,https://disclosures-clerk.house.gov/public_disc/ptr-pdfs/2017/20008481.pdf
20006649,Cohen,Steve,P,TN09,1/31/2017,2017-01-31,Steve Cohen,https://disclosures-clerk.house.gov/public_disc/ptr-pdfs/2017/20006649.pdf
20006665,Cohen,Steve,P,TN09,2/2/2017,2017-02-02,Steve Cohen,https://disclosures-clerk.house.gov/public_disc/ptr-pdfs/2017/20006665.pdf
20007117,Cohen,Steve,P,TN09,4/25/2017,2017-04-25,Steve Cohen,https://disclosures-clerk.house.gov/public_disc/ptr-pdfs/2017/20007117.pdf
20007120,Cohen,Steve,P,TN09,4/25/2017,2017-04-25,Steve Cohen,https://disclosures-clerk.house.gov/public_disc/ptr-pdfs/2017/20007120.pdf
20007804,Cohen,Steve,P,TN09,8/11/2017,2017-08-11,Steve Cohen,https://disclosures-clerk.house.gov/public_disc/ptr-pdfs/2017/20007804.pdf
20007967,Cohen,Steve,P,TN09,9/7/2017,2017-09-07,Steve Cohen,https://disclosures-clerk.house.gov/public_disc/ptr-pdfs/2017/20007967.pdf
20008102,Cohen,Steve,P,TN09,9/27/2017,2017-09-27,Steve Cohen,https://disclosures-clerk.house.gov/public_disc/ptr-pdfs/2017/20008102.pdf
20008217,Cohen,Steve,P,TN09,10/16/2017,2017-10-16,Steve Cohen,https://disclosures-clerk.house.gov/public_disc/ptr-pdfs/2017/20008217.pdf
9110617,Collins,Chris,P,NY27,4/4/2017,2017-04-04,Chris Collins,https://disclosures-clerk.house.gov/public_disc/ptr-pdfs/2017/9110617.pdf
9111719,Collins,Chris,P,NY27,9/5/2017,2017-09-05,Chris Collins,https://disclosures-clerk.house.gov/public_disc/ptr-pdfs/2017/9111719.pdf
9111847,Collins,Chris,P,NY27,10/2/2017,2017-10-02,Chris Collins,https://disclosures-clerk.house.gov/public_disc/ptr-pdfs/2017/9111847.pdf
9112040,Collins,Chris,P,NY27,11/14/2017,2017-11-14,Chris Collins,https://disclosures-clerk.house.gov/public_disc/ptr-pdfs/2017/9112040.pdf
9112119,Collins,Chris,P,NY27,11/29/2017,2017-11-29,Chris Collins,https://disclosures-clerk.house.gov/public_disc/ptr-pdfs/2017/9112119.pdf
9111742,Comer,James,P,KY01,9/7/2017,2017-09-07,James Comer,https://disclosures-clerk.house.gov/public_disc/ptr-pdfs/2017/9111742.pdf
9111846,Comer,James,P,KY01,10/3/2017,2017-10-03,James Comer,https://disclosures-clerk.house.gov/public_disc/ptr-pdfs/2017/9111846.pdf
9111988,Comer,James,P,KY01,11/1/2017,2017-11-01,James Comer,https://disclosures-clerk.house.gov/public_disc/ptr-pdfs/2017/9111988.pdf
9112142,Comer,James,P,KY01,12/1/2017,2017-12-01,James Comer,https://disclosures-clerk.house.gov/public_disc/ptr-pdfs/2017/9112142.pdf
9112242,Comer,James,P,KY01,1/9/2018,2018-01-09,James Comer,https://disclosures-clerk.house.gov/public_disc/ptr-pdfs/2017/9112242.pdf
20006695,Comstock,Barbara J Honorable,P,VA10,2/6/2017,2017-02-06,Barbara J Honorable Comstock,https://disclosures-clerk.house.gov/public_disc/ptr-pdfs/2017/20006695.pdf
20006777,Comstock,Barbara J Honorable,P,VA10,2/18/2017,2017-02-18,Barbara J Honorable Comstock,https://disclosures-clerk.house.gov/public_disc/ptr-pdfs/2017/20006777.pdf
20007350,Comstock,Barbara J Honorable,P,VA10,5/23/2017,2017-05-23,Barbara J Honorable Comstock,https://disclosures-clerk.house.gov/public_disc/ptr-pdfs/2017/20007350.pdf
20007359,Comstock,Barbara J Honorable,P,VA10,5/24/2017,2017-05-24,Barbara J Honorable Comstock,https://disclosures-clerk.house.gov/public_disc/ptr-pdfs/2017/20007359.pdf
20007630,Comstock,Barbara J Honorable,P,VA10,7/14/2017,2017-07-14,Barbara J Honorable Comstock,https://disclosures-clerk.house.gov/public_disc/ptr-pdfs/2017/20007630.pdf
20007812,Comstock,Barbara J Honorable,P,VA10,8/14/2017,2017-08-14,Barbara J Honorable Comstock,https://disclosures-clerk.house.gov/public_disc/ptr-pdfs/2017/20007812.pdf
20008210,Comstock,Barbara J Honorable,P,VA10,10/13/2017,2017-10-13,Barbara J Honorable Comstock,https://disclosures-clerk.house.gov/public_disc/ptr-pdfs/2017/20008210.pdf
20008373,Comstock,Barbara J Honorable,P,VA10,11/8/2017,2017-11-08,Barbara J Honorable Comstock,https://disclosures-clerk.house.gov/public_disc/ptr-pdfs/2017/20008373.pdf
20008442,Comstock,Barbara J Honorable,P,VA10,11/24/2017,2017-11-24,Barbara J Honorable Comstock,https://disclosures-clerk.house.gov/public_disc/ptr-pdfs/2017/20008442.pdf
20008586,Comstock,Barbara J Honorable,P,VA10,12/19/2017,2017-12-19,Barbara J Honorable Comstock,https://disclosures-clerk.house.gov/public_disc/ptr-pdfs/2017/20008586.pdf
20006448,Conaway,K. Michael,P,TX11,1/4/2017,2017-01-04,K. Michael Conaway,https://disclosures-clerk.house.gov/public_disc/ptr-pdfs/2017/20006448.pdf
20006694,Conaway,K. Michael,P,TX11,2/6/2017,2017-02-06,K. Michael Conaway,https://disclosures-clerk.house.gov/public_disc/ptr-pdfs/2017/20006694.pdf
20006700,Conaway,K. Michael,P,TX11,2/7/2017,2017-02-07,K. Michael Conaway,https://disclosures-clerk.house.gov/public_disc/ptr-pdfs/2017/20006700.pdf
20006839,Conaway,K. Michael,P,TX11,3/2/2017,2017-03-02,K. Michael Conaway,https://disclosures-clerk.house.gov/public_disc/ptr-pdfs/2017/20006839.pdf
20006989,Conaway,K. Michael,P,TX11,4/2/2017,2017-04-02,K. Michael Conaway,https://disclosures-clerk.house.gov/public_disc/ptr-pdfs/2017/20006989.pdf
20007185,Conaway,K. Michael,P,TX11,5/3/2017,2017-05-03,K. Michael Conaway,https://disclosures-clerk.house.gov/public_disc/ptr-pdfs/2017/20007185.pdf
20007393,Conaway,K. Michael,P,TX11,6/6/2017,2017-06-06,K. Michael Conaway,https://disclosures-clerk.house.gov/public_disc/ptr-pdfs/2017/20007393.pdf
20007468,Conaway,K. Michael,P,TX11,6/14/2017,2017-06-14,K. Michael Conaway,https://disclosures-clerk.house.gov/public_disc/ptr-pdfs/2017/20007468.pdf
20007730,Conaway,K. Michael,P,TX11,8/2/2017,2017-08-02,K. Michael Conaway,https://disclosures-clerk.house.gov/public_disc/ptr-pdfs/2017/20007730.pdf
20008162,Conaway,K. Michael,P,TX11,10/4/2017,2017-10-04,K. Michael Conaway,https://disclosures-clerk.house.gov/public_disc/ptr-pdfs/2017/20008162.pdf
20008172,Conaway,K. Michael,P,TX11,10/5/2017,2017-10-05,K. Michael Conaway,https://disclosures-clerk.house.gov/public_disc/ptr-pdfs/2017/20008172.pdf
20008329,Conaway,K. Michael,P,TX11,11/4/2017,2017-11-04,K. Michael Conaway,https://disclosures-clerk.house.gov/public_disc/ptr-pdfs/2017/20008329.pdf
20008516,Conaway,K. Michael,P,TX11,12/6/2017,2017-12-06,K. Michael Conaway,https://disclosures-clerk.house.gov/public_disc/ptr-pdfs/2017/20008516.pdf
20006554,Connolly,Gerald E.,P,VA11,1/13/2017,2017-01-13,Gerald E. Connolly,https://disclosures-clerk.house.gov/public_disc/ptr-pdfs/2017/20006554.pdf
20007081,Connolly,Gerald E.,P,VA11,4/19/2017,2017-04-19,Gerald E. Connolly,https://disclosures-clerk.house.gov/public_disc/ptr-pdfs/2017/20007081.pdf
20007183,Connolly,Gerald E.,P,VA11,5/2/2017,2017-05-02,Gerald E. Connolly,https://disclosures-clerk.house.gov/public_disc/ptr-pdfs/2017/20007183.pdf
20007572,Connolly,Gerald E.,P,VA11,7/6/2017,2017-07-06,Gerald E. Connolly,https://disclosures-clerk.house.gov/public_disc/ptr-pdfs/2017/20007572.pdf
20008349,Connolly,Gerald E.,P,VA11,11/7/2017,2017-11-07,Gerald E. Connolly,https://disclosures-clerk.house.gov/public_disc/ptr-pdfs/2017/20008349.pdf
20006412,Cooper,Jim,P,TN05,1/4/2017,2017-01-04,Jim Cooper,https://disclosures-clerk.house.gov/public_disc/ptr-pdfs/2017/20006412.pdf
20006723,Crist,Charlie Joseph,P,FL13,3/6/2017,2017-03-06,Charlie Joseph Crist,https://disclosures-clerk.house.gov/public_disc/ptr-pdfs/2017/20006723.pdf
20006954,Crist,Charlie Joseph,P,FL13,3/23/2017,2017-03-23,Charlie Joseph Crist,https://disclosures-clerk.house.gov/public_disc/ptr-pdfs/2017/20006954.pdf
9110616,Culberson,John Abney,P,TX07,4/6/2017,2017-04-06,John Abney Culberson,https://disclosures-clerk.house.gov/public_disc/ptr-pdfs/2017/9110616.pdf
9111345,Culberson,John Abney,P,TX07,6/27/2017,2017-06-27,John Abney Culberson,https://disclosures-clerk.house.gov/public_disc/ptr-pdfs/2017/9111345.pdf
20007382,Curbelo,Carlos,P,FL26,6/1/2017,2017-06-01,Carlos Curbelo,https://disclosures-clerk.house.gov/public_disc/ptr-pdfs/2017/20007382.pdf
20007620,Curbelo,Carlos,P,FL26,7/13/2017,2017-07-13,Carlos Curbelo,https://disclosures-clerk.house.gov/public_disc/ptr-pdfs/2017/20007620.pdf
20007737,Curbelo,Carlos,P,FL26,8/4/2017,2017-08-04,Carlos Curbelo,https://disclosures-clerk.house.gov/public_disc/ptr-pdfs/2017/20007737.pdf
20007872,Curbelo,Carlos,P,FL26,8/21/2017,2017-08-21,Carlos Curbelo,https://disclosures-clerk.house.gov/public_disc/ptr-pdfs/2017/20007872.pdf
20008049,Curbelo,Carlos,P,FL26,9/18/2017,2017-09-18,Carlos Curbelo,https://disclosures-clerk.house.gov/public_disc/ptr-pdfs/2017/20008049.pdf
20008139,Curbelo,Carlos,P,FL26,10/3/2017,2017-10-03,Carlos Curbelo,https://disclosures-clerk.house.gov/public_disc/ptr-pdfs/2017/20008139.pdf
20008330,Curbelo,Carlos,P,FL26,11/3/2017,2017-11-03,Carlos Curbelo,https://disclosures-clerk.house.gov/public_disc/ptr-pdfs/2017/20008330.pdf
20008569,Curbelo,Carlos,P,FL26,12/14/2017,2017-12-14,Carlos Curbelo,https://disclosures-clerk.house.gov/public_disc/ptr-pdfs/2017/20008569.pdf
20006516,Curbelo,Carlos Mr,P,FL26,1/10/2017,2017-01-10,Carlos Mr Curbelo,https://disclosures-clerk.house.gov/public_disc/ptr-pdfs/2017/20006516.pdf
20006644,Curbelo,Carlos Mr,P,FL26,1/31/2017,2017-01-31,Carlos Mr Curbelo,https://disclosures-clerk.house.gov/public_disc/ptr-pdfs/2017/20006644.pdf
20006715,Curbelo,Carlos Mr,P,FL26,2/7/2017,2017-02-07,Carlos Mr Curbelo,https://disclosures-clerk.house.gov/public_disc/ptr-pdfs/2017/20006715.pdf
20006840,Curbelo,Carlos Mr,P,FL26,3/2/2017,2017-03-02,Carlos Mr Curbelo,https://disclosures-clerk.house.gov/public_disc/ptr-pdfs/2017/20006840.pdf
20006994,Curbelo,Carlos Mr,P,FL26,4/3/2017,2017-04-03,Carlos Mr Curbelo,https://disclosures-clerk.house.gov/public_disc/ptr-pdfs/2017/20006994.pdf
20007018,Curbelo,Carlos Mr,P,FL26,4/6/2017,2017-04-06,Carlos Mr Curbelo,https://disclosures-clerk.house.gov/public_disc/ptr-pdfs/2017/20007018.pdf
20007684,Davis,Susan A.,P,CA53,7/31/2017,2017-07-31,Susan A. Davis,https://disclosures-clerk.house.gov/public_disc/ptr-pdfs/2017/20007684.pdf
20008065,Davis,Susan A.,P,CA53,9/26/2017,2017-09-26,Susan A. Davis,https://disclosures-clerk.house.gov/public_disc/ptr-pdfs/2017/20008065.pdf
20008319,Davis,Susan A.,P,CA53,11/16/2017,2017-11-16,Susan A. Davis,https://disclosures-clerk.house.gov/public_disc/ptr-pdfs/2017/20008319.pdf
9110390,Delaney,John K.,P,MD06,1/27/2017,2017-01-27,John K. Delaney,https://disclosures-clerk.house.gov/public_disc/ptr-pdfs/2017/9110390.pdf
9110429,Delaney,John K.,P,MD06,2/6/2017,2017-02-06,John K. Delaney,https://disclosures-clerk.house.gov/public_disc/ptr-pdfs/2017/9110429.pdf
9110497,Delaney,John K.,P,MD06,2/28/2017,2017-02-28,John K. Delaney,https://disclosures-clerk.house.gov/public_disc/ptr-pdfs/2017/9110497.pdf
9110550,Delaney,John K.,P,MD06,3/15/2017,2017-03-15,John K. Delaney,https://disclosures-clerk.house.gov/public_disc/ptr-pdfs/2017/9110550.pdf
9110569,Delaney,John K.,P,MD06,3/21/2017,2017-03-21,John K. Delaney,https://disclosures-clerk.house.gov/public_disc/ptr-pdfs/2017/9110569.pdf
9110642,Delaney,John K.,P,MD06,4/13/2017,2017-04-13,John K. Delaney,https://disclosures-clerk.house.gov/public_disc/ptr-pdfs/2017/9110642.pdf
9110688,Delaney,John K.,P,MD06,4/26/2017,2017-04-26,John K. Delaney,https://disclosures-clerk.house.gov/public_disc/ptr-pdfs/2017/9110688.pdf
9110732,Delaney,John K.,P,MD06,5/9/2017,2017-05-09,John K. Delaney,https://disclosures-clerk.house.gov/public_disc/ptr-pdfs/2017/9110732.pdf
9110836,Delaney,John K.,P,MD06,5/23/2017,2017-05-23,John K. Delaney,https://disclosures-clerk.house.gov/public_disc/ptr-pdfs/2017/9110836.pdf
9111285,Delaney,John K.,P,MD06,6/14/2017,2017-06-14,John K. Delaney,https://disclosures-clerk.house.gov/public_disc/ptr-pdfs/2017/9111285.pdf
9111323,Delaney,John K.,P,MD06,6/23/2017,2017-06-23,John K. Delaney,https://disclosures-clerk.house.gov/public_disc/ptr-pdfs/2017/9111323.pdf
9111398,Delaney,John K.,P,MD06,7/12/2017,2017-07-12,John K. Delaney,https://disclosures-clerk.house.gov/public_disc/ptr-pdfs/2017/9111398.pdf
9111440,Delaney,John K.,P,MD06,7/20/2017,2017-07-20,John K. Delaney,https://disclosures-clerk.house.gov/public_disc/ptr-pdfs/2017/9111440.pdf
9111574,Delaney,John K.,P,MD06,8/10/2017,2017-08-10,John K. Delaney,https://disclosures-clerk.house.gov/public_disc/ptr-pdfs/2017/9111574.pdf
9111613,Delaney,John K.,P,MD06,8/11/2017,2017-08-11,John K. Delaney,https://disclosures-clerk.house.gov/public_disc/ptr-pdfs/2017/9111613.pdf
9111714,Delaney,John K.,P,MD06,8/29/2017,2017-08-29,John K. Delaney,https://disclosures-clerk.house.gov/public_disc/ptr-pdfs/2017/9111714.pdf
9111763,Delaney,John K.,P,MD06,9/12/2017,2017-09-12,John K. Delaney,https://disclosures-clerk.house.gov/public_disc/ptr-pdfs/2017/9111763.pdf
9111825,Delaney,John K.,P,MD06,9/26/2017,2017-09-26,John K. Delaney,https://disclosures-clerk.house.gov/public_disc/ptr-pdfs/2017/9111825.pdf
9111897,Delaney,John K.,P,MD06,10/12/2017,2017-10-12,John K. Delaney,https://disclosures-clerk.house.gov/public_disc/ptr-pdfs/2017/9111897.pdf
9111934,Delaney,John K.,P,MD06,10/24/2017,2017-10-24,John K. Delaney,https://disclosures-clerk.house.gov/public_disc/ptr-pdfs/2017/9111934.pdf
9112022,Delaney,John K.,P,MD06,11/13/2017,2017-11-13,John K. Delaney,https://disclosures-clerk.house.gov/public_disc/ptr-pdfs/2017/9112022.pdf
9112141,Delaney,John K.,P,MD06,11/29/2017,2017-11-29,John K. Delaney,https://disclosures-clerk.house.gov/public_disc/ptr-pdfs/2017/9112141.pdf
9112174,Delaney,John K.,P,MD06,12/13/2017,2017-12-13,John K. Delaney,https://disclosures-clerk.house.gov/public_disc/ptr-pdfs/2017/9112174.pdf
9112241,Delaney,John K.,P,MD06,1/4/2018,2018-01-04,John K. Delaney,https://disclosures-clerk.house.gov/public_disc/ptr-pdfs/2017/9112241.pdf
9112255,Delaney,John K.,P,MD06,1/9/2018,2018-01-09,John K. Delaney,https://disclosures-clerk.house.gov/public_disc/ptr-pdfs/2017/9112255.pdf
20006479,DelBene,Suzan K.,P,WA01,1/10/2017,2017-01-10,Suzan K. DelBene,https://disclosures-clerk.house.gov/public_disc/ptr-pdfs/2017/20006479.pdf
20006667,DelBene,Suzan K.,P,WA01,2/11/2017,2017-02-11,Suzan K. DelBene,https://disclosures-clerk.house.gov/public_disc/ptr-pdfs/2017/20006667.pdf
20006996,DelBene,Suzan K.,P,WA01,4/5/2017,2017-04-05,Suzan K. DelBene,https://disclosures-clerk.house.gov/public_disc/ptr-pdfs/2017/20006996.pdf
20007161,DelBene,Suzan K.,P,WA01,5/10/2017,2017-05-10,Suzan K. DelBene,https://disclosures-clerk.house.gov/public_disc/ptr-pdfs/2017/20007161.pdf
20007397,DelBene,Suzan K.,P,WA01,6/8/2017,2017-06-08,Suzan K. DelBene,https://disclosures-clerk.house.gov/public_disc/ptr-pdfs/2017/20007397.pdf
20007565,DelBene,Suzan K.,P,WA01,7/16/2017,2017-07-16,Suzan K. DelBene,https://disclosures-clerk.house.gov/public_disc/ptr-pdfs/2017/20007565.pdf
20007729,DelBene,Suzan K.,P,WA01,8/16/2017,2017-08-16,Suzan K. DelBene,https://disclosures-clerk.house.gov/public_disc/ptr-pdfs/2017/20007729.pdf
20007986,DelBene,Suzan K.,P,WA01,9/19/2017,2017-09-19,Suzan K. DelBene,https://disclosures-clerk.house.gov/public_disc/ptr-pdfs/2017/20007986.pdf
20008149,DelBene,Suzan K.,P,WA01,11/3/2017,2017-11-03,Suzan K. DelBene,https://disclosures-clerk.house.gov/public_disc/ptr-pdfs/2017/20008149.pdf
20008332,DelBene,Suzan K.,P,WA01,11/11/2017,2017-11-11,Suzan K. DelBene,https://disclosures-clerk.house.gov/public_disc/ptr-pdfs/2017/20008332.pdf
20008500,DelBene,Suzan K.,P,WA01,12/16/2017,2017-12-16,Suzan K. DelBene,https://disclosures-clerk.house.gov/public_disc/ptr-pdfs/2017/20008500.pdf
20006517,Dingell,Debbie,P,MI12,1/11/2017,2017-01-11,Debbie Dingell,https://disclosures-clerk.house.gov/public_disc/ptr-pdfs/2017/20006517.pdf
20006698,Dingell,Debbie,P,MI12,2/7/2017,2017-02-07,Debbie Dingell,https://disclosures-clerk.house.gov/public_disc/ptr-pdfs/2017/20006698.pdf
20006883,Dingell,Debbie,P,MI12,3/9/2017,2017-03-09,Debbie Dingell,https://disclosures-clerk.house.gov/public_disc/ptr-pdfs/2017/20006883.pdf
20006909,Dingell,Debbie,P,MI12,3/15/2017,2017-03-15,Debbie Dingell,https://disclosures-clerk.house.gov/public_disc/ptr-pdfs/2017/20006909.pdf
20006957,Dingell,Debbie,P,MI12,3/22/2017,2017-03-22,Debbie Dingell,https://disclosures-clerk.house.gov/public_disc/ptr-pdfs/2017/20006957.pdf
20007001,Dingell,Debbie,P,MI12,4/5/2017,2017-04-05,Debbie Dingell,https://disclosures-clerk.house.gov/public_disc/ptr-pdfs/2017/20007001.pdf
20007052,Dingell,Debbie,P,MI12,4/11/2017,2017-04-11,Debbie Dingell,https://disclosures-clerk.house.gov/public_disc/ptr-pdfs/2017/20007052.pdf
20007189,Dingell,Debbie,P,MI12,5/4/2017,2017-05-04,Debbie Dingell,https://disclosures-clerk.house.gov/public_disc/ptr-pdfs/2017/20007189.pdf
20007308,Dingell,Debbie,P,MI12,6/1/2017,2017-06-01,Debbie Dingell,https://disclosures-clerk.house.gov/public_disc/ptr-pdfs/2017/20007308.pdf
20007474,Dingell,Debbie,P,MI12,6/14/2017,2017-06-14,Debbie Dingell,https://disclosures-clerk.house.gov/public_disc/ptr-pdfs/2017/20007474.pdf
20007647,Dingell,Debbie,P,MI12,7/20/2017,2017-07-20,Debbie Dingell,https://disclosures-clerk.house.gov/public_disc/ptr-pdfs/2017/20007647.pdf
20007784,Dingell,Debbie,P,MI12,8/23/2017,2017-08-23,Debbie Dingell,https://disclosures-clerk.house.gov/public_disc/ptr-pdfs/2017/20007784.pdf
20007942,Dingell,Debbie,P,MI12,9/12/2017,2017-09-12,Debbie Dingell,https://disclosures-clerk.house.gov/public_disc/ptr-pdfs/2017/20007942.pdf
20007996,Dingell,Debbie,P,MI12,9/28/2017,2017-09-28,Debbie Dingell,https://disclosures-clerk.house.gov/public_disc/ptr-pdfs/2017/20007996.pdf
20008274,Dingell,Debbie,P,MI12,10/26/2017,2017-10-26,Debbie Dingell,https://disclosures-clerk.house.gov/public_disc/ptr-pdfs/2017/20008274.pdf
20008351,Dingell,Debbie,P,MI12,11/8/2017,2017-11-08,Debbie Dingell,https://disclosures-clerk.house.gov/public_disc/ptr-pdfs/2017/20008351.pdf
20008427,Dingell,Debbie,P,MI12,11/21/2017,2017-11-21,Debbie Dingell,https://disclosures-clerk.house.gov/public_disc/ptr-pdfs/2017/20008427.pdf
20008511,Dingell,Debbie,P,MI12,12/7/2017,2017-12-07,Debbie Dingell,https://disclosures-clerk.house.gov/public_disc/ptr-pdfs/2017/20008511.pdf
20006463,Doggett,Lloyd,P,TX35,1/3/2017,2017-01-03,Lloyd Doggett,https://disclosures-clerk.house.gov/public_disc/ptr-pdfs/2017/20006463.pdf
20006863,Doggett,Lloyd,P,TX35,3/6/2017,2017-03-06,Lloyd Doggett,https://disclosures-clerk.house.gov/public_disc/ptr-pdfs/2017/20006863.pdf
20006991,Doggett,Lloyd,P,TX35,4/3/2017,2017-04-03,Lloyd Doggett,https://disclosures-clerk.house.gov/public_disc/ptr-pdfs/2017/20006991.pdf
20007190,Doggett,Lloyd,P,TX35,5/3/2017,2017-05-03,Lloyd Doggett,https://disclosures-clerk.house.gov/public_disc/ptr-pdfs/2017/20007190.pdf
20007459,Doggett,Lloyd,P,TX35,6/12/2017,2017-06-12,Lloyd Doggett,https://disclosures-clerk.house.gov/public_disc/ptr-pdfs/2017/20007459.pdf
20007563,Doggett,Lloyd,P,TX35,7/5/2017,2017-07-05,Lloyd Doggett,https://disclosures-clerk.house.gov/public_disc/ptr-pdfs/2017/20007563.pdf
20007821,Doggett,Lloyd,P,TX35,8/14/2017,2017-08-14,Lloyd Doggett,https://disclosures-clerk.house.gov/public_disc/ptr-pdfs/2017/20007821.pdf
20007936,Doggett,Lloyd,P,TX35,9/5/2017,2017-09-05,Lloyd Doggett,https://disclosures-clerk.house.gov/public_disc/ptr-pdfs/2017/20007936.pdf
20008192,Doggett,Lloyd,P,TX35,10/10/2017,2017-10-10,Lloyd Doggett,https://disclosures-clerk.house.gov/public_disc/ptr-pdfs/2017/20008192.pdf
20008341,Doggett,Lloyd,P,TX35,11/6/2017,2017-11-06,Lloyd Doggett,https://disclosures-clerk.house.gov/public_disc/ptr-pdfs/2017/20008341.pdf
20008550,Doggett,Lloyd,P,TX35,12/11/2017,2017-12-11,Lloyd Doggett,https://disclosures-clerk.house.gov/public_disc/ptr-pdfs/2017/20008550.pdf
20008576,Doggett,Lloyd,P,TX35,12/18/2017,2017-12-18,Lloyd Doggett,https://disclosures-clerk.house.gov/public_disc/ptr-pdfs/2017/20008576.pdf
9114331,Doyle,Michael F.,P,PA14,1/28/2019,2019-01-28,Michael F. Doyle,https://disclosures-clerk.house.gov/public_disc/ptr-pdfs/2017/9114331.pdf
20006639,Duckworth,Tammy,P,IL08,2/1/2017,2017-02-01,Tammy Duckworth,https://disclosures-clerk.house.gov/public_disc/ptr-pdfs/2017/20006639.pdf
9110704,Duncan,John J.,P,TN02,5/2/2017,2017-05-02,John J. Duncan,https://disclosures-clerk.house.gov/public_disc/ptr-pdfs/2017/9110704.pdf
9110745,Dunn,Neal P.,P,FL02,5/15/2017,2017-05-15,Neal P. Dunn,https://disclosures-clerk.house.gov/public_disc/ptr-pdfs/2017/9110745.pdf
20007420,Dunn,Neal P.,P,FL02,6/7/2017,2017-06-07,Neal P. Dunn,https://disclosures-clerk.house.gov/public_disc/ptr-pdfs/2017/20007420.pdf
20007599,Dunn,Neal P.,P,FL02,7/10/2017,2017-07-10,Neal P. Dunn,https://disclosures-clerk.house.gov/public_disc/ptr-pdfs/2017/20007599.pdf
20007301,Evans,Dwight,P,PA02,5/24/2017,2017-05-24,Dwight Evans,https://disclosures-clerk.house.gov/public_disc/ptr-pdfs/2017/20007301.pdf
20007391,Evans,Dwight,P,PA02,7/7/2017,2017-07-07,Dwight Evans,https://disclosures-clerk.house.gov/public_disc/ptr-pdfs/2017/20007391.pdf
20008204,Evans,Dwight,P,PA02,10/12/2017,2017-10-12,Dwight Evans,https://disclosures-clerk.house.gov/public_disc/ptr-pdfs/2017/20008204.pdf
20008321,Evans,Dwight,P,PA02,11/2/2017,2017-11-02,Dwight Evans,https://disclosures-clerk.house.gov/public_disc/ptr-pdfs/2017/20008321.pdf
20006612,Farr,Sam,P,CA20,5/26/2017,2017-05-26,Sam Farr,https://disclosures-clerk.house.gov/public_disc/ptr-pdfs/2017/20006612.pdf
20006737,Faso,John J.,P,NY19,2/11/2017,2017-02-11,John J. Faso,https://disclosures-clerk.house.gov/public_disc/ptr-pdfs/2017/20006737.pdf
9110458,Fleischmann,"Charles J. ""Chuck""",P,TN03,2/14/2017,2017-02-14,"Charles J. ""Chuck"" Fleischmann",https://disclosures-clerk.house.gov/public_disc/ptr-pdfs/2017/9110458.pdf
9110643,Fleischmann,"Charles J. ""Chuck""",P,TN03,4/18/2017,2017-04-18,"Charles J. ""Chuck"" Fleischmann",https://disclosures-clerk.house.gov/public_disc/ptr-pdfs/2017/9110643.pdf
9110791,Fleischmann,"Charles J. ""Chuck""",P,TN03,5/17/2017,2017-05-17,"Charles J. ""Chuck"" Fleischmann",https://disclosures-clerk.house.gov/public_disc/ptr-pdfs/2017/9110791.pdf
9111385,Fleischmann,"Charles J. ""Chuck""",P,TN03,7/7/2017,2017-07-07,"Charles J. ""Chuck"" Fleischmann",https://disclosures-clerk.house.gov/public_disc/ptr-pdfs/2017/9111385.pdf
9111467,Fleischmann,"Charles J. ""Chuck""",P,TN03,7/25/2017,2017-07-25,"Charles J. ""Chuck"" Fleischmann",https://disclosures-clerk.house.gov/public_disc/ptr-pdfs/2017/9111467.pdf
9111766,Fleischmann,"Charles J. ""Chuck""",P,TN03,9/11/2017,2017-09-11,"Charles J. ""Chuck"" Fleischmann",https://disclosures-clerk.house.gov/public_disc/ptr-pdfs/2017/9111766.pdf
9111845,Fleischmann,"Charles J. ""Chuck""",P,TN03,10/2/2017,2017-10-02,"Charles J. ""Chuck"" Fleischmann",https://disclosures-clerk.house.gov/public_disc/ptr-pdfs/2017/9111845.pdf
9111987,Fleischmann,"Charles J. ""Chuck""",P,TN03,11/2/2017,2017-11-02,"Charles J. ""Chuck"" Fleischmann",https://disclosures-clerk.house.gov/public_disc/ptr-pdfs/2017/9111987.pdf
9112118,Fleischmann,"Charles J. ""Chuck""",P,TN03,11/29/2017,2017-11-29,"Charles J. ""Chuck"" Fleischmann",https://disclosures-clerk.house.gov/public_disc/ptr-pdfs/2017/9112118.pdf
9112222,Fleischmann,"Charles J. ""Chuck""",P,TN03,12/28/2017,2017-12-28,"Charles J. ""Chuck"" Fleischmann",https://disclosures-clerk.house.gov/public_disc/ptr-pdfs/2017/9112222.pdf
9112333,Fleischmann,"Charles J. ""Chuck""",P,TN03,1/30/2018,2018-01-30,"Charles J. ""Chuck"" Fleischmann",https://disclosures-clerk.house.gov/public_disc/ptr-pdfs/2017/9112333.pdf
20006564,Flores,Bill,P,TX17,1/17/2017,2017-01-17,Bill Flores,https://disclosures-clerk.house.gov/public_disc/ptr-pdfs/2017/20006564.pdf
20006747,Flores,Bill,P,TX17,2/13/2017,2017-02-13,Bill Flores,https://disclosures-clerk.house.gov/public_disc/ptr-pdfs/2017/20006747.pdf
20006885,Flores,Bill,P,TX17,3/8/2017,2017-03-08,Bill Flores,https://disclosures-clerk.house.gov/public_disc/ptr-pdfs/2017/20006885.pdf
20007007,Flores,Bill,P,TX17,4/5/2017,2017-04-05,Bill Flores,https://disclosures-clerk.house.gov/public_disc/ptr-pdfs/2017/20007007.pdf
20007210,Flores,Bill,P,TX17,5/5/2017,2017-05-05,Bill Flores,https://disclosures-clerk.house.gov/public_disc/ptr-pdfs/2017/20007210.pdf
20007479,Flores,Bill,P,TX17,6/19/2017,2017-06-19,Bill Flores,https://disclosures-clerk.house.gov/public_disc/ptr-pdfs/2017/20007479.pdf
20007628,Flores,Bill,P,TX17,7/13/2017,2017-07-13,Bill Flores,https://disclosures-clerk.house.gov/public_disc/ptr-pdfs/2017/20007628.pdf
20008145,Flores,Bill,P,TX17,10/4/2017,2017-10-04,Bill Flores,https://disclosures-clerk.house.gov/public_disc/ptr-pdfs/2017/20008145.pdf
20008147,Flores,Bill,P,TX17,10/4/2017,2017-10-04,Bill Flores,https://disclosures-clerk.house.gov/public_disc/ptr-pdfs/2017/20008147.pdf
20008315,Flores,Bill,P,TX17,11/1/2017,2017-11-01,Bill Flores,https://disclosures-clerk.house.gov/public_disc/ptr-pdfs/2017/20008315.pdf
20008523,Flores,Bill,P,TX17,12/7/2017,2017-12-07,Bill Flores,https://disclosures-clerk.house.gov/public_disc/ptr-pdfs/2017/20008523.pdf
20006456,Foxx,Virginia,P,NC05,1/5/2017,2017-01-05,Virginia Foxx,https://disclosures-clerk.house.gov/public_disc/ptr-pdfs/2017/20006456.pdf
20006666,Foxx,Virginia,P,NC05,2/3/2017,2017-02-03,Virginia Foxx,https://disclosures-clerk.house.gov/public_disc/ptr-pdfs/2017/20006666.pdf
20006862,Foxx,Virginia,P,NC05,3/7/2017,2017-03-07,Virginia Foxx,https://disclosures-clerk.house.gov/public_disc/ptr-pdfs/2017/20006862.pdf
20007000,Foxx,Virginia,P,NC05,4/11/2017,2017-04-11,Virginia Foxx,https://disclosures-clerk.house.gov/public_disc/ptr-pdfs/2017/20007000.pdf
20007220,Foxx,Virginia,P,NC05,5/9/2017,2017-05-09,Virginia Foxx,https://disclosures-clerk.house.gov/public_disc/ptr-pdfs/2017/20007220.pdf
20007569,Foxx,Virginia,P,NC05,7/11/2017,2017-07-11,Virginia Foxx,https://disclosures-clerk.house.gov/public_disc/ptr-pdfs/2017/20007569.pdf
20007734,Foxx,Virginia,P,NC05,8/9/2017,2017-08-09,Virginia Foxx,https://disclosures-clerk.house.gov/public_disc/ptr-pdfs/2017/20007734.pdf
20007923,Foxx,Virginia,P,NC05,9/1/2017,2017-09-01,Virginia Foxx,https://disclosures-clerk.house.gov/public_disc/ptr-pdfs/2017/20007923.pdf
20008135,Foxx,Virginia,P,NC05,10/12/2017,2017-10-12,Virginia Foxx,https://disclosures-clerk.house.gov/public_disc/ptr-pdfs/2017/20008135.pdf
20008350,Foxx,Virginia,P,NC05,11/8/2017,2017-11-08,Virginia Foxx,https://disclosures-clerk.house.gov/public_disc/ptr-pdfs/2017/20008350.pdf
20008487,Foxx,Virginia,P,NC05,12/12/2017,2017-12-12,Virginia Foxx,https://disclosures-clerk.house.gov/public_disc/ptr-pdfs/2017/20008487.pdf
20006787,Frankel,Lois,P,FL21,3/13/2017,2017-03-13,Lois Frankel,https://disclosures-clerk.house.gov/public_disc/ptr-pdfs/2017/20006787.pdf
20006944,Frankel,Lois,P,FL21,3/27/2017,2017-03-27,Lois Frankel,https://disclosures-clerk.house.gov/public_disc/ptr-pdfs/2017/20006944.pdf
20007090,Frankel,Lois,P,FL21,5/1/2017,2017-05-01,Lois Frankel,https://disclosures-clerk.house.gov/public_disc/ptr-pdfs/2017/20007090.pdf
20007358,Frankel,Lois,P,FL21,5/31/2017,2017-05-31,Lois Frankel,https://disclosures-clerk.house.gov/public_disc/ptr-pdfs/2017/20007358.pdf
20007512,Frankel,Lois,P,FL21,6/22/2017,2017-06-22,Lois Frankel,https://disclosures-clerk.house.gov/public_disc/ptr-pdfs/2017/20007512.pdf
20007653,Frankel,Lois,P,FL21,7/21/2017,2017-07-21,Lois Frankel,https://disclosures-clerk.house.gov/public_disc/ptr-pdfs/2017/20007653.pdf
20007837,Frankel,Lois,P,FL21,8/23/2017,2017-08-23,Lois Frankel,https://disclosures-clerk.house.gov/public_disc/ptr-pdfs/2017/20007837.pdf
20008128,Frankel,Lois,P,FL21,10/2/2017,2017-10-02,Lois Frankel,https://disclosures-clerk.house.gov/public_disc/ptr-pdfs/2017/20008128.pdf
20008271,Frankel,Lois,P,FL21,11/3/2017,2017-11-03,Lois Frankel,https://disclosures-clerk.house.gov/public_disc/ptr-pdfs/2017/20008271.pdf
20008426,Frankel,Lois,P,FL21,11/27/2017,2017-11-27,Lois Frankel,https://disclosures-clerk.house.gov/public_disc/ptr-pdfs/2017/20008426.pdf
20008579,Frankel,Lois,P,FL21,12/20/2017,2017-12-20,Lois Frankel,https://disclosures-clerk.house.gov/public_disc/ptr-pdfs/2017/20008579.pdf
20006573,Frankel,Lois,P,FL22,1/19/2017,2017-01-19,Lois Frankel,https://disclosures-clerk.house.gov/public_disc/ptr-pdfs/2017/20006573.pdf
9110373,Frelinghuysen,Rodney P.,P,NJ11,1/13/2017,2017-01-13,Rodney P. Frelinghuysen,https://disclosures-clerk.house.gov/public_disc/ptr-pdfs/2017/9110373.pdf
9110428,Frelinghuysen,Rodney P.,P,NJ11,2/6/2017,2017-02-06,Rodney P. Frelinghuysen,https://disclosures-clerk.house.gov/public_disc/ptr-pdfs/2017/9110428.pdf
9110473,Frelinghuysen,Rodney P.,P,NJ11,2/24/2017,2017-02-24,Rodney P. Frelinghuysen,https://disclosures-clerk.house.gov/public_disc/ptr-pdfs/2017/9110473.pdf
9110682,Frelinghuysen,Rodney P.,P,NJ11,4/21/2017,2017-04-21,Rodney P. Frelinghuysen,https://disclosures-clerk.house.gov/public_disc/ptr-pdfs/2017/9110682.pdf
9110703,Frelinghuysen,Rodney P.,P,NJ11,5/2/2017,2017-05-02,Rodney P. Frelinghuysen,https://disclosures-clerk.house.gov/public_disc/ptr-pdfs/2017/9110703.pdf
9111419,Frelinghuysen,Rodney P.,P,NJ11,7/17/2017,2017-07-17,Rodney P. Frelinghuysen,https://disclosures-clerk.house.gov/public_disc/ptr-pdfs/2017/9111419.pdf
9111523,Frelinghuysen,Rodney P.,P,NJ11,8/2/2017,2017-08-02,Rodney P. Frelinghuysen,https://disclosures-clerk.house.gov/public_disc/ptr-pdfs/2017/9111523.pdf
9111986,Frelinghuysen,Rodney P.,P,NJ11,11/6/2017,2017-11-06,Rodney P. Frelinghuysen,https://disclosures-clerk.house.gov/public_disc/ptr-pdfs/2017/9111986.pdf
9112140,Frelinghuysen,Rodney P.,P,NJ11,12/2/2017,2017-12-02,Rodney P. Frelinghuysen,https://disclosures-clerk.house.gov/public_disc/ptr-pdfs/2017/9112140.pdf
20004633,Garamendi,John,P,CA03,7/18/2017,2017-07-18,John Garamendi,https://disclosures-clerk.house.gov/public_disc/ptr-pdfs/2017/20004633.pdf
20007652,Garamendi,John,P,CA03,7/23/2017,2017-07-23,John Garamendi,https://disclosures-clerk.house.gov/public_disc/ptr-pdfs/2017/20007652.pdf
20007571,Gianforte,Greg,P,MT00,7/19/2017,2017-07-19,Greg Gianforte,https://disclosures-clerk.house.gov/public_disc/ptr-pdfs/2017/20007571.pdf
20007736,Gianforte,Greg,P,MT00,8/7/2017,2017-08-07,Greg Gianforte,https://disclosures-clerk.house.gov/public_disc/ptr-pdfs/2017/20007736.pdf
20007866,Gianforte,Greg,P,MT00,8/22/2017,2017-08-22,Greg Gianforte,https://disclosures-clerk.house.gov/public_disc/ptr-pdfs/2017/20007866.pdf
20007968,Gianforte,Greg,P,MT00,9/12/2017,2017-09-12,Greg Gianforte,https://disclosures-clerk.house.gov/public_disc/ptr-pdfs/2017/20007968.pdf
20008076,Gianforte,Greg,P,MT00,9/26/2017,2017-09-26,Greg Gianforte,https://disclosures-clerk.house.gov/public_disc/ptr-pdfs/2017/20008076.pdf
20008132,Gianforte,Greg,P,MT00,10/9/2017,2017-10-09,Greg Gianforte,https://disclosures-clerk.house.gov/public_disc/ptr-pdfs/2017/20008132.pdf
20008243,Gianforte,Greg,P,MT00,10/25/2017,2017-10-25,Greg Gianforte,https://disclosures-clerk.house.gov/public_disc/ptr-pdfs/2017/20008243.pdf
20008316,Gianforte,Greg,P,MT00,11/2/2017,2017-11-02,Greg Gianforte,https://disclosures-clerk.house.gov/public_disc/ptr-pdfs/2017/20008316.pdf
20008379,Gianforte,Greg,P,MT00,11/28/2017,2017-11-28,Greg Gianforte,https://disclosures-clerk.house.gov/public_disc/ptr-pdfs/2017/20008379.pdf
20008521,Gianforte,Greg,P,MT00,12/7/2017,2017-12-07,Greg Gianforte,https://disclosures-clerk.house.gov/public_disc/ptr-pdfs/2017/20008521.pdf
20006568,Gibbs,Bob,P,OH07,1/17/2017,2017-01-17,Bob Gibbs,https://disclosures-clerk.house.gov/public_disc/ptr-pdfs/2017/20006568.pdf
20006687,Gibbs,Bob,P,OH07,2/6/2017,2017-02-06,Bob Gibbs,https://disclosures-clerk.house.gov/public_disc/ptr-pdfs/2017/20006687.pdf
20006688,Gibbs,Bob,P,OH07,2/6/2017,2017-02-06,Bob Gibbs,https://disclosures-clerk.house.gov/public_disc/ptr-pdfs/2017/20006688.pdf
20006734,Gibbs,Bob,P,OH07,3/27/2017,2017-03-27,Bob Gibbs,https://disclosures-clerk.house.gov/public_disc/ptr-pdfs/2017/20006734.pdf
20007564,Gibbs,Bob,P,OH07,7/5/2017,2017-07-05,Bob Gibbs,https://disclosures-clerk.house.gov/public_disc/ptr-pdfs/2017/20007564.pdf
20007750,Gibbs,Bob,P,OH07,8/6/2017,2017-08-06,Bob Gibbs,https://disclosures-clerk.house.gov/public_disc/ptr-pdfs/2017/20007750.pdf
20007988,Gibbs,Bob,P,OH07,9/10/2017,2017-09-10,Bob Gibbs,https://disclosures-clerk.house.gov/public_disc/ptr-pdfs/2017/20007988.pdf
20008124,Gibbs,Bob,P,OH07,10/1/2017,2017-10-01,Bob Gibbs,https://disclosures-clerk.house.gov/public_disc/ptr-pdfs/2017/20008124.pdf
20008191,Gibbs,Bob,P,OH07,10/10/2017,2017-10-10,Bob Gibbs,https://disclosures-clerk.house.gov/public_disc/ptr-pdfs/2017/20008191.pdf
20008337,Gibbs,Bob,P,OH07,11/5/2017,2017-11-05,Bob Gibbs,https://disclosures-clerk.house.gov/public_disc/ptr-pdfs/2017/20008337.pdf
20008545,Gibbs,Bob,P,OH07,12/11/2017,2017-12-11,Bob Gibbs,https://disclosures-clerk.house.gov/public_disc/ptr-pdfs/2017/20008545.pdf
9110681,Goodlatte,Bob,P,VA06,4/26/2017,2017-04-26,Bob Goodlatte,https://disclosures-clerk.house.gov/public_disc/ptr-pdfs/2017/9110681.pdf
9112432,Goodlatte,Bob,P,VA06,2/12/2018,2018-02-12,Bob Goodlatte,https://disclosures-clerk.house.gov/public_disc/ptr-pdfs/2017/9112432.pdf
9110522,Gottheimer,Josh,P,NJ05,3/10/2017,2017-03-10,Josh Gottheimer,https://disclosures-clerk.house.gov/public_disc/ptr-pdfs/2017/9110522.pdf
9111258,Gottheimer,Josh,P,NJ05,6/9/2017,2017-06-09,Josh Gottheimer,https://disclosures-clerk.house.gov/public_disc/ptr-pdfs/2017/9111258.pdf
9111844,Gottheimer,Josh,P,NJ05,10/2/2017,2017-10-02,Josh Gottheimer,https://disclosures-clerk.house.gov/public_disc/ptr-pdfs/2017/9111844.pdf
9111984,Gottheimer,Josh,P,NJ05,10/30/2017,2017-10-30,Josh Gottheimer,https://disclosures-clerk.house.gov/public_disc/ptr-pdfs/2017/9111984.pdf
20008163,Graves,Garret,P,LA06,10/4/2017,2017-10-04,Garret Graves,https://disclosures-clerk.house.gov/public_disc/ptr-pdfs/2017/20008163.pdf
9110523,Grayson,Alan Mark,P,FL11,3/10/2017,2017-03-10,Alan Mark Grayson,https://disclosures-clerk.house.gov/public_disc/ptr-pdfs/2017/9110523.pdf
20006575,Green,Al,P,TX09,1/19/2017,2017-01-19,Al Green,https://disclosures-clerk.house.gov/public_disc/ptr-pdfs/2017/20006575.pdf
20006876,Gutierrez,Luis V.,P,IL04,3/7/2017,2017-03-07,Luis V. Gutierrez,https://disclosures-clerk.house.gov/public_disc/ptr-pdfs/2017/20006876.pdf
20007409,Gutierrez,Luis V.,P,IL04,6/5/2017,2017-06-05,Luis V. Gutierrez,https://disclosures-clerk.house.gov/public_disc/ptr-pdfs/2017/20007409.pdf
20006470,Hanna,Richard L.,P,NY22,1/18/2017,2017-01-18,Richard L. Hanna,https://disclosures-clerk.house.gov/public_disc/ptr-pdfs/2017/20006470.pdf
20006634,Hanna,Richard L.,P,NY22,2/1/2017,2017-02-01,Richard L. Hanna,https://disclosures-clerk.house.gov/public_disc/ptr-pdfs/2017/20006634.pdf
9112285,Higgins,Brian,P,NY26,1/19/2018,2018-01-19,Brian Higgins,https://disclosures-clerk.house.gov/public_disc/ptr-pdfs/2017/9112285.pdf
20006570,Himes,James A.,P,CT04,1/17/2017,2017-01-17,James A. Himes,https://disclosures-clerk.house.gov/public_disc/ptr-pdfs/2017/20006570.pdf
20007922,Himes,James A.,P,CT04,9/1/2017,2017-09-01,James A. Himes,https://disclosures-clerk.house.gov/public_disc/ptr-pdfs/2017/20007922.pdf
20006629,Hinojosa,Rubén,P,TX15,1/29/2017,2017-01-29,Rubén Hinojosa,https://disclosures-clerk.house.gov/public_disc/ptr-pdfs/2017/20006629.pdf
9110585,Holding,George,P,NC02,3/22/2017,2017-03-22,George Holding,https://disclosures-clerk.house.gov/public_disc/ptr-pdfs/2017/9110585.pdf
9110710,Holding,George,P,NC02,5/8/2017,2017-05-08,George Holding,https://disclosures-clerk.house.gov/public_disc/ptr-pdfs/2017/9110710.pdf
9111447,Holding,George,P,NC02,7/19/2017,2017-07-19,George Holding,https://disclosures-clerk.house.gov/public_disc/ptr-pdfs/2017/9111447.pdf
9111691,Holding,George,P,NC02,8/28/2017,2017-08-28,George Holding,https://disclosures-clerk.house.gov/public_disc/ptr-pdfs/2017/9111691.pdf
9111860,Holding,George,P,NC02,10/5/2017,2017-10-05,George Holding,https://disclosures-clerk.house.gov/public_disc/ptr-pdfs/2017/9111860.pdf
9112334,Holding,George,P,NC02,2/1/2018,2018-02-01,George Holding,https://disclosures-clerk.house.gov/public_disc/ptr-pdfs/2017/9112334.pdf
20007867,Jeffries,Hakeem S.,P,NY08,8/25/2017,2017-08-25,Hakeem S. Jeffries,https://disclosures-clerk.house.gov/public_disc/ptr-pdfs/2017/20007867.pdf
20007933,Jeffries,Hakeem S.,P,NY08,9/5/2017,2017-09-05,Hakeem S. Jeffries,https://disclosures-clerk.house.gov/public_disc/ptr-pdfs/2017/20007933.pdf
20005383,Joyce,David P.,P,OH14,7/26/2017,2017-07-26,David P. Joyce,https://disclosures-clerk.house.gov/public_disc/ptr-pdfs/2017/20005383.pdf
9110462,Kelly,Mike,P,PA03,2/16/2017,2017-02-16,Mike Kelly,https://disclosures-clerk.house.gov/public_disc/ptr-pdfs/2017/9110462.pdf
9110568,Kelly,Mike,P,PA03,3/20/2017,2017-03-20,Mike Kelly,https://disclosures-clerk.house.gov/public_disc/ptr-pdfs/2017/9110568.pdf
9110708,Kelly,Mike,P,PA03,5/4/2017,2017-05-04,Mike Kelly,https://disclosures-clerk.house.gov/public_disc/ptr-pdfs/2017/9110708.pdf
9110844,Kelly,Mike,P,PA03,5/25/2017,2017-05-25,Mike Kelly,https://disclosures-clerk.house.gov/public_disc/ptr-pdfs/2017/9110844.pdf
9111266,Kelly,Mike,P,PA03,6/12/2017,2017-06-12,Mike Kelly,https://disclosures-clerk.house.gov/public_disc/ptr-pdfs/2017/9111266.pdf
9111510,Kelly,Mike,P,PA03,7/28/2017,2017-07-28,Mike Kelly,https://disclosures-clerk.house.gov/public_disc/ptr-pdfs/2017/9111510.pdf
9111625,Kelly,Mike,P,PA03,8/16/2017,2017-08-16,Mike Kelly,https://disclosures-clerk.house.gov/public_disc/ptr-pdfs/2017/9111625.pdf
9111823,Kelly,Mike,P,PA03,9/27/2017,2017-09-27,Mike Kelly,https://disclosures-clerk.house.gov/public_disc/ptr-pdfs/2017/9111823.pdf
9111952,Kelly,Mike,P,PA03,10/25/2017,2017-10-25,Mike Kelly,https://disclosures-clerk.house.gov/public_disc/ptr-pdfs/2017/9111952.pdf
9112065,Kelly,Mike,P,PA03,11/15/2017,2017-11-15,Mike Kelly,https://disclosures-clerk.house.gov/public_disc/ptr-pdfs/2017/9112065.pdf
9112206,Kelly,Mike,P,PA03,12/14/2017,2017-12-14,Mike Kelly,https://disclosures-clerk.house.gov/public_disc/ptr-pdfs/2017/9112206.pdf
9112288,Kelly,Mike,P,PA03,1/17/2018,2018-01-17,Mike Kelly,https://disclosures-clerk.house.gov/public_disc/ptr-pdfs/2017/9112288.pdf
9110333,Kennedy,Joseph P.,P,MA04,1/5/2017,2017-01-05,Joseph P. Kennedy,https://disclosures-clerk.house.gov/public_disc/ptr-pdfs/2017/9110333.pdf
9111344,Kennedy,Joseph P.,P,MA04,6/29/2017,2017-06-29,Joseph P. Kennedy,https://disclosures-clerk.house.gov/public_disc/ptr-pdfs/2017/9111344.pdf
9110456,Khanna,Rohit,P,CA17,2/13/2017,2017-02-13,Rohit Khanna,https://disclosures-clerk.house.gov/public_disc/ptr-pdfs/2017/9110456.pdf
9110547,Khanna,Rohit,P,CA17,3/14/2017,2017-03-14,Rohit Khanna,https://disclosures-clerk.house.gov/public_disc/ptr-pdfs/2017/9110547.pdf
9110644,Khanna,Rohit,P,CA17,4/13/2017,2017-04-13,Rohit Khanna,https://disclosures-clerk.house.gov/public_disc/ptr-pdfs/2017/9110644.pdf
9110730,Khanna,Rohit,P,CA17,5/11/2017,2017-05-11,Rohit Khanna,https://disclosures-clerk.house.gov/public_disc/ptr-pdfs/2017/9110730.pdf
9111257,Khanna,Rohit,P,CA17,6/12/2017,2017-06-12,Rohit Khanna,https://disclosures-clerk.house.gov/public_disc/ptr-pdfs/2017/9111257.pdf
9111397,Khanna,Rohit,P,CA17,7/12/2017,2017-07-12,Rohit Khanna,https://disclosures-clerk.house.gov/public_disc/ptr-pdfs/2017/9111397.pdf
9111583,Khanna,Rohit,P,CA17,8/10/2017,2017-08-10,Rohit Khanna,https://disclosures-clerk.house.gov/public_disc/ptr-pdfs/2017/9111583.pdf
9111740,Khanna,Rohit,P,CA17,9/8/2017,2017-09-08,Rohit Khanna,https://disclosures-clerk.house.gov/public_disc/ptr-pdfs/2017/9111740.pdf
9111812,Khanna,Rohit,P,CA17,9/19/2017,2017-09-19,Rohit Khanna,https://disclosures-clerk.house.gov/public_disc/ptr-pdfs/2017/9111812.pdf
9111874,Khanna,Rohit,P,CA17,10/10/2017,2017-10-10,Rohit Khanna,https://disclosures-clerk.house.gov/public_disc/ptr-pdfs/2017/9111874.pdf
9112020,Khanna,Rohit,P,CA17,11/9/2017,2017-11-09,Rohit Khanna,https://disclosures-clerk.house.gov/public_disc/ptr-pdfs/2017/9112020.pdf
9112175,Khanna,Rohit,P,CA17,12/12/2017,2017-12-12,Rohit Khanna,https://disclosures-clerk.house.gov/public_disc/ptr-pdfs/2017/9112175.pdf
9112254,Khanna,Rohit,P,CA17,1/10/2018,2018-01-10,Rohit Khanna,https://disclosures-clerk.house.gov/public_disc/ptr-pdfs/2017/9112254.pdf
20006750,Kinzinger,Adam,P,IL16,2/14/2017,2017-02-14,Adam Kinzinger,https://disclosures-clerk.house.gov/public_disc/ptr-pdfs/2017/20006750.pdf
20006882,Kinzinger,Adam,P,IL16,3/8/2017,2017-03-08,Adam Kinzinger,https://disclosures-clerk.house.gov/public_disc/ptr-pdfs/2017/20006882.pdf
20007971,Kinzinger,Adam,P,IL16,9/8/2017,2017-09-08,Adam Kinzinger,https://disclosures-clerk.house.gov/public_disc/ptr-pdfs/2017/20007971.pdf
20006928,Knight,Steve,P,CA25,3/17/2017,2017-03-17,Steve Knight,https://disclosures-clerk.house.gov/public_disc/ptr-pdfs/2017/20006928.pdf
20008060,Knight,Steve,P,CA25,9/19/2017,2017-09-19,Steve Knight,https://disclosures-clerk.house.gov/public_disc/ptr-pdfs/2017/20008060.pdf
20008137,Knight,Steve,P,CA25,10/3/2017,2017-10-03,Steve Knight,https://disclosures-clerk.house.gov/public_disc/ptr-pdfs/2017/20008137.pdf
9110426,Kustoff,David,P,TN08,2/6/2017,2017-02-06,David Kustoff,https://disclosures-clerk.house.gov/public_disc/ptr-pdfs/2017/9110426.pdf
9110565,Kustoff,David,P,TN08,3/20/2017,2017-03-20,David Kustoff,https://disclosures-clerk.house.gov/public_disc/ptr-pdfs/2017/9110565.pdf
9110787,Kustoff,David,P,TN08,5/16/2017,2017-05-16,David Kustoff,https://disclosures-clerk.house.gov/public_disc/ptr-pdfs/2017/9110787.pdf
9111322,Kustoff,David,P,TN08,6/21/2017,2017-06-21,David Kustoff,https://disclosures-clerk.house.gov/public_disc/ptr-pdfs/2017/9111322.pdf
9111818,Kustoff,David,P,TN08,9/26/2017,2017-09-26,David Kustoff,https://disclosures-clerk.house.gov/public_disc/ptr-pdfs/2017/9111818.pdf
9110463,Lamborn,Doug,P,CO05,2/15/2017,2017-02-15,Doug Lamborn,https://disclosures-clerk.house.gov/public_disc/ptr-pdfs/2017/9110463.pdf
9110563,Lamborn,Doug,P,CO05,3/16/2017,2017-03-16,Doug Lamborn,https://disclosures-clerk.house.gov/public_disc/ptr-pdfs/2017/9110563.pdf
9111682,Lamborn,Doug,P,CO05,8/24/2017,2017-08-24,Doug Lamborn,https://disclosures-clerk.house.gov/public_disc/ptr-pdfs/2017/9111682.pdf
9112158,Lamborn,Doug,P,CO05,12/6/2017,2017-12-06,Doug Lamborn,https://disclosures-clerk.house.gov/public_disc/ptr-pdfs/2017/9112158.pdf
9112205,Lamborn,Doug,P,CO05,12/20/2017,2017-12-20,Doug Lamborn,https://disclosures-clerk.house.gov/public_disc/ptr-pdfs/2017/9112205.pdf
9111720,Lance,Leonard,P,NJ07,9/5/2017,2017-09-05,Leonard Lance,https://disclosures-clerk.house.gov/public_disc/ptr-pdfs/2017/9111720.pdf
20006483,Langevin,James R.,P,RI02,1/6/2017,2017-01-06,James R. Langevin,https://disclosures-clerk.house.gov/public_disc/ptr-pdfs/2017/20006483.pdf
20006551,Langevin,James R.,P,RI02,1/13/2017,2017-01-13,James R. Langevin,https://disclosures-clerk.house.gov/public_disc/ptr-pdfs/2017/20006551.pdf
9110404,Larson,John B.,P,CT01,1/31/2017,2017-01-31,John B. Larson,https://disclosures-clerk.house.gov/public_disc/ptr-pdfs/2017/9110404.pdf
9110425,Larson,John B.,P,CT01,2/6/2017,2017-02-06,John B. Larson,https://disclosures-clerk.house.gov/public_disc/ptr-pdfs/2017/9110425.pdf
9110495,Larson,John B.,P,CT01,2/28/2017,2017-02-28,John B. Larson,https://disclosures-clerk.house.gov/public_disc/ptr-pdfs/2017/9110495.pdf
9110526,Larson,John B.,P,CT01,3/8/2017,2017-03-08,John B. Larson,https://disclosures-clerk.house.gov/public_disc/ptr-pdfs/2017/9110526.pdf
9110546,Larson,John B.,P,CT01,3/13/2017,2017-03-13,John B. Larson,https://disclosures-clerk.house.gov/public_disc/ptr-pdfs/2017/9110546.pdf
9110845,Larson,John B.,P,CT01,5/25/2017,2017-05-25,John B. Larson,https://disclosures-clerk.house.gov/public_disc/ptr-pdfs/2017/9110845.pdf
9111256,Larson,John B.,P,CT01,6/7/2017,2017-06-07,John B. Larson,https://disclosures-clerk.house.gov/public_disc/ptr-pdfs/2017/9111256.pdf
9111582,Larson,John B.,P,CT01,8/10/2017,2017-08-10,John B. Larson,https://disclosures-clerk.house.gov/public_disc/ptr-pdfs/2017/9111582.pdf
9111822,Larson,John B.,P,CT01,9/27/2017,2017-09-27,John B. Larson,https://disclosures-clerk.house.gov/public_disc/ptr-pdfs/2017/9111822.pdf
9111843,Larson,John B.,P,CT01,10/4/2017,2017-10-04,John B. Larson,https://disclosures-clerk.house.gov/public_disc/ptr-pdfs/2017/9111843.pdf
9111895,Larson,John B.,P,CT01,10/12/2017,2017-10-12,John B. Larson,https://disclosures-clerk.house.gov/public_disc/ptr-pdfs/2017/9111895.pdf
9111983,Larson,John B.,P,CT01,10/27/2017,2017-10-27,John B. Larson,https://disclosures-clerk.house.gov/public_disc/ptr-pdfs/2017/9111983.pdf
9112039,Larson,John B.,P,CT01,11/13/2017,2017-11-13,John B. Larson,https://disclosures-clerk.house.gov/public_disc/ptr-pdfs/2017/9112039.pdf
9112062,Larson,John B.,P,CT01,11/16/2017,2017-11-16,John B. Larson,https://disclosures-clerk.house.gov/public_disc/ptr-pdfs/2017/9112062.pdf
9112138,Larson,John B.,P,CT01,11/29/2017,2017-11-29,John B. Larson,https://disclosures-clerk.house.gov/public_disc/ptr-pdfs/2017/9112138.pdf
20006731,LoBiondo,Frank A.,P,NJ02,2/9/2017,2017-02-09,Frank A. LoBiondo,https://disclosures-clerk.house.gov/public_disc/ptr-pdfs/2017/20006731.pdf
20006867,LoBiondo,Frank A.,P,NJ02,3/7/2017,2017-03-07,Frank A. LoBiondo,https://disclosures-clerk.house.gov/public_disc/ptr-pdfs/2017/20006867.pdf
20007460,LoBiondo,Frank A.,P,NJ02,6/13/2017,2017-06-13,Frank A. LoBiondo,https://disclosures-clerk.house.gov/public_disc/ptr-pdfs/2017/20007460.pdf
20008062,LoBiondo,Frank A.,P,NJ02,9/19/2017,2017-09-19,Frank A. LoBiondo,https://disclosures-clerk.house.gov/public_disc/ptr-pdfs/2017/20008062.pdf
20008235,LoBiondo,Frank A.,P,NJ02,10/17/2017,2017-10-17,Frank A. LoBiondo,https://disclosures-clerk.house.gov/public_disc/ptr-pdfs/2017/20008235.pdf
20008320,LoBiondo,Frank A.,P,NJ02,11/2/2017,2017-11-02,Frank A. LoBiondo,https://disclosures-clerk.house.gov/public_disc/ptr-pdfs/2017/20008320.pdf
20008344,LoBiondo,Frank A.,P,NJ02,11/6/2017,2017-11-06,Frank A. LoBiondo,https://disclosures-clerk.house.gov/public_disc/ptr-pdfs/2017/20008344.pdf
20007070,Lofgren,Zoe,P,CA19,4/14/2017,2017-04-14,Zoe Lofgren,https://disclosures-clerk.house.gov/public_disc/ptr-pdfs/2017/20007070.pdf
20007187,Lofgren,Zoe,P,CA19,5/3/2017,2017-05-03,Zoe Lofgren,https://disclosures-clerk.house.gov/public_disc/ptr-pdfs/2017/20007187.pdf
20007619,Lofgren,Zoe,P,CA19,7/18/2017,2017-07-18,Zoe Lofgren,https://disclosures-clerk.house.gov/public_disc/ptr-pdfs/2017/20007619.pdf
20008012,Lofgren,Zoe,P,CA19,9/13/2017,2017-09-13,Zoe Lofgren,https://disclosures-clerk.house.gov/public_disc/ptr-pdfs/2017/20008012.pdf
20008232,Lofgren,Zoe,P,CA19,10/18/2017,2017-10-18,Zoe Lofgren,https://disclosures-clerk.house.gov/public_disc/ptr-pdfs/2017/20008232.pdf
20008345,Lofgren,Zoe,P,CA19,11/14/2017,2017-11-14,Zoe Lofgren,https://disclosures-clerk.house.gov/public_disc/ptr-pdfs/2017/20008345.pdf
9110442,Long,Billy,P,MO07,2/8/2017,2017-02-08,Billy Long,https://disclosures-clerk.house.gov/public_disc/ptr-pdfs/2017/9110442.pdf
9110562,Long,Billy,P,MO07,3/17/2017,2017-03-17,Billy Long,https://disclosures-clerk.house.gov/public_disc/ptr-pdfs/2017/9110562.pdf
9110615,Long,Billy,P,MO07,4/5/2017,2017-04-05,Billy Long,https://disclosures-clerk.house.gov/public_disc/ptr-pdfs/2017/9110615.pdf
20006502,Lowenthal,Alan S.,P,CA47,1/7/2017,2017-01-07,Alan S. Lowenthal,https://disclosures-clerk.house.gov/public_disc/ptr-pdfs/2017/20006502.pdf
20006614,Lowenthal,Alan S.,P,CA47,1/25/2017,2017-01-25,Alan S. Lowenthal,https://disclosures-clerk.house.gov/public_disc/ptr-pdfs/2017/20006614.pdf
20006739,Lowenthal,Alan S.,P,CA47,2/11/2017,2017-02-11,Alan S. Lowenthal,https://disclosures-clerk.house.gov/public_disc/ptr-pdfs/2017/20006739.pdf
20006866,Lowenthal,Alan S.,P,CA47,3/7/2017,2017-03-07,Alan S. Lowenthal,https://disclosures-clerk.house.gov/public_disc/ptr-pdfs/2017/20006866.pdf
20006956,Lowenthal,Alan S.,P,CA47,3/21/2017,2017-03-21,Alan S. Lowenthal,https://disclosures-clerk.house.gov/public_disc/ptr-pdfs/2017/20006956.pdf
20007113,Lowenthal,Alan S.,P,CA47,4/24/2017,2017-04-24,Alan S. Lowenthal,https://disclosures-clerk.house.gov/public_disc/ptr-pdfs/2017/20007113.pdf
20007121,Lowenthal,Alan S.,P,CA47,5/6/2017,2017-05-06,Alan S. Lowenthal,https://disclosures-clerk.house.gov/public_disc/ptr-pdfs/2017/20007121.pdf
20007226,Lowenthal,Alan S.,P,CA47,5/8/2017,2017-05-08,Alan S. Lowenthal,https://disclosures-clerk.house.gov/public_disc/ptr-pdfs/2017/20007226.pdf
20007284,Lowenthal,Alan S.,P,CA47,5/15/2017,2017-05-15,Alan S. Lowenthal,https://disclosures-clerk.house.gov/public_disc/ptr-pdfs/2017/20007284.pdf
20007370,Lowenthal,Alan S.,P,CA47,5/26/2017,2017-05-26,Alan S. Lowenthal,https://disclosures-clerk.house.gov/public_disc/ptr-pdfs/2017/20007370.pdf
20007371,Lowenthal,Alan S.,P,CA47,5/26/2017,2017-05-26,Alan S. Lowenthal,https://disclosures-clerk.house.gov/public_disc/ptr-pdfs/2017/20007371.pdf
20007399,Lowenthal,Alan S.,P,CA47,6/5/2017,2017-06-05,Alan S. Lowenthal,https://disclosures-clerk.house.gov/public_disc/ptr-pdfs/2017/20007399.pdf
20007547,Lowenthal,Alan S.,P,CA47,6/29/2017,2017-06-29,Alan S. Lowenthal,https://disclosures-clerk.house.gov/public_disc/ptr-pdfs/2017/20007547.pdf
20007592,Lowenthal,Alan S.,P,CA47,7/9/2017,2017-07-09,Alan S. Lowenthal,https://disclosures-clerk.house.gov/public_disc/ptr-pdfs/2017/20007592.pdf
20007697,Lowenthal,Alan S.,P,CA47,7/27/2017,2017-07-27,Alan S. Lowenthal,https://disclosures-clerk.house.gov/public_disc/ptr-pdfs/2017/20007697.pdf
20007811,Lowenthal,Alan S.,P,CA47,8/13/2017,2017-08-13,Alan S. Lowenthal,https://disclosures-clerk.house.gov/public_disc/ptr-pdfs/2017/20007811.pdf
20007878,Lowenthal,Alan S.,P,CA47,8/22/2017,2017-08-22,Alan S. Lowenthal,https://disclosures-clerk.house.gov/public_disc/ptr-pdfs/2017/20007878.pdf
20007929,Lowenthal,Alan S.,P,CA47,9/2/2017,2017-09-02,Alan S. Lowenthal,https://disclosures-clerk.house.gov/public_disc/ptr-pdfs/2017/20007929.pdf
20008077,Lowenthal,Alan S.,P,CA47,9/24/2017,2017-09-24,Alan S. Lowenthal,https://disclosures-clerk.house.gov/public_disc/ptr-pdfs/2017/20008077.pdf
20008195,Lowenthal,Alan S.,P,CA47,10/10/2017,2017-10-10,Alan S. Lowenthal,https://disclosures-clerk.house.gov/public_disc/ptr-pdfs/2017/20008195.pdf
20008259,Lowenthal,Alan S.,P,CA47,10/22/2017,2017-10-22,Alan S. Lowenthal,https://disclosures-clerk.house.gov/public_disc/ptr-pdfs/2017/20008259.pdf
20008346,Lowenthal,Alan S.,P,CA47,11/6/2017,2017-11-06,Alan S. Lowenthal,https://disclosures-clerk.house.gov/public_disc/ptr-pdfs/2017/20008346.pdf
20008431,Lowenthal,Alan S.,P,CA47,11/22/2017,2017-11-22,Alan S. Lowenthal,https://disclosures-clerk.house.gov/public_disc/ptr-pdfs/2017/20008431.pdf
20008567,Lowenthal,Alan S.,P,CA47,12/14/2017,2017-12-14,Alan S. Lowenthal,https://disclosures-clerk.house.gov/public_disc/ptr-pdfs/2017/20008567.pdf
20008628,Lowenthal,Alan S.,P,CA47,12/28/2017,2017-12-28,Alan S. Lowenthal,https://disclosures-clerk.house.gov/public_disc/ptr-pdfs/2017/20008628.pdf
20003007,Lowey,Nita M.,P,NY17,2/3/2017,2017-02-03,Nita M. Lowey,https://disclosures-clerk.house.gov/public_disc/ptr-pdfs/2017/20003007.pdf
20007162,Lynch,Stephen F.,P,MA08,5/1/2017,2017-05-01,Stephen F. Lynch,https://disclosures-clerk.house.gov/public_disc/ptr-pdfs/2017/20007162.pdf
20006480,MacArthur,Thomas,P,NJ03,1/7/2017,2017-01-07,Thomas MacArthur,https://disclosures-clerk.house.gov/public_disc/ptr-pdfs/2017/20006480.pdf
20006721,MacArthur,Thomas,P,NJ03,2/8/2017,2017-02-08,Thomas MacArthur,https://disclosures-clerk.house.gov/public_disc/ptr-pdfs/2017/20006721.pdf
20006836,MacArthur,Thomas,P,NJ03,3/2/2017,2017-03-02,Thomas MacArthur,https://disclosures-clerk.house.gov/public_disc/ptr-pdfs/2017/20006836.pdf
20007033,MacArthur,Thomas,P,NJ03,4/9/2017,2017-04-09,Thomas MacArthur,https://disclosures-clerk.house.gov/public_disc/ptr-pdfs/2017/20007033.pdf
20007208,MacArthur,Thomas,P,NJ03,5/5/2017,2017-05-05,Thomas MacArthur,https://disclosures-clerk.house.gov/public_disc/ptr-pdfs/2017/20007208.pdf
20007403,MacArthur,Thomas,P,NJ03,6/17/2017,2017-06-17,Thomas MacArthur,https://disclosures-clerk.house.gov/public_disc/ptr-pdfs/2017/20007403.pdf
20007588,MacArthur,Thomas,P,NJ03,7/9/2017,2017-07-09,Thomas MacArthur,https://disclosures-clerk.house.gov/public_disc/ptr-pdfs/2017/20007588.pdf
20007732,MacArthur,Thomas,P,NJ03,8/3/2017,2017-08-03,Thomas MacArthur,https://disclosures-clerk.house.gov/public_disc/ptr-pdfs/2017/20007732.pdf
20007966,MacArthur,Thomas,P,NJ03,9/7/2017,2017-09-07,Thomas MacArthur,https://disclosures-clerk.house.gov/public_disc/ptr-pdfs/2017/20007966.pdf
20008177,MacArthur,Thomas,P,NJ03,10/8/2017,2017-10-08,Thomas MacArthur,https://disclosures-clerk.house.gov/public_disc/ptr-pdfs/2017/20008177.pdf
20008334,MacArthur,Thomas,P,NJ03,11/5/2017,2017-11-05,Thomas MacArthur,https://disclosures-clerk.house.gov/public_disc/ptr-pdfs/2017/20008334.pdf
20008499,MacArthur,Thomas,P,NJ03,12/7/2017,2017-12-07,Thomas MacArthur,https://disclosures-clerk.house.gov/public_disc/ptr-pdfs/2017/20008499.pdf
20006552,Maloney,Carolyn B.,P,NY12,1/23/2017,2017-01-23,Carolyn B. Maloney,https://disclosures-clerk.house.gov/public_disc/ptr-pdfs/2017/20006552.pdf
20006792,Maloney,Carolyn B.,P,NY12,2/22/2017,2017-02-22,Carolyn B. Maloney,https://disclosures-clerk.house.gov/public_disc/ptr-pdfs/2017/20006792.pdf
20006964,Maloney,Carolyn B.,P,NY12,3/27/2017,2017-03-27,Carolyn B. Maloney,https://disclosures-clerk.house.gov/public_disc/ptr-pdfs/2017/20006964.pdf
20007129,Maloney,Carolyn B.,P,NY12,4/27/2017,2017-04-27,Carolyn B. Maloney,https://disclosures-clerk.house.gov/public_disc/ptr-pdfs/2017/20007129.pdf
20007285,Maloney,Carolyn B.,P,NY12,5/30/2017,2017-05-30,Carolyn B. Maloney,https://disclosures-clerk.house.gov/public_disc/ptr-pdfs/2017/20007285.pdf
20007375,Maloney,Carolyn B.,P,NY12,5/30/2017,2017-05-30,Carolyn B. Maloney,https://disclosures-clerk.house.gov/public_disc/ptr-pdfs/2017/20007375.pdf
20007537,Maloney,Carolyn B.,P,NY12,6/28/2017,2017-06-28,Carolyn B. Maloney,https://disclosures-clerk.house.gov/public_disc/ptr-pdfs/2017/20007537.pdf
20007617,Maloney,Carolyn B.,P,NY12,7/13/2017,2017-07-13,Carolyn B. Maloney,https://disclosures-clerk.house.gov/public_disc/ptr-pdfs/2017/20007617.pdf
20007788,Maloney,Carolyn B.,P,NY12,8/14/2017,2017-08-14,Carolyn B. Maloney,https://disclosures-clerk.house.gov/public_disc/ptr-pdfs/2017/20007788.pdf
20008071,Maloney,Carolyn B.,P,NY12,9/22/2017,2017-09-22,Carolyn B. Maloney,https://disclosures-clerk.house.gov/public_disc/ptr-pdfs/2017/20008071.pdf
20008322,Maloney,Carolyn B.,P,NY12,11/3/2017,2017-11-03,Carolyn B. Maloney,https://disclosures-clerk.house.gov/public_disc/ptr-pdfs/2017/20008322.pdf
20008488,Maloney,Carolyn B.,P,NY12,12/4/2017,2017-12-04,Carolyn B. Maloney,https://disclosures-clerk.house.gov/public_disc/ptr-pdfs/2017/20008488.pdf
9110454,Marchant,Kenny,P,TX24,2/9/2017,2017-02-09,Kenny Marchant,https://disclosures-clerk.house.gov/public_disc/ptr-pdfs/2017/9110454.pdf
9110649,Marchant,Kenny,P,TX24,4/21/2017,2017-04-21,Kenny Marchant,https://disclosures-clerk.house.gov/public_disc/ptr-pdfs/2017/9110649.pdf
9111131,Marchant,Kenny,P,TX24,5/31/2017,2017-05-31,Kenny Marchant,https://disclosures-clerk.house.gov/public_disc/ptr-pdfs/2017/9111131.pdf
9111384,Marchant,Kenny,P,TX24,7/6/2017,2017-07-06,Kenny Marchant,https://disclosures-clerk.house.gov/public_disc/ptr-pdfs/2017/9111384.pdf
9111522,Marchant,Kenny,P,TX24,8/4/2017,2017-08-04,Kenny Marchant,https://disclosures-clerk.house.gov/public_disc/ptr-pdfs/2017/9111522.pdf
9111722,Marchant,Kenny,P,TX24,9/1/2017,2017-09-01,Kenny Marchant,https://disclosures-clerk.house.gov/public_disc/ptr-pdfs/2017/9111722.pdf
9111842,Marchant,Kenny,P,TX24,10/2/2017,2017-10-02,Kenny Marchant,https://disclosures-clerk.house.gov/public_disc/ptr-pdfs/2017/9111842.pdf
9111981,Marchant,Kenny,P,TX24,11/7/2017,2017-11-07,Kenny Marchant,https://disclosures-clerk.house.gov/public_disc/ptr-pdfs/2017/9111981.pdf
9112157,Marchant,Kenny,P,TX24,12/5/2017,2017-12-05,Kenny Marchant,https://disclosures-clerk.house.gov/public_disc/ptr-pdfs/2017/9112157.pdf
9112239,Marchant,Kenny,P,TX24,1/9/2018,2018-01-09,Kenny Marchant,https://disclosures-clerk.house.gov/public_disc/ptr-pdfs/2017/9112239.pdf
9110545,Marshall,Roger W.,P,KS01,3/13/2017,2017-03-13,Roger W. Marshall,https://disclosures-clerk.house.gov/public_disc/ptr-pdfs/2017/9110545.pdf
20007100,Marshall,Roger W.,P,KS01,4/21/2017,2017-04-21,Roger W. Marshall,https://disclosures-clerk.house.gov/public_disc/ptr-pdfs/2017/20007100.pdf
20007604,Matsui,Doris O.,P,CA06,7/11/2017,2017-07-11,Doris O. Matsui,https://disclosures-clerk.house.gov/public_disc/ptr-pdfs/2017/20007604.pdf
9110470,McCaul,Michael T.,P,TX10,2/17/2017,2017-02-17,Michael T. McCaul,https://disclosures-clerk.house.gov/public_disc/ptr-pdfs/2017/9110470.pdf
9110560,McCaul,Michael T.,P,TX10,3/17/2017,2017-03-17,Michael T. McCaul,https://disclosures-clerk.house.gov/public_disc/ptr-pdfs/2017/9110560.pdf
9110684,McCaul,Michael T.,P,TX10,4/26/2017,2017-04-26,Michael T. McCaul,https://disclosures-clerk.house.gov/public_disc/ptr-pdfs/2017/9110684.pdf
9110846,McCaul,Michael T.,P,TX10,5/26/2017,2017-05-26,Michael T. McCaul,https://disclosures-clerk.house.gov/public_disc/ptr-pdfs/2017/9110846.pdf
9111297,McCaul,Michael T.,P,TX10,6/15/2017,2017-06-15,Michael T. McCaul,https://disclosures-clerk.house.gov/public_disc/ptr-pdfs/2017/9111297.pdf
9111484,McCaul,Michael T.,P,TX10,7/27/2017,2017-07-27,Michael T. McCaul,https://disclosures-clerk.house.gov/public_disc/ptr-pdfs/2017/9111484.pdf
9111738,McCaul,Michael T.,P,TX10,9/7/2017,2017-09-07,Michael T. McCaul,https://disclosures-clerk.house.gov/public_disc/ptr-pdfs/2017/9111738.pdf
9111820,McCaul,Michael T.,P,TX10,9/28/2017,2017-09-28,Michael T. McCaul,https://disclosures-clerk.house.gov/public_disc/ptr-pdfs/2017/9111820.pdf
9111930,McCaul,Michael T.,P,TX10,10/24/2017,2017-10-24,Michael T. McCaul,https://disclosures-clerk.house.gov/public_disc/ptr-pdfs/2017/9111930.pdf
9112064,McCaul,Michael T.,P,TX10,11/15/2017,2017-11-15,Michael T. McCaul,https://disclosures-clerk.house.gov/public_disc/ptr-pdfs/2017/9112064.pdf
9112202,McCaul,Michael T.,P,TX10,12/21/2017,2017-12-21,Michael T. McCaul,https://disclosures-clerk.house.gov/public_disc/ptr-pdfs/2017/9112202.pdf
9112312,McCaul,Michael T.,P,TX10,1/22/2018,2018-01-22,Michael T. McCaul,https://disclosures-clerk.house.gov/public_disc/ptr-pdfs/2017/9112312.pdf
20007348,McGovern,James P.,P,MA02,5/23/2017,2017-05-23,James P. McGovern,https://disclosures-clerk.house.gov/public_disc/ptr-pdfs/2017/20007348.pdf
20006434,McKinley,David B.,P,WV01,1/10/2017,2017-01-10,David B. McKinley,https://disclosures-clerk.house.gov/public_disc/ptr-pdfs/2017/20006434.pdf
20007209,McKinley,David B.,P,WV01,5/8/2017,2017-05-08,David B. McKinley,https://disclosures-clerk.house.gov/public_disc/ptr-pdfs/2017/20007209.pdf
20008047,McKinley,David B.,P,WV01,10/5/2017,2017-10-05,David B. McKinley,https://disclosures-clerk.house.gov/public_disc/ptr-pdfs/2017/20008047.pdf
20008305,McKinley,David B.,P,WV01,11/9/2017,2017-11-09,David B. McKinley,https://disclosures-clerk.house.gov/public_disc/ptr-pdfs/2017/20008305.pdf
20008501,McKinley,David B.,P,WV01,12/11/2017,2017-12-11,David B. McKinley,https://disclosures-clerk.house.gov/public_disc/ptr-pdfs/2017/20008501.pdf
9110424,Mitchell,Paul,P,MI10,2/7/2017,2017-02-07,Paul Mitchell,https://disclosures-clerk.house.gov/public_disc/ptr-pdfs/2017/9110424.pdf
20006574,Mullin,Markwayne,P,OK02,1/20/2017,2017-01-20,Markwayne Mullin,https://disclosures-clerk.house.gov/public_disc/ptr-pdfs/2017/20006574.pdf
20006523,Mulvaney,Mick,P,SC05,1/11/2017,2017-01-11,Mick Mulvaney,https://disclosures-clerk.house.gov/public_disc/ptr-pdfs/2017/20006523.pdf
20006627,Neugebauer,Randy,P,TX19,1/29/2017,2017-01-29,Randy Neugebauer,https://disclosures-clerk.house.gov/public_disc/ptr-pdfs/2017/20006627.pdf
20006802,Norton,Eleanor Holmes,P,DC00,2/24/2017,2017-02-24,Eleanor Holmes Norton,https://disclosures-clerk.house.gov/public_disc/ptr-pdfs/2017/20006802.pdf
20006683,Pelosi,Nancy,P,CA12,2/6/2017,2017-02-06,Nancy Pelosi,https://disclosures-clerk.house.gov/public_disc/ptr-pdfs/2017/20006683.pdf
20006735,Pelosi,Nancy,P,CA12,2/14/2017,2017-02-14,Nancy Pelosi,https://disclosures-clerk.house.gov/public_disc/ptr-pdfs/2017/20006735.pdf
20007655,Pelosi,Nancy,P,CA12,7/20/2017,2017-07-20,Nancy Pelosi,https://disclosures-clerk.house.gov/public_disc/ptr-pdfs/2017/20007655.pdf
20008066,Perlmutter,Ed,P,CO07,9/19/2017,2017-09-19,Ed Perlmutter,https://disclosures-clerk.house.gov/public_disc/ptr-pdfs/2017/20008066.pdf
20008471,Perlmutter,Ed,P,CO07,11/30/2017,2017-11-30,Ed Perlmutter,https://disclosures-clerk.house.gov/public_disc/ptr-pdfs/2017/20008471.pdf
20006475,Peters,Scott H.,P,CA52,1/4/2017,2017-01-04,Scott H. Peters,https://disclosures-clerk.house.gov/public_disc/ptr-pdfs/2017/20006475.pdf
20006732,Peters,Scott H.,P,CA52,2/22/2017,2017-02-22,Scott H. Peters,https://disclosures-clerk.house.gov/public_disc/ptr-pdfs/2017/20006732.pdf
20006926,Peters,Scott H.,P,CA52,3/20/2017,2017-03-20,Scott H. Peters,https://disclosures-clerk.house.gov/public_disc/ptr-pdfs/2017/20006926.pdf
20007058,Peters,Scott H.,P,CA52,4/24/2017,2017-04-24,Scott H. Peters,https://disclosures-clerk.house.gov/public_disc/ptr-pdfs/2017/20007058.pdf
20007288,Peters,Scott H.,P,CA52,5/15/2017,2017-05-15,Scott H. Peters,https://disclosures-clerk.house.gov/public_disc/ptr-pdfs/2017/20007288.pdf
20007467,Peters,Scott H.,P,CA52,6/17/2017,2017-06-17,Scott H. Peters,https://disclosures-clerk.house.gov/public_disc/ptr-pdfs/2017/20007467.pdf
20007591,Peters,Scott H.,P,CA52,7/13/2017,2017-07-13,Scott H. Peters,https://disclosures-clerk.house.gov/public_disc/ptr-pdfs/2017/20007591.pdf
20007764,Peters,Scott H.,P,CA52,8/10/2017,2017-08-10,Scott H. Peters,https://disclosures-clerk.house.gov/public_disc/ptr-pdfs/2017/20007764.pdf
20008187,Peters,Scott H.,P,CA52,10/11/2017,2017-10-11,Scott H. Peters,https://disclosures-clerk.house.gov/public_disc/ptr-pdfs/2017/20008187.pdf
9110461,Polis,Jared,P,CO02,2/15/2017,2017-02-15,Jared Polis,https://disclosures-clerk.house.gov/public_disc/ptr-pdfs/2017/9110461.pdf
9110544,Polis,Jared,P,CO02,3/15/2017,2017-03-15,Jared Polis,https://disclosures-clerk.house.gov/public_disc/ptr-pdfs/2017/9110544.pdf
9110646,Polis,Jared,P,CO02,4/17/2017,2017-04-17,Jared Polis,https://disclosures-clerk.house.gov/public_disc/ptr-pdfs/2017/9110646.pdf
9110790,Polis,Jared,P,CO02,5/18/2017,2017-05-18,Jared Polis,https://disclosures-clerk.house.gov/public_disc/ptr-pdfs/2017/9110790.pdf
9111254,Polis,Jared,P,CO02,6/9/2017,2017-06-09,Jared Polis,https://disclosures-clerk.house.gov/public_disc/ptr-pdfs/2017/9111254.pdf
9111416,Polis,Jared,P,CO02,7/14/2017,2017-07-14,Jared Polis,https://disclosures-clerk.house.gov/public_disc/ptr-pdfs/2017/9111416.pdf
9111578,Polis,Jared,P,CO02,8/10/2017,2017-08-10,Jared Polis,https://disclosures-clerk.house.gov/public_disc/ptr-pdfs/2017/9111578.pdf
9111778,Polis,Jared,P,CO02,9/15/2017,2017-09-15,Jared Polis,https://disclosures-clerk.house.gov/public_disc/ptr-pdfs/2017/9111778.pdf
9111811,Polis,Jared,P,CO02,9/20/2017,2017-09-20,Jared Polis,https://disclosures-clerk.house.gov/public_disc/ptr-pdfs/2017/9111811.pdf
9111909,Polis,Jared,P,CO02,10/17/2017,2017-10-17,Jared Polis,https://disclosures-clerk.house.gov/public_disc/ptr-pdfs/2017/9111909.pdf
9111908,Polis,Jared,P,CO02,10/20/2017,2017-10-20,Jared Polis,https://disclosures-clerk.house.gov/public_disc/ptr-pdfs/2017/9111908.pdf
9112116,Polis,Jared,P,CO02,11/28/2017,2017-11-28,Jared Polis,https://disclosures-clerk.house.gov/public_disc/ptr-pdfs/2017/9112116.pdf
9112199,Polis,Jared,P,CO02,12/18/2017,2017-12-18,Jared Polis,https://disclosures-clerk.house.gov/public_disc/ptr-pdfs/2017/9112199.pdf
9112251,Polis,Jared,P,CO02,1/12/2018,2018-01-12,Jared Polis,https://disclosures-clerk.house.gov/public_disc/ptr-pdfs/2017/9112251.pdf
9112553,Polis,Jared,P,CO02,3/9/2018,2018-03-09,Jared Polis,https://disclosures-clerk.house.gov/public_disc/ptr-pdfs/2017/9112553.pdf
9112813,Polis,Jared,P,CO02,5/10/2018,2018-05-10,Jared Polis,https://disclosures-clerk.house.gov/public_disc/ptr-pdfs/2017/9112813.pdf
20006623,Price,David E.,P,NC04,1/27/2017,2017-01-27,David E. Price,https://disclosures-clerk.house.gov/public_disc/ptr-pdfs/2017/20006623.pdf
20006881,Price,David E.,P,NC04,3/8/2017,2017-03-08,David E. Price,https://disclosures-clerk.house.gov/public_disc/ptr-pdfs/2017/20006881.pdf
20007200,Price,David E.,P,NC04,5/4/2017,2017-05-04,David E. Price,https://disclosures-clerk.house.gov/public_disc/ptr-pdfs/2017/20007200.pdf
20007239,Price,David E.,P,NC04,6/6/2017,2017-06-06,David E. Price,https://disclosures-clerk.house.gov/public_disc/ptr-pdfs/2017/20007239.pdf
20007613,Price,David E.,P,NC04,7/12/2017,2017-07-12,David E. Price,https://disclosures-clerk.house.gov/public_disc/ptr-pdfs/2017/20007613.pdf
20008236,Price,David E.,P,NC04,10/17/2017,2017-10-17,David E. Price,https://disclosures-clerk.house.gov/public_disc/ptr-pdfs/2017/20008236.pdf
20008237,Price,David E.,P,NC04,10/17/2017,2017-10-17,David E. Price,https://disclosures-clerk.house.gov/public_disc/ptr-pdfs/2017/20008237.pdf
20008309,Price,David E.,P,NC04,11/1/2017,2017-11-01,David E. Price,https://disclosures-clerk.house.gov/public_disc/ptr-pdfs/2017/20008309.pdf
20008542,Price,David E.,P,NC04,12/8/2017,2017-12-08,David E. Price,https://disclosures-clerk.house.gov/public_disc/ptr-pdfs/2017/20008542.pdf
9110384,Renacci,James B.,P,OH16,1/24/2017,2017-01-24,James B. Renacci,https://disclosures-clerk.house.gov/public_disc/ptr-pdfs/2017/9110384.pdf
9110423,Renacci,James B.,P,OH16,2/7/2017,2017-02-07,James B. Renacci,https://disclosures-clerk.house.gov/public_disc/ptr-pdfs/2017/9110423.pdf
9110468,Renacci,James B.,P,OH16,2/22/2017,2017-02-22,James B. Renacci,https://disclosures-clerk.house.gov/public_disc/ptr-pdfs/2017/9110468.pdf
9110493,Renacci,James B.,P,OH16,3/2/2017,2017-03-02,James B. Renacci,https://disclosures-clerk.house.gov/public_disc/ptr-pdfs/2017/9110493.pdf
9110566,Renacci,James B.,P,OH16,3/21/2017,2017-03-21,James B. Renacci,https://disclosures-clerk.house.gov/public_disc/ptr-pdfs/2017/9110566.pdf
9110611,Renacci,James B.,P,OH16,4/4/2017,2017-04-04,James B. Renacci,https://disclosures-clerk.house.gov/public_disc/ptr-pdfs/2017/9110611.pdf
9110679,Renacci,James B.,P,OH16,4/26/2017,2017-04-26,James B. Renacci,https://disclosures-clerk.house.gov/public_disc/ptr-pdfs/2017/9110679.pdf
9110727,Renacci,James B.,P,OH16,5/9/2017,2017-05-09,James B. Renacci,https://disclosures-clerk.house.gov/public_disc/ptr-pdfs/2017/9110727.pdf
9110789,Renacci,James B.,P,OH16,5/18/2017,2017-05-18,James B. Renacci,https://disclosures-clerk.house.gov/public_disc/ptr-pdfs/2017/9110789.pdf
9111194,Renacci,James B.,P,OH16,6/7/2017,2017-06-07,James B. Renacci,https://disclosures-clerk.house.gov/public_disc/ptr-pdfs/2017/9111194.pdf
9111321,Renacci,James B.,P,OH16,6/22/2017,2017-06-22,James B. Renacci,https://disclosures-clerk.house.gov/public_disc/ptr-pdfs/2017/9111321.pdf
9111382,Renacci,James B.,P,OH16,7/7/2017,2017-07-07,James B. Renacci,https://disclosures-clerk.house.gov/public_disc/ptr-pdfs/2017/9111382.pdf
9111444,Renacci,James B.,P,OH16,7/18/2017,2017-07-18,James B. Renacci,https://disclosures-clerk.house.gov/public_disc/ptr-pdfs/2017/9111444.pdf
9111612,Renacci,James B.,P,OH16,8/10/2017,2017-08-10,James B. Renacci,https://disclosures-clerk.house.gov/public_disc/ptr-pdfs/2017/9111612.pdf
9111660,Renacci,James B.,P,OH16,8/22/2017,2017-08-22,James B. Renacci,https://disclosures-clerk.house.gov/public_disc/ptr-pdfs/2017/9111660.pdf
9111723,Renacci,James B.,P,OH16,9/5/2017,2017-09-05,James B. Renacci,https://disclosures-clerk.house.gov/public_disc/ptr-pdfs/2017/9111723.pdf
9111807,Renacci,James B.,P,OH16,9/21/2017,2017-09-21,James B. Renacci,https://disclosures-clerk.house.gov/public_disc/ptr-pdfs/2017/9111807.pdf
9111841,Renacci,James B.,P,OH16,10/3/2017,2017-10-03,James B. Renacci,https://disclosures-clerk.house.gov/public_disc/ptr-pdfs/2017/9111841.pdf
9111907,Renacci,James B.,P,OH16,10/18/2017,2017-10-18,James B. Renacci,https://disclosures-clerk.house.gov/public_disc/ptr-pdfs/2017/9111907.pdf
9111977,Renacci,James B.,P,OH16,11/6/2017,2017-11-06,James B. Renacci,https://disclosures-clerk.house.gov/public_disc/ptr-pdfs/2017/9111977.pdf
9112115,Renacci,James B.,P,OH16,11/27/2017,2017-11-27,James B. Renacci,https://disclosures-clerk.house.gov/public_disc/ptr-pdfs/2017/9112115.pdf
9112155,Renacci,James B.,P,OH16,12/6/2017,2017-12-06,James B. Renacci,https://disclosures-clerk.house.gov/public_disc/ptr-pdfs/2017/9112155.pdf
9112197,Renacci,James B.,P,OH16,12/21/2017,2017-12-21,James B. Renacci,https://disclosures-clerk.house.gov/public_disc/ptr-pdfs/2017/9112197.pdf
9112221,Renacci,James B.,P,OH16,1/2/2018,2018-01-02,James B. Renacci,https://disclosures-clerk.house.gov/public_disc/ptr-pdfs/2017/9112221.pdf
20006613,Rigell,E. Scott,P,VA02,1/25/2017,2017-01-25,E. Scott Rigell,https://disclosures-clerk.house.gov/public_disc/ptr-pdfs/2017/20006613.pdf
9110466,Roe,David P.,P,TN01,2/15/2017,2017-02-15,David P. Roe,https://disclosures-clerk.house.gov/public_disc/ptr-pdfs/2017/9110466.pdf
9110543,Roe,David P.,P,TN01,3/13/2017,2017-03-13,David P. Roe,https://disclosures-clerk.house.gov/public_disc/ptr-pdfs/2017/9110543.pdf
9110610,Roe,David P.,P,TN01,4/4/2017,2017-04-04,David P. Roe,https://disclosures-clerk.house.gov/public_disc/ptr-pdfs/2017/9110610.pdf
9110707,Roe,David P.,P,TN01,5/5/2017,2017-05-05,David P. Roe,https://disclosures-clerk.house.gov/public_disc/ptr-pdfs/2017/9110707.pdf
9110726,Roe,David P.,P,TN01,5/10/2017,2017-05-10,David P. Roe,https://disclosures-clerk.house.gov/public_disc/ptr-pdfs/2017/9110726.pdf
9111284,Roe,David P.,P,TN01,6/13/2017,2017-06-13,David P. Roe,https://disclosures-clerk.house.gov/public_disc/ptr-pdfs/2017/9111284.pdf
9111381,Roe,David P.,P,TN01,7/7/2017,2017-07-07,David P. Roe,https://disclosures-clerk.house.gov/public_disc/ptr-pdfs/2017/9111381.pdf
9111577,Roe,David P.,P,TN01,8/8/2017,2017-08-08,David P. Roe,https://disclosures-clerk.house.gov/public_disc/ptr-pdfs/2017/9111577.pdf
9111735,Roe,David P.,P,TN01,9/7/2017,2017-09-07,David P. Roe,https://disclosures-clerk.house.gov/public_disc/ptr-pdfs/2017/9111735.pdf
9111894,Roe,David P.,P,TN01,10/12/2017,2017-10-12,David P. Roe,https://disclosures-clerk.house.gov/public_disc/ptr-pdfs/2017/9111894.pdf
9112019,Roe,David P.,P,TN01,11/13/2017,2017-11-13,David P. Roe,https://disclosures-clerk.house.gov/public_disc/ptr-pdfs/2017/9112019.pdf
9112195,Roe,David P.,P,TN01,12/15/2017,2017-12-15,David P. Roe,https://disclosures-clerk.house.gov/public_disc/ptr-pdfs/2017/9112195.pdf
9112286,Roe,David P.,P,TN01,1/12/2018,2018-01-12,David P. Roe,https://disclosures-clerk.house.gov/public_disc/ptr-pdfs/2017/9112286.pdf
9110439,Rogers,Harold Dallas,P,KY05,2/8/2017,2017-02-08,Harold Dallas Rogers,https://disclosures-clerk.house.gov/public_disc/ptr-pdfs/2017/9110439.pdf
9110525,Rogers,Harold Dallas,P,KY05,3/9/2017,2017-03-09,Harold Dallas Rogers,https://disclosures-clerk.house.gov/public_disc/ptr-pdfs/2017/9110525.pdf
9110609,Rogers,Harold Dallas,P,KY05,4/5/2017,2017-04-05,Harold Dallas Rogers,https://disclosures-clerk.house.gov/public_disc/ptr-pdfs/2017/9110609.pdf
9110706,Rogers,Harold Dallas,P,KY05,5/8/2017,2017-05-08,Harold Dallas Rogers,https://disclosures-clerk.house.gov/public_disc/ptr-pdfs/2017/9110706.pdf
9111193,Rogers,Harold Dallas,P,KY05,6/7/2017,2017-06-07,Harold Dallas Rogers,https://disclosures-clerk.house.gov/public_disc/ptr-pdfs/2017/9111193.pdf
9111396,Rogers,Harold Dallas,P,KY05,7/12/2017,2017-07-12,Harold Dallas Rogers,https://disclosures-clerk.house.gov/public_disc/ptr-pdfs/2017/9111396.pdf
9111537,Rogers,Harold Dallas,P,KY05,8/7/2017,2017-08-07,Harold Dallas Rogers,https://disclosures-clerk.house.gov/public_disc/ptr-pdfs/2017/9111537.pdf
9111724,Rogers,Harold Dallas,P,KY05,9/5/2017,2017-09-05,Harold Dallas Rogers,https://disclosures-clerk.house.gov/public_disc/ptr-pdfs/2017/9111724.pdf
9111840,Rogers,Harold Dallas,P,KY05,10/4/2017,2017-10-04,Harold Dallas Rogers,https://disclosures-clerk.house.gov/public_disc/ptr-pdfs/2017/9111840.pdf
9111976,Rogers,Harold Dallas,P,KY05,11/1/2017,2017-11-01,Harold Dallas Rogers,https://disclosures-clerk.house.gov/public_disc/ptr-pdfs/2017/9111976.pdf
9112137,Rogers,Harold Dallas,P,KY05,12/1/2017,2017-12-01,Harold Dallas Rogers,https://disclosures-clerk.house.gov/public_disc/ptr-pdfs/2017/9112137.pdf
9112238,Rogers,Harold Dallas,P,KY05,1/4/2018,2018-01-04,Harold Dallas Rogers,https://disclosures-clerk.house.gov/public_disc/ptr-pdfs/2017/9112238.pdf
9110465,Rooney,Francis,P,FL19,2/17/2017,2017-02-17,Francis Rooney,https://disclosures-clerk.house.gov/public_disc/ptr-pdfs/2017/9110465.pdf
9110542,Rooney,Francis,P,FL19,3/15/2017,2017-03-15,Francis Rooney,https://disclosures-clerk.house.gov/public_disc/ptr-pdfs/2017/9110542.pdf
9110678,Rooney,Francis,P,FL19,4/25/2017,2017-04-25,Francis Rooney,https://disclosures-clerk.house.gov/public_disc/ptr-pdfs/2017/9110678.pdf
9110788,Rooney,Francis,P,FL19,5/17/2017,2017-05-17,Francis Rooney,https://disclosures-clerk.house.gov/public_disc/ptr-pdfs/2017/9110788.pdf
9111295,Rooney,Francis,P,FL19,6/15/2017,2017-06-15,Francis Rooney,https://disclosures-clerk.house.gov/public_disc/ptr-pdfs/2017/9111295.pdf
9111443,Rooney,Francis,P,FL19,7/18/2017,2017-07-18,Francis Rooney,https://disclosures-clerk.house.gov/public_disc/ptr-pdfs/2017/9111443.pdf
9111611,Rooney,Francis,P,FL19,8/11/2017,2017-08-11,Francis Rooney,https://disclosures-clerk.house.gov/public_disc/ptr-pdfs/2017/9111611.pdf
9111792,Rooney,Francis,P,FL19,9/18/2017,2017-09-18,Francis Rooney,https://disclosures-clerk.house.gov/public_disc/ptr-pdfs/2017/9111792.pdf
9111951,Rooney,Francis,P,FL19,10/25/2017,2017-10-25,Francis Rooney,https://disclosures-clerk.house.gov/public_disc/ptr-pdfs/2017/9111951.pdf
9112063,Rooney,Francis,P,FL19,11/15/2017,2017-11-15,Francis Rooney,https://disclosures-clerk.house.gov/public_disc/ptr-pdfs/2017/9112063.pdf
9112171,Rooney,Francis,P,FL19,12/11/2017,2017-12-11,Francis Rooney,https://disclosures-clerk.house.gov/public_disc/ptr-pdfs/2017/9112171.pdf
9112250,Rooney,Francis,P,FL19,1/10/2018,2018-01-10,Francis Rooney,https://disclosures-clerk.house.gov/public_disc/ptr-pdfs/2017/9112250.pdf
20003828,Rooney,Thomas J.,P,FL17,1/16/2017,2017-01-16,Thomas J. Rooney,https://disclosures-clerk.house.gov/public_disc/ptr-pdfs/2017/20003828.pdf
20006565,Rooney,Thomas J.,P,FL17,1/24/2017,2017-01-24,Thomas J. Rooney,https://disclosures-clerk.house.gov/public_disc/ptr-pdfs/2017/20006565.pdf
20006690,Rooney,Thomas J.,P,FL17,2/15/2017,2017-02-15,Thomas J. Rooney,https://disclosures-clerk.house.gov/public_disc/ptr-pdfs/2017/20006690.pdf
20006880,Rooney,Thomas J.,P,FL17,3/14/2017,2017-03-14,Thomas J. Rooney,https://disclosures-clerk.house.gov/public_disc/ptr-pdfs/2017/20006880.pdf
20007045,Rooney,Thomas J.,P,FL17,4/12/2017,2017-04-12,Thomas J. Rooney,https://disclosures-clerk.house.gov/public_disc/ptr-pdfs/2017/20007045.pdf
20007221,Rooney,Thomas J.,P,FL17,5/12/2017,2017-05-12,Thomas J. Rooney,https://disclosures-clerk.house.gov/public_disc/ptr-pdfs/2017/20007221.pdf
20007441,Rooney,Thomas J.,P,FL17,6/14/2017,2017-06-14,Thomas J. Rooney,https://disclosures-clerk.house.gov/public_disc/ptr-pdfs/2017/20007441.pdf
20007596,Rooney,Thomas J.,P,FL17,7/14/2017,2017-07-14,Thomas J. Rooney,https://disclosures-clerk.house.gov/public_disc/ptr-pdfs/2017/20007596.pdf
20007632,Rooney,Thomas J.,P,FL17,7/14/2017,2017-07-14,Thomas J. Rooney,https://disclosures-clerk.house.gov/public_disc/ptr-pdfs/2017/20007632.pdf
20007756,Rooney,Thomas J.,P,FL17,8/10/2017,2017-08-10,Thomas J. Rooney,https://disclosures-clerk.house.gov/public_disc/ptr-pdfs/2017/20007756.pdf
20008029,Rooney,Thomas J.,P,FL17,9/20/2017,2017-09-20,Thomas J. Rooney,https://disclosures-clerk.house.gov/public_disc/ptr-pdfs/2017/20008029.pdf
20008193,Rooney,Thomas J.,P,FL17,10/14/2017,2017-10-14,Thomas J. Rooney,https://disclosures-clerk.house.gov/public_disc/ptr-pdfs/2017/20008193.pdf
20008343,Rooney,Thomas J.,P,FL17,11/13/2017,2017-11-13,Thomas J. Rooney,https://disclosures-clerk.house.gov/public_disc/ptr-pdfs/2017/20008343.pdf
20008506,Rooney,Thomas J.,P,FL17,12/14/2017,2017-12-14,Thomas J. Rooney,https://disclosures-clerk.house.gov/public_disc/ptr-pdfs/2017/20008506.pdf
20007089,Rosen,Jacky,P,NV03,4/19/2017,2017-04-19,Jacky Rosen,https://disclosures-clerk.house.gov/public_disc/ptr-pdfs/2017/20007089.pdf
20007094,Rosen,Jacky,P,NV03,4/19/2017,2017-04-19,Jacky Rosen,https://disclosures-clerk.house.gov/public_disc/ptr-pdfs/2017/20007094.pdf
20007096,Rosen,Jacky,P,NV03,4/19/2017,2017-04-19,Jacky Rosen,https://disclosures-clerk.house.gov/public_disc/ptr-pdfs/2017/20007096.pdf
20007594,Rosen,Jacky,P,NV03,7/9/2017,2017-07-09,Jacky Rosen,https://disclosures-clerk.house.gov/public_disc/ptr-pdfs/2017/20007594.pdf
20008068,Rosen,Jacky,P,NV03,9/21/2017,2017-09-21,Jacky Rosen,https://disclosures-clerk.house.gov/public_disc/ptr-pdfs/2017/20008068.pdf
20008125,Rosen,Jacky,P,NV03,10/1/2017,2017-10-01,Jacky Rosen,https://disclosures-clerk.house.gov/public_disc/ptr-pdfs/2017/20008125.pdf
20007262,Rothfus,Keith J.,P,PA12,5/15/2017,2017-05-15,Keith J. Rothfus,https://disclosures-clerk.house.gov/public_disc/ptr-pdfs/2017/20007262.pdf
20003127,Ruiz,Raul,P,CA36,5/12/2017,2017-05-12,Raul Ruiz,https://disclosures-clerk.house.gov/public_disc/ptr-pdfs/2017/20003127.pdf
20007694,Ruiz,Raul,P,CA36,8/1/2017,2017-08-01,Raul Ruiz,https://disclosures-clerk.house.gov/public_disc/ptr-pdfs/2017/20007694.pdf
20007424,Sanchez,Linda T.,P,CA38,6/7/2017,2017-06-07,Linda T. Sanchez,https://disclosures-clerk.house.gov/public_disc/ptr-pdfs/2017/20007424.pdf
20008477,Sanchez,Linda T.,P,CA38,12/1/2017,2017-12-01,Linda T. Sanchez,https://disclosures-clerk.house.gov/public_disc/ptr-pdfs/2017/20008477.pdf
9110452,Schiff,Adam B.,P,CA28,2/14/2017,2017-02-14,Adam B. Schiff,https://disclosures-clerk.house.gov/public_disc/ptr-pdfs/2017/9110452.pdf
9112249,Schiff,Adam B.,P,CA28,1/10/2018,2018-01-10,Adam B. Schiff,https://disclosures-clerk.house.gov/public_disc/ptr-pdfs/2017/9112249.pdf
20006784,Schneider,Bradley S.,P,IL10,2/20/2017,2017-02-20,Bradley S. Schneider,https://disclosures-clerk.house.gov/public_disc/ptr-pdfs/2017/20006784.pdf
20006968,Schneider,Bradley S.,P,IL10,3/25/2017,2017-03-25,Bradley S. Schneider,https://disclosures-clerk.house.gov/public_disc/ptr-pdfs/2017/20006968.pdf
20007634,Schneider,Bradley S.,P,IL10,8/20/2017,2017-08-20,Bradley S. Schneider,https://disclosures-clerk.house.gov/public_disc/ptr-pdfs/2017/20007634.pdf
20007870,Schneider,Bradley S.,P,IL10,8/21/2017,2017-08-21,Bradley S. Schneider,https://disclosures-clerk.house.gov/public_disc/ptr-pdfs/2017/20007870.pdf
20008078,Schneider,Bradley S.,P,IL10,9/24/2017,2017-09-24,Bradley S. Schneider,https://disclosures-clerk.house.gov/public_disc/ptr-pdfs/2017/20008078.pdf
20008293,Schneider,Bradley S.,P,IL10,10/29/2017,2017-10-29,Bradley S. Schneider,https://disclosures-clerk.house.gov/public_disc/ptr-pdfs/2017/20008293.pdf
20008438,Schneider,Bradley S.,P,IL10,11/23/2017,2017-11-23,Bradley S. Schneider,https://disclosures-clerk.house.gov/public_disc/ptr-pdfs/2017/20008438.pdf
20008644,Schneider,Bradley S.,P,IL10,12/31/2017,2017-12-31,Bradley S. Schneider,https://disclosures-clerk.house.gov/public_disc/ptr-pdfs/2017/20008644.pdf
9110422,Schrader,Kurt,P,OR05,2/6/2017,2017-02-06,Kurt Schrader,https://disclosures-clerk.house.gov/public_disc/ptr-pdfs/2017/9110422.pdf
9110593,Schrader,Kurt,P,OR05,3/29/2017,2017-03-29,Kurt Schrader,https://disclosures-clerk.house.gov/public_disc/ptr-pdfs/2017/9110593.pdf
9110677,Schrader,Kurt,P,OR05,4/26/2017,2017-04-26,Kurt Schrader,https://disclosures-clerk.house.gov/public_disc/ptr-pdfs/2017/9110677.pdf
9110835,Schrader,Kurt,P,OR05,5/23/2017,2017-05-23,Kurt Schrader,https://disclosures-clerk.house.gov/public_disc/ptr-pdfs/2017/9110835.pdf
9111253,Schrader,Kurt,P,OR05,6/8/2017,2017-06-08,Kurt Schrader,https://disclosures-clerk.house.gov/public_disc/ptr-pdfs/2017/9111253.pdf
9111395,Schrader,Kurt,P,OR05,7/11/2017,2017-07-11,Kurt Schrader,https://disclosures-clerk.house.gov/public_disc/ptr-pdfs/2017/9111395.pdf
9111576,Schrader,Kurt,P,OR05,8/10/2017,2017-08-10,Kurt Schrader,https://disclosures-clerk.house.gov/public_disc/ptr-pdfs/2017/9111576.pdf
9111725,Schrader,Kurt,P,OR05,9/6/2017,2017-09-06,Kurt Schrader,https://disclosures-clerk.house.gov/public_disc/ptr-pdfs/2017/9111725.pdf
9111892,Schrader,Kurt,P,OR05,10/13/2017,2017-10-13,Kurt Schrader,https://disclosures-clerk.house.gov/public_disc/ptr-pdfs/2017/9111892.pdf
9112018,Schrader,Kurt,P,OR05,11/8/2017,2017-11-08,Kurt Schrader,https://disclosures-clerk.house.gov/public_disc/ptr-pdfs/2017/9112018.pdf
9112154,Schrader,Kurt,P,OR05,12/7/2017,2017-12-07,Kurt Schrader,https://disclosures-clerk.house.gov/public_disc/ptr-pdfs/2017/9112154.pdf
9112236,Schrader,Kurt,P,OR05,1/9/2018,2018-01-09,Kurt Schrader,https://disclosures-clerk.house.gov/public_disc/ptr-pdfs/2017/9112236.pdf
9110524,Scott,Austin,P,GA08,3/10/2017,2017-03-10,Austin Scott,https://disclosures-clerk.house.gov/public_disc/ptr-pdfs/2017/9110524.pdf
9111125,Scott,Austin,P,GA08,5/26/2017,2017-05-26,Austin Scott,https://disclosures-clerk.house.gov/public_disc/ptr-pdfs/2017/9111125.pdf
9111680,Scott,Austin,P,GA08,8/25/2017,2017-08-25,Austin Scott,https://disclosures-clerk.house.gov/public_disc/ptr-pdfs/2017/9111680.pdf
20004801,Scott,"Robert C. ""Bobby""",P,VA03,8/1/2017,2017-08-01,"Robert C. ""Bobby"" Scott",https://disclosures-clerk.house.gov/public_disc/ptr-pdfs/2017/20004801.pdf
20006447,Sessions,Pete,P,TX32,1/2/2017,2017-01-02,Pete Sessions,https://disclosures-clerk.house.gov/public_disc/ptr-pdfs/2017/20006447.pdf
20006505,Sessions,Pete,P,TX32,1/9/2017,2017-01-09,Pete Sessions,https://disclosures-clerk.house.gov/public_disc/ptr-pdfs/2017/20006505.pdf
20006510,Sessions,Pete,P,TX32,1/9/2017,2017-01-09,Pete Sessions,https://disclosures-clerk.house.gov/public_disc/ptr-pdfs/2017/20006510.pdf
20006547,Sessions,Pete,P,TX32,1/12/2017,2017-01-12,Pete Sessions,https://disclosures-clerk.house.gov/public_disc/ptr-pdfs/2017/20006547.pdf
20006566,Sessions,Pete,P,TX32,1/17/2017,2017-01-17,Pete Sessions,https://disclosures-clerk.house.gov/public_disc/ptr-pdfs/2017/20006566.pdf
20006601,Sessions,Pete,P,TX32,1/23/2017,2017-01-23,Pete Sessions,https://disclosures-clerk.house.gov/public_disc/ptr-pdfs/2017/20006601.pdf
20006622,Sessions,Pete,P,TX32,1/27/2017,2017-01-27,Pete Sessions,https://disclosures-clerk.house.gov/public_disc/ptr-pdfs/2017/20006622.pdf
20006633,Sessions,Pete,P,TX32,1/30/2017,2017-01-30,Pete Sessions,https://disclosures-clerk.house.gov/public_disc/ptr-pdfs/2017/20006633.pdf
20006657,Sessions,Pete,P,TX32,2/1/2017,2017-02-01,Pete Sessions,https://disclosures-clerk.house.gov/public_disc/ptr-pdfs/2017/20006657.pdf
20006658,Sessions,Pete,P,TX32,2/1/2017,2017-02-01,Pete Sessions,https://disclosures-clerk.house.gov/public_disc/ptr-pdfs/2017/20006658.pdf
20006785,Sessions,Pete,P,TX32,2/21/2017,2017-02-21,Pete Sessions,https://disclosures-clerk.house.gov/public_disc/ptr-pdfs/2017/20006785.pdf
20006825,Sessions,Pete,P,TX32,2/28/2017,2017-02-28,Pete Sessions,https://disclosures-clerk.house.gov/public_disc/ptr-pdfs/2017/20006825.pdf
20006828,Sessions,Pete,P,TX32,3/1/2017,2017-03-01,Pete Sessions,https://disclosures-clerk.house.gov/public_disc/ptr-pdfs/2017/20006828.pdf
20006858,Sessions,Pete,P,TX32,3/8/2017,2017-03-08,Pete Sessions,https://disclosures-clerk.house.gov/public_disc/ptr-pdfs/2017/20006858.pdf
20006887,Sessions,Pete,P,TX32,3/15/2017,2017-03-15,Pete Sessions,https://disclosures-clerk.house.gov/public_disc/ptr-pdfs/2017/20006887.pdf
20006963,Sessions,Pete,P,TX32,3/22/2017,2017-03-22,Pete Sessions,https://disclosures-clerk.house.gov/public_disc/ptr-pdfs/2017/20006963.pdf
20006965,Sessions,Pete,P,TX32,3/23/2017,2017-03-23,Pete Sessions,https://disclosures-clerk.house.gov/public_disc/ptr-pdfs/2017/20006965.pdf
20006972,Sessions,Pete,P,TX32,3/27/2017,2017-03-27,Pete Sessions,https://disclosures-clerk.house.gov/public_disc/ptr-pdfs/2017/20006972.pdf
20006974,Sessions,Pete,P,TX32,3/28/2017,2017-03-28,Pete Sessions,https://disclosures-clerk.house.gov/public_disc/ptr-pdfs/2017/20006974.pdf
20007006,Sessions,Pete,P,TX32,4/5/2017,2017-04-05,Pete Sessions,https://disclosures-clerk.house.gov/public_disc/ptr-pdfs/2017/20007006.pdf
20007016,Sessions,Pete,P,TX32,4/6/2017,2017-04-06,Pete Sessions,https://disclosures-clerk.house.gov/public_disc/ptr-pdfs/2017/20007016.pdf
20007037,Sessions,Pete,P,TX32,4/7/2017,2017-04-07,Pete Sessions,https://disclosures-clerk.house.gov/public_disc/ptr-pdfs/2017/20007037.pdf
20007067,Sessions,Pete,P,TX32,4/13/2017,2017-04-13,Pete Sessions,https://disclosures-clerk.house.gov/public_disc/ptr-pdfs/2017/20007067.pdf
20007141,Sessions,Pete,P,TX32,4/27/2017,2017-04-27,Pete Sessions,https://disclosures-clerk.house.gov/public_disc/ptr-pdfs/2017/20007141.pdf
20007159,Sessions,Pete,P,TX32,5/1/2017,2017-05-01,Pete Sessions,https://disclosures-clerk.house.gov/public_disc/ptr-pdfs/2017/20007159.pdf
20007172,Sessions,Pete,P,TX32,5/1/2017,2017-05-01,Pete Sessions,https://disclosures-clerk.house.gov/public_disc/ptr-pdfs/2017/20007172.pdf
20007182,Sessions,Pete,P,TX32,5/2/2017,2017-05-02,Pete Sessions,https://disclosures-clerk.house.gov/public_disc/ptr-pdfs/2017/20007182.pdf
20007188,Sessions,Pete,P,TX32,5/3/2017,2017-05-03,Pete Sessions,https://disclosures-clerk.house.gov/public_disc/ptr-pdfs/2017/20007188.pdf
20007311,Sessions,Pete,P,TX32,5/17/2017,2017-05-17,Pete Sessions,https://disclosures-clerk.house.gov/public_disc/ptr-pdfs/2017/20007311.pdf
20007324,Sessions,Pete,P,TX32,5/18/2017,2017-05-18,Pete Sessions,https://disclosures-clerk.house.gov/public_disc/ptr-pdfs/2017/20007324.pdf
20007328,Sessions,Pete,P,TX32,5/19/2017,2017-05-19,Pete Sessions,https://disclosures-clerk.house.gov/public_disc/ptr-pdfs/2017/20007328.pdf
20007334,Sessions,Pete,P,TX32,5/22/2017,2017-05-22,Pete Sessions,https://disclosures-clerk.house.gov/public_disc/ptr-pdfs/2017/20007334.pdf
20007396,Sessions,Pete,P,TX32,6/5/2017,2017-06-05,Pete Sessions,https://disclosures-clerk.house.gov/public_disc/ptr-pdfs/2017/20007396.pdf
20007423,Sessions,Pete,P,TX32,6/7/2017,2017-06-07,Pete Sessions,https://disclosures-clerk.house.gov/public_disc/ptr-pdfs/2017/20007423.pdf
20007440,Sessions,Pete,P,TX32,6/12/2017,2017-06-12,Pete Sessions,https://disclosures-clerk.house.gov/public_disc/ptr-pdfs/2017/20007440.pdf
20007442,Sessions,Pete,P,TX32,6/12/2017,2017-06-12,Pete Sessions,https://disclosures-clerk.house.gov/public_disc/ptr-pdfs/2017/20007442.pdf
20007496,Sessions,Pete,P,TX32,6/19/2017,2017-06-19,Pete Sessions,https://disclosures-clerk.house.gov/public_disc/ptr-pdfs/2017/20007496.pdf
20007498,Sessions,Pete,P,TX32,6/20/2017,2017-06-20,Pete Sessions,https://disclosures-clerk.house.gov/public_disc/ptr-pdfs/2017/20007498.pdf
20007536,Sessions,Pete,P,TX32,6/28/2017,2017-06-28,Pete Sessions,https://disclosures-clerk.house.gov/public_disc/ptr-pdfs/2017/20007536.pdf
20007553,Sessions,Pete,P,TX32,6/30/2017,2017-06-30,Pete Sessions,https://disclosures-clerk.house.gov/public_disc/ptr-pdfs/2017/20007553.pdf
20007561,Sessions,Pete,P,TX32,7/4/2017,2017-07-04,Pete Sessions,https://disclosures-clerk.house.gov/public_disc/ptr-pdfs/2017/20007561.pdf
20007661,Sessions,Pete,P,TX32,7/20/2017,2017-07-20,Pete Sessions,https://disclosures-clerk.house.gov/public_disc/ptr-pdfs/2017/20007661.pdf
20007702,Sessions,Pete,P,TX32,7/27/2017,2017-07-27,Pete Sessions,https://disclosures-clerk.house.gov/public_disc/ptr-pdfs/2017/20007702.pdf
20007703,Sessions,Pete,P,TX32,7/28/2017,2017-07-28,Pete Sessions,https://disclosures-clerk.house.gov/public_disc/ptr-pdfs/2017/20007703.pdf
20007751,Sessions,Pete,P,TX32,8/7/2017,2017-08-07,Pete Sessions,https://disclosures-clerk.house.gov/public_disc/ptr-pdfs/2017/20007751.pdf
20007899,Sessions,Pete,P,TX32,8/28/2017,2017-08-28,Pete Sessions,https://disclosures-clerk.house.gov/public_disc/ptr-pdfs/2017/20007899.pdf
20007919,Sessions,Pete,P,TX32,8/31/2017,2017-08-31,Pete Sessions,https://disclosures-clerk.house.gov/public_disc/ptr-pdfs/2017/20007919.pdf
20008048,Sessions,Pete,P,TX32,9/18/2017,2017-09-18,Pete Sessions,https://disclosures-clerk.house.gov/public_disc/ptr-pdfs/2017/20008048.pdf
20008061,Sessions,Pete,P,TX32,9/19/2017,2017-09-19,Pete Sessions,https://disclosures-clerk.house.gov/public_disc/ptr-pdfs/2017/20008061.pdf
20008110,Sessions,Pete,P,TX32,9/29/2017,2017-09-29,Pete Sessions,https://disclosures-clerk.house.gov/public_disc/ptr-pdfs/2017/20008110.pdf
20008185,Sessions,Pete,P,TX32,10/8/2017,2017-10-08,Pete Sessions,https://disclosures-clerk.house.gov/public_disc/ptr-pdfs/2017/20008185.pdf
20008272,Sessions,Pete,P,TX32,10/25/2017,2017-10-25,Pete Sessions,https://disclosures-clerk.house.gov/public_disc/ptr-pdfs/2017/20008272.pdf
20008405,Sessions,Pete,P,TX32,11/16/2017,2017-11-16,Pete Sessions,https://disclosures-clerk.house.gov/public_disc/ptr-pdfs/2017/20008405.pdf
20008449,Sessions,Pete,P,TX32,11/28/2017,2017-11-28,Pete Sessions,https://disclosures-clerk.house.gov/public_disc/ptr-pdfs/2017/20008449.pdf
20008474,Sessions,Pete,P,TX32,12/1/2017,2017-12-01,Pete Sessions,https://disclosures-clerk.house.gov/public_disc/ptr-pdfs/2017/20008474.pdf
20008544,Sessions,Pete,P,TX32,12/9/2017,2017-12-09,Pete Sessions,https://disclosures-clerk.house.gov/public_disc/ptr-pdfs/2017/20008544.pdf
20008639,Sessions,Pete,P,TX32,12/30/2017,2017-12-30,Pete Sessions,https://disclosures-clerk.house.gov/public_disc/ptr-pdfs/2017/20008639.pdf
20006912,Simpson,Michael K.,P,ID02,3/15/2017,2017-03-15,Michael K. Simpson,https://disclosures-clerk.house.gov/public_disc/ptr-pdfs/2017/20006912.pdf
20006913,Simpson,Michael K.,P,ID02,3/15/2017,2017-03-15,Michael K. Simpson,https://disclosures-clerk.house.gov/public_disc/ptr-pdfs/2017/20006913.pdf
20007483,Simpson,Michael K.,P,ID02,6/15/2017,2017-06-15,Michael K. Simpson,https://disclosures-clerk.house.gov/public_disc/ptr-pdfs/2017/20007483.pdf
20007987,Simpson,Michael K.,P,ID02,9/9/2017,2017-09-09,Michael K. Simpson,https://disclosures-clerk.house.gov/public_disc/ptr-pdfs/2017/20007987.pdf
20008571,Simpson,Michael K.,P,ID02,12/15/2017,2017-12-15,Michael K. Simpson,https://disclosures-clerk.house.gov/public_disc/ptr-pdfs/2017/20008571.pdf
20006837,Slaughter,Louise McIntosh,P,NY25,3/2/2017,2017-03-02,Louise McIntosh Slaughter,https://disclosures-clerk.house.gov/public_disc/ptr-pdfs/2017/20006837.pdf
20007389,Slaughter,Louise McIntosh,P,NY25,6/2/2017,2017-06-02,Louise McIntosh Slaughter,https://disclosures-clerk.house.gov/public_disc/ptr-pdfs/2017/20007389.pdf
20007964,Slaughter,Louise McIntosh,P,NY25,9/6/2017,2017-09-06,Louise McIntosh Slaughter,https://disclosures-clerk.house.gov/public_disc/ptr-pdfs/2017/20007964.pdf
20008534,Slaughter,Louise McIntosh,P,NY25,12/7/2017,2017-12-07,Louise McIntosh Slaughter,https://disclosures-clerk.house.gov/public_disc/ptr-pdfs/2017/20008534.pdf
20006545,Smith,Lamar,P,TX21,1/13/2017,2017-01-13,Lamar Smith,https://disclosures-clerk.house.gov/public_disc/ptr-pdfs/2017/20006545.pdf
20006660,Smith,Lamar,P,TX21,2/9/2017,2017-02-09,Lamar Smith,https://disclosures-clerk.house.gov/public_disc/ptr-pdfs/2017/20006660.pdf
20006833,Smith,Lamar,P,TX21,3/10/2017,2017-03-10,Lamar Smith,https://disclosures-clerk.house.gov/public_disc/ptr-pdfs/2017/20006833.pdf
20006995,Smith,Lamar,P,TX21,4/10/2017,2017-04-10,Lamar Smith,https://disclosures-clerk.house.gov/public_disc/ptr-pdfs/2017/20006995.pdf
20007206,Smith,Lamar,P,TX21,5/7/2017,2017-05-07,Lamar Smith,https://disclosures-clerk.house.gov/public_disc/ptr-pdfs/2017/20007206.pdf
20007400,Smith,Lamar,P,TX21,6/9/2017,2017-06-09,Lamar Smith,https://disclosures-clerk.house.gov/public_disc/ptr-pdfs/2017/20007400.pdf
20007582,Smith,Lamar,P,TX21,7/12/2017,2017-07-12,Lamar Smith,https://disclosures-clerk.house.gov/public_disc/ptr-pdfs/2017/20007582.pdf
20007740,Smith,Lamar,P,TX21,8/24/2017,2017-08-24,Lamar Smith,https://disclosures-clerk.house.gov/public_disc/ptr-pdfs/2017/20007740.pdf
20007943,Smith,Lamar,P,TX21,9/18/2017,2017-09-18,Lamar Smith,https://disclosures-clerk.house.gov/public_disc/ptr-pdfs/2017/20007943.pdf
20008169,Smith,Lamar,P,TX21,10/12/2017,2017-10-12,Lamar Smith,https://disclosures-clerk.house.gov/public_disc/ptr-pdfs/2017/20008169.pdf
20008323,Smith,Lamar,P,TX21,11/20/2017,2017-11-20,Lamar Smith,https://disclosures-clerk.house.gov/public_disc/ptr-pdfs/2017/20008323.pdf
20008505,Smith,Lamar,P,TX21,12/11/2017,2017-12-11,Lamar Smith,https://disclosures-clerk.house.gov/public_disc/ptr-pdfs/2017/20008505.pdf
20008194,Smucker,Lloyd K.,P,PA16,10/21/2017,2017-10-21,Lloyd K. Smucker,https://disclosures-clerk.house.gov/public_disc/ptr-pdfs/2017/20008194.pdf
20007507,Speier,Jackie,P,CA14,6/21/2017,2017-06-21,Jackie Speier,https://disclosures-clerk.house.gov/public_disc/ptr-pdfs/2017/20007507.pdf
9110383,Stivers,Steve,P,OH15,1/24/2017,2017-01-24,Steve Stivers,https://disclosures-clerk.house.gov/public_disc/ptr-pdfs/2017/9110383.pdf
9110725,Stivers,Steve,P,OH15,5/9/2017,2017-05-09,Steve Stivers,https://disclosures-clerk.house.gov/public_disc/ptr-pdfs/2017/9110725.pdf
9111734,Stivers,Steve,P,OH15,9/7/2017,2017-09-07,Steve Stivers,https://disclosures-clerk.house.gov/public_disc/ptr-pdfs/2017/9111734.pdf
9110683,Tipton,Scott R.,P,CO03,4/28/2017,2017-04-28,Scott R. Tipton,https://disclosures-clerk.house.gov/public_disc/ptr-pdfs/2017/9110683.pdf
9110369,Titus,Dina,P,NV01,1/13/2017,2017-01-13,Dina Titus,https://disclosures-clerk.house.gov/public_disc/ptr-pdfs/2017/9110369.pdf
9111819,Titus,Dina,P,NV01,9/27/2017,2017-09-27,Dina Titus,https://disclosures-clerk.house.gov/public_disc/ptr-pdfs/2017/9111819.pdf
20006438,Trott,David A.,P,MI11,1/5/2017,2017-01-05,David A. Trott,https://disclosures-clerk.house.gov/public_disc/ptr-pdfs/2017/20006438.pdf
20006682,Trott,David A.,P,MI11,2/6/2017,2017-02-06,David A. Trott,https://disclosures-clerk.house.gov/public_disc/ptr-pdfs/2017/20006682.pdf
20006853,Trott,David A.,P,MI11,3/6/2017,2017-03-06,David A. Trott,https://disclosures-clerk.house.gov/public_disc/ptr-pdfs/2017/20006853.pdf
20007014,Trott,David A.,P,MI11,4/6/2017,2017-04-06,David A. Trott,https://disclosures-clerk.house.gov/public_disc/ptr-pdfs/2017/20007014.pdf
20007201,Trott,David A.,P,MI11,5/5/2017,2017-05-05,David A. Trott,https://disclosures-clerk.house.gov/public_disc/ptr-pdfs/2017/20007201.pdf
20007379,Trott,David A.,P,MI11,6/6/2017,2017-06-06,David A. Trott,https://disclosures-clerk.house.gov/public_disc/ptr-pdfs/2017/20007379.pdf
20007568,Trott,David A.,P,MI11,7/6/2017,2017-07-06,David A. Trott,https://disclosures-clerk.house.gov/public_disc/ptr-pdfs/2017/20007568.pdf
20007738,Trott,David A.,P,MI11,8/4/2017,2017-08-04,David A. Trott,https://disclosures-clerk.house.gov/public_disc/ptr-pdfs/2017/20007738.pdf
20007939,Trott,David A.,P,MI11,9/6/2017,2017-09-06,David A. Trott,https://disclosures-clerk.house.gov/public_disc/ptr-pdfs/2017/20007939.pdf
20008167,Trott,David A.,P,MI11,10/6/2017,2017-10-06,David A. Trott,https://disclosures-clerk.house.gov/public_disc/ptr-pdfs/2017/20008167.pdf
20008340,Trott,David A.,P,MI11,11/6/2017,2017-11-06,David A. Trott,https://disclosures-clerk.house.gov/public_disc/ptr-pdfs/2017/20008340.pdf
20008515,Trott,David A.,P,MI11,12/6/2017,2017-12-06,David A. Trott,https://disclosures-clerk.house.gov/public_disc/ptr-pdfs/2017/20008515.pdf
20006851,Turner,Michael R.,P,OH10,3/8/2017,2017-03-08,Michael R. Turner,https://disclosures-clerk.house.gov/public_disc/ptr-pdfs/2017/20006851.pdf
20006903,Turner,Michael R.,P,OH10,3/16/2017,2017-03-16,Michael R. Turner,https://disclosures-clerk.house.gov/public_disc/ptr-pdfs/2017/20006903.pdf
20007546,Turner,Michael R.,P,OH10,7/5/2017,2017-07-05,Michael R. Turner,https://disclosures-clerk.house.gov/public_disc/ptr-pdfs/2017/20007546.pdf
9110421,Upton,Fred,P,MI06,2/6/2017,2017-02-06,Fred Upton,https://disclosures-clerk.house.gov/public_disc/ptr-pdfs/2017/9110421.pdf
9110559,Upton,Fred,P,MI06,3/17/2017,2017-03-17,Fred Upton,https://disclosures-clerk.house.gov/public_disc/ptr-pdfs/2017/9110559.pdf
9111124,Upton,Fred,P,MI06,5/30/2017,2017-05-30,Fred Upton,https://disclosures-clerk.house.gov/public_disc/ptr-pdfs/2017/9111124.pdf
9111354,Upton,Fred,P,MI06,6/30/2017,2017-06-30,Fred Upton,https://disclosures-clerk.house.gov/public_disc/ptr-pdfs/2017/9111354.pdf
9111520,Upton,Fred,P,MI06,8/1/2017,2017-08-01,Fred Upton,https://disclosures-clerk.house.gov/public_disc/ptr-pdfs/2017/9111520.pdf
9111808,Upton,Fred,P,MI06,9/19/2017,2017-09-19,Fred Upton,https://disclosures-clerk.house.gov/public_disc/ptr-pdfs/2017/9111808.pdf
9111809,Upton,Fred,P,MI06,9/19/2017,2017-09-19,Fred Upton,https://disclosures-clerk.house.gov/public_disc/ptr-pdfs/2017/9111809.pdf
9111839,Upton,Fred,P,MI06,10/4/2017,2017-10-04,Fred Upton,https://disclosures-clerk.house.gov/public_disc/ptr-pdfs/2017/9111839.pdf
9112017,Upton,Fred,P,MI06,11/9/2017,2017-11-09,Fred Upton,https://disclosures-clerk.house.gov/public_disc/ptr-pdfs/2017/9112017.pdf
9112153,Upton,Fred,P,MI06,12/7/2017,2017-12-07,Fred Upton,https://disclosures-clerk.house.gov/public_disc/ptr-pdfs/2017/9112153.pdf
9113583,Upton,Fred,P,MI06,7/26/2018,2018-07-26,Fred Upton,https://disclosures-clerk.house.gov/public_disc/ptr-pdfs/2017/9113583.pdf
20007741,Veasey,Marc A.,P,TX33,8/11/2017,2017-08-11,Marc A. Veasey,https://disclosures-clerk.house.gov/public_disc/ptr-pdfs/2017/20007741.pdf
9110724,Wagner,Ann,P,MO02,5/9/2017,2017-05-09,Ann Wagner,https://disclosures-clerk.house.gov/public_disc/ptr-pdfs/2017/9110724.pdf
9111192,Wagner,Ann,P,MO02,6/6/2017,2017-06-06,Ann Wagner,https://disclosures-clerk.house.gov/public_disc/ptr-pdfs/2017/9111192.pdf
9111767,Wagner,Ann,P,MO02,9/11/2017,2017-09-11,Ann Wagner,https://disclosures-clerk.house.gov/public_disc/ptr-pdfs/2017/9111767.pdf
9111891,Wagner,Ann,P,MO02,10/12/2017,2017-10-12,Ann Wagner,https://disclosures-clerk.house.gov/public_disc/ptr-pdfs/2017/9111891.pdf
9112152,Wagner,Ann,P,MO02,12/5/2017,2017-12-05,Ann Wagner,https://disclosures-clerk.house.gov/public_disc/ptr-pdfs/2017/9112152.pdf
9111507,Walden,Greg,P,OR02,7/28/2017,2017-07-28,Greg Walden,https://disclosures-clerk.house.gov/public_disc/ptr-pdfs/2017/9111507.pdf
20006521,Wasserman Schultz,Debbie,P,FL23,1/11/2017,2017-01-11,Debbie Wasserman Schultz,https://disclosures-clerk.house.gov/public_disc/ptr-pdfs/2017/20006521.pdf
20006593,Wasserman Schultz,Debbie,P,FL23,1/23/2017,2017-01-23,Debbie Wasserman Schultz,https://disclosures-clerk.house.gov/public_disc/ptr-pdfs/2017/20006593.pdf
20006753,Wasserman Schultz,Debbie,P,FL23,2/15/2017,2017-02-15,Debbie Wasserman Schultz,https://disclosures-clerk.house.gov/public_disc/ptr-pdfs/2017/20006753.pdf
20006950,Wasserman Schultz,Debbie,P,FL23,3/20/2017,2017-03-20,Debbie Wasserman Schultz,https://disclosures-clerk.house.gov/public_disc/ptr-pdfs/2017/20006950.pdf
20006986,Wasserman Schultz,Debbie,P,FL23,3/31/2017,2017-03-31,Debbie Wasserman Schultz,https://disclosures-clerk.house.gov/public_disc/ptr-pdfs/2017/20006986.pdf
20006999,Wasserman Schultz,Debbie,P,FL23,6/7/2017,2017-06-07,Debbie Wasserman Schultz,https://disclosures-clerk.house.gov/public_disc/ptr-pdfs/2017/20006999.pdf
20007425,Wasserman Schultz,Debbie,P,FL23,6/8/2017,2017-06-08,Debbie Wasserman Schultz,https://disclosures-clerk.house.gov/public_disc/ptr-pdfs/2017/20007425.pdf
20007584,Wasserman Schultz,Debbie,P,FL23,7/11/2017,2017-07-11,Debbie Wasserman Schultz,https://disclosures-clerk.house.gov/public_disc/ptr-pdfs/2017/20007584.pdf
20007716,Wasserman Schultz,Debbie,P,FL23,8/4/2017,2017-08-04,Debbie Wasserman Schultz,https://disclosures-clerk.house.gov/public_disc/ptr-pdfs/2017/20007716.pdf
20008273,Wasserman Schultz,Debbie,P,FL23,10/25/2017,2017-10-25,Debbie Wasserman Schultz,https://disclosures-clerk.house.gov/public_disc/ptr-pdfs/2017/20008273.pdf
20008277,Wasserman Schultz,Debbie,P,FL23,10/27/2017,2017-10-27,Debbie Wasserman Schultz,https://disclosures-clerk.house.gov/public_disc/ptr-pdfs/2017/20008277.pdf
20008298,Wasserman Schultz,Debbie,P,FL23,10/30/2017,2017-10-30,Debbie Wasserman Schultz,https://disclosures-clerk.house.gov/public_disc/ptr-pdfs/2017/20008298.pdf
20008457,Wasserman Schultz,Debbie,P,FL23,11/29/2017,2017-11-29,Debbie Wasserman Schultz,https://disclosures-clerk.house.gov/public_disc/ptr-pdfs/2017/20008457.pdf
9110420,Welch,Peter,P,VT00,2/3/2017,2017-02-03,Peter Welch,https://disclosures-clerk.house.gov/public_disc/ptr-pdfs/2017/9110420.pdf
9110512,Welch,Peter,P,VT00,3/3/2017,2017-03-03,Peter Welch,https://disclosures-clerk.house.gov/public_disc/ptr-pdfs/2017/9110512.pdf
9110608,Welch,Peter,P,VT00,4/5/2017,2017-04-05,Peter Welch,https://disclosures-clerk.house.gov/public_disc/ptr-pdfs/2017/9110608.pdf
9110705,Welch,Peter,P,VT00,5/5/2017,2017-05-05,Peter Welch,https://disclosures-clerk.house.gov/public_disc/ptr-pdfs/2017/9110705.pdf
9111123,Welch,Peter,P,VT00,6/5/2017,2017-06-05,Peter Welch,https://disclosures-clerk.house.gov/public_disc/ptr-pdfs/2017/9111123.pdf
9111355,Welch,Peter,P,VT00,7/6/2017,2017-07-06,Peter Welch,https://disclosures-clerk.house.gov/public_disc/ptr-pdfs/2017/9111355.pdf
9111469,Welch,Peter,P,VT00,7/21/2017,2017-07-21,Peter Welch,https://disclosures-clerk.house.gov/public_disc/ptr-pdfs/2017/9111469.pdf
9111535,Welch,Peter,P,VT00,8/4/2017,2017-08-04,Peter Welch,https://disclosures-clerk.house.gov/public_disc/ptr-pdfs/2017/9111535.pdf
9111726,Welch,Peter,P,VT00,9/5/2017,2017-09-05,Peter Welch,https://disclosures-clerk.house.gov/public_disc/ptr-pdfs/2017/9111726.pdf
9111864,Welch,Peter,P,VT00,10/5/2017,2017-10-05,Peter Welch,https://disclosures-clerk.house.gov/public_disc/ptr-pdfs/2017/9111864.pdf
9111975,Welch,Peter,P,VT00,11/7/2017,2017-11-07,Peter Welch,https://disclosures-clerk.house.gov/public_disc/ptr-pdfs/2017/9111975.pdf
9112151,Welch,Peter,P,VT00,12/5/2017,2017-12-05,Peter Welch,https://disclosures-clerk.house.gov/public_disc/ptr-pdfs/2017/9112151.pdf
9112237,Welch,Peter,P,VT00,1/5/2018,2018-01-05,Peter Welch,https://disclosures-clerk.house.gov/public_disc/ptr-pdfs/2017/9112237.pdf
20006440,Wittman,Robert J.,P,VA01,1/5/2017,2017-01-05,Robert J. Wittman,https://disclosures-clerk.house.gov/public_disc/ptr-pdfs/2017/20006440.pdf
20006755,Wittman,Robert J.,P,VA01,2/17/2017,2017-02-17,Robert J. Wittman,https://disclosures-clerk.house.gov/public_disc/ptr-pdfs/2017/20006755.pdf
20007766,Wittman,Robert J.,P,VA01,8/10/2017,2017-08-10,Robert J. Wittman,https://disclosures-clerk.house.gov/public_disc/ptr-pdfs/2017/20007766.pdf
20008370,Wittman,Robert J.,P,VA01,11/14/2017,2017-11-14,Robert J. Wittman,https://disclosures-clerk.house.gov/public_disc/ptr-pdfs/2017/20008370.pdf
20007108,Yarmuth,John A.,P,KY03,4/22/2017,2017-04-22,John A. Yarmuth,https://disclosures-clerk.house.gov/public_disc/ptr-pdfs/2017/20007108.pdf
20007778,Yarmuth,John A.,P,KY03,8/9/2017,2017-08-09,John A. Yarmuth,https://disclosures-clerk.house.gov/public_disc/ptr-pdfs/2017/20007778.pdf
20007902,Yarmuth,John A.,P,KY03,8/29/2017,2017-08-29,John A. Yarmuth,https://disclosures-clerk.house.gov/public_disc/ptr-pdfs/2017/20007902.pdf
20007997,Yarmuth,John A.,P,KY03,9/12/2017,2017-09-12,John A. Yarmuth,https://disclosures-clerk.house.gov/public_disc/ptr-pdfs/2017/20007997.pdf
20008258,Yarmuth,John A.,P,KY03,10/22/2017,2017-10-22,John A. Yarmuth,https://disclosures-clerk.house.gov/public_disc/ptr-pdfs/2017/20008258.pdf
20008395,Yarmuth,John A.,P,KY03,11/14/2017,2017-11-14,John A. Yarmuth,https://disclosures-clerk.house.gov/public_disc/ptr-pdfs/2017/20008395.pdf
20008556,Yarmuth,John A.,P,KY03,12/12/2017,2017-12-12,John A. Yarmuth,https://disclosures-clerk.house.gov/public_disc/ptr-pdfs/2017/20008556.pdf
20007289,Yoder,Kevin,P,KS03,5/15/2017,2017-05-15,Kevin Yoder,https://disclosures-clerk.house.gov/public_disc/ptr-pdfs/2017/20007289.pdf
20008143,Yoder,Kevin,P,KS03,10/4/2017,2017-10-04,Kevin Yoder,https://disclosures-clerk.house.gov/public_disc/ptr-pdfs/2017/20008143.pdf
9112135,Yoho,Ted S.,P,FL03,12/1/2017,2017-12-01,Ted S. Yoho,https://disclosures-clerk.house.gov/public_disc/ptr-pdfs/2017/9112135.pdf
